Goodwill Industries of Michiana - E-Commerce Production Report,,,,,,
Date range: 08/01/2026 - 08/01/2026 (full export),,,,,,
,,,,,,
Item Tag,Category,Donation Site,Donated,Identified for E-Com,Sent to E-Com,Stage
EL-013045,Electronics,Store 12,07/19/2026 02:47 AM,07/21/2026 12:31 AM,07/22/2026 04:53 AM,Listed
HM-013046,Home Decor,Store 04,07/23/2026 07:57 PM,07/25/2026 12:13 AM,07/26/2026 04:41 AM,Listed
CO-013047,Collectibles,Store 12,07/10/2026 11:46 AM,07/10/2026 02:27 PM,07/11/2026 07:41 AM,Listed
HB-013048,Handbags,Store 12,07/20/2026 05:20 AM,07/20/2026 07:20 AM,07/21/2026 01:36 AM,Listed
CO-013049,Collectibles,Store 04,07/09/2026 01:35 AM,07/10/2026 02:07 AM,07/11/2026 06:56 AM,Listed
JW-013050,Jewelry,Store 04,07/18/2026 01:51 PM,07/20/2026 02:55 PM,07/22/2026 05:35 AM,Listed
SG-013051,Sporting Goods,Store 04,07/17/2026 04:51 AM,07/19/2026 02:18 PM,07/20/2026 08:23 AM,Listed
CO-013052,Collectibles,Donation Center 02,07/22/2026 09:47 PM,07/25/2026 01:59 PM,07/26/2026 12:49 PM,Listed
AR-013053,Art,Store 04,07/26/2026 01:51 AM,07/26/2026 03:08 AM,07/26/2026 08:40 AM,Listed
HM-013054,Home Decor,Store 04,07/20/2026 08:05 AM,07/21/2026 04:24 AM,07/22/2026 11:54 AM,Listed
JW-013055,Jewelry,Outlet DC,07/15/2026 07:07 PM,07/17/2026 10:35 PM,07/18/2026 03:36 PM,Listed
HM-013056,Home Decor,Store 07,07/06/2026 10:14 AM,07/06/2026 11:41 PM,07/07/2026 01:13 PM,Listed
EL-013057,Electronics,Store 12,07/14/2026 09:58 PM,07/17/2026 12:50 AM,07/18/2026 01:32 AM,Listed
KT-013058,Kitchen,Store 12,07/12/2026 07:16 PM,07/15/2026 12:14 PM,07/17/2026 05:18 AM,Listed
CL-013059,Clothing,Store 07,07/23/2026 02:16 PM,07/23/2026 04:46 PM,07/24/2026 05:40 AM,Listed
HM-013060,Home Decor,Donation Center 02,07/14/2026 04:13 AM,07/16/2026 10:42 PM,07/18/2026 12:10 PM,Listed
CO-013061,Collectibles,Store 04,07/18/2026 04:34 PM,07/19/2026 03:18 PM,07/21/2026 03:23 AM,Listed
JW-013062,Jewelry,Store 07,07/19/2026 08:22 PM,07/21/2026 08:31 AM,07/23/2026 07:36 AM,Listed
SG-013063,Sporting Goods,Outlet DC,07/13/2026 12:32 AM,07/13/2026 05:05 AM,07/14/2026 10:17 AM,Listed
CO-013064,Collectibles,Outlet DC,07/10/2026 09:15 PM,07/10/2026 11:37 PM,07/12/2026 10:18 AM,Listed
HB-013065,Handbags,Store 12,07/11/2026 05:55 AM,07/11/2026 12:13 PM,07/12/2026 04:53 PM,Listed
AR-013066,Art,Outlet DC,07/20/2026 10:15 PM,07/23/2026 12:53 PM,07/24/2026 05:52 AM,Listed
CL-013067,Clothing,Store 04,07/06/2026 12:45 AM,07/08/2026 07:38 AM,07/09/2026 09:56 AM,Listed
AR-013068,Art,Store 07,07/23/2026 04:52 PM,07/25/2026 03:15 AM,07/26/2026 01:48 PM,Listed
WT-013069,Watches,Store 07,07/21/2026 10:26 AM,07/21/2026 12:29 PM,07/22/2026 10:05 AM,Listed
TY-013070,Toys,Store 07,07/21/2026 03:45 AM,07/21/2026 05:15 PM,07/22/2026 01:22 AM,Listed
JW-013071,Jewelry,Store 04,07/23/2026 04:30 PM,07/24/2026 03:28 AM,07/24/2026 10:18 PM,Listed
HM-013072,Home Decor,Store 07,07/18/2026 01:52 PM,07/21/2026 04:41 AM,07/22/2026 06:14 PM,Listed
EL-013073,Electronics,Store 04,07/16/2026 02:08 AM,07/18/2026 08:59 AM,07/18/2026 05:53 PM,Listed
WT-013074,Watches,Outlet DC,07/19/2026 09:38 AM,07/20/2026 06:59 PM,07/21/2026 03:43 PM,Listed
TY-013075,Toys,Store 07,07/06/2026 07:20 AM,07/08/2026 10:12 PM,07/09/2026 07:47 PM,Listed
HM-013076,Home Decor,Store 07,07/18/2026 11:06 PM,07/20/2026 01:49 PM,07/21/2026 10:34 AM,Listed
CL-013077,Clothing,Donation Center 02,07/12/2026 04:59 AM,07/13/2026 04:03 PM,07/15/2026 01:51 PM,Listed
KT-013078,Kitchen,Store 12,07/05/2026 04:19 PM,07/08/2026 03:46 PM,07/09/2026 03:13 PM,Listed
EL-013079,Electronics,Outlet DC,07/17/2026 07:31 PM,07/18/2026 04:50 AM,07/19/2026 02:54 AM,Listed
WT-013080,Watches,Outlet DC,07/21/2026 01:59 PM,07/22/2026 04:22 AM,07/22/2026 05:38 PM,Listed
AR-013081,Art,Donation Center 02,07/22/2026 06:09 PM,07/24/2026 06:40 AM,07/24/2026 07:19 PM,Listed
AR-013082,Art,Store 12,07/21/2026 07:09 PM,07/22/2026 08:58 PM,07/23/2026 06:27 AM,Listed
WT-013083,Watches,Outlet DC,07/18/2026 03:18 AM,07/18/2026 07:13 PM,07/20/2026 11:09 AM,Listed
JW-013084,Jewelry,Store 07,07/22/2026 06:53 PM,07/25/2026 02:48 PM,07/25/2026 09:37 PM,Listed
HM-013085,Home Decor,Store 12,07/20/2026 01:44 PM,07/20/2026 06:23 PM,07/20/2026 09:32 PM,Listed
CL-013086,Clothing,Store 12,07/07/2026 09:57 PM,07/09/2026 07:04 PM,07/10/2026 04:41 AM,Listed
EL-013087,Electronics,Store 07,07/25/2026 05:05 AM,07/26/2026 09:53 PM,07/27/2026 05:35 PM,Listed
JW-013088,Jewelry,Store 04,07/09/2026 03:16 AM,07/11/2026 10:03 AM,07/12/2026 07:13 AM,Listed
EL-013089,Electronics,Outlet DC,07/03/2026 05:38 PM,07/06/2026 02:20 PM,07/08/2026 05:06 AM,Listed
TY-013090,Toys,Outlet DC,06/29/2026 09:58 PM,07/02/2026 12:32 AM,07/03/2026 01:59 PM,Listed
EL-013091,Electronics,Donation Center 02,07/21/2026 04:19 PM,07/21/2026 07:28 PM,07/23/2026 09:40 AM,Listed
CO-013092,Collectibles,Store 04,07/14/2026 03:53 AM,07/14/2026 07:51 PM,07/15/2026 12:54 AM,Listed
SG-013093,Sporting Goods,Store 07,07/25/2026 03:50 AM,07/25/2026 02:29 PM,07/26/2026 02:23 AM,Listed
HM-013094,Home Decor,Store 04,07/24/2026 09:52 AM,07/25/2026 05:23 AM,07/25/2026 02:15 PM,Listed
EL-013095,Electronics,Donation Center 02,07/21/2026 08:36 AM,07/21/2026 08:44 AM,07/23/2026 02:44 AM,Listed
AR-013096,Art,Outlet DC,07/13/2026 06:09 PM,07/15/2026 03:21 PM,07/17/2026 09:40 AM,Listed
HM-013097,Home Decor,Store 12,07/14/2026 05:18 PM,07/15/2026 07:45 PM,07/16/2026 08:13 AM,Listed
EL-013098,Electronics,Store 04,07/02/2026 02:37 PM,07/03/2026 04:16 AM,07/04/2026 10:47 AM,Listed
CO-013099,Collectibles,Donation Center 02,07/12/2026 08:56 AM,07/14/2026 08:23 PM,07/15/2026 05:14 PM,Listed
CO-013100,Collectibles,Outlet DC,07/24/2026 01:22 PM,07/24/2026 10:00 PM,07/25/2026 05:38 AM,Listed
CO-013101,Collectibles,Store 07,07/19/2026 11:29 AM,07/21/2026 01:51 PM,07/23/2026 01:27 PM,Listed
SG-013102,Sporting Goods,Store 07,07/13/2026 04:29 AM,07/15/2026 01:32 AM,07/16/2026 05:43 PM,Listed
JW-013103,Jewelry,Donation Center 02,07/17/2026 07:03 AM,07/19/2026 06:00 AM,07/20/2026 08:44 AM,Listed
BK-013104,Books,Store 12,07/06/2026 05:24 AM,07/08/2026 11:49 PM,07/10/2026 12:15 AM,Listed
BK-013105,Books,Store 04,02/26/2026 01:00 PM,02/28/2026 03:55 AM,03/01/2026 02:03 PM,Listed
MD-013106,Media,Donation Center 02,07/11/2026 01:36 PM,07/14/2026 11:14 AM,07/16/2026 03:42 AM,Listed
BK-013107,Books,Store 12,06/17/2026 07:21 AM,06/18/2026 02:14 AM,06/18/2026 08:12 PM,Listed
BK-013108,Books,Donation Center 02,06/23/2026 09:06 PM,06/24/2026 10:30 PM,06/26/2026 02:57 PM,Listed
TY-013109,Toys,Store 04,06/21/2026 12:41 AM,06/21/2026 08:24 PM,06/23/2026 08:15 PM,Listed
MD-013110,Media,Store 04,07/04/2026 04:35 PM,07/05/2026 03:46 AM,07/05/2026 12:41 PM,Listed
BK-013111,Books,Outlet DC,06/05/2026 01:21 AM,06/05/2026 06:56 PM,06/07/2026 09:41 AM,Listed
CO-013112,Collectibles,Store 12,07/05/2026 12:24 PM,07/07/2026 02:27 PM,07/09/2026 06:02 AM,Listed
BK-013113,Books,Store 04,06/23/2026 01:57 PM,06/25/2026 11:57 PM,06/26/2026 08:35 PM,Listed
MD-013114,Media,Donation Center 02,07/22/2026 10:34 AM,07/25/2026 12:39 AM,07/25/2026 02:29 AM,Listed
BK-013115,Books,Donation Center 02,06/20/2026 11:17 AM,06/21/2026 08:24 AM,06/22/2026 10:24 AM,Listed
MD-013116,Media,Store 07,07/14/2026 04:18 AM,07/15/2026 08:02 PM,07/16/2026 10:40 PM,Listed
EL-013117,Electronics,Donation Center 02,07/09/2026 11:33 AM,07/11/2026 06:32 AM,07/12/2026 06:19 PM,Listed
BK-013118,Books,Store 12,07/09/2026 05:26 PM,07/11/2026 01:00 PM,07/11/2026 08:22 PM,Listed
BK-013119,Books,Store 12,06/21/2026 11:20 AM,06/23/2026 11:26 PM,06/24/2026 10:49 PM,Listed
BK-013120,Books,Store 04,06/07/2026 03:49 AM,06/08/2026 08:03 PM,06/10/2026 07:11 PM,Listed
BK-013121,Books,Outlet DC,03/04/2026 03:32 PM,03/06/2026 12:47 AM,03/07/2026 06:28 AM,Listed
BK-013122,Books,Outlet DC,07/05/2026 03:24 AM,07/05/2026 07:35 PM,07/07/2026 07:03 AM,Listed
BK-013123,Books,Store 04,03/20/2026 09:35 PM,03/22/2026 12:49 PM,03/23/2026 06:53 AM,Listed
MD-013124,Media,Outlet DC,06/30/2026 01:29 PM,06/30/2026 09:57 PM,07/02/2026 07:28 PM,Listed
BK-013125,Books,Store 07,07/17/2026 02:32 AM,07/17/2026 11:14 AM,07/18/2026 04:09 PM,Listed
CO-013126,Collectibles,Store 04,07/17/2026 11:21 AM,07/18/2026 10:17 AM,07/20/2026 09:06 AM,Listed
BK-013127,Books,Store 04,06/16/2026 12:59 AM,06/17/2026 11:53 AM,06/17/2026 07:20 PM,Listed
MD-013128,Media,Store 04,07/16/2026 08:10 PM,07/18/2026 09:19 PM,07/19/2026 12:01 AM,Listed
BK-013129,Books,Store 07,07/04/2026 02:04 AM,07/04/2026 11:00 PM,07/06/2026 05:16 PM,Listed
CO-013130,Collectibles,Outlet DC,07/13/2026 02:08 AM,07/14/2026 03:18 AM,07/14/2026 07:58 PM,Listed
MD-013131,Media,Donation Center 02,07/18/2026 02:12 PM,07/21/2026 02:45 AM,07/23/2026 01:27 AM,Listed
BK-013132,Books,Donation Center 02,06/17/2026 11:22 AM,06/17/2026 11:35 AM,06/18/2026 12:27 PM,Listed
BK-013133,Books,Outlet DC,07/07/2026 03:22 AM,07/09/2026 09:16 AM,07/10/2026 11:39 AM,Listed
BK-013134,Books,Donation Center 02,07/03/2026 12:48 AM,07/06/2026 12:37 AM,07/06/2026 10:09 AM,Listed
BK-013135,Books,Donation Center 02,06/26/2026 09:52 AM,06/28/2026 01:28 PM,06/30/2026 08:10 AM,Listed
BK-013136,Books,Donation Center 02,07/02/2026 12:41 AM,07/04/2026 04:48 PM,07/05/2026 08:48 PM,Listed
BK-013137,Books,Donation Center 02,06/28/2026 01:53 PM,06/30/2026 12:00 AM,06/30/2026 04:33 PM,Listed
BK-013138,Books,Store 07,05/25/2026 03:27 PM,05/26/2026 08:45 PM,05/27/2026 08:27 PM,Listed
MD-013139,Media,Store 12,07/11/2026 03:51 PM,07/12/2026 12:03 PM,07/13/2026 07:40 AM,Listed
EL-013140,Electronics,Store 07,07/10/2026 04:34 PM,07/13/2026 04:26 AM,07/13/2026 10:21 AM,Listed
MD-013141,Media,Outlet DC,07/14/2026 07:15 AM,07/15/2026 08:00 PM,07/17/2026 03:35 PM,Listed
BK-013142,Books,Store 04,06/17/2026 08:15 PM,06/20/2026 03:25 AM,06/21/2026 12:02 PM,Listed
BK-013143,Books,Store 04,06/21/2026 08:57 AM,06/24/2026 08:21 AM,06/25/2026 10:59 PM,Listed
BK-013144,Books,Outlet DC,05/03/2026 01:09 PM,05/05/2026 01:28 AM,05/05/2026 04:59 AM,Listed
MD-013145,Media,Outlet DC,07/19/2026 03:11 PM,07/20/2026 08:41 AM,07/21/2026 04:29 AM,Listed
BK-013146,Books,Store 04,06/11/2026 02:03 AM,06/12/2026 11:43 PM,06/13/2026 01:14 AM,Listed
MD-013147,Media,Store 04,07/18/2026 12:20 AM,07/20/2026 05:48 PM,07/21/2026 11:35 AM,Listed
BK-013148,Books,Store 07,07/04/2026 07:19 AM,07/04/2026 11:15 PM,07/05/2026 11:15 PM,Listed
MD-013149,Media,Store 04,07/01/2026 05:23 AM,07/03/2026 02:38 AM,07/04/2026 08:49 AM,Listed
MD-013150,Media,Store 04,07/17/2026 12:45 PM,07/18/2026 04:02 AM,07/18/2026 11:47 AM,Listed
BK-013151,Books,Store 04,06/15/2026 08:16 AM,06/16/2026 05:09 AM,06/16/2026 09:28 PM,Listed
BK-013152,Books,Donation Center 02,07/05/2026 12:32 PM,07/06/2026 01:01 PM,07/07/2026 06:29 AM,Listed
BK-013153,Books,Store 07,05/31/2026 08:02 AM,06/02/2026 12:48 AM,06/02/2026 04:25 AM,Listed
BK-013154,Books,Store 04,05/28/2026 02:16 AM,05/29/2026 07:56 AM,05/30/2026 07:47 AM,Listed
EL-013155,Electronics,Store 12,07/10/2026 05:24 PM,07/10/2026 08:02 PM,07/12/2026 02:45 AM,Listed
MD-013156,Media,Store 04,07/22/2026 02:23 PM,07/23/2026 09:33 PM,07/24/2026 03:51 PM,Listed
MD-013157,Media,Store 12,07/16/2026 10:34 AM,07/18/2026 09:24 AM,07/18/2026 07:34 PM,Listed
MD-013158,Media,Outlet DC,07/10/2026 06:19 PM,07/12/2026 04:38 PM,07/13/2026 11:24 PM,Listed
MD-013159,Media,Donation Center 02,06/28/2026 12:39 AM,06/28/2026 10:19 PM,06/30/2026 08:34 AM,Listed
MD-013160,Media,Outlet DC,07/04/2026 12:31 PM,07/04/2026 03:26 PM,07/06/2026 06:23 AM,Listed
BK-013161,Books,Store 12,06/01/2026 12:20 PM,06/03/2026 05:19 PM,06/05/2026 04:20 AM,Listed
KT-013162,Kitchen,Store 12,06/28/2026 11:45 PM,06/30/2026 07:06 AM,06/30/2026 08:18 PM,Listed
KT-013163,Kitchen,Outlet DC,06/19/2026 08:25 PM,06/20/2026 12:08 PM,06/21/2026 06:30 AM,Listed
SH-013164,Shoes,Store 07,07/16/2026 02:57 PM,07/19/2026 11:37 AM,07/20/2026 02:44 AM,Listed
KT-013165,Kitchen,Store 07,07/08/2026 07:39 AM,07/09/2026 07:26 AM,07/10/2026 12:22 AM,Listed
KT-013166,Kitchen,Store 04,07/05/2026 01:22 PM,07/06/2026 10:11 PM,07/08/2026 01:24 PM,Listed
SG-013167,Sporting Goods,Store 07,06/24/2026 02:06 AM,06/25/2026 09:52 AM,06/26/2026 10:00 AM,Listed
HB-013168,Handbags,Store 07,06/01/2026 06:28 PM,06/02/2026 10:53 AM,06/02/2026 08:38 PM,Listed
EL-013169,Electronics,Store 12,06/14/2026 06:25 PM,06/15/2026 01:24 AM,06/15/2026 06:09 PM,Listed
SG-013170,Sporting Goods,Outlet DC,06/23/2026 02:42 AM,06/25/2026 05:12 AM,06/26/2026 04:34 AM,Listed
CL-013171,Clothing,Store 12,07/17/2026 11:21 PM,07/20/2026 12:17 PM,07/21/2026 10:58 PM,Listed
CL-013172,Clothing,Donation Center 02,06/12/2026 01:17 PM,06/14/2026 02:08 PM,06/15/2026 03:18 PM,Listed
SH-013173,Shoes,Donation Center 02,07/19/2026 04:03 PM,07/22/2026 10:31 AM,07/22/2026 05:56 PM,Listed
SH-013174,Shoes,Store 07,06/24/2026 07:40 AM,06/27/2026 01:50 AM,06/27/2026 04:31 AM,Listed
SG-013175,Sporting Goods,Store 04,07/21/2026 02:18 PM,07/22/2026 05:43 AM,07/22/2026 02:36 PM,Listed
CO-013176,Collectibles,Store 04,07/08/2026 12:40 AM,07/10/2026 05:17 AM,07/11/2026 02:02 AM,Listed
CL-013177,Clothing,Store 12,06/16/2026 04:38 PM,06/18/2026 02:38 AM,06/18/2026 08:24 PM,Listed
CL-013178,Clothing,Donation Center 02,07/03/2026 10:24 AM,07/05/2026 05:32 AM,07/06/2026 09:52 AM,Listed
CL-013179,Clothing,Outlet DC,04/28/2026 10:17 PM,04/30/2026 10:41 AM,05/02/2026 02:48 AM,Listed
HB-013180,Handbags,Outlet DC,06/29/2026 05:21 AM,06/30/2026 10:59 PM,07/02/2026 01:15 AM,Listed
SH-013181,Shoes,Store 12,07/14/2026 12:56 AM,07/16/2026 09:33 AM,07/17/2026 05:30 AM,Listed
KT-013182,Kitchen,Store 07,06/25/2026 05:06 AM,06/27/2026 03:44 AM,06/27/2026 06:21 PM,Listed
SG-013183,Sporting Goods,Store 12,06/29/2026 02:27 PM,07/01/2026 09:47 PM,07/01/2026 09:55 PM,Listed
SH-013184,Shoes,Outlet DC,06/26/2026 05:47 AM,06/27/2026 04:01 PM,06/28/2026 12:45 PM,Listed
CO-013185,Collectibles,Store 07,07/09/2026 08:30 AM,07/12/2026 07:18 AM,07/13/2026 02:54 AM,Listed
SH-013186,Shoes,Outlet DC,07/10/2026 11:13 PM,07/12/2026 06:35 PM,07/14/2026 05:29 PM,Listed
HB-013187,Handbags,Donation Center 02,07/14/2026 03:37 PM,07/15/2026 11:39 AM,07/16/2026 06:21 AM,Listed
SH-013188,Shoes,Store 04,07/20/2026 10:25 AM,07/22/2026 02:09 PM,07/23/2026 10:50 PM,Listed
SH-013189,Shoes,Donation Center 02,07/20/2026 05:11 AM,07/23/2026 12:53 AM,07/24/2026 09:06 AM,Listed
CL-013190,Clothing,Donation Center 02,07/18/2026 12:46 PM,07/19/2026 03:42 AM,07/20/2026 10:12 PM,Listed
SH-013191,Shoes,Donation Center 02,07/09/2026 01:07 AM,07/11/2026 08:52 PM,07/11/2026 10:04 PM,Listed
HB-013192,Handbags,Store 12,07/06/2026 04:53 AM,07/08/2026 11:18 AM,07/08/2026 03:52 PM,Listed
FN-013193,Furniture,Store 07,07/11/2026 05:44 PM,07/12/2026 07:04 PM,07/13/2026 06:01 PM,Listed
CL-013194,Clothing,Donation Center 02,06/30/2026 02:33 AM,06/30/2026 10:47 AM,07/02/2026 09:52 AM,Listed
MD-013195,Media,Store 07,07/15/2026 08:56 AM,07/17/2026 10:49 AM,07/17/2026 12:11 PM,Listed
BK-013196,Books,Outlet DC,07/13/2026 09:47 AM,07/15/2026 11:01 PM,07/17/2026 01:27 PM,Listed
BK-013197,Books,Outlet DC,07/16/2026 10:55 PM,07/19/2026 02:12 AM,07/20/2026 09:50 PM,Listed
BK-013198,Books,Store 07,07/16/2026 10:29 AM,07/19/2026 05:53 AM,07/19/2026 06:14 AM,Listed
BK-013199,Books,Outlet DC,07/23/2026 07:59 PM,07/24/2026 12:10 AM,07/24/2026 10:04 AM,Listed
BK-013200,Books,Store 04,07/19/2026 04:51 AM,07/19/2026 10:37 AM,07/21/2026 03:12 AM,Listed
BK-013201,Books,Outlet DC,07/20/2026 07:37 PM,07/20/2026 10:23 PM,07/22/2026 03:10 AM,Listed
BK-013202,Books,Donation Center 02,06/22/2026 05:19 PM,06/24/2026 07:30 PM,06/25/2026 07:07 AM,Listed
BK-013203,Books,Donation Center 02,07/09/2026 06:37 AM,07/10/2026 11:48 PM,07/11/2026 03:47 PM,Listed
BK-013204,Books,Outlet DC,07/15/2026 07:04 PM,07/15/2026 09:41 PM,07/16/2026 09:39 PM,Listed
BK-013205,Books,Outlet DC,07/16/2026 05:53 AM,07/16/2026 10:09 PM,07/18/2026 12:23 AM,Listed
BK-013206,Books,Store 07,05/23/2026 04:29 PM,05/25/2026 05:03 AM,05/25/2026 12:14 PM,Listed
KT-013207,Kitchen,Store 07,07/18/2026 02:35 PM,07/20/2026 01:57 AM,07/20/2026 11:27 AM,Listed
AR-013208,Art,Store 12,07/20/2026 05:00 AM,07/20/2026 08:03 PM,07/21/2026 06:32 PM,Listed
HM-013209,Home Decor,Donation Center 02,07/18/2026 03:36 PM,07/20/2026 10:21 AM,07/21/2026 02:38 PM,Listed
AR-013210,Art,Store 07,07/22/2026 03:28 AM,07/22/2026 10:46 AM,07/24/2026 01:28 AM,Listed
EL-013211,Electronics,Donation Center 02,07/24/2026 02:24 AM,07/26/2026 06:20 PM,07/26/2026 08:52 PM,Listed
AR-013212,Art,Donation Center 02,07/10/2026 12:15 AM,07/12/2026 07:05 PM,07/12/2026 10:06 PM,Listed
EL-013213,Electronics,Store 07,07/23/2026 06:24 AM,07/23/2026 12:33 PM,07/23/2026 08:58 PM,Listed
HB-013214,Handbags,Donation Center 02,07/19/2026 10:19 AM,07/21/2026 12:57 PM,07/22/2026 07:00 PM,Listed
KT-013215,Kitchen,Donation Center 02,07/02/2026 01:22 AM,07/03/2026 01:08 PM,07/04/2026 06:53 AM,Listed
CL-013216,Clothing,Store 07,07/13/2026 08:51 AM,07/15/2026 11:08 PM,07/17/2026 03:32 PM,Listed
CL-013217,Clothing,Store 07,06/27/2026 01:55 PM,06/28/2026 05:07 AM,06/29/2026 03:32 AM,Listed
HB-013218,Handbags,Store 04,07/22/2026 08:42 PM,07/23/2026 02:09 PM,07/23/2026 04:44 PM,Listed
EL-013219,Electronics,Store 04,07/18/2026 07:16 AM,07/20/2026 10:31 PM,07/21/2026 04:50 PM,Listed
TY-013220,Toys,Donation Center 02,07/23/2026 08:28 PM,07/24/2026 10:43 AM,07/25/2026 12:40 PM,Listed
EL-013221,Electronics,Store 12,07/21/2026 04:09 PM,07/23/2026 09:28 AM,07/25/2026 08:42 AM,Listed
CL-013222,Clothing,Donation Center 02,07/24/2026 01:41 AM,07/24/2026 02:30 AM,07/24/2026 01:13 PM,Listed
HM-013223,Home Decor,Store 12,06/23/2026 03:19 PM,06/24/2026 04:41 AM,06/26/2026 12:11 AM,Listed
HM-013224,Home Decor,Outlet DC,06/29/2026 03:15 PM,07/01/2026 08:11 PM,07/03/2026 10:00 AM,Listed
AR-013225,Art,Outlet DC,07/19/2026 07:38 AM,07/21/2026 07:40 PM,07/23/2026 06:39 AM,Listed
EL-013226,Electronics,Store 12,07/18/2026 08:58 PM,07/21/2026 12:24 AM,07/21/2026 11:38 AM,Listed
EL-013227,Electronics,Store 12,07/18/2026 05:54 PM,07/20/2026 04:04 AM,07/21/2026 12:01 PM,Listed
EL-013228,Electronics,Outlet DC,07/22/2026 10:34 PM,07/24/2026 09:14 PM,07/25/2026 05:44 AM,Listed
KT-013229,Kitchen,Store 07,07/18/2026 06:27 PM,07/21/2026 01:12 AM,07/22/2026 08:21 PM,Listed
JW-013230,Jewelry,Outlet DC,07/26/2026 10:25 PM,07/27/2026 03:37 PM,07/27/2026 04:12 PM,Listed
JW-013231,Jewelry,Store 04,07/16/2026 02:04 PM,07/19/2026 11:05 AM,07/20/2026 12:28 PM,Listed
WT-013232,Watches,Outlet DC,07/15/2026 10:45 PM,07/16/2026 05:25 PM,07/18/2026 05:07 AM,Listed
CO-013233,Collectibles,Store 12,07/27/2026 09:04 AM,07/29/2026 04:03 AM,07/29/2026 11:10 AM,Listed
HM-013234,Home Decor,Store 07,07/21/2026 10:01 PM,07/24/2026 04:47 AM,07/26/2026 04:24 AM,Listed
CL-013235,Clothing,Donation Center 02,07/10/2026 04:34 PM,07/12/2026 03:55 AM,07/12/2026 05:56 PM,Listed
CO-013236,Collectibles,Donation Center 02,07/16/2026 01:20 AM,07/18/2026 09:53 PM,07/20/2026 09:25 PM,Listed
JW-013237,Jewelry,Donation Center 02,07/11/2026 02:47 AM,07/11/2026 04:26 AM,07/12/2026 09:11 PM,Listed
CL-013238,Clothing,Store 12,07/17/2026 03:08 AM,07/19/2026 11:16 AM,07/20/2026 02:56 PM,Listed
JW-013239,Jewelry,Store 07,07/26/2026 02:13 AM,07/27/2026 12:44 AM,07/27/2026 11:06 AM,Listed
JW-013240,Jewelry,Outlet DC,07/20/2026 11:37 PM,07/22/2026 09:43 PM,07/23/2026 08:51 PM,Listed
CO-013241,Collectibles,Store 07,07/18/2026 05:59 AM,07/20/2026 05:08 AM,07/22/2026 01:58 AM,Listed
AR-013242,Art,Outlet DC,07/23/2026 10:51 PM,07/26/2026 03:54 PM,07/27/2026 03:05 AM,Listed
HM-013243,Home Decor,Outlet DC,07/09/2026 10:09 AM,07/10/2026 07:00 AM,07/11/2026 01:27 AM,Listed
AR-013244,Art,Store 12,07/03/2026 08:22 PM,07/06/2026 11:19 AM,07/08/2026 07:28 AM,Listed
AR-013245,Art,Store 12,07/19/2026 12:34 AM,07/19/2026 11:50 AM,07/20/2026 01:37 AM,Listed
SG-013246,Sporting Goods,Store 04,07/14/2026 05:35 AM,07/15/2026 11:14 PM,07/16/2026 01:23 AM,Listed
CO-013247,Collectibles,Store 12,07/19/2026 06:19 AM,07/20/2026 07:24 AM,07/21/2026 08:58 AM,Listed
HM-013248,Home Decor,Donation Center 02,07/12/2026 07:21 PM,07/14/2026 05:33 AM,07/15/2026 05:58 PM,Listed
AR-013249,Art,Store 04,07/18/2026 06:13 AM,07/20/2026 09:20 AM,07/21/2026 06:59 PM,Listed
WT-013250,Watches,Store 04,06/30/2026 09:36 PM,06/30/2026 11:23 PM,07/02/2026 10:40 AM,Listed
AR-013251,Art,Donation Center 02,07/13/2026 05:15 AM,07/13/2026 09:23 PM,07/15/2026 11:00 AM,Listed
AR-013252,Art,Store 07,07/20/2026 11:43 AM,07/22/2026 06:36 PM,07/23/2026 01:57 AM,Listed
AR-013253,Art,Outlet DC,07/16/2026 08:09 PM,07/18/2026 08:05 PM,07/20/2026 06:26 AM,Listed
JW-013254,Jewelry,Outlet DC,07/26/2026 09:43 PM,07/28/2026 09:08 PM,07/29/2026 11:48 AM,Listed
AR-013255,Art,Store 07,07/23/2026 08:52 AM,07/25/2026 02:05 PM,07/25/2026 08:17 PM,Listed
JW-013256,Jewelry,Outlet DC,07/21/2026 05:53 AM,07/22/2026 04:21 AM,07/23/2026 09:17 PM,Listed
HM-013257,Home Decor,Store 12,07/27/2026 03:39 PM,07/28/2026 05:46 PM,07/28/2026 06:03 PM,Listed
WT-013258,Watches,Store 07,07/21/2026 01:57 AM,07/22/2026 01:44 PM,07/24/2026 04:45 AM,Listed
HM-013259,Home Decor,Store 04,07/01/2026 06:17 AM,07/01/2026 06:45 PM,07/03/2026 03:19 PM,Listed
HM-013260,Home Decor,Store 12,07/18/2026 05:55 PM,07/19/2026 08:57 PM,07/20/2026 04:55 AM,Listed
KT-013261,Kitchen,Store 12,07/10/2026 12:10 PM,07/13/2026 12:58 AM,07/13/2026 02:44 AM,Listed
CO-013262,Collectibles,Store 12,07/19/2026 02:38 AM,07/21/2026 06:09 PM,07/21/2026 11:47 PM,Listed
CO-013263,Collectibles,Store 12,07/20/2026 03:50 PM,07/23/2026 01:58 PM,07/25/2026 04:59 AM,Listed
EL-013264,Electronics,Store 04,07/24/2026 08:37 AM,07/26/2026 05:04 PM,07/27/2026 02:02 PM,Listed
JW-013265,Jewelry,Donation Center 02,07/18/2026 06:50 AM,07/18/2026 04:15 PM,07/20/2026 10:48 AM,Listed
MD-013266,Media,Store 07,07/19/2026 11:56 AM,07/20/2026 12:47 AM,07/22/2026 12:40 AM,Listed
MD-013267,Media,Donation Center 02,07/11/2026 03:13 AM,07/12/2026 10:02 AM,07/14/2026 04:53 AM,Listed
BK-013268,Books,Store 04,07/07/2026 06:00 AM,07/07/2026 09:42 AM,07/07/2026 07:25 PM,Listed
EL-013269,Electronics,Store 07,07/19/2026 08:29 AM,07/20/2026 06:57 AM,07/20/2026 07:48 AM,Listed
BK-013270,Books,Store 07,07/02/2026 08:39 AM,07/03/2026 12:24 AM,07/04/2026 01:51 AM,Listed
BK-013271,Books,Store 07,06/16/2026 12:28 AM,06/18/2026 08:52 PM,06/20/2026 08:17 AM,Listed
BK-013272,Books,Donation Center 02,05/25/2026 09:31 AM,05/28/2026 05:42 AM,05/28/2026 03:47 PM,Listed
CO-013273,Collectibles,Store 04,05/29/2026 04:55 PM,05/31/2026 01:24 AM,05/31/2026 10:06 AM,Listed
BK-013274,Books,Store 04,06/29/2026 08:51 AM,06/30/2026 09:53 AM,07/01/2026 04:21 PM,Listed
BK-013275,Books,Outlet DC,06/14/2026 11:44 AM,06/15/2026 01:13 AM,06/15/2026 11:28 PM,Listed
EL-013276,Electronics,Store 07,07/11/2026 11:16 PM,07/12/2026 11:55 AM,07/13/2026 06:42 PM,Listed
BK-013277,Books,Store 12,06/16/2026 10:10 PM,06/18/2026 07:09 AM,06/18/2026 09:53 AM,Listed
MD-013278,Media,Donation Center 02,07/10/2026 02:08 AM,07/12/2026 01:15 PM,07/12/2026 03:44 PM,Listed
BK-013279,Books,Outlet DC,06/14/2026 12:17 PM,06/14/2026 03:29 PM,06/16/2026 02:23 AM,Listed
BK-013280,Books,Store 07,06/17/2026 06:37 PM,06/20/2026 01:12 PM,06/20/2026 09:00 PM,Listed
BK-013281,Books,Store 04,05/20/2026 12:32 AM,05/22/2026 03:52 PM,05/24/2026 04:06 AM,Listed
BK-013282,Books,Store 04,06/15/2026 09:52 AM,06/17/2026 11:00 PM,06/19/2026 03:49 AM,Listed
BK-013283,Books,Outlet DC,07/04/2026 12:16 AM,07/04/2026 02:38 AM,07/05/2026 12:32 PM,Listed
EL-013284,Electronics,Outlet DC,07/20/2026 01:09 PM,07/22/2026 08:18 AM,07/24/2026 03:30 AM,Listed
CO-013285,Collectibles,Store 12,07/10/2026 08:59 AM,07/11/2026 05:59 AM,07/12/2026 10:28 PM,Listed
MD-013286,Media,Donation Center 02,07/12/2026 06:22 AM,07/14/2026 10:29 PM,07/16/2026 02:55 PM,Listed
BK-013287,Books,Outlet DC,06/10/2026 02:01 PM,06/10/2026 11:58 PM,06/11/2026 05:30 PM,Listed
BK-013288,Books,Store 07,07/08/2026 06:13 AM,07/09/2026 09:14 PM,07/11/2026 05:32 PM,Listed
EL-013289,Electronics,Store 04,06/26/2026 12:00 PM,06/28/2026 01:38 PM,06/29/2026 11:36 PM,Listed
BK-013290,Books,Outlet DC,06/06/2026 03:17 AM,06/07/2026 12:32 AM,06/07/2026 05:08 PM,Listed
MD-013291,Media,Donation Center 02,07/13/2026 06:08 AM,07/15/2026 05:09 AM,07/16/2026 09:08 PM,Listed
MD-013292,Media,Store 12,07/16/2026 03:00 PM,07/16/2026 05:31 PM,07/17/2026 05:53 AM,Listed
BK-013293,Books,Store 04,05/02/2026 09:37 AM,05/03/2026 01:42 AM,05/03/2026 11:59 PM,Listed
BK-013294,Books,Outlet DC,06/04/2026 12:01 AM,06/04/2026 06:31 PM,06/04/2026 10:37 PM,Listed
BK-013295,Books,Store 12,06/12/2026 07:21 AM,06/12/2026 11:22 PM,06/13/2026 07:39 AM,Listed
MD-013296,Media,Store 12,07/10/2026 08:17 AM,07/12/2026 06:23 AM,07/12/2026 10:30 AM,Listed
BK-013297,Books,Store 07,07/01/2026 06:20 AM,07/01/2026 06:17 PM,07/02/2026 10:16 AM,Listed
BK-013298,Books,Store 12,05/09/2026 03:51 PM,05/11/2026 07:40 PM,05/13/2026 05:30 AM,Listed
BK-013299,Books,Outlet DC,06/10/2026 06:14 AM,06/12/2026 07:37 AM,06/13/2026 09:52 AM,Listed
BK-013300,Books,Outlet DC,07/04/2026 01:53 PM,07/06/2026 03:47 PM,07/08/2026 03:26 AM,Listed
EL-013301,Electronics,Outlet DC,07/19/2026 07:45 PM,07/20/2026 10:11 PM,07/21/2026 05:50 PM,Listed
BK-013302,Books,Store 04,04/16/2026 05:00 PM,04/19/2026 04:58 AM,04/19/2026 12:51 PM,Listed
BK-013303,Books,Store 07,06/23/2026 07:31 AM,06/24/2026 07:45 AM,06/25/2026 08:20 PM,Listed
MD-013304,Media,Store 07,07/19/2026 05:12 PM,07/21/2026 07:53 AM,07/22/2026 08:45 AM,Listed
BK-013305,Books,Store 12,06/24/2026 01:44 AM,06/26/2026 07:52 PM,06/27/2026 07:06 PM,Listed
MD-013306,Media,Outlet DC,07/18/2026 04:11 PM,07/20/2026 01:41 AM,07/21/2026 04:41 AM,Listed
CO-013307,Collectibles,Donation Center 02,07/14/2026 10:36 AM,07/16/2026 09:33 AM,07/17/2026 06:42 AM,Listed
BK-013308,Books,Donation Center 02,07/04/2026 12:59 AM,07/06/2026 03:56 AM,07/07/2026 01:05 AM,Listed
EL-013309,Electronics,Store 07,06/29/2026 09:26 AM,06/30/2026 04:57 PM,07/01/2026 05:50 PM,Listed
EL-013310,Electronics,Store 12,07/16/2026 02:51 AM,07/18/2026 03:09 PM,07/20/2026 10:14 AM,Listed
BK-013311,Books,Donation Center 02,05/09/2026 11:53 PM,05/11/2026 06:23 PM,05/12/2026 08:37 PM,Listed
TY-013312,Toys,Store 07,07/20/2026 12:08 PM,07/22/2026 08:18 AM,07/23/2026 03:59 PM,Listed
MD-013313,Media,Store 07,06/17/2026 09:31 AM,06/18/2026 07:40 AM,06/20/2026 02:53 AM,Listed
BK-013314,Books,Donation Center 02,05/22/2026 02:21 PM,05/24/2026 06:44 AM,05/25/2026 03:35 AM,Listed
CO-013315,Collectibles,Outlet DC,07/18/2026 10:07 AM,07/19/2026 11:50 AM,07/20/2026 04:14 PM,Listed
TY-013316,Toys,Store 12,07/18/2026 09:51 AM,07/19/2026 12:50 AM,07/19/2026 03:42 AM,Listed
BK-013317,Books,Outlet DC,06/17/2026 03:15 AM,06/17/2026 02:40 PM,06/17/2026 04:08 PM,Listed
SH-013318,Shoes,Store 07,07/04/2026 05:16 PM,07/05/2026 11:17 PM,07/06/2026 08:42 PM,Listed
HB-013319,Handbags,Outlet DC,06/20/2026 01:13 AM,06/20/2026 05:50 AM,06/21/2026 10:05 PM,Listed
SH-013320,Shoes,Store 07,07/16/2026 06:05 AM,07/17/2026 11:12 PM,07/18/2026 10:32 AM,Listed
CL-013321,Clothing,Outlet DC,07/04/2026 07:46 AM,07/05/2026 01:43 PM,07/07/2026 09:51 AM,Listed
SH-013322,Shoes,Store 07,07/15/2026 08:26 AM,07/16/2026 03:29 PM,07/17/2026 05:51 PM,Listed
EL-013323,Electronics,Store 07,07/12/2026 01:30 PM,07/14/2026 05:20 PM,07/16/2026 03:29 PM,Listed
CO-013324,Collectibles,Store 12,07/06/2026 03:24 PM,07/08/2026 12:45 PM,07/09/2026 11:17 PM,Listed
HB-013325,Handbags,Donation Center 02,07/19/2026 09:23 PM,07/22/2026 06:02 AM,07/24/2026 05:31 AM,Listed
CO-013326,Collectibles,Store 07,06/21/2026 01:02 PM,06/24/2026 10:02 AM,06/25/2026 09:06 PM,Listed
CL-013327,Clothing,Store 07,06/29/2026 12:18 AM,06/30/2026 01:33 PM,07/01/2026 04:10 PM,Listed
SH-013328,Shoes,Store 04,06/22/2026 10:50 PM,06/25/2026 06:35 AM,06/26/2026 10:01 AM,Listed
SH-013329,Shoes,Donation Center 02,05/20/2026 03:31 PM,05/21/2026 06:50 PM,05/23/2026 08:07 AM,Listed
CL-013330,Clothing,Store 07,06/09/2026 11:45 AM,06/11/2026 11:32 AM,06/12/2026 07:40 PM,Listed
HB-013331,Handbags,Store 07,07/05/2026 11:57 AM,07/08/2026 07:47 AM,07/09/2026 11:45 PM,Listed
SH-013332,Shoes,Store 04,07/12/2026 12:18 PM,07/13/2026 12:56 AM,07/13/2026 03:21 PM,Listed
CO-013333,Collectibles,Donation Center 02,07/04/2026 08:37 AM,07/05/2026 08:57 AM,07/06/2026 06:55 PM,Listed
CL-013334,Clothing,Store 04,06/30/2026 09:54 PM,07/01/2026 09:33 PM,07/02/2026 09:04 AM,Listed
SH-013335,Shoes,Store 07,07/07/2026 04:21 AM,07/08/2026 10:16 AM,07/10/2026 09:43 AM,Listed
KT-013336,Kitchen,Outlet DC,07/10/2026 01:29 AM,07/11/2026 12:23 AM,07/12/2026 11:49 PM,Listed
EL-013337,Electronics,Donation Center 02,07/08/2026 06:16 AM,07/08/2026 08:20 AM,07/08/2026 10:29 PM,Listed
HB-013338,Handbags,Store 07,07/09/2026 07:25 AM,07/10/2026 01:30 AM,07/11/2026 06:30 PM,Listed
SG-013339,Sporting Goods,Store 07,07/04/2026 06:19 AM,07/04/2026 04:02 PM,07/05/2026 05:58 PM,Listed
HB-013340,Handbags,Outlet DC,07/09/2026 06:35 AM,07/10/2026 05:09 PM,07/12/2026 03:39 AM,Listed
HB-013341,Handbags,Store 07,06/09/2026 04:22 AM,06/10/2026 02:23 AM,06/11/2026 07:42 PM,Listed
KT-013342,Kitchen,Outlet DC,07/21/2026 06:59 PM,07/22/2026 05:43 AM,07/23/2026 10:00 AM,Listed
SG-013343,Sporting Goods,Store 12,07/08/2026 08:59 AM,07/08/2026 09:08 AM,07/09/2026 10:01 PM,Listed
CL-013344,Clothing,Outlet DC,07/20/2026 12:00 AM,07/22/2026 05:15 PM,07/23/2026 05:35 PM,Listed
CL-013345,Clothing,Store 07,07/09/2026 02:21 AM,07/10/2026 11:33 AM,07/10/2026 10:48 PM,Listed
CL-013346,Clothing,Outlet DC,07/16/2026 02:13 AM,07/17/2026 03:56 PM,07/17/2026 05:22 PM,Listed
FN-013347,Furniture,Store 07,06/20/2026 01:52 PM,06/22/2026 03:23 PM,06/23/2026 10:20 PM,Listed
SH-013348,Shoes,Store 07,07/15/2026 10:01 PM,07/17/2026 04:43 AM,07/18/2026 02:20 PM,Listed
FN-013349,Furniture,Store 04,07/15/2026 09:56 PM,07/15/2026 10:40 PM,07/16/2026 10:04 AM,Listed
BK-013350,Books,Store 12,06/16/2026 12:17 AM,06/17/2026 11:53 PM,06/19/2026 12:03 AM,Listed
BK-013351,Books,Store 07,07/12/2026 10:22 AM,07/13/2026 05:00 AM,07/13/2026 10:10 PM,Listed
BK-013352,Books,Store 07,07/10/2026 02:28 PM,07/12/2026 11:37 AM,07/12/2026 02:29 PM,Listed
BK-013353,Books,Store 12,07/22/2026 06:31 PM,07/25/2026 07:10 AM,07/26/2026 08:10 PM,Listed
BK-013354,Books,Store 12,07/16/2026 02:25 PM,07/19/2026 08:47 AM,07/20/2026 07:09 AM,Listed
BK-013355,Books,Donation Center 02,07/09/2026 07:10 PM,07/12/2026 01:25 PM,07/13/2026 06:45 PM,Listed
BK-013356,Books,Donation Center 02,07/07/2026 05:05 AM,07/07/2026 11:54 PM,07/08/2026 02:03 AM,Listed
BK-013357,Books,Store 04,07/21/2026 06:40 PM,07/23/2026 09:35 AM,07/24/2026 11:22 AM,Listed
BK-013358,Books,Store 04,06/14/2026 07:01 AM,06/15/2026 04:35 PM,06/17/2026 02:38 PM,Listed
BK-013359,Books,Store 07,07/16/2026 09:04 AM,07/18/2026 02:04 AM,07/18/2026 03:21 AM,Listed
BK-013360,Books,Donation Center 02,06/26/2026 12:40 PM,06/27/2026 06:06 PM,06/29/2026 10:27 AM,Listed
BK-013361,Books,Store 07,07/22/2026 12:43 PM,07/24/2026 07:06 AM,07/25/2026 12:02 AM,Listed
BK-013362,Books,Store 07,07/07/2026 12:59 PM,07/10/2026 10:01 AM,07/11/2026 01:22 PM,Listed
BK-013363,Books,Store 12,07/09/2026 03:03 PM,07/12/2026 12:36 AM,07/13/2026 10:34 AM,Listed
BK-013364,Books,Outlet DC,07/26/2026 06:53 AM,07/27/2026 06:28 AM,07/29/2026 03:46 AM,Listed
BK-013365,Books,Donation Center 02,07/08/2026 05:10 AM,07/10/2026 04:35 PM,07/12/2026 01:44 PM,Listed
CL-013366,Clothing,Store 04,07/21/2026 03:18 AM,07/22/2026 10:23 PM,07/24/2026 03:25 AM,Listed
WT-013367,Watches,Store 07,07/13/2026 07:28 AM,07/14/2026 10:01 PM,07/16/2026 09:02 AM,Listed
EL-013368,Electronics,Donation Center 02,07/23/2026 08:54 AM,07/25/2026 01:20 AM,07/25/2026 08:47 AM,Listed
CO-013369,Collectibles,Outlet DC,07/16/2026 04:34 AM,07/16/2026 06:01 AM,07/17/2026 08:50 AM,Listed
KT-013370,Kitchen,Store 12,07/23/2026 04:12 AM,07/25/2026 01:43 PM,07/27/2026 12:57 AM,Listed
KT-013371,Kitchen,Donation Center 02,07/22/2026 06:00 AM,07/22/2026 08:27 PM,07/23/2026 11:56 AM,Listed
CL-013372,Clothing,Store 12,07/25/2026 02:43 AM,07/26/2026 05:40 PM,07/28/2026 07:33 AM,Listed
CO-013373,Collectibles,Store 07,07/20/2026 11:27 AM,07/20/2026 10:47 PM,07/22/2026 05:08 AM,Listed
JW-013374,Jewelry,Store 12,07/20/2026 11:50 AM,07/21/2026 08:30 PM,07/23/2026 06:26 PM,Listed
CO-013375,Collectibles,Donation Center 02,07/16/2026 12:22 AM,07/16/2026 11:48 PM,07/17/2026 05:22 AM,Listed
CO-013376,Collectibles,Outlet DC,07/24/2026 01:59 PM,07/26/2026 10:50 AM,07/28/2026 01:28 AM,Listed
EL-013377,Electronics,Store 04,07/21/2026 03:06 AM,07/21/2026 02:04 PM,07/21/2026 02:16 PM,Listed
AR-013378,Art,Outlet DC,07/17/2026 05:24 AM,07/17/2026 07:13 AM,07/17/2026 06:54 PM,Listed
JW-013379,Jewelry,Store 04,07/22/2026 01:04 PM,07/22/2026 02:26 PM,07/24/2026 12:19 PM,Listed
JW-013380,Jewelry,Store 04,07/22/2026 06:10 PM,07/25/2026 08:17 AM,07/26/2026 06:44 PM,Listed
JW-013381,Jewelry,Donation Center 02,07/17/2026 09:41 PM,07/18/2026 04:58 PM,07/19/2026 11:05 AM,Listed
CO-013382,Collectibles,Outlet DC,06/27/2026 01:05 PM,06/27/2026 09:28 PM,06/27/2026 10:20 PM,Listed
HM-013383,Home Decor,Store 12,07/20/2026 09:53 PM,07/21/2026 08:55 AM,07/22/2026 01:19 PM,Listed
EL-013384,Electronics,Store 04,07/14/2026 10:30 AM,07/15/2026 12:01 AM,07/15/2026 09:51 AM,Listed
EL-013385,Electronics,Donation Center 02,07/21/2026 05:00 AM,07/23/2026 03:01 PM,07/24/2026 04:40 AM,Listed
AR-013386,Art,Donation Center 02,07/27/2026 01:14 PM,07/29/2026 09:00 PM,07/31/2026 09:15 AM,Listed
HB-013387,Handbags,Donation Center 02,07/19/2026 02:19 PM,07/19/2026 06:57 PM,07/20/2026 03:17 PM,Listed
AR-013388,Art,Store 04,07/15/2026 07:09 AM,07/15/2026 03:58 PM,07/17/2026 07:24 AM,Listed
WT-013389,Watches,Store 12,07/24/2026 02:10 PM,07/25/2026 03:06 AM,07/26/2026 02:43 PM,Listed
AR-013390,Art,Donation Center 02,07/12/2026 02:11 AM,07/13/2026 10:23 PM,07/15/2026 01:23 AM,Listed
CL-013391,Clothing,Store 04,07/19/2026 02:33 PM,07/21/2026 12:01 PM,07/22/2026 06:41 PM,Listed
JW-013392,Jewelry,Store 07,07/17/2026 03:48 PM,07/20/2026 06:49 AM,07/21/2026 10:52 AM,Listed
AR-013393,Art,Store 07,07/21/2026 02:29 PM,07/24/2026 01:17 AM,07/25/2026 03:39 PM,Listed
HM-013394,Home Decor,Store 12,07/21/2026 11:02 PM,07/22/2026 11:41 PM,07/24/2026 12:26 AM,Listed
SG-013395,Sporting Goods,Donation Center 02,07/24/2026 10:30 PM,07/27/2026 05:25 AM,07/27/2026 04:04 PM,Listed
CO-013396,Collectibles,Store 12,07/11/2026 06:07 PM,07/14/2026 08:12 AM,07/15/2026 03:32 PM,Listed
EL-013397,Electronics,Donation Center 02,07/25/2026 04:52 AM,07/26/2026 03:05 AM,07/27/2026 01:09 AM,Listed
JW-013398,Jewelry,Store 04,07/04/2026 07:51 PM,07/06/2026 01:53 PM,07/08/2026 12:28 AM,Listed
JW-013399,Jewelry,Donation Center 02,07/27/2026 07:06 AM,07/28/2026 08:28 AM,07/29/2026 07:53 PM,Listed
HM-013400,Home Decor,Outlet DC,07/21/2026 11:56 AM,07/22/2026 11:49 AM,07/23/2026 09:52 AM,Listed
JW-013401,Jewelry,Store 07,07/23/2026 05:27 PM,07/26/2026 11:23 AM,07/27/2026 04:07 AM,Listed
KT-013402,Kitchen,Store 07,07/24/2026 12:51 PM,07/24/2026 03:46 PM,07/25/2026 09:32 AM,Listed
EL-013403,Electronics,Donation Center 02,07/20/2026 06:57 AM,07/20/2026 05:04 PM,07/21/2026 06:35 AM,Listed
HM-013404,Home Decor,Outlet DC,07/23/2026 02:03 AM,07/24/2026 02:54 AM,07/25/2026 08:59 AM,Listed
CO-013405,Collectibles,Store 07,07/21/2026 01:19 PM,07/21/2026 01:29 PM,07/21/2026 04:34 PM,Listed
CO-013406,Collectibles,Donation Center 02,07/11/2026 03:49 AM,07/11/2026 12:41 PM,07/13/2026 03:11 AM,Listed
JW-013407,Jewelry,Store 12,07/18/2026 06:51 PM,07/19/2026 10:41 AM,07/20/2026 05:18 AM,Listed
HB-013408,Handbags,Store 04,07/25/2026 11:53 PM,07/26/2026 04:00 PM,07/28/2026 04:53 AM,Listed
EL-013409,Electronics,Store 07,07/14/2026 08:45 PM,07/16/2026 04:00 AM,07/17/2026 01:40 PM,Listed
CO-013410,Collectibles,Outlet DC,07/13/2026 09:17 PM,07/16/2026 08:04 PM,07/16/2026 11:56 PM,Listed
AR-013411,Art,Store 12,07/26/2026 06:48 AM,07/26/2026 08:16 PM,07/28/2026 09:43 AM,Listed
WT-013412,Watches,Store 07,07/25/2026 05:29 AM,07/27/2026 05:47 PM,07/28/2026 07:18 PM,Listed
HB-013413,Handbags,Store 07,07/16/2026 11:48 PM,07/19/2026 02:11 PM,07/21/2026 01:32 AM,Listed
CL-013414,Clothing,Store 07,07/26/2026 07:33 PM,07/28/2026 02:41 PM,07/28/2026 07:54 PM,Listed
CO-013415,Collectibles,Outlet DC,07/15/2026 04:07 PM,07/17/2026 09:45 AM,07/18/2026 03:42 AM,Listed
JW-013416,Jewelry,Store 12,07/01/2026 07:19 PM,07/03/2026 12:55 AM,07/04/2026 05:15 AM,Listed
WT-013417,Watches,Outlet DC,07/24/2026 11:43 AM,07/25/2026 12:51 AM,07/26/2026 10:34 PM,Listed
CO-013418,Collectibles,Donation Center 02,07/13/2026 05:10 PM,07/15/2026 12:09 PM,07/17/2026 04:16 AM,Listed
HM-013419,Home Decor,Store 12,07/14/2026 05:03 PM,07/14/2026 07:52 PM,07/15/2026 03:32 AM,Listed
EL-013420,Electronics,Donation Center 02,07/15/2026 11:30 AM,07/17/2026 12:24 PM,07/18/2026 02:10 AM,Listed
CL-013421,Clothing,Store 04,07/20/2026 01:26 AM,07/20/2026 07:56 AM,07/20/2026 12:31 PM,Listed
JW-013422,Jewelry,Outlet DC,07/18/2026 12:03 AM,07/19/2026 07:50 AM,07/21/2026 07:18 AM,Listed
JW-013423,Jewelry,Store 07,07/23/2026 02:36 AM,07/25/2026 03:27 AM,07/25/2026 11:16 AM,Listed
SG-013424,Sporting Goods,Donation Center 02,07/09/2026 12:06 AM,07/11/2026 12:54 AM,07/13/2026 12:09 AM,Listed
CO-013425,Collectibles,Store 04,07/22/2026 06:35 AM,07/24/2026 08:36 PM,07/25/2026 10:20 PM,Listed
EL-013426,Electronics,Store 07,07/09/2026 01:30 PM,07/09/2026 06:01 PM,07/11/2026 04:42 AM,Listed
EL-013427,Electronics,Store 12,07/19/2026 12:14 AM,07/20/2026 07:34 AM,07/20/2026 07:30 PM,Listed
CO-013428,Collectibles,Store 04,07/19/2026 12:22 PM,07/21/2026 10:18 AM,07/23/2026 04:09 AM,Listed
AR-013429,Art,Store 04,07/20/2026 10:44 PM,07/23/2026 03:38 PM,07/25/2026 03:37 AM,Listed
BK-013430,Books,Outlet DC,06/17/2026 08:28 AM,06/19/2026 12:38 AM,06/19/2026 08:08 AM,Listed
BK-013431,Books,Outlet DC,06/23/2026 11:11 PM,06/24/2026 01:09 PM,06/25/2026 05:41 PM,Listed
BK-013432,Books,Store 07,06/09/2026 09:16 PM,06/10/2026 05:29 PM,06/12/2026 01:43 PM,Listed
MD-013433,Media,Store 04,07/14/2026 07:15 PM,07/16/2026 06:03 PM,07/18/2026 05:10 PM,Listed
BK-013434,Books,Store 07,07/01/2026 11:19 PM,07/03/2026 12:51 PM,07/03/2026 11:31 PM,Listed
CO-013435,Collectibles,Store 12,07/20/2026 04:55 PM,07/22/2026 04:59 PM,07/22/2026 11:37 PM,Listed
BK-013436,Books,Outlet DC,06/02/2026 10:09 PM,06/05/2026 10:51 AM,06/07/2026 06:37 AM,Listed
BK-013437,Books,Store 04,06/10/2026 09:13 PM,06/12/2026 07:52 PM,06/13/2026 05:28 PM,Listed
BK-013438,Books,Store 12,05/31/2026 02:39 AM,06/01/2026 09:51 PM,06/03/2026 05:44 PM,Listed
MD-013439,Media,Store 04,06/29/2026 08:56 PM,07/01/2026 06:33 AM,07/01/2026 09:36 AM,Listed
MD-013440,Media,Store 04,07/15/2026 01:49 AM,07/15/2026 03:23 AM,07/16/2026 07:33 PM,Listed
BK-013441,Books,Store 07,07/01/2026 02:23 PM,07/01/2026 04:55 PM,07/02/2026 01:10 AM,Listed
EL-013442,Electronics,Store 07,07/21/2026 02:27 AM,07/21/2026 04:38 PM,07/23/2026 03:51 PM,Listed
BK-013443,Books,Outlet DC,06/01/2026 07:39 AM,06/02/2026 01:20 AM,06/02/2026 03:21 PM,Listed
BK-013444,Books,Donation Center 02,07/11/2026 05:22 PM,07/13/2026 04:23 PM,07/15/2026 12:34 PM,Listed
BK-013445,Books,Store 12,05/23/2026 07:56 PM,05/25/2026 04:28 AM,05/26/2026 03:16 PM,Listed
BK-013446,Books,Store 07,05/24/2026 04:39 AM,05/25/2026 12:45 AM,05/26/2026 10:32 AM,Listed
BK-013447,Books,Outlet DC,06/21/2026 09:59 PM,06/22/2026 11:53 AM,06/23/2026 04:12 AM,Listed
BK-013448,Books,Store 12,06/09/2026 03:45 PM,06/11/2026 09:44 PM,06/13/2026 04:30 PM,Listed
MD-013449,Media,Donation Center 02,07/09/2026 04:01 PM,07/12/2026 12:38 AM,07/12/2026 11:07 AM,Listed
BK-013450,Books,Outlet DC,06/21/2026 06:19 AM,06/22/2026 05:14 AM,06/23/2026 05:45 PM,Listed
TY-013451,Toys,Store 07,06/21/2026 01:35 PM,06/24/2026 10:35 AM,06/24/2026 02:35 PM,Listed
MD-013452,Media,Store 07,07/09/2026 03:09 AM,07/10/2026 11:40 PM,07/11/2026 12:20 PM,Listed
BK-013453,Books,Store 12,05/17/2026 06:09 AM,05/19/2026 08:51 PM,05/21/2026 01:56 PM,Listed
BK-013454,Books,Store 04,04/19/2026 07:36 AM,04/22/2026 12:16 AM,04/23/2026 05:38 PM,Listed
BK-013455,Books,Store 12,05/20/2026 01:42 AM,05/22/2026 12:37 PM,05/23/2026 10:55 PM,Listed
CO-013456,Collectibles,Store 12,07/10/2026 01:06 AM,07/13/2026 12:52 AM,07/13/2026 11:12 PM,Listed
MD-013457,Media,Donation Center 02,07/08/2026 04:18 PM,07/10/2026 10:12 PM,07/10/2026 11:28 PM,Listed
BK-013458,Books,Store 07,06/10/2026 05:30 PM,06/13/2026 10:48 AM,06/14/2026 11:02 AM,Listed
BK-013459,Books,Store 04,04/20/2026 03:33 AM,04/21/2026 04:24 PM,04/22/2026 10:20 PM,Listed
BK-013460,Books,Store 12,06/02/2026 08:07 PM,06/05/2026 12:21 AM,06/05/2026 02:35 AM,Listed
BK-013461,Books,Outlet DC,07/03/2026 04:20 PM,07/03/2026 07:26 PM,07/04/2026 11:10 AM,Listed
BK-013462,Books,Donation Center 02,06/24/2026 02:05 AM,06/24/2026 11:20 AM,06/26/2026 12:02 AM,Listed
BK-013463,Books,Donation Center 02,03/30/2026 02:31 AM,03/31/2026 02:58 AM,03/31/2026 08:56 AM,Listed
BK-013464,Books,Store 07,07/01/2026 09:15 AM,07/01/2026 08:58 PM,07/02/2026 01:47 PM,Listed
EL-013465,Electronics,Store 04,06/30/2026 04:53 AM,07/03/2026 12:24 AM,07/04/2026 03:58 AM,Listed
KT-013466,Kitchen,Outlet DC,07/02/2026 11:21 PM,07/04/2026 12:19 AM,07/04/2026 10:39 AM,Listed
CO-013467,Collectibles,Store 12,07/13/2026 12:31 AM,07/15/2026 06:53 AM,07/15/2026 10:54 AM,Listed
EL-013468,Electronics,Donation Center 02,07/01/2026 05:44 AM,07/01/2026 04:11 PM,07/02/2026 05:23 PM,Listed
EL-013469,Electronics,Donation Center 02,06/27/2026 03:27 PM,06/27/2026 04:34 PM,06/28/2026 02:12 PM,Listed
CL-013470,Clothing,Store 12,07/24/2026 02:56 PM,07/26/2026 05:05 AM,07/27/2026 12:35 PM,Listed
SH-013471,Shoes,Outlet DC,07/04/2026 10:24 AM,07/06/2026 07:31 AM,07/06/2026 02:00 PM,Listed
CO-013472,Collectibles,Store 07,06/15/2026 04:44 PM,06/18/2026 04:55 AM,06/19/2026 06:30 AM,Listed
CL-013473,Clothing,Store 04,06/03/2026 07:31 AM,06/04/2026 08:15 AM,06/04/2026 05:01 PM,Listed
EL-013474,Electronics,Donation Center 02,06/28/2026 05:36 AM,06/29/2026 10:16 AM,07/01/2026 01:18 AM,Listed
SG-013475,Sporting Goods,Store 04,06/27/2026 05:21 PM,06/27/2026 05:30 PM,06/27/2026 06:54 PM,Listed
CL-013476,Clothing,Donation Center 02,06/30/2026 03:24 AM,06/30/2026 06:19 PM,07/02/2026 04:20 PM,Listed
CL-013477,Clothing,Store 12,07/03/2026 04:08 AM,07/04/2026 08:44 AM,07/05/2026 03:05 PM,Listed
SH-013478,Shoes,Outlet DC,06/13/2026 04:29 PM,06/13/2026 04:35 PM,06/13/2026 08:29 PM,Listed
CO-013479,Collectibles,Store 07,06/29/2026 05:28 PM,06/30/2026 07:46 AM,07/01/2026 04:26 PM,Listed
SH-013480,Shoes,Donation Center 02,07/08/2026 12:27 PM,07/10/2026 01:54 PM,07/11/2026 09:03 PM,Listed
CO-013481,Collectibles,Store 07,06/08/2026 06:15 PM,06/10/2026 10:23 PM,06/11/2026 04:55 AM,Listed
SG-013482,Sporting Goods,Store 07,05/31/2026 09:21 AM,05/31/2026 07:22 PM,06/01/2026 09:52 AM,Listed
CL-013483,Clothing,Donation Center 02,07/07/2026 06:47 PM,07/09/2026 02:31 AM,07/09/2026 08:34 AM,Listed
KT-013484,Kitchen,Store 04,07/19/2026 12:22 AM,07/21/2026 07:51 PM,07/22/2026 03:21 PM,Listed
EL-013485,Electronics,Store 04,06/05/2026 04:09 PM,06/07/2026 08:56 PM,06/09/2026 12:14 PM,Listed
CL-013486,Clothing,Store 04,07/03/2026 03:27 AM,07/04/2026 11:15 PM,07/05/2026 02:48 AM,Listed
EL-013487,Electronics,Store 12,06/08/2026 10:28 AM,06/11/2026 03:14 AM,06/12/2026 03:39 PM,Listed
FN-013488,Furniture,Store 07,07/09/2026 08:59 PM,07/10/2026 01:23 AM,07/10/2026 08:12 AM,Listed
CL-013489,Clothing,Store 07,07/21/2026 05:19 AM,07/22/2026 03:34 AM,07/23/2026 12:41 AM,Listed
HM-013490,Home Decor,Store 12,07/01/2026 05:59 PM,07/03/2026 12:16 PM,07/04/2026 10:45 PM,Listed
CL-013491,Clothing,Donation Center 02,07/23/2026 10:37 PM,07/25/2026 02:51 AM,07/26/2026 07:00 PM,Listed
HM-013492,Home Decor,Store 07,07/15/2026 11:12 PM,07/17/2026 03:42 AM,07/18/2026 09:22 AM,Listed
CL-013493,Clothing,Outlet DC,06/29/2026 03:40 PM,06/30/2026 04:19 AM,07/01/2026 07:55 PM,Listed
HB-013494,Handbags,Donation Center 02,07/11/2026 03:17 AM,07/12/2026 06:39 PM,07/13/2026 05:41 PM,Listed
SH-013495,Shoes,Store 12,07/21/2026 12:42 PM,07/23/2026 04:49 AM,07/23/2026 06:45 AM,Listed
HM-013496,Home Decor,Outlet DC,07/17/2026 10:34 AM,07/19/2026 06:52 AM,07/20/2026 09:14 AM,Listed
BK-013497,Books,Donation Center 02,07/10/2026 12:49 PM,07/12/2026 01:21 PM,07/12/2026 03:51 PM,Listed
BK-013498,Books,Store 12,07/16/2026 10:53 AM,07/16/2026 03:14 PM,07/16/2026 05:45 PM,Listed
BK-013499,Books,Donation Center 02,06/20/2026 11:20 AM,06/21/2026 05:30 AM,06/22/2026 03:35 PM,Listed
BK-013500,Books,Store 07,07/02/2026 04:14 PM,07/04/2026 06:52 AM,07/05/2026 02:08 AM,Listed
BK-013501,Books,Store 12,07/26/2026 11:50 AM,07/26/2026 12:09 PM,07/27/2026 03:12 AM,Listed
BK-013502,Books,Donation Center 02,07/13/2026 06:51 PM,07/15/2026 04:42 AM,07/16/2026 04:55 AM,Listed
BK-013503,Books,Store 07,07/04/2026 07:22 AM,07/04/2026 12:19 PM,07/05/2026 02:39 AM,Listed
BK-013504,Books,Store 04,06/16/2026 02:39 PM,06/19/2026 12:19 PM,06/21/2026 12:11 PM,Listed
BK-013505,Books,Store 12,06/24/2026 05:36 AM,06/26/2026 07:16 AM,06/26/2026 09:37 AM,Listed
BK-013506,Books,Store 04,07/22/2026 05:46 AM,07/22/2026 08:18 PM,07/23/2026 09:44 AM,Listed
BK-013507,Books,Outlet DC,07/08/2026 07:10 PM,07/11/2026 06:36 PM,07/13/2026 05:00 PM,Listed
BK-013508,Books,Store 04,07/12/2026 06:35 AM,07/14/2026 10:06 PM,07/15/2026 02:51 AM,Listed
BK-013509,Books,Store 12,07/18/2026 10:19 PM,07/21/2026 10:23 AM,07/21/2026 10:08 PM,Listed
BK-013510,Books,Store 04,06/08/2026 03:51 AM,06/10/2026 10:48 PM,06/12/2026 03:08 PM,Listed
HB-013511,Handbags,Outlet DC,07/12/2026 04:39 PM,07/15/2026 03:06 AM,07/16/2026 12:39 AM,Listed
EL-013512,Electronics,Store 12,07/23/2026 02:07 PM,07/24/2026 10:36 AM,07/26/2026 03:02 AM,Listed
AR-013513,Art,Donation Center 02,07/06/2026 03:27 PM,07/09/2026 06:36 AM,07/09/2026 11:07 PM,Listed
JW-013514,Jewelry,Store 07,07/13/2026 01:44 PM,07/15/2026 12:31 PM,07/15/2026 07:59 PM,Listed
TY-013515,Toys,Store 12,07/20/2026 02:44 AM,07/21/2026 10:13 PM,07/22/2026 05:17 PM,Listed
SG-013516,Sporting Goods,Store 12,07/19/2026 07:11 AM,07/21/2026 02:40 AM,07/21/2026 09:03 AM,Listed
AR-013517,Art,Store 04,06/29/2026 05:37 PM,07/02/2026 03:53 AM,07/02/2026 04:06 PM,Listed
CO-013518,Collectibles,Outlet DC,07/13/2026 05:55 AM,07/14/2026 04:37 AM,07/15/2026 04:28 PM,Listed
CL-013519,Clothing,Store 07,07/19/2026 05:59 AM,07/20/2026 12:40 PM,07/21/2026 02:42 PM,Listed
WT-013520,Watches,Donation Center 02,07/17/2026 08:42 PM,07/20/2026 05:47 PM,07/22/2026 06:24 AM,Listed
JW-013521,Jewelry,Outlet DC,07/01/2026 09:55 AM,07/03/2026 10:20 AM,07/05/2026 05:02 AM,Listed
HB-013522,Handbags,Store 07,07/25/2026 07:21 AM,07/26/2026 10:47 PM,07/27/2026 08:15 AM,Listed
WT-013523,Watches,Store 07,07/19/2026 02:18 PM,07/21/2026 12:31 AM,07/22/2026 11:02 PM,Listed
WT-013524,Watches,Store 04,07/23/2026 03:58 AM,07/25/2026 12:03 PM,07/25/2026 02:30 PM,Listed
HB-013525,Handbags,Store 04,07/08/2026 09:26 PM,07/11/2026 02:06 PM,07/12/2026 09:33 PM,Listed
HB-013526,Handbags,Store 12,07/20/2026 11:27 PM,07/22/2026 11:14 PM,07/23/2026 11:55 PM,Listed
EL-013527,Electronics,Store 12,07/18/2026 08:28 PM,07/21/2026 01:26 AM,07/21/2026 07:36 PM,Listed
KT-013528,Kitchen,Donation Center 02,07/15/2026 05:49 PM,07/16/2026 10:22 PM,07/18/2026 07:12 AM,Listed
AR-013529,Art,Store 07,07/25/2026 03:12 AM,07/27/2026 10:07 PM,07/29/2026 04:21 AM,Listed
TY-013530,Toys,Store 07,07/27/2026 06:56 AM,07/28/2026 03:47 PM,07/30/2026 06:02 AM,Listed
HB-013531,Handbags,Store 07,07/21/2026 03:50 PM,07/22/2026 11:04 AM,07/23/2026 03:19 PM,Listed
AR-013532,Art,Store 07,07/29/2026 06:30 AM,07/31/2026 09:43 AM,07/31/2026 10:04 PM,Sent to E-Com
HB-013533,Handbags,Store 04,07/26/2026 02:27 AM,07/26/2026 02:28 AM,07/27/2026 06:19 AM,Listed
HM-013534,Home Decor,Store 04,07/12/2026 01:06 PM,07/14/2026 11:18 PM,07/16/2026 06:08 AM,Listed
CO-013535,Collectibles,Store 12,07/14/2026 12:48 PM,07/16/2026 12:36 AM,07/17/2026 01:34 PM,Listed
JW-013536,Jewelry,Store 04,07/02/2026 02:45 AM,07/03/2026 10:00 AM,07/04/2026 11:31 AM,Listed
KT-013537,Kitchen,Store 12,07/23/2026 12:50 AM,07/24/2026 05:18 PM,07/26/2026 05:07 AM,Listed
CO-013538,Collectibles,Store 04,07/25/2026 06:27 PM,07/26/2026 02:48 PM,07/28/2026 02:37 PM,Listed
KT-013539,Kitchen,Donation Center 02,07/22/2026 05:18 AM,07/24/2026 12:27 AM,07/25/2026 07:00 PM,Listed
WT-013540,Watches,Store 04,07/25/2026 08:02 AM,07/25/2026 03:31 PM,07/27/2026 04:38 AM,Listed
CO-013541,Collectibles,Store 04,07/26/2026 04:50 PM,07/27/2026 10:24 AM,07/29/2026 05:13 AM,Listed
JW-013542,Jewelry,Store 04,07/15/2026 06:01 AM,07/17/2026 09:43 AM,07/18/2026 12:55 AM,Listed
EL-013543,Electronics,Store 07,06/30/2026 02:14 PM,07/01/2026 02:59 AM,07/02/2026 05:54 AM,Listed
EL-013544,Electronics,Store 07,07/26/2026 07:00 AM,07/28/2026 07:41 PM,07/28/2026 11:55 PM,Listed
HB-013545,Handbags,Store 07,07/19/2026 12:25 PM,07/22/2026 03:39 AM,07/24/2026 12:39 AM,Listed
AR-013546,Art,Donation Center 02,07/23/2026 03:08 AM,07/23/2026 06:52 AM,07/23/2026 05:17 PM,Listed
CL-013547,Clothing,Store 07,07/23/2026 07:16 PM,07/24/2026 05:46 AM,07/25/2026 05:19 PM,Listed
JW-013548,Jewelry,Donation Center 02,07/16/2026 06:08 AM,07/16/2026 01:32 PM,07/17/2026 04:54 PM,Listed
EL-013549,Electronics,Store 04,07/17/2026 03:44 AM,07/19/2026 07:36 AM,07/20/2026 07:45 AM,Listed
TY-013550,Toys,Store 12,07/30/2026 03:15 AM,07/30/2026 11:06 AM,07/30/2026 11:41 AM,Listed
HM-013551,Home Decor,Store 12,07/21/2026 03:38 PM,07/23/2026 10:37 PM,07/25/2026 08:35 AM,Listed
SG-013552,Sporting Goods,Donation Center 02,07/04/2026 05:33 AM,07/05/2026 01:33 PM,07/06/2026 06:33 AM,Listed
TY-013553,Toys,Store 12,07/23/2026 01:50 AM,07/25/2026 06:35 PM,07/27/2026 06:18 PM,Listed
EL-013554,Electronics,Store 07,07/22/2026 08:25 AM,07/24/2026 10:53 AM,07/24/2026 07:11 PM,Listed
EL-013555,Electronics,Donation Center 02,07/21/2026 06:01 AM,07/23/2026 10:32 AM,07/23/2026 12:05 PM,Listed
AR-013556,Art,Store 04,07/27/2026 09:26 PM,07/29/2026 02:15 PM,07/30/2026 11:39 PM,Sent to E-Com
HB-013557,Handbags,Donation Center 02,07/24/2026 04:27 PM,07/26/2026 03:38 PM,07/26/2026 04:56 PM,Sent to E-Com
HB-013558,Handbags,Donation Center 02,07/29/2026 01:38 AM,07/30/2026 05:46 AM,07/31/2026 01:46 AM,Listed
CL-013559,Clothing,Store 12,07/17/2026 07:50 PM,07/19/2026 06:35 PM,07/21/2026 07:54 AM,Listed
SG-013560,Sporting Goods,Store 07,07/23/2026 04:33 PM,07/25/2026 08:27 AM,07/26/2026 12:17 PM,Listed
SG-013561,Sporting Goods,Store 12,07/21/2026 03:31 PM,07/24/2026 09:37 AM,07/26/2026 03:09 AM,Listed
KT-013562,Kitchen,Store 04,07/23/2026 08:41 PM,07/26/2026 11:00 AM,07/27/2026 11:20 PM,Listed
HB-013563,Handbags,Donation Center 02,07/26/2026 05:18 AM,07/26/2026 03:39 PM,07/27/2026 08:55 AM,Listed
HM-013564,Home Decor,Store 07,07/14/2026 03:44 AM,07/14/2026 01:57 PM,07/15/2026 04:14 AM,Listed
CO-013565,Collectibles,Donation Center 02,07/27/2026 07:35 PM,07/30/2026 06:54 AM,08/01/2026 06:27 AM,Sent to E-Com
JW-013566,Jewelry,Store 07,07/24/2026 10:05 AM,07/26/2026 09:00 PM,07/28/2026 08:28 PM,Listed
HM-013567,Home Decor,Store 07,07/24/2026 02:43 PM,07/26/2026 10:47 PM,07/28/2026 12:28 AM,Listed
HM-013568,Home Decor,Donation Center 02,07/26/2026 07:10 AM,07/27/2026 12:27 PM,07/28/2026 03:53 PM,Listed
TY-013569,Toys,Donation Center 02,06/27/2026 10:49 PM,06/29/2026 10:29 AM,06/29/2026 10:45 AM,Listed
BK-013570,Books,Store 07,05/26/2026 06:11 AM,05/28/2026 05:57 AM,05/29/2026 04:41 AM,Listed
MD-013571,Media,Outlet DC,07/20/2026 09:30 AM,07/21/2026 06:54 AM,07/23/2026 02:31 AM,Listed
MD-013572,Media,Store 07,07/01/2026 04:22 PM,07/02/2026 03:20 AM,07/04/2026 12:28 AM,Listed
BK-013573,Books,Outlet DC,05/12/2026 07:11 AM,05/13/2026 12:24 AM,05/13/2026 08:32 AM,Listed
MD-013574,Media,Donation Center 02,07/13/2026 04:27 PM,07/14/2026 10:26 AM,07/16/2026 03:06 AM,Listed
BK-013575,Books,Store 12,05/31/2026 10:16 PM,06/02/2026 11:04 PM,06/04/2026 07:22 PM,Listed
BK-013576,Books,Store 12,06/07/2026 02:38 AM,06/09/2026 11:32 AM,06/10/2026 02:44 AM,Listed
BK-013577,Books,Store 04,05/10/2026 12:21 AM,05/10/2026 04:48 PM,05/11/2026 01:45 PM,Listed
BK-013578,Books,Store 12,07/06/2026 07:33 AM,07/06/2026 06:59 PM,07/07/2026 11:43 PM,Listed
MD-013579,Media,Outlet DC,07/07/2026 09:58 AM,07/07/2026 11:27 AM,07/08/2026 08:57 PM,Listed
MD-013580,Media,Donation Center 02,07/09/2026 07:46 PM,07/10/2026 07:07 AM,07/11/2026 09:04 PM,Listed
CO-013581,Collectibles,Store 04,07/26/2026 12:19 AM,07/26/2026 09:03 PM,07/26/2026 10:57 PM,Listed
CO-013582,Collectibles,Donation Center 02,07/15/2026 10:22 AM,07/17/2026 09:26 AM,07/18/2026 05:47 PM,Listed
BK-013583,Books,Store 12,05/31/2026 03:22 PM,06/01/2026 01:55 AM,06/02/2026 07:06 AM,Listed
BK-013584,Books,Donation Center 02,06/23/2026 09:02 PM,06/24/2026 11:26 AM,06/25/2026 08:22 AM,Listed
BK-013585,Books,Store 07,06/22/2026 11:21 PM,06/23/2026 08:27 PM,06/25/2026 08:00 PM,Listed
BK-013586,Books,Store 04,06/29/2026 11:54 PM,06/30/2026 01:07 AM,07/01/2026 10:59 AM,Listed
BK-013587,Books,Store 12,07/15/2026 02:40 AM,07/16/2026 02:45 PM,07/17/2026 06:33 PM,Listed
MD-013588,Media,Store 12,06/18/2026 06:28 PM,06/21/2026 01:48 PM,06/22/2026 12:25 AM,Listed
MD-013589,Media,Outlet DC,07/15/2026 10:25 PM,07/16/2026 02:09 AM,07/16/2026 11:20 PM,Listed
BK-013590,Books,Donation Center 02,06/12/2026 11:06 AM,06/12/2026 03:29 PM,06/13/2026 03:06 PM,Listed
MD-013591,Media,Store 07,07/18/2026 03:30 PM,07/20/2026 10:44 AM,07/20/2026 12:01 PM,Listed
EL-013592,Electronics,Outlet DC,07/23/2026 08:24 AM,07/24/2026 07:38 AM,07/25/2026 08:00 AM,Listed
BK-013593,Books,Donation Center 02,05/28/2026 03:33 PM,05/31/2026 01:45 PM,06/01/2026 12:18 PM,Listed
BK-013594,Books,Store 04,06/26/2026 11:51 AM,06/29/2026 10:48 AM,06/30/2026 07:49 AM,Listed
BK-013595,Books,Outlet DC,06/19/2026 03:34 AM,06/19/2026 09:33 AM,06/19/2026 10:19 AM,Listed
MD-013596,Media,Store 04,06/28/2026 07:59 PM,06/29/2026 02:30 PM,06/30/2026 06:23 AM,Listed
BK-013597,Books,Donation Center 02,06/09/2026 09:51 AM,06/11/2026 09:17 PM,06/13/2026 03:43 PM,Listed
BK-013598,Books,Donation Center 02,07/03/2026 03:34 AM,07/06/2026 01:49 AM,07/07/2026 07:35 PM,Listed
BK-013599,Books,Store 12,05/20/2026 09:16 AM,05/21/2026 04:39 PM,05/22/2026 01:37 PM,Listed
BK-013600,Books,Store 12,06/10/2026 04:05 PM,06/11/2026 02:26 PM,06/12/2026 09:43 PM,Listed
BK-013601,Books,Donation Center 02,06/14/2026 03:50 PM,06/17/2026 12:31 AM,06/18/2026 02:14 PM,Listed
BK-013602,Books,Store 04,06/26/2026 09:10 PM,06/28/2026 11:51 PM,06/29/2026 01:18 PM,Listed
MD-013603,Media,Outlet DC,07/18/2026 07:05 PM,07/20/2026 07:18 AM,07/21/2026 05:55 AM,Listed
BK-013604,Books,Donation Center 02,06/21/2026 03:25 AM,06/23/2026 05:43 AM,06/23/2026 10:19 PM,Listed
MD-013605,Media,Donation Center 02,07/03/2026 11:23 PM,07/06/2026 05:22 AM,07/07/2026 03:08 PM,Listed
CO-013606,Collectibles,Store 12,07/24/2026 01:01 PM,07/25/2026 07:13 AM,07/26/2026 05:03 PM,Listed
BK-013607,Books,Store 12,05/01/2026 09:17 PM,05/04/2026 01:54 AM,05/04/2026 01:37 PM,Listed
EL-013608,Electronics,Store 07,07/18/2026 07:52 PM,07/20/2026 12:50 PM,07/21/2026 12:01 PM,Listed
CO-013609,Collectibles,Store 12,07/22/2026 12:47 PM,07/23/2026 07:42 PM,07/24/2026 02:32 AM,Listed
EL-013610,Electronics,Store 12,07/09/2026 09:47 AM,07/12/2026 02:18 AM,07/12/2026 08:25 AM,Listed
KT-013611,Kitchen,Store 12,07/04/2026 02:09 PM,07/06/2026 04:48 PM,07/08/2026 11:20 AM,Listed
SG-013612,Sporting Goods,Donation Center 02,07/07/2026 07:14 AM,07/09/2026 01:14 AM,07/11/2026 12:32 AM,Listed
CO-013613,Collectibles,Outlet DC,06/13/2026 01:02 PM,06/15/2026 07:47 PM,06/16/2026 03:00 AM,Listed
EL-013614,Electronics,Store 07,07/16/2026 03:08 AM,07/17/2026 07:29 AM,07/18/2026 11:02 PM,Listed
SH-013615,Shoes,Store 07,06/28/2026 05:34 AM,06/29/2026 04:48 PM,06/30/2026 09:17 AM,Listed
EL-013616,Electronics,Store 04,07/06/2026 04:07 PM,07/09/2026 12:59 PM,07/11/2026 12:16 PM,Listed
CO-013617,Collectibles,Store 07,06/14/2026 05:25 AM,06/17/2026 02:43 AM,06/18/2026 10:29 PM,Listed
SH-013618,Shoes,Store 07,06/03/2026 11:49 PM,06/06/2026 06:44 AM,06/07/2026 06:16 PM,Listed
CO-013619,Collectibles,Donation Center 02,07/11/2026 03:52 AM,07/11/2026 09:30 PM,07/13/2026 07:06 AM,Listed
CO-013620,Collectibles,Store 12,06/28/2026 12:03 PM,06/28/2026 01:26 PM,06/28/2026 05:59 PM,Listed
SH-013621,Shoes,Store 07,07/05/2026 06:31 PM,07/06/2026 11:47 PM,07/08/2026 06:18 AM,Listed
EL-013622,Electronics,Store 04,06/27/2026 06:19 PM,06/30/2026 04:01 PM,07/01/2026 04:59 AM,Listed
EL-013623,Electronics,Donation Center 02,06/29/2026 10:28 PM,07/01/2026 08:38 PM,07/02/2026 08:29 PM,Listed
CL-013624,Clothing,Outlet DC,07/07/2026 11:29 AM,07/08/2026 01:43 PM,07/09/2026 12:47 PM,Listed
CL-013625,Clothing,Donation Center 02,07/11/2026 08:55 AM,07/12/2026 02:54 PM,07/14/2026 07:25 AM,Listed
EL-013626,Electronics,Outlet DC,05/23/2026 01:00 PM,05/23/2026 05:38 PM,05/25/2026 07:00 AM,Listed
EL-013627,Electronics,Donation Center 02,07/19/2026 03:20 AM,07/21/2026 04:13 PM,07/23/2026 01:00 PM,Listed
CL-013628,Clothing,Store 07,05/02/2026 08:10 PM,05/03/2026 06:17 PM,05/05/2026 05:44 PM,Listed
KT-013629,Kitchen,Outlet DC,07/04/2026 12:39 AM,07/04/2026 02:31 PM,07/06/2026 07:31 AM,Listed
HB-013630,Handbags,Store 12,06/02/2026 01:17 PM,06/04/2026 09:30 PM,06/06/2026 12:20 AM,Listed
SH-013631,Shoes,Donation Center 02,07/24/2026 02:45 PM,07/25/2026 07:48 AM,07/26/2026 07:26 AM,Listed
HB-013632,Handbags,Donation Center 02,06/28/2026 12:15 PM,06/28/2026 04:01 PM,06/29/2026 10:35 PM,Listed
SH-013633,Shoes,Store 04,07/02/2026 03:33 PM,07/04/2026 12:07 PM,07/05/2026 10:10 PM,Listed
CL-013634,Clothing,Store 07,07/23/2026 04:04 AM,07/25/2026 05:26 PM,07/26/2026 01:29 AM,Listed
HM-013635,Home Decor,Store 07,06/12/2026 03:46 PM,06/15/2026 01:25 PM,06/16/2026 11:46 AM,Listed
CL-013636,Clothing,Store 12,07/05/2026 05:58 AM,07/06/2026 06:02 AM,07/06/2026 09:49 PM,Listed
BK-013637,Books,Store 12,07/10/2026 11:01 AM,07/13/2026 02:20 AM,07/13/2026 06:06 AM,Listed
BK-013638,Books,Store 07,07/21/2026 01:06 AM,07/22/2026 07:22 AM,07/24/2026 02:41 AM,Listed
BK-013639,Books,Outlet DC,07/20/2026 03:33 PM,07/20/2026 08:13 PM,07/21/2026 04:45 AM,Listed
BK-013640,Books,Store 04,07/16/2026 05:54 AM,07/18/2026 01:59 PM,07/20/2026 02:50 AM,Listed
BK-013641,Books,Donation Center 02,07/23/2026 06:01 AM,07/26/2026 02:59 AM,07/26/2026 03:45 AM,Listed
MD-013642,Media,Outlet DC,06/22/2026 01:07 PM,06/24/2026 12:51 AM,06/24/2026 05:46 PM,Listed
BK-013643,Books,Store 07,06/06/2026 07:20 AM,06/07/2026 12:42 PM,06/07/2026 01:18 PM,Listed
BK-013644,Books,Outlet DC,07/21/2026 07:50 PM,07/23/2026 04:30 AM,07/24/2026 02:15 AM,Listed
BK-013645,Books,Donation Center 02,07/13/2026 01:28 PM,07/13/2026 07:25 PM,07/14/2026 06:42 PM,Listed
BK-013646,Books,Store 12,07/07/2026 08:48 PM,07/10/2026 07:13 AM,07/11/2026 05:34 PM,Listed
BK-013647,Books,Donation Center 02,07/01/2026 10:42 PM,07/02/2026 01:50 PM,07/03/2026 04:07 PM,Listed
MD-013648,Media,Store 04,07/17/2026 01:09 PM,07/19/2026 01:45 AM,07/20/2026 08:40 AM,Listed
CL-013649,Clothing,Store 12,07/18/2026 02:24 PM,07/19/2026 04:06 PM,07/21/2026 07:56 AM,Listed
HM-013650,Home Decor,Donation Center 02,07/24/2026 01:00 PM,07/25/2026 04:01 AM,07/25/2026 06:27 AM,Listed
KT-013651,Kitchen,Store 12,07/22/2026 01:27 PM,07/23/2026 10:49 PM,07/24/2026 10:23 AM,Listed
WT-013652,Watches,Store 07,07/25/2026 05:12 PM,07/26/2026 08:42 PM,07/27/2026 06:32 PM,Listed
HB-013653,Handbags,Store 12,07/21/2026 12:33 PM,07/23/2026 08:47 PM,07/25/2026 11:59 AM,Listed
CL-013654,Clothing,Donation Center 02,07/13/2026 11:33 PM,07/15/2026 11:01 AM,07/16/2026 09:59 AM,Listed
CO-013655,Collectibles,Donation Center 02,07/20/2026 04:20 PM,07/23/2026 12:08 PM,07/23/2026 04:08 PM,Listed
TY-013656,Toys,Store 12,07/25/2026 01:47 AM,07/26/2026 02:16 PM,07/27/2026 05:01 PM,Listed
KT-013657,Kitchen,Donation Center 02,07/25/2026 05:37 AM,07/25/2026 07:56 PM,07/27/2026 05:56 PM,Listed
JW-013658,Jewelry,Outlet DC,07/22/2026 11:00 PM,07/23/2026 03:13 PM,07/23/2026 08:42 PM,Listed
TY-013659,Toys,Store 07,07/10/2026 01:14 AM,07/11/2026 04:01 PM,07/13/2026 02:51 AM,Listed
TY-013660,Toys,Outlet DC,07/18/2026 04:10 AM,07/19/2026 03:13 PM,07/20/2026 09:19 PM,Listed
EL-013661,Electronics,Donation Center 02,07/23/2026 07:50 AM,07/24/2026 09:34 AM,07/24/2026 07:10 PM,Listed
CO-013662,Collectibles,Store 12,07/16/2026 06:12 PM,07/19/2026 12:07 PM,07/20/2026 08:56 AM,Listed
SG-013663,Sporting Goods,Store 12,07/23/2026 08:48 PM,07/24/2026 08:25 PM,07/25/2026 04:12 PM,Listed
HM-013664,Home Decor,Outlet DC,07/23/2026 01:16 PM,07/24/2026 06:21 PM,07/26/2026 05:38 PM,Listed
CO-013665,Collectibles,Store 07,07/28/2026 02:53 AM,07/29/2026 05:03 AM,07/30/2026 01:19 AM,Listed
AR-013666,Art,Outlet DC,07/24/2026 06:42 PM,07/25/2026 05:07 AM,07/26/2026 09:46 AM,Listed
CL-013667,Clothing,Store 12,07/22/2026 09:32 AM,07/23/2026 08:07 AM,07/23/2026 04:07 PM,Listed
JW-013668,Jewelry,Store 04,07/27/2026 06:56 PM,07/30/2026 03:53 PM,07/31/2026 01:28 AM,Sent to E-Com
JW-013669,Jewelry,Donation Center 02,07/25/2026 05:29 AM,07/28/2026 05:01 AM,07/28/2026 03:44 PM,Listed
EL-013670,Electronics,Store 07,07/12/2026 02:16 PM,07/13/2026 04:12 AM,07/14/2026 09:02 PM,Listed
CL-013671,Clothing,Outlet DC,07/07/2026 01:46 AM,07/08/2026 06:27 PM,07/10/2026 11:06 AM,Listed
HB-013672,Handbags,Store 12,07/10/2026 10:21 PM,07/11/2026 12:20 AM,07/11/2026 11:28 PM,Listed
HM-013673,Home Decor,Store 04,07/15/2026 04:25 PM,07/16/2026 05:20 AM,07/17/2026 06:08 PM,Listed
SG-013674,Sporting Goods,Donation Center 02,07/15/2026 12:42 AM,07/16/2026 11:19 AM,07/16/2026 01:03 PM,Listed
WT-013675,Watches,Store 07,07/17/2026 03:46 PM,07/20/2026 02:57 PM,07/22/2026 05:24 AM,Listed
CO-013676,Collectibles,Store 12,07/22/2026 10:21 PM,07/24/2026 06:36 AM,07/25/2026 05:58 AM,Listed
HM-013677,Home Decor,Store 04,07/22/2026 09:23 PM,07/24/2026 03:18 PM,07/25/2026 12:01 PM,Listed
KT-013678,Kitchen,Donation Center 02,07/25/2026 03:07 AM,07/26/2026 08:29 AM,07/27/2026 08:24 AM,Sent to E-Com
KT-013679,Kitchen,Donation Center 02,07/23/2026 04:27 PM,07/24/2026 01:25 PM,07/26/2026 10:05 AM,Listed
CL-013680,Clothing,Store 07,07/20/2026 06:12 AM,07/23/2026 03:09 AM,07/25/2026 01:46 AM,Listed
JW-013681,Jewelry,Donation Center 02,07/18/2026 01:27 PM,07/20/2026 07:13 PM,07/22/2026 02:14 PM,Listed
HB-013682,Handbags,Donation Center 02,07/25/2026 01:36 PM,07/26/2026 12:52 AM,07/27/2026 09:02 AM,Listed
AR-013683,Art,Donation Center 02,07/25/2026 07:56 AM,07/28/2026 05:37 AM,07/28/2026 03:31 PM,Listed
CL-013684,Clothing,Store 04,07/20/2026 02:14 AM,07/20/2026 02:33 PM,07/21/2026 03:44 AM,Listed
HM-013685,Home Decor,Store 04,07/26/2026 12:16 PM,07/28/2026 07:15 AM,07/28/2026 08:21 PM,Listed
HB-013686,Handbags,Store 04,07/21/2026 10:26 PM,07/22/2026 01:25 AM,07/23/2026 03:06 AM,Listed
HB-013687,Handbags,Store 04,07/23/2026 11:48 PM,07/26/2026 01:50 AM,07/28/2026 12:32 AM,Listed
TY-013688,Toys,Store 04,07/03/2026 02:53 AM,07/05/2026 12:36 AM,07/06/2026 03:20 PM,Listed
CO-013689,Collectibles,Store 04,07/16/2026 01:16 AM,07/18/2026 02:07 AM,07/20/2026 12:59 AM,Listed
CO-013690,Collectibles,Store 12,07/23/2026 08:00 PM,07/24/2026 05:59 AM,07/24/2026 09:53 AM,Listed
HM-013691,Home Decor,Store 04,07/22/2026 04:09 AM,07/25/2026 02:26 AM,07/25/2026 09:48 PM,Listed
EL-013692,Electronics,Donation Center 02,07/24/2026 04:45 PM,07/26/2026 04:33 PM,07/26/2026 07:30 PM,Listed
HM-013693,Home Decor,Donation Center 02,07/16/2026 02:59 PM,07/18/2026 09:42 PM,07/19/2026 07:44 AM,Listed
CL-013694,Clothing,Outlet DC,07/20/2026 02:16 AM,07/21/2026 06:15 AM,07/21/2026 02:05 PM,Listed
CO-013695,Collectibles,Donation Center 02,07/27/2026 07:34 AM,07/30/2026 07:02 AM,07/30/2026 08:41 PM,Sent to E-Com
HM-013696,Home Decor,Donation Center 02,07/18/2026 02:12 PM,07/20/2026 08:12 PM,07/20/2026 11:14 PM,Listed
AR-013697,Art,Outlet DC,07/21/2026 05:46 PM,07/22/2026 01:01 PM,07/24/2026 12:05 AM,Listed
MD-013698,Media,Outlet DC,07/22/2026 02:36 AM,07/24/2026 09:37 AM,07/24/2026 08:17 PM,Listed
BK-013699,Books,Store 04,07/07/2026 12:32 PM,07/07/2026 06:53 PM,07/09/2026 05:11 AM,Listed
BK-013700,Books,Store 12,07/22/2026 05:55 PM,07/23/2026 10:17 PM,07/25/2026 08:47 PM,Listed
BK-013701,Books,Store 04,06/14/2026 01:24 AM,06/16/2026 02:56 PM,06/16/2026 09:59 PM,Listed
BK-013702,Books,Store 07,06/23/2026 02:18 AM,06/24/2026 09:02 AM,06/24/2026 10:49 PM,Listed
BK-013703,Books,Outlet DC,06/17/2026 05:35 AM,06/19/2026 04:33 AM,06/19/2026 01:31 PM,Listed
BK-013704,Books,Store 07,05/19/2026 12:19 AM,05/19/2026 06:08 AM,05/20/2026 03:48 PM,Listed
BK-013705,Books,Store 12,07/06/2026 03:46 PM,07/08/2026 04:00 AM,07/09/2026 09:16 AM,Listed
BK-013706,Books,Store 04,05/19/2026 03:19 PM,05/20/2026 12:22 PM,05/21/2026 09:47 AM,Listed
MD-013707,Media,Store 07,07/09/2026 10:48 PM,07/10/2026 06:23 AM,07/10/2026 08:48 AM,Listed
BK-013708,Books,Store 12,07/08/2026 08:18 AM,07/09/2026 02:34 PM,07/09/2026 04:52 PM,Listed
MD-013709,Media,Donation Center 02,07/22/2026 03:15 AM,07/23/2026 08:10 AM,07/24/2026 01:44 AM,Listed
BK-013710,Books,Store 04,05/09/2026 07:56 AM,05/10/2026 09:31 AM,05/11/2026 05:52 AM,Listed
MD-013711,Media,Store 12,07/21/2026 12:19 PM,07/22/2026 09:41 AM,07/22/2026 01:08 PM,Listed
MD-013712,Media,Store 07,06/30/2026 05:17 AM,07/01/2026 11:21 PM,07/02/2026 04:31 PM,Listed
BK-013713,Books,Store 12,04/06/2026 11:47 PM,04/09/2026 04:18 AM,04/09/2026 06:15 PM,Listed
BK-013714,Books,Store 04,04/20/2026 05:28 PM,04/23/2026 12:28 PM,04/23/2026 04:38 PM,Listed
BK-013715,Books,Store 12,07/07/2026 04:29 AM,07/09/2026 10:19 AM,07/10/2026 01:56 AM,Listed
BK-013716,Books,Store 12,06/16/2026 04:54 AM,06/18/2026 06:34 PM,06/19/2026 05:44 AM,Listed
BK-013717,Books,Store 12,07/09/2026 03:03 AM,07/11/2026 02:06 AM,07/11/2026 12:16 PM,Listed
MD-013718,Media,Store 04,07/19/2026 07:47 PM,07/21/2026 02:01 PM,07/23/2026 07:08 AM,Listed
MD-013719,Media,Store 04,07/19/2026 09:24 AM,07/20/2026 10:25 AM,07/20/2026 07:59 PM,Listed
EL-013720,Electronics,Store 12,07/06/2026 08:44 AM,07/07/2026 02:09 AM,07/08/2026 07:18 PM,Listed
BK-013721,Books,Store 04,06/20/2026 05:13 PM,06/23/2026 01:11 PM,06/25/2026 02:29 AM,Listed
BK-013722,Books,Outlet DC,06/03/2026 08:27 AM,06/05/2026 11:29 PM,06/06/2026 10:34 PM,Listed
EL-013723,Electronics,Store 12,07/21/2026 06:15 AM,07/23/2026 09:11 AM,07/25/2026 07:23 AM,Listed
BK-013724,Books,Store 07,07/01/2026 04:53 PM,07/03/2026 12:25 AM,07/04/2026 06:22 AM,Listed
BK-013725,Books,Store 04,06/16/2026 02:43 AM,06/17/2026 04:34 AM,06/19/2026 02:47 AM,Listed
BK-013726,Books,Outlet DC,05/22/2026 11:22 AM,05/24/2026 01:02 AM,05/25/2026 07:30 AM,Listed
MD-013727,Media,Outlet DC,06/22/2026 05:13 AM,06/24/2026 01:03 AM,06/25/2026 10:56 AM,Listed
BK-013728,Books,Donation Center 02,06/22/2026 07:26 AM,06/23/2026 07:14 AM,06/24/2026 06:27 AM,Listed
MD-013729,Media,Store 04,07/15/2026 03:48 AM,07/16/2026 02:36 AM,07/17/2026 04:54 AM,Listed
BK-013730,Books,Outlet DC,06/08/2026 07:14 PM,06/11/2026 02:42 PM,06/13/2026 11:14 AM,Listed
BK-013731,Books,Outlet DC,07/15/2026 11:13 PM,07/17/2026 12:59 AM,07/17/2026 10:01 AM,Listed
CO-013732,Collectibles,Outlet DC,07/29/2026 09:21 AM,07/30/2026 12:02 AM,07/30/2026 01:53 PM,Listed
MD-013733,Media,Donation Center 02,07/23/2026 06:23 PM,07/24/2026 06:22 AM,07/24/2026 08:01 PM,Listed
BK-013734,Books,Donation Center 02,07/10/2026 05:59 AM,07/11/2026 04:13 PM,07/12/2026 10:09 AM,Listed
EL-013735,Electronics,Store 07,07/14/2026 12:14 PM,07/15/2026 11:18 AM,07/15/2026 08:04 PM,Listed
EL-013736,Electronics,Store 12,07/14/2026 02:22 PM,07/16/2026 07:15 AM,07/17/2026 07:14 AM,Listed
BK-013737,Books,Store 07,06/07/2026 07:25 AM,06/07/2026 04:54 PM,06/09/2026 05:23 AM,Listed
BK-013738,Books,Outlet DC,03/14/2026 04:43 AM,03/15/2026 10:17 AM,03/16/2026 07:14 PM,Listed
BK-013739,Books,Store 12,04/27/2026 10:08 AM,04/27/2026 08:11 PM,04/28/2026 02:52 PM,Listed
BK-013740,Books,Outlet DC,07/15/2026 12:26 PM,07/16/2026 02:43 AM,07/16/2026 08:02 AM,Listed
MD-013741,Media,Donation Center 02,07/11/2026 07:43 AM,07/11/2026 12:08 PM,07/12/2026 06:51 PM,Listed
MD-013742,Media,Outlet DC,07/15/2026 04:16 AM,07/15/2026 07:24 AM,07/15/2026 02:18 PM,Listed
TY-013743,Toys,Store 12,07/27/2026 07:02 AM,07/28/2026 06:22 PM,07/29/2026 04:33 AM,Listed
MD-013744,Media,Store 07,07/25/2026 06:52 AM,07/27/2026 06:28 AM,07/27/2026 08:08 AM,Listed
BK-013745,Books,Store 12,05/31/2026 05:22 AM,06/03/2026 02:19 AM,06/04/2026 12:14 PM,Listed
CO-013746,Collectibles,Store 07,07/06/2026 08:33 PM,07/08/2026 08:07 PM,07/09/2026 11:43 PM,Listed
BK-013747,Books,Store 12,03/25/2026 01:55 PM,03/27/2026 03:48 PM,03/29/2026 11:50 AM,Listed
CO-013748,Collectibles,Store 12,07/07/2026 09:17 PM,07/09/2026 06:43 PM,07/10/2026 10:42 PM,Listed
CO-013749,Collectibles,Store 12,07/10/2026 08:57 AM,07/12/2026 03:29 PM,07/14/2026 12:11 PM,Listed
CL-013750,Clothing,Store 12,07/03/2026 06:49 PM,07/05/2026 05:04 PM,07/06/2026 02:18 AM,Listed
SG-013751,Sporting Goods,Outlet DC,06/20/2026 10:50 AM,06/21/2026 10:49 PM,06/22/2026 02:23 AM,Listed
HB-013752,Handbags,Store 07,06/23/2026 08:30 AM,06/26/2026 05:03 AM,06/27/2026 05:08 AM,Listed
EL-013753,Electronics,Outlet DC,07/05/2026 04:34 PM,07/06/2026 05:01 PM,07/08/2026 08:28 AM,Listed
EL-013754,Electronics,Store 07,05/14/2026 11:01 AM,05/15/2026 03:37 AM,05/16/2026 05:34 PM,Listed
SG-013755,Sporting Goods,Store 07,07/08/2026 01:29 PM,07/08/2026 09:36 PM,07/10/2026 07:05 PM,Listed
CL-013756,Clothing,Outlet DC,06/28/2026 05:23 PM,07/01/2026 02:40 PM,07/02/2026 02:07 AM,Listed
SG-013757,Sporting Goods,Store 12,07/11/2026 02:30 PM,07/11/2026 09:12 PM,07/13/2026 05:40 AM,Listed
HB-013758,Handbags,Store 04,06/19/2026 12:19 PM,06/19/2026 10:09 PM,06/19/2026 11:28 PM,Listed
SG-013759,Sporting Goods,Store 07,07/11/2026 04:22 AM,07/13/2026 06:34 AM,07/13/2026 06:34 AM,Listed
EL-013760,Electronics,Store 07,05/12/2026 12:41 AM,05/12/2026 09:22 AM,05/14/2026 06:10 AM,Listed
HB-013761,Handbags,Store 07,07/10/2026 04:07 AM,07/10/2026 09:19 AM,07/12/2026 04:48 AM,Listed
CL-013762,Clothing,Store 12,07/07/2026 02:20 PM,07/09/2026 02:53 PM,07/11/2026 01:46 AM,Listed
EL-013763,Electronics,Store 07,07/08/2026 02:55 PM,07/09/2026 06:29 PM,07/09/2026 08:39 PM,Listed
SH-013764,Shoes,Donation Center 02,07/20/2026 12:54 PM,07/23/2026 01:13 AM,07/24/2026 03:25 PM,Listed
CL-013765,Clothing,Donation Center 02,07/19/2026 03:45 PM,07/20/2026 04:26 PM,07/21/2026 08:00 PM,Listed
HM-013766,Home Decor,Store 04,07/11/2026 07:43 PM,07/12/2026 10:05 AM,07/12/2026 05:21 PM,Listed
FN-013767,Furniture,Donation Center 02,07/02/2026 08:51 PM,07/04/2026 06:19 AM,07/05/2026 08:13 PM,Listed
HM-013768,Home Decor,Store 07,07/08/2026 05:20 AM,07/10/2026 01:13 PM,07/12/2026 02:33 AM,Listed
CL-013769,Clothing,Store 12,07/11/2026 01:29 PM,07/13/2026 04:03 AM,07/13/2026 05:09 AM,Listed
HM-013770,Home Decor,Outlet DC,07/08/2026 03:00 PM,07/09/2026 07:39 PM,07/10/2026 05:29 PM,Listed
SH-013771,Shoes,Outlet DC,07/24/2026 03:28 AM,07/26/2026 07:34 AM,07/27/2026 05:10 PM,Listed
KT-013772,Kitchen,Store 07,06/17/2026 11:11 AM,06/19/2026 12:33 PM,06/21/2026 08:08 AM,Listed
BK-013773,Books,Store 07,07/22/2026 02:53 AM,07/24/2026 10:06 AM,07/25/2026 03:20 AM,Listed
BK-013774,Books,Outlet DC,07/19/2026 06:33 PM,07/21/2026 03:28 PM,07/22/2026 12:16 PM,Listed
BK-013775,Books,Donation Center 02,07/23/2026 08:22 AM,07/24/2026 03:54 AM,07/26/2026 02:48 AM,Listed
BK-013776,Books,Outlet DC,07/14/2026 05:35 AM,07/15/2026 10:37 AM,07/17/2026 10:14 AM,Listed
BK-013777,Books,Store 07,07/17/2026 10:43 AM,07/19/2026 08:16 AM,07/21/2026 02:32 AM,Listed
MD-013778,Media,Store 07,07/08/2026 01:46 AM,07/09/2026 02:30 PM,07/10/2026 05:02 AM,Listed
BK-013779,Books,Donation Center 02,07/23/2026 11:04 AM,07/24/2026 09:46 AM,07/24/2026 05:07 PM,Listed
BK-013780,Books,Store 07,07/14/2026 12:58 AM,07/14/2026 03:33 PM,07/15/2026 05:47 AM,Listed
BK-013781,Books,Store 04,07/10/2026 09:49 PM,07/11/2026 08:02 PM,07/13/2026 02:18 PM,Listed
BK-013782,Books,Store 12,07/06/2026 04:48 AM,07/08/2026 09:35 PM,07/09/2026 11:56 PM,Listed
BK-013783,Books,Store 04,07/08/2026 12:07 AM,07/10/2026 04:07 PM,07/11/2026 04:42 PM,Listed
JW-013784,Jewelry,Store 04,07/27/2026 11:04 PM,07/29/2026 01:01 AM,07/29/2026 04:39 AM,Sent to E-Com
CO-013785,Collectibles,Store 07,07/19/2026 05:14 PM,07/19/2026 09:17 PM,07/20/2026 12:02 PM,Listed
KT-013786,Kitchen,Store 07,07/27/2026 01:32 AM,07/28/2026 08:50 AM,07/30/2026 06:07 AM,Sent to E-Com
CO-013787,Collectibles,Donation Center 02,07/21/2026 10:47 AM,07/21/2026 04:32 PM,07/22/2026 11:10 AM,Listed
JW-013788,Jewelry,Store 04,07/28/2026 12:49 PM,07/30/2026 11:32 AM,07/31/2026 12:09 PM,Listed
JW-013789,Jewelry,Outlet DC,07/12/2026 02:46 PM,07/14/2026 01:11 AM,07/14/2026 10:17 PM,Listed
CO-013790,Collectibles,Store 12,07/19/2026 12:00 AM,07/19/2026 10:46 PM,07/20/2026 09:01 AM,Listed
HM-013791,Home Decor,Outlet DC,07/20/2026 09:05 PM,07/23/2026 08:52 AM,07/23/2026 09:23 AM,Listed
JW-013792,Jewelry,Donation Center 02,07/24/2026 12:55 AM,07/26/2026 04:27 PM,07/27/2026 12:38 PM,Sent to E-Com
HM-013793,Home Decor,Donation Center 02,07/18/2026 03:01 PM,07/20/2026 07:25 AM,07/20/2026 06:10 PM,Listed
CO-013795,Collectibles,Store 07,07/24/2026 04:46 AM,07/26/2026 05:24 AM,07/27/2026 06:21 AM,Listed
JW-013796,Jewelry,Store 04,07/11/2026 05:20 AM,07/13/2026 02:19 AM,07/13/2026 06:31 AM,Listed
EL-013797,Electronics,Donation Center 02,07/23/2026 02:56 PM,07/24/2026 12:11 AM,07/25/2026 02:01 AM,Sent to E-Com
EL-013798,Electronics,Store 12,07/23/2026 01:06 AM,07/24/2026 02:34 AM,07/25/2026 07:45 PM,Listed
JW-013800,Jewelry,Store 04,07/18/2026 10:56 PM,07/19/2026 01:49 AM,07/20/2026 12:33 AM,Listed
JW-013801,Jewelry,Outlet DC,07/29/2026 11:49 AM,07/29/2026 11:54 PM,07/30/2026 09:26 AM,Listed
EL-013802,Electronics,Store 07,07/21/2026 03:43 PM,07/22/2026 02:39 PM,07/22/2026 02:54 PM,Listed
KT-013803,Kitchen,Store 12,07/13/2026 06:41 PM,07/15/2026 03:39 AM,07/15/2026 08:15 PM,Listed
EL-013804,Electronics,Donation Center 02,07/25/2026 11:28 AM,07/27/2026 02:07 PM,07/27/2026 11:17 PM,Listed
CO-013805,Collectibles,Store 04,07/15/2026 09:34 PM,07/18/2026 07:26 PM,07/20/2026 07:24 PM,Listed
EL-013806,Electronics,Store 07,07/28/2026 08:08 PM,07/28/2026 11:16 PM,07/29/2026 09:58 PM,Listed
CO-013807,Collectibles,Outlet DC,07/21/2026 08:51 AM,07/21/2026 09:21 AM,07/22/2026 03:09 PM,Listed
CL-013808,Clothing,Outlet DC,07/11/2026 08:25 AM,07/14/2026 03:18 AM,07/14/2026 07:50 PM,Listed
CO-013809,Collectibles,Store 04,07/22/2026 06:52 AM,07/23/2026 05:11 PM,07/24/2026 04:35 PM,Listed
HB-013810,Handbags,Outlet DC,07/29/2026 10:42 PM,07/31/2026 02:47 AM,08/01/2026 03:41 AM,Sent to E-Com
EL-013811,Electronics,Store 12,07/25/2026 03:18 AM,07/27/2026 08:30 PM,07/28/2026 08:23 PM,Listed
SG-013812,Sporting Goods,Outlet DC,07/28/2026 02:46 PM,07/31/2026 11:02 AM,07/31/2026 11:29 PM,Sent to E-Com
CO-013813,Collectibles,Store 07,07/21/2026 11:48 AM,07/22/2026 03:04 PM,07/24/2026 02:49 AM,Listed
HB-013814,Handbags,Store 04,07/23/2026 11:39 PM,07/26/2026 10:16 AM,07/26/2026 10:46 AM,Sent to E-Com
EL-013815,Electronics,Store 04,07/30/2026 10:26 AM,07/31/2026 07:38 PM,08/01/2026 09:50 PM,Sent to E-Com
JW-013816,Jewelry,Outlet DC,07/23/2026 03:18 PM,07/25/2026 09:43 AM,07/25/2026 10:51 PM,Listed
JW-013817,Jewelry,Store 04,07/13/2026 04:11 PM,07/15/2026 11:10 PM,07/17/2026 05:19 PM,Listed
CL-013818,Clothing,Store 12,07/29/2026 03:24 AM,07/29/2026 01:45 PM,07/31/2026 06:09 AM,Listed
JW-013819,Jewelry,Store 12,07/21/2026 06:55 PM,07/24/2026 12:02 AM,07/24/2026 09:45 AM,Listed
HM-013820,Home Decor,Store 04,07/29/2026 12:26 AM,07/29/2026 11:52 AM,07/30/2026 08:36 PM,Listed
CL-013821,Clothing,Store 07,07/24/2026 08:29 AM,07/24/2026 06:10 PM,07/26/2026 02:54 AM,Listed
CO-013822,Collectibles,Outlet DC,07/15/2026 09:57 PM,07/18/2026 05:07 AM,07/19/2026 09:43 PM,Listed
CO-013823,Collectibles,Outlet DC,07/21/2026 04:17 AM,07/22/2026 11:52 PM,07/23/2026 03:34 AM,Listed
CL-013824,Clothing,Store 12,07/30/2026 02:50 AM,07/30/2026 06:13 AM,07/30/2026 10:12 AM,Sent to E-Com
HM-013825,Home Decor,Outlet DC,07/25/2026 07:31 PM,07/25/2026 08:39 PM,07/26/2026 12:16 AM,Listed
EL-013826,Electronics,Donation Center 02,07/24/2026 09:15 PM,07/27/2026 02:54 AM,07/27/2026 06:09 PM,Sent to E-Com
CO-013827,Collectibles,Store 04,07/21/2026 08:26 PM,07/24/2026 02:44 AM,07/25/2026 01:53 PM,Listed
EL-013828,Electronics,Outlet DC,07/09/2026 01:20 AM,07/10/2026 02:57 AM,07/11/2026 03:58 PM,Listed
EL-013829,Electronics,Donation Center 02,07/21/2026 02:38 AM,07/23/2026 06:30 PM,07/25/2026 10:16 AM,Listed
AR-013830,Art,Store 07,07/15/2026 04:46 AM,07/16/2026 05:02 AM,07/18/2026 04:30 AM,Listed
CO-013831,Collectibles,Outlet DC,07/23/2026 01:20 AM,07/24/2026 06:10 AM,07/24/2026 02:13 PM,Listed
TY-013832,Toys,Store 04,06/24/2026 01:06 AM,06/26/2026 09:44 PM,06/28/2026 12:38 AM,Listed
BK-013833,Books,Store 04,07/01/2026 08:14 AM,07/01/2026 11:02 AM,07/01/2026 02:10 PM,Listed
BK-013834,Books,Store 12,07/09/2026 05:36 PM,07/11/2026 05:38 PM,07/11/2026 06:11 PM,Listed
BK-013835,Books,Store 04,06/18/2026 02:31 AM,06/19/2026 01:49 PM,06/19/2026 05:40 PM,Listed
EL-013836,Electronics,Store 12,07/22/2026 08:10 AM,07/24/2026 02:02 AM,07/25/2026 11:14 PM,Listed
BK-013837,Books,Outlet DC,06/07/2026 06:05 PM,06/09/2026 10:51 PM,06/10/2026 03:24 AM,Listed
BK-013838,Books,Store 12,07/04/2026 09:36 PM,07/05/2026 12:50 PM,07/06/2026 04:09 AM,Listed
BK-013839,Books,Store 12,04/22/2026 04:32 PM,04/25/2026 09:19 AM,04/25/2026 04:07 PM,Listed
MD-013840,Media,Donation Center 02,07/21/2026 01:30 PM,07/23/2026 02:49 AM,07/23/2026 09:43 PM,Listed
BK-013841,Books,Store 12,07/15/2026 05:51 PM,07/18/2026 12:47 PM,07/18/2026 09:11 PM,Listed
BK-013842,Books,Store 07,05/21/2026 09:24 AM,05/24/2026 03:15 AM,05/25/2026 02:58 AM,Listed
BK-013843,Books,Store 07,07/18/2026 01:22 PM,07/19/2026 09:25 PM,07/20/2026 01:31 PM,Listed
BK-013844,Books,Store 07,05/30/2026 12:51 PM,05/31/2026 08:03 AM,06/01/2026 08:02 PM,Listed
BK-013845,Books,Donation Center 02,06/22/2026 08:46 PM,06/23/2026 01:33 AM,06/24/2026 04:59 PM,Listed
BK-013846,Books,Outlet DC,06/25/2026 06:38 PM,06/25/2026 09:44 PM,06/26/2026 08:53 AM,Listed
BK-013847,Books,Store 12,07/12/2026 05:49 PM,07/15/2026 12:03 PM,07/16/2026 09:39 AM,Listed
MD-013848,Media,Outlet DC,07/20/2026 10:43 AM,07/21/2026 09:20 PM,07/22/2026 04:50 AM,Listed
CO-013849,Collectibles,Store 04,07/18/2026 02:51 PM,07/20/2026 07:39 PM,07/21/2026 04:50 AM,Listed
BK-013850,Books,Outlet DC,06/20/2026 07:50 AM,06/22/2026 08:20 PM,06/24/2026 12:50 PM,Listed
BK-013851,Books,Store 07,06/17/2026 07:12 PM,06/19/2026 07:00 AM,06/19/2026 11:01 AM,Listed
EL-013852,Electronics,Store 12,07/04/2026 08:13 AM,07/06/2026 09:37 AM,07/07/2026 09:42 AM,Listed
BK-013853,Books,Store 12,07/20/2026 12:56 AM,07/22/2026 10:14 AM,07/23/2026 03:42 AM,Listed
MD-013854,Media,Outlet DC,07/16/2026 08:25 PM,07/17/2026 01:34 PM,07/17/2026 09:35 PM,Listed
MD-013855,Media,Donation Center 02,07/16/2026 02:19 PM,07/17/2026 01:10 PM,07/18/2026 11:27 PM,Listed
BK-013856,Books,Store 12,07/03/2026 10:24 AM,07/06/2026 06:06 AM,07/07/2026 11:37 AM,Listed
MD-013857,Media,Store 07,07/26/2026 04:20 AM,07/28/2026 06:13 AM,07/28/2026 08:28 AM,Listed
BK-013858,Books,Outlet DC,07/01/2026 01:00 AM,07/03/2026 12:23 PM,07/03/2026 02:28 PM,Listed
MD-013859,Media,Store 07,07/30/2026 04:26 AM,07/30/2026 08:11 AM,07/31/2026 03:13 AM,Sent to E-Com
BK-013860,Books,Store 12,06/28/2026 11:03 PM,06/30/2026 09:27 AM,07/02/2026 06:58 AM,Listed
BK-013861,Books,Donation Center 02,06/22/2026 04:19 PM,06/22/2026 07:28 PM,06/24/2026 08:04 AM,Listed
TY-013862,Toys,Outlet DC,07/22/2026 06:52 PM,07/22/2026 11:20 PM,07/24/2026 01:04 PM,Listed
CO-013863,Collectibles,Store 04,06/21/2026 10:38 AM,06/23/2026 11:49 AM,06/24/2026 10:47 PM,Listed
MD-013864,Media,Donation Center 02,07/21/2026 06:42 PM,07/22/2026 04:21 AM,07/23/2026 04:54 AM,Listed
CO-013865,Collectibles,Outlet DC,07/24/2026 01:32 AM,07/26/2026 05:50 AM,07/27/2026 07:21 PM,Listed
BK-013866,Books,Store 12,06/15/2026 10:36 AM,06/17/2026 10:34 PM,06/19/2026 07:14 PM,Listed
MD-013867,Media,Store 12,07/29/2026 10:10 AM,07/31/2026 04:20 PM,08/01/2026 09:53 AM,Sent to E-Com
MD-013868,Media,Store 12,07/27/2026 06:27 AM,07/29/2026 11:11 AM,07/31/2026 03:05 AM,Listed
MD-013869,Media,Outlet DC,05/27/2026 09:33 PM,05/28/2026 08:31 AM,05/28/2026 12:50 PM,Listed
BK-013870,Books,Donation Center 02,06/19/2026 06:00 PM,06/20/2026 10:30 AM,06/20/2026 05:40 PM,Listed
BK-013871,Books,Outlet DC,07/10/2026 12:23 AM,07/10/2026 07:49 AM,07/10/2026 11:14 PM,Listed
MD-013872,Media,Store 04,07/18/2026 07:32 AM,07/18/2026 05:01 PM,07/19/2026 02:24 PM,Listed
BK-013873,Books,Store 12,04/01/2026 03:14 PM,04/04/2026 02:30 AM,04/05/2026 06:36 PM,Listed
BK-013874,Books,Outlet DC,07/11/2026 12:31 PM,07/14/2026 04:29 AM,07/15/2026 04:26 PM,Listed
BK-013875,Books,Store 04,07/12/2026 03:20 PM,07/12/2026 07:18 PM,07/14/2026 10:17 AM,Listed
MD-013876,Media,Store 12,07/27/2026 07:11 AM,07/28/2026 01:27 AM,07/29/2026 11:38 AM,Listed
EL-013877,Electronics,Store 12,07/20/2026 10:38 PM,07/22/2026 11:19 PM,07/23/2026 04:55 AM,Listed
BK-013878,Books,Store 04,04/17/2026 11:31 AM,04/19/2026 09:26 PM,04/21/2026 03:18 PM,Listed
TY-013879,Toys,Store 04,07/18/2026 02:20 AM,07/18/2026 02:37 AM,07/18/2026 06:51 PM,Listed
BK-013880,Books,Outlet DC,03/27/2026 11:26 AM,03/27/2026 03:15 PM,03/28/2026 01:52 PM,Listed
BK-013881,Books,Store 12,07/07/2026 09:58 PM,07/09/2026 02:33 PM,07/09/2026 09:56 PM,Listed
BK-013882,Books,Outlet DC,06/11/2026 06:00 PM,06/13/2026 04:06 AM,06/15/2026 12:41 AM,Listed
CL-013883,Clothing,Donation Center 02,07/20/2026 09:52 AM,07/21/2026 02:49 AM,07/21/2026 10:32 AM,Listed
KT-013884,Kitchen,Store 07,07/13/2026 03:00 PM,07/16/2026 10:30 AM,07/16/2026 11:32 AM,Listed
SH-013885,Shoes,Store 07,07/06/2026 11:56 AM,07/07/2026 12:20 AM,07/08/2026 07:50 PM,Listed
KT-013886,Kitchen,Store 04,06/29/2026 12:54 AM,06/30/2026 02:13 PM,07/01/2026 03:43 PM,Listed
SH-013887,Shoes,Donation Center 02,07/23/2026 03:31 AM,07/23/2026 05:42 AM,07/23/2026 12:41 PM,Listed
KT-013888,Kitchen,Store 12,07/21/2026 03:57 PM,07/24/2026 01:58 PM,07/24/2026 10:31 PM,Listed
EL-013889,Electronics,Store 04,07/18/2026 10:11 PM,07/21/2026 07:14 PM,07/23/2026 06:31 PM,Listed
EL-013890,Electronics,Store 12,07/12/2026 10:16 PM,07/13/2026 02:53 PM,07/14/2026 02:52 PM,Listed
HB-013891,Handbags,Donation Center 02,06/13/2026 02:17 AM,06/15/2026 06:51 PM,06/16/2026 12:54 AM,Listed
EL-013892,Electronics,Store 04,07/14/2026 04:47 PM,07/17/2026 03:15 AM,07/18/2026 12:07 PM,Listed
CL-013893,Clothing,Outlet DC,07/11/2026 01:47 PM,07/12/2026 04:09 AM,07/14/2026 02:57 AM,Listed
CL-013894,Clothing,Store 04,07/19/2026 04:19 AM,07/19/2026 01:22 PM,07/19/2026 07:56 PM,Listed
CL-013895,Clothing,Outlet DC,07/10/2026 05:32 PM,07/13/2026 06:38 AM,07/14/2026 12:19 PM,Listed
SG-013896,Sporting Goods,Donation Center 02,06/01/2026 05:50 AM,06/03/2026 04:37 AM,06/04/2026 04:55 PM,Listed
CL-013897,Clothing,Store 07,07/13/2026 08:08 AM,07/16/2026 12:13 AM,07/17/2026 08:00 PM,Listed
CL-013898,Clothing,Store 04,07/07/2026 02:19 PM,07/07/2026 11:36 PM,07/09/2026 11:15 PM,Listed
SH-013899,Shoes,Donation Center 02,06/30/2026 05:45 PM,07/02/2026 09:34 PM,07/04/2026 11:30 AM,Listed
EL-013900,Electronics,Donation Center 02,07/14/2026 07:05 AM,07/16/2026 07:28 AM,07/16/2026 07:24 PM,Listed
CL-013901,Clothing,Outlet DC,06/25/2026 01:51 AM,06/27/2026 01:39 PM,06/29/2026 03:26 AM,Listed
CO-013902,Collectibles,Outlet DC,06/22/2026 02:05 AM,06/24/2026 11:13 AM,06/26/2026 02:51 AM,Listed
SG-013903,Sporting Goods,Outlet DC,05/30/2026 03:18 PM,06/01/2026 10:53 AM,06/01/2026 11:02 AM,Listed
SH-013904,Shoes,Store 04,07/23/2026 10:14 AM,07/24/2026 01:16 AM,07/25/2026 05:24 AM,Listed
EL-013905,Electronics,Donation Center 02,07/13/2026 06:49 PM,07/16/2026 01:50 AM,07/16/2026 10:40 AM,Listed
CO-013906,Collectibles,Outlet DC,06/27/2026 09:30 PM,06/29/2026 05:23 PM,06/30/2026 02:34 PM,Listed
HB-013907,Handbags,Store 07,07/10/2026 03:53 PM,07/12/2026 07:53 AM,07/13/2026 10:29 AM,Listed
CL-013908,Clothing,Donation Center 02,07/15/2026 08:17 PM,07/18/2026 02:34 PM,07/19/2026 07:32 PM,Listed
KT-013909,Kitchen,Donation Center 02,07/19/2026 03:13 PM,07/21/2026 02:34 PM,07/23/2026 04:51 AM,Listed
BK-013910,Books,Store 12,07/13/2026 06:35 AM,07/14/2026 08:33 AM,07/15/2026 12:17 AM,Listed
BK-013911,Books,Outlet DC,07/21/2026 11:33 AM,07/22/2026 07:48 PM,07/23/2026 09:05 PM,Listed
BK-013912,Books,Donation Center 02,07/08/2026 02:33 AM,07/09/2026 12:18 AM,07/09/2026 01:39 PM,Listed
BK-013913,Books,Outlet DC,07/25/2026 09:37 PM,07/26/2026 11:39 PM,07/27/2026 10:03 PM,Listed
BK-013914,Books,Store 07,07/21/2026 06:36 AM,07/24/2026 12:15 AM,07/25/2026 01:00 AM,Listed
BK-013915,Books,Store 07,07/06/2026 09:37 PM,07/08/2026 12:06 AM,07/09/2026 11:51 PM,Listed
BK-013916,Books,Store 12,07/27/2026 05:56 PM,07/28/2026 05:11 PM,07/28/2026 06:41 PM,Listed
BK-013917,Books,Store 07,07/28/2026 12:52 AM,07/30/2026 02:29 AM,07/30/2026 01:51 PM,Sent to E-Com
BK-013918,Books,Store 04,07/12/2026 08:17 AM,07/13/2026 11:02 AM,07/15/2026 01:39 AM,Listed
BK-013919,Books,Store 07,07/12/2026 09:43 AM,07/13/2026 01:56 PM,07/14/2026 03:36 AM,Listed
BK-013920,Books,Store 12,07/28/2026 03:05 AM,07/28/2026 04:02 PM,07/29/2026 01:49 AM,Listed
JW-013921,Jewelry,Donation Center 02,07/29/2026 04:35 PM,07/31/2026 01:38 AM,08/01/2026 05:07 AM,Sent to E-Com
WT-013922,Watches,Store 04,07/14/2026 06:04 PM,07/15/2026 04:41 PM,07/17/2026 10:52 AM,Sent to E-Com
HB-013923,Handbags,Store 07,07/24/2026 03:22 PM,07/27/2026 09:12 AM,07/27/2026 10:23 AM,Listed
KT-013924,Kitchen,Store 07,07/26/2026 12:44 PM,07/29/2026 11:26 AM,07/30/2026 02:06 AM,Listed
AR-013926,Art,Store 12,07/24/2026 01:32 PM,07/24/2026 04:11 PM,07/26/2026 04:06 PM,Sent to E-Com
HM-013927,Home Decor,Store 07,07/24/2026 05:35 PM,07/26/2026 07:06 PM,07/27/2026 12:53 AM,Listed
CO-013928,Collectibles,Donation Center 02,07/24/2026 04:55 PM,07/27/2026 03:05 PM,07/28/2026 09:47 AM,Sent to E-Com
WT-013929,Watches,Outlet DC,07/24/2026 08:39 AM,07/25/2026 03:23 AM,07/26/2026 03:38 PM,Sent to E-Com
AR-013930,Art,Outlet DC,07/28/2026 02:58 PM,07/29/2026 01:33 PM,07/30/2026 09:53 AM,Sent to E-Com
HM-013931,Home Decor,Store 07,07/16/2026 05:23 AM,07/18/2026 11:51 PM,07/20/2026 06:25 PM,Listed
CL-013932,Clothing,Store 12,07/12/2026 05:49 AM,07/12/2026 05:05 PM,07/14/2026 04:23 AM,Listed
HB-013933,Handbags,Outlet DC,07/22/2026 04:04 AM,07/23/2026 12:49 AM,07/23/2026 11:44 AM,Listed
HM-013934,Home Decor,Store 12,07/25/2026 12:52 AM,07/26/2026 09:43 PM,07/27/2026 12:36 AM,Listed
CO-013935,Collectibles,Donation Center 02,07/25/2026 05:47 AM,07/26/2026 06:59 PM,07/28/2026 01:01 AM,Listed
WT-013936,Watches,Store 07,07/24/2026 01:15 PM,07/26/2026 01:03 AM,07/26/2026 10:25 AM,Listed
HM-013937,Home Decor,Store 04,07/29/2026 06:52 PM,07/30/2026 03:43 AM,07/30/2026 02:13 PM,Sent to E-Com
HB-013938,Handbags,Donation Center 02,07/15/2026 09:20 PM,07/18/2026 11:37 AM,07/20/2026 04:36 AM,Listed
WT-013939,Watches,Donation Center 02,07/25/2026 05:14 AM,07/27/2026 11:43 AM,07/29/2026 06:25 AM,Sent to E-Com
CL-013940,Clothing,Donation Center 02,07/17/2026 03:51 AM,07/18/2026 01:48 PM,07/19/2026 05:12 PM,Listed
JW-013941,Jewelry,Donation Center 02,07/27/2026 02:57 PM,07/30/2026 04:34 AM,07/30/2026 06:01 AM,Listed
HB-013942,Handbags,Store 12,07/20/2026 04:45 AM,07/20/2026 05:33 PM,07/22/2026 05:31 AM,Listed
EL-013943,Electronics,Store 07,07/20/2026 06:40 AM,07/22/2026 02:29 AM,07/22/2026 03:10 PM,Listed
CL-013944,Clothing,Outlet DC,07/20/2026 11:17 AM,07/21/2026 02:14 PM,07/23/2026 01:37 AM,Listed
TY-013945,Toys,Donation Center 02,07/19/2026 03:35 PM,07/21/2026 11:26 AM,07/23/2026 10:08 AM,Listed
CO-013946,Collectibles,Store 12,07/25/2026 07:48 AM,07/25/2026 03:57 PM,07/26/2026 11:56 PM,Listed
AR-013947,Art,Donation Center 02,07/28/2026 10:55 AM,07/31/2026 07:46 AM,08/01/2026 07:46 PM,Sent to E-Com
JW-013948,Jewelry,Store 07,07/24/2026 09:14 AM,07/24/2026 10:13 PM,07/26/2026 06:38 PM,Sent to E-Com
HB-013949,Handbags,Store 04,07/28/2026 01:20 AM,07/29/2026 06:23 PM,07/30/2026 02:19 AM,Listed
HB-013950,Handbags,Store 07,07/11/2026 10:19 PM,07/14/2026 11:12 AM,07/15/2026 03:55 PM,Listed
JW-013952,Jewelry,Store 12,07/26/2026 06:23 AM,07/27/2026 12:03 AM,07/27/2026 08:58 PM,Listed
AR-013953,Art,Outlet DC,07/25/2026 06:58 AM,07/26/2026 04:25 AM,07/26/2026 11:08 AM,Listed
CO-013954,Collectibles,Store 12,07/20/2026 08:55 PM,07/22/2026 10:04 AM,07/23/2026 12:04 AM,Listed
JW-013955,Jewelry,Store 04,07/22/2026 08:23 PM,07/23/2026 07:16 AM,07/24/2026 03:41 PM,Sent to E-Com
CO-013956,Collectibles,Store 04,07/22/2026 12:56 AM,07/22/2026 01:18 PM,07/23/2026 02:43 AM,Listed
HB-013957,Handbags,Donation Center 02,07/20/2026 12:25 AM,07/20/2026 09:33 AM,07/20/2026 06:46 PM,Listed
TY-013958,Toys,Store 12,07/24/2026 01:17 AM,07/25/2026 08:40 AM,07/25/2026 10:17 PM,Listed
WT-013959,Watches,Donation Center 02,07/26/2026 09:41 PM,07/29/2026 01:30 PM,07/30/2026 07:11 AM,Listed
HB-013960,Handbags,Store 12,07/24/2026 08:06 AM,07/25/2026 05:23 AM,07/26/2026 02:03 AM,Listed
TY-013961,Toys,Donation Center 02,07/19/2026 12:45 PM,07/20/2026 07:45 PM,07/21/2026 08:26 PM,Listed
AR-013962,Art,Donation Center 02,07/19/2026 03:39 AM,07/20/2026 03:35 PM,07/21/2026 09:22 AM,Listed
JW-013963,Jewelry,Outlet DC,07/23/2026 06:49 PM,07/26/2026 02:48 AM,07/26/2026 06:08 PM,Sent to E-Com
WT-013964,Watches,Store 07,07/22/2026 12:39 AM,07/22/2026 02:30 PM,07/23/2026 04:39 AM,Listed
HB-013965,Handbags,Store 12,07/23/2026 05:26 PM,07/26/2026 01:33 AM,07/26/2026 11:34 AM,Sent to E-Com
HM-013966,Home Decor,Outlet DC,07/22/2026 01:23 PM,07/23/2026 07:25 PM,07/23/2026 08:59 PM,Listed
JW-013967,Jewelry,Store 04,07/19/2026 07:11 PM,07/20/2026 10:21 AM,07/20/2026 05:50 PM,Listed
HB-013968,Handbags,Store 12,07/27/2026 02:50 PM,07/28/2026 05:26 AM,07/28/2026 11:58 PM,Sent to E-Com
CO-013969,Collectibles,Store 07,07/22/2026 12:19 PM,07/24/2026 11:49 AM,07/24/2026 03:42 PM,Listed
KT-013970,Kitchen,Outlet DC,07/30/2026 01:06 AM,07/30/2026 12:51 PM,08/01/2026 09:47 AM,Sent to E-Com
WT-013971,Watches,Outlet DC,07/06/2026 11:52 PM,07/08/2026 02:47 PM,07/09/2026 02:22 PM,Listed
CO-013972,Collectibles,Store 12,07/21/2026 12:58 PM,07/22/2026 05:49 AM,07/24/2026 05:01 AM,Listed
CO-013973,Collectibles,Outlet DC,07/18/2026 11:33 PM,07/19/2026 06:40 PM,07/20/2026 03:10 AM,Listed
MD-013974,Media,Store 04,07/20/2026 04:36 AM,07/21/2026 07:51 PM,07/22/2026 04:59 AM,Listed
BK-013975,Books,Store 04,06/30/2026 10:01 PM,07/02/2026 06:57 AM,07/03/2026 08:12 AM,Listed
MD-013976,Media,Store 04,07/19/2026 01:38 AM,07/21/2026 03:20 PM,07/23/2026 03:00 PM,Listed
BK-013977,Books,Store 12,07/02/2026 04:21 PM,07/03/2026 09:33 AM,07/03/2026 03:10 PM,Listed
MD-013978,Media,Store 12,07/21/2026 07:46 PM,07/23/2026 12:45 AM,07/23/2026 05:05 AM,Listed
BK-013979,Books,Store 07,06/01/2026 07:55 AM,06/03/2026 11:05 PM,06/04/2026 10:29 AM,Listed
BK-013980,Books,Store 04,06/18/2026 05:48 PM,06/20/2026 06:13 AM,06/20/2026 03:27 PM,Listed
MD-013981,Media,Store 04,07/29/2026 08:03 AM,07/31/2026 04:17 AM,08/01/2026 12:14 AM,Listed
BK-013982,Books,Donation Center 02,06/26/2026 05:27 AM,06/26/2026 08:30 AM,06/28/2026 12:52 AM,Listed
BK-013983,Books,Store 12,06/23/2026 09:34 AM,06/25/2026 07:36 AM,06/25/2026 02:25 PM,Listed
BK-013984,Books,Store 07,07/06/2026 10:31 PM,07/09/2026 11:43 AM,07/10/2026 10:27 AM,Listed
BK-013985,Books,Store 07,06/26/2026 12:45 PM,06/29/2026 02:20 AM,06/30/2026 04:02 PM,Listed
EL-013986,Electronics,Outlet DC,07/19/2026 02:22 AM,07/19/2026 11:06 PM,07/21/2026 03:35 PM,Listed
MD-013987,Media,Store 04,07/16/2026 06:03 AM,07/16/2026 08:48 PM,07/18/2026 08:13 AM,Listed
BK-013988,Books,Store 04,07/17/2026 05:59 PM,07/19/2026 08:28 PM,07/21/2026 02:39 AM,Listed
BK-013989,Books,Store 04,06/11/2026 04:37 AM,06/11/2026 06:26 AM,06/11/2026 11:06 PM,Listed
EL-013990,Electronics,Donation Center 02,07/05/2026 09:37 PM,07/08/2026 12:03 AM,07/08/2026 07:32 AM,Listed
MD-013991,Media,Outlet DC,07/14/2026 12:21 AM,07/15/2026 01:02 PM,07/16/2026 04:30 AM,Listed
BK-013992,Books,Store 04,06/27/2026 09:10 PM,06/30/2026 02:48 PM,07/02/2026 10:43 AM,Listed
MD-013993,Media,Donation Center 02,07/08/2026 02:10 AM,07/08/2026 11:43 PM,07/09/2026 09:29 PM,Listed
BK-013994,Books,Outlet DC,07/14/2026 02:26 AM,07/16/2026 08:24 PM,07/18/2026 03:12 AM,Listed
MD-013995,Media,Outlet DC,07/24/2026 02:35 AM,07/25/2026 04:09 PM,07/26/2026 03:24 PM,Listed
MD-013996,Media,Store 12,07/22/2026 02:59 PM,07/24/2026 04:15 PM,07/24/2026 05:43 PM,Listed
TY-013997,Toys,Store 12,07/27/2026 08:03 AM,07/27/2026 07:08 PM,07/28/2026 12:36 AM,Listed
BK-013998,Books,Store 04,06/27/2026 08:57 PM,06/28/2026 05:22 PM,06/29/2026 03:40 AM,Listed
BK-013999,Books,Store 07,06/06/2026 06:05 AM,06/08/2026 06:33 AM,06/09/2026 08:34 PM,Listed
BK-014000,Books,Donation Center 02,06/07/2026 12:51 AM,06/08/2026 01:43 AM,06/08/2026 08:04 PM,Listed
BK-014001,Books,Store 12,06/03/2026 04:20 AM,06/03/2026 05:51 PM,06/05/2026 03:01 AM,Listed
BK-014002,Books,Store 04,07/01/2026 12:26 AM,07/03/2026 11:10 PM,07/03/2026 11:38 PM,Listed
BK-014003,Books,Store 04,06/02/2026 06:37 AM,06/03/2026 10:32 PM,06/04/2026 08:51 PM,Listed
BK-014004,Books,Store 04,03/13/2026 06:04 AM,03/13/2026 10:38 PM,03/14/2026 07:15 PM,Listed
TY-014005,Toys,Outlet DC,06/24/2026 11:10 AM,06/27/2026 06:36 AM,06/28/2026 07:44 PM,Listed
BK-014006,Books,Store 12,06/26/2026 05:44 PM,06/29/2026 08:17 AM,07/01/2026 07:06 AM,Listed
MD-014007,Media,Outlet DC,07/18/2026 07:36 AM,07/19/2026 10:07 AM,07/20/2026 04:36 AM,Listed
MD-014008,Media,Donation Center 02,07/08/2026 07:09 PM,07/10/2026 06:51 PM,07/12/2026 12:26 PM,Listed
MD-014009,Media,Store 04,07/20/2026 06:37 PM,07/22/2026 01:41 PM,07/23/2026 12:40 AM,Listed
BK-014010,Books,Donation Center 02,06/19/2026 07:29 AM,06/21/2026 01:00 PM,06/23/2026 02:53 AM,Listed
CO-014011,Collectibles,Store 12,07/05/2026 12:22 AM,07/06/2026 10:39 AM,07/07/2026 12:22 PM,Listed
EL-014012,Electronics,Donation Center 02,07/24/2026 05:53 AM,07/25/2026 06:32 PM,07/26/2026 04:13 AM,Listed
BK-014013,Books,Store 12,06/07/2026 04:19 PM,06/10/2026 07:25 AM,06/11/2026 04:16 PM,Listed
MD-014014,Media,Donation Center 02,07/05/2026 06:17 PM,07/06/2026 09:34 PM,07/08/2026 08:40 AM,Listed
BK-014015,Books,Donation Center 02,06/27/2026 03:00 AM,06/28/2026 01:30 AM,06/30/2026 12:37 AM,Listed
BK-014016,Books,Outlet DC,07/04/2026 02:29 PM,07/06/2026 07:40 PM,07/08/2026 06:29 PM,Listed
BK-014017,Books,Outlet DC,07/08/2026 04:59 PM,07/10/2026 01:53 AM,07/10/2026 02:51 PM,Listed
MD-014018,Media,Store 04,07/14/2026 08:58 PM,07/17/2026 02:18 AM,07/18/2026 05:19 PM,Listed
KT-014019,Kitchen,Outlet DC,07/11/2026 06:02 PM,07/13/2026 07:48 PM,07/15/2026 09:51 AM,Listed
SH-014020,Shoes,Donation Center 02,07/22/2026 11:36 AM,07/22/2026 09:34 PM,07/24/2026 08:30 AM,Listed
CL-014021,Clothing,Store 12,05/22/2026 12:35 AM,05/23/2026 12:17 AM,05/24/2026 12:32 PM,Listed
CL-014022,Clothing,Store 12,07/14/2026 09:41 PM,07/17/2026 05:26 AM,07/18/2026 05:29 AM,Listed
KT-014023,Kitchen,Store 07,07/09/2026 11:54 PM,07/11/2026 10:47 AM,07/13/2026 07:12 AM,Listed
SG-014024,Sporting Goods,Store 04,07/18/2026 01:12 AM,07/19/2026 06:08 PM,07/21/2026 07:31 AM,Listed
CL-014025,Clothing,Outlet DC,06/27/2026 05:55 AM,06/29/2026 04:10 AM,06/30/2026 03:48 PM,Listed
CL-014026,Clothing,Store 07,07/24/2026 07:47 AM,07/24/2026 10:13 PM,07/26/2026 12:24 AM,Listed
CL-014027,Clothing,Store 12,06/27/2026 08:03 AM,06/29/2026 10:31 AM,06/29/2026 11:28 PM,Listed
CL-014028,Clothing,Store 04,06/26/2026 10:28 AM,06/27/2026 08:40 PM,06/29/2026 05:36 AM,Listed
EL-014029,Electronics,Store 04,06/27/2026 02:07 AM,06/28/2026 04:32 AM,06/28/2026 04:50 PM,Listed
CL-014030,Clothing,Store 07,07/03/2026 10:57 PM,07/04/2026 02:00 PM,07/06/2026 09:31 AM,Listed
SH-014031,Shoes,Store 07,07/13/2026 04:04 AM,07/16/2026 01:48 AM,07/16/2026 03:51 PM,Listed
CL-014032,Clothing,Store 04,07/15/2026 08:37 AM,07/17/2026 08:43 AM,07/19/2026 02:45 AM,Listed
HB-014033,Handbags,Store 12,05/26/2026 12:41 PM,05/27/2026 07:26 PM,05/28/2026 03:13 PM,Listed
CL-014034,Clothing,Donation Center 02,06/20/2026 01:28 AM,06/21/2026 07:44 AM,06/23/2026 04:04 AM,Listed
CL-014035,Clothing,Store 04,07/16/2026 08:52 AM,07/18/2026 02:15 AM,07/19/2026 11:45 PM,Listed
SH-014036,Shoes,Store 12,07/10/2026 05:24 PM,07/12/2026 03:24 PM,07/12/2026 05:21 PM,Listed
EL-014037,Electronics,Store 04,07/03/2026 10:25 PM,07/04/2026 10:01 AM,07/05/2026 04:50 PM,Listed
HM-014038,Home Decor,Donation Center 02,07/26/2026 08:48 AM,07/27/2026 12:53 AM,07/28/2026 01:01 AM,Listed
CL-014039,Clothing,Store 04,07/26/2026 05:32 AM,07/28/2026 06:30 PM,07/30/2026 05:12 PM,Listed
SH-014040,Shoes,Store 12,07/01/2026 10:49 PM,07/02/2026 11:42 AM,07/04/2026 05:22 AM,Listed
HB-014041,Handbags,Store 04,06/28/2026 09:56 PM,06/28/2026 11:37 PM,06/29/2026 12:27 AM,Listed
BK-014042,Books,Store 04,07/24/2026 08:46 PM,07/27/2026 07:07 AM,07/27/2026 02:36 PM,Listed
BK-014043,Books,Store 12,07/21/2026 07:45 AM,07/23/2026 01:36 AM,07/23/2026 02:21 AM,Listed
BK-014044,Books,Store 12,06/09/2026 12:44 PM,06/11/2026 01:24 PM,06/11/2026 05:49 PM,Listed
MD-014045,Media,Store 07,07/27/2026 08:41 AM,07/27/2026 09:28 PM,07/29/2026 04:57 AM,Listed
BK-014046,Books,Donation Center 02,07/11/2026 12:40 PM,07/13/2026 02:02 AM,07/14/2026 08:13 AM,Listed
MD-014047,Media,Store 07,06/26/2026 10:25 PM,06/29/2026 04:57 PM,06/30/2026 03:23 PM,Listed
BK-014048,Books,Outlet DC,07/24/2026 10:08 AM,07/25/2026 09:23 PM,07/27/2026 08:59 AM,Listed
BK-014049,Books,Donation Center 02,07/20/2026 02:10 AM,07/22/2026 08:29 PM,07/24/2026 06:04 AM,Listed
MD-014050,Media,Store 07,05/24/2026 12:25 PM,05/26/2026 07:40 AM,05/26/2026 04:42 PM,Listed
BK-014051,Books,Store 07,07/21/2026 04:59 PM,07/24/2026 05:33 AM,07/26/2026 02:49 AM,Listed
MD-014052,Media,Store 07,07/12/2026 11:14 AM,07/14/2026 07:39 AM,07/15/2026 02:50 PM,Listed
BK-014053,Books,Store 07,07/26/2026 12:14 AM,07/28/2026 07:12 AM,07/29/2026 02:43 PM,Listed
BK-014054,Books,Donation Center 02,07/18/2026 02:25 PM,07/20/2026 12:28 PM,07/21/2026 02:26 PM,Listed
BK-014055,Books,Store 04,07/20/2026 03:28 AM,07/21/2026 12:17 AM,07/23/2026 12:05 AM,Listed
CO-014056,Collectibles,Donation Center 02,07/25/2026 09:28 AM,07/26/2026 08:44 AM,07/28/2026 07:34 AM,Listed
WT-014057,Watches,Store 12,07/02/2026 04:56 AM,07/03/2026 02:08 PM,07/03/2026 09:20 PM,Listed
JW-014058,Jewelry,Donation Center 02,07/20/2026 02:14 PM,07/22/2026 07:51 AM,07/24/2026 06:38 AM,Listed
CL-014059,Clothing,Store 04,07/26/2026 03:27 PM,07/28/2026 12:37 AM,07/29/2026 12:57 PM,Sent to E-Com
CL-014060,Clothing,Outlet DC,07/22/2026 12:00 AM,07/24/2026 03:09 AM,07/26/2026 03:02 AM,Listed
JW-014061,Jewelry,Donation Center 02,07/29/2026 07:35 PM,07/30/2026 03:21 AM,07/31/2026 09:17 AM,Sent to E-Com
HM-014062,Home Decor,Store 12,07/22/2026 02:14 AM,07/22/2026 03:15 AM,07/22/2026 09:44 PM,Listed
HB-014063,Handbags,Outlet DC,07/20/2026 07:03 AM,07/21/2026 02:00 PM,07/22/2026 09:51 AM,Sent to E-Com
HB-014064,Handbags,Store 07,07/22/2026 02:26 PM,07/23/2026 02:45 PM,07/24/2026 08:11 PM,Sent to E-Com
EL-014065,Electronics,Store 07,07/29/2026 10:26 AM,07/31/2026 06:53 PM,08/01/2026 03:33 AM,Sent to E-Com
HM-014066,Home Decor,Store 07,07/26/2026 04:22 PM,07/28/2026 03:01 AM,07/28/2026 05:16 AM,Listed
JW-014067,Jewelry,Store 04,07/27/2026 07:41 PM,07/28/2026 07:00 PM,07/30/2026 03:25 AM,Listed
HB-014068,Handbags,Store 04,07/13/2026 11:24 AM,07/15/2026 03:47 AM,07/17/2026 03:15 AM,Listed
CO-014070,Collectibles,Store 04,07/13/2026 02:57 AM,07/14/2026 03:41 AM,07/15/2026 05:40 AM,Listed
HM-014071,Home Decor,Store 07,07/28/2026 03:57 AM,07/28/2026 12:14 PM,07/29/2026 09:11 AM,Listed
EL-014072,Electronics,Donation Center 02,07/19/2026 01:41 PM,07/21/2026 09:55 AM,07/23/2026 01:40 AM,Listed
JW-014073,Jewelry,Store 12,07/06/2026 02:55 AM,07/08/2026 10:37 AM,07/09/2026 02:46 PM,Listed
HB-014074,Handbags,Store 04,07/07/2026 08:41 AM,07/10/2026 07:41 AM,07/11/2026 09:04 AM,Listed
SG-014075,Sporting Goods,Outlet DC,07/29/2026 11:51 AM,07/30/2026 12:18 PM,08/01/2026 09:13 AM,Sent to E-Com
SG-014076,Sporting Goods,Store 12,07/16/2026 03:39 AM,07/16/2026 05:00 AM,07/16/2026 12:18 PM,Listed
EL-014077,Electronics,Donation Center 02,07/19/2026 07:53 PM,07/22/2026 04:44 PM,07/24/2026 01:56 PM,Listed
JW-014078,Jewelry,Outlet DC,07/21/2026 12:24 AM,07/21/2026 10:26 PM,07/23/2026 05:43 PM,Listed
JW-014079,Jewelry,Store 07,07/22/2026 02:35 AM,07/23/2026 12:45 AM,07/23/2026 09:26 PM,Listed
HB-014080,Handbags,Donation Center 02,07/27/2026 08:56 PM,07/30/2026 12:55 AM,07/31/2026 05:19 PM,Sent to E-Com
WT-014082,Watches,Store 07,07/29/2026 05:34 AM,07/31/2026 08:31 AM,08/01/2026 02:45 PM,Sent to E-Com
SG-014083,Sporting Goods,Store 04,07/22/2026 12:21 PM,07/25/2026 04:37 AM,07/26/2026 05:29 AM,Sent to E-Com
KT-014084,Kitchen,Store 12,07/09/2026 03:02 PM,07/09/2026 06:09 PM,07/11/2026 01:04 AM,Listed
WT-014085,Watches,Donation Center 02,07/24/2026 07:29 AM,07/26/2026 05:11 PM,07/27/2026 09:39 AM,Sent to E-Com
WT-014086,Watches,Store 07,07/30/2026 09:09 AM,07/30/2026 02:57 PM,08/01/2026 07:43 AM,Sent to E-Com
EL-014088,Electronics,Donation Center 02,07/29/2026 09:12 PM,07/31/2026 12:28 AM,07/31/2026 10:31 AM,Sent to E-Com
CL-014089,Clothing,Donation Center 02,07/21/2026 12:09 AM,07/22/2026 07:44 AM,07/24/2026 03:55 AM,Sent to E-Com
HM-014090,Home Decor,Outlet DC,07/27/2026 09:47 AM,07/30/2026 06:09 AM,07/31/2026 12:27 PM,Sent to E-Com
CO-014091,Collectibles,Store 07,07/25/2026 05:31 AM,07/26/2026 09:36 PM,07/27/2026 02:52 PM,Sent to E-Com
WT-014092,Watches,Store 04,07/27/2026 08:52 PM,07/29/2026 09:39 AM,07/29/2026 11:05 PM,Listed
JW-014093,Jewelry,Store 07,07/23/2026 01:27 PM,07/24/2026 03:53 PM,07/25/2026 02:29 AM,Listed
CO-014094,Collectibles,Store 04,07/15/2026 10:23 AM,07/16/2026 03:51 PM,07/16/2026 06:16 PM,Listed
CL-014095,Clothing,Store 04,07/22/2026 11:46 PM,07/24/2026 11:22 PM,07/25/2026 10:07 PM,Listed
JW-014098,Jewelry,Store 04,07/22/2026 08:31 AM,07/22/2026 01:35 PM,07/24/2026 07:18 AM,Listed
CL-014099,Clothing,Donation Center 02,07/30/2026 01:59 PM,07/30/2026 09:33 PM,07/31/2026 06:41 PM,Listed
EL-014100,Electronics,Store 12,07/12/2026 12:15 AM,07/14/2026 06:30 AM,07/15/2026 02:01 AM,Listed
CL-014101,Clothing,Store 04,08/01/2026 05:50 AM,08/01/2026 02:55 PM,08/01/2026 06:52 PM,Sent to E-Com
HM-014103,Home Decor,Store 07,07/30/2026 03:05 AM,07/31/2026 02:58 PM,08/01/2026 11:45 PM,Sent to E-Com
CO-014104,Collectibles,Store 12,07/22/2026 10:48 AM,07/23/2026 04:22 PM,07/25/2026 07:43 AM,Listed
AR-014105,Art,Store 12,07/17/2026 02:32 PM,07/20/2026 05:32 AM,07/20/2026 11:31 PM,Listed
HM-014106,Home Decor,Store 04,07/27/2026 03:34 PM,07/28/2026 05:41 AM,07/29/2026 02:12 PM,Sent to E-Com
CL-014107,Clothing,Outlet DC,07/16/2026 04:05 PM,07/16/2026 10:26 PM,07/17/2026 02:21 PM,Listed
WT-014108,Watches,Store 07,07/28/2026 04:34 PM,07/30/2026 03:48 AM,07/30/2026 05:44 AM,Listed
TY-014109,Toys,Store 12,07/25/2026 09:03 PM,07/28/2026 01:11 AM,07/28/2026 06:56 PM,Sent to E-Com
TY-014111,Toys,Donation Center 02,07/22/2026 03:23 PM,07/23/2026 09:15 AM,07/25/2026 04:39 AM,Listed
CO-014113,Collectibles,Store 04,07/17/2026 06:29 AM,07/20/2026 04:37 AM,07/20/2026 10:55 PM,Listed
JW-014114,Jewelry,Store 04,07/24/2026 07:38 PM,07/27/2026 03:01 AM,07/28/2026 09:10 PM,Sent to E-Com
EL-014115,Electronics,Outlet DC,07/30/2026 01:01 AM,08/01/2026 06:38 AM,08/01/2026 06:03 PM,Sent to E-Com
KT-014116,Kitchen,Store 07,07/21/2026 02:44 PM,07/24/2026 09:17 AM,07/25/2026 06:44 PM,Listed
HB-014117,Handbags,Donation Center 02,07/28/2026 10:20 AM,07/30/2026 03:44 AM,07/30/2026 07:40 AM,Sent to E-Com
SG-014118,Sporting Goods,Store 12,07/25/2026 04:59 AM,07/27/2026 03:38 PM,07/28/2026 03:17 PM,Sent to E-Com
AR-014120,Art,Store 07,07/28/2026 03:19 AM,07/28/2026 10:14 PM,07/30/2026 09:53 AM,Sent to E-Com
JW-014121,Jewelry,Store 07,07/11/2026 10:14 PM,07/14/2026 04:02 AM,07/15/2026 08:09 PM,Listed
HM-014122,Home Decor,Outlet DC,07/23/2026 08:40 AM,07/24/2026 05:55 PM,07/25/2026 11:17 PM,Listed
HM-014123,Home Decor,Outlet DC,07/29/2026 08:41 PM,07/30/2026 05:36 AM,08/01/2026 02:08 AM,Sent to E-Com
JW-014124,Jewelry,Outlet DC,07/26/2026 03:39 PM,07/28/2026 02:09 AM,07/28/2026 01:04 PM,Listed
CO-014125,Collectibles,Store 07,07/28/2026 11:27 AM,07/29/2026 11:49 AM,07/30/2026 06:08 PM,Listed
MD-014126,Media,Store 04,07/09/2026 08:34 AM,07/11/2026 03:11 AM,07/13/2026 12:22 AM,Listed
CO-014127,Collectibles,Store 04,07/13/2026 03:31 AM,07/15/2026 03:40 AM,07/16/2026 12:21 AM,Listed
BK-014128,Books,Outlet DC,06/28/2026 09:20 PM,07/01/2026 04:33 AM,07/02/2026 02:36 AM,Listed
BK-014129,Books,Store 04,06/10/2026 07:00 PM,06/11/2026 10:41 PM,06/12/2026 04:05 AM,Listed
BK-014130,Books,Store 12,07/08/2026 12:32 PM,07/10/2026 06:43 PM,07/11/2026 01:46 AM,Listed
MD-014131,Media,Store 07,07/18/2026 08:06 AM,07/18/2026 04:17 PM,07/19/2026 10:18 AM,Listed
BK-014132,Books,Store 07,06/29/2026 11:38 AM,07/01/2026 06:52 AM,07/01/2026 03:15 PM,Listed
MD-014133,Media,Store 12,07/11/2026 12:12 AM,07/11/2026 12:48 AM,07/11/2026 06:43 PM,Listed
BK-014134,Books,Donation Center 02,07/18/2026 06:42 PM,07/19/2026 02:38 PM,07/21/2026 08:46 AM,Listed
BK-014135,Books,Donation Center 02,06/18/2026 04:03 PM,06/19/2026 07:28 PM,06/20/2026 11:37 AM,Listed
BK-014136,Books,Store 04,06/10/2026 01:44 PM,06/13/2026 02:08 AM,06/13/2026 11:28 PM,Listed
BK-014137,Books,Store 07,04/28/2026 08:14 PM,05/01/2026 02:25 PM,05/02/2026 10:28 PM,Listed
EL-014138,Electronics,Store 12,07/18/2026 10:04 PM,07/20/2026 06:37 PM,07/20/2026 10:51 PM,Listed
BK-014139,Books,Outlet DC,05/16/2026 01:07 AM,05/16/2026 04:23 PM,05/18/2026 09:08 AM,Listed
EL-014140,Electronics,Store 07,07/11/2026 12:06 AM,07/12/2026 06:39 AM,07/12/2026 05:30 PM,Listed
MD-014141,Media,Store 07,07/29/2026 10:39 PM,08/01/2026 06:36 PM,08/01/2026 08:20 PM,Sent to E-Com
BK-014142,Books,Store 07,05/26/2026 06:08 AM,05/27/2026 08:21 PM,05/29/2026 06:53 AM,Listed
MD-014143,Media,Store 12,07/26/2026 04:37 AM,07/27/2026 04:01 PM,07/29/2026 06:08 AM,Sent to E-Com
EL-014144,Electronics,Store 04,07/04/2026 01:03 AM,07/05/2026 10:31 PM,07/06/2026 09:52 PM,Listed
BK-014145,Books,Store 07,05/30/2026 11:47 AM,06/02/2026 03:34 AM,06/03/2026 09:14 AM,Listed
BK-014146,Books,Store 12,06/23/2026 01:02 AM,06/24/2026 06:13 PM,06/25/2026 06:56 AM,Listed
BK-014147,Books,Outlet DC,07/09/2026 09:02 PM,07/11/2026 11:49 AM,07/12/2026 02:41 PM,Listed
BK-014148,Books,Store 12,05/29/2026 02:45 AM,05/31/2026 06:38 AM,06/01/2026 09:06 PM,Listed
MD-014149,Media,Store 04,07/21/2026 05:54 AM,07/22/2026 05:42 AM,07/22/2026 08:04 AM,Listed
BK-014150,Books,Donation Center 02,06/25/2026 12:14 PM,06/26/2026 08:49 AM,06/26/2026 06:38 PM,Listed
BK-014151,Books,Outlet DC,07/18/2026 04:25 AM,07/19/2026 11:25 AM,07/20/2026 04:49 AM,Listed
MD-014152,Media,Store 04,07/18/2026 04:45 PM,07/20/2026 10:08 AM,07/20/2026 07:32 PM,Listed
TY-014153,Toys,Donation Center 02,06/09/2026 10:32 PM,06/12/2026 04:50 AM,06/12/2026 08:32 AM,Listed
BK-014154,Books,Store 07,06/29/2026 12:50 AM,07/01/2026 11:02 AM,07/01/2026 11:25 PM,Listed
BK-014155,Books,Store 12,05/02/2026 10:46 AM,05/03/2026 12:06 PM,05/04/2026 01:04 AM,Listed
BK-014156,Books,Store 07,06/30/2026 09:26 PM,07/01/2026 01:21 AM,07/01/2026 12:32 PM,Listed
BK-014157,Books,Outlet DC,06/27/2026 05:49 AM,06/28/2026 10:05 AM,06/29/2026 01:19 AM,Listed
BK-014158,Books,Store 07,06/17/2026 01:24 AM,06/18/2026 12:23 PM,06/19/2026 08:52 AM,Listed
BK-014159,Books,Donation Center 02,05/16/2026 08:43 PM,05/17/2026 04:18 AM,05/18/2026 11:00 AM,Listed
BK-014160,Books,Outlet DC,05/26/2026 01:56 PM,05/28/2026 12:30 AM,05/28/2026 06:28 AM,Listed
BK-014161,Books,Store 07,07/01/2026 02:25 AM,07/04/2026 01:17 AM,07/04/2026 06:54 AM,Listed
BK-014162,Books,Store 07,05/27/2026 04:59 AM,05/28/2026 07:45 PM,05/30/2026 01:10 AM,Listed
CO-014163,Collectibles,Outlet DC,07/19/2026 03:15 AM,07/20/2026 09:55 AM,07/20/2026 10:32 PM,Listed
BK-014164,Books,Store 07,07/09/2026 04:11 AM,07/11/2026 12:12 PM,07/12/2026 03:56 AM,Listed
BK-014165,Books,Store 07,06/25/2026 04:20 AM,06/27/2026 08:20 PM,06/28/2026 07:00 AM,Listed
BK-014166,Books,Store 12,05/04/2026 07:54 AM,05/06/2026 05:47 AM,05/06/2026 03:22 PM,Listed
BK-014167,Books,Store 07,06/14/2026 10:11 AM,06/17/2026 09:58 AM,06/19/2026 12:44 AM,Listed
BK-014168,Books,Store 07,07/26/2026 01:28 AM,07/27/2026 07:05 AM,07/27/2026 12:29 PM,Listed
BK-014169,Books,Donation Center 02,06/29/2026 03:43 PM,06/30/2026 12:13 AM,07/01/2026 11:29 AM,Listed
BK-014170,Books,Store 12,06/23/2026 12:50 AM,06/24/2026 03:29 AM,06/25/2026 08:23 PM,Listed
MD-014171,Media,Store 07,06/23/2026 12:45 PM,06/26/2026 08:02 AM,06/28/2026 05:08 AM,Listed
SH-014172,Shoes,Donation Center 02,07/13/2026 05:23 AM,07/15/2026 10:05 PM,07/16/2026 11:29 PM,Listed
CO-014173,Collectibles,Store 04,07/17/2026 12:17 PM,07/19/2026 06:17 AM,07/19/2026 11:46 AM,Listed
CO-014174,Collectibles,Store 04,07/16/2026 09:41 PM,07/17/2026 10:26 AM,07/17/2026 05:25 PM,Listed
HB-014175,Handbags,Outlet DC,05/10/2026 07:39 AM,05/12/2026 02:53 AM,05/13/2026 10:32 PM,Listed
SH-014176,Shoes,Store 07,07/18/2026 04:36 AM,07/19/2026 11:11 PM,07/21/2026 07:52 PM,Listed
CO-014177,Collectibles,Donation Center 02,07/25/2026 03:30 AM,07/27/2026 07:04 PM,07/28/2026 09:52 PM,Listed
SH-014178,Shoes,Store 04,06/27/2026 08:47 AM,06/29/2026 08:13 PM,07/01/2026 12:07 PM,Listed
SH-014179,Shoes,Outlet DC,06/29/2026 06:44 PM,07/01/2026 04:45 AM,07/01/2026 01:53 PM,Listed
SG-014180,Sporting Goods,Outlet DC,07/06/2026 11:00 PM,07/09/2026 09:20 PM,07/10/2026 10:22 AM,Listed
CL-014181,Clothing,Store 07,06/06/2026 02:31 PM,06/07/2026 05:11 AM,06/08/2026 08:01 AM,Listed
HB-014182,Handbags,Donation Center 02,06/29/2026 04:01 AM,07/01/2026 06:59 PM,07/02/2026 03:04 AM,Listed
CL-014183,Clothing,Store 04,07/12/2026 01:42 PM,07/14/2026 11:41 AM,07/15/2026 12:23 PM,Listed
SH-014184,Shoes,Store 12,06/26/2026 09:42 AM,06/29/2026 03:44 AM,06/30/2026 05:03 PM,Listed
EL-014185,Electronics,Store 12,07/05/2026 01:09 PM,07/06/2026 10:02 PM,07/08/2026 05:10 PM,Listed
EL-014186,Electronics,Store 04,07/15/2026 03:15 PM,07/18/2026 11:47 AM,07/18/2026 07:00 PM,Listed
CL-014187,Clothing,Outlet DC,06/29/2026 09:11 PM,07/01/2026 06:38 PM,07/02/2026 10:05 PM,Listed
CL-014188,Clothing,Store 12,07/18/2026 05:48 PM,07/21/2026 04:45 AM,07/21/2026 01:31 PM,Listed
CL-014189,Clothing,Store 12,07/19/2026 07:09 PM,07/20/2026 10:24 PM,07/22/2026 12:14 PM,Listed
CL-014190,Clothing,Store 07,07/05/2026 12:25 PM,07/08/2026 02:48 AM,07/08/2026 08:54 PM,Listed
SG-014191,Sporting Goods,Store 04,07/09/2026 06:04 AM,07/09/2026 09:27 PM,07/10/2026 09:53 AM,Listed
HB-014192,Handbags,Store 04,07/03/2026 07:23 PM,07/05/2026 11:57 PM,07/06/2026 10:00 PM,Listed
CL-014193,Clothing,Outlet DC,07/08/2026 03:42 AM,07/10/2026 06:40 AM,07/10/2026 06:28 PM,Listed
KT-014194,Kitchen,Store 07,05/30/2026 05:45 AM,05/30/2026 04:56 PM,06/01/2026 05:13 AM,Listed
EL-014195,Electronics,Outlet DC,07/23/2026 04:12 AM,07/23/2026 07:56 PM,07/24/2026 10:05 PM,Listed
EL-014196,Electronics,Store 07,06/22/2026 08:45 PM,06/24/2026 11:54 PM,06/26/2026 12:53 AM,Listed
CL-014197,Clothing,Outlet DC,06/16/2026 05:54 AM,06/17/2026 12:09 PM,06/18/2026 11:27 AM,Listed
HB-014198,Handbags,Outlet DC,07/22/2026 12:07 AM,07/23/2026 07:25 AM,07/23/2026 08:47 AM,Listed
FN-014199,Furniture,Store 07,07/19/2026 06:50 PM,07/21/2026 05:05 AM,07/23/2026 03:28 AM,Listed
CL-014200,Clothing,Store 04,07/25/2026 07:07 PM,07/28/2026 08:19 AM,07/29/2026 08:37 PM,Listed
CL-014201,Clothing,Donation Center 02,07/22/2026 08:50 PM,07/24/2026 01:20 PM,07/24/2026 07:58 PM,Listed
KT-014202,Kitchen,Store 12,07/10/2026 12:41 PM,07/12/2026 04:26 AM,07/13/2026 12:04 PM,Listed
SH-014203,Shoes,Store 04,07/13/2026 02:11 PM,07/13/2026 11:07 PM,07/14/2026 08:49 PM,Listed
CL-014204,Clothing,Store 07,07/10/2026 08:58 PM,07/11/2026 08:50 AM,07/11/2026 01:44 PM,Listed
SH-014205,Shoes,Store 12,06/19/2026 09:38 PM,06/22/2026 10:50 AM,06/23/2026 06:04 PM,Listed
FN-014206,Furniture,Outlet DC,06/24/2026 04:32 AM,06/24/2026 07:11 AM,06/25/2026 02:16 PM,Listed
HM-014207,Home Decor,Store 12,07/30/2026 05:37 PM,07/31/2026 06:52 AM,07/31/2026 07:26 PM,Sent to E-Com
HM-014208,Home Decor,Store 12,07/17/2026 02:31 AM,07/17/2026 12:29 PM,07/19/2026 02:30 AM,Listed
BK-014209,Books,Outlet DC,07/04/2026 01:43 PM,07/05/2026 01:48 PM,07/06/2026 01:57 AM,Listed
BK-014210,Books,Store 12,07/28/2026 04:30 PM,07/29/2026 05:25 PM,07/30/2026 01:30 PM,Listed
MD-014211,Media,Store 04,07/23/2026 08:54 PM,07/25/2026 08:17 PM,07/27/2026 04:23 AM,Listed
BK-014212,Books,Store 07,07/19/2026 07:20 AM,07/19/2026 04:51 PM,07/21/2026 12:06 PM,Listed
MD-014213,Media,Store 07,07/29/2026 06:25 AM,07/30/2026 03:04 PM,08/01/2026 11:00 AM,Sent to E-Com
BK-014214,Books,Store 12,07/21/2026 12:01 AM,07/23/2026 03:20 AM,07/23/2026 06:55 AM,Listed
BK-014215,Books,Outlet DC,07/24/2026 08:31 AM,07/25/2026 06:25 AM,07/25/2026 09:57 PM,Listed
BK-014216,Books,Store 04,06/26/2026 04:08 PM,06/27/2026 05:08 PM,06/28/2026 06:15 AM,Listed
MD-014217,Media,Store 12,07/19/2026 05:09 AM,07/21/2026 05:20 PM,07/22/2026 06:00 PM,Listed
MD-014218,Media,Store 04,06/19/2026 06:20 PM,06/22/2026 12:43 PM,06/23/2026 04:40 AM,Listed
BK-014219,Books,Store 12,07/24/2026 04:05 PM,07/24/2026 11:56 PM,07/25/2026 09:43 AM,Listed
BK-014220,Books,Store 07,07/18/2026 12:31 AM,07/19/2026 08:34 AM,07/20/2026 03:00 AM,Listed
MD-014221,Media,Donation Center 02,07/23/2026 11:51 AM,07/25/2026 09:42 AM,07/25/2026 04:41 PM,Listed
JW-014222,Jewelry,Donation Center 02,07/19/2026 10:25 PM,07/22/2026 05:01 PM,07/23/2026 10:54 AM,Listed
KT-014223,Kitchen,Store 12,07/22/2026 04:09 AM,07/24/2026 04:42 PM,07/25/2026 02:47 AM,Sent to E-Com
WT-014224,Watches,Store 07,07/22/2026 02:22 AM,07/22/2026 10:44 PM,07/23/2026 05:45 AM,Listed
WT-014225,Watches,Store 07,07/25/2026 03:30 AM,07/26/2026 07:10 AM,07/28/2026 01:05 AM,Sent to E-Com
CO-014227,Collectibles,Outlet DC,07/23/2026 08:15 PM,07/24/2026 09:51 PM,07/25/2026 06:31 PM,Listed
HM-014228,Home Decor,Donation Center 02,07/23/2026 09:09 AM,07/25/2026 05:53 PM,07/27/2026 06:27 AM,Sent to E-Com
JW-014229,Jewelry,Store 04,07/30/2026 08:01 AM,07/31/2026 02:26 AM,08/01/2026 11:39 AM,Sent to E-Com
EL-014230,Electronics,Store 12,07/26/2026 05:56 PM,07/27/2026 05:14 PM,07/28/2026 10:47 PM,Sent to E-Com
KT-014231,Kitchen,Store 04,07/30/2026 07:38 PM,07/30/2026 09:37 PM,07/31/2026 12:47 AM,Sent to E-Com
CL-014232,Clothing,Store 04,07/12/2026 04:54 AM,07/12/2026 06:31 PM,07/13/2026 03:09 PM,Listed
SG-014233,Sporting Goods,Store 07,07/30/2026 04:19 PM,07/31/2026 08:03 AM,07/31/2026 11:26 PM,Listed
EL-014234,Electronics,Donation Center 02,07/30/2026 02:09 AM,07/30/2026 11:24 AM,07/31/2026 05:39 PM,Sent to E-Com
KT-014236,Kitchen,Store 07,07/17/2026 01:29 PM,07/17/2026 07:59 PM,07/18/2026 10:25 AM,Listed
TY-014237,Toys,Store 04,07/28/2026 10:53 PM,07/31/2026 01:56 PM,08/01/2026 11:41 AM,Sent to E-Com
CO-014238,Collectibles,Store 12,07/29/2026 06:18 PM,07/30/2026 12:48 PM,07/31/2026 09:02 AM,Sent to E-Com
KT-014239,Kitchen,Donation Center 02,07/27/2026 12:43 AM,07/27/2026 12:01 PM,07/28/2026 10:09 PM,Sent to E-Com
TY-014240,Toys,Store 07,07/18/2026 03:07 AM,07/20/2026 04:02 PM,07/22/2026 02:09 PM,Listed
HM-014242,Home Decor,Store 04,07/14/2026 01:45 PM,07/16/2026 12:46 AM,07/16/2026 09:08 PM,Listed
AR-014243,Art,Outlet DC,07/29/2026 10:05 PM,07/31/2026 12:55 AM,08/01/2026 09:33 PM,Sent to E-Com
WT-014244,Watches,Store 12,07/21/2026 06:02 PM,07/22/2026 09:32 PM,07/23/2026 08:54 AM,Listed
HM-014245,Home Decor,Donation Center 02,07/27/2026 04:17 AM,07/27/2026 06:28 AM,07/27/2026 01:54 PM,Sent to E-Com
CO-014247,Collectibles,Store 04,07/26/2026 08:40 AM,07/27/2026 12:53 PM,07/29/2026 05:46 AM,Listed
JW-014248,Jewelry,Store 07,07/28/2026 04:00 PM,07/30/2026 02:47 AM,07/30/2026 05:41 PM,Sent to E-Com
CL-014249,Clothing,Store 12,07/22/2026 08:39 AM,07/22/2026 02:27 PM,07/23/2026 06:37 PM,Listed
TY-014250,Toys,Outlet DC,07/26/2026 11:23 AM,07/27/2026 01:47 PM,07/27/2026 10:28 PM,Sent to E-Com
CO-014252,Collectibles,Donation Center 02,07/28/2026 04:58 PM,07/30/2026 06:46 PM,07/31/2026 02:26 AM,Sent to E-Com
TY-014253,Toys,Store 07,07/30/2026 01:35 PM,07/31/2026 02:58 AM,08/01/2026 02:06 AM,Sent to E-Com
KT-014254,Kitchen,Store 12,07/26/2026 05:38 AM,07/26/2026 02:00 PM,07/27/2026 05:17 AM,Sent to E-Com
JW-014256,Jewelry,Donation Center 02,07/28/2026 11:34 AM,07/30/2026 05:14 AM,07/30/2026 03:16 PM,Sent to E-Com
CO-014257,Collectibles,Store 07,07/27/2026 11:05 PM,07/28/2026 02:32 AM,07/28/2026 05:02 AM,Sent to E-Com
EL-014258,Electronics,Donation Center 02,07/27/2026 08:14 PM,07/29/2026 12:49 AM,07/30/2026 11:54 PM,Sent to E-Com
WT-014259,Watches,Store 07,07/26/2026 01:34 AM,07/28/2026 01:39 AM,07/29/2026 12:21 PM,Sent to E-Com
CL-014260,Clothing,Outlet DC,07/16/2026 01:57 PM,07/18/2026 12:30 AM,07/19/2026 09:53 PM,Listed
CO-014261,Collectibles,Outlet DC,07/22/2026 04:00 PM,07/25/2026 12:53 PM,07/26/2026 09:40 AM,Listed
CO-014262,Collectibles,Store 07,07/25/2026 08:00 PM,07/27/2026 03:08 AM,07/27/2026 10:58 PM,Sent to E-Com
EL-014263,Electronics,Outlet DC,07/28/2026 04:54 AM,07/30/2026 03:41 PM,07/30/2026 09:14 PM,Sent to E-Com
TY-014264,Toys,Donation Center 02,07/23/2026 09:28 AM,07/26/2026 05:34 AM,07/27/2026 11:06 PM,Sent to E-Com
WT-014265,Watches,Store 12,07/18/2026 11:57 PM,07/20/2026 07:19 AM,07/21/2026 05:19 PM,Listed
AR-014266,Art,Store 12,07/20/2026 02:15 PM,07/22/2026 10:54 PM,07/24/2026 04:06 AM,Listed
SG-014267,Sporting Goods,Store 04,07/30/2026 12:05 PM,07/31/2026 06:36 PM,08/01/2026 02:53 PM,Sent to E-Com
HB-014268,Handbags,Store 04,07/28/2026 01:30 AM,07/28/2026 05:18 AM,07/30/2026 03:30 AM,Sent to E-Com
CL-014273,Clothing,Store 04,07/23/2026 07:11 AM,07/24/2026 09:04 AM,07/24/2026 08:19 PM,Listed
EL-014275,Electronics,Store 07,07/12/2026 06:48 PM,07/13/2026 12:46 PM,07/14/2026 02:02 AM,Sent to E-Com
EL-014277,Electronics,Store 07,07/26/2026 07:29 PM,07/28/2026 11:29 PM,07/30/2026 05:28 PM,Sent to E-Com
AR-014279,Art,Donation Center 02,07/23/2026 11:05 PM,07/25/2026 09:34 AM,07/26/2026 04:29 AM,Sent to E-Com
HM-014280,Home Decor,Donation Center 02,07/18/2026 10:51 PM,07/20/2026 02:07 PM,07/20/2026 10:18 PM,Sent to E-Com
KT-014281,Kitchen,Outlet DC,07/28/2026 03:29 AM,07/28/2026 11:31 PM,07/29/2026 10:46 AM,Listed
JW-014282,Jewelry,Store 07,07/12/2026 02:45 PM,07/14/2026 04:18 PM,07/15/2026 02:16 PM,Listed
CO-014283,Collectibles,Store 07,07/27/2026 03:46 AM,07/28/2026 07:27 AM,07/29/2026 04:56 AM,Sent to E-Com
SG-014284,Sporting Goods,Outlet DC,07/29/2026 03:48 AM,07/30/2026 10:52 PM,08/01/2026 11:16 AM,Sent to E-Com
CO-014285,Collectibles,Store 07,07/28/2026 01:26 PM,07/29/2026 11:41 AM,07/31/2026 12:56 AM,Sent to E-Com
BK-014286,Books,Store 12,05/09/2026 10:22 AM,05/11/2026 02:51 PM,05/12/2026 05:16 PM,Listed
BK-014287,Books,Store 07,07/13/2026 07:07 PM,07/16/2026 07:02 PM,07/18/2026 06:39 PM,Listed
MD-014288,Media,Outlet DC,07/19/2026 08:55 PM,07/20/2026 04:10 AM,07/21/2026 01:03 AM,Listed
BK-014289,Books,Store 07,06/11/2026 05:56 AM,06/13/2026 09:02 PM,06/15/2026 06:58 PM,Listed
MD-014290,Media,Store 12,07/21/2026 09:56 PM,07/23/2026 12:47 PM,07/24/2026 01:47 AM,Listed
MD-014291,Media,Store 07,07/22/2026 11:24 PM,07/24/2026 12:39 PM,07/25/2026 11:57 AM,Listed
BK-014292,Books,Outlet DC,06/04/2026 09:26 PM,06/07/2026 09:55 AM,06/07/2026 01:35 PM,Listed
MD-014293,Media,Store 07,07/15/2026 11:35 PM,07/17/2026 10:11 PM,07/18/2026 08:35 AM,Listed
BK-014294,Books,Store 12,07/06/2026 12:50 AM,07/06/2026 08:24 PM,07/08/2026 06:33 AM,Listed
BK-014295,Books,Store 04,07/04/2026 12:29 PM,07/05/2026 04:11 PM,07/06/2026 11:28 PM,Listed
EL-014296,Electronics,Store 12,07/25/2026 08:13 PM,07/27/2026 04:09 PM,07/28/2026 05:54 AM,Sent to E-Com
MD-014297,Media,Outlet DC,07/21/2026 11:25 PM,07/24/2026 01:51 AM,07/24/2026 11:01 PM,Listed
CO-014298,Collectibles,Store 04,07/31/2026 08:22 AM,07/31/2026 08:44 PM,08/01/2026 11:25 AM,Sent to E-Com
BK-014299,Books,Store 12,06/18/2026 06:58 AM,06/21/2026 01:01 AM,06/22/2026 06:03 AM,Listed
BK-014300,Books,Outlet DC,06/15/2026 07:47 AM,06/17/2026 06:31 AM,06/19/2026 03:57 AM,Listed
BK-014301,Books,Donation Center 02,06/11/2026 11:54 AM,06/12/2026 09:50 PM,06/14/2026 04:59 PM,Listed
BK-014302,Books,Outlet DC,06/09/2026 08:57 PM,06/10/2026 03:07 AM,06/11/2026 01:19 AM,Listed
BK-014303,Books,Donation Center 02,06/28/2026 06:18 PM,07/01/2026 03:46 PM,07/02/2026 05:58 PM,Listed
BK-014304,Books,Donation Center 02,06/06/2026 01:54 AM,06/08/2026 04:30 PM,06/09/2026 09:15 AM,Listed
BK-014305,Books,Outlet DC,03/26/2026 06:26 AM,03/27/2026 04:57 PM,03/27/2026 07:37 PM,Listed
BK-014306,Books,Outlet DC,06/11/2026 12:33 PM,06/13/2026 07:41 PM,06/13/2026 10:32 PM,Listed
CO-014307,Collectibles,Donation Center 02,07/24/2026 02:46 AM,07/25/2026 12:22 AM,07/26/2026 02:37 PM,Listed
MD-014308,Media,Store 12,07/18/2026 03:09 AM,07/20/2026 02:25 PM,07/21/2026 10:56 AM,Listed
MD-014309,Media,Store 07,07/19/2026 08:14 PM,07/21/2026 03:24 AM,07/21/2026 03:54 AM,Listed
MD-014310,Media,Outlet DC,07/26/2026 08:32 PM,07/28/2026 01:42 PM,07/29/2026 07:36 AM,Sent to E-Com
MD-014311,Media,Donation Center 02,07/20/2026 11:45 AM,07/23/2026 08:36 AM,07/24/2026 06:48 AM,Listed
BK-014312,Books,Store 07,06/02/2026 08:31 PM,06/03/2026 04:40 PM,06/03/2026 07:30 PM,Listed
BK-014313,Books,Store 07,06/28/2026 05:09 PM,06/30/2026 11:40 AM,07/01/2026 11:07 AM,Listed
BK-014314,Books,Store 04,07/07/2026 11:42 PM,07/09/2026 11:03 AM,07/09/2026 12:47 PM,Listed
EL-014315,Electronics,Outlet DC,07/18/2026 10:38 AM,07/20/2026 10:07 PM,07/21/2026 05:06 PM,Listed
MD-014316,Media,Donation Center 02,07/18/2026 03:30 PM,07/19/2026 03:25 AM,07/19/2026 01:49 PM,Listed
BK-014317,Books,Store 12,06/11/2026 01:08 PM,06/13/2026 02:12 AM,06/14/2026 11:20 AM,Listed
BK-014318,Books,Store 04,06/29/2026 10:46 AM,06/29/2026 07:21 PM,07/01/2026 10:55 AM,Listed
CO-014319,Collectibles,Outlet DC,07/20/2026 11:34 AM,07/21/2026 11:32 AM,07/21/2026 11:17 PM,Listed
BK-014320,Books,Store 07,06/28/2026 12:23 AM,06/28/2026 08:33 AM,06/28/2026 09:57 AM,Listed
BK-014321,Books,Store 04,04/05/2026 08:42 AM,04/07/2026 11:07 PM,04/08/2026 07:43 AM,Listed
TY-014322,Toys,Store 12,07/07/2026 02:32 PM,07/09/2026 08:21 PM,07/10/2026 02:14 PM,Listed
BK-014323,Books,Donation Center 02,06/20/2026 05:48 AM,06/22/2026 11:23 PM,06/23/2026 05:41 AM,Listed
BK-014324,Books,Store 07,06/26/2026 06:40 PM,06/28/2026 08:23 PM,06/30/2026 05:40 PM,Listed
BK-014325,Books,Store 07,07/10/2026 01:54 PM,07/10/2026 06:04 PM,07/12/2026 01:37 PM,Listed
MD-014326,Media,Store 04,07/19/2026 08:45 AM,07/20/2026 12:31 AM,07/20/2026 10:38 PM,Listed
MD-014327,Media,Store 12,07/23/2026 09:38 AM,07/23/2026 02:27 PM,07/24/2026 06:02 PM,Listed
BK-014328,Books,Store 07,06/24/2026 12:23 AM,06/26/2026 12:20 PM,06/27/2026 07:18 AM,Listed
MD-014329,Media,Store 07,07/29/2026 11:25 AM,07/29/2026 09:52 PM,07/30/2026 07:57 PM,Sent to E-Com
BK-014330,Books,Store 07,04/27/2026 01:50 AM,04/29/2026 10:41 AM,04/29/2026 08:17 PM,Listed
MD-014331,Media,Store 07,07/24/2026 05:28 AM,07/27/2026 04:30 AM,07/27/2026 09:25 PM,Sent to E-Com
BK-014332,Books,Outlet DC,07/05/2026 04:32 AM,07/07/2026 08:26 PM,07/09/2026 02:22 PM,Listed
BK-014333,Books,Store 12,04/18/2026 10:03 PM,04/19/2026 04:25 AM,04/20/2026 11:28 AM,Listed
BK-014334,Books,Store 12,06/10/2026 07:12 AM,06/10/2026 11:03 PM,06/11/2026 01:31 AM,Listed
BK-014335,Books,Store 04,07/13/2026 07:31 AM,07/13/2026 08:32 PM,07/14/2026 12:56 PM,Listed
BK-014336,Books,Store 07,06/29/2026 02:35 AM,06/30/2026 03:48 AM,06/30/2026 05:40 AM,Listed
SG-014337,Sporting Goods,Store 12,06/25/2026 11:26 PM,06/26/2026 12:02 PM,06/28/2026 01:39 AM,Listed
CO-014338,Collectibles,Store 12,07/17/2026 02:01 PM,07/18/2026 12:34 PM,07/19/2026 11:15 AM,Listed
EL-014339,Electronics,Donation Center 02,07/13/2026 03:27 PM,07/15/2026 06:51 PM,07/16/2026 02:20 AM,Listed
SG-014340,Sporting Goods,Donation Center 02,07/24/2026 01:48 PM,07/26/2026 08:19 AM,07/26/2026 10:49 AM,Listed
CL-014341,Clothing,Donation Center 02,07/15/2026 11:51 PM,07/18/2026 04:06 PM,07/19/2026 01:13 PM,Listed
EL-014342,Electronics,Store 07,07/09/2026 01:56 PM,07/12/2026 09:36 AM,07/13/2026 05:25 PM,Listed
EL-014343,Electronics,Store 07,07/13/2026 08:12 PM,07/14/2026 08:36 AM,07/15/2026 09:59 AM,Listed
HB-014344,Handbags,Store 04,07/20/2026 07:10 PM,07/23/2026 04:50 AM,07/24/2026 05:09 PM,Listed
CL-014345,Clothing,Outlet DC,07/04/2026 07:46 PM,07/07/2026 10:37 AM,07/08/2026 12:45 PM,Listed
SH-014346,Shoes,Store 07,07/18/2026 08:55 AM,07/21/2026 05:55 AM,07/21/2026 11:11 PM,Listed
HB-014347,Handbags,Outlet DC,06/27/2026 10:48 PM,06/29/2026 06:20 PM,06/30/2026 02:19 PM,Listed
SH-014348,Shoes,Store 12,07/05/2026 09:36 PM,07/06/2026 02:27 PM,07/06/2026 03:25 PM,Listed
EL-014349,Electronics,Store 04,07/09/2026 04:35 PM,07/12/2026 01:14 AM,07/13/2026 07:11 AM,Listed
CL-014350,Clothing,Store 07,07/29/2026 04:23 PM,08/01/2026 02:52 AM,08/01/2026 07:11 PM,Sent to E-Com
HB-014351,Handbags,Donation Center 02,07/28/2026 05:29 PM,07/28/2026 10:21 PM,07/29/2026 01:48 AM,Listed
EL-014352,Electronics,Store 04,07/08/2026 03:21 AM,07/10/2026 10:50 AM,07/11/2026 02:49 AM,Listed
SG-014353,Sporting Goods,Donation Center 02,07/10/2026 09:32 PM,07/11/2026 08:46 AM,07/11/2026 02:36 PM,Listed
HB-014354,Handbags,Store 04,07/07/2026 06:10 AM,07/08/2026 06:39 PM,07/09/2026 12:55 AM,Listed
HB-014355,Handbags,Outlet DC,06/20/2026 08:19 PM,06/23/2026 10:41 AM,06/24/2026 05:10 PM,Listed
SH-014356,Shoes,Store 07,07/23/2026 09:43 AM,07/24/2026 09:50 PM,07/26/2026 02:25 AM,Listed
CL-014357,Clothing,Donation Center 02,07/16/2026 10:01 PM,07/19/2026 01:27 AM,07/20/2026 10:52 PM,Listed
CO-014358,Collectibles,Store 12,07/21/2026 07:56 AM,07/22/2026 02:31 AM,07/22/2026 08:32 AM,Listed
CL-014359,Clothing,Store 12,07/12/2026 12:46 AM,07/14/2026 09:04 PM,07/16/2026 12:22 PM,Listed
SG-014360,Sporting Goods,Outlet DC,07/27/2026 12:41 PM,07/28/2026 07:59 AM,07/28/2026 11:14 PM,Listed
CL-014361,Clothing,Store 04,07/25/2026 01:36 PM,07/26/2026 01:04 AM,07/26/2026 07:26 AM,Listed
SH-014362,Shoes,Store 04,06/17/2026 01:02 AM,06/18/2026 12:28 AM,06/19/2026 05:40 AM,Listed
CL-014363,Clothing,Store 12,07/22/2026 09:19 AM,07/23/2026 08:45 AM,07/23/2026 02:59 PM,Listed
HM-014364,Home Decor,Donation Center 02,07/30/2026 01:40 AM,07/30/2026 06:19 AM,07/31/2026 11:26 PM,Sent to E-Com
FN-014365,Furniture,Store 07,07/29/2026 11:39 PM,07/30/2026 07:15 AM,07/30/2026 07:53 PM,Sent to E-Com
HB-014366,Handbags,Store 12,07/17/2026 07:27 AM,07/20/2026 02:55 AM,07/20/2026 04:27 AM,Listed
SH-014367,Shoes,Outlet DC,07/14/2026 07:21 AM,07/16/2026 02:07 PM,07/16/2026 10:35 PM,Listed
FN-014368,Furniture,Store 12,07/01/2026 10:07 PM,07/03/2026 04:01 PM,07/04/2026 01:59 AM,Listed
KT-014370,Kitchen,Outlet DC,07/13/2026 05:40 PM,07/15/2026 01:42 PM,07/16/2026 01:13 PM,Listed
KT-014371,Kitchen,Store 04,07/11/2026 10:13 AM,07/13/2026 10:48 AM,07/14/2026 05:03 AM,Listed
CL-014372,Clothing,Donation Center 02,07/23/2026 01:22 AM,07/25/2026 11:31 AM,07/25/2026 07:24 PM,Listed
FN-014373,Furniture,Store 12,07/26/2026 03:58 PM,07/28/2026 08:35 AM,07/30/2026 05:04 AM,Sent to E-Com
SH-014374,Shoes,Store 04,07/26/2026 06:58 PM,07/28/2026 01:17 PM,07/29/2026 08:43 PM,Listed
HM-014375,Home Decor,Store 04,07/23/2026 08:23 AM,07/25/2026 08:33 PM,07/27/2026 03:42 PM,Sent to E-Com
CL-014376,Clothing,Store 07,07/28/2026 01:29 PM,07/31/2026 10:55 AM,07/31/2026 03:29 PM,Listed
SH-014377,Shoes,Store 12,07/19/2026 04:13 AM,07/21/2026 10:53 PM,07/22/2026 07:32 PM,Listed
HM-014378,Home Decor,Donation Center 02,07/25/2026 08:09 PM,07/27/2026 04:42 PM,07/29/2026 09:18 AM,Sent to E-Com
BK-014379,Books,Store 12,07/29/2026 01:24 AM,07/29/2026 03:06 AM,07/29/2026 04:58 AM,Listed
BK-014380,Books,Store 07,07/30/2026 03:52 AM,07/30/2026 03:08 PM,07/31/2026 12:32 AM,Sent to E-Com
BK-014381,Books,Donation Center 02,07/28/2026 12:57 AM,07/28/2026 11:40 PM,07/29/2026 08:29 AM,Listed
BK-014382,Books,Store 04,07/15/2026 02:02 PM,07/18/2026 03:23 AM,07/18/2026 08:26 AM,Listed
BK-014383,Books,Store 12,07/16/2026 05:05 PM,07/18/2026 12:22 AM,07/19/2026 02:59 AM,Listed
BK-014384,Books,Store 07,06/18/2026 12:07 AM,06/18/2026 07:31 PM,06/19/2026 02:17 AM,Listed
BK-014385,Books,Store 07,07/28/2026 06:31 AM,07/28/2026 06:05 PM,07/28/2026 10:45 PM,Listed
BK-014386,Books,Store 07,07/19/2026 08:00 AM,07/22/2026 12:31 AM,07/23/2026 12:24 PM,Listed
BK-014387,Books,Store 12,07/13/2026 08:30 PM,07/13/2026 10:27 PM,07/14/2026 01:15 AM,Listed
MD-014388,Media,Donation Center 02,07/14/2026 03:28 PM,07/16/2026 08:17 PM,07/18/2026 07:56 AM,Listed
BK-014389,Books,Store 04,07/23/2026 06:35 AM,07/24/2026 05:57 AM,07/24/2026 01:53 PM,Listed
BK-014390,Books,Store 07,07/22/2026 10:27 PM,07/23/2026 04:08 PM,07/25/2026 12:48 PM,Sent to E-Com
BK-014391,Books,Store 07,07/25/2026 08:46 AM,07/26/2026 11:19 PM,07/28/2026 12:28 AM,Sent to E-Com
MD-014392,Media,Store 04,06/12/2026 06:25 AM,06/14/2026 01:46 PM,06/16/2026 12:13 PM,Listed
BK-014393,Books,Donation Center 02,07/22/2026 01:13 PM,07/24/2026 10:15 PM,07/26/2026 07:11 PM,Listed
BK-014394,Books,Store 07,07/18/2026 08:48 AM,07/21/2026 08:27 AM,07/22/2026 11:54 PM,Listed
BK-014395,Books,Store 12,07/07/2026 10:29 AM,07/09/2026 06:05 AM,07/10/2026 03:43 PM,Listed
BK-014396,Books,Store 04,07/08/2026 11:57 PM,07/11/2026 09:09 PM,07/13/2026 08:07 AM,Listed
BK-014397,Books,Store 07,07/27/2026 11:35 AM,07/29/2026 01:48 AM,07/29/2026 03:30 AM,Listed
CO-014398,Collectibles,Store 12,07/24/2026 09:22 AM,07/25/2026 01:10 AM,07/26/2026 01:17 PM,Sent to E-Com
TY-014400,Toys,Store 12,07/19/2026 02:39 PM,07/21/2026 03:20 PM,07/22/2026 01:20 AM,Listed
HM-014402,Home Decor,Donation Center 02,07/14/2026 07:01 PM,07/17/2026 02:23 AM,07/18/2026 04:06 PM,Listed
CL-014403,Clothing,Donation Center 02,07/25/2026 03:10 AM,07/26/2026 04:16 AM,07/26/2026 09:38 AM,Listed
AR-014404,Art,Donation Center 02,07/19/2026 11:29 AM,07/22/2026 02:51 AM,07/24/2026 01:00 AM,Listed
JW-014408,Jewelry,Store 04,07/14/2026 11:42 PM,07/17/2026 06:29 AM,07/17/2026 08:05 AM,Listed
HM-014409,Home Decor,Outlet DC,07/22/2026 09:59 AM,07/23/2026 03:54 PM,07/25/2026 12:46 PM,Listed
JW-014411,Jewelry,Outlet DC,07/29/2026 03:22 PM,07/29/2026 10:16 PM,07/30/2026 06:31 PM,Sent to E-Com
CO-014413,Collectibles,Store 12,07/25/2026 04:55 AM,07/25/2026 12:42 PM,07/26/2026 03:59 AM,Listed
CO-014414,Collectibles,Outlet DC,07/30/2026 05:53 PM,08/01/2026 12:05 AM,08/01/2026 03:30 PM,Sent to E-Com
AR-014415,Art,Outlet DC,07/28/2026 05:33 AM,07/29/2026 07:08 PM,07/30/2026 10:29 PM,Listed
CO-014417,Collectibles,Store 12,07/22/2026 04:29 PM,07/25/2026 05:10 AM,07/27/2026 01:26 AM,Listed
HB-014419,Handbags,Store 07,07/26/2026 11:20 AM,07/27/2026 02:36 AM,07/28/2026 04:06 AM,Sent to E-Com
JW-014420,Jewelry,Store 12,07/27/2026 07:42 PM,07/27/2026 08:22 PM,07/29/2026 11:14 AM,Listed
JW-014421,Jewelry,Store 04,07/25/2026 06:31 AM,07/27/2026 02:55 PM,07/28/2026 03:58 AM,Listed
CO-014422,Collectibles,Store 04,07/28/2026 05:10 AM,07/30/2026 07:57 AM,07/31/2026 09:26 AM,Sent to E-Com
JW-014423,Jewelry,Store 12,07/24/2026 11:00 PM,07/25/2026 10:50 PM,07/27/2026 04:35 AM,Sent to E-Com
CO-014424,Collectibles,Store 07,07/21/2026 02:30 PM,07/21/2026 10:10 PM,07/23/2026 09:20 AM,Listed
HB-014425,Handbags,Store 12,07/20/2026 03:34 AM,07/20/2026 04:38 AM,07/20/2026 07:01 AM,Listed
CO-014429,Collectibles,Outlet DC,07/19/2026 07:02 PM,07/21/2026 10:19 PM,07/23/2026 01:27 PM,Listed
AR-014430,Art,Donation Center 02,07/30/2026 02:14 AM,07/30/2026 12:41 PM,07/31/2026 01:00 AM,Sent to E-Com
JW-014431,Jewelry,Outlet DC,07/29/2026 08:56 AM,07/29/2026 10:39 AM,07/29/2026 03:10 PM,Sent to E-Com
EL-014432,Electronics,Store 04,07/17/2026 03:37 AM,07/17/2026 12:41 PM,07/18/2026 09:00 PM,Listed
KT-014434,Kitchen,Donation Center 02,07/27/2026 05:23 PM,07/28/2026 07:45 AM,07/28/2026 03:48 PM,Listed
EL-014435,Electronics,Store 12,07/16/2026 12:37 AM,07/18/2026 08:05 AM,07/18/2026 08:20 AM,Listed
CO-014436,Collectibles,Store 12,07/31/2026 12:40 AM,07/31/2026 11:35 PM,08/01/2026 02:38 AM,Sent to E-Com
CO-014437,Collectibles,Store 12,07/28/2026 04:31 PM,07/28/2026 07:07 PM,07/28/2026 07:09 PM,Sent to E-Com
AR-014438,Art,Store 12,07/23/2026 02:48 PM,07/25/2026 02:00 PM,07/25/2026 11:55 PM,Listed
AR-014439,Art,Store 04,07/21/2026 03:19 PM,07/24/2026 12:06 AM,07/24/2026 11:00 PM,Listed
AR-014440,Art,Outlet DC,07/26/2026 08:59 PM,07/28/2026 11:03 PM,07/30/2026 02:13 AM,Sent to E-Com
KT-014441,Kitchen,Store 12,07/25/2026 11:26 PM,07/27/2026 12:52 AM,07/28/2026 09:43 AM,Sent to E-Com
CL-014442,Clothing,Donation Center 02,07/23/2026 03:37 AM,07/25/2026 08:51 AM,07/27/2026 07:55 AM,Sent to E-Com
CL-014443,Clothing,Store 12,07/18/2026 04:53 AM,07/20/2026 11:52 AM,07/22/2026 02:09 AM,Listed
EL-014444,Electronics,Store 04,07/17/2026 04:10 AM,07/19/2026 02:01 AM,07/19/2026 06:15 PM,Listed
KT-014445,Kitchen,Outlet DC,07/30/2026 06:59 PM,07/30/2026 08:51 PM,07/31/2026 10:24 AM,Sent to E-Com
CO-014446,Collectibles,Outlet DC,07/05/2026 10:18 AM,07/08/2026 06:13 AM,07/08/2026 07:19 PM,Listed
WT-014447,Watches,Store 07,07/18/2026 04:40 AM,07/19/2026 02:32 PM,07/21/2026 06:27 AM,Listed
HB-014448,Handbags,Store 12,07/29/2026 12:44 AM,07/29/2026 09:46 PM,07/31/2026 03:55 AM,Sent to E-Com
EL-014450,Electronics,Donation Center 02,07/27/2026 11:48 PM,07/28/2026 08:22 PM,07/29/2026 01:00 AM,Listed
EL-014451,Electronics,Store 07,07/24/2026 07:15 PM,07/26/2026 06:27 PM,07/26/2026 06:32 PM,Listed
JW-014452,Jewelry,Outlet DC,07/26/2026 05:49 PM,07/29/2026 01:39 PM,07/31/2026 09:51 AM,Sent to E-Com
KT-014453,Kitchen,Outlet DC,07/22/2026 08:00 PM,07/25/2026 09:00 AM,07/26/2026 02:31 PM,Listed
EL-014454,Electronics,Store 12,07/28/2026 11:17 PM,07/29/2026 02:18 AM,07/30/2026 05:01 PM,Sent to E-Com
KT-014455,Kitchen,Outlet DC,07/20/2026 08:19 AM,07/21/2026 02:52 AM,07/21/2026 07:44 AM,Listed
JW-014456,Jewelry,Store 04,07/26/2026 06:15 PM,07/29/2026 03:09 PM,07/31/2026 07:53 AM,Sent to E-Com
CO-014457,Collectibles,Donation Center 02,07/22/2026 02:23 AM,07/23/2026 03:38 PM,07/25/2026 02:32 PM,Listed
HM-014458,Home Decor,Store 07,07/26/2026 09:46 PM,07/28/2026 02:54 PM,07/30/2026 04:02 AM,Listed
HB-014459,Handbags,Store 04,07/23/2026 09:24 AM,07/23/2026 11:24 AM,07/25/2026 05:00 AM,Listed
AR-014460,Art,Store 12,07/20/2026 10:35 PM,07/23/2026 05:37 AM,07/23/2026 07:43 PM,Listed
HM-014461,Home Decor,Outlet DC,07/20/2026 12:03 AM,07/21/2026 04:51 AM,07/23/2026 02:53 AM,Listed
CO-014462,Collectibles,Store 07,07/26/2026 07:04 AM,07/28/2026 10:23 PM,07/30/2026 11:44 AM,Sent to E-Com
CO-014464,Collectibles,Donation Center 02,07/26/2026 02:06 PM,07/28/2026 12:18 PM,07/29/2026 10:39 PM,Sent to E-Com
HM-014465,Home Decor,Store 07,07/27/2026 04:58 PM,07/28/2026 11:28 AM,07/28/2026 07:04 PM,Sent to E-Com
EL-014466,Electronics,Store 12,07/23/2026 08:25 AM,07/26/2026 03:16 AM,07/27/2026 12:58 PM,Listed
CO-014467,Collectibles,Store 04,07/23/2026 02:18 AM,07/24/2026 10:32 AM,07/26/2026 04:08 AM,Listed
CL-014470,Clothing,Store 07,07/30/2026 01:38 AM,07/31/2026 04:06 PM,07/31/2026 06:10 PM,Sent to E-Com
KT-014471,Kitchen,Store 04,07/27/2026 09:13 AM,07/28/2026 11:30 PM,07/29/2026 09:50 PM,Sent to E-Com
MD-014472,Media,Store 07,07/24/2026 06:48 AM,07/25/2026 02:53 AM,07/25/2026 07:19 PM,Listed
CO-014473,Collectibles,Store 04,07/28/2026 04:45 AM,07/28/2026 02:26 PM,07/29/2026 05:23 AM,Listed
BK-014474,Books,Donation Center 02,07/13/2026 06:46 AM,07/13/2026 01:19 PM,07/13/2026 04:16 PM,Listed
MD-014475,Media,Store 07,06/13/2026 06:56 AM,06/14/2026 01:34 PM,06/14/2026 09:47 PM,Listed
MD-014476,Media,Store 04,07/01/2026 02:44 PM,07/02/2026 10:09 PM,07/03/2026 07:01 AM,Listed
BK-014477,Books,Donation Center 02,05/19/2026 02:56 AM,05/20/2026 11:50 PM,05/21/2026 05:25 PM,Listed
BK-014478,Books,Store 12,07/09/2026 10:10 PM,07/12/2026 04:50 AM,07/12/2026 07:53 PM,Listed
TY-014479,Toys,Donation Center 02,07/22/2026 03:39 PM,07/24/2026 10:14 AM,07/24/2026 10:00 PM,Listed
MD-014480,Media,Store 12,07/23/2026 11:05 PM,07/25/2026 04:30 PM,07/26/2026 09:18 AM,Listed
BK-014481,Books,Store 04,06/18/2026 04:11 AM,06/18/2026 07:00 PM,06/20/2026 05:36 PM,Listed
BK-014482,Books,Donation Center 02,07/08/2026 03:49 AM,07/08/2026 11:49 AM,07/09/2026 05:51 AM,Listed
EL-014483,Electronics,Store 04,07/21/2026 08:50 PM,07/24/2026 04:13 PM,07/25/2026 06:00 AM,Listed
BK-014484,Books,Store 07,07/11/2026 02:35 AM,07/13/2026 07:07 AM,07/14/2026 12:46 AM,Listed
BK-014485,Books,Outlet DC,07/07/2026 11:48 PM,07/08/2026 11:30 PM,07/10/2026 11:25 AM,Listed
MD-014486,Media,Outlet DC,07/26/2026 01:33 AM,07/26/2026 07:45 AM,07/27/2026 12:27 PM,Listed
MD-014487,Media,Store 07,07/23/2026 12:40 AM,07/25/2026 12:55 PM,07/25/2026 06:14 PM,Listed
BK-014488,Books,Outlet DC,06/27/2026 10:17 AM,06/28/2026 12:25 AM,06/29/2026 12:34 PM,Listed
MD-014490,Media,Store 07,07/04/2026 07:59 AM,07/06/2026 05:21 PM,07/07/2026 06:13 AM,Listed
CO-014491,Collectibles,Outlet DC,07/27/2026 02:31 AM,07/28/2026 05:18 PM,07/29/2026 02:52 AM,Sent to E-Com
BK-014492,Books,Store 12,06/29/2026 04:10 AM,06/29/2026 03:22 PM,06/30/2026 06:52 AM,Listed
BK-014493,Books,Store 04,07/10/2026 05:55 PM,07/11/2026 11:40 AM,07/11/2026 11:48 AM,Listed
EL-014494,Electronics,Donation Center 02,07/27/2026 12:17 AM,07/27/2026 10:10 PM,07/29/2026 05:41 PM,Listed
BK-014495,Books,Store 12,06/14/2026 11:52 PM,06/16/2026 03:59 PM,06/18/2026 07:19 AM,Listed
BK-014496,Books,Store 04,06/12/2026 08:38 AM,06/12/2026 01:48 PM,06/13/2026 07:06 PM,Listed
MD-014497,Media,Donation Center 02,07/23/2026 11:41 AM,07/24/2026 07:44 PM,07/24/2026 11:19 PM,Listed
BK-014498,Books,Donation Center 02,06/22/2026 09:00 PM,06/23/2026 01:37 AM,06/23/2026 02:56 AM,Listed
BK-014499,Books,Store 07,06/27/2026 07:19 PM,06/28/2026 02:37 PM,06/30/2026 11:59 AM,Listed
MD-014500,Media,Donation Center 02,07/27/2026 02:40 PM,07/29/2026 08:18 PM,07/30/2026 12:09 AM,Listed
TY-014501,Toys,Store 07,07/27/2026 05:53 PM,07/27/2026 06:42 PM,07/28/2026 03:08 PM,Listed
BK-014502,Books,Store 12,06/30/2026 09:23 AM,07/02/2026 11:48 AM,07/04/2026 09:54 AM,Listed
MD-014503,Media,Store 07,07/10/2026 11:38 AM,07/11/2026 02:38 AM,07/12/2026 12:05 PM,Listed
MD-014504,Media,Donation Center 02,07/17/2026 03:24 PM,07/19/2026 03:39 AM,07/19/2026 01:04 PM,Listed
BK-014505,Books,Store 04,06/13/2026 10:46 AM,06/16/2026 01:17 AM,06/17/2026 03:43 PM,Listed
BK-014506,Books,Outlet DC,07/04/2026 10:10 PM,07/07/2026 12:48 PM,07/08/2026 07:08 AM,Listed
BK-014507,Books,Store 07,06/27/2026 10:11 PM,06/30/2026 04:50 AM,06/30/2026 02:44 PM,Listed
BK-014508,Books,Store 07,06/22/2026 05:30 AM,06/22/2026 01:52 PM,06/22/2026 07:17 PM,Listed
BK-014509,Books,Store 12,06/24/2026 02:04 AM,06/25/2026 05:06 PM,06/26/2026 12:20 AM,Listed
BK-014510,Books,Donation Center 02,06/30/2026 10:14 AM,07/03/2026 02:24 AM,07/04/2026 12:02 AM,Listed
BK-014511,Books,Store 12,06/01/2026 08:27 AM,06/03/2026 08:16 AM,06/04/2026 09:28 PM,Listed
MD-014512,Media,Store 07,07/28/2026 12:27 AM,07/28/2026 05:27 PM,07/29/2026 07:32 AM,Sent to E-Com
BK-014513,Books,Donation Center 02,04/28/2026 05:56 PM,04/29/2026 05:24 PM,04/30/2026 08:43 AM,Listed
BK-014514,Books,Store 04,05/21/2026 11:36 AM,05/23/2026 11:54 AM,05/23/2026 07:01 PM,Listed
MD-014515,Media,Store 12,07/29/2026 08:46 PM,07/31/2026 10:53 AM,08/01/2026 08:25 PM,Sent to E-Com
MD-014516,Media,Donation Center 02,07/21/2026 07:36 PM,07/22/2026 04:56 AM,07/24/2026 01:13 AM,Listed
BK-014517,Books,Store 12,06/16/2026 03:28 AM,06/18/2026 02:48 AM,06/19/2026 03:43 AM,Listed
EL-014518,Electronics,Outlet DC,07/27/2026 08:30 AM,07/28/2026 04:26 PM,07/29/2026 11:03 PM,Listed
MD-014519,Media,Store 04,07/21/2026 02:25 PM,07/23/2026 12:45 AM,07/24/2026 12:36 AM,Listed
MD-014520,Media,Store 12,07/18/2026 11:02 AM,07/20/2026 04:11 AM,07/22/2026 03:18 AM,Listed
BK-014521,Books,Donation Center 02,06/23/2026 06:37 PM,06/25/2026 11:12 PM,06/27/2026 06:13 PM,Listed
BK-014522,Books,Outlet DC,06/21/2026 06:14 AM,06/23/2026 02:08 AM,06/24/2026 12:29 PM,Listed
EL-014523,Electronics,Donation Center 02,06/26/2026 12:04 PM,06/28/2026 01:59 PM,06/29/2026 01:32 PM,Listed
BK-014524,Books,Store 07,07/10/2026 12:57 PM,07/11/2026 10:21 AM,07/12/2026 08:45 AM,Listed
SG-014525,Sporting Goods,Outlet DC,07/23/2026 07:45 AM,07/25/2026 12:58 AM,07/26/2026 08:44 PM,Listed
SH-014526,Shoes,Donation Center 02,07/08/2026 08:28 AM,07/10/2026 05:38 AM,07/10/2026 12:05 PM,Listed
CO-014527,Collectibles,Store 12,07/10/2026 10:13 AM,07/11/2026 11:42 AM,07/11/2026 06:26 PM,Listed
CO-014528,Collectibles,Store 12,07/08/2026 01:18 AM,07/10/2026 07:08 PM,07/12/2026 09:55 AM,Listed
CL-014529,Clothing,Store 07,07/02/2026 06:21 PM,07/03/2026 12:08 PM,07/04/2026 09:25 PM,Listed
CO-014530,Collectibles,Donation Center 02,07/05/2026 08:51 AM,07/06/2026 06:24 PM,07/07/2026 10:13 AM,Listed
CO-014531,Collectibles,Store 04,07/07/2026 05:15 PM,07/10/2026 04:36 PM,07/10/2026 09:49 PM,Listed
CL-014532,Clothing,Store 07,06/13/2026 01:18 AM,06/15/2026 06:25 AM,06/15/2026 02:28 PM,Listed
CL-014533,Clothing,Store 04,07/17/2026 05:27 AM,07/18/2026 03:27 PM,07/19/2026 09:14 PM,Listed
EL-014534,Electronics,Store 04,07/09/2026 02:40 AM,07/11/2026 01:46 PM,07/13/2026 10:55 AM,Listed
CL-014535,Clothing,Donation Center 02,07/16/2026 12:41 PM,07/19/2026 10:44 AM,07/19/2026 11:44 PM,Listed
CL-014536,Clothing,Store 04,06/26/2026 07:46 PM,06/29/2026 03:37 AM,06/30/2026 11:42 AM,Listed
CO-014537,Collectibles,Store 12,07/13/2026 03:42 PM,07/16/2026 03:19 PM,07/16/2026 09:35 PM,Listed
CL-014538,Clothing,Store 04,07/07/2026 04:09 AM,07/09/2026 11:48 AM,07/09/2026 04:12 PM,Listed
SH-014539,Shoes,Store 04,07/18/2026 08:10 AM,07/19/2026 12:59 PM,07/21/2026 01:11 AM,Listed
SG-014540,Sporting Goods,Outlet DC,07/05/2026 08:56 PM,07/06/2026 08:55 AM,07/07/2026 09:29 PM,Listed
CL-014541,Clothing,Store 07,05/14/2026 05:11 PM,05/16/2026 02:51 AM,05/16/2026 07:17 AM,Listed
CO-014542,Collectibles,Outlet DC,07/28/2026 12:13 AM,07/28/2026 10:54 PM,07/30/2026 04:18 PM,Sent to E-Com
EL-014543,Electronics,Donation Center 02,07/19/2026 09:25 PM,07/21/2026 02:08 AM,07/23/2026 01:43 AM,Listed
CO-014544,Collectibles,Outlet DC,07/27/2026 10:50 PM,07/30/2026 11:47 AM,07/31/2026 04:04 AM,Listed
KT-014545,Kitchen,Store 07,07/26/2026 06:08 AM,07/26/2026 05:02 PM,07/27/2026 05:34 AM,Listed
SG-014546,Sporting Goods,Store 12,07/25/2026 09:20 AM,07/25/2026 10:37 AM,07/25/2026 10:48 AM,Listed
EL-014547,Electronics,Store 12,07/24/2026 09:47 AM,07/24/2026 05:10 PM,07/26/2026 02:44 AM,Listed
EL-014548,Electronics,Store 07,07/08/2026 02:21 PM,07/09/2026 12:18 AM,07/09/2026 01:45 AM,Listed
CL-014549,Clothing,Store 12,07/23/2026 04:36 PM,07/26/2026 12:49 AM,07/26/2026 01:49 AM,Listed
HM-014550,Home Decor,Store 07,07/20/2026 12:34 AM,07/22/2026 03:54 AM,07/22/2026 03:30 PM,Listed
FN-014551,Furniture,Donation Center 02,07/03/2026 05:28 PM,07/05/2026 07:07 PM,07/05/2026 10:05 PM,Listed
FN-014552,Furniture,Store 12,07/17/2026 04:49 PM,07/19/2026 05:47 AM,07/20/2026 05:31 AM,Listed
CL-014553,Clothing,Outlet DC,07/25/2026 10:44 AM,07/25/2026 06:55 PM,07/26/2026 11:58 AM,Listed
KT-014554,Kitchen,Store 07,07/12/2026 12:09 PM,07/13/2026 07:34 PM,07/15/2026 02:36 PM,Listed
HM-014556,Home Decor,Donation Center 02,07/17/2026 04:54 AM,07/18/2026 05:54 PM,07/18/2026 08:51 PM,Listed
KT-014557,Kitchen,Store 12,07/12/2026 07:30 AM,07/14/2026 04:55 AM,07/15/2026 11:26 PM,Sent to E-Com
BK-014558,Books,Donation Center 02,07/09/2026 03:36 AM,07/11/2026 12:50 PM,07/13/2026 03:49 AM,Listed
BK-014559,Books,Donation Center 02,07/28/2026 02:57 AM,07/30/2026 01:06 PM,08/01/2026 06:47 AM,Sent to E-Com
BK-014560,Books,Store 12,07/24/2026 10:33 AM,07/24/2026 11:50 AM,07/25/2026 06:47 AM,Listed
BK-014561,Books,Donation Center 02,07/30/2026 05:51 AM,07/30/2026 05:30 PM,08/01/2026 01:47 AM,Sent to E-Com
MD-014562,Media,Donation Center 02,07/21/2026 05:54 PM,07/24/2026 05:16 AM,07/25/2026 02:30 AM,Listed
BK-014563,Books,Store 12,06/20/2026 07:21 PM,06/21/2026 06:04 PM,06/23/2026 12:15 AM,Listed
BK-014564,Books,Outlet DC,07/09/2026 07:13 AM,07/09/2026 07:26 PM,07/11/2026 03:12 PM,Listed
BK-014565,Books,Outlet DC,07/16/2026 12:09 AM,07/17/2026 01:46 AM,07/17/2026 01:08 PM,Listed
BK-014566,Books,Store 07,07/14/2026 12:48 PM,07/15/2026 04:15 PM,07/17/2026 03:37 PM,Listed
BK-014567,Books,Outlet DC,07/21/2026 08:38 AM,07/23/2026 02:54 AM,07/24/2026 05:50 PM,Listed
BK-014568,Books,Donation Center 02,07/19/2026 07:43 AM,07/19/2026 09:57 AM,07/19/2026 11:28 AM,Listed
MD-014571,Media,Donation Center 02,07/21/2026 07:55 PM,07/24/2026 07:11 PM,07/26/2026 07:07 PM,Sent to E-Com
BK-014572,Books,Outlet DC,07/21/2026 10:34 PM,07/23/2026 07:34 AM,07/24/2026 01:45 AM,Listed
CL-014573,Clothing,Store 12,07/25/2026 01:59 PM,07/27/2026 12:49 AM,07/28/2026 02:41 PM,Listed
CO-014574,Collectibles,Store 04,07/21/2026 08:46 PM,07/22/2026 02:46 AM,07/22/2026 09:35 PM,Listed
HB-014576,Handbags,Store 04,07/22/2026 07:54 AM,07/22/2026 11:39 PM,07/23/2026 01:56 AM,Listed
JW-014577,Jewelry,Outlet DC,07/23/2026 10:42 PM,07/25/2026 04:36 AM,07/26/2026 02:56 AM,Listed
CL-014579,Clothing,Store 04,07/30/2026 04:50 AM,08/01/2026 01:35 PM,08/01/2026 04:46 PM,Sent to E-Com
SG-014580,Sporting Goods,Store 12,07/24/2026 04:19 AM,07/24/2026 11:11 PM,07/25/2026 09:57 PM,Listed
JW-014583,Jewelry,Store 04,07/17/2026 10:30 AM,07/18/2026 01:31 PM,07/20/2026 07:45 AM,Sent to E-Com
CL-014584,Clothing,Store 07,07/29/2026 11:56 AM,07/30/2026 11:55 AM,07/31/2026 09:49 AM,Sent to E-Com
EL-014586,Electronics,Store 12,07/21/2026 03:17 PM,07/21/2026 06:41 PM,07/22/2026 12:33 PM,Listed
JW-014589,Jewelry,Store 04,07/25/2026 07:56 AM,07/27/2026 10:14 AM,07/28/2026 04:27 AM,Listed
AR-014590,Art,Donation Center 02,07/24/2026 05:47 PM,07/27/2026 02:19 PM,07/28/2026 06:43 PM,Listed
JW-014592,Jewelry,Store 12,07/17/2026 10:53 PM,07/18/2026 09:45 PM,07/19/2026 11:39 PM,Listed
EL-014595,Electronics,Store 12,07/26/2026 09:25 AM,07/28/2026 07:33 PM,07/30/2026 06:50 AM,Sent to E-Com
EL-014596,Electronics,Donation Center 02,07/23/2026 12:06 AM,07/23/2026 12:19 AM,07/24/2026 10:19 PM,Listed
HM-014597,Home Decor,Outlet DC,07/23/2026 05:05 AM,07/26/2026 04:59 AM,07/27/2026 02:00 AM,Listed
CO-014598,Collectibles,Store 04,07/26/2026 09:14 AM,07/28/2026 07:33 PM,07/28/2026 07:57 PM,Listed
KT-014602,Kitchen,Store 07,07/24/2026 06:14 PM,07/26/2026 01:49 AM,07/26/2026 07:34 PM,Listed
CO-014604,Collectibles,Store 07,07/29/2026 01:22 PM,07/31/2026 05:48 AM,07/31/2026 02:42 PM,Sent to E-Com
KT-014605,Kitchen,Donation Center 02,07/23/2026 08:32 AM,07/26/2026 03:48 AM,07/27/2026 11:05 PM,Listed
WT-014606,Watches,Store 12,07/29/2026 05:19 PM,08/01/2026 06:50 AM,08/01/2026 09:14 AM,Sent to E-Com
HM-014607,Home Decor,Donation Center 02,07/26/2026 03:36 PM,07/29/2026 03:41 AM,07/31/2026 03:01 AM,Sent to E-Com
SG-014609,Sporting Goods,Store 12,07/19/2026 12:20 PM,07/21/2026 06:00 AM,07/23/2026 05:44 AM,Sent to E-Com
WT-014610,Watches,Outlet DC,07/29/2026 02:23 AM,08/01/2026 01:35 AM,08/01/2026 06:00 AM,Sent to E-Com
AR-014611,Art,Store 07,07/26/2026 06:33 PM,07/28/2026 02:06 AM,07/28/2026 01:48 PM,Sent to E-Com
JW-014613,Jewelry,Store 12,07/28/2026 09:58 PM,07/29/2026 01:06 PM,07/30/2026 02:04 PM,Sent to E-Com
CO-014614,Collectibles,Store 04,07/29/2026 04:10 AM,07/29/2026 06:27 AM,07/31/2026 12:49 AM,Sent to E-Com
AR-014617,Art,Store 12,07/27/2026 05:26 PM,07/30/2026 07:33 AM,07/30/2026 12:58 PM,Sent to E-Com
CO-014618,Collectibles,Store 12,07/29/2026 12:01 AM,07/30/2026 01:42 PM,07/31/2026 09:14 PM,Sent to E-Com
AR-014619,Art,Store 12,07/30/2026 07:15 AM,07/30/2026 07:39 PM,07/31/2026 10:01 PM,Sent to E-Com
CO-014621,Collectibles,Outlet DC,07/27/2026 05:01 AM,07/28/2026 04:45 AM,07/29/2026 11:27 PM,Listed
SG-014622,Sporting Goods,Store 07,07/30/2026 03:08 PM,07/31/2026 08:03 AM,08/01/2026 10:53 AM,Sent to E-Com
WT-014624,Watches,Store 07,07/25/2026 02:52 AM,07/27/2026 12:17 AM,07/28/2026 03:33 AM,Listed
CO-014625,Collectibles,Donation Center 02,07/27/2026 10:35 PM,07/28/2026 12:19 AM,07/29/2026 02:00 AM,Sent to E-Com
WT-014626,Watches,Outlet DC,07/24/2026 12:06 PM,07/25/2026 03:22 AM,07/26/2026 01:07 PM,Sent to E-Com
EL-014628,Electronics,Store 07,07/29/2026 05:32 PM,07/31/2026 02:27 AM,07/31/2026 08:34 PM,Sent to E-Com
HB-014629,Handbags,Outlet DC,07/27/2026 01:54 AM,07/29/2026 09:59 PM,07/30/2026 09:37 PM,Sent to E-Com
BK-014630,Books,Store 07,07/09/2026 05:53 PM,07/10/2026 03:06 AM,07/11/2026 12:07 AM,Listed
MD-014631,Media,Store 07,07/15/2026 08:03 AM,07/18/2026 02:29 AM,07/18/2026 07:33 PM,Listed
BK-014632,Books,Donation Center 02,06/20/2026 01:21 PM,06/22/2026 02:33 AM,06/23/2026 12:41 AM,Listed
BK-014633,Books,Store 04,04/22/2026 09:48 PM,04/23/2026 04:02 PM,04/25/2026 03:50 AM,Listed
BK-014634,Books,Donation Center 02,06/16/2026 06:27 AM,06/17/2026 06:17 PM,06/18/2026 07:51 PM,Listed
BK-014635,Books,Store 04,04/01/2026 01:18 AM,04/03/2026 05:36 AM,04/05/2026 12:54 AM,Listed
MD-014636,Media,Store 12,07/20/2026 07:38 PM,07/21/2026 05:55 PM,07/22/2026 04:01 AM,Listed
BK-014637,Books,Donation Center 02,06/17/2026 06:57 PM,06/19/2026 06:39 AM,06/20/2026 02:01 AM,Listed
MD-014638,Media,Store 04,07/28/2026 03:25 PM,07/31/2026 05:50 AM,08/01/2026 08:06 AM,Sent to E-Com
MD-014640,Media,Outlet DC,07/13/2026 03:27 AM,07/14/2026 04:48 PM,07/16/2026 12:09 PM,Listed
BK-014641,Books,Store 12,06/27/2026 05:47 AM,06/29/2026 09:09 AM,06/29/2026 03:31 PM,Listed
MD-014642,Media,Store 12,06/27/2026 01:20 AM,06/28/2026 04:13 AM,06/29/2026 12:27 AM,Listed
MD-014643,Media,Outlet DC,07/28/2026 09:26 AM,07/31/2026 12:58 AM,07/31/2026 01:24 AM,Sent to E-Com
BK-014644,Books,Donation Center 02,06/10/2026 04:44 PM,06/12/2026 08:06 AM,06/13/2026 05:07 AM,Listed
MD-014645,Media,Store 07,07/06/2026 12:33 AM,07/07/2026 09:08 PM,07/09/2026 04:50 AM,Listed
EL-014646,Electronics,Store 12,07/24/2026 08:22 AM,07/26/2026 04:22 AM,07/27/2026 02:33 AM,Listed
BK-014647,Books,Store 04,07/16/2026 02:33 PM,07/16/2026 11:26 PM,07/18/2026 11:11 PM,Listed
BK-014648,Books,Store 04,07/11/2026 01:55 AM,07/13/2026 01:40 AM,07/14/2026 01:53 AM,Listed
BK-014649,Books,Store 12,06/26/2026 07:50 PM,06/29/2026 11:32 AM,06/30/2026 06:49 PM,Listed
BK-014650,Books,Store 12,07/11/2026 02:03 AM,07/13/2026 09:44 AM,07/15/2026 05:03 AM,Listed
BK-014651,Books,Store 12,06/25/2026 11:19 AM,06/26/2026 09:10 PM,06/28/2026 04:17 PM,Listed
BK-014652,Books,Donation Center 02,07/02/2026 01:12 PM,07/05/2026 09:25 AM,07/06/2026 11:29 AM,Listed
BK-014653,Books,Store 12,07/01/2026 11:20 AM,07/02/2026 06:50 PM,07/04/2026 05:21 AM,Listed
BK-014654,Books,Store 04,06/28/2026 02:58 AM,06/30/2026 07:28 AM,07/01/2026 11:59 PM,Listed
BK-014655,Books,Store 12,07/08/2026 02:53 AM,07/10/2026 11:25 PM,07/12/2026 09:27 PM,Listed
BK-014656,Books,Store 04,06/21/2026 02:26 PM,06/23/2026 01:41 PM,06/24/2026 04:42 PM,Listed
TY-014657,Toys,Store 04,07/18/2026 07:59 PM,07/21/2026 07:06 PM,07/22/2026 04:15 PM,Listed
CO-014658,Collectibles,Store 04,07/18/2026 07:38 AM,07/19/2026 11:52 AM,07/20/2026 05:51 PM,Sent to E-Com
BK-014659,Books,Store 04,06/12/2026 06:17 PM,06/15/2026 02:47 AM,06/16/2026 12:30 AM,Listed
EL-014660,Electronics,Store 12,07/14/2026 08:48 PM,07/17/2026 01:24 AM,07/17/2026 07:32 PM,Listed
BK-014661,Books,Store 12,07/17/2026 06:53 AM,07/19/2026 10:45 AM,07/19/2026 07:42 PM,Listed
BK-014663,Books,Store 04,04/28/2026 08:32 AM,04/30/2026 03:11 PM,04/30/2026 06:45 PM,Listed
BK-014664,Books,Store 12,07/01/2026 02:49 AM,07/02/2026 02:49 AM,07/03/2026 01:11 AM,Listed
EL-014665,Electronics,Donation Center 02,07/18/2026 08:08 PM,07/19/2026 09:04 AM,07/20/2026 05:08 AM,Listed
BK-014666,Books,Store 04,07/15/2026 04:40 AM,07/16/2026 02:56 PM,07/18/2026 11:29 AM,Listed
BK-014667,Books,Store 04,07/12/2026 08:08 AM,07/14/2026 11:42 PM,07/16/2026 06:34 PM,Listed
MD-014668,Media,Store 04,07/11/2026 10:43 PM,07/14/2026 04:24 PM,07/16/2026 07:33 AM,Listed
BK-014669,Books,Donation Center 02,05/18/2026 05:56 PM,05/19/2026 08:42 AM,05/20/2026 02:10 PM,Listed
BK-014670,Books,Outlet DC,06/22/2026 01:40 PM,06/22/2026 03:41 PM,06/22/2026 05:03 PM,Listed
BK-014671,Books,Store 12,06/22/2026 06:00 PM,06/23/2026 12:34 AM,06/24/2026 12:04 PM,Listed
BK-014672,Books,Donation Center 02,06/22/2026 09:36 AM,06/22/2026 01:22 PM,06/22/2026 02:22 PM,Listed
BK-014673,Books,Store 04,06/10/2026 11:17 AM,06/11/2026 01:05 PM,06/12/2026 10:36 AM,Listed
BK-014674,Books,Store 12,06/15/2026 04:02 PM,06/17/2026 12:55 AM,06/18/2026 08:36 AM,Listed
EL-014676,Electronics,Store 07,06/22/2026 11:22 AM,06/23/2026 06:03 AM,06/24/2026 09:37 PM,Listed
KT-014677,Kitchen,Store 04,07/15/2026 07:52 PM,07/16/2026 03:52 PM,07/16/2026 06:44 PM,Listed
CO-014678,Collectibles,Outlet DC,06/23/2026 11:49 PM,06/24/2026 06:24 AM,06/25/2026 12:49 PM,Listed
CO-014679,Collectibles,Store 04,07/15/2026 02:37 AM,07/17/2026 11:11 AM,07/18/2026 09:06 PM,Listed
HB-014680,Handbags,Store 04,07/30/2026 07:13 AM,07/31/2026 03:32 PM,08/01/2026 08:46 AM,Sent to E-Com
CL-014681,Clothing,Donation Center 02,07/23/2026 07:25 AM,07/25/2026 12:05 AM,07/25/2026 08:22 PM,Listed
SG-014682,Sporting Goods,Store 12,07/16/2026 03:17 AM,07/17/2026 10:54 PM,07/19/2026 12:40 AM,Listed
KT-014683,Kitchen,Donation Center 02,07/07/2026 10:48 PM,07/09/2026 10:00 PM,07/10/2026 02:05 AM,Listed
CL-014684,Clothing,Donation Center 02,07/25/2026 10:33 AM,07/25/2026 01:22 PM,07/25/2026 04:06 PM,Listed
CO-014686,Collectibles,Outlet DC,06/13/2026 09:35 AM,06/16/2026 09:20 AM,06/17/2026 04:38 AM,Listed
KT-014688,Kitchen,Outlet DC,06/26/2026 11:03 PM,06/27/2026 04:45 PM,06/28/2026 03:05 PM,Listed
CL-014689,Clothing,Store 12,07/22/2026 09:25 AM,07/23/2026 02:38 AM,07/24/2026 06:46 PM,Listed
SG-014690,Sporting Goods,Store 12,07/18/2026 07:38 PM,07/20/2026 02:59 AM,07/21/2026 10:24 AM,Listed
KT-014691,Kitchen,Store 12,07/20/2026 12:35 PM,07/22/2026 10:04 AM,07/23/2026 03:49 PM,Listed
CL-014692,Clothing,Outlet DC,07/26/2026 08:26 PM,07/27/2026 03:06 PM,07/28/2026 06:53 AM,Sent to E-Com
CO-014693,Collectibles,Store 07,07/12/2026 05:32 PM,07/15/2026 07:41 AM,07/16/2026 06:13 PM,Listed
CO-014694,Collectibles,Outlet DC,07/14/2026 08:31 PM,07/16/2026 10:52 AM,07/18/2026 07:48 AM,Listed
EL-014695,Electronics,Store 12,06/22/2026 09:46 PM,06/24/2026 06:54 PM,06/25/2026 03:37 AM,Listed
CO-014696,Collectibles,Donation Center 02,06/30/2026 09:53 AM,07/03/2026 01:28 AM,07/03/2026 06:39 PM,Listed
SH-014698,Shoes,Outlet DC,07/13/2026 11:33 PM,07/15/2026 11:07 AM,07/16/2026 06:42 PM,Listed
EL-014699,Electronics,Outlet DC,07/24/2026 11:10 AM,07/24/2026 11:56 PM,07/26/2026 02:09 PM,Listed
CO-014700,Collectibles,Outlet DC,07/24/2026 08:33 AM,07/26/2026 06:23 AM,07/26/2026 04:16 PM,Listed
CL-014701,Clothing,Store 07,07/22/2026 02:03 PM,07/25/2026 01:54 PM,07/26/2026 05:27 PM,Listed
SH-014702,Shoes,Donation Center 02,07/12/2026 06:18 AM,07/13/2026 09:03 PM,07/15/2026 01:13 AM,Listed
EL-014703,Electronics,Store 07,07/15/2026 12:07 PM,07/18/2026 06:52 AM,07/19/2026 07:08 AM,Listed
SH-014704,Shoes,Donation Center 02,07/03/2026 01:35 PM,07/05/2026 11:53 AM,07/05/2026 05:57 PM,Listed
HB-014705,Handbags,Store 12,08/01/2026 01:12 AM,08/01/2026 05:21 PM,08/01/2026 11:03 PM,Sent to E-Com
HB-014706,Handbags,Store 07,07/28/2026 07:01 AM,07/31/2026 02:04 AM,08/01/2026 11:16 AM,Sent to E-Com
BK-014707,Books,Outlet DC,07/15/2026 04:38 PM,07/18/2026 04:02 PM,07/18/2026 04:23 PM,Listed
BK-014708,Books,Donation Center 02,07/19/2026 10:07 AM,07/21/2026 08:57 PM,07/23/2026 06:22 AM,Listed
BK-014709,Books,Store 12,07/14/2026 08:31 AM,07/15/2026 11:45 PM,07/17/2026 11:32 PM,Listed
BK-014710,Books,Store 12,07/07/2026 10:34 AM,07/08/2026 10:00 PM,07/10/2026 02:08 PM,Listed
BK-014711,Books,Store 04,07/07/2026 06:09 AM,07/09/2026 01:18 AM,07/09/2026 02:47 PM,Listed
BK-014712,Books,Donation Center 02,07/19/2026 03:30 PM,07/21/2026 08:01 PM,07/23/2026 04:10 AM,Listed
BK-014713,Books,Store 07,07/08/2026 03:55 PM,07/09/2026 02:29 AM,07/09/2026 12:02 PM,Listed
BK-014714,Books,Store 12,07/17/2026 10:39 PM,07/19/2026 05:26 AM,07/20/2026 03:05 AM,Listed
BK-014715,Books,Outlet DC,07/22/2026 06:27 AM,07/25/2026 06:00 AM,07/25/2026 09:24 PM,Listed
BK-014716,Books,Store 04,07/01/2026 08:41 AM,07/01/2026 07:13 PM,07/02/2026 03:08 PM,Listed
BK-014717,Books,Outlet DC,07/25/2026 07:21 AM,07/28/2026 02:52 AM,07/29/2026 01:13 PM,Listed
BK-014718,Books,Store 07,07/31/2026 01:30 AM,07/31/2026 12:40 PM,08/01/2026 01:27 AM,Sent to E-Com
BK-014719,Books,Donation Center 02,06/30/2026 10:30 AM,07/02/2026 05:05 PM,07/03/2026 02:10 AM,Listed
HM-014720,Home Decor,Store 12,07/29/2026 02:07 AM,07/30/2026 09:01 PM,08/01/2026 01:31 AM,Sent to E-Com
JW-014721,Jewelry,Donation Center 02,07/25/2026 10:30 PM,07/27/2026 03:08 PM,07/29/2026 01:33 PM,Sent to E-Com
JW-014722,Jewelry,Store 12,07/05/2026 07:14 PM,07/08/2026 10:26 AM,07/09/2026 08:24 AM,Listed
CO-014725,Collectibles,Donation Center 02,07/23/2026 08:44 PM,07/26/2026 06:12 PM,07/27/2026 08:22 PM,Sent to E-Com
HM-014727,Home Decor,Store 12,07/27/2026 01:58 PM,07/29/2026 04:26 PM,07/31/2026 01:12 PM,Sent to E-Com
WT-014728,Watches,Store 07,07/30/2026 11:08 PM,07/31/2026 07:01 AM,08/01/2026 02:58 PM,Sent to E-Com
HB-014729,Handbags,Store 12,07/27/2026 05:36 PM,07/28/2026 11:56 PM,07/30/2026 08:08 AM,Sent to E-Com
CO-014731,Collectibles,Donation Center 02,07/28/2026 02:03 PM,07/30/2026 09:11 PM,08/01/2026 12:27 AM,Sent to E-Com
JW-014732,Jewelry,Outlet DC,07/16/2026 07:22 PM,07/19/2026 01:54 PM,07/21/2026 03:55 AM,Listed
TY-014734,Toys,Store 12,07/30/2026 03:15 AM,07/30/2026 07:57 AM,08/01/2026 06:15 AM,Sent to E-Com
WT-014736,Watches,Outlet DC,07/28/2026 12:28 PM,07/31/2026 04:47 AM,07/31/2026 04:06 PM,Sent to E-Com
JW-014737,Jewelry,Donation Center 02,07/28/2026 12:30 PM,07/28/2026 03:31 PM,07/29/2026 09:15 PM,Listed
JW-014741,Jewelry,Outlet DC,07/20/2026 11:03 AM,07/21/2026 03:33 AM,07/21/2026 10:09 AM,Sent to E-Com
CL-014743,Clothing,Donation Center 02,07/24/2026 01:17 AM,07/25/2026 04:20 PM,07/27/2026 01:33 AM,Listed
CL-014744,Clothing,Store 12,07/29/2026 03:14 AM,07/31/2026 02:15 AM,07/31/2026 03:25 AM,Sent to E-Com
JW-014746,Jewelry,Donation Center 02,07/26/2026 10:00 PM,07/27/2026 06:15 AM,07/27/2026 12:08 PM,Sent to E-Com
CL-014747,Clothing,Store 04,07/06/2026 04:09 PM,07/07/2026 02:45 AM,07/08/2026 02:02 AM,Listed
CL-014748,Clothing,Store 07,07/30/2026 02:48 AM,07/31/2026 11:53 PM,08/01/2026 11:56 PM,Sent to E-Com
WT-014749,Watches,Store 07,07/19/2026 09:46 AM,07/21/2026 04:11 AM,07/21/2026 02:37 PM,Sent to E-Com
HM-014752,Home Decor,Store 07,07/05/2026 10:04 PM,07/07/2026 09:44 AM,07/08/2026 02:29 AM,Listed
EL-014753,Electronics,Donation Center 02,07/23/2026 05:14 PM,07/25/2026 05:07 AM,07/25/2026 09:31 AM,Listed
EL-014755,Electronics,Donation Center 02,07/22/2026 03:27 AM,07/23/2026 08:52 AM,07/23/2026 11:01 PM,Listed
CO-014756,Collectibles,Store 07,07/29/2026 12:10 PM,08/01/2026 03:59 AM,08/01/2026 10:22 AM,Sent to E-Com
KT-014757,Kitchen,Store 07,07/23/2026 04:47 AM,07/25/2026 09:34 PM,07/26/2026 02:09 PM,Listed
TY-014759,Toys,Store 04,07/28/2026 12:24 PM,07/29/2026 01:09 AM,07/29/2026 02:56 PM,Sent to E-Com
WT-014761,Watches,Donation Center 02,07/28/2026 06:41 PM,07/29/2026 05:19 AM,07/30/2026 04:46 AM,Sent to E-Com
EL-014762,Electronics,Store 04,07/17/2026 06:39 PM,07/20/2026 03:54 PM,07/21/2026 06:20 PM,Listed
CO-014763,Collectibles,Store 12,07/26/2026 12:23 AM,07/27/2026 02:03 PM,07/28/2026 09:12 PM,Listed
SG-014764,Sporting Goods,Store 04,07/24/2026 08:37 PM,07/25/2026 04:54 PM,07/27/2026 08:53 AM,Listed
TY-014765,Toys,Store 12,07/29/2026 04:57 PM,07/29/2026 06:22 PM,07/31/2026 05:56 AM,Sent to E-Com
WT-014766,Watches,Store 12,07/24/2026 09:02 PM,07/25/2026 10:41 AM,07/25/2026 02:41 PM,Listed
CL-014768,Clothing,Outlet DC,07/26/2026 12:58 AM,07/27/2026 07:03 AM,07/28/2026 01:49 AM,Sent to E-Com
CL-014769,Clothing,Store 07,07/24/2026 04:41 PM,07/25/2026 11:49 PM,07/27/2026 07:36 PM,Sent to E-Com
CO-014771,Collectibles,Store 07,07/28/2026 01:37 AM,07/30/2026 01:23 PM,07/31/2026 10:07 AM,Sent to E-Com
JW-014772,Jewelry,Store 04,07/29/2026 02:13 PM,07/30/2026 01:06 AM,07/30/2026 06:11 PM,Sent to E-Com
CL-014774,Clothing,Store 12,07/25/2026 12:10 AM,07/26/2026 01:13 PM,07/26/2026 02:43 PM,Listed
AR-014775,Art,Store 04,07/29/2026 02:50 AM,07/30/2026 06:34 AM,07/30/2026 11:26 AM,Sent to E-Com
CO-014776,Collectibles,Store 04,07/28/2026 07:27 AM,07/30/2026 11:11 PM,08/01/2026 05:53 AM,Sent to E-Com
CO-014777,Collectibles,Outlet DC,07/29/2026 06:54 PM,07/30/2026 02:09 PM,07/31/2026 10:53 PM,Sent to E-Com
EL-014778,Electronics,Store 04,07/20/2026 12:39 AM,07/23/2026 12:29 AM,07/23/2026 05:48 PM,Sent to E-Com
EL-014779,Electronics,Outlet DC,07/27/2026 12:45 AM,07/28/2026 11:11 PM,07/29/2026 10:50 AM,Listed
CO-014780,Collectibles,Store 04,07/29/2026 11:20 AM,07/29/2026 04:54 PM,07/29/2026 11:58 PM,Sent to E-Com
HM-014782,Home Decor,Store 04,08/01/2026 08:14 AM,08/01/2026 10:37 AM,08/01/2026 07:10 PM,Sent to E-Com
SG-014783,Sporting Goods,Store 12,07/26/2026 09:44 PM,07/28/2026 08:24 PM,07/30/2026 08:09 AM,Sent to E-Com
CO-014785,Collectibles,Store 07,07/29/2026 10:28 AM,07/29/2026 02:10 PM,07/31/2026 01:56 AM,Listed
TY-014786,Toys,Store 07,07/16/2026 04:05 AM,07/18/2026 01:49 AM,07/19/2026 04:25 PM,Listed
HB-014787,Handbags,Store 07,07/24/2026 10:14 AM,07/25/2026 12:36 AM,07/25/2026 07:52 PM,Listed
EL-014789,Electronics,Donation Center 02,07/30/2026 07:49 AM,07/31/2026 05:06 AM,08/01/2026 08:22 PM,Sent to E-Com
MD-014790,Media,Store 04,07/18/2026 12:23 AM,07/18/2026 01:52 PM,07/19/2026 08:26 PM,Listed
MD-014791,Media,Store 07,07/29/2026 07:06 AM,07/31/2026 08:31 PM,08/01/2026 08:17 AM,Sent to E-Com
BK-014792,Books,Store 07,04/24/2026 04:40 PM,04/25/2026 10:06 PM,04/27/2026 06:02 AM,Listed
BK-014793,Books,Outlet DC,07/23/2026 05:54 PM,07/25/2026 10:02 AM,07/26/2026 06:30 AM,Listed
TY-014794,Toys,Store 04,07/14/2026 09:40 PM,07/16/2026 10:03 PM,07/17/2026 08:13 AM,Listed
MD-014795,Media,Store 07,07/23/2026 02:14 AM,07/23/2026 03:35 AM,07/24/2026 05:59 PM,Listed
BK-014796,Books,Outlet DC,06/16/2026 01:38 AM,06/17/2026 09:15 AM,06/19/2026 05:05 AM,Listed
EL-014797,Electronics,Store 04,07/20/2026 05:18 AM,07/21/2026 07:50 PM,07/23/2026 04:39 PM,Sent to E-Com
BK-014798,Books,Store 07,07/13/2026 09:12 PM,07/15/2026 09:05 PM,07/17/2026 05:50 PM,Listed
BK-014799,Books,Store 12,06/23/2026 04:42 PM,06/25/2026 04:19 PM,06/25/2026 05:29 PM,Listed
CO-014800,Collectibles,Store 12,07/25/2026 06:01 PM,07/27/2026 02:38 AM,07/28/2026 01:59 AM,Sent to E-Com
BK-014801,Books,Donation Center 02,07/14/2026 05:47 PM,07/15/2026 08:21 AM,07/16/2026 08:51 PM,Listed
MD-014802,Media,Outlet DC,07/26/2026 05:11 PM,07/28/2026 10:02 PM,07/29/2026 08:48 AM,Sent to E-Com
BK-014803,Books,Store 07,07/10/2026 05:11 PM,07/12/2026 08:19 PM,07/14/2026 06:55 PM,Listed
BK-014804,Books,Store 04,07/15/2026 07:01 PM,07/16/2026 01:15 PM,07/17/2026 07:17 PM,Listed
BK-014805,Books,Outlet DC,06/05/2026 11:59 AM,06/07/2026 05:59 AM,06/08/2026 11:21 PM,Listed
BK-014806,Books,Store 04,06/28/2026 03:05 AM,06/28/2026 08:45 AM,06/29/2026 10:45 AM,Listed
BK-014807,Books,Outlet DC,02/17/2026 07:35 AM,02/17/2026 11:50 AM,02/17/2026 07:39 PM,Listed
MD-014808,Media,Outlet DC,07/25/2026 11:02 PM,07/27/2026 09:50 PM,07/29/2026 12:27 PM,Listed
BK-014809,Books,Store 04,07/21/2026 01:07 PM,07/24/2026 07:09 AM,07/25/2026 12:19 AM,Listed
BK-014811,Books,Store 07,07/14/2026 02:36 PM,07/16/2026 01:22 AM,07/17/2026 06:19 PM,Listed
MD-014812,Media,Store 07,07/19/2026 12:46 AM,07/20/2026 10:34 AM,07/22/2026 05:41 AM,Listed
BK-014813,Books,Donation Center 02,06/29/2026 04:32 PM,06/29/2026 04:41 PM,06/29/2026 10:07 PM,Listed
BK-014814,Books,Store 07,05/23/2026 11:32 AM,05/25/2026 09:53 AM,05/27/2026 01:24 AM,Listed
BK-014815,Books,Donation Center 02,07/02/2026 02:11 AM,07/03/2026 07:25 AM,07/04/2026 12:37 PM,Listed
MD-014816,Media,Store 07,07/24/2026 06:28 AM,07/25/2026 01:43 AM,07/25/2026 08:38 AM,Sent to E-Com
MD-014817,Media,Store 12,07/18/2026 01:05 PM,07/20/2026 12:07 AM,07/21/2026 04:05 PM,Listed
BK-014818,Books,Store 12,07/05/2026 10:44 PM,07/06/2026 06:55 AM,07/07/2026 01:03 PM,Listed
MD-014819,Media,Store 12,07/17/2026 04:23 AM,07/18/2026 05:41 PM,07/19/2026 05:46 AM,Listed
MD-014820,Media,Store 07,07/09/2026 12:22 PM,07/10/2026 12:50 AM,07/11/2026 02:17 PM,Listed
BK-014821,Books,Outlet DC,06/14/2026 03:13 PM,06/17/2026 11:16 AM,06/18/2026 09:30 PM,Listed
CO-014823,Collectibles,Store 07,07/16/2026 12:11 PM,07/18/2026 01:43 PM,07/20/2026 04:49 AM,Listed
TY-014824,Toys,Store 04,07/03/2026 09:44 PM,07/04/2026 07:33 PM,07/06/2026 01:50 AM,Listed
BK-014825,Books,Store 04,05/08/2026 06:29 AM,05/09/2026 01:27 AM,05/10/2026 09:42 AM,Listed
BK-014826,Books,Store 07,07/16/2026 02:02 AM,07/18/2026 02:31 AM,07/19/2026 06:53 PM,Listed
MD-014827,Media,Store 07,07/14/2026 05:35 PM,07/15/2026 09:41 AM,07/16/2026 10:13 PM,Listed
BK-014828,Books,Store 07,06/30/2026 05:01 AM,07/01/2026 06:29 PM,07/03/2026 12:31 AM,Listed
BK-014829,Books,Store 07,05/21/2026 12:54 AM,05/21/2026 05:47 PM,05/23/2026 01:13 AM,Listed
BK-014830,Books,Store 04,06/30/2026 03:25 PM,07/02/2026 03:29 AM,07/02/2026 07:50 AM,Listed
BK-014831,Books,Store 07,07/09/2026 02:19 AM,07/10/2026 11:39 AM,07/11/2026 05:56 PM,Listed
MD-014832,Media,Store 12,07/20/2026 10:10 AM,07/21/2026 09:37 AM,07/21/2026 03:02 PM,Listed
BK-014833,Books,Store 07,06/21/2026 06:52 AM,06/22/2026 11:16 AM,06/22/2026 09:19 PM,Listed
BK-014834,Books,Store 12,05/26/2026 09:21 PM,05/27/2026 02:08 AM,05/27/2026 09:58 PM,Listed
MD-014835,Media,Donation Center 02,07/12/2026 09:53 PM,07/15/2026 09:47 AM,07/15/2026 12:30 PM,Listed
BK-014836,Books,Outlet DC,07/21/2026 02:26 AM,07/22/2026 05:34 AM,07/23/2026 01:06 AM,Listed
BK-014837,Books,Donation Center 02,07/20/2026 06:51 AM,07/22/2026 09:11 AM,07/23/2026 07:28 PM,Listed
CL-014838,Clothing,Store 12,07/03/2026 06:31 PM,07/04/2026 01:19 PM,07/06/2026 09:00 AM,Listed
KT-014839,Kitchen,Donation Center 02,07/14/2026 05:02 AM,07/14/2026 07:55 PM,07/15/2026 03:49 PM,Listed
CL-014840,Clothing,Outlet DC,07/29/2026 08:24 AM,07/30/2026 11:19 AM,08/01/2026 02:10 AM,Sent to E-Com
CO-014841,Collectibles,Store 04,07/18/2026 01:52 AM,07/19/2026 12:31 AM,07/20/2026 12:49 PM,Listed
KT-014842,Kitchen,Store 12,07/15/2026 08:03 AM,07/16/2026 03:05 AM,07/17/2026 01:15 AM,Listed
SH-014843,Shoes,Donation Center 02,07/22/2026 06:53 AM,07/23/2026 12:37 AM,07/23/2026 05:28 AM,Listed
SH-014844,Shoes,Store 04,07/28/2026 03:21 AM,07/30/2026 03:17 PM,07/31/2026 05:36 AM,Listed
KT-014845,Kitchen,Store 12,07/18/2026 12:48 AM,07/18/2026 04:23 PM,07/18/2026 07:18 PM,Listed
EL-014846,Electronics,Store 12,07/18/2026 03:53 PM,07/19/2026 07:33 PM,07/20/2026 04:50 AM,Listed
CL-014847,Clothing,Store 07,07/07/2026 09:17 AM,07/09/2026 09:21 AM,07/11/2026 07:32 AM,Listed
CL-014848,Clothing,Donation Center 02,07/15/2026 04:56 PM,07/18/2026 02:44 PM,07/19/2026 10:17 PM,Listed
EL-014849,Electronics,Store 12,06/29/2026 11:39 PM,07/02/2026 04:00 AM,07/03/2026 07:25 PM,Listed
SG-014850,Sporting Goods,Donation Center 02,07/20/2026 03:59 AM,07/21/2026 11:30 AM,07/23/2026 06:36 AM,Listed
CO-014851,Collectibles,Outlet DC,07/13/2026 08:36 PM,07/15/2026 09:13 PM,07/17/2026 04:08 AM,Listed
CO-014852,Collectibles,Donation Center 02,07/10/2026 10:24 AM,07/11/2026 12:35 AM,07/13/2026 12:29 AM,Listed
KT-014855,Kitchen,Outlet DC,07/10/2026 03:27 AM,07/11/2026 04:10 PM,07/12/2026 07:54 PM,Listed
EL-014856,Electronics,Outlet DC,06/29/2026 07:53 PM,07/02/2026 02:17 AM,07/03/2026 08:06 AM,Listed
CL-014857,Clothing,Store 12,07/26/2026 04:53 AM,07/27/2026 06:48 PM,07/29/2026 04:54 PM,Listed
HB-014858,Handbags,Store 04,07/13/2026 03:43 PM,07/13/2026 09:04 PM,07/15/2026 07:26 AM,Listed
EL-014859,Electronics,Store 07,07/21/2026 02:01 PM,07/23/2026 02:51 AM,07/24/2026 06:05 PM,Sent to E-Com
KT-014860,Kitchen,Outlet DC,07/20/2026 12:48 AM,07/21/2026 03:14 AM,07/22/2026 01:58 PM,Listed
KT-014861,Kitchen,Store 04,08/01/2026 07:28 AM,08/01/2026 04:19 PM,08/01/2026 09:54 PM,Sent to E-Com
HB-014862,Handbags,Donation Center 02,07/22/2026 03:30 AM,07/23/2026 02:17 PM,07/25/2026 09:41 AM,Sent to E-Com
EL-014863,Electronics,Store 04,07/20/2026 02:02 AM,07/21/2026 03:38 PM,07/22/2026 03:34 PM,Listed
HB-014865,Handbags,Store 07,07/04/2026 07:38 AM,07/06/2026 06:29 PM,07/07/2026 08:31 PM,Listed
FN-014866,Furniture,Outlet DC,07/18/2026 02:13 PM,07/21/2026 05:01 AM,07/22/2026 09:06 AM,Listed
FN-014867,Furniture,Donation Center 02,07/25/2026 05:53 AM,07/26/2026 06:36 PM,07/27/2026 01:00 AM,Listed
HM-014868,Home Decor,Store 12,07/28/2026 09:02 AM,07/30/2026 03:08 AM,07/31/2026 08:30 AM,Sent to E-Com
KT-014869,Kitchen,Donation Center 02,07/26/2026 09:31 PM,07/27/2026 08:46 AM,07/29/2026 04:25 AM,Sent to E-Com
BK-014870,Books,Store 04,07/18/2026 03:11 PM,07/21/2026 02:33 AM,07/21/2026 07:17 PM,Listed
MD-014871,Media,Donation Center 02,07/26/2026 03:37 PM,07/26/2026 05:45 PM,07/28/2026 09:02 AM,Sent to E-Com
BK-014872,Books,Donation Center 02,07/13/2026 02:43 AM,07/15/2026 10:32 PM,07/16/2026 01:29 AM,Listed
BK-014875,Books,Donation Center 02,07/07/2026 06:14 PM,07/07/2026 10:54 PM,07/08/2026 01:47 PM,Listed
BK-014876,Books,Store 12,07/28/2026 12:16 AM,07/29/2026 12:23 AM,07/30/2026 02:20 AM,Sent to E-Com
BK-014878,Books,Outlet DC,07/26/2026 01:46 PM,07/27/2026 09:00 PM,07/29/2026 12:34 AM,Listed
BK-014879,Books,Store 12,07/29/2026 01:09 AM,07/31/2026 03:37 AM,08/01/2026 05:29 PM,Sent to E-Com
MD-014880,Media,Store 07,07/28/2026 04:24 PM,07/30/2026 04:24 AM,07/30/2026 09:20 AM,Sent to E-Com
BK-014881,Books,Store 12,07/30/2026 10:21 PM,07/31/2026 04:51 AM,08/01/2026 04:44 PM,Sent to E-Com
BK-014882,Books,Store 07,07/13/2026 06:53 AM,07/14/2026 11:36 AM,07/15/2026 06:34 AM,Listed
BK-014883,Books,Store 04,07/16/2026 10:02 AM,07/17/2026 04:07 PM,07/18/2026 07:49 PM,Listed
BK-014884,Books,Donation Center 02,07/26/2026 03:05 PM,07/27/2026 01:50 AM,07/27/2026 02:31 PM,Listed
BK-014885,Books,Outlet DC,07/19/2026 01:27 PM,07/22/2026 06:01 AM,07/24/2026 01:55 AM,Listed
JW-014887,Jewelry,Store 07,07/27/2026 05:06 PM,07/28/2026 05:58 AM,07/29/2026 01:01 AM,Sent to E-Com
TY-014888,Toys,Store 04,07/23/2026 10:05 PM,07/23/2026 11:47 PM,07/25/2026 03:10 AM,Listed
SG-014889,Sporting Goods,Outlet DC,07/21/2026 12:17 PM,07/22/2026 07:01 PM,07/24/2026 09:27 AM,Sent to E-Com
JW-014892,Jewelry,Outlet DC,07/26/2026 08:54 PM,07/28/2026 10:51 AM,07/28/2026 04:12 PM,Sent to E-Com
WT-014893,Watches,Donation Center 02,07/30/2026 09:18 AM,07/31/2026 09:39 AM,08/01/2026 07:43 PM,Sent to E-Com
HB-014894,Handbags,Store 04,07/22/2026 10:08 PM,07/24/2026 09:28 AM,07/24/2026 10:00 AM,Listed
CO-014898,Collectibles,Donation Center 02,07/28/2026 05:12 AM,07/30/2026 05:56 PM,08/01/2026 12:14 PM,Sent to E-Com
HB-014903,Handbags,Store 04,07/26/2026 08:06 AM,07/28/2026 03:39 PM,07/30/2026 01:55 AM,Sent to E-Com
EL-014904,Electronics,Store 04,07/16/2026 06:32 PM,07/19/2026 12:11 PM,07/21/2026 09:54 AM,Listed
JW-014907,Jewelry,Outlet DC,07/25/2026 09:22 AM,07/26/2026 06:44 PM,07/28/2026 05:01 PM,Sent to E-Com
EL-014910,Electronics,Outlet DC,06/30/2026 04:38 PM,07/03/2026 06:15 AM,07/05/2026 04:48 AM,Listed
JW-014911,Jewelry,Store 07,07/30/2026 04:17 AM,07/31/2026 05:08 AM,08/01/2026 08:12 AM,Sent to E-Com
WT-014914,Watches,Store 12,07/29/2026 05:47 PM,07/31/2026 06:52 PM,08/01/2026 09:08 AM,Sent to E-Com
HB-014919,Handbags,Store 12,07/29/2026 12:25 PM,07/30/2026 11:53 AM,07/31/2026 09:53 PM,Sent to E-Com
SG-014921,Sporting Goods,Store 12,07/26/2026 08:20 AM,07/27/2026 02:26 AM,07/28/2026 03:57 PM,Listed
KT-014924,Kitchen,Donation Center 02,07/28/2026 05:06 PM,07/29/2026 05:19 AM,07/29/2026 08:30 AM,Sent to E-Com
JW-014925,Jewelry,Store 12,07/17/2026 02:47 PM,07/18/2026 10:26 PM,07/19/2026 05:05 PM,Sent to E-Com
CO-014926,Collectibles,Store 07,07/24/2026 04:02 PM,07/26/2026 03:37 AM,07/27/2026 02:07 AM,Listed
CL-014930,Clothing,Store 07,07/30/2026 05:18 PM,08/01/2026 09:37 AM,08/01/2026 06:10 PM,Sent to E-Com
CL-014932,Clothing,Store 07,07/31/2026 04:10 PM,07/31/2026 04:41 PM,08/01/2026 06:12 AM,Sent to E-Com
HB-014935,Handbags,Store 07,07/23/2026 11:42 PM,07/25/2026 01:56 PM,07/26/2026 03:00 AM,Sent to E-Com
TY-014937,Toys,Store 07,07/26/2026 12:41 PM,07/27/2026 08:09 AM,07/27/2026 03:01 PM,Sent to E-Com
EL-014939,Electronics,Store 04,07/24/2026 01:05 PM,07/27/2026 12:06 PM,07/27/2026 10:58 PM,Listed
HM-014941,Home Decor,Store 07,07/25/2026 06:33 AM,07/27/2026 04:18 AM,07/29/2026 12:19 AM,Listed
EL-014942,Electronics,Donation Center 02,07/30/2026 06:45 PM,07/31/2026 07:52 AM,07/31/2026 10:34 AM,Sent to E-Com
HM-014943,Home Decor,Donation Center 02,07/29/2026 05:00 AM,07/29/2026 06:36 PM,07/30/2026 03:34 AM,Sent to E-Com
WT-014945,Watches,Store 12,07/23/2026 10:10 AM,07/24/2026 03:40 AM,07/24/2026 06:28 AM,Sent to E-Com
TY-014946,Toys,Store 12,07/31/2026 08:56 AM,07/31/2026 10:35 AM,08/01/2026 04:51 PM,Sent to E-Com
EL-014950,Electronics,Store 04,07/28/2026 07:43 AM,07/28/2026 10:46 AM,07/29/2026 10:43 PM,Sent to E-Com
BK-014951,Books,Store 12,06/21/2026 11:39 PM,06/22/2026 06:26 AM,06/23/2026 06:26 AM,Listed
BK-014952,Books,Outlet DC,07/14/2026 12:51 PM,07/16/2026 07:05 PM,07/16/2026 07:12 PM,Listed
BK-014953,Books,Store 12,07/28/2026 02:32 AM,07/28/2026 06:06 PM,07/30/2026 06:04 PM,Sent to E-Com
MD-014954,Media,Store 04,07/19/2026 02:23 AM,07/20/2026 03:15 PM,07/20/2026 07:45 PM,Listed
MD-014955,Media,Outlet DC,07/13/2026 11:39 AM,07/15/2026 06:36 PM,07/16/2026 11:41 PM,Listed
BK-014956,Books,Store 04,06/11/2026 04:52 PM,06/14/2026 02:48 AM,06/15/2026 04:21 AM,Listed
BK-014957,Books,Outlet DC,07/15/2026 08:55 PM,07/18/2026 02:51 AM,07/19/2026 11:16 PM,Listed
BK-014958,Books,Store 04,06/24/2026 05:57 PM,06/26/2026 01:46 AM,06/26/2026 05:46 PM,Listed
BK-014959,Books,Store 04,07/12/2026 03:09 PM,07/14/2026 06:31 PM,07/15/2026 09:50 AM,Listed
EL-014960,Electronics,Store 12,07/21/2026 02:08 AM,07/21/2026 08:49 AM,07/22/2026 12:11 AM,Listed
BK-014961,Books,Outlet DC,07/10/2026 11:22 PM,07/13/2026 05:18 AM,07/13/2026 06:01 PM,Listed
BK-014962,Books,Store 04,07/24/2026 12:17 PM,07/25/2026 07:10 AM,07/25/2026 11:05 AM,Listed
BK-014963,Books,Outlet DC,06/09/2026 02:29 AM,06/10/2026 11:00 PM,06/11/2026 12:49 AM,Listed
BK-014964,Books,Donation Center 02,07/14/2026 10:33 AM,07/15/2026 12:41 AM,07/15/2026 10:35 AM,Listed
BK-014965,Books,Store 04,05/15/2026 11:25 PM,05/16/2026 07:52 PM,05/17/2026 01:00 PM,Listed
BK-014966,Books,Outlet DC,06/27/2026 03:05 AM,06/29/2026 03:35 AM,06/29/2026 02:52 PM,Listed
TY-014967,Toys,Donation Center 02,07/19/2026 11:47 AM,07/19/2026 03:50 PM,07/20/2026 10:53 PM,Listed
MD-014968,Media,Store 04,07/23/2026 01:58 AM,07/23/2026 04:29 AM,07/24/2026 06:24 AM,Sent to E-Com
MD-014969,Media,Store 12,07/06/2026 05:51 PM,07/09/2026 12:45 AM,07/09/2026 09:58 PM,Sent to E-Com
BK-014970,Books,Outlet DC,05/29/2026 11:03 AM,05/30/2026 07:46 AM,05/31/2026 10:58 AM,Listed
BK-014971,Books,Store 04,07/16/2026 01:27 PM,07/16/2026 09:38 PM,07/17/2026 04:07 PM,Listed
BK-014972,Books,Store 07,06/29/2026 01:52 AM,07/01/2026 03:47 AM,07/01/2026 11:10 AM,Listed
BK-014973,Books,Donation Center 02,06/27/2026 03:25 AM,06/29/2026 02:00 PM,06/30/2026 02:30 PM,Listed
BK-014975,Books,Outlet DC,04/05/2026 10:08 AM,04/07/2026 06:03 PM,04/09/2026 11:07 AM,Listed
BK-014976,Books,Store 12,05/25/2026 07:22 PM,05/27/2026 03:10 PM,05/27/2026 11:26 PM,Listed
BK-014977,Books,Outlet DC,04/17/2026 04:20 PM,04/20/2026 01:44 AM,04/21/2026 04:52 AM,Listed
BK-014978,Books,Store 12,05/30/2026 06:24 PM,06/01/2026 07:18 AM,06/03/2026 12:06 AM,Listed
BK-014979,Books,Store 07,05/25/2026 09:56 PM,05/25/2026 11:31 PM,05/26/2026 04:10 PM,Listed
BK-014980,Books,Store 07,07/15/2026 12:15 PM,07/16/2026 11:28 PM,07/17/2026 08:01 PM,Listed
MD-014981,Media,Outlet DC,07/27/2026 02:19 AM,07/29/2026 12:52 AM,07/29/2026 08:31 PM,Sent to E-Com
MD-014982,Media,Store 12,07/17/2026 12:57 PM,07/18/2026 11:17 AM,07/19/2026 08:22 AM,Listed
BK-014983,Books,Store 04,07/01/2026 04:25 AM,07/03/2026 01:35 PM,07/03/2026 11:34 PM,Listed
EL-014984,Electronics,Donation Center 02,07/22/2026 01:27 PM,07/23/2026 11:29 AM,07/24/2026 04:40 PM,Sent to E-Com
BK-014985,Books,Store 07,07/20/2026 10:10 AM,07/21/2026 01:46 AM,07/22/2026 07:50 PM,Listed
BK-014986,Books,Outlet DC,07/06/2026 05:39 PM,07/07/2026 10:06 PM,07/08/2026 02:49 PM,Listed
BK-014987,Books,Donation Center 02,05/27/2026 12:55 PM,05/27/2026 03:17 PM,05/29/2026 01:30 AM,Listed
TY-014988,Toys,Store 07,07/26/2026 01:19 AM,07/28/2026 02:53 AM,07/29/2026 05:00 PM,Listed
MD-014989,Media,Store 07,07/29/2026 11:59 AM,07/30/2026 12:30 AM,08/01/2026 12:22 AM,Sent to E-Com
BK-014991,Books,Store 07,07/06/2026 10:15 AM,07/06/2026 08:09 PM,07/06/2026 08:30 PM,Listed
EL-014992,Electronics,Store 04,07/27/2026 10:47 AM,07/29/2026 05:37 AM,07/30/2026 01:04 AM,Sent to E-Com
BK-014993,Books,Store 07,03/15/2026 05:02 PM,03/18/2026 03:00 PM,03/19/2026 02:13 AM,Listed
BK-014994,Books,Store 12,06/28/2026 03:44 AM,06/29/2026 12:13 PM,06/30/2026 10:17 AM,Listed
EL-014995,Electronics,Store 07,07/29/2026 02:13 PM,07/30/2026 10:58 PM,08/01/2026 04:50 PM,Sent to E-Com
BK-014996,Books,Outlet DC,07/13/2026 09:14 AM,07/13/2026 01:59 PM,07/13/2026 08:02 PM,Listed
BK-014997,Books,Donation Center 02,06/27/2026 11:58 PM,06/28/2026 05:43 AM,06/28/2026 08:02 AM,Listed
MD-014999,Media,Store 12,07/05/2026 06:16 AM,07/06/2026 09:35 PM,07/08/2026 03:33 AM,Listed
KT-015000,Kitchen,Outlet DC,06/20/2026 12:48 PM,06/21/2026 03:18 PM,06/21/2026 04:49 PM,Listed
SG-015001,Sporting Goods,Store 04,07/21/2026 10:36 AM,07/23/2026 12:50 PM,07/24/2026 01:37 AM,Listed
CL-015002,Clothing,Store 04,07/10/2026 09:07 AM,07/12/2026 07:29 AM,07/12/2026 08:00 PM,Listed
SH-015003,Shoes,Store 04,07/26/2026 03:38 AM,07/28/2026 06:44 AM,07/29/2026 07:34 PM,Sent to E-Com
CL-015004,Clothing,Donation Center 02,07/17/2026 10:04 PM,07/18/2026 08:45 PM,07/19/2026 07:38 PM,Listed
SH-015005,Shoes,Store 07,06/13/2026 06:19 AM,06/14/2026 03:28 PM,06/14/2026 06:33 PM,Listed
CL-015006,Clothing,Store 07,07/23/2026 06:27 AM,07/24/2026 07:13 AM,07/25/2026 06:37 AM,Listed
CL-015007,Clothing,Store 12,06/19/2026 12:52 PM,06/19/2026 02:52 PM,06/20/2026 10:37 AM,Listed
CO-015008,Collectibles,Outlet DC,06/23/2026 10:01 PM,06/26/2026 05:30 AM,06/26/2026 07:26 PM,Listed
KT-015009,Kitchen,Store 04,07/26/2026 06:06 AM,07/28/2026 11:35 PM,07/29/2026 09:20 PM,Sent to E-Com
HB-015010,Handbags,Donation Center 02,07/03/2026 04:55 AM,07/03/2026 03:43 PM,07/04/2026 07:38 AM,Listed
KT-015011,Kitchen,Store 12,07/19/2026 09:29 PM,07/20/2026 06:35 PM,07/21/2026 02:41 PM,Sent to E-Com
HB-015012,Handbags,Store 04,07/10/2026 12:32 PM,07/12/2026 12:36 PM,07/12/2026 11:21 PM,Listed
CO-015013,Collectibles,Store 04,07/08/2026 11:20 AM,07/09/2026 03:11 AM,07/09/2026 01:55 PM,Listed
HB-015015,Handbags,Outlet DC,06/13/2026 01:37 PM,06/13/2026 06:38 PM,06/14/2026 08:24 PM,Listed
KT-015016,Kitchen,Store 12,07/23/2026 10:42 PM,07/24/2026 04:27 AM,07/25/2026 10:10 AM,Listed
CO-015018,Collectibles,Outlet DC,07/13/2026 12:10 PM,07/13/2026 11:50 PM,07/15/2026 11:01 PM,Listed
KT-015019,Kitchen,Outlet DC,07/24/2026 05:31 AM,07/26/2026 02:13 PM,07/28/2026 07:32 AM,Listed
KT-015020,Kitchen,Store 12,07/17/2026 04:04 AM,07/19/2026 05:55 AM,07/20/2026 11:16 AM,Listed
CL-015021,Clothing,Donation Center 02,07/27/2026 09:38 AM,07/29/2026 11:04 PM,07/30/2026 05:50 AM,Sent to E-Com
KT-015022,Kitchen,Donation Center 02,07/12/2026 10:58 AM,07/12/2026 06:51 PM,07/14/2026 04:14 PM,Listed
FN-015023,Furniture,Outlet DC,07/26/2026 05:53 AM,07/26/2026 04:17 PM,07/27/2026 07:43 PM,Listed
HM-015025,Home Decor,Donation Center 02,07/09/2026 11:41 AM,07/10/2026 04:11 PM,07/10/2026 10:50 PM,Listed
BK-015026,Books,Store 12,07/19/2026 05:28 PM,07/21/2026 07:14 PM,07/23/2026 12:04 PM,Listed
BK-015027,Books,Store 04,07/27/2026 03:42 AM,07/29/2026 05:58 AM,07/30/2026 06:11 PM,Sent to E-Com
BK-015028,Books,Donation Center 02,07/07/2026 03:16 AM,07/08/2026 10:11 AM,07/08/2026 10:38 PM,Listed
BK-015030,Books,Store 12,07/28/2026 02:29 AM,07/29/2026 07:26 PM,07/31/2026 06:23 PM,Listed
BK-015031,Books,Store 07,07/16/2026 05:33 PM,07/18/2026 12:00 PM,07/19/2026 04:34 AM,Sent to E-Com
BK-015033,Books,Store 04,07/27/2026 12:51 PM,07/29/2026 11:44 AM,07/30/2026 01:10 AM,Listed
BK-015034,Books,Store 07,07/26/2026 05:42 PM,07/28/2026 06:04 PM,07/29/2026 04:04 AM,Listed
BK-015035,Books,Donation Center 02,07/28/2026 11:36 AM,07/31/2026 10:46 AM,08/01/2026 08:28 PM,Sent to E-Com
TY-015037,Toys,Store 04,07/29/2026 03:35 PM,07/31/2026 05:37 PM,08/01/2026 12:31 PM,Sent to E-Com
EL-015039,Electronics,Store 04,07/30/2026 08:10 AM,07/31/2026 01:40 AM,08/01/2026 07:21 AM,Sent to E-Com
KT-015040,Kitchen,Outlet DC,07/28/2026 05:57 PM,07/29/2026 04:35 AM,07/29/2026 11:13 AM,Sent to E-Com
CO-015043,Collectibles,Store 07,07/20/2026 10:27 AM,07/22/2026 10:49 AM,07/22/2026 06:20 PM,Sent to E-Com
CL-015044,Clothing,Store 04,07/25/2026 09:27 AM,07/27/2026 06:43 AM,07/27/2026 01:17 PM,Listed
EL-015046,Electronics,Store 12,07/24/2026 01:22 PM,07/26/2026 02:19 AM,07/28/2026 01:51 AM,Sent to E-Com
HB-015047,Handbags,Store 07,07/26/2026 08:56 AM,07/28/2026 01:09 PM,07/29/2026 11:32 PM,Sent to E-Com
HB-015050,Handbags,Store 04,07/16/2026 11:00 PM,07/19/2026 07:42 AM,07/21/2026 06:41 AM,Listed
CO-015051,Collectibles,Outlet DC,07/29/2026 12:48 AM,07/31/2026 11:20 PM,08/01/2026 05:53 AM,Sent to E-Com
TY-015052,Toys,Outlet DC,07/28/2026 01:37 AM,07/29/2026 01:53 AM,07/29/2026 10:09 PM,Listed
CL-015054,Clothing,Store 07,07/28/2026 02:51 AM,07/28/2026 08:01 AM,07/29/2026 02:12 AM,Sent to E-Com
HM-015055,Home Decor,Store 07,07/27/2026 05:29 AM,07/29/2026 10:41 PM,07/30/2026 05:49 AM,Sent to E-Com
HM-015059,Home Decor,Store 12,07/25/2026 07:59 AM,07/26/2026 06:34 PM,07/27/2026 08:39 PM,Listed
SG-015060,Sporting Goods,Store 04,07/23/2026 07:32 AM,07/24/2026 09:34 AM,07/26/2026 07:02 AM,Listed
HM-015061,Home Decor,Store 04,07/25/2026 08:11 PM,07/27/2026 12:45 AM,07/27/2026 01:57 AM,Sent to E-Com
CO-015063,Collectibles,Donation Center 02,07/21/2026 05:21 PM,07/22/2026 10:56 PM,07/24/2026 08:38 AM,Sent to E-Com
WT-015064,Watches,Donation Center 02,07/24/2026 05:16 PM,07/27/2026 01:35 AM,07/28/2026 05:10 PM,Listed
JW-015066,Jewelry,Store 12,07/26/2026 07:28 AM,07/27/2026 11:33 AM,07/29/2026 05:07 AM,Listed
HM-015067,Home Decor,Store 12,07/21/2026 04:05 PM,07/22/2026 11:22 PM,07/24/2026 04:15 PM,Listed
EL-015069,Electronics,Donation Center 02,07/16/2026 03:52 AM,07/18/2026 10:23 PM,07/20/2026 12:50 PM,Sent to E-Com
WT-015070,Watches,Store 07,07/14/2026 12:42 PM,07/16/2026 10:24 PM,07/17/2026 02:17 PM,Listed
CO-015071,Collectibles,Store 12,07/23/2026 10:57 PM,07/25/2026 03:43 AM,07/26/2026 02:54 PM,Listed
SG-015072,Sporting Goods,Outlet DC,07/21/2026 09:13 PM,07/24/2026 06:43 PM,07/26/2026 03:58 PM,Sent to E-Com
EL-015074,Electronics,Store 04,07/28/2026 09:35 AM,07/30/2026 10:53 PM,08/01/2026 09:11 AM,Sent to E-Com
TY-015075,Toys,Donation Center 02,07/27/2026 04:46 AM,07/27/2026 01:59 PM,07/28/2026 09:06 AM,Sent to E-Com
JW-015079,Jewelry,Store 07,07/29/2026 08:13 AM,07/30/2026 11:08 AM,07/31/2026 08:59 PM,Sent to E-Com
HM-015085,Home Decor,Outlet DC,07/25/2026 12:44 PM,07/25/2026 05:29 PM,07/26/2026 04:47 AM,Sent to E-Com
SG-015089,Sporting Goods,Store 04,07/12/2026 12:55 PM,07/13/2026 12:37 PM,07/15/2026 07:30 AM,Listed
SG-015090,Sporting Goods,Store 04,07/25/2026 06:11 PM,07/26/2026 01:23 PM,07/28/2026 04:45 AM,Listed
HM-015093,Home Decor,Store 04,07/30/2026 04:57 AM,08/01/2026 10:59 AM,08/01/2026 04:43 PM,Sent to E-Com
CO-015095,Collectibles,Store 12,07/11/2026 12:28 AM,07/12/2026 12:47 AM,07/12/2026 10:36 PM,Listed
HM-015096,Home Decor,Donation Center 02,07/15/2026 07:52 AM,07/17/2026 06:15 AM,07/17/2026 10:58 PM,Listed
SG-015097,Sporting Goods,Store 07,07/26/2026 01:12 AM,07/26/2026 04:19 PM,07/26/2026 09:42 PM,Sent to E-Com
BK-015101,Books,Store 12,06/29/2026 04:26 AM,06/29/2026 06:11 AM,07/01/2026 12:47 AM,Listed
BK-015102,Books,Donation Center 02,07/04/2026 01:34 AM,07/05/2026 03:42 AM,07/05/2026 04:02 AM,Listed
BK-015103,Books,Outlet DC,07/01/2026 03:19 AM,07/03/2026 07:02 PM,07/04/2026 10:09 AM,Listed
BK-015104,Books,Donation Center 02,06/25/2026 03:42 PM,06/28/2026 05:31 AM,06/29/2026 04:43 AM,Listed
BK-015105,Books,Store 12,06/14/2026 01:57 PM,06/16/2026 05:08 AM,06/17/2026 08:34 PM,Listed
EL-015106,Electronics,Store 12,07/23/2026 06:42 PM,07/25/2026 01:13 PM,07/26/2026 02:00 PM,Sent to E-Com
BK-015107,Books,Donation Center 02,06/20/2026 10:33 PM,06/23/2026 09:22 AM,06/24/2026 08:37 PM,Listed
BK-015108,Books,Store 04,06/25/2026 06:59 AM,06/28/2026 01:49 AM,06/29/2026 11:07 AM,Listed
BK-015109,Books,Store 07,07/08/2026 12:38 PM,07/09/2026 09:27 PM,07/10/2026 09:00 PM,Listed
BK-015110,Books,Donation Center 02,05/16/2026 07:57 PM,05/18/2026 02:48 AM,05/19/2026 02:16 AM,Listed
BK-015111,Books,Outlet DC,06/03/2026 12:30 PM,06/04/2026 07:56 PM,06/06/2026 05:02 AM,Listed
BK-015112,Books,Store 04,05/23/2026 10:09 PM,05/26/2026 05:19 PM,05/27/2026 11:41 AM,Listed
BK-015113,Books,Store 04,06/08/2026 09:33 AM,06/09/2026 02:11 AM,06/09/2026 08:52 PM,Listed
BK-015114,Books,Store 07,06/29/2026 08:05 AM,06/29/2026 02:35 PM,07/01/2026 01:27 PM,Listed
BK-015115,Books,Store 07,07/25/2026 01:08 PM,07/26/2026 10:06 PM,07/27/2026 10:07 AM,Listed
MD-015116,Media,Store 04,07/29/2026 02:03 AM,07/29/2026 07:50 AM,07/29/2026 09:02 PM,Listed
BK-015117,Books,Donation Center 02,07/04/2026 11:30 PM,07/07/2026 02:29 PM,07/08/2026 03:05 PM,Listed
BK-015118,Books,Donation Center 02,05/29/2026 12:02 AM,05/31/2026 03:15 PM,06/01/2026 10:39 PM,Listed
BK-015119,Books,Store 04,06/30/2026 05:05 PM,07/01/2026 07:30 PM,07/02/2026 06:22 PM,Listed
BK-015120,Books,Store 12,07/08/2026 06:05 PM,07/08/2026 08:06 PM,07/10/2026 01:37 AM,Listed
BK-015121,Books,Store 04,06/04/2026 04:23 AM,06/06/2026 04:31 PM,06/08/2026 01:34 PM,Listed
MD-015122,Media,Donation Center 02,07/25/2026 06:03 PM,07/25/2026 09:41 PM,07/27/2026 04:36 PM,Sent to E-Com
BK-015124,Books,Store 04,07/14/2026 03:02 PM,07/16/2026 01:33 AM,07/17/2026 10:57 AM,Listed
MD-015125,Media,Store 07,07/11/2026 06:56 AM,07/12/2026 07:02 PM,07/14/2026 05:26 PM,Listed
BK-015126,Books,Outlet DC,07/21/2026 09:09 AM,07/22/2026 08:20 AM,07/23/2026 06:05 AM,Listed
MD-015127,Media,Store 07,07/22/2026 03:41 AM,07/24/2026 02:21 PM,07/26/2026 01:19 AM,Sent to E-Com
EL-015128,Electronics,Donation Center 02,07/14/2026 06:20 AM,07/16/2026 10:35 AM,07/17/2026 10:58 PM,Listed
MD-015129,Media,Store 04,07/23/2026 03:17 PM,07/24/2026 04:12 PM,07/25/2026 03:51 AM,Listed
BK-015130,Books,Store 07,07/06/2026 05:00 AM,07/08/2026 08:35 AM,07/09/2026 01:44 AM,Listed
BK-015131,Books,Donation Center 02,07/24/2026 05:48 AM,07/26/2026 09:46 AM,07/27/2026 08:33 AM,Sent to E-Com
MD-015132,Media,Donation Center 02,07/26/2026 05:26 AM,07/29/2026 03:22 AM,07/29/2026 09:56 AM,Sent to E-Com
BK-015133,Books,Store 12,06/04/2026 08:55 AM,06/07/2026 02:52 AM,06/09/2026 12:51 AM,Listed
BK-015134,Books,Donation Center 02,05/25/2026 05:27 AM,05/25/2026 07:43 AM,05/26/2026 09:20 AM,Listed
BK-015135,Books,Donation Center 02,07/05/2026 04:03 AM,07/05/2026 08:54 PM,07/05/2026 11:13 PM,Listed
BK-015137,Books,Store 07,06/30/2026 05:37 PM,07/02/2026 06:36 AM,07/03/2026 11:47 PM,Listed
MD-015138,Media,Store 07,07/19/2026 03:39 PM,07/19/2026 08:05 PM,07/20/2026 07:06 AM,Listed
BK-015139,Books,Donation Center 02,05/10/2026 07:52 PM,05/12/2026 01:24 PM,05/13/2026 01:03 PM,Listed
MD-015141,Media,Donation Center 02,07/27/2026 08:20 AM,07/29/2026 07:59 AM,07/30/2026 05:32 PM,Sent to E-Com
BK-015142,Books,Outlet DC,02/17/2026 07:24 PM,02/19/2026 03:00 AM,02/19/2026 12:14 PM,Listed
EL-015143,Electronics,Store 04,07/17/2026 08:40 AM,07/18/2026 01:20 PM,07/18/2026 06:10 PM,Listed
BK-015144,Books,Store 07,07/15/2026 01:39 PM,07/17/2026 12:30 PM,07/18/2026 10:42 PM,Listed
BK-015145,Books,Outlet DC,07/15/2026 02:13 AM,07/17/2026 09:30 AM,07/18/2026 07:38 AM,Listed
BK-015146,Books,Outlet DC,07/14/2026 08:05 AM,07/16/2026 03:11 PM,07/18/2026 02:01 AM,Listed
CL-015147,Clothing,Store 07,06/28/2026 12:36 PM,07/01/2026 11:32 AM,07/02/2026 09:39 PM,Listed
CL-015148,Clothing,Outlet DC,07/16/2026 03:01 PM,07/18/2026 12:06 AM,07/18/2026 11:55 PM,Listed
CL-015149,Clothing,Outlet DC,07/22/2026 02:12 PM,07/24/2026 10:36 AM,07/26/2026 06:04 AM,Listed
SG-015150,Sporting Goods,Store 12,07/23/2026 11:10 AM,07/24/2026 05:02 PM,07/25/2026 05:25 AM,Listed
CO-015151,Collectibles,Store 07,07/26/2026 02:56 AM,07/28/2026 04:24 PM,07/29/2026 08:17 PM,Sent to E-Com
CO-015152,Collectibles,Store 04,07/29/2026 03:51 AM,07/30/2026 11:30 AM,08/01/2026 03:27 AM,Sent to E-Com
CO-015153,Collectibles,Outlet DC,07/22/2026 10:07 PM,07/23/2026 09:00 AM,07/24/2026 02:30 PM,Listed
HB-015154,Handbags,Outlet DC,07/15/2026 10:56 PM,07/18/2026 12:50 AM,07/19/2026 03:09 PM,Listed
CL-015155,Clothing,Donation Center 02,07/22/2026 09:50 PM,07/24/2026 11:04 AM,07/25/2026 10:16 AM,Listed
SG-015156,Sporting Goods,Store 07,07/05/2026 09:51 AM,07/05/2026 11:57 PM,07/07/2026 10:19 AM,Listed
HB-015157,Handbags,Outlet DC,07/16/2026 11:53 PM,07/18/2026 03:49 AM,07/19/2026 10:23 PM,Listed
CL-015159,Clothing,Store 12,07/18/2026 08:43 AM,07/20/2026 02:04 PM,07/22/2026 12:38 AM,Listed
CL-015160,Clothing,Store 07,07/20/2026 10:12 PM,07/21/2026 10:45 PM,07/22/2026 12:22 AM,Listed
CL-015161,Clothing,Store 12,07/25/2026 02:20 PM,07/25/2026 03:50 PM,07/27/2026 04:07 AM,Listed
CL-015162,Clothing,Store 07,07/24/2026 07:06 PM,07/27/2026 07:54 AM,07/28/2026 04:00 AM,Listed
CL-015163,Clothing,Donation Center 02,07/21/2026 10:18 AM,07/21/2026 02:07 PM,07/21/2026 11:18 PM,Listed
SG-015165,Sporting Goods,Store 04,07/19/2026 06:02 PM,07/22/2026 03:20 AM,07/22/2026 04:44 PM,Sent to E-Com
SH-015166,Shoes,Outlet DC,07/29/2026 10:28 PM,07/30/2026 12:00 AM,07/30/2026 11:08 PM,Sent to E-Com
EL-015167,Electronics,Store 12,07/11/2026 01:27 AM,07/12/2026 05:45 AM,07/12/2026 09:12 PM,Listed
SH-015168,Shoes,Donation Center 02,07/23/2026 09:12 AM,07/26/2026 12:23 AM,07/26/2026 09:48 AM,Listed
SG-015169,Sporting Goods,Outlet DC,06/03/2026 07:59 PM,06/04/2026 08:38 PM,06/06/2026 07:21 PM,Listed
KT-015170,Kitchen,Store 12,07/26/2026 03:26 AM,07/28/2026 12:30 AM,07/28/2026 02:56 AM,Listed
EL-015172,Electronics,Store 07,07/08/2026 05:39 AM,07/08/2026 03:44 PM,07/10/2026 02:29 PM,Listed
SH-015173,Shoes,Store 04,07/12/2026 11:34 AM,07/13/2026 07:45 AM,07/14/2026 06:31 PM,Listed
HB-015174,Handbags,Store 12,07/21/2026 11:48 AM,07/23/2026 04:28 PM,07/23/2026 11:36 PM,Listed
CL-015175,Clothing,Donation Center 02,07/19/2026 07:12 PM,07/22/2026 10:13 AM,07/23/2026 12:35 PM,Listed
CL-015176,Clothing,Outlet DC,07/28/2026 07:22 PM,07/29/2026 09:50 PM,07/31/2026 02:55 AM,Sent to E-Com
HM-015177,Home Decor,Store 04,07/22/2026 07:24 AM,07/23/2026 02:02 AM,07/24/2026 06:41 AM,Listed
FN-015178,Furniture,Store 04,07/24/2026 05:23 PM,07/26/2026 10:55 AM,07/26/2026 09:52 PM,Sent to E-Com
SH-015180,Shoes,Donation Center 02,06/27/2026 08:48 PM,06/30/2026 01:45 PM,07/02/2026 07:58 AM,Listed
HB-015182,Handbags,Donation Center 02,07/26/2026 05:14 AM,07/27/2026 03:07 AM,07/27/2026 06:45 PM,Listed
FN-015183,Furniture,Store 12,07/15/2026 11:50 AM,07/18/2026 06:25 AM,07/19/2026 07:59 AM,Listed
BK-015186,Books,Store 07,07/11/2026 01:37 PM,07/13/2026 02:38 AM,07/13/2026 05:34 PM,Listed
BK-015187,Books,Store 07,06/06/2026 01:32 AM,06/08/2026 04:40 PM,06/09/2026 06:38 AM,Listed
CO-015190,Collectibles,Store 07,07/19/2026 02:38 AM,07/21/2026 04:13 AM,07/22/2026 05:27 AM,Listed
TY-015195,Toys,Outlet DC,07/25/2026 11:45 PM,07/27/2026 08:29 PM,07/29/2026 02:16 PM,Sent to E-Com
CL-015199,Clothing,Store 12,07/23/2026 05:56 PM,07/26/2026 03:04 PM,07/28/2026 01:39 AM,Listed
CO-015200,Collectibles,Store 07,07/29/2026 05:06 AM,07/29/2026 02:05 PM,07/29/2026 08:13 PM,Sent to E-Com
CL-015202,Clothing,Outlet DC,07/25/2026 10:23 AM,07/27/2026 03:25 AM,07/27/2026 08:55 PM,Sent to E-Com
EL-015207,Electronics,Store 12,07/25/2026 01:56 AM,07/27/2026 08:00 PM,07/28/2026 11:33 PM,Sent to E-Com
JW-015213,Jewelry,Store 04,07/31/2026 11:57 AM,07/31/2026 02:26 PM,08/01/2026 03:22 AM,Sent to E-Com
KT-015216,Kitchen,Donation Center 02,07/26/2026 03:10 PM,07/27/2026 04:37 AM,07/28/2026 09:40 AM,Sent to E-Com
EL-015219,Electronics,Donation Center 02,07/28/2026 10:50 AM,07/31/2026 10:15 AM,08/01/2026 06:05 PM,Sent to E-Com
JW-015222,Jewelry,Store 12,07/25/2026 05:18 PM,07/26/2026 12:03 AM,07/26/2026 01:57 PM,Listed
HB-015223,Handbags,Store 12,07/20/2026 06:52 AM,07/20/2026 05:51 PM,07/21/2026 06:54 PM,Listed
CL-015224,Clothing,Store 07,07/28/2026 05:49 AM,07/31/2026 12:32 AM,08/01/2026 07:17 AM,Sent to E-Com
EL-015226,Electronics,Store 07,07/27/2026 03:50 PM,07/28/2026 07:46 AM,07/28/2026 02:03 PM,Sent to E-Com
TY-015227,Toys,Store 12,07/05/2026 10:55 PM,07/08/2026 04:11 AM,07/09/2026 11:31 PM,Listed
AR-015228,Art,Outlet DC,07/18/2026 10:03 PM,07/21/2026 07:02 PM,07/23/2026 01:51 PM,Listed
SG-015230,Sporting Goods,Donation Center 02,07/25/2026 12:26 AM,07/27/2026 11:09 AM,07/29/2026 07:42 AM,Listed
EL-015231,Electronics,Donation Center 02,07/27/2026 09:45 AM,07/30/2026 08:08 AM,07/31/2026 01:59 PM,Sent to E-Com
HM-015232,Home Decor,Donation Center 02,07/22/2026 01:56 PM,07/24/2026 03:43 PM,07/24/2026 09:28 PM,Listed
AR-015236,Art,Store 12,07/25/2026 12:14 PM,07/27/2026 07:14 AM,07/28/2026 11:42 PM,Sent to E-Com
EL-015239,Electronics,Donation Center 02,07/30/2026 03:21 PM,07/31/2026 12:45 PM,08/01/2026 04:00 AM,Sent to E-Com
TY-015240,Toys,Donation Center 02,07/25/2026 10:16 PM,07/27/2026 03:54 AM,07/27/2026 09:10 PM,Sent to E-Com
JW-015241,Jewelry,Outlet DC,07/26/2026 11:11 PM,07/27/2026 10:20 PM,07/28/2026 12:08 PM,Sent to E-Com
EL-015242,Electronics,Donation Center 02,07/24/2026 12:43 PM,07/27/2026 09:05 AM,07/28/2026 03:04 PM,Sent to E-Com
HM-015244,Home Decor,Store 07,07/25/2026 11:59 PM,07/27/2026 05:59 PM,07/29/2026 11:10 AM,Sent to E-Com
CO-015245,Collectibles,Outlet DC,07/27/2026 02:33 AM,07/27/2026 04:20 PM,07/29/2026 12:15 AM,Sent to E-Com
KT-015246,Kitchen,Store 07,07/26/2026 04:34 AM,07/28/2026 09:55 AM,07/28/2026 09:15 PM,Sent to E-Com
BK-015249,Books,Outlet DC,07/18/2026 04:20 AM,07/18/2026 06:30 PM,07/19/2026 10:59 PM,Listed
MD-015250,Media,Store 12,07/05/2026 02:00 PM,07/07/2026 04:38 PM,07/08/2026 12:26 AM,Listed
BK-015251,Books,Outlet DC,07/20/2026 10:27 AM,07/22/2026 09:33 AM,07/22/2026 03:32 PM,Listed
BK-015253,Books,Store 07,06/22/2026 08:07 PM,06/25/2026 12:36 AM,06/25/2026 02:20 PM,Listed
BK-015254,Books,Outlet DC,05/16/2026 12:32 PM,05/18/2026 05:31 PM,05/20/2026 03:50 PM,Listed
EL-015255,Electronics,Store 04,07/24/2026 11:52 AM,07/26/2026 07:42 AM,07/26/2026 06:12 PM,Listed
BK-015256,Books,Outlet DC,04/28/2026 10:35 PM,05/01/2026 01:03 PM,05/03/2026 08:32 AM,Listed
BK-015257,Books,Donation Center 02,07/11/2026 06:37 PM,07/13/2026 02:08 PM,07/14/2026 02:31 AM,Listed
BK-015259,Books,Store 07,06/12/2026 01:33 AM,06/13/2026 03:51 AM,06/14/2026 06:47 PM,Listed
BK-015260,Books,Donation Center 02,04/29/2026 05:36 PM,05/01/2026 09:59 PM,05/03/2026 08:58 AM,Listed
BK-015261,Books,Store 12,06/16/2026 08:57 AM,06/18/2026 04:44 PM,06/18/2026 07:51 PM,Listed
MD-015263,Media,Donation Center 02,07/07/2026 11:26 AM,07/08/2026 09:28 AM,07/09/2026 08:09 AM,Listed
BK-015264,Books,Donation Center 02,07/17/2026 08:20 PM,07/17/2026 10:58 PM,07/19/2026 05:21 AM,Listed
MD-015265,Media,Store 04,07/07/2026 10:32 PM,07/08/2026 03:48 PM,07/09/2026 12:14 PM,Listed
BK-015266,Books,Donation Center 02,07/03/2026 10:12 AM,07/04/2026 01:21 AM,07/05/2026 02:38 AM,Listed
BK-015267,Books,Store 12,07/10/2026 06:13 PM,07/12/2026 05:37 AM,07/12/2026 07:19 AM,Listed
MD-015268,Media,Outlet DC,07/11/2026 05:32 AM,07/13/2026 05:24 AM,07/13/2026 09:53 PM,Listed
BK-015269,Books,Store 04,07/25/2026 03:19 AM,07/26/2026 09:09 PM,07/27/2026 07:38 AM,Listed
MD-015271,Media,Donation Center 02,07/27/2026 06:45 AM,07/28/2026 05:37 PM,07/30/2026 03:38 AM,Sent to E-Com
BK-015272,Books,Store 04,05/31/2026 10:55 PM,06/02/2026 04:58 PM,06/02/2026 05:06 PM,Listed
BK-015273,Books,Store 12,07/15/2026 05:44 PM,07/17/2026 01:53 PM,07/17/2026 09:25 PM,Listed
BK-015274,Books,Store 04,06/22/2026 09:56 AM,06/23/2026 07:25 PM,06/25/2026 05:51 PM,Listed
BK-015275,Books,Store 07,07/11/2026 12:05 AM,07/11/2026 11:57 AM,07/12/2026 01:46 AM,Listed
EL-015276,Electronics,Outlet DC,07/22/2026 06:01 AM,07/24/2026 04:22 PM,07/26/2026 12:36 PM,Listed
BK-015277,Books,Outlet DC,07/19/2026 05:11 PM,07/19/2026 08:04 PM,07/20/2026 09:26 AM,Listed
BK-015278,Books,Outlet DC,07/19/2026 06:16 AM,07/20/2026 02:12 PM,07/21/2026 10:01 AM,Listed
MD-015279,Media,Donation Center 02,07/29/2026 04:51 PM,08/01/2026 03:02 PM,08/01/2026 08:08 PM,Sent to E-Com
BK-015282,Books,Store 04,07/06/2026 10:51 AM,07/06/2026 11:08 PM,07/07/2026 11:45 AM,Listed
BK-015284,Books,Store 07,06/15/2026 02:09 PM,06/18/2026 01:24 PM,06/19/2026 03:49 AM,Listed
CO-015285,Collectibles,Store 04,07/25/2026 04:58 PM,07/28/2026 10:29 AM,07/29/2026 03:22 PM,Listed
BK-015286,Books,Donation Center 02,06/07/2026 11:10 AM,06/09/2026 03:08 PM,06/10/2026 04:41 PM,Listed
MD-015287,Media,Store 04,06/16/2026 04:47 AM,06/16/2026 06:52 PM,06/17/2026 01:28 PM,Listed
BK-015288,Books,Store 07,06/10/2026 07:50 PM,06/11/2026 03:08 PM,06/13/2026 02:19 AM,Listed
BK-015289,Books,Store 12,04/30/2026 09:21 PM,05/01/2026 04:34 AM,05/02/2026 08:46 AM,Listed
MD-015290,Media,Store 04,07/11/2026 12:49 AM,07/13/2026 10:29 AM,07/14/2026 11:55 AM,Listed
BK-015291,Books,Store 12,07/06/2026 03:09 AM,07/07/2026 09:47 PM,07/09/2026 04:15 PM,Listed
MD-015292,Media,Store 04,07/17/2026 06:20 AM,07/19/2026 08:03 AM,07/20/2026 04:45 AM,Listed
MD-015293,Media,Store 12,07/28/2026 04:56 AM,07/29/2026 08:10 AM,07/30/2026 04:22 AM,Listed
MD-015294,Media,Store 04,07/03/2026 05:19 PM,07/04/2026 12:46 AM,07/05/2026 05:56 AM,Listed
BK-015295,Books,Store 07,06/13/2026 06:46 PM,06/15/2026 05:38 PM,06/15/2026 11:29 PM,Listed
BK-015297,Books,Outlet DC,07/16/2026 12:04 PM,07/18/2026 12:14 PM,07/19/2026 04:39 PM,Listed
BK-015298,Books,Outlet DC,07/06/2026 12:36 AM,07/07/2026 03:54 PM,07/09/2026 12:06 PM,Listed
BK-015299,Books,Store 12,07/10/2026 10:16 AM,07/12/2026 11:16 PM,07/14/2026 08:59 AM,Listed
BK-015301,Books,Outlet DC,07/03/2026 05:17 AM,07/05/2026 02:51 AM,07/05/2026 10:55 PM,Listed
BK-015302,Books,Donation Center 02,07/27/2026 11:46 AM,07/28/2026 06:31 PM,07/30/2026 05:27 AM,Sent to E-Com
MD-015303,Media,Store 04,07/21/2026 12:24 AM,07/22/2026 04:22 AM,07/22/2026 10:56 PM,Listed
EL-015304,Electronics,Donation Center 02,07/25/2026 12:08 AM,07/27/2026 12:53 PM,07/27/2026 05:59 PM,Listed
BK-015305,Books,Store 07,07/27/2026 03:12 PM,07/29/2026 09:56 PM,07/30/2026 08:52 PM,Sent to E-Com
EL-015307,Electronics,Store 12,07/02/2026 12:15 PM,07/03/2026 07:18 AM,07/03/2026 02:45 PM,Listed
CL-015309,Clothing,Store 04,07/21/2026 03:29 AM,07/22/2026 06:43 AM,07/23/2026 07:42 PM,Listed
HB-015310,Handbags,Store 12,07/11/2026 04:32 AM,07/11/2026 08:02 AM,07/11/2026 01:10 PM,Listed
CO-015311,Collectibles,Store 07,07/06/2026 02:32 AM,07/07/2026 12:59 AM,07/08/2026 04:29 AM,Listed
SH-015312,Shoes,Donation Center 02,07/08/2026 06:56 AM,07/08/2026 11:36 PM,07/09/2026 01:45 AM,Listed
CL-015313,Clothing,Store 07,05/08/2026 12:01 AM,05/08/2026 12:29 PM,05/08/2026 02:50 PM,Listed
SH-015314,Shoes,Store 07,07/21/2026 04:41 PM,07/22/2026 06:46 PM,07/24/2026 10:12 AM,Listed
CO-015315,Collectibles,Donation Center 02,07/21/2026 06:14 AM,07/23/2026 11:11 AM,07/25/2026 01:07 AM,Sent to E-Com
CL-015316,Clothing,Store 07,06/05/2026 09:32 PM,06/08/2026 04:44 PM,06/08/2026 11:26 PM,Listed
CO-015317,Collectibles,Donation Center 02,07/23/2026 10:28 PM,07/26/2026 04:05 AM,07/26/2026 07:14 AM,Listed
CO-015318,Collectibles,Donation Center 02,05/24/2026 12:00 PM,05/26/2026 11:31 PM,05/27/2026 05:18 AM,Listed
EL-015319,Electronics,Donation Center 02,07/25/2026 05:55 PM,07/28/2026 10:34 AM,07/30/2026 07:52 AM,Listed
SG-015320,Sporting Goods,Store 04,07/05/2026 05:50 AM,07/07/2026 07:15 PM,07/09/2026 04:14 AM,Listed
HB-015321,Handbags,Store 07,07/23/2026 05:55 AM,07/23/2026 08:10 AM,07/24/2026 06:18 PM,Listed
HB-015322,Handbags,Outlet DC,07/16/2026 02:11 PM,07/17/2026 10:33 AM,07/18/2026 11:21 AM,Listed
SH-015323,Shoes,Store 12,07/26/2026 03:54 AM,07/26/2026 04:25 AM,07/26/2026 12:14 PM,Sent to E-Com
SH-015324,Shoes,Store 12,07/30/2026 10:16 PM,07/31/2026 03:39 AM,08/01/2026 05:45 PM,Sent to E-Com
CL-015325,Clothing,Outlet DC,07/15/2026 03:35 AM,07/17/2026 11:38 AM,07/17/2026 02:30 PM,Listed
HB-015326,Handbags,Store 12,07/29/2026 11:10 AM,07/29/2026 11:11 AM,07/29/2026 08:53 PM,Sent to E-Com
EL-015327,Electronics,Store 04,07/11/2026 08:28 AM,07/12/2026 11:04 AM,07/14/2026 12:03 AM,Listed
CL-015328,Clothing,Store 04,07/24/2026 09:06 PM,07/26/2026 10:04 PM,07/27/2026 10:32 AM,Listed
HM-015329,Home Decor,Outlet DC,07/23/2026 08:15 AM,07/24/2026 05:41 PM,07/25/2026 03:47 AM,Listed
HM-015333,Home Decor,Store 07,07/25/2026 06:17 PM,07/27/2026 08:27 PM,07/29/2026 02:49 PM,Sent to E-Com
FN-015335,Furniture,Store 12,07/26/2026 09:24 AM,07/27/2026 04:47 AM,07/29/2026 02:03 AM,Listed
BK-015336,Books,Store 12,07/24/2026 09:45 AM,07/25/2026 10:37 PM,07/27/2026 06:47 PM,Sent to E-Com
BK-015338,Books,Donation Center 02,06/20/2026 08:46 AM,06/20/2026 09:17 PM,06/22/2026 05:21 AM,Listed
BK-015339,Books,Donation Center 02,07/18/2026 06:11 AM,07/18/2026 02:08 PM,07/20/2026 11:35 AM,Listed
BK-015340,Books,Store 07,07/26/2026 10:17 AM,07/29/2026 04:47 AM,07/30/2026 03:26 AM,Sent to E-Com
BK-015343,Books,Store 12,07/11/2026 04:31 AM,07/12/2026 07:01 PM,07/14/2026 10:10 AM,Listed
MD-015344,Media,Store 04,07/24/2026 03:08 AM,07/26/2026 06:33 AM,07/27/2026 06:48 AM,Listed
BK-015345,Books,Store 07,07/29/2026 07:09 AM,07/29/2026 10:11 PM,07/30/2026 06:42 PM,Sent to E-Com
MD-015346,Media,Store 07,07/26/2026 01:11 AM,07/27/2026 01:44 AM,07/28/2026 02:35 PM,Listed
BK-015347,Books,Store 04,07/24/2026 07:25 PM,07/27/2026 03:05 PM,07/28/2026 04:24 PM,Listed
BK-015348,Books,Store 12,07/23/2026 10:46 PM,07/25/2026 07:36 AM,07/26/2026 06:26 AM,Listed
BK-015349,Books,Outlet DC,07/28/2026 02:17 AM,07/28/2026 11:38 PM,07/30/2026 12:26 AM,Listed
BK-015351,Books,Outlet DC,07/30/2026 01:30 PM,07/31/2026 07:17 AM,08/01/2026 03:42 AM,Sent to E-Com
BK-015352,Books,Outlet DC,07/23/2026 09:32 PM,07/24/2026 09:09 PM,07/26/2026 08:35 AM,Listed
BK-015353,Books,Store 12,07/16/2026 11:15 PM,07/18/2026 04:22 AM,07/18/2026 09:15 PM,Listed
BK-015354,Books,Outlet DC,07/30/2026 02:59 AM,07/30/2026 01:50 PM,07/31/2026 06:40 PM,Sent to E-Com
KT-015355,Kitchen,Donation Center 02,07/29/2026 06:39 PM,07/31/2026 06:31 AM,07/31/2026 04:01 PM,Sent to E-Com
HM-015357,Home Decor,Store 04,07/29/2026 10:42 PM,07/31/2026 04:17 AM,08/01/2026 11:17 PM,Sent to E-Com
WT-015358,Watches,Store 07,07/18/2026 07:27 AM,07/20/2026 12:36 PM,07/21/2026 06:19 PM,Listed
AR-015361,Art,Store 07,07/27/2026 10:07 AM,07/28/2026 08:34 AM,07/29/2026 12:58 PM,Sent to E-Com
CO-015362,Collectibles,Outlet DC,07/31/2026 06:16 AM,07/31/2026 12:56 PM,08/01/2026 03:29 PM,Sent to E-Com
HB-015365,Handbags,Store 04,07/21/2026 02:49 PM,07/23/2026 09:13 PM,07/24/2026 09:19 AM,Listed
EL-015366,Electronics,Store 12,07/29/2026 07:36 AM,08/01/2026 04:47 AM,08/01/2026 06:52 AM,Sent to E-Com
HM-015367,Home Decor,Donation Center 02,07/28/2026 02:29 PM,07/31/2026 09:31 AM,08/01/2026 02:00 AM,Sent to E-Com
JW-015375,Jewelry,Store 12,07/30/2026 09:29 PM,07/31/2026 06:34 AM,08/01/2026 02:42 PM,Sent to E-Com
WT-015376,Watches,Store 04,07/24/2026 05:52 PM,07/27/2026 05:46 PM,07/29/2026 03:50 PM,Sent to E-Com
EL-015378,Electronics,Outlet DC,07/29/2026 03:45 PM,07/31/2026 02:19 PM,07/31/2026 05:03 PM,Sent to E-Com
KT-015383,Kitchen,Store 07,07/28/2026 05:25 PM,07/30/2026 01:37 AM,07/31/2026 03:14 PM,Listed
HM-015384,Home Decor,Store 12,07/11/2026 05:19 AM,07/12/2026 03:57 PM,07/13/2026 08:08 PM,Listed
JW-015388,Jewelry,Store 04,07/29/2026 05:00 AM,07/30/2026 08:42 PM,07/31/2026 10:26 PM,Sent to E-Com
JW-015392,Jewelry,Store 07,07/26/2026 03:58 AM,07/27/2026 09:18 PM,07/28/2026 10:44 PM,Sent to E-Com
KT-015393,Kitchen,Store 07,07/18/2026 12:20 AM,07/18/2026 01:57 PM,07/19/2026 01:31 PM,Listed
JW-015394,Jewelry,Store 12,07/29/2026 11:07 PM,07/31/2026 02:33 AM,08/01/2026 05:33 AM,Sent to E-Com
EL-015395,Electronics,Outlet DC,07/25/2026 02:29 AM,07/27/2026 08:37 AM,07/28/2026 08:53 AM,Sent to E-Com
AR-015400,Art,Outlet DC,07/28/2026 02:01 PM,07/30/2026 01:42 AM,07/31/2026 08:58 AM,Sent to E-Com
JW-015402,Jewelry,Store 07,07/26/2026 07:35 PM,07/28/2026 11:49 PM,07/29/2026 09:56 AM,Sent to E-Com
JW-015408,Jewelry,Outlet DC,07/25/2026 07:07 AM,07/26/2026 10:39 PM,07/28/2026 05:25 PM,Sent to E-Com
JW-015409,Jewelry,Store 07,07/29/2026 10:44 AM,07/31/2026 04:15 AM,07/31/2026 10:52 PM,Sent to E-Com
HB-015414,Handbags,Store 12,07/07/2026 09:22 PM,07/10/2026 09:06 AM,07/10/2026 04:33 PM,Sent to E-Com
CO-015419,Collectibles,Store 07,07/23/2026 04:44 PM,07/24/2026 07:18 PM,07/25/2026 10:54 PM,Listed
EL-015422,Electronics,Store 12,07/29/2026 09:07 AM,07/30/2026 03:50 PM,07/30/2026 08:55 PM,Sent to E-Com
AR-015424,Art,Outlet DC,07/04/2026 04:43 PM,07/05/2026 07:11 PM,07/05/2026 08:00 PM,Listed
HM-015428,Home Decor,Donation Center 02,07/25/2026 05:48 PM,07/25/2026 10:07 PM,07/27/2026 01:01 AM,Sent to E-Com
KT-015429,Kitchen,Store 07,07/23/2026 11:30 PM,07/24/2026 10:06 AM,07/26/2026 10:05 AM,Listed
CL-015431,Clothing,Store 12,07/23/2026 07:01 AM,07/24/2026 03:52 AM,07/25/2026 11:26 PM,Sent to E-Com
JW-015433,Jewelry,Store 12,07/11/2026 11:43 AM,07/11/2026 11:21 PM,07/12/2026 05:57 PM,Sent to E-Com
BK-015436,Books,Outlet DC,06/03/2026 09:12 AM,06/06/2026 09:07 AM,06/07/2026 10:31 AM,Listed
BK-015437,Books,Store 04,07/08/2026 07:11 PM,07/09/2026 05:39 PM,07/10/2026 05:43 AM,Listed
BK-015439,Books,Outlet DC,06/03/2026 09:43 AM,06/03/2026 04:40 PM,06/04/2026 03:22 AM,Listed
TY-015440,Toys,Donation Center 02,07/26/2026 11:54 PM,07/28/2026 09:03 PM,07/30/2026 10:23 AM,Listed
BK-015441,Books,Store 07,07/15/2026 02:02 AM,07/17/2026 09:06 AM,07/17/2026 06:37 PM,Listed
BK-015442,Books,Store 07,06/11/2026 12:02 PM,06/12/2026 11:08 PM,06/13/2026 11:26 AM,Listed
BK-015443,Books,Store 12,06/24/2026 11:47 AM,06/25/2026 04:51 AM,06/26/2026 10:26 PM,Listed
BK-015444,Books,Store 12,06/15/2026 01:53 AM,06/17/2026 11:26 AM,06/17/2026 03:43 PM,Listed
BK-015446,Books,Outlet DC,06/16/2026 09:59 AM,06/17/2026 07:28 AM,06/18/2026 04:26 AM,Listed
BK-015447,Books,Store 07,06/26/2026 07:49 PM,06/27/2026 05:51 PM,06/29/2026 01:00 AM,Listed
MD-015448,Media,Store 12,07/26/2026 12:37 AM,07/28/2026 08:13 PM,07/30/2026 02:46 AM,Sent to E-Com
EL-015449,Electronics,Store 04,07/22/2026 08:20 PM,07/23/2026 04:46 AM,07/24/2026 04:13 AM,Listed
BK-015451,Books,Store 07,06/28/2026 05:12 PM,06/30/2026 01:24 AM,07/01/2026 11:32 PM,Listed
BK-015452,Books,Outlet DC,07/02/2026 05:45 AM,07/03/2026 05:29 AM,07/03/2026 05:44 AM,Listed
MD-015453,Media,Donation Center 02,07/26/2026 03:08 AM,07/27/2026 11:10 AM,07/27/2026 07:19 PM,Listed
BK-015454,Books,Store 04,07/04/2026 04:45 PM,07/07/2026 10:19 AM,07/08/2026 02:01 PM,Listed
CO-015455,Collectibles,Store 12,07/18/2026 02:20 AM,07/19/2026 04:29 AM,07/20/2026 03:58 PM,Listed
BK-015456,Books,Store 12,07/14/2026 06:51 AM,07/15/2026 08:13 AM,07/16/2026 11:18 PM,Listed
BK-015458,Books,Outlet DC,07/11/2026 10:53 PM,07/14/2026 08:30 PM,07/16/2026 09:06 AM,Listed
CO-015459,Collectibles,Outlet DC,07/11/2026 09:59 AM,07/13/2026 10:28 AM,07/15/2026 09:51 AM,Listed
BK-015460,Books,Store 12,07/06/2026 05:56 AM,07/08/2026 01:26 AM,07/09/2026 09:51 PM,Listed
TY-015462,Toys,Store 12,07/24/2026 12:33 AM,07/24/2026 09:56 AM,07/24/2026 11:36 AM,Sent to E-Com
BK-015463,Books,Store 07,07/27/2026 01:08 AM,07/28/2026 06:48 PM,07/30/2026 10:03 AM,Sent to E-Com
TY-015464,Toys,Store 07,07/24/2026 06:54 AM,07/25/2026 11:34 AM,07/26/2026 12:43 PM,Listed
MD-015465,Media,Donation Center 02,07/17/2026 01:29 PM,07/18/2026 02:41 AM,07/19/2026 10:57 PM,Listed
BK-015466,Books,Outlet DC,07/18/2026 08:21 AM,07/19/2026 04:06 PM,07/20/2026 02:33 PM,Listed
MD-015467,Media,Outlet DC,07/28/2026 06:47 PM,07/28/2026 08:18 PM,07/30/2026 08:37 AM,Sent to E-Com
BK-015468,Books,Store 12,05/22/2026 04:37 PM,05/24/2026 04:43 AM,05/24/2026 05:06 PM,Listed
MD-015469,Media,Donation Center 02,07/11/2026 12:50 PM,07/12/2026 01:16 PM,07/13/2026 09:28 AM,Sent to E-Com
BK-015471,Books,Donation Center 02,07/17/2026 03:26 AM,07/18/2026 12:20 PM,07/20/2026 09:53 AM,Listed
MD-015472,Media,Outlet DC,07/28/2026 06:28 PM,07/31/2026 10:41 AM,07/31/2026 10:28 PM,Sent to E-Com
BK-015473,Books,Outlet DC,07/20/2026 12:51 AM,07/20/2026 11:35 PM,07/22/2026 06:33 PM,Listed
MD-015474,Media,Outlet DC,07/18/2026 03:33 AM,07/20/2026 01:12 PM,07/22/2026 04:46 AM,Listed
BK-015475,Books,Store 12,06/02/2026 12:50 AM,06/04/2026 12:50 AM,06/04/2026 12:21 PM,Listed
MD-015476,Media,Store 07,07/27/2026 09:48 AM,07/28/2026 02:30 AM,07/29/2026 09:58 AM,Listed
BK-015478,Books,Outlet DC,04/07/2026 04:09 PM,04/09/2026 09:47 AM,04/09/2026 05:17 PM,Listed
BK-015479,Books,Store 12,07/08/2026 08:49 AM,07/08/2026 07:50 PM,07/09/2026 06:35 AM,Listed
CL-015480,Clothing,Donation Center 02,07/30/2026 11:05 AM,07/30/2026 12:08 PM,07/31/2026 08:57 AM,Sent to E-Com
CL-015481,Clothing,Store 04,06/22/2026 07:43 PM,06/25/2026 12:20 AM,06/25/2026 08:30 PM,Listed
KT-015482,Kitchen,Outlet DC,07/07/2026 11:18 AM,07/07/2026 08:33 PM,07/09/2026 07:25 AM,Listed
CO-015484,Collectibles,Store 12,07/17/2026 05:08 AM,07/18/2026 03:09 AM,07/19/2026 05:37 PM,Listed
EL-015485,Electronics,Store 07,07/28/2026 09:21 PM,07/29/2026 07:24 PM,07/31/2026 07:02 AM,Sent to E-Com
KT-015487,Kitchen,Store 07,07/08/2026 03:52 AM,07/08/2026 11:05 PM,07/10/2026 01:47 AM,Listed
EL-015488,Electronics,Store 04,07/05/2026 02:36 PM,07/06/2026 10:01 AM,07/08/2026 04:32 AM,Listed
CO-015489,Collectibles,Store 07,07/21/2026 08:50 AM,07/23/2026 02:14 PM,07/24/2026 12:03 PM,Listed
CL-015491,Clothing,Outlet DC,07/19/2026 05:09 PM,07/19/2026 07:41 PM,07/21/2026 01:29 PM,Listed
CO-015492,Collectibles,Store 04,07/18/2026 02:45 AM,07/18/2026 04:05 AM,07/18/2026 05:37 AM,Listed
SH-015493,Shoes,Store 04,07/09/2026 12:41 PM,07/12/2026 11:51 AM,07/14/2026 05:20 AM,Listed
CL-015494,Clothing,Store 07,07/26/2026 12:21 AM,07/26/2026 07:51 PM,07/28/2026 02:17 AM,Listed
CO-015495,Collectibles,Donation Center 02,07/01/2026 02:33 PM,07/03/2026 09:16 PM,07/05/2026 08:30 AM,Listed
KT-015496,Kitchen,Store 07,07/19/2026 01:32 AM,07/20/2026 01:43 PM,07/20/2026 06:25 PM,Listed
SH-015497,Shoes,Store 04,07/19/2026 05:06 AM,07/22/2026 04:04 AM,07/22/2026 05:18 PM,Listed
CL-015498,Clothing,Store 04,07/22/2026 06:05 PM,07/23/2026 11:12 AM,07/25/2026 06:31 AM,Listed
KT-015499,Kitchen,Store 12,07/16/2026 03:57 PM,07/17/2026 04:38 PM,07/18/2026 01:12 AM,Listed
KT-015500,Kitchen,Outlet DC,07/19/2026 08:22 AM,07/21/2026 05:02 PM,07/22/2026 06:11 PM,Listed
CO-015501,Collectibles,Store 07,07/06/2026 01:22 AM,07/07/2026 02:49 PM,07/07/2026 04:02 PM,Listed
SG-015502,Sporting Goods,Store 12,07/02/2026 02:14 PM,07/03/2026 07:38 PM,07/04/2026 11:31 PM,Listed
SH-015504,Shoes,Donation Center 02,07/30/2026 06:52 AM,07/31/2026 05:43 AM,07/31/2026 01:10 PM,Sent to E-Com
FN-015505,Furniture,Donation Center 02,07/18/2026 01:32 PM,07/19/2026 11:27 PM,07/20/2026 12:21 PM,Listed
FN-015506,Furniture,Outlet DC,07/22/2026 11:53 PM,07/25/2026 03:00 PM,07/27/2026 10:50 AM,Sent to E-Com
HM-015507,Home Decor,Donation Center 02,07/19/2026 12:00 AM,07/21/2026 05:14 PM,07/21/2026 08:35 PM,Listed
SH-015508,Shoes,Store 07,07/18/2026 02:25 PM,07/20/2026 11:07 PM,07/22/2026 05:36 AM,Listed
HM-015509,Home Decor,Donation Center 02,07/27/2026 11:54 PM,07/29/2026 05:34 PM,07/31/2026 05:13 AM,Sent to E-Com
HB-015510,Handbags,Store 07,07/13/2026 02:36 AM,07/15/2026 11:38 AM,07/15/2026 06:00 PM,Listed
CL-015512,Clothing,Donation Center 02,07/14/2026 11:44 AM,07/17/2026 07:13 AM,07/17/2026 09:35 AM,Listed
SH-015514,Shoes,Store 12,07/24/2026 04:44 PM,07/26/2026 11:21 PM,07/27/2026 11:52 AM,Sent to E-Com
FN-015515,Furniture,Store 12,07/18/2026 06:27 PM,07/21/2026 11:23 AM,07/23/2026 09:37 AM,Sent to E-Com
CL-015516,Clothing,Store 07,07/27/2026 07:38 PM,07/28/2026 01:41 PM,07/29/2026 09:18 AM,Sent to E-Com
CL-015517,Clothing,Store 04,07/11/2026 12:44 AM,07/11/2026 01:42 PM,07/11/2026 03:09 PM,Listed
HB-015518,Handbags,Store 12,06/25/2026 07:59 AM,06/27/2026 09:11 PM,06/28/2026 01:16 AM,Listed
BK-015519,Books,Donation Center 02,07/22/2026 07:59 PM,07/24/2026 06:00 PM,07/25/2026 09:32 AM,Listed
BK-015520,Books,Store 04,07/28/2026 09:03 PM,07/29/2026 09:38 AM,07/29/2026 06:06 PM,Listed
BK-015521,Books,Donation Center 02,07/26/2026 08:14 PM,07/28/2026 07:00 PM,07/29/2026 07:24 PM,Sent to E-Com
BK-015522,Books,Store 12,07/19/2026 04:21 PM,07/22/2026 01:55 PM,07/22/2026 05:09 PM,Listed
BK-015525,Books,Donation Center 02,07/27/2026 10:50 PM,07/30/2026 09:20 PM,07/31/2026 06:35 AM,Sent to E-Com
BK-015526,Books,Store 07,07/22/2026 02:37 PM,07/25/2026 01:49 PM,07/27/2026 10:22 AM,Listed
BK-015527,Books,Store 12,06/21/2026 03:33 PM,06/23/2026 06:06 PM,06/25/2026 05:53 PM,Listed
BK-015528,Books,Store 04,07/27/2026 08:11 AM,07/30/2026 05:39 AM,08/01/2026 05:18 AM,Listed
BK-015530,Books,Outlet DC,07/25/2026 09:04 AM,07/27/2026 01:41 AM,07/27/2026 03:49 AM,Sent to E-Com
CO-015535,Collectibles,Store 04,07/27/2026 02:45 AM,07/29/2026 01:48 PM,07/29/2026 06:33 PM,Listed
EL-015536,Electronics,Store 12,07/30/2026 01:31 PM,07/31/2026 03:26 AM,07/31/2026 11:47 PM,Sent to E-Com
EL-015541,Electronics,Store 12,07/21/2026 11:33 AM,07/23/2026 11:58 PM,07/24/2026 02:43 AM,Sent to E-Com
WT-015543,Watches,Store 04,07/27/2026 12:20 AM,07/27/2026 05:28 PM,07/29/2026 10:28 AM,Listed
HM-015546,Home Decor,Outlet DC,07/12/2026 08:56 PM,07/14/2026 06:03 PM,07/15/2026 05:39 AM,Listed
EL-015548,Electronics,Outlet DC,07/27/2026 07:36 AM,07/30/2026 05:23 AM,07/30/2026 11:14 PM,Sent to E-Com
CO-015553,Collectibles,Store 04,07/23/2026 07:22 AM,07/23/2026 04:24 PM,07/25/2026 04:24 PM,Sent to E-Com
HM-015555,Home Decor,Outlet DC,07/30/2026 10:18 PM,08/01/2026 10:56 AM,08/01/2026 09:41 PM,Sent to E-Com
WT-015557,Watches,Donation Center 02,07/29/2026 12:58 AM,07/29/2026 06:43 AM,07/31/2026 03:07 AM,Sent to E-Com
JW-015558,Jewelry,Outlet DC,06/29/2026 04:27 PM,07/01/2026 02:20 AM,07/01/2026 11:50 PM,Sent to E-Com
CO-015561,Collectibles,Store 07,07/27/2026 11:38 AM,07/27/2026 02:12 PM,07/29/2026 05:21 AM,Listed
CO-015564,Collectibles,Store 04,07/29/2026 12:43 AM,07/30/2026 07:27 PM,07/30/2026 08:43 PM,Sent to E-Com
HB-015572,Handbags,Donation Center 02,07/27/2026 10:20 AM,07/30/2026 05:59 AM,07/31/2026 02:10 AM,Sent to E-Com
JW-015573,Jewelry,Donation Center 02,07/27/2026 03:35 PM,07/29/2026 11:27 AM,07/29/2026 12:46 PM,Sent to E-Com
HM-015577,Home Decor,Outlet DC,07/24/2026 04:37 PM,07/24/2026 05:46 PM,07/25/2026 03:22 AM,Sent to E-Com
HM-015578,Home Decor,Store 07,07/12/2026 05:16 AM,07/14/2026 10:17 PM,07/16/2026 01:27 AM,Sent to E-Com
JW-015579,Jewelry,Donation Center 02,07/28/2026 10:46 AM,07/30/2026 09:51 AM,07/31/2026 01:58 PM,Sent to E-Com
AR-015580,Art,Store 12,07/26/2026 11:03 PM,07/29/2026 10:43 AM,07/30/2026 02:58 AM,Sent to E-Com
KT-015582,Kitchen,Store 07,07/18/2026 05:44 PM,07/21/2026 01:44 AM,07/22/2026 02:47 PM,Listed
MD-015586,Media,Store 04,07/22/2026 01:11 AM,07/23/2026 11:19 PM,07/24/2026 04:29 PM,Listed
BK-015587,Books,Donation Center 02,06/28/2026 03:29 AM,06/28/2026 11:02 AM,06/29/2026 07:54 PM,Listed
MD-015588,Media,Store 04,07/24/2026 11:09 AM,07/25/2026 11:50 AM,07/26/2026 01:52 AM,Sent to E-Com
MD-015589,Media,Donation Center 02,07/11/2026 04:26 AM,07/12/2026 08:19 PM,07/14/2026 08:01 AM,Listed
BK-015590,Books,Donation Center 02,07/21/2026 07:20 PM,07/23/2026 10:39 PM,07/24/2026 01:15 PM,Listed
MD-015591,Media,Donation Center 02,07/27/2026 07:58 AM,07/28/2026 09:12 PM,07/29/2026 08:50 PM,Listed
BK-015592,Books,Outlet DC,06/22/2026 08:29 PM,06/23/2026 04:08 PM,06/24/2026 04:15 PM,Listed
CO-015594,Collectibles,Donation Center 02,07/24/2026 02:48 PM,07/27/2026 01:11 PM,07/28/2026 07:56 AM,Listed
BK-015595,Books,Outlet DC,07/16/2026 02:51 PM,07/19/2026 11:52 AM,07/20/2026 11:33 PM,Listed
BK-015596,Books,Store 12,07/12/2026 06:35 PM,07/15/2026 09:10 AM,07/17/2026 05:25 AM,Listed
MD-015597,Media,Donation Center 02,07/24/2026 01:47 AM,07/26/2026 07:11 AM,07/26/2026 08:11 AM,Listed
EL-015598,Electronics,Outlet DC,07/21/2026 07:44 PM,07/22/2026 12:33 PM,07/23/2026 12:50 AM,Listed
TY-015599,Toys,Store 07,07/31/2026 03:47 AM,08/01/2026 08:59 AM,08/01/2026 04:08 PM,Sent to E-Com
MD-015601,Media,Donation Center 02,07/25/2026 12:43 PM,07/25/2026 04:12 PM,07/27/2026 02:48 PM,Listed
BK-015602,Books,Donation Center 02,07/22/2026 10:21 AM,07/24/2026 01:55 AM,07/24/2026 07:32 AM,Listed
MD-015603,Media,Donation Center 02,06/20/2026 03:58 PM,06/22/2026 12:07 AM,06/23/2026 05:28 AM,Listed
BK-015604,Books,Store 12,05/29/2026 04:06 AM,05/29/2026 05:23 PM,05/31/2026 12:03 AM,Listed
EL-015606,Electronics,Donation Center 02,07/16/2026 07:50 AM,07/18/2026 04:08 AM,07/19/2026 10:36 PM,Listed
BK-015607,Books,Outlet DC,07/17/2026 02:48 PM,07/18/2026 05:12 AM,07/18/2026 02:24 PM,Listed
BK-015609,Books,Donation Center 02,07/08/2026 10:18 PM,07/10/2026 05:51 AM,07/10/2026 07:13 AM,Listed
MD-015610,Media,Store 04,07/28/2026 11:39 AM,07/29/2026 09:10 AM,07/31/2026 02:36 AM,Sent to E-Com
TY-015611,Toys,Store 07,07/10/2026 04:38 PM,07/11/2026 10:54 AM,07/12/2026 09:51 AM,Listed
BK-015612,Books,Store 04,07/11/2026 01:04 PM,07/12/2026 02:00 PM,07/14/2026 02:10 AM,Listed
MD-015614,Media,Store 07,07/30/2026 02:38 AM,07/30/2026 07:38 PM,08/01/2026 06:22 AM,Sent to E-Com
BK-015615,Books,Store 04,07/06/2026 12:58 PM,07/09/2026 06:01 AM,07/10/2026 08:00 PM,Listed
BK-015616,Books,Store 07,06/03/2026 02:23 PM,06/05/2026 01:16 AM,06/05/2026 03:15 AM,Listed
BK-015617,Books,Store 07,07/27/2026 04:50 AM,07/27/2026 11:38 PM,07/29/2026 09:31 PM,Sent to E-Com
MD-015618,Media,Store 12,07/06/2026 11:06 PM,07/07/2026 09:53 PM,07/09/2026 08:04 PM,Listed
BK-015620,Books,Store 07,06/30/2026 04:18 AM,07/02/2026 12:07 PM,07/03/2026 07:23 PM,Listed
MD-015621,Media,Store 12,07/27/2026 03:11 PM,07/29/2026 12:37 PM,07/30/2026 10:34 AM,Listed
BK-015622,Books,Store 12,07/22/2026 05:51 AM,07/24/2026 06:43 PM,07/24/2026 09:28 PM,Sent to E-Com
BK-015623,Books,Outlet DC,07/13/2026 10:14 AM,07/15/2026 09:28 PM,07/16/2026 01:43 PM,Listed
BK-015624,Books,Outlet DC,06/13/2026 03:48 PM,06/16/2026 12:47 PM,06/17/2026 11:04 PM,Listed
MD-015625,Media,Store 07,07/23/2026 06:01 PM,07/26/2026 05:05 AM,07/26/2026 06:00 AM,Listed
MD-015626,Media,Store 07,07/30/2026 10:38 PM,07/31/2026 06:58 AM,07/31/2026 10:12 PM,Sent to E-Com
MD-015627,Media,Outlet DC,07/12/2026 03:38 AM,07/14/2026 12:12 PM,07/15/2026 12:17 PM,Listed
MD-015628,Media,Store 07,07/26/2026 11:50 AM,07/28/2026 10:28 PM,07/29/2026 12:32 AM,Sent to E-Com
BK-015629,Books,Donation Center 02,05/28/2026 11:25 PM,05/29/2026 04:33 AM,05/29/2026 03:25 PM,Listed
BK-015631,Books,Outlet DC,06/15/2026 06:15 PM,06/17/2026 01:58 PM,06/19/2026 01:23 AM,Listed
BK-015632,Books,Store 12,03/21/2026 05:01 PM,03/22/2026 10:18 AM,03/23/2026 02:19 AM,Listed
BK-015633,Books,Store 04,06/13/2026 05:40 PM,06/14/2026 01:46 PM,06/15/2026 08:23 AM,Listed
BK-015634,Books,Store 04,06/21/2026 10:32 PM,06/23/2026 03:28 AM,06/24/2026 07:57 AM,Listed
BK-015635,Books,Outlet DC,04/28/2026 12:40 AM,04/29/2026 05:08 AM,04/30/2026 04:23 PM,Listed
BK-015637,Books,Donation Center 02,06/25/2026 05:32 PM,06/26/2026 08:04 AM,06/26/2026 09:47 AM,Listed
MD-015639,Media,Donation Center 02,07/29/2026 01:05 AM,07/31/2026 02:05 PM,08/01/2026 09:45 AM,Sent to E-Com
CL-015641,Clothing,Store 07,07/25/2026 03:58 PM,07/27/2026 03:15 AM,07/27/2026 10:07 AM,Sent to E-Com
CL-015643,Clothing,Store 12,07/06/2026 07:38 PM,07/08/2026 10:43 PM,07/09/2026 11:50 AM,Listed
CL-015645,Clothing,Outlet DC,07/30/2026 03:21 PM,07/31/2026 01:09 AM,07/31/2026 10:09 AM,Sent to E-Com
EL-015646,Electronics,Outlet DC,07/29/2026 03:44 AM,07/30/2026 04:38 PM,08/01/2026 10:44 AM,Sent to E-Com
KT-015647,Kitchen,Store 07,07/21/2026 07:48 AM,07/21/2026 11:21 PM,07/22/2026 02:56 PM,Listed
SH-015648,Shoes,Store 07,07/16/2026 06:33 AM,07/17/2026 05:20 PM,07/18/2026 07:56 AM,Listed
CO-015649,Collectibles,Outlet DC,07/20/2026 02:29 PM,07/21/2026 04:57 PM,07/22/2026 04:39 AM,Listed
KT-015650,Kitchen,Store 04,07/15/2026 11:19 PM,07/17/2026 02:21 PM,07/18/2026 11:50 PM,Listed
CL-015651,Clothing,Store 04,06/17/2026 07:22 PM,06/20/2026 03:02 AM,06/21/2026 07:28 AM,Listed
HB-015652,Handbags,Store 04,07/27/2026 07:54 AM,07/28/2026 05:00 AM,07/28/2026 06:57 PM,Listed
KT-015653,Kitchen,Store 12,06/21/2026 01:46 AM,06/23/2026 02:59 AM,06/24/2026 05:15 PM,Listed
CL-015654,Clothing,Outlet DC,07/13/2026 01:26 PM,07/13/2026 11:07 PM,07/15/2026 09:45 PM,Listed
CO-015656,Collectibles,Donation Center 02,07/24/2026 08:31 PM,07/27/2026 09:57 AM,07/29/2026 05:43 AM,Listed
KT-015657,Kitchen,Store 04,06/21/2026 10:26 AM,06/22/2026 06:17 AM,06/23/2026 09:45 AM,Listed
SH-015658,Shoes,Outlet DC,07/22/2026 11:27 AM,07/24/2026 01:34 AM,07/24/2026 10:57 AM,Listed
CL-015659,Clothing,Store 04,07/22/2026 09:14 PM,07/24/2026 01:45 PM,07/24/2026 10:28 PM,Sent to E-Com
HB-015660,Handbags,Store 04,07/18/2026 11:39 AM,07/21/2026 05:11 AM,07/23/2026 04:52 AM,Listed
KT-015661,Kitchen,Store 04,07/24/2026 06:37 PM,07/27/2026 06:28 AM,07/27/2026 07:17 AM,Sent to E-Com
FN-015662,Furniture,Outlet DC,07/25/2026 12:41 AM,07/25/2026 10:20 PM,07/26/2026 11:17 PM,Sent to E-Com
CL-015663,Clothing,Store 07,08/01/2026 02:19 PM,08/01/2026 05:32 PM,08/01/2026 07:28 PM,Sent to E-Com
SH-015664,Shoes,Store 12,07/29/2026 08:47 PM,07/31/2026 11:05 AM,08/01/2026 07:10 PM,Sent to E-Com
BK-015667,Books,Donation Center 02,07/22/2026 07:24 AM,07/24/2026 01:13 AM,07/24/2026 11:13 PM,Sent to E-Com
BK-015672,Books,Donation Center 02,07/20/2026 04:34 AM,07/21/2026 12:18 AM,07/22/2026 07:08 AM,Listed
BK-015673,Books,Outlet DC,07/19/2026 07:40 PM,07/20/2026 12:36 PM,07/22/2026 06:32 AM,Sent to E-Com
BK-015674,Books,Store 12,07/29/2026 04:31 PM,07/30/2026 12:43 AM,07/30/2026 07:38 AM,Sent to E-Com
BK-015675,Books,Store 07,07/21/2026 01:53 PM,07/24/2026 01:29 PM,07/25/2026 01:25 PM,Listed
BK-015676,Books,Store 07,07/11/2026 09:43 AM,07/14/2026 02:40 AM,07/16/2026 02:05 AM,Sent to E-Com
BK-015679,Books,Store 04,07/28/2026 10:06 AM,07/31/2026 10:04 AM,08/01/2026 04:00 PM,Sent to E-Com
CO-015681,Collectibles,Store 07,07/29/2026 05:44 AM,07/30/2026 03:22 AM,08/01/2026 12:18 AM,Sent to E-Com
SG-015683,Sporting Goods,Store 12,07/21/2026 12:23 AM,07/21/2026 04:18 AM,07/21/2026 07:51 PM,Sent to E-Com
WT-015689,Watches,Outlet DC,07/27/2026 09:58 AM,07/29/2026 10:02 AM,07/31/2026 01:45 AM,Sent to E-Com
JW-015690,Jewelry,Store 07,07/28/2026 07:36 AM,07/28/2026 02:42 PM,07/30/2026 08:34 AM,Sent to E-Com
TY-015691,Toys,Store 12,07/22/2026 07:54 AM,07/25/2026 07:01 AM,07/26/2026 03:26 PM,Listed
WT-015693,Watches,Outlet DC,07/25/2026 04:38 AM,07/27/2026 09:29 AM,07/28/2026 01:48 PM,Sent to E-Com
CL-015697,Clothing,Store 04,07/26/2026 11:29 PM,07/28/2026 10:56 PM,07/29/2026 05:11 AM,Sent to E-Com
EL-015701,Electronics,Store 12,07/27/2026 04:03 PM,07/30/2026 02:09 PM,07/30/2026 10:17 PM,Sent to E-Com
HM-015704,Home Decor,Store 04,07/19/2026 08:45 AM,07/20/2026 07:09 AM,07/22/2026 04:01 AM,Sent to E-Com
WT-015706,Watches,Store 04,07/29/2026 07:32 AM,08/01/2026 07:26 AM,08/01/2026 07:28 AM,Sent to E-Com
SG-015709,Sporting Goods,Donation Center 02,07/28/2026 07:02 PM,07/31/2026 02:17 PM,08/01/2026 11:07 PM,Sent to E-Com
HB-015713,Handbags,Store 07,07/26/2026 11:56 PM,07/28/2026 12:17 PM,07/28/2026 01:01 PM,Sent to E-Com
CL-015715,Clothing,Store 12,07/23/2026 01:09 PM,07/26/2026 10:10 AM,07/28/2026 12:22 AM,Sent to E-Com
AR-015725,Art,Outlet DC,07/19/2026 05:15 AM,07/21/2026 10:53 PM,07/22/2026 12:59 PM,Sent to E-Com
TY-015731,Toys,Store 04,07/24/2026 12:51 AM,07/26/2026 07:09 AM,07/26/2026 03:04 PM,Sent to E-Com
TY-015738,Toys,Outlet DC,07/25/2026 03:17 AM,07/28/2026 01:43 AM,07/29/2026 01:29 AM,Sent to E-Com
BK-015739,Books,Donation Center 02,07/21/2026 12:40 AM,07/21/2026 12:57 AM,07/22/2026 05:59 PM,Listed
BK-015741,Books,Donation Center 02,06/21/2026 08:56 AM,06/24/2026 12:34 AM,06/25/2026 01:31 PM,Listed
BK-015742,Books,Store 12,07/14/2026 08:32 AM,07/15/2026 05:35 AM,07/16/2026 05:16 AM,Listed
BK-015743,Books,Store 12,06/05/2026 11:43 AM,06/06/2026 08:52 PM,06/06/2026 09:41 PM,Listed
BK-015744,Books,Outlet DC,07/13/2026 05:34 PM,07/14/2026 02:51 AM,07/15/2026 02:10 PM,Listed
MD-015746,Media,Store 07,07/24/2026 02:03 PM,07/26/2026 12:59 AM,07/27/2026 01:22 PM,Listed
EL-015747,Electronics,Donation Center 02,07/30/2026 05:41 AM,08/01/2026 07:43 AM,08/01/2026 11:14 AM,Sent to E-Com
MD-015748,Media,Store 12,07/17/2026 01:18 AM,07/19/2026 05:43 AM,07/21/2026 03:43 AM,Listed
TY-015749,Toys,Donation Center 02,07/29/2026 09:36 PM,07/31/2026 06:24 AM,07/31/2026 08:27 PM,Sent to E-Com
BK-015750,Books,Store 07,03/28/2026 08:04 AM,03/28/2026 05:34 PM,03/30/2026 09:28 AM,Listed
BK-015751,Books,Store 07,06/30/2026 04:08 PM,07/02/2026 10:25 PM,07/04/2026 07:40 AM,Listed
BK-015752,Books,Store 04,06/11/2026 05:35 AM,06/13/2026 06:25 PM,06/15/2026 11:40 AM,Listed
BK-015753,Books,Outlet DC,07/27/2026 04:53 AM,07/27/2026 05:08 PM,07/28/2026 11:05 AM,Listed
BK-015755,Books,Store 04,06/27/2026 11:56 PM,06/30/2026 03:30 PM,07/01/2026 12:22 PM,Listed
BK-015756,Books,Outlet DC,05/02/2026 08:13 AM,05/05/2026 03:51 AM,05/05/2026 04:52 PM,Listed
BK-015758,Books,Donation Center 02,06/05/2026 12:56 AM,06/05/2026 09:44 AM,06/05/2026 06:35 PM,Listed
BK-015759,Books,Store 07,06/27/2026 09:24 AM,06/30/2026 06:29 AM,07/01/2026 02:43 AM,Listed
BK-015760,Books,Store 04,06/23/2026 10:17 AM,06/23/2026 02:46 PM,06/24/2026 10:23 PM,Listed
BK-015761,Books,Store 07,05/18/2026 06:10 PM,05/20/2026 01:38 AM,05/21/2026 11:23 AM,Listed
BK-015762,Books,Donation Center 02,03/30/2026 01:05 AM,03/31/2026 07:22 AM,03/31/2026 06:23 PM,Listed
EL-015763,Electronics,Store 12,07/29/2026 02:22 PM,07/31/2026 10:49 AM,07/31/2026 09:41 PM,Sent to E-Com
MD-015766,Media,Outlet DC,07/11/2026 02:11 PM,07/14/2026 03:38 AM,07/14/2026 09:42 AM,Listed
BK-015767,Books,Store 04,07/15/2026 12:32 PM,07/16/2026 01:35 AM,07/17/2026 09:58 AM,Listed
BK-015769,Books,Store 07,05/12/2026 02:51 AM,05/14/2026 07:47 AM,05/15/2026 02:31 AM,Listed
BK-015770,Books,Outlet DC,05/28/2026 07:30 AM,05/28/2026 08:55 AM,05/30/2026 01:01 AM,Listed
BK-015771,Books,Outlet DC,06/07/2026 10:19 AM,06/07/2026 09:57 PM,06/08/2026 04:45 PM,Listed
MD-015773,Media,Store 12,05/21/2026 10:37 PM,05/24/2026 06:05 PM,05/25/2026 08:36 PM,Listed
TY-015774,Toys,Store 04,07/19/2026 09:24 AM,07/21/2026 11:36 PM,07/23/2026 05:15 PM,Listed
BK-015776,Books,Donation Center 02,07/17/2026 01:11 AM,07/18/2026 03:22 AM,07/19/2026 11:33 AM,Listed
BK-015778,Books,Donation Center 02,06/23/2026 04:33 AM,06/25/2026 03:43 PM,06/26/2026 12:58 AM,Listed
TY-015779,Toys,Donation Center 02,07/24/2026 10:01 PM,07/25/2026 08:24 AM,07/25/2026 09:15 PM,Listed
BK-015780,Books,Store 12,07/01/2026 09:21 AM,07/04/2026 06:02 AM,07/04/2026 11:34 AM,Listed
BK-015781,Books,Store 04,07/08/2026 06:46 AM,07/11/2026 03:26 AM,07/11/2026 07:31 PM,Listed
CO-015782,Collectibles,Store 12,07/22/2026 12:18 AM,07/24/2026 07:06 PM,07/25/2026 03:22 AM,Sent to E-Com
MD-015783,Media,Store 07,07/28/2026 09:41 PM,07/29/2026 07:44 PM,07/30/2026 12:31 PM,Listed
BK-015784,Books,Outlet DC,06/03/2026 06:01 PM,06/05/2026 10:14 AM,06/05/2026 10:59 PM,Listed
BK-015785,Books,Store 04,06/29/2026 04:15 PM,06/30/2026 10:17 AM,07/01/2026 01:30 AM,Listed
BK-015786,Books,Outlet DC,07/10/2026 07:57 PM,07/12/2026 04:03 PM,07/13/2026 09:26 AM,Listed
BK-015787,Books,Store 07,06/04/2026 10:05 PM,06/07/2026 03:18 PM,06/08/2026 10:34 AM,Listed
KT-015788,Kitchen,Outlet DC,07/20/2026 11:53 AM,07/22/2026 12:08 PM,07/23/2026 07:45 PM,Listed
SG-015789,Sporting Goods,Store 04,06/09/2026 02:23 AM,06/11/2026 05:13 AM,06/12/2026 04:29 AM,Listed
CL-015790,Clothing,Store 04,07/24/2026 04:35 AM,07/27/2026 01:42 AM,07/27/2026 01:24 PM,Listed
SG-015791,Sporting Goods,Store 07,07/26/2026 07:58 AM,07/27/2026 03:10 AM,07/28/2026 09:22 AM,Sent to E-Com
CO-015792,Collectibles,Outlet DC,07/21/2026 12:59 AM,07/23/2026 05:08 AM,07/23/2026 08:20 AM,Listed
SG-015796,Sporting Goods,Store 07,07/17/2026 02:41 PM,07/18/2026 07:53 PM,07/19/2026 06:17 AM,Listed
CO-015798,Collectibles,Store 04,06/15/2026 11:24 AM,06/16/2026 09:25 PM,06/18/2026 03:22 PM,Listed
EL-015799,Electronics,Store 04,07/17/2026 03:41 AM,07/19/2026 03:16 AM,07/20/2026 10:26 PM,Listed
SH-015801,Shoes,Store 04,07/01/2026 06:41 PM,07/01/2026 06:54 PM,07/03/2026 01:23 AM,Listed
CO-015803,Collectibles,Donation Center 02,07/13/2026 05:29 PM,07/16/2026 02:49 PM,07/16/2026 08:37 PM,Listed
KT-015804,Kitchen,Store 04,07/21/2026 09:03 PM,07/23/2026 10:51 PM,07/25/2026 09:33 AM,Sent to E-Com
HB-015805,Handbags,Store 04,07/24/2026 12:10 PM,07/27/2026 12:55 AM,07/28/2026 12:44 AM,Listed
CL-015806,Clothing,Outlet DC,07/23/2026 07:58 PM,07/24/2026 03:09 AM,07/25/2026 09:37 AM,Sent to E-Com
CO-015807,Collectibles,Store 12,07/03/2026 10:16 AM,07/03/2026 06:01 PM,07/04/2026 01:41 PM,Listed
EL-015808,Electronics,Store 07,07/16/2026 10:40 PM,07/18/2026 03:59 PM,07/19/2026 02:54 AM,Listed
HB-015809,Handbags,Store 07,07/08/2026 05:22 AM,07/08/2026 12:44 PM,07/08/2026 02:01 PM,Listed
CL-015810,Clothing,Store 12,07/29/2026 11:13 PM,07/31/2026 05:37 PM,08/01/2026 07:07 PM,Sent to E-Com
HM-015812,Home Decor,Outlet DC,07/20/2026 09:29 AM,07/21/2026 07:15 AM,07/21/2026 08:11 AM,Listed
CL-015813,Clothing,Donation Center 02,07/25/2026 10:02 AM,07/27/2026 08:16 AM,07/27/2026 11:16 PM,Listed
CL-015815,Clothing,Store 12,07/24/2026 03:21 PM,07/26/2026 05:35 PM,07/27/2026 10:49 PM,Sent to E-Com
SH-015817,Shoes,Store 12,06/21/2026 04:58 PM,06/24/2026 02:45 AM,06/25/2026 12:50 AM,Listed
BK-015818,Books,Store 07,07/12/2026 01:34 PM,07/12/2026 04:42 PM,07/14/2026 04:04 PM,Listed
BK-015820,Books,Store 07,07/27/2026 01:04 PM,07/27/2026 10:50 PM,07/29/2026 12:06 PM,Sent to E-Com
BK-015822,Books,Store 04,07/20/2026 08:48 AM,07/21/2026 12:52 AM,07/22/2026 03:49 PM,Listed
BK-015824,Books,Outlet DC,07/09/2026 06:54 PM,07/11/2026 07:19 AM,07/13/2026 05:26 AM,Listed
BK-015825,Books,Store 07,07/28/2026 11:10 AM,07/30/2026 04:36 AM,07/30/2026 06:26 PM,Sent to E-Com
BK-015826,Books,Outlet DC,07/23/2026 12:06 AM,07/23/2026 03:19 PM,07/24/2026 07:51 AM,Listed
BK-015830,Books,Donation Center 02,07/29/2026 04:58 AM,07/30/2026 11:19 PM,08/01/2026 01:01 AM,Sent to E-Com
MD-015831,Media,Store 04,07/26/2026 02:28 AM,07/27/2026 01:29 PM,07/27/2026 08:50 PM,Listed
CL-015834,Clothing,Outlet DC,07/25/2026 02:52 AM,07/27/2026 09:53 AM,07/28/2026 08:28 AM,Sent to E-Com
KT-015839,Kitchen,Donation Center 02,07/25/2026 08:43 PM,07/26/2026 12:49 PM,07/26/2026 11:02 PM,Sent to E-Com
TY-015842,Toys,Store 04,07/29/2026 02:13 PM,07/30/2026 12:44 AM,07/31/2026 07:56 PM,Sent to E-Com
HM-015843,Home Decor,Store 04,07/11/2026 07:26 PM,07/11/2026 08:27 PM,07/12/2026 02:02 AM,Listed
CO-015858,Collectibles,Store 04,07/21/2026 01:38 PM,07/24/2026 01:25 AM,07/25/2026 08:36 PM,Sent to E-Com
TY-015884,Toys,Store 12,07/30/2026 04:26 PM,07/31/2026 11:35 PM,08/01/2026 10:53 PM,Sent to E-Com
JW-015889,Jewelry,Store 07,07/20/2026 11:03 AM,07/22/2026 10:08 AM,07/24/2026 05:25 AM,Listed
HM-015893,Home Decor,Donation Center 02,07/05/2026 04:48 PM,07/07/2026 01:36 AM,07/07/2026 08:13 PM,Listed
JW-015895,Jewelry,Store 07,07/28/2026 03:10 PM,07/29/2026 12:07 AM,07/29/2026 12:33 PM,Sent to E-Com
EL-015896,Electronics,Store 12,07/30/2026 03:37 PM,07/31/2026 02:18 PM,08/01/2026 09:20 AM,Sent to E-Com
BK-015899,Books,Outlet DC,07/30/2026 03:43 AM,08/01/2026 07:50 PM,08/01/2026 08:20 PM,Sent to E-Com
BK-015900,Books,Donation Center 02,07/01/2026 01:50 PM,07/03/2026 05:15 PM,07/05/2026 02:26 PM,Listed
MD-015901,Media,Store 07,07/26/2026 12:02 PM,07/26/2026 11:37 PM,07/27/2026 10:13 AM,Listed
EL-015903,Electronics,Outlet DC,07/15/2026 02:11 AM,07/17/2026 05:31 AM,07/17/2026 08:00 PM,Listed
MD-015904,Media,Donation Center 02,07/30/2026 06:41 AM,07/31/2026 05:17 AM,07/31/2026 04:21 PM,Sent to E-Com
BK-015906,Books,Store 04,07/05/2026 08:07 PM,07/06/2026 09:31 AM,07/07/2026 07:39 PM,Listed
BK-015908,Books,Store 12,07/02/2026 02:49 PM,07/03/2026 09:22 AM,07/05/2026 06:39 AM,Listed
EL-015909,Electronics,Store 12,07/31/2026 03:00 AM,07/31/2026 08:33 PM,08/01/2026 02:41 PM,Sent to E-Com
BK-015911,Books,Outlet DC,06/30/2026 12:27 AM,07/02/2026 11:57 AM,07/02/2026 12:56 PM,Listed
BK-015912,Books,Outlet DC,05/20/2026 11:43 AM,05/22/2026 02:46 PM,05/24/2026 12:02 PM,Listed
CO-015913,Collectibles,Store 12,07/23/2026 11:09 AM,07/26/2026 02:40 AM,07/27/2026 07:09 PM,Sent to E-Com
BK-015914,Books,Donation Center 02,07/22/2026 02:45 PM,07/24/2026 11:07 PM,07/26/2026 05:48 AM,Listed
BK-015916,Books,Store 04,06/28/2026 08:53 PM,06/29/2026 02:38 AM,06/29/2026 08:23 PM,Listed
BK-015917,Books,Store 04,06/10/2026 04:57 AM,06/11/2026 04:26 PM,06/11/2026 11:26 PM,Listed
BK-015918,Books,Store 07,05/24/2026 03:31 AM,05/26/2026 11:22 AM,05/27/2026 03:27 AM,Listed
BK-015919,Books,Store 04,03/25/2026 02:43 AM,03/25/2026 04:16 PM,03/27/2026 05:49 AM,Listed
BK-015920,Books,Store 04,06/05/2026 01:34 PM,06/06/2026 01:03 AM,06/06/2026 02:55 AM,Listed
BK-015923,Books,Outlet DC,05/09/2026 01:42 AM,05/10/2026 10:43 PM,05/11/2026 03:55 AM,Listed
BK-015924,Books,Store 04,07/27/2026 02:58 PM,07/29/2026 08:59 AM,07/31/2026 03:02 AM,Sent to E-Com
BK-015925,Books,Store 04,07/17/2026 01:42 PM,07/20/2026 11:39 AM,07/20/2026 03:28 PM,Listed
MD-015926,Media,Outlet DC,07/20/2026 02:36 AM,07/20/2026 08:11 AM,07/21/2026 12:32 PM,Listed
BK-015927,Books,Outlet DC,07/08/2026 10:33 PM,07/10/2026 04:38 PM,07/10/2026 07:27 PM,Listed
BK-015928,Books,Outlet DC,06/17/2026 12:47 PM,06/19/2026 04:52 AM,06/19/2026 06:15 PM,Listed
MD-015929,Media,Store 12,07/26/2026 06:59 PM,07/29/2026 04:14 AM,07/30/2026 11:58 PM,Sent to E-Com
CO-015930,Collectibles,Store 07,07/13/2026 12:00 PM,07/14/2026 01:54 AM,07/15/2026 09:27 PM,Listed
BK-015931,Books,Store 07,05/25/2026 12:27 AM,05/25/2026 01:10 PM,05/26/2026 09:59 AM,Listed
BK-015934,Books,Outlet DC,06/23/2026 01:46 AM,06/23/2026 08:04 AM,06/25/2026 02:25 AM,Listed
MD-015935,Media,Store 12,07/28/2026 04:25 PM,07/30/2026 09:17 PM,08/01/2026 01:06 AM,Sent to E-Com
BK-015936,Books,Store 12,07/02/2026 03:38 PM,07/02/2026 07:19 PM,07/03/2026 12:07 PM,Listed
MD-015937,Media,Store 07,07/06/2026 01:06 AM,07/07/2026 01:09 AM,07/07/2026 01:29 AM,Listed
BK-015939,Books,Donation Center 02,07/13/2026 08:48 PM,07/15/2026 06:50 PM,07/16/2026 01:50 AM,Listed
BK-015940,Books,Store 07,07/19/2026 01:08 PM,07/22/2026 07:15 AM,07/22/2026 08:18 PM,Listed
BK-015941,Books,Donation Center 02,07/13/2026 11:03 AM,07/13/2026 09:25 PM,07/14/2026 10:52 PM,Listed
BK-015942,Books,Store 04,07/12/2026 10:15 AM,07/12/2026 05:25 PM,07/12/2026 08:49 PM,Listed
TY-015943,Toys,Store 07,07/22/2026 05:23 AM,07/23/2026 10:47 PM,07/24/2026 09:38 PM,Listed
TY-015944,Toys,Store 04,07/29/2026 03:09 AM,08/01/2026 01:08 AM,08/01/2026 04:33 AM,Sent to E-Com
BK-015945,Books,Outlet DC,07/03/2026 09:27 PM,07/05/2026 03:26 PM,07/06/2026 04:25 AM,Listed
EL-015946,Electronics,Outlet DC,07/17/2026 09:53 PM,07/19/2026 03:59 PM,07/19/2026 11:20 PM,Sent to E-Com
BK-015947,Books,Store 04,07/15/2026 12:02 AM,07/16/2026 07:06 AM,07/17/2026 02:57 AM,Listed
SG-015950,Sporting Goods,Store 07,07/15/2026 06:41 AM,07/17/2026 09:53 PM,07/18/2026 04:28 AM,Listed
EL-015951,Electronics,Outlet DC,07/16/2026 02:32 PM,07/17/2026 09:10 PM,07/19/2026 12:47 PM,Listed
CL-015952,Clothing,Outlet DC,07/28/2026 07:50 AM,07/29/2026 11:10 AM,07/30/2026 06:56 AM,Listed
CL-015953,Clothing,Outlet DC,07/20/2026 12:01 PM,07/22/2026 11:35 PM,07/24/2026 06:48 AM,Sent to E-Com
CL-015954,Clothing,Donation Center 02,07/23/2026 10:12 PM,07/24/2026 08:41 PM,07/25/2026 11:54 AM,Listed
SG-015955,Sporting Goods,Store 12,07/25/2026 10:40 AM,07/25/2026 02:08 PM,07/27/2026 11:57 AM,Listed
SH-015956,Shoes,Store 12,07/24/2026 10:08 AM,07/25/2026 05:45 PM,07/25/2026 09:34 PM,Listed
CL-015957,Clothing,Store 04,07/20/2026 02:59 PM,07/23/2026 07:02 AM,07/24/2026 11:26 PM,Listed
EL-015958,Electronics,Outlet DC,07/11/2026 09:46 PM,07/13/2026 09:14 AM,07/15/2026 08:20 AM,Listed
CO-015961,Collectibles,Store 07,07/18/2026 05:23 PM,07/20/2026 02:08 PM,07/22/2026 01:14 AM,Listed
CL-015963,Clothing,Outlet DC,07/16/2026 12:16 PM,07/17/2026 05:49 AM,07/18/2026 12:47 PM,Listed
CL-015964,Clothing,Outlet DC,07/15/2026 12:07 AM,07/15/2026 11:54 AM,07/16/2026 03:04 AM,Listed
CL-015965,Clothing,Donation Center 02,07/28/2026 08:48 PM,07/30/2026 06:39 AM,08/01/2026 02:10 AM,Sent to E-Com
CO-015966,Collectibles,Store 07,07/08/2026 05:04 AM,07/09/2026 10:21 AM,07/09/2026 11:13 PM,Listed
CL-015967,Clothing,Outlet DC,07/27/2026 05:12 PM,07/30/2026 10:18 AM,07/30/2026 01:32 PM,Sent to E-Com
SH-015968,Shoes,Store 07,07/26/2026 02:08 AM,07/28/2026 03:37 AM,07/29/2026 08:52 PM,Sent to E-Com
CL-015970,Clothing,Store 12,07/16/2026 02:08 PM,07/17/2026 05:44 AM,07/18/2026 07:22 AM,Listed
EL-015971,Electronics,Donation Center 02,07/12/2026 02:37 PM,07/14/2026 09:51 AM,07/15/2026 02:40 PM,Listed
KT-015972,Kitchen,Store 07,07/11/2026 04:52 PM,07/11/2026 11:49 PM,07/12/2026 03:32 AM,Listed
CL-015973,Clothing,Store 04,05/20/2026 05:37 PM,05/21/2026 04:40 AM,05/21/2026 05:09 AM,Listed
HB-015974,Handbags,Store 04,07/30/2026 06:48 AM,07/30/2026 12:01 PM,08/01/2026 11:04 AM,Sent to E-Com
EL-015975,Electronics,Outlet DC,07/07/2026 08:28 PM,07/09/2026 09:03 PM,07/10/2026 07:08 AM,Listed
SH-015976,Shoes,Donation Center 02,07/19/2026 07:15 AM,07/20/2026 04:39 AM,07/20/2026 08:39 AM,Listed
FN-015978,Furniture,Store 12,07/10/2026 10:17 AM,07/12/2026 11:44 AM,07/13/2026 04:23 AM,Listed
HM-015980,Home Decor,Store 04,07/30/2026 03:01 PM,07/30/2026 06:35 PM,07/31/2026 09:00 AM,Sent to E-Com
CL-015981,Clothing,Donation Center 02,07/23/2026 10:15 PM,07/25/2026 08:43 AM,07/26/2026 01:20 PM,Sent to E-Com
FN-015982,Furniture,Donation Center 02,07/12/2026 06:12 PM,07/13/2026 04:03 AM,07/15/2026 01:53 AM,Sent to E-Com
MD-015984,Media,Store 12,07/27/2026 06:41 PM,07/29/2026 09:50 PM,07/30/2026 06:37 AM,Listed
BK-015987,Books,Outlet DC,07/10/2026 02:41 AM,07/10/2026 04:08 PM,07/11/2026 03:01 AM,Listed
BK-015988,Books,Store 07,07/24/2026 09:39 AM,07/27/2026 01:26 AM,07/28/2026 05:36 PM,Listed
BK-015989,Books,Outlet DC,07/13/2026 12:22 PM,07/15/2026 07:14 PM,07/17/2026 01:33 PM,Listed
JW-015993,Jewelry,Store 07,07/24/2026 07:38 AM,07/26/2026 06:44 PM,07/27/2026 06:32 AM,Sent to E-Com
JW-015998,Jewelry,Donation Center 02,07/27/2026 07:08 PM,07/30/2026 12:34 PM,07/31/2026 04:32 PM,Sent to E-Com
WT-016001,Watches,Outlet DC,07/24/2026 03:27 PM,07/27/2026 10:38 AM,07/28/2026 02:57 PM,Sent to E-Com
AR-016005,Art,Donation Center 02,07/29/2026 11:52 AM,07/31/2026 05:07 PM,08/01/2026 03:53 AM,Sent to E-Com
JW-016012,Jewelry,Store 07,07/27/2026 08:55 AM,07/27/2026 11:04 PM,07/29/2026 05:09 AM,Sent to E-Com
EL-016014,Electronics,Store 12,07/27/2026 10:12 AM,07/28/2026 10:10 PM,07/30/2026 09:00 PM,Sent to E-Com
HB-016017,Handbags,Store 07,07/25/2026 10:21 PM,07/27/2026 08:59 PM,07/29/2026 05:47 AM,Sent to E-Com
CL-016045,Clothing,Store 12,07/20/2026 06:32 PM,07/23/2026 11:05 AM,07/24/2026 05:26 AM,Listed
BK-016050,Books,Store 07,07/02/2026 04:33 PM,07/03/2026 11:43 PM,07/04/2026 05:05 PM,Listed
BK-016051,Books,Donation Center 02,07/22/2026 09:48 AM,07/24/2026 12:27 AM,07/25/2026 01:29 PM,Listed
BK-016052,Books,Store 12,07/09/2026 01:20 AM,07/11/2026 04:39 AM,07/12/2026 04:27 AM,Listed
BK-016053,Books,Store 12,06/24/2026 06:55 PM,06/24/2026 08:01 PM,06/26/2026 12:22 PM,Listed
MD-016056,Media,Store 04,07/16/2026 11:19 AM,07/19/2026 02:20 AM,07/20/2026 08:36 AM,Listed
BK-016059,Books,Donation Center 02,06/09/2026 07:54 AM,06/09/2026 09:15 AM,06/10/2026 08:27 PM,Listed
BK-016060,Books,Outlet DC,07/04/2026 11:01 PM,07/07/2026 01:08 PM,07/09/2026 06:31 AM,Listed
BK-016061,Books,Donation Center 02,07/15/2026 05:53 AM,07/15/2026 09:17 PM,07/16/2026 01:59 PM,Listed
BK-016062,Books,Store 04,07/30/2026 05:12 AM,07/30/2026 09:09 AM,08/01/2026 01:47 AM,Sent to E-Com
BK-016065,Books,Outlet DC,07/17/2026 12:06 AM,07/18/2026 08:34 AM,07/20/2026 02:21 AM,Listed
BK-016066,Books,Store 04,07/01/2026 06:44 AM,07/03/2026 12:42 AM,07/04/2026 11:07 AM,Listed
BK-016068,Books,Store 12,06/25/2026 04:10 PM,06/27/2026 01:12 PM,06/29/2026 12:33 AM,Listed
BK-016069,Books,Outlet DC,07/21/2026 09:15 PM,07/24/2026 06:25 PM,07/24/2026 10:35 PM,Sent to E-Com
BK-016070,Books,Store 12,07/10/2026 09:20 AM,07/10/2026 07:24 PM,07/12/2026 03:10 PM,Listed
BK-016071,Books,Store 04,05/22/2026 08:47 AM,05/23/2026 08:14 AM,05/25/2026 06:26 AM,Listed
BK-016072,Books,Store 07,05/30/2026 09:08 AM,05/30/2026 08:53 PM,06/01/2026 01:34 PM,Listed
BK-016073,Books,Outlet DC,07/01/2026 05:35 PM,07/03/2026 04:12 PM,07/03/2026 07:32 PM,Listed
BK-016074,Books,Store 07,07/08/2026 04:24 PM,07/08/2026 09:35 PM,07/10/2026 01:04 AM,Listed
BK-016075,Books,Donation Center 02,07/23/2026 06:42 AM,07/24/2026 02:32 AM,07/24/2026 10:29 PM,Listed
BK-016076,Books,Donation Center 02,07/23/2026 06:42 PM,07/25/2026 02:40 AM,07/26/2026 01:51 AM,Listed
BK-016077,Books,Store 07,05/16/2026 03:26 PM,05/18/2026 02:25 AM,05/19/2026 07:19 PM,Listed
BK-016078,Books,Store 04,06/27/2026 12:17 PM,06/28/2026 08:08 PM,06/29/2026 07:50 AM,Listed
BK-016079,Books,Store 12,07/18/2026 07:27 PM,07/21/2026 01:19 AM,07/22/2026 01:53 AM,Listed
EL-016080,Electronics,Outlet DC,07/17/2026 01:33 PM,07/19/2026 08:52 AM,07/21/2026 05:03 AM,Listed
BK-016081,Books,Donation Center 02,06/20/2026 05:33 PM,06/21/2026 11:04 AM,06/23/2026 08:35 AM,Listed
CO-016082,Collectibles,Outlet DC,07/28/2026 03:52 PM,07/31/2026 12:22 PM,07/31/2026 10:35 PM,Sent to E-Com
BK-016083,Books,Store 12,07/18/2026 05:33 PM,07/20/2026 06:27 AM,07/21/2026 06:22 PM,Listed
BK-016085,Books,Store 12,07/18/2026 07:17 AM,07/20/2026 06:28 PM,07/21/2026 01:31 PM,Listed
BK-016087,Books,Donation Center 02,06/11/2026 05:22 AM,06/13/2026 08:52 AM,06/14/2026 06:26 PM,Listed
MD-016088,Media,Outlet DC,07/25/2026 03:31 PM,07/27/2026 07:51 PM,07/28/2026 11:36 AM,Sent to E-Com
BK-016090,Books,Outlet DC,07/15/2026 04:51 PM,07/16/2026 09:22 AM,07/16/2026 02:51 PM,Listed
BK-016091,Books,Store 04,06/20/2026 08:52 PM,06/21/2026 12:05 PM,06/22/2026 07:20 AM,Listed
EL-016095,Electronics,Store 12,07/29/2026 05:34 AM,08/01/2026 05:09 AM,08/01/2026 07:22 AM,Sent to E-Com
CL-016096,Clothing,Store 04,07/04/2026 10:52 PM,07/07/2026 04:48 PM,07/07/2026 07:48 PM,Listed
CL-016097,Clothing,Store 12,07/17/2026 08:27 PM,07/20/2026 06:06 PM,07/21/2026 08:43 PM,Listed
CO-016098,Collectibles,Donation Center 02,07/18/2026 03:34 PM,07/20/2026 04:03 AM,07/20/2026 06:50 AM,Listed
CO-016099,Collectibles,Outlet DC,07/24/2026 07:58 AM,07/25/2026 02:04 AM,07/26/2026 02:48 AM,Listed
SH-016100,Shoes,Donation Center 02,07/12/2026 07:57 PM,07/13/2026 04:33 AM,07/14/2026 09:14 PM,Listed
EL-016101,Electronics,Donation Center 02,07/15/2026 02:33 AM,07/16/2026 08:00 PM,07/17/2026 12:02 AM,Listed
SH-016102,Shoes,Donation Center 02,07/08/2026 07:43 PM,07/08/2026 11:41 PM,07/09/2026 02:32 AM,Listed
EL-016104,Electronics,Outlet DC,07/27/2026 12:15 AM,07/27/2026 01:02 AM,07/27/2026 06:02 AM,Listed
EL-016107,Electronics,Store 12,07/20/2026 01:05 PM,07/20/2026 04:37 PM,07/21/2026 01:35 PM,Listed
CO-016110,Collectibles,Store 07,07/29/2026 12:30 PM,07/31/2026 03:58 AM,08/01/2026 08:05 AM,Sent to E-Com
SH-016111,Shoes,Store 07,07/13/2026 03:23 PM,07/14/2026 01:01 AM,07/15/2026 08:40 PM,Listed
EL-016112,Electronics,Store 04,07/15/2026 11:57 PM,07/18/2026 09:30 AM,07/18/2026 05:28 PM,Listed
CO-016113,Collectibles,Donation Center 02,07/29/2026 06:56 AM,07/29/2026 09:50 AM,07/31/2026 12:07 AM,Sent to E-Com
KT-016114,Kitchen,Store 07,07/21/2026 05:02 AM,07/22/2026 09:24 AM,07/23/2026 12:22 PM,Listed
SH-016115,Shoes,Store 07,07/27/2026 07:52 AM,07/28/2026 07:18 PM,07/29/2026 02:05 AM,Listed
SG-016116,Sporting Goods,Outlet DC,07/26/2026 10:31 PM,07/29/2026 01:04 PM,07/30/2026 05:18 AM,Sent to E-Com
CL-016117,Clothing,Store 12,07/17/2026 08:52 AM,07/17/2026 07:53 PM,07/18/2026 03:52 PM,Listed
KT-016118,Kitchen,Store 12,06/01/2026 07:06 PM,06/04/2026 12:48 PM,06/05/2026 01:51 PM,Listed
BK-016119,Books,Outlet DC,07/29/2026 05:54 AM,07/30/2026 12:15 AM,07/31/2026 04:56 PM,Sent to E-Com
BK-016123,Books,Store 07,07/24/2026 02:29 AM,07/24/2026 09:59 AM,07/25/2026 02:53 AM,Listed
BK-016124,Books,Store 07,07/29/2026 09:31 AM,07/31/2026 04:06 PM,08/01/2026 12:23 PM,Sent to E-Com
BK-016127,Books,Store 04,07/14/2026 11:39 PM,07/17/2026 05:33 PM,07/19/2026 05:11 AM,Sent to E-Com
AR-016132,Art,Outlet DC,07/25/2026 07:31 PM,07/28/2026 09:05 AM,07/29/2026 08:39 AM,Sent to E-Com
CO-016143,Collectibles,Store 12,07/19/2026 11:10 PM,07/21/2026 06:40 AM,07/23/2026 12:08 AM,Sent to E-Com
SG-016147,Sporting Goods,Store 07,07/23/2026 10:14 PM,07/24/2026 12:22 PM,07/26/2026 06:48 AM,Sent to E-Com
KT-016153,Kitchen,Store 04,07/29/2026 03:45 AM,07/30/2026 12:25 AM,07/30/2026 05:58 AM,Sent to E-Com
CO-016154,Collectibles,Outlet DC,07/27/2026 08:14 AM,07/29/2026 09:02 PM,07/31/2026 01:47 PM,Sent to E-Com
CO-016157,Collectibles,Donation Center 02,07/30/2026 01:49 AM,07/30/2026 09:03 PM,07/31/2026 05:36 PM,Sent to E-Com
HB-016160,Handbags,Store 07,07/21/2026 12:56 AM,07/21/2026 07:40 AM,07/23/2026 02:28 AM,Listed
CO-016164,Collectibles,Outlet DC,07/24/2026 09:30 PM,07/27/2026 07:43 PM,07/28/2026 06:57 PM,Sent to E-Com
CL-016169,Clothing,Store 07,07/28/2026 09:46 AM,07/30/2026 06:51 AM,08/01/2026 06:01 AM,Sent to E-Com
HB-016172,Handbags,Store 04,07/24/2026 01:10 PM,07/27/2026 06:56 AM,07/27/2026 10:45 AM,Listed
BK-016189,Books,Donation Center 02,07/19/2026 01:45 AM,07/19/2026 05:33 PM,07/19/2026 08:05 PM,Listed
BK-016190,Books,Store 12,06/24/2026 08:00 AM,06/25/2026 08:32 PM,06/25/2026 10:10 PM,Listed
BK-016191,Books,Store 07,06/16/2026 01:43 PM,06/18/2026 06:35 PM,06/19/2026 08:40 PM,Listed
BK-016192,Books,Outlet DC,04/14/2026 02:51 AM,04/16/2026 02:33 PM,04/17/2026 11:36 PM,Listed
BK-016193,Books,Donation Center 02,06/24/2026 12:08 AM,06/25/2026 06:04 AM,06/27/2026 04:21 AM,Listed
MD-016194,Media,Store 07,07/30/2026 07:52 PM,07/31/2026 07:52 AM,08/01/2026 09:50 PM,Sent to E-Com
BK-016195,Books,Store 07,07/09/2026 05:09 AM,07/10/2026 02:53 PM,07/11/2026 04:06 AM,Listed
MD-016196,Media,Outlet DC,06/30/2026 08:21 PM,07/01/2026 03:59 AM,07/01/2026 09:03 PM,Listed
BK-016197,Books,Outlet DC,07/14/2026 02:28 AM,07/16/2026 12:36 AM,07/17/2026 10:56 PM,Listed
BK-016198,Books,Donation Center 02,07/23/2026 11:12 PM,07/26/2026 06:46 AM,07/26/2026 07:39 PM,Listed
BK-016200,Books,Donation Center 02,06/16/2026 08:21 PM,06/17/2026 01:50 AM,06/18/2026 06:36 PM,Listed
BK-016202,Books,Store 07,07/08/2026 10:43 AM,07/11/2026 12:21 AM,07/12/2026 08:34 PM,Listed
BK-016203,Books,Store 04,05/26/2026 02:39 PM,05/29/2026 03:54 AM,05/29/2026 03:04 PM,Listed
BK-016204,Books,Store 04,06/24/2026 11:23 AM,06/26/2026 12:04 AM,06/27/2026 05:09 PM,Listed
BK-016207,Books,Outlet DC,06/22/2026 04:04 PM,06/24/2026 12:41 PM,06/26/2026 08:25 AM,Listed
CO-016208,Collectibles,Donation Center 02,06/22/2026 12:41 PM,06/24/2026 11:54 AM,06/25/2026 08:46 PM,Listed
BK-016209,Books,Store 12,06/14/2026 10:28 AM,06/15/2026 01:13 PM,06/16/2026 09:15 PM,Listed
BK-016210,Books,Outlet DC,07/27/2026 11:27 PM,07/30/2026 04:09 PM,08/01/2026 02:20 AM,Sent to E-Com
BK-016211,Books,Outlet DC,07/21/2026 01:27 AM,07/21/2026 02:11 PM,07/22/2026 05:09 AM,Listed
MD-016212,Media,Donation Center 02,07/29/2026 07:47 AM,07/30/2026 11:08 AM,07/30/2026 05:06 PM,Sent to E-Com
BK-016213,Books,Donation Center 02,07/10/2026 06:27 PM,07/12/2026 08:47 AM,07/13/2026 06:37 AM,Listed
MD-016214,Media,Store 12,07/30/2026 09:25 PM,07/31/2026 08:07 PM,08/01/2026 07:33 AM,Sent to E-Com
BK-016215,Books,Donation Center 02,07/12/2026 10:49 PM,07/14/2026 09:59 PM,07/15/2026 11:40 AM,Listed
MD-016216,Media,Donation Center 02,07/24/2026 08:40 PM,07/25/2026 10:44 PM,07/27/2026 09:10 AM,Listed
BK-016217,Books,Outlet DC,07/06/2026 05:49 AM,07/09/2026 05:28 AM,07/10/2026 04:40 AM,Listed
BK-016218,Books,Donation Center 02,06/16/2026 03:24 PM,06/17/2026 04:21 PM,06/18/2026 12:15 AM,Listed
BK-016219,Books,Outlet DC,05/17/2026 05:37 AM,05/17/2026 01:54 PM,05/18/2026 04:22 AM,Listed
CO-016221,Collectibles,Store 04,07/21/2026 09:10 AM,07/24/2026 07:20 AM,07/25/2026 10:36 AM,Listed
SH-016222,Shoes,Outlet DC,07/15/2026 02:25 AM,07/17/2026 04:00 AM,07/17/2026 02:01 PM,Listed
HB-016223,Handbags,Store 04,07/13/2026 09:10 AM,07/15/2026 02:17 PM,07/16/2026 03:03 PM,Listed
CL-016228,Clothing,Donation Center 02,07/12/2026 08:11 PM,07/13/2026 07:33 AM,07/14/2026 10:08 PM,Listed
HB-016229,Handbags,Store 12,06/27/2026 01:10 AM,06/29/2026 09:30 AM,06/30/2026 08:32 PM,Listed
HB-016230,Handbags,Store 04,07/25/2026 01:12 PM,07/27/2026 04:46 PM,07/29/2026 09:38 AM,Sent to E-Com
CL-016231,Clothing,Donation Center 02,07/12/2026 11:03 AM,07/13/2026 08:42 AM,07/13/2026 02:38 PM,Listed
CL-016232,Clothing,Donation Center 02,07/25/2026 05:23 AM,07/27/2026 05:16 AM,07/28/2026 04:16 PM,Listed
CL-016233,Clothing,Donation Center 02,06/11/2026 08:38 PM,06/13/2026 03:41 PM,06/14/2026 07:11 PM,Listed
KT-016234,Kitchen,Store 12,07/24/2026 12:38 PM,07/26/2026 11:11 PM,07/28/2026 04:31 AM,Listed
SH-016235,Shoes,Store 12,07/16/2026 02:23 PM,07/18/2026 04:21 PM,07/18/2026 08:46 PM,Listed
SG-016236,Sporting Goods,Store 07,07/19/2026 04:54 PM,07/21/2026 10:28 PM,07/23/2026 10:04 AM,Listed
EL-016237,Electronics,Donation Center 02,07/25/2026 04:38 AM,07/27/2026 05:05 AM,07/28/2026 04:22 AM,Sent to E-Com
CO-016238,Collectibles,Store 07,07/17/2026 01:27 AM,07/19/2026 01:31 AM,07/20/2026 06:28 AM,Listed
CL-016239,Clothing,Donation Center 02,07/21/2026 03:13 AM,07/21/2026 05:09 PM,07/22/2026 05:33 PM,Listed
FN-016243,Furniture,Store 07,07/25/2026 12:58 AM,07/25/2026 05:50 AM,07/25/2026 03:30 PM,Sent to E-Com
HM-016247,Home Decor,Store 04,07/13/2026 03:43 PM,07/16/2026 01:44 PM,07/18/2026 10:02 AM,Listed
HM-016248,Home Decor,Store 12,07/29/2026 08:09 AM,07/29/2026 05:08 PM,07/31/2026 11:55 AM,Sent to E-Com
BK-016251,Books,Outlet DC,07/27/2026 04:02 PM,07/30/2026 01:29 PM,07/31/2026 09:04 PM,Sent to E-Com
BK-016253,Books,Donation Center 02,07/23/2026 06:02 AM,07/24/2026 01:00 AM,07/25/2026 03:44 PM,Listed
BK-016255,Books,Donation Center 02,07/29/2026 09:11 AM,07/30/2026 01:47 PM,08/01/2026 10:06 AM,Sent to E-Com
BK-016257,Books,Store 12,07/28/2026 03:21 AM,07/30/2026 04:32 AM,07/31/2026 06:13 AM,Sent to E-Com
BK-016258,Books,Store 07,07/28/2026 08:23 AM,07/30/2026 03:03 PM,08/01/2026 03:03 AM,Sent to E-Com
BK-016259,Books,Donation Center 02,07/28/2026 10:15 PM,07/31/2026 06:36 PM,08/01/2026 05:48 PM,Sent to E-Com
EL-016260,Electronics,Store 07,07/28/2026 08:26 AM,07/28/2026 03:59 PM,07/29/2026 03:31 AM,Sent to E-Com
CO-016278,Collectibles,Donation Center 02,07/27/2026 08:37 PM,07/28/2026 05:00 PM,07/30/2026 08:08 AM,Sent to E-Com
EL-016285,Electronics,Store 07,07/28/2026 06:34 AM,07/30/2026 03:11 PM,07/31/2026 08:12 PM,Sent to E-Com
EL-016293,Electronics,Store 07,07/26/2026 07:37 AM,07/28/2026 08:59 AM,07/28/2026 12:44 PM,Listed
HM-016304,Home Decor,Outlet DC,07/26/2026 10:52 AM,07/27/2026 11:53 AM,07/28/2026 08:51 AM,Sent to E-Com
CL-016322,Clothing,Outlet DC,07/30/2026 11:00 AM,07/31/2026 09:50 PM,08/01/2026 06:37 AM,Sent to E-Com
BK-016323,Books,Store 04,07/04/2026 05:46 AM,07/06/2026 10:24 AM,07/08/2026 06:25 AM,Listed
BK-016328,Books,Store 07,07/19/2026 10:07 PM,07/22/2026 11:40 AM,07/23/2026 11:12 PM,Listed
BK-016330,Books,Store 12,07/07/2026 08:34 AM,07/10/2026 03:25 AM,07/10/2026 07:27 AM,Listed
BK-016331,Books,Donation Center 02,07/25/2026 11:04 PM,07/27/2026 10:34 AM,07/28/2026 03:53 AM,Listed
TY-016332,Toys,Outlet DC,07/12/2026 06:39 AM,07/13/2026 06:12 AM,07/15/2026 03:37 AM,Listed
BK-016333,Books,Store 12,07/10/2026 12:32 AM,07/11/2026 06:43 PM,07/12/2026 09:12 PM,Listed
BK-016334,Books,Donation Center 02,06/05/2026 12:01 AM,06/05/2026 11:26 PM,06/07/2026 08:59 AM,Listed
MD-016335,Media,Donation Center 02,07/29/2026 09:18 AM,07/30/2026 05:07 AM,07/30/2026 03:01 PM,Sent to E-Com
BK-016338,Books,Donation Center 02,06/21/2026 12:29 PM,06/23/2026 02:23 PM,06/24/2026 09:36 PM,Listed
MD-016340,Media,Donation Center 02,07/15/2026 06:31 AM,07/15/2026 09:49 PM,07/16/2026 05:52 PM,Listed
EL-016341,Electronics,Outlet DC,07/15/2026 05:32 PM,07/16/2026 10:59 PM,07/18/2026 11:09 AM,Sent to E-Com
BK-016342,Books,Donation Center 02,07/16/2026 04:00 AM,07/17/2026 09:45 PM,07/19/2026 04:25 AM,Listed
TY-016344,Toys,Donation Center 02,07/25/2026 10:16 AM,07/27/2026 06:34 PM,07/28/2026 06:31 PM,Listed
BK-016345,Books,Store 07,07/10/2026 11:58 AM,07/12/2026 04:55 PM,07/13/2026 01:29 PM,Listed
BK-016347,Books,Outlet DC,07/08/2026 08:42 AM,07/08/2026 05:23 PM,07/10/2026 08:22 AM,Listed
MD-016349,Media,Store 07,07/28/2026 10:29 AM,07/30/2026 06:16 PM,07/31/2026 11:27 AM,Sent to E-Com
MD-016350,Media,Store 04,07/17/2026 06:03 PM,07/18/2026 11:37 AM,07/19/2026 06:48 AM,Sent to E-Com
BK-016353,Books,Store 12,05/29/2026 03:53 AM,06/01/2026 02:19 AM,06/01/2026 05:45 PM,Listed
BK-016354,Books,Store 04,05/14/2026 09:00 AM,05/14/2026 02:53 PM,05/16/2026 10:34 AM,Listed
BK-016355,Books,Store 12,07/15/2026 12:27 PM,07/16/2026 02:03 PM,07/18/2026 11:22 AM,Listed
MD-016357,Media,Store 07,07/21/2026 08:46 PM,07/22/2026 12:17 AM,07/22/2026 10:55 PM,Sent to E-Com
BK-016358,Books,Store 04,06/19/2026 11:35 AM,06/19/2026 05:42 PM,06/19/2026 11:13 PM,Listed
BK-016360,Books,Store 12,07/07/2026 11:17 AM,07/07/2026 06:17 PM,07/08/2026 06:33 AM,Listed
BK-016363,Books,Outlet DC,05/20/2026 08:18 PM,05/23/2026 02:35 AM,05/24/2026 01:24 PM,Listed
BK-016366,Books,Donation Center 02,07/14/2026 08:05 PM,07/16/2026 05:58 AM,07/17/2026 12:38 PM,Listed
BK-016367,Books,Store 12,07/20/2026 12:31 PM,07/22/2026 02:57 AM,07/23/2026 01:54 AM,Listed
BK-016371,Books,Store 04,06/30/2026 07:24 AM,07/01/2026 06:04 PM,07/03/2026 12:24 AM,Listed
MD-016373,Media,Store 07,07/29/2026 08:31 PM,08/01/2026 12:14 AM,08/01/2026 11:43 PM,Sent to E-Com
BK-016374,Books,Store 04,06/11/2026 07:48 AM,06/14/2026 05:10 AM,06/15/2026 06:53 PM,Listed
BK-016375,Books,Outlet DC,07/14/2026 04:01 PM,07/15/2026 06:02 AM,07/15/2026 11:38 AM,Listed
MD-016376,Media,Store 07,07/17/2026 12:26 PM,07/20/2026 11:42 AM,07/21/2026 10:10 AM,Listed
BK-016377,Books,Store 07,06/08/2026 12:23 AM,06/09/2026 12:40 PM,06/10/2026 01:13 AM,Listed
BK-016378,Books,Outlet DC,06/28/2026 03:35 AM,06/30/2026 04:18 PM,07/02/2026 03:08 AM,Listed
BK-016379,Books,Store 12,07/24/2026 07:13 PM,07/25/2026 11:45 AM,07/27/2026 01:11 AM,Listed
BK-016380,Books,Outlet DC,07/20/2026 06:56 PM,07/21/2026 08:09 AM,07/21/2026 09:45 AM,Listed
BK-016382,Books,Store 12,05/18/2026 07:09 PM,05/20/2026 10:39 AM,05/21/2026 06:59 AM,Listed
HB-016383,Handbags,Store 07,07/25/2026 06:45 AM,07/26/2026 11:15 PM,07/27/2026 01:12 AM,Listed
CL-016385,Clothing,Outlet DC,07/29/2026 07:58 PM,07/30/2026 06:42 PM,07/31/2026 02:58 PM,Sent to E-Com
CO-016386,Collectibles,Donation Center 02,07/27/2026 06:37 PM,07/30/2026 02:44 PM,07/30/2026 08:26 PM,Sent to E-Com
CL-016387,Clothing,Donation Center 02,07/16/2026 08:47 AM,07/16/2026 10:12 PM,07/16/2026 11:57 PM,Listed
HB-016389,Handbags,Store 04,07/26/2026 03:52 AM,07/26/2026 06:07 AM,07/26/2026 08:27 AM,Sent to E-Com
HB-016390,Handbags,Store 04,07/17/2026 07:42 AM,07/20/2026 07:23 AM,07/21/2026 06:04 PM,Listed
KT-016391,Kitchen,Store 07,07/27/2026 09:33 PM,07/30/2026 05:12 AM,07/30/2026 10:39 PM,Sent to E-Com
EL-016392,Electronics,Donation Center 02,07/16/2026 07:59 AM,07/17/2026 10:15 PM,07/18/2026 02:11 AM,Listed
SG-016393,Sporting Goods,Donation Center 02,07/28/2026 04:32 AM,07/29/2026 06:23 PM,07/30/2026 05:25 PM,Listed
SH-016395,Shoes,Store 07,06/29/2026 11:05 AM,06/30/2026 05:51 AM,06/30/2026 11:13 AM,Listed
EL-016398,Electronics,Donation Center 02,07/09/2026 06:37 AM,07/10/2026 07:21 PM,07/10/2026 11:39 PM,Listed
CL-016400,Clothing,Outlet DC,07/25/2026 05:52 PM,07/28/2026 09:37 AM,07/28/2026 03:45 PM,Sent to E-Com
SG-016402,Sporting Goods,Donation Center 02,07/13/2026 11:39 PM,07/14/2026 09:08 PM,07/15/2026 12:34 AM,Listed
SH-016403,Shoes,Donation Center 02,07/21/2026 10:07 AM,07/23/2026 07:45 PM,07/25/2026 01:44 PM,Listed
KT-016405,Kitchen,Store 07,07/09/2026 02:37 PM,07/10/2026 11:17 AM,07/10/2026 10:37 PM,Listed
CL-016406,Clothing,Outlet DC,07/26/2026 03:41 AM,07/27/2026 01:55 PM,07/28/2026 02:51 PM,Listed
SG-016407,Sporting Goods,Store 07,07/19/2026 03:17 AM,07/20/2026 11:41 PM,07/21/2026 01:43 AM,Listed
CL-016409,Clothing,Store 12,07/10/2026 04:12 AM,07/12/2026 12:27 AM,07/12/2026 01:24 AM,Listed
HM-016410,Home Decor,Donation Center 02,07/22/2026 02:46 PM,07/22/2026 04:18 PM,07/24/2026 12:08 PM,Sent to E-Com
SH-016415,Shoes,Store 07,07/27/2026 10:12 PM,07/29/2026 06:18 PM,07/30/2026 02:14 AM,Sent to E-Com
FN-016416,Furniture,Store 12,07/14/2026 02:14 AM,07/16/2026 10:15 AM,07/17/2026 12:54 AM,Listed
FN-016418,Furniture,Store 04,07/28/2026 04:52 AM,07/29/2026 07:01 PM,07/30/2026 10:07 AM,Listed
BK-016421,Books,Store 04,07/07/2026 01:11 PM,07/08/2026 11:58 PM,07/10/2026 04:48 AM,Listed
BK-016422,Books,Donation Center 02,07/30/2026 01:27 AM,08/01/2026 12:53 AM,08/01/2026 02:35 PM,Sent to E-Com
BK-016427,Books,Store 04,06/21/2026 09:51 AM,06/22/2026 02:28 AM,06/22/2026 03:34 AM,Listed
BK-016428,Books,Store 12,07/25/2026 10:42 AM,07/27/2026 02:05 AM,07/27/2026 10:42 AM,Sent to E-Com
BK-016433,Books,Store 07,07/27/2026 07:31 PM,07/30/2026 03:35 PM,07/30/2026 06:18 PM,Listed
BK-016434,Books,Donation Center 02,07/14/2026 10:07 AM,07/15/2026 11:32 AM,07/16/2026 06:22 PM,Listed
CO-016435,Collectibles,Outlet DC,07/17/2026 03:59 PM,07/19/2026 05:11 PM,07/21/2026 02:59 AM,Sent to E-Com
HM-016436,Home Decor,Store 12,07/31/2026 07:27 AM,07/31/2026 05:42 PM,08/01/2026 11:30 PM,Sent to E-Com
CO-016443,Collectibles,Store 12,07/10/2026 01:49 AM,07/11/2026 09:51 PM,07/13/2026 06:32 AM,Listed
CO-016454,Collectibles,Store 07,07/27/2026 01:09 AM,07/27/2026 01:12 PM,07/28/2026 05:42 PM,Listed
TY-016460,Toys,Donation Center 02,07/30/2026 06:29 AM,07/30/2026 07:33 PM,08/01/2026 05:22 PM,Sent to E-Com
HM-016462,Home Decor,Store 04,07/04/2026 04:16 PM,07/06/2026 01:05 AM,07/06/2026 08:20 AM,Listed
CO-016463,Collectibles,Store 12,07/13/2026 02:42 PM,07/15/2026 10:26 AM,07/16/2026 03:18 PM,Listed
CL-016466,Clothing,Store 04,07/30/2026 11:26 AM,07/31/2026 01:34 PM,08/01/2026 07:47 AM,Sent to E-Com
CO-016468,Collectibles,Store 07,07/28/2026 03:03 PM,07/30/2026 07:17 AM,07/31/2026 12:04 PM,Sent to E-Com
HB-016471,Handbags,Donation Center 02,07/27/2026 09:00 PM,07/30/2026 04:25 PM,08/01/2026 01:24 AM,Sent to E-Com
BK-016496,Books,Donation Center 02,07/23/2026 11:56 PM,07/24/2026 08:33 AM,07/24/2026 10:08 PM,Listed
MD-016497,Media,Store 07,07/10/2026 09:25 PM,07/13/2026 09:01 PM,07/14/2026 11:25 PM,Listed
BK-016498,Books,Store 12,07/10/2026 12:09 PM,07/10/2026 07:02 PM,07/12/2026 02:49 PM,Listed
BK-016499,Books,Store 04,07/20/2026 08:26 PM,07/22/2026 05:55 AM,07/23/2026 05:57 PM,Listed
MD-016500,Media,Store 12,07/23/2026 12:54 AM,07/25/2026 04:45 PM,07/26/2026 04:11 AM,Sent to E-Com
BK-016501,Books,Donation Center 02,07/24/2026 05:18 AM,07/26/2026 06:50 AM,07/27/2026 04:59 AM,Listed
BK-016502,Books,Store 12,06/16/2026 07:08 PM,06/17/2026 08:29 AM,06/18/2026 10:49 AM,Listed
BK-016503,Books,Store 12,07/02/2026 09:03 AM,07/02/2026 11:26 PM,07/04/2026 09:08 AM,Listed
BK-016504,Books,Store 12,07/16/2026 03:34 PM,07/16/2026 03:42 PM,07/18/2026 06:50 AM,Listed
MD-016505,Media,Donation Center 02,07/26/2026 11:23 PM,07/28/2026 09:45 AM,07/30/2026 04:28 AM,Listed
BK-016507,Books,Outlet DC,07/13/2026 03:00 AM,07/13/2026 09:39 AM,07/13/2026 10:04 AM,Listed
BK-016509,Books,Donation Center 02,07/09/2026 03:13 PM,07/11/2026 11:19 PM,07/12/2026 05:33 PM,Listed
BK-016511,Books,Outlet DC,06/12/2026 04:26 PM,06/12/2026 11:34 PM,06/14/2026 08:01 AM,Listed
BK-016512,Books,Store 12,07/24/2026 02:47 AM,07/26/2026 11:08 AM,07/27/2026 12:33 AM,Listed
BK-016513,Books,Store 04,06/21/2026 02:08 AM,06/22/2026 04:46 AM,06/23/2026 04:34 PM,Listed
MD-016514,Media,Outlet DC,07/26/2026 10:43 AM,07/27/2026 09:16 AM,07/27/2026 01:56 PM,Listed
BK-016516,Books,Donation Center 02,07/07/2026 08:02 AM,07/07/2026 01:02 PM,07/07/2026 01:43 PM,Listed
BK-016517,Books,Outlet DC,06/27/2026 11:05 PM,06/29/2026 11:38 PM,07/01/2026 12:13 PM,Listed
BK-016518,Books,Store 07,07/13/2026 12:14 PM,07/15/2026 01:07 AM,07/15/2026 11:05 AM,Listed
BK-016519,Books,Store 07,07/18/2026 12:36 AM,07/19/2026 11:30 PM,07/20/2026 01:42 PM,Listed
BK-016520,Books,Donation Center 02,06/27/2026 09:28 AM,06/27/2026 11:50 AM,06/28/2026 05:38 PM,Listed
BK-016521,Books,Donation Center 02,07/19/2026 06:09 AM,07/20/2026 01:41 AM,07/22/2026 12:23 AM,Listed
MD-016522,Media,Store 12,07/31/2026 08:03 AM,07/31/2026 03:35 PM,08/01/2026 06:07 PM,Sent to E-Com
BK-016523,Books,Store 07,06/18/2026 04:33 AM,06/19/2026 08:47 PM,06/20/2026 01:30 AM,Listed
BK-016526,Books,Store 07,07/20/2026 10:55 PM,07/21/2026 05:40 AM,07/22/2026 09:57 PM,Listed
MD-016527,Media,Donation Center 02,07/01/2026 01:25 AM,07/02/2026 01:14 AM,07/03/2026 06:37 PM,Listed
BK-016529,Books,Store 04,06/22/2026 04:05 PM,06/23/2026 11:15 PM,06/25/2026 11:49 AM,Listed
BK-016533,Books,Store 04,05/25/2026 09:17 PM,05/27/2026 04:43 PM,05/29/2026 02:16 PM,Listed
BK-016534,Books,Store 12,06/25/2026 04:59 PM,06/28/2026 11:11 AM,06/29/2026 11:32 PM,Listed
BK-016536,Books,Outlet DC,07/24/2026 01:00 PM,07/26/2026 01:58 AM,07/27/2026 03:01 PM,Sent to E-Com
BK-016537,Books,Store 04,07/02/2026 08:21 AM,07/03/2026 04:34 PM,07/04/2026 09:46 AM,Listed
TY-016538,Toys,Outlet DC,06/16/2026 04:08 PM,06/19/2026 08:27 AM,06/19/2026 04:34 PM,Listed
BK-016539,Books,Outlet DC,07/15/2026 07:59 AM,07/16/2026 01:30 AM,07/17/2026 12:37 PM,Listed
BK-016540,Books,Outlet DC,07/19/2026 05:13 PM,07/21/2026 06:48 AM,07/21/2026 05:03 PM,Listed
BK-016541,Books,Store 12,07/25/2026 07:50 PM,07/26/2026 08:18 PM,07/28/2026 03:16 AM,Listed
BK-016542,Books,Outlet DC,07/20/2026 11:54 PM,07/23/2026 12:04 PM,07/24/2026 11:10 PM,Sent to E-Com
MD-016543,Media,Store 12,07/25/2026 09:10 AM,07/27/2026 08:49 AM,07/27/2026 11:23 AM,Sent to E-Com
BK-016545,Books,Donation Center 02,07/05/2026 06:29 AM,07/07/2026 10:15 PM,07/08/2026 12:27 AM,Listed
BK-016546,Books,Store 12,07/08/2026 10:44 AM,07/08/2026 11:24 AM,07/09/2026 10:18 AM,Listed
BK-016548,Books,Store 12,07/29/2026 10:14 AM,08/01/2026 10:01 AM,08/01/2026 04:48 PM,Sent to E-Com
BK-016549,Books,Store 07,07/04/2026 07:35 AM,07/04/2026 08:05 AM,07/04/2026 09:25 AM,Listed
SH-016551,Shoes,Outlet DC,07/17/2026 02:05 PM,07/19/2026 02:29 AM,07/20/2026 11:58 AM,Listed
SH-016553,Shoes,Store 04,07/28/2026 05:11 AM,07/30/2026 12:10 PM,07/31/2026 03:31 AM,Sent to E-Com
SH-016554,Shoes,Outlet DC,07/17/2026 11:42 AM,07/19/2026 10:15 PM,07/20/2026 11:06 AM,Listed
SH-016555,Shoes,Store 04,07/25/2026 04:45 AM,07/26/2026 03:49 AM,07/26/2026 02:50 PM,Sent to E-Com
SG-016558,Sporting Goods,Outlet DC,07/14/2026 05:52 PM,07/17/2026 05:08 AM,07/18/2026 12:53 PM,Listed
CO-016559,Collectibles,Store 07,07/07/2026 03:54 AM,07/07/2026 09:10 PM,07/08/2026 05:50 AM,Listed
SH-016562,Shoes,Store 04,07/04/2026 01:28 AM,07/05/2026 04:36 AM,07/06/2026 09:52 AM,Listed
CL-016564,Clothing,Store 12,06/12/2026 07:22 AM,06/14/2026 12:07 PM,06/15/2026 09:43 AM,Listed
SH-016565,Shoes,Store 07,07/12/2026 07:09 PM,07/14/2026 05:09 PM,07/15/2026 10:22 AM,Listed
SH-016566,Shoes,Store 04,06/06/2026 04:38 PM,06/08/2026 04:19 AM,06/09/2026 05:35 AM,Listed
KT-016568,Kitchen,Outlet DC,07/25/2026 11:49 AM,07/27/2026 09:14 PM,07/28/2026 10:36 AM,Sent to E-Com
EL-016569,Electronics,Donation Center 02,07/28/2026 02:56 PM,07/30/2026 04:34 PM,08/01/2026 01:56 AM,Sent to E-Com
SH-016570,Shoes,Donation Center 02,07/23/2026 05:43 PM,07/24/2026 06:51 AM,07/25/2026 06:01 AM,Listed
EL-016572,Electronics,Outlet DC,07/04/2026 12:33 PM,07/06/2026 02:58 PM,07/08/2026 12:07 AM,Listed
CL-016573,Clothing,Donation Center 02,07/27/2026 02:55 PM,07/29/2026 03:00 PM,07/31/2026 07:20 AM,Sent to E-Com
CL-016575,Clothing,Store 04,05/19/2026 03:39 PM,05/20/2026 06:46 AM,05/20/2026 11:03 AM,Listed
EL-016576,Electronics,Store 07,07/28/2026 05:22 PM,07/30/2026 11:17 AM,07/31/2026 02:33 AM,Sent to E-Com
CO-016577,Collectibles,Outlet DC,07/12/2026 10:00 AM,07/12/2026 10:09 PM,07/14/2026 02:58 PM,Listed
CL-016578,Clothing,Store 04,05/30/2026 08:13 PM,06/01/2026 11:29 PM,06/03/2026 03:01 AM,Listed
EL-016579,Electronics,Donation Center 02,06/21/2026 04:29 AM,06/22/2026 03:53 PM,06/23/2026 12:18 AM,Listed
SG-016580,Sporting Goods,Outlet DC,07/06/2026 04:38 AM,07/08/2026 05:41 PM,07/08/2026 06:48 PM,Listed
CL-016581,Clothing,Store 07,07/12/2026 02:19 PM,07/14/2026 06:34 AM,07/15/2026 04:42 AM,Sent to E-Com
FN-016582,Furniture,Outlet DC,07/23/2026 06:44 AM,07/24/2026 05:40 AM,07/24/2026 07:46 PM,Listed
HM-016583,Home Decor,Store 07,06/28/2026 08:32 PM,06/30/2026 11:52 PM,07/02/2026 01:45 PM,Listed
CL-016584,Clothing,Store 04,07/28/2026 11:13 PM,07/30/2026 05:50 PM,07/31/2026 03:31 PM,Sent to E-Com
CL-016585,Clothing,Outlet DC,07/28/2026 12:34 PM,07/30/2026 04:27 PM,07/31/2026 07:14 AM,Sent to E-Com
CL-016586,Clothing,Outlet DC,07/23/2026 01:22 PM,07/24/2026 12:00 PM,07/25/2026 05:16 PM,Sent to E-Com
CL-016588,Clothing,Outlet DC,07/05/2026 04:50 PM,07/05/2026 08:35 PM,07/06/2026 12:49 AM,Listed
MD-016591,Media,Store 07,07/20/2026 08:48 AM,07/21/2026 02:51 AM,07/22/2026 01:22 PM,Listed
BK-016594,Books,Outlet DC,07/24/2026 11:12 AM,07/25/2026 10:41 PM,07/27/2026 12:57 AM,Listed
BK-016595,Books,Store 12,07/01/2026 02:25 AM,07/02/2026 05:27 AM,07/03/2026 07:20 PM,Listed
BK-016596,Books,Store 04,07/19/2026 01:40 PM,07/21/2026 10:58 PM,07/22/2026 12:29 PM,Sent to E-Com
BK-016597,Books,Donation Center 02,07/27/2026 09:35 PM,07/28/2026 04:26 AM,07/30/2026 12:33 AM,Sent to E-Com
EL-016602,Electronics,Donation Center 02,07/26/2026 07:17 PM,07/28/2026 08:30 PM,07/30/2026 06:32 PM,Sent to E-Com
EL-016619,Electronics,Store 07,07/28/2026 08:03 AM,07/30/2026 12:13 PM,07/31/2026 12:11 PM,Sent to E-Com
HB-016623,Handbags,Store 07,06/29/2026 10:07 PM,07/02/2026 04:09 AM,07/03/2026 01:05 PM,Listed
EL-016633,Electronics,Store 04,07/20/2026 03:37 AM,07/22/2026 09:10 AM,07/23/2026 01:33 PM,Listed
WT-016635,Watches,Donation Center 02,07/22/2026 08:19 PM,07/23/2026 11:30 PM,07/24/2026 01:33 PM,Sent to E-Com
CO-016636,Collectibles,Store 04,07/28/2026 08:02 PM,07/29/2026 08:51 PM,07/29/2026 09:59 PM,Sent to E-Com
KT-016644,Kitchen,Store 04,07/18/2026 05:13 AM,07/20/2026 10:39 PM,07/21/2026 12:06 AM,Listed
EL-016645,Electronics,Store 12,07/24/2026 08:40 AM,07/25/2026 02:26 AM,07/26/2026 12:45 PM,Listed
BK-016656,Books,Store 04,07/09/2026 06:27 AM,07/09/2026 11:42 AM,07/10/2026 06:17 PM,Listed
BK-016658,Books,Store 12,07/22/2026 02:49 PM,07/24/2026 06:48 PM,07/26/2026 11:10 AM,Listed
EL-016659,Electronics,Outlet DC,07/30/2026 07:37 PM,07/30/2026 08:41 PM,08/01/2026 08:13 AM,Sent to E-Com
BK-016660,Books,Store 12,07/16/2026 09:15 AM,07/16/2026 08:23 PM,07/18/2026 04:22 AM,Listed
BK-016663,Books,Store 07,07/18/2026 07:50 PM,07/20/2026 10:11 AM,07/20/2026 08:30 PM,Listed
EL-016664,Electronics,Outlet DC,07/17/2026 02:16 PM,07/20/2026 09:12 AM,07/22/2026 05:43 AM,Listed
BK-016665,Books,Store 04,06/09/2026 09:40 PM,06/11/2026 12:50 AM,06/11/2026 11:06 AM,Listed
BK-016666,Books,Outlet DC,07/10/2026 07:21 AM,07/12/2026 12:16 AM,07/12/2026 11:40 AM,Listed
BK-016669,Books,Store 04,06/04/2026 04:17 AM,06/05/2026 05:37 AM,06/05/2026 10:52 AM,Listed
MD-016670,Media,Store 04,07/31/2026 12:06 AM,07/31/2026 01:20 PM,08/01/2026 04:11 PM,Sent to E-Com
BK-016673,Books,Outlet DC,07/30/2026 06:24 AM,07/31/2026 06:59 AM,07/31/2026 11:39 AM,Sent to E-Com
BK-016674,Books,Store 07,04/02/2026 04:46 PM,04/05/2026 05:39 AM,04/06/2026 03:32 PM,Listed
BK-016675,Books,Store 07,07/29/2026 04:05 AM,07/31/2026 08:12 AM,07/31/2026 02:14 PM,Sent to E-Com
BK-016676,Books,Store 12,06/04/2026 11:03 PM,06/06/2026 11:26 PM,06/07/2026 11:41 AM,Listed
BK-016678,Books,Store 04,07/19/2026 08:30 AM,07/21/2026 01:38 PM,07/23/2026 11:04 AM,Listed
BK-016679,Books,Store 04,06/27/2026 11:28 AM,06/28/2026 10:11 PM,06/29/2026 07:20 PM,Listed
BK-016681,Books,Store 12,07/16/2026 05:16 PM,07/17/2026 01:42 AM,07/18/2026 12:21 AM,Listed
MD-016683,Media,Store 12,07/29/2026 12:39 PM,07/31/2026 10:13 PM,08/01/2026 09:33 PM,Sent to E-Com
BK-016686,Books,Donation Center 02,06/26/2026 07:42 PM,06/28/2026 05:34 PM,06/30/2026 12:11 PM,Listed
BK-016687,Books,Store 12,05/31/2026 08:53 PM,06/01/2026 08:06 AM,06/02/2026 11:39 PM,Listed
BK-016689,Books,Store 04,06/14/2026 11:26 AM,06/16/2026 06:16 PM,06/17/2026 11:50 PM,Listed
BK-016692,Books,Outlet DC,06/27/2026 10:29 AM,06/28/2026 05:51 PM,06/29/2026 07:41 AM,Listed
TY-016693,Toys,Outlet DC,07/29/2026 04:23 PM,07/30/2026 03:14 AM,07/31/2026 11:47 AM,Sent to E-Com
BK-016694,Books,Store 04,06/02/2026 04:11 AM,06/03/2026 02:26 AM,06/03/2026 06:23 AM,Listed
BK-016695,Books,Store 07,06/04/2026 04:10 AM,06/07/2026 02:05 AM,06/07/2026 02:27 AM,Listed
BK-016698,Books,Store 07,07/22/2026 03:40 AM,07/24/2026 08:21 AM,07/26/2026 05:11 AM,Sent to E-Com
SH-016702,Shoes,Store 07,07/14/2026 08:58 PM,07/17/2026 06:34 PM,07/18/2026 12:42 PM,Listed
CL-016705,Clothing,Store 07,07/28/2026 05:15 AM,07/29/2026 07:29 AM,07/29/2026 09:42 PM,Sent to E-Com
CO-016708,Collectibles,Store 04,07/09/2026 02:42 PM,07/11/2026 05:13 AM,07/12/2026 10:27 AM,Listed
CO-016711,Collectibles,Donation Center 02,07/15/2026 08:09 AM,07/17/2026 11:23 PM,07/18/2026 03:48 AM,Listed
SG-016712,Sporting Goods,Outlet DC,07/28/2026 03:12 AM,07/28/2026 04:18 AM,07/29/2026 09:47 AM,Sent to E-Com
CO-016713,Collectibles,Store 12,07/07/2026 03:03 AM,07/08/2026 07:53 PM,07/08/2026 09:32 PM,Listed
CO-016714,Collectibles,Store 12,07/06/2026 10:31 PM,07/08/2026 03:55 AM,07/08/2026 04:30 PM,Listed
CO-016715,Collectibles,Store 12,06/22/2026 12:49 AM,06/24/2026 06:14 AM,06/25/2026 03:34 AM,Listed
CL-016717,Clothing,Donation Center 02,07/11/2026 07:55 PM,07/14/2026 05:07 AM,07/14/2026 04:10 PM,Listed
SG-016719,Sporting Goods,Store 04,07/01/2026 01:42 AM,07/01/2026 09:13 AM,07/02/2026 12:08 PM,Listed
SG-016720,Sporting Goods,Store 12,07/23/2026 09:32 PM,07/25/2026 06:43 PM,07/27/2026 03:51 AM,Sent to E-Com
CL-016722,Clothing,Donation Center 02,06/09/2026 10:28 AM,06/11/2026 09:58 AM,06/12/2026 08:22 PM,Listed
HB-016724,Handbags,Store 07,07/09/2026 08:52 AM,07/11/2026 01:26 AM,07/12/2026 10:15 AM,Listed
EL-016726,Electronics,Store 07,07/22/2026 10:46 PM,07/24/2026 01:52 PM,07/25/2026 09:57 AM,Listed
KT-016729,Kitchen,Donation Center 02,07/28/2026 04:38 AM,07/29/2026 02:43 AM,07/29/2026 05:31 AM,Sent to E-Com
KT-016731,Kitchen,Store 04,07/08/2026 07:23 AM,07/11/2026 06:07 AM,07/11/2026 12:09 PM,Listed
HM-016734,Home Decor,Donation Center 02,07/19/2026 03:19 PM,07/22/2026 06:34 AM,07/22/2026 10:29 PM,Sent to E-Com
BK-016737,Books,Donation Center 02,07/29/2026 08:13 PM,07/30/2026 11:03 AM,07/30/2026 03:28 PM,Sent to E-Com
BK-016741,Books,Donation Center 02,07/28/2026 10:08 PM,07/29/2026 10:19 AM,07/31/2026 01:48 AM,Sent to E-Com
BK-016746,Books,Store 04,07/24/2026 11:08 AM,07/25/2026 11:29 AM,07/27/2026 08:05 AM,Sent to E-Com
BK-016747,Books,Donation Center 02,07/20/2026 01:50 PM,07/21/2026 10:40 PM,07/23/2026 08:11 PM,Listed
BK-016749,Books,Donation Center 02,07/16/2026 05:44 PM,07/19/2026 12:23 AM,07/19/2026 01:16 PM,Listed
CL-016772,Clothing,Store 04,07/11/2026 09:27 AM,07/12/2026 02:45 AM,07/12/2026 05:13 AM,Listed
EL-016783,Electronics,Store 04,07/23/2026 02:51 AM,07/23/2026 08:53 PM,07/24/2026 02:03 PM,Sent to E-Com
HB-016792,Handbags,Donation Center 02,07/30/2026 12:35 AM,07/31/2026 04:42 AM,08/01/2026 09:44 PM,Sent to E-Com
BK-016799,Books,Outlet DC,07/22/2026 04:26 PM,07/23/2026 02:07 PM,07/24/2026 01:54 PM,Listed
BK-016800,Books,Donation Center 02,07/27/2026 03:57 AM,07/27/2026 09:36 AM,07/28/2026 07:58 AM,Listed
MD-016801,Media,Outlet DC,07/21/2026 04:49 AM,07/21/2026 10:01 PM,07/23/2026 06:21 AM,Listed
BK-016802,Books,Donation Center 02,06/10/2026 07:24 PM,06/11/2026 11:24 AM,06/12/2026 01:06 AM,Listed
BK-016803,Books,Store 12,07/19/2026 04:01 AM,07/21/2026 12:54 PM,07/22/2026 11:04 AM,Listed
CO-016806,Collectibles,Store 04,07/30/2026 05:21 PM,07/31/2026 06:29 AM,08/01/2026 04:21 PM,Sent to E-Com
BK-016807,Books,Donation Center 02,07/03/2026 04:01 PM,07/06/2026 01:18 PM,07/07/2026 10:27 PM,Listed
BK-016809,Books,Store 04,07/21/2026 08:17 PM,07/23/2026 10:52 PM,07/24/2026 11:12 AM,Listed
BK-016810,Books,Outlet DC,03/30/2026 12:30 AM,03/30/2026 06:39 AM,03/31/2026 01:24 AM,Listed
CO-016811,Collectibles,Donation Center 02,07/09/2026 12:44 AM,07/10/2026 12:55 AM,07/11/2026 02:27 PM,Listed
BK-016812,Books,Store 07,06/27/2026 09:30 AM,06/27/2026 03:32 PM,06/28/2026 06:19 AM,Listed
BK-016814,Books,Store 07,07/09/2026 09:12 PM,07/11/2026 05:44 PM,07/12/2026 03:30 PM,Listed
BK-016815,Books,Store 12,07/11/2026 11:16 PM,07/13/2026 08:31 PM,07/15/2026 04:16 PM,Listed
BK-016816,Books,Outlet DC,07/10/2026 08:45 AM,07/11/2026 07:10 PM,07/12/2026 11:58 PM,Listed
BK-016817,Books,Store 12,05/05/2026 06:13 PM,05/07/2026 08:18 PM,05/08/2026 04:25 PM,Listed
BK-016818,Books,Store 04,04/11/2026 02:21 PM,04/14/2026 03:45 AM,04/14/2026 11:44 PM,Listed
BK-016820,Books,Store 12,03/31/2026 12:01 AM,04/01/2026 08:45 PM,04/03/2026 03:13 AM,Listed
BK-016823,Books,Outlet DC,07/28/2026 03:05 AM,07/29/2026 09:42 PM,07/30/2026 01:45 AM,Sent to E-Com
TY-016824,Toys,Store 07,06/29/2026 02:44 PM,06/30/2026 09:00 PM,07/02/2026 11:48 AM,Listed
BK-016825,Books,Store 07,07/23/2026 12:34 PM,07/26/2026 09:23 AM,07/26/2026 11:22 AM,Listed
BK-016830,Books,Donation Center 02,06/02/2026 01:55 PM,06/02/2026 07:03 PM,06/03/2026 06:28 PM,Listed
BK-016831,Books,Store 12,07/15/2026 06:11 AM,07/15/2026 04:43 PM,07/16/2026 02:13 AM,Listed
BK-016832,Books,Store 12,04/21/2026 07:55 PM,04/24/2026 02:54 PM,04/24/2026 09:38 PM,Listed
BK-016833,Books,Donation Center 02,07/01/2026 04:58 AM,07/01/2026 06:53 PM,07/01/2026 09:38 PM,Listed
BK-016834,Books,Donation Center 02,06/20/2026 09:21 PM,06/23/2026 05:34 PM,06/24/2026 02:28 AM,Listed
MD-016835,Media,Store 12,07/16/2026 04:31 PM,07/17/2026 04:59 PM,07/19/2026 04:31 AM,Listed
BK-016836,Books,Outlet DC,06/10/2026 10:42 AM,06/10/2026 04:43 PM,06/11/2026 07:11 PM,Listed
BK-016837,Books,Store 07,05/24/2026 11:36 AM,05/24/2026 11:27 PM,05/26/2026 10:39 AM,Listed
BK-016838,Books,Store 12,07/20/2026 06:58 PM,07/21/2026 11:25 PM,07/23/2026 03:57 AM,Listed
BK-016839,Books,Donation Center 02,07/12/2026 03:49 AM,07/12/2026 02:28 PM,07/14/2026 05:57 AM,Listed
CL-016844,Clothing,Donation Center 02,07/13/2026 05:38 AM,07/15/2026 02:48 AM,07/16/2026 12:53 AM,Listed
CO-016845,Collectibles,Donation Center 02,07/23/2026 12:52 PM,07/25/2026 09:35 AM,07/25/2026 11:09 AM,Listed
KT-016846,Kitchen,Store 12,07/10/2026 01:04 AM,07/11/2026 07:47 PM,07/13/2026 10:19 AM,Listed
HB-016847,Handbags,Donation Center 02,07/29/2026 07:21 PM,08/01/2026 04:59 PM,08/01/2026 05:16 PM,Sent to E-Com
SG-016849,Sporting Goods,Outlet DC,07/03/2026 07:50 PM,07/04/2026 08:53 PM,07/06/2026 07:21 AM,Listed
SH-016852,Shoes,Store 07,06/26/2026 10:34 PM,06/28/2026 11:03 PM,06/29/2026 06:25 PM,Listed
CO-016853,Collectibles,Store 07,07/20/2026 09:59 PM,07/22/2026 02:56 AM,07/23/2026 03:12 AM,Listed
CL-016855,Clothing,Outlet DC,07/23/2026 11:38 PM,07/24/2026 12:54 AM,07/24/2026 04:56 AM,Listed
CL-016856,Clothing,Donation Center 02,07/17/2026 06:37 AM,07/19/2026 10:00 AM,07/20/2026 07:21 PM,Listed
SH-016861,Shoes,Outlet DC,07/20/2026 10:22 PM,07/23/2026 09:21 PM,07/24/2026 07:16 AM,Listed
CL-016862,Clothing,Donation Center 02,07/20/2026 03:03 AM,07/21/2026 12:01 PM,07/22/2026 11:09 PM,Sent to E-Com
CL-016866,Clothing,Store 12,07/31/2026 01:32 AM,07/31/2026 05:14 AM,08/01/2026 01:26 AM,Sent to E-Com
HM-016867,Home Decor,Store 04,07/21/2026 12:54 PM,07/22/2026 05:32 PM,07/23/2026 04:17 PM,Sent to E-Com
BK-016869,Books,Store 07,07/24/2026 06:57 AM,07/25/2026 09:14 PM,07/27/2026 11:08 AM,Listed
BK-016875,Books,Donation Center 02,06/27/2026 08:49 AM,06/27/2026 04:54 PM,06/28/2026 06:01 PM,Listed
BK-016877,Books,Outlet DC,07/27/2026 09:29 AM,07/28/2026 06:55 AM,07/28/2026 03:19 PM,Listed
BK-016880,Books,Outlet DC,07/13/2026 02:30 AM,07/14/2026 09:26 PM,07/16/2026 02:57 PM,Listed
AR-016904,Art,Outlet DC,07/20/2026 05:47 AM,07/22/2026 06:51 AM,07/23/2026 06:37 AM,Sent to E-Com
CL-016915,Clothing,Store 07,07/27/2026 05:06 PM,07/30/2026 12:14 PM,07/30/2026 11:37 PM,Sent to E-Com
HB-016920,Handbags,Store 12,07/19/2026 10:36 PM,07/22/2026 04:48 AM,07/22/2026 07:58 PM,Sent to E-Com
WT-016925,Watches,Store 04,07/30/2026 05:17 PM,08/01/2026 01:56 AM,08/01/2026 10:33 PM,Sent to E-Com
EL-016935,Electronics,Donation Center 02,07/27/2026 10:29 PM,07/30/2026 06:49 PM,08/01/2026 08:42 AM,Sent to E-Com
AR-016941,Art,Store 07,07/24/2026 12:22 PM,07/27/2026 02:42 AM,07/27/2026 08:36 PM,Sent to E-Com
MD-016944,Media,Store 12,07/21/2026 05:30 PM,07/22/2026 04:31 AM,07/22/2026 09:12 PM,Listed
BK-016945,Books,Store 04,07/31/2026 03:55 AM,07/31/2026 07:26 AM,07/31/2026 03:40 PM,Sent to E-Com
BK-016946,Books,Store 07,06/29/2026 07:43 PM,07/01/2026 07:28 AM,07/02/2026 11:21 AM,Listed
BK-016949,Books,Store 12,06/10/2026 02:46 PM,06/12/2026 08:49 AM,06/13/2026 03:41 AM,Listed
BK-016950,Books,Donation Center 02,06/27/2026 07:31 PM,06/29/2026 08:44 PM,07/01/2026 04:49 PM,Listed
BK-016952,Books,Store 12,06/04/2026 02:41 AM,06/06/2026 06:14 AM,06/07/2026 10:58 PM,Listed
BK-016953,Books,Outlet DC,07/07/2026 02:41 PM,07/08/2026 03:21 AM,07/09/2026 04:17 PM,Listed
MD-016954,Media,Store 07,07/06/2026 09:04 AM,07/06/2026 03:38 PM,07/08/2026 03:32 AM,Listed
BK-016955,Books,Outlet DC,07/26/2026 02:17 AM,07/28/2026 10:28 PM,07/29/2026 10:55 PM,Listed
BK-016959,Books,Store 04,05/05/2026 10:09 PM,05/07/2026 05:38 PM,05/09/2026 03:33 PM,Listed
BK-016960,Books,Store 04,07/19/2026 06:01 AM,07/19/2026 05:24 PM,07/21/2026 03:19 AM,Listed
BK-016961,Books,Store 04,07/16/2026 05:13 AM,07/16/2026 11:39 AM,07/16/2026 02:22 PM,Listed
BK-016962,Books,Donation Center 02,07/28/2026 12:51 AM,07/28/2026 10:07 PM,07/30/2026 03:18 PM,Sent to E-Com
BK-016963,Books,Donation Center 02,07/24/2026 05:00 PM,07/25/2026 10:31 PM,07/27/2026 09:46 PM,Listed
MD-016965,Media,Donation Center 02,07/26/2026 08:49 PM,07/28/2026 08:17 PM,07/30/2026 08:48 AM,Sent to E-Com
CO-016968,Collectibles,Store 04,07/30/2026 06:47 AM,07/31/2026 10:21 AM,08/01/2026 07:35 AM,Sent to E-Com
BK-016969,Books,Store 07,05/07/2026 03:30 PM,05/08/2026 06:46 AM,05/08/2026 10:06 AM,Listed
TY-016971,Toys,Donation Center 02,07/28/2026 08:22 AM,07/29/2026 12:11 PM,07/30/2026 05:38 AM,Sent to E-Com
MD-016972,Media,Donation Center 02,07/17/2026 05:47 AM,07/18/2026 07:54 AM,07/18/2026 03:47 PM,Listed
BK-016973,Books,Donation Center 02,07/13/2026 04:16 AM,07/13/2026 01:57 PM,07/14/2026 09:25 AM,Listed
BK-016975,Books,Store 12,07/17/2026 11:29 AM,07/19/2026 12:58 AM,07/20/2026 01:09 AM,Sent to E-Com
BK-016976,Books,Outlet DC,06/29/2026 06:21 AM,07/01/2026 03:21 AM,07/01/2026 03:32 PM,Listed
BK-016977,Books,Store 04,06/28/2026 11:58 AM,07/01/2026 04:23 AM,07/02/2026 05:13 PM,Listed
BK-016978,Books,Store 07,06/29/2026 07:18 PM,06/30/2026 01:23 AM,06/30/2026 09:57 PM,Listed
BK-016979,Books,Store 07,07/04/2026 10:24 PM,07/06/2026 08:17 PM,07/06/2026 11:42 PM,Listed
BK-016982,Books,Store 07,07/27/2026 09:40 PM,07/28/2026 09:12 PM,07/29/2026 09:49 AM,Listed
BK-016983,Books,Store 12,05/17/2026 11:34 PM,05/19/2026 12:18 AM,05/19/2026 05:57 PM,Listed
BK-016984,Books,Donation Center 02,07/11/2026 07:29 AM,07/12/2026 09:53 AM,07/13/2026 04:14 AM,Listed
BK-016986,Books,Outlet DC,05/18/2026 07:07 AM,05/20/2026 01:37 PM,05/22/2026 07:44 AM,Listed
CL-016990,Clothing,Outlet DC,07/10/2026 04:34 AM,07/11/2026 03:43 AM,07/12/2026 02:12 AM,Listed
SG-016991,Sporting Goods,Donation Center 02,07/16/2026 05:03 PM,07/19/2026 02:50 AM,07/19/2026 07:45 AM,Listed
SG-016997,Sporting Goods,Store 07,07/26/2026 01:57 AM,07/28/2026 09:16 PM,07/29/2026 11:18 PM,Sent to E-Com
CL-016998,Clothing,Store 12,07/15/2026 04:31 AM,07/17/2026 12:01 PM,07/17/2026 02:56 PM,Sent to E-Com
SG-016999,Sporting Goods,Store 07,06/16/2026 02:06 PM,06/16/2026 07:41 PM,06/18/2026 01:38 PM,Listed
EL-017000,Electronics,Store 04,07/23/2026 11:57 PM,07/25/2026 12:27 PM,07/26/2026 06:52 AM,Listed
EL-017003,Electronics,Store 04,07/23/2026 02:41 PM,07/24/2026 07:42 PM,07/25/2026 03:40 AM,Listed
SH-017004,Shoes,Outlet DC,07/28/2026 08:36 AM,07/30/2026 03:22 AM,07/31/2026 06:02 AM,Sent to E-Com
EL-017007,Electronics,Store 04,07/20/2026 11:15 PM,07/22/2026 01:05 PM,07/22/2026 02:08 PM,Listed
CL-017011,Clothing,Store 12,07/21/2026 03:08 PM,07/22/2026 11:32 PM,07/23/2026 03:35 AM,Sent to E-Com
FN-017013,Furniture,Store 07,07/29/2026 02:10 PM,07/30/2026 03:11 AM,07/30/2026 09:48 AM,Sent to E-Com
BK-017017,Books,Store 07,07/18/2026 09:02 AM,07/20/2026 10:58 AM,07/22/2026 09:43 AM,Listed
BK-017020,Books,Outlet DC,07/14/2026 05:31 AM,07/15/2026 08:03 AM,07/15/2026 09:31 AM,Listed
BK-017021,Books,Donation Center 02,06/15/2026 06:22 PM,06/18/2026 06:04 AM,06/19/2026 02:19 AM,Listed
MD-017023,Media,Store 07,07/24/2026 06:08 AM,07/24/2026 07:38 PM,07/25/2026 04:27 PM,Listed
BK-017024,Books,Outlet DC,07/24/2026 09:31 AM,07/24/2026 01:36 PM,07/25/2026 01:13 AM,Listed
BK-017027,Books,Outlet DC,06/27/2026 07:46 PM,06/28/2026 08:58 AM,06/29/2026 10:55 PM,Listed
BK-017031,Books,Outlet DC,07/20/2026 07:33 AM,07/21/2026 03:09 AM,07/22/2026 02:53 AM,Listed
CO-017041,Collectibles,Outlet DC,07/28/2026 01:54 AM,07/30/2026 11:33 AM,07/31/2026 09:38 PM,Sent to E-Com
BK-017081,Books,Donation Center 02,07/27/2026 06:32 PM,07/28/2026 06:29 PM,07/29/2026 12:45 PM,Sent to E-Com
MD-017084,Media,Store 07,07/28/2026 12:25 PM,07/30/2026 05:27 AM,07/31/2026 11:59 AM,Sent to E-Com
BK-017085,Books,Outlet DC,07/16/2026 01:13 AM,07/18/2026 04:36 AM,07/18/2026 10:39 AM,Listed
BK-017086,Books,Store 12,06/27/2026 05:37 PM,06/29/2026 06:55 AM,06/30/2026 03:23 AM,Listed
BK-017087,Books,Outlet DC,07/25/2026 03:25 PM,07/27/2026 03:34 PM,07/29/2026 04:20 AM,Sent to E-Com
BK-017088,Books,Store 07,07/07/2026 06:29 PM,07/10/2026 03:05 AM,07/11/2026 06:41 AM,Listed
BK-017094,Books,Store 12,04/22/2026 01:41 AM,04/22/2026 02:38 PM,04/23/2026 10:08 AM,Listed
BK-017095,Books,Outlet DC,07/06/2026 05:41 PM,07/09/2026 04:37 PM,07/10/2026 06:07 PM,Listed
BK-017096,Books,Store 07,06/30/2026 07:32 AM,07/02/2026 08:05 AM,07/03/2026 09:55 PM,Listed
BK-017100,Books,Store 07,07/15/2026 05:29 AM,07/16/2026 06:52 AM,07/17/2026 04:33 PM,Listed
BK-017101,Books,Outlet DC,07/03/2026 08:01 PM,07/05/2026 06:21 PM,07/05/2026 09:25 PM,Listed
BK-017105,Books,Outlet DC,07/26/2026 07:18 PM,07/26/2026 11:32 PM,07/27/2026 11:08 PM,Listed
BK-017106,Books,Store 04,06/09/2026 09:01 PM,06/10/2026 03:22 PM,06/12/2026 01:39 PM,Listed
MD-017107,Media,Store 12,07/13/2026 01:56 AM,07/14/2026 06:17 PM,07/15/2026 11:22 AM,Listed
MD-017110,Media,Store 04,07/24/2026 05:31 AM,07/24/2026 10:14 AM,07/25/2026 01:31 AM,Listed
BK-017111,Books,Store 04,07/25/2026 06:10 AM,07/25/2026 10:12 AM,07/27/2026 05:32 AM,Sent to E-Com
BK-017112,Books,Store 07,06/17/2026 02:29 PM,06/18/2026 05:13 PM,06/20/2026 06:11 AM,Listed
BK-017113,Books,Donation Center 02,07/27/2026 09:55 AM,07/28/2026 08:58 AM,07/28/2026 05:58 PM,Listed
BK-017116,Books,Store 07,07/16/2026 02:38 AM,07/16/2026 04:37 PM,07/17/2026 04:48 PM,Listed
BK-017118,Books,Store 04,07/12/2026 03:18 PM,07/15/2026 07:46 AM,07/16/2026 03:54 PM,Listed
BK-017120,Books,Store 12,07/04/2026 08:51 AM,07/05/2026 01:46 PM,07/06/2026 06:57 AM,Listed
BK-017121,Books,Store 12,06/21/2026 12:17 PM,06/23/2026 11:28 PM,06/25/2026 01:51 AM,Listed
BK-017122,Books,Donation Center 02,07/17/2026 07:18 PM,07/18/2026 10:01 PM,07/20/2026 01:45 PM,Listed
BK-017123,Books,Outlet DC,06/07/2026 03:47 AM,06/08/2026 05:04 AM,06/09/2026 01:21 AM,Listed
BK-017126,Books,Donation Center 02,06/30/2026 02:09 AM,07/01/2026 11:12 AM,07/02/2026 10:21 AM,Listed
BK-017127,Books,Donation Center 02,05/03/2026 03:42 AM,05/03/2026 10:32 PM,05/05/2026 09:55 AM,Listed
BK-017128,Books,Store 04,07/24/2026 03:59 PM,07/27/2026 03:00 PM,07/27/2026 04:07 PM,Listed
BK-017129,Books,Outlet DC,07/08/2026 10:05 PM,07/09/2026 10:28 PM,07/10/2026 09:45 AM,Listed
BK-017131,Books,Store 07,07/08/2026 08:35 PM,07/09/2026 10:31 PM,07/11/2026 06:58 PM,Listed
BK-017135,Books,Store 04,07/17/2026 02:07 PM,07/20/2026 10:05 AM,07/20/2026 04:29 PM,Listed
MD-017136,Media,Store 12,07/19/2026 04:46 AM,07/20/2026 04:33 PM,07/22/2026 09:37 AM,Listed
KT-017139,Kitchen,Store 07,07/27/2026 10:26 PM,07/28/2026 08:35 PM,07/30/2026 12:23 PM,Sent to E-Com
SG-017141,Sporting Goods,Outlet DC,07/15/2026 07:14 AM,07/17/2026 02:51 AM,07/17/2026 12:32 PM,Listed
CO-017142,Collectibles,Donation Center 02,07/11/2026 09:26 PM,07/14/2026 10:33 AM,07/15/2026 01:50 AM,Listed
EL-017146,Electronics,Outlet DC,07/25/2026 03:13 PM,07/26/2026 05:44 PM,07/28/2026 09:07 AM,Listed
EL-017149,Electronics,Outlet DC,06/14/2026 02:33 PM,06/16/2026 04:18 PM,06/17/2026 02:06 AM,Listed
SH-017150,Shoes,Donation Center 02,05/22/2026 05:08 PM,05/24/2026 03:01 AM,05/25/2026 10:12 PM,Listed
CO-017153,Collectibles,Donation Center 02,05/29/2026 07:08 PM,05/31/2026 01:36 PM,05/31/2026 06:58 PM,Listed
CO-017154,Collectibles,Store 12,07/11/2026 07:21 PM,07/13/2026 03:14 PM,07/14/2026 05:42 AM,Listed
KT-017156,Kitchen,Outlet DC,07/25/2026 06:28 PM,07/28/2026 12:21 AM,07/29/2026 12:34 AM,Sent to E-Com
CL-017161,Clothing,Store 04,07/21/2026 08:03 AM,07/23/2026 10:16 PM,07/24/2026 08:56 AM,Listed
CL-017165,Clothing,Outlet DC,07/29/2026 08:21 AM,08/01/2026 12:48 AM,08/01/2026 07:12 PM,Sent to E-Com
BK-017178,Books,Donation Center 02,07/25/2026 12:43 PM,07/26/2026 05:33 AM,07/26/2026 04:19 PM,Sent to E-Com
BK-017182,Books,Store 04,07/26/2026 03:38 PM,07/28/2026 02:04 AM,07/28/2026 10:08 PM,Sent to E-Com
BK-017183,Books,Store 04,07/16/2026 06:49 PM,07/19/2026 08:43 AM,07/19/2026 10:50 PM,Listed
KT-017228,Kitchen,Donation Center 02,07/15/2026 07:29 PM,07/17/2026 12:39 AM,07/19/2026 12:15 AM,Listed
KT-017234,Kitchen,Store 12,07/21/2026 08:34 PM,07/22/2026 05:41 AM,07/23/2026 03:53 PM,Listed
BK-017236,Books,Store 07,07/22/2026 02:24 PM,07/24/2026 10:58 PM,07/26/2026 06:33 AM,Sent to E-Com
BK-017237,Books,Store 04,07/08/2026 11:41 PM,07/09/2026 11:33 AM,07/10/2026 05:53 PM,Listed
CO-017238,Collectibles,Store 07,07/29/2026 05:04 AM,07/30/2026 02:45 AM,07/30/2026 10:51 PM,Sent to E-Com
MD-017240,Media,Donation Center 02,07/25/2026 08:49 AM,07/27/2026 01:53 AM,07/27/2026 02:10 AM,Sent to E-Com
BK-017241,Books,Store 04,05/22/2026 12:30 PM,05/24/2026 01:32 PM,05/26/2026 01:52 AM,Listed
BK-017243,Books,Store 12,06/25/2026 12:40 PM,06/27/2026 04:33 PM,06/29/2026 08:51 AM,Listed
EL-017244,Electronics,Donation Center 02,07/29/2026 04:13 AM,07/31/2026 02:47 AM,08/01/2026 08:01 PM,Sent to E-Com
BK-017246,Books,Donation Center 02,07/26/2026 09:25 PM,07/29/2026 04:27 AM,07/29/2026 11:55 AM,Listed
BK-017250,Books,Outlet DC,07/07/2026 08:35 AM,07/09/2026 02:20 AM,07/10/2026 08:37 AM,Listed
BK-017251,Books,Donation Center 02,06/02/2026 12:04 AM,06/04/2026 07:19 AM,06/05/2026 01:44 AM,Listed
BK-017252,Books,Store 04,07/25/2026 12:29 PM,07/26/2026 01:58 PM,07/27/2026 02:08 AM,Listed
BK-017253,Books,Outlet DC,07/26/2026 03:11 PM,07/29/2026 12:23 PM,07/29/2026 09:05 PM,Listed
BK-017254,Books,Outlet DC,06/23/2026 11:45 AM,06/25/2026 07:23 PM,06/27/2026 11:02 AM,Listed
MD-017255,Media,Store 04,07/24/2026 09:07 PM,07/27/2026 09:09 AM,07/28/2026 02:10 AM,Listed
BK-017256,Books,Store 07,07/21/2026 12:12 PM,07/23/2026 09:37 PM,07/24/2026 03:58 PM,Listed
BK-017258,Books,Store 04,07/01/2026 11:57 PM,07/04/2026 02:31 PM,07/04/2026 10:03 PM,Listed
BK-017259,Books,Outlet DC,07/11/2026 10:35 PM,07/14/2026 05:05 PM,07/15/2026 12:25 PM,Listed
BK-017262,Books,Store 07,07/11/2026 08:05 PM,07/14/2026 05:52 PM,07/15/2026 04:43 PM,Listed
BK-017263,Books,Store 04,07/24/2026 12:03 PM,07/26/2026 11:51 AM,07/27/2026 12:06 PM,Listed
MD-017264,Media,Store 04,07/14/2026 05:56 AM,07/15/2026 07:11 AM,07/17/2026 02:07 AM,Listed
BK-017269,Books,Store 12,07/11/2026 05:42 AM,07/13/2026 04:12 AM,07/14/2026 05:39 AM,Listed
BK-017271,Books,Donation Center 02,07/01/2026 10:14 AM,07/04/2026 04:51 AM,07/04/2026 03:01 PM,Listed
SH-017272,Shoes,Donation Center 02,06/06/2026 06:32 AM,06/06/2026 07:14 PM,06/08/2026 11:44 AM,Listed
CO-017273,Collectibles,Store 12,07/21/2026 01:27 PM,07/24/2026 11:17 AM,07/25/2026 09:06 AM,Sent to E-Com
CL-017274,Clothing,Store 07,07/19/2026 12:19 AM,07/21/2026 12:20 PM,07/22/2026 06:02 PM,Listed
SH-017275,Shoes,Outlet DC,07/14/2026 02:32 PM,07/15/2026 04:52 AM,07/16/2026 06:44 PM,Listed
EL-017276,Electronics,Outlet DC,06/20/2026 12:11 PM,06/21/2026 03:13 AM,06/22/2026 10:11 PM,Listed
CL-017279,Clothing,Store 12,07/29/2026 07:34 PM,08/01/2026 01:38 AM,08/01/2026 07:33 AM,Sent to E-Com
CL-017281,Clothing,Donation Center 02,07/17/2026 11:18 AM,07/19/2026 03:34 AM,07/20/2026 04:32 AM,Listed
EL-017283,Electronics,Store 04,06/19/2026 02:06 PM,06/20/2026 07:18 AM,06/20/2026 10:56 AM,Listed
SG-017287,Sporting Goods,Store 07,07/03/2026 10:41 PM,07/05/2026 06:40 AM,07/05/2026 11:15 AM,Listed
CL-017288,Clothing,Outlet DC,06/12/2026 02:29 AM,06/14/2026 07:37 PM,06/15/2026 12:28 AM,Listed
SH-017291,Shoes,Donation Center 02,07/30/2026 02:20 PM,07/31/2026 03:01 AM,08/01/2026 02:07 AM,Sent to E-Com
CL-017292,Clothing,Store 07,07/22/2026 04:07 PM,07/25/2026 01:12 PM,07/27/2026 10:46 AM,Listed
SH-017296,Shoes,Donation Center 02,07/22/2026 06:14 AM,07/24/2026 02:08 PM,07/26/2026 01:40 PM,Listed
CL-017298,Clothing,Donation Center 02,07/26/2026 07:02 AM,07/28/2026 08:59 AM,07/29/2026 07:16 AM,Sent to E-Com
KT-017306,Kitchen,Donation Center 02,07/25/2026 02:28 AM,07/25/2026 10:55 AM,07/26/2026 05:15 PM,Sent to E-Com
BK-017312,Books,Store 04,07/28/2026 06:39 AM,07/31/2026 05:49 AM,08/01/2026 07:57 PM,Sent to E-Com
HM-017382,Home Decor,Donation Center 02,07/25/2026 07:06 PM,07/26/2026 11:38 AM,07/28/2026 10:27 AM,Sent to E-Com
BK-017384,Books,Store 07,07/20/2026 06:22 PM,07/23/2026 03:37 AM,07/24/2026 06:10 AM,Sent to E-Com
BK-017386,Books,Store 12,06/07/2026 06:27 PM,06/07/2026 11:19 PM,06/08/2026 11:41 AM,Listed
BK-017388,Books,Store 12,07/29/2026 04:07 AM,07/31/2026 09:37 AM,08/01/2026 08:36 PM,Sent to E-Com
BK-017389,Books,Store 12,07/21/2026 01:27 PM,07/22/2026 02:50 AM,07/23/2026 06:36 AM,Sent to E-Com
BK-017390,Books,Store 12,06/26/2026 02:55 PM,06/27/2026 05:33 PM,06/28/2026 12:05 PM,Listed
MD-017393,Media,Outlet DC,07/28/2026 04:03 PM,07/31/2026 11:19 AM,08/01/2026 03:23 AM,Sent to E-Com
BK-017394,Books,Store 12,07/10/2026 05:59 AM,07/12/2026 02:14 PM,07/13/2026 05:10 AM,Listed
BK-017395,Books,Store 07,07/20/2026 06:17 PM,07/21/2026 01:38 AM,07/22/2026 08:25 AM,Listed
BK-017398,Books,Store 07,07/15/2026 09:34 AM,07/15/2026 01:02 PM,07/15/2026 07:39 PM,Listed
BK-017400,Books,Store 12,07/24/2026 11:36 AM,07/26/2026 12:17 PM,07/27/2026 04:52 AM,Listed
BK-017401,Books,Store 12,05/19/2026 11:13 AM,05/20/2026 02:10 PM,05/21/2026 03:25 AM,Listed
BK-017404,Books,Store 07,07/27/2026 02:47 AM,07/27/2026 04:19 PM,07/29/2026 12:24 AM,Listed
BK-017406,Books,Outlet DC,07/28/2026 04:46 PM,07/29/2026 03:56 AM,07/29/2026 07:58 PM,Listed
BK-017407,Books,Outlet DC,07/10/2026 02:48 PM,07/11/2026 07:44 PM,07/12/2026 03:16 AM,Listed
BK-017409,Books,Donation Center 02,07/07/2026 11:59 PM,07/09/2026 05:08 AM,07/09/2026 08:18 PM,Listed
BK-017410,Books,Store 07,06/30/2026 03:32 PM,07/01/2026 09:24 AM,07/03/2026 02:23 AM,Listed
BK-017414,Books,Donation Center 02,07/20/2026 08:54 PM,07/21/2026 04:04 PM,07/22/2026 11:05 AM,Listed
CO-017415,Collectibles,Outlet DC,07/17/2026 02:00 AM,07/17/2026 08:32 AM,07/18/2026 10:33 AM,Listed
BK-017416,Books,Store 07,07/19/2026 10:27 AM,07/21/2026 06:46 AM,07/22/2026 09:52 PM,Listed
BK-017417,Books,Donation Center 02,07/17/2026 02:41 PM,07/18/2026 11:52 AM,07/19/2026 07:42 AM,Listed
BK-017422,Books,Store 04,07/06/2026 10:59 PM,07/08/2026 04:37 AM,07/09/2026 01:51 PM,Listed
BK-017424,Books,Store 04,07/06/2026 03:31 PM,07/07/2026 07:55 AM,07/09/2026 01:24 AM,Listed
BK-017426,Books,Store 04,07/11/2026 05:17 AM,07/12/2026 03:08 AM,07/13/2026 09:18 AM,Listed
BK-017427,Books,Outlet DC,06/25/2026 01:06 AM,06/26/2026 12:38 PM,06/28/2026 07:30 AM,Listed
BK-017428,Books,Store 04,07/25/2026 10:32 AM,07/25/2026 04:32 PM,07/26/2026 07:09 PM,Listed
BK-017429,Books,Store 07,07/10/2026 02:48 PM,07/11/2026 08:42 PM,07/12/2026 10:37 PM,Listed
BK-017430,Books,Outlet DC,05/16/2026 07:40 PM,05/18/2026 11:52 AM,05/19/2026 08:46 PM,Listed
BK-017431,Books,Store 07,06/23/2026 06:05 AM,06/24/2026 10:01 AM,06/24/2026 02:20 PM,Listed
BK-017432,Books,Store 07,07/19/2026 09:11 AM,07/21/2026 05:32 PM,07/22/2026 08:32 PM,Listed
BK-017433,Books,Donation Center 02,07/02/2026 03:07 PM,07/05/2026 04:36 AM,07/06/2026 10:38 AM,Listed
BK-017434,Books,Store 12,07/01/2026 04:57 AM,07/01/2026 09:31 PM,07/03/2026 09:27 AM,Listed
BK-017435,Books,Store 04,05/21/2026 10:44 AM,05/22/2026 08:56 AM,05/23/2026 10:59 AM,Listed
BK-017436,Books,Store 07,03/14/2026 07:24 PM,03/17/2026 07:27 AM,03/18/2026 09:27 PM,Listed
EL-017438,Electronics,Outlet DC,07/04/2026 10:12 AM,07/07/2026 08:45 AM,07/07/2026 07:14 PM,Listed
CL-017440,Clothing,Store 04,07/28/2026 11:51 PM,07/29/2026 02:45 PM,07/29/2026 05:38 PM,Listed
CL-017441,Clothing,Store 07,07/17/2026 07:25 AM,07/19/2026 02:23 AM,07/19/2026 12:05 PM,Listed
SG-017443,Sporting Goods,Outlet DC,07/18/2026 11:18 PM,07/20/2026 02:28 AM,07/22/2026 02:20 AM,Listed
SH-017445,Shoes,Outlet DC,07/16/2026 08:57 PM,07/17/2026 12:08 PM,07/18/2026 03:44 PM,Listed
CL-017448,Clothing,Store 04,07/06/2026 04:16 AM,07/07/2026 10:10 AM,07/09/2026 05:18 AM,Listed
CO-017450,Collectibles,Outlet DC,07/16/2026 03:54 PM,07/16/2026 03:54 PM,07/18/2026 08:31 AM,Sent to E-Com
CO-017451,Collectibles,Outlet DC,07/18/2026 01:37 PM,07/18/2026 11:11 PM,07/19/2026 01:33 AM,Listed
HB-017454,Handbags,Store 12,06/27/2026 05:04 AM,06/28/2026 03:33 AM,06/29/2026 04:55 AM,Listed
CO-017456,Collectibles,Store 04,07/29/2026 06:06 PM,08/01/2026 02:24 AM,08/01/2026 03:30 AM,Sent to E-Com
KT-017459,Kitchen,Outlet DC,07/05/2026 08:44 PM,07/08/2026 01:01 AM,07/08/2026 08:22 PM,Listed
CO-017460,Collectibles,Store 07,07/16/2026 02:51 AM,07/16/2026 10:41 PM,07/18/2026 05:21 PM,Listed
CL-017461,Clothing,Outlet DC,07/13/2026 12:17 PM,07/14/2026 04:14 AM,07/15/2026 04:39 AM,Listed
SG-017462,Sporting Goods,Store 04,07/25/2026 04:16 AM,07/26/2026 10:30 AM,07/28/2026 05:38 AM,Listed
HB-017465,Handbags,Store 07,07/18/2026 05:49 PM,07/19/2026 09:27 AM,07/21/2026 12:43 AM,Listed
SH-017467,Shoes,Donation Center 02,07/07/2026 07:56 PM,07/09/2026 05:50 PM,07/11/2026 04:47 AM,Listed
EL-017470,Electronics,Store 04,07/15/2026 01:19 AM,07/15/2026 09:41 PM,07/16/2026 09:40 AM,Listed
HB-017472,Handbags,Store 07,07/29/2026 07:57 AM,07/31/2026 03:12 PM,08/01/2026 09:08 PM,Sent to E-Com
SH-017473,Shoes,Store 07,06/29/2026 07:59 AM,07/01/2026 09:32 PM,07/02/2026 01:00 PM,Listed
MD-017482,Media,Store 07,07/25/2026 01:10 PM,07/28/2026 12:18 PM,07/30/2026 04:04 AM,Listed
BK-017485,Books,Donation Center 02,07/19/2026 08:49 AM,07/22/2026 01:20 AM,07/22/2026 09:50 AM,Sent to E-Com
EL-017491,Electronics,Outlet DC,07/26/2026 03:20 AM,07/28/2026 09:47 PM,07/29/2026 05:53 AM,Sent to E-Com
CO-017497,Collectibles,Store 12,07/25/2026 09:28 AM,07/25/2026 11:00 PM,07/27/2026 08:12 AM,Sent to E-Com
JW-017507,Jewelry,Store 07,07/28/2026 10:13 AM,07/30/2026 07:29 AM,07/30/2026 03:27 PM,Sent to E-Com
CL-017525,Clothing,Store 07,07/21/2026 07:22 AM,07/23/2026 12:12 AM,07/23/2026 03:47 AM,Sent to E-Com
BK-017558,Books,Store 04,07/14/2026 12:54 AM,07/14/2026 05:03 AM,07/16/2026 03:04 AM,Listed
BK-017561,Books,Outlet DC,07/01/2026 10:25 AM,07/03/2026 06:23 PM,07/04/2026 07:10 PM,Listed
BK-017562,Books,Store 04,07/08/2026 03:01 PM,07/08/2026 06:59 PM,07/09/2026 03:01 AM,Listed
BK-017563,Books,Donation Center 02,07/03/2026 04:36 AM,07/04/2026 12:29 PM,07/05/2026 08:30 AM,Listed
BK-017567,Books,Store 07,06/09/2026 07:50 AM,06/12/2026 07:34 AM,06/13/2026 05:15 AM,Listed
BK-017572,Books,Donation Center 02,07/19/2026 02:59 PM,07/20/2026 08:54 PM,07/21/2026 09:57 AM,Listed
TY-017573,Toys,Store 12,07/23/2026 08:56 AM,07/26/2026 04:13 AM,07/26/2026 11:48 PM,Listed
BK-017575,Books,Store 12,07/28/2026 06:46 PM,07/31/2026 08:12 AM,07/31/2026 08:41 AM,Sent to E-Com
BK-017576,Books,Donation Center 02,07/15/2026 04:17 AM,07/16/2026 07:51 AM,07/17/2026 03:20 PM,Listed
BK-017577,Books,Store 04,07/28/2026 11:46 PM,07/30/2026 12:13 PM,07/31/2026 08:38 PM,Sent to E-Com
MD-017579,Media,Outlet DC,07/22/2026 01:26 AM,07/22/2026 10:53 AM,07/24/2026 05:21 AM,Sent to E-Com
BK-017582,Books,Store 12,07/30/2026 05:33 AM,07/30/2026 04:32 PM,08/01/2026 12:54 PM,Sent to E-Com
BK-017583,Books,Store 12,07/11/2026 06:01 AM,07/11/2026 10:12 PM,07/13/2026 12:57 PM,Listed
MD-017585,Media,Store 07,07/09/2026 01:07 AM,07/11/2026 06:49 AM,07/12/2026 09:26 AM,Listed
BK-017586,Books,Store 04,06/28/2026 08:20 AM,07/01/2026 04:34 AM,07/02/2026 07:02 PM,Listed
BK-017590,Books,Store 12,07/28/2026 04:43 PM,07/30/2026 06:23 AM,07/30/2026 05:03 PM,Sent to E-Com
BK-017592,Books,Outlet DC,06/18/2026 03:04 AM,06/20/2026 03:15 AM,06/21/2026 07:46 PM,Listed
BK-017593,Books,Store 07,07/10/2026 05:35 AM,07/11/2026 07:29 PM,07/13/2026 10:17 AM,Listed
BK-017594,Books,Outlet DC,07/14/2026 05:10 PM,07/15/2026 09:56 AM,07/15/2026 10:45 AM,Listed
BK-017596,Books,Donation Center 02,07/10/2026 01:26 PM,07/13/2026 08:44 AM,07/15/2026 01:05 AM,Listed
BK-017601,Books,Store 07,07/16/2026 11:42 AM,07/16/2026 12:08 PM,07/18/2026 08:13 AM,Listed
BK-017602,Books,Donation Center 02,07/27/2026 07:42 AM,07/27/2026 05:48 PM,07/28/2026 05:28 AM,Listed
BK-017607,Books,Store 04,07/17/2026 09:07 AM,07/17/2026 09:49 AM,07/17/2026 12:05 PM,Listed
BK-017608,Books,Store 07,07/14/2026 11:00 AM,07/16/2026 07:23 AM,07/17/2026 04:59 PM,Listed
BK-017609,Books,Donation Center 02,07/07/2026 09:37 AM,07/08/2026 12:37 PM,07/09/2026 06:03 AM,Listed
BK-017611,Books,Outlet DC,07/06/2026 11:06 PM,07/08/2026 11:00 AM,07/08/2026 07:25 PM,Listed
EL-017620,Electronics,Store 12,07/18/2026 04:20 AM,07/18/2026 10:58 PM,07/19/2026 10:32 AM,Listed
SH-017621,Shoes,Store 12,07/21/2026 05:52 AM,07/23/2026 03:54 AM,07/23/2026 12:02 PM,Listed
CL-017622,Clothing,Store 04,07/11/2026 01:59 AM,07/13/2026 03:44 AM,07/14/2026 07:14 PM,Listed
KT-017624,Kitchen,Outlet DC,07/15/2026 04:41 AM,07/16/2026 07:21 AM,07/18/2026 12:48 AM,Sent to E-Com
CO-017626,Collectibles,Donation Center 02,07/03/2026 02:50 PM,07/04/2026 02:24 AM,07/05/2026 05:25 AM,Listed
CO-017628,Collectibles,Store 07,07/19/2026 02:28 AM,07/20/2026 05:35 AM,07/20/2026 06:30 PM,Listed
KT-017629,Kitchen,Donation Center 02,07/28/2026 05:25 PM,07/29/2026 02:29 AM,07/29/2026 11:12 AM,Sent to E-Com
CL-017630,Clothing,Outlet DC,07/10/2026 06:36 PM,07/13/2026 02:51 AM,07/13/2026 05:04 AM,Listed
HB-017632,Handbags,Store 12,05/13/2026 10:40 AM,05/13/2026 03:55 PM,05/15/2026 12:56 PM,Listed
EL-017634,Electronics,Outlet DC,07/23/2026 06:35 PM,07/26/2026 12:03 AM,07/26/2026 01:41 PM,Sent to E-Com
CO-017636,Collectibles,Store 07,07/29/2026 12:28 PM,07/31/2026 03:22 PM,07/31/2026 10:24 PM,Sent to E-Com
SH-017639,Shoes,Store 12,07/24/2026 09:12 AM,07/24/2026 03:39 PM,07/25/2026 03:14 PM,Sent to E-Com
CL-017641,Clothing,Store 12,07/18/2026 02:35 PM,07/20/2026 07:39 AM,07/20/2026 09:10 PM,Sent to E-Com
CL-017642,Clothing,Outlet DC,07/14/2026 10:06 AM,07/15/2026 08:59 AM,07/15/2026 06:04 PM,Listed
CL-017646,Clothing,Donation Center 02,07/28/2026 12:26 AM,07/31/2026 12:20 AM,07/31/2026 01:49 PM,Sent to E-Com
CL-017647,Clothing,Store 12,07/29/2026 01:12 AM,07/29/2026 11:48 PM,07/31/2026 08:29 AM,Sent to E-Com
KT-017649,Kitchen,Store 12,07/28/2026 02:29 AM,07/30/2026 03:42 PM,08/01/2026 04:02 AM,Sent to E-Com
HM-017653,Home Decor,Store 04,07/28/2026 02:25 AM,07/29/2026 08:26 PM,07/29/2026 10:36 PM,Sent to E-Com
CL-017655,Clothing,Store 04,07/14/2026 08:04 PM,07/15/2026 02:39 PM,07/15/2026 10:41 PM,Listed
BK-017660,Books,Store 12,07/18/2026 12:28 AM,07/18/2026 01:00 AM,07/19/2026 11:36 AM,Listed
BK-017663,Books,Store 07,07/26/2026 11:47 PM,07/28/2026 08:14 PM,07/29/2026 10:45 AM,Sent to E-Com
BK-017673,Books,Store 07,06/21/2026 07:13 PM,06/23/2026 01:07 PM,06/24/2026 03:35 AM,Listed
BK-017712,Books,Store 12,07/29/2026 12:47 PM,07/31/2026 10:11 PM,08/01/2026 04:02 AM,Sent to E-Com
BK-017713,Books,Store 04,06/29/2026 01:15 PM,06/29/2026 11:42 PM,07/01/2026 09:24 PM,Listed
BK-017714,Books,Store 12,07/29/2026 05:08 PM,08/01/2026 05:51 AM,08/01/2026 07:02 AM,Sent to E-Com
BK-017715,Books,Store 12,07/28/2026 03:28 PM,07/30/2026 06:44 PM,07/31/2026 09:11 PM,Sent to E-Com
BK-017717,Books,Donation Center 02,07/17/2026 01:12 PM,07/18/2026 05:32 AM,07/20/2026 04:06 AM,Listed
BK-017720,Books,Store 07,05/15/2026 05:04 AM,05/16/2026 04:44 AM,05/18/2026 04:00 AM,Listed
BK-017721,Books,Store 07,07/19/2026 05:38 PM,07/22/2026 12:02 AM,07/23/2026 03:26 PM,Listed
BK-017723,Books,Donation Center 02,07/29/2026 06:12 AM,07/31/2026 08:49 PM,08/01/2026 12:48 PM,Sent to E-Com
BK-017724,Books,Store 04,07/11/2026 09:06 AM,07/13/2026 06:53 PM,07/14/2026 05:39 PM,Listed
BK-017727,Books,Store 04,07/30/2026 08:04 AM,07/31/2026 12:57 AM,08/01/2026 06:37 PM,Sent to E-Com
MD-017728,Media,Outlet DC,07/28/2026 04:01 AM,07/28/2026 07:38 AM,07/28/2026 02:54 PM,Sent to E-Com
BK-017730,Books,Store 07,07/07/2026 03:15 PM,07/10/2026 03:05 PM,07/12/2026 03:03 AM,Listed
BK-017731,Books,Donation Center 02,07/14/2026 12:31 PM,07/15/2026 10:39 AM,07/15/2026 11:59 PM,Listed
BK-017732,Books,Donation Center 02,07/14/2026 02:20 PM,07/16/2026 10:53 PM,07/16/2026 11:50 PM,Listed
BK-017734,Books,Store 07,06/07/2026 02:20 AM,06/09/2026 10:25 AM,06/10/2026 07:23 PM,Listed
BK-017736,Books,Store 07,02/23/2026 04:54 PM,02/26/2026 05:35 AM,02/27/2026 06:23 AM,Listed
CO-017741,Collectibles,Store 12,07/25/2026 08:49 PM,07/27/2026 04:36 AM,07/28/2026 10:17 PM,Sent to E-Com
MD-017743,Media,Donation Center 02,07/31/2026 12:12 AM,08/01/2026 02:33 AM,08/01/2026 03:08 AM,Sent to E-Com
BK-017746,Books,Donation Center 02,07/24/2026 10:23 PM,07/27/2026 01:51 AM,07/27/2026 02:34 PM,Listed
BK-017749,Books,Store 07,07/04/2026 03:06 AM,07/05/2026 01:44 PM,07/06/2026 10:52 PM,Listed
BK-017750,Books,Store 07,07/07/2026 08:27 PM,07/09/2026 01:38 AM,07/10/2026 03:35 AM,Listed
EL-017754,Electronics,Store 04,07/30/2026 07:18 PM,07/30/2026 07:41 PM,08/01/2026 12:03 PM,Sent to E-Com
CL-017757,Clothing,Store 07,07/22/2026 02:42 AM,07/24/2026 09:30 AM,07/24/2026 12:55 PM,Listed
SH-017762,Shoes,Outlet DC,07/12/2026 07:02 PM,07/13/2026 07:53 PM,07/15/2026 07:45 PM,Listed
CL-017763,Clothing,Store 07,05/27/2026 04:08 AM,05/28/2026 01:41 AM,05/28/2026 10:46 PM,Listed
CO-017764,Collectibles,Store 07,06/11/2026 10:49 PM,06/12/2026 08:09 PM,06/14/2026 07:12 PM,Listed
SG-017765,Sporting Goods,Store 04,07/21/2026 10:22 PM,07/24/2026 07:16 PM,07/25/2026 05:24 PM,Listed
CO-017766,Collectibles,Donation Center 02,07/30/2026 02:46 PM,08/01/2026 08:15 AM,08/01/2026 10:56 PM,Sent to E-Com
HB-017768,Handbags,Outlet DC,07/25/2026 04:19 AM,07/27/2026 01:16 PM,07/28/2026 07:29 PM,Sent to E-Com
CO-017770,Collectibles,Store 07,07/04/2026 08:43 PM,07/06/2026 05:06 AM,07/07/2026 09:01 AM,Listed
HB-017773,Handbags,Store 04,07/15/2026 11:23 PM,07/16/2026 09:42 AM,07/17/2026 02:52 PM,Listed
SH-017775,Shoes,Store 07,07/29/2026 07:45 AM,07/30/2026 02:18 AM,07/31/2026 06:11 AM,Sent to E-Com
EL-017777,Electronics,Outlet DC,05/17/2026 06:41 PM,05/18/2026 06:56 PM,05/19/2026 02:16 PM,Listed
EL-017780,Electronics,Store 07,07/04/2026 12:33 AM,07/06/2026 12:00 PM,07/06/2026 03:46 PM,Listed
KT-017786,Kitchen,Store 07,07/25/2026 06:59 PM,07/28/2026 03:04 PM,07/28/2026 07:36 PM,Sent to E-Com
CL-017787,Clothing,Outlet DC,07/25/2026 01:46 PM,07/26/2026 05:34 PM,07/28/2026 03:21 PM,Sent to E-Com
BK-017794,Books,Store 04,07/31/2026 10:03 AM,08/01/2026 04:09 PM,08/01/2026 04:35 PM,Sent to E-Com
BK-017797,Books,Store 04,07/23/2026 05:45 AM,07/23/2026 02:40 PM,07/23/2026 09:00 PM,Listed
HB-017849,Handbags,Store 04,07/28/2026 02:40 PM,07/31/2026 01:35 AM,08/01/2026 10:50 PM,Sent to E-Com
BK-017865,Books,Store 12,07/26/2026 10:16 PM,07/29/2026 11:55 AM,07/29/2026 12:03 PM,Sent to E-Com
BK-017867,Books,Outlet DC,04/22/2026 05:59 PM,04/24/2026 02:07 PM,04/25/2026 01:42 AM,Listed
MD-017868,Media,Store 07,07/16/2026 09:12 AM,07/18/2026 11:24 PM,07/19/2026 10:53 PM,Listed
BK-017870,Books,Store 12,07/07/2026 06:16 PM,07/08/2026 08:36 PM,07/08/2026 09:59 PM,Listed
BK-017876,Books,Outlet DC,07/15/2026 11:55 PM,07/17/2026 03:08 AM,07/17/2026 12:58 PM,Listed
BK-017879,Books,Donation Center 02,06/19/2026 06:40 PM,06/22/2026 01:11 AM,06/23/2026 10:05 AM,Listed
BK-017880,Books,Donation Center 02,06/27/2026 06:02 PM,06/30/2026 02:05 AM,07/01/2026 11:08 PM,Listed
BK-017881,Books,Outlet DC,06/18/2026 02:16 PM,06/18/2026 10:40 PM,06/20/2026 09:10 PM,Listed
BK-017882,Books,Store 12,07/08/2026 07:31 AM,07/08/2026 11:27 AM,07/09/2026 07:21 AM,Listed
BK-017883,Books,Store 04,07/24/2026 12:03 PM,07/26/2026 08:41 AM,07/26/2026 05:36 PM,Listed
BK-017884,Books,Outlet DC,04/04/2026 04:05 AM,04/05/2026 11:37 AM,04/05/2026 07:00 PM,Listed
BK-017885,Books,Donation Center 02,07/24/2026 06:15 PM,07/24/2026 09:13 PM,07/25/2026 08:48 PM,Listed
BK-017886,Books,Store 12,02/22/2026 01:12 PM,02/25/2026 08:59 AM,02/26/2026 01:27 PM,Listed
BK-017888,Books,Store 07,07/14/2026 02:02 AM,07/14/2026 09:07 PM,07/16/2026 06:06 AM,Listed
BK-017889,Books,Store 04,06/11/2026 01:19 AM,06/13/2026 04:08 AM,06/14/2026 05:14 AM,Listed
MD-017891,Media,Store 04,07/27/2026 01:15 AM,07/29/2026 07:42 PM,07/30/2026 12:42 AM,Sent to E-Com
BK-017895,Books,Store 07,07/12/2026 12:47 PM,07/15/2026 04:08 AM,07/16/2026 10:38 PM,Listed
BK-017898,Books,Store 04,07/16/2026 03:52 AM,07/18/2026 04:26 PM,07/19/2026 03:57 AM,Listed
BK-017899,Books,Outlet DC,07/15/2026 02:45 PM,07/17/2026 10:16 PM,07/19/2026 10:59 AM,Listed
BK-017900,Books,Store 07,07/29/2026 12:42 PM,07/30/2026 06:05 AM,08/01/2026 05:34 AM,Sent to E-Com
BK-017901,Books,Outlet DC,06/26/2026 05:20 PM,06/28/2026 03:29 AM,06/30/2026 12:23 AM,Listed
BK-017904,Books,Donation Center 02,07/24/2026 03:42 PM,07/24/2026 11:02 PM,07/26/2026 05:41 AM,Sent to E-Com
BK-017906,Books,Store 04,07/15/2026 01:31 PM,07/16/2026 05:24 AM,07/16/2026 07:22 PM,Listed
CL-017909,Clothing,Donation Center 02,07/25/2026 03:41 PM,07/26/2026 04:45 AM,07/27/2026 12:09 PM,Sent to E-Com
HB-017911,Handbags,Store 07,07/16/2026 06:43 PM,07/17/2026 04:46 PM,07/19/2026 12:10 PM,Sent to E-Com
CL-017915,Clothing,Store 04,06/27/2026 03:50 AM,06/27/2026 08:43 PM,06/28/2026 01:56 PM,Listed
CL-017916,Clothing,Store 04,07/26/2026 03:09 PM,07/27/2026 09:26 PM,07/29/2026 06:19 AM,Sent to E-Com
CO-017917,Collectibles,Outlet DC,07/15/2026 11:13 PM,07/18/2026 07:34 PM,07/19/2026 11:34 AM,Listed
HB-017918,Handbags,Store 04,07/24/2026 06:03 PM,07/27/2026 04:41 AM,07/28/2026 06:52 PM,Sent to E-Com
SH-017920,Shoes,Store 12,07/19/2026 11:59 PM,07/21/2026 01:04 PM,07/23/2026 08:14 AM,Listed
CL-017922,Clothing,Store 04,07/24/2026 12:45 PM,07/26/2026 12:48 AM,07/27/2026 12:00 AM,Listed
CO-017923,Collectibles,Store 12,07/21/2026 03:08 PM,07/21/2026 05:12 PM,07/23/2026 11:43 AM,Sent to E-Com
CL-017924,Clothing,Store 12,06/15/2026 12:02 PM,06/17/2026 09:41 AM,06/17/2026 03:07 PM,Listed
EL-017929,Electronics,Store 04,06/25/2026 09:51 AM,06/26/2026 03:35 AM,06/26/2026 03:59 PM,Listed
CL-017930,Clothing,Store 12,07/13/2026 12:45 AM,07/15/2026 12:44 PM,07/16/2026 03:17 AM,Listed
KT-017934,Kitchen,Donation Center 02,07/28/2026 01:38 AM,07/30/2026 01:58 AM,07/30/2026 04:05 AM,Listed
HB-017936,Handbags,Outlet DC,07/20/2026 03:46 AM,07/22/2026 07:27 PM,07/23/2026 11:38 AM,Sent to E-Com
BK-017951,Books,Store 12,07/31/2026 05:20 AM,07/31/2026 05:54 PM,08/01/2026 07:51 PM,Sent to E-Com
CO-018001,Collectibles,Store 07,07/17/2026 04:42 AM,07/17/2026 03:10 PM,07/18/2026 09:15 AM,Listed
BK-018003,Books,Store 12,07/25/2026 11:03 AM,07/26/2026 02:44 AM,07/26/2026 06:43 PM,Listed
BK-018005,Books,Store 04,06/17/2026 03:40 AM,06/17/2026 05:44 PM,06/18/2026 02:28 PM,Listed
BK-018006,Books,Outlet DC,07/13/2026 06:49 PM,07/13/2026 07:23 PM,07/15/2026 03:59 AM,Listed
BK-018008,Books,Store 12,05/24/2026 09:32 PM,05/25/2026 11:14 PM,05/27/2026 02:27 PM,Listed
BK-018009,Books,Donation Center 02,07/25/2026 01:36 AM,07/25/2026 07:26 PM,07/27/2026 08:21 AM,Listed
BK-018010,Books,Store 04,06/20/2026 12:12 PM,06/22/2026 10:42 AM,06/23/2026 01:52 AM,Listed
TY-018011,Toys,Outlet DC,07/23/2026 09:36 PM,07/25/2026 07:33 PM,07/26/2026 01:28 AM,Sent to E-Com
BK-018013,Books,Store 12,07/17/2026 08:55 AM,07/19/2026 07:00 AM,07/20/2026 09:17 AM,Listed
BK-018014,Books,Store 07,07/22/2026 01:09 AM,07/22/2026 06:43 AM,07/22/2026 11:43 AM,Listed
BK-018015,Books,Store 07,06/26/2026 07:19 AM,06/26/2026 11:45 PM,06/27/2026 09:01 PM,Listed
BK-018016,Books,Store 12,07/13/2026 06:18 PM,07/16/2026 12:08 PM,07/16/2026 04:51 PM,Listed
BK-018018,Books,Donation Center 02,06/29/2026 04:18 AM,07/01/2026 04:22 PM,07/03/2026 10:04 AM,Listed
BK-018019,Books,Outlet DC,07/27/2026 08:02 PM,07/29/2026 12:09 PM,07/30/2026 02:23 PM,Sent to E-Com
BK-018023,Books,Store 04,07/22/2026 01:51 AM,07/22/2026 10:38 AM,07/23/2026 10:41 AM,Listed
BK-018025,Books,Store 04,06/08/2026 04:32 AM,06/08/2026 07:22 PM,06/10/2026 03:22 AM,Listed
BK-018028,Books,Store 04,07/15/2026 12:56 AM,07/15/2026 06:40 AM,07/15/2026 09:21 AM,Listed
BK-018034,Books,Donation Center 02,06/01/2026 07:26 PM,06/04/2026 07:58 AM,06/04/2026 01:32 PM,Listed
BK-018036,Books,Store 04,07/20/2026 05:02 AM,07/21/2026 03:54 AM,07/23/2026 01:43 AM,Sent to E-Com
BK-018037,Books,Store 04,07/20/2026 03:08 PM,07/22/2026 04:04 AM,07/23/2026 06:15 PM,Listed
BK-018038,Books,Store 12,07/14/2026 10:59 PM,07/17/2026 11:34 AM,07/18/2026 09:22 PM,Listed
BK-018040,Books,Donation Center 02,07/01/2026 04:17 AM,07/01/2026 02:10 PM,07/02/2026 03:48 PM,Listed
EL-018041,Electronics,Store 04,07/11/2026 07:22 AM,07/11/2026 08:44 PM,07/12/2026 10:37 AM,Listed
BK-018042,Books,Store 07,06/16/2026 09:48 AM,06/17/2026 04:41 PM,06/19/2026 10:35 AM,Listed
KT-018044,Kitchen,Store 12,07/27/2026 04:06 PM,07/29/2026 05:22 AM,07/30/2026 07:10 AM,Sent to E-Com
CL-018047,Clothing,Store 04,06/29/2026 04:28 PM,07/01/2026 09:15 PM,07/03/2026 05:55 PM,Listed
HB-018050,Handbags,Store 04,07/29/2026 03:14 AM,07/29/2026 03:59 PM,07/29/2026 10:05 PM,Sent to E-Com
KT-018054,Kitchen,Outlet DC,07/12/2026 04:06 PM,07/13/2026 03:17 PM,07/14/2026 04:13 PM,Listed
HB-018056,Handbags,Store 07,07/07/2026 05:19 PM,07/08/2026 10:22 AM,07/10/2026 10:21 AM,Listed
EL-018057,Electronics,Store 04,07/01/2026 04:48 PM,07/03/2026 05:11 PM,07/05/2026 07:22 AM,Listed
SH-018058,Shoes,Store 12,07/30/2026 03:27 AM,07/31/2026 04:55 PM,07/31/2026 11:19 PM,Sent to E-Com
CL-018061,Clothing,Store 07,07/18/2026 11:18 PM,07/20/2026 12:17 PM,07/21/2026 11:02 PM,Listed
CL-018065,Clothing,Store 04,06/19/2026 06:16 PM,06/22/2026 09:38 AM,06/24/2026 04:31 AM,Listed
SH-018067,Shoes,Store 07,07/03/2026 07:04 PM,07/04/2026 04:49 PM,07/05/2026 01:54 PM,Listed
SG-018069,Sporting Goods,Donation Center 02,07/19/2026 04:23 AM,07/19/2026 07:22 AM,07/19/2026 09:34 PM,Listed
FN-018072,Furniture,Store 12,07/24/2026 11:48 PM,07/25/2026 02:14 AM,07/26/2026 11:54 PM,Sent to E-Com
CL-018079,Clothing,Store 12,07/27/2026 01:33 AM,07/28/2026 10:04 AM,07/28/2026 11:01 PM,Listed
BK-018085,Books,Donation Center 02,07/26/2026 08:50 PM,07/27/2026 09:27 AM,07/29/2026 03:21 AM,Sent to E-Com
BK-018087,Books,Store 12,07/29/2026 08:27 AM,07/29/2026 11:10 PM,07/30/2026 09:16 PM,Sent to E-Com
BK-018088,Books,Outlet DC,07/25/2026 02:31 PM,07/25/2026 06:27 PM,07/27/2026 01:38 PM,Listed
BK-018094,Books,Store 04,07/28/2026 09:51 AM,07/29/2026 08:15 PM,07/30/2026 09:25 PM,Sent to E-Com
BK-018095,Books,Store 12,07/29/2026 08:19 PM,07/31/2026 06:37 AM,08/01/2026 11:46 PM,Sent to E-Com
BK-018096,Books,Store 04,07/01/2026 10:12 PM,07/03/2026 11:07 PM,07/04/2026 09:53 PM,Listed
BK-018098,Books,Outlet DC,07/31/2026 05:42 AM,07/31/2026 09:20 AM,08/01/2026 09:45 PM,Sent to E-Com
BK-018101,Books,Store 07,07/19/2026 05:36 AM,07/19/2026 07:46 PM,07/20/2026 11:50 PM,Sent to E-Com
CO-018111,Collectibles,Store 04,07/18/2026 10:46 PM,07/21/2026 04:15 PM,07/23/2026 11:20 AM,Listed
JW-018114,Jewelry,Store 04,07/27/2026 04:34 PM,07/30/2026 12:41 AM,07/31/2026 07:24 AM,Sent to E-Com
JW-018145,Jewelry,Store 12,07/29/2026 03:38 PM,07/30/2026 10:22 AM,07/30/2026 08:46 PM,Sent to E-Com
BK-018168,Books,Store 04,07/18/2026 04:35 AM,07/18/2026 08:03 AM,07/19/2026 10:17 AM,Listed
BK-018169,Books,Outlet DC,07/27/2026 11:30 AM,07/28/2026 02:19 AM,07/29/2026 05:23 AM,Listed
CO-018172,Collectibles,Store 07,07/24/2026 02:25 PM,07/24/2026 05:02 PM,07/25/2026 04:31 PM,Listed
BK-018175,Books,Donation Center 02,07/18/2026 11:26 PM,07/19/2026 08:53 AM,07/20/2026 06:03 PM,Listed
BK-018176,Books,Store 04,02/20/2026 04:38 PM,02/22/2026 03:09 PM,02/22/2026 06:32 PM,Listed
BK-018177,Books,Store 07,03/16/2026 02:36 PM,03/18/2026 06:08 AM,03/18/2026 09:16 AM,Listed
BK-018180,Books,Store 07,07/11/2026 09:50 AM,07/14/2026 07:01 AM,07/14/2026 01:09 PM,Listed
BK-018184,Books,Store 07,05/15/2026 07:29 PM,05/17/2026 01:01 PM,05/18/2026 02:41 AM,Listed
BK-018187,Books,Store 04,07/11/2026 12:41 AM,07/13/2026 05:16 AM,07/14/2026 09:54 AM,Listed
BK-018189,Books,Store 12,06/20/2026 02:14 AM,06/22/2026 10:22 AM,06/22/2026 02:35 PM,Listed
BK-018191,Books,Store 04,05/11/2026 02:46 AM,05/11/2026 09:53 PM,05/13/2026 09:14 PM,Listed
MD-018193,Media,Store 12,07/24/2026 04:52 AM,07/24/2026 04:54 AM,07/24/2026 10:42 PM,Listed
BK-018196,Books,Donation Center 02,05/30/2026 06:33 PM,05/31/2026 08:45 AM,06/02/2026 12:22 AM,Listed
BK-018197,Books,Outlet DC,07/10/2026 12:37 AM,07/10/2026 10:23 PM,07/12/2026 09:35 PM,Listed
BK-018199,Books,Store 07,07/08/2026 05:49 AM,07/10/2026 01:57 AM,07/10/2026 10:14 AM,Listed
BK-018201,Books,Store 07,07/11/2026 10:13 AM,07/13/2026 02:14 PM,07/14/2026 09:01 AM,Sent to E-Com
BK-018203,Books,Store 12,06/25/2026 12:10 AM,06/27/2026 11:49 AM,06/27/2026 09:41 PM,Listed
BK-018204,Books,Donation Center 02,06/26/2026 03:30 PM,06/28/2026 09:23 PM,06/28/2026 09:43 PM,Listed
BK-018206,Books,Store 07,06/30/2026 03:08 PM,07/01/2026 12:52 AM,07/02/2026 04:07 PM,Listed
BK-018213,Books,Store 07,07/02/2026 05:33 PM,07/03/2026 10:37 AM,07/04/2026 07:11 PM,Listed
HB-018215,Handbags,Store 12,07/27/2026 05:42 AM,07/29/2026 06:51 PM,07/30/2026 12:59 PM,Sent to E-Com
CO-018217,Collectibles,Donation Center 02,07/04/2026 08:29 PM,07/07/2026 09:39 AM,07/07/2026 11:18 AM,Listed
HB-018218,Handbags,Outlet DC,06/27/2026 05:46 PM,06/29/2026 12:03 AM,06/29/2026 09:51 AM,Listed
CL-018223,Clothing,Store 07,07/15/2026 08:39 PM,07/16/2026 05:37 AM,07/18/2026 12:44 AM,Listed
KT-018227,Kitchen,Store 07,07/25/2026 06:39 PM,07/28/2026 02:46 AM,07/29/2026 12:33 PM,Listed
EL-018230,Electronics,Outlet DC,07/24/2026 02:40 PM,07/27/2026 02:33 PM,07/27/2026 09:31 PM,Sent to E-Com
KT-018231,Kitchen,Donation Center 02,07/19/2026 04:17 AM,07/19/2026 12:43 PM,07/21/2026 12:42 AM,Listed
EL-018232,Electronics,Store 04,07/20/2026 02:31 PM,07/22/2026 03:58 AM,07/23/2026 11:00 AM,Sent to E-Com
KT-018235,Kitchen,Store 07,06/23/2026 10:38 PM,06/25/2026 06:30 AM,06/26/2026 02:42 PM,Listed
BK-018253,Books,Store 07,07/27/2026 01:37 AM,07/29/2026 06:18 PM,07/31/2026 06:27 AM,Sent to E-Com
HM-018302,Home Decor,Store 12,07/29/2026 04:29 PM,07/30/2026 06:43 PM,07/31/2026 09:57 AM,Sent to E-Com
BK-018320,Books,Outlet DC,07/03/2026 10:43 AM,07/05/2026 09:18 PM,07/06/2026 09:57 AM,Listed
BK-018323,Books,Donation Center 02,07/21/2026 06:51 PM,07/22/2026 04:19 PM,07/23/2026 04:05 AM,Listed
BK-018324,Books,Store 04,06/29/2026 10:53 PM,07/02/2026 12:52 PM,07/02/2026 03:32 PM,Listed
BK-018327,Books,Outlet DC,07/28/2026 12:56 PM,07/31/2026 05:10 AM,08/01/2026 07:53 AM,Sent to E-Com
BK-018329,Books,Store 07,07/21/2026 01:41 AM,07/22/2026 09:18 PM,07/24/2026 08:27 AM,Listed
MD-018332,Media,Store 12,07/30/2026 10:48 AM,07/31/2026 01:15 PM,07/31/2026 09:10 PM,Sent to E-Com
BK-018335,Books,Outlet DC,06/25/2026 06:49 PM,06/27/2026 04:58 PM,06/29/2026 01:11 AM,Listed
BK-018337,Books,Store 07,07/27/2026 02:38 AM,07/28/2026 08:10 PM,07/28/2026 09:08 PM,Listed
BK-018338,Books,Store 07,07/09/2026 11:05 PM,07/12/2026 08:30 PM,07/13/2026 08:38 PM,Listed
BK-018340,Books,Outlet DC,07/28/2026 10:53 PM,07/31/2026 01:48 PM,07/31/2026 03:16 PM,Sent to E-Com
BK-018341,Books,Outlet DC,07/11/2026 05:37 AM,07/13/2026 03:38 AM,07/15/2026 01:38 AM,Listed
BK-018342,Books,Store 07,07/16/2026 05:54 PM,07/19/2026 11:49 AM,07/19/2026 02:22 PM,Listed
BK-018344,Books,Store 04,07/11/2026 02:30 PM,07/12/2026 05:19 AM,07/13/2026 09:27 AM,Listed
BK-018345,Books,Store 07,07/22/2026 01:39 AM,07/23/2026 08:14 PM,07/25/2026 08:07 PM,Sent to E-Com
BK-018346,Books,Store 07,07/08/2026 02:52 PM,07/09/2026 03:43 PM,07/11/2026 02:29 AM,Listed
CO-018350,Collectibles,Store 12,07/19/2026 11:07 AM,07/20/2026 11:24 PM,07/22/2026 07:12 PM,Listed
BK-018353,Books,Store 04,05/23/2026 05:45 PM,05/26/2026 09:53 AM,05/27/2026 01:41 PM,Listed
BK-018359,Books,Outlet DC,07/01/2026 08:26 PM,07/02/2026 11:50 AM,07/03/2026 10:19 PM,Listed
BK-018360,Books,Outlet DC,07/14/2026 02:19 PM,07/14/2026 02:43 PM,07/14/2026 05:29 PM,Listed
BK-018364,Books,Donation Center 02,07/19/2026 03:37 AM,07/19/2026 09:20 AM,07/19/2026 08:01 PM,Sent to E-Com
BK-018365,Books,Store 12,07/20/2026 08:40 AM,07/23/2026 05:28 AM,07/24/2026 08:42 PM,Listed
BK-018366,Books,Store 04,07/29/2026 01:38 AM,07/29/2026 06:35 PM,07/30/2026 12:21 AM,Sent to E-Com
BK-018367,Books,Store 04,07/10/2026 11:04 PM,07/13/2026 02:11 AM,07/15/2026 01:02 AM,Listed
EL-018373,Electronics,Store 04,07/29/2026 01:56 AM,07/30/2026 03:03 PM,07/31/2026 02:58 AM,Listed
SG-018374,Sporting Goods,Outlet DC,07/09/2026 03:31 PM,07/10/2026 06:30 AM,07/11/2026 08:26 AM,Listed
SH-018381,Shoes,Outlet DC,07/22/2026 10:53 AM,07/23/2026 06:04 PM,07/24/2026 11:14 PM,Listed
CL-018464,Clothing,Donation Center 02,07/31/2026 04:59 AM,07/31/2026 01:02 PM,08/01/2026 09:59 PM,Sent to E-Com
BK-018476,Books,Store 07,07/30/2026 06:18 AM,07/30/2026 05:16 PM,08/01/2026 05:04 PM,Sent to E-Com
BK-018477,Books,Outlet DC,06/23/2026 09:16 PM,06/25/2026 10:57 PM,06/27/2026 06:09 AM,Listed
BK-018478,Books,Donation Center 02,06/22/2026 01:40 PM,06/22/2026 03:46 PM,06/24/2026 03:49 AM,Listed
BK-018480,Books,Outlet DC,07/25/2026 02:34 AM,07/25/2026 07:35 AM,07/26/2026 11:19 PM,Listed
MD-018481,Media,Store 04,07/25/2026 05:08 AM,07/27/2026 10:48 AM,07/28/2026 11:26 PM,Sent to E-Com
BK-018484,Books,Store 07,07/28/2026 04:31 AM,07/28/2026 08:19 AM,07/29/2026 11:57 AM,Sent to E-Com
BK-018485,Books,Store 12,07/23/2026 03:44 PM,07/24/2026 11:42 AM,07/25/2026 11:30 AM,Listed
BK-018489,Books,Store 12,07/21/2026 04:39 PM,07/24/2026 02:40 AM,07/25/2026 04:34 AM,Listed
BK-018490,Books,Outlet DC,06/07/2026 01:21 PM,06/08/2026 10:53 AM,06/10/2026 04:06 AM,Listed
BK-018493,Books,Outlet DC,07/06/2026 12:39 AM,07/08/2026 10:59 PM,07/09/2026 12:35 PM,Listed
BK-018497,Books,Store 07,05/25/2026 11:43 PM,05/26/2026 02:20 PM,05/28/2026 01:03 PM,Listed
BK-018499,Books,Outlet DC,07/17/2026 07:19 PM,07/18/2026 01:28 PM,07/18/2026 06:02 PM,Listed
BK-018501,Books,Donation Center 02,07/14/2026 06:29 PM,07/17/2026 03:41 AM,07/17/2026 07:31 AM,Listed
BK-018504,Books,Store 07,05/03/2026 02:14 AM,05/05/2026 06:29 PM,05/07/2026 04:44 PM,Listed
BK-018506,Books,Donation Center 02,05/06/2026 11:07 AM,05/08/2026 08:16 AM,05/09/2026 06:06 PM,Listed
BK-018507,Books,Outlet DC,07/19/2026 10:53 PM,07/20/2026 01:36 AM,07/21/2026 01:08 AM,Listed
BK-018509,Books,Store 04,05/18/2026 07:59 PM,05/19/2026 01:53 AM,05/19/2026 06:43 AM,Listed
BK-018510,Books,Store 07,06/24/2026 07:41 PM,06/27/2026 03:11 AM,06/28/2026 04:39 PM,Listed
BK-018511,Books,Outlet DC,04/23/2026 05:27 AM,04/25/2026 04:36 AM,04/26/2026 03:01 PM,Listed
BK-018512,Books,Store 07,06/29/2026 05:18 PM,07/02/2026 05:52 AM,07/02/2026 11:55 AM,Listed
BK-018514,Books,Store 07,07/05/2026 08:10 AM,07/07/2026 09:01 PM,07/08/2026 08:11 AM,Listed
BK-018515,Books,Store 04,05/31/2026 07:43 PM,06/02/2026 05:07 AM,06/04/2026 04:04 AM,Listed
BK-018519,Books,Donation Center 02,07/11/2026 06:47 AM,07/12/2026 08:02 PM,07/14/2026 06:38 AM,Listed
BK-018523,Books,Store 07,07/26/2026 07:35 PM,07/29/2026 07:25 AM,07/29/2026 05:00 PM,Listed
BK-018526,Books,Store 07,04/29/2026 11:10 AM,05/01/2026 09:39 AM,05/02/2026 12:38 PM,Listed
BK-018527,Books,Donation Center 02,07/24/2026 02:54 PM,07/26/2026 07:23 PM,07/28/2026 12:48 PM,Listed
BK-018528,Books,Store 04,07/20/2026 11:57 AM,07/21/2026 03:04 PM,07/22/2026 01:32 PM,Listed
KT-018540,Kitchen,Store 04,07/25/2026 02:44 AM,07/26/2026 07:34 AM,07/28/2026 02:55 AM,Sent to E-Com
KT-018542,Kitchen,Store 04,05/10/2026 10:32 AM,05/11/2026 04:33 PM,05/13/2026 04:54 AM,Listed
EL-018544,Electronics,Outlet DC,07/24/2026 07:51 AM,07/24/2026 01:20 PM,07/26/2026 05:53 AM,Listed
CO-018550,Collectibles,Outlet DC,07/22/2026 06:10 PM,07/23/2026 01:23 AM,07/24/2026 08:57 AM,Listed
SH-018557,Shoes,Store 12,06/25/2026 04:04 PM,06/27/2026 04:52 AM,06/27/2026 06:42 AM,Listed
CL-018558,Clothing,Store 04,06/29/2026 01:29 AM,07/01/2026 07:32 PM,07/02/2026 09:41 AM,Listed
CL-018561,Clothing,Store 07,07/07/2026 07:10 AM,07/08/2026 06:26 PM,07/08/2026 07:58 PM,Listed
BK-018643,Books,Donation Center 02,07/31/2026 01:34 PM,07/31/2026 07:45 PM,07/31/2026 10:01 PM,Sent to E-Com
BK-018644,Books,Outlet DC,06/16/2026 02:11 PM,06/17/2026 01:30 PM,06/19/2026 09:28 AM,Listed
BK-018645,Books,Store 12,07/29/2026 10:23 AM,07/31/2026 03:27 PM,08/01/2026 05:20 PM,Sent to E-Com
BK-018647,Books,Outlet DC,07/25/2026 08:01 PM,07/26/2026 01:07 AM,07/26/2026 10:55 AM,Sent to E-Com
BK-018648,Books,Donation Center 02,05/09/2026 10:31 AM,05/10/2026 09:36 PM,05/12/2026 02:52 PM,Listed
BK-018649,Books,Outlet DC,06/12/2026 07:25 PM,06/13/2026 07:27 PM,06/15/2026 04:46 AM,Listed
BK-018652,Books,Donation Center 02,06/17/2026 06:24 PM,06/19/2026 04:04 AM,06/20/2026 12:21 PM,Listed
BK-018653,Books,Store 04,07/05/2026 10:38 AM,07/07/2026 10:37 PM,07/09/2026 08:40 PM,Listed
BK-018659,Books,Donation Center 02,07/26/2026 09:16 AM,07/28/2026 05:14 PM,07/30/2026 12:04 PM,Sent to E-Com
EL-018661,Electronics,Outlet DC,07/24/2026 10:38 AM,07/25/2026 07:48 AM,07/27/2026 07:07 AM,Listed
BK-018662,Books,Store 04,07/02/2026 12:33 PM,07/05/2026 06:18 AM,07/07/2026 03:20 AM,Listed
BK-018665,Books,Store 07,07/10/2026 08:20 PM,07/11/2026 12:57 PM,07/11/2026 02:54 PM,Listed
BK-018668,Books,Donation Center 02,06/22/2026 11:24 PM,06/23/2026 01:37 PM,06/25/2026 10:34 AM,Listed
BK-018671,Books,Store 12,06/25/2026 03:12 AM,06/25/2026 12:01 PM,06/25/2026 07:12 PM,Listed
BK-018679,Books,Outlet DC,07/05/2026 05:41 AM,07/07/2026 09:22 AM,07/07/2026 08:09 PM,Listed
BK-018680,Books,Store 07,04/26/2026 08:08 PM,04/28/2026 05:41 AM,04/29/2026 01:56 AM,Listed
BK-018682,Books,Donation Center 02,07/18/2026 02:18 AM,07/20/2026 02:25 AM,07/21/2026 12:11 PM,Sent to E-Com
BK-018683,Books,Donation Center 02,07/11/2026 09:08 AM,07/12/2026 01:49 PM,07/13/2026 02:13 AM,Listed
BK-018685,Books,Store 07,07/17/2026 03:08 PM,07/20/2026 01:11 AM,07/20/2026 03:19 PM,Listed
BK-018686,Books,Outlet DC,06/22/2026 03:15 AM,06/24/2026 06:39 PM,06/24/2026 07:31 PM,Listed
BK-018689,Books,Store 12,07/22/2026 03:13 AM,07/24/2026 06:54 AM,07/25/2026 10:22 AM,Listed
BK-018690,Books,Store 04,06/12/2026 02:32 AM,06/13/2026 10:57 PM,06/15/2026 03:26 AM,Listed
BK-018692,Books,Store 12,07/21/2026 11:44 PM,07/23/2026 03:04 AM,07/24/2026 11:58 PM,Listed
BK-018693,Books,Donation Center 02,07/30/2026 08:54 AM,08/01/2026 09:50 AM,08/01/2026 03:05 PM,Sent to E-Com
BK-018700,Books,Store 12,07/18/2026 08:24 AM,07/21/2026 07:01 AM,07/23/2026 01:09 AM,Sent to E-Com
BK-018701,Books,Store 04,07/18/2026 09:42 PM,07/19/2026 09:46 AM,07/20/2026 04:15 PM,Listed
BK-018702,Books,Outlet DC,04/10/2026 08:15 PM,04/12/2026 06:47 AM,04/13/2026 08:50 PM,Listed
BK-018707,Books,Donation Center 02,07/19/2026 07:16 AM,07/19/2026 11:24 PM,07/20/2026 04:13 PM,Listed
BK-018709,Books,Outlet DC,06/24/2026 04:37 PM,06/25/2026 01:22 PM,06/27/2026 07:12 AM,Listed
SH-018714,Shoes,Outlet DC,07/26/2026 07:15 AM,07/26/2026 03:46 PM,07/27/2026 02:47 AM,Listed
KT-018717,Kitchen,Store 04,07/24/2026 04:08 AM,07/26/2026 07:22 AM,07/27/2026 10:26 PM,Sent to E-Com
CL-018726,Clothing,Store 12,07/28/2026 03:50 PM,07/29/2026 10:16 AM,07/30/2026 10:19 PM,Sent to E-Com
EL-018728,Electronics,Store 04,07/29/2026 03:54 AM,07/29/2026 03:57 AM,07/29/2026 05:57 AM,Sent to E-Com
CL-018730,Clothing,Outlet DC,07/28/2026 02:08 AM,07/29/2026 11:51 AM,07/31/2026 06:04 AM,Sent to E-Com
EL-018736,Electronics,Store 12,07/20/2026 09:33 AM,07/22/2026 11:30 PM,07/24/2026 04:49 PM,Listed
CO-018739,Collectibles,Store 12,07/04/2026 11:02 AM,07/05/2026 03:43 PM,07/07/2026 04:01 AM,Listed
KT-018740,Kitchen,Outlet DC,05/11/2026 02:55 PM,05/12/2026 08:41 PM,05/14/2026 05:30 AM,Listed
EL-018746,Electronics,Store 07,07/22/2026 12:22 AM,07/24/2026 02:34 PM,07/26/2026 01:46 PM,Listed
SH-018748,Shoes,Store 12,06/30/2026 03:33 PM,07/01/2026 02:26 PM,07/03/2026 01:19 PM,Listed
BK-018763,Books,Store 12,07/27/2026 11:50 AM,07/30/2026 05:34 AM,07/30/2026 02:00 PM,Sent to E-Com
BK-018769,Books,Store 07,07/26/2026 06:02 AM,07/28/2026 12:38 AM,07/29/2026 01:52 AM,Sent to E-Com
BK-018772,Books,Store 07,07/08/2026 08:34 AM,07/11/2026 04:36 AM,07/12/2026 12:04 AM,Listed
BK-018833,Books,Donation Center 02,07/19/2026 03:47 AM,07/19/2026 10:32 PM,07/20/2026 07:46 AM,Listed
TY-018834,Toys,Store 12,07/23/2026 10:25 AM,07/24/2026 12:02 AM,07/24/2026 10:07 PM,Sent to E-Com
BK-018836,Books,Store 12,07/31/2026 08:17 AM,07/31/2026 09:20 AM,08/01/2026 03:04 PM,Sent to E-Com
BK-018837,Books,Outlet DC,07/21/2026 05:14 PM,07/22/2026 02:28 PM,07/24/2026 07:49 AM,Listed
BK-018842,Books,Donation Center 02,07/08/2026 08:02 AM,07/09/2026 11:44 AM,07/09/2026 10:21 PM,Listed
BK-018844,Books,Store 04,07/10/2026 12:16 AM,07/11/2026 06:39 AM,07/12/2026 03:24 AM,Listed
BK-018849,Books,Store 04,05/25/2026 02:54 PM,05/27/2026 12:45 PM,05/29/2026 05:13 AM,Listed
BK-018850,Books,Store 07,07/28/2026 02:53 PM,07/31/2026 01:33 AM,07/31/2026 03:08 AM,Sent to E-Com
BK-018851,Books,Donation Center 02,06/26/2026 07:04 PM,06/28/2026 12:04 AM,06/28/2026 05:06 AM,Listed
BK-018852,Books,Store 07,06/13/2026 07:36 PM,06/16/2026 05:17 AM,06/17/2026 04:41 AM,Listed
BK-018855,Books,Store 04,06/21/2026 12:19 PM,06/21/2026 09:39 PM,06/22/2026 02:45 PM,Listed
BK-018859,Books,Store 07,07/13/2026 11:36 PM,07/14/2026 05:27 PM,07/16/2026 06:11 AM,Listed
BK-018861,Books,Outlet DC,07/23/2026 09:41 PM,07/26/2026 07:15 PM,07/27/2026 05:23 PM,Listed
BK-018866,Books,Store 04,07/21/2026 05:35 AM,07/23/2026 11:56 PM,07/24/2026 11:13 PM,Listed
BK-018868,Books,Store 04,05/30/2026 09:34 AM,05/30/2026 11:14 PM,06/01/2026 04:20 PM,Listed
BK-018871,Books,Store 04,07/06/2026 05:52 AM,07/06/2026 11:50 AM,07/08/2026 10:50 AM,Listed
MD-018875,Media,Donation Center 02,07/11/2026 09:58 AM,07/12/2026 12:23 PM,07/13/2026 06:47 AM,Listed
BK-018880,Books,Store 07,06/22/2026 08:05 AM,06/24/2026 09:48 AM,06/24/2026 05:13 PM,Listed
CL-018886,Clothing,Donation Center 02,06/30/2026 06:52 PM,07/03/2026 01:57 AM,07/04/2026 08:14 AM,Listed
CL-018887,Clothing,Outlet DC,07/26/2026 07:25 PM,07/28/2026 12:17 AM,07/28/2026 01:19 AM,Listed
EL-018896,Electronics,Store 07,06/18/2026 02:51 PM,06/18/2026 11:53 PM,06/20/2026 05:09 PM,Listed
CO-018902,Collectibles,Store 07,07/29/2026 03:03 AM,07/29/2026 03:23 AM,07/30/2026 12:39 AM,Listed
SG-018903,Sporting Goods,Store 07,07/28/2026 01:23 AM,07/30/2026 06:25 PM,07/30/2026 08:19 PM,Sent to E-Com
HB-018905,Handbags,Donation Center 02,07/16/2026 06:52 AM,07/17/2026 10:30 AM,07/19/2026 03:51 AM,Listed
BK-018997,Books,Store 04,07/25/2026 02:19 PM,07/27/2026 05:06 PM,07/28/2026 02:18 AM,Sent to E-Com
BK-018999,Books,Store 04,07/21/2026 07:31 PM,07/22/2026 10:21 PM,07/24/2026 11:39 AM,Listed
BK-019000,Books,Store 12,07/17/2026 04:05 AM,07/18/2026 09:01 PM,07/19/2026 12:42 AM,Listed
BK-019002,Books,Donation Center 02,07/13/2026 06:21 PM,07/14/2026 05:51 AM,07/15/2026 09:53 PM,Listed
BK-019004,Books,Outlet DC,07/31/2026 03:22 PM,08/01/2026 03:01 AM,08/01/2026 10:42 PM,Sent to E-Com
BK-019007,Books,Store 04,07/07/2026 04:47 PM,07/09/2026 12:57 AM,07/09/2026 04:58 PM,Listed
BK-019012,Books,Donation Center 02,06/03/2026 05:43 AM,06/05/2026 02:47 AM,06/06/2026 07:26 AM,Listed
BK-019020,Books,Donation Center 02,07/07/2026 04:53 PM,07/10/2026 02:10 PM,07/11/2026 07:03 AM,Listed
BK-019026,Books,Store 07,07/14/2026 07:18 PM,07/15/2026 09:06 PM,07/17/2026 08:24 PM,Listed
BK-019027,Books,Store 12,07/23/2026 06:22 AM,07/25/2026 09:56 AM,07/26/2026 01:09 PM,Sent to E-Com
EL-019030,Electronics,Store 07,07/17/2026 09:32 PM,07/20/2026 08:24 PM,07/21/2026 08:03 PM,Listed
CL-019033,Clothing,Donation Center 02,07/28/2026 07:06 PM,07/31/2026 03:47 PM,07/31/2026 06:54 PM,Sent to E-Com
CL-019035,Clothing,Outlet DC,06/25/2026 02:19 AM,06/25/2026 06:05 PM,06/26/2026 03:31 AM,Listed
EL-019037,Electronics,Donation Center 02,07/24/2026 09:51 AM,07/25/2026 01:50 PM,07/26/2026 02:49 PM,Sent to E-Com
HB-019059,Handbags,Store 12,07/28/2026 10:52 PM,07/31/2026 08:07 AM,08/01/2026 11:10 PM,Sent to E-Com
BK-019068,Books,Store 07,07/16/2026 02:26 AM,07/18/2026 11:30 AM,07/18/2026 10:14 PM,Sent to E-Com
BK-019117,Books,Store 07,07/28/2026 02:04 PM,07/30/2026 12:20 AM,07/30/2026 12:49 AM,Sent to E-Com
BK-019122,Books,Outlet DC,07/30/2026 01:50 AM,07/31/2026 12:00 PM,08/01/2026 09:19 PM,Sent to E-Com
BK-019124,Books,Outlet DC,06/25/2026 02:32 PM,06/26/2026 06:37 AM,06/27/2026 05:54 AM,Listed
BK-019125,Books,Store 07,07/20/2026 05:58 PM,07/23/2026 03:26 AM,07/24/2026 02:01 AM,Listed
BK-019128,Books,Outlet DC,07/07/2026 04:58 AM,07/09/2026 08:27 AM,07/10/2026 07:11 AM,Listed
BK-019129,Books,Store 07,07/16/2026 04:45 AM,07/16/2026 08:48 AM,07/17/2026 09:26 AM,Sent to E-Com
BK-019130,Books,Store 07,06/15/2026 06:31 PM,06/16/2026 05:14 AM,06/16/2026 11:12 AM,Listed
BK-019131,Books,Store 12,07/13/2026 01:54 AM,07/15/2026 03:58 AM,07/16/2026 09:27 PM,Listed
BK-019135,Books,Donation Center 02,05/18/2026 11:27 AM,05/20/2026 04:25 PM,05/21/2026 09:31 PM,Listed
BK-019136,Books,Donation Center 02,07/05/2026 08:30 PM,07/07/2026 06:57 AM,07/08/2026 08:09 PM,Listed
BK-019138,Books,Store 04,06/22/2026 06:51 AM,06/23/2026 09:10 AM,06/24/2026 10:06 PM,Listed
MD-019140,Media,Outlet DC,07/24/2026 05:21 AM,07/26/2026 01:47 PM,07/28/2026 01:05 PM,Sent to E-Com
BK-019142,Books,Donation Center 02,04/29/2026 09:57 PM,04/30/2026 03:18 AM,05/02/2026 03:05 AM,Listed
BK-019143,Books,Store 12,07/23/2026 07:53 PM,07/24/2026 11:38 PM,07/25/2026 03:53 PM,Sent to E-Com
BK-019146,Books,Store 07,07/15/2026 12:34 PM,07/18/2026 08:13 AM,07/19/2026 06:34 AM,Listed
BK-019148,Books,Store 07,07/12/2026 12:30 AM,07/13/2026 04:42 PM,07/14/2026 04:27 AM,Listed
BK-019158,Books,Outlet DC,07/29/2026 03:15 AM,07/30/2026 12:04 PM,07/31/2026 02:36 AM,Sent to E-Com
BK-019160,Books,Store 07,06/25/2026 08:46 AM,06/28/2026 02:15 AM,06/28/2026 07:13 PM,Listed
BK-019161,Books,Store 12,07/14/2026 06:09 AM,07/16/2026 09:01 PM,07/17/2026 11:07 AM,Listed
BK-019167,Books,Store 04,06/19/2026 12:05 PM,06/21/2026 01:41 PM,06/21/2026 05:06 PM,Listed
BK-019168,Books,Store 07,07/26/2026 11:20 PM,07/28/2026 11:30 AM,07/29/2026 11:13 PM,Sent to E-Com
BK-019169,Books,Donation Center 02,05/07/2026 09:12 AM,05/07/2026 11:01 PM,05/08/2026 07:49 PM,Listed
SG-019170,Sporting Goods,Donation Center 02,07/15/2026 03:57 AM,07/15/2026 10:38 PM,07/16/2026 08:59 AM,Listed
SG-019173,Sporting Goods,Outlet DC,07/09/2026 12:26 PM,07/11/2026 09:47 AM,07/11/2026 01:22 PM,Listed
HB-019174,Handbags,Store 12,07/24/2026 07:27 AM,07/24/2026 04:01 PM,07/26/2026 11:35 AM,Sent to E-Com
CL-019175,Clothing,Store 12,07/24/2026 06:30 AM,07/26/2026 11:34 PM,07/27/2026 08:51 AM,Sent to E-Com
SH-019176,Shoes,Donation Center 02,07/10/2026 07:19 PM,07/11/2026 07:45 AM,07/12/2026 01:28 AM,Listed
SG-019186,Sporting Goods,Store 07,07/12/2026 08:19 PM,07/15/2026 01:36 PM,07/16/2026 05:25 AM,Listed
EL-019190,Electronics,Store 12,07/09/2026 04:17 PM,07/11/2026 10:59 AM,07/11/2026 11:21 PM,Listed
BK-019281,Books,Store 12,07/18/2026 06:42 PM,07/19/2026 05:28 AM,07/20/2026 01:25 PM,Listed
BK-019282,Books,Store 12,07/29/2026 03:42 AM,07/29/2026 03:58 AM,07/30/2026 05:44 PM,Sent to E-Com
BK-019286,Books,Store 04,07/22/2026 12:47 PM,07/25/2026 01:16 AM,07/25/2026 12:06 PM,Listed
BK-019290,Books,Donation Center 02,07/06/2026 08:00 AM,07/08/2026 10:14 PM,07/10/2026 08:26 AM,Listed
BK-019292,Books,Store 07,07/21/2026 04:51 PM,07/23/2026 09:39 PM,07/24/2026 09:31 PM,Listed
BK-019293,Books,Store 07,06/08/2026 07:55 PM,06/10/2026 11:09 AM,06/10/2026 02:39 PM,Listed
BK-019294,Books,Store 04,06/03/2026 10:25 AM,06/05/2026 06:20 PM,06/07/2026 01:50 AM,Listed
BK-019298,Books,Store 07,07/23/2026 07:58 AM,07/23/2026 09:16 PM,07/25/2026 06:35 PM,Listed
BK-019300,Books,Store 07,07/22/2026 02:35 AM,07/23/2026 06:34 PM,07/23/2026 09:52 PM,Listed
BK-019302,Books,Store 12,06/14/2026 07:10 PM,06/16/2026 03:51 PM,06/17/2026 02:35 AM,Listed
BK-019306,Books,Store 04,05/11/2026 11:47 AM,05/13/2026 05:29 AM,05/15/2026 12:01 AM,Listed
BK-019308,Books,Donation Center 02,06/24/2026 10:18 AM,06/26/2026 02:21 PM,06/27/2026 04:02 PM,Listed
MD-019309,Media,Store 12,07/07/2026 11:13 AM,07/09/2026 04:51 PM,07/11/2026 02:38 AM,Listed
BK-019310,Books,Store 04,07/25/2026 06:38 AM,07/25/2026 11:34 PM,07/27/2026 10:05 PM,Listed
BK-019313,Books,Outlet DC,06/22/2026 05:01 AM,06/24/2026 06:08 AM,06/25/2026 06:26 PM,Listed
BK-019317,Books,Outlet DC,07/10/2026 03:52 AM,07/11/2026 03:44 AM,07/11/2026 04:46 PM,Listed
BK-019321,Books,Store 07,07/09/2026 01:29 PM,07/11/2026 03:11 PM,07/12/2026 09:55 PM,Listed
BK-019326,Books,Store 07,07/03/2026 12:47 AM,07/05/2026 03:13 AM,07/05/2026 08:26 PM,Listed
CL-019329,Clothing,Store 07,07/19/2026 11:42 PM,07/20/2026 07:18 AM,07/21/2026 11:55 PM,Sent to E-Com
SG-019330,Sporting Goods,Store 07,07/14/2026 05:24 PM,07/15/2026 06:05 PM,07/16/2026 05:27 AM,Listed
CO-019334,Collectibles,Store 12,07/05/2026 04:21 PM,07/07/2026 03:56 PM,07/09/2026 10:06 AM,Listed
SG-019341,Sporting Goods,Donation Center 02,07/27/2026 09:20 AM,07/28/2026 05:40 AM,07/29/2026 03:35 AM,Sent to E-Com
SG-019343,Sporting Goods,Store 04,07/16/2026 09:59 PM,07/17/2026 09:28 AM,07/19/2026 12:11 AM,Listed
KT-019344,Kitchen,Store 04,07/28/2026 10:24 PM,07/30/2026 10:51 AM,08/01/2026 06:28 AM,Sent to E-Com
BK-019427,Books,Store 12,07/03/2026 11:15 AM,07/04/2026 06:04 PM,07/06/2026 05:44 PM,Listed
BK-019429,Books,Store 07,06/23/2026 01:35 PM,06/23/2026 04:19 PM,06/25/2026 01:31 PM,Listed
BK-019431,Books,Store 07,07/15/2026 03:36 PM,07/15/2026 08:53 PM,07/17/2026 12:48 AM,Listed
BK-019436,Books,Outlet DC,07/21/2026 01:55 AM,07/22/2026 08:08 AM,07/24/2026 03:44 AM,Listed
BK-019440,Books,Store 04,06/11/2026 09:01 AM,06/13/2026 05:00 AM,06/14/2026 07:17 AM,Listed
BK-019441,Books,Store 07,07/17/2026 04:04 PM,07/19/2026 03:46 AM,07/20/2026 07:01 PM,Listed
BK-019443,Books,Store 04,07/09/2026 12:45 AM,07/10/2026 07:46 PM,07/11/2026 03:40 PM,Listed
BK-019444,Books,Outlet DC,07/15/2026 04:26 PM,07/16/2026 05:07 PM,07/18/2026 05:49 AM,Listed
BK-019445,Books,Store 04,07/17/2026 08:17 AM,07/18/2026 09:12 PM,07/20/2026 01:08 PM,Sent to E-Com
BK-019447,Books,Outlet DC,07/25/2026 12:05 AM,07/26/2026 05:33 AM,07/28/2026 04:40 AM,Listed
BK-019449,Books,Store 04,07/12/2026 12:17 PM,07/14/2026 04:05 AM,07/15/2026 11:15 PM,Listed
BK-019450,Books,Donation Center 02,07/18/2026 06:19 PM,07/20/2026 03:36 AM,07/21/2026 06:09 PM,Listed
BK-019451,Books,Store 12,03/01/2026 11:26 PM,03/04/2026 04:23 AM,03/05/2026 03:14 AM,Listed
BK-019452,Books,Store 04,07/24/2026 05:45 AM,07/25/2026 10:40 PM,07/27/2026 09:10 PM,Listed
BK-019453,Books,Donation Center 02,07/18/2026 01:02 AM,07/18/2026 05:08 PM,07/19/2026 10:30 AM,Listed
BK-019454,Books,Store 04,05/26/2026 11:48 PM,05/29/2026 02:10 AM,05/30/2026 02:22 AM,Listed
BK-019457,Books,Outlet DC,07/14/2026 12:19 AM,07/15/2026 05:16 PM,07/16/2026 08:01 PM,Listed
BK-019460,Books,Store 07,07/10/2026 04:15 AM,07/12/2026 01:06 AM,07/13/2026 05:51 PM,Listed
BK-019461,Books,Store 04,07/31/2026 10:29 PM,08/01/2026 08:09 AM,08/01/2026 11:54 PM,Sent to E-Com
BK-019462,Books,Donation Center 02,07/10/2026 09:37 AM,07/12/2026 09:33 PM,07/14/2026 07:00 PM,Listed
CL-019485,Clothing,Store 04,07/27/2026 03:29 AM,07/28/2026 11:42 AM,07/28/2026 07:13 PM,Sent to E-Com
CL-019487,Clothing,Outlet DC,07/25/2026 11:10 PM,07/26/2026 08:27 AM,07/27/2026 07:06 PM,Sent to E-Com
SH-019492,Shoes,Store 12,07/21/2026 10:55 AM,07/23/2026 01:37 PM,07/24/2026 06:01 PM,Listed
BK-019572,Books,Store 07,07/20/2026 05:48 AM,07/23/2026 03:40 AM,07/24/2026 07:32 PM,Listed
BK-019574,Books,Donation Center 02,07/26/2026 05:25 PM,07/28/2026 01:41 AM,07/29/2026 01:43 PM,Sent to E-Com
BK-019575,Books,Donation Center 02,07/25/2026 06:55 PM,07/26/2026 12:49 PM,07/28/2026 01:20 AM,Listed
BK-019577,Books,Donation Center 02,06/18/2026 09:52 PM,06/21/2026 08:46 PM,06/23/2026 09:40 AM,Listed
BK-019581,Books,Store 07,07/30/2026 03:20 PM,07/31/2026 02:12 AM,08/01/2026 12:10 PM,Sent to E-Com
MD-019582,Media,Store 04,07/13/2026 02:13 AM,07/13/2026 10:45 AM,07/14/2026 12:48 PM,Listed
BK-019587,Books,Store 07,07/25/2026 11:38 PM,07/26/2026 01:57 PM,07/28/2026 07:05 AM,Listed
BK-019588,Books,Store 07,07/25/2026 03:01 PM,07/26/2026 10:49 PM,07/28/2026 07:45 AM,Sent to E-Com
BK-019594,Books,Donation Center 02,06/25/2026 07:48 AM,06/25/2026 10:47 AM,06/26/2026 06:55 PM,Listed
BK-019600,Books,Donation Center 02,06/23/2026 04:13 AM,06/24/2026 06:31 AM,06/24/2026 08:44 AM,Listed
BK-019602,Books,Store 12,06/09/2026 01:43 AM,06/09/2026 09:55 AM,06/11/2026 12:24 AM,Listed
BK-019604,Books,Store 12,07/24/2026 10:19 AM,07/27/2026 02:21 AM,07/27/2026 01:55 PM,Sent to E-Com
MD-019609,Media,Store 12,07/30/2026 01:07 AM,07/31/2026 07:20 AM,08/01/2026 03:42 PM,Sent to E-Com
BK-019616,Books,Store 07,07/25/2026 10:50 AM,07/26/2026 06:15 PM,07/27/2026 08:40 AM,Listed
MD-019618,Media,Store 04,07/20/2026 10:43 AM,07/21/2026 01:34 PM,07/23/2026 06:11 AM,Sent to E-Com
BK-019619,Books,Store 04,07/19/2026 04:41 PM,07/19/2026 05:40 PM,07/20/2026 10:28 AM,Listed
BK-019620,Books,Donation Center 02,03/26/2026 08:11 AM,03/28/2026 05:57 AM,03/29/2026 04:34 PM,Listed
BK-019622,Books,Store 12,05/31/2026 12:30 AM,05/31/2026 12:47 AM,06/01/2026 01:43 PM,Listed
BK-019627,Books,Store 07,05/07/2026 07:02 PM,05/10/2026 06:43 AM,05/11/2026 11:06 PM,Listed
BK-019630,Books,Donation Center 02,07/30/2026 02:04 PM,07/31/2026 08:00 AM,07/31/2026 09:41 AM,Sent to E-Com
MD-019632,Media,Store 12,07/27/2026 02:38 PM,07/30/2026 12:33 PM,07/31/2026 07:53 PM,Sent to E-Com
SH-019635,Shoes,Donation Center 02,07/27/2026 02:45 PM,07/30/2026 01:05 PM,07/30/2026 08:57 PM,Sent to E-Com
EL-019643,Electronics,Donation Center 02,07/24/2026 08:41 PM,07/25/2026 12:04 AM,07/25/2026 10:29 AM,Listed
CO-019655,Collectibles,Store 07,07/20/2026 07:52 AM,07/23/2026 07:11 AM,07/24/2026 07:55 AM,Listed
BK-019750,Books,Store 04,07/22/2026 10:26 PM,07/24/2026 12:26 AM,07/25/2026 10:32 PM,Listed
BK-019752,Books,Store 12,07/07/2026 09:29 PM,07/09/2026 10:58 AM,07/11/2026 03:33 AM,Listed
BK-019753,Books,Store 04,05/29/2026 02:27 PM,05/31/2026 11:21 AM,06/01/2026 04:09 AM,Listed
BK-019754,Books,Store 12,06/15/2026 06:02 AM,06/15/2026 11:40 AM,06/16/2026 04:29 PM,Listed
BK-019756,Books,Store 04,06/29/2026 11:41 AM,07/01/2026 12:45 PM,07/03/2026 10:00 AM,Listed
BK-019763,Books,Donation Center 02,07/30/2026 03:13 PM,07/31/2026 05:45 AM,08/01/2026 08:56 PM,Sent to E-Com
BK-019767,Books,Store 07,06/21/2026 02:19 AM,06/22/2026 09:59 PM,06/24/2026 12:41 PM,Listed
BK-019769,Books,Store 04,07/20/2026 02:26 PM,07/22/2026 11:03 AM,07/24/2026 06:10 AM,Listed
BK-019770,Books,Store 04,06/23/2026 08:22 AM,06/23/2026 11:20 AM,06/24/2026 11:03 AM,Listed
BK-019777,Books,Store 04,03/12/2026 09:36 PM,03/13/2026 01:49 AM,03/14/2026 06:24 PM,Listed
BK-019786,Books,Donation Center 02,06/21/2026 11:43 AM,06/21/2026 07:28 PM,06/23/2026 03:59 PM,Listed
BK-019793,Books,Donation Center 02,07/27/2026 06:28 PM,07/29/2026 07:15 AM,07/30/2026 04:22 PM,Sent to E-Com
BK-019794,Books,Store 04,05/21/2026 03:17 AM,05/22/2026 04:55 PM,05/22/2026 06:06 PM,Listed
TY-019797,Toys,Store 07,06/22/2026 02:27 AM,06/22/2026 04:00 PM,06/24/2026 03:24 AM,Listed
CL-019802,Clothing,Outlet DC,07/30/2026 01:51 AM,07/30/2026 07:45 PM,08/01/2026 02:29 PM,Sent to E-Com
KT-019816,Kitchen,Store 12,05/15/2026 07:15 AM,05/17/2026 02:25 PM,05/17/2026 02:57 PM,Listed
SH-019820,Shoes,Store 12,07/29/2026 09:26 AM,07/30/2026 03:25 PM,07/31/2026 10:39 PM,Sent to E-Com
CO-019832,Collectibles,Store 12,07/19/2026 04:47 AM,07/19/2026 03:56 PM,07/20/2026 06:25 AM,Listed
KT-019842,Kitchen,Store 04,07/19/2026 05:49 PM,07/20/2026 02:29 PM,07/22/2026 05:25 AM,Listed
BK-019857,Books,Store 04,07/21/2026 07:55 AM,07/21/2026 09:06 AM,07/23/2026 02:16 AM,Listed
BK-019910,Books,Store 04,07/06/2026 12:34 AM,07/07/2026 02:49 PM,07/07/2026 03:45 PM,Listed
BK-019912,Books,Outlet DC,06/09/2026 11:18 AM,06/09/2026 01:33 PM,06/09/2026 08:38 PM,Listed
BK-019913,Books,Donation Center 02,07/02/2026 12:27 AM,07/02/2026 09:46 PM,07/03/2026 05:35 AM,Listed
BK-019914,Books,Store 12,07/15/2026 08:06 AM,07/16/2026 04:26 AM,07/17/2026 08:04 AM,Listed
BK-019915,Books,Store 04,06/11/2026 04:23 PM,06/12/2026 02:38 AM,06/13/2026 06:37 AM,Listed
BK-019919,Books,Outlet DC,07/14/2026 08:55 AM,07/15/2026 04:35 PM,07/17/2026 09:52 AM,Listed
BK-019924,Books,Store 07,07/29/2026 03:47 PM,07/31/2026 09:44 PM,08/01/2026 03:20 PM,Sent to E-Com
BK-019927,Books,Store 07,06/02/2026 03:05 AM,06/04/2026 10:55 AM,06/05/2026 11:32 AM,Listed
BK-019930,Books,Store 07,06/30/2026 01:01 PM,07/02/2026 01:00 PM,07/03/2026 01:35 PM,Listed
BK-019931,Books,Store 07,07/16/2026 03:32 PM,07/17/2026 02:07 PM,07/18/2026 04:45 PM,Listed
BK-019935,Books,Donation Center 02,07/29/2026 04:31 AM,07/29/2026 03:46 PM,07/30/2026 07:57 PM,Sent to E-Com
BK-019937,Books,Store 04,06/19/2026 10:50 AM,06/19/2026 05:04 PM,06/20/2026 04:06 AM,Listed
BK-019940,Books,Outlet DC,07/30/2026 10:39 PM,07/31/2026 08:49 PM,08/01/2026 12:16 AM,Sent to E-Com
BK-019941,Books,Outlet DC,05/24/2026 11:33 PM,05/25/2026 06:58 PM,05/26/2026 06:51 AM,Listed
BK-019942,Books,Outlet DC,07/18/2026 06:24 PM,07/19/2026 04:11 AM,07/20/2026 07:16 AM,Listed
BK-019943,Books,Store 12,07/10/2026 01:00 AM,07/12/2026 04:03 AM,07/13/2026 05:26 AM,Listed
BK-019947,Books,Store 07,07/17/2026 02:34 PM,07/20/2026 09:37 AM,07/21/2026 05:01 AM,Listed
BK-019948,Books,Store 04,07/26/2026 12:07 AM,07/27/2026 04:15 AM,07/29/2026 03:41 AM,Sent to E-Com
KT-019952,Kitchen,Store 04,07/27/2026 09:18 AM,07/28/2026 12:20 PM,07/28/2026 03:24 PM,Listed
SG-019953,Sporting Goods,Outlet DC,06/10/2026 11:16 PM,06/12/2026 05:18 AM,06/12/2026 10:22 AM,Listed
HB-019955,Handbags,Donation Center 02,07/29/2026 10:40 AM,07/29/2026 10:47 PM,07/31/2026 05:02 PM,Sent to E-Com
CL-019956,Clothing,Donation Center 02,06/24/2026 06:36 PM,06/25/2026 11:55 PM,06/26/2026 12:29 AM,Listed
KT-019961,Kitchen,Donation Center 02,07/16/2026 02:23 PM,07/17/2026 03:18 AM,07/18/2026 01:36 AM,Listed
CO-019962,Collectibles,Donation Center 02,07/20/2026 01:38 PM,07/21/2026 11:36 PM,07/23/2026 02:13 PM,Sent to E-Com
SH-019983,Shoes,Store 04,07/29/2026 11:38 PM,07/30/2026 07:00 AM,07/31/2026 08:54 PM,Sent to E-Com
BK-020092,Books,Store 04,07/05/2026 10:45 PM,07/08/2026 10:24 PM,07/10/2026 01:25 AM,Listed
BK-020093,Books,Store 12,07/29/2026 07:45 AM,07/29/2026 04:05 PM,07/31/2026 09:39 AM,Sent to E-Com
BK-020094,Books,Store 04,05/18/2026 06:11 AM,05/20/2026 03:49 AM,05/21/2026 03:04 AM,Listed
BK-020095,Books,Store 07,07/30/2026 04:17 AM,07/31/2026 09:58 AM,07/31/2026 10:04 PM,Sent to E-Com
MD-020096,Media,Store 07,07/28/2026 10:43 AM,07/31/2026 07:31 AM,07/31/2026 06:06 PM,Sent to E-Com
BK-020097,Books,Store 04,07/07/2026 01:22 PM,07/07/2026 03:42 PM,07/08/2026 02:25 AM,Listed
BK-020100,Books,Store 07,07/29/2026 08:23 AM,07/30/2026 01:40 AM,07/31/2026 02:03 AM,Sent to E-Com
BK-020109,Books,Store 04,07/24/2026 04:28 AM,07/26/2026 10:45 PM,07/27/2026 08:00 AM,Sent to E-Com
BK-020110,Books,Outlet DC,06/15/2026 12:04 PM,06/17/2026 11:12 PM,06/19/2026 10:33 AM,Listed
BK-020111,Books,Donation Center 02,07/27/2026 11:55 PM,07/28/2026 10:47 PM,07/29/2026 09:09 PM,Sent to E-Com
BK-020113,Books,Outlet DC,07/27/2026 10:39 PM,07/29/2026 04:45 AM,07/30/2026 08:23 PM,Sent to E-Com
BK-020114,Books,Donation Center 02,07/18/2026 11:22 PM,07/20/2026 04:45 AM,07/20/2026 07:00 AM,Listed
BK-020118,Books,Donation Center 02,06/27/2026 06:31 PM,06/29/2026 01:39 AM,06/30/2026 09:00 PM,Listed
BK-020122,Books,Store 04,07/23/2026 03:22 PM,07/24/2026 12:33 AM,07/24/2026 01:16 AM,Listed
BK-020126,Books,Store 04,07/27/2026 01:15 AM,07/29/2026 09:24 PM,07/31/2026 01:14 PM,Sent to E-Com
BK-020129,Books,Store 12,07/01/2026 04:16 PM,07/03/2026 12:37 PM,07/03/2026 09:05 PM,Listed
BK-020130,Books,Store 04,07/15/2026 04:21 AM,07/15/2026 02:31 PM,07/17/2026 11:04 AM,Listed
BK-020136,Books,Store 12,07/21/2026 11:17 AM,07/22/2026 01:14 PM,07/23/2026 02:49 AM,Listed
BK-020140,Books,Donation Center 02,07/20/2026 08:35 AM,07/20/2026 10:51 AM,07/20/2026 04:09 PM,Listed
BK-020141,Books,Store 07,07/19/2026 10:36 PM,07/21/2026 11:02 PM,07/23/2026 07:47 AM,Listed
CL-020143,Clothing,Store 07,07/10/2026 05:58 AM,07/10/2026 09:04 PM,07/12/2026 07:02 AM,Listed
SH-020145,Shoes,Store 07,07/29/2026 06:07 PM,07/31/2026 09:28 AM,07/31/2026 12:41 PM,Sent to E-Com
CL-020151,Clothing,Donation Center 02,07/30/2026 09:25 PM,07/31/2026 10:03 AM,07/31/2026 11:54 AM,Sent to E-Com
BK-020246,Books,Store 04,07/27/2026 01:38 PM,07/28/2026 02:18 PM,07/30/2026 05:52 AM,Sent to E-Com
BK-020249,Books,Outlet DC,07/15/2026 05:47 PM,07/16/2026 04:08 PM,07/17/2026 09:58 PM,Listed
BK-020253,Books,Store 04,06/04/2026 08:40 PM,06/05/2026 02:00 AM,06/06/2026 03:06 AM,Listed
BK-020256,Books,Store 07,07/22/2026 12:01 AM,07/22/2026 07:40 PM,07/24/2026 03:28 AM,Listed
BK-020265,Books,Outlet DC,07/14/2026 01:07 PM,07/15/2026 09:37 PM,07/15/2026 09:46 PM,Listed
BK-020266,Books,Donation Center 02,06/19/2026 03:17 AM,06/21/2026 10:13 AM,06/22/2026 08:11 AM,Listed
BK-020274,Books,Donation Center 02,06/26/2026 04:25 PM,06/28/2026 07:05 AM,06/28/2026 11:10 PM,Listed
BK-020278,Books,Store 07,07/21/2026 03:21 PM,07/21/2026 06:32 PM,07/22/2026 05:21 PM,Listed
BK-020280,Books,Donation Center 02,07/27/2026 07:25 AM,07/29/2026 12:53 PM,07/30/2026 08:41 PM,Sent to E-Com
BK-020281,Books,Outlet DC,07/03/2026 01:04 PM,07/06/2026 01:02 AM,07/07/2026 01:19 AM,Listed
BK-020282,Books,Donation Center 02,06/30/2026 01:34 PM,07/01/2026 12:24 PM,07/02/2026 01:05 AM,Listed
BK-020287,Books,Store 07,07/17/2026 03:16 AM,07/19/2026 11:59 PM,07/20/2026 12:14 PM,Listed
BK-020294,Books,Store 12,07/11/2026 07:23 PM,07/14/2026 10:33 AM,07/15/2026 05:35 AM,Listed
BK-020297,Books,Store 07,07/28/2026 09:33 PM,07/30/2026 12:03 PM,07/30/2026 05:26 PM,Listed
BK-020298,Books,Store 12,07/17/2026 12:23 AM,07/19/2026 11:57 PM,07/21/2026 06:56 AM,Listed
KT-020308,Kitchen,Store 07,07/27/2026 05:14 PM,07/29/2026 01:29 AM,07/30/2026 07:24 PM,Listed
BK-020336,Books,Store 12,07/27/2026 12:58 PM,07/30/2026 09:35 AM,07/31/2026 05:13 PM,Sent to E-Com
BK-020396,Books,Donation Center 02,07/25/2026 10:52 AM,07/28/2026 05:32 AM,07/28/2026 06:18 PM,Sent to E-Com
BK-020397,Books,Outlet DC,07/04/2026 02:18 PM,07/04/2026 04:09 PM,07/06/2026 04:00 AM,Listed
BK-020401,Books,Donation Center 02,07/06/2026 10:16 AM,07/09/2026 01:38 AM,07/10/2026 09:52 AM,Listed
BK-020403,Books,Store 04,06/19/2026 03:36 PM,06/20/2026 08:52 AM,06/22/2026 01:28 AM,Listed
BK-020406,Books,Outlet DC,07/23/2026 07:31 AM,07/24/2026 07:49 PM,07/26/2026 12:43 PM,Sent to E-Com
MD-020407,Media,Donation Center 02,07/28/2026 12:22 PM,07/30/2026 10:43 AM,07/30/2026 11:44 AM,Sent to E-Com
BK-020409,Books,Store 07,07/18/2026 07:24 AM,07/19/2026 10:01 PM,07/20/2026 06:15 AM,Listed
BK-020412,Books,Store 07,07/06/2026 02:50 AM,07/07/2026 08:09 PM,07/07/2026 10:25 PM,Listed
BK-020414,Books,Donation Center 02,07/15/2026 05:41 PM,07/17/2026 02:36 PM,07/18/2026 06:15 AM,Listed
BK-020416,Books,Donation Center 02,04/26/2026 08:26 AM,04/26/2026 03:39 PM,04/28/2026 12:22 AM,Listed
BK-020419,Books,Store 04,07/09/2026 06:50 PM,07/11/2026 02:17 PM,07/12/2026 08:23 AM,Sent to E-Com
BK-020421,Books,Store 07,07/14/2026 01:59 AM,07/14/2026 09:30 PM,07/15/2026 08:10 PM,Listed
BK-020429,Books,Store 12,07/28/2026 10:21 AM,07/29/2026 11:39 PM,07/30/2026 06:04 PM,Sent to E-Com
BK-020430,Books,Outlet DC,07/15/2026 01:53 AM,07/16/2026 11:48 AM,07/17/2026 12:07 PM,Listed
BK-020432,Books,Donation Center 02,07/28/2026 07:41 PM,07/30/2026 11:08 AM,08/01/2026 09:55 AM,Sent to E-Com
BK-020433,Books,Store 12,07/29/2026 10:56 AM,08/01/2026 12:59 AM,08/01/2026 06:45 PM,Sent to E-Com
BK-020436,Books,Outlet DC,06/18/2026 05:55 AM,06/19/2026 11:27 PM,06/20/2026 02:39 AM,Listed
BK-020438,Books,Store 04,07/23/2026 07:15 AM,07/25/2026 07:53 PM,07/26/2026 04:05 PM,Listed
CO-020440,Collectibles,Store 04,07/27/2026 02:48 AM,07/28/2026 02:37 PM,07/30/2026 06:45 AM,Listed
CL-020456,Clothing,Store 07,06/11/2026 05:33 AM,06/13/2026 10:34 PM,06/14/2026 11:03 PM,Listed
BK-020529,Books,Outlet DC,06/26/2026 12:37 AM,06/28/2026 11:56 AM,06/29/2026 04:32 AM,Listed
BK-020537,Books,Store 04,07/02/2026 02:07 AM,07/04/2026 10:33 AM,07/06/2026 10:13 AM,Listed
BK-020542,Books,Store 04,07/09/2026 02:00 PM,07/11/2026 11:47 PM,07/13/2026 06:12 AM,Listed
BK-020545,Books,Store 04,07/11/2026 07:56 PM,07/11/2026 09:45 PM,07/13/2026 01:48 PM,Listed
BK-020547,Books,Store 04,07/27/2026 04:18 PM,07/28/2026 04:43 AM,07/28/2026 10:23 AM,Sent to E-Com
BK-020548,Books,Store 07,05/01/2026 09:21 AM,05/01/2026 11:22 PM,05/03/2026 03:17 AM,Listed
BK-020551,Books,Store 07,06/15/2026 07:01 AM,06/15/2026 11:16 PM,06/16/2026 02:24 PM,Listed
BK-020552,Books,Store 04,07/01/2026 05:31 AM,07/01/2026 01:40 PM,07/03/2026 09:11 AM,Listed
BK-020563,Books,Store 04,06/21/2026 07:36 AM,06/21/2026 12:59 PM,06/23/2026 07:42 AM,Listed
BK-020564,Books,Outlet DC,06/12/2026 02:33 PM,06/13/2026 01:34 AM,06/13/2026 02:23 AM,Listed
BK-020565,Books,Store 04,07/03/2026 04:01 PM,07/05/2026 03:58 PM,07/06/2026 05:48 AM,Listed
BK-020567,Books,Store 12,07/24/2026 12:02 AM,07/24/2026 12:39 AM,07/24/2026 06:07 PM,Listed
HB-020570,Handbags,Store 12,06/26/2026 05:09 AM,06/29/2026 04:35 AM,07/01/2026 02:18 AM,Listed
EL-020578,Electronics,Donation Center 02,07/25/2026 05:30 PM,07/26/2026 09:32 PM,07/28/2026 12:01 PM,Listed
CL-020579,Clothing,Outlet DC,06/27/2026 03:09 AM,06/28/2026 09:08 PM,06/29/2026 06:30 PM,Listed
KT-020597,Kitchen,Store 12,07/26/2026 08:11 PM,07/28/2026 05:33 AM,07/29/2026 08:33 AM,Sent to E-Com
BK-020695,Books,Store 04,04/03/2026 02:12 AM,04/04/2026 08:28 AM,04/05/2026 09:30 PM,Listed
BK-020700,Books,Store 07,07/25/2026 11:04 PM,07/26/2026 05:39 AM,07/28/2026 12:39 AM,Sent to E-Com
BK-020703,Books,Donation Center 02,06/12/2026 01:22 PM,06/12/2026 03:26 PM,06/13/2026 08:09 PM,Listed
BK-020704,Books,Store 04,07/28/2026 02:27 AM,07/30/2026 04:17 AM,07/31/2026 08:39 PM,Sent to E-Com
BK-020707,Books,Store 04,07/30/2026 05:22 PM,07/31/2026 10:08 AM,07/31/2026 01:22 PM,Sent to E-Com
BK-020709,Books,Store 07,05/04/2026 06:42 AM,05/05/2026 02:01 PM,05/05/2026 02:39 PM,Listed
BK-020713,Books,Store 04,07/15/2026 04:18 PM,07/15/2026 08:04 PM,07/16/2026 01:09 PM,Listed
BK-020716,Books,Store 04,05/24/2026 05:45 PM,05/25/2026 01:00 AM,05/26/2026 01:07 PM,Listed
BK-020724,Books,Donation Center 02,07/06/2026 10:48 AM,07/08/2026 07:27 PM,07/10/2026 02:28 AM,Listed
BK-020725,Books,Donation Center 02,07/13/2026 12:19 PM,07/14/2026 12:36 AM,07/14/2026 09:44 AM,Listed
KT-020734,Kitchen,Store 04,06/27/2026 05:44 PM,06/29/2026 01:25 AM,06/29/2026 05:43 PM,Listed
SG-020740,Sporting Goods,Donation Center 02,07/21/2026 06:58 AM,07/24/2026 05:00 AM,07/25/2026 01:45 PM,Sent to E-Com
EL-020741,Electronics,Store 12,07/21/2026 12:45 AM,07/23/2026 12:12 PM,07/24/2026 06:57 PM,Listed
SH-020750,Shoes,Donation Center 02,07/09/2026 04:01 PM,07/10/2026 01:20 AM,07/10/2026 10:37 AM,Listed
KT-020758,Kitchen,Outlet DC,06/22/2026 06:44 PM,06/24/2026 11:16 PM,06/26/2026 01:48 AM,Listed
BK-020853,Books,Store 12,07/13/2026 05:38 PM,07/15/2026 12:33 PM,07/16/2026 07:27 AM,Listed
BK-020857,Books,Store 12,07/11/2026 06:16 PM,07/13/2026 03:56 PM,07/15/2026 01:16 AM,Listed
BK-020861,Books,Store 12,07/05/2026 07:38 PM,07/08/2026 02:35 AM,07/09/2026 02:36 AM,Listed
BK-020863,Books,Store 04,07/07/2026 03:28 PM,07/08/2026 03:11 AM,07/08/2026 09:23 PM,Listed
BK-020868,Books,Outlet DC,07/26/2026 12:24 PM,07/27/2026 12:48 PM,07/28/2026 04:15 AM,Listed
BK-020869,Books,Outlet DC,06/09/2026 02:56 PM,06/12/2026 08:22 AM,06/12/2026 12:06 PM,Listed
BK-020870,Books,Store 12,06/20/2026 05:33 AM,06/22/2026 04:10 PM,06/23/2026 11:55 PM,Listed
BK-020872,Books,Donation Center 02,07/23/2026 03:34 AM,07/25/2026 02:04 AM,07/25/2026 07:59 PM,Sent to E-Com
BK-020882,Books,Outlet DC,06/25/2026 05:51 PM,06/28/2026 01:36 AM,06/28/2026 03:51 AM,Listed
BK-020886,Books,Outlet DC,07/15/2026 07:22 PM,07/17/2026 08:05 PM,07/19/2026 07:25 AM,Listed
KT-020893,Kitchen,Store 12,05/14/2026 07:06 PM,05/15/2026 02:35 PM,05/15/2026 08:49 PM,Listed
SH-020909,Shoes,Store 12,04/03/2026 04:01 AM,04/04/2026 12:52 AM,04/04/2026 01:48 PM,Listed
EL-020914,Electronics,Store 04,07/11/2026 12:45 PM,07/13/2026 01:21 PM,07/15/2026 01:56 AM,Listed
CL-020919,Clothing,Store 12,06/30/2026 01:09 PM,07/01/2026 09:10 AM,07/02/2026 05:55 PM,Listed
BK-020938,Books,Outlet DC,07/12/2026 02:30 AM,07/15/2026 12:59 AM,07/16/2026 04:31 AM,Listed
BK-021012,Books,Donation Center 02,07/20/2026 03:21 AM,07/21/2026 12:58 AM,07/21/2026 11:59 PM,Sent to E-Com
BK-021016,Books,Outlet DC,05/19/2026 08:25 PM,05/21/2026 05:44 AM,05/22/2026 10:05 AM,Listed
BK-021036,Books,Store 04,06/29/2026 07:49 PM,07/01/2026 01:10 PM,07/02/2026 10:08 PM,Listed
BK-021040,Books,Donation Center 02,07/31/2026 01:41 AM,07/31/2026 10:01 PM,08/01/2026 09:25 PM,Sent to E-Com
BK-021041,Books,Store 04,07/29/2026 07:20 PM,07/31/2026 08:35 AM,07/31/2026 01:27 PM,Sent to E-Com
BK-021042,Books,Store 07,07/06/2026 11:10 PM,07/07/2026 07:48 PM,07/09/2026 03:19 PM,Listed
BK-021046,Books,Donation Center 02,07/24/2026 11:42 AM,07/26/2026 09:36 PM,07/28/2026 03:01 AM,Listed
BK-021050,Books,Outlet DC,06/18/2026 12:34 PM,06/20/2026 10:50 PM,06/22/2026 11:47 AM,Listed
BK-021051,Books,Store 04,07/09/2026 05:07 PM,07/10/2026 02:03 PM,07/12/2026 03:22 AM,Listed
EL-021053,Electronics,Donation Center 02,05/28/2026 03:11 PM,05/30/2026 06:25 AM,05/31/2026 01:35 AM,Listed
EL-021055,Electronics,Store 04,07/23/2026 02:48 PM,07/26/2026 06:04 AM,07/27/2026 06:37 PM,Sent to E-Com
KT-021062,Kitchen,Store 04,07/30/2026 11:25 PM,07/31/2026 01:57 AM,08/01/2026 09:03 PM,Sent to E-Com
BK-021133,Books,Store 07,07/26/2026 09:25 AM,07/26/2026 02:14 PM,07/27/2026 12:03 PM,Sent to E-Com
BK-021135,Books,Store 04,07/08/2026 09:14 PM,07/10/2026 12:36 PM,07/12/2026 08:02 AM,Listed
BK-021141,Books,Outlet DC,07/18/2026 06:21 PM,07/19/2026 01:12 AM,07/19/2026 01:45 AM,Listed
BK-021147,Books,Store 07,07/01/2026 11:30 PM,07/03/2026 01:31 PM,07/04/2026 11:06 PM,Listed
BK-021154,Books,Outlet DC,07/31/2026 05:53 AM,08/01/2026 09:16 AM,08/01/2026 03:22 PM,Sent to E-Com
BK-021161,Books,Store 12,07/27/2026 04:00 AM,07/28/2026 01:54 PM,07/30/2026 07:25 AM,Sent to E-Com
BK-021162,Books,Outlet DC,07/09/2026 06:18 AM,07/09/2026 11:40 PM,07/10/2026 11:45 AM,Listed
BK-021163,Books,Store 04,07/15/2026 11:16 AM,07/18/2026 01:44 AM,07/18/2026 09:06 PM,Listed
BK-021169,Books,Store 07,07/29/2026 04:49 PM,07/30/2026 10:15 AM,07/31/2026 11:36 PM,Sent to E-Com
BK-021172,Books,Store 07,06/24/2026 10:24 AM,06/25/2026 02:26 PM,06/27/2026 01:28 AM,Listed
EL-021192,Electronics,Store 07,07/03/2026 02:12 PM,07/05/2026 01:14 PM,07/06/2026 06:46 AM,Listed
HB-021193,Handbags,Outlet DC,07/15/2026 01:50 AM,07/16/2026 02:20 PM,07/17/2026 05:12 AM,Listed
BK-021278,Books,Donation Center 02,06/29/2026 04:40 AM,07/01/2026 01:25 PM,07/02/2026 05:29 AM,Listed
BK-021280,Books,Store 12,07/04/2026 07:43 PM,07/05/2026 07:22 AM,07/06/2026 02:17 AM,Listed
BK-021281,Books,Store 04,07/22/2026 04:53 PM,07/23/2026 02:48 PM,07/24/2026 11:00 PM,Sent to E-Com
BK-021286,Books,Store 07,07/14/2026 02:11 PM,07/16/2026 11:03 AM,07/16/2026 10:41 PM,Listed
BK-021291,Books,Store 04,07/25/2026 10:24 AM,07/26/2026 05:35 AM,07/27/2026 12:39 PM,Sent to E-Com
BK-021292,Books,Store 04,07/20/2026 10:11 PM,07/23/2026 06:09 PM,07/24/2026 08:54 PM,Sent to E-Com
BK-021296,Books,Donation Center 02,03/30/2026 02:09 AM,03/31/2026 06:12 AM,03/31/2026 02:02 PM,Listed
BK-021298,Books,Store 07,07/27/2026 08:06 AM,07/28/2026 09:12 PM,07/29/2026 08:53 PM,Sent to E-Com
BK-021304,Books,Outlet DC,07/22/2026 02:50 PM,07/24/2026 01:28 AM,07/25/2026 06:20 AM,Listed
BK-021308,Books,Store 12,06/22/2026 06:25 AM,06/25/2026 04:12 AM,06/25/2026 08:52 AM,Listed
BK-021310,Books,Donation Center 02,07/21/2026 01:45 PM,07/22/2026 08:40 PM,07/22/2026 11:38 PM,Listed
BK-021312,Books,Outlet DC,07/14/2026 05:10 AM,07/15/2026 07:51 AM,07/15/2026 01:11 PM,Listed
BK-021315,Books,Donation Center 02,04/25/2026 01:33 PM,04/27/2026 07:01 AM,04/28/2026 03:27 AM,Listed
BK-021325,Books,Donation Center 02,07/27/2026 02:47 AM,07/27/2026 01:57 PM,07/29/2026 05:48 AM,Listed
HB-021330,Handbags,Store 12,07/25/2026 02:04 AM,07/26/2026 06:31 PM,07/27/2026 11:31 AM,Listed
SG-021332,Sporting Goods,Outlet DC,06/30/2026 02:30 AM,06/30/2026 08:27 PM,07/02/2026 09:33 AM,Listed
BK-021457,Books,Store 04,07/23/2026 11:05 PM,07/24/2026 03:28 AM,07/25/2026 11:29 PM,Listed
BK-021459,Books,Outlet DC,06/29/2026 09:50 PM,06/30/2026 09:04 PM,07/02/2026 05:01 AM,Listed
BK-021460,Books,Store 07,06/29/2026 08:47 AM,07/02/2026 08:05 AM,07/04/2026 12:29 AM,Listed
BK-021463,Books,Outlet DC,07/30/2026 02:35 AM,07/31/2026 11:52 PM,08/01/2026 05:32 PM,Sent to E-Com
BK-021465,Books,Store 04,07/12/2026 03:39 AM,07/13/2026 02:18 AM,07/13/2026 06:26 PM,Listed
BK-021468,Books,Store 07,07/28/2026 03:55 AM,07/28/2026 06:47 AM,07/30/2026 03:06 AM,Sent to E-Com
BK-021469,Books,Outlet DC,07/01/2026 08:02 PM,07/02/2026 07:19 PM,07/03/2026 05:23 AM,Listed
BK-021486,Books,Donation Center 02,06/03/2026 02:43 AM,06/03/2026 06:03 AM,06/04/2026 10:12 AM,Listed
BK-021487,Books,Store 12,06/25/2026 09:42 AM,06/27/2026 02:01 PM,06/29/2026 04:08 AM,Listed
CO-021495,Collectibles,Outlet DC,06/22/2026 04:38 PM,06/24/2026 04:52 PM,06/26/2026 09:13 AM,Listed
CL-021510,Clothing,Store 07,07/28/2026 10:04 PM,07/30/2026 11:09 PM,08/01/2026 08:59 PM,Sent to E-Com
CL-021511,Clothing,Store 04,07/12/2026 01:01 AM,07/14/2026 05:46 AM,07/14/2026 02:48 PM,Listed
BK-021611,Books,Donation Center 02,07/24/2026 08:13 PM,07/25/2026 08:40 AM,07/27/2026 04:51 AM,Listed
BK-021614,Books,Outlet DC,07/27/2026 12:38 AM,07/29/2026 03:14 PM,07/30/2026 05:12 AM,Sent to E-Com
BK-021616,Books,Outlet DC,06/19/2026 04:27 AM,06/21/2026 08:43 PM,06/22/2026 11:29 AM,Listed
BK-021619,Books,Donation Center 02,07/19/2026 03:48 PM,07/21/2026 11:46 AM,07/22/2026 07:52 PM,Listed
BK-021620,Books,Store 07,07/22/2026 08:28 AM,07/24/2026 03:27 PM,07/24/2026 08:31 PM,Listed
BK-021632,Books,Store 12,07/30/2026 04:59 PM,07/31/2026 02:20 PM,08/01/2026 02:09 AM,Sent to E-Com
BK-021635,Books,Store 07,07/15/2026 11:32 PM,07/16/2026 09:04 AM,07/18/2026 03:17 AM,Listed
BK-021643,Books,Outlet DC,07/27/2026 12:06 AM,07/29/2026 08:28 AM,07/29/2026 03:31 PM,Listed
BK-021648,Books,Donation Center 02,07/30/2026 08:28 AM,07/30/2026 02:41 PM,08/01/2026 12:13 AM,Sent to E-Com
BK-021649,Books,Outlet DC,07/28/2026 01:21 PM,07/29/2026 05:44 PM,07/30/2026 06:39 AM,Listed
BK-021781,Books,Store 12,05/24/2026 12:15 AM,05/25/2026 06:45 AM,05/26/2026 07:15 AM,Listed
BK-021791,Books,Store 07,07/15/2026 11:26 AM,07/17/2026 11:10 AM,07/18/2026 03:01 AM,Listed
BK-021800,Books,Store 07,06/24/2026 05:09 PM,06/25/2026 05:02 PM,06/26/2026 08:01 AM,Listed
BK-021802,Books,Store 12,07/27/2026 11:52 PM,07/30/2026 09:42 AM,08/01/2026 06:51 AM,Sent to E-Com
BK-021803,Books,Outlet DC,07/12/2026 12:42 AM,07/12/2026 01:07 PM,07/13/2026 06:00 PM,Listed
BK-021804,Books,Donation Center 02,06/18/2026 03:13 PM,06/19/2026 08:21 AM,06/20/2026 01:36 PM,Listed
BK-021805,Books,Store 04,07/02/2026 10:35 AM,07/02/2026 10:23 PM,07/04/2026 08:13 AM,Listed
BK-021807,Books,Store 07,06/16/2026 12:56 PM,06/17/2026 01:32 AM,06/17/2026 10:32 PM,Listed
BK-021810,Books,Store 04,06/12/2026 07:16 PM,06/13/2026 03:13 AM,06/13/2026 08:11 AM,Listed
BK-021816,Books,Donation Center 02,07/24/2026 01:28 PM,07/25/2026 04:29 AM,07/25/2026 01:23 PM,Listed
BK-021826,Books,Donation Center 02,07/24/2026 09:52 AM,07/26/2026 02:46 PM,07/27/2026 04:34 AM,Listed
BK-021829,Books,Store 04,07/19/2026 02:52 PM,07/20/2026 10:06 AM,07/22/2026 03:23 AM,Listed
BK-021834,Books,Store 07,07/18/2026 07:56 PM,07/21/2026 12:27 AM,07/21/2026 05:06 AM,Listed
BK-021841,Books,Store 07,07/11/2026 05:10 AM,07/13/2026 06:26 AM,07/13/2026 01:11 PM,Listed
CO-021855,Collectibles,Store 04,07/21/2026 06:29 AM,07/23/2026 01:16 AM,07/23/2026 04:13 PM,Listed
KT-021857,Kitchen,Store 04,07/26/2026 10:43 PM,07/27/2026 07:12 PM,07/27/2026 07:26 PM,Listed
BK-021988,Books,Store 04,06/26/2026 09:38 PM,06/27/2026 02:27 PM,06/28/2026 12:36 PM,Listed
BK-021993,Books,Outlet DC,07/23/2026 10:32 PM,07/25/2026 05:26 AM,07/26/2026 06:54 AM,Sent to E-Com
BK-021999,Books,Store 07,07/02/2026 02:39 AM,07/02/2026 07:44 PM,07/03/2026 01:40 AM,Listed
BK-022014,Books,Outlet DC,06/29/2026 12:03 AM,07/01/2026 07:33 PM,07/03/2026 02:31 AM,Listed
BK-022017,Books,Outlet DC,06/20/2026 05:18 PM,06/22/2026 03:30 PM,06/24/2026 01:14 AM,Listed
BK-022023,Books,Store 07,07/04/2026 11:23 PM,07/05/2026 04:41 PM,07/07/2026 09:18 AM,Listed
BK-022027,Books,Store 07,07/25/2026 08:56 PM,07/27/2026 08:59 PM,07/29/2026 08:22 AM,Sent to E-Com
BK-022034,Books,Outlet DC,06/26/2026 10:47 PM,06/28/2026 11:28 AM,06/28/2026 02:53 PM,Listed
CO-022042,Collectibles,Outlet DC,07/27/2026 03:21 AM,07/28/2026 10:32 AM,07/29/2026 04:34 AM,Sent to E-Com
CO-022046,Collectibles,Donation Center 02,07/23/2026 06:52 PM,07/24/2026 06:19 PM,07/25/2026 08:10 PM,Listed
HB-022065,Handbags,Outlet DC,07/04/2026 02:20 AM,07/04/2026 05:13 PM,07/06/2026 02:06 PM,Listed
BK-022144,Books,Outlet DC,03/25/2026 12:54 PM,03/28/2026 02:57 AM,03/29/2026 08:25 AM,Listed
BK-022148,Books,Store 12,06/11/2026 12:11 AM,06/13/2026 12:22 AM,06/13/2026 12:57 PM,Listed
BK-022149,Books,Store 07,07/23/2026 06:50 AM,07/25/2026 10:12 PM,07/26/2026 06:25 PM,Listed
BK-022150,Books,Outlet DC,03/26/2026 07:13 AM,03/27/2026 05:08 AM,03/28/2026 10:38 AM,Listed
BK-022153,Books,Store 12,06/15/2026 11:18 AM,06/16/2026 09:34 PM,06/18/2026 04:52 PM,Listed
BK-022158,Books,Store 04,07/19/2026 12:38 AM,07/20/2026 04:02 PM,07/21/2026 05:04 AM,Listed
BK-022162,Books,Store 04,07/29/2026 12:54 PM,08/01/2026 05:27 AM,08/01/2026 06:29 AM,Sent to E-Com
BK-022169,Books,Store 12,07/23/2026 05:03 AM,07/24/2026 08:08 AM,07/24/2026 10:10 PM,Listed
BK-022176,Books,Donation Center 02,07/21/2026 11:54 PM,07/22/2026 05:02 AM,07/22/2026 05:56 PM,Sent to E-Com
BK-022180,Books,Donation Center 02,07/05/2026 10:14 AM,07/08/2026 06:06 AM,07/09/2026 12:57 PM,Listed
BK-022182,Books,Donation Center 02,06/01/2026 03:53 AM,06/02/2026 06:40 AM,06/03/2026 08:28 PM,Listed
BK-022183,Books,Store 04,03/23/2026 05:17 PM,03/25/2026 09:02 AM,03/26/2026 04:42 PM,Listed
BK-022188,Books,Outlet DC,07/26/2026 10:04 AM,07/28/2026 09:13 AM,07/29/2026 11:46 AM,Sent to E-Com
SH-022194,Shoes,Outlet DC,07/22/2026 05:46 PM,07/24/2026 03:26 AM,07/25/2026 04:31 PM,Listed
KT-022212,Kitchen,Store 07,07/25/2026 03:11 PM,07/26/2026 04:08 PM,07/27/2026 10:44 PM,Listed
BK-022234,Books,Store 07,07/30/2026 07:16 AM,07/30/2026 08:21 AM,07/30/2026 08:36 AM,Sent to E-Com
BK-022295,Books,Donation Center 02,07/10/2026 12:16 PM,07/12/2026 10:22 PM,07/14/2026 06:52 PM,Listed
BK-022297,Books,Store 12,04/27/2026 02:42 AM,04/29/2026 07:00 PM,05/01/2026 02:41 AM,Listed
BK-022299,Books,Store 04,04/29/2026 07:41 AM,05/01/2026 04:55 PM,05/01/2026 06:06 PM,Listed
BK-022315,Books,Store 07,07/02/2026 06:50 AM,07/04/2026 07:40 PM,07/05/2026 04:58 PM,Listed
BK-022318,Books,Store 07,06/19/2026 09:08 PM,06/22/2026 02:07 PM,06/24/2026 01:39 PM,Listed
BK-022330,Books,Store 07,07/12/2026 08:59 AM,07/13/2026 05:37 AM,07/14/2026 04:59 AM,Listed
BK-022335,Books,Donation Center 02,05/29/2026 05:43 PM,05/30/2026 08:03 AM,05/31/2026 05:45 AM,Listed
BK-022341,Books,Store 12,06/25/2026 08:46 AM,06/28/2026 04:28 AM,06/28/2026 07:29 PM,Listed
BK-022344,Books,Store 04,07/17/2026 07:37 PM,07/17/2026 10:21 PM,07/19/2026 12:00 AM,Listed
BK-022346,Books,Outlet DC,07/04/2026 05:20 PM,07/05/2026 10:03 PM,07/07/2026 07:07 AM,Listed
BK-022347,Books,Store 04,07/18/2026 12:33 AM,07/20/2026 04:39 AM,07/21/2026 03:56 AM,Listed
SH-022365,Shoes,Outlet DC,07/17/2026 10:21 PM,07/19/2026 05:11 PM,07/19/2026 08:01 PM,Listed
HB-022368,Handbags,Store 12,06/14/2026 06:08 PM,06/16/2026 03:30 PM,06/17/2026 04:50 PM,Listed
HB-022376,Handbags,Donation Center 02,07/02/2026 04:24 AM,07/02/2026 10:21 PM,07/03/2026 11:16 AM,Listed
BK-022464,Books,Store 12,07/15/2026 04:07 AM,07/15/2026 05:03 AM,07/15/2026 06:37 PM,Listed
BK-022469,Books,Donation Center 02,07/19/2026 06:29 PM,07/20/2026 04:36 PM,07/21/2026 07:20 AM,Listed
BK-022486,Books,Donation Center 02,07/13/2026 07:16 AM,07/14/2026 04:22 PM,07/16/2026 01:21 AM,Listed
CO-022508,Collectibles,Outlet DC,07/14/2026 06:48 AM,07/14/2026 06:39 PM,07/15/2026 10:01 AM,Listed
BK-022618,Books,Donation Center 02,07/03/2026 10:45 AM,07/05/2026 07:40 AM,07/06/2026 04:46 AM,Listed
BK-022621,Books,Outlet DC,07/16/2026 04:18 PM,07/19/2026 12:58 AM,07/19/2026 06:23 AM,Listed
BK-022623,Books,Store 07,07/30/2026 08:01 AM,07/30/2026 04:08 PM,07/31/2026 08:06 PM,Sent to E-Com
BK-022631,Books,Store 12,07/17/2026 05:36 PM,07/19/2026 04:59 PM,07/20/2026 07:41 AM,Sent to E-Com
BK-022638,Books,Store 04,07/25/2026 09:06 PM,07/28/2026 05:25 PM,07/30/2026 08:42 AM,Sent to E-Com
BK-022639,Books,Store 04,07/31/2026 03:49 PM,08/01/2026 07:27 PM,08/01/2026 11:49 PM,Sent to E-Com
BK-022641,Books,Store 12,07/27/2026 11:08 PM,07/29/2026 01:01 AM,07/30/2026 04:00 PM,Sent to E-Com
BK-022645,Books,Store 04,07/15/2026 04:50 PM,07/16/2026 10:19 PM,07/18/2026 11:48 AM,Listed
BK-022646,Books,Donation Center 02,07/03/2026 05:46 PM,07/05/2026 10:32 PM,07/06/2026 05:57 PM,Listed
BK-022653,Books,Donation Center 02,03/26/2026 07:33 PM,03/27/2026 01:19 AM,03/28/2026 06:50 PM,Listed
BK-022659,Books,Store 04,07/15/2026 06:15 PM,07/17/2026 06:42 PM,07/18/2026 09:14 AM,Listed
BK-022660,Books,Outlet DC,06/16/2026 06:50 PM,06/18/2026 04:16 AM,06/19/2026 12:43 AM,Listed
BK-022662,Books,Donation Center 02,07/25/2026 07:47 AM,07/26/2026 05:50 PM,07/28/2026 06:15 AM,Listed
BK-022664,Books,Store 07,07/31/2026 02:52 AM,07/31/2026 08:45 PM,08/01/2026 08:35 PM,Sent to E-Com
BK-022666,Books,Donation Center 02,07/20/2026 07:01 PM,07/23/2026 07:14 AM,07/23/2026 01:19 PM,Listed
CO-022682,Collectibles,Store 07,07/20/2026 02:40 AM,07/21/2026 03:58 AM,07/22/2026 07:08 AM,Listed
BK-022785,Books,Store 07,05/14/2026 03:35 AM,05/16/2026 08:26 AM,05/17/2026 09:18 PM,Listed
BK-022788,Books,Outlet DC,07/18/2026 01:53 AM,07/19/2026 05:07 PM,07/19/2026 11:08 PM,Listed
BK-022793,Books,Outlet DC,07/15/2026 07:28 AM,07/18/2026 03:19 AM,07/18/2026 09:05 PM,Listed
BK-022796,Books,Store 12,06/25/2026 01:05 PM,06/27/2026 11:07 PM,06/28/2026 09:52 PM,Listed
BK-022798,Books,Store 07,07/06/2026 02:07 AM,07/07/2026 06:35 PM,07/09/2026 10:29 AM,Listed
BK-022799,Books,Store 12,07/19/2026 03:30 AM,07/20/2026 02:19 PM,07/21/2026 04:58 AM,Sent to E-Com
BK-022800,Books,Store 07,06/22/2026 10:29 AM,06/22/2026 11:22 AM,06/24/2026 06:06 AM,Listed
BK-022813,Books,Donation Center 02,07/09/2026 04:00 AM,07/10/2026 01:42 AM,07/11/2026 01:05 AM,Listed
CL-022834,Clothing,Donation Center 02,07/18/2026 08:37 AM,07/20/2026 10:54 PM,07/22/2026 04:00 AM,Listed
CL-022845,Clothing,Outlet DC,07/12/2026 04:51 AM,07/15/2026 02:37 AM,07/15/2026 03:29 AM,Listed
BK-022902,Books,Store 07,06/14/2026 03:42 PM,06/16/2026 11:50 PM,06/17/2026 02:38 PM,Listed
BK-022903,Books,Store 12,07/26/2026 02:13 PM,07/27/2026 02:08 PM,07/28/2026 02:16 AM,Listed
BK-022907,Books,Store 07,07/12/2026 12:13 PM,07/14/2026 09:57 AM,07/15/2026 08:41 AM,Listed
EL-022926,Electronics,Outlet DC,07/11/2026 05:03 PM,07/13/2026 09:22 PM,07/15/2026 10:10 AM,Listed
UL-000001,Home Decor,Store 04,04/27/2026 04:44 PM,04/29/2026 12:38 PM,04/30/2026 06:29 PM,Listed
UL-000002,Clothing,Donation Center 02,04/26/2026 09:51 PM,04/27/2026 06:51 PM,04/29/2026 02:03 PM,Listed
UL-000003,Books,Store 12,04/26/2026 04:49 AM,04/29/2026 02:10 AM,04/29/2026 06:47 PM,Listed
UL-000004,Home Decor,Donation Center 02,04/26/2026 02:07 PM,04/29/2026 03:06 AM,04/30/2026 05:52 AM,Listed
UL-000005,Books,Donation Center 02,04/18/2026 12:11 AM,04/20/2026 11:49 PM,04/21/2026 09:03 PM,Listed
UL-000006,Clothing,Outlet DC,04/30/2026 04:03 PM,05/01/2026 04:26 PM,05/02/2026 09:27 AM,Listed
UL-000007,Jewelry,Donation Center 02,04/28/2026 02:24 AM,04/28/2026 11:17 AM,04/28/2026 10:23 PM,Listed
UL-000008,Collectibles,Store 07,04/22/2026 06:35 AM,04/24/2026 01:24 PM,04/25/2026 12:37 AM,Listed
UL-000009,Clothing,Store 12,04/30/2026 05:47 AM,05/01/2026 07:19 AM,05/03/2026 12:21 AM,Listed
UL-000010,Media,Store 04,04/26/2026 04:17 PM,04/29/2026 03:59 PM,04/30/2026 01:31 AM,Listed
UL-000011,Media,Store 07,05/01/2026 10:53 AM,05/03/2026 06:26 PM,05/04/2026 09:01 PM,Listed
UL-000012,Shoes,Outlet DC,04/28/2026 05:07 PM,04/29/2026 09:02 PM,04/30/2026 08:30 AM,Listed
UL-000013,Books,Store 04,04/27/2026 01:51 AM,04/29/2026 02:49 PM,04/30/2026 07:46 AM,Listed
UL-000014,Home Decor,Store 04,05/01/2026 11:03 PM,05/02/2026 02:24 PM,05/03/2026 09:23 PM,Listed
UL-000015,Books,Store 07,04/28/2026 11:56 AM,04/30/2026 11:39 AM,04/30/2026 07:58 PM,Listed
UL-000016,Clothing,Store 04,05/02/2026 04:39 PM,05/05/2026 01:45 AM,05/05/2026 02:30 PM,Listed
UL-000017,Collectibles,Outlet DC,05/03/2026 03:23 AM,05/03/2026 07:41 AM,05/04/2026 05:28 PM,Listed
UL-000018,Shoes,Store 04,04/30/2026 11:21 AM,05/02/2026 10:27 AM,05/03/2026 05:30 PM,Listed
UL-000019,Electronics,Store 07,04/30/2026 07:33 AM,05/01/2026 04:09 PM,05/02/2026 03:26 AM,Listed
UL-000020,Collectibles,Outlet DC,05/02/2026 04:43 AM,05/05/2026 04:14 AM,05/06/2026 05:01 PM,Listed
UL-000021,Books,Store 07,05/04/2026 10:48 PM,05/05/2026 06:48 PM,05/06/2026 10:37 PM,Listed
UL-000022,Clothing,Store 12,05/04/2026 10:26 PM,05/05/2026 06:35 PM,05/07/2026 12:32 PM,Listed
UL-000023,Clothing,Store 07,05/04/2026 01:43 PM,05/06/2026 03:17 PM,05/06/2026 09:52 PM,Listed
UL-000024,Sporting Goods,Store 04,05/04/2026 06:01 AM,05/05/2026 12:13 AM,05/06/2026 02:20 AM,Listed
UL-000025,Media,Store 07,04/29/2026 05:14 PM,05/02/2026 01:55 PM,05/03/2026 06:08 PM,Listed
UL-000026,Home Decor,Donation Center 02,05/01/2026 06:17 PM,05/02/2026 05:12 AM,05/03/2026 08:20 AM,Listed
UL-000027,Books,Donation Center 02,04/15/2026 11:15 PM,04/17/2026 08:15 PM,04/18/2026 05:07 PM,Listed
UL-000028,Books,Donation Center 02,05/09/2026 02:43 AM,05/09/2026 03:50 AM,05/10/2026 08:45 AM,Listed
UL-000029,Books,Store 12,05/08/2026 12:10 AM,05/10/2026 10:18 AM,05/11/2026 05:57 AM,Listed
UL-000030,Books,Donation Center 02,05/05/2026 05:55 PM,05/06/2026 10:43 AM,05/07/2026 10:06 AM,Listed
UL-000031,Home Decor,Store 12,05/05/2026 08:27 PM,05/07/2026 01:10 PM,05/08/2026 03:34 PM,Listed
UL-000032,Books,Outlet DC,05/05/2026 06:13 AM,05/07/2026 02:19 AM,05/07/2026 11:13 AM,Listed
UL-000033,Books,Outlet DC,05/05/2026 06:51 AM,05/08/2026 06:44 AM,05/09/2026 03:21 AM,Listed
UL-000034,Collectibles,Donation Center 02,05/07/2026 05:11 AM,05/09/2026 04:29 AM,05/09/2026 07:15 AM,Listed
UL-000035,Media,Outlet DC,05/08/2026 02:16 AM,05/08/2026 01:50 PM,05/09/2026 03:06 PM,Listed
UL-000036,Electronics,Donation Center 02,05/08/2026 10:14 AM,05/10/2026 09:08 AM,05/11/2026 12:11 PM,Listed
UL-000037,Clothing,Store 07,05/09/2026 11:03 PM,05/10/2026 09:12 AM,05/11/2026 05:27 AM,Listed
UL-000038,Clothing,Store 04,05/04/2026 09:07 PM,05/05/2026 10:13 AM,05/07/2026 01:45 AM,Listed
UL-000039,Media,Store 04,05/05/2026 07:08 AM,05/07/2026 12:06 PM,05/08/2026 01:57 PM,Listed
UL-000040,Books,Store 12,05/06/2026 05:24 AM,05/07/2026 02:32 PM,05/07/2026 08:18 PM,Listed
UL-000041,Electronics,Outlet DC,05/11/2026 05:21 AM,05/12/2026 03:36 PM,05/12/2026 11:49 PM,Listed
UL-000042,Clothing,Store 12,05/07/2026 08:10 AM,05/09/2026 09:24 AM,05/11/2026 05:21 AM,Listed
UL-000043,Collectibles,Store 04,05/08/2026 03:51 PM,05/11/2026 02:43 AM,05/11/2026 02:53 AM,Listed
UL-000044,Books,Donation Center 02,05/07/2026 11:17 AM,05/09/2026 01:07 PM,05/11/2026 06:25 AM,Listed
UL-000045,Media,Store 12,05/09/2026 07:15 AM,05/12/2026 06:35 AM,05/12/2026 06:51 AM,Listed
UL-000046,Books,Store 12,05/11/2026 08:09 PM,05/13/2026 12:23 AM,05/13/2026 07:37 AM,Listed
UL-000047,Collectibles,Outlet DC,05/07/2026 07:24 AM,05/09/2026 12:53 PM,05/09/2026 02:23 PM,Listed
UL-000048,Books,Store 07,05/08/2026 08:09 AM,05/09/2026 09:48 AM,05/11/2026 01:48 AM,Listed
UL-000049,Collectibles,Outlet DC,05/11/2026 05:10 AM,05/12/2026 11:08 AM,05/13/2026 12:57 PM,Listed
UL-000050,Collectibles,Donation Center 02,05/11/2026 04:57 AM,05/12/2026 05:54 AM,05/13/2026 03:17 PM,Listed
UL-000051,Electronics,Outlet DC,05/14/2026 12:44 AM,05/14/2026 03:12 AM,05/15/2026 03:27 PM,Listed
UL-000052,Media,Store 07,05/14/2026 07:52 PM,05/15/2026 06:35 AM,05/15/2026 11:13 AM,Listed
UL-000053,Media,Store 07,05/09/2026 02:27 PM,05/11/2026 12:08 PM,05/12/2026 12:39 PM,Listed
UL-000054,Collectibles,Outlet DC,05/04/2026 05:21 AM,05/06/2026 09:08 AM,05/07/2026 11:30 AM,Listed
UL-000055,Books,Outlet DC,05/14/2026 09:14 PM,05/15/2026 12:44 AM,05/15/2026 05:24 AM,Listed
UL-000056,Collectibles,Store 07,05/06/2026 05:22 AM,05/08/2026 02:52 AM,05/09/2026 02:30 PM,Listed
UL-000057,Jewelry,Store 12,05/09/2026 10:41 AM,05/11/2026 07:03 AM,05/12/2026 01:08 AM,Listed
UL-000058,Clothing,Store 04,05/12/2026 07:14 PM,05/14/2026 01:33 AM,05/16/2026 12:24 AM,Listed
UL-000059,Books,Outlet DC,05/12/2026 09:23 AM,05/14/2026 03:12 AM,05/15/2026 11:08 PM,Listed
UL-000060,Books,Store 12,05/09/2026 03:44 PM,05/10/2026 12:04 PM,05/11/2026 05:32 AM,Listed
UL-000061,Shoes,Store 07,05/13/2026 06:54 AM,05/15/2026 12:07 PM,05/16/2026 08:35 PM,Listed
UL-000062,Books,Store 07,05/09/2026 04:32 PM,05/11/2026 02:48 AM,05/12/2026 03:50 AM,Listed
UL-000063,Electronics,Outlet DC,05/13/2026 07:36 AM,05/15/2026 03:26 PM,05/16/2026 09:18 AM,Listed
UL-000064,Kitchen,Store 12,05/06/2026 08:06 PM,05/08/2026 06:26 PM,05/09/2026 01:47 PM,Listed
UL-000065,Clothing,Donation Center 02,05/17/2026 03:56 AM,05/18/2026 01:28 AM,05/18/2026 06:08 PM,Listed
UL-000066,Collectibles,Donation Center 02,05/07/2026 05:02 AM,05/09/2026 01:24 AM,05/09/2026 04:20 AM,Listed
UL-000067,Home Decor,Store 04,05/12/2026 01:23 AM,05/13/2026 07:14 AM,05/14/2026 10:24 PM,Listed
UL-000068,Collectibles,Outlet DC,05/14/2026 04:13 AM,05/15/2026 12:19 PM,05/16/2026 07:04 AM,Listed
UL-000069,Watches,Store 07,05/16/2026 02:21 PM,05/17/2026 03:54 PM,05/18/2026 10:52 PM,Listed
UL-000070,Jewelry,Store 12,05/12/2026 09:07 PM,05/15/2026 11:29 AM,05/15/2026 11:15 PM,Listed
UL-000071,Books,Outlet DC,05/14/2026 04:52 AM,05/16/2026 02:12 AM,05/17/2026 02:40 PM,Listed
UL-000072,Books,Outlet DC,05/17/2026 04:28 AM,05/17/2026 05:42 PM,05/19/2026 07:38 AM,Listed
UL-000073,Clothing,Store 07,05/15/2026 09:24 AM,05/16/2026 04:46 AM,05/17/2026 03:16 PM,Listed
UL-000074,Electronics,Store 12,05/14/2026 12:22 AM,05/16/2026 07:11 PM,05/17/2026 12:39 PM,Listed
UL-000075,Collectibles,Store 12,05/05/2026 10:01 AM,05/06/2026 05:52 AM,05/08/2026 03:15 AM,Listed
UL-000076,Books,Outlet DC,05/15/2026 10:51 PM,05/17/2026 01:11 AM,05/18/2026 04:53 AM,Listed
UL-000077,Shoes,Donation Center 02,05/18/2026 08:45 AM,05/18/2026 08:31 PM,05/19/2026 04:43 PM,Listed
UL-000078,Clothing,Store 07,05/13/2026 07:46 AM,05/15/2026 04:26 AM,05/15/2026 10:21 AM,Listed
UL-000079,Clothing,Store 12,05/15/2026 01:50 PM,05/17/2026 09:28 PM,05/17/2026 10:45 PM,Listed
UL-000080,Handbags,Donation Center 02,05/16/2026 12:02 PM,05/17/2026 06:40 PM,05/18/2026 04:35 PM,Listed
UL-000081,Books,Store 07,05/14/2026 09:40 AM,05/16/2026 09:17 AM,05/16/2026 08:42 PM,Listed
UL-000082,Clothing,Store 12,05/16/2026 02:30 AM,05/17/2026 11:27 AM,05/18/2026 01:44 PM,Listed
UL-000083,Home Decor,Donation Center 02,05/16/2026 04:10 PM,05/18/2026 05:16 AM,05/19/2026 09:17 AM,Listed
UL-000084,Jewelry,Store 07,05/17/2026 08:32 AM,05/18/2026 11:45 AM,05/19/2026 05:34 AM,Listed
UL-000085,Jewelry,Store 07,05/20/2026 03:48 AM,05/20/2026 10:49 AM,05/21/2026 08:21 AM,Listed
UL-000086,Books,Store 04,05/14/2026 04:02 PM,05/15/2026 12:27 AM,05/15/2026 11:18 PM,Listed
UL-000087,Books,Donation Center 02,05/16/2026 11:03 PM,05/17/2026 08:42 PM,05/18/2026 08:00 PM,Listed
UL-000088,Books,Store 04,05/14/2026 04:39 AM,05/14/2026 11:26 PM,05/16/2026 06:57 PM,Listed
UL-000089,Clothing,Store 07,05/16/2026 02:56 PM,05/19/2026 10:19 AM,05/21/2026 06:07 AM,Listed
UL-000090,Media,Store 12,05/03/2026 08:56 PM,05/06/2026 06:46 PM,05/07/2026 11:05 PM,Listed
UL-000091,Books,Donation Center 02,05/17/2026 05:48 AM,05/19/2026 06:41 AM,05/19/2026 06:56 AM,Listed
UL-000092,Collectibles,Store 12,05/19/2026 11:19 AM,05/21/2026 05:34 AM,05/22/2026 12:11 AM,Listed
UL-000093,Toys,Donation Center 02,05/18/2026 12:56 AM,05/20/2026 05:09 AM,05/21/2026 03:11 AM,Listed
UL-000094,Electronics,Store 07,05/17/2026 09:53 AM,05/19/2026 09:46 AM,05/20/2026 04:26 AM,Listed
UL-000095,Toys,Store 04,05/20/2026 12:19 PM,05/20/2026 09:38 PM,05/22/2026 05:21 AM,Listed
UL-000096,Shoes,Store 04,05/03/2026 12:42 PM,05/05/2026 10:56 AM,05/06/2026 05:08 AM,Listed
UL-000097,Clothing,Store 07,05/19/2026 03:58 PM,05/19/2026 06:47 PM,05/21/2026 06:26 AM,Listed
UL-000098,Clothing,Store 12,05/23/2026 02:00 AM,05/23/2026 05:12 PM,05/24/2026 05:19 PM,Listed
UL-000099,Collectibles,Donation Center 02,05/19/2026 10:30 AM,05/22/2026 06:35 AM,05/23/2026 10:59 PM,Listed
UL-000100,Jewelry,Donation Center 02,05/21/2026 10:34 PM,05/24/2026 10:59 AM,05/24/2026 04:01 PM,Listed
UL-000101,Collectibles,Store 12,05/22/2026 06:09 PM,05/24/2026 06:53 AM,05/25/2026 01:09 AM,Listed
UL-000102,Books,Store 04,05/24/2026 01:33 PM,05/25/2026 02:45 PM,05/25/2026 07:45 PM,Listed
UL-000103,Sporting Goods,Outlet DC,05/20/2026 02:38 AM,05/21/2026 06:25 PM,05/23/2026 06:18 PM,Listed
UL-000104,Home Decor,Donation Center 02,05/21/2026 10:19 PM,05/24/2026 06:32 AM,05/26/2026 01:28 AM,Listed
UL-000105,Clothing,Outlet DC,05/20/2026 02:59 PM,05/22/2026 07:21 AM,05/22/2026 11:52 AM,Listed
UL-000106,Media,Donation Center 02,05/18/2026 03:12 PM,05/20/2026 07:20 PM,05/21/2026 03:54 PM,Listed
UL-000107,Books,Store 12,05/23/2026 02:25 AM,05/24/2026 03:20 PM,05/24/2026 03:48 PM,Listed
UL-000108,Books,Donation Center 02,05/21/2026 05:00 AM,05/23/2026 06:30 AM,05/24/2026 06:53 PM,Listed
UL-000109,Electronics,Store 04,05/20/2026 05:01 PM,05/23/2026 03:49 PM,05/24/2026 01:57 PM,Listed
UL-000110,Books,Store 07,05/22/2026 04:29 PM,05/24/2026 12:33 PM,05/25/2026 05:46 PM,Listed
UL-000111,Collectibles,Outlet DC,05/24/2026 11:17 PM,05/25/2026 08:45 AM,05/26/2026 03:49 PM,Listed
UL-000112,Clothing,Store 07,05/14/2026 03:26 AM,05/16/2026 08:35 PM,05/18/2026 04:16 AM,Listed
UL-000113,Books,Outlet DC,05/16/2026 12:24 PM,05/18/2026 07:39 AM,05/19/2026 05:24 PM,Listed
UL-000114,Jewelry,Store 04,05/11/2026 08:23 AM,05/14/2026 06:51 AM,05/15/2026 11:45 AM,Listed
UL-000115,Books,Outlet DC,05/26/2026 04:30 AM,05/26/2026 12:42 PM,05/27/2026 04:07 PM,Listed
UL-000116,Sporting Goods,Store 07,05/22/2026 09:01 PM,05/23/2026 06:46 AM,05/24/2026 07:14 AM,Listed
UL-000117,Books,Outlet DC,05/22/2026 07:56 PM,05/25/2026 12:24 PM,05/27/2026 07:28 AM,Listed
UL-000118,Books,Outlet DC,05/21/2026 09:06 PM,05/23/2026 05:42 AM,05/23/2026 11:13 PM,Listed
UL-000119,Media,Donation Center 02,05/20/2026 08:00 PM,05/23/2026 02:24 PM,05/25/2026 06:24 AM,Listed
UL-000120,Books,Donation Center 02,05/22/2026 10:54 AM,05/23/2026 08:45 AM,05/23/2026 10:25 PM,Listed
UL-000121,Collectibles,Store 07,05/20/2026 12:44 AM,05/20/2026 08:25 PM,05/22/2026 05:38 PM,Listed
UL-000122,Home Decor,Store 12,05/18/2026 12:44 AM,05/20/2026 12:18 PM,05/21/2026 10:10 AM,Listed
UL-000123,Collectibles,Store 12,05/22/2026 05:11 PM,05/24/2026 07:05 AM,05/25/2026 08:42 PM,Listed
UL-000124,Books,Store 07,05/27/2026 03:24 PM,05/28/2026 10:06 AM,05/29/2026 01:17 PM,Listed
UL-000125,Collectibles,Outlet DC,05/19/2026 04:48 AM,05/21/2026 05:44 PM,05/21/2026 10:16 PM,Listed
UL-000126,Toys,Store 04,05/22/2026 01:03 AM,05/23/2026 04:13 PM,05/25/2026 11:20 AM,Listed
UL-000127,Shoes,Store 12,05/27/2026 02:06 PM,05/29/2026 06:53 AM,05/29/2026 10:46 PM,Listed
UL-000128,Books,Store 07,05/28/2026 12:08 PM,05/30/2026 03:22 PM,05/31/2026 06:34 AM,Listed
UL-000129,Sporting Goods,Store 04,05/27/2026 09:28 PM,05/29/2026 10:09 PM,05/30/2026 10:53 PM,Listed
UL-000130,Electronics,Store 07,05/29/2026 01:33 AM,05/30/2026 12:00 AM,05/30/2026 09:33 AM,Listed
UL-000131,Home Decor,Donation Center 02,05/29/2026 10:06 AM,06/01/2026 08:37 AM,06/01/2026 05:14 PM,Listed
UL-000132,Art,Store 12,05/28/2026 11:50 AM,05/30/2026 05:27 PM,06/01/2026 02:16 AM,Listed
UL-000133,Books,Outlet DC,05/29/2026 09:58 PM,05/30/2026 04:11 PM,05/31/2026 08:24 PM,Listed
UL-000134,Kitchen,Store 04,05/21/2026 01:19 PM,05/23/2026 07:49 PM,05/25/2026 12:20 AM,Listed
UL-000135,Kitchen,Store 12,05/24/2026 01:40 PM,05/26/2026 10:44 AM,05/27/2026 10:47 AM,Listed
UL-000136,Clothing,Outlet DC,05/27/2026 10:15 AM,05/28/2026 02:59 AM,05/28/2026 07:44 PM,Listed
UL-000137,Clothing,Store 04,05/24/2026 03:29 PM,05/26/2026 02:06 AM,05/26/2026 11:43 PM,Listed
UL-000138,Electronics,Outlet DC,05/23/2026 08:22 AM,05/26/2026 08:18 AM,05/27/2026 06:50 AM,Listed
UL-000139,Electronics,Donation Center 02,05/25/2026 01:01 PM,05/25/2026 01:38 PM,05/26/2026 04:59 PM,Listed
UL-000140,Home Decor,Outlet DC,05/27/2026 02:24 AM,05/28/2026 04:43 PM,05/30/2026 01:48 PM,Listed
UL-000141,Clothing,Store 04,05/30/2026 01:44 AM,05/30/2026 08:00 PM,05/31/2026 01:52 AM,Listed
UL-000142,Jewelry,Store 12,05/26/2026 05:31 AM,05/26/2026 05:01 PM,05/28/2026 03:36 PM,Listed
UL-000143,Art,Store 12,05/26/2026 11:35 PM,05/27/2026 07:20 AM,05/28/2026 08:21 AM,Listed
UL-000144,Clothing,Outlet DC,05/19/2026 09:49 AM,05/21/2026 07:36 PM,05/22/2026 01:59 PM,Listed
UL-000145,Clothing,Store 04,05/27/2026 05:31 PM,05/29/2026 08:48 PM,05/31/2026 06:10 AM,Listed
UL-000146,Kitchen,Store 07,05/21/2026 01:16 AM,05/23/2026 03:01 PM,05/24/2026 12:24 PM,Listed
UL-000147,Books,Donation Center 02,05/23/2026 08:46 AM,05/25/2026 08:38 AM,05/26/2026 02:36 PM,Listed
UL-000148,Media,Store 12,05/27/2026 12:38 AM,05/27/2026 01:56 PM,05/27/2026 07:24 PM,Listed
UL-000149,Collectibles,Store 07,05/28/2026 04:09 PM,05/31/2026 06:29 AM,06/01/2026 05:09 AM,Listed
UL-000150,Books,Store 12,05/25/2026 05:32 AM,05/27/2026 01:18 AM,05/28/2026 08:58 PM,Listed
UL-000151,Books,Outlet DC,05/31/2026 08:32 PM,06/01/2026 05:44 AM,06/03/2026 02:05 AM,Listed
UL-000152,Jewelry,Donation Center 02,05/24/2026 11:47 PM,05/25/2026 07:44 AM,05/26/2026 05:10 PM,Listed
UL-000153,Books,Store 12,05/29/2026 02:07 AM,05/31/2026 07:04 PM,06/01/2026 09:20 PM,Listed
UL-000154,Electronics,Donation Center 02,05/27/2026 10:01 AM,05/29/2026 03:09 AM,05/31/2026 02:32 AM,Listed
UL-000155,Art,Store 07,06/02/2026 02:23 AM,06/02/2026 02:45 PM,06/02/2026 06:34 PM,Listed
UL-000156,Shoes,Store 07,05/21/2026 07:23 PM,05/23/2026 02:56 AM,05/24/2026 07:56 PM,Listed
UL-000157,Clothing,Store 12,05/29/2026 09:47 AM,05/30/2026 04:53 AM,05/30/2026 07:40 AM,Listed
UL-000158,Home Decor,Store 04,05/17/2026 10:46 PM,05/19/2026 06:05 AM,05/19/2026 01:10 PM,Listed
UL-000159,Art,Store 04,06/01/2026 06:28 AM,06/02/2026 04:44 PM,06/04/2026 03:25 AM,Listed
UL-000160,Jewelry,Store 12,05/30/2026 11:54 PM,06/02/2026 07:39 AM,06/02/2026 02:29 PM,Listed
UL-000161,Handbags,Outlet DC,05/31/2026 08:31 AM,06/01/2026 02:28 PM,06/02/2026 06:59 PM,Listed
UL-000162,Shoes,Store 04,05/31/2026 08:43 AM,06/01/2026 01:24 AM,06/01/2026 07:46 PM,Listed
UL-000163,Books,Donation Center 02,05/28/2026 11:03 PM,05/31/2026 11:13 AM,06/01/2026 02:47 AM,Listed
UL-000164,Books,Store 07,05/31/2026 10:43 AM,06/03/2026 06:58 AM,06/04/2026 01:31 PM,Listed
UL-000165,Books,Store 04,06/01/2026 08:22 AM,06/02/2026 02:25 AM,06/03/2026 08:56 AM,Listed
UL-000166,Shoes,Donation Center 02,05/29/2026 03:50 PM,05/31/2026 03:38 AM,05/31/2026 08:40 AM,Listed
UL-000167,Handbags,Outlet DC,05/29/2026 12:09 AM,05/31/2026 05:02 AM,06/01/2026 03:40 PM,Listed
UL-000168,Collectibles,Store 04,06/01/2026 10:56 PM,06/03/2026 02:41 PM,06/05/2026 05:20 AM,Listed
UL-000169,Books,Outlet DC,05/30/2026 12:58 PM,05/31/2026 03:44 PM,06/02/2026 10:56 AM,Listed
UL-000170,Home Decor,Outlet DC,05/29/2026 01:27 AM,05/30/2026 02:57 PM,05/31/2026 11:37 AM,Listed
UL-000171,Electronics,Store 04,05/27/2026 12:00 PM,05/29/2026 08:18 PM,05/31/2026 04:15 AM,Listed
UL-000172,Home Decor,Outlet DC,06/04/2026 03:46 AM,06/05/2026 12:53 AM,06/05/2026 05:18 AM,Listed
UL-000173,Electronics,Store 04,06/01/2026 04:33 AM,06/01/2026 11:28 AM,06/02/2026 01:09 AM,Listed
UL-000174,Home Decor,Store 12,06/02/2026 05:37 PM,06/03/2026 09:17 AM,06/05/2026 04:45 AM,Listed
UL-000175,Shoes,Store 12,06/05/2026 06:01 AM,06/05/2026 03:45 PM,06/06/2026 06:48 AM,Listed
UL-000176,Clothing,Store 07,05/31/2026 02:46 PM,06/03/2026 04:51 AM,06/04/2026 01:52 AM,Listed
UL-000177,Home Decor,Donation Center 02,06/05/2026 08:18 PM,06/06/2026 05:58 AM,06/07/2026 03:45 AM,Listed
UL-000178,Clothing,Outlet DC,06/04/2026 09:06 PM,06/06/2026 08:55 PM,06/07/2026 08:14 PM,Listed
UL-000179,Clothing,Donation Center 02,06/05/2026 05:33 AM,06/05/2026 07:32 PM,06/06/2026 04:30 PM,Listed
UL-000180,Clothing,Donation Center 02,05/25/2026 07:53 AM,05/26/2026 12:15 AM,05/26/2026 02:10 AM,Listed
UL-000181,Clothing,Store 07,05/31/2026 12:54 PM,06/01/2026 12:22 PM,06/03/2026 05:31 AM,Listed
UL-000182,Kitchen,Store 12,06/03/2026 08:40 AM,06/04/2026 03:37 PM,06/05/2026 01:28 AM,Listed
UL-000183,Collectibles,Store 12,05/22/2026 04:36 PM,05/23/2026 05:45 PM,05/25/2026 04:38 AM,Listed
UL-000184,Electronics,Store 04,05/30/2026 10:29 PM,06/02/2026 06:18 PM,06/04/2026 11:51 AM,Listed
UL-000185,Clothing,Store 04,06/05/2026 04:59 AM,06/05/2026 04:20 PM,06/06/2026 02:50 AM,Listed
UL-000186,Home Decor,Outlet DC,05/29/2026 10:07 AM,05/31/2026 11:15 AM,06/01/2026 03:12 AM,Listed
UL-000187,Clothing,Store 04,06/02/2026 10:55 PM,06/04/2026 12:37 PM,06/04/2026 09:31 PM,Listed
UL-000188,Clothing,Store 04,06/01/2026 06:40 PM,06/04/2026 04:20 PM,06/06/2026 03:48 PM,Listed
UL-000189,Collectibles,Store 07,06/03/2026 08:05 PM,06/04/2026 12:13 AM,06/05/2026 11:08 AM,Listed
UL-000190,Electronics,Store 12,06/03/2026 09:23 AM,06/05/2026 09:20 PM,06/06/2026 06:09 PM,Listed
UL-000191,Clothing,Outlet DC,05/31/2026 08:54 AM,06/02/2026 09:45 AM,06/03/2026 10:34 PM,Listed
UL-000192,Collectibles,Outlet DC,06/06/2026 12:34 PM,06/07/2026 06:08 AM,06/07/2026 01:16 PM,Listed
UL-000193,Kitchen,Outlet DC,06/01/2026 09:37 PM,06/02/2026 07:42 AM,06/04/2026 06:04 AM,Listed
UL-000194,Home Decor,Donation Center 02,06/06/2026 02:35 PM,06/07/2026 04:12 AM,06/07/2026 07:58 AM,Listed
UL-000195,Electronics,Outlet DC,06/02/2026 01:24 PM,06/02/2026 05:38 PM,06/04/2026 03:58 PM,Listed
UL-000196,Sporting Goods,Store 12,06/02/2026 04:17 AM,06/02/2026 09:41 AM,06/03/2026 04:21 PM,Listed
UL-000197,Clothing,Store 12,06/02/2026 06:35 AM,06/03/2026 11:53 AM,06/03/2026 05:25 PM,Listed
UL-000198,Electronics,Donation Center 02,06/02/2026 11:09 PM,06/05/2026 07:12 PM,06/06/2026 10:10 AM,Listed
UL-000199,Kitchen,Store 12,06/07/2026 09:55 PM,06/09/2026 05:04 PM,06/10/2026 03:11 AM,Listed
UL-000200,Media,Store 04,06/04/2026 04:06 PM,06/06/2026 10:31 PM,06/07/2026 01:14 AM,Listed
UL-000201,Shoes,Donation Center 02,06/04/2026 04:45 PM,06/07/2026 06:07 AM,06/08/2026 08:07 PM,Listed
UL-000202,Electronics,Store 07,05/25/2026 01:57 AM,05/27/2026 11:02 PM,05/29/2026 04:20 PM,Listed
UL-000203,Shoes,Store 12,06/05/2026 09:17 AM,06/06/2026 09:24 AM,06/07/2026 07:59 AM,Listed
UL-000204,Books,Store 04,06/03/2026 03:28 PM,06/06/2026 09:48 AM,06/07/2026 01:45 AM,Listed
UL-000205,Collectibles,Store 04,06/09/2026 06:13 AM,06/09/2026 10:45 AM,06/10/2026 01:27 AM,Listed
UL-000206,Shoes,Store 04,06/04/2026 12:56 AM,06/06/2026 11:23 AM,06/07/2026 01:21 AM,Listed
UL-000207,Clothing,Store 04,06/09/2026 12:43 AM,06/10/2026 06:35 AM,06/11/2026 08:50 AM,Listed
UL-000208,Handbags,Store 07,06/08/2026 03:50 PM,06/09/2026 10:13 PM,06/10/2026 01:47 PM,Listed
UL-000209,Clothing,Store 04,05/23/2026 05:23 AM,05/24/2026 09:13 PM,05/25/2026 03:34 AM,Listed
UL-000210,Electronics,Store 12,06/07/2026 07:08 PM,06/10/2026 07:38 AM,06/11/2026 12:45 AM,Listed
UL-000211,Clothing,Outlet DC,06/09/2026 02:35 AM,06/09/2026 02:35 PM,06/09/2026 05:12 PM,Listed
UL-000212,Media,Store 04,05/28/2026 08:14 PM,05/29/2026 03:20 PM,05/30/2026 10:20 PM,Listed
UL-000213,Books,Store 04,06/10/2026 03:06 PM,06/11/2026 08:27 AM,06/11/2026 10:56 PM,Listed
UL-000214,Books,Store 12,06/08/2026 02:36 AM,06/09/2026 08:02 PM,06/10/2026 10:34 AM,Listed
UL-000215,Shoes,Store 04,06/08/2026 03:52 AM,06/09/2026 12:49 PM,06/09/2026 10:48 PM,Listed
UL-000216,Media,Store 07,06/02/2026 07:49 PM,06/04/2026 07:30 PM,06/06/2026 05:17 AM,Listed
UL-000217,Books,Donation Center 02,06/08/2026 05:08 PM,06/10/2026 08:27 AM,06/11/2026 07:00 AM,Listed
UL-000218,Sporting Goods,Store 07,06/07/2026 02:30 AM,06/10/2026 01:59 AM,06/11/2026 09:19 AM,Listed
UL-000219,Clothing,Store 07,06/09/2026 01:01 PM,06/11/2026 07:43 PM,06/13/2026 12:22 PM,Listed
UL-000220,Clothing,Store 07,06/07/2026 03:06 PM,06/09/2026 08:43 AM,06/09/2026 12:02 PM,Listed
UL-000221,Clothing,Store 04,06/09/2026 06:55 AM,06/09/2026 08:27 AM,06/10/2026 02:46 PM,Listed
UL-000222,Electronics,Store 12,06/09/2026 12:19 AM,06/09/2026 01:12 PM,06/10/2026 01:51 PM,Listed
UL-000223,Jewelry,Store 12,06/09/2026 06:07 PM,06/10/2026 01:55 AM,06/12/2026 12:24 AM,Listed
UL-000224,Toys,Store 07,06/09/2026 05:22 PM,06/10/2026 09:56 AM,06/11/2026 06:16 AM,Listed
UL-000225,Books,Store 07,06/08/2026 11:27 PM,06/10/2026 05:44 PM,06/11/2026 06:44 AM,Listed
UL-000226,Books,Donation Center 02,06/08/2026 03:13 AM,06/08/2026 03:22 AM,06/09/2026 09:08 AM,Listed
UL-000227,Books,Outlet DC,06/09/2026 08:23 PM,06/11/2026 02:51 AM,06/12/2026 02:16 PM,Listed
UL-000228,Books,Store 07,06/06/2026 11:31 PM,06/07/2026 10:55 AM,06/09/2026 05:39 AM,Listed
UL-000229,Books,Store 04,06/12/2026 03:35 AM,06/13/2026 05:28 PM,06/13/2026 10:30 PM,Listed
UL-000230,Collectibles,Store 04,06/05/2026 06:44 PM,06/07/2026 07:39 AM,06/09/2026 02:13 AM,Listed
UL-000231,Kitchen,Outlet DC,06/08/2026 07:46 AM,06/09/2026 11:22 PM,06/11/2026 09:01 AM,Listed
UL-000232,Electronics,Store 12,06/06/2026 07:48 PM,06/08/2026 01:08 AM,06/09/2026 11:46 AM,Listed
UL-000233,Electronics,Store 07,06/12/2026 11:24 PM,06/15/2026 06:44 AM,06/15/2026 02:48 PM,Listed
UL-000234,Collectibles,Store 12,06/12/2026 12:24 PM,06/13/2026 07:31 PM,06/15/2026 10:28 AM,Listed
UL-000235,Electronics,Store 04,06/06/2026 02:51 AM,06/09/2026 12:51 AM,06/10/2026 06:44 AM,Listed
UL-000236,Books,Store 04,06/05/2026 07:20 AM,06/06/2026 02:44 PM,06/07/2026 12:36 AM,Listed
UL-000237,Home Decor,Outlet DC,06/04/2026 05:20 PM,06/06/2026 08:13 AM,06/07/2026 12:35 PM,Listed
UL-000238,Media,Store 04,06/09/2026 01:27 AM,06/09/2026 11:35 PM,06/10/2026 08:17 AM,Listed
UL-000239,Electronics,Store 12,06/10/2026 10:49 PM,06/13/2026 04:21 PM,06/14/2026 03:44 AM,Listed
UL-000240,Clothing,Donation Center 02,06/09/2026 11:44 AM,06/10/2026 05:04 AM,06/10/2026 06:33 PM,Listed
UL-000241,Electronics,Donation Center 02,06/13/2026 04:30 AM,06/14/2026 04:06 AM,06/14/2026 04:25 AM,Listed
UL-000242,Books,Store 07,06/13/2026 03:42 PM,06/14/2026 11:04 AM,06/15/2026 06:40 PM,Listed
UL-000243,Books,Store 07,06/10/2026 03:09 PM,06/11/2026 02:17 PM,06/13/2026 05:59 AM,Listed
UL-000244,Media,Store 04,06/10/2026 09:50 PM,06/11/2026 03:44 AM,06/11/2026 02:31 PM,Listed
UL-000245,Watches,Store 04,05/31/2026 07:58 PM,06/03/2026 02:14 PM,06/05/2026 11:55 AM,Listed
UL-000246,Jewelry,Store 12,06/10/2026 02:39 PM,06/10/2026 07:39 PM,06/12/2026 01:20 PM,Listed
UL-000247,Collectibles,Store 04,06/10/2026 10:47 PM,06/11/2026 11:46 PM,06/13/2026 12:45 AM,Listed
UL-000248,Handbags,Store 04,06/10/2026 02:02 PM,06/11/2026 12:45 PM,06/12/2026 10:11 PM,Listed
UL-000249,Art,Outlet DC,06/11/2026 06:56 AM,06/12/2026 03:26 PM,06/14/2026 04:58 AM,Listed
UL-000250,Books,Store 04,06/07/2026 04:38 AM,06/09/2026 03:20 AM,06/10/2026 01:00 PM,Listed
UL-000251,Clothing,Outlet DC,06/14/2026 05:04 PM,06/15/2026 03:09 PM,06/16/2026 05:05 AM,Listed
UL-000252,Art,Donation Center 02,06/12/2026 05:04 PM,06/15/2026 10:38 AM,06/16/2026 12:57 PM,Listed
UL-000253,Electronics,Outlet DC,06/14/2026 12:42 AM,06/14/2026 04:29 PM,06/14/2026 05:41 PM,Listed
UL-000254,Jewelry,Store 12,06/11/2026 09:12 AM,06/13/2026 11:06 PM,06/15/2026 08:48 PM,Listed
UL-000255,Jewelry,Store 12,06/15/2026 12:39 AM,06/15/2026 10:41 PM,06/17/2026 12:03 PM,Listed
UL-000256,Clothing,Store 12,05/22/2026 12:19 PM,05/24/2026 03:06 AM,05/25/2026 10:10 AM,Listed
UL-000257,Media,Store 12,06/08/2026 04:31 PM,06/09/2026 07:14 AM,06/11/2026 03:25 AM,Listed
UL-000258,Home Decor,Store 04,06/02/2026 11:26 PM,06/04/2026 07:36 AM,06/04/2026 10:03 PM,Listed
UL-000259,Books,Outlet DC,06/13/2026 02:02 AM,06/14/2026 05:46 AM,06/15/2026 10:49 AM,Listed
UL-000260,Watches,Donation Center 02,06/14/2026 08:03 PM,06/15/2026 10:15 PM,06/16/2026 08:07 AM,Listed
UL-000261,Jewelry,Store 04,05/28/2026 01:32 AM,05/29/2026 06:46 AM,05/30/2026 12:26 AM,Listed
UL-000262,Clothing,Store 07,06/12/2026 06:14 AM,06/14/2026 06:27 AM,06/15/2026 01:25 AM,Listed
UL-000263,Home Decor,Donation Center 02,06/11/2026 05:05 AM,06/12/2026 03:09 PM,06/13/2026 07:31 AM,Listed
UL-000264,Handbags,Store 04,06/12/2026 12:42 PM,06/15/2026 01:09 AM,06/15/2026 11:09 PM,Listed
UL-000265,Clothing,Outlet DC,06/14/2026 11:25 AM,06/16/2026 08:58 PM,06/16/2026 10:59 PM,Listed
UL-000266,Media,Outlet DC,06/13/2026 06:25 PM,06/15/2026 01:11 PM,06/16/2026 01:15 PM,Listed
UL-000267,Books,Outlet DC,06/11/2026 02:39 AM,06/13/2026 08:34 PM,06/15/2026 02:47 PM,Listed
UL-000268,Books,Outlet DC,06/11/2026 05:17 PM,06/12/2026 04:25 AM,06/14/2026 12:42 AM,Listed
UL-000269,Clothing,Store 07,06/15/2026 04:05 AM,06/15/2026 08:40 AM,06/16/2026 11:36 AM,Listed
UL-000270,Kitchen,Store 07,06/13/2026 08:12 AM,06/15/2026 02:33 PM,06/16/2026 04:04 PM,Listed
UL-000271,Collectibles,Store 04,06/03/2026 01:02 PM,06/06/2026 12:53 AM,06/07/2026 09:19 PM,Listed
UL-000272,Clothing,Donation Center 02,06/16/2026 04:50 AM,06/16/2026 08:08 AM,06/17/2026 06:12 PM,Listed
UL-000273,Home Decor,Outlet DC,06/11/2026 07:14 PM,06/14/2026 07:42 AM,06/15/2026 03:04 PM,Listed
UL-000274,Books,Store 07,06/14/2026 02:36 AM,06/17/2026 12:05 AM,06/18/2026 08:41 AM,Listed
UL-000275,Books,Store 12,06/11/2026 11:36 PM,06/12/2026 11:36 PM,06/14/2026 05:11 AM,Listed
UL-000276,Media,Outlet DC,06/13/2026 10:52 PM,06/14/2026 01:11 PM,06/16/2026 10:18 AM,Listed
UL-000277,Clothing,Outlet DC,06/12/2026 09:50 AM,06/13/2026 06:20 PM,06/14/2026 12:55 AM,Listed
UL-000278,Toys,Donation Center 02,06/10/2026 04:53 AM,06/11/2026 04:20 PM,06/12/2026 07:39 AM,Listed
UL-000279,Books,Store 12,06/13/2026 09:22 AM,06/14/2026 03:39 AM,06/14/2026 05:34 PM,Listed
UL-000280,Electronics,Store 07,06/10/2026 03:59 PM,06/13/2026 12:05 PM,06/15/2026 11:43 AM,Listed
UL-000281,Clothing,Store 04,06/13/2026 10:06 PM,06/15/2026 01:48 AM,06/16/2026 06:50 PM,Listed
UL-000282,Collectibles,Store 04,06/08/2026 08:08 PM,06/10/2026 01:15 PM,06/12/2026 07:36 AM,Listed
UL-000283,Media,Outlet DC,06/15/2026 12:06 PM,06/16/2026 07:35 PM,06/16/2026 09:11 PM,Listed
UL-000284,Books,Donation Center 02,06/14/2026 12:29 AM,06/16/2026 07:43 AM,06/17/2026 08:41 PM,Listed
UL-000285,Electronics,Store 12,06/13/2026 09:00 PM,06/16/2026 03:13 PM,06/18/2026 02:55 AM,Listed
UL-000286,Kitchen,Store 04,06/14/2026 01:51 AM,06/15/2026 12:57 PM,06/17/2026 05:58 AM,Listed
UL-000287,Media,Store 04,06/12/2026 07:20 PM,06/14/2026 04:40 PM,06/14/2026 06:41 PM,Listed
UL-000288,Toys,Outlet DC,06/19/2026 11:13 AM,06/19/2026 01:01 PM,06/20/2026 04:01 AM,Listed
UL-000289,Kitchen,Store 12,06/18/2026 02:13 AM,06/19/2026 05:00 AM,06/20/2026 10:44 AM,Listed
UL-000290,Home Decor,Outlet DC,06/18/2026 07:03 PM,06/20/2026 12:00 AM,06/20/2026 06:20 AM,Listed
UL-000291,Books,Store 04,06/09/2026 06:13 AM,06/10/2026 09:08 PM,06/12/2026 01:38 PM,Listed
UL-000292,Clothing,Donation Center 02,06/11/2026 05:54 AM,06/13/2026 02:05 PM,06/13/2026 10:33 PM,Listed
UL-000293,Jewelry,Store 07,06/15/2026 11:55 AM,06/18/2026 07:59 AM,06/20/2026 05:37 AM,Listed
UL-000294,Media,Store 07,06/12/2026 08:51 PM,06/14/2026 03:50 AM,06/16/2026 03:10 AM,Listed
UL-000295,Clothing,Donation Center 02,06/14/2026 02:44 PM,06/15/2026 10:58 PM,06/17/2026 05:19 PM,Listed
UL-000296,Books,Donation Center 02,06/14/2026 10:56 AM,06/16/2026 07:31 PM,06/17/2026 02:00 AM,Listed
UL-000297,Kitchen,Donation Center 02,06/16/2026 03:23 AM,06/18/2026 03:05 AM,06/18/2026 07:51 AM,Listed
UL-000298,Electronics,Outlet DC,06/12/2026 11:59 PM,06/15/2026 02:34 PM,06/17/2026 07:54 AM,Listed
UL-000299,Jewelry,Outlet DC,06/03/2026 03:44 PM,06/05/2026 09:49 PM,06/07/2026 01:42 AM,Listed
UL-000300,Shoes,Donation Center 02,06/13/2026 11:24 PM,06/16/2026 03:05 PM,06/17/2026 05:51 PM,Listed
UL-000301,Electronics,Donation Center 02,06/19/2026 06:06 PM,06/19/2026 11:25 PM,06/20/2026 05:57 AM,Listed
UL-000302,Jewelry,Donation Center 02,06/15/2026 12:02 PM,06/18/2026 04:42 AM,06/18/2026 12:19 PM,Listed
UL-000303,Shoes,Outlet DC,06/15/2026 02:05 PM,06/17/2026 12:11 PM,06/18/2026 03:00 AM,Listed
UL-000304,Clothing,Store 07,06/15/2026 09:29 PM,06/18/2026 06:07 PM,06/19/2026 10:00 AM,Listed
UL-000305,Watches,Outlet DC,06/15/2026 04:38 AM,06/18/2026 12:52 AM,06/19/2026 02:16 PM,Listed
UL-000306,Collectibles,Store 04,06/18/2026 04:51 PM,06/18/2026 11:55 PM,06/20/2026 07:23 PM,Listed
UL-000307,Books,Donation Center 02,06/16/2026 06:31 PM,06/19/2026 06:24 PM,06/20/2026 08:04 AM,Listed
UL-000308,Jewelry,Store 12,06/18/2026 04:56 AM,06/18/2026 09:48 AM,06/19/2026 12:30 AM,Listed
UL-000309,Clothing,Donation Center 02,06/19/2026 03:48 AM,06/19/2026 09:36 PM,06/19/2026 11:14 PM,Listed
UL-000310,Clothing,Store 12,06/20/2026 04:07 AM,06/20/2026 08:31 AM,06/20/2026 08:53 PM,Listed
UL-000311,Watches,Store 04,06/16/2026 02:48 PM,06/18/2026 04:15 PM,06/19/2026 04:25 AM,Listed
UL-000312,Books,Donation Center 02,06/18/2026 09:59 AM,06/18/2026 08:58 PM,06/20/2026 08:47 AM,Listed
UL-000313,Clothing,Store 04,06/09/2026 12:47 AM,06/11/2026 06:25 PM,06/13/2026 02:02 AM,Listed
UL-000314,Clothing,Donation Center 02,06/14/2026 06:59 PM,06/17/2026 03:12 AM,06/17/2026 03:43 PM,Listed
UL-000315,Books,Store 04,06/18/2026 06:52 PM,06/19/2026 04:24 AM,06/20/2026 11:16 PM,Listed
UL-000316,Media,Donation Center 02,06/17/2026 01:06 PM,06/18/2026 03:49 PM,06/19/2026 11:07 AM,Listed
UL-000317,Clothing,Store 07,06/16/2026 11:10 AM,06/16/2026 02:04 PM,06/18/2026 04:30 AM,Listed
UL-000318,Shoes,Store 12,06/13/2026 12:12 AM,06/14/2026 07:43 AM,06/14/2026 05:24 PM,Listed
UL-000319,Home Decor,Outlet DC,06/12/2026 04:46 AM,06/14/2026 11:52 PM,06/16/2026 10:20 PM,Listed
UL-000320,Jewelry,Donation Center 02,06/17/2026 06:19 PM,06/18/2026 10:04 PM,06/20/2026 07:49 AM,Listed
UL-000321,Home Decor,Outlet DC,06/20/2026 10:32 PM,06/20/2026 11:03 PM,06/21/2026 06:03 AM,Listed
UL-000322,Clothing,Store 04,06/16/2026 03:08 PM,06/17/2026 03:28 PM,06/19/2026 10:29 AM,Listed
UL-000323,Clothing,Outlet DC,06/20/2026 06:14 AM,06/20/2026 07:34 PM,06/22/2026 04:48 AM,Listed
UL-000324,Clothing,Store 07,06/13/2026 10:53 AM,06/15/2026 10:40 PM,06/16/2026 11:34 PM,Listed
UL-000325,Media,Store 07,06/19/2026 03:05 PM,06/21/2026 07:45 AM,06/22/2026 11:33 AM,Listed
UL-000326,Collectibles,Store 04,06/16/2026 09:27 AM,06/17/2026 03:16 PM,06/17/2026 05:26 PM,Listed
UL-000327,Collectibles,Donation Center 02,06/12/2026 07:04 PM,06/14/2026 07:51 PM,06/16/2026 05:02 PM,Listed
UL-000328,Books,Store 12,06/22/2026 01:20 AM,06/24/2026 04:16 AM,06/24/2026 06:57 PM,Listed
UL-000329,Media,Outlet DC,06/20/2026 07:09 AM,06/22/2026 08:57 PM,06/23/2026 07:14 PM,Listed
UL-000330,Shoes,Store 12,06/21/2026 07:37 PM,06/21/2026 09:16 PM,06/22/2026 01:05 AM,Listed
UL-000331,Clothing,Outlet DC,06/20/2026 03:39 AM,06/20/2026 07:38 AM,06/22/2026 03:20 AM,Listed
UL-000332,Books,Store 04,06/18/2026 06:17 PM,06/19/2026 07:26 AM,06/19/2026 06:56 PM,Listed
UL-000333,Clothing,Store 04,06/18/2026 04:45 PM,06/20/2026 06:29 PM,06/21/2026 01:12 PM,Listed
UL-000334,Sporting Goods,Store 04,06/23/2026 01:01 AM,06/23/2026 01:33 AM,06/23/2026 07:17 AM,Listed
UL-000335,Home Decor,Store 04,06/19/2026 05:50 PM,06/22/2026 03:23 PM,06/23/2026 12:46 PM,Listed
UL-000336,Books,Outlet DC,06/19/2026 05:40 AM,06/20/2026 06:19 PM,06/22/2026 04:16 PM,Listed
UL-000337,Clothing,Store 04,06/18/2026 07:18 AM,06/20/2026 11:10 AM,06/21/2026 10:33 PM,Listed
UL-000338,Books,Store 07,06/20/2026 09:41 PM,06/22/2026 06:20 PM,06/24/2026 02:00 PM,Listed
UL-000339,Home Decor,Store 04,06/22/2026 11:41 PM,06/24/2026 03:22 PM,06/24/2026 06:52 PM,Listed
UL-000340,Electronics,Donation Center 02,06/19/2026 04:39 PM,06/21/2026 09:18 PM,06/23/2026 03:28 AM,Listed
UL-000341,Jewelry,Store 12,06/19/2026 06:51 PM,06/21/2026 06:18 PM,06/23/2026 05:13 PM,Listed
UL-000342,Handbags,Store 12,06/15/2026 07:28 AM,06/17/2026 05:25 PM,06/19/2026 01:21 PM,Listed
UL-000343,Handbags,Donation Center 02,06/18/2026 09:28 PM,06/21/2026 08:23 PM,06/23/2026 04:39 PM,Listed
UL-000344,Jewelry,Outlet DC,06/20/2026 08:28 AM,06/21/2026 09:29 AM,06/21/2026 08:18 PM,Listed
UL-000345,Electronics,Store 12,06/13/2026 06:40 AM,06/15/2026 01:46 AM,06/16/2026 06:19 PM,Listed
UL-000346,Kitchen,Donation Center 02,06/21/2026 04:22 PM,06/22/2026 08:09 AM,06/22/2026 09:58 AM,Listed
UL-000347,Home Decor,Donation Center 02,06/21/2026 04:20 AM,06/23/2026 05:35 PM,06/25/2026 02:03 PM,Listed
UL-000348,Shoes,Donation Center 02,06/22/2026 12:31 AM,06/24/2026 12:43 AM,06/25/2026 12:44 AM,Listed
UL-000349,Jewelry,Donation Center 02,06/17/2026 01:43 PM,06/19/2026 10:34 AM,06/21/2026 12:18 AM,Listed
UL-000350,Clothing,Store 04,06/19/2026 10:00 PM,06/21/2026 10:31 PM,06/21/2026 11:10 PM,Listed
UL-000351,Handbags,Donation Center 02,06/14/2026 04:53 AM,06/16/2026 07:48 PM,06/18/2026 06:02 PM,Listed
UL-000352,Books,Store 04,06/23/2026 04:31 PM,06/24/2026 03:18 AM,06/25/2026 10:51 AM,Listed
UL-000353,Watches,Outlet DC,06/25/2026 12:15 PM,06/26/2026 12:44 AM,06/26/2026 01:30 AM,Listed
UL-000354,Books,Store 07,06/23/2026 05:06 PM,06/25/2026 10:50 AM,06/27/2026 01:49 AM,Listed
UL-000355,Watches,Store 07,06/23/2026 11:44 PM,06/26/2026 03:05 PM,06/26/2026 03:07 PM,Listed
UL-000356,Clothing,Store 12,05/30/2026 06:33 AM,05/30/2026 07:29 PM,06/01/2026 03:47 PM,Listed
UL-000357,Handbags,Donation Center 02,06/26/2026 10:51 PM,06/27/2026 12:10 AM,06/27/2026 02:12 PM,Listed
UL-000358,Collectibles,Store 04,06/23/2026 04:42 AM,06/23/2026 09:21 PM,06/25/2026 05:13 AM,Listed
UL-000359,Kitchen,Store 07,06/12/2026 03:19 PM,06/15/2026 11:09 AM,06/16/2026 12:06 PM,Listed
UL-000360,Clothing,Donation Center 02,06/20/2026 05:10 PM,06/22/2026 11:56 AM,06/24/2026 05:10 AM,Listed
UL-000361,Media,Store 04,06/25/2026 07:10 AM,06/26/2026 11:44 PM,06/27/2026 02:49 PM,Listed
UL-000362,Media,Store 04,06/18/2026 12:56 PM,06/19/2026 03:24 AM,06/20/2026 06:51 PM,Listed
UL-000363,Clothing,Store 07,06/20/2026 05:01 PM,06/23/2026 04:57 AM,06/24/2026 10:08 AM,Listed
UL-000364,Books,Store 04,06/24/2026 02:35 AM,06/24/2026 11:59 PM,06/26/2026 11:47 AM,Listed
UL-000365,Handbags,Store 07,06/25/2026 08:34 PM,06/26/2026 12:54 AM,06/26/2026 04:20 AM,Listed
UL-000366,Shoes,Store 04,06/11/2026 01:01 AM,06/12/2026 10:16 AM,06/12/2026 05:29 PM,Listed
UL-000367,Home Decor,Store 04,06/26/2026 10:20 AM,06/27/2026 10:34 AM,06/27/2026 02:41 PM,Listed
UL-000368,Clothing,Store 12,06/16/2026 02:50 PM,06/17/2026 01:00 AM,06/18/2026 08:33 PM,Listed
UL-000369,Clothing,Outlet DC,06/22/2026 01:33 AM,06/23/2026 03:58 AM,06/23/2026 04:44 PM,Listed
UL-000370,Shoes,Outlet DC,06/21/2026 03:21 AM,06/22/2026 10:07 AM,06/23/2026 04:21 PM,Listed
UL-000371,Books,Store 04,06/23/2026 05:33 AM,06/24/2026 01:31 AM,06/25/2026 02:33 AM,Listed
UL-000372,Books,Store 04,06/25/2026 11:31 PM,06/26/2026 08:27 AM,06/27/2026 03:53 AM,Listed
UL-000373,Books,Donation Center 02,06/21/2026 11:08 AM,06/23/2026 02:58 AM,06/24/2026 02:06 PM,Listed
UL-000374,Clothing,Outlet DC,06/24/2026 08:26 PM,06/26/2026 01:09 PM,06/28/2026 10:42 AM,Listed
UL-000375,Shoes,Store 07,06/26/2026 11:09 PM,06/27/2026 08:33 AM,06/28/2026 12:41 PM,Listed
UL-000376,Media,Outlet DC,06/25/2026 03:35 AM,06/26/2026 11:25 AM,06/26/2026 10:33 PM,Listed
UL-000377,Electronics,Store 12,06/21/2026 01:54 PM,06/22/2026 01:44 PM,06/24/2026 12:28 AM,Listed
UL-000378,Books,Store 12,06/25/2026 03:03 PM,06/25/2026 11:45 PM,06/27/2026 06:04 PM,Listed
UL-000379,Jewelry,Store 07,06/22/2026 12:52 PM,06/22/2026 04:19 PM,06/24/2026 01:58 PM,Listed
UL-000380,Collectibles,Outlet DC,06/21/2026 11:29 PM,06/24/2026 07:59 AM,06/25/2026 11:58 PM,Listed
UL-000381,Kitchen,Outlet DC,06/21/2026 01:11 AM,06/22/2026 08:27 PM,06/24/2026 08:07 PM,Listed
UL-000382,Clothing,Outlet DC,06/25/2026 05:07 AM,06/25/2026 07:11 PM,06/27/2026 09:59 AM,Listed
UL-000383,Collectibles,Donation Center 02,06/20/2026 11:28 AM,06/23/2026 12:06 AM,06/24/2026 09:36 PM,Listed
UL-000384,Handbags,Donation Center 02,06/22/2026 06:13 PM,06/24/2026 07:59 AM,06/26/2026 04:16 AM,Listed
UL-000385,Clothing,Store 12,06/24/2026 02:54 PM,06/26/2026 01:34 AM,06/26/2026 09:43 AM,Listed
UL-000386,Books,Store 07,06/25/2026 12:42 AM,06/26/2026 12:53 AM,06/27/2026 02:55 AM,Listed
UL-000387,Collectibles,Store 12,06/26/2026 03:59 AM,06/26/2026 01:57 PM,06/28/2026 07:11 AM,Listed
UL-000388,Clothing,Store 07,06/22/2026 06:11 PM,06/25/2026 02:14 PM,06/26/2026 01:39 AM,Listed
UL-000389,Books,Store 12,06/28/2026 12:27 AM,06/28/2026 02:06 PM,06/28/2026 06:09 PM,Listed
UL-000390,Watches,Donation Center 02,06/23/2026 04:36 AM,06/26/2026 02:52 AM,06/26/2026 04:30 PM,Listed
UL-000391,Electronics,Donation Center 02,06/28/2026 07:02 AM,06/29/2026 10:20 AM,06/29/2026 10:52 AM,Listed
UL-000392,Electronics,Donation Center 02,06/23/2026 12:41 PM,06/25/2026 06:19 PM,06/26/2026 07:47 PM,Listed
UL-000393,Collectibles,Store 12,06/27/2026 09:25 PM,06/29/2026 01:56 AM,06/29/2026 10:47 AM,Listed
UL-000394,Books,Outlet DC,06/29/2026 09:42 AM,06/29/2026 03:25 PM,06/29/2026 07:23 PM,Listed
UL-000395,Media,Store 07,06/26/2026 04:33 AM,06/27/2026 11:33 PM,06/28/2026 04:45 PM,Listed
UL-000396,Books,Store 12,06/22/2026 06:51 AM,06/23/2026 04:10 AM,06/24/2026 08:05 PM,Listed
UL-000397,Electronics,Outlet DC,06/21/2026 06:04 AM,06/21/2026 10:41 PM,06/23/2026 10:18 PM,Listed
UL-000398,Books,Store 12,06/24/2026 08:32 AM,06/27/2026 12:28 AM,06/28/2026 08:04 PM,Listed
UL-000399,Books,Store 07,06/23/2026 03:20 AM,06/26/2026 12:09 AM,06/27/2026 07:20 PM,Listed
UL-000400,Watches,Store 07,06/28/2026 09:46 PM,06/29/2026 04:35 PM,06/29/2026 09:01 PM,Listed
UL-000401,Electronics,Store 12,06/25/2026 01:14 PM,06/26/2026 11:22 PM,06/27/2026 04:34 PM,Listed
UL-000402,Home Decor,Store 04,06/26/2026 07:59 PM,06/27/2026 10:04 PM,06/28/2026 01:13 PM,Listed
UL-000403,Electronics,Store 07,06/22/2026 01:17 AM,06/24/2026 09:43 AM,06/26/2026 09:13 AM,Listed
UL-000404,Clothing,Store 07,06/27/2026 10:16 PM,06/30/2026 11:27 AM,06/30/2026 09:50 PM,Listed
UL-000405,Clothing,Store 07,06/25/2026 06:31 PM,06/28/2026 08:28 AM,06/29/2026 03:07 AM,Listed
UL-000406,Sporting Goods,Store 04,06/21/2026 04:33 AM,06/23/2026 02:12 AM,06/24/2026 02:37 AM,Listed
UL-000407,Clothing,Donation Center 02,06/25/2026 09:29 AM,06/27/2026 09:02 PM,06/29/2026 04:07 AM,Listed
UL-000408,Books,Store 04,06/25/2026 06:46 PM,06/27/2026 10:47 AM,06/28/2026 05:07 PM,Listed
UL-000409,Media,Store 12,06/24/2026 11:03 PM,06/25/2026 03:45 PM,06/27/2026 07:41 AM,Listed
UL-000410,Books,Store 04,06/28/2026 12:27 AM,06/30/2026 04:22 PM,07/01/2026 12:39 AM,Listed
UL-000411,Books,Store 04,06/23/2026 01:44 PM,06/25/2026 01:28 AM,06/25/2026 09:18 PM,Listed
UL-000412,Clothing,Store 04,06/21/2026 06:49 AM,06/21/2026 04:25 PM,06/23/2026 11:42 AM,Listed
UL-000413,Toys,Store 12,06/21/2026 07:06 PM,06/22/2026 07:00 AM,06/23/2026 05:35 PM,Listed
UL-000414,Electronics,Outlet DC,06/26/2026 09:33 PM,06/27/2026 08:06 PM,06/29/2026 06:20 PM,Listed
UL-000415,Electronics,Outlet DC,06/25/2026 06:03 AM,06/26/2026 07:19 PM,06/27/2026 06:11 PM,Listed
UL-000416,Books,Outlet DC,07/01/2026 08:29 PM,07/02/2026 03:02 AM,07/02/2026 10:40 AM,Listed
UL-000417,Books,Store 07,06/24/2026 04:37 PM,06/27/2026 05:14 AM,06/28/2026 02:16 AM,Listed
UL-000418,Books,Donation Center 02,07/01/2026 02:06 AM,07/02/2026 02:51 PM,07/03/2026 08:26 PM,Listed
UL-000419,Clothing,Outlet DC,06/28/2026 04:39 AM,06/28/2026 11:23 PM,06/30/2026 09:21 AM,Listed
UL-000420,Home Decor,Store 04,06/28/2026 01:16 AM,06/30/2026 08:54 AM,07/01/2026 07:31 AM,Listed
UL-000421,Home Decor,Outlet DC,06/28/2026 01:50 AM,06/30/2026 08:10 PM,07/02/2026 06:05 PM,Listed
UL-000422,Sporting Goods,Store 04,06/24/2026 02:25 AM,06/25/2026 12:21 PM,06/27/2026 11:12 AM,Listed
UL-000423,Collectibles,Store 04,06/26/2026 05:44 AM,06/27/2026 01:16 PM,06/29/2026 10:46 AM,Listed
UL-000424,Electronics,Outlet DC,06/26/2026 01:13 AM,06/27/2026 03:30 AM,06/28/2026 07:14 PM,Listed
UL-000425,Shoes,Outlet DC,06/21/2026 03:10 PM,06/23/2026 12:45 AM,06/24/2026 09:15 PM,Listed
UL-000426,Books,Donation Center 02,07/01/2026 06:55 AM,07/01/2026 07:57 PM,07/02/2026 01:17 AM,Listed
UL-000427,Handbags,Donation Center 02,07/01/2026 11:25 AM,07/02/2026 02:30 AM,07/02/2026 04:57 AM,Listed
UL-000428,Home Decor,Store 07,07/01/2026 08:09 AM,07/02/2026 12:57 AM,07/02/2026 05:28 PM,Listed
UL-000429,Clothing,Store 04,06/28/2026 12:45 PM,06/29/2026 02:00 AM,06/29/2026 05:34 AM,Listed
UL-000430,Media,Store 04,06/28/2026 02:07 PM,06/28/2026 02:11 PM,06/29/2026 01:22 AM,Listed
UL-000431,Media,Store 04,06/24/2026 07:27 PM,06/25/2026 08:32 PM,06/26/2026 09:31 PM,Listed
UL-000432,Books,Donation Center 02,06/30/2026 10:32 AM,07/03/2026 05:40 AM,07/03/2026 08:48 AM,Listed
UL-000433,Electronics,Outlet DC,06/25/2026 10:50 AM,06/27/2026 08:38 PM,06/28/2026 12:16 PM,Listed
UL-000434,Clothing,Donation Center 02,06/27/2026 09:38 AM,06/29/2026 04:19 AM,06/29/2026 07:04 PM,Listed
UL-000435,Books,Store 07,06/17/2026 05:37 PM,06/19/2026 11:40 PM,06/21/2026 03:19 AM,Listed
UL-000436,Books,Store 07,06/30/2026 04:31 AM,07/01/2026 06:49 PM,07/03/2026 08:28 AM,Listed
UL-000437,Kitchen,Donation Center 02,06/28/2026 10:35 PM,07/01/2026 03:15 PM,07/03/2026 04:36 AM,Listed
UL-000438,Handbags,Donation Center 02,06/27/2026 07:05 PM,06/30/2026 03:50 AM,07/02/2026 01:27 AM,Listed
UL-000439,Shoes,Donation Center 02,06/30/2026 08:14 PM,07/01/2026 07:05 PM,07/03/2026 03:25 AM,Listed
UL-000440,Books,Outlet DC,06/25/2026 04:47 PM,06/27/2026 04:56 PM,06/29/2026 10:38 AM,Listed
UL-000441,Books,Store 12,06/27/2026 10:17 PM,06/29/2026 04:36 AM,06/29/2026 01:03 PM,Listed
UL-000442,Clothing,Store 07,06/30/2026 02:30 AM,07/01/2026 05:57 AM,07/02/2026 03:28 PM,Listed
UL-000443,Electronics,Store 07,06/28/2026 07:43 AM,06/30/2026 08:58 AM,07/02/2026 12:03 AM,Listed
UL-000444,Clothing,Store 07,06/26/2026 04:45 PM,06/28/2026 06:32 AM,06/28/2026 08:03 PM,Listed
UL-000445,Books,Donation Center 02,06/22/2026 06:57 PM,06/22/2026 07:07 PM,06/23/2026 03:35 AM,Listed
UL-000446,Home Decor,Outlet DC,06/26/2026 11:25 PM,06/28/2026 12:31 PM,06/29/2026 04:38 AM,Listed
UL-000447,Books,Donation Center 02,06/25/2026 11:07 PM,06/28/2026 08:23 AM,06/28/2026 11:16 AM,Listed
UL-000448,Books,Store 07,07/03/2026 06:41 PM,07/04/2026 05:16 AM,07/04/2026 07:35 AM,Listed
UL-000449,Electronics,Store 12,06/23/2026 06:32 PM,06/26/2026 11:20 AM,06/27/2026 07:50 AM,Listed
UL-000450,Books,Store 07,06/23/2026 01:20 PM,06/26/2026 12:25 AM,06/27/2026 03:47 AM,Listed
UL-000451,Kitchen,Outlet DC,06/29/2026 08:26 AM,07/01/2026 11:13 AM,07/02/2026 02:50 PM,Listed
UL-000452,Kitchen,Donation Center 02,06/29/2026 03:06 AM,07/01/2026 06:00 AM,07/03/2026 04:50 AM,Listed
UL-000453,Shoes,Store 04,06/28/2026 10:34 AM,07/01/2026 09:40 AM,07/02/2026 11:41 PM,Listed
UL-000454,Collectibles,Donation Center 02,06/30/2026 02:14 AM,07/01/2026 09:55 AM,07/01/2026 02:51 PM,Listed
UL-000455,Clothing,Outlet DC,06/28/2026 03:31 PM,07/01/2026 12:18 AM,07/02/2026 09:21 AM,Listed
UL-000456,Clothing,Donation Center 02,06/16/2026 10:29 AM,06/18/2026 11:26 PM,06/20/2026 12:38 AM,Listed
UL-000457,Media,Store 07,07/02/2026 12:28 AM,07/03/2026 02:47 PM,07/04/2026 04:15 PM,Listed
UL-000458,Electronics,Store 04,07/03/2026 07:16 PM,07/03/2026 09:21 PM,07/05/2026 03:30 AM,Listed
UL-000459,Toys,Store 07,07/01/2026 01:20 PM,07/03/2026 03:03 AM,07/04/2026 07:34 PM,Listed
UL-000460,Home Decor,Store 04,06/30/2026 12:49 PM,07/02/2026 07:37 AM,07/02/2026 07:44 AM,Listed
UL-000461,Electronics,Store 12,07/01/2026 10:59 PM,07/02/2026 05:28 PM,07/03/2026 10:21 AM,Listed
UL-000462,Toys,Store 12,06/21/2026 02:44 AM,06/23/2026 03:35 AM,06/24/2026 10:33 PM,Listed
UL-000463,Media,Donation Center 02,06/25/2026 12:52 AM,06/27/2026 06:16 AM,06/27/2026 01:21 PM,Listed
UL-000464,Jewelry,Store 04,06/30/2026 12:19 AM,07/02/2026 07:38 AM,07/03/2026 11:05 PM,Listed
UL-000465,Electronics,Store 12,06/21/2026 07:53 PM,06/23/2026 08:46 PM,06/24/2026 12:53 PM,Listed
UL-000466,Collectibles,Store 12,06/27/2026 05:13 PM,06/27/2026 11:21 PM,06/29/2026 09:29 AM,Listed
UL-000467,Electronics,Store 04,06/29/2026 12:00 PM,07/02/2026 12:06 AM,07/03/2026 02:26 PM,Listed
UL-000468,Home Decor,Outlet DC,07/03/2026 05:42 AM,07/03/2026 06:26 PM,07/04/2026 02:55 PM,Listed
UL-000469,Kitchen,Store 12,06/26/2026 08:58 AM,06/27/2026 07:19 AM,06/29/2026 01:19 AM,Listed
UL-000470,Shoes,Store 07,07/04/2026 06:06 AM,07/05/2026 12:52 AM,07/05/2026 10:08 AM,Listed
UL-000471,Collectibles,Store 12,07/02/2026 05:28 AM,07/04/2026 02:04 AM,07/05/2026 11:01 AM,Listed
UL-000472,Jewelry,Store 04,06/27/2026 08:03 AM,06/29/2026 08:49 AM,07/01/2026 05:43 AM,Listed
UL-000473,Home Decor,Donation Center 02,07/01/2026 10:45 PM,07/03/2026 05:02 PM,07/04/2026 02:41 PM,Listed
UL-000474,Books,Donation Center 02,06/30/2026 08:05 AM,07/02/2026 02:45 PM,07/02/2026 09:54 PM,Listed
UL-000475,Media,Donation Center 02,06/30/2026 10:48 PM,07/03/2026 04:47 AM,07/04/2026 04:30 PM,Listed
UL-000476,Art,Store 12,07/03/2026 08:56 PM,07/04/2026 11:19 AM,07/04/2026 07:11 PM,Listed
UL-000477,Home Decor,Store 04,07/05/2026 12:38 AM,07/05/2026 12:54 AM,07/05/2026 10:04 PM,Listed
UL-000478,Collectibles,Store 04,06/28/2026 10:25 PM,07/01/2026 11:22 AM,07/02/2026 10:33 PM,Listed
UL-000479,Clothing,Store 07,07/02/2026 08:57 AM,07/04/2026 06:19 AM,07/06/2026 03:01 AM,Listed
UL-000480,Books,Donation Center 02,06/29/2026 05:54 PM,07/02/2026 01:15 PM,07/04/2026 04:50 AM,Listed
UL-000481,Books,Store 07,06/30/2026 12:07 AM,07/02/2026 03:08 PM,07/03/2026 12:03 AM,Listed
UL-000482,Electronics,Store 07,07/03/2026 03:52 AM,07/04/2026 11:19 AM,07/05/2026 10:34 AM,Listed
UL-000483,Books,Outlet DC,06/29/2026 06:33 PM,06/30/2026 05:05 AM,06/30/2026 11:34 PM,Listed
UL-000484,Collectibles,Store 04,07/01/2026 06:10 AM,07/03/2026 07:33 PM,07/04/2026 09:23 PM,Listed
UL-000485,Media,Donation Center 02,07/03/2026 03:03 AM,07/06/2026 01:58 AM,07/07/2026 03:30 AM,Listed
UL-000486,Kitchen,Store 04,07/05/2026 05:28 PM,07/06/2026 09:13 AM,07/07/2026 03:14 AM,Listed
UL-000487,Books,Donation Center 02,07/04/2026 03:59 AM,07/04/2026 06:44 PM,07/05/2026 07:08 PM,Listed
UL-000488,Home Decor,Store 12,06/27/2026 04:28 PM,06/29/2026 11:11 PM,06/30/2026 09:44 PM,Listed
UL-000489,Home Decor,Store 07,06/28/2026 01:08 PM,06/30/2026 08:14 AM,07/01/2026 12:02 PM,Listed
UL-000490,Toys,Donation Center 02,07/02/2026 01:15 PM,07/02/2026 05:51 PM,07/03/2026 04:42 PM,Listed
UL-000491,Collectibles,Donation Center 02,06/27/2026 07:09 PM,06/30/2026 05:34 PM,07/01/2026 03:04 AM,Listed
UL-000492,Kitchen,Store 12,07/03/2026 11:35 AM,07/04/2026 07:53 AM,07/05/2026 12:45 AM,Listed
UL-000493,Clothing,Donation Center 02,07/04/2026 02:32 AM,07/06/2026 11:56 PM,07/08/2026 11:52 AM,Listed
UL-000494,Collectibles,Outlet DC,06/26/2026 08:10 PM,06/27/2026 09:30 PM,06/29/2026 01:34 AM,Listed
UL-000495,Home Decor,Store 04,07/03/2026 07:43 AM,07/04/2026 02:06 AM,07/04/2026 01:32 PM,Listed
UL-000496,Media,Store 12,06/27/2026 05:10 PM,06/29/2026 09:23 AM,06/30/2026 07:48 PM,Listed
UL-000497,Media,Store 07,07/05/2026 03:45 PM,07/07/2026 09:35 PM,07/08/2026 04:07 PM,Listed
UL-000498,Electronics,Store 12,06/29/2026 06:46 PM,06/30/2026 11:20 AM,07/01/2026 03:06 AM,Listed
UL-000499,Clothing,Store 12,07/02/2026 08:50 AM,07/05/2026 05:28 AM,07/05/2026 07:32 PM,Listed
UL-000500,Handbags,Store 12,07/04/2026 01:31 AM,07/06/2026 11:26 AM,07/06/2026 04:11 PM,Listed
UL-000501,Kitchen,Outlet DC,07/04/2026 06:38 AM,07/04/2026 12:33 PM,07/05/2026 12:49 AM,Listed
UL-000502,Shoes,Outlet DC,07/03/2026 04:24 PM,07/05/2026 02:46 AM,07/05/2026 03:20 AM,Listed
UL-000503,Books,Store 07,07/02/2026 03:49 PM,07/04/2026 05:25 PM,07/05/2026 07:27 AM,Listed
UL-000504,Kitchen,Store 07,07/04/2026 11:42 PM,07/07/2026 09:05 AM,07/08/2026 03:35 AM,Listed
UL-000505,Books,Store 04,07/01/2026 11:43 AM,07/04/2026 10:32 AM,07/05/2026 06:04 AM,Listed
UL-000506,Clothing,Donation Center 02,07/04/2026 12:13 PM,07/04/2026 11:00 PM,07/05/2026 06:56 PM,Listed
UL-000507,Books,Store 12,07/07/2026 01:09 AM,07/07/2026 11:27 PM,07/08/2026 10:31 AM,Listed
UL-000508,Books,Outlet DC,07/04/2026 06:46 AM,07/05/2026 11:34 PM,07/06/2026 09:45 AM,Listed
UL-000509,Collectibles,Store 12,07/06/2026 10:12 PM,07/08/2026 09:01 AM,07/09/2026 02:38 AM,Listed
UL-000510,Collectibles,Outlet DC,07/04/2026 11:03 PM,07/05/2026 05:26 AM,07/05/2026 09:50 PM,Listed
UL-000511,Jewelry,Outlet DC,07/04/2026 11:22 PM,07/07/2026 05:41 PM,07/09/2026 12:29 AM,Listed
UL-000512,Jewelry,Donation Center 02,07/08/2026 04:39 AM,07/09/2026 05:04 PM,07/10/2026 01:39 AM,Listed
UL-000513,Collectibles,Store 07,07/06/2026 07:21 PM,07/09/2026 10:34 AM,07/10/2026 11:13 AM,Listed
UL-000514,Clothing,Donation Center 02,07/06/2026 11:13 PM,07/09/2026 04:06 AM,07/09/2026 03:19 PM,Listed
UL-000515,Media,Store 04,07/06/2026 06:46 AM,07/06/2026 02:38 PM,07/08/2026 01:29 AM,Listed
UL-000516,Shoes,Donation Center 02,07/08/2026 07:49 AM,07/08/2026 06:03 PM,07/09/2026 05:00 AM,Listed
UL-000517,Clothing,Donation Center 02,06/29/2026 01:39 PM,06/29/2026 07:39 PM,06/30/2026 07:58 AM,Listed
UL-000518,Books,Donation Center 02,07/05/2026 04:56 PM,07/05/2026 08:54 PM,07/06/2026 06:52 AM,Listed
UL-000519,Electronics,Store 04,07/03/2026 02:37 AM,07/04/2026 06:42 PM,07/06/2026 08:26 AM,Listed
UL-000520,Home Decor,Outlet DC,07/08/2026 03:44 AM,07/09/2026 07:50 AM,07/09/2026 09:25 PM,Listed
UL-000521,Clothing,Store 04,07/02/2026 08:09 PM,07/03/2026 11:56 PM,07/05/2026 04:05 AM,Listed
UL-000522,Clothing,Outlet DC,06/30/2026 12:31 PM,07/02/2026 03:06 PM,07/03/2026 10:42 PM,Listed
UL-000523,Books,Store 04,07/04/2026 02:41 PM,07/06/2026 02:59 PM,07/06/2026 07:27 PM,Listed
UL-000524,Media,Store 12,07/09/2026 07:01 PM,07/10/2026 11:16 PM,07/11/2026 06:39 AM,Listed
UL-000525,Home Decor,Store 04,06/30/2026 07:26 PM,07/01/2026 05:04 PM,07/01/2026 08:55 PM,Listed
UL-000526,Books,Store 04,07/06/2026 02:59 PM,07/06/2026 08:09 PM,07/08/2026 03:56 AM,Listed
UL-000527,Media,Store 12,07/02/2026 04:15 AM,07/02/2026 06:14 AM,07/03/2026 03:00 AM,Listed
UL-000528,Jewelry,Store 12,07/06/2026 05:49 PM,07/09/2026 05:38 AM,07/10/2026 03:18 AM,Listed
UL-000529,Books,Store 04,07/07/2026 10:01 PM,07/08/2026 06:25 PM,07/09/2026 11:57 PM,Listed
UL-000530,Clothing,Store 07,07/09/2026 04:24 AM,07/11/2026 05:07 AM,07/11/2026 02:26 PM,Listed
UL-000531,Media,Outlet DC,07/04/2026 05:14 AM,07/06/2026 06:02 AM,07/07/2026 04:08 PM,Listed
UL-000532,Clothing,Donation Center 02,07/06/2026 09:38 AM,07/07/2026 10:36 AM,07/08/2026 05:33 AM,Listed
UL-000533,Books,Store 07,07/04/2026 08:49 AM,07/05/2026 03:26 PM,07/05/2026 09:41 PM,Listed
UL-000534,Home Decor,Store 12,07/07/2026 01:56 AM,07/09/2026 04:54 PM,07/10/2026 01:11 PM,Listed
UL-000535,Books,Donation Center 02,07/08/2026 02:05 AM,07/08/2026 02:38 AM,07/09/2026 04:38 PM,Listed
UL-000536,Collectibles,Donation Center 02,07/07/2026 10:16 AM,07/08/2026 08:25 PM,07/10/2026 07:27 PM,Listed
UL-000537,Jewelry,Store 12,07/07/2026 10:37 AM,07/09/2026 03:38 PM,07/09/2026 07:07 PM,Listed
UL-000538,Clothing,Outlet DC,07/04/2026 04:46 AM,07/06/2026 02:10 PM,07/07/2026 01:20 PM,Listed
UL-000539,Books,Store 04,07/04/2026 06:41 PM,07/06/2026 01:25 AM,07/06/2026 01:29 AM,Listed
UL-000540,Collectibles,Store 12,07/04/2026 09:43 AM,07/06/2026 01:27 PM,07/06/2026 10:22 PM,Listed
UL-000541,Media,Outlet DC,06/26/2026 07:08 PM,06/27/2026 04:46 PM,06/28/2026 09:44 AM,Listed
UL-000542,Collectibles,Outlet DC,07/07/2026 08:40 PM,07/08/2026 04:53 AM,07/08/2026 09:04 PM,Listed
UL-000543,Collectibles,Store 12,07/04/2026 10:21 PM,07/07/2026 12:31 PM,07/09/2026 08:21 AM,Listed
UL-000544,Toys,Store 12,06/30/2026 12:52 PM,07/02/2026 10:42 PM,07/04/2026 09:37 AM,Listed
UL-000545,Books,Donation Center 02,07/09/2026 05:28 AM,07/11/2026 12:15 AM,07/11/2026 06:14 PM,Listed
UL-000546,Books,Outlet DC,07/10/2026 01:51 AM,07/11/2026 04:55 PM,07/12/2026 05:46 AM,Listed
UL-000547,Electronics,Store 12,07/07/2026 08:04 AM,07/09/2026 08:26 PM,07/10/2026 03:07 PM,Listed
UL-000548,Jewelry,Store 07,07/03/2026 04:10 AM,07/06/2026 02:50 AM,07/06/2026 04:49 PM,Listed
UL-000549,Media,Outlet DC,07/03/2026 12:47 AM,07/04/2026 11:29 PM,07/06/2026 02:08 PM,Listed
UL-000550,Media,Store 12,07/02/2026 12:44 PM,07/03/2026 12:33 PM,07/04/2026 06:16 PM,Listed
UL-000551,Books,Store 07,07/09/2026 10:22 AM,07/11/2026 07:35 AM,07/11/2026 10:47 AM,Listed
UL-000552,Toys,Store 12,07/04/2026 12:06 AM,07/05/2026 07:47 PM,07/07/2026 02:04 AM,Listed
UL-000553,Home Decor,Store 04,07/03/2026 08:36 AM,07/05/2026 02:41 PM,07/06/2026 07:12 AM,Listed
UL-000554,Media,Donation Center 02,06/24/2026 02:40 AM,06/25/2026 02:52 PM,06/26/2026 02:21 AM,Listed
UL-000555,Home Decor,Store 12,07/11/2026 05:45 AM,07/12/2026 12:21 AM,07/12/2026 05:15 PM,Listed
UL-000556,Shoes,Store 12,07/11/2026 09:20 AM,07/11/2026 01:15 PM,07/11/2026 02:36 PM,Listed
UL-000557,Books,Store 04,07/09/2026 02:11 PM,07/10/2026 07:56 PM,07/11/2026 04:52 AM,Listed
UL-000558,Books,Donation Center 02,07/04/2026 10:29 PM,07/06/2026 01:10 PM,07/07/2026 11:48 AM,Listed
UL-000559,Books,Donation Center 02,07/09/2026 01:23 PM,07/12/2026 04:32 AM,07/13/2026 02:30 AM,Listed
UL-000560,Electronics,Store 04,07/10/2026 10:11 AM,07/10/2026 01:48 PM,07/12/2026 07:54 AM,Listed
UL-000561,Collectibles,Store 07,07/06/2026 03:16 PM,07/09/2026 01:28 AM,07/09/2026 06:34 PM,Listed
UL-000562,Books,Store 04,07/06/2026 11:04 AM,07/08/2026 11:16 PM,07/10/2026 06:50 AM,Listed
UL-000563,Clothing,Outlet DC,07/04/2026 08:02 PM,07/04/2026 11:23 PM,07/06/2026 03:31 AM,Listed
UL-000564,Clothing,Store 07,07/09/2026 02:22 AM,07/10/2026 06:59 AM,07/11/2026 08:21 AM,Listed
UL-000565,Home Decor,Store 07,07/04/2026 09:58 PM,07/07/2026 04:22 AM,07/07/2026 07:39 PM,Listed
UL-000566,Toys,Store 07,07/05/2026 02:25 AM,07/07/2026 09:16 PM,07/08/2026 08:15 AM,Listed
UL-000567,Kitchen,Outlet DC,07/07/2026 09:21 PM,07/08/2026 09:44 AM,07/08/2026 02:14 PM,Listed
UL-000568,Clothing,Outlet DC,06/29/2026 04:54 PM,06/30/2026 12:05 PM,07/02/2026 11:47 AM,Listed
UL-000569,Collectibles,Outlet DC,07/11/2026 02:11 AM,07/12/2026 04:20 AM,07/12/2026 11:37 PM,Listed
UL-000570,Collectibles,Store 04,07/09/2026 10:58 PM,07/11/2026 05:51 AM,07/13/2026 01:26 AM,Listed
UL-000571,Watches,Store 12,07/08/2026 02:08 AM,07/10/2026 08:53 AM,07/12/2026 12:01 AM,Listed
UL-000572,Clothing,Outlet DC,07/01/2026 06:26 AM,07/03/2026 05:20 AM,07/04/2026 12:07 AM,Listed
UL-000573,Clothing,Store 12,07/05/2026 01:12 PM,07/07/2026 10:35 AM,07/08/2026 08:10 PM,Listed
UL-000574,Sporting Goods,Donation Center 02,07/10/2026 06:43 PM,07/11/2026 07:36 PM,07/12/2026 10:55 AM,Listed
UL-000575,Clothing,Store 07,07/07/2026 02:28 PM,07/10/2026 01:06 AM,07/11/2026 08:00 PM,Listed
UL-000576,Sporting Goods,Outlet DC,07/07/2026 09:04 AM,07/08/2026 07:37 PM,07/10/2026 06:47 AM,Listed
UL-000577,Clothing,Outlet DC,07/07/2026 12:12 AM,07/08/2026 04:38 AM,07/08/2026 10:51 AM,Listed
UL-000578,Media,Store 04,07/09/2026 01:52 PM,07/12/2026 06:35 AM,07/13/2026 12:46 PM,Listed
UL-000579,Books,Store 04,07/10/2026 09:23 AM,07/11/2026 03:03 AM,07/11/2026 06:35 PM,Listed
UL-000580,Handbags,Store 07,07/09/2026 10:11 PM,07/12/2026 07:31 PM,07/13/2026 08:19 PM,Listed
UL-000581,Books,Donation Center 02,07/11/2026 09:21 PM,07/13/2026 12:12 AM,07/14/2026 08:10 AM,Listed
UL-000582,Handbags,Outlet DC,07/08/2026 02:51 PM,07/11/2026 10:32 AM,07/12/2026 11:15 PM,Listed
UL-000583,Jewelry,Donation Center 02,07/05/2026 07:04 PM,07/08/2026 05:50 PM,07/09/2026 01:44 PM,Listed
UL-000584,Books,Store 12,07/09/2026 10:03 PM,07/11/2026 01:58 AM,07/12/2026 02:52 PM,Listed
UL-000585,Toys,Outlet DC,07/13/2026 02:07 AM,07/13/2026 02:48 PM,07/14/2026 08:55 AM,Listed
UL-000586,Home Decor,Outlet DC,07/09/2026 02:19 AM,07/09/2026 07:47 PM,07/11/2026 06:32 PM,Listed
UL-000587,Electronics,Donation Center 02,07/10/2026 01:42 AM,07/11/2026 07:09 AM,07/13/2026 04:20 AM,Listed
UL-000588,Home Decor,Outlet DC,07/11/2026 10:20 AM,07/11/2026 11:54 AM,07/11/2026 05:21 PM,Listed
UL-000589,Clothing,Store 04,07/09/2026 05:43 AM,07/09/2026 05:59 AM,07/11/2026 05:17 AM,Listed
UL-000590,Collectibles,Donation Center 02,07/11/2026 01:25 PM,07/13/2026 10:16 PM,07/15/2026 09:13 PM,Listed
UL-000591,Books,Store 12,07/11/2026 03:08 PM,07/12/2026 03:48 AM,07/13/2026 02:16 PM,Listed
UL-000592,Books,Store 12,07/08/2026 12:34 PM,07/09/2026 08:27 AM,07/11/2026 05:38 AM,Listed
UL-000593,Watches,Store 12,07/10/2026 08:22 PM,07/13/2026 03:36 AM,07/13/2026 07:57 PM,Listed
UL-000594,Books,Outlet DC,07/11/2026 04:21 PM,07/13/2026 09:29 PM,07/15/2026 01:57 AM,Listed
UL-000595,Books,Store 04,07/07/2026 06:49 AM,07/09/2026 08:26 PM,07/11/2026 06:54 AM,Listed
UL-000596,Collectibles,Store 04,07/13/2026 12:24 PM,07/15/2026 12:08 AM,07/15/2026 10:06 PM,Listed
UL-000597,Watches,Store 07,07/13/2026 08:59 AM,07/15/2026 11:52 AM,07/16/2026 10:45 AM,Listed
UL-000598,Media,Store 12,07/15/2026 06:13 PM,07/16/2026 01:53 AM,07/16/2026 06:51 AM,Listed
UL-000599,Books,Store 12,07/11/2026 08:53 AM,07/12/2026 12:10 PM,07/13/2026 11:23 AM,Listed
UL-000600,Electronics,Outlet DC,07/14/2026 02:28 PM,07/15/2026 03:45 PM,07/17/2026 09:56 AM,Listed
UL-000601,Sporting Goods,Store 04,07/11/2026 08:54 AM,07/13/2026 02:21 PM,07/14/2026 01:36 PM,Listed
UL-000602,Books,Outlet DC,07/15/2026 07:55 PM,07/16/2026 02:15 PM,07/16/2026 08:13 PM,Listed
UL-000603,Jewelry,Store 12,07/06/2026 03:31 PM,07/06/2026 04:16 PM,07/08/2026 02:43 PM,Listed
UL-000604,Electronics,Store 04,07/14/2026 10:45 PM,07/15/2026 02:30 PM,07/15/2026 06:36 PM,Listed
UL-000605,Handbags,Donation Center 02,07/15/2026 11:34 AM,07/16/2026 05:16 AM,07/17/2026 07:00 PM,Listed
UL-000606,Electronics,Store 04,07/07/2026 06:59 PM,07/08/2026 03:38 PM,07/10/2026 02:34 AM,Listed
UL-000607,Shoes,Store 07,07/08/2026 09:16 AM,07/10/2026 12:32 AM,07/11/2026 08:06 PM,Listed
UL-000608,Collectibles,Store 07,07/13/2026 07:52 AM,07/15/2026 10:57 PM,07/17/2026 10:11 PM,Listed
UL-000609,Art,Donation Center 02,07/08/2026 08:19 PM,07/11/2026 08:11 AM,07/13/2026 06:26 AM,Listed
UL-000610,Clothing,Store 04,07/13/2026 05:33 PM,07/13/2026 08:10 PM,07/14/2026 08:02 PM,Listed
UL-000611,Books,Store 07,07/14/2026 12:34 AM,07/15/2026 09:23 PM,07/17/2026 01:30 AM,Listed
UL-000612,Watches,Donation Center 02,07/11/2026 07:53 AM,07/13/2026 01:10 AM,07/13/2026 06:11 PM,Listed
UL-000613,Books,Store 12,07/12/2026 12:12 PM,07/15/2026 06:59 AM,07/16/2026 12:01 PM,Listed
UL-000614,Toys,Store 04,07/07/2026 10:24 AM,07/08/2026 08:17 PM,07/10/2026 01:33 PM,Listed
UL-000615,Watches,Store 07,07/14/2026 01:07 AM,07/15/2026 01:20 PM,07/17/2026 03:24 AM,Listed
UL-000616,Watches,Donation Center 02,07/14/2026 09:51 AM,07/15/2026 12:01 AM,07/15/2026 11:20 AM,Listed
UL-000617,Shoes,Store 04,07/10/2026 08:10 PM,07/11/2026 02:46 AM,07/11/2026 11:55 PM,Listed
UL-000618,Electronics,Store 04,06/25/2026 12:37 AM,06/27/2026 03:42 PM,06/28/2026 11:17 PM,Listed
UL-000619,Books,Donation Center 02,07/13/2026 04:55 PM,07/15/2026 11:24 AM,07/15/2026 07:45 PM,Listed
UL-000620,Collectibles,Store 12,07/06/2026 09:47 PM,07/07/2026 02:33 AM,07/07/2026 10:17 PM,Listed
UL-000621,Books,Store 07,07/12/2026 10:16 PM,07/14/2026 07:13 AM,07/14/2026 04:50 PM,Listed
UL-000622,Books,Store 12,07/14/2026 09:14 AM,07/15/2026 09:18 AM,07/15/2026 09:41 AM,Listed
UL-000623,Electronics,Store 04,07/12/2026 07:16 AM,07/13/2026 02:36 AM,07/14/2026 07:18 AM,Listed
UL-000624,Toys,Store 12,07/16/2026 12:52 PM,07/16/2026 02:27 PM,07/18/2026 10:06 AM,Listed
UL-000625,Shoes,Outlet DC,07/12/2026 05:29 PM,07/15/2026 05:31 AM,07/17/2026 05:08 AM,Listed
UL-000626,Clothing,Store 04,07/11/2026 07:48 PM,07/11/2026 10:26 PM,07/13/2026 01:11 PM,Listed
UL-000627,Books,Store 12,07/12/2026 05:43 AM,07/14/2026 09:15 AM,07/14/2026 07:29 PM,Listed
UL-000628,Watches,Outlet DC,07/14/2026 11:15 PM,07/17/2026 12:27 AM,07/18/2026 06:19 PM,Listed
UL-000629,Electronics,Donation Center 02,07/10/2026 11:16 PM,07/13/2026 10:43 PM,07/15/2026 04:32 PM,Listed
UL-000630,Media,Donation Center 02,07/12/2026 05:36 AM,07/13/2026 08:55 PM,07/15/2026 10:03 AM,Listed
UL-000631,Clothing,Store 04,07/05/2026 03:12 PM,07/05/2026 03:21 PM,07/07/2026 01:55 AM,Listed
UL-000632,Books,Store 12,07/11/2026 03:36 AM,07/13/2026 09:11 AM,07/13/2026 04:37 PM,Listed
UL-000633,Watches,Store 12,07/13/2026 01:55 AM,07/15/2026 05:54 PM,07/16/2026 08:15 PM,Listed
UL-000634,Art,Store 07,07/15/2026 02:54 AM,07/17/2026 01:00 PM,07/18/2026 01:52 AM,Listed
UL-000635,Books,Outlet DC,07/13/2026 11:56 AM,07/16/2026 07:55 AM,07/16/2026 08:03 AM,Listed
UL-000636,Collectibles,Store 07,07/13/2026 07:27 PM,07/16/2026 05:28 PM,07/18/2026 02:59 AM,Listed
UL-000637,Books,Donation Center 02,07/10/2026 11:55 AM,07/11/2026 07:58 PM,07/12/2026 02:04 AM,Listed
UL-000638,Clothing,Store 04,07/15/2026 01:19 PM,07/17/2026 05:16 PM,07/17/2026 05:26 PM,Listed
UL-000639,Books,Store 07,07/16/2026 08:47 AM,07/18/2026 03:25 AM,07/18/2026 03:13 PM,Listed
UL-000640,Collectibles,Outlet DC,07/15/2026 02:49 AM,07/15/2026 03:02 PM,07/17/2026 12:15 PM,Listed
UL-000641,Shoes,Store 12,07/15/2026 11:03 AM,07/18/2026 05:37 AM,07/18/2026 05:52 PM,Listed
UL-000642,Clothing,Store 07,07/18/2026 12:43 AM,07/18/2026 11:37 AM,07/18/2026 02:12 PM,Listed
UL-000643,Electronics,Store 12,07/11/2026 04:26 PM,07/12/2026 06:09 PM,07/13/2026 10:29 AM,Listed
UL-000644,Media,Store 04,07/15/2026 03:23 PM,07/15/2026 05:38 PM,07/17/2026 02:14 AM,Listed
UL-000645,Collectibles,Store 12,07/17/2026 01:46 PM,07/18/2026 03:59 AM,07/19/2026 04:56 PM,Listed
UL-000646,Books,Store 07,07/12/2026 09:48 PM,07/14/2026 04:59 PM,07/16/2026 11:29 AM,Listed
UL-000647,Collectibles,Outlet DC,07/13/2026 01:40 AM,07/15/2026 11:04 AM,07/17/2026 05:16 AM,Listed
UL-000648,Media,Store 04,07/16/2026 05:35 AM,07/17/2026 03:41 AM,07/19/2026 03:32 AM,Listed
UL-000649,Handbags,Outlet DC,07/18/2026 01:24 AM,07/19/2026 04:45 PM,07/20/2026 07:20 AM,Listed
UL-000650,Shoes,Store 04,07/04/2026 10:28 AM,07/07/2026 06:03 AM,07/08/2026 03:55 AM,Listed
UL-000651,Books,Store 12,07/14/2026 05:22 AM,07/14/2026 04:51 PM,07/15/2026 02:14 PM,Listed
UL-000652,Home Decor,Store 12,07/18/2026 05:52 PM,07/19/2026 03:15 AM,07/20/2026 11:15 AM,Listed
UL-000653,Books,Donation Center 02,07/07/2026 08:18 AM,07/08/2026 01:18 AM,07/08/2026 11:28 AM,Listed
UL-000654,Books,Store 04,07/13/2026 07:00 PM,07/16/2026 01:40 AM,07/17/2026 02:32 AM,Listed
UL-000655,Electronics,Donation Center 02,07/17/2026 05:30 PM,07/18/2026 07:00 AM,07/19/2026 05:50 PM,Listed
UL-000656,Collectibles,Store 12,07/16/2026 07:38 PM,07/19/2026 05:37 AM,07/20/2026 05:59 AM,Listed
UL-000657,Books,Store 12,07/17/2026 06:21 AM,07/17/2026 03:10 PM,07/19/2026 02:04 AM,Listed
UL-000658,Collectibles,Store 12,07/08/2026 05:37 PM,07/11/2026 11:28 AM,07/13/2026 09:21 AM,Listed
UL-000659,Sporting Goods,Donation Center 02,07/15/2026 08:55 AM,07/18/2026 08:40 AM,07/18/2026 10:23 AM,Listed
UL-000660,Books,Store 07,07/18/2026 09:22 PM,07/20/2026 03:54 PM,07/21/2026 04:55 PM,Listed
UL-000661,Electronics,Store 07,07/12/2026 02:22 AM,07/14/2026 01:35 AM,07/14/2026 07:25 PM,Listed
UL-000662,Jewelry,Donation Center 02,07/16/2026 05:21 AM,07/19/2026 12:37 AM,07/20/2026 10:12 PM,Listed
UL-000663,Books,Store 12,07/14/2026 09:40 AM,07/16/2026 08:09 AM,07/17/2026 01:02 PM,Listed
UL-000664,Books,Store 12,07/15/2026 05:23 PM,07/16/2026 05:23 PM,07/18/2026 02:07 PM,Listed
UL-000665,Clothing,Store 12,07/13/2026 10:32 PM,07/14/2026 03:11 PM,07/16/2026 08:18 AM,Listed
UL-000666,Kitchen,Outlet DC,07/15/2026 06:08 AM,07/16/2026 06:45 AM,07/17/2026 11:22 PM,Listed
UL-000667,Electronics,Store 04,07/12/2026 11:01 PM,07/15/2026 12:17 AM,07/16/2026 12:30 AM,Listed
UL-000668,Kitchen,Donation Center 02,07/17/2026 12:58 AM,07/19/2026 02:17 PM,07/20/2026 05:19 PM,Listed
UL-000669,Handbags,Store 04,07/17/2026 06:21 PM,07/17/2026 09:35 PM,07/19/2026 03:42 AM,Listed
UL-000670,Books,Store 04,07/19/2026 05:44 PM,07/21/2026 06:57 PM,07/22/2026 12:06 PM,Listed
UL-000671,Jewelry,Outlet DC,07/22/2026 12:02 AM,07/22/2026 01:35 AM,07/22/2026 07:41 AM,Listed
UL-000672,Art,Store 04,07/02/2026 01:13 AM,07/04/2026 02:03 AM,07/05/2026 01:31 AM,Listed
UL-000673,Books,Store 07,07/18/2026 04:14 PM,07/19/2026 05:46 PM,07/21/2026 12:03 AM,Listed
UL-000674,Books,Donation Center 02,07/18/2026 12:32 PM,07/20/2026 03:34 AM,07/21/2026 11:21 PM,Listed
UL-000675,Clothing,Donation Center 02,07/11/2026 12:43 PM,07/13/2026 08:41 PM,07/15/2026 02:21 AM,Listed
UL-000676,Watches,Store 07,07/16/2026 02:58 AM,07/18/2026 03:07 PM,07/19/2026 10:22 AM,Listed
UL-000677,Kitchen,Donation Center 02,07/11/2026 09:24 AM,07/13/2026 04:00 PM,07/13/2026 06:47 PM,Listed
UL-000678,Handbags,Store 04,07/12/2026 09:56 PM,07/13/2026 12:16 AM,07/14/2026 11:55 AM,Listed
UL-000679,Clothing,Store 04,07/20/2026 05:05 AM,07/22/2026 09:43 AM,07/22/2026 04:23 PM,Listed
UL-000680,Home Decor,Outlet DC,07/17/2026 08:10 AM,07/18/2026 08:27 AM,07/20/2026 12:03 AM,Listed
UL-000681,Collectibles,Donation Center 02,07/13/2026 09:36 PM,07/13/2026 10:17 PM,07/14/2026 06:27 AM,Listed
UL-000682,Collectibles,Store 12,07/21/2026 03:16 AM,07/23/2026 10:38 AM,07/23/2026 12:59 PM,Listed
UL-000683,Clothing,Store 07,07/19/2026 07:50 AM,07/21/2026 04:53 AM,07/21/2026 08:03 PM,Listed
UL-000684,Kitchen,Store 07,07/18/2026 07:33 PM,07/21/2026 08:24 AM,07/21/2026 11:51 AM,Listed
UL-000685,Books,Store 04,07/16/2026 10:48 AM,07/16/2026 05:33 PM,07/16/2026 10:17 PM,Listed
UL-000686,Electronics,Store 07,07/07/2026 12:15 AM,07/07/2026 03:15 AM,07/08/2026 11:06 PM,Listed
UL-000687,Books,Donation Center 02,07/17/2026 06:38 PM,07/20/2026 02:09 PM,07/22/2026 02:07 AM,Listed
UL-000688,Media,Outlet DC,07/16/2026 12:44 PM,07/17/2026 07:40 PM,07/18/2026 08:47 AM,Listed
UL-000689,Art,Store 12,07/16/2026 08:23 AM,07/17/2026 11:12 AM,07/17/2026 05:05 PM,Listed
UL-000690,Collectibles,Store 04,07/18/2026 06:08 AM,07/18/2026 02:48 PM,07/19/2026 03:49 AM,Listed
UL-000691,Electronics,Store 07,07/20/2026 01:26 AM,07/21/2026 06:51 AM,07/22/2026 05:09 AM,Listed
UL-000692,Media,Outlet DC,07/13/2026 05:51 PM,07/14/2026 06:52 AM,07/15/2026 04:38 PM,Listed
UL-000693,Clothing,Store 04,07/17/2026 07:42 AM,07/19/2026 09:49 PM,07/20/2026 03:57 AM,Listed
UL-000694,Books,Store 04,07/20/2026 02:56 PM,07/22/2026 09:30 AM,07/23/2026 03:29 AM,Listed
UL-000695,Collectibles,Store 07,07/21/2026 11:22 PM,07/22/2026 03:43 AM,07/22/2026 11:19 AM,Listed
UL-000696,Watches,Store 07,07/18/2026 06:46 PM,07/19/2026 10:45 PM,07/21/2026 08:28 AM,Listed
UL-000697,Books,Store 04,07/19/2026 12:54 PM,07/22/2026 09:26 AM,07/22/2026 01:01 PM,Listed
UL-000698,Collectibles,Donation Center 02,07/11/2026 02:32 AM,07/13/2026 08:02 PM,07/14/2026 10:05 AM,Listed
UL-000699,Toys,Donation Center 02,07/10/2026 03:21 PM,07/12/2026 10:44 PM,07/13/2026 07:07 AM,Listed
UL-000700,Kitchen,Store 04,07/18/2026 02:03 AM,07/19/2026 04:51 PM,07/20/2026 08:45 PM,Listed
UL-000701,Books,Store 12,07/19/2026 09:18 PM,07/20/2026 04:20 AM,07/21/2026 10:01 PM,Listed
UL-000702,Books,Outlet DC,07/15/2026 02:48 AM,07/16/2026 04:42 PM,07/16/2026 09:33 PM,Listed
UL-000703,Toys,Store 07,07/20/2026 03:08 PM,07/20/2026 08:22 PM,07/22/2026 07:42 PM,Listed
UL-000704,Books,Store 04,07/16/2026 12:04 PM,07/16/2026 09:14 PM,07/17/2026 01:48 PM,Listed
UL-000705,Electronics,Outlet DC,07/19/2026 06:40 PM,07/20/2026 11:25 AM,07/20/2026 08:21 PM,Listed
UL-000706,Books,Outlet DC,07/22/2026 12:34 PM,07/23/2026 11:14 AM,07/24/2026 01:06 PM,Listed
UL-000707,Books,Donation Center 02,07/19/2026 07:55 AM,07/21/2026 09:12 PM,07/22/2026 01:31 PM,Listed
UL-000708,Books,Donation Center 02,07/18/2026 08:28 AM,07/21/2026 05:09 AM,07/21/2026 10:05 AM,Listed
UL-000709,Books,Store 12,07/20/2026 06:16 AM,07/23/2026 05:51 AM,07/23/2026 03:27 PM,Listed
UL-000710,Books,Store 07,07/21/2026 06:34 AM,07/23/2026 04:12 AM,07/24/2026 10:09 AM,Listed
UL-000711,Books,Store 07,07/20/2026 03:34 AM,07/21/2026 01:15 PM,07/23/2026 07:39 AM,Listed
UL-000712,Media,Store 04,07/18/2026 08:51 PM,07/20/2026 03:50 PM,07/22/2026 06:07 AM,Listed
UL-000713,Collectibles,Outlet DC,07/19/2026 02:50 AM,07/20/2026 02:06 AM,07/21/2026 03:54 AM,Listed
UL-000714,Watches,Store 12,07/20/2026 05:45 AM,07/20/2026 04:41 PM,07/20/2026 07:28 PM,Listed
UL-000715,Handbags,Store 07,07/12/2026 03:34 AM,07/12/2026 05:55 PM,07/13/2026 02:19 AM,Listed
UL-000716,Media,Store 12,07/22/2026 12:19 PM,07/23/2026 08:04 AM,07/23/2026 04:43 PM,Listed
UL-000717,Books,Store 07,07/17/2026 05:42 AM,07/19/2026 07:04 PM,07/19/2026 09:48 PM,Listed
UL-000718,Collectibles,Outlet DC,07/14/2026 12:48 AM,07/16/2026 02:51 AM,07/16/2026 08:10 PM,Listed
UL-000719,Clothing,Store 04,07/20/2026 10:07 PM,07/21/2026 08:58 AM,07/23/2026 08:01 AM,Listed
UL-000720,Shoes,Store 07,07/21/2026 05:04 AM,07/23/2026 01:21 PM,07/24/2026 03:48 AM,Listed
UL-000721,Clothing,Store 12,07/22/2026 11:57 AM,07/23/2026 05:40 PM,07/24/2026 09:59 PM,Listed
UL-000722,Books,Outlet DC,07/20/2026 01:40 AM,07/22/2026 09:57 AM,07/23/2026 06:07 AM,Listed
UL-000723,Collectibles,Outlet DC,07/20/2026 10:01 AM,07/21/2026 03:22 AM,07/23/2026 12:34 AM,Listed
UL-000724,Collectibles,Store 12,07/19/2026 02:08 PM,07/21/2026 12:43 PM,07/22/2026 12:57 AM,Listed
UL-000725,Electronics,Donation Center 02,07/18/2026 02:48 AM,07/18/2026 11:34 AM,07/19/2026 10:05 PM,Listed
UL-000726,Books,Store 07,07/20/2026 09:24 AM,07/21/2026 05:02 AM,07/22/2026 09:58 AM,Listed
UL-000727,Watches,Donation Center 02,07/18/2026 11:51 PM,07/21/2026 06:07 PM,07/22/2026 07:50 PM,Listed
UL-000728,Home Decor,Store 07,07/19/2026 10:25 PM,07/20/2026 07:07 PM,07/22/2026 03:42 AM,Listed
UL-000729,Home Decor,Outlet DC,07/24/2026 04:32 AM,07/24/2026 10:38 PM,07/25/2026 04:29 PM,Listed
UL-000730,Collectibles,Store 07,07/21/2026 05:58 AM,07/23/2026 01:59 PM,07/24/2026 11:03 PM,Listed
UL-000731,Shoes,Store 12,07/19/2026 08:15 PM,07/20/2026 10:13 PM,07/21/2026 08:21 PM,Listed
UL-000732,Electronics,Store 12,07/21/2026 10:42 AM,07/23/2026 02:58 PM,07/24/2026 02:54 PM,Listed
UL-000733,Books,Store 07,07/17/2026 08:36 AM,07/19/2026 02:05 PM,07/21/2026 10:58 AM,Listed
UL-000734,Home Decor,Store 04,07/21/2026 02:33 AM,07/23/2026 12:30 AM,07/24/2026 11:26 AM,Listed
UL-000735,Art,Outlet DC,07/09/2026 03:46 AM,07/11/2026 05:54 PM,07/11/2026 09:24 PM,Listed
UL-000736,Clothing,Store 12,07/23/2026 04:38 PM,07/23/2026 08:46 PM,07/24/2026 07:17 AM,Listed
UL-000737,Media,Store 12,07/18/2026 04:09 PM,07/19/2026 06:02 PM,07/21/2026 03:37 AM,Listed
UL-000738,Media,Store 07,07/19/2026 01:37 AM,07/20/2026 09:49 AM,07/21/2026 04:31 PM,Listed
UL-000739,Media,Outlet DC,07/19/2026 06:04 PM,07/21/2026 09:50 PM,07/22/2026 05:32 PM,Listed
UL-000740,Home Decor,Store 07,07/21/2026 03:34 AM,07/23/2026 02:21 AM,07/23/2026 11:01 PM,Listed
UL-000741,Shoes,Donation Center 02,07/20/2026 01:07 AM,07/22/2026 07:38 PM,07/23/2026 11:58 PM,Listed
UL-000742,Shoes,Donation Center 02,07/20/2026 04:57 PM,07/20/2026 08:46 PM,07/21/2026 01:09 PM,Listed
UL-000743,Collectibles,Store 07,07/18/2026 01:54 AM,07/18/2026 03:40 PM,07/18/2026 10:29 PM,Listed
UL-000744,Toys,Donation Center 02,07/20/2026 05:57 PM,07/21/2026 03:19 PM,07/21/2026 08:34 PM,Listed
UL-000745,Books,Store 07,07/21/2026 08:36 AM,07/22/2026 05:17 AM,07/23/2026 10:20 PM,Listed
UL-000746,Books,Outlet DC,07/17/2026 04:25 AM,07/18/2026 04:30 PM,07/19/2026 07:55 AM,Listed
UL-000747,Books,Store 07,07/21/2026 04:20 AM,07/21/2026 11:28 PM,07/23/2026 08:25 PM,Listed
UL-000748,Home Decor,Store 04,07/22/2026 05:53 AM,07/24/2026 09:15 AM,07/24/2026 03:56 PM,Listed
UL-000749,Books,Store 07,07/19/2026 01:15 PM,07/20/2026 08:18 AM,07/21/2026 12:56 PM,Listed
UL-000750,Books,Store 04,07/17/2026 01:08 AM,07/18/2026 08:14 PM,07/20/2026 04:37 AM,Listed
UL-000751,Books,Outlet DC,07/11/2026 08:28 PM,07/14/2026 02:25 AM,07/15/2026 07:32 PM,Listed
UL-000752,Books,Store 12,07/20/2026 08:59 AM,07/21/2026 02:11 AM,07/21/2026 08:31 AM,Listed
UL-000753,Jewelry,Store 07,07/19/2026 07:39 PM,07/20/2026 11:13 PM,07/21/2026 12:50 PM,Listed
UL-000754,Electronics,Donation Center 02,07/24/2026 11:24 AM,07/25/2026 09:33 PM,07/26/2026 12:21 AM,Listed
UL-000755,Books,Store 07,07/16/2026 10:48 PM,07/17/2026 04:46 PM,07/18/2026 11:10 PM,Listed
UL-000756,Clothing,Store 12,07/24/2026 08:20 AM,07/25/2026 09:32 AM,07/26/2026 01:49 AM,Listed
UL-000757,Handbags,Store 04,07/23/2026 11:21 PM,07/24/2026 03:44 PM,07/26/2026 05:51 AM,Listed
UL-000758,Books,Store 12,07/01/2026 02:48 PM,07/02/2026 05:54 PM,07/03/2026 10:41 AM,Listed
UL-000759,Toys,Store 04,07/22/2026 09:53 AM,07/23/2026 04:45 AM,07/24/2026 11:13 AM,Listed
UL-000760,Electronics,Outlet DC,07/22/2026 08:26 PM,07/25/2026 11:46 AM,07/25/2026 06:25 PM,Listed
UL-000761,Collectibles,Outlet DC,07/17/2026 04:57 AM,07/18/2026 03:34 PM,07/20/2026 01:31 PM,Listed
UL-000762,Kitchen,Store 12,07/18/2026 12:33 PM,07/21/2026 06:14 AM,07/22/2026 04:36 AM,Listed
UL-000763,Media,Outlet DC,07/16/2026 07:56 PM,07/18/2026 12:03 AM,07/18/2026 10:43 PM,Listed
UL-000764,Sporting Goods,Outlet DC,07/22/2026 12:48 AM,07/23/2026 05:22 AM,07/25/2026 03:15 AM,Listed
UL-000765,Books,Donation Center 02,07/19/2026 11:24 AM,07/22/2026 05:01 AM,07/24/2026 12:29 AM,Listed
UL-000766,Shoes,Store 12,07/21/2026 09:37 PM,07/22/2026 02:14 PM,07/23/2026 09:02 AM,Listed
UL-000767,Clothing,Store 07,07/19/2026 07:25 PM,07/21/2026 11:03 PM,07/22/2026 09:51 AM,Listed
UL-000768,Electronics,Outlet DC,07/15/2026 02:39 AM,07/17/2026 12:09 AM,07/17/2026 11:27 AM,Listed
UL-000769,Kitchen,Store 04,07/17/2026 07:27 AM,07/19/2026 07:56 AM,07/20/2026 04:40 AM,Listed
UL-000770,Home Decor,Store 04,07/22/2026 07:02 AM,07/24/2026 09:24 PM,07/26/2026 08:40 PM,Listed
UL-000771,Clothing,Store 07,07/23/2026 05:04 AM,07/24/2026 01:30 AM,07/25/2026 12:49 AM,Listed
UL-000772,Electronics,Store 12,07/18/2026 08:57 PM,07/18/2026 11:06 PM,07/20/2026 07:04 AM,Listed
UL-000773,Media,Outlet DC,07/22/2026 11:14 AM,07/22/2026 10:36 PM,07/24/2026 06:11 PM,Listed
UL-000774,Clothing,Store 07,07/22/2026 06:57 AM,07/23/2026 03:36 AM,07/24/2026 08:27 AM,Listed
UL-000775,Jewelry,Outlet DC,07/22/2026 10:52 AM,07/23/2026 05:06 PM,07/25/2026 12:08 AM,Listed
UL-000776,Home Decor,Store 07,07/18/2026 01:17 PM,07/20/2026 01:24 PM,07/22/2026 09:28 AM,Listed
UL-000777,Books,Store 04,07/15/2026 09:00 PM,07/17/2026 01:07 PM,07/17/2026 03:09 PM,Listed
UL-000778,Shoes,Store 04,07/17/2026 02:58 AM,07/19/2026 03:46 AM,07/20/2026 03:17 AM,Listed
UL-000779,Electronics,Outlet DC,07/22/2026 03:17 AM,07/24/2026 08:12 AM,07/24/2026 02:02 PM,Listed
UL-000780,Books,Store 07,07/25/2026 07:49 PM,07/25/2026 08:54 PM,07/26/2026 10:05 PM,Listed
UL-000781,Jewelry,Outlet DC,07/25/2026 02:56 AM,07/27/2026 04:12 AM,07/27/2026 08:32 AM,Listed
UL-000782,Books,Outlet DC,07/21/2026 01:03 PM,07/23/2026 12:10 AM,07/24/2026 12:44 PM,Listed
UL-000783,Electronics,Donation Center 02,07/17/2026 12:29 PM,07/18/2026 02:44 PM,07/20/2026 12:00 AM,Listed
UL-000784,Books,Store 04,07/23/2026 10:16 PM,07/26/2026 10:28 AM,07/27/2026 09:04 AM,Listed
UL-000785,Electronics,Store 04,07/22/2026 02:23 PM,07/24/2026 06:16 PM,07/25/2026 02:53 AM,Listed
UL-000786,Collectibles,Donation Center 02,07/23/2026 07:42 PM,07/24/2026 07:13 PM,07/25/2026 07:27 PM,Listed
UL-000787,Electronics,Store 07,07/23/2026 11:12 PM,07/26/2026 06:57 AM,07/26/2026 11:54 AM,Listed
UL-000788,Collectibles,Donation Center 02,07/13/2026 08:25 AM,07/13/2026 11:51 AM,07/14/2026 01:21 AM,Listed
UL-000789,Books,Donation Center 02,07/23/2026 11:43 PM,07/24/2026 10:54 AM,07/25/2026 06:31 AM,Listed
UL-000790,Collectibles,Donation Center 02,07/23/2026 09:54 AM,07/23/2026 10:24 PM,07/25/2026 08:34 AM,Listed
UL-000791,Clothing,Store 04,07/14/2026 04:17 AM,07/14/2026 11:46 PM,07/16/2026 05:54 PM,Listed
UL-000792,Clothing,Donation Center 02,07/20/2026 01:46 PM,07/23/2026 08:15 AM,07/23/2026 08:34 PM,Listed
UL-000793,Media,Store 07,07/21/2026 02:11 AM,07/22/2026 03:00 PM,07/23/2026 01:22 AM,Listed
UL-000794,Books,Outlet DC,07/23/2026 11:28 AM,07/25/2026 07:12 PM,07/25/2026 10:27 PM,Listed
UL-000795,Books,Donation Center 02,07/25/2026 07:24 PM,07/26/2026 12:28 AM,07/26/2026 06:21 PM,Listed
UL-000796,Books,Store 12,07/26/2026 10:01 AM,07/26/2026 06:09 PM,07/27/2026 07:49 AM,Listed
UL-000797,Toys,Store 07,07/21/2026 12:04 AM,07/23/2026 11:04 PM,07/24/2026 11:18 PM,Listed
UL-000798,Books,Store 12,07/23/2026 01:08 PM,07/26/2026 02:12 AM,07/26/2026 12:21 PM,Listed
UL-000799,Jewelry,Outlet DC,07/27/2026 05:33 PM,07/28/2026 09:04 PM,07/29/2026 12:01 AM,Listed
UL-000800,Clothing,Store 12,07/21/2026 03:29 PM,07/23/2026 10:47 PM,07/24/2026 09:23 PM,Listed
UL-000801,Clothing,Donation Center 02,07/24/2026 02:31 PM,07/26/2026 07:40 AM,07/26/2026 09:49 PM,Listed
UL-000802,Home Decor,Store 07,07/19/2026 07:13 PM,07/22/2026 04:05 AM,07/23/2026 04:08 AM,Listed
UL-000803,Clothing,Donation Center 02,07/27/2026 10:55 PM,07/28/2026 10:34 AM,07/29/2026 10:32 AM,Listed
UL-000804,Clothing,Donation Center 02,07/19/2026 03:52 PM,07/19/2026 10:02 PM,07/21/2026 04:04 PM,Listed
UL-000805,Books,Donation Center 02,07/27/2026 11:41 AM,07/27/2026 06:46 PM,07/28/2026 01:09 AM,Listed
UL-000806,Books,Donation Center 02,07/23/2026 04:25 AM,07/26/2026 02:32 AM,07/27/2026 08:39 PM,Listed
UL-000807,Media,Store 07,07/25/2026 10:35 AM,07/25/2026 06:12 PM,07/27/2026 06:07 PM,Listed
UL-000808,Collectibles,Donation Center 02,07/25/2026 01:45 PM,07/27/2026 12:08 PM,07/28/2026 03:07 AM,Listed
UL-000809,Home Decor,Outlet DC,07/22/2026 11:40 PM,07/25/2026 10:01 AM,07/27/2026 04:13 AM,Listed
UL-000810,Kitchen,Store 04,07/18/2026 05:42 PM,07/21/2026 05:00 AM,07/21/2026 06:21 PM,Listed
UL-000811,Books,Store 07,07/28/2026 09:47 PM,07/29/2026 02:49 AM,07/29/2026 03:20 AM,Listed
UL-000812,Books,Store 07,07/26/2026 01:13 AM,07/27/2026 11:55 AM,07/28/2026 11:14 AM,Listed
UL-000813,Electronics,Store 07,07/17/2026 04:41 AM,07/18/2026 02:13 AM,07/19/2026 06:34 AM,Listed
UL-000814,Electronics,Store 04,07/26/2026 12:43 AM,07/28/2026 07:04 AM,07/29/2026 01:02 AM,Listed
UL-000815,Books,Store 04,07/25/2026 06:46 AM,07/26/2026 08:23 PM,07/27/2026 08:50 AM,Listed
UL-000816,Shoes,Donation Center 02,07/24/2026 03:34 AM,07/26/2026 04:36 PM,07/28/2026 12:28 AM,Listed
UL-000817,Electronics,Store 12,07/09/2026 08:51 PM,07/12/2026 05:46 PM,07/13/2026 07:21 AM,Listed
UL-000818,Clothing,Store 04,07/20/2026 12:47 AM,07/20/2026 02:01 PM,07/21/2026 06:14 AM,Listed
UL-000819,Kitchen,Store 12,07/23/2026 07:43 PM,07/25/2026 12:49 AM,07/26/2026 07:12 AM,Listed
UL-000820,Home Decor,Store 07,07/26/2026 02:54 PM,07/28/2026 05:39 AM,07/28/2026 10:09 AM,Listed
UL-000821,Sporting Goods,Store 12,07/22/2026 11:57 PM,07/25/2026 07:23 PM,07/27/2026 03:12 AM,Listed
UL-000822,Jewelry,Donation Center 02,07/24/2026 07:45 PM,07/27/2026 05:34 PM,07/29/2026 12:07 AM,Listed
UL-000823,Collectibles,Outlet DC,07/28/2026 02:44 AM,07/29/2026 08:25 AM,07/30/2026 07:02 AM,Listed
UL-000824,Jewelry,Outlet DC,07/23/2026 07:36 AM,07/24/2026 09:35 PM,07/25/2026 03:05 PM,Listed
UL-000825,Books,Outlet DC,07/27/2026 01:16 AM,07/27/2026 08:29 AM,07/28/2026 02:45 AM,Listed
UL-000826,Home Decor,Store 12,07/26/2026 01:02 PM,07/27/2026 08:56 AM,07/27/2026 04:51 PM,Listed
UL-000827,Books,Outlet DC,07/21/2026 07:22 PM,07/23/2026 06:50 PM,07/25/2026 09:58 AM,Listed
UL-000828,Collectibles,Donation Center 02,07/22/2026 11:12 PM,07/23/2026 11:30 AM,07/24/2026 03:55 AM,Listed
UL-000829,Kitchen,Outlet DC,07/23/2026 01:00 AM,07/23/2026 08:12 AM,07/23/2026 09:27 AM,Listed
UL-000830,Toys,Outlet DC,07/23/2026 11:57 AM,07/25/2026 03:33 AM,07/25/2026 07:53 PM,Listed
UL-000831,Clothing,Donation Center 02,07/16/2026 09:17 PM,07/18/2026 05:57 AM,07/18/2026 10:24 PM,Listed
UL-000832,Clothing,Store 12,07/27/2026 12:45 AM,07/28/2026 12:01 PM,07/30/2026 06:50 AM,Listed
UL-000833,Jewelry,Store 04,07/12/2026 11:44 PM,07/15/2026 04:00 PM,07/17/2026 08:36 AM,Listed
UL-000834,Home Decor,Outlet DC,07/26/2026 09:42 AM,07/27/2026 02:58 AM,07/28/2026 06:24 PM,Listed
UL-000835,Books,Store 12,07/25/2026 06:28 PM,07/27/2026 04:03 PM,07/28/2026 09:56 AM,Listed
UL-000836,Clothing,Store 04,07/28/2026 08:36 PM,07/30/2026 04:16 PM,07/31/2026 12:54 AM,Listed
UL-000837,Books,Outlet DC,07/01/2026 02:07 PM,07/02/2026 01:51 AM,07/02/2026 05:57 AM,Listed
UL-000838,Media,Store 07,07/27/2026 08:05 AM,07/28/2026 02:03 PM,07/30/2026 09:29 AM,Listed
UL-000839,Clothing,Outlet DC,07/24/2026 04:35 AM,07/25/2026 07:04 AM,07/27/2026 06:43 AM,Listed
UL-000840,Jewelry,Store 07,07/19/2026 10:53 AM,07/20/2026 05:03 AM,07/20/2026 10:32 AM,Listed
UL-000841,Books,Store 07,07/28/2026 01:00 AM,07/28/2026 02:54 AM,07/29/2026 10:22 AM,Listed
UL-000842,Jewelry,Store 12,07/23/2026 02:04 PM,07/25/2026 09:27 AM,07/27/2026 07:43 AM,Listed
UL-000843,Media,Store 07,07/25/2026 07:28 PM,07/27/2026 03:08 PM,07/27/2026 04:48 PM,Listed
UL-000844,Clothing,Store 04,07/27/2026 12:37 AM,07/28/2026 08:39 AM,07/30/2026 07:27 AM,Listed
UL-000845,Collectibles,Donation Center 02,07/21/2026 05:45 PM,07/23/2026 12:12 PM,07/24/2026 02:45 AM,Listed
UL-000846,Jewelry,Store 04,07/21/2026 11:55 PM,07/22/2026 03:14 PM,07/23/2026 08:09 PM,Listed
UL-000847,Handbags,Store 12,07/28/2026 09:12 AM,07/29/2026 12:56 AM,07/29/2026 03:43 AM,Listed
UL-000848,Media,Donation Center 02,07/16/2026 02:31 AM,07/16/2026 05:52 AM,07/17/2026 04:14 AM,Listed
UL-000849,Books,Store 07,07/25/2026 09:11 PM,07/27/2026 08:47 PM,07/28/2026 05:32 AM,Listed
UL-000850,Clothing,Store 12,07/02/2026 08:37 AM,07/04/2026 07:34 AM,07/05/2026 06:50 AM,Listed
UL-000851,Books,Store 04,07/28/2026 06:48 AM,07/29/2026 06:35 PM,07/31/2026 04:27 PM,Listed
UL-000852,Electronics,Store 04,07/21/2026 06:01 PM,07/23/2026 03:37 PM,07/24/2026 01:13 AM,Listed
UL-000853,Jewelry,Store 07,07/27/2026 02:58 AM,07/27/2026 03:01 PM,07/28/2026 09:12 AM,Listed
UL-000854,Books,Outlet DC,07/21/2026 04:05 AM,07/21/2026 07:49 PM,07/22/2026 03:43 AM,Listed
UL-000855,Collectibles,Outlet DC,07/21/2026 09:46 AM,07/24/2026 03:47 AM,07/24/2026 10:48 PM,Listed
UL-000856,Jewelry,Donation Center 02,07/27/2026 04:37 PM,07/28/2026 01:14 AM,07/29/2026 03:59 AM,Listed
UL-000857,Books,Store 04,07/28/2026 04:43 PM,07/29/2026 01:00 PM,07/30/2026 02:53 PM,Listed
UL-000858,Clothing,Store 07,07/25/2026 09:22 AM,07/27/2026 06:05 AM,07/28/2026 02:35 PM,Listed
UL-000859,Home Decor,Store 07,07/15/2026 11:40 PM,07/18/2026 06:12 PM,07/19/2026 02:53 AM,Listed
UL-000860,Books,Outlet DC,07/25/2026 05:03 AM,07/28/2026 03:15 AM,07/29/2026 02:36 PM,Listed
UL-000861,Sporting Goods,Store 07,07/27/2026 03:57 AM,07/27/2026 07:22 PM,07/29/2026 02:16 PM,Sent to E-Com
UL-000862,Kitchen,Store 07,07/24/2026 06:31 AM,07/27/2026 02:06 AM,07/28/2026 09:37 PM,Sent to E-Com
UL-000863,Collectibles,Store 04,07/30/2026 08:51 PM,07/31/2026 01:31 PM,07/31/2026 06:35 PM,Sent to E-Com
UL-000864,Clothing,Outlet DC,07/29/2026 07:56 AM,07/29/2026 07:15 PM,07/31/2026 05:37 AM,Sent to E-Com
UL-000865,Electronics,Store 04,07/30/2026 11:51 AM,07/30/2026 12:44 PM,07/31/2026 04:09 PM,Sent to E-Com
UL-000866,Clothing,Store 04,07/23/2026 09:31 PM,07/26/2026 06:02 PM,07/28/2026 12:00 PM,Sent to E-Com
UL-000867,Toys,Store 12,07/25/2026 07:19 PM,07/28/2026 05:19 AM,07/28/2026 07:10 PM,Sent to E-Com
UL-000868,Collectibles,Store 12,07/25/2026 06:29 AM,07/28/2026 02:39 AM,07/28/2026 03:43 AM,Sent to E-Com
UL-000869,Watches,Outlet DC,07/19/2026 06:43 PM,07/21/2026 03:54 PM,07/21/2026 08:00 PM,Sent to E-Com
UL-000870,Books,Store 04,07/29/2026 11:41 PM,07/30/2026 01:44 PM,07/30/2026 03:16 PM,Sent to E-Com
UL-000871,Home Decor,Donation Center 02,07/30/2026 07:34 AM,07/31/2026 07:06 AM,08/01/2026 02:46 PM,Sent to E-Com
UL-000872,Books,Outlet DC,07/25/2026 03:06 PM,07/27/2026 07:46 PM,07/28/2026 12:23 PM,Sent to E-Com
UL-000873,Books,Donation Center 02,07/29/2026 01:47 AM,07/30/2026 08:36 PM,07/31/2026 12:24 PM,Sent to E-Com
UL-000874,Clothing,Store 04,07/28/2026 04:35 PM,07/30/2026 10:35 PM,08/01/2026 08:23 AM,Sent to E-Com
UL-000875,Clothing,Store 04,07/27/2026 11:05 PM,07/28/2026 04:59 PM,07/30/2026 09:02 AM,Sent to E-Com
UL-000876,Collectibles,Outlet DC,07/28/2026 12:39 AM,07/30/2026 07:15 PM,08/01/2026 01:06 PM,Sent to E-Com
UL-000877,Kitchen,Store 12,07/21/2026 01:02 AM,07/21/2026 07:50 PM,07/22/2026 10:00 AM,Sent to E-Com
UL-000879,Media,Store 12,07/10/2026 09:04 AM,07/10/2026 10:13 PM,07/12/2026 07:34 PM,Sent to E-Com
UL-000880,Books,Donation Center 02,07/26/2026 04:04 PM,07/29/2026 01:45 PM,07/30/2026 01:02 AM,Sent to E-Com
UL-000881,Books,Outlet DC,07/27/2026 06:13 AM,07/30/2026 12:19 AM,07/30/2026 05:59 PM,Sent to E-Com
UL-000882,Handbags,Donation Center 02,07/28/2026 09:48 AM,07/28/2026 09:20 PM,07/30/2026 03:19 AM,Sent to E-Com
UL-000883,Collectibles,Store 07,07/27/2026 05:44 PM,07/29/2026 10:57 AM,07/29/2026 04:52 PM,Sent to E-Com
UL-000884,Books,Store 04,07/25/2026 09:07 PM,07/26/2026 07:52 AM,07/27/2026 04:31 AM,Sent to E-Com
UL-000885,Books,Store 12,07/28/2026 09:31 AM,07/29/2026 09:34 AM,07/30/2026 05:08 PM,Sent to E-Com
UL-000886,Clothing,Store 04,07/28/2026 11:14 PM,07/31/2026 09:08 AM,08/01/2026 06:05 AM,Sent to E-Com
UL-000887,Electronics,Store 07,07/24/2026 08:01 AM,07/26/2026 04:53 AM,07/27/2026 01:10 AM,Sent to E-Com
UL-000888,Clothing,Store 07,07/28/2026 06:06 AM,07/30/2026 09:05 PM,08/01/2026 11:46 AM,Sent to E-Com
UL-000889,Clothing,Store 04,07/30/2026 03:12 PM,07/30/2026 10:44 PM,07/31/2026 08:32 AM,Sent to E-Com
UL-000890,Handbags,Outlet DC,07/25/2026 04:32 AM,07/27/2026 06:16 PM,07/29/2026 06:30 AM,Sent to E-Com
UL-000891,Home Decor,Store 07,07/24/2026 09:29 AM,07/27/2026 05:52 AM,07/28/2026 02:27 PM,Sent to E-Com
UL-000892,Electronics,Store 12,07/27/2026 08:02 AM,07/29/2026 05:45 PM,07/31/2026 05:50 AM,Sent to E-Com
UL-000893,Books,Donation Center 02,07/26/2026 07:49 PM,07/28/2026 02:19 PM,07/29/2026 09:03 PM,Sent to E-Com
UL-000894,Watches,Outlet DC,07/18/2026 05:46 PM,07/19/2026 11:01 AM,07/20/2026 11:36 AM,Sent to E-Com
UL-000895,Collectibles,Outlet DC,07/25/2026 06:24 PM,07/27/2026 08:41 PM,07/28/2026 11:06 PM,Sent to E-Com
UL-000896,Clothing,Store 04,07/28/2026 11:10 AM,07/30/2026 10:28 AM,07/30/2026 10:06 PM,Sent to E-Com
UL-000897,Handbags,Outlet DC,07/27/2026 06:50 AM,07/30/2026 12:02 AM,07/30/2026 12:42 AM,Sent to E-Com
UL-000898,Books,Store 04,07/29/2026 05:23 PM,07/31/2026 12:59 PM,08/01/2026 05:31 AM,Sent to E-Com
UL-000900,Watches,Store 12,07/23/2026 11:49 AM,07/24/2026 12:29 PM,07/26/2026 02:16 AM,Sent to E-Com
UL-000902,Home Decor,Store 12,07/20/2026 09:15 AM,07/20/2026 04:55 PM,07/22/2026 02:52 PM,Sent to E-Com
UL-000904,Clothing,Store 04,07/29/2026 08:16 PM,07/31/2026 11:01 AM,08/01/2026 05:30 AM,Sent to E-Com
UL-000905,Toys,Outlet DC,07/31/2026 12:09 PM,07/31/2026 12:28 PM,08/01/2026 07:51 PM,Sent to E-Com
UL-000906,Collectibles,Store 07,07/28/2026 09:26 PM,07/31/2026 04:13 AM,07/31/2026 05:23 AM,Sent to E-Com
UL-000907,Home Decor,Store 04,07/26/2026 04:13 PM,07/29/2026 01:34 AM,07/30/2026 11:18 PM,Sent to E-Com
UL-000908,Electronics,Store 07,07/21/2026 10:54 AM,07/22/2026 01:39 AM,07/22/2026 08:53 AM,Sent to E-Com
UL-000909,Clothing,Outlet DC,07/27/2026 09:32 PM,07/30/2026 05:04 PM,07/31/2026 06:57 PM,Sent to E-Com
UL-000910,Toys,Store 04,07/25/2026 11:26 AM,07/25/2026 02:04 PM,07/27/2026 12:16 PM,Sent to E-Com
UL-000911,Clothing,Store 07,07/27/2026 08:20 AM,07/29/2026 01:05 PM,07/30/2026 11:16 AM,Sent to E-Com
UL-000912,Shoes,Store 04,07/28/2026 07:05 PM,07/30/2026 07:41 PM,07/31/2026 12:19 PM,Sent to E-Com
UL-000913,Collectibles,Store 07,07/13/2026 04:01 PM,07/14/2026 09:23 PM,07/16/2026 08:32 PM,Sent to E-Com
UL-000914,Books,Outlet DC,07/27/2026 12:19 PM,07/29/2026 04:58 AM,07/29/2026 07:13 AM,Sent to E-Com
UL-000915,Watches,Store 12,07/26/2026 04:06 PM,07/27/2026 09:18 PM,07/29/2026 10:07 AM,Sent to E-Com
UL-000917,Media,Store 04,07/31/2026 08:57 AM,08/01/2026 03:07 AM,08/01/2026 02:31 PM,Sent to E-Com
UL-000918,Shoes,Outlet DC,07/25/2026 02:26 AM,07/27/2026 08:58 AM,07/29/2026 05:24 AM,Sent to E-Com
UL-000919,Media,Store 07,07/28/2026 06:56 AM,07/30/2026 09:33 PM,07/31/2026 04:36 AM,Sent to E-Com
UL-000921,Handbags,Outlet DC,07/28/2026 12:38 AM,07/30/2026 06:09 PM,08/01/2026 07:10 AM,Sent to E-Com
UL-000922,Books,Store 04,07/28/2026 08:26 PM,07/30/2026 01:07 AM,07/30/2026 06:18 AM,Sent to E-Com
UL-000923,Jewelry,Store 07,07/27/2026 06:45 AM,07/29/2026 08:07 AM,07/30/2026 02:10 PM,Sent to E-Com
UL-000924,Electronics,Store 07,07/29/2026 02:03 AM,07/29/2026 06:45 PM,07/30/2026 01:59 PM,Sent to E-Com
UL-000925,Books,Store 04,07/26/2026 01:09 PM,07/28/2026 07:01 AM,07/29/2026 05:53 PM,Sent to E-Com
UL-000934,Jewelry,Store 04,07/30/2026 12:26 PM,07/31/2026 07:30 AM,08/01/2026 08:13 PM,Sent to E-Com
UL-000937,Toys,Outlet DC,07/29/2026 10:34 PM,07/29/2026 11:38 PM,07/31/2026 07:01 AM,Sent to E-Com
UL-000938,Toys,Store 07,07/26/2026 07:36 PM,07/29/2026 12:22 AM,07/30/2026 06:38 PM,Sent to E-Com
UL-000939,Handbags,Outlet DC,07/26/2026 06:53 AM,07/26/2026 03:06 PM,07/26/2026 06:29 PM,Sent to E-Com
UL-000940,Art,Outlet DC,07/28/2026 08:27 AM,07/29/2026 08:08 AM,07/29/2026 07:14 PM,Sent to E-Com
UL-000941,Media,Outlet DC,07/29/2026 02:07 AM,07/30/2026 07:33 PM,08/01/2026 01:17 AM,Sent to E-Com
UL-000943,Electronics,Store 07,07/27/2026 10:21 PM,07/30/2026 05:35 PM,08/01/2026 03:46 AM,Sent to E-Com
UL-000944,Collectibles,Donation Center 02,07/30/2026 11:26 PM,07/31/2026 10:14 AM,07/31/2026 09:36 PM,Sent to E-Com
UL-000945,Books,Donation Center 02,07/28/2026 11:17 PM,07/30/2026 03:26 PM,07/30/2026 10:21 PM,Sent to E-Com
UL-000946,Handbags,Outlet DC,07/20/2026 07:08 PM,07/22/2026 03:16 PM,07/23/2026 10:45 PM,Sent to E-Com
UL-000947,Clothing,Outlet DC,07/26/2026 02:15 PM,07/28/2026 05:15 PM,07/29/2026 12:39 PM,Sent to E-Com
UL-000948,Media,Store 04,07/31/2026 10:31 PM,08/01/2026 01:51 AM,08/01/2026 07:48 AM,Sent to E-Com
UL-000950,Collectibles,Store 04,07/30/2026 04:30 AM,07/31/2026 01:41 AM,07/31/2026 09:47 AM,Sent to E-Com
UL-000951,Home Decor,Store 07,07/27/2026 01:36 PM,07/30/2026 10:48 AM,07/30/2026 07:47 PM,Sent to E-Com
UL-000955,Shoes,Store 12,07/28/2026 09:15 PM,07/31/2026 08:28 PM,08/01/2026 07:58 PM,Sent to E-Com
UL-000956,Books,Store 12,07/26/2026 03:38 PM,07/29/2026 01:28 AM,07/30/2026 11:39 PM,Sent to E-Com
UL-000957,Kitchen,Store 07,07/30/2026 08:02 AM,07/30/2026 06:36 PM,07/30/2026 11:07 PM,Sent to E-Com
UL-000960,Media,Store 07,07/26/2026 05:03 AM,07/28/2026 06:35 AM,07/29/2026 02:10 PM,Sent to E-Com
UL-000965,Jewelry,Store 07,07/26/2026 12:39 PM,07/28/2026 07:47 AM,07/29/2026 03:11 PM,Sent to E-Com
UL-000966,Collectibles,Store 04,07/23/2026 11:34 PM,07/24/2026 01:40 PM,07/26/2026 01:04 AM,Sent to E-Com
UL-000969,Clothing,Store 04,07/27/2026 02:48 AM,07/27/2026 03:24 AM,07/28/2026 08:23 AM,Sent to E-Com
UL-000976,Media,Outlet DC,07/18/2026 04:09 AM,07/19/2026 11:50 PM,07/21/2026 05:04 PM,Sent to E-Com
UL-000978,Books,Store 07,07/28/2026 09:45 AM,07/30/2026 10:44 AM,08/01/2026 10:17 AM,Sent to E-Com
UL-000981,Sporting Goods,Store 12,07/26/2026 12:47 AM,07/26/2026 01:05 PM,07/28/2026 08:50 AM,Sent to E-Com
UL-000982,Books,Store 12,07/27/2026 02:52 AM,07/29/2026 06:42 AM,07/31/2026 02:09 AM,Sent to E-Com
UL-000986,Handbags,Donation Center 02,07/19/2026 02:43 PM,07/20/2026 04:15 PM,07/21/2026 02:54 AM,Sent to E-Com
UL-000988,Collectibles,Store 12,07/30/2026 03:42 AM,07/30/2026 09:54 AM,08/01/2026 03:34 AM,Sent to E-Com
UL-000998,Toys,Outlet DC,07/29/2026 11:36 PM,08/01/2026 02:58 AM,08/01/2026 10:11 AM,Sent to E-Com
UL-000999,Kitchen,Store 12,07/25/2026 10:05 PM,07/28/2026 05:08 PM,07/28/2026 06:47 PM,Sent to E-Com
UL-001000,Media,Store 04,07/28/2026 10:35 PM,07/30/2026 02:03 AM,07/30/2026 01:08 PM,Sent to E-Com
UL-001007,Sporting Goods,Store 07,07/21/2026 08:07 AM,07/23/2026 01:18 AM,07/24/2026 03:14 PM,Sent to E-Com
UL-001009,Collectibles,Store 12,07/28/2026 07:06 PM,07/28/2026 10:40 PM,07/29/2026 06:34 PM,Sent to E-Com
UL-001013,Sporting Goods,Outlet DC,07/27/2026 06:46 AM,07/28/2026 09:59 PM,07/30/2026 06:15 PM,Sent to E-Com
UL-001015,Books,Store 07,07/24/2026 11:57 AM,07/27/2026 01:57 AM,07/27/2026 07:07 PM,Sent to E-Com
UL-001016,Art,Store 07,07/30/2026 03:58 AM,08/01/2026 03:03 AM,08/01/2026 05:53 AM,Sent to E-Com
UL-001021,Kitchen,Outlet DC,07/30/2026 06:32 PM,07/31/2026 05:54 AM,08/01/2026 11:59 AM,Sent to E-Com
UL-001025,Home Decor,Outlet DC,07/31/2026 02:10 AM,07/31/2026 09:29 AM,07/31/2026 09:21 PM,Sent to E-Com
UL-001028,Toys,Donation Center 02,07/28/2026 05:44 PM,07/30/2026 10:35 AM,08/01/2026 04:40 AM,Sent to E-Com
UL-001042,Books,Store 12,07/29/2026 12:49 AM,07/29/2026 03:30 AM,07/30/2026 04:08 PM,Sent to E-Com
UL-001043,Jewelry,Store 12,07/21/2026 07:45 PM,07/23/2026 10:45 PM,07/25/2026 08:01 AM,Sent to E-Com
UL-001055,Home Decor,Store 07,07/26/2026 10:27 AM,07/28/2026 01:02 AM,07/29/2026 06:15 AM,Sent to E-Com
UL-001074,Clothing,Donation Center 02,07/20/2026 10:47 PM,07/21/2026 05:32 AM,07/22/2026 01:10 AM,Sent to E-Com
UL-001078,Books,Store 07,07/25/2026 03:29 PM,07/26/2026 07:48 PM,07/27/2026 10:10 AM,Sent to E-Com
UL-001084,Handbags,Store 12,07/31/2026 07:57 AM,08/01/2026 01:59 AM,08/01/2026 10:51 AM,Sent to E-Com
UL-001102,Jewelry,Store 12,07/29/2026 11:02 PM,07/30/2026 10:12 PM,07/31/2026 06:41 PM,Sent to E-Com
UL-001112,Collectibles,Store 04,07/29/2026 07:16 PM,08/01/2026 11:14 AM,08/01/2026 09:35 PM,Sent to E-Com
UL-001115,Collectibles,Store 12,07/29/2026 11:57 PM,07/31/2026 06:33 AM,08/01/2026 04:07 AM,Sent to E-Com
UL-001119,Clothing,Donation Center 02,07/29/2026 01:25 AM,07/31/2026 08:17 AM,07/31/2026 10:44 PM,Sent to E-Com
UL-001128,Books,Outlet DC,07/29/2026 02:50 AM,07/31/2026 04:39 PM,08/01/2026 10:03 AM,Sent to E-Com
UL-001130,Media,Store 04,07/27/2026 04:31 AM,07/28/2026 09:29 AM,07/29/2026 06:01 AM,Sent to E-Com
UL-001140,Collectibles,Store 07,07/25/2026 11:37 PM,07/27/2026 03:48 AM,07/27/2026 10:16 PM,Sent to E-Com
UL-001149,Books,Store 07,07/28/2026 10:04 PM,07/30/2026 05:26 AM,07/30/2026 12:28 PM,Sent to E-Com
UL-001152,Media,Store 07,07/24/2026 05:19 PM,07/25/2026 05:58 AM,07/26/2026 01:30 AM,Sent to E-Com
UL-001170,Collectibles,Outlet DC,07/27/2026 02:30 AM,07/28/2026 09:06 PM,07/30/2026 03:08 PM,Sent to E-Com
UL-001207,Books,Store 04,07/19/2026 11:26 PM,07/22/2026 09:03 AM,07/23/2026 06:35 AM,Sent to E-Com
UL-001211,Electronics,Donation Center 02,07/31/2026 02:10 AM,07/31/2026 11:04 AM,08/01/2026 05:27 PM,Sent to E-Com
UL-001275,Home Decor,Outlet DC,07/20/2026 09:05 PM,07/22/2026 06:51 PM,07/24/2026 06:05 AM,Sent to E-Com
UL-001483,Handbags,Store 04,07/29/2026 01:43 AM,07/30/2026 05:46 PM,08/01/2026 03:01 AM,Sent to E-Com
UL-001618,Books,Store 07,07/23/2026 09:58 PM,07/26/2026 01:03 PM,07/26/2026 01:59 PM,Sent to E-Com
