created_at,id,tracking_code,status,from_address_id,from_name,from_company,from_street1,from_street2,from_city,from_state,from_zip,from_country,from_residential,to_address_id,to_name,to_company,to_street1,to_street2,to_city,to_state,to_zip,to_country,to_residential,parcel_id,length,width,height,weight,predefined_package,postage_label_created_at,rate_id,service,carrier,rate,insured_value,is_return,refund_status,reference,label_fee,postage_fee,insurance_fee,options,batch_id
2026-08-01T13:08:55Z,shp_00005439,9400100000000000005439,in_transit,adr_from0001,Goodwill E-Com (test),Goodwill Michiana (test),100 Test Warehouse Rd,,South Bend,IN,46601,US,false,adr_to000000,Test Buyer,,1 Example Ave,,Testville,IN,46601,US,true,prcl_000000,10,8,4,40.0,,2026-08-01T13:08:56Z,rate_000000,Priority,USPS,3.37,,false,,112-5113121-7437045,0.00,3.37,0.00,"[{""label_format"":""PDF""},{""print_custom_1"":""ecom""}]",
2026-08-01T13:09:27Z,shp_00005402,9400100000000000005402,delivered,adr_from0001,Goodwill E-Com (test),Goodwill Michiana (test),100 Test Warehouse Rd,,South Bend,IN,46601,US,false,adr_to000001,Test Buyer,,2 Example Ave,,Sampleton,OH,43004,US,true,prcl_000001,10,8,4,35.2,,2026-08-01T13:09:28Z,rate_000001,GroundAdvantage,USPS,6.84,,false,,SGW-7713046,0.00,6.84,0.00,"[{""label_format"":""PDF""},{""print_custom_1"":""ecom""}]",
2026-08-01T13:13:38Z,shp_00005401,9400100000000000005401,delivered,adr_from0001,Goodwill E-Com (test),Goodwill Michiana (test),100 Test Warehouse Rd,,South Bend,IN,46601,US,false,adr_to000002,Test Buyer,,3 Example Ave,,Mocksburg,MI,49001,US,true,prcl_000002,10,8,4,48.0,,2026-08-01T13:13:39Z,rate_000002,GroundAdvantage,USPS,11.77,,false,,SGW-7713045,0.00,11.77,0.00,"[{""label_format"":""PDF""},{""print_custom_1"":""ecom""}]",
2026-08-01T13:16:09Z,shp_00005407,9400100000000000005407,delivered,adr_from0001,Goodwill E-Com (test),Goodwill Michiana (test),100 Test Warehouse Rd,,South Bend,IN,46601,US,false,adr_to000003,Test Buyer,,4 Example Ave,,Fakeport,IL,60601,US,true,prcl_000003,10,8,4,75.2,,2026-08-01T13:16:10Z,rate_000003,GroundAdvantage,USPS,10.29,,false,,SGW-7713055,0.00,10.29,0.00,"[{""label_format"":""PDF""},{""print_custom_1"":""ecom""}]",
2026-08-01T13:31:50Z,shp_00005426,9400100000000000005426,delivered,adr_from0001,Goodwill E-Com (test),Goodwill Michiana (test),100 Test Warehouse Rd,,South Bend,IN,46601,US,false,adr_to000004,Test Buyer,,5 Example Ave,,Testville,IN,46601,US,true,prcl_000004,10,8,4,41.6,,2026-08-01T13:31:51Z,rate_000004,GroundAdvantage,USPS,3.41,,false,,114-7313104-7507440,0.00,3.41,0.00,"[{""label_format"":""PDF""},{""print_custom_1"":""ecom""}]",
2026-08-01T13:34:44Z,shp_00005457,9400100000000000005457,delivered,adr_from0001,Goodwill E-Com (test),Goodwill Michiana (test),100 Test Warehouse Rd,,South Bend,IN,46601,US,false,adr_to000005,Test Buyer,,6 Example Ave,,Sampleton,OH,43004,US,true,prcl_000005,10,8,4,12.8,,2026-08-01T13:34:45Z,rate_000005,GroundAdvantage,USPS,3.61,,false,,111-1213150-6444297,0.00,3.61,0.00,"[{""label_format"":""PDF""},{""print_custom_1"":""ecom""}]",
2026-08-01T13:56:13Z,shp_00005419,9400100000000000005419,delivered,adr_from0001,Goodwill E-Com (test),Goodwill Michiana (test),100 Test Warehouse Rd,,South Bend,IN,46601,US,false,adr_to000006,Test Buyer,,7 Example Ave,,Mocksburg,MI,49001,US,true,prcl_000006,10,8,4,22.4,,2026-08-01T13:56:14Z,rate_000006,GroundAdvantage,USPS,8.86,,false,,SGW-7713085,0.00,8.86,0.00,"[{""label_format"":""PDF""},{""print_custom_1"":""ecom""}]",
2026-08-01T14:01:23Z,shp_00005467,9400100000000000005467,delivered,adr_from0001,Goodwill E-Com (test),Goodwill Michiana (test),100 Test Warehouse Rd,,South Bend,IN,46601,US,false,adr_to000007,Test Buyer,,8 Example Ave,,Fakeport,IL,60601,US,true,prcl_000007,10,8,4,46.4,,2026-08-01T14:01:24Z,rate_000007,GroundAdvantage,USPS,4.22,,false,,26-13167-55160,0.00,4.22,0.00,"[{""label_format"":""PDF""},{""print_custom_1"":""ecom""}]",
2026-08-01T14:04:14Z,shp_00005449,9400100000000000005449,delivered,adr_from0001,Goodwill E-Com (test),Goodwill Michiana (test),100 Test Warehouse Rd,,South Bend,IN,46601,US,false,adr_to000008,Test Buyer,,9 Example Ave,,Testville,IN,46601,US,true,prcl_000008,10,8,4,17.6,,2026-08-01T14:04:15Z,rate_000008,GroundAdvantage,USPS,3.61,,false,,112-6313135-0283794,0.00,3.61,0.00,"[{""label_format"":""PDF""},{""print_custom_1"":""ecom""}]",
2026-08-01T14:05:28Z,shp_00005461,9400100000000000005461,in_transit,adr_from0001,Goodwill E-Com (test),Goodwill Michiana (test),100 Test Warehouse Rd,,South Bend,IN,46601,US,false,adr_to000009,Test Buyer,,10 Example Ave,,Sampleton,OH,43004,US,true,prcl_000009,10,8,4,38.4,,2026-08-01T14:05:29Z,rate_000009,GroundAdvantage,USPS,3.64,,false,,114-6913156-9847540,0.00,3.64,0.00,"[{""label_format"":""PDF""},{""print_custom_1"":""ecom""}]",
2026-08-01T14:10:27Z,shp_00005446,9400100000000000005446,delivered,adr_from0001,Goodwill E-Com (test),Goodwill Michiana (test),100 Test Warehouse Rd,,South Bend,IN,46601,US,false,adr_to000010,Test Buyer,,11 Example Ave,,Mocksburg,MI,49001,US,true,prcl_000010,10,8,4,38.4,,2026-08-01T14:10:28Z,rate_000010,GroundAdvantage,USPS,3.44,,false,,114-9413131-9983981,0.00,3.44,0.00,"[{""label_format"":""PDF""},{""print_custom_1"":""ecom""}]",
2026-08-01T14:16:33Z,shp_osm00002399,OSM00000002399,delivered,adr_from0001,Goodwill E-Com (test),Goodwill Michiana (test),100 Test Warehouse Rd,,South Bend,IN,46601,US,false,adr_to000011,Test Buyer,,12 Example Ave,,Fakeport,IL,60601,US,true,prcl_000011,10,8,4,22.4,,2026-08-01T14:16:34Z,rate_000011,BPM,OSMWorldwide,0.01,,false,,114-0813138-8471042,0.00,0.00,0.00,"[{""label_format"":""PDF""},{""print_custom_1"":""ecom""}]",
2026-08-01T14:22:08Z,shp_osm00002408,OSM00000002408,delivered,adr_from0001,Goodwill E-Com (test),Goodwill Michiana (test),100 Test Warehouse Rd,,South Bend,IN,46601,US,false,adr_to000012,Test Buyer,,13 Example Ave,,Testville,IN,46601,US,true,prcl_000012,10,8,4,59.2,,2026-08-01T14:22:09Z,rate_000012,BPM,OSMWorldwide,0.01,,false,,112-1713160-1166931,0.00,0.00,0.00,"[{""label_format"":""PDF""},{""print_custom_1"":""ecom""}]",
2026-08-01T14:30:32Z,shp_00005456,9400100000000000005456,delivered,adr_from0001,Goodwill E-Com (test),Goodwill Michiana (test),100 Test Warehouse Rd,,South Bend,IN,46601,US,false,adr_to000013,Test Buyer,,14 Example Ave,,Sampleton,OH,43004,US,true,prcl_000013,10,8,4,94.4,,2026-08-01T14:30:33Z,rate_000013,GroundAdvantage,USPS,3.72,,false,,114-0313145-1248512,0.00,3.72,0.00,"[{""label_format"":""PDF""},{""print_custom_1"":""ecom""}]",
2026-08-01T14:30:32Z,shp_osm00002394,OSM00000002394,delivered,adr_from0001,Goodwill E-Com (test),Goodwill Michiana (test),100 Test Warehouse Rd,,South Bend,IN,46601,US,false,adr_to000014,Test Buyer,,15 Example Ave,,Mocksburg,MI,49001,US,true,prcl_000014,10,8,4,35.2,,2026-08-01T14:30:33Z,rate_000014,BPM,OSMWorldwide,0.01,,false,,112-3913127-4501676,0.00,0.00,0.00,"[{""label_format"":""PDF""},{""print_custom_1"":""ecom""}]",
2026-08-01T14:46:04Z,shp_00005435,9400100000000000005435,delivered,adr_from0001,Goodwill E-Com (test),Goodwill Michiana (test),100 Test Warehouse Rd,,South Bend,IN,46601,US,false,adr_to000015,Test Buyer,,16 Example Ave,,Fakeport,IL,60601,US,true,prcl_000015,10,8,4,25.6,,2026-08-01T14:46:05Z,rate_000015,Priority,USPS,3.33,,false,,112-1113116-0106626,0.00,3.33,0.00,"[{""label_format"":""PDF""},{""print_custom_1"":""ecom""}]",
2026-08-01T14:50:23Z,shp_00005441,9400100000000000005441,delivered,adr_from0001,Goodwill E-Com (test),Goodwill Michiana (test),100 Test Warehouse Rd,,South Bend,IN,46601,US,false,adr_to000016,Test Buyer,,17 Example Ave,,Testville,IN,46601,US,true,prcl_000016,10,8,4,62.4,,2026-08-01T14:50:24Z,rate_000016,GroundAdvantage,USPS,3.64,,false,,114-8713123-2874497,0.00,3.64,0.00,"[{""label_format"":""PDF""},{""print_custom_1"":""ecom""}]",
2026-08-01T14:57:32Z,shp_00005428,9400100000000000005428,delivered,adr_from0001,Goodwill E-Com (test),Goodwill Michiana (test),100 Test Warehouse Rd,,South Bend,IN,46601,US,false,adr_to000017,Test Buyer,,18 Example Ave,,Sampleton,OH,43004,US,true,prcl_000017,10,8,4,89.6,,2026-08-01T14:57:33Z,rate_000017,Priority,USPS,3.48,,false,,113-0013106-7221549,0.00,3.48,0.00,"[{""label_format"":""PDF""},{""print_custom_1"":""ecom""}]",
2026-08-01T15:15:42Z,shp_00005437,9400100000000000005437,in_transit,adr_from0001,Goodwill E-Com (test),Goodwill Michiana (test),100 Test Warehouse Rd,,South Bend,IN,46601,US,false,adr_to000018,Test Buyer,,19 Example Ave,,Mocksburg,MI,49001,US,true,prcl_000018,10,8,4,28.8,,2026-08-01T15:15:43Z,rate_000018,GroundAdvantage,USPS,3.53,,false,,113-6513119-2059990,0.00,3.53,0.00,"[{""label_format"":""PDF""},{""print_custom_1"":""ecom""}]",
2026-08-01T15:17:23Z,shp_00005438,9400100000000000005438,delivered,adr_from0001,Goodwill E-Com (test),Goodwill Michiana (test),100 Test Warehouse Rd,,South Bend,IN,46601,US,false,adr_to000019,Test Buyer,,20 Example Ave,,Fakeport,IL,60601,US,true,prcl_000019,10,8,4,20.8,,2026-08-01T15:17:24Z,rate_000019,GroundAdvantage,USPS,3.76,,false,,112-4313120-5996429,0.00,3.76,0.00,"[{""label_format"":""PDF""},{""print_custom_1"":""ecom""}]",
2026-08-01T15:18:00Z,shp_00005465,9400100000000000005465,delivered,adr_from0001,Goodwill E-Com (test),Goodwill Michiana (test),100 Test Warehouse Rd,,South Bend,IN,46601,US,false,adr_to000020,Test Buyer,,21 Example Ave,,Testville,IN,46601,US,true,prcl_000020,10,8,4,24.0,,2026-08-01T15:18:01Z,rate_000020,GroundAdvantage,USPS,3.83,,false,,04-13164-85529,0.00,3.83,0.00,"[{""label_format"":""PDF""},{""print_custom_1"":""ecom""}]",
2026-08-01T15:29:42Z,shp_00005476,9400100000000000005476,delivered,adr_from0001,Goodwill E-Com (test),Goodwill Michiana (test),100 Test Warehouse Rd,,South Bend,IN,46601,US,false,adr_to000021,Test Buyer,,22 Example Ave,,Sampleton,OH,43004,US,true,prcl_000021,10,8,4,25.6,,2026-08-01T15:29:43Z,rate_000021,GroundAdvantage,USPS,5.95,,false,,m00000013194,0.00,5.95,0.00,"[{""label_format"":""PDF""},{""print_custom_1"":""ecom""}]",
2026-08-01T15:40:34Z,shp_00005472,9400100000000000005472,delivered,adr_from0001,Goodwill E-Com (test),Goodwill Michiana (test),100 Test Warehouse Rd,,South Bend,IN,46601,US,false,adr_to000022,Test Buyer,,23 Example Ave,,Mocksburg,MI,49001,US,true,prcl_000022,10,8,4,44.8,,2026-08-01T15:40:35Z,rate_000022,GroundAdvantage,USPS,6.06,,false,,05-13185-24120,0.00,6.06,0.00,"[{""label_format"":""PDF""},{""print_custom_1"":""ecom""}]",
2026-08-01T16:04:25Z,shp_00005444,9400100000000000005444,delivered,adr_from0001,Goodwill E-Com (test),Goodwill Michiana (test),100 Test Warehouse Rd,,South Bend,IN,46601,US,false,adr_to000023,Test Buyer,,24 Example Ave,,Fakeport,IL,60601,US,true,prcl_000023,10,8,4,25.6,,2026-08-01T16:04:26Z,rate_000023,GroundAdvantage,USPS,5.20,,false,,114-0113126-3077672,0.00,5.20,0.00,"[{""label_format"":""PDF""},{""print_custom_1"":""ecom""}]",
2026-08-01T16:06:49Z,shp_00005429,9400100000000000005429,unknown,adr_from0001,Goodwill E-Com (test),Goodwill Michiana (test),100 Test Warehouse Rd,,South Bend,IN,46601,US,false,adr_to000024,Test Buyer,,25 Example Ave,,Testville,IN,46601,US,true,prcl_000024,10,8,4,32.0,,2026-08-01T16:06:50Z,rate_000024,GroundAdvantage,USPS,5.03,,false,refunded,113-6813109-9421760,0.00,5.03,0.00,"[{""label_format"":""PDF""},{""print_custom_1"":""ecom""}]",
2026-08-01T16:08:37Z,shp_00005425,9400100000000000005425,delivered,adr_from0001,Goodwill E-Com (test),Goodwill Michiana (test),100 Test Warehouse Rd,,South Bend,IN,46601,US,false,adr_to000025,Test Buyer,,26 Example Ave,,Sampleton,OH,43004,US,true,prcl_000025,10,8,4,40.0,,2026-08-01T16:08:38Z,rate_000025,Priority,USPS,7.27,,false,,SGW-7713103,0.00,7.27,0.00,"[{""label_format"":""PDF""},{""print_custom_1"":""ecom""}]",
2026-08-01T16:09:26Z,shp_00005427,9400100000000000005427,unknown,adr_from0001,Goodwill E-Com (test),Goodwill Michiana (test),100 Test Warehouse Rd,,South Bend,IN,46601,US,false,adr_to000026,Test Buyer,,27 Example Ave,,Mocksburg,MI,49001,US,true,prcl_000026,10,8,4,8.0,,2026-08-01T16:09:27Z,rate_000026,GroundAdvantage,USPS,3.61,,false,refunded,113-1913105-4726172,0.00,3.61,0.00,"[{""label_format"":""PDF""},{""print_custom_1"":""ecom""}]",
2026-08-01T16:09:56Z,shp_00005406,9400100000000000005406,in_transit,adr_from0001,Goodwill E-Com (test),Goodwill Michiana (test),100 Test Warehouse Rd,,South Bend,IN,46601,US,false,adr_to000027,Test Buyer,,28 Example Ave,,Fakeport,IL,60601,US,true,prcl_000027,10,8,4,27.2,,2026-08-01T16:09:57Z,rate_000027,GroundAdvantage,USPS,9.35,,false,,SGW-7713052,0.00,9.35,0.00,"[{""label_format"":""PDF""},{""print_custom_1"":""ecom""}]",
2026-08-01T16:11:37Z,shp_00005421,9400100000000000005421,delivered,adr_from0001,Goodwill E-Com (test),Goodwill Michiana (test),100 Test Warehouse Rd,,South Bend,IN,46601,US,false,adr_to000028,Test Buyer,,29 Example Ave,,Testville,IN,46601,US,true,prcl_000028,10,8,4,43.2,,2026-08-01T16:11:38Z,rate_000028,GroundAdvantage,USPS,9.72,,false,,SGW-7713093,0.00,9.72,0.00,"[{""label_format"":""PDF""},{""print_custom_1"":""ecom""}]",
2026-08-01T16:30:23Z,shp_00005422,9400100000000000005422,delivered,adr_from0001,Goodwill E-Com (test),Goodwill Michiana (test),100 Test Warehouse Rd,,South Bend,IN,46601,US,false,adr_to000029,Test Buyer,,30 Example Ave,,Sampleton,OH,43004,US,true,prcl_000029,10,8,4,19.2,,2026-08-01T16:30:24Z,rate_000029,GroundAdvantage,USPS,8.57,,false,,SGW-7713099,0.00,8.57,0.00,"[{""label_format"":""PDF""},{""print_custom_1"":""ecom""}]",
2026-08-01T16:35:39Z,shp_00005442,9400100000000000005442,delivered,adr_from0001,Goodwill E-Com (test),Goodwill Michiana (test),100 Test Warehouse Rd,,South Bend,IN,46601,US,false,adr_to000030,Test Buyer,,31 Example Ave,,Mocksburg,MI,49001,US,true,prcl_000030,10,8,4,22.4,,2026-08-01T16:35:40Z,rate_000030,GroundAdvantage,USPS,3.29,,false,,113-7813124-7200898,0.00,3.29,0.00,"[{""label_format"":""PDF""},{""print_custom_1"":""ecom""}]",
2026-08-01T16:39:08Z,shp_00005453,9400100000000000005453,delivered,adr_from0001,Goodwill E-Com (test),Goodwill Michiana (test),100 Test Warehouse Rd,,South Bend,IN,46601,US,false,adr_to000031,Test Buyer,,32 Example Ave,,Fakeport,IL,60601,US,true,prcl_000031,10,8,4,33.6,,2026-08-01T16:39:09Z,rate_000031,GroundAdvantage,USPS,3.41,,false,,114-4113141-5795910,0.00,3.41,0.00,"[{""label_format"":""PDF""},{""print_custom_1"":""ecom""}]",
2026-08-01T16:46:01Z,shp_00005451,9400100000000000005451,delivered,adr_from0001,Goodwill E-Com (test),Goodwill Michiana (test),100 Test Warehouse Rd,,South Bend,IN,46601,US,false,adr_to000032,Test Buyer,,33 Example Ave,,Testville,IN,46601,US,true,prcl_000032,10,8,4,27.2,,2026-08-01T16:46:02Z,rate_000032,GroundAdvantage,USPS,3.48,,false,,112-1513139-5080724,0.00,3.48,0.00,"[{""label_format"":""PDF""},{""print_custom_1"":""ecom""}]",
2026-08-01T16:53:01Z,shp_00005432,9400100000000000005432,delivered,adr_from0001,Goodwill E-Com (test),Goodwill Michiana (test),100 Test Warehouse Rd,,South Bend,IN,46601,US,false,adr_to000033,Test Buyer,,34 Example Ave,,Sampleton,OH,43004,US,true,prcl_000033,10,8,4,28.8,,2026-08-01T16:53:02Z,rate_000033,Priority,USPS,5.32,,false,,112-2913112-7580075,0.00,5.32,0.00,"[{""label_format"":""PDF""},{""print_custom_1"":""ecom""}]",
2026-08-01T17:28:05Z,shp_00005414,9400100000000000005414,delivered,adr_from0001,Goodwill E-Com (test),Goodwill Michiana (test),100 Test Warehouse Rd,,South Bend,IN,46601,US,false,adr_to000034,Test Buyer,,35 Example Ave,,Mocksburg,MI,49001,US,true,prcl_000034,10,8,4,28.8,,2026-08-01T17:28:06Z,rate_000034,Priority,USPS,7.60,,false,,SGW-7713070,0.00,7.60,0.00,"[{""label_format"":""PDF""},{""print_custom_1"":""ecom""}]",
2026-08-01T17:29:59Z,shp_00005458,9400100000000000005458,delivered,adr_from0001,Goodwill E-Com (test),Goodwill Michiana (test),100 Test Warehouse Rd,,South Bend,IN,46601,US,false,adr_to000035,Test Buyer,,36 Example Ave,,Fakeport,IL,60601,US,true,prcl_000035,10,8,4,22.4,,2026-08-01T17:30:00Z,rate_000035,GroundAdvantage,USPS,3.57,,false,,114-5413151-1550321,0.00,3.57,0.00,"[{""label_format"":""PDF""},{""print_custom_1"":""ecom""}]",
2026-08-01T17:34:11Z,shp_00005420,9400100000000000005420,in_transit,adr_from0001,Goodwill E-Com (test),Goodwill Michiana (test),100 Test Warehouse Rd,,South Bend,IN,46601,US,false,adr_to000036,Test Buyer,,37 Example Ave,,Testville,IN,46601,US,true,prcl_000036,10,8,4,76.8,,2026-08-01T17:34:12Z,rate_000036,GroundAdvantage,USPS,14.66,,false,,SGW-7713091,0.00,14.66,0.00,"[{""label_format"":""PDF""},{""print_custom_1"":""ecom""}]",
2026-08-01T17:36:46Z,shp_00005462,9400100000000000005462,delivered,adr_from0001,Goodwill E-Com (test),Goodwill Michiana (test),100 Test Warehouse Rd,,South Bend,IN,46601,US,false,adr_to000037,Test Buyer,,38 Example Ave,,Sampleton,OH,43004,US,true,prcl_000037,10,8,4,22.4,,2026-08-01T17:36:47Z,rate_000037,GroundAdvantage,USPS,3.58,,false,,114-1713157-6961330,0.00,3.58,0.00,"[{""label_format"":""PDF""},{""print_custom_1"":""ecom""}]",
2026-08-01T17:55:03Z,shp_00005468,9400100000000000005468,delivered,adr_from0001,Goodwill E-Com (test),Goodwill Michiana (test),100 Test Warehouse Rd,,South Bend,IN,46601,US,false,adr_to000038,Test Buyer,,39 Example Ave,,Mocksburg,MI,49001,US,true,prcl_000038,10,8,4,4.8,,2026-08-01T17:55:04Z,rate_000038,Priority,USPS,7.81,,false,,24-13171-03516,0.00,7.81,0.00,"[{""label_format"":""PDF""},{""print_custom_1"":""ecom""}]",
2026-08-01T18:00:04Z,shp_00005434,9400100000000000005434,delivered,adr_from0001,Goodwill E-Com (test),Goodwill Michiana (test),100 Test Warehouse Rd,,South Bend,IN,46601,US,false,adr_to000039,Test Buyer,,40 Example Ave,,Fakeport,IL,60601,US,true,prcl_000039,10,8,4,30.4,,2026-08-01T18:00:05Z,rate_000039,GroundAdvantage,USPS,3.53,,false,,111-6813114-3940449,0.00,3.53,0.00,"[{""label_format"":""PDF""},{""print_custom_1"":""ecom""}]",
2026-08-01T18:10:50Z,shp_00005440,9400100000000000005440,delivered,adr_from0001,Goodwill E-Com (test),Goodwill Michiana (test),100 Test Warehouse Rd,,South Bend,IN,46601,US,false,adr_to000040,Test Buyer,,41 Example Ave,,Testville,IN,46601,US,true,prcl_000040,10,8,4,40.0,,2026-08-01T18:10:51Z,rate_000040,GroundAdvantage,USPS,3.28,,false,,114-9013122-6304849,0.00,3.28,0.00,"[{""label_format"":""PDF""},{""print_custom_1"":""ecom""}]",
2026-08-01T18:19:48Z,shp_00005403,9400100000000000005403,delivered,adr_from0001,Goodwill E-Com (test),Goodwill Michiana (test),100 Test Warehouse Rd,,South Bend,IN,46601,US,false,adr_to000041,Test Buyer,,42 Example Ave,,Sampleton,OH,43004,US,true,prcl_000041,10,8,4,38.4,,2026-08-01T18:19:49Z,rate_000041,GroundAdvantage,USPS,12.54,,false,,SGW-7713047,0.00,12.54,0.00,"[{""label_format"":""PDF""},{""print_custom_1"":""ecom""}]",
2026-08-01T18:31:00Z,shp_00005450,9400100000000000005450,delivered,adr_from0001,Goodwill E-Com (test),Goodwill Michiana (test),100 Test Warehouse Rd,,South Bend,IN,46601,US,false,adr_to000042,Test Buyer,,43 Example Ave,,Mocksburg,MI,49001,US,true,prcl_000042,10,8,4,8.0,,2026-08-01T18:31:01Z,rate_000042,GroundAdvantage,USPS,3.83,,false,,114-6213136-4078945,0.00,3.83,0.00,"[{""label_format"":""PDF""},{""print_custom_1"":""ecom""}]",
2026-08-01T18:36:04Z,shp_00005404,9400100000000000005404,delivered,adr_from0001,Goodwill E-Com (test),Goodwill Michiana (test),100 Test Warehouse Rd,,South Bend,IN,46601,US,false,adr_to000043,Test Buyer,,44 Example Ave,,Fakeport,IL,60601,US,true,prcl_000043,10,8,4,36.8,,2026-08-01T18:36:05Z,rate_000043,GroundAdvantage,USPS,11.65,,false,,SGW-7713050,0.00,11.65,0.00,"[{""label_format"":""PDF""},{""print_custom_1"":""ecom""}]",
2026-08-01T19:20:45Z,shp_00005409,9400100000000000005409,delivered,adr_from0001,Goodwill E-Com (test),Goodwill Michiana (test),100 Test Warehouse Rd,,South Bend,IN,46601,US,false,adr_to000044,Test Buyer,,45 Example Ave,,Testville,IN,46601,US,true,prcl_000044,10,8,4,56.0,,2026-08-01T19:20:46Z,rate_000044,GroundAdvantage,USPS,11.98,,false,,SGW-7713059,0.00,11.98,0.00,"[{""label_format"":""PDF""},{""print_custom_1"":""ecom""}]",
2026-08-01T19:44:52Z,shp_00005413,9400100000000000005413,in_transit,adr_from0001,Goodwill E-Com (test),Goodwill Michiana (test),100 Test Warehouse Rd,,South Bend,IN,46601,US,false,adr_to000045,Test Buyer,,46 Example Ave,,Sampleton,OH,43004,US,true,prcl_000045,10,8,4,59.2,,2026-08-01T19:44:53Z,rate_000045,Priority,USPS,11.18,,false,,SGW-7713069,0.00,11.18,0.00,"[{""label_format"":""PDF""},{""print_custom_1"":""ecom""}]",
2026-08-01T19:47:23Z,shp_00005447,9400100000000000005447,delivered,adr_from0001,Goodwill E-Com (test),Goodwill Michiana (test),100 Test Warehouse Rd,,South Bend,IN,46601,US,false,adr_to000046,Test Buyer,,47 Example Ave,,Mocksburg,MI,49001,US,true,prcl_000046,10,8,4,19.2,,2026-08-01T19:47:24Z,rate_000046,GroundAdvantage,USPS,3.73,,false,,112-6813133-8934583,0.00,3.73,0.00,"[{""label_format"":""PDF""},{""print_custom_1"":""ecom""}]",
2026-08-01T19:49:15Z,shp_00005463,9400100000000000005463,delivered,adr_from0001,Goodwill E-Com (test),Goodwill Michiana (test),100 Test Warehouse Rd,,South Bend,IN,46601,US,false,adr_to000047,Test Buyer,,48 Example Ave,,Fakeport,IL,60601,US,true,prcl_000047,10,8,4,30.4,,2026-08-01T19:49:16Z,rate_000047,Priority,USPS,3.63,,false,,114-7713158-5001631,0.00,3.63,0.00,"[{""label_format"":""PDF""},{""print_custom_1"":""ecom""}]",
2026-08-01T19:58:14Z,shp_00005469,9400100000000000005469,delivered,adr_from0001,Goodwill E-Com (test),Goodwill Michiana (test),100 Test Warehouse Rd,,South Bend,IN,46601,US,false,adr_to000048,Test Buyer,,49 Example Ave,,Testville,IN,46601,US,true,prcl_000048,10,8,4,14.4,,2026-08-01T19:58:15Z,rate_000048,GroundAdvantage,USPS,7.46,,false,,11-13173-73101,0.00,7.46,0.00,"[{""label_format"":""PDF""},{""print_custom_1"":""ecom""}]",
2026-08-01T20:03:05Z,shp_00005460,9400100000000000005460,delivered,adr_from0001,Goodwill E-Com (test),Goodwill Michiana (test),100 Test Warehouse Rd,,South Bend,IN,46601,US,false,adr_to000049,Test Buyer,,50 Example Ave,,Sampleton,OH,43004,US,true,prcl_000049,10,8,4,52.8,,2026-08-01T20:03:06Z,rate_000049,GroundAdvantage,USPS,5.78,,false,,114-5713155-7253750,0.00,5.78,0.00,"[{""label_format"":""PDF""},{""print_custom_1"":""ecom""}]",
2026-08-01T20:10:08Z,shp_00005448,9400100000000000005448,delivered,adr_from0001,Goodwill E-Com (test),Goodwill Michiana (test),100 Test Warehouse Rd,,South Bend,IN,46601,US,false,adr_to000050,Test Buyer,,51 Example Ave,,Mocksburg,MI,49001,US,true,prcl_000050,10,8,4,30.4,,2026-08-01T20:10:09Z,rate_000050,GroundAdvantage,USPS,3.74,,false,,112-5913134-1004298,0.00,3.74,0.00,"[{""label_format"":""PDF""},{""print_custom_1"":""ecom""}]",
2026-08-01T20:17:43Z,shp_00005475,9400100000000000005475,delivered,adr_from0001,Goodwill E-Com (test),Goodwill Michiana (test),100 Test Warehouse Rd,,South Bend,IN,46601,US,false,adr_to000051,Test Buyer,,52 Example Ave,,Fakeport,IL,60601,US,true,prcl_000051,10,8,4,28.8,,2026-08-01T20:17:44Z,rate_000051,Priority,USPS,5.97,,false,,m00000013191,0.00,5.97,0.00,"[{""label_format"":""PDF""},{""print_custom_1"":""ecom""}]",
2026-08-01T20:19:06Z,shp_00005452,9400100000000000005452,delivered,adr_from0001,Goodwill E-Com (test),Goodwill Michiana (test),100 Test Warehouse Rd,,South Bend,IN,46601,US,false,adr_to000052,Test Buyer,,53 Example Ave,,Testville,IN,46601,US,true,prcl_000052,10,8,4,19.2,,2026-08-01T20:19:07Z,rate_000052,Priority,USPS,5.42,,false,,112-0413140-2355251,0.00,5.42,0.00,"[{""label_format"":""PDF""},{""print_custom_1"":""ecom""}]",
2026-08-01T20:32:20Z,shp_00005445,9400100000000000005445,delivered,adr_from0001,Goodwill E-Com (test),Goodwill Michiana (test),100 Test Warehouse Rd,,South Bend,IN,46601,US,false,adr_to000053,Test Buyer,,54 Example Ave,,Sampleton,OH,43004,US,true,prcl_000053,10,8,4,22.4,,2026-08-01T20:32:21Z,rate_000053,GroundAdvantage,USPS,5.65,,false,,114-2813130-0829366,0.00,5.65,0.00,"[{""label_format"":""PDF""},{""print_custom_1"":""ecom""}]",
2026-08-01T20:39:20Z,shp_00005455,9400100000000000005455,in_transit,adr_from0001,Goodwill E-Com (test),Goodwill Michiana (test),100 Test Warehouse Rd,,South Bend,IN,46601,US,false,adr_to000054,Test Buyer,,55 Example Ave,,Mocksburg,MI,49001,US,true,prcl_000054,10,8,4,14.4,,2026-08-01T20:39:21Z,rate_000054,GroundAdvantage,USPS,3.91,,false,,113-0113144-1324913,0.00,3.91,0.00,"[{""label_format"":""PDF""},{""print_custom_1"":""ecom""}]",
2026-08-02T13:00:58Z,shp_00005430,9400100000000000005430,delivered,adr_from0001,Goodwill E-Com (test),Goodwill Michiana (test),100 Test Warehouse Rd,,South Bend,IN,46601,US,false,adr_to000055,Test Buyer,,56 Example Ave,,Fakeport,IL,60601,US,true,prcl_000055,10,8,4,64.0,,2026-08-02T13:00:59Z,rate_000055,GroundAdvantage,USPS,3.87,,false,,111-1813110-3953149,0.00,3.87,0.00,"[{""label_format"":""PDF""},{""print_custom_1"":""ecom""}]",
2026-08-02T13:12:37Z,shp_00005494,9400100000000000005494,delivered,adr_from0001,Goodwill E-Com (test),Goodwill Michiana (test),100 Test Warehouse Rd,,South Bend,IN,46601,US,false,adr_to000056,Test Buyer,,57 Example Ave,,Testville,IN,46601,US,true,prcl_000056,10,8,4,17.6,,2026-08-02T13:12:38Z,rate_000056,GroundAdvantage,USPS,7.57,,false,,SGW-7713260,0.00,7.57,0.00,"[{""label_format"":""PDF""},{""print_custom_1"":""ecom""}]",
2026-08-02T13:20:20Z,shp_00005416,9400100000000000005416,delivered,adr_from0001,Goodwill E-Com (test),Goodwill Michiana (test),100 Test Warehouse Rd,,South Bend,IN,46601,US,false,adr_to000057,Test Buyer,,58 Example Ave,,Sampleton,OH,43004,US,true,prcl_000057,10,8,4,22.4,,2026-08-02T13:20:21Z,rate_000057,GroundAdvantage,USPS,11.55,,false,,SGW-7713076,0.00,11.55,0.00,"[{""label_format"":""PDF""},{""print_custom_1"":""ecom""}]",
2026-08-02T13:39:40Z,shp_00005511,9400100000000000005511,delivered,adr_from0001,Goodwill E-Com (test),Goodwill Michiana (test),100 Test Warehouse Rd,,South Bend,IN,46601,US,false,adr_to000058,Test Buyer,,59 Example Ave,,Mocksburg,MI,49001,US,true,prcl_000058,10,8,4,57.6,,2026-08-02T13:39:41Z,rate_000058,GroundAdvantage,USPS,3.44,,false,,114-6913291-8081327,0.00,3.44,0.00,"[{""label_format"":""PDF""},{""print_custom_1"":""ecom""}]",
2026-08-02T13:51:58Z,shp_00005410,9400100000000000005410,delivered,adr_from0001,Goodwill E-Com (test),Goodwill Michiana (test),100 Test Warehouse Rd,,South Bend,IN,46601,US,false,adr_to000059,Test Buyer,,60 Example Ave,,Fakeport,IL,60601,US,true,prcl_000059,10,8,4,28.8,,2026-08-02T13:51:59Z,rate_000059,GroundAdvantage,USPS,6.98,,false,,SGW-7713060,0.00,6.98,0.00,"[{""label_format"":""PDF""},{""print_custom_1"":""ecom""}]",
2026-08-02T13:57:33Z,shp_00005482,9400100000000000005482,delivered,adr_from0001,Goodwill E-Com (test),Goodwill Michiana (test),100 Test Warehouse Rd,,South Bend,IN,46601,US,false,adr_to000060,Test Buyer,,61 Example Ave,,Testville,IN,46601,US,true,prcl_000060,10,8,4,8.0,,2026-08-02T13:57:34Z,rate_000060,GroundAdvantage,USPS,6.74,,false,,SGW-7713222,0.00,6.74,0.00,"[{""label_format"":""PDF""},{""print_custom_1"":""ecom""}]",
2026-08-02T13:58:22Z,shp_00005506,9400100000000000005506,delivered,adr_from0001,Goodwill E-Com (test),Goodwill Michiana (test),100 Test Warehouse Rd,,South Bend,IN,46601,US,false,adr_to000061,Test Buyer,,62 Example Ave,,Sampleton,OH,43004,US,true,prcl_000061,10,8,4,19.2,,2026-08-02T13:58:23Z,rate_000061,GroundAdvantage,USPS,3.37,,false,,112-0813282-0053051,0.00,3.37,0.00,"[{""label_format"":""PDF""},{""print_custom_1"":""ecom""}]",
2026-08-02T14:00:12Z,shp_00005508,9400100000000000005508,delivered,adr_from0001,Goodwill E-Com (test),Goodwill Michiana (test),100 Test Warehouse Rd,,South Bend,IN,46601,US,false,adr_to000062,Test Buyer,,63 Example Ave,,Mocksburg,MI,49001,US,true,prcl_000062,10,8,4,30.4,,2026-08-02T14:00:13Z,rate_000062,GroundAdvantage,USPS,4.92,,false,,112-6313285-9635368,0.00,4.92,0.00,"[{""label_format"":""PDF""},{""print_custom_1"":""ecom""}]",
2026-08-02T14:07:35Z,shp_00005443,9400100000000000005443,in_transit,adr_from0001,Goodwill E-Com (test),Goodwill Michiana (test),100 Test Warehouse Rd,,South Bend,IN,46601,US,false,adr_to000063,Test Buyer,,64 Example Ave,,Fakeport,IL,60601,US,true,prcl_000063,10,8,4,14.4,,2026-08-02T14:07:36Z,rate_000063,GroundAdvantage,USPS,3.89,,false,,113-3913125-8728006,0.00,3.89,0.00,"[{""label_format"":""PDF""},{""print_custom_1"":""ecom""}]",
2026-08-02T14:08:44Z,shp_00005523,9400100000000000005523,delivered,adr_from0001,Goodwill E-Com (test),Goodwill Michiana (test),100 Test Warehouse Rd,,South Bend,IN,46601,US,false,adr_to000064,Test Buyer,,65 Example Ave,,Testville,IN,46601,US,true,prcl_000064,10,8,4,16.0,,2026-08-02T14:08:45Z,rate_000064,Priority,USPS,5.44,,false,,113-3613312-3746082,0.00,5.44,0.00,"[{""label_format"":""PDF""},{""print_custom_1"":""ecom""}]",
2026-08-02T14:20:46Z,shp_00005533,9400100000000000005533,delivered,adr_from0001,Goodwill E-Com (test),Goodwill Michiana (test),100 Test Warehouse Rd,,South Bend,IN,46601,US,false,adr_to000065,Test Buyer,,66 Example Ave,,Sampleton,OH,43004,US,true,prcl_000065,10,8,4,9.6,,2026-08-02T14:20:47Z,rate_000065,GroundAdvantage,USPS,6.28,,false,,m00000013347,0.00,6.28,0.00,"[{""label_format"":""PDF""},{""print_custom_1"":""ecom""}]",
2026-08-02T14:28:15Z,shp_00005480,9400100000000000005480,delivered,adr_from0001,Goodwill E-Com (test),Goodwill Michiana (test),100 Test Warehouse Rd,,South Bend,IN,46601,US,false,adr_to000066,Test Buyer,,67 Example Ave,,Mocksburg,MI,49001,US,true,prcl_000066,10,8,4,12.8,,2026-08-02T14:28:16Z,rate_000066,GroundAdvantage,USPS,7.00,,false,,SGW-7713216,0.00,7.00,0.00,"[{""label_format"":""PDF""},{""print_custom_1"":""ecom""}]",
2026-08-02T14:34:05Z,shp_00005479,9400100000000000005479,delivered,adr_from0001,Goodwill E-Com (test),Goodwill Michiana (test),100 Test Warehouse Rd,,South Bend,IN,46601,US,false,adr_to000067,Test Buyer,,68 Example Ave,,Fakeport,IL,60601,US,true,prcl_000067,10,8,4,28.8,,2026-08-02T14:34:06Z,rate_000067,GroundAdvantage,USPS,10.41,,false,,SGW-7713215,0.00,10.41,0.00,"[{""label_format"":""PDF""},{""print_custom_1"":""ecom""}]",
2026-08-02T14:39:50Z,shp_00005411,9400100000000000005411,delivered,adr_from0001,Goodwill E-Com (test),Goodwill Michiana (test),100 Test Warehouse Rd,,South Bend,IN,46601,US,false,adr_to000068,Test Buyer,,69 Example Ave,,Testville,IN,46601,US,true,prcl_000068,10,8,4,43.2,,2026-08-02T14:39:51Z,rate_000068,Priority,USPS,5.84,,false,,SGW-7713061,0.00,5.84,0.00,"[{""label_format"":""PDF""},{""print_custom_1"":""ecom""}]",
2026-08-02T14:46:28Z,shp_00005501,9400100000000000005501,unknown,adr_from0001,Goodwill E-Com (test),Goodwill Michiana (test),100 Test Warehouse Rd,,South Bend,IN,46601,US,false,adr_to000069,Test Buyer,,70 Example Ave,,Sampleton,OH,43004,US,true,prcl_000069,10,8,4,59.2,,2026-08-02T14:46:29Z,rate_000069,GroundAdvantage,USPS,5.46,,false,refunded,114-0513269-8768276,0.00,5.46,0.00,"[{""label_format"":""PDF""},{""print_custom_1"":""ecom""}]",
2026-08-02T14:58:24Z,shp_00005424,9400100000000000005424,delivered,adr_from0001,Goodwill E-Com (test),Goodwill Michiana (test),100 Test Warehouse Rd,,South Bend,IN,46601,US,false,adr_to000070,Test Buyer,,71 Example Ave,,Mocksburg,MI,49001,US,true,prcl_000070,10,8,4,9.6,,2026-08-02T14:58:25Z,rate_000070,GroundAdvantage,USPS,7.23,,false,,SGW-7713101,0.00,7.23,0.00,"[{""label_format"":""PDF""},{""print_custom_1"":""ecom""}]",
2026-08-02T15:00:44Z,shp_00005496,9400100000000000005496,delivered,adr_from0001,Goodwill E-Com (test),Goodwill Michiana (test),100 Test Warehouse Rd,,South Bend,IN,46601,US,false,adr_to000071,Test Buyer,,72 Example Ave,,Fakeport,IL,60601,US,true,prcl_000071,10,8,4,65.6,,2026-08-02T15:00:45Z,rate_000071,Priority,USPS,9.35,,false,,SGW-7713262,0.00,9.35,0.00,"[{""label_format"":""PDF""},{""print_custom_1"":""ecom""}]",
2026-08-02T15:19:43Z,shp_00005512,9400100000000000005512,in_transit,adr_from0001,Goodwill E-Com (test),Goodwill Michiana (test),100 Test Warehouse Rd,,South Bend,IN,46601,US,false,adr_to000072,Test Buyer,,73 Example Ave,,Testville,IN,46601,US,true,prcl_000072,10,8,4,51.2,,2026-08-02T15:19:44Z,rate_000072,GroundAdvantage,USPS,3.78,,false,,113-9813293-2025554,0.00,3.78,0.00,"[{""label_format"":""PDF""},{""print_custom_1"":""ecom""}]",
2026-08-02T15:26:23Z,shp_00005423,9400100000000000005423,delivered,adr_from0001,Goodwill E-Com (test),Goodwill Michiana (test),100 Test Warehouse Rd,,South Bend,IN,46601,US,false,adr_to000073,Test Buyer,,74 Example Ave,,Sampleton,OH,43004,US,true,prcl_000073,10,8,4,16.0,,2026-08-02T15:26:24Z,rate_000073,GroundAdvantage,USPS,8.11,,false,,SGW-7713100,0.00,8.11,0.00,"[{""label_format"":""PDF""},{""print_custom_1"":""ecom""}]",
2026-08-02T15:30:09Z,shp_00005418,9400100000000000005418,delivered,adr_from0001,Goodwill E-Com (test),Goodwill Michiana (test),100 Test Warehouse Rd,,South Bend,IN,46601,US,false,adr_to000074,Test Buyer,,75 Example Ave,,Mocksburg,MI,49001,US,true,prcl_000074,10,8,4,35.2,,2026-08-02T15:30:10Z,rate_000074,Priority,USPS,11.25,,false,,SGW-7713081,0.00,11.25,0.00,"[{""label_format"":""PDF""},{""print_custom_1"":""ecom""}]",
2026-08-02T15:41:14Z,shp_00005522,9400100000000000005522,delivered,adr_from0001,Goodwill E-Com (test),Goodwill Michiana (test),100 Test Warehouse Rd,,South Bend,IN,46601,US,false,adr_to000075,Test Buyer,,76 Example Ave,,Fakeport,IL,60601,US,true,prcl_000075,10,8,4,32.0,,2026-08-02T15:41:15Z,rate_000075,GroundAdvantage,USPS,5.85,,false,,113-4713310-5645853,0.00,5.85,0.00,"[{""label_format"":""PDF""},{""print_custom_1"":""ecom""}]",
2026-08-02T15:51:00Z,shp_00005459,9400100000000000005459,delivered,adr_from0001,Goodwill E-Com (test),Goodwill Michiana (test),100 Test Warehouse Rd,,South Bend,IN,46601,US,false,adr_to000076,Test Buyer,,77 Example Ave,,Testville,IN,46601,US,true,prcl_000076,10,8,4,25.6,,2026-08-02T15:51:01Z,rate_000076,Priority,USPS,3.43,,false,,114-2013152-7396539,0.00,3.43,0.00,"[{""label_format"":""PDF""},{""print_custom_1"":""ecom""}]",
2026-08-02T15:59:55Z,shp_00005532,9400100000000000005532,delivered,adr_from0001,Goodwill E-Com (test),Goodwill Michiana (test),100 Test Warehouse Rd,,South Bend,IN,46601,US,false,adr_to000077,Test Buyer,,78 Example Ave,,Sampleton,OH,43004,US,true,prcl_000077,10,8,4,25.6,,2026-08-02T15:59:56Z,rate_000077,Priority,USPS,6.85,,false,,m00000013346,0.00,6.85,0.00,"[{""label_format"":""PDF""},{""print_custom_1"":""ecom""}]",
2026-08-02T16:01:31Z,shp_00005490,9400100000000000005490,delivered,adr_from0001,Goodwill E-Com (test),Goodwill Michiana (test),100 Test Warehouse Rd,,South Bend,IN,46601,US,false,adr_to000078,Test Buyer,,79 Example Ave,,Mocksburg,MI,49001,US,true,prcl_000078,10,8,4,43.2,,2026-08-02T16:01:32Z,rate_000078,GroundAdvantage,USPS,9.24,,false,,SGW-7713240,0.00,9.24,0.00,"[{""label_format"":""PDF""},{""print_custom_1"":""ecom""}]",
2026-08-02T16:06:08Z,shp_00005527,9400100000000000005527,unknown,adr_from0001,Goodwill E-Com (test),Goodwill Michiana (test),100 Test Warehouse Rd,,South Bend,IN,46601,US,false,adr_to000079,Test Buyer,,80 Example Ave,,Fakeport,IL,60601,US,true,prcl_000079,10,8,4,27.2,,2026-08-02T16:06:09Z,rate_000079,Priority,USPS,4.61,,false,refunded,24-13328-25621,0.00,4.61,0.00,"[{""label_format"":""PDF""},{""print_custom_1"":""ecom""}]",
2026-08-02T16:08:41Z,shp_00005478,9400100000000000005478,delivered,adr_from0001,Goodwill E-Com (test),Goodwill Michiana (test),100 Test Warehouse Rd,,South Bend,IN,46601,US,false,adr_to000080,Test Buyer,,81 Example Ave,,Testville,IN,46601,US,true,prcl_000080,10,8,4,75.2,,2026-08-02T16:08:42Z,rate_000080,Priority,USPS,10.05,,false,,SGW-7713212,0.00,10.05,0.00,"[{""label_format"":""PDF""},{""print_custom_1"":""ecom""}]",
2026-08-02T16:19:35Z,shp_00005412,9400100000000000005412,in_transit,adr_from0001,Goodwill E-Com (test),Goodwill Michiana (test),100 Test Warehouse Rd,,South Bend,IN,46601,US,false,adr_to000081,Test Buyer,,82 Example Ave,,Sampleton,OH,43004,US,true,prcl_000081,10,8,4,38.4,,2026-08-02T16:19:36Z,rate_000081,GroundAdvantage,USPS,6.51,,false,,SGW-7713066,0.00,6.51,0.00,"[{""label_format"":""PDF""},{""print_custom_1"":""ecom""}]",
2026-08-02T16:28:27Z,shp_00005497,9400100000000000005497,delivered,adr_from0001,Goodwill E-Com (test),Goodwill Michiana (test),100 Test Warehouse Rd,,South Bend,IN,46601,US,false,adr_to000082,Test Buyer,,83 Example Ave,,Mocksburg,MI,49001,US,true,prcl_000082,10,8,4,22.4,,2026-08-02T16:28:28Z,rate_000082,GroundAdvantage,USPS,16.97,,false,,SGW-7713263,0.00,16.97,0.00,"[{""label_format"":""PDF""},{""print_custom_1"":""ecom""}]",
2026-08-02T16:40:48Z,shp_00005492,9400100000000000005492,delivered,adr_from0001,Goodwill E-Com (test),Goodwill Michiana (test),100 Test Warehouse Rd,,South Bend,IN,46601,US,false,adr_to000083,Test Buyer,,84 Example Ave,,Fakeport,IL,60601,US,true,prcl_000083,10,8,4,25.6,,2026-08-02T16:40:49Z,rate_000083,GroundAdvantage,USPS,8.99,,false,,SGW-7713247,0.00,8.99,0.00,"[{""label_format"":""PDF""},{""print_custom_1"":""ecom""}]",
2026-08-02T16:44:47Z,shp_00005487,9400100000000000005487,delivered,adr_from0001,Goodwill E-Com (test),Goodwill Michiana (test),100 Test Warehouse Rd,,South Bend,IN,46601,US,false,adr_to000084,Test Buyer,,85 Example Ave,,Testville,IN,46601,US,true,prcl_000084,10,8,4,27.2,,2026-08-02T16:44:48Z,rate_000084,GroundAdvantage,USPS,9.73,,false,,SGW-7713237,0.00,9.73,0.00,"[{""label_format"":""PDF""},{""print_custom_1"":""ecom""}]",
2026-08-02T16:45:49Z,shp_00005471,9400100000000000005471,delivered,adr_from0001,Goodwill E-Com (test),Goodwill Michiana (test),100 Test Warehouse Rd,,South Bend,IN,46601,US,false,adr_to000085,Test Buyer,,86 Example Ave,,Sampleton,OH,43004,US,true,prcl_000085,10,8,4,20.8,,2026-08-02T16:45:50Z,rate_000085,GroundAdvantage,USPS,3.35,,false,,24-13176-52731,0.00,3.35,0.00,"[{""label_format"":""PDF""},{""print_custom_1"":""ecom""}]",
2026-08-02T16:48:51Z,shp_00005500,9400100000000000005500,delivered,adr_from0001,Goodwill E-Com (test),Goodwill Michiana (test),100 Test Warehouse Rd,,South Bend,IN,46601,US,false,adr_to000086,Test Buyer,,87 Example Ave,,Mocksburg,MI,49001,US,true,prcl_000086,10,8,4,28.8,,2026-08-02T16:48:52Z,rate_000086,GroundAdvantage,USPS,3.87,,false,,113-7613267-3742403,0.00,3.87,0.00,"[{""label_format"":""PDF""},{""print_custom_1"":""ecom""}]",
2026-08-02T16:52:35Z,shp_00005484,9400100000000000005484,delivered,adr_from0001,Goodwill E-Com (test),Goodwill Michiana (test),100 Test Warehouse Rd,,South Bend,IN,46601,US,false,adr_to000087,Test Buyer,,88 Example Ave,,Fakeport,IL,60601,US,true,prcl_000087,10,8,4,25.6,,2026-08-02T16:52:36Z,rate_000087,GroundAdvantage,USPS,19.22,,false,,SGW-7713230,0.00,19.22,0.00,"[{""label_format"":""PDF""},{""print_custom_1"":""ecom""}]",
2026-08-02T16:55:09Z,shp_00005513,9400100000000000005513,delivered,adr_from0001,Goodwill E-Com (test),Goodwill Michiana (test),100 Test Warehouse Rd,,South Bend,IN,46601,US,false,adr_to000088,Test Buyer,,89 Example Ave,,Testville,IN,46601,US,true,prcl_000088,10,8,4,24.0,,2026-08-02T16:55:10Z,rate_000088,GroundAdvantage,USPS,3.30,,false,,113-9413294-2700944,0.00,3.30,0.00,"[{""label_format"":""PDF""},{""print_custom_1"":""ecom""}]",
2026-08-02T16:57:23Z,shp_00005519,9400100000000000005519,delivered,adr_from0001,Goodwill E-Com (test),Goodwill Michiana (test),100 Test Warehouse Rd,,South Bend,IN,46601,US,false,adr_to000089,Test Buyer,,90 Example Ave,,Sampleton,OH,43004,US,true,prcl_000089,10,8,4,19.2,,2026-08-02T16:57:24Z,rate_000089,GroundAdvantage,USPS,3.45,,false,,114-7413306-6108132,0.00,3.45,0.00,"[{""label_format"":""PDF""},{""print_custom_1"":""ecom""}]",
2026-08-02T17:01:18Z,shp_00005495,9400100000000000005495,in_transit,adr_from0001,Goodwill E-Com (test),Goodwill Michiana (test),100 Test Warehouse Rd,,South Bend,IN,46601,US,false,adr_to000090,Test Buyer,,91 Example Ave,,Mocksburg,MI,49001,US,true,prcl_000090,10,8,4,22.4,,2026-08-02T17:01:19Z,rate_000090,Priority,USPS,6.24,,false,,SGW-7713261,0.00,6.24,0.00,"[{""label_format"":""PDF""},{""print_custom_1"":""ecom""}]",
2026-08-02T17:04:29Z,shp_00005454,9400100000000000005454,delivered,adr_from0001,Goodwill E-Com (test),Goodwill Michiana (test),100 Test Warehouse Rd,,South Bend,IN,46601,US,false,adr_to000091,Test Buyer,,92 Example Ave,,Fakeport,IL,60601,US,true,prcl_000091,10,8,4,20.8,,2026-08-02T17:04:30Z,rate_000091,GroundAdvantage,USPS,3.39,,false,,112-3313142-0458209,0.00,3.39,0.00,"[{""label_format"":""PDF""},{""print_custom_1"":""ecom""}]",
2026-08-02T17:06:10Z,shp_00005474,9400100000000000005474,delivered,adr_from0001,Goodwill E-Com (test),Goodwill Michiana (test),100 Test Warehouse Rd,,South Bend,IN,46601,US,false,adr_to000092,Test Buyer,,93 Example Ave,,Testville,IN,46601,US,true,prcl_000092,10,8,4,48.0,,2026-08-02T17:06:11Z,rate_000092,GroundAdvantage,USPS,6.16,,false,,m00000013188,0.00,6.16,0.00,"[{""label_format"":""PDF""},{""print_custom_1"":""ecom""}]",
2026-08-02T17:13:45Z,shp_00005518,9400100000000000005518,delivered,adr_from0001,Goodwill E-Com (test),Goodwill Michiana (test),100 Test Warehouse Rd,,South Bend,IN,46601,US,false,adr_to000093,Test Buyer,,94 Example Ave,,Sampleton,OH,43004,US,true,prcl_000093,10,8,4,20.8,,2026-08-02T17:13:46Z,rate_000093,GroundAdvantage,USPS,3.28,,false,,112-1913305-9269522,0.00,3.28,0.00,"[{""label_format"":""PDF""},{""print_custom_1"":""ecom""}]",
2026-08-02T17:15:01Z,shp_00005517,9400100000000000005517,delivered,adr_from0001,Goodwill E-Com (test),Goodwill Michiana (test),100 Test Warehouse Rd,,South Bend,IN,46601,US,false,adr_to000094,Test Buyer,,95 Example Ave,,Mocksburg,MI,49001,US,true,prcl_000094,10,8,4,14.4,,2026-08-02T17:15:02Z,rate_000094,Priority,USPS,3.41,,false,,112-2413302-7778449,0.00,3.41,0.00,"[{""label_format"":""PDF""},{""print_custom_1"":""ecom""}]",
2026-08-02T17:16:54Z,shp_00005485,9400100000000000005485,delivered,adr_from0001,Goodwill E-Com (test),Goodwill Michiana (test),100 Test Warehouse Rd,,South Bend,IN,46601,US,false,adr_to000095,Test Buyer,,96 Example Ave,,Fakeport,IL,60601,US,true,prcl_000095,10,8,4,16.0,,2026-08-02T17:16:55Z,rate_000095,GroundAdvantage,USPS,13.60,,false,,SGW-7713233,0.00,13.60,0.00,"[{""label_format"":""PDF""},{""print_custom_1"":""ecom""}]",
2026-08-02T17:23:14Z,shp_00005531,9400100000000000005531,delivered,adr_from0001,Goodwill E-Com (test),Goodwill Michiana (test),100 Test Warehouse Rd,,South Bend,IN,46601,US,false,adr_to000096,Test Buyer,,97 Example Ave,,Testville,IN,46601,US,true,prcl_000096,10,8,4,59.2,,2026-08-02T17:23:15Z,rate_000096,Priority,USPS,6.70,,false,,m00000013345,0.00,6.70,0.00,"[{""label_format"":""PDF""},{""print_custom_1"":""ecom""}]",
2026-08-02T17:24:11Z,shp_00005405,9400100000000000005405,delivered,adr_from0001,Goodwill E-Com (test),Goodwill Michiana (test),100 Test Warehouse Rd,,South Bend,IN,46601,US,false,adr_to000097,Test Buyer,,98 Example Ave,,Sampleton,OH,43004,US,true,prcl_000097,10,8,4,65.6,,2026-08-02T17:24:12Z,rate_000097,GroundAdvantage,USPS,10.34,,false,,SGW-7713051,0.00,10.34,0.00,"[{""label_format"":""PDF""},{""print_custom_1"":""ecom""}]",
2026-08-02T17:31:05Z,shp_00005514,9400100000000000005514,delivered,adr_from0001,Goodwill E-Com (test),Goodwill Michiana (test),100 Test Warehouse Rd,,South Bend,IN,46601,US,false,adr_to000098,Test Buyer,,99 Example Ave,,Mocksburg,MI,49001,US,true,prcl_000098,10,8,4,14.4,,2026-08-02T17:31:06Z,rate_000098,Priority,USPS,3.46,,false,,112-7813295-2275206,0.00,3.46,0.00,"[{""label_format"":""PDF""},{""print_custom_1"":""ecom""}]",
2026-08-02T17:48:33Z,shp_00005489,9400100000000000005489,in_transit,adr_from0001,Goodwill E-Com (test),Goodwill Michiana (test),100 Test Warehouse Rd,,South Bend,IN,46601,US,false,adr_to000099,Test Buyer,,100 Example Ave,,Fakeport,IL,60601,US,true,prcl_000099,10,8,4,40.0,,2026-08-02T17:48:34Z,rate_000099,GroundAdvantage,USPS,5.54,,false,,SGW-7713239,0.00,5.54,0.00,"[{""label_format"":""PDF""},{""print_custom_1"":""ecom""}]",
2026-08-02T17:51:43Z,shp_00005433,9400100000000000005433,delivered,adr_from0001,Goodwill E-Com (test),Goodwill Michiana (test),100 Test Warehouse Rd,,South Bend,IN,46601,US,false,adr_to000100,Test Buyer,,101 Example Ave,,Testville,IN,46601,US,true,prcl_000100,10,8,4,118.4,,2026-08-02T17:51:44Z,rate_000100,GroundAdvantage,USPS,3.46,,false,,114-6913113-2545583,0.00,3.46,0.00,"[{""label_format"":""PDF""},{""print_custom_1"":""ecom""}]",
2026-08-02T17:58:52Z,shp_00005488,9400100000000000005488,delivered,adr_from0001,Goodwill E-Com (test),Goodwill Michiana (test),100 Test Warehouse Rd,,South Bend,IN,46601,US,false,adr_to000101,Test Buyer,,102 Example Ave,,Sampleton,OH,43004,US,true,prcl_000101,10,8,4,27.2,,2026-08-02T17:58:53Z,rate_000101,GroundAdvantage,USPS,9.02,,false,,SGW-7713238,0.00,9.02,0.00,"[{""label_format"":""PDF""},{""print_custom_1"":""ecom""}]",
2026-08-02T18:08:08Z,shp_00005436,9400100000000000005436,unknown,adr_from0001,Goodwill E-Com (test),Goodwill Michiana (test),100 Test Warehouse Rd,,South Bend,IN,46601,US,false,adr_to000102,Test Buyer,,103 Example Ave,,Mocksburg,MI,49001,US,true,prcl_000102,10,8,4,27.2,,2026-08-02T18:08:09Z,rate_000102,Priority,USPS,5.77,,false,refunded,112-2313117-8169675,0.00,5.77,0.00,"[{""label_format"":""PDF""},{""print_custom_1"":""ecom""}]",
2026-08-02T18:10:41Z,shp_00005504,9400100000000000005504,delivered,adr_from0001,Goodwill E-Com (test),Goodwill Michiana (test),100 Test Warehouse Rd,,South Bend,IN,46601,US,false,adr_to000103,Test Buyer,,104 Example Ave,,Fakeport,IL,60601,US,true,prcl_000103,10,8,4,40.0,,2026-08-02T18:10:42Z,rate_000103,Priority,USPS,5.25,,false,,114-2913276-7250879,0.00,5.25,0.00,"[{""label_format"":""PDF""},{""print_custom_1"":""ecom""}]",
2026-08-02T18:16:48Z,shp_00005507,9400100000000000005507,unknown,adr_from0001,Goodwill E-Com (test),Goodwill Michiana (test),100 Test Warehouse Rd,,South Bend,IN,46601,US,false,adr_to000104,Test Buyer,,105 Example Ave,,Testville,IN,46601,US,true,prcl_000104,10,8,4,49.6,,2026-08-02T18:16:49Z,rate_000104,GroundAdvantage,USPS,5.18,,false,refunded,111-9113284-1324441,0.00,5.18,0.00,"[{""label_format"":""PDF""},{""print_custom_1"":""ecom""}]",
2026-08-02T18:25:21Z,shp_00005415,9400100000000000005415,delivered,adr_from0001,Goodwill E-Com (test),Goodwill Michiana (test),100 Test Warehouse Rd,,South Bend,IN,46601,US,false,adr_to000105,Test Buyer,,106 Example Ave,,Sampleton,OH,43004,US,true,prcl_000105,10,8,4,92.8,,2026-08-02T18:25:22Z,rate_000105,GroundAdvantage,USPS,6.94,,false,,SGW-7713071,0.00,6.94,0.00,"[{""label_format"":""PDF""},{""print_custom_1"":""ecom""}]",
2026-08-02T19:06:44Z,shp_00005466,9400100000000000005466,delivered,adr_from0001,Goodwill E-Com (test),Goodwill Michiana (test),100 Test Warehouse Rd,,South Bend,IN,46601,US,false,adr_to000106,Test Buyer,,107 Example Ave,,Mocksburg,MI,49001,US,true,prcl_000106,10,8,4,20.8,,2026-08-02T19:06:45Z,rate_000106,Priority,USPS,11.09,,false,,04-13166-16213,0.00,11.09,0.00,"[{""label_format"":""PDF""},{""print_custom_1"":""ecom""}]",
2026-08-02T19:12:50Z,shp_00005520,9400100000000000005520,delivered,adr_from0001,Goodwill E-Com (test),Goodwill Michiana (test),100 Test Warehouse Rd,,South Bend,IN,46601,US,false,adr_to000107,Test Buyer,,108 Example Ave,,Fakeport,IL,60601,US,true,prcl_000107,10,8,4,62.4,,2026-08-02T19:12:51Z,rate_000107,GroundAdvantage,USPS,5.82,,false,,114-3913307-8591957,0.00,5.82,0.00,"[{""label_format"":""PDF""},{""print_custom_1"":""ecom""}]",
2026-08-02T19:32:21Z,shp_00005477,9400100000000000005477,in_transit,adr_from0001,Goodwill E-Com (test),Goodwill Michiana (test),100 Test Warehouse Rd,,South Bend,IN,46601,US,false,adr_to000108,Test Buyer,,109 Example Ave,,Testville,IN,46601,US,true,prcl_000108,10,8,4,40.0,,2026-08-02T19:32:22Z,rate_000108,GroundAdvantage,USPS,6.69,,false,,SGW-7713211,0.00,6.69,0.00,"[{""label_format"":""PDF""},{""print_custom_1"":""ecom""}]",
2026-08-02T19:35:53Z,shp_00005515,9400100000000000005515,delivered,adr_from0001,Goodwill E-Com (test),Goodwill Michiana (test),100 Test Warehouse Rd,,South Bend,IN,46601,US,false,adr_to000109,Test Buyer,,110 Example Ave,,Sampleton,OH,43004,US,true,prcl_000109,10,8,4,22.4,,2026-08-02T19:35:54Z,rate_000109,GroundAdvantage,USPS,3.39,,false,,113-5813296-6048761,0.00,3.39,0.00,"[{""label_format"":""PDF""},{""print_custom_1"":""ecom""}]",
2026-08-02T19:37:19Z,shp_00005529,9400100000000000005529,delivered,adr_from0001,Goodwill E-Com (test),Goodwill Michiana (test),100 Test Warehouse Rd,,South Bend,IN,46601,US,false,adr_to000110,Test Buyer,,111 Example Ave,,Mocksburg,MI,49001,US,true,prcl_000110,10,8,4,22.4,,2026-08-02T19:37:20Z,rate_000110,GroundAdvantage,USPS,11.55,,false,,10-13336-77169,0.00,11.55,0.00,"[{""label_format"":""PDF""},{""print_custom_1"":""ecom""}]",
2026-08-02T19:45:52Z,shp_00005473,9400100000000000005473,delivered,adr_from0001,Goodwill E-Com (test),Goodwill Michiana (test),100 Test Warehouse Rd,,South Bend,IN,46601,US,false,adr_to000111,Test Buyer,,112 Example Ave,,Fakeport,IL,60601,US,true,prcl_000111,10,8,4,35.2,,2026-08-02T19:45:53Z,rate_000111,GroundAdvantage,USPS,9.14,,false,,16-13186-80591,0.00,9.14,0.00,"[{""label_format"":""PDF""},{""print_custom_1"":""ecom""}]",
2026-08-02T19:53:33Z,shp_00005417,9400100000000000005417,delivered,adr_from0001,Goodwill E-Com (test),Goodwill Michiana (test),100 Test Warehouse Rd,,South Bend,IN,46601,US,false,adr_to000112,Test Buyer,,113 Example Ave,,Testville,IN,46601,US,true,prcl_000112,10,8,4,81.6,,2026-08-02T19:53:34Z,rate_000112,GroundAdvantage,USPS,5.50,,false,,SGW-7713080,0.00,5.50,0.00,"[{""label_format"":""PDF""},{""print_custom_1"":""ecom""}]",
2026-08-02T19:56:18Z,shp_00005470,9400100000000000005470,delivered,adr_from0001,Goodwill E-Com (test),Goodwill Michiana (test),100 Test Warehouse Rd,,South Bend,IN,46601,US,false,adr_to000113,Test Buyer,,114 Example Ave,,Sampleton,OH,43004,US,true,prcl_000113,10,8,4,14.4,,2026-08-02T19:56:19Z,rate_000113,GroundAdvantage,USPS,4.73,,false,,22-13174-95466,0.00,4.73,0.00,"[{""label_format"":""PDF""},{""print_custom_1"":""ecom""}]",
2026-08-02T19:56:55Z,shp_00005499,9400100000000000005499,delivered,adr_from0001,Goodwill E-Com (test),Goodwill Michiana (test),100 Test Warehouse Rd,,South Bend,IN,46601,US,false,adr_to000114,Test Buyer,,115 Example Ave,,Mocksburg,MI,49001,US,true,prcl_000114,10,8,4,86.4,,2026-08-02T19:56:56Z,rate_000114,GroundAdvantage,USPS,3.82,,false,,113-5713266-7348779,0.00,3.82,0.00,"[{""label_format"":""PDF""},{""print_custom_1"":""ecom""}]",
2026-08-02T20:08:34Z,shp_00005528,9400100000000000005528,delivered,adr_from0001,Goodwill E-Com (test),Goodwill Michiana (test),100 Test Warehouse Rd,,South Bend,IN,46601,US,false,adr_to000115,Test Buyer,,116 Example Ave,,Fakeport,IL,60601,US,true,prcl_000115,10,8,4,17.6,,2026-08-02T20:08:35Z,rate_000115,GroundAdvantage,USPS,3.22,,false,,12-13331-70998,0.00,3.22,0.00,"[{""label_format"":""PDF""},{""print_custom_1"":""ecom""}]",
2026-08-02T20:19:59Z,shp_00005408,9400100000000000005408,delivered,adr_from0001,Goodwill E-Com (test),Goodwill Michiana (test),100 Test Warehouse Rd,,South Bend,IN,46601,US,false,adr_to000116,Test Buyer,,117 Example Ave,,Testville,IN,46601,US,true,prcl_000116,10,8,4,65.6,,2026-08-02T20:20:00Z,rate_000116,GroundAdvantage,USPS,12.32,,false,,SGW-7713058,0.00,12.32,0.00,"[{""label_format"":""PDF""},{""print_custom_1"":""ecom""}]",
2026-08-02T20:38:03Z,shp_00005516,9400100000000000005516,in_transit,adr_from0001,Goodwill E-Com (test),Goodwill Michiana (test),100 Test Warehouse Rd,,South Bend,IN,46601,US,false,adr_to000117,Test Buyer,,118 Example Ave,,Sampleton,OH,43004,US,true,prcl_000117,10,8,4,27.2,,2026-08-02T20:38:04Z,rate_000117,GroundAdvantage,USPS,5.80,,false,,113-4913301-3574352,0.00,5.80,0.00,"[{""label_format"":""PDF""},{""print_custom_1"":""ecom""}]",
2026-08-02T20:49:22Z,shp_00005483,9400100000000000005483,delivered,adr_from0001,Goodwill E-Com (test),Goodwill Michiana (test),100 Test Warehouse Rd,,South Bend,IN,46601,US,false,adr_to000118,Test Buyer,,119 Example Ave,,Mocksburg,MI,49001,US,true,prcl_000118,10,8,4,54.4,,2026-08-02T20:49:23Z,rate_000118,GroundAdvantage,USPS,7.98,,false,,SGW-7713228,0.00,7.98,0.00,"[{""label_format"":""PDF""},{""print_custom_1"":""ecom""}]",
2026-08-03T13:01:03Z,shp_00005562,9400100000000000005562,delivered,adr_from0001,Goodwill E-Com (test),Goodwill Michiana (test),100 Test Warehouse Rd,,South Bend,IN,46601,US,false,adr_to000119,Test Buyer,,120 Example Ave,,Fakeport,IL,60601,US,true,prcl_000119,10,8,4,60.8,,2026-08-03T13:01:04Z,rate_000119,GroundAdvantage,USPS,5.78,,false,,111-5513442-0455063,0.00,5.78,0.00,"[{""label_format"":""PDF""},{""print_custom_1"":""ecom""}]",
2026-08-03T13:13:08Z,shp_00005576,9400100000000000005576,delivered,adr_from0001,Goodwill E-Com (test),Goodwill Michiana (test),100 Test Warehouse Rd,,South Bend,IN,46601,US,false,adr_to000120,Test Buyer,,121 Example Ave,,Testville,IN,46601,US,true,prcl_000120,10,8,4,22.4,,2026-08-03T13:13:09Z,rate_000120,Priority,USPS,6.93,,false,,11-13474-16089,0.00,6.93,0.00,"[{""label_format"":""PDF""},{""print_custom_1"":""ecom""}]",
2026-08-03T13:22:20Z,shp_00005464,9400100000000000005464,delivered,adr_from0001,Goodwill E-Com (test),Goodwill Michiana (test),100 Test Warehouse Rd,,South Bend,IN,46601,US,false,adr_to000121,Test Buyer,,122 Example Ave,,Sampleton,OH,43004,US,true,prcl_000121,10,8,4,46.4,,2026-08-03T13:22:21Z,rate_000121,Priority,USPS,6.67,,false,,18-13162-24114,0.00,6.67,0.00,"[{""label_format"":""PDF""},{""print_custom_1"":""ecom""}]",
2026-08-03T13:24:51Z,shp_00005542,9400100000000000005542,delivered,adr_from0001,Goodwill E-Com (test),Goodwill Michiana (test),100 Test Warehouse Rd,,South Bend,IN,46601,US,false,adr_to000122,Test Buyer,,123 Example Ave,,Mocksburg,MI,49001,US,true,prcl_000122,10,8,4,28.8,,2026-08-03T13:24:52Z,rate_000122,Priority,USPS,9.00,,false,,SGW-7713392,0.00,9.00,0.00,"[{""label_format"":""PDF""},{""print_custom_1"":""ecom""}]",
2026-08-03T13:30:33Z,shp_00005573,9400100000000000005573,delivered,adr_from0001,Goodwill E-Com (test),Goodwill Michiana (test),100 Test Warehouse Rd,,South Bend,IN,46601,US,false,adr_to000123,Test Buyer,,124 Example Ave,,Fakeport,IL,60601,US,true,prcl_000123,10,8,4,9.6,,2026-08-03T13:30:34Z,rate_000123,GroundAdvantage,USPS,3.87,,false,,111-9913463-3704328,0.00,3.87,0.00,"[{""label_format"":""PDF""},{""print_custom_1"":""ecom""}]",
2026-08-03T13:32:30Z,shp_00005538,9400100000000000005538,delivered,adr_from0001,Goodwill E-Com (test),Goodwill Michiana (test),100 Test Warehouse Rd,,South Bend,IN,46601,US,false,adr_to000124,Test Buyer,,125 Example Ave,,Testville,IN,46601,US,true,prcl_000124,10,8,4,19.2,,2026-08-03T13:32:31Z,rate_000124,GroundAdvantage,USPS,10.04,,false,,SGW-7713380,0.00,10.04,0.00,"[{""label_format"":""PDF""},{""print_custom_1"":""ecom""}]",
2026-08-03T13:46:27Z,shp_00005555,9400100000000000005555,delivered,adr_from0001,Goodwill E-Com (test),Goodwill Michiana (test),100 Test Warehouse Rd,,South Bend,IN,46601,US,false,adr_to000125,Test Buyer,,126 Example Ave,,Sampleton,OH,43004,US,true,prcl_000125,10,8,4,8.0,,2026-08-03T13:46:28Z,rate_000125,GroundAdvantage,USPS,5.51,,false,,SGW-7713428,0.00,5.51,0.00,"[{""label_format"":""PDF""},{""print_custom_1"":""ecom""}]",
2026-08-03T14:05:30Z,shp_00005557,9400100000000000005557,in_transit,adr_from0001,Goodwill E-Com (test),Goodwill Michiana (test),100 Test Warehouse Rd,,South Bend,IN,46601,US,false,adr_to000126,Test Buyer,,127 Example Ave,,Mocksburg,MI,49001,US,true,prcl_000126,10,8,4,35.2,,2026-08-03T14:05:31Z,rate_000126,GroundAdvantage,USPS,3.89,,false,,112-2213437-6621111,0.00,3.89,0.00,"[{""label_format"":""PDF""},{""print_custom_1"":""ecom""}]",
2026-08-03T14:07:32Z,shp_00005571,9400100000000000005571,delivered,adr_from0001,Goodwill E-Com (test),Goodwill Michiana (test),100 Test Warehouse Rd,,South Bend,IN,46601,US,false,adr_to000127,Test Buyer,,128 Example Ave,,Fakeport,IL,60601,US,true,prcl_000127,10,8,4,28.8,,2026-08-03T14:07:33Z,rate_000127,GroundAdvantage,USPS,3.33,,false,,113-3513460-4722591,0.00,3.33,0.00,"[{""label_format"":""PDF""},{""print_custom_1"":""ecom""}]",
2026-08-03T14:15:57Z,shp_00005543,9400100000000000005543,delivered,adr_from0001,Goodwill E-Com (test),Goodwill Michiana (test),100 Test Warehouse Rd,,South Bend,IN,46601,US,false,adr_to000128,Test Buyer,,129 Example Ave,,Testville,IN,46601,US,true,prcl_000128,10,8,4,35.2,,2026-08-03T14:15:58Z,rate_000128,GroundAdvantage,USPS,6.82,,false,,SGW-7713396,0.00,6.82,0.00,"[{""label_format"":""PDF""},{""print_custom_1"":""ecom""}]",
2026-08-03T14:20:49Z,shp_00005545,9400100000000000005545,delivered,adr_from0001,Goodwill E-Com (test),Goodwill Michiana (test),100 Test Warehouse Rd,,South Bend,IN,46601,US,false,adr_to000129,Test Buyer,,130 Example Ave,,Sampleton,OH,43004,US,true,prcl_000129,10,8,4,19.2,,2026-08-03T14:20:50Z,rate_000129,GroundAdvantage,USPS,7.62,,false,,SGW-7713400,0.00,7.62,0.00,"[{""label_format"":""PDF""},{""print_custom_1"":""ecom""}]",
2026-08-03T14:38:37Z,shp_00005491,9400100000000000005491,delivered,adr_from0001,Goodwill E-Com (test),Goodwill Michiana (test),100 Test Warehouse Rd,,South Bend,IN,46601,US,false,adr_to000130,Test Buyer,,131 Example Ave,,Mocksburg,MI,49001,US,true,prcl_000130,10,8,4,86.4,,2026-08-03T14:38:38Z,rate_000130,GroundAdvantage,USPS,10.71,,false,,SGW-7713241,0.00,10.71,0.00,"[{""label_format"":""PDF""},{""print_custom_1"":""ecom""}]",
2026-08-03T14:38:44Z,shp_00005498,9400100000000000005498,delivered,adr_from0001,Goodwill E-Com (test),Goodwill Michiana (test),100 Test Warehouse Rd,,South Bend,IN,46601,US,false,adr_to000131,Test Buyer,,132 Example Ave,,Fakeport,IL,60601,US,true,prcl_000131,10,8,4,20.8,,2026-08-03T14:38:45Z,rate_000131,GroundAdvantage,USPS,8.42,,false,,SGW-7713264,0.00,8.42,0.00,"[{""label_format"":""PDF""},{""print_custom_1"":""ecom""}]",
2026-08-03T14:49:07Z,shp_00005582,9400100000000000005582,delivered,adr_from0001,Goodwill E-Com (test),Goodwill Michiana (test),100 Test Warehouse Rd,,South Bend,IN,46601,US,false,adr_to000132,Test Buyer,,133 Example Ave,,Testville,IN,46601,US,true,prcl_000132,10,8,4,35.2,,2026-08-03T14:49:08Z,rate_000132,GroundAdvantage,USPS,6.43,,false,,m00000013490,0.00,6.43,0.00,"[{""label_format"":""PDF""},{""print_custom_1"":""ecom""}]",
2026-08-03T15:48:20Z,shp_00005566,9400100000000000005566,delivered,adr_from0001,Goodwill E-Com (test),Goodwill Michiana (test),100 Test Warehouse Rd,,South Bend,IN,46601,US,false,adr_to000133,Test Buyer,,134 Example Ave,,Sampleton,OH,43004,US,true,prcl_000133,10,8,4,9.6,,2026-08-03T15:48:21Z,rate_000133,GroundAdvantage,USPS,3.82,,false,,113-1213450-6379146,0.00,3.82,0.00,"[{""label_format"":""PDF""},{""print_custom_1"":""ecom""}]",
2026-08-03T15:50:59Z,shp_00005486,9400100000000000005486,delivered,adr_from0001,Goodwill E-Com (test),Goodwill Michiana (test),100 Test Warehouse Rd,,South Bend,IN,46601,US,false,adr_to000134,Test Buyer,,135 Example Ave,,Mocksburg,MI,49001,US,true,prcl_000134,10,8,4,28.8,,2026-08-03T15:51:00Z,rate_000134,GroundAdvantage,USPS,11.50,,false,,SGW-7713235,0.00,11.50,0.00,"[{""label_format"":""PDF""},{""print_custom_1"":""ecom""}]",
2026-08-03T15:51:56Z,shp_00005539,9400100000000000005539,in_transit,adr_from0001,Goodwill E-Com (test),Goodwill Michiana (test),100 Test Warehouse Rd,,South Bend,IN,46601,US,false,adr_to000135,Test Buyer,,136 Example Ave,,Fakeport,IL,60601,US,true,prcl_000135,10,8,4,14.4,,2026-08-03T15:51:57Z,rate_000135,GroundAdvantage,USPS,10.56,,false,,SGW-7713381,0.00,10.56,0.00,"[{""label_format"":""PDF""},{""print_custom_1"":""ecom""}]",
2026-08-03T16:00:51Z,shp_00005540,9400100000000000005540,delivered,adr_from0001,Goodwill E-Com (test),Goodwill Michiana (test),100 Test Warehouse Rd,,South Bend,IN,46601,US,false,adr_to000136,Test Buyer,,137 Example Ave,,Testville,IN,46601,US,true,prcl_000136,10,8,4,19.2,,2026-08-03T16:00:52Z,rate_000136,Priority,USPS,8.08,,false,,SGW-7713385,0.00,8.08,0.00,"[{""label_format"":""PDF""},{""print_custom_1"":""ecom""}]",
2026-08-03T16:18:45Z,shp_00005577,9400100000000000005577,delivered,adr_from0001,Goodwill E-Com (test),Goodwill Michiana (test),100 Test Warehouse Rd,,South Bend,IN,46601,US,false,adr_to000137,Test Buyer,,138 Example Ave,,Sampleton,OH,43004,US,true,prcl_000137,10,8,4,11.2,,2026-08-03T16:18:46Z,rate_000137,Priority,USPS,4.36,,false,,21-13476-50112,0.00,4.36,0.00,"[{""label_format"":""PDF""},{""print_custom_1"":""ecom""}]",
2026-08-03T16:27:02Z,shp_00005544,9400100000000000005544,delivered,adr_from0001,Goodwill E-Com (test),Goodwill Michiana (test),100 Test Warehouse Rd,,South Bend,IN,46601,US,false,adr_to000138,Test Buyer,,139 Example Ave,,Mocksburg,MI,49001,US,true,prcl_000138,10,8,4,27.2,,2026-08-03T16:27:03Z,rate_000138,GroundAdvantage,USPS,10.30,,false,,SGW-7713398,0.00,10.30,0.00,"[{""label_format"":""PDF""},{""print_custom_1"":""ecom""}]",
2026-08-03T16:55:32Z,shp_00005493,9400100000000000005493,delivered,adr_from0001,Goodwill E-Com (test),Goodwill Michiana (test),100 Test Warehouse Rd,,South Bend,IN,46601,US,false,adr_to000139,Test Buyer,,140 Example Ave,,Fakeport,IL,60601,US,true,prcl_000139,10,8,4,100.8,,2026-08-03T16:55:33Z,rate_000139,Priority,USPS,9.14,,false,,SGW-7713250,0.00,9.14,0.00,"[{""label_format"":""PDF""},{""print_custom_1"":""ecom""}]",
2026-08-03T16:59:27Z,shp_00005505,9400100000000000005505,delivered,adr_from0001,Goodwill E-Com (test),Goodwill Michiana (test),100 Test Warehouse Rd,,South Bend,IN,46601,US,false,adr_to000140,Test Buyer,,141 Example Ave,,Testville,IN,46601,US,true,prcl_000140,10,8,4,33.6,,2026-08-03T16:59:28Z,rate_000140,GroundAdvantage,USPS,3.32,,false,,111-5613281-5224547,0.00,3.32,0.00,"[{""label_format"":""PDF""},{""print_custom_1"":""ecom""}]",
2026-08-03T17:09:28Z,shp_00005583,9400100000000000005583,delivered,adr_from0001,Goodwill E-Com (test),Goodwill Michiana (test),100 Test Warehouse Rd,,South Bend,IN,46601,US,false,adr_to000141,Test Buyer,,142 Example Ave,,Sampleton,OH,43004,US,true,prcl_000141,10,8,4,6.4,,2026-08-03T17:09:29Z,rate_000141,GroundAdvantage,USPS,6.85,,false,,m00000013491,0.00,6.85,0.00,"[{""label_format"":""PDF""},{""print_custom_1"":""ecom""}]",
2026-08-03T17:09:53Z,shp_00005554,9400100000000000005554,delivered,adr_from0001,Goodwill E-Com (test),Goodwill Michiana (test),100 Test Warehouse Rd,,South Bend,IN,46601,US,false,adr_to000142,Test Buyer,,143 Example Ave,,Mocksburg,MI,49001,US,true,prcl_000142,10,8,4,12.8,,2026-08-03T17:09:54Z,rate_000142,Priority,USPS,8.87,,false,,SGW-7713424,0.00,8.87,0.00,"[{""label_format"":""PDF""},{""print_custom_1"":""ecom""}]",
2026-08-03T17:27:27Z,shp_00005563,9400100000000000005563,delivered,adr_from0001,Goodwill E-Com (test),Goodwill Michiana (test),100 Test Warehouse Rd,,South Bend,IN,46601,US,false,adr_to000143,Test Buyer,,144 Example Ave,,Fakeport,IL,60601,US,true,prcl_000143,10,8,4,11.2,,2026-08-03T17:27:28Z,rate_000143,GroundAdvantage,USPS,3.84,,false,,112-9513445-4558182,0.00,3.84,0.00,"[{""label_format"":""PDF""},{""print_custom_1"":""ecom""}]",
2026-08-03T17:31:23Z,shp_00005561,9400100000000000005561,in_transit,adr_from0001,Goodwill E-Com (test),Goodwill Michiana (test),100 Test Warehouse Rd,,South Bend,IN,46601,US,false,adr_to000144,Test Buyer,,145 Example Ave,,Testville,IN,46601,US,true,prcl_000144,10,8,4,11.2,,2026-08-03T17:31:24Z,rate_000144,Priority,USPS,3.75,,false,,114-6513441-4347719,0.00,3.75,0.00,"[{""label_format"":""PDF""},{""print_custom_1"":""ecom""}]",
2026-08-03T17:38:10Z,shp_00005565,9400100000000000005565,delivered,adr_from0001,Goodwill E-Com (test),Goodwill Michiana (test),100 Test Warehouse Rd,,South Bend,IN,46601,US,false,adr_to000145,Test Buyer,,146 Example Ave,,Sampleton,OH,43004,US,true,prcl_000145,10,8,4,14.4,,2026-08-03T17:38:11Z,rate_000145,GroundAdvantage,USPS,3.70,,false,,111-9613447-0411882,0.00,3.70,0.00,"[{""label_format"":""PDF""},{""print_custom_1"":""ecom""}]",
2026-08-03T17:38:45Z,shp_00005524,9400100000000000005524,delivered,adr_from0001,Goodwill E-Com (test),Goodwill Michiana (test),100 Test Warehouse Rd,,South Bend,IN,46601,US,false,adr_to000146,Test Buyer,,147 Example Ave,,Mocksburg,MI,49001,US,true,prcl_000146,10,8,4,27.2,,2026-08-03T17:38:46Z,rate_000146,GroundAdvantage,USPS,5.62,,false,,113-1613315-9494236,0.00,5.62,0.00,"[{""label_format"":""PDF""},{""print_custom_1"":""ecom""}]",
2026-08-03T17:42:29Z,shp_00005551,9400100000000000005551,delivered,adr_from0001,Goodwill E-Com (test),Goodwill Michiana (test),100 Test Warehouse Rd,,South Bend,IN,46601,US,false,adr_to000147,Test Buyer,,148 Example Ave,,Fakeport,IL,60601,US,true,prcl_000147,10,8,4,12.8,,2026-08-03T17:42:30Z,rate_000147,GroundAdvantage,USPS,9.80,,false,,SGW-7713416,0.00,9.80,0.00,"[{""label_format"":""PDF""},{""print_custom_1"":""ecom""}]",
2026-08-03T18:02:21Z,shp_00005521,9400100000000000005521,delivered,adr_from0001,Goodwill E-Com (test),Goodwill Michiana (test),100 Test Warehouse Rd,,South Bend,IN,46601,US,false,adr_to000148,Test Buyer,,149 Example Ave,,Testville,IN,46601,US,true,prcl_000148,10,8,4,68.8,,2026-08-03T18:02:22Z,rate_000148,GroundAdvantage,USPS,5.19,,false,,114-8713309-4467992,0.00,5.19,0.00,"[{""label_format"":""PDF""},{""print_custom_1"":""ecom""}]",
2026-08-03T18:03:09Z,shp_00005502,9400100000000000005502,unknown,adr_from0001,Goodwill E-Com (test),Goodwill Michiana (test),100 Test Warehouse Rd,,South Bend,IN,46601,US,false,adr_to000149,Test Buyer,,150 Example Ave,,Sampleton,OH,43004,US,true,prcl_000149,10,8,4,48.0,,2026-08-03T18:03:10Z,rate_000149,GroundAdvantage,USPS,3.42,,false,refunded,113-3413271-9818619,0.00,3.42,0.00,"[{""label_format"":""PDF""},{""print_custom_1"":""ecom""}]",
2026-08-03T18:03:59Z,shp_00005580,9400100000000000005580,delivered,adr_from0001,Goodwill E-Com (test),Goodwill Michiana (test),100 Test Warehouse Rd,,South Bend,IN,46601,US,false,adr_to000150,Test Buyer,,151 Example Ave,,Mocksburg,MI,49001,US,true,prcl_000150,10,8,4,14.4,,2026-08-03T18:04:00Z,rate_000150,GroundAdvantage,USPS,10.54,,false,,26-13486-36661,0.00,10.54,0.00,"[{""label_format"":""PDF""},{""print_custom_1"":""ecom""}]",
2026-08-03T18:07:11Z,shp_00005553,9400100000000000005553,delivered,adr_from0001,Goodwill E-Com (test),Goodwill Michiana (test),100 Test Warehouse Rd,,South Bend,IN,46601,US,false,adr_to000151,Test Buyer,,152 Example Ave,,Fakeport,IL,60601,US,true,prcl_000151,10,8,4,11.2,,2026-08-03T18:07:12Z,rate_000151,GroundAdvantage,USPS,6.95,,false,,SGW-7713422,0.00,6.95,0.00,"[{""label_format"":""PDF""},{""print_custom_1"":""ecom""}]",
2026-08-03T18:20:33Z,shp_00005510,9400100000000000005510,delivered,adr_from0001,Goodwill E-Com (test),Goodwill Michiana (test),100 Test Warehouse Rd,,South Bend,IN,46601,US,false,adr_to000152,Test Buyer,,153 Example Ave,,Testville,IN,46601,US,true,prcl_000152,10,8,4,48.0,,2026-08-03T18:20:34Z,rate_000152,Priority,USPS,5.33,,false,,112-2713289-3448231,0.00,5.33,0.00,"[{""label_format"":""PDF""},{""print_custom_1"":""ecom""}]",
2026-08-03T18:35:45Z,shp_00005558,9400100000000000005558,in_transit,adr_from0001,Goodwill E-Com (test),Goodwill Michiana (test),100 Test Warehouse Rd,,South Bend,IN,46601,US,false,adr_to000153,Test Buyer,,154 Example Ave,,Sampleton,OH,43004,US,true,prcl_000153,10,8,4,60.8,,2026-08-03T18:35:46Z,rate_000153,GroundAdvantage,USPS,3.44,,false,,112-8213438-1364827,0.00,3.44,0.00,"[{""label_format"":""PDF""},{""print_custom_1"":""ecom""}]",
2026-08-03T18:40:17Z,shp_00005509,9400100000000000005509,delivered,adr_from0001,Goodwill E-Com (test),Goodwill Michiana (test),100 Test Warehouse Rd,,South Bend,IN,46601,US,false,adr_to000154,Test Buyer,,155 Example Ave,,Mocksburg,MI,49001,US,true,prcl_000154,10,8,4,6.4,,2026-08-03T18:40:18Z,rate_000154,GroundAdvantage,USPS,3.49,,false,,112-4213287-0228757,0.00,3.49,0.00,"[{""label_format"":""PDF""},{""print_custom_1"":""ecom""}]",
2026-08-03T18:41:44Z,shp_00005503,9400100000000000005503,delivered,adr_from0001,Goodwill E-Com (test),Goodwill Michiana (test),100 Test Warehouse Rd,,South Bend,IN,46601,US,false,adr_to000155,Test Buyer,,156 Example Ave,,Fakeport,IL,60601,US,true,prcl_000155,10,8,4,51.2,,2026-08-03T18:41:45Z,rate_000155,GroundAdvantage,USPS,5.77,,false,,113-3213273-8926467,0.00,5.77,0.00,"[{""label_format"":""PDF""},{""print_custom_1"":""ecom""}]",
2026-08-03T18:42:13Z,shp_00005541,9400100000000000005541,delivered,adr_from0001,Goodwill E-Com (test),Goodwill Michiana (test),100 Test Warehouse Rd,,South Bend,IN,46601,US,false,adr_to000156,Test Buyer,,157 Example Ave,,Testville,IN,46601,US,true,prcl_000156,10,8,4,52.8,,2026-08-03T18:42:14Z,rate_000156,GroundAdvantage,USPS,7.96,,false,,SGW-7713389,0.00,7.96,0.00,"[{""label_format"":""PDF""},{""print_custom_1"":""ecom""}]",
2026-08-03T18:43:50Z,shp_00005578,9400100000000000005578,delivered,adr_from0001,Goodwill E-Com (test),Goodwill Michiana (test),100 Test Warehouse Rd,,South Bend,IN,46601,US,false,adr_to000157,Test Buyer,,158 Example Ave,,Sampleton,OH,43004,US,true,prcl_000157,10,8,4,8.0,,2026-08-03T18:43:51Z,rate_000157,GroundAdvantage,USPS,3.73,,false,,22-13477-32565,0.00,3.73,0.00,"[{""label_format"":""PDF""},{""print_custom_1"":""ecom""}]",
2026-08-03T18:55:16Z,shp_00005581,9400100000000000005581,delivered,adr_from0001,Goodwill E-Com (test),Goodwill Michiana (test),100 Test Warehouse Rd,,South Bend,IN,46601,US,false,adr_to000158,Test Buyer,,159 Example Ave,,Mocksburg,MI,49001,US,true,prcl_000158,10,8,4,17.6,,2026-08-03T18:55:17Z,rate_000158,GroundAdvantage,USPS,5.73,,false,,m00000013488,0.00,5.73,0.00,"[{""label_format"":""PDF""},{""print_custom_1"":""ecom""}]",
2026-08-03T19:17:15Z,shp_00005530,9400100000000000005530,delivered,adr_from0001,Goodwill E-Com (test),Goodwill Michiana (test),100 Test Warehouse Rd,,South Bend,IN,46601,US,false,adr_to000159,Test Buyer,,160 Example Ave,,Fakeport,IL,60601,US,true,prcl_000159,10,8,4,6.4,,2026-08-03T19:17:16Z,rate_000159,GroundAdvantage,USPS,5.59,,false,,15-13337-04307,0.00,5.59,0.00,"[{""label_format"":""PDF""},{""print_custom_1"":""ecom""}]",
2026-08-03T19:17:46Z,shp_00005572,9400100000000000005572,delivered,adr_from0001,Goodwill E-Com (test),Goodwill Michiana (test),100 Test Warehouse Rd,,South Bend,IN,46601,US,false,adr_to000160,Test Buyer,,161 Example Ave,,Testville,IN,46601,US,true,prcl_000160,10,8,4,19.2,,2026-08-03T19:17:47Z,rate_000160,Priority,USPS,3.44,,false,,112-1013462-2414027,0.00,3.44,0.00,"[{""label_format"":""PDF""},{""print_custom_1"":""ecom""}]",
2026-08-03T19:26:44Z,shp_00005574,9400100000000000005574,delivered,adr_from0001,Goodwill E-Com (test),Goodwill Michiana (test),100 Test Warehouse Rd,,South Bend,IN,46601,US,false,adr_to000161,Test Buyer,,162 Example Ave,,Sampleton,OH,43004,US,true,prcl_000161,10,8,4,22.4,,2026-08-03T19:26:45Z,rate_000161,Priority,USPS,5.19,,false,,113-3113465-5775447,0.00,5.19,0.00,"[{""label_format"":""PDF""},{""print_custom_1"":""ecom""}]",
2026-08-03T19:55:45Z,shp_00005431,9400100000000000005431,in_transit,adr_from0001,Goodwill E-Com (test),Goodwill Michiana (test),100 Test Warehouse Rd,,South Bend,IN,46601,US,false,adr_to000162,Test Buyer,,163 Example Ave,,Mocksburg,MI,49001,US,true,prcl_000162,10,8,4,17.6,,2026-08-03T19:55:46Z,rate_000162,GroundAdvantage,USPS,3.74,,false,,112-2013111-8391084,0.00,3.74,0.00,"[{""label_format"":""PDF""},{""print_custom_1"":""ecom""}]",
2026-08-03T20:19:26Z,shp_00005548,9400100000000000005548,delivered,adr_from0001,Goodwill E-Com (test),Goodwill Michiana (test),100 Test Warehouse Rd,,South Bend,IN,46601,US,false,adr_to000163,Test Buyer,,164 Example Ave,,Fakeport,IL,60601,US,true,prcl_000163,10,8,4,36.8,,2026-08-03T20:19:27Z,rate_000163,Priority,USPS,6.61,,false,,SGW-7713403,0.00,6.61,0.00,"[{""label_format"":""PDF""},{""print_custom_1"":""ecom""}]",
2026-08-03T20:24:09Z,shp_00005564,9400100000000000005564,delivered,adr_from0001,Goodwill E-Com (test),Goodwill Michiana (test),100 Test Warehouse Rd,,South Bend,IN,46601,US,false,adr_to000164,Test Buyer,,165 Example Ave,,Testville,IN,46601,US,true,prcl_000164,10,8,4,17.6,,2026-08-03T20:24:10Z,rate_000164,GroundAdvantage,USPS,3.32,,false,,111-1313446-1744945,0.00,3.32,0.00,"[{""label_format"":""PDF""},{""print_custom_1"":""ecom""}]",
2026-08-03T20:39:23Z,shp_00005556,9400100000000000005556,delivered,adr_from0001,Goodwill E-Com (test),Goodwill Michiana (test),100 Test Warehouse Rd,,South Bend,IN,46601,US,false,adr_to000165,Test Buyer,,166 Example Ave,,Sampleton,OH,43004,US,true,prcl_000165,10,8,4,41.6,,2026-08-03T20:39:24Z,rate_000165,GroundAdvantage,USPS,5.75,,false,,114-7313435-0907624,0.00,5.75,0.00,"[{""label_format"":""PDF""},{""print_custom_1"":""ecom""}]",
2026-08-03T20:51:02Z,shp_00005552,9400100000000000005552,delivered,adr_from0001,Goodwill E-Com (test),Goodwill Michiana (test),100 Test Warehouse Rd,,South Bend,IN,46601,US,false,adr_to000166,Test Buyer,,167 Example Ave,,Mocksburg,MI,49001,US,true,prcl_000166,10,8,4,24.0,,2026-08-03T20:51:03Z,rate_000166,Priority,USPS,12.07,,false,,SGW-7713419,0.00,12.07,0.00,"[{""label_format"":""PDF""},{""print_custom_1"":""ecom""}]",
2026-08-03T20:56:01Z,shp_00005584,9400100000000000005584,delivered,adr_from0001,Goodwill E-Com (test),Goodwill Michiana (test),100 Test Warehouse Rd,,South Bend,IN,46601,US,false,adr_to000167,Test Buyer,,168 Example Ave,,Fakeport,IL,60601,US,true,prcl_000167,10,8,4,6.4,,2026-08-03T20:56:02Z,rate_000167,GroundAdvantage,USPS,6.03,,false,,m00000013492,0.00,6.03,0.00,"[{""label_format"":""PDF""},{""print_custom_1"":""ecom""}]",
2026-08-03T20:57:41Z,shp_00005525,9400100000000000005525,delivered,adr_from0001,Goodwill E-Com (test),Goodwill Michiana (test),100 Test Warehouse Rd,,South Bend,IN,46601,US,false,adr_to000168,Test Buyer,,169 Example Ave,,Testville,IN,46601,US,true,prcl_000168,10,8,4,56.0,,2026-08-03T20:57:42Z,rate_000168,GroundAdvantage,USPS,5.79,,false,,114-7113316-4793147,0.00,5.79,0.00,"[{""label_format"":""PDF""},{""print_custom_1"":""ecom""}]",
2026-08-03T20:58:34Z,shp_00005570,9400100000000000005570,delivered,adr_from0001,Goodwill E-Com (test),Goodwill Michiana (test),100 Test Warehouse Rd,,South Bend,IN,46601,US,false,adr_to000169,Test Buyer,,170 Example Ave,,Sampleton,OH,43004,US,true,prcl_000169,10,8,4,33.6,,2026-08-03T20:58:35Z,rate_000169,Priority,USPS,5.23,,false,,112-2413456-3665698,0.00,5.23,0.00,"[{""label_format"":""PDF""},{""print_custom_1"":""ecom""}]",
2026-08-04T13:03:29Z,shp_00005599,9400100000000000005599,delivered,adr_from0001,Goodwill E-Com (test),Goodwill Michiana (test),100 Test Warehouse Rd,,South Bend,IN,46601,US,false,adr_to000170,Test Buyer,,171 Example Ave,,Mocksburg,MI,49001,US,true,prcl_000170,10,8,4,28.8,,2026-08-04T13:03:30Z,rate_000170,Priority,USPS,9.92,,false,,SGW-7713546,0.00,9.92,0.00,"[{""label_format"":""PDF""},{""print_custom_1"":""ecom""}]",
2026-08-04T13:05:46Z,shp_00005592,9400100000000000005592,in_transit,adr_from0001,Goodwill E-Com (test),Goodwill Michiana (test),100 Test Warehouse Rd,,South Bend,IN,46601,US,false,adr_to000171,Test Buyer,,172 Example Ave,,Fakeport,IL,60601,US,true,prcl_000171,10,8,4,32.0,,2026-08-04T13:05:47Z,rate_000171,GroundAdvantage,USPS,6.96,,false,,SGW-7713532,0.00,6.96,0.00,"[{""label_format"":""PDF""},{""print_custom_1"":""ecom""}]",
2026-08-04T13:09:05Z,shp_00005608,9400100000000000005608,delivered,adr_from0001,Goodwill E-Com (test),Goodwill Michiana (test),100 Test Warehouse Rd,,South Bend,IN,46601,US,false,adr_to000172,Test Buyer,,173 Example Ave,,Testville,IN,46601,US,true,prcl_000172,10,8,4,12.8,,2026-08-04T13:09:06Z,rate_000172,GroundAdvantage,USPS,9.52,,false,,SGW-7713564,0.00,9.52,0.00,"[{""label_format"":""PDF""},{""print_custom_1"":""ecom""}]",
2026-08-04T13:16:30Z,shp_00005534,9400100000000000005534,delivered,adr_from0001,Goodwill E-Com (test),Goodwill Michiana (test),100 Test Warehouse Rd,,South Bend,IN,46601,US,false,adr_to000173,Test Buyer,,174 Example Ave,,Sampleton,OH,43004,US,true,prcl_000173,10,8,4,24.0,,2026-08-04T13:16:31Z,rate_000173,GroundAdvantage,USPS,10.35,,false,,SGW-7713366,0.00,10.35,0.00,"[{""label_format"":""PDF""},{""print_custom_1"":""ecom""}]",
2026-08-04T13:16:32Z,shp_00005631,9400100000000000005631,delivered,adr_from0001,Goodwill E-Com (test),Goodwill Michiana (test),100 Test Warehouse Rd,,South Bend,IN,46601,US,false,adr_to000174,Test Buyer,,175 Example Ave,,Mocksburg,MI,49001,US,true,prcl_000174,10,8,4,12.8,,2026-08-04T13:16:33Z,rate_000174,GroundAdvantage,USPS,5.24,,false,,112-6713606-3454040,0.00,5.24,0.00,"[{""label_format"":""PDF""},{""print_custom_1"":""ecom""}]",
2026-08-04T13:29:36Z,shp_00005629,9400100000000000005629,delivered,adr_from0001,Goodwill E-Com (test),Goodwill Michiana (test),100 Test Warehouse Rd,,South Bend,IN,46601,US,false,adr_to000175,Test Buyer,,176 Example Ave,,Fakeport,IL,60601,US,true,prcl_000175,10,8,4,41.6,,2026-08-04T13:29:37Z,rate_000175,GroundAdvantage,USPS,3.36,,false,,112-0613600-1658856,0.00,3.36,0.00,"[{""label_format"":""PDF""},{""print_custom_1"":""ecom""}]",
2026-08-04T13:37:48Z,shp_00005526,9400100000000000005526,delivered,adr_from0001,Goodwill E-Com (test),Goodwill Michiana (test),100 Test Warehouse Rd,,South Bend,IN,46601,US,false,adr_to000176,Test Buyer,,177 Example Ave,,Testville,IN,46601,US,true,prcl_000176,10,8,4,9.6,,2026-08-04T13:37:49Z,rate_000176,GroundAdvantage,USPS,9.64,,false,,11-13320-30842,0.00,9.64,0.00,"[{""label_format"":""PDF""},{""print_custom_1"":""ecom""}]",
2026-08-04T13:38:20Z,shp_00005637,9400100000000000005637,delivered,adr_from0001,Goodwill E-Com (test),Goodwill Michiana (test),100 Test Warehouse Rd,,South Bend,IN,46601,US,false,adr_to000177,Test Buyer,,178 Example Ave,,Sampleton,OH,43004,US,true,prcl_000177,10,8,4,41.6,,2026-08-04T13:38:21Z,rate_000177,Priority,USPS,3.92,,false,,06-13617-33094,0.00,3.92,0.00,"[{""label_format"":""PDF""},{""print_custom_1"":""ecom""}]",
2026-08-04T13:42:07Z,shp_00005535,9400100000000000005535,delivered,adr_from0001,Goodwill E-Com (test),Goodwill Michiana (test),100 Test Warehouse Rd,,South Bend,IN,46601,US,false,adr_to000178,Test Buyer,,179 Example Ave,,Mocksburg,MI,49001,US,true,prcl_000178,10,8,4,84.8,,2026-08-04T13:42:08Z,rate_000178,Priority,USPS,13.02,,false,,SGW-7713367,0.00,13.02,0.00,"[{""label_format"":""PDF""},{""print_custom_1"":""ecom""}]",
2026-08-04T13:59:24Z,shp_00005624,9400100000000000005624,delivered,adr_from0001,Goodwill E-Com (test),Goodwill Michiana (test),100 Test Warehouse Rd,,South Bend,IN,46601,US,false,adr_to000179,Test Buyer,,180 Example Ave,,Fakeport,IL,60601,US,true,prcl_000179,10,8,4,17.6,,2026-08-04T13:59:25Z,rate_000179,GroundAdvantage,USPS,3.32,,false,,113-2213593-0664631,0.00,3.32,0.00,"[{""label_format"":""PDF""},{""print_custom_1"":""ecom""}]",
2026-08-04T14:05:30Z,shp_00005633,9400100000000000005633,in_transit,adr_from0001,Goodwill E-Com (test),Goodwill Michiana (test),100 Test Warehouse Rd,,South Bend,IN,46601,US,false,adr_to000180,Test Buyer,,181 Example Ave,,Testville,IN,46601,US,true,prcl_000180,10,8,4,8.0,,2026-08-04T14:05:31Z,rate_000180,GroundAdvantage,USPS,4.96,,false,,114-6413608-1577254,0.00,4.96,0.00,"[{""label_format"":""PDF""},{""print_custom_1"":""ecom""}]",
2026-08-04T14:16:11Z,shp_00005598,9400100000000000005598,delivered,adr_from0001,Goodwill E-Com (test),Goodwill Michiana (test),100 Test Warehouse Rd,,South Bend,IN,46601,US,false,adr_to000181,Test Buyer,,182 Example Ave,,Sampleton,OH,43004,US,true,prcl_000181,10,8,4,30.4,,2026-08-04T14:16:12Z,rate_000181,GroundAdvantage,USPS,5.54,,false,,SGW-7713544,0.00,5.54,0.00,"[{""label_format"":""PDF""},{""print_custom_1"":""ecom""}]",
2026-08-04T14:27:51Z,shp_00005605,9400100000000000005605,delivered,adr_from0001,Goodwill E-Com (test),Goodwill Michiana (test),100 Test Warehouse Rd,,South Bend,IN,46601,US,false,adr_to000182,Test Buyer,,183 Example Ave,,Mocksburg,MI,49001,US,true,prcl_000182,10,8,4,9.6,,2026-08-04T14:27:52Z,rate_000182,GroundAdvantage,USPS,13.03,,false,,SGW-7713556,0.00,13.03,0.00,"[{""label_format"":""PDF""},{""print_custom_1"":""ecom""}]",
2026-08-04T14:29:32Z,shp_00005643,9400100000000000005643,delivered,adr_from0001,Goodwill E-Com (test),Goodwill Michiana (test),100 Test Warehouse Rd,,South Bend,IN,46601,US,false,adr_to000183,Test Buyer,,184 Example Ave,,Fakeport,IL,60601,US,true,prcl_000183,10,8,4,19.2,,2026-08-04T14:29:33Z,rate_000183,Priority,USPS,5.79,,false,,m00000013631,0.00,5.79,0.00,"[{""label_format"":""PDF""},{""print_custom_1"":""ecom""}]",
2026-08-04T14:39:48Z,shp_00005591,9400100000000000005591,delivered,adr_from0001,Goodwill E-Com (test),Goodwill Michiana (test),100 Test Warehouse Rd,,South Bend,IN,46601,US,false,adr_to000184,Test Buyer,,185 Example Ave,,Testville,IN,46601,US,true,prcl_000184,10,8,4,28.8,,2026-08-04T14:39:49Z,rate_000184,GroundAdvantage,USPS,8.49,,false,,SGW-7713530,0.00,8.49,0.00,"[{""label_format"":""PDF""},{""print_custom_1"":""ecom""}]",
2026-08-04T14:43:20Z,shp_00005594,9400100000000000005594,delivered,adr_from0001,Goodwill E-Com (test),Goodwill Michiana (test),100 Test Warehouse Rd,,South Bend,IN,46601,US,false,adr_to000185,Test Buyer,,186 Example Ave,,Sampleton,OH,43004,US,true,prcl_000185,10,8,4,9.6,,2026-08-04T14:43:21Z,rate_000185,Priority,USPS,7.06,,false,,SGW-7713537,0.00,7.06,0.00,"[{""label_format"":""PDF""},{""print_custom_1"":""ecom""}]",
2026-08-04T15:03:05Z,shp_00005606,9400100000000000005606,delivered,adr_from0001,Goodwill E-Com (test),Goodwill Michiana (test),100 Test Warehouse Rd,,South Bend,IN,46601,US,false,adr_to000186,Test Buyer,,187 Example Ave,,Mocksburg,MI,49001,US,true,prcl_000186,10,8,4,36.8,,2026-08-04T15:03:06Z,rate_000186,GroundAdvantage,USPS,8.27,,false,,SGW-7713562,0.00,8.27,0.00,"[{""label_format"":""PDF""},{""print_custom_1"":""ecom""}]",
2026-08-04T15:08:06Z,shp_00005609,9400100000000000005609,delivered,adr_from0001,Goodwill E-Com (test),Goodwill Michiana (test),100 Test Warehouse Rd,,South Bend,IN,46601,US,false,adr_to000187,Test Buyer,,188 Example Ave,,Fakeport,IL,60601,US,true,prcl_000187,10,8,4,54.4,,2026-08-04T15:08:07Z,rate_000187,GroundAdvantage,USPS,6.82,,false,,SGW-7713565,0.00,6.82,0.00,"[{""label_format"":""PDF""},{""print_custom_1"":""ecom""}]",
2026-08-04T15:13:36Z,shp_00005603,9400100000000000005603,delivered,adr_from0001,Goodwill E-Com (test),Goodwill Michiana (test),100 Test Warehouse Rd,,South Bend,IN,46601,US,false,adr_to000188,Test Buyer,,189 Example Ave,,Testville,IN,46601,US,true,prcl_000188,10,8,4,33.6,,2026-08-04T15:13:37Z,rate_000188,Priority,USPS,13.32,,false,,SGW-7713552,0.00,13.32,0.00,"[{""label_format"":""PDF""},{""print_custom_1"":""ecom""}]",
2026-08-04T15:22:47Z,shp_00005575,9400100000000000005575,in_transit,adr_from0001,Goodwill E-Com (test),Goodwill Michiana (test),100 Test Warehouse Rd,,South Bend,IN,46601,US,false,adr_to000189,Test Buyer,,190 Example Ave,,Sampleton,OH,43004,US,true,prcl_000189,10,8,4,46.4,,2026-08-04T15:22:48Z,rate_000189,GroundAdvantage,USPS,6.23,,false,,26-13472-85507,0.00,6.23,0.00,"[{""label_format"":""PDF""},{""print_custom_1"":""ecom""}]",
2026-08-04T15:26:39Z,shp_00005614,9400100000000000005614,delivered,adr_from0001,Goodwill E-Com (test),Goodwill Michiana (test),100 Test Warehouse Rd,,South Bend,IN,46601,US,false,adr_to000190,Test Buyer,,191 Example Ave,,Mocksburg,MI,49001,US,true,prcl_000190,10,8,4,27.2,,2026-08-04T15:26:40Z,rate_000190,GroundAdvantage,USPS,3.57,,false,,111-1313575-8608199,0.00,3.57,0.00,"[{""label_format"":""PDF""},{""print_custom_1"":""ecom""}]",
2026-08-04T15:38:44Z,shp_00005634,9400100000000000005634,delivered,adr_from0001,Goodwill E-Com (test),Goodwill Michiana (test),100 Test Warehouse Rd,,South Bend,IN,46601,US,false,adr_to000191,Test Buyer,,192 Example Ave,,Fakeport,IL,60601,US,true,prcl_000191,10,8,4,25.6,,2026-08-04T15:38:45Z,rate_000191,GroundAdvantage,USPS,5.57,,false,,112-0213609-9918158,0.00,5.57,0.00,"[{""label_format"":""PDF""},{""print_custom_1"":""ecom""}]",
2026-08-04T16:05:18Z,shp_00005616,9400100000000000005616,delivered,adr_from0001,Goodwill E-Com (test),Goodwill Michiana (test),100 Test Warehouse Rd,,South Bend,IN,46601,US,false,adr_to000192,Test Buyer,,193 Example Ave,,Testville,IN,46601,US,true,prcl_000192,10,8,4,52.8,,2026-08-04T16:05:19Z,rate_000192,GroundAdvantage,USPS,3.35,,false,,114-3713579-2529425,0.00,3.35,0.00,"[{""label_format"":""PDF""},{""print_custom_1"":""ecom""}]",
2026-08-04T16:14:35Z,shp_00005601,9400100000000000005601,delivered,adr_from0001,Goodwill E-Com (test),Goodwill Michiana (test),100 Test Warehouse Rd,,South Bend,IN,46601,US,false,adr_to000193,Test Buyer,,194 Example Ave,,Sampleton,OH,43004,US,true,prcl_000193,10,8,4,24.0,,2026-08-04T16:14:36Z,rate_000193,GroundAdvantage,USPS,13.06,,false,,SGW-7713549,0.00,13.06,0.00,"[{""label_format"":""PDF""},{""print_custom_1"":""ecom""}]",
2026-08-04T16:15:52Z,shp_00005537,9400100000000000005537,delivered,adr_from0001,Goodwill E-Com (test),Goodwill Michiana (test),100 Test Warehouse Rd,,South Bend,IN,46601,US,false,adr_to000194,Test Buyer,,195 Example Ave,,Mocksburg,MI,49001,US,true,prcl_000194,10,8,4,17.6,,2026-08-04T16:15:53Z,rate_000194,Priority,USPS,8.04,,false,,SGW-7713379,0.00,8.04,0.00,"[{""label_format"":""PDF""},{""print_custom_1"":""ecom""}]",
2026-08-04T16:34:08Z,shp_00005618,9400100000000000005618,delivered,adr_from0001,Goodwill E-Com (test),Goodwill Michiana (test),100 Test Warehouse Rd,,South Bend,IN,46601,US,false,adr_to000195,Test Buyer,,196 Example Ave,,Fakeport,IL,60601,US,true,prcl_000195,10,8,4,27.2,,2026-08-04T16:34:09Z,rate_000195,Priority,USPS,5.49,,false,,111-2213582-4430357,0.00,5.49,0.00,"[{""label_format"":""PDF""},{""print_custom_1"":""ecom""}]",
2026-08-04T16:37:37Z,shp_00005568,9400100000000000005568,delivered,adr_from0001,Goodwill E-Com (test),Goodwill Michiana (test),100 Test Warehouse Rd,,South Bend,IN,46601,US,false,adr_to000196,Test Buyer,,197 Example Ave,,Testville,IN,46601,US,true,prcl_000196,10,8,4,12.8,,2026-08-04T16:37:38Z,rate_000196,Priority,USPS,3.33,,false,,112-9613453-9292361,0.00,3.33,0.00,"[{""label_format"":""PDF""},{""print_custom_1"":""ecom""}]",
2026-08-04T16:44:31Z,shp_00005597,9400100000000000005597,delivered,adr_from0001,Goodwill E-Com (test),Goodwill Michiana (test),100 Test Warehouse Rd,,South Bend,IN,46601,US,false,adr_to000197,Test Buyer,,198 Example Ave,,Sampleton,OH,43004,US,true,prcl_000197,10,8,4,30.4,,2026-08-04T16:44:32Z,rate_000197,Priority,USPS,11.20,,false,,SGW-7713543,0.00,11.20,0.00,"[{""label_format"":""PDF""},{""print_custom_1"":""ecom""}]",
2026-08-04T16:45:43Z,shp_00005620,9400100000000000005620,in_transit,adr_from0001,Goodwill E-Com (test),Goodwill Michiana (test),100 Test Warehouse Rd,,South Bend,IN,46601,US,false,adr_to000198,Test Buyer,,199 Example Ave,,Mocksburg,MI,49001,US,true,prcl_000198,10,8,4,16.0,,2026-08-04T16:45:44Z,rate_000198,GroundAdvantage,USPS,3.85,,false,,111-9713584-7836199,0.00,3.85,0.00,"[{""label_format"":""PDF""},{""print_custom_1"":""ecom""}]",
2026-08-04T16:47:44Z,shp_00005481,9400100000000000005481,delivered,adr_from0001,Goodwill E-Com (test),Goodwill Michiana (test),100 Test Warehouse Rd,,South Bend,IN,46601,US,false,adr_to000199,Test Buyer,,200 Example Ave,,Fakeport,IL,60601,US,true,prcl_000199,10,8,4,44.8,,2026-08-04T16:47:45Z,rate_000199,GroundAdvantage,USPS,7.34,,false,,SGW-7713219,0.00,7.34,0.00,"[{""label_format"":""PDF""},{""print_custom_1"":""ecom""}]",
2026-08-04T17:00:57Z,shp_00005567,9400100000000000005567,delivered,adr_from0001,Goodwill E-Com (test),Goodwill Michiana (test),100 Test Warehouse Rd,,South Bend,IN,46601,US,false,adr_to000200,Test Buyer,,201 Example Ave,,Testville,IN,46601,US,true,prcl_000200,10,8,4,46.4,,2026-08-04T17:00:58Z,rate_000200,GroundAdvantage,USPS,5.67,,false,,112-7213451-5979546,0.00,5.67,0.00,"[{""label_format"":""PDF""},{""print_custom_1"":""ecom""}]",
2026-08-04T17:05:23Z,shp_00005589,9400100000000000005589,delivered,adr_from0001,Goodwill E-Com (test),Goodwill Michiana (test),100 Test Warehouse Rd,,South Bend,IN,46601,US,false,adr_to000201,Test Buyer,,202 Example Ave,,Sampleton,OH,43004,US,true,prcl_000201,10,8,4,14.4,,2026-08-04T17:05:24Z,rate_000201,GroundAdvantage,USPS,10.63,,false,,SGW-7713525,0.00,10.63,0.00,"[{""label_format"":""PDF""},{""print_custom_1"":""ecom""}]",
2026-08-04T17:32:36Z,shp_00005635,9400100000000000005635,delivered,adr_from0001,Goodwill E-Com (test),Goodwill Michiana (test),100 Test Warehouse Rd,,South Bend,IN,46601,US,false,adr_to000202,Test Buyer,,203 Example Ave,,Mocksburg,MI,49001,US,true,prcl_000202,10,8,4,27.2,,2026-08-04T17:32:37Z,rate_000202,GroundAdvantage,USPS,5.23,,false,,01-13611-74426,0.00,5.23,0.00,"[{""label_format"":""PDF""},{""print_custom_1"":""ecom""}]",
2026-08-04T17:36:20Z,shp_00005611,9400100000000000005611,delivered,adr_from0001,Goodwill E-Com (test),Goodwill Michiana (test),100 Test Warehouse Rd,,South Bend,IN,46601,US,false,adr_to000203,Test Buyer,,204 Example Ave,,Fakeport,IL,60601,US,true,prcl_000203,10,8,4,12.8,,2026-08-04T17:36:21Z,rate_000203,Priority,USPS,10.43,,false,,SGW-7713568,0.00,10.43,0.00,"[{""label_format"":""PDF""},{""print_custom_1"":""ecom""}]",
2026-08-04T17:53:20Z,shp_00005547,9400100000000000005547,delivered,adr_from0001,Goodwill E-Com (test),Goodwill Michiana (test),100 Test Warehouse Rd,,South Bend,IN,46601,US,false,adr_to000204,Test Buyer,,205 Example Ave,,Testville,IN,46601,US,true,prcl_000204,10,8,4,65.6,,2026-08-04T17:53:21Z,rate_000204,GroundAdvantage,USPS,5.51,,false,,SGW-7713402,0.00,5.51,0.00,"[{""label_format"":""PDF""},{""print_custom_1"":""ecom""}]",
2026-08-04T17:53:58Z,shp_00005593,9400100000000000005593,delivered,adr_from0001,Goodwill E-Com (test),Goodwill Michiana (test),100 Test Warehouse Rd,,South Bend,IN,46601,US,false,adr_to000205,Test Buyer,,206 Example Ave,,Sampleton,OH,43004,US,true,prcl_000205,10,8,4,49.6,,2026-08-04T17:53:59Z,rate_000205,GroundAdvantage,USPS,8.28,,false,,SGW-7713534,0.00,8.28,0.00,"[{""label_format"":""PDF""},{""print_custom_1"":""ecom""}]",
2026-08-04T17:59:18Z,shp_00005585,9400100000000000005585,delivered,adr_from0001,Goodwill E-Com (test),Goodwill Michiana (test),100 Test Warehouse Rd,,South Bend,IN,46601,US,false,adr_to000206,Test Buyer,,207 Example Ave,,Mocksburg,MI,49001,US,true,prcl_000206,10,8,4,32.0,,2026-08-04T17:59:19Z,rate_000206,Priority,USPS,10.79,,false,,SGW-7713514,0.00,10.79,0.00,"[{""label_format"":""PDF""},{""print_custom_1"":""ecom""}]",
2026-08-04T18:10:41Z,shp_00005569,9400100000000000005569,in_transit,adr_from0001,Goodwill E-Com (test),Goodwill Michiana (test),100 Test Warehouse Rd,,South Bend,IN,46601,US,false,adr_to000207,Test Buyer,,208 Example Ave,,Fakeport,IL,60601,US,true,prcl_000207,10,8,4,6.4,,2026-08-04T18:10:42Z,rate_000207,GroundAdvantage,USPS,3.54,,false,,113-7913455-4000787,0.00,3.54,0.00,"[{""label_format"":""PDF""},{""print_custom_1"":""ecom""}]",
2026-08-04T18:30:55Z,shp_00005588,9400100000000000005588,delivered,adr_from0001,Goodwill E-Com (test),Goodwill Michiana (test),100 Test Warehouse Rd,,South Bend,IN,46601,US,false,adr_to000208,Test Buyer,,209 Example Ave,,Testville,IN,46601,US,true,prcl_000208,10,8,4,20.8,,2026-08-04T18:30:56Z,rate_000208,GroundAdvantage,USPS,9.63,,false,,SGW-7713523,0.00,9.63,0.00,"[{""label_format"":""PDF""},{""print_custom_1"":""ecom""}]",
2026-08-04T18:32:16Z,shp_00005641,9400100000000000005641,delivered,adr_from0001,Goodwill E-Com (test),Goodwill Michiana (test),100 Test Warehouse Rd,,South Bend,IN,46601,US,false,adr_to000209,Test Buyer,,210 Example Ave,,Sampleton,OH,43004,US,true,prcl_000209,10,8,4,14.4,,2026-08-04T18:32:17Z,rate_000209,GroundAdvantage,USPS,5.25,,false,,03-13629-97935,0.00,5.25,0.00,"[{""label_format"":""PDF""},{""print_custom_1"":""ecom""}]",
2026-08-04T18:40:21Z,shp_00005644,9400100000000000005644,delivered,adr_from0001,Goodwill E-Com (test),Goodwill Michiana (test),100 Test Warehouse Rd,,South Bend,IN,46601,US,false,adr_to000210,Test Buyer,,211 Example Ave,,Mocksburg,MI,49001,US,true,prcl_000210,10,8,4,8.0,,2026-08-04T18:40:22Z,rate_000210,GroundAdvantage,USPS,6.45,,false,,m00000013632,0.00,6.45,0.00,"[{""label_format"":""PDF""},{""print_custom_1"":""ecom""}]",
2026-08-04T18:49:50Z,shp_00005600,9400100000000000005600,delivered,adr_from0001,Goodwill E-Com (test),Goodwill Michiana (test),100 Test Warehouse Rd,,South Bend,IN,46601,US,false,adr_to000211,Test Buyer,,212 Example Ave,,Fakeport,IL,60601,US,true,prcl_000211,10,8,4,8.0,,2026-08-04T18:49:51Z,rate_000211,GroundAdvantage,USPS,10.94,,false,,SGW-7713547,0.00,10.94,0.00,"[{""label_format"":""PDF""},{""print_custom_1"":""ecom""}]",
2026-08-04T18:54:07Z,shp_00005607,9400100000000000005607,delivered,adr_from0001,Goodwill E-Com (test),Goodwill Michiana (test),100 Test Warehouse Rd,,South Bend,IN,46601,US,false,adr_to000212,Test Buyer,,213 Example Ave,,Testville,IN,46601,US,true,prcl_000212,10,8,4,19.2,,2026-08-04T18:54:08Z,rate_000212,GroundAdvantage,USPS,15.36,,false,,SGW-7713563,0.00,15.36,0.00,"[{""label_format"":""PDF""},{""print_custom_1"":""ecom""}]",
2026-08-04T18:55:26Z,shp_00005613,9400100000000000005613,delivered,adr_from0001,Goodwill E-Com (test),Goodwill Michiana (test),100 Test Warehouse Rd,,South Bend,IN,46601,US,false,adr_to000213,Test Buyer,,214 Example Ave,,Sampleton,OH,43004,US,true,prcl_000213,10,8,4,25.6,,2026-08-04T18:55:27Z,rate_000213,Priority,USPS,3.46,,false,,113-2513573-4569152,0.00,3.46,0.00,"[{""label_format"":""PDF""},{""print_custom_1"":""ecom""}]",
2026-08-04T18:56:12Z,shp_00005549,9400100000000000005549,delivered,adr_from0001,Goodwill E-Com (test),Goodwill Michiana (test),100 Test Warehouse Rd,,South Bend,IN,46601,US,false,adr_to000214,Test Buyer,,215 Example Ave,,Mocksburg,MI,49001,US,true,prcl_000214,10,8,4,25.6,,2026-08-04T18:56:13Z,rate_000214,Priority,USPS,9.94,,false,,SGW-7713405,0.00,9.94,0.00,"[{""label_format"":""PDF""},{""print_custom_1"":""ecom""}]",
2026-08-04T19:00:53Z,shp_00005642,9400100000000000005642,delivered,adr_from0001,Goodwill E-Com (test),Goodwill Michiana (test),100 Test Warehouse Rd,,South Bend,IN,46601,US,false,adr_to000215,Test Buyer,,216 Example Ave,,Fakeport,IL,60601,US,true,prcl_000215,10,8,4,25.6,,2026-08-04T19:00:54Z,rate_000215,GroundAdvantage,USPS,4.64,,false,,21-13630-20302,0.00,4.64,0.00,"[{""label_format"":""PDF""},{""print_custom_1"":""ecom""}]",
2026-08-04T19:02:30Z,shp_00005623,9400100000000000005623,in_transit,adr_from0001,Goodwill E-Com (test),Goodwill Michiana (test),100 Test Warehouse Rd,,South Bend,IN,46601,US,false,adr_to000216,Test Buyer,,217 Example Ave,,Testville,IN,46601,US,true,prcl_000216,10,8,4,33.6,,2026-08-04T19:02:31Z,rate_000216,Priority,USPS,5.83,,false,,114-8113592-2903453,0.00,5.83,0.00,"[{""label_format"":""PDF""},{""print_custom_1"":""ecom""}]",
2026-08-04T19:08:19Z,shp_00005560,9400100000000000005560,delivered,adr_from0001,Goodwill E-Com (test),Goodwill Michiana (test),100 Test Warehouse Rd,,South Bend,IN,46601,US,false,adr_to000217,Test Buyer,,218 Example Ave,,Sampleton,OH,43004,US,true,prcl_000217,10,8,4,44.8,,2026-08-04T19:08:20Z,rate_000217,GroundAdvantage,USPS,3.28,,false,,114-3213440-2975738,0.00,3.28,0.00,"[{""label_format"":""PDF""},{""print_custom_1"":""ecom""}]",
2026-08-04T19:09:33Z,shp_00005627,9400100000000000005627,delivered,adr_from0001,Goodwill E-Com (test),Goodwill Michiana (test),100 Test Warehouse Rd,,South Bend,IN,46601,US,false,adr_to000218,Test Buyer,,219 Example Ave,,Mocksburg,MI,49001,US,true,prcl_000218,10,8,4,20.8,,2026-08-04T19:09:34Z,rate_000218,Priority,USPS,3.64,,false,,112-2713597-9705332,0.00,3.64,0.00,"[{""label_format"":""PDF""},{""print_custom_1"":""ecom""}]",
2026-08-04T19:21:05Z,shp_00005628,9400100000000000005628,delivered,adr_from0001,Goodwill E-Com (test),Goodwill Michiana (test),100 Test Warehouse Rd,,South Bend,IN,46601,US,false,adr_to000219,Test Buyer,,220 Example Ave,,Fakeport,IL,60601,US,true,prcl_000219,10,8,4,54.4,,2026-08-04T19:21:06Z,rate_000219,GroundAdvantage,USPS,3.68,,false,,114-0813598-8071393,0.00,3.68,0.00,"[{""label_format"":""PDF""},{""print_custom_1"":""ecom""}]",
2026-08-04T19:41:42Z,shp_00005604,9400100000000000005604,delivered,adr_from0001,Goodwill E-Com (test),Goodwill Michiana (test),100 Test Warehouse Rd,,South Bend,IN,46601,US,false,adr_to000220,Test Buyer,,221 Example Ave,,Testville,IN,46601,US,true,prcl_000220,10,8,4,11.2,,2026-08-04T19:41:43Z,rate_000220,GroundAdvantage,USPS,11.79,,false,,SGW-7713554,0.00,11.79,0.00,"[{""label_format"":""PDF""},{""print_custom_1"":""ecom""}]",
2026-08-04T20:04:35Z,shp_00005579,9400100000000000005579,delivered,adr_from0001,Goodwill E-Com (test),Goodwill Michiana (test),100 Test Warehouse Rd,,South Bend,IN,46601,US,false,adr_to000221,Test Buyer,,222 Example Ave,,Sampleton,OH,43004,US,true,prcl_000221,10,8,4,20.8,,2026-08-04T20:04:36Z,rate_000221,Priority,USPS,4.75,,false,,27-13483-75864,0.00,4.75,0.00,"[{""label_format"":""PDF""},{""print_custom_1"":""ecom""}]",
2026-08-04T20:11:02Z,shp_00005622,9400100000000000005622,delivered,adr_from0001,Goodwill E-Com (test),Goodwill Michiana (test),100 Test Warehouse Rd,,South Bend,IN,46601,US,false,adr_to000222,Test Buyer,,223 Example Ave,,Mocksburg,MI,49001,US,true,prcl_000222,10,8,4,28.8,,2026-08-04T20:11:03Z,rate_000222,Priority,USPS,3.86,,false,,113-1013591-0055865,0.00,3.86,0.00,"[{""label_format"":""PDF""},{""print_custom_1"":""ecom""}]",
2026-08-04T20:21:49Z,shp_00005615,9400100000000000005615,delivered,adr_from0001,Goodwill E-Com (test),Goodwill Michiana (test),100 Test Warehouse Rd,,South Bend,IN,46601,US,false,adr_to000223,Test Buyer,,224 Example Ave,,Fakeport,IL,60601,US,true,prcl_000223,10,8,4,27.2,,2026-08-04T20:21:50Z,rate_000223,GroundAdvantage,USPS,3.50,,false,,114-8413577-2610678,0.00,3.50,0.00,"[{""label_format"":""PDF""},{""print_custom_1"":""ecom""}]",
2026-08-04T20:23:04Z,shp_00005639,9400100000000000005639,delivered,adr_from0001,Goodwill E-Com (test),Goodwill Michiana (test),100 Test Warehouse Rd,,South Bend,IN,46601,US,false,adr_to000224,Test Buyer,,225 Example Ave,,Testville,IN,46601,US,true,prcl_000224,10,8,4,24.0,,2026-08-04T20:23:05Z,rate_000224,GroundAdvantage,USPS,9.39,,false,,26-13626-34147,0.00,9.39,0.00,"[{""label_format"":""PDF""},{""print_custom_1"":""ecom""}]",
2026-08-04T20:37:51Z,shp_00005630,9400100000000000005630,in_transit,adr_from0001,Goodwill E-Com (test),Goodwill Michiana (test),100 Test Warehouse Rd,,South Bend,IN,46601,US,false,adr_to000225,Test Buyer,,226 Example Ave,,Sampleton,OH,43004,US,true,prcl_000225,10,8,4,33.6,,2026-08-04T20:37:52Z,rate_000225,GroundAdvantage,USPS,3.56,,false,,112-2313602-2259829,0.00,3.56,0.00,"[{""label_format"":""PDF""},{""print_custom_1"":""ecom""}]",
2026-08-04T20:58:50Z,shp_00005595,9400100000000000005595,delivered,adr_from0001,Goodwill E-Com (test),Goodwill Michiana (test),100 Test Warehouse Rd,,South Bend,IN,46601,US,false,adr_to000226,Test Buyer,,227 Example Ave,,Mocksburg,MI,49001,US,true,prcl_000226,10,8,4,12.8,,2026-08-04T20:58:51Z,rate_000226,GroundAdvantage,USPS,9.70,,false,,SGW-7713539,0.00,9.70,0.00,"[{""label_format"":""PDF""},{""print_custom_1"":""ecom""}]",
2026-08-05T13:07:55Z,shp_00005690,9400100000000000005690,delivered,adr_from0001,Goodwill E-Com (test),Goodwill Michiana (test),100 Test Warehouse Rd,,South Bend,IN,46601,US,false,adr_to000227,Test Buyer,,228 Example Ave,,Fakeport,IL,60601,US,true,prcl_000227,10,8,4,62.4,,2026-08-05T13:07:56Z,rate_000227,GroundAdvantage,USPS,5.84,,false,,114-5313732-5318351,0.00,5.84,0.00,"[{""label_format"":""PDF""},{""print_custom_1"":""ecom""}]",
2026-08-05T13:15:22Z,shp_00005655,9400100000000000005655,delivered,adr_from0001,Goodwill E-Com (test),Goodwill Michiana (test),100 Test Warehouse Rd,,South Bend,IN,46601,US,false,adr_to000228,Test Buyer,,229 Example Ave,,Testville,IN,46601,US,true,prcl_000228,10,8,4,8.0,,2026-08-05T13:15:23Z,rate_000228,GroundAdvantage,USPS,14.51,,false,,SGW-7713665,0.00,14.51,0.00,"[{""label_format"":""PDF""},{""print_custom_1"":""ecom""}]",
2026-08-05T13:20:33Z,shp_00005648,9400100000000000005648,delivered,adr_from0001,Goodwill E-Com (test),Goodwill Michiana (test),100 Test Warehouse Rd,,South Bend,IN,46601,US,false,adr_to000229,Test Buyer,,230 Example Ave,,Sampleton,OH,43004,US,true,prcl_000229,10,8,4,19.2,,2026-08-05T13:20:34Z,rate_000229,Priority,USPS,5.83,,false,,SGW-7713651,0.00,5.83,0.00,"[{""label_format"":""PDF""},{""print_custom_1"":""ecom""}]",
2026-08-05T13:35:39Z,shp_00005682,9400100000000000005682,delivered,adr_from0001,Goodwill E-Com (test),Goodwill Michiana (test),100 Test Warehouse Rd,,South Bend,IN,46601,US,false,adr_to000230,Test Buyer,,231 Example Ave,,Mocksburg,MI,49001,US,true,prcl_000230,10,8,4,27.2,,2026-08-05T13:35:40Z,rate_000230,GroundAdvantage,USPS,3.56,,false,,112-0513718-2778441,0.00,3.56,0.00,"[{""label_format"":""PDF""},{""print_custom_1"":""ecom""}]",
2026-08-05T13:36:33Z,shp_00005695,9400100000000000005695,delivered,adr_from0001,Goodwill E-Com (test),Goodwill Michiana (test),100 Test Warehouse Rd,,South Bend,IN,46601,US,false,adr_to000231,Test Buyer,,232 Example Ave,,Fakeport,IL,60601,US,true,prcl_000231,10,8,4,28.8,,2026-08-05T13:36:34Z,rate_000231,GroundAdvantage,USPS,4.92,,false,,113-2813743-6945396,0.00,4.92,0.00,"[{""label_format"":""PDF""},{""print_custom_1"":""ecom""}]",
2026-08-05T13:39:15Z,shp_00005696,9400100000000000005696,delivered,adr_from0001,Goodwill E-Com (test),Goodwill Michiana (test),100 Test Warehouse Rd,,South Bend,IN,46601,US,false,adr_to000232,Test Buyer,,233 Example Ave,,Testville,IN,46601,US,true,prcl_000232,10,8,4,56.0,,2026-08-05T13:39:16Z,rate_000232,GroundAdvantage,USPS,5.76,,false,,114-8013746-7980902,0.00,5.76,0.00,"[{""label_format"":""PDF""},{""print_custom_1"":""ecom""}]",
2026-08-05T13:44:55Z,shp_00005666,9400100000000000005666,delivered,adr_from0001,Goodwill E-Com (test),Goodwill Michiana (test),100 Test Warehouse Rd,,South Bend,IN,46601,US,false,adr_to000233,Test Buyer,,234 Example Ave,,Sampleton,OH,43004,US,true,prcl_000233,10,8,4,27.2,,2026-08-05T13:44:56Z,rate_000233,GroundAdvantage,USPS,9.52,,false,,SGW-7713690,0.00,9.52,0.00,"[{""label_format"":""PDF""},{""print_custom_1"":""ecom""}]",
2026-08-05T13:55:53Z,shp_00005662,9400100000000000005662,in_transit,adr_from0001,Goodwill E-Com (test),Goodwill Michiana (test),100 Test Warehouse Rd,,South Bend,IN,46601,US,false,adr_to000234,Test Buyer,,235 Example Ave,,Mocksburg,MI,49001,US,true,prcl_000234,10,8,4,35.2,,2026-08-05T13:55:54Z,rate_000234,GroundAdvantage,USPS,7.29,,false,,SGW-7713675,0.00,7.29,0.00,"[{""label_format"":""PDF""},{""print_custom_1"":""ecom""}]",
2026-08-05T14:02:50Z,shp_00005692,9400100000000000005692,delivered,adr_from0001,Goodwill E-Com (test),Goodwill Michiana (test),100 Test Warehouse Rd,,South Bend,IN,46601,US,false,adr_to000235,Test Buyer,,236 Example Ave,,Fakeport,IL,60601,US,true,prcl_000235,10,8,4,68.8,,2026-08-05T14:02:51Z,rate_000235,Priority,USPS,4.99,,false,,114-4913736-5831788,0.00,4.99,0.00,"[{""label_format"":""PDF""},{""print_custom_1"":""ecom""}]",
2026-08-05T14:07:04Z,shp_00005617,9400100000000000005617,delivered,adr_from0001,Goodwill E-Com (test),Goodwill Michiana (test),100 Test Warehouse Rd,,South Bend,IN,46601,US,false,adr_to000236,Test Buyer,,237 Example Ave,,Testville,IN,46601,US,true,prcl_000236,10,8,4,20.8,,2026-08-05T14:07:05Z,rate_000236,GroundAdvantage,USPS,5.29,,false,,112-3613581-4517770,0.00,5.29,0.00,"[{""label_format"":""PDF""},{""print_custom_1"":""ecom""}]",
2026-08-05T14:09:49Z,shp_00005671,9400100000000000005671,delivered,adr_from0001,Goodwill E-Com (test),Goodwill Michiana (test),100 Test Warehouse Rd,,South Bend,IN,46601,US,false,adr_to000237,Test Buyer,,238 Example Ave,,Sampleton,OH,43004,US,true,prcl_000237,10,8,4,36.8,,2026-08-05T14:09:50Z,rate_000237,GroundAdvantage,USPS,3.77,,false,,113-8713703-4683275,0.00,3.77,0.00,"[{""label_format"":""PDF""},{""print_custom_1"":""ecom""}]",
2026-08-05T14:24:40Z,shp_00005658,9400100000000000005658,delivered,adr_from0001,Goodwill E-Com (test),Goodwill Michiana (test),100 Test Warehouse Rd,,South Bend,IN,46601,US,false,adr_to000238,Test Buyer,,239 Example Ave,,Mocksburg,MI,49001,US,true,prcl_000238,10,8,4,14.4,,2026-08-05T14:24:41Z,rate_000238,Priority,USPS,12.20,,false,,SGW-7713669,0.00,12.20,0.00,"[{""label_format"":""PDF""},{""print_custom_1"":""ecom""}]",
2026-08-05T14:27:31Z,shp_00005612,9400100000000000005612,delivered,adr_from0001,Goodwill E-Com (test),Goodwill Michiana (test),100 Test Warehouse Rd,,South Bend,IN,46601,US,false,adr_to000239,Test Buyer,,240 Example Ave,,Fakeport,IL,60601,US,true,prcl_000239,10,8,4,4.8,,2026-08-05T14:27:32Z,rate_000239,GroundAdvantage,USPS,3.84,,false,,112-9513570-1098031,0.00,3.84,0.00,"[{""label_format"":""PDF""},{""print_custom_1"":""ecom""}]",
2026-08-05T14:58:02Z,shp_00005659,9400100000000000005659,delivered,adr_from0001,Goodwill E-Com (test),Goodwill Michiana (test),100 Test Warehouse Rd,,South Bend,IN,46601,US,false,adr_to000240,Test Buyer,,241 Example Ave,,Testville,IN,46601,US,true,prcl_000240,10,8,4,73.6,,2026-08-05T14:58:03Z,rate_000240,GroundAdvantage,USPS,9.88,,false,,SGW-7713670,0.00,9.88,0.00,"[{""label_format"":""PDF""},{""print_custom_1"":""ecom""}]",
2026-08-05T15:15:14Z,shp_00005559,9400100000000000005559,delivered,adr_from0001,Goodwill E-Com (test),Goodwill Michiana (test),100 Test Warehouse Rd,,South Bend,IN,46601,US,false,adr_to000241,Test Buyer,,242 Example Ave,,Sampleton,OH,43004,US,true,prcl_000241,10,8,4,9.6,,2026-08-05T15:15:15Z,rate_000241,GroundAdvantage,USPS,3.68,,false,,111-1513439-0474858,0.00,3.68,0.00,"[{""label_format"":""PDF""},{""print_custom_1"":""ecom""}]",
2026-08-05T15:17:14Z,shp_00005640,9400100000000000005640,delivered,adr_from0001,Goodwill E-Com (test),Goodwill Michiana (test),100 Test Warehouse Rd,,South Bend,IN,46601,US,false,adr_to000242,Test Buyer,,243 Example Ave,,Mocksburg,MI,49001,US,true,prcl_000242,10,8,4,11.2,,2026-08-05T15:17:15Z,rate_000242,GroundAdvantage,USPS,6.48,,false,,12-13627-94524,0.00,6.48,0.00,"[{""label_format"":""PDF""},{""print_custom_1"":""ecom""}]",
2026-08-05T15:19:38Z,shp_00005681,9400100000000000005681,in_transit,adr_from0001,Goodwill E-Com (test),Goodwill Michiana (test),100 Test Warehouse Rd,,South Bend,IN,46601,US,false,adr_to000243,Test Buyer,,244 Example Ave,,Fakeport,IL,60601,US,true,prcl_000243,10,8,4,51.2,,2026-08-05T15:19:39Z,rate_000243,Priority,USPS,3.51,,false,,114-1313716-5873387,0.00,3.51,0.00,"[{""label_format"":""PDF""},{""print_custom_1"":""ecom""}]",
2026-08-05T15:20:06Z,shp_00005536,9400100000000000005536,delivered,adr_from0001,Goodwill E-Com (test),Goodwill Michiana (test),100 Test Warehouse Rd,,South Bend,IN,46601,US,false,adr_to000244,Test Buyer,,245 Example Ave,,Testville,IN,46601,US,true,prcl_000244,10,8,4,49.6,,2026-08-05T15:20:07Z,rate_000244,GroundAdvantage,USPS,8.72,,false,,SGW-7713368,0.00,8.72,0.00,"[{""label_format"":""PDF""},{""print_custom_1"":""ecom""}]",
2026-08-05T15:23:08Z,shp_00005693,9400100000000000005693,delivered,adr_from0001,Goodwill E-Com (test),Goodwill Michiana (test),100 Test Warehouse Rd,,South Bend,IN,46601,US,false,adr_to000245,Test Buyer,,246 Example Ave,,Sampleton,OH,43004,US,true,prcl_000245,10,8,4,40.0,,2026-08-05T15:23:09Z,rate_000245,GroundAdvantage,USPS,3.46,,false,,114-7213738-7773886,0.00,3.46,0.00,"[{""label_format"":""PDF""},{""print_custom_1"":""ecom""}]",
2026-08-05T15:24:05Z,shp_00005678,9400100000000000005678,delivered,adr_from0001,Goodwill E-Com (test),Goodwill Michiana (test),100 Test Warehouse Rd,,South Bend,IN,46601,US,false,adr_to000246,Test Buyer,,247 Example Ave,,Mocksburg,MI,49001,US,true,prcl_000246,10,8,4,49.6,,2026-08-05T15:24:06Z,rate_000246,Priority,USPS,3.57,,false,,111-3913713-5321263,0.00,3.57,0.00,"[{""label_format"":""PDF""},{""print_custom_1"":""ecom""}]",
2026-08-05T15:40:38Z,shp_00005698,9400100000000000005698,delivered,adr_from0001,Goodwill E-Com (test),Goodwill Michiana (test),100 Test Warehouse Rd,,South Bend,IN,46601,US,false,adr_to000247,Test Buyer,,248 Example Ave,,Fakeport,IL,60601,US,true,prcl_000247,10,8,4,38.4,,2026-08-05T15:40:39Z,rate_000247,GroundAdvantage,USPS,3.71,,false,,18-13755-04640,0.00,3.71,0.00,"[{""label_format"":""PDF""},{""print_custom_1"":""ecom""}]",
2026-08-05T15:58:49Z,shp_00005619,9400100000000000005619,delivered,adr_from0001,Goodwill E-Com (test),Goodwill Michiana (test),100 Test Warehouse Rd,,South Bend,IN,46601,US,false,adr_to000248,Test Buyer,,249 Example Ave,,Testville,IN,46601,US,true,prcl_000248,10,8,4,35.2,,2026-08-05T15:58:50Z,rate_000248,GroundAdvantage,USPS,3.50,,false,,111-4213583-5633465,0.00,3.50,0.00,"[{""label_format"":""PDF""},{""print_custom_1"":""ecom""}]",
2026-08-05T16:13:51Z,shp_00005621,9400100000000000005621,delivered,adr_from0001,Goodwill E-Com (test),Goodwill Michiana (test),100 Test Warehouse Rd,,South Bend,IN,46601,US,false,adr_to000249,Test Buyer,,250 Example Ave,,Sampleton,OH,43004,US,true,prcl_000249,10,8,4,70.4,,2026-08-05T16:13:52Z,rate_000249,GroundAdvantage,USPS,3.87,,false,,112-7213589-8774932,0.00,3.87,0.00,"[{""label_format"":""PDF""},{""print_custom_1"":""ecom""}]",
2026-08-05T16:21:46Z,shp_00005691,9400100000000000005691,delivered,adr_from0001,Goodwill E-Com (test),Goodwill Michiana (test),100 Test Warehouse Rd,,South Bend,IN,46601,US,false,adr_to000250,Test Buyer,,251 Example Ave,,Mocksburg,MI,49001,US,true,prcl_000250,10,8,4,25.6,,2026-08-05T16:21:47Z,rate_000250,GroundAdvantage,USPS,5.45,,false,,112-3813735-6562982,0.00,5.45,0.00,"[{""label_format"":""PDF""},{""print_custom_1"":""ecom""}]",
2026-08-05T16:46:48Z,shp_00005667,9400100000000000005667,delivered,adr_from0001,Goodwill E-Com (test),Goodwill Michiana (test),100 Test Warehouse Rd,,South Bend,IN,46601,US,false,adr_to000251,Test Buyer,,252 Example Ave,,Fakeport,IL,60601,US,true,prcl_000251,10,8,4,14.4,,2026-08-05T16:46:49Z,rate_000251,GroundAdvantage,USPS,4.42,,false,,SGW-7713692,0.00,4.42,0.00,"[{""label_format"":""PDF""},{""print_custom_1"":""ecom""}]",
2026-08-05T16:53:49Z,shp_00005668,9400100000000000005668,in_transit,adr_from0001,Goodwill E-Com (test),Goodwill Michiana (test),100 Test Warehouse Rd,,South Bend,IN,46601,US,false,adr_to000252,Test Buyer,,253 Example Ave,,Testville,IN,46601,US,true,prcl_000252,10,8,4,11.2,,2026-08-05T16:53:50Z,rate_000252,GroundAdvantage,USPS,3.67,,false,,112-4813699-4343699,0.00,3.67,0.00,"[{""label_format"":""PDF""},{""print_custom_1"":""ecom""}]",
2026-08-05T17:00:08Z,shp_00005679,9400100000000000005679,delivered,adr_from0001,Goodwill E-Com (test),Goodwill Michiana (test),100 Test Warehouse Rd,,South Bend,IN,46601,US,false,adr_to000253,Test Buyer,,254 Example Ave,,Sampleton,OH,43004,US,true,prcl_000253,10,8,4,86.4,,2026-08-05T17:00:09Z,rate_000253,Priority,USPS,3.89,,false,,111-3013714-3219771,0.00,3.89,0.00,"[{""label_format"":""PDF""},{""print_custom_1"":""ecom""}]",
2026-08-05T17:00:32Z,shp_00005689,9400100000000000005689,delivered,adr_from0001,Goodwill E-Com (test),Goodwill Michiana (test),100 Test Warehouse Rd,,South Bend,IN,46601,US,false,adr_to000254,Test Buyer,,255 Example Ave,,Mocksburg,MI,49001,US,true,prcl_000254,10,8,4,17.6,,2026-08-05T17:00:33Z,rate_000254,GroundAdvantage,USPS,3.91,,false,,112-0813729-1624168,0.00,3.91,0.00,"[{""label_format"":""PDF""},{""print_custom_1"":""ecom""}]",
2026-08-05T17:04:39Z,shp_00005646,9400100000000000005646,unknown,adr_from0001,Goodwill E-Com (test),Goodwill Michiana (test),100 Test Warehouse Rd,,South Bend,IN,46601,US,false,adr_to000255,Test Buyer,,256 Example Ave,,Fakeport,IL,60601,US,true,prcl_000255,10,8,4,20.8,,2026-08-05T17:04:40Z,rate_000255,Priority,USPS,8.62,,false,refunded,SGW-7713649,0.00,8.62,0.00,"[{""label_format"":""PDF""},{""print_custom_1"":""ecom""}]",
2026-08-05T17:23:10Z,shp_00005626,9400100000000000005626,delivered,adr_from0001,Goodwill E-Com (test),Goodwill Michiana (test),100 Test Warehouse Rd,,South Bend,IN,46601,US,false,adr_to000256,Test Buyer,,257 Example Ave,,Testville,IN,46601,US,true,prcl_000256,10,8,4,28.8,,2026-08-05T17:23:11Z,rate_000256,GroundAdvantage,USPS,3.38,,false,,112-1013596-3875883,0.00,3.38,0.00,"[{""label_format"":""PDF""},{""print_custom_1"":""ecom""}]",
2026-08-05T17:31:39Z,shp_00005669,9400100000000000005669,delivered,adr_from0001,Goodwill E-Com (test),Goodwill Michiana (test),100 Test Warehouse Rd,,South Bend,IN,46601,US,false,adr_to000257,Test Buyer,,258 Example Ave,,Sampleton,OH,43004,US,true,prcl_000257,10,8,4,35.2,,2026-08-05T17:31:40Z,rate_000257,GroundAdvantage,USPS,3.55,,false,,112-1313701-5647318,0.00,3.55,0.00,"[{""label_format"":""PDF""},{""print_custom_1"":""ecom""}]",
2026-08-05T17:36:54Z,shp_00005636,9400100000000000005636,delivered,adr_from0001,Goodwill E-Com (test),Goodwill Michiana (test),100 Test Warehouse Rd,,South Bend,IN,46601,US,false,adr_to000258,Test Buyer,,259 Example Ave,,Mocksburg,MI,49001,US,true,prcl_000258,10,8,4,17.6,,2026-08-05T17:36:55Z,rate_000258,GroundAdvantage,USPS,5.27,,false,,10-13614-56773,0.00,5.27,0.00,"[{""label_format"":""PDF""},{""print_custom_1"":""ecom""}]",
2026-08-05T17:39:06Z,shp_00005657,9400100000000000005657,delivered,adr_from0001,Goodwill E-Com (test),Goodwill Michiana (test),100 Test Warehouse Rd,,South Bend,IN,46601,US,false,adr_to000259,Test Buyer,,260 Example Ave,,Fakeport,IL,60601,US,true,prcl_000259,10,8,4,24.0,,2026-08-05T17:39:07Z,rate_000259,Priority,USPS,15.11,,false,,SGW-7713668,0.00,15.11,0.00,"[{""label_format"":""PDF""},{""print_custom_1"":""ecom""}]",
2026-08-05T17:52:13Z,shp_00005602,9400100000000000005602,delivered,adr_from0001,Goodwill E-Com (test),Goodwill Michiana (test),100 Test Warehouse Rd,,South Bend,IN,46601,US,false,adr_to000260,Test Buyer,,261 Example Ave,,Testville,IN,46601,US,true,prcl_000260,10,8,4,36.8,,2026-08-05T17:52:14Z,rate_000260,Priority,USPS,8.82,,false,,SGW-7713551,0.00,8.82,0.00,"[{""label_format"":""PDF""},{""print_custom_1"":""ecom""}]",
2026-08-05T18:23:49Z,shp_00005703,9400100000000000005703,in_transit,adr_from0001,Goodwill E-Com (test),Goodwill Michiana (test),100 Test Warehouse Rd,,South Bend,IN,46601,US,false,adr_to000261,Test Buyer,,262 Example Ave,,Sampleton,OH,43004,US,true,prcl_000261,10,8,4,70.4,,2026-08-05T18:23:50Z,rate_000261,GroundAdvantage,USPS,6.14,,false,,m00000013769,0.00,6.14,0.00,"[{""label_format"":""PDF""},{""print_custom_1"":""ecom""}]",
2026-08-05T18:33:52Z,shp_00005653,9400100000000000005653,delivered,adr_from0001,Goodwill E-Com (test),Goodwill Michiana (test),100 Test Warehouse Rd,,South Bend,IN,46601,US,false,adr_to000262,Test Buyer,,263 Example Ave,,Mocksburg,MI,49001,US,true,prcl_000262,10,8,4,27.2,,2026-08-05T18:33:53Z,rate_000262,GroundAdvantage,USPS,10.86,,false,,SGW-7713661,0.00,10.86,0.00,"[{""label_format"":""PDF""},{""print_custom_1"":""ecom""}]",
2026-08-05T18:35:29Z,shp_00005680,9400100000000000005680,delivered,adr_from0001,Goodwill E-Com (test),Goodwill Michiana (test),100 Test Warehouse Rd,,South Bend,IN,46601,US,false,adr_to000263,Test Buyer,,264 Example Ave,,Fakeport,IL,60601,US,true,prcl_000263,10,8,4,11.2,,2026-08-05T18:35:30Z,rate_000263,GroundAdvantage,USPS,3.51,,false,,111-5013715-2853343,0.00,3.51,0.00,"[{""label_format"":""PDF""},{""print_custom_1"":""ecom""}]",
2026-08-05T18:43:08Z,shp_00005650,9400100000000000005650,delivered,adr_from0001,Goodwill E-Com (test),Goodwill Michiana (test),100 Test Warehouse Rd,,South Bend,IN,46601,US,false,adr_to000264,Test Buyer,,265 Example Ave,,Testville,IN,46601,US,true,prcl_000264,10,8,4,17.6,,2026-08-05T18:43:09Z,rate_000264,GroundAdvantage,USPS,10.40,,false,,SGW-7713655,0.00,10.40,0.00,"[{""label_format"":""PDF""},{""print_custom_1"":""ecom""}]",
2026-08-05T18:54:42Z,shp_00005586,9400100000000000005586,delivered,adr_from0001,Goodwill E-Com (test),Goodwill Michiana (test),100 Test Warehouse Rd,,South Bend,IN,46601,US,false,adr_to000265,Test Buyer,,266 Example Ave,,Sampleton,OH,43004,US,true,prcl_000265,10,8,4,35.2,,2026-08-05T18:54:43Z,rate_000265,GroundAdvantage,USPS,7.21,,false,,SGW-7713515,0.00,7.21,0.00,"[{""label_format"":""PDF""},{""print_custom_1"":""ecom""}]",
2026-08-05T19:01:25Z,shp_00005625,9400100000000000005625,delivered,adr_from0001,Goodwill E-Com (test),Goodwill Michiana (test),100 Test Warehouse Rd,,South Bend,IN,46601,US,false,adr_to000266,Test Buyer,,267 Example Ave,,Mocksburg,MI,49001,US,true,prcl_000266,10,8,4,11.2,,2026-08-05T19:01:26Z,rate_000266,GroundAdvantage,USPS,3.35,,false,,111-6513595-3219857,0.00,3.35,0.00,"[{""label_format"":""PDF""},{""print_custom_1"":""ecom""}]",
2026-08-05T19:05:39Z,shp_00005665,9400100000000000005665,delivered,adr_from0001,Goodwill E-Com (test),Goodwill Michiana (test),100 Test Warehouse Rd,,South Bend,IN,46601,US,false,adr_to000267,Test Buyer,,268 Example Ave,,Fakeport,IL,60601,US,true,prcl_000267,10,8,4,25.6,,2026-08-05T19:05:40Z,rate_000267,GroundAdvantage,USPS,6.66,,false,,SGW-7713686,0.00,6.66,0.00,"[{""label_format"":""PDF""},{""print_custom_1"":""ecom""}]",
2026-08-05T19:16:26Z,shp_00005587,9400100000000000005587,delivered,adr_from0001,Goodwill E-Com (test),Goodwill Michiana (test),100 Test Warehouse Rd,,South Bend,IN,46601,US,false,adr_to000268,Test Buyer,,269 Example Ave,,Testville,IN,46601,US,true,prcl_000268,10,8,4,54.4,,2026-08-05T19:16:27Z,rate_000268,GroundAdvantage,USPS,12.22,,false,,SGW-7713518,0.00,12.22,0.00,"[{""label_format"":""PDF""},{""print_custom_1"":""ecom""}]",
2026-08-05T19:19:32Z,shp_00005632,9400100000000000005632,delivered,adr_from0001,Goodwill E-Com (test),Goodwill Michiana (test),100 Test Warehouse Rd,,South Bend,IN,46601,US,false,adr_to000269,Test Buyer,,270 Example Ave,,Sampleton,OH,43004,US,true,prcl_000269,10,8,4,19.2,,2026-08-05T19:19:33Z,rate_000269,GroundAdvantage,USPS,3.70,,false,,112-7713607-3482531,0.00,3.70,0.00,"[{""label_format"":""PDF""},{""print_custom_1"":""ecom""}]",
2026-08-05T19:26:00Z,shp_00005652,9400100000000000005652,in_transit,adr_from0001,Goodwill E-Com (test),Goodwill Michiana (test),100 Test Warehouse Rd,,South Bend,IN,46601,US,false,adr_to000270,Test Buyer,,271 Example Ave,,Mocksburg,MI,49001,US,true,prcl_000270,10,8,4,17.6,,2026-08-05T19:26:01Z,rate_000270,Priority,USPS,16.33,,false,,SGW-7713660,0.00,16.33,0.00,"[{""label_format"":""PDF""},{""print_custom_1"":""ecom""}]",
2026-08-05T19:26:17Z,shp_00005674,9400100000000000005674,delivered,adr_from0001,Goodwill E-Com (test),Goodwill Michiana (test),100 Test Warehouse Rd,,South Bend,IN,46601,US,false,adr_to000271,Test Buyer,,272 Example Ave,,Fakeport,IL,60601,US,true,prcl_000271,10,8,4,38.4,,2026-08-05T19:26:18Z,rate_000271,Priority,USPS,3.54,,false,,111-8913706-1825196,0.00,3.54,0.00,"[{""label_format"":""PDF""},{""print_custom_1"":""ecom""}]",
2026-08-05T19:28:27Z,shp_00005672,9400100000000000005672,delivered,adr_from0001,Goodwill E-Com (test),Goodwill Michiana (test),100 Test Warehouse Rd,,South Bend,IN,46601,US,false,adr_to000272,Test Buyer,,273 Example Ave,,Testville,IN,46601,US,true,prcl_000272,10,8,4,8.0,,2026-08-05T19:28:28Z,rate_000272,GroundAdvantage,USPS,3.45,,false,,111-3013704-5788527,0.00,3.45,0.00,"[{""label_format"":""PDF""},{""print_custom_1"":""ecom""}]",
2026-08-05T19:32:48Z,shp_00005645,9400100000000000005645,delivered,adr_from0001,Goodwill E-Com (test),Goodwill Michiana (test),100 Test Warehouse Rd,,South Bend,IN,46601,US,false,adr_to000273,Test Buyer,,274 Example Ave,,Sampleton,OH,43004,US,true,prcl_000273,10,8,4,14.4,,2026-08-05T19:32:49Z,rate_000273,GroundAdvantage,USPS,5.96,,false,,m00000013635,0.00,5.96,0.00,"[{""label_format"":""PDF""},{""print_custom_1"":""ecom""}]",
2026-08-05T19:39:41Z,shp_00005610,9400100000000000005610,delivered,adr_from0001,Goodwill E-Com (test),Goodwill Michiana (test),100 Test Warehouse Rd,,South Bend,IN,46601,US,false,adr_to000274,Test Buyer,,275 Example Ave,,Mocksburg,MI,49001,US,true,prcl_000274,10,8,4,19.2,,2026-08-05T19:39:42Z,rate_000274,GroundAdvantage,USPS,10.95,,false,,SGW-7713567,0.00,10.95,0.00,"[{""label_format"":""PDF""},{""print_custom_1"":""ecom""}]",
2026-08-05T19:52:26Z,shp_00005697,9400100000000000005697,delivered,adr_from0001,Goodwill E-Com (test),Goodwill Michiana (test),100 Test Warehouse Rd,,South Bend,IN,46601,US,false,adr_to000275,Test Buyer,,276 Example Ave,,Fakeport,IL,60601,US,true,prcl_000275,10,8,4,27.2,,2026-08-05T19:52:27Z,rate_000275,Priority,USPS,4.50,,false,,11-13753-84672,0.00,4.50,0.00,"[{""label_format"":""PDF""},{""print_custom_1"":""ecom""}]",
2026-08-05T19:58:04Z,shp_00005550,9400100000000000005550,delivered,adr_from0001,Goodwill E-Com (test),Goodwill Michiana (test),100 Test Warehouse Rd,,South Bend,IN,46601,US,false,adr_to000276,Test Buyer,,277 Example Ave,,Testville,IN,46601,US,true,prcl_000276,10,8,4,84.8,,2026-08-05T19:58:05Z,rate_000276,GroundAdvantage,USPS,10.58,,false,,SGW-7713409,0.00,10.58,0.00,"[{""label_format"":""PDF""},{""print_custom_1"":""ecom""}]",
2026-08-05T19:59:39Z,shp_00005705,9400100000000000005705,delivered,adr_from0001,Goodwill E-Com (test),Goodwill Michiana (test),100 Test Warehouse Rd,,South Bend,IN,46601,US,false,adr_to000277,Test Buyer,,278 Example Ave,,Sampleton,OH,43004,US,true,prcl_000277,10,8,4,12.8,,2026-08-05T19:59:40Z,rate_000277,GroundAdvantage,USPS,6.05,,false,,m00000013771,0.00,6.05,0.00,"[{""label_format"":""PDF""},{""print_custom_1"":""ecom""}]",
2026-08-05T20:25:11Z,shp_00005670,9400100000000000005670,delivered,adr_from0001,Goodwill E-Com (test),Goodwill Michiana (test),100 Test Warehouse Rd,,South Bend,IN,46601,US,false,adr_to000278,Test Buyer,,279 Example Ave,,Mocksburg,MI,49001,US,true,prcl_000278,10,8,4,28.8,,2026-08-05T20:25:12Z,rate_000278,Priority,USPS,3.75,,false,,112-9913702-8417301,0.00,3.75,0.00,"[{""label_format"":""PDF""},{""print_custom_1"":""ecom""}]",
2026-08-05T20:30:00Z,shp_00005683,9400100000000000005683,in_transit,adr_from0001,Goodwill E-Com (test),Goodwill Michiana (test),100 Test Warehouse Rd,,South Bend,IN,46601,US,false,adr_to000279,Test Buyer,,280 Example Ave,,Fakeport,IL,60601,US,true,prcl_000279,10,8,4,12.8,,2026-08-05T20:30:01Z,rate_000279,GroundAdvantage,USPS,3.41,,false,,112-7313719-9018952,0.00,3.41,0.00,"[{""label_format"":""PDF""},{""print_custom_1"":""ecom""}]",
2026-08-05T20:54:41Z,shp_00005676,9400100000000000005676,delivered,adr_from0001,Goodwill E-Com (test),Goodwill Michiana (test),100 Test Warehouse Rd,,South Bend,IN,46601,US,false,adr_to000280,Test Buyer,,281 Example Ave,,Testville,IN,46601,US,true,prcl_000280,10,8,4,60.8,,2026-08-05T20:54:42Z,rate_000280,GroundAdvantage,USPS,3.89,,false,,113-7513711-4777022,0.00,3.89,0.00,"[{""label_format"":""PDF""},{""print_custom_1"":""ecom""}]",
2026-08-05T20:58:02Z,shp_00005688,9400100000000000005688,delivered,adr_from0001,Goodwill E-Com (test),Goodwill Michiana (test),100 Test Warehouse Rd,,South Bend,IN,46601,US,false,adr_to000281,Test Buyer,,282 Example Ave,,Sampleton,OH,43004,US,true,prcl_000281,10,8,4,17.6,,2026-08-05T20:58:03Z,rate_000281,GroundAdvantage,USPS,3.33,,false,,112-8013726-1205770,0.00,3.33,0.00,"[{""label_format"":""PDF""},{""print_custom_1"":""ecom""}]",
2026-08-05T20:58:38Z,shp_00005654,9400100000000000005654,delivered,adr_from0001,Goodwill E-Com (test),Goodwill Michiana (test),100 Test Warehouse Rd,,South Bend,IN,46601,US,false,adr_to000282,Test Buyer,,283 Example Ave,,Mocksburg,MI,49001,US,true,prcl_000282,10,8,4,64.0,,2026-08-05T20:58:39Z,rate_000282,GroundAdvantage,USPS,13.30,,false,,SGW-7713662,0.00,13.30,0.00,"[{""label_format"":""PDF""},{""print_custom_1"":""ecom""}]",
2026-08-05T20:59:15Z,shp_00005546,9400100000000000005546,delivered,adr_from0001,Goodwill E-Com (test),Goodwill Michiana (test),100 Test Warehouse Rd,,South Bend,IN,46601,US,false,adr_to000283,Test Buyer,,284 Example Ave,,Fakeport,IL,60601,US,true,prcl_000283,10,8,4,49.6,,2026-08-05T20:59:16Z,rate_000283,GroundAdvantage,USPS,8.21,,false,,SGW-7713401,0.00,8.21,0.00,"[{""label_format"":""PDF""},{""print_custom_1"":""ecom""}]",
2026-08-05T20:59:53Z,shp_00005647,9400100000000000005647,delivered,adr_from0001,Goodwill E-Com (test),Goodwill Michiana (test),100 Test Warehouse Rd,,South Bend,IN,46601,US,false,adr_to000284,Test Buyer,,285 Example Ave,,Testville,IN,46601,US,true,prcl_000284,10,8,4,9.6,,2026-08-05T20:59:54Z,rate_000284,GroundAdvantage,USPS,11.62,,false,,SGW-7713650,0.00,11.62,0.00,"[{""label_format"":""PDF""},{""print_custom_1"":""ecom""}]",
2026-08-06T13:00:51Z,shp_00005675,9400100000000000005675,delivered,adr_from0001,Goodwill E-Com (test),Goodwill Michiana (test),100 Test Warehouse Rd,,South Bend,IN,46601,US,false,adr_to000285,Test Buyer,,286 Example Ave,,Sampleton,OH,43004,US,true,prcl_000285,10,8,4,92.8,,2026-08-06T13:00:52Z,rate_000285,Priority,USPS,3.44,,false,,112-6413707-5356527,0.00,3.44,0.00,"[{""label_format"":""PDF""},{""print_custom_1"":""ecom""}]",
2026-08-06T13:03:42Z,shp_00005709,9400100000000000005709,delivered,adr_from0001,Goodwill E-Com (test),Goodwill Michiana (test),100 Test Warehouse Rd,,South Bend,IN,46601,US,false,adr_to000286,Test Buyer,,287 Example Ave,,Mocksburg,MI,49001,US,true,prcl_000286,10,8,4,9.6,,2026-08-06T13:03:43Z,rate_000286,Priority,USPS,12.24,,false,,SGW-7713801,0.00,12.24,0.00,"[{""label_format"":""PDF""},{""print_custom_1"":""ecom""}]",
2026-08-06T13:13:21Z,shp_00005752,9400100000000000005752,delivered,adr_from0001,Goodwill E-Com (test),Goodwill Michiana (test),100 Test Warehouse Rd,,South Bend,IN,46601,US,false,adr_to000287,Test Buyer,,288 Example Ave,,Fakeport,IL,60601,US,true,prcl_000287,10,8,4,22.4,,2026-08-06T13:13:22Z,rate_000287,GroundAdvantage,USPS,3.59,,false,,112-9213881-4475922,0.00,3.59,0.00,"[{""label_format"":""PDF""},{""print_custom_1"":""ecom""}]",
2026-08-06T13:14:31Z,shp_00005758,9400100000000000005758,in_transit,adr_from0001,Goodwill E-Com (test),Goodwill Michiana (test),100 Test Warehouse Rd,,South Bend,IN,46601,US,false,adr_to000288,Test Buyer,,289 Example Ave,,Testville,IN,46601,US,true,prcl_000288,10,8,4,12.8,,2026-08-06T13:14:32Z,rate_000288,GroundAdvantage,USPS,6.37,,false,,10-13895-66368,0.00,6.37,0.00,"[{""label_format"":""PDF""},{""print_custom_1"":""ecom""}]",
2026-08-06T13:46:34Z,shp_00005761,9400100000000000005761,delivered,adr_from0001,Goodwill E-Com (test),Goodwill Michiana (test),100 Test Warehouse Rd,,South Bend,IN,46601,US,false,adr_to000289,Test Buyer,,290 Example Ave,,Sampleton,OH,43004,US,true,prcl_000289,10,8,4,11.2,,2026-08-06T13:46:35Z,rate_000289,GroundAdvantage,USPS,6.00,,false,,m00000013908,0.00,6.00,0.00,"[{""label_format"":""PDF""},{""print_custom_1"":""ecom""}]",
2026-08-06T13:57:02Z,shp_00005686,9400100000000000005686,delivered,adr_from0001,Goodwill E-Com (test),Goodwill Michiana (test),100 Test Warehouse Rd,,South Bend,IN,46601,US,false,adr_to000290,Test Buyer,,291 Example Ave,,Mocksburg,MI,49001,US,true,prcl_000290,10,8,4,11.2,,2026-08-06T13:57:03Z,rate_000290,GroundAdvantage,USPS,5.19,,false,,112-0513723-3020741,0.00,5.19,0.00,"[{""label_format"":""PDF""},{""print_custom_1"":""ecom""}]",
2026-08-06T14:12:11Z,shp_00005757,9400100000000000005757,delivered,adr_from0001,Goodwill E-Com (test),Goodwill Michiana (test),100 Test Warehouse Rd,,South Bend,IN,46601,US,false,adr_to000291,Test Buyer,,292 Example Ave,,Fakeport,IL,60601,US,true,prcl_000291,10,8,4,22.4,,2026-08-06T14:12:12Z,rate_000291,GroundAdvantage,USPS,16.60,,false,,20-13894-42395,0.00,16.60,0.00,"[{""label_format"":""PDF""},{""print_custom_1"":""ecom""}]",
2026-08-06T14:17:58Z,shp_00005684,9400100000000000005684,delivered,adr_from0001,Goodwill E-Com (test),Goodwill Michiana (test),100 Test Warehouse Rd,,South Bend,IN,46601,US,false,adr_to000292,Test Buyer,,293 Example Ave,,Testville,IN,46601,US,true,prcl_000292,10,8,4,30.4,,2026-08-06T14:17:59Z,rate_000292,GroundAdvantage,USPS,5.84,,false,,114-3913720-2011093,0.00,5.84,0.00,"[{""label_format"":""PDF""},{""print_custom_1"":""ecom""}]",
2026-08-06T14:27:15Z,shp_00005712,9400100000000000005712,delivered,adr_from0001,Goodwill E-Com (test),Goodwill Michiana (test),100 Test Warehouse Rd,,South Bend,IN,46601,US,false,adr_to000293,Test Buyer,,294 Example Ave,,Sampleton,OH,43004,US,true,prcl_000293,10,8,4,41.6,,2026-08-06T14:27:16Z,rate_000293,GroundAdvantage,USPS,6.55,,false,,SGW-7713811,0.00,6.55,0.00,"[{""label_format"":""PDF""},{""print_custom_1"":""ecom""}]",
2026-08-06T14:32:23Z,shp_00005596,9400100000000000005596,delivered,adr_from0001,Goodwill E-Com (test),Goodwill Michiana (test),100 Test Warehouse Rd,,South Bend,IN,46601,US,false,adr_to000294,Test Buyer,,295 Example Ave,,Mocksburg,MI,49001,US,true,prcl_000294,10,8,4,22.4,,2026-08-06T14:32:24Z,rate_000294,GroundAdvantage,USPS,6.82,,false,,SGW-7713542,0.00,6.82,0.00,"[{""label_format"":""PDF""},{""print_custom_1"":""ecom""}]",
2026-08-06T14:39:12Z,shp_00005704,9400100000000000005704,delivered,adr_from0001,Goodwill E-Com (test),Goodwill Michiana (test),100 Test Warehouse Rd,,South Bend,IN,46601,US,false,adr_to000295,Test Buyer,,296 Example Ave,,Fakeport,IL,60601,US,true,prcl_000295,10,8,4,20.8,,2026-08-06T14:39:13Z,rate_000295,GroundAdvantage,USPS,5.85,,false,,m00000013770,0.00,5.85,0.00,"[{""label_format"":""PDF""},{""print_custom_1"":""ecom""}]",
2026-08-06T14:42:14Z,shp_00005727,9400100000000000005727,delivered,adr_from0001,Goodwill E-Com (test),Goodwill Michiana (test),100 Test Warehouse Rd,,South Bend,IN,46601,US,false,adr_to000296,Test Buyer,,297 Example Ave,,Testville,IN,46601,US,true,prcl_000296,10,8,4,40.0,,2026-08-06T14:42:15Z,rate_000296,GroundAdvantage,USPS,3.90,,false,,114-8813837-2584307,0.00,3.90,0.00,"[{""label_format"":""PDF""},{""print_custom_1"":""ecom""}]",
2026-08-06T14:45:32Z,shp_00005760,9400100000000000005760,in_transit,adr_from0001,Goodwill E-Com (test),Goodwill Michiana (test),100 Test Warehouse Rd,,South Bend,IN,46601,US,false,adr_to000297,Test Buyer,,298 Example Ave,,Sampleton,OH,43004,US,true,prcl_000297,10,8,4,17.6,,2026-08-06T14:45:33Z,rate_000297,GroundAdvantage,USPS,6.47,,false,,10-13906-31822,0.00,6.47,0.00,"[{""label_format"":""PDF""},{""print_custom_1"":""ecom""}]",
2026-08-06T14:57:00Z,shp_00005710,9400100000000000005710,delivered,adr_from0001,Goodwill E-Com (test),Goodwill Michiana (test),100 Test Warehouse Rd,,South Bend,IN,46601,US,false,adr_to000298,Test Buyer,,299 Example Ave,,Mocksburg,MI,49001,US,true,prcl_000298,10,8,4,36.8,,2026-08-06T14:57:01Z,rate_000298,GroundAdvantage,USPS,13.30,,false,,SGW-7713804,0.00,13.30,0.00,"[{""label_format"":""PDF""},{""print_custom_1"":""ecom""}]",
2026-08-06T15:05:29Z,shp_00005687,9400100000000000005687,delivered,adr_from0001,Goodwill E-Com (test),Goodwill Michiana (test),100 Test Warehouse Rd,,South Bend,IN,46601,US,false,adr_to000299,Test Buyer,,300 Example Ave,,Fakeport,IL,60601,US,true,prcl_000299,10,8,4,11.2,,2026-08-06T15:05:30Z,rate_000299,GroundAdvantage,USPS,3.41,,false,,112-7713725-9090401,0.00,3.41,0.00,"[{""label_format"":""PDF""},{""print_custom_1"":""ecom""}]",
2026-08-06T15:16:21Z,shp_00005590,9400100000000000005590,delivered,adr_from0001,Goodwill E-Com (test),Goodwill Michiana (test),100 Test Warehouse Rd,,South Bend,IN,46601,US,false,adr_to000300,Test Buyer,,301 Example Ave,,Testville,IN,46601,US,true,prcl_000300,10,8,4,105.6,,2026-08-06T15:16:22Z,rate_000300,GroundAdvantage,USPS,13.48,,false,,SGW-7713529,0.00,13.48,0.00,"[{""label_format"":""PDF""},{""print_custom_1"":""ecom""}]",
2026-08-06T15:31:13Z,shp_00005638,9400100000000000005638,delivered,adr_from0001,Goodwill E-Com (test),Goodwill Michiana (test),100 Test Warehouse Rd,,South Bend,IN,46601,US,false,adr_to000301,Test Buyer,,302 Example Ave,,Sampleton,OH,43004,US,true,prcl_000301,10,8,4,17.6,,2026-08-06T15:31:14Z,rate_000301,GroundAdvantage,USPS,4.46,,false,,08-13622-55796,0.00,4.46,0.00,"[{""label_format"":""PDF""},{""print_custom_1"":""ecom""}]",
2026-08-06T15:34:41Z,shp_00005649,9400100000000000005649,delivered,adr_from0001,Goodwill E-Com (test),Goodwill Michiana (test),100 Test Warehouse Rd,,South Bend,IN,46601,US,false,adr_to000302,Test Buyer,,303 Example Ave,,Mocksburg,MI,49001,US,true,prcl_000302,10,8,4,14.4,,2026-08-06T15:34:42Z,rate_000302,GroundAdvantage,USPS,10.75,,false,,SGW-7713652,0.00,10.75,0.00,"[{""label_format"":""PDF""},{""print_custom_1"":""ecom""}]",
2026-08-06T15:35:06Z,shp_00005715,9400100000000000005715,delivered,adr_from0001,Goodwill E-Com (test),Goodwill Michiana (test),100 Test Warehouse Rd,,South Bend,IN,46601,US,false,adr_to000303,Test Buyer,,304 Example Ave,,Fakeport,IL,60601,US,true,prcl_000303,10,8,4,22.4,,2026-08-06T15:35:07Z,rate_000303,GroundAdvantage,USPS,5.82,,false,,SGW-7713820,0.00,5.82,0.00,"[{""label_format"":""PDF""},{""print_custom_1"":""ecom""}]",
2026-08-06T15:47:34Z,shp_00005711,9400100000000000005711,delivered,adr_from0001,Goodwill E-Com (test),Goodwill Michiana (test),100 Test Warehouse Rd,,South Bend,IN,46601,US,false,adr_to000304,Test Buyer,,305 Example Ave,,Testville,IN,46601,US,true,prcl_000304,10,8,4,19.2,,2026-08-06T15:47:35Z,rate_000304,GroundAdvantage,USPS,6.97,,false,,SGW-7713807,0.00,6.97,0.00,"[{""label_format"":""PDF""},{""print_custom_1"":""ecom""}]",
2026-08-06T15:50:28Z,shp_00005660,9400100000000000005660,delivered,adr_from0001,Goodwill E-Com (test),Goodwill Michiana (test),100 Test Warehouse Rd,,South Bend,IN,46601,US,false,adr_to000305,Test Buyer,,306 Example Ave,,Sampleton,OH,43004,US,true,prcl_000305,10,8,4,52.8,,2026-08-06T15:50:29Z,rate_000305,GroundAdvantage,USPS,12.29,,false,,SGW-7713672,0.00,12.29,0.00,"[{""label_format"":""PDF""},{""print_custom_1"":""ecom""}]",
2026-08-06T15:51:41Z,shp_00005750,9400100000000000005750,in_transit,adr_from0001,Goodwill E-Com (test),Goodwill Michiana (test),100 Test Warehouse Rd,,South Bend,IN,46601,US,false,adr_to000306,Test Buyer,,307 Example Ave,,Mocksburg,MI,49001,US,true,prcl_000306,10,8,4,27.2,,2026-08-06T15:51:42Z,rate_000306,GroundAdvantage,USPS,5.40,,false,,112-4713879-6256733,0.00,5.40,0.00,"[{""label_format"":""PDF""},{""print_custom_1"":""ecom""}]",
2026-08-06T16:02:20Z,shp_00005749,9400100000000000005749,delivered,adr_from0001,Goodwill E-Com (test),Goodwill Michiana (test),100 Test Warehouse Rd,,South Bend,IN,46601,US,false,adr_to000307,Test Buyer,,308 Example Ave,,Fakeport,IL,60601,US,true,prcl_000307,10,8,4,20.8,,2026-08-06T16:02:21Z,rate_000307,GroundAdvantage,USPS,3.74,,false,,114-7713878-0307931,0.00,3.74,0.00,"[{""label_format"":""PDF""},{""print_custom_1"":""ecom""}]",
2026-08-06T16:03:46Z,shp_00005740,9400100000000000005740,delivered,adr_from0001,Goodwill E-Com (test),Goodwill Michiana (test),100 Test Warehouse Rd,,South Bend,IN,46601,US,false,adr_to000308,Test Buyer,,309 Example Ave,,Testville,IN,46601,US,true,prcl_000308,10,8,4,48.0,,2026-08-06T16:03:47Z,rate_000308,Priority,USPS,5.82,,false,,111-4213862-1277433,0.00,5.82,0.00,"[{""label_format"":""PDF""},{""print_custom_1"":""ecom""}]",
2026-08-06T16:12:32Z,shp_00005756,9400100000000000005756,delivered,adr_from0001,Goodwill E-Com (test),Goodwill Michiana (test),100 Test Warehouse Rd,,South Bend,IN,46601,US,false,adr_to000309,Test Buyer,,310 Example Ave,,Sampleton,OH,43004,US,true,prcl_000309,10,8,4,25.6,,2026-08-06T16:12:33Z,rate_000309,GroundAdvantage,USPS,4.41,,false,,08-13890-98517,0.00,4.41,0.00,"[{""label_format"":""PDF""},{""print_custom_1"":""ecom""}]",
2026-08-06T16:14:34Z,shp_00005664,9400100000000000005664,delivered,adr_from0001,Goodwill E-Com (test),Goodwill Michiana (test),100 Test Warehouse Rd,,South Bend,IN,46601,US,false,adr_to000310,Test Buyer,,311 Example Ave,,Mocksburg,MI,49001,US,true,prcl_000310,10,8,4,41.6,,2026-08-06T16:14:35Z,rate_000310,GroundAdvantage,USPS,6.74,,false,,SGW-7713681,0.00,6.74,0.00,"[{""label_format"":""PDF""},{""print_custom_1"":""ecom""}]",
2026-08-06T16:19:15Z,shp_00005735,9400100000000000005735,delivered,adr_from0001,Goodwill E-Com (test),Goodwill Michiana (test),100 Test Warehouse Rd,,South Bend,IN,46601,US,false,adr_to000311,Test Buyer,,312 Example Ave,,Fakeport,IL,60601,US,true,prcl_000311,10,8,4,22.4,,2026-08-06T16:19:16Z,rate_000311,GroundAdvantage,USPS,3.49,,false,,113-4113851-4424532,0.00,3.49,0.00,"[{""label_format"":""PDF""},{""print_custom_1"":""ecom""}]",
2026-08-06T16:34:40Z,shp_00005725,9400100000000000005725,delivered,adr_from0001,Goodwill E-Com (test),Goodwill Michiana (test),100 Test Warehouse Rd,,South Bend,IN,46601,US,false,adr_to000312,Test Buyer,,313 Example Ave,,Testville,IN,46601,US,true,prcl_000312,10,8,4,36.8,,2026-08-06T16:34:41Z,rate_000312,Priority,USPS,3.31,,false,,112-2413834-2556510,0.00,3.31,0.00,"[{""label_format"":""PDF""},{""print_custom_1"":""ecom""}]",
2026-08-06T16:34:52Z,shp_00005736,9400100000000000005736,delivered,adr_from0001,Goodwill E-Com (test),Goodwill Michiana (test),100 Test Warehouse Rd,,South Bend,IN,46601,US,false,adr_to000313,Test Buyer,,314 Example Ave,,Sampleton,OH,43004,US,true,prcl_000313,10,8,4,36.8,,2026-08-06T16:34:53Z,rate_000313,GroundAdvantage,USPS,4.91,,false,,114-6713852-9748226,0.00,4.91,0.00,"[{""label_format"":""PDF""},{""print_custom_1"":""ecom""}]",
2026-08-06T16:35:31Z,shp_00005720,9400100000000000005720,delivered,adr_from0001,Goodwill E-Com (test),Goodwill Michiana (test),100 Test Warehouse Rd,,South Bend,IN,46601,US,false,adr_to000314,Test Buyer,,315 Example Ave,,Mocksburg,MI,49001,US,true,prcl_000314,10,8,4,28.8,,2026-08-06T16:35:32Z,rate_000314,Priority,USPS,11.58,,false,,SGW-7713829,0.00,11.58,0.00,"[{""label_format"":""PDF""},{""print_custom_1"":""ecom""}]",
2026-08-06T16:36:20Z,shp_00005656,9400100000000000005656,in_transit,adr_from0001,Goodwill E-Com (test),Goodwill Michiana (test),100 Test Warehouse Rd,,South Bend,IN,46601,US,false,adr_to000315,Test Buyer,,316 Example Ave,,Fakeport,IL,60601,US,true,prcl_000315,10,8,4,32.0,,2026-08-06T16:36:21Z,rate_000315,Priority,USPS,7.11,,false,,SGW-7713666,0.00,7.11,0.00,"[{""label_format"":""PDF""},{""print_custom_1"":""ecom""}]",
2026-08-06T16:59:50Z,shp_00005714,9400100000000000005714,delivered,adr_from0001,Goodwill E-Com (test),Goodwill Michiana (test),100 Test Warehouse Rd,,South Bend,IN,46601,US,false,adr_to000316,Test Buyer,,317 Example Ave,,Testville,IN,46601,US,true,prcl_000316,10,8,4,24.0,,2026-08-06T16:59:51Z,rate_000316,GroundAdvantage,USPS,7.54,,false,,SGW-7713819,0.00,7.54,0.00,"[{""label_format"":""PDF""},{""print_custom_1"":""ecom""}]",
2026-08-06T17:18:10Z,shp_00005673,9400100000000000005673,delivered,adr_from0001,Goodwill E-Com (test),Goodwill Michiana (test),100 Test Warehouse Rd,,South Bend,IN,46601,US,false,adr_to000317,Test Buyer,,318 Example Ave,,Sampleton,OH,43004,US,true,prcl_000317,10,8,4,67.2,,2026-08-06T17:18:11Z,rate_000317,GroundAdvantage,USPS,3.44,,false,,112-5313705-0721249,0.00,3.44,0.00,"[{""label_format"":""PDF""},{""print_custom_1"":""ecom""}]",
2026-08-06T17:27:07Z,shp_00005699,9400100000000000005699,delivered,adr_from0001,Goodwill E-Com (test),Goodwill Michiana (test),100 Test Warehouse Rd,,South Bend,IN,46601,US,false,adr_to000318,Test Buyer,,319 Example Ave,,Mocksburg,MI,49001,US,true,prcl_000318,10,8,4,20.8,,2026-08-06T17:27:08Z,rate_000318,Priority,USPS,7.20,,false,,04-13756-73942,0.00,7.20,0.00,"[{""label_format"":""PDF""},{""print_custom_1"":""ecom""}]",
2026-08-06T17:41:44Z,shp_00005706,9400100000000000005706,delivered,adr_from0001,Goodwill E-Com (test),Goodwill Michiana (test),100 Test Warehouse Rd,,South Bend,IN,46601,US,false,adr_to000319,Test Buyer,,320 Example Ave,,Fakeport,IL,60601,US,true,prcl_000319,10,8,4,46.4,,2026-08-06T17:41:45Z,rate_000319,GroundAdvantage,USPS,10.28,,false,,SGW-7713792,0.00,10.28,0.00,"[{""label_format"":""PDF""},{""print_custom_1"":""ecom""}]",
2026-08-06T17:43:53Z,shp_00005739,9400100000000000005739,delivered,adr_from0001,Goodwill E-Com (test),Goodwill Michiana (test),100 Test Warehouse Rd,,South Bend,IN,46601,US,false,adr_to000320,Test Buyer,,321 Example Ave,,Testville,IN,46601,US,true,prcl_000320,10,8,4,16.0,,2026-08-06T17:43:54Z,rate_000320,Priority,USPS,3.63,,false,,112-7313861-0094110,0.00,3.63,0.00,"[{""label_format"":""PDF""},{""print_custom_1"":""ecom""}]",
2026-08-06T17:46:01Z,shp_00005759,9400100000000000005759,delivered,adr_from0001,Goodwill E-Com (test),Goodwill Michiana (test),100 Test Warehouse Rd,,South Bend,IN,46601,US,false,adr_to000321,Test Buyer,,322 Example Ave,,Sampleton,OH,43004,US,true,prcl_000321,10,8,4,16.0,,2026-08-06T17:46:02Z,rate_000321,GroundAdvantage,USPS,4.60,,false,,20-13901-72262,0.00,4.60,0.00,"[{""label_format"":""PDF""},{""print_custom_1"":""ecom""}]",
2026-08-06T17:47:41Z,shp_00005745,9400100000000000005745,delivered,adr_from0001,Goodwill E-Com (test),Goodwill Michiana (test),100 Test Warehouse Rd,,South Bend,IN,46601,US,false,adr_to000322,Test Buyer,,323 Example Ave,,Mocksburg,MI,49001,US,true,prcl_000322,10,8,4,16.0,,2026-08-06T17:47:42Z,rate_000322,GroundAdvantage,USPS,3.64,,false,,111-6213874-4730544,0.00,3.64,0.00,"[{""label_format"":""PDF""},{""print_custom_1"":""ecom""}]",
2026-08-06T17:48:26Z,shp_00005746,9400100000000000005746,delivered,adr_from0001,Goodwill E-Com (test),Goodwill Michiana (test),100 Test Warehouse Rd,,South Bend,IN,46601,US,false,adr_to000323,Test Buyer,,324 Example Ave,,Fakeport,IL,60601,US,true,prcl_000323,10,8,4,44.8,,2026-08-06T17:48:27Z,rate_000323,Priority,USPS,3.28,,false,,111-9513875-7428467,0.00,3.28,0.00,"[{""label_format"":""PDF""},{""print_custom_1"":""ecom""}]",
2026-08-06T17:49:31Z,shp_00005751,9400100000000000005751,in_transit,adr_from0001,Goodwill E-Com (test),Goodwill Michiana (test),100 Test Warehouse Rd,,South Bend,IN,46601,US,false,adr_to000324,Test Buyer,,325 Example Ave,,Testville,IN,46601,US,true,prcl_000324,10,8,4,30.4,,2026-08-06T17:49:32Z,rate_000324,GroundAdvantage,USPS,3.33,,false,,111-6313880-4079156,0.00,3.33,0.00,"[{""label_format"":""PDF""},{""print_custom_1"":""ecom""}]",
2026-08-06T17:56:46Z,shp_00005721,9400100000000000005721,delivered,adr_from0001,Goodwill E-Com (test),Goodwill Michiana (test),100 Test Warehouse Rd,,South Bend,IN,46601,US,false,adr_to000325,Test Buyer,,326 Example Ave,,Sampleton,OH,43004,US,true,prcl_000325,10,8,4,65.6,,2026-08-06T17:56:47Z,rate_000325,GroundAdvantage,USPS,7.38,,false,,SGW-7713830,0.00,7.38,0.00,"[{""label_format"":""PDF""},{""print_custom_1"":""ecom""}]",
2026-08-06T18:11:34Z,shp_00005661,9400100000000000005661,delivered,adr_from0001,Goodwill E-Com (test),Goodwill Michiana (test),100 Test Warehouse Rd,,South Bend,IN,46601,US,false,adr_to000326,Test Buyer,,327 Example Ave,,Mocksburg,MI,49001,US,true,prcl_000326,10,8,4,24.0,,2026-08-06T18:11:35Z,rate_000326,GroundAdvantage,USPS,10.11,,false,,SGW-7713673,0.00,10.11,0.00,"[{""label_format"":""PDF""},{""print_custom_1"":""ecom""}]",
2026-08-06T18:11:47Z,shp_00005723,9400100000000000005723,delivered,adr_from0001,Goodwill E-Com (test),Goodwill Michiana (test),100 Test Warehouse Rd,,South Bend,IN,46601,US,false,adr_to000327,Test Buyer,,328 Example Ave,,Fakeport,IL,60601,US,true,prcl_000327,10,8,4,19.2,,2026-08-06T18:11:48Z,rate_000327,Priority,USPS,5.81,,false,,113-8513832-2877009,0.00,5.81,0.00,"[{""label_format"":""PDF""},{""print_custom_1"":""ecom""}]",
2026-08-06T18:15:24Z,shp_00005651,9400100000000000005651,delivered,adr_from0001,Goodwill E-Com (test),Goodwill Michiana (test),100 Test Warehouse Rd,,South Bend,IN,46601,US,false,adr_to000328,Test Buyer,,329 Example Ave,,Testville,IN,46601,US,true,prcl_000328,10,8,4,20.8,,2026-08-06T18:15:25Z,rate_000328,Priority,USPS,11.49,,false,,SGW-7713659,0.00,11.49,0.00,"[{""label_format"":""PDF""},{""print_custom_1"":""ecom""}]",
2026-08-06T18:20:34Z,shp_00005744,9400100000000000005744,delivered,adr_from0001,Goodwill E-Com (test),Goodwill Michiana (test),100 Test Warehouse Rd,,South Bend,IN,46601,US,false,adr_to000329,Test Buyer,,330 Example Ave,,Sampleton,OH,43004,US,true,prcl_000329,10,8,4,17.6,,2026-08-06T18:20:35Z,rate_000329,GroundAdvantage,USPS,3.43,,false,,111-7113872-4239209,0.00,3.43,0.00,"[{""label_format"":""PDF""},{""print_custom_1"":""ecom""}]",
2026-08-06T18:21:33Z,shp_00005700,9400100000000000005700,delivered,adr_from0001,Goodwill E-Com (test),Goodwill Michiana (test),100 Test Warehouse Rd,,South Bend,IN,46601,US,false,adr_to000330,Test Buyer,,331 Example Ave,,Mocksburg,MI,49001,US,true,prcl_000330,10,8,4,65.6,,2026-08-06T18:21:34Z,rate_000330,GroundAdvantage,USPS,3.39,,false,,08-13757-12453,0.00,3.39,0.00,"[{""label_format"":""PDF""},{""print_custom_1"":""ecom""}]",
2026-08-06T18:35:21Z,shp_00005663,9400100000000000005663,delivered,adr_from0001,Goodwill E-Com (test),Goodwill Michiana (test),100 Test Warehouse Rd,,South Bend,IN,46601,US,false,adr_to000331,Test Buyer,,332 Example Ave,,Fakeport,IL,60601,US,true,prcl_000331,10,8,4,35.2,,2026-08-06T18:35:22Z,rate_000331,GroundAdvantage,USPS,8.70,,false,,SGW-7713680,0.00,8.70,0.00,"[{""label_format"":""PDF""},{""print_custom_1"":""ecom""}]",
2026-08-06T18:37:53Z,shp_00005733,9400100000000000005733,delivered,adr_from0001,Goodwill E-Com (test),Goodwill Michiana (test),100 Test Warehouse Rd,,South Bend,IN,46601,US,false,adr_to000332,Test Buyer,,333 Example Ave,,Testville,IN,46601,US,true,prcl_000332,10,8,4,9.6,,2026-08-06T18:37:54Z,rate_000332,GroundAdvantage,USPS,5.02,,false,,111-2213849-2999662,0.00,5.02,0.00,"[{""label_format"":""PDF""},{""print_custom_1"":""ecom""}]",
2026-08-06T18:39:43Z,shp_00005741,9400100000000000005741,in_transit,adr_from0001,Goodwill E-Com (test),Goodwill Michiana (test),100 Test Warehouse Rd,,South Bend,IN,46601,US,false,adr_to000333,Test Buyer,,334 Example Ave,,Sampleton,OH,43004,US,true,prcl_000333,10,8,4,12.8,,2026-08-06T18:39:44Z,rate_000333,GroundAdvantage,USPS,5.59,,false,,112-1513863-0102158,0.00,5.59,0.00,"[{""label_format"":""PDF""},{""print_custom_1"":""ecom""}]",
2026-08-06T18:42:35Z,shp_00005677,9400100000000000005677,delivered,adr_from0001,Goodwill E-Com (test),Goodwill Michiana (test),100 Test Warehouse Rd,,South Bend,IN,46601,US,false,adr_to000334,Test Buyer,,335 Example Ave,,Mocksburg,MI,49001,US,true,prcl_000334,10,8,4,40.0,,2026-08-06T18:42:36Z,rate_000334,GroundAdvantage,USPS,3.86,,false,,112-5213712-8895896,0.00,3.86,0.00,"[{""label_format"":""PDF""},{""print_custom_1"":""ecom""}]",
2026-08-06T18:45:11Z,shp_00005734,9400100000000000005734,delivered,adr_from0001,Goodwill E-Com (test),Goodwill Michiana (test),100 Test Warehouse Rd,,South Bend,IN,46601,US,false,adr_to000335,Test Buyer,,336 Example Ave,,Fakeport,IL,60601,US,true,prcl_000335,10,8,4,52.8,,2026-08-06T18:45:12Z,rate_000335,Priority,USPS,3.76,,false,,114-0313850-1361337,0.00,3.76,0.00,"[{""label_format"":""PDF""},{""print_custom_1"":""ecom""}]",
2026-08-06T18:54:36Z,shp_00005747,9400100000000000005747,delivered,adr_from0001,Goodwill E-Com (test),Goodwill Michiana (test),100 Test Warehouse Rd,,South Bend,IN,46601,US,false,adr_to000336,Test Buyer,,337 Example Ave,,Testville,IN,46601,US,true,prcl_000336,10,8,4,38.4,,2026-08-06T18:54:37Z,rate_000336,GroundAdvantage,USPS,3.83,,false,,114-9013876-6400644,0.00,3.83,0.00,"[{""label_format"":""PDF""},{""print_custom_1"":""ecom""}]",
2026-08-06T19:35:39Z,shp_00005755,9400100000000000005755,delivered,adr_from0001,Goodwill E-Com (test),Goodwill Michiana (test),100 Test Warehouse Rd,,South Bend,IN,46601,US,false,adr_to000337,Test Buyer,,338 Example Ave,,Sampleton,OH,43004,US,true,prcl_000337,10,8,4,4.8,,2026-08-06T19:35:40Z,rate_000337,GroundAdvantage,USPS,7.48,,false,,19-13889-69284,0.00,7.48,0.00,"[{""label_format"":""PDF""},{""print_custom_1"":""ecom""}]",
2026-08-06T19:52:39Z,shp_00005743,9400100000000000005743,delivered,adr_from0001,Goodwill E-Com (test),Goodwill Michiana (test),100 Test Warehouse Rd,,South Bend,IN,46601,US,false,adr_to000338,Test Buyer,,339 Example Ave,,Mocksburg,MI,49001,US,true,prcl_000338,10,8,4,38.4,,2026-08-06T19:52:40Z,rate_000338,GroundAdvantage,USPS,3.91,,false,,114-9613866-2879134,0.00,3.91,0.00,"[{""label_format"":""PDF""},{""print_custom_1"":""ecom""}]",
2026-08-06T20:06:11Z,shp_00005718,9400100000000000005718,delivered,adr_from0001,Goodwill E-Com (test),Goodwill Michiana (test),100 Test Warehouse Rd,,South Bend,IN,46601,US,false,adr_to000339,Test Buyer,,340 Example Ave,,Fakeport,IL,60601,US,true,prcl_000339,10,8,4,36.8,,2026-08-06T20:06:12Z,rate_000339,GroundAdvantage,USPS,9.07,,false,,SGW-7713826,0.00,9.07,0.00,"[{""label_format"":""PDF""},{""print_custom_1"":""ecom""}]",
2026-08-06T20:29:26Z,shp_00005742,9400100000000000005742,delivered,adr_from0001,Goodwill E-Com (test),Goodwill Michiana (test),100 Test Warehouse Rd,,South Bend,IN,46601,US,false,adr_to000340,Test Buyer,,341 Example Ave,,Testville,IN,46601,US,true,prcl_000340,10,8,4,24.0,,2026-08-06T20:29:27Z,rate_000340,Priority,USPS,5.58,,false,,114-8613865-4757242,0.00,5.58,0.00,"[{""label_format"":""PDF""},{""print_custom_1"":""ecom""}]",
2026-08-06T20:44:12Z,shp_00005701,9400100000000000005701,delivered,adr_from0001,Goodwill E-Com (test),Goodwill Michiana (test),100 Test Warehouse Rd,,South Bend,IN,46601,US,false,adr_to000341,Test Buyer,,342 Example Ave,,Sampleton,OH,43004,US,true,prcl_000341,10,8,4,22.4,,2026-08-06T20:44:13Z,rate_000341,GroundAdvantage,USPS,7.95,,false,,08-13758-98026,0.00,7.95,0.00,"[{""label_format"":""PDF""},{""print_custom_1"":""ecom""}]",
2026-08-07T13:04:31Z,shp_00005754,9400100000000000005754,in_transit,adr_from0001,Goodwill E-Com (test),Goodwill Michiana (test),100 Test Warehouse Rd,,South Bend,IN,46601,US,false,adr_to000342,Test Buyer,,343 Example Ave,,Mocksburg,MI,49001,US,true,prcl_000342,10,8,4,11.2,,2026-08-07T13:04:32Z,rate_000342,GroundAdvantage,USPS,8.60,,false,,23-13886-72406,0.00,8.60,0.00,"[{""label_format"":""PDF""},{""print_custom_1"":""ecom""}]",
2026-08-07T13:09:57Z,shp_00005786,9400100000000000005786,delivered,adr_from0001,Goodwill E-Com (test),Goodwill Michiana (test),100 Test Warehouse Rd,,South Bend,IN,46601,US,false,adr_to000343,Test Buyer,,344 Example Ave,,Fakeport,IL,60601,US,true,prcl_000343,10,8,4,16.0,,2026-08-07T13:09:58Z,rate_000343,GroundAdvantage,USPS,10.94,,false,,SGW-7713970,0.00,10.94,0.00,"[{""label_format"":""PDF""},{""print_custom_1"":""ecom""}]",
2026-08-07T13:19:09Z,shp_00005777,9400100000000000005777,delivered,adr_from0001,Goodwill E-Com (test),Goodwill Michiana (test),100 Test Warehouse Rd,,South Bend,IN,46601,US,false,adr_to000344,Test Buyer,,345 Example Ave,,Testville,IN,46601,US,true,prcl_000344,10,8,4,17.6,,2026-08-07T13:19:10Z,rate_000344,GroundAdvantage,USPS,7.03,,false,,SGW-7713947,0.00,7.03,0.00,"[{""label_format"":""PDF""},{""print_custom_1"":""ecom""}]",
2026-08-07T13:25:56Z,shp_00005818,9400100000000000005818,delivered,adr_from0001,Goodwill E-Com (test),Goodwill Michiana (test),100 Test Warehouse Rd,,South Bend,IN,46601,US,false,adr_to000345,Test Buyer,,346 Example Ave,,Sampleton,OH,43004,US,true,prcl_000345,10,8,4,30.4,,2026-08-07T13:25:57Z,rate_000345,GroundAdvantage,USPS,3.76,,false,,111-0814017-3875729,0.00,3.76,0.00,"[{""label_format"":""PDF""},{""print_custom_1"":""ecom""}]",
2026-08-07T13:34:07Z,shp_00005793,9400100000000000005793,delivered,adr_from0001,Goodwill E-Com (test),Goodwill Michiana (test),100 Test Warehouse Rd,,South Bend,IN,46601,US,false,adr_to000346,Test Buyer,,347 Example Ave,,Mocksburg,MI,49001,US,true,prcl_000346,10,8,4,24.0,,2026-08-07T13:34:08Z,rate_000346,GroundAdvantage,USPS,3.46,,false,,111-6313980-3752061,0.00,3.46,0.00,"[{""label_format"":""PDF""},{""print_custom_1"":""ecom""}]",
2026-08-07T13:41:45Z,shp_00005811,9400100000000000005811,delivered,adr_from0001,Goodwill E-Com (test),Goodwill Michiana (test),100 Test Warehouse Rd,,South Bend,IN,46601,US,false,adr_to000347,Test Buyer,,348 Example Ave,,Fakeport,IL,60601,US,true,prcl_000347,10,8,4,11.2,,2026-08-07T13:41:46Z,rate_000347,GroundAdvantage,USPS,3.79,,false,,114-8314006-5932180,0.00,3.79,0.00,"[{""label_format"":""PDF""},{""print_custom_1"":""ecom""}]",
2026-08-07T13:57:18Z,shp_00005817,9400100000000000005817,delivered,adr_from0001,Goodwill E-Com (test),Goodwill Michiana (test),100 Test Warehouse Rd,,South Bend,IN,46601,US,false,adr_to000348,Test Buyer,,349 Example Ave,,Testville,IN,46601,US,true,prcl_000348,10,8,4,28.8,,2026-08-07T13:57:19Z,rate_000348,GroundAdvantage,USPS,3.46,,false,,113-8214016-9429547,0.00,3.46,0.00,"[{""label_format"":""PDF""},{""print_custom_1"":""ecom""}]",
2026-08-07T14:09:39Z,shp_00005800,9400100000000000005800,delivered,adr_from0001,Goodwill E-Com (test),Goodwill Michiana (test),100 Test Warehouse Rd,,South Bend,IN,46601,US,false,adr_to000349,Test Buyer,,350 Example Ave,,Sampleton,OH,43004,US,true,prcl_000349,10,8,4,14.4,,2026-08-07T14:09:40Z,rate_000349,GroundAdvantage,USPS,5.60,,false,,113-3313990-9427611,0.00,5.60,0.00,"[{""label_format"":""PDF""},{""print_custom_1"":""ecom""}]",
2026-08-07T14:10:13Z,shp_00005731,9400100000000000005731,delivered,adr_from0001,Goodwill E-Com (test),Goodwill Michiana (test),100 Test Warehouse Rd,,South Bend,IN,46601,US,false,adr_to000350,Test Buyer,,351 Example Ave,,Mocksburg,MI,49001,US,true,prcl_000350,10,8,4,24.0,,2026-08-07T14:10:14Z,rate_000350,Priority,USPS,3.61,,false,,113-4213847-1278002,0.00,3.61,0.00,"[{""label_format"":""PDF""},{""print_custom_1"":""ecom""}]",
2026-08-07T14:11:35Z,shp_00005763,9400100000000000005763,in_transit,adr_from0001,Goodwill E-Com (test),Goodwill Michiana (test),100 Test Warehouse Rd,,South Bend,IN,46601,US,false,adr_to000351,Test Buyer,,352 Example Ave,,Fakeport,IL,60601,US,true,prcl_000351,10,8,4,16.0,,2026-08-07T14:11:36Z,rate_000351,GroundAdvantage,USPS,9.60,,false,,SGW-7713926,0.00,9.60,0.00,"[{""label_format"":""PDF""},{""print_custom_1"":""ecom""}]",
2026-08-07T14:15:15Z,shp_00005807,9400100000000000005807,delivered,adr_from0001,Goodwill E-Com (test),Goodwill Michiana (test),100 Test Warehouse Rd,,South Bend,IN,46601,US,false,adr_to000352,Test Buyer,,353 Example Ave,,Testville,IN,46601,US,true,prcl_000352,10,8,4,16.0,,2026-08-07T14:15:16Z,rate_000352,Priority,USPS,3.82,,false,,113-6714000-3247618,0.00,3.82,0.00,"[{""label_format"":""PDF""},{""print_custom_1"":""ecom""}]",
2026-08-07T14:27:33Z,shp_00005762,9400100000000000005762,delivered,adr_from0001,Goodwill E-Com (test),Goodwill Michiana (test),100 Test Warehouse Rd,,South Bend,IN,46601,US,false,adr_to000353,Test Buyer,,354 Example Ave,,Sampleton,OH,43004,US,true,prcl_000353,10,8,4,22.4,,2026-08-07T14:27:34Z,rate_000353,Priority,USPS,9.58,,false,,SGW-7713921,0.00,9.58,0.00,"[{""label_format"":""PDF""},{""print_custom_1"":""ecom""}]",
2026-08-07T14:31:07Z,shp_00005798,9400100000000000005798,delivered,adr_from0001,Goodwill E-Com (test),Goodwill Michiana (test),100 Test Warehouse Rd,,South Bend,IN,46601,US,false,adr_to000354,Test Buyer,,355 Example Ave,,Mocksburg,MI,49001,US,true,prcl_000354,10,8,4,22.4,,2026-08-07T14:31:08Z,rate_000354,Priority,USPS,5.04,,false,,111-6513986-5363889,0.00,5.04,0.00,"[{""label_format"":""PDF""},{""print_custom_1"":""ecom""}]",
2026-08-07T14:32:07Z,shp_00005780,9400100000000000005780,delivered,adr_from0001,Goodwill E-Com (test),Goodwill Michiana (test),100 Test Warehouse Rd,,South Bend,IN,46601,US,false,adr_to000355,Test Buyer,,356 Example Ave,,Fakeport,IL,60601,US,true,prcl_000355,10,8,4,16.0,,2026-08-07T14:32:08Z,rate_000355,Priority,USPS,11.83,,false,,SGW-7713954,0.00,11.83,0.00,"[{""label_format"":""PDF""},{""print_custom_1"":""ecom""}]",
2026-08-07T14:35:33Z,shp_00005737,9400100000000000005737,unknown,adr_from0001,Goodwill E-Com (test),Goodwill Michiana (test),100 Test Warehouse Rd,,South Bend,IN,46601,US,false,adr_to000356,Test Buyer,,357 Example Ave,,Testville,IN,46601,US,true,prcl_000356,10,8,4,12.8,,2026-08-07T14:35:34Z,rate_000356,GroundAdvantage,USPS,3.71,,false,refunded,113-3613856-3002004,0.00,3.71,0.00,"[{""label_format"":""PDF""},{""print_custom_1"":""ecom""}]",
2026-08-07T14:42:11Z,shp_00005810,9400100000000000005810,delivered,adr_from0001,Goodwill E-Com (test),Goodwill Michiana (test),100 Test Warehouse Rd,,South Bend,IN,46601,US,false,adr_to000357,Test Buyer,,358 Example Ave,,Sampleton,OH,43004,US,true,prcl_000357,10,8,4,89.6,,2026-08-07T14:42:12Z,rate_000357,GroundAdvantage,USPS,5.43,,false,,111-5014005-8205406,0.00,5.43,0.00,"[{""label_format"":""PDF""},{""print_custom_1"":""ecom""}]",
2026-08-07T14:46:01Z,shp_00005801,9400100000000000005801,delivered,adr_from0001,Goodwill E-Com (test),Goodwill Michiana (test),100 Test Warehouse Rd,,South Bend,IN,46601,US,false,adr_to000358,Test Buyer,,359 Example Ave,,Mocksburg,MI,49001,US,true,prcl_000358,10,8,4,14.4,,2026-08-07T14:46:02Z,rate_000358,GroundAdvantage,USPS,3.53,,false,,114-9013992-5025422,0.00,3.53,0.00,"[{""label_format"":""PDF""},{""print_custom_1"":""ecom""}]",
2026-08-07T14:46:04Z,shp_00005822,9400100000000000005822,delivered,adr_from0001,Goodwill E-Com (test),Goodwill Michiana (test),100 Test Warehouse Rd,,South Bend,IN,46601,US,false,adr_to000359,Test Buyer,,360 Example Ave,,Fakeport,IL,60601,US,true,prcl_000359,10,8,4,20.8,,2026-08-07T14:46:05Z,rate_000359,GroundAdvantage,USPS,11.96,,false,,11-14025-40487,0.00,11.96,0.00,"[{""label_format"":""PDF""},{""print_custom_1"":""ecom""}]",
2026-08-07T14:49:36Z,shp_00005765,9400100000000000005765,in_transit,adr_from0001,Goodwill E-Com (test),Goodwill Michiana (test),100 Test Warehouse Rd,,South Bend,IN,46601,US,false,adr_to000360,Test Buyer,,361 Example Ave,,Testville,IN,46601,US,true,prcl_000360,10,8,4,41.6,,2026-08-07T14:49:37Z,rate_000360,GroundAdvantage,USPS,14.62,,false,,SGW-7713929,0.00,14.62,0.00,"[{""label_format"":""PDF""},{""print_custom_1"":""ecom""}]",
2026-08-07T15:01:33Z,shp_00005781,9400100000000000005781,delivered,adr_from0001,Goodwill E-Com (test),Goodwill Michiana (test),100 Test Warehouse Rd,,South Bend,IN,46601,US,false,adr_to000361,Test Buyer,,362 Example Ave,,Sampleton,OH,43004,US,true,prcl_000361,10,8,4,25.6,,2026-08-07T15:01:34Z,rate_000361,Priority,USPS,8.25,,false,,SGW-7713960,0.00,8.25,0.00,"[{""label_format"":""PDF""},{""print_custom_1"":""ecom""}]",
2026-08-07T15:23:29Z,shp_00005730,9400100000000000005730,delivered,adr_from0001,Goodwill E-Com (test),Goodwill Michiana (test),100 Test Warehouse Rd,,South Bend,IN,46601,US,false,adr_to000362,Test Buyer,,363 Example Ave,,Mocksburg,MI,49001,US,true,prcl_000362,10,8,4,20.8,,2026-08-07T15:23:30Z,rate_000362,GroundAdvantage,USPS,3.83,,false,,112-4013846-4114103,0.00,3.83,0.00,"[{""label_format"":""PDF""},{""print_custom_1"":""ecom""}]",
2026-08-07T15:47:30Z,shp_00005726,9400100000000000005726,delivered,adr_from0001,Goodwill E-Com (test),Goodwill Michiana (test),100 Test Warehouse Rd,,South Bend,IN,46601,US,false,adr_to000363,Test Buyer,,364 Example Ave,,Fakeport,IL,60601,US,true,prcl_000363,10,8,4,12.8,,2026-08-07T15:47:31Z,rate_000363,Priority,USPS,5.80,,false,,111-3213836-6251845,0.00,5.80,0.00,"[{""label_format"":""PDF""},{""print_custom_1"":""ecom""}]",
2026-08-07T15:47:54Z,shp_00005719,9400100000000000005719,delivered,adr_from0001,Goodwill E-Com (test),Goodwill Michiana (test),100 Test Warehouse Rd,,South Bend,IN,46601,US,false,adr_to000364,Test Buyer,,365 Example Ave,,Testville,IN,46601,US,true,prcl_000364,10,8,4,20.8,,2026-08-07T15:47:55Z,rate_000364,GroundAdvantage,USPS,12.70,,false,,SGW-7713827,0.00,12.70,0.00,"[{""label_format"":""PDF""},{""print_custom_1"":""ecom""}]",
2026-08-07T15:51:44Z,shp_00005782,9400100000000000005782,delivered,adr_from0001,Goodwill E-Com (test),Goodwill Michiana (test),100 Test Warehouse Rd,,South Bend,IN,46601,US,false,adr_to000365,Test Buyer,,366 Example Ave,,Sampleton,OH,43004,US,true,prcl_000365,10,8,4,35.2,,2026-08-07T15:51:45Z,rate_000365,GroundAdvantage,USPS,7.35,,false,,SGW-7713961,0.00,7.35,0.00,"[{""label_format"":""PDF""},{""print_custom_1"":""ecom""}]",
2026-08-07T15:52:06Z,shp_00005768,9400100000000000005768,delivered,adr_from0001,Goodwill E-Com (test),Goodwill Michiana (test),100 Test Warehouse Rd,,South Bend,IN,46601,US,false,adr_to000366,Test Buyer,,367 Example Ave,,Mocksburg,MI,49001,US,true,prcl_000366,10,8,4,46.4,,2026-08-07T15:52:07Z,rate_000366,GroundAdvantage,USPS,8.89,,false,,SGW-7713934,0.00,8.89,0.00,"[{""label_format"":""PDF""},{""print_custom_1"":""ecom""}]",
2026-08-07T15:56:02Z,shp_00005779,9400100000000000005779,delivered,adr_from0001,Goodwill E-Com (test),Goodwill Michiana (test),100 Test Warehouse Rd,,South Bend,IN,46601,US,false,adr_to000367,Test Buyer,,368 Example Ave,,Fakeport,IL,60601,US,true,prcl_000367,10,8,4,14.4,,2026-08-07T15:56:03Z,rate_000367,GroundAdvantage,USPS,11.46,,false,,SGW-7713952,0.00,11.46,0.00,"[{""label_format"":""PDF""},{""print_custom_1"":""ecom""}]",
2026-08-07T15:58:30Z,shp_00005815,9400100000000000005815,delivered,adr_from0001,Goodwill E-Com (test),Goodwill Michiana (test),100 Test Warehouse Rd,,South Bend,IN,46601,US,false,adr_to000368,Test Buyer,,369 Example Ave,,Testville,IN,46601,US,true,prcl_000368,10,8,4,36.8,,2026-08-07T15:58:31Z,rate_000368,Priority,USPS,4.97,,false,,113-4714012-5724933,0.00,4.97,0.00,"[{""label_format"":""PDF""},{""print_custom_1"":""ecom""}]",
2026-08-07T16:01:53Z,shp_00005802,9400100000000000005802,in_transit,adr_from0001,Goodwill E-Com (test),Goodwill Michiana (test),100 Test Warehouse Rd,,South Bend,IN,46601,US,false,adr_to000369,Test Buyer,,370 Example Ave,,Sampleton,OH,43004,US,true,prcl_000369,10,8,4,35.2,,2026-08-07T16:01:54Z,rate_000369,GroundAdvantage,USPS,3.69,,false,,111-7413993-2486579,0.00,3.69,0.00,"[{""label_format"":""PDF""},{""print_custom_1"":""ecom""}]",
2026-08-07T16:05:13Z,shp_00005796,9400100000000000005796,delivered,adr_from0001,Goodwill E-Com (test),Goodwill Michiana (test),100 Test Warehouse Rd,,South Bend,IN,46601,US,false,adr_to000370,Test Buyer,,371 Example Ave,,Mocksburg,MI,49001,US,true,prcl_000370,10,8,4,38.4,,2026-08-07T16:05:14Z,rate_000370,GroundAdvantage,USPS,3.34,,false,,112-1313984-4316827,0.00,3.34,0.00,"[{""label_format"":""PDF""},{""print_custom_1"":""ecom""}]",
2026-08-07T16:06:44Z,shp_00005774,9400100000000000005774,delivered,adr_from0001,Goodwill E-Com (test),Goodwill Michiana (test),100 Test Warehouse Rd,,South Bend,IN,46601,US,false,adr_to000371,Test Buyer,,372 Example Ave,,Fakeport,IL,60601,US,true,prcl_000371,10,8,4,24.0,,2026-08-07T16:06:45Z,rate_000371,GroundAdvantage,USPS,13.46,,false,,SGW-7713944,0.00,13.46,0.00,"[{""label_format"":""PDF""},{""print_custom_1"":""ecom""}]",
2026-08-07T16:23:29Z,shp_00005702,9400100000000000005702,delivered,adr_from0001,Goodwill E-Com (test),Goodwill Michiana (test),100 Test Warehouse Rd,,South Bend,IN,46601,US,false,adr_to000372,Test Buyer,,373 Example Ave,,Testville,IN,46601,US,true,prcl_000372,10,8,4,8.0,,2026-08-07T16:23:30Z,rate_000372,GroundAdvantage,USPS,6.42,,false,,m00000013766,0.00,6.42,0.00,"[{""label_format"":""PDF""},{""print_custom_1"":""ecom""}]",
2026-08-07T16:29:31Z,shp_00005809,9400100000000000005809,delivered,adr_from0001,Goodwill E-Com (test),Goodwill Michiana (test),100 Test Warehouse Rd,,South Bend,IN,46601,US,false,adr_to000373,Test Buyer,,374 Example Ave,,Sampleton,OH,43004,US,true,prcl_000373,10,8,4,68.8,,2026-08-07T16:29:32Z,rate_000373,Priority,USPS,3.52,,false,,111-2514004-7874371,0.00,3.52,0.00,"[{""label_format"":""PDF""},{""print_custom_1"":""ecom""}]",
2026-08-07T16:50:56Z,shp_00005805,9400100000000000005805,delivered,adr_from0001,Goodwill E-Com (test),Goodwill Michiana (test),100 Test Warehouse Rd,,South Bend,IN,46601,US,false,adr_to000374,Test Buyer,,375 Example Ave,,Mocksburg,MI,49001,US,true,prcl_000374,10,8,4,62.4,,2026-08-07T16:50:57Z,rate_000374,GroundAdvantage,USPS,3.68,,false,,113-2313996-6991106,0.00,3.68,0.00,"[{""label_format"":""PDF""},{""print_custom_1"":""ecom""}]",
2026-08-07T16:56:57Z,shp_00005789,9400100000000000005789,delivered,adr_from0001,Goodwill E-Com (test),Goodwill Michiana (test),100 Test Warehouse Rd,,South Bend,IN,46601,US,false,adr_to000375,Test Buyer,,376 Example Ave,,Fakeport,IL,60601,US,true,prcl_000375,10,8,4,24.0,,2026-08-07T16:56:58Z,rate_000375,Priority,USPS,3.39,,false,,112-1013974-1606725,0.00,3.39,0.00,"[{""label_format"":""PDF""},{""print_custom_1"":""ecom""}]",
2026-08-07T17:00:00Z,shp_00005783,9400100000000000005783,delivered,adr_from0001,Goodwill E-Com (test),Goodwill Michiana (test),100 Test Warehouse Rd,,South Bend,IN,46601,US,false,adr_to000376,Test Buyer,,377 Example Ave,,Testville,IN,46601,US,true,prcl_000376,10,8,4,33.6,,2026-08-07T17:00:01Z,rate_000376,GroundAdvantage,USPS,15.52,,false,,SGW-7713963,0.00,15.52,0.00,"[{""label_format"":""PDF""},{""print_custom_1"":""ecom""}]",
2026-08-07T17:00:45Z,shp_00005716,9400100000000000005716,delivered,adr_from0001,Goodwill E-Com (test),Goodwill Michiana (test),100 Test Warehouse Rd,,South Bend,IN,46601,US,false,adr_to000377,Test Buyer,,378 Example Ave,,Sampleton,OH,43004,US,true,prcl_000377,10,8,4,9.6,,2026-08-07T17:00:46Z,rate_000377,GroundAdvantage,USPS,13.15,,false,,SGW-7713823,0.00,13.15,0.00,"[{""label_format"":""PDF""},{""print_custom_1"":""ecom""}]",
2026-08-07T17:01:28Z,shp_00005764,9400100000000000005764,in_transit,adr_from0001,Goodwill E-Com (test),Goodwill Michiana (test),100 Test Warehouse Rd,,South Bend,IN,46601,US,false,adr_to000378,Test Buyer,,379 Example Ave,,Mocksburg,MI,49001,US,true,prcl_000378,10,8,4,41.6,,2026-08-07T17:01:29Z,rate_000378,GroundAdvantage,USPS,9.64,,false,,SGW-7713928,0.00,9.64,0.00,"[{""label_format"":""PDF""},{""print_custom_1"":""ecom""}]",
2026-08-07T17:04:47Z,shp_00005803,9400100000000000005803,delivered,adr_from0001,Goodwill E-Com (test),Goodwill Michiana (test),100 Test Warehouse Rd,,South Bend,IN,46601,US,false,adr_to000379,Test Buyer,,380 Example Ave,,Fakeport,IL,60601,US,true,prcl_000379,10,8,4,14.4,,2026-08-07T17:04:48Z,rate_000379,GroundAdvantage,USPS,3.63,,false,,114-1413994-2656061,0.00,3.63,0.00,"[{""label_format"":""PDF""},{""print_custom_1"":""ecom""}]",
2026-08-07T17:16:54Z,shp_00005790,9400100000000000005790,delivered,adr_from0001,Goodwill E-Com (test),Goodwill Michiana (test),100 Test Warehouse Rd,,South Bend,IN,46601,US,false,adr_to000380,Test Buyer,,381 Example Ave,,Testville,IN,46601,US,true,prcl_000380,10,8,4,44.8,,2026-08-07T17:16:55Z,rate_000380,GroundAdvantage,USPS,3.75,,false,,114-2313975-4700523,0.00,3.75,0.00,"[{""label_format"":""PDF""},{""print_custom_1"":""ecom""}]",
2026-08-07T17:20:15Z,shp_00005791,9400100000000000005791,delivered,adr_from0001,Goodwill E-Com (test),Goodwill Michiana (test),100 Test Warehouse Rd,,South Bend,IN,46601,US,false,adr_to000381,Test Buyer,,382 Example Ave,,Sampleton,OH,43004,US,true,prcl_000381,10,8,4,33.6,,2026-08-07T17:20:16Z,rate_000381,GroundAdvantage,USPS,3.70,,false,,111-8613976-1967220,0.00,3.70,0.00,"[{""label_format"":""PDF""},{""print_custom_1"":""ecom""}]",
2026-08-07T17:25:46Z,shp_00005784,9400100000000000005784,delivered,adr_from0001,Goodwill E-Com (test),Goodwill Michiana (test),100 Test Warehouse Rd,,South Bend,IN,46601,US,false,adr_to000382,Test Buyer,,383 Example Ave,,Mocksburg,MI,49001,US,true,prcl_000382,10,8,4,9.6,,2026-08-07T17:25:47Z,rate_000382,GroundAdvantage,USPS,5.79,,false,,SGW-7713964,0.00,5.79,0.00,"[{""label_format"":""PDF""},{""print_custom_1"":""ecom""}]",
2026-08-07T17:28:41Z,shp_00005717,9400100000000000005717,delivered,adr_from0001,Goodwill E-Com (test),Goodwill Michiana (test),100 Test Warehouse Rd,,South Bend,IN,46601,US,false,adr_to000383,Test Buyer,,384 Example Ave,,Fakeport,IL,60601,US,true,prcl_000383,10,8,4,32.0,,2026-08-07T17:28:42Z,rate_000383,Priority,USPS,9.26,,false,,SGW-7713824,0.00,9.26,0.00,"[{""label_format"":""PDF""},{""print_custom_1"":""ecom""}]",
2026-08-07T17:30:38Z,shp_00005785,9400100000000000005785,delivered,adr_from0001,Goodwill E-Com (test),Goodwill Michiana (test),100 Test Warehouse Rd,,South Bend,IN,46601,US,false,adr_to000384,Test Buyer,,385 Example Ave,,Testville,IN,46601,US,true,prcl_000384,10,8,4,145.6,,2026-08-07T17:30:39Z,rate_000384,GroundAdvantage,USPS,9.20,,false,,SGW-7713965,0.00,9.20,0.00,"[{""label_format"":""PDF""},{""print_custom_1"":""ecom""}]",
2026-08-07T17:36:45Z,shp_00005722,9400100000000000005722,delivered,adr_from0001,Goodwill E-Com (test),Goodwill Michiana (test),100 Test Warehouse Rd,,South Bend,IN,46601,US,false,adr_to000385,Test Buyer,,386 Example Ave,,Sampleton,OH,43004,US,true,prcl_000385,10,8,4,28.8,,2026-08-07T17:36:46Z,rate_000385,GroundAdvantage,USPS,9.63,,false,,SGW-7713831,0.00,9.63,0.00,"[{""label_format"":""PDF""},{""print_custom_1"":""ecom""}]",
2026-08-07T18:51:39Z,shp_00005732,9400100000000000005732,delivered,adr_from0001,Goodwill E-Com (test),Goodwill Michiana (test),100 Test Warehouse Rd,,South Bend,IN,46601,US,false,adr_to000386,Test Buyer,,387 Example Ave,,Mocksburg,MI,49001,US,true,prcl_000386,10,8,4,16.0,,2026-08-07T18:51:40Z,rate_000386,GroundAdvantage,USPS,3.44,,false,,111-9313848-9006977,0.00,3.44,0.00,"[{""label_format"":""PDF""},{""print_custom_1"":""ecom""}]",
2026-08-07T18:59:45Z,shp_00005724,9400100000000000005724,in_transit,adr_from0001,Goodwill E-Com (test),Goodwill Michiana (test),100 Test Warehouse Rd,,South Bend,IN,46601,US,false,adr_to000387,Test Buyer,,388 Example Ave,,Fakeport,IL,60601,US,true,prcl_000387,10,8,4,11.2,,2026-08-07T18:59:46Z,rate_000387,GroundAdvantage,USPS,3.78,,false,,112-2113833-7840356,0.00,3.78,0.00,"[{""label_format"":""PDF""},{""print_custom_1"":""ecom""}]",
2026-08-07T18:59:53Z,shp_00005824,9400100000000000005824,delivered,adr_from0001,Goodwill E-Com (test),Goodwill Michiana (test),100 Test Warehouse Rd,,South Bend,IN,46601,US,false,adr_to000388,Test Buyer,,389 Example Ave,,Testville,IN,46601,US,true,prcl_000388,10,8,4,44.8,,2026-08-07T18:59:54Z,rate_000388,Priority,USPS,6.08,,false,,23-14027-14399,0.00,6.08,0.00,"[{""label_format"":""PDF""},{""print_custom_1"":""ecom""}]",
2026-08-07T19:02:53Z,shp_00005819,9400100000000000005819,delivered,adr_from0001,Goodwill E-Com (test),Goodwill Michiana (test),100 Test Warehouse Rd,,South Bend,IN,46601,US,false,adr_to000389,Test Buyer,,390 Example Ave,,Sampleton,OH,43004,US,true,prcl_000389,10,8,4,27.2,,2026-08-07T19:02:54Z,rate_000389,GroundAdvantage,USPS,3.59,,false,,114-8014018-4863758,0.00,3.59,0.00,"[{""label_format"":""PDF""},{""print_custom_1"":""ecom""}]",
2026-08-07T19:05:00Z,shp_00005828,9400100000000000005828,delivered,adr_from0001,Goodwill E-Com (test),Goodwill Michiana (test),100 Test Warehouse Rd,,South Bend,IN,46601,US,false,adr_to000390,Test Buyer,,391 Example Ave,,Mocksburg,MI,49001,US,true,prcl_000390,10,8,4,49.6,,2026-08-07T19:05:01Z,rate_000390,Priority,USPS,5.80,,false,,m00000014038,0.00,5.80,0.00,"[{""label_format"":""PDF""},{""print_custom_1"":""ecom""}]",
2026-08-07T19:18:43Z,shp_00005766,9400100000000000005766,delivered,adr_from0001,Goodwill E-Com (test),Goodwill Michiana (test),100 Test Warehouse Rd,,South Bend,IN,46601,US,false,adr_to000391,Test Buyer,,392 Example Ave,,Fakeport,IL,60601,US,true,prcl_000391,10,8,4,49.6,,2026-08-07T19:18:44Z,rate_000391,GroundAdvantage,USPS,17.02,,false,,SGW-7713930,0.00,17.02,0.00,"[{""label_format"":""PDF""},{""print_custom_1"":""ecom""}]",
2026-08-07T19:20:57Z,shp_00005713,9400100000000000005713,delivered,adr_from0001,Goodwill E-Com (test),Goodwill Michiana (test),100 Test Warehouse Rd,,South Bend,IN,46601,US,false,adr_to000392,Test Buyer,,393 Example Ave,,Testville,IN,46601,US,true,prcl_000392,10,8,4,12.8,,2026-08-07T19:20:58Z,rate_000392,GroundAdvantage,USPS,10.55,,false,,SGW-7713816,0.00,10.55,0.00,"[{""label_format"":""PDF""},{""print_custom_1"":""ecom""}]",
2026-08-07T19:21:03Z,shp_00005794,9400100000000000005794,delivered,adr_from0001,Goodwill E-Com (test),Goodwill Michiana (test),100 Test Warehouse Rd,,South Bend,IN,46601,US,false,adr_to000393,Test Buyer,,394 Example Ave,,Sampleton,OH,43004,US,true,prcl_000393,10,8,4,25.6,,2026-08-07T19:21:04Z,rate_000393,GroundAdvantage,USPS,3.29,,false,,111-9613981-7383807,0.00,3.29,0.00,"[{""label_format"":""PDF""},{""print_custom_1"":""ecom""}]",
2026-08-07T19:23:04Z,shp_00005812,9400100000000000005812,delivered,adr_from0001,Goodwill E-Com (test),Goodwill Michiana (test),100 Test Warehouse Rd,,South Bend,IN,46601,US,false,adr_to000394,Test Buyer,,395 Example Ave,,Mocksburg,MI,49001,US,true,prcl_000394,10,8,4,22.4,,2026-08-07T19:23:05Z,rate_000394,GroundAdvantage,USPS,3.53,,false,,113-3314007-8650024,0.00,3.53,0.00,"[{""label_format"":""PDF""},{""print_custom_1"":""ecom""}]",
2026-08-07T19:24:01Z,shp_00005728,9400100000000000005728,delivered,adr_from0001,Goodwill E-Com (test),Goodwill Michiana (test),100 Test Warehouse Rd,,South Bend,IN,46601,US,false,adr_to000395,Test Buyer,,396 Example Ave,,Fakeport,IL,60601,US,true,prcl_000395,10,8,4,83.2,,2026-08-07T19:24:02Z,rate_000395,GroundAdvantage,USPS,3.61,,false,,114-1813840-0886802,0.00,3.61,0.00,"[{""label_format"":""PDF""},{""print_custom_1"":""ecom""}]",
2026-08-07T19:45:52Z,shp_00005748,9400100000000000005748,in_transit,adr_from0001,Goodwill E-Com (test),Goodwill Michiana (test),100 Test Warehouse Rd,,South Bend,IN,46601,US,false,adr_to000396,Test Buyer,,397 Example Ave,,Testville,IN,46601,US,true,prcl_000396,10,8,4,44.8,,2026-08-07T19:45:53Z,rate_000396,GroundAdvantage,USPS,5.46,,false,,111-3313877-9630669,0.00,5.46,0.00,"[{""label_format"":""PDF""},{""print_custom_1"":""ecom""}]",
2026-08-07T19:46:01Z,shp_00005776,9400100000000000005776,delivered,adr_from0001,Goodwill E-Com (test),Goodwill Michiana (test),100 Test Warehouse Rd,,South Bend,IN,46601,US,false,adr_to000397,Test Buyer,,398 Example Ave,,Sampleton,OH,43004,US,true,prcl_000397,10,8,4,12.8,,2026-08-07T19:46:02Z,rate_000397,Priority,USPS,6.69,,false,,SGW-7713946,0.00,6.69,0.00,"[{""label_format"":""PDF""},{""print_custom_1"":""ecom""}]",
2026-08-07T19:47:45Z,shp_00005685,9400100000000000005685,delivered,adr_from0001,Goodwill E-Com (test),Goodwill Michiana (test),100 Test Warehouse Rd,,South Bend,IN,46601,US,false,adr_to000398,Test Buyer,,399 Example Ave,,Mocksburg,MI,49001,US,true,prcl_000398,10,8,4,19.2,,2026-08-07T19:47:46Z,rate_000398,GroundAdvantage,USPS,3.29,,false,,113-6913722-0084153,0.00,3.29,0.00,"[{""label_format"":""PDF""},{""print_custom_1"":""ecom""}]",
2026-08-07T19:56:49Z,shp_00005797,9400100000000000005797,delivered,adr_from0001,Goodwill E-Com (test),Goodwill Michiana (test),100 Test Warehouse Rd,,South Bend,IN,46601,US,false,adr_to000399,Test Buyer,,400 Example Ave,,Fakeport,IL,60601,US,true,prcl_000399,10,8,4,51.2,,2026-08-07T19:56:50Z,rate_000399,GroundAdvantage,USPS,3.65,,false,,111-2213985-9318946,0.00,3.65,0.00,"[{""label_format"":""PDF""},{""print_custom_1"":""ecom""}]",
2026-08-07T20:00:24Z,shp_00005738,9400100000000000005738,delivered,adr_from0001,Goodwill E-Com (test),Goodwill Michiana (test),100 Test Warehouse Rd,,South Bend,IN,46601,US,false,adr_to000400,Test Buyer,,401 Example Ave,,Testville,IN,46601,US,true,prcl_000400,10,8,4,46.4,,2026-08-07T20:00:25Z,rate_000400,GroundAdvantage,USPS,3.76,,false,,111-8213857-7801449,0.00,3.76,0.00,"[{""label_format"":""PDF""},{""print_custom_1"":""ecom""}]",
2026-08-07T20:03:25Z,shp_00005767,9400100000000000005767,delivered,adr_from0001,Goodwill E-Com (test),Goodwill Michiana (test),100 Test Warehouse Rd,,South Bend,IN,46601,US,false,adr_to000401,Test Buyer,,402 Example Ave,,Sampleton,OH,43004,US,true,prcl_000401,10,8,4,67.2,,2026-08-07T20:03:26Z,rate_000401,GroundAdvantage,USPS,10.64,,false,,SGW-7713933,0.00,10.64,0.00,"[{""label_format"":""PDF""},{""print_custom_1"":""ecom""}]",
2026-08-07T20:08:13Z,shp_00005707,9400100000000000005707,delivered,adr_from0001,Goodwill E-Com (test),Goodwill Michiana (test),100 Test Warehouse Rd,,South Bend,IN,46601,US,false,adr_to000402,Test Buyer,,403 Example Ave,,Mocksburg,MI,49001,US,true,prcl_000402,10,8,4,19.2,,2026-08-07T20:08:14Z,rate_000402,GroundAdvantage,USPS,9.83,,false,,SGW-7713799,0.00,9.83,0.00,"[{""label_format"":""PDF""},{""print_custom_1"":""ecom""}]",
2026-08-07T20:14:06Z,shp_00005813,9400100000000000005813,delivered,adr_from0001,Goodwill E-Com (test),Goodwill Michiana (test),100 Test Warehouse Rd,,South Bend,IN,46601,US,false,adr_to000403,Test Buyer,,404 Example Ave,,Fakeport,IL,60601,US,true,prcl_000403,10,8,4,36.8,,2026-08-07T20:14:07Z,rate_000403,GroundAdvantage,USPS,3.39,,false,,113-5914009-2300219,0.00,3.39,0.00,"[{""label_format"":""PDF""},{""print_custom_1"":""ecom""}]",
2026-08-07T20:23:17Z,shp_00005820,9400100000000000005820,delivered,adr_from0001,Goodwill E-Com (test),Goodwill Michiana (test),100 Test Warehouse Rd,,South Bend,IN,46601,US,false,adr_to000404,Test Buyer,,405 Example Ave,,Testville,IN,46601,US,true,prcl_000404,10,8,4,8.0,,2026-08-07T20:23:18Z,rate_000404,GroundAdvantage,USPS,7.66,,false,,14-14023-71963,0.00,7.66,0.00,"[{""label_format"":""PDF""},{""print_custom_1"":""ecom""}]",
2026-08-07T20:40:19Z,shp_00005825,9400100000000000005825,in_transit,adr_from0001,Goodwill E-Com (test),Goodwill Michiana (test),100 Test Warehouse Rd,,South Bend,IN,46601,US,false,adr_to000405,Test Buyer,,406 Example Ave,,Sampleton,OH,43004,US,true,prcl_000405,10,8,4,20.8,,2026-08-07T20:40:20Z,rate_000405,GroundAdvantage,USPS,5.52,,false,,24-14030-69355,0.00,5.52,0.00,"[{""label_format"":""PDF""},{""print_custom_1"":""ecom""}]",
2026-08-07T20:41:50Z,shp_00005773,9400100000000000005773,delivered,adr_from0001,Goodwill E-Com (test),Goodwill Michiana (test),100 Test Warehouse Rd,,South Bend,IN,46601,US,false,adr_to000406,Test Buyer,,407 Example Ave,,Mocksburg,MI,49001,US,true,prcl_000406,10,8,4,17.6,,2026-08-07T20:41:51Z,rate_000406,GroundAdvantage,USPS,7.75,,false,,SGW-7713943,0.00,7.75,0.00,"[{""label_format"":""PDF""},{""print_custom_1"":""ecom""}]",
2026-08-07T20:55:48Z,shp_00005821,9400100000000000005821,delivered,adr_from0001,Goodwill E-Com (test),Goodwill Michiana (test),100 Test Warehouse Rd,,South Bend,IN,46601,US,false,adr_to000407,Test Buyer,,408 Example Ave,,Fakeport,IL,60601,US,true,prcl_000407,10,8,4,46.4,,2026-08-07T20:55:49Z,rate_000407,GroundAdvantage,USPS,5.41,,false,,09-14024-75225,0.00,5.41,0.00,"[{""label_format"":""PDF""},{""print_custom_1"":""ecom""}]",
2026-08-07T20:57:57Z,shp_00005694,9400100000000000005694,delivered,adr_from0001,Goodwill E-Com (test),Goodwill Michiana (test),100 Test Warehouse Rd,,South Bend,IN,46601,US,false,adr_to000408,Test Buyer,,409 Example Ave,,Testville,IN,46601,US,true,prcl_000408,10,8,4,40.0,,2026-08-07T20:57:58Z,rate_000408,GroundAdvantage,USPS,3.37,,false,,113-8813742-6584114,0.00,3.37,0.00,"[{""label_format"":""PDF""},{""print_custom_1"":""ecom""}]",
2026-08-08T13:04:57Z,shp_00005882,9400100000000000005882,delivered,adr_from0001,Goodwill E-Com (test),Goodwill Michiana (test),100 Test Warehouse Rd,,South Bend,IN,46601,US,false,adr_to000409,Test Buyer,,410 Example Ave,,Sampleton,OH,43004,US,true,prcl_000409,10,8,4,20.8,,2026-08-08T13:04:58Z,rate_000409,Priority,USPS,3.52,,false,,112-8414160-7855679,0.00,3.52,0.00,"[{""label_format"":""PDF""},{""print_custom_1"":""ecom""}]",
2026-08-08T13:06:40Z,shp_00005879,9400100000000000005879,delivered,adr_from0001,Goodwill E-Com (test),Goodwill Michiana (test),100 Test Warehouse Rd,,South Bend,IN,46601,US,false,adr_to000410,Test Buyer,,411 Example Ave,,Mocksburg,MI,49001,US,true,prcl_000410,10,8,4,22.4,,2026-08-08T13:06:41Z,rate_000410,GroundAdvantage,USPS,3.36,,false,,113-0914157-9496949,0.00,3.36,0.00,"[{""label_format"":""PDF""},{""print_custom_1"":""ecom""}]",
2026-08-08T13:07:15Z,shp_00005729,9400100000000000005729,delivered,adr_from0001,Goodwill E-Com (test),Goodwill Michiana (test),100 Test Warehouse Rd,,South Bend,IN,46601,US,false,adr_to000411,Test Buyer,,412 Example Ave,,Fakeport,IL,60601,US,true,prcl_000411,10,8,4,46.4,,2026-08-08T13:07:16Z,rate_000411,Priority,USPS,3.46,,false,,114-4313841-7816128,0.00,3.46,0.00,"[{""label_format"":""PDF""},{""print_custom_1"":""ecom""}]",
2026-08-08T13:15:08Z,shp_00005804,9400100000000000005804,delivered,adr_from0001,Goodwill E-Com (test),Goodwill Michiana (test),100 Test Warehouse Rd,,South Bend,IN,46601,US,false,adr_to000412,Test Buyer,,413 Example Ave,,Testville,IN,46601,US,true,prcl_000412,10,8,4,12.8,,2026-08-08T13:15:09Z,rate_000412,GroundAdvantage,USPS,3.32,,false,,111-7513995-1854925,0.00,3.32,0.00,"[{""label_format"":""PDF""},{""print_custom_1"":""ecom""}]",
2026-08-08T13:27:16Z,shp_00005892,9400100000000000005892,delivered,adr_from0001,Goodwill E-Com (test),Goodwill Michiana (test),100 Test Warehouse Rd,,South Bend,IN,46601,US,false,adr_to000413,Test Buyer,,414 Example Ave,,Sampleton,OH,43004,US,true,prcl_000413,10,8,4,9.6,,2026-08-08T13:27:17Z,rate_000413,GroundAdvantage,USPS,4.56,,false,,26-14181-68369,0.00,4.56,0.00,"[{""label_format"":""PDF""},{""print_custom_1"":""ecom""}]",
2026-08-08T13:36:44Z,shp_00005878,9400100000000000005878,in_transit,adr_from0001,Goodwill E-Com (test),Goodwill Michiana (test),100 Test Warehouse Rd,,South Bend,IN,46601,US,false,adr_to000414,Test Buyer,,415 Example Ave,,Mocksburg,MI,49001,US,true,prcl_000414,10,8,4,30.4,,2026-08-08T13:36:45Z,rate_000414,GroundAdvantage,USPS,5.79,,false,,111-1214153-0502459,0.00,5.79,0.00,"[{""label_format"":""PDF""},{""print_custom_1"":""ecom""}]",
2026-08-08T13:40:55Z,shp_00005875,9400100000000000005875,delivered,adr_from0001,Goodwill E-Com (test),Goodwill Michiana (test),100 Test Warehouse Rd,,South Bend,IN,46601,US,false,adr_to000415,Test Buyer,,416 Example Ave,,Fakeport,IL,60601,US,true,prcl_000415,10,8,4,12.8,,2026-08-08T13:40:56Z,rate_000415,GroundAdvantage,USPS,3.81,,false,,113-5514148-1156743,0.00,3.81,0.00,"[{""label_format"":""PDF""},{""print_custom_1"":""ecom""}]",
2026-08-08T13:46:12Z,shp_00005753,9400100000000000005753,delivered,adr_from0001,Goodwill E-Com (test),Goodwill Michiana (test),100 Test Warehouse Rd,,South Bend,IN,46601,US,false,adr_to000416,Test Buyer,,417 Example Ave,,Testville,IN,46601,US,true,prcl_000416,10,8,4,24.0,,2026-08-08T13:46:13Z,rate_000416,Priority,USPS,3.86,,false,,114-9113882-0890061,0.00,3.86,0.00,"[{""label_format"":""PDF""},{""print_custom_1"":""ecom""}]",
2026-08-08T13:48:01Z,shp_00005852,9400100000000000005852,delivered,adr_from0001,Goodwill E-Com (test),Goodwill Michiana (test),100 Test Warehouse Rd,,South Bend,IN,46601,US,false,adr_to000417,Test Buyer,,418 Example Ave,,Sampleton,OH,43004,US,true,prcl_000417,10,8,4,44.8,,2026-08-08T13:48:02Z,rate_000417,Priority,USPS,10.96,,false,,SGW-7714101,0.00,10.96,0.00,"[{""label_format"":""PDF""},{""print_custom_1"":""ecom""}]",
2026-08-08T13:50:27Z,shp_00005868,9400100000000000005868,delivered,adr_from0001,Goodwill E-Com (test),Goodwill Michiana (test),100 Test Warehouse Rd,,South Bend,IN,46601,US,false,adr_to000418,Test Buyer,,419 Example Ave,,Mocksburg,MI,49001,US,true,prcl_000418,10,8,4,35.2,,2026-08-08T13:50:28Z,rate_000418,GroundAdvantage,USPS,3.91,,false,,114-2214137-5119013,0.00,3.91,0.00,"[{""label_format"":""PDF""},{""print_custom_1"":""ecom""}]",
2026-08-08T13:53:24Z,shp_00005837,9400100000000000005837,delivered,adr_from0001,Goodwill E-Com (test),Goodwill Michiana (test),100 Test Warehouse Rd,,South Bend,IN,46601,US,false,adr_to000419,Test Buyer,,420 Example Ave,,Fakeport,IL,60601,US,true,prcl_000419,10,8,4,16.0,,2026-08-08T13:53:25Z,rate_000419,GroundAdvantage,USPS,6.00,,false,,SGW-7714071,0.00,6.00,0.00,"[{""label_format"":""PDF""},{""print_custom_1"":""ecom""}]",
2026-08-08T13:57:59Z,shp_00005778,9400100000000000005778,delivered,adr_from0001,Goodwill E-Com (test),Goodwill Michiana (test),100 Test Warehouse Rd,,South Bend,IN,46601,US,false,adr_to000420,Test Buyer,,421 Example Ave,,Testville,IN,46601,US,true,prcl_000420,10,8,4,12.8,,2026-08-08T13:58:00Z,rate_000420,GroundAdvantage,USPS,9.37,,false,,SGW-7713951,0.00,9.37,0.00,"[{""label_format"":""PDF""},{""print_custom_1"":""ecom""}]",
2026-08-08T14:06:52Z,shp_00005769,9400100000000000005769,delivered,adr_from0001,Goodwill E-Com (test),Goodwill Michiana (test),100 Test Warehouse Rd,,South Bend,IN,46601,US,false,adr_to000421,Test Buyer,,422 Example Ave,,Sampleton,OH,43004,US,true,prcl_000421,10,8,4,80.0,,2026-08-08T14:06:53Z,rate_000421,GroundAdvantage,USPS,10.79,,false,,SGW-7713936,0.00,10.79,0.00,"[{""label_format"":""PDF""},{""print_custom_1"":""ecom""}]",
2026-08-08T14:25:38Z,shp_00005836,9400100000000000005836,delivered,adr_from0001,Goodwill E-Com (test),Goodwill Michiana (test),100 Test Warehouse Rd,,South Bend,IN,46601,US,false,adr_to000422,Test Buyer,,423 Example Ave,,Mocksburg,MI,49001,US,true,prcl_000422,10,8,4,27.2,,2026-08-08T14:25:39Z,rate_000422,GroundAdvantage,USPS,11.31,,false,,SGW-7714069,0.00,11.31,0.00,"[{""label_format"":""PDF""},{""print_custom_1"":""ecom""}]",
2026-08-08T14:34:14Z,shp_00005841,9400100000000000005841,in_transit,adr_from0001,Goodwill E-Com (test),Goodwill Michiana (test),100 Test Warehouse Rd,,South Bend,IN,46601,US,false,adr_to000423,Test Buyer,,424 Example Ave,,Fakeport,IL,60601,US,true,prcl_000423,10,8,4,19.2,,2026-08-08T14:34:15Z,rate_000423,GroundAdvantage,USPS,8.96,,false,,SGW-7714076,0.00,8.96,0.00,"[{""label_format"":""PDF""},{""print_custom_1"":""ecom""}]",
2026-08-08T14:35:37Z,shp_00005901,9400100000000000005901,delivered,adr_from0001,Goodwill E-Com (test),Goodwill Michiana (test),100 Test Warehouse Rd,,South Bend,IN,46601,US,false,adr_to000424,Test Buyer,,425 Example Ave,,Testville,IN,46601,US,true,prcl_000424,10,8,4,44.8,,2026-08-08T14:35:38Z,rate_000424,GroundAdvantage,USPS,5.75,,false,,m00000014208,0.00,5.75,0.00,"[{""label_format"":""PDF""},{""print_custom_1"":""ecom""}]",
2026-08-08T14:37:21Z,shp_00005850,9400100000000000005850,delivered,adr_from0001,Goodwill E-Com (test),Goodwill Michiana (test),100 Test Warehouse Rd,,South Bend,IN,46601,US,false,adr_to000425,Test Buyer,,426 Example Ave,,Sampleton,OH,43004,US,true,prcl_000425,10,8,4,8.0,,2026-08-08T14:37:22Z,rate_000425,GroundAdvantage,USPS,9.55,,false,,SGW-7714094,0.00,9.55,0.00,"[{""label_format"":""PDF""},{""print_custom_1"":""ecom""}]",
2026-08-08T14:48:05Z,shp_00005859,9400100000000000005859,delivered,adr_from0001,Goodwill E-Com (test),Goodwill Michiana (test),100 Test Warehouse Rd,,South Bend,IN,46601,US,false,adr_to000426,Test Buyer,,427 Example Ave,,Mocksburg,MI,49001,US,true,prcl_000426,10,8,4,16.0,,2026-08-08T14:48:06Z,rate_000426,Priority,USPS,8.84,,false,,SGW-7714120,0.00,8.84,0.00,"[{""label_format"":""PDF""},{""print_custom_1"":""ecom""}]",
2026-08-08T14:51:42Z,shp_00005823,9400100000000000005823,delivered,adr_from0001,Goodwill E-Com (test),Goodwill Michiana (test),100 Test Warehouse Rd,,South Bend,IN,46601,US,false,adr_to000427,Test Buyer,,428 Example Ave,,Fakeport,IL,60601,US,true,prcl_000427,10,8,4,24.0,,2026-08-08T14:51:43Z,rate_000427,GroundAdvantage,USPS,8.87,,false,,27-14026-60112,0.00,8.87,0.00,"[{""label_format"":""PDF""},{""print_custom_1"":""ecom""}]",
2026-08-08T14:56:23Z,shp_00005838,9400100000000000005838,delivered,adr_from0001,Goodwill E-Com (test),Goodwill Michiana (test),100 Test Warehouse Rd,,South Bend,IN,46601,US,false,adr_to000428,Test Buyer,,429 Example Ave,,Testville,IN,46601,US,true,prcl_000428,10,8,4,16.0,,2026-08-08T14:56:24Z,rate_000428,GroundAdvantage,USPS,8.99,,false,,SGW-7714072,0.00,8.99,0.00,"[{""label_format"":""PDF""},{""print_custom_1"":""ecom""}]",
2026-08-08T14:57:20Z,shp_00005897,9400100000000000005897,delivered,adr_from0001,Goodwill E-Com (test),Goodwill Michiana (test),100 Test Warehouse Rd,,South Bend,IN,46601,US,false,adr_to000429,Test Buyer,,430 Example Ave,,Sampleton,OH,43004,US,true,prcl_000429,10,8,4,38.4,,2026-08-08T14:57:21Z,rate_000429,GroundAdvantage,USPS,4.54,,false,,07-14191-07500,0.00,4.54,0.00,"[{""label_format"":""PDF""},{""print_custom_1"":""ecom""}]",
2026-08-08T14:57:34Z,shp_00005840,9400100000000000005840,delivered,adr_from0001,Goodwill E-Com (test),Goodwill Michiana (test),100 Test Warehouse Rd,,South Bend,IN,46601,US,false,adr_to000430,Test Buyer,,431 Example Ave,,Mocksburg,MI,49001,US,true,prcl_000430,10,8,4,22.4,,2026-08-08T14:57:35Z,rate_000430,Priority,USPS,13.24,,false,,SGW-7714075,0.00,13.24,0.00,"[{""label_format"":""PDF""},{""print_custom_1"":""ecom""}]",
2026-08-08T15:00:19Z,shp_00005849,9400100000000000005849,delivered,adr_from0001,Goodwill E-Com (test),Goodwill Michiana (test),100 Test Warehouse Rd,,South Bend,IN,46601,US,false,adr_to000431,Test Buyer,,432 Example Ave,,Fakeport,IL,60601,US,true,prcl_000431,10,8,4,48.0,,2026-08-08T15:00:20Z,rate_000431,GroundAdvantage,USPS,4.64,,false,,SGW-7714092,0.00,4.64,0.00,"[{""label_format"":""PDF""},{""print_custom_1"":""ecom""}]",
2026-08-08T15:03:06Z,shp_00005839,9400100000000000005839,in_transit,adr_from0001,Goodwill E-Com (test),Goodwill Michiana (test),100 Test Warehouse Rd,,South Bend,IN,46601,US,false,adr_to000432,Test Buyer,,433 Example Ave,,Testville,IN,46601,US,true,prcl_000432,10,8,4,12.8,,2026-08-08T15:03:07Z,rate_000432,GroundAdvantage,USPS,10.16,,false,,SGW-7714073,0.00,10.16,0.00,"[{""label_format"":""PDF""},{""print_custom_1"":""ecom""}]",
2026-08-08T15:06:56Z,shp_00005795,9400100000000000005795,delivered,adr_from0001,Goodwill E-Com (test),Goodwill Michiana (test),100 Test Warehouse Rd,,South Bend,IN,46601,US,false,adr_to000433,Test Buyer,,434 Example Ave,,Sampleton,OH,43004,US,true,prcl_000433,10,8,4,56.0,,2026-08-08T15:06:57Z,rate_000433,GroundAdvantage,USPS,3.60,,false,,113-2113983-2169995,0.00,3.60,0.00,"[{""label_format"":""PDF""},{""print_custom_1"":""ecom""}]",
2026-08-08T15:12:18Z,shp_00005792,9400100000000000005792,delivered,adr_from0001,Goodwill E-Com (test),Goodwill Michiana (test),100 Test Warehouse Rd,,South Bend,IN,46601,US,false,adr_to000434,Test Buyer,,435 Example Ave,,Mocksburg,MI,49001,US,true,prcl_000434,10,8,4,19.2,,2026-08-08T15:12:19Z,rate_000434,GroundAdvantage,USPS,3.71,,false,,112-4113977-9707200,0.00,3.71,0.00,"[{""label_format"":""PDF""},{""print_custom_1"":""ecom""}]",
2026-08-08T15:15:08Z,shp_00005861,9400100000000000005861,delivered,adr_from0001,Goodwill E-Com (test),Goodwill Michiana (test),100 Test Warehouse Rd,,South Bend,IN,46601,US,false,adr_to000435,Test Buyer,,436 Example Ave,,Fakeport,IL,60601,US,true,prcl_000435,10,8,4,40.0,,2026-08-08T15:15:09Z,rate_000435,GroundAdvantage,USPS,7.24,,false,,SGW-7714125,0.00,7.24,0.00,"[{""label_format"":""PDF""},{""print_custom_1"":""ecom""}]",
2026-08-08T15:35:16Z,shp_00005770,9400100000000000005770,delivered,adr_from0001,Goodwill E-Com (test),Goodwill Michiana (test),100 Test Warehouse Rd,,South Bend,IN,46601,US,false,adr_to000436,Test Buyer,,437 Example Ave,,Testville,IN,46601,US,true,prcl_000436,10,8,4,38.4,,2026-08-08T15:35:17Z,rate_000436,GroundAdvantage,USPS,10.71,,false,,SGW-7713938,0.00,10.71,0.00,"[{""label_format"":""PDF""},{""print_custom_1"":""ecom""}]",
2026-08-08T15:40:54Z,shp_00005829,9400100000000000005829,delivered,adr_from0001,Goodwill E-Com (test),Goodwill Michiana (test),100 Test Warehouse Rd,,South Bend,IN,46601,US,false,adr_to000437,Test Buyer,,438 Example Ave,,Sampleton,OH,43004,US,true,prcl_000437,10,8,4,25.6,,2026-08-08T15:40:55Z,rate_000437,GroundAdvantage,USPS,9.66,,false,,SGW-7714056,0.00,9.66,0.00,"[{""label_format"":""PDF""},{""print_custom_1"":""ecom""}]",
2026-08-08T15:46:03Z,shp_00005842,9400100000000000005842,delivered,adr_from0001,Goodwill E-Com (test),Goodwill Michiana (test),100 Test Warehouse Rd,,South Bend,IN,46601,US,false,adr_to000438,Test Buyer,,439 Example Ave,,Mocksburg,MI,49001,US,true,prcl_000438,10,8,4,57.6,,2026-08-08T15:46:04Z,rate_000438,Priority,USPS,8.45,,false,,SGW-7714080,0.00,8.45,0.00,"[{""label_format"":""PDF""},{""print_custom_1"":""ecom""}]",
2026-08-08T16:02:44Z,shp_00005799,9400100000000000005799,delivered,adr_from0001,Goodwill E-Com (test),Goodwill Michiana (test),100 Test Warehouse Rd,,South Bend,IN,46601,US,false,adr_to000439,Test Buyer,,440 Example Ave,,Fakeport,IL,60601,US,true,prcl_000439,10,8,4,9.6,,2026-08-08T16:02:45Z,rate_000439,GroundAdvantage,USPS,3.70,,false,,111-3313989-4937198,0.00,3.70,0.00,"[{""label_format"":""PDF""},{""print_custom_1"":""ecom""}]",
2026-08-08T16:09:20Z,shp_00005787,9400100000000000005787,delivered,adr_from0001,Goodwill E-Com (test),Goodwill Michiana (test),100 Test Warehouse Rd,,South Bend,IN,46601,US,false,adr_to000440,Test Buyer,,441 Example Ave,,Testville,IN,46601,US,true,prcl_000440,10,8,4,25.6,,2026-08-08T16:09:21Z,rate_000440,Priority,USPS,15.17,,false,,SGW-7713971,0.00,15.17,0.00,"[{""label_format"":""PDF""},{""print_custom_1"":""ecom""}]",
2026-08-08T16:15:27Z,shp_00005826,9400100000000000005826,in_transit,adr_from0001,Goodwill E-Com (test),Goodwill Michiana (test),100 Test Warehouse Rd,,South Bend,IN,46601,US,false,adr_to000441,Test Buyer,,442 Example Ave,,Sampleton,OH,43004,US,true,prcl_000441,10,8,4,28.8,,2026-08-08T16:15:28Z,rate_000441,GroundAdvantage,USPS,6.40,,false,,02-14033-21619,0.00,6.40,0.00,"[{""label_format"":""PDF""},{""print_custom_1"":""ecom""}]",
2026-08-08T16:16:28Z,shp_00005832,9400100000000000005832,delivered,adr_from0001,Goodwill E-Com (test),Goodwill Michiana (test),100 Test Warehouse Rd,,South Bend,IN,46601,US,false,adr_to000442,Test Buyer,,443 Example Ave,,Mocksburg,MI,49001,US,true,prcl_000442,10,8,4,30.4,,2026-08-08T16:16:29Z,rate_000442,GroundAdvantage,USPS,7.03,,false,,SGW-7714061,0.00,7.03,0.00,"[{""label_format"":""PDF""},{""print_custom_1"":""ecom""}]",
2026-08-08T16:21:06Z,shp_00005708,9400100000000000005708,delivered,adr_from0001,Goodwill E-Com (test),Goodwill Michiana (test),100 Test Warehouse Rd,,South Bend,IN,46601,US,false,adr_to000443,Test Buyer,,444 Example Ave,,Fakeport,IL,60601,US,true,prcl_000443,10,8,4,14.4,,2026-08-08T16:21:07Z,rate_000443,Priority,USPS,17.34,,false,,SGW-7713800,0.00,17.34,0.00,"[{""label_format"":""PDF""},{""print_custom_1"":""ecom""}]",
2026-08-08T16:37:12Z,shp_00005866,9400100000000000005866,delivered,adr_from0001,Goodwill E-Com (test),Goodwill Michiana (test),100 Test Warehouse Rd,,South Bend,IN,46601,US,false,adr_to000444,Test Buyer,,445 Example Ave,,Testville,IN,46601,US,true,prcl_000444,10,8,4,19.2,,2026-08-08T16:37:13Z,rate_000444,GroundAdvantage,USPS,3.27,,false,,111-2714135-0491379,0.00,3.27,0.00,"[{""label_format"":""PDF""},{""print_custom_1"":""ecom""}]",
2026-08-08T16:48:05Z,shp_00005871,9400100000000000005871,delivered,adr_from0001,Goodwill E-Com (test),Goodwill Michiana (test),100 Test Warehouse Rd,,South Bend,IN,46601,US,false,adr_to000445,Test Buyer,,446 Example Ave,,Sampleton,OH,43004,US,true,prcl_000445,10,8,4,27.2,,2026-08-08T16:48:06Z,rate_000445,GroundAdvantage,USPS,3.57,,false,,113-8414142-5615181,0.00,3.57,0.00,"[{""label_format"":""PDF""},{""print_custom_1"":""ecom""}]",
2026-08-08T16:48:47Z,shp_00005893,9400100000000000005893,delivered,adr_from0001,Goodwill E-Com (test),Goodwill Michiana (test),100 Test Warehouse Rd,,South Bend,IN,46601,US,false,adr_to000446,Test Buyer,,447 Example Ave,,Mocksburg,MI,49001,US,true,prcl_000446,10,8,4,30.4,,2026-08-08T16:48:48Z,rate_000446,GroundAdvantage,USPS,4.22,,false,,16-14182-02979,0.00,4.22,0.00,"[{""label_format"":""PDF""},{""print_custom_1"":""ecom""}]",
2026-08-08T16:52:58Z,shp_00005890,9400100000000000005890,delivered,adr_from0001,Goodwill E-Com (test),Goodwill Michiana (test),100 Test Warehouse Rd,,South Bend,IN,46601,US,false,adr_to000447,Test Buyer,,448 Example Ave,,Fakeport,IL,60601,US,true,prcl_000447,10,8,4,8.0,,2026-08-08T16:52:59Z,rate_000447,GroundAdvantage,USPS,4.23,,false,,23-14175-64652,0.00,4.23,0.00,"[{""label_format"":""PDF""},{""print_custom_1"":""ecom""}]",
2026-08-08T16:59:33Z,shp_00005898,9400100000000000005898,delivered,adr_from0001,Goodwill E-Com (test),Goodwill Michiana (test),100 Test Warehouse Rd,,South Bend,IN,46601,US,false,adr_to000448,Test Buyer,,449 Example Ave,,Testville,IN,46601,US,true,prcl_000448,10,8,4,48.0,,2026-08-08T16:59:34Z,rate_000448,Priority,USPS,6.26,,false,,11-14193-82435,0.00,6.26,0.00,"[{""label_format"":""PDF""},{""print_custom_1"":""ecom""}]",
2026-08-08T17:01:55Z,shp_00005857,9400100000000000005857,delivered,adr_from0001,Goodwill E-Com (test),Goodwill Michiana (test),100 Test Warehouse Rd,,South Bend,IN,46601,US,false,adr_to000449,Test Buyer,,450 Example Ave,,Sampleton,OH,43004,US,true,prcl_000449,10,8,4,22.4,,2026-08-08T17:01:56Z,rate_000449,Priority,USPS,11.30,,false,,SGW-7714111,0.00,11.30,0.00,"[{""label_format"":""PDF""},{""print_custom_1"":""ecom""}]",
2026-08-08T17:16:31Z,shp_00005830,9400100000000000005830,in_transit,adr_from0001,Goodwill E-Com (test),Goodwill Michiana (test),100 Test Warehouse Rd,,South Bend,IN,46601,US,false,adr_to000450,Test Buyer,,451 Example Ave,,Mocksburg,MI,49001,US,true,prcl_000450,10,8,4,40.0,,2026-08-08T17:16:32Z,rate_000450,Priority,USPS,7.62,,false,,SGW-7714059,0.00,7.62,0.00,"[{""label_format"":""PDF""},{""print_custom_1"":""ecom""}]",
2026-08-08T17:21:12Z,shp_00005884,9400100000000000005884,delivered,adr_from0001,Goodwill E-Com (test),Goodwill Michiana (test),100 Test Warehouse Rd,,South Bend,IN,46601,US,false,adr_to000451,Test Buyer,,452 Example Ave,,Fakeport,IL,60601,US,true,prcl_000451,10,8,4,22.4,,2026-08-08T17:21:13Z,rate_000451,GroundAdvantage,USPS,5.59,,false,,111-3714163-6281498,0.00,5.59,0.00,"[{""label_format"":""PDF""},{""print_custom_1"":""ecom""}]",
2026-08-08T17:24:36Z,shp_00005806,9400100000000000005806,delivered,adr_from0001,Goodwill E-Com (test),Goodwill Michiana (test),100 Test Warehouse Rd,,South Bend,IN,46601,US,false,adr_to000452,Test Buyer,,453 Example Ave,,Testville,IN,46601,US,true,prcl_000452,10,8,4,14.4,,2026-08-08T17:24:37Z,rate_000452,GroundAdvantage,USPS,5.23,,false,,111-9313997-7797381,0.00,5.23,0.00,"[{""label_format"":""PDF""},{""print_custom_1"":""ecom""}]",
2026-08-08T17:36:20Z,shp_00005858,9400100000000000005858,delivered,adr_from0001,Goodwill E-Com (test),Goodwill Michiana (test),100 Test Warehouse Rd,,South Bend,IN,46601,US,false,adr_to000453,Test Buyer,,454 Example Ave,,Sampleton,OH,43004,US,true,prcl_000453,10,8,4,22.4,,2026-08-08T17:36:21Z,rate_000453,GroundAdvantage,USPS,11.61,,false,,SGW-7714119,0.00,11.61,0.00,"[{""label_format"":""PDF""},{""print_custom_1"":""ecom""}]",
2026-08-08T17:48:47Z,shp_00005771,9400100000000000005771,delivered,adr_from0001,Goodwill E-Com (test),Goodwill Michiana (test),100 Test Warehouse Rd,,South Bend,IN,46601,US,false,adr_to000454,Test Buyer,,455 Example Ave,,Mocksburg,MI,49001,US,true,prcl_000454,10,8,4,11.2,,2026-08-08T17:48:48Z,rate_000454,GroundAdvantage,USPS,10.43,,false,,SGW-7713940,0.00,10.43,0.00,"[{""label_format"":""PDF""},{""print_custom_1"":""ecom""}]",
2026-08-08T18:03:11Z,shp_00005860,9400100000000000005860,delivered,adr_from0001,Goodwill E-Com (test),Goodwill Michiana (test),100 Test Warehouse Rd,,South Bend,IN,46601,US,false,adr_to000455,Test Buyer,,456 Example Ave,,Fakeport,IL,60601,US,true,prcl_000455,10,8,4,14.4,,2026-08-08T18:03:12Z,rate_000455,GroundAdvantage,USPS,8.07,,false,,SGW-7714121,0.00,8.07,0.00,"[{""label_format"":""PDF""},{""print_custom_1"":""ecom""}]",
2026-08-08T18:10:01Z,shp_00005854,9400100000000000005854,delivered,adr_from0001,Goodwill E-Com (test),Goodwill Michiana (test),100 Test Warehouse Rd,,South Bend,IN,46601,US,false,adr_to000456,Test Buyer,,457 Example Ave,,Testville,IN,46601,US,true,prcl_000456,10,8,4,25.6,,2026-08-08T18:10:02Z,rate_000456,GroundAdvantage,USPS,12.84,,false,,SGW-7714107,0.00,12.84,0.00,"[{""label_format"":""PDF""},{""print_custom_1"":""ecom""}]",
2026-08-08T18:30:06Z,shp_00005880,9400100000000000005880,delivered,adr_from0001,Goodwill E-Com (test),Goodwill Michiana (test),100 Test Warehouse Rd,,South Bend,IN,46601,US,false,adr_to000457,Test Buyer,,458 Example Ave,,Sampleton,OH,43004,US,true,prcl_000457,10,8,4,28.8,,2026-08-08T18:30:07Z,rate_000457,GroundAdvantage,USPS,3.28,,false,,111-5014158-7841843,0.00,3.28,0.00,"[{""label_format"":""PDF""},{""print_custom_1"":""ecom""}]",
2026-08-08T18:31:52Z,shp_00005845,9400100000000000005845,delivered,adr_from0001,Goodwill E-Com (test),Goodwill Michiana (test),100 Test Warehouse Rd,,South Bend,IN,46601,US,false,adr_to000458,Test Buyer,,459 Example Ave,,Mocksburg,MI,49001,US,true,prcl_000458,10,8,4,12.8,,2026-08-08T18:31:53Z,rate_000458,GroundAdvantage,USPS,6.46,,false,,SGW-7714083,0.00,6.46,0.00,"[{""label_format"":""PDF""},{""print_custom_1"":""ecom""}]",
2026-08-08T18:32:28Z,shp_00005885,9400100000000000005885,in_transit,adr_from0001,Goodwill E-Com (test),Goodwill Michiana (test),100 Test Warehouse Rd,,South Bend,IN,46601,US,false,adr_to000459,Test Buyer,,460 Example Ave,,Fakeport,IL,60601,US,true,prcl_000459,10,8,4,30.4,,2026-08-08T18:32:29Z,rate_000459,Priority,USPS,3.54,,false,,114-7514164-7703008,0.00,3.54,0.00,"[{""label_format"":""PDF""},{""print_custom_1"":""ecom""}]",
2026-08-08T18:37:34Z,shp_00005843,9400100000000000005843,delivered,adr_from0001,Goodwill E-Com (test),Goodwill Michiana (test),100 Test Warehouse Rd,,South Bend,IN,46601,US,false,adr_to000460,Test Buyer,,461 Example Ave,,Testville,IN,46601,US,true,prcl_000460,10,8,4,22.4,,2026-08-08T18:37:35Z,rate_000460,GroundAdvantage,USPS,6.46,,false,,SGW-7714081,0.00,6.46,0.00,"[{""label_format"":""PDF""},{""print_custom_1"":""ecom""}]",
2026-08-08T18:42:33Z,shp_00005874,9400100000000000005874,delivered,adr_from0001,Goodwill E-Com (test),Goodwill Michiana (test),100 Test Warehouse Rd,,South Bend,IN,46601,US,false,adr_to000461,Test Buyer,,462 Example Ave,,Sampleton,OH,43004,US,true,prcl_000461,10,8,4,38.4,,2026-08-08T18:42:34Z,rate_000461,GroundAdvantage,USPS,3.78,,false,,111-0414146-6378050,0.00,3.78,0.00,"[{""label_format"":""PDF""},{""print_custom_1"":""ecom""}]",
2026-08-08T18:47:38Z,shp_00005775,9400100000000000005775,delivered,adr_from0001,Goodwill E-Com (test),Goodwill Michiana (test),100 Test Warehouse Rd,,South Bend,IN,46601,US,false,adr_to000462,Test Buyer,,463 Example Ave,,Mocksburg,MI,49001,US,true,prcl_000462,10,8,4,17.6,,2026-08-08T18:47:39Z,rate_000462,GroundAdvantage,USPS,12.25,,false,,SGW-7713945,0.00,12.25,0.00,"[{""label_format"":""PDF""},{""print_custom_1"":""ecom""}]",
2026-08-08T18:49:00Z,shp_00005895,9400100000000000005895,delivered,adr_from0001,Goodwill E-Com (test),Goodwill Michiana (test),100 Test Warehouse Rd,,South Bend,IN,46601,US,false,adr_to000463,Test Buyer,,464 Example Ave,,Fakeport,IL,60601,US,true,prcl_000463,10,8,4,49.6,,2026-08-08T18:49:01Z,rate_000463,Priority,USPS,7.05,,false,,04-14187-43938,0.00,7.05,0.00,"[{""label_format"":""PDF""},{""print_custom_1"":""ecom""}]",
2026-08-08T18:51:41Z,shp_00005816,9400100000000000005816,delivered,adr_from0001,Goodwill E-Com (test),Goodwill Michiana (test),100 Test Warehouse Rd,,South Bend,IN,46601,US,false,adr_to000464,Test Buyer,,465 Example Ave,,Testville,IN,46601,US,true,prcl_000464,10,8,4,35.2,,2026-08-08T18:51:42Z,rate_000464,GroundAdvantage,USPS,3.86,,false,,113-0814015-8576171,0.00,3.86,0.00,"[{""label_format"":""PDF""},{""print_custom_1"":""ecom""}]",
2026-08-08T19:06:43Z,shp_00005851,9400100000000000005851,delivered,adr_from0001,Goodwill E-Com (test),Goodwill Michiana (test),100 Test Warehouse Rd,,South Bend,IN,46601,US,false,adr_to000465,Test Buyer,,466 Example Ave,,Sampleton,OH,43004,US,true,prcl_000465,10,8,4,24.0,,2026-08-08T19:06:44Z,rate_000465,Priority,USPS,6.31,,false,,SGW-7714095,0.00,6.31,0.00,"[{""label_format"":""PDF""},{""print_custom_1"":""ecom""}]",
2026-08-08T19:13:19Z,shp_00005881,9400100000000000005881,delivered,adr_from0001,Goodwill E-Com (test),Goodwill Michiana (test),100 Test Warehouse Rd,,South Bend,IN,46601,US,false,adr_to000466,Test Buyer,,467 Example Ave,,Mocksburg,MI,49001,US,true,prcl_000466,10,8,4,48.0,,2026-08-08T19:13:20Z,rate_000466,GroundAdvantage,USPS,3.84,,false,,114-8414159-7450080,0.00,3.84,0.00,"[{""label_format"":""PDF""},{""print_custom_1"":""ecom""}]",
2026-08-08T19:26:49Z,shp_00005891,9400100000000000005891,delivered,adr_from0001,Goodwill E-Com (test),Goodwill Michiana (test),100 Test Warehouse Rd,,South Bend,IN,46601,US,false,adr_to000467,Test Buyer,,468 Example Ave,,Fakeport,IL,60601,US,true,prcl_000467,10,8,4,38.4,,2026-08-08T19:26:50Z,rate_000467,Priority,USPS,6.49,,false,,03-14176-78612,0.00,6.49,0.00,"[{""label_format"":""PDF""},{""print_custom_1"":""ecom""}]",
2026-08-08T19:36:49Z,shp_00005847,9400100000000000005847,in_transit,adr_from0001,Goodwill E-Com (test),Goodwill Michiana (test),100 Test Warehouse Rd,,South Bend,IN,46601,US,false,adr_to000468,Test Buyer,,469 Example Ave,,Testville,IN,46601,US,true,prcl_000468,10,8,4,64.0,,2026-08-08T19:36:50Z,rate_000468,GroundAdvantage,USPS,10.17,,false,,SGW-7714089,0.00,10.17,0.00,"[{""label_format"":""PDF""},{""print_custom_1"":""ecom""}]",
2026-08-08T19:40:54Z,shp_00005900,9400100000000000005900,delivered,adr_from0001,Goodwill E-Com (test),Goodwill Michiana (test),100 Test Warehouse Rd,,South Bend,IN,46601,US,false,adr_to000469,Test Buyer,,470 Example Ave,,Sampleton,OH,43004,US,true,prcl_000469,10,8,4,14.4,,2026-08-08T19:40:55Z,rate_000469,Priority,USPS,6.00,,false,,m00000014199,0.00,6.00,0.00,"[{""label_format"":""PDF""},{""print_custom_1"":""ecom""}]",
2026-08-08T19:51:32Z,shp_00005814,9400100000000000005814,delivered,adr_from0001,Goodwill E-Com (test),Goodwill Michiana (test),100 Test Warehouse Rd,,South Bend,IN,46601,US,false,adr_to000470,Test Buyer,,471 Example Ave,,Mocksburg,MI,49001,US,true,prcl_000470,10,8,4,41.6,,2026-08-08T19:51:33Z,rate_000470,GroundAdvantage,USPS,5.23,,false,,112-4714011-7730669,0.00,5.23,0.00,"[{""label_format"":""PDF""},{""print_custom_1"":""ecom""}]",
2026-08-08T19:53:51Z,shp_00005848,9400100000000000005848,delivered,adr_from0001,Goodwill E-Com (test),Goodwill Michiana (test),100 Test Warehouse Rd,,South Bend,IN,46601,US,false,adr_to000471,Test Buyer,,472 Example Ave,,Fakeport,IL,60601,US,true,prcl_000471,10,8,4,12.8,,2026-08-08T19:53:52Z,rate_000471,GroundAdvantage,USPS,10.85,,false,,SGW-7714091,0.00,10.85,0.00,"[{""label_format"":""PDF""},{""print_custom_1"":""ecom""}]",
2026-08-08T19:58:33Z,shp_00005788,9400100000000000005788,unknown,adr_from0001,Goodwill E-Com (test),Goodwill Michiana (test),100 Test Warehouse Rd,,South Bend,IN,46601,US,false,adr_to000472,Test Buyer,,473 Example Ave,,Testville,IN,46601,US,true,prcl_000472,10,8,4,20.8,,2026-08-08T19:58:34Z,rate_000472,GroundAdvantage,USPS,5.99,,false,refunded,SGW-7713973,0.00,5.99,0.00,"[{""label_format"":""PDF""},{""print_custom_1"":""ecom""}]",
2026-08-08T20:01:51Z,shp_00005835,9400100000000000005835,delivered,adr_from0001,Goodwill E-Com (test),Goodwill Michiana (test),100 Test Warehouse Rd,,South Bend,IN,46601,US,false,adr_to000473,Test Buyer,,474 Example Ave,,Sampleton,OH,43004,US,true,prcl_000473,10,8,4,11.2,,2026-08-08T20:01:52Z,rate_000473,Priority,USPS,15.44,,false,,SGW-7714067,0.00,15.44,0.00,"[{""label_format"":""PDF""},{""print_custom_1"":""ecom""}]",
2026-08-08T20:02:11Z,shp_00005772,9400100000000000005772,delivered,adr_from0001,Goodwill E-Com (test),Goodwill Michiana (test),100 Test Warehouse Rd,,South Bend,IN,46601,US,false,adr_to000474,Test Buyer,,475 Example Ave,,Mocksburg,MI,49001,US,true,prcl_000474,10,8,4,16.0,,2026-08-08T20:02:12Z,rate_000474,GroundAdvantage,USPS,11.57,,false,,SGW-7713941,0.00,11.57,0.00,"[{""label_format"":""PDF""},{""print_custom_1"":""ecom""}]",
2026-08-08T20:11:23Z,shp_00005855,9400100000000000005855,delivered,adr_from0001,Goodwill E-Com (test),Goodwill Michiana (test),100 Test Warehouse Rd,,South Bend,IN,46601,US,false,adr_to000475,Test Buyer,,476 Example Ave,,Fakeport,IL,60601,US,true,prcl_000475,10,8,4,12.8,,2026-08-08T20:11:24Z,rate_000475,GroundAdvantage,USPS,8.73,,false,,SGW-7714108,0.00,8.73,0.00,"[{""label_format"":""PDF""},{""print_custom_1"":""ecom""}]",
2026-08-08T20:15:47Z,shp_00005886,9400100000000000005886,delivered,adr_from0001,Goodwill E-Com (test),Goodwill Michiana (test),100 Test Warehouse Rd,,South Bend,IN,46601,US,false,adr_to000476,Test Buyer,,477 Example Ave,,Testville,IN,46601,US,true,prcl_000476,10,8,4,22.4,,2026-08-08T20:15:48Z,rate_000476,Priority,USPS,3.59,,false,,113-6414166-7305131,0.00,3.59,0.00,"[{""label_format"":""PDF""},{""print_custom_1"":""ecom""}]",
2026-08-08T20:17:54Z,shp_00005827,9400100000000000005827,in_transit,adr_from0001,Goodwill E-Com (test),Goodwill Michiana (test),100 Test Warehouse Rd,,South Bend,IN,46601,US,false,adr_to000477,Test Buyer,,478 Example Ave,,Sampleton,OH,43004,US,true,prcl_000477,10,8,4,25.6,,2026-08-08T20:17:55Z,rate_000477,GroundAdvantage,USPS,6.23,,false,,01-14037-32469,0.00,6.23,0.00,"[{""label_format"":""PDF""},{""print_custom_1"":""ecom""}]",
2026-08-08T20:49:44Z,shp_00005873,9400100000000000005873,delivered,adr_from0001,Goodwill E-Com (test),Goodwill Michiana (test),100 Test Warehouse Rd,,South Bend,IN,46601,US,false,adr_to000478,Test Buyer,,479 Example Ave,,Mocksburg,MI,49001,US,true,prcl_000478,10,8,4,28.8,,2026-08-08T20:49:45Z,rate_000478,GroundAdvantage,USPS,3.62,,false,,112-0214145-5231204,0.00,3.62,0.00,"[{""label_format"":""PDF""},{""print_custom_1"":""ecom""}]",
2026-08-09T13:01:21Z,shp_00005913,9400100000000000005913,delivered,adr_from0001,Goodwill E-Com (test),Goodwill Michiana (test),100 Test Warehouse Rd,,South Bend,IN,46601,US,false,adr_to000479,Test Buyer,,480 Example Ave,,Fakeport,IL,60601,US,true,prcl_000479,10,8,4,22.4,,2026-08-09T13:01:22Z,rate_000479,GroundAdvantage,USPS,8.55,,false,,SGW-7714238,0.00,8.55,0.00,"[{""label_format"":""PDF""},{""print_custom_1"":""ecom""}]",
2026-08-09T13:01:44Z,shp_00005862,9400100000000000005862,delivered,adr_from0001,Goodwill E-Com (test),Goodwill Michiana (test),100 Test Warehouse Rd,,South Bend,IN,46601,US,false,adr_to000480,Test Buyer,,481 Example Ave,,Testville,IN,46601,US,true,prcl_000480,10,8,4,40.0,,2026-08-09T13:01:45Z,rate_000480,GroundAdvantage,USPS,3.53,,false,,113-2414126-2505420,0.00,3.53,0.00,"[{""label_format"":""PDF""},{""print_custom_1"":""ecom""}]",
2026-08-09T13:05:04Z,shp_00005883,9400100000000000005883,delivered,adr_from0001,Goodwill E-Com (test),Goodwill Michiana (test),100 Test Warehouse Rd,,South Bend,IN,46601,US,false,adr_to000481,Test Buyer,,482 Example Ave,,Sampleton,OH,43004,US,true,prcl_000481,10,8,4,57.6,,2026-08-09T13:05:05Z,rate_000481,Priority,USPS,3.28,,false,,113-6614161-7884979,0.00,3.28,0.00,"[{""label_format"":""PDF""},{""print_custom_1"":""ecom""}]",
2026-08-09T13:05:30Z,shp_00005856,9400100000000000005856,delivered,adr_from0001,Goodwill E-Com (test),Goodwill Michiana (test),100 Test Warehouse Rd,,South Bend,IN,46601,US,false,adr_to000482,Test Buyer,,483 Example Ave,,Mocksburg,MI,49001,US,true,prcl_000482,10,8,4,16.0,,2026-08-09T13:05:31Z,rate_000482,GroundAdvantage,USPS,8.65,,false,,SGW-7714109,0.00,8.65,0.00,"[{""label_format"":""PDF""},{""print_custom_1"":""ecom""}]",
2026-08-09T13:38:25Z,shp_00005870,9400100000000000005870,delivered,adr_from0001,Goodwill E-Com (test),Goodwill Michiana (test),100 Test Warehouse Rd,,South Bend,IN,46601,US,false,adr_to000483,Test Buyer,,484 Example Ave,,Fakeport,IL,60601,US,true,prcl_000483,10,8,4,17.6,,2026-08-09T13:38:26Z,rate_000483,Priority,USPS,5.62,,false,,111-5914140-9756081,0.00,5.62,0.00,"[{""label_format"":""PDF""},{""print_custom_1"":""ecom""}]",
2026-08-09T13:39:35Z,shp_00005938,9400100000000000005938,delivered,adr_from0001,Goodwill E-Com (test),Goodwill Michiana (test),100 Test Warehouse Rd,,South Bend,IN,46601,US,false,adr_to000484,Test Buyer,,485 Example Ave,,Testville,IN,46601,US,true,prcl_000484,10,8,4,59.2,,2026-08-09T13:39:36Z,rate_000484,GroundAdvantage,USPS,3.91,,false,,111-0414288-4448988,0.00,3.91,0.00,"[{""label_format"":""PDF""},{""print_custom_1"":""ecom""}]",
2026-08-09T13:41:12Z,shp_00005923,9400100000000000005923,delivered,adr_from0001,Goodwill E-Com (test),Goodwill Michiana (test),100 Test Warehouse Rd,,South Bend,IN,46601,US,false,adr_to000485,Test Buyer,,486 Example Ave,,Sampleton,OH,43004,US,true,prcl_000485,10,8,4,12.8,,2026-08-09T13:41:13Z,rate_000485,GroundAdvantage,USPS,17.97,,false,,SGW-7714256,0.00,17.97,0.00,"[{""label_format"":""PDF""},{""print_custom_1"":""ecom""}]",
2026-08-09T13:45:06Z,shp_00005966,9400100000000000005966,in_transit,adr_from0001,Goodwill E-Com (test),Goodwill Michiana (test),100 Test Warehouse Rd,,South Bend,IN,46601,US,false,adr_to000486,Test Buyer,,487 Example Ave,,Mocksburg,MI,49001,US,true,prcl_000486,10,8,4,11.2,,2026-08-09T13:45:07Z,rate_000486,GroundAdvantage,USPS,7.49,,false,,21-14343-39971,0.00,7.49,0.00,"[{""label_format"":""PDF""},{""print_custom_1"":""ecom""}]",
2026-08-09T13:47:31Z,shp_00005944,9400100000000000005944,delivered,adr_from0001,Goodwill E-Com (test),Goodwill Michiana (test),100 Test Warehouse Rd,,South Bend,IN,46601,US,false,adr_to000487,Test Buyer,,488 Example Ave,,Fakeport,IL,60601,US,true,prcl_000487,10,8,4,19.2,,2026-08-09T13:47:32Z,rate_000487,GroundAdvantage,USPS,5.03,,false,,114-3014298-0661696,0.00,5.03,0.00,"[{""label_format"":""PDF""},{""print_custom_1"":""ecom""}]",
2026-08-09T13:56:36Z,shp_00005904,9400100000000000005904,delivered,adr_from0001,Goodwill E-Com (test),Goodwill Michiana (test),100 Test Warehouse Rd,,South Bend,IN,46601,US,false,adr_to000488,Test Buyer,,489 Example Ave,,Testville,IN,46601,US,true,prcl_000488,10,8,4,32.0,,2026-08-09T13:56:37Z,rate_000488,Priority,USPS,14.00,,false,,SGW-7714226,0.00,14.00,0.00,"[{""label_format"":""PDF""},{""print_custom_1"":""ecom""}]",
2026-08-09T13:56:47Z,shp_00005947,9400100000000000005947,delivered,adr_from0001,Goodwill E-Com (test),Goodwill Michiana (test),100 Test Warehouse Rd,,South Bend,IN,46601,US,false,adr_to000489,Test Buyer,,490 Example Ave,,Sampleton,OH,43004,US,true,prcl_000489,10,8,4,35.2,,2026-08-09T13:56:48Z,rate_000489,GroundAdvantage,USPS,3.43,,false,,112-2714306-2062404,0.00,3.43,0.00,"[{""label_format"":""PDF""},{""print_custom_1"":""ecom""}]",
2026-08-09T14:12:11Z,shp_00005833,9400100000000000005833,delivered,adr_from0001,Goodwill E-Com (test),Goodwill Michiana (test),100 Test Warehouse Rd,,South Bend,IN,46601,US,false,adr_to000490,Test Buyer,,491 Example Ave,,Mocksburg,MI,49001,US,true,prcl_000490,10,8,4,97.6,,2026-08-09T14:12:12Z,rate_000490,Priority,USPS,13.65,,false,,SGW-7714064,0.00,13.65,0.00,"[{""label_format"":""PDF""},{""print_custom_1"":""ecom""}]",
2026-08-09T14:13:46Z,shp_00005930,9400100000000000005930,delivered,adr_from0001,Goodwill E-Com (test),Goodwill Michiana (test),100 Test Warehouse Rd,,South Bend,IN,46601,US,false,adr_to000491,Test Buyer,,492 Example Ave,,Fakeport,IL,60601,US,true,prcl_000491,10,8,4,20.8,,2026-08-09T14:13:47Z,rate_000491,GroundAdvantage,USPS,5.81,,false,,SGW-7714268,0.00,5.81,0.00,"[{""label_format"":""PDF""},{""print_custom_1"":""ecom""}]",
2026-08-09T14:25:07Z,shp_00005972,9400100000000000005972,delivered,adr_from0001,Goodwill E-Com (test),Goodwill Michiana (test),100 Test Warehouse Rd,,South Bend,IN,46601,US,false,adr_to000492,Test Buyer,,493 Example Ave,,Testville,IN,46601,US,true,prcl_000492,10,8,4,46.4,,2026-08-09T14:25:08Z,rate_000492,Priority,USPS,4.60,,false,,03-14361-50007,0.00,4.60,0.00,"[{""label_format"":""PDF""},{""print_custom_1"":""ecom""}]",
2026-08-09T14:28:44Z,shp_00005853,9400100000000000005853,delivered,adr_from0001,Goodwill E-Com (test),Goodwill Michiana (test),100 Test Warehouse Rd,,South Bend,IN,46601,US,false,adr_to000493,Test Buyer,,494 Example Ave,,Sampleton,OH,43004,US,true,prcl_000493,10,8,4,32.0,,2026-08-09T14:28:45Z,rate_000493,GroundAdvantage,USPS,8.10,,false,,SGW-7714103,0.00,8.10,0.00,"[{""label_format"":""PDF""},{""print_custom_1"":""ecom""}]",
2026-08-09T14:31:07Z,shp_00005918,9400100000000000005918,delivered,adr_from0001,Goodwill E-Com (test),Goodwill Michiana (test),100 Test Warehouse Rd,,South Bend,IN,46601,US,false,adr_to000494,Test Buyer,,495 Example Ave,,Mocksburg,MI,49001,US,true,prcl_000494,10,8,4,35.2,,2026-08-09T14:31:08Z,rate_000494,GroundAdvantage,USPS,13.19,,false,,SGW-7714248,0.00,13.19,0.00,"[{""label_format"":""PDF""},{""print_custom_1"":""ecom""}]",
2026-08-09T14:33:15Z,shp_00005975,9400100000000000005975,in_transit,adr_from0001,Goodwill E-Com (test),Goodwill Michiana (test),100 Test Warehouse Rd,,South Bend,IN,46601,US,false,adr_to000495,Test Buyer,,496 Example Ave,,Fakeport,IL,60601,US,true,prcl_000495,10,8,4,8.0,,2026-08-09T14:33:16Z,rate_000495,GroundAdvantage,USPS,6.53,,false,,m00000014367,0.00,6.53,0.00,"[{""label_format"":""PDF""},{""print_custom_1"":""ecom""}]",
2026-08-09T14:51:10Z,shp_00005953,9400100000000000005953,delivered,adr_from0001,Goodwill E-Com (test),Goodwill Michiana (test),100 Test Warehouse Rd,,South Bend,IN,46601,US,false,adr_to000496,Test Buyer,,497 Example Ave,,Testville,IN,46601,US,true,prcl_000496,10,8,4,38.4,,2026-08-09T14:51:11Z,rate_000496,GroundAdvantage,USPS,3.50,,false,,114-9614316-7231350,0.00,3.50,0.00,"[{""label_format"":""PDF""},{""print_custom_1"":""ecom""}]",
2026-08-09T15:05:59Z,shp_00005926,9400100000000000005926,delivered,adr_from0001,Goodwill E-Com (test),Goodwill Michiana (test),100 Test Warehouse Rd,,South Bend,IN,46601,US,false,adr_to000497,Test Buyer,,498 Example Ave,,Sampleton,OH,43004,US,true,prcl_000497,10,8,4,35.2,,2026-08-09T15:06:00Z,rate_000497,GroundAdvantage,USPS,6.30,,false,,SGW-7714259,0.00,6.30,0.00,"[{""label_format"":""PDF""},{""print_custom_1"":""ecom""}]",
2026-08-09T15:06:42Z,shp_00005937,9400100000000000005937,delivered,adr_from0001,Goodwill E-Com (test),Goodwill Michiana (test),100 Test Warehouse Rd,,South Bend,IN,46601,US,false,adr_to000498,Test Buyer,,499 Example Ave,,Mocksburg,MI,49001,US,true,prcl_000498,10,8,4,19.2,,2026-08-09T15:06:43Z,rate_000498,Priority,USPS,7.89,,false,,SGW-7714285,0.00,7.89,0.00,"[{""label_format"":""PDF""},{""print_custom_1"":""ecom""}]",
2026-08-09T15:08:48Z,shp_00005908,9400100000000000005908,delivered,adr_from0001,Goodwill E-Com (test),Goodwill Michiana (test),100 Test Warehouse Rd,,South Bend,IN,46601,US,false,adr_to000499,Test Buyer,,500 Example Ave,,Fakeport,IL,60601,US,true,prcl_000499,10,8,4,24.0,,2026-08-09T15:08:49Z,rate_000499,GroundAdvantage,USPS,7.41,,false,,SGW-7714230,0.00,7.41,0.00,"[{""label_format"":""PDF""},{""print_custom_1"":""ecom""}]",
2026-08-09T15:27:58Z,shp_00005914,9400100000000000005914,delivered,adr_from0001,Goodwill E-Com (test),Goodwill Michiana (test),100 Test Warehouse Rd,,South Bend,IN,46601,US,false,adr_to000500,Test Buyer,,501 Example Ave,,Testville,IN,46601,US,true,prcl_000500,10,8,4,6.4,,2026-08-09T15:27:59Z,rate_000500,GroundAdvantage,USPS,5.42,,false,,SGW-7714240,0.00,5.42,0.00,"[{""label_format"":""PDF""},{""print_custom_1"":""ecom""}]",
2026-08-09T15:28:08Z,shp_00005970,9400100000000000005970,delivered,adr_from0001,Goodwill E-Com (test),Goodwill Michiana (test),100 Test Warehouse Rd,,South Bend,IN,46601,US,false,adr_to000501,Test Buyer,,502 Example Ave,,Sampleton,OH,43004,US,true,prcl_000501,10,8,4,24.0,,2026-08-09T15:28:09Z,rate_000501,GroundAdvantage,USPS,8.16,,false,,06-14358-49194,0.00,8.16,0.00,"[{""label_format"":""PDF""},{""print_custom_1"":""ecom""}]",
2026-08-09T15:38:59Z,shp_00005912,9400100000000000005912,delivered,adr_from0001,Goodwill E-Com (test),Goodwill Michiana (test),100 Test Warehouse Rd,,South Bend,IN,46601,US,false,adr_to000502,Test Buyer,,503 Example Ave,,Mocksburg,MI,49001,US,true,prcl_000502,10,8,4,27.2,,2026-08-09T15:39:00Z,rate_000502,GroundAdvantage,USPS,9.93,,false,,SGW-7714237,0.00,9.93,0.00,"[{""label_format"":""PDF""},{""print_custom_1"":""ecom""}]",
2026-08-09T15:41:30Z,shp_00005927,9400100000000000005927,delivered,adr_from0001,Goodwill E-Com (test),Goodwill Michiana (test),100 Test Warehouse Rd,,South Bend,IN,46601,US,false,adr_to000503,Test Buyer,,504 Example Ave,,Fakeport,IL,60601,US,true,prcl_000503,10,8,4,27.2,,2026-08-09T15:41:31Z,rate_000503,GroundAdvantage,USPS,10.80,,false,,SGW-7714262,0.00,10.80,0.00,"[{""label_format"":""PDF""},{""print_custom_1"":""ecom""}]",
2026-08-09T15:45:58Z,shp_00005846,9400100000000000005846,in_transit,adr_from0001,Goodwill E-Com (test),Goodwill Michiana (test),100 Test Warehouse Rd,,South Bend,IN,46601,US,false,adr_to000504,Test Buyer,,505 Example Ave,,Testville,IN,46601,US,true,prcl_000504,10,8,4,27.2,,2026-08-09T15:45:59Z,rate_000504,GroundAdvantage,USPS,10.08,,false,,SGW-7714087,0.00,10.08,0.00,"[{""label_format"":""PDF""},{""print_custom_1"":""ecom""}]",
2026-08-09T15:46:18Z,shp_00005968,9400100000000000005968,delivered,adr_from0001,Goodwill E-Com (test),Goodwill Michiana (test),100 Test Warehouse Rd,,South Bend,IN,46601,US,false,adr_to000505,Test Buyer,,506 Example Ave,,Sampleton,OH,43004,US,true,prcl_000505,10,8,4,28.8,,2026-08-09T15:46:19Z,rate_000505,GroundAdvantage,USPS,3.99,,false,,08-14351-15321,0.00,3.99,0.00,"[{""label_format"":""PDF""},{""print_custom_1"":""ecom""}]",
2026-08-09T15:49:16Z,shp_00005955,9400100000000000005955,delivered,adr_from0001,Goodwill E-Com (test),Goodwill Michiana (test),100 Test Warehouse Rd,,South Bend,IN,46601,US,false,adr_to000506,Test Buyer,,507 Example Ave,,Mocksburg,MI,49001,US,true,prcl_000506,10,8,4,107.2,,2026-08-09T15:49:17Z,rate_000506,GroundAdvantage,USPS,5.40,,false,,112-5714319-4840248,0.00,5.40,0.00,"[{""label_format"":""PDF""},{""print_custom_1"":""ecom""}]",
2026-08-09T15:51:43Z,shp_00005934,9400100000000000005934,delivered,adr_from0001,Goodwill E-Com (test),Goodwill Michiana (test),100 Test Warehouse Rd,,South Bend,IN,46601,US,false,adr_to000507,Test Buyer,,508 Example Ave,,Fakeport,IL,60601,US,true,prcl_000507,10,8,4,38.4,,2026-08-09T15:51:44Z,rate_000507,GroundAdvantage,USPS,9.37,,false,,SGW-7714281,0.00,9.37,0.00,"[{""label_format"":""PDF""},{""print_custom_1"":""ecom""}]",
2026-08-09T16:14:53Z,shp_00005808,9400100000000000005808,delivered,adr_from0001,Goodwill E-Com (test),Goodwill Michiana (test),100 Test Warehouse Rd,,South Bend,IN,46601,US,false,adr_to000508,Test Buyer,,509 Example Ave,,Testville,IN,46601,US,true,prcl_000508,10,8,4,46.4,,2026-08-09T16:14:54Z,rate_000508,Priority,USPS,3.86,,false,,112-2714003-2984782,0.00,3.86,0.00,"[{""label_format"":""PDF""},{""print_custom_1"":""ecom""}]",
2026-08-09T16:15:00Z,shp_00005877,9400100000000000005877,unknown,adr_from0001,Goodwill E-Com (test),Goodwill Michiana (test),100 Test Warehouse Rd,,South Bend,IN,46601,US,false,adr_to000509,Test Buyer,,510 Example Ave,,Sampleton,OH,43004,US,true,prcl_000509,10,8,4,14.4,,2026-08-09T16:15:01Z,rate_000509,GroundAdvantage,USPS,3.69,,false,refunded,113-4414152-3950745,0.00,3.69,0.00,"[{""label_format"":""PDF""},{""print_custom_1"":""ecom""}]",
2026-08-09T16:22:34Z,shp_00005872,9400100000000000005872,delivered,adr_from0001,Goodwill E-Com (test),Goodwill Michiana (test),100 Test Warehouse Rd,,South Bend,IN,46601,US,false,adr_to000510,Test Buyer,,511 Example Ave,,Mocksburg,MI,49001,US,true,prcl_000510,10,8,4,41.6,,2026-08-09T16:22:35Z,rate_000510,Priority,USPS,5.65,,false,,111-5514144-4769883,0.00,5.65,0.00,"[{""label_format"":""PDF""},{""print_custom_1"":""ecom""}]",
2026-08-09T16:23:16Z,shp_00005924,9400100000000000005924,delivered,adr_from0001,Goodwill E-Com (test),Goodwill Michiana (test),100 Test Warehouse Rd,,South Bend,IN,46601,US,false,adr_to000511,Test Buyer,,512 Example Ave,,Fakeport,IL,60601,US,true,prcl_000511,10,8,4,22.4,,2026-08-09T16:23:17Z,rate_000511,GroundAdvantage,USPS,17.65,,false,,SGW-7714257,0.00,17.65,0.00,"[{""label_format"":""PDF""},{""print_custom_1"":""ecom""}]",
2026-08-09T16:30:20Z,shp_00005959,9400100000000000005959,delivered,adr_from0001,Goodwill E-Com (test),Goodwill Michiana (test),100 Test Warehouse Rd,,South Bend,IN,46601,US,false,adr_to000512,Test Buyer,,513 Example Ave,,Testville,IN,46601,US,true,prcl_000512,10,8,4,27.2,,2026-08-09T16:30:21Z,rate_000512,GroundAdvantage,USPS,3.74,,false,,112-4514328-9289451,0.00,3.74,0.00,"[{""label_format"":""PDF""},{""print_custom_1"":""ecom""}]",
2026-08-09T16:32:38Z,shp_00005931,9400100000000000005931,in_transit,adr_from0001,Goodwill E-Com (test),Goodwill Michiana (test),100 Test Warehouse Rd,,South Bend,IN,46601,US,false,adr_to000513,Test Buyer,,514 Example Ave,,Sampleton,OH,43004,US,true,prcl_000513,10,8,4,64.0,,2026-08-09T16:32:39Z,rate_000513,Priority,USPS,10.08,,false,,SGW-7714270,0.00,10.08,0.00,"[{""label_format"":""PDF""},{""print_custom_1"":""ecom""}]",
2026-08-09T16:38:48Z,shp_00005909,9400100000000000005909,delivered,adr_from0001,Goodwill E-Com (test),Goodwill Michiana (test),100 Test Warehouse Rd,,South Bend,IN,46601,US,false,adr_to000514,Test Buyer,,515 Example Ave,,Mocksburg,MI,49001,US,true,prcl_000514,10,8,4,32.0,,2026-08-09T16:38:49Z,rate_000514,GroundAdvantage,USPS,7.48,,false,,SGW-7714231,0.00,7.48,0.00,"[{""label_format"":""PDF""},{""print_custom_1"":""ecom""}]",
2026-08-09T16:39:22Z,shp_00005974,9400100000000000005974,delivered,adr_from0001,Goodwill E-Com (test),Goodwill Michiana (test),100 Test Warehouse Rd,,South Bend,IN,46601,US,false,adr_to000515,Test Buyer,,516 Example Ave,,Fakeport,IL,60601,US,true,prcl_000515,10,8,4,28.8,,2026-08-09T16:39:23Z,rate_000515,GroundAdvantage,USPS,6.67,,false,,m00000014365,0.00,6.67,0.00,"[{""label_format"":""PDF""},{""print_custom_1"":""ecom""}]",
2026-08-09T16:46:08Z,shp_00005869,9400100000000000005869,delivered,adr_from0001,Goodwill E-Com (test),Goodwill Michiana (test),100 Test Warehouse Rd,,South Bend,IN,46601,US,false,adr_to000516,Test Buyer,,517 Example Ave,,Testville,IN,46601,US,true,prcl_000516,10,8,4,14.4,,2026-08-09T16:46:09Z,rate_000516,GroundAdvantage,USPS,5.18,,false,,111-4714138-2585085,0.00,5.18,0.00,"[{""label_format"":""PDF""},{""print_custom_1"":""ecom""}]",
2026-08-09T16:48:42Z,shp_00005942,9400100000000000005942,delivered,adr_from0001,Goodwill E-Com (test),Goodwill Michiana (test),100 Test Warehouse Rd,,South Bend,IN,46601,US,false,adr_to000517,Test Buyer,,518 Example Ave,,Sampleton,OH,43004,US,true,prcl_000517,10,8,4,46.4,,2026-08-09T16:48:43Z,rate_000517,Priority,USPS,3.41,,false,,112-7114293-7707577,0.00,3.41,0.00,"[{""label_format"":""PDF""},{""print_custom_1"":""ecom""}]",
2026-08-09T17:02:11Z,shp_00005971,9400100000000000005971,delivered,adr_from0001,Goodwill E-Com (test),Goodwill Michiana (test),100 Test Warehouse Rd,,South Bend,IN,46601,US,false,adr_to000518,Test Buyer,,519 Example Ave,,Mocksburg,MI,49001,US,true,prcl_000518,10,8,4,30.4,,2026-08-09T17:02:12Z,rate_000518,Priority,USPS,9.91,,false,,26-14360-72167,0.00,9.91,0.00,"[{""label_format"":""PDF""},{""print_custom_1"":""ecom""}]",
2026-08-09T17:02:25Z,shp_00005965,9400100000000000005965,delivered,adr_from0001,Goodwill E-Com (test),Goodwill Michiana (test),100 Test Warehouse Rd,,South Bend,IN,46601,US,false,adr_to000519,Test Buyer,,520 Example Ave,,Fakeport,IL,60601,US,true,prcl_000519,10,8,4,16.0,,2026-08-09T17:02:26Z,rate_000519,Priority,USPS,6.38,,false,,12-14339-33984,0.00,6.38,0.00,"[{""label_format"":""PDF""},{""print_custom_1"":""ecom""}]",
2026-08-09T17:08:33Z,shp_00005979,9400100000000000005979,delivered,adr_from0001,Goodwill E-Com (test),Goodwill Michiana (test),100 Test Warehouse Rd,,South Bend,IN,46601,US,false,adr_to000520,Test Buyer,,521 Example Ave,,Testville,IN,46601,US,true,prcl_000520,10,8,4,24.0,,2026-08-09T17:08:34Z,rate_000520,GroundAdvantage,USPS,5.85,,false,,m00000014377,0.00,5.85,0.00,"[{""label_format"":""PDF""},{""print_custom_1"":""ecom""}]",
2026-08-09T17:11:13Z,shp_00005896,9400100000000000005896,delivered,adr_from0001,Goodwill E-Com (test),Goodwill Michiana (test),100 Test Warehouse Rd,,South Bend,IN,46601,US,false,adr_to000521,Test Buyer,,522 Example Ave,,Sampleton,OH,43004,US,true,prcl_000521,10,8,4,27.2,,2026-08-09T17:11:14Z,rate_000521,Priority,USPS,5.22,,false,,14-14189-97446,0.00,5.22,0.00,"[{""label_format"":""PDF""},{""print_custom_1"":""ecom""}]",
2026-08-09T17:16:14Z,shp_00005831,9400100000000000005831,in_transit,adr_from0001,Goodwill E-Com (test),Goodwill Michiana (test),100 Test Warehouse Rd,,South Bend,IN,46601,US,false,adr_to000522,Test Buyer,,523 Example Ave,,Mocksburg,MI,49001,US,true,prcl_000522,10,8,4,46.4,,2026-08-09T17:16:15Z,rate_000522,Priority,USPS,11.09,,false,,SGW-7714060,0.00,11.09,0.00,"[{""label_format"":""PDF""},{""print_custom_1"":""ecom""}]",
2026-08-09T17:19:39Z,shp_00005950,9400100000000000005950,delivered,adr_from0001,Goodwill E-Com (test),Goodwill Michiana (test),100 Test Warehouse Rd,,South Bend,IN,46601,US,false,adr_to000523,Test Buyer,,524 Example Ave,,Fakeport,IL,60601,US,true,prcl_000523,10,8,4,22.4,,2026-08-09T17:19:40Z,rate_000523,Priority,USPS,3.34,,false,,114-6614313-1377488,0.00,3.34,0.00,"[{""label_format"":""PDF""},{""print_custom_1"":""ecom""}]",
2026-08-09T17:22:19Z,shp_00005940,9400100000000000005940,delivered,adr_from0001,Goodwill E-Com (test),Goodwill Michiana (test),100 Test Warehouse Rd,,South Bend,IN,46601,US,false,adr_to000524,Test Buyer,,525 Example Ave,,Testville,IN,46601,US,true,prcl_000524,10,8,4,22.4,,2026-08-09T17:22:20Z,rate_000524,GroundAdvantage,USPS,3.40,,false,,111-3014290-6043613,0.00,3.40,0.00,"[{""label_format"":""PDF""},{""print_custom_1"":""ecom""}]",
2026-08-09T17:26:22Z,shp_00005941,9400100000000000005941,delivered,adr_from0001,Goodwill E-Com (test),Goodwill Michiana (test),100 Test Warehouse Rd,,South Bend,IN,46601,US,false,adr_to000525,Test Buyer,,526 Example Ave,,Sampleton,OH,43004,US,true,prcl_000525,10,8,4,32.0,,2026-08-09T17:26:23Z,rate_000525,Priority,USPS,3.81,,false,,114-9414291-3471938,0.00,3.81,0.00,"[{""label_format"":""PDF""},{""print_custom_1"":""ecom""}]",
2026-08-09T17:31:24Z,shp_00005894,9400100000000000005894,delivered,adr_from0001,Goodwill E-Com (test),Goodwill Michiana (test),100 Test Warehouse Rd,,South Bend,IN,46601,US,false,adr_to000526,Test Buyer,,527 Example Ave,,Mocksburg,MI,49001,US,true,prcl_000526,10,8,4,36.8,,2026-08-09T17:31:25Z,rate_000526,GroundAdvantage,USPS,5.01,,false,,09-14183-32718,0.00,5.01,0.00,"[{""label_format"":""PDF""},{""print_custom_1"":""ecom""}]",
2026-08-09T18:00:57Z,shp_00005933,9400100000000000005933,delivered,adr_from0001,Goodwill E-Com (test),Goodwill Michiana (test),100 Test Warehouse Rd,,South Bend,IN,46601,US,false,adr_to000527,Test Buyer,,528 Example Ave,,Fakeport,IL,60601,US,true,prcl_000527,10,8,4,35.2,,2026-08-09T18:00:58Z,rate_000527,GroundAdvantage,USPS,8.36,,false,,SGW-7714279,0.00,8.36,0.00,"[{""label_format"":""PDF""},{""print_custom_1"":""ecom""}]",
2026-08-09T18:06:50Z,shp_00005980,9400100000000000005980,delivered,adr_from0001,Goodwill E-Com (test),Goodwill Michiana (test),100 Test Warehouse Rd,,South Bend,IN,46601,US,false,adr_to000528,Test Buyer,,529 Example Ave,,Testville,IN,46601,US,true,prcl_000528,10,8,4,16.0,,2026-08-09T18:06:51Z,rate_000528,GroundAdvantage,USPS,5.74,,false,,m00000014378,0.00,5.74,0.00,"[{""label_format"":""PDF""},{""print_custom_1"":""ecom""}]",
2026-08-09T18:08:53Z,shp_00005939,9400100000000000005939,delivered,adr_from0001,Goodwill E-Com (test),Goodwill Michiana (test),100 Test Warehouse Rd,,South Bend,IN,46601,US,false,adr_to000529,Test Buyer,,530 Example Ave,,Sampleton,OH,43004,US,true,prcl_000529,10,8,4,48.0,,2026-08-09T18:08:54Z,rate_000529,Priority,USPS,3.66,,false,,114-9614289-9985498,0.00,3.66,0.00,"[{""label_format"":""PDF""},{""print_custom_1"":""ecom""}]",
2026-08-09T18:09:01Z,shp_00005962,9400100000000000005962,delivered,adr_from0001,Goodwill E-Com (test),Goodwill Michiana (test),100 Test Warehouse Rd,,South Bend,IN,46601,US,false,adr_to000530,Test Buyer,,531 Example Ave,,Mocksburg,MI,49001,US,true,prcl_000530,10,8,4,32.0,,2026-08-09T18:09:02Z,rate_000530,Priority,USPS,3.27,,false,,112-9514332-8757751,0.00,3.27,0.00,"[{""label_format"":""PDF""},{""print_custom_1"":""ecom""}]",
2026-08-09T18:15:06Z,shp_00005929,9400100000000000005929,in_transit,adr_from0001,Goodwill E-Com (test),Goodwill Michiana (test),100 Test Warehouse Rd,,South Bend,IN,46601,US,false,adr_to000531,Test Buyer,,532 Example Ave,,Fakeport,IL,60601,US,true,prcl_000531,10,8,4,24.0,,2026-08-09T18:15:07Z,rate_000531,GroundAdvantage,USPS,7.60,,false,,SGW-7714266,0.00,7.60,0.00,"[{""label_format"":""PDF""},{""print_custom_1"":""ecom""}]",
2026-08-09T18:16:54Z,shp_00005916,9400100000000000005916,delivered,adr_from0001,Goodwill E-Com (test),Goodwill Michiana (test),100 Test Warehouse Rd,,South Bend,IN,46601,US,false,adr_to000532,Test Buyer,,533 Example Ave,,Testville,IN,46601,US,true,prcl_000532,10,8,4,20.8,,2026-08-09T18:16:55Z,rate_000532,GroundAdvantage,USPS,10.60,,false,,SGW-7714245,0.00,10.60,0.00,"[{""label_format"":""PDF""},{""print_custom_1"":""ecom""}]",
2026-08-09T18:22:28Z,shp_00005943,9400100000000000005943,delivered,adr_from0001,Goodwill E-Com (test),Goodwill Michiana (test),100 Test Warehouse Rd,,South Bend,IN,46601,US,false,adr_to000533,Test Buyer,,534 Example Ave,,Sampleton,OH,43004,US,true,prcl_000533,10,8,4,36.8,,2026-08-09T18:22:29Z,rate_000533,GroundAdvantage,USPS,5.11,,false,,114-2714296-0906533,0.00,5.11,0.00,"[{""label_format"":""PDF""},{""print_custom_1"":""ecom""}]",
2026-08-09T18:34:48Z,shp_00005903,9400100000000000005903,delivered,adr_from0001,Goodwill E-Com (test),Goodwill Michiana (test),100 Test Warehouse Rd,,South Bend,IN,46601,US,false,adr_to000534,Test Buyer,,535 Example Ave,,Mocksburg,MI,49001,US,true,prcl_000534,10,8,4,48.0,,2026-08-09T18:34:49Z,rate_000534,Priority,USPS,8.00,,false,,SGW-7714225,0.00,8.00,0.00,"[{""label_format"":""PDF""},{""print_custom_1"":""ecom""}]",
2026-08-09T18:37:47Z,shp_00005954,9400100000000000005954,delivered,adr_from0001,Goodwill E-Com (test),Goodwill Michiana (test),100 Test Warehouse Rd,,South Bend,IN,46601,US,false,adr_to000535,Test Buyer,,536 Example Ave,,Fakeport,IL,60601,US,true,prcl_000535,10,8,4,20.8,,2026-08-09T18:37:48Z,rate_000535,Priority,USPS,3.91,,false,,111-1914318-6512941,0.00,3.91,0.00,"[{""label_format"":""PDF""},{""print_custom_1"":""ecom""}]",
2026-08-09T19:03:41Z,shp_00005960,9400100000000000005960,delivered,adr_from0001,Goodwill E-Com (test),Goodwill Michiana (test),100 Test Warehouse Rd,,South Bend,IN,46601,US,false,adr_to000536,Test Buyer,,537 Example Ave,,Testville,IN,46601,US,true,prcl_000536,10,8,4,96.0,,2026-08-09T19:03:42Z,rate_000536,GroundAdvantage,USPS,3.61,,false,,114-4614329-0274313,0.00,3.61,0.00,"[{""label_format"":""PDF""},{""print_custom_1"":""ecom""}]",
2026-08-09T19:09:02Z,shp_00005928,9400100000000000005928,delivered,adr_from0001,Goodwill E-Com (test),Goodwill Michiana (test),100 Test Warehouse Rd,,South Bend,IN,46601,US,false,adr_to000537,Test Buyer,,538 Example Ave,,Sampleton,OH,43004,US,true,prcl_000537,10,8,4,24.0,,2026-08-09T19:09:03Z,rate_000537,GroundAdvantage,USPS,8.89,,false,,SGW-7714265,0.00,8.89,0.00,"[{""label_format"":""PDF""},{""print_custom_1"":""ecom""}]",
2026-08-09T19:10:05Z,shp_00005948,9400100000000000005948,delivered,adr_from0001,Goodwill E-Com (test),Goodwill Michiana (test),100 Test Warehouse Rd,,South Bend,IN,46601,US,false,adr_to000538,Test Buyer,,539 Example Ave,,Mocksburg,MI,49001,US,true,prcl_000538,10,8,4,40.0,,2026-08-09T19:10:06Z,rate_000538,GroundAdvantage,USPS,5.60,,false,,113-0714307-5947791,0.00,5.60,0.00,"[{""label_format"":""PDF""},{""print_custom_1"":""ecom""}]",
2026-08-09T19:12:21Z,shp_00005865,9400100000000000005865,delivered,adr_from0001,Goodwill E-Com (test),Goodwill Michiana (test),100 Test Warehouse Rd,,South Bend,IN,46601,US,false,adr_to000539,Test Buyer,,540 Example Ave,,Fakeport,IL,60601,US,true,prcl_000539,10,8,4,9.6,,2026-08-09T19:12:22Z,rate_000539,GroundAdvantage,USPS,3.38,,false,,111-6914133-2350612,0.00,3.38,0.00,"[{""label_format"":""PDF""},{""print_custom_1"":""ecom""}]",
2026-08-09T19:14:37Z,shp_00005876,9400100000000000005876,in_transit,adr_from0001,Goodwill E-Com (test),Goodwill Michiana (test),100 Test Warehouse Rd,,South Bend,IN,46601,US,false,adr_to000540,Test Buyer,,541 Example Ave,,Testville,IN,46601,US,true,prcl_000540,10,8,4,54.4,,2026-08-09T19:14:38Z,rate_000540,GroundAdvantage,USPS,3.86,,false,,112-7214149-6247999,0.00,3.86,0.00,"[{""label_format"":""PDF""},{""print_custom_1"":""ecom""}]",
2026-08-09T19:24:51Z,shp_00005887,9400100000000000005887,delivered,adr_from0001,Goodwill E-Com (test),Goodwill Michiana (test),100 Test Warehouse Rd,,South Bend,IN,46601,US,false,adr_to000541,Test Buyer,,542 Example Ave,,Sampleton,OH,43004,US,true,prcl_000541,10,8,4,20.8,,2026-08-09T19:24:52Z,rate_000541,Priority,USPS,3.86,,false,,111-7714167-8716094,0.00,3.86,0.00,"[{""label_format"":""PDF""},{""print_custom_1"":""ecom""}]",
2026-08-09T19:33:06Z,shp_00005977,9400100000000000005977,delivered,adr_from0001,Goodwill E-Com (test),Goodwill Michiana (test),100 Test Warehouse Rd,,South Bend,IN,46601,US,false,adr_to000542,Test Buyer,,543 Example Ave,,Mocksburg,MI,49001,US,true,prcl_000542,10,8,4,16.0,,2026-08-09T19:33:07Z,rate_000542,GroundAdvantage,USPS,6.66,,false,,m00000014372,0.00,6.66,0.00,"[{""label_format"":""PDF""},{""print_custom_1"":""ecom""}]",
2026-08-09T19:38:59Z,shp_00005899,9400100000000000005899,delivered,adr_from0001,Goodwill E-Com (test),Goodwill Michiana (test),100 Test Warehouse Rd,,South Bend,IN,46601,US,false,adr_to000543,Test Buyer,,544 Example Ave,,Fakeport,IL,60601,US,true,prcl_000543,10,8,4,19.2,,2026-08-09T19:39:00Z,rate_000543,GroundAdvantage,USPS,7.00,,false,,15-14195-24210,0.00,7.00,0.00,"[{""label_format"":""PDF""},{""print_custom_1"":""ecom""}]",
2026-08-09T19:39:20Z,shp_00005951,9400100000000000005951,delivered,adr_from0001,Goodwill E-Com (test),Goodwill Michiana (test),100 Test Warehouse Rd,,South Bend,IN,46601,US,false,adr_to000544,Test Buyer,,545 Example Ave,,Testville,IN,46601,US,true,prcl_000544,10,8,4,43.2,,2026-08-09T19:39:21Z,rate_000544,GroundAdvantage,USPS,3.71,,false,,111-0014314-1089449,0.00,3.71,0.00,"[{""label_format"":""PDF""},{""print_custom_1"":""ecom""}]",
2026-08-09T19:43:59Z,shp_00005969,9400100000000000005969,delivered,adr_from0001,Goodwill E-Com (test),Goodwill Michiana (test),100 Test Warehouse Rd,,South Bend,IN,46601,US,false,adr_to000545,Test Buyer,,546 Example Ave,,Sampleton,OH,43004,US,true,prcl_000545,10,8,4,59.2,,2026-08-09T19:44:00Z,rate_000545,GroundAdvantage,USPS,5.19,,false,,03-14353-96707,0.00,5.19,0.00,"[{""label_format"":""PDF""},{""print_custom_1"":""ecom""}]",
2026-08-09T19:50:31Z,shp_00005889,9400100000000000005889,delivered,adr_from0001,Goodwill E-Com (test),Goodwill Michiana (test),100 Test Warehouse Rd,,South Bend,IN,46601,US,false,adr_to000546,Test Buyer,,547 Example Ave,,Mocksburg,MI,49001,US,true,prcl_000546,10,8,4,20.8,,2026-08-09T19:50:32Z,rate_000546,Priority,USPS,3.27,,false,,20-14173-32599,0.00,3.27,0.00,"[{""label_format"":""PDF""},{""print_custom_1"":""ecom""}]",
2026-08-09T20:04:26Z,shp_00005834,9400100000000000005834,delivered,adr_from0001,Goodwill E-Com (test),Goodwill Michiana (test),100 Test Warehouse Rd,,South Bend,IN,46601,US,false,adr_to000547,Test Buyer,,548 Example Ave,,Fakeport,IL,60601,US,true,prcl_000547,10,8,4,32.0,,2026-08-09T20:04:27Z,rate_000547,Priority,USPS,10.66,,false,,SGW-7714066,0.00,10.66,0.00,"[{""label_format"":""PDF""},{""print_custom_1"":""ecom""}]",
2026-08-09T20:04:50Z,shp_00005956,9400100000000000005956,delivered,adr_from0001,Goodwill E-Com (test),Goodwill Michiana (test),100 Test Warehouse Rd,,South Bend,IN,46601,US,false,adr_to000548,Test Buyer,,549 Example Ave,,Testville,IN,46601,US,true,prcl_000548,10,8,4,19.2,,2026-08-09T20:04:51Z,rate_000548,GroundAdvantage,USPS,3.88,,false,,114-3314320-6910331,0.00,3.88,0.00,"[{""label_format"":""PDF""},{""print_custom_1"":""ecom""}]",
2026-08-09T20:06:17Z,shp_00005925,9400100000000000005925,in_transit,adr_from0001,Goodwill E-Com (test),Goodwill Michiana (test),100 Test Warehouse Rd,,South Bend,IN,46601,US,false,adr_to000549,Test Buyer,,550 Example Ave,,Sampleton,OH,43004,US,true,prcl_000549,10,8,4,11.2,,2026-08-09T20:06:18Z,rate_000549,Priority,USPS,8.04,,false,,SGW-7714258,0.00,8.04,0.00,"[{""label_format"":""PDF""},{""print_custom_1"":""ecom""}]",
2026-08-09T20:12:42Z,shp_00005864,9400100000000000005864,delivered,adr_from0001,Goodwill E-Com (test),Goodwill Michiana (test),100 Test Warehouse Rd,,South Bend,IN,46601,US,false,adr_to000550,Test Buyer,,551 Example Ave,,Mocksburg,MI,49001,US,true,prcl_000550,10,8,4,12.8,,2026-08-09T20:12:43Z,rate_000550,GroundAdvantage,USPS,3.30,,false,,113-3714132-0048491,0.00,3.30,0.00,"[{""label_format"":""PDF""},{""print_custom_1"":""ecom""}]",
2026-08-09T20:13:41Z,shp_00005935,9400100000000000005935,delivered,adr_from0001,Goodwill E-Com (test),Goodwill Michiana (test),100 Test Warehouse Rd,,South Bend,IN,46601,US,false,adr_to000551,Test Buyer,,552 Example Ave,,Fakeport,IL,60601,US,true,prcl_000551,10,8,4,46.4,,2026-08-09T20:13:42Z,rate_000551,GroundAdvantage,USPS,7.89,,false,,SGW-7714282,0.00,7.89,0.00,"[{""label_format"":""PDF""},{""print_custom_1"":""ecom""}]",
2026-08-09T20:14:18Z,shp_00005932,9400100000000000005932,delivered,adr_from0001,Goodwill E-Com (test),Goodwill Michiana (test),100 Test Warehouse Rd,,South Bend,IN,46601,US,false,adr_to000552,Test Buyer,,553 Example Ave,,Testville,IN,46601,US,true,prcl_000552,10,8,4,80.0,,2026-08-09T20:14:19Z,rate_000552,GroundAdvantage,USPS,12.54,,false,,SGW-7714276,0.00,12.54,0.00,"[{""label_format"":""PDF""},{""print_custom_1"":""ecom""}]",
2026-08-09T20:21:07Z,shp_00005945,9400100000000000005945,delivered,adr_from0001,Goodwill E-Com (test),Goodwill Michiana (test),100 Test Warehouse Rd,,South Bend,IN,46601,US,false,adr_to000553,Test Buyer,,554 Example Ave,,Sampleton,OH,43004,US,true,prcl_000553,10,8,4,17.6,,2026-08-09T20:21:08Z,rate_000553,GroundAdvantage,USPS,3.63,,false,,113-3014302-2622142,0.00,3.63,0.00,"[{""label_format"":""PDF""},{""print_custom_1"":""ecom""}]",
2026-08-09T20:22:32Z,shp_00005957,9400100000000000005957,delivered,adr_from0001,Goodwill E-Com (test),Goodwill Michiana (test),100 Test Warehouse Rd,,South Bend,IN,46601,US,false,adr_to000554,Test Buyer,,555 Example Ave,,Mocksburg,MI,49001,US,true,prcl_000554,10,8,4,8.0,,2026-08-09T20:22:33Z,rate_000554,Priority,USPS,5.32,,false,,111-5714322-5350285,0.00,5.32,0.00,"[{""label_format"":""PDF""},{""print_custom_1"":""ecom""}]",
2026-08-09T20:29:23Z,shp_00005905,9400100000000000005905,delivered,adr_from0001,Goodwill E-Com (test),Goodwill Michiana (test),100 Test Warehouse Rd,,South Bend,IN,46601,US,false,adr_to000555,Test Buyer,,556 Example Ave,,Fakeport,IL,60601,US,true,prcl_000555,10,8,4,22.4,,2026-08-09T20:29:24Z,rate_000555,GroundAdvantage,USPS,6.80,,false,,SGW-7714227,0.00,6.80,0.00,"[{""label_format"":""PDF""},{""print_custom_1"":""ecom""}]",
2026-08-09T20:29:53Z,shp_00005976,9400100000000000005976,delivered,adr_from0001,Goodwill E-Com (test),Goodwill Michiana (test),100 Test Warehouse Rd,,South Bend,IN,46601,US,false,adr_to000556,Test Buyer,,557 Example Ave,,Testville,IN,46601,US,true,prcl_000556,10,8,4,33.6,,2026-08-09T20:29:54Z,rate_000556,GroundAdvantage,USPS,6.17,,false,,m00000014368,0.00,6.17,0.00,"[{""label_format"":""PDF""},{""print_custom_1"":""ecom""}]",
2026-08-09T20:32:14Z,shp_00005863,9400100000000000005863,delivered,adr_from0001,Goodwill E-Com (test),Goodwill Michiana (test),100 Test Warehouse Rd,,South Bend,IN,46601,US,false,adr_to000557,Test Buyer,,558 Example Ave,,Sampleton,OH,43004,US,true,prcl_000557,10,8,4,17.6,,2026-08-09T20:32:15Z,rate_000557,GroundAdvantage,USPS,5.27,,false,,112-9814127-0495080,0.00,5.27,0.00,"[{""label_format"":""PDF""},{""print_custom_1"":""ecom""}]",
2026-08-09T20:32:45Z,shp_00005949,9400100000000000005949,in_transit,adr_from0001,Goodwill E-Com (test),Goodwill Michiana (test),100 Test Warehouse Rd,,South Bend,IN,46601,US,false,adr_to000558,Test Buyer,,559 Example Ave,,Mocksburg,MI,49001,US,true,prcl_000558,10,8,4,27.2,,2026-08-09T20:32:46Z,rate_000558,GroundAdvantage,USPS,3.41,,false,,112-5114312-4345558,0.00,3.41,0.00,"[{""label_format"":""PDF""},{""print_custom_1"":""ecom""}]",
2026-08-09T20:40:15Z,shp_00005910,9400100000000000005910,delivered,adr_from0001,Goodwill E-Com (test),Goodwill Michiana (test),100 Test Warehouse Rd,,South Bend,IN,46601,US,false,adr_to000559,Test Buyer,,560 Example Ave,,Fakeport,IL,60601,US,true,prcl_000559,10,8,4,17.6,,2026-08-09T20:40:16Z,rate_000559,GroundAdvantage,USPS,9.85,,false,,SGW-7714235,0.00,9.85,0.00,"[{""label_format"":""PDF""},{""print_custom_1"":""ecom""}]",
2026-08-09T20:40:49Z,shp_00005936,9400100000000000005936,delivered,adr_from0001,Goodwill E-Com (test),Goodwill Michiana (test),100 Test Warehouse Rd,,South Bend,IN,46601,US,false,adr_to000560,Test Buyer,,561 Example Ave,,Testville,IN,46601,US,true,prcl_000560,10,8,4,43.2,,2026-08-09T20:40:50Z,rate_000560,GroundAdvantage,USPS,8.78,,false,,SGW-7714284,0.00,8.78,0.00,"[{""label_format"":""PDF""},{""print_custom_1"":""ecom""}]",
2026-08-09T20:49:12Z,shp_00005961,9400100000000000005961,delivered,adr_from0001,Goodwill E-Com (test),Goodwill Michiana (test),100 Test Warehouse Rd,,South Bend,IN,46601,US,false,adr_to000561,Test Buyer,,562 Example Ave,,Sampleton,OH,43004,US,true,prcl_000561,10,8,4,52.8,,2026-08-09T20:49:13Z,rate_000561,GroundAdvantage,USPS,3.66,,false,,114-1814331-0386427,0.00,3.66,0.00,"[{""label_format"":""PDF""},{""print_custom_1"":""ecom""}]",
2026-08-10T13:03:53Z,shp_00005958,9400100000000000005958,delivered,adr_from0001,Goodwill E-Com (test),Goodwill Michiana (test),100 Test Warehouse Rd,,South Bend,IN,46601,US,false,adr_to000562,Test Buyer,,563 Example Ave,,Mocksburg,MI,49001,US,true,prcl_000562,10,8,4,40.0,,2026-08-10T13:03:54Z,rate_000562,GroundAdvantage,USPS,3.62,,false,,113-8214327-4669015,0.00,3.62,0.00,"[{""label_format"":""PDF""},{""print_custom_1"":""ecom""}]",
2026-08-10T13:24:58Z,shp_00006053,9400100000000000006053,delivered,adr_from0001,Goodwill E-Com (test),Goodwill Michiana (test),100 Test Warehouse Rd,,South Bend,IN,46601,US,false,adr_to000563,Test Buyer,,564 Example Ave,,Fakeport,IL,60601,US,true,prcl_000563,10,8,4,12.8,,2026-08-10T13:24:59Z,rate_000563,GroundAdvantage,USPS,6.70,,false,,m00000014553,0.00,6.70,0.00,"[{""label_format"":""PDF""},{""print_custom_1"":""ecom""}]",
2026-08-10T13:30:20Z,shp_00005984,9400100000000000005984,delivered,adr_from0001,Goodwill E-Com (test),Goodwill Michiana (test),100 Test Warehouse Rd,,South Bend,IN,46601,US,false,adr_to000564,Test Buyer,,565 Example Ave,,Testville,IN,46601,US,true,prcl_000564,10,8,4,33.6,,2026-08-10T13:30:21Z,rate_000564,GroundAdvantage,USPS,8.90,,false,,SGW-7714403,0.00,8.90,0.00,"[{""label_format"":""PDF""},{""print_custom_1"":""ecom""}]",
2026-08-10T13:36:28Z,shp_00006005,9400100000000000006005,delivered,adr_from0001,Goodwill E-Com (test),Goodwill Michiana (test),100 Test Warehouse Rd,,South Bend,IN,46601,US,false,adr_to000565,Test Buyer,,566 Example Ave,,Sampleton,OH,43004,US,true,prcl_000565,10,8,4,3.2,,2026-08-10T13:36:29Z,rate_000565,GroundAdvantage,USPS,7.64,,false,,SGW-7714460,0.00,7.64,0.00,"[{""label_format"":""PDF""},{""print_custom_1"":""ecom""}]",
2026-08-10T13:38:51Z,shp_00005906,9400100000000000005906,delivered,adr_from0001,Goodwill E-Com (test),Goodwill Michiana (test),100 Test Warehouse Rd,,South Bend,IN,46601,US,false,adr_to000566,Test Buyer,,567 Example Ave,,Mocksburg,MI,49001,US,true,prcl_000566,10,8,4,64.0,,2026-08-10T13:38:52Z,rate_000566,GroundAdvantage,USPS,11.84,,false,,SGW-7714228,0.00,11.84,0.00,"[{""label_format"":""PDF""},{""print_custom_1"":""ecom""}]",
2026-08-10T13:43:16Z,shp_00005946,9400100000000000005946,in_transit,adr_from0001,Goodwill E-Com (test),Goodwill Michiana (test),100 Test Warehouse Rd,,South Bend,IN,46601,US,false,adr_to000567,Test Buyer,,568 Example Ave,,Fakeport,IL,60601,US,true,prcl_000567,10,8,4,19.2,,2026-08-10T13:43:17Z,rate_000567,GroundAdvantage,USPS,3.28,,false,,112-6614303-3030186,0.00,3.28,0.00,"[{""label_format"":""PDF""},{""print_custom_1"":""ecom""}]",
2026-08-10T13:43:46Z,shp_00006032,9400100000000000006032,delivered,adr_from0001,Goodwill E-Com (test),Goodwill Michiana (test),100 Test Warehouse Rd,,South Bend,IN,46601,US,false,adr_to000568,Test Buyer,,569 Example Ave,,Testville,IN,46601,US,true,prcl_000568,10,8,4,9.6,,2026-08-10T13:43:47Z,rate_000568,GroundAdvantage,USPS,3.58,,false,,114-5714512-5374442,0.00,3.58,0.00,"[{""label_format"":""PDF""},{""print_custom_1"":""ecom""}]",
2026-08-10T13:43:49Z,shp_00005973,9400100000000000005973,delivered,adr_from0001,Goodwill E-Com (test),Goodwill Michiana (test),100 Test Warehouse Rd,,South Bend,IN,46601,US,false,adr_to000569,Test Buyer,,570 Example Ave,,Sampleton,OH,43004,US,true,prcl_000569,10,8,4,20.8,,2026-08-10T13:43:50Z,rate_000569,GroundAdvantage,USPS,6.44,,false,,m00000014364,0.00,6.44,0.00,"[{""label_format"":""PDF""},{""print_custom_1"":""ecom""}]",
2026-08-10T13:49:23Z,shp_00006028,9400100000000000006028,delivered,adr_from0001,Goodwill E-Com (test),Goodwill Michiana (test),100 Test Warehouse Rd,,South Bend,IN,46601,US,false,adr_to000570,Test Buyer,,571 Example Ave,,Mocksburg,MI,49001,US,true,prcl_000570,10,8,4,60.8,,2026-08-10T13:49:24Z,rate_000570,Priority,USPS,3.87,,false,,113-9714504-4339213,0.00,3.87,0.00,"[{""label_format"":""PDF""},{""print_custom_1"":""ecom""}]",
2026-08-10T13:52:09Z,shp_00005907,9400100000000000005907,delivered,adr_from0001,Goodwill E-Com (test),Goodwill Michiana (test),100 Test Warehouse Rd,,South Bend,IN,46601,US,false,adr_to000571,Test Buyer,,572 Example Ave,,Fakeport,IL,60601,US,true,prcl_000571,10,8,4,17.6,,2026-08-10T13:52:10Z,rate_000571,GroundAdvantage,USPS,10.97,,false,,SGW-7714229,0.00,10.97,0.00,"[{""label_format"":""PDF""},{""print_custom_1"":""ecom""}]",
2026-08-10T14:14:14Z,shp_00005991,9400100000000000005991,delivered,adr_from0001,Goodwill E-Com (test),Goodwill Michiana (test),100 Test Warehouse Rd,,South Bend,IN,46601,US,false,adr_to000572,Test Buyer,,573 Example Ave,,Testville,IN,46601,US,true,prcl_000572,10,8,4,19.2,,2026-08-10T14:14:15Z,rate_000572,Priority,USPS,8.47,,false,,SGW-7714421,0.00,8.47,0.00,"[{""label_format"":""PDF""},{""print_custom_1"":""ecom""}]",
2026-08-10T14:20:40Z,shp_00006048,9400100000000000006048,delivered,adr_from0001,Goodwill E-Com (test),Goodwill Michiana (test),100 Test Warehouse Rd,,South Bend,IN,46601,US,false,adr_to000573,Test Buyer,,574 Example Ave,,Sampleton,OH,43004,US,true,prcl_000573,10,8,4,43.2,,2026-08-10T14:20:41Z,rate_000573,Priority,USPS,8.67,,false,,24-14540-20564,0.00,8.67,0.00,"[{""label_format"":""PDF""},{""print_custom_1"":""ecom""}]",
2026-08-10T14:22:34Z,shp_00005915,9400100000000000005915,delivered,adr_from0001,Goodwill E-Com (test),Goodwill Michiana (test),100 Test Warehouse Rd,,South Bend,IN,46601,US,false,adr_to000574,Test Buyer,,575 Example Ave,,Mocksburg,MI,49001,US,true,prcl_000574,10,8,4,59.2,,2026-08-10T14:22:35Z,rate_000574,GroundAdvantage,USPS,13.26,,false,,SGW-7714242,0.00,13.26,0.00,"[{""label_format"":""PDF""},{""print_custom_1"":""ecom""}]",
2026-08-10T14:24:34Z,shp_00006020,9400100000000000006020,delivered,adr_from0001,Goodwill E-Com (test),Goodwill Michiana (test),100 Test Warehouse Rd,,South Bend,IN,46601,US,false,adr_to000575,Test Buyer,,576 Example Ave,,Fakeport,IL,60601,US,true,prcl_000575,10,8,4,51.2,,2026-08-10T14:24:35Z,rate_000575,GroundAdvantage,USPS,3.55,,false,,113-8114486-5565166,0.00,3.55,0.00,"[{""label_format"":""PDF""},{""print_custom_1"":""ecom""}]",
2026-08-10T14:31:07Z,shp_00006025,9400100000000000006025,in_transit,adr_from0001,Goodwill E-Com (test),Goodwill Michiana (test),100 Test Warehouse Rd,,South Bend,IN,46601,US,false,adr_to000576,Test Buyer,,577 Example Ave,,Testville,IN,46601,US,true,prcl_000576,10,8,4,17.6,,2026-08-10T14:31:08Z,rate_000576,GroundAdvantage,USPS,3.47,,false,,112-0614497-1158307,0.00,3.47,0.00,"[{""label_format"":""PDF""},{""print_custom_1"":""ecom""}]",
2026-08-10T14:36:41Z,shp_00006003,9400100000000000006003,delivered,adr_from0001,Goodwill E-Com (test),Goodwill Michiana (test),100 Test Warehouse Rd,,South Bend,IN,46601,US,false,adr_to000577,Test Buyer,,578 Example Ave,,Sampleton,OH,43004,US,true,prcl_000577,10,8,4,24.0,,2026-08-10T14:36:42Z,rate_000577,GroundAdvantage,USPS,12.09,,false,,SGW-7714451,0.00,12.09,0.00,"[{""label_format"":""PDF""},{""print_custom_1"":""ecom""}]",
2026-08-10T14:42:37Z,shp_00006009,9400100000000000006009,delivered,adr_from0001,Goodwill E-Com (test),Goodwill Michiana (test),100 Test Warehouse Rd,,South Bend,IN,46601,US,false,adr_to000578,Test Buyer,,579 Example Ave,,Mocksburg,MI,49001,US,true,prcl_000578,10,8,4,32.0,,2026-08-10T14:42:38Z,rate_000578,Priority,USPS,7.10,,false,,SGW-7714471,0.00,7.10,0.00,"[{""label_format"":""PDF""},{""print_custom_1"":""ecom""}]",
2026-08-10T14:46:16Z,shp_00006000,9400100000000000006000,delivered,adr_from0001,Goodwill E-Com (test),Goodwill Michiana (test),100 Test Warehouse Rd,,South Bend,IN,46601,US,false,adr_to000579,Test Buyer,,580 Example Ave,,Fakeport,IL,60601,US,true,prcl_000579,10,8,4,16.0,,2026-08-10T14:46:17Z,rate_000579,GroundAdvantage,USPS,7.17,,false,,SGW-7714447,0.00,7.17,0.00,"[{""label_format"":""PDF""},{""print_custom_1"":""ecom""}]",
2026-08-10T14:55:05Z,shp_00005919,9400100000000000005919,delivered,adr_from0001,Goodwill E-Com (test),Goodwill Michiana (test),100 Test Warehouse Rd,,South Bend,IN,46601,US,false,adr_to000580,Test Buyer,,581 Example Ave,,Testville,IN,46601,US,true,prcl_000580,10,8,4,54.4,,2026-08-10T14:55:06Z,rate_000580,GroundAdvantage,USPS,8.26,,false,,SGW-7714249,0.00,8.26,0.00,"[{""label_format"":""PDF""},{""print_custom_1"":""ecom""}]",
2026-08-10T14:55:48Z,shp_00005999,9400100000000000005999,delivered,adr_from0001,Goodwill E-Com (test),Goodwill Michiana (test),100 Test Warehouse Rd,,South Bend,IN,46601,US,false,adr_to000581,Test Buyer,,582 Example Ave,,Sampleton,OH,43004,US,true,prcl_000581,10,8,4,27.2,,2026-08-10T14:55:49Z,rate_000581,GroundAdvantage,USPS,4.90,,false,,SGW-7714443,0.00,4.90,0.00,"[{""label_format"":""PDF""},{""print_custom_1"":""ecom""}]",
2026-08-10T15:05:01Z,shp_00006052,9400100000000000006052,delivered,adr_from0001,Goodwill E-Com (test),Goodwill Michiana (test),100 Test Warehouse Rd,,South Bend,IN,46601,US,false,adr_to000582,Test Buyer,,583 Example Ave,,Mocksburg,MI,49001,US,true,prcl_000582,10,8,4,20.8,,2026-08-10T15:05:02Z,rate_000582,GroundAdvantage,USPS,5.80,,false,,m00000014549,0.00,5.80,0.00,"[{""label_format"":""PDF""},{""print_custom_1"":""ecom""}]",
2026-08-10T15:10:25Z,shp_00005844,9400100000000000005844,delivered,adr_from0001,Goodwill E-Com (test),Goodwill Michiana (test),100 Test Warehouse Rd,,South Bend,IN,46601,US,false,adr_to000583,Test Buyer,,584 Example Ave,,Fakeport,IL,60601,US,true,prcl_000583,10,8,4,86.4,,2026-08-10T15:10:26Z,rate_000583,GroundAdvantage,USPS,9.82,,false,,SGW-7714082,0.00,9.82,0.00,"[{""label_format"":""PDF""},{""print_custom_1"":""ecom""}]",
2026-08-10T15:18:35Z,shp_00006027,9400100000000000006027,delivered,adr_from0001,Goodwill E-Com (test),Goodwill Michiana (test),100 Test Warehouse Rd,,South Bend,IN,46601,US,false,adr_to000584,Test Buyer,,585 Example Ave,,Testville,IN,46601,US,true,prcl_000584,10,8,4,35.2,,2026-08-10T15:18:36Z,rate_000584,GroundAdvantage,USPS,3.66,,false,,111-5114502-2715626,0.00,3.66,0.00,"[{""label_format"":""PDF""},{""print_custom_1"":""ecom""}]",
2026-08-10T15:29:27Z,shp_00005922,9400100000000000005922,in_transit,adr_from0001,Goodwill E-Com (test),Goodwill Michiana (test),100 Test Warehouse Rd,,South Bend,IN,46601,US,false,adr_to000585,Test Buyer,,586 Example Ave,,Sampleton,OH,43004,US,true,prcl_000585,10,8,4,19.2,,2026-08-10T15:29:28Z,rate_000585,GroundAdvantage,USPS,10.31,,false,,SGW-7714255,0.00,10.31,0.00,"[{""label_format"":""PDF""},{""print_custom_1"":""ecom""}]",
2026-08-10T15:30:34Z,shp_00006044,9400100000000000006044,delivered,adr_from0001,Goodwill E-Com (test),Goodwill Michiana (test),100 Test Warehouse Rd,,South Bend,IN,46601,US,false,adr_to000586,Test Buyer,,587 Example Ave,,Mocksburg,MI,49001,US,true,prcl_000586,10,8,4,17.6,,2026-08-10T15:30:35Z,rate_000586,GroundAdvantage,USPS,3.22,,false,,21-14535-91353,0.00,3.22,0.00,"[{""label_format"":""PDF""},{""print_custom_1"":""ecom""}]",
2026-08-10T15:31:59Z,shp_00006014,9400100000000000006014,delivered,adr_from0001,Goodwill E-Com (test),Goodwill Michiana (test),100 Test Warehouse Rd,,South Bend,IN,46601,US,false,adr_to000587,Test Buyer,,588 Example Ave,,Fakeport,IL,60601,US,true,prcl_000587,10,8,4,16.0,,2026-08-10T15:32:00Z,rate_000587,GroundAdvantage,USPS,3.60,,false,,112-9714477-7946884,0.00,3.60,0.00,"[{""label_format"":""PDF""},{""print_custom_1"":""ecom""}]",
2026-08-10T15:49:13Z,shp_00006041,9400100000000000006041,delivered,adr_from0001,Goodwill E-Com (test),Goodwill Michiana (test),100 Test Warehouse Rd,,South Bend,IN,46601,US,false,adr_to000588,Test Buyer,,589 Example Ave,,Testville,IN,46601,US,true,prcl_000588,10,8,4,14.4,,2026-08-10T15:49:14Z,rate_000588,Priority,USPS,7.98,,false,,22-14531-56824,0.00,7.98,0.00,"[{""label_format"":""PDF""},{""print_custom_1"":""ecom""}]",
2026-08-10T15:54:05Z,shp_00006046,9400100000000000006046,delivered,adr_from0001,Goodwill E-Com (test),Goodwill Michiana (test),100 Test Warehouse Rd,,South Bend,IN,46601,US,false,adr_to000589,Test Buyer,,590 Example Ave,,Sampleton,OH,43004,US,true,prcl_000589,10,8,4,28.8,,2026-08-10T15:54:06Z,rate_000589,GroundAdvantage,USPS,4.17,,false,,09-14538-95699,0.00,4.17,0.00,"[{""label_format"":""PDF""},{""print_custom_1"":""ecom""}]",
2026-08-10T16:03:13Z,shp_00005985,9400100000000000005985,delivered,adr_from0001,Goodwill E-Com (test),Goodwill Michiana (test),100 Test Warehouse Rd,,South Bend,IN,46601,US,false,adr_to000590,Test Buyer,,591 Example Ave,,Mocksburg,MI,49001,US,true,prcl_000590,10,8,4,14.4,,2026-08-10T16:03:14Z,rate_000590,Priority,USPS,8.99,,false,,SGW-7714407,0.00,8.99,0.00,"[{""label_format"":""PDF""},{""print_custom_1"":""ecom""}]",
2026-08-10T16:15:30Z,shp_00006017,9400100000000000006017,delivered,adr_from0001,Goodwill E-Com (test),Goodwill Michiana (test),100 Test Warehouse Rd,,South Bend,IN,46601,US,false,adr_to000591,Test Buyer,,592 Example Ave,,Fakeport,IL,60601,US,true,prcl_000591,10,8,4,92.8,,2026-08-10T16:15:31Z,rate_000591,GroundAdvantage,USPS,3.74,,false,,113-6914482-3406459,0.00,3.74,0.00,"[{""label_format"":""PDF""},{""print_custom_1"":""ecom""}]",
2026-08-10T16:42:28Z,shp_00005998,9400100000000000005998,delivered,adr_from0001,Goodwill E-Com (test),Goodwill Michiana (test),100 Test Warehouse Rd,,South Bend,IN,46601,US,false,adr_to000592,Test Buyer,,593 Example Ave,,Testville,IN,46601,US,true,prcl_000592,10,8,4,46.4,,2026-08-10T16:42:29Z,rate_000592,GroundAdvantage,USPS,11.28,,false,,SGW-7714436,0.00,11.28,0.00,"[{""label_format"":""PDF""},{""print_custom_1"":""ecom""}]",
2026-08-10T16:44:34Z,shp_00005917,9400100000000000005917,delivered,adr_from0001,Goodwill E-Com (test),Goodwill Michiana (test),100 Test Warehouse Rd,,South Bend,IN,46601,US,false,adr_to000593,Test Buyer,,594 Example Ave,,Sampleton,OH,43004,US,true,prcl_000593,10,8,4,28.8,,2026-08-10T16:44:35Z,rate_000593,GroundAdvantage,USPS,9.10,,false,,SGW-7714247,0.00,9.10,0.00,"[{""label_format"":""PDF""},{""print_custom_1"":""ecom""}]",
2026-08-10T17:05:24Z,shp_00006021,9400100000000000006021,in_transit,adr_from0001,Goodwill E-Com (test),Goodwill Michiana (test),100 Test Warehouse Rd,,South Bend,IN,46601,US,false,adr_to000594,Test Buyer,,595 Example Ave,,Mocksburg,MI,49001,US,true,prcl_000594,10,8,4,24.0,,2026-08-10T17:05:25Z,rate_000594,GroundAdvantage,USPS,3.66,,false,,111-0414488-5087051,0.00,3.66,0.00,"[{""label_format"":""PDF""},{""print_custom_1"":""ecom""}]",
2026-08-10T17:13:26Z,shp_00006026,9400100000000000006026,delivered,adr_from0001,Goodwill E-Com (test),Goodwill Michiana (test),100 Test Warehouse Rd,,South Bend,IN,46601,US,false,adr_to000595,Test Buyer,,596 Example Ave,,Fakeport,IL,60601,US,true,prcl_000595,10,8,4,33.6,,2026-08-10T17:13:27Z,rate_000595,Priority,USPS,5.74,,false,,112-4814501-3511806,0.00,5.74,0.00,"[{""label_format"":""PDF""},{""print_custom_1"":""ecom""}]",
2026-08-10T17:17:23Z,shp_00006049,9400100000000000006049,delivered,adr_from0001,Goodwill E-Com (test),Goodwill Michiana (test),100 Test Warehouse Rd,,South Bend,IN,46601,US,false,adr_to000596,Test Buyer,,597 Example Ave,,Testville,IN,46601,US,true,prcl_000596,10,8,4,22.4,,2026-08-10T17:17:24Z,rate_000596,Priority,USPS,5.30,,false,,02-14543-11892,0.00,5.30,0.00,"[{""label_format"":""PDF""},{""print_custom_1"":""ecom""}]",
2026-08-10T17:22:56Z,shp_00006030,9400100000000000006030,delivered,adr_from0001,Goodwill E-Com (test),Goodwill Michiana (test),100 Test Warehouse Rd,,South Bend,IN,46601,US,false,adr_to000597,Test Buyer,,598 Example Ave,,Sampleton,OH,43004,US,true,prcl_000597,10,8,4,11.2,,2026-08-10T17:22:57Z,rate_000597,Priority,USPS,3.44,,false,,113-7814506-9486073,0.00,3.44,0.00,"[{""label_format"":""PDF""},{""print_custom_1"":""ecom""}]",
2026-08-10T17:28:40Z,shp_00006011,9400100000000000006011,delivered,adr_from0001,Goodwill E-Com (test),Goodwill Michiana (test),100 Test Warehouse Rd,,South Bend,IN,46601,US,false,adr_to000598,Test Buyer,,599 Example Ave,,Mocksburg,MI,49001,US,true,prcl_000598,10,8,4,56.0,,2026-08-10T17:28:41Z,rate_000598,GroundAdvantage,USPS,4.95,,false,,113-8214473-7970226,0.00,4.95,0.00,"[{""label_format"":""PDF""},{""print_custom_1"":""ecom""}]",
2026-08-10T17:34:44Z,shp_00005992,9400100000000000005992,unknown,adr_from0001,Goodwill E-Com (test),Goodwill Michiana (test),100 Test Warehouse Rd,,South Bend,IN,46601,US,false,adr_to000599,Test Buyer,,600 Example Ave,,Fakeport,IL,60601,US,true,prcl_000599,10,8,4,27.2,,2026-08-10T17:34:45Z,rate_000599,GroundAdvantage,USPS,11.71,,false,refunded,SGW-7714423,0.00,11.71,0.00,"[{""label_format"":""PDF""},{""print_custom_1"":""ecom""}]",
2026-08-10T17:40:11Z,shp_00006038,9400100000000000006038,delivered,adr_from0001,Goodwill E-Com (test),Goodwill Michiana (test),100 Test Warehouse Rd,,South Bend,IN,46601,US,false,adr_to000600,Test Buyer,,601 Example Ave,,Testville,IN,46601,US,true,prcl_000600,10,8,4,52.8,,2026-08-10T17:40:12Z,rate_000600,Priority,USPS,3.37,,false,,111-5814524-7054955,0.00,3.37,0.00,"[{""label_format"":""PDF""},{""print_custom_1"":""ecom""}]",
2026-08-10T17:43:48Z,shp_00005997,9400100000000000005997,delivered,adr_from0001,Goodwill E-Com (test),Goodwill Michiana (test),100 Test Warehouse Rd,,South Bend,IN,46601,US,false,adr_to000601,Test Buyer,,602 Example Ave,,Sampleton,OH,43004,US,true,prcl_000601,10,8,4,20.8,,2026-08-10T17:43:49Z,rate_000601,GroundAdvantage,USPS,11.72,,false,,SGW-7714431,0.00,11.72,0.00,"[{""label_format"":""PDF""},{""print_custom_1"":""ecom""}]",
2026-08-10T17:47:50Z,shp_00006001,9400100000000000006001,delivered,adr_from0001,Goodwill E-Com (test),Goodwill Michiana (test),100 Test Warehouse Rd,,South Bend,IN,46601,US,false,adr_to000602,Test Buyer,,603 Example Ave,,Mocksburg,MI,49001,US,true,prcl_000602,10,8,4,38.4,,2026-08-10T17:47:51Z,rate_000602,GroundAdvantage,USPS,6.58,,false,,SGW-7714448,0.00,6.58,0.00,"[{""label_format"":""PDF""},{""print_custom_1"":""ecom""}]",
2026-08-10T17:48:54Z,shp_00006042,9400100000000000006042,in_transit,adr_from0001,Goodwill E-Com (test),Goodwill Michiana (test),100 Test Warehouse Rd,,South Bend,IN,46601,US,false,adr_to000603,Test Buyer,,604 Example Ave,,Fakeport,IL,60601,US,true,prcl_000603,10,8,4,32.0,,2026-08-10T17:48:55Z,rate_000603,GroundAdvantage,USPS,4.65,,false,,09-14532-18781,0.00,4.65,0.00,"[{""label_format"":""PDF""},{""print_custom_1"":""ecom""}]",
2026-08-10T17:51:09Z,shp_00006045,9400100000000000006045,delivered,adr_from0001,Goodwill E-Com (test),Goodwill Michiana (test),100 Test Warehouse Rd,,South Bend,IN,46601,US,false,adr_to000604,Test Buyer,,605 Example Ave,,Testville,IN,46601,US,true,prcl_000604,10,8,4,35.2,,2026-08-10T17:51:10Z,rate_000604,GroundAdvantage,USPS,4.66,,false,,08-14537-43851,0.00,4.66,0.00,"[{""label_format"":""PDF""},{""print_custom_1"":""ecom""}]",
2026-08-10T17:52:56Z,shp_00006023,9400100000000000006023,delivered,adr_from0001,Goodwill E-Com (test),Goodwill Michiana (test),100 Test Warehouse Rd,,South Bend,IN,46601,US,false,adr_to000605,Test Buyer,,606 Example Ave,,Sampleton,OH,43004,US,true,prcl_000605,10,8,4,4.8,,2026-08-10T17:52:57Z,rate_000605,GroundAdvantage,USPS,3.74,,false,,111-5814493-4841857,0.00,3.74,0.00,"[{""label_format"":""PDF""},{""print_custom_1"":""ecom""}]",
2026-08-10T17:58:24Z,shp_00005990,9400100000000000005990,delivered,adr_from0001,Goodwill E-Com (test),Goodwill Michiana (test),100 Test Warehouse Rd,,South Bend,IN,46601,US,false,adr_to000606,Test Buyer,,607 Example Ave,,Mocksburg,MI,49001,US,true,prcl_000606,10,8,4,14.4,,2026-08-10T17:58:25Z,rate_000606,GroundAdvantage,USPS,7.20,,false,,SGW-7714420,0.00,7.20,0.00,"[{""label_format"":""PDF""},{""print_custom_1"":""ecom""}]",
2026-08-10T18:05:19Z,shp_00005988,9400100000000000005988,delivered,adr_from0001,Goodwill E-Com (test),Goodwill Michiana (test),100 Test Warehouse Rd,,South Bend,IN,46601,US,false,adr_to000607,Test Buyer,,608 Example Ave,,Fakeport,IL,60601,US,true,prcl_000607,10,8,4,30.4,,2026-08-10T18:05:20Z,rate_000607,GroundAdvantage,USPS,10.16,,false,,SGW-7714415,0.00,10.16,0.00,"[{""label_format"":""PDF""},{""print_custom_1"":""ecom""}]",
2026-08-10T18:19:51Z,shp_00006013,9400100000000000006013,delivered,adr_from0001,Goodwill E-Com (test),Goodwill Michiana (test),100 Test Warehouse Rd,,South Bend,IN,46601,US,false,adr_to000608,Test Buyer,,609 Example Ave,,Testville,IN,46601,US,true,prcl_000608,10,8,4,43.2,,2026-08-10T18:19:52Z,rate_000608,GroundAdvantage,USPS,3.40,,false,,111-8214476-6131117,0.00,3.40,0.00,"[{""label_format"":""PDF""},{""print_custom_1"":""ecom""}]",
2026-08-10T18:30:28Z,shp_00006040,9400100000000000006040,delivered,adr_from0001,Goodwill E-Com (test),Goodwill Michiana (test),100 Test Warehouse Rd,,South Bend,IN,46601,US,false,adr_to000609,Test Buyer,,610 Example Ave,,Sampleton,OH,43004,US,true,prcl_000609,10,8,4,19.2,,2026-08-10T18:30:29Z,rate_000609,GroundAdvantage,USPS,10.11,,false,,04-14527-14825,0.00,10.11,0.00,"[{""label_format"":""PDF""},{""print_custom_1"":""ecom""}]",
2026-08-10T18:35:30Z,shp_00006047,9400100000000000006047,delivered,adr_from0001,Goodwill E-Com (test),Goodwill Michiana (test),100 Test Warehouse Rd,,South Bend,IN,46601,US,false,adr_to000610,Test Buyer,,611 Example Ave,,Mocksburg,MI,49001,US,true,prcl_000610,10,8,4,48.0,,2026-08-10T18:35:31Z,rate_000610,GroundAdvantage,USPS,8.19,,false,,13-14539-36032,0.00,8.19,0.00,"[{""label_format"":""PDF""},{""print_custom_1"":""ecom""}]",
2026-08-10T18:45:35Z,shp_00005996,9400100000000000005996,delivered,adr_from0001,Goodwill E-Com (test),Goodwill Michiana (test),100 Test Warehouse Rd,,South Bend,IN,46601,US,false,adr_to000611,Test Buyer,,612 Example Ave,,Fakeport,IL,60601,US,true,prcl_000611,10,8,4,9.6,,2026-08-10T18:45:36Z,rate_000611,GroundAdvantage,USPS,13.34,,false,,SGW-7714430,0.00,13.34,0.00,"[{""label_format"":""PDF""},{""print_custom_1"":""ecom""}]",
2026-08-10T18:49:07Z,shp_00005921,9400100000000000005921,in_transit,adr_from0001,Goodwill E-Com (test),Goodwill Michiana (test),100 Test Warehouse Rd,,South Bend,IN,46601,US,false,adr_to000612,Test Buyer,,613 Example Ave,,Testville,IN,46601,US,true,prcl_000612,10,8,4,28.8,,2026-08-10T18:49:08Z,rate_000612,GroundAdvantage,USPS,8.30,,false,,SGW-7714254,0.00,8.30,0.00,"[{""label_format"":""PDF""},{""print_custom_1"":""ecom""}]",
2026-08-10T18:52:42Z,shp_00005888,9400100000000000005888,delivered,adr_from0001,Goodwill E-Com (test),Goodwill Michiana (test),100 Test Warehouse Rd,,South Bend,IN,46601,US,false,adr_to000613,Test Buyer,,614 Example Ave,,Sampleton,OH,43004,US,true,prcl_000613,10,8,4,22.4,,2026-08-10T18:52:43Z,rate_000613,GroundAdvantage,USPS,3.74,,false,,112-6314170-2033738,0.00,3.74,0.00,"[{""label_format"":""PDF""},{""print_custom_1"":""ecom""}]",
2026-08-10T18:57:42Z,shp_00006024,9400100000000000006024,delivered,adr_from0001,Goodwill E-Com (test),Goodwill Michiana (test),100 Test Warehouse Rd,,South Bend,IN,46601,US,false,adr_to000614,Test Buyer,,615 Example Ave,,Mocksburg,MI,49001,US,true,prcl_000614,10,8,4,12.8,,2026-08-10T18:57:43Z,rate_000614,GroundAdvantage,USPS,5.26,,false,,111-6814494-2445066,0.00,5.26,0.00,"[{""label_format"":""PDF""},{""print_custom_1"":""ecom""}]",
2026-08-10T19:08:14Z,shp_00006039,9400100000000000006039,delivered,adr_from0001,Goodwill E-Com (test),Goodwill Michiana (test),100 Test Warehouse Rd,,South Bend,IN,46601,US,false,adr_to000615,Test Buyer,,616 Example Ave,,Fakeport,IL,60601,US,true,prcl_000615,10,8,4,17.6,,2026-08-10T19:08:15Z,rate_000615,Priority,USPS,3.42,,false,,04-14525-08998,0.00,3.42,0.00,"[{""label_format"":""PDF""},{""print_custom_1"":""ecom""}]",
2026-08-10T19:08:30Z,shp_00005964,9400100000000000005964,delivered,adr_from0001,Goodwill E-Com (test),Goodwill Michiana (test),100 Test Warehouse Rd,,South Bend,IN,46601,US,false,adr_to000616,Test Buyer,,617 Example Ave,,Testville,IN,46601,US,true,prcl_000616,10,8,4,52.8,,2026-08-10T19:08:31Z,rate_000616,Priority,USPS,7.03,,false,,09-14338-57357,0.00,7.03,0.00,"[{""label_format"":""PDF""},{""print_custom_1"":""ecom""}]",
2026-08-10T19:14:02Z,shp_00006036,9400100000000000006036,delivered,adr_from0001,Goodwill E-Com (test),Goodwill Michiana (test),100 Test Warehouse Rd,,South Bend,IN,46601,US,false,adr_to000617,Test Buyer,,618 Example Ave,,Sampleton,OH,43004,US,true,prcl_000617,10,8,4,17.6,,2026-08-10T19:14:03Z,rate_000617,GroundAdvantage,USPS,3.71,,false,,111-0214520-8675327,0.00,3.71,0.00,"[{""label_format"":""PDF""},{""print_custom_1"":""ecom""}]",
2026-08-10T19:14:21Z,shp_00005987,9400100000000000005987,delivered,adr_from0001,Goodwill E-Com (test),Goodwill Michiana (test),100 Test Warehouse Rd,,South Bend,IN,46601,US,false,adr_to000618,Test Buyer,,619 Example Ave,,Mocksburg,MI,49001,US,true,prcl_000618,10,8,4,24.0,,2026-08-10T19:14:22Z,rate_000618,GroundAdvantage,USPS,9.22,,false,,SGW-7714411,0.00,9.22,0.00,"[{""label_format"":""PDF""},{""print_custom_1"":""ecom""}]",
2026-08-10T19:19:38Z,shp_00006016,9400100000000000006016,delivered,adr_from0001,Goodwill E-Com (test),Goodwill Michiana (test),100 Test Warehouse Rd,,South Bend,IN,46601,US,false,adr_to000619,Test Buyer,,620 Example Ave,,Fakeport,IL,60601,US,true,prcl_000619,10,8,4,12.8,,2026-08-10T19:19:39Z,rate_000619,GroundAdvantage,USPS,5.01,,false,,114-7614479-0829814,0.00,5.01,0.00,"[{""label_format"":""PDF""},{""print_custom_1"":""ecom""}]",
2026-08-10T19:30:59Z,shp_00006010,9400100000000000006010,delivered,adr_from0001,Goodwill E-Com (test),Goodwill Michiana (test),100 Test Warehouse Rd,,South Bend,IN,46601,US,false,adr_to000620,Test Buyer,,621 Example Ave,,Testville,IN,46601,US,true,prcl_000620,10,8,4,44.8,,2026-08-10T19:31:00Z,rate_000620,GroundAdvantage,USPS,3.28,,false,,112-9914472-6037934,0.00,3.28,0.00,"[{""label_format"":""PDF""},{""print_custom_1"":""ecom""}]",
2026-08-10T19:31:48Z,shp_00006050,9400100000000000006050,in_transit,adr_from0001,Goodwill E-Com (test),Goodwill Michiana (test),100 Test Warehouse Rd,,South Bend,IN,46601,US,false,adr_to000621,Test Buyer,,622 Example Ave,,Sampleton,OH,43004,US,true,prcl_000621,10,8,4,25.6,,2026-08-10T19:31:49Z,rate_000621,GroundAdvantage,USPS,5.98,,false,,06-14544-89345,0.00,5.98,0.00,"[{""label_format"":""PDF""},{""print_custom_1"":""ecom""}]",
2026-08-10T19:33:11Z,shp_00005993,9400100000000000005993,delivered,adr_from0001,Goodwill E-Com (test),Goodwill Michiana (test),100 Test Warehouse Rd,,South Bend,IN,46601,US,false,adr_to000622,Test Buyer,,623 Example Ave,,Mocksburg,MI,49001,US,true,prcl_000622,10,8,4,16.0,,2026-08-10T19:33:12Z,rate_000622,GroundAdvantage,USPS,10.70,,false,,SGW-7714425,0.00,10.70,0.00,"[{""label_format"":""PDF""},{""print_custom_1"":""ecom""}]",
2026-08-10T19:39:20Z,shp_00005967,9400100000000000005967,delivered,adr_from0001,Goodwill E-Com (test),Goodwill Michiana (test),100 Test Warehouse Rd,,South Bend,IN,46601,US,false,adr_to000623,Test Buyer,,624 Example Ave,,Fakeport,IL,60601,US,true,prcl_000623,10,8,4,9.6,,2026-08-10T19:39:21Z,rate_000623,GroundAdvantage,USPS,5.79,,false,,07-14346-91113,0.00,5.79,0.00,"[{""label_format"":""PDF""},{""print_custom_1"":""ecom""}]",
2026-08-10T19:40:07Z,shp_00006015,9400100000000000006015,delivered,adr_from0001,Goodwill E-Com (test),Goodwill Michiana (test),100 Test Warehouse Rd,,South Bend,IN,46601,US,false,adr_to000624,Test Buyer,,625 Example Ave,,Testville,IN,46601,US,true,prcl_000624,10,8,4,30.4,,2026-08-10T19:40:08Z,rate_000624,GroundAdvantage,USPS,3.29,,false,,112-2214478-3700660,0.00,3.29,0.00,"[{""label_format"":""PDF""},{""print_custom_1"":""ecom""}]",
2026-08-10T19:41:14Z,shp_00006051,9400100000000000006051,delivered,adr_from0001,Goodwill E-Com (test),Goodwill Michiana (test),100 Test Warehouse Rd,,South Bend,IN,46601,US,false,adr_to000625,Test Buyer,,626 Example Ave,,Sampleton,OH,43004,US,true,prcl_000625,10,8,4,14.4,,2026-08-10T19:41:15Z,rate_000625,Priority,USPS,7.15,,false,,18-14547-00838,0.00,7.15,0.00,"[{""label_format"":""PDF""},{""print_custom_1"":""ecom""}]",
2026-08-10T19:43:51Z,shp_00005920,9400100000000000005920,delivered,adr_from0001,Goodwill E-Com (test),Goodwill Michiana (test),100 Test Warehouse Rd,,South Bend,IN,46601,US,false,adr_to000626,Test Buyer,,627 Example Ave,,Mocksburg,MI,49001,US,true,prcl_000626,10,8,4,8.0,,2026-08-10T19:43:52Z,rate_000626,GroundAdvantage,USPS,9.85,,false,,SGW-7714252,0.00,9.85,0.00,"[{""label_format"":""PDF""},{""print_custom_1"":""ecom""}]",
2026-08-10T19:45:45Z,shp_00005983,9400100000000000005983,delivered,adr_from0001,Goodwill E-Com (test),Goodwill Michiana (test),100 Test Warehouse Rd,,South Bend,IN,46601,US,false,adr_to000627,Test Buyer,,628 Example Ave,,Fakeport,IL,60601,US,true,prcl_000627,10,8,4,9.6,,2026-08-10T19:45:46Z,rate_000627,Priority,USPS,10.61,,false,,SGW-7714402,0.00,10.61,0.00,"[{""label_format"":""PDF""},{""print_custom_1"":""ecom""}]",
2026-08-10T19:54:30Z,shp_00006019,9400100000000000006019,delivered,adr_from0001,Goodwill E-Com (test),Goodwill Michiana (test),100 Test Warehouse Rd,,South Bend,IN,46601,US,false,adr_to000628,Test Buyer,,629 Example Ave,,Testville,IN,46601,US,true,prcl_000628,10,8,4,24.0,,2026-08-10T19:54:31Z,rate_000628,GroundAdvantage,USPS,3.49,,false,,111-9414484-6414236,0.00,3.49,0.00,"[{""label_format"":""PDF""},{""print_custom_1"":""ecom""}]",
2026-08-10T20:03:04Z,shp_00005986,9400100000000000005986,delivered,adr_from0001,Goodwill E-Com (test),Goodwill Michiana (test),100 Test Warehouse Rd,,South Bend,IN,46601,US,false,adr_to000629,Test Buyer,,630 Example Ave,,Sampleton,OH,43004,US,true,prcl_000629,10,8,4,25.6,,2026-08-10T20:03:05Z,rate_000629,Priority,USPS,10.78,,false,,SGW-7714408,0.00,10.78,0.00,"[{""label_format"":""PDF""},{""print_custom_1"":""ecom""}]",
2026-08-10T20:05:20Z,shp_00005902,9400100000000000005902,in_transit,adr_from0001,Goodwill E-Com (test),Goodwill Michiana (test),100 Test Warehouse Rd,,South Bend,IN,46601,US,false,adr_to000630,Test Buyer,,631 Example Ave,,Mocksburg,MI,49001,US,true,prcl_000630,10,8,4,62.4,,2026-08-10T20:05:21Z,rate_000630,Priority,USPS,12.93,,false,,SGW-7714223,0.00,12.93,0.00,"[{""label_format"":""PDF""},{""print_custom_1"":""ecom""}]",
2026-08-10T20:17:24Z,shp_00005978,9400100000000000005978,delivered,adr_from0001,Goodwill E-Com (test),Goodwill Michiana (test),100 Test Warehouse Rd,,South Bend,IN,46601,US,false,adr_to000631,Test Buyer,,632 Example Ave,,Fakeport,IL,60601,US,true,prcl_000631,10,8,4,9.6,,2026-08-10T20:17:25Z,rate_000631,Priority,USPS,5.93,,false,,m00000014376,0.00,5.93,0.00,"[{""label_format"":""PDF""},{""print_custom_1"":""ecom""}]",
2026-08-10T20:23:43Z,shp_00006031,9400100000000000006031,delivered,adr_from0001,Goodwill E-Com (test),Goodwill Michiana (test),100 Test Warehouse Rd,,South Bend,IN,46601,US,false,adr_to000632,Test Buyer,,633 Example Ave,,Testville,IN,46601,US,true,prcl_000632,10,8,4,56.0,,2026-08-10T20:23:44Z,rate_000632,Priority,USPS,3.29,,false,,111-7514509-2595869,0.00,3.29,0.00,"[{""label_format"":""PDF""},{""print_custom_1"":""ecom""}]",
2026-08-10T20:28:15Z,shp_00006029,9400100000000000006029,delivered,adr_from0001,Goodwill E-Com (test),Goodwill Michiana (test),100 Test Warehouse Rd,,South Bend,IN,46601,US,false,adr_to000633,Test Buyer,,634 Example Ave,,Sampleton,OH,43004,US,true,prcl_000633,10,8,4,20.8,,2026-08-10T20:28:16Z,rate_000633,Priority,USPS,3.31,,false,,113-7414505-3990630,0.00,3.31,0.00,"[{""label_format"":""PDF""},{""print_custom_1"":""ecom""}]",
2026-08-10T20:42:12Z,shp_00005995,9400100000000000005995,delivered,adr_from0001,Goodwill E-Com (test),Goodwill Michiana (test),100 Test Warehouse Rd,,South Bend,IN,46601,US,false,adr_to000634,Test Buyer,,635 Example Ave,,Mocksburg,MI,49001,US,true,prcl_000634,10,8,4,32.0,,2026-08-10T20:42:13Z,rate_000634,GroundAdvantage,USPS,8.62,,false,,SGW-7714427,0.00,8.62,0.00,"[{""label_format"":""PDF""},{""print_custom_1"":""ecom""}]",
2026-08-10T20:42:58Z,shp_00005981,9400100000000000005981,delivered,adr_from0001,Goodwill E-Com (test),Goodwill Michiana (test),100 Test Warehouse Rd,,South Bend,IN,46601,US,false,adr_to000635,Test Buyer,,636 Example Ave,,Fakeport,IL,60601,US,true,prcl_000635,10,8,4,17.6,,2026-08-10T20:42:59Z,rate_000635,GroundAdvantage,USPS,21.58,,false,,SGW-7714399,0.00,21.58,0.00,"[{""label_format"":""PDF""},{""print_custom_1"":""ecom""}]",
2026-08-10T20:58:25Z,shp_00005867,9400100000000000005867,delivered,adr_from0001,Goodwill E-Com (test),Goodwill Michiana (test),100 Test Warehouse Rd,,South Bend,IN,46601,US,false,adr_to000636,Test Buyer,,637 Example Ave,,Testville,IN,46601,US,true,prcl_000636,10,8,4,36.8,,2026-08-10T20:58:26Z,rate_000636,Priority,USPS,3.73,,false,,111-1814136-4075020,0.00,3.73,0.00,"[{""label_format"":""PDF""},{""print_custom_1"":""ecom""}]",
2026-08-11T13:02:28Z,shp_00006085,9400100000000000006085,delivered,adr_from0001,Goodwill E-Com (test),Goodwill Michiana (test),100 Test Warehouse Rd,,South Bend,IN,46601,US,false,adr_to000637,Test Buyer,,638 Example Ave,,Sampleton,OH,43004,US,true,prcl_000637,10,8,4,11.2,,2026-08-11T13:02:29Z,rate_000637,GroundAdvantage,USPS,9.09,,false,,SGW-7714627,0.00,9.09,0.00,"[{""label_format"":""PDF""},{""print_custom_1"":""ecom""}]",
2026-08-11T13:25:46Z,shp_00006018,9400100000000000006018,delivered,adr_from0001,Goodwill E-Com (test),Goodwill Michiana (test),100 Test Warehouse Rd,,South Bend,IN,46601,US,false,adr_to000638,Test Buyer,,639 Example Ave,,Mocksburg,MI,49001,US,true,prcl_000638,10,8,4,28.8,,2026-08-11T13:25:47Z,rate_000638,GroundAdvantage,USPS,5.54,,false,,112-6414483-9367703,0.00,5.54,0.00,"[{""label_format"":""PDF""},{""print_custom_1"":""ecom""}]",
2026-08-11T13:31:52Z,shp_00006069,9400100000000000006069,in_transit,adr_from0001,Goodwill E-Com (test),Goodwill Michiana (test),100 Test Warehouse Rd,,South Bend,IN,46601,US,false,adr_to000639,Test Buyer,,640 Example Ave,,Fakeport,IL,60601,US,true,prcl_000639,10,8,4,40.0,,2026-08-11T13:31:53Z,rate_000639,GroundAdvantage,USPS,9.66,,false,,SGW-7714601,0.00,9.66,0.00,"[{""label_format"":""PDF""},{""print_custom_1"":""ecom""}]",
2026-08-11T13:32:28Z,shp_00006114,9400100000000000006114,delivered,adr_from0001,Goodwill E-Com (test),Goodwill Michiana (test),100 Test Warehouse Rd,,South Bend,IN,46601,US,false,adr_to000640,Test Buyer,,641 Example Ave,,Testville,IN,46601,US,true,prcl_000640,10,8,4,9.6,,2026-08-11T13:32:29Z,rate_000640,GroundAdvantage,USPS,3.91,,false,,04-14680-41146,0.00,3.91,0.00,"[{""label_format"":""PDF""},{""print_custom_1"":""ecom""}]",
2026-08-11T13:39:26Z,shp_00006087,9400100000000000006087,delivered,adr_from0001,Goodwill E-Com (test),Goodwill Michiana (test),100 Test Warehouse Rd,,South Bend,IN,46601,US,false,adr_to000641,Test Buyer,,642 Example Ave,,Sampleton,OH,43004,US,true,prcl_000641,10,8,4,16.0,,2026-08-11T13:39:27Z,rate_000641,GroundAdvantage,USPS,3.86,,false,,113-8814632-5754300,0.00,3.86,0.00,"[{""label_format"":""PDF""},{""print_custom_1"":""ecom""}]",
2026-08-11T13:41:32Z,shp_00006098,9400100000000000006098,delivered,adr_from0001,Goodwill E-Com (test),Goodwill Michiana (test),100 Test Warehouse Rd,,South Bend,IN,46601,US,false,adr_to000642,Test Buyer,,643 Example Ave,,Mocksburg,MI,49001,US,true,prcl_000642,10,8,4,17.6,,2026-08-11T13:41:33Z,rate_000642,GroundAdvantage,USPS,3.78,,false,,111-0814653-4276400,0.00,3.78,0.00,"[{""label_format"":""PDF""},{""print_custom_1"":""ecom""}]",
2026-08-11T13:57:22Z,shp_00006097,9400100000000000006097,delivered,adr_from0001,Goodwill E-Com (test),Goodwill Michiana (test),100 Test Warehouse Rd,,South Bend,IN,46601,US,false,adr_to000643,Test Buyer,,644 Example Ave,,Fakeport,IL,60601,US,true,prcl_000643,10,8,4,33.6,,2026-08-11T13:57:23Z,rate_000643,GroundAdvantage,USPS,3.54,,false,,111-7714652-8954200,0.00,3.54,0.00,"[{""label_format"":""PDF""},{""print_custom_1"":""ecom""}]",
2026-08-11T14:25:07Z,shp_00006109,9400100000000000006109,delivered,adr_from0001,Goodwill E-Com (test),Goodwill Michiana (test),100 Test Warehouse Rd,,South Bend,IN,46601,US,false,adr_to000644,Test Buyer,,645 Example Ave,,Testville,IN,46601,US,true,prcl_000644,10,8,4,17.6,,2026-08-11T14:25:08Z,rate_000644,GroundAdvantage,USPS,3.59,,false,,113-2514667-2230345,0.00,3.59,0.00,"[{""label_format"":""PDF""},{""print_custom_1"":""ecom""}]",
2026-08-11T14:32:29Z,shp_00006071,9400100000000000006071,delivered,adr_from0001,Goodwill E-Com (test),Goodwill Michiana (test),100 Test Warehouse Rd,,South Bend,IN,46601,US,false,adr_to000645,Test Buyer,,646 Example Ave,,Sampleton,OH,43004,US,true,prcl_000645,10,8,4,25.6,,2026-08-11T14:32:30Z,rate_000645,Priority,USPS,6.18,,false,,SGW-7714603,0.00,6.18,0.00,"[{""label_format"":""PDF""},{""print_custom_1"":""ecom""}]",
2026-08-11T14:32:51Z,shp_00006054,9400100000000000006054,delivered,adr_from0001,Goodwill E-Com (test),Goodwill Michiana (test),100 Test Warehouse Rd,,South Bend,IN,46601,US,false,adr_to000646,Test Buyer,,647 Example Ave,,Mocksburg,MI,49001,US,true,prcl_000646,10,8,4,12.8,,2026-08-11T14:32:52Z,rate_000646,GroundAdvantage,USPS,6.84,,false,,SGW-7714573,0.00,6.84,0.00,"[{""label_format"":""PDF""},{""print_custom_1"":""ecom""}]",
2026-08-11T14:35:05Z,shp_00005989,9400100000000000005989,delivered,adr_from0001,Goodwill E-Com (test),Goodwill Michiana (test),100 Test Warehouse Rd,,South Bend,IN,46601,US,false,adr_to000647,Test Buyer,,648 Example Ave,,Fakeport,IL,60601,US,true,prcl_000647,10,8,4,24.0,,2026-08-11T14:35:06Z,rate_000647,GroundAdvantage,USPS,14.95,,false,,SGW-7714418,0.00,14.95,0.00,"[{""label_format"":""PDF""},{""print_custom_1"":""ecom""}]",
2026-08-11T14:36:37Z,shp_00006057,9400100000000000006057,in_transit,adr_from0001,Goodwill E-Com (test),Goodwill Michiana (test),100 Test Warehouse Rd,,South Bend,IN,46601,US,false,adr_to000648,Test Buyer,,649 Example Ave,,Testville,IN,46601,US,true,prcl_000648,10,8,4,32.0,,2026-08-11T14:36:38Z,rate_000648,GroundAdvantage,USPS,8.67,,false,,SGW-7714579,0.00,8.67,0.00,"[{""label_format"":""PDF""},{""print_custom_1"":""ecom""}]",
2026-08-11T14:37:28Z,shp_00006037,9400100000000000006037,delivered,adr_from0001,Goodwill E-Com (test),Goodwill Michiana (test),100 Test Warehouse Rd,,South Bend,IN,46601,US,false,adr_to000649,Test Buyer,,650 Example Ave,,Sampleton,OH,43004,US,true,prcl_000649,10,8,4,88.0,,2026-08-11T14:37:29Z,rate_000649,GroundAdvantage,USPS,5.81,,false,,112-1214523-6180956,0.00,5.81,0.00,"[{""label_format"":""PDF""},{""print_custom_1"":""ecom""}]",
2026-08-11T14:39:03Z,shp_00005911,9400100000000000005911,delivered,adr_from0001,Goodwill E-Com (test),Goodwill Michiana (test),100 Test Warehouse Rd,,South Bend,IN,46601,US,false,adr_to000650,Test Buyer,,651 Example Ave,,Mocksburg,MI,49001,US,true,prcl_000650,10,8,4,38.4,,2026-08-11T14:39:04Z,rate_000650,GroundAdvantage,USPS,12.43,,false,,SGW-7714236,0.00,12.43,0.00,"[{""label_format"":""PDF""},{""print_custom_1"":""ecom""}]",
2026-08-11T14:39:43Z,shp_00006022,9400100000000000006022,delivered,adr_from0001,Goodwill E-Com (test),Goodwill Michiana (test),100 Test Warehouse Rd,,South Bend,IN,46601,US,false,adr_to000651,Test Buyer,,652 Example Ave,,Fakeport,IL,60601,US,true,prcl_000651,10,8,4,52.8,,2026-08-11T14:39:44Z,rate_000651,GroundAdvantage,USPS,5.29,,false,,114-0214491-3255969,0.00,5.29,0.00,"[{""label_format"":""PDF""},{""print_custom_1"":""ecom""}]",
2026-08-11T14:50:12Z,shp_00006108,9400100000000000006108,delivered,adr_from0001,Goodwill E-Com (test),Goodwill Michiana (test),100 Test Warehouse Rd,,South Bend,IN,46601,US,false,adr_to000652,Test Buyer,,653 Example Ave,,Testville,IN,46601,US,true,prcl_000652,10,8,4,38.4,,2026-08-11T14:50:13Z,rate_000652,Priority,USPS,3.77,,false,,112-5814666-1609417,0.00,3.77,0.00,"[{""label_format"":""PDF""},{""print_custom_1"":""ecom""}]",
2026-08-11T14:51:08Z,shp_00006033,9400100000000000006033,delivered,adr_from0001,Goodwill E-Com (test),Goodwill Michiana (test),100 Test Warehouse Rd,,South Bend,IN,46601,US,false,adr_to000653,Test Buyer,,654 Example Ave,,Sampleton,OH,43004,US,true,prcl_000653,10,8,4,30.4,,2026-08-11T14:51:09Z,rate_000653,GroundAdvantage,USPS,3.31,,false,,111-4214516-8431338,0.00,3.31,0.00,"[{""label_format"":""PDF""},{""print_custom_1"":""ecom""}]",
2026-08-11T14:56:41Z,shp_00006081,9400100000000000006081,delivered,adr_from0001,Goodwill E-Com (test),Goodwill Michiana (test),100 Test Warehouse Rd,,South Bend,IN,46601,US,false,adr_to000654,Test Buyer,,655 Example Ave,,Mocksburg,MI,49001,US,true,prcl_000654,10,8,4,62.4,,2026-08-11T14:56:42Z,rate_000654,Priority,USPS,12.54,,false,,SGW-7714619,0.00,12.54,0.00,"[{""label_format"":""PDF""},{""print_custom_1"":""ecom""}]",
2026-08-11T15:01:05Z,shp_00006100,9400100000000000006100,delivered,adr_from0001,Goodwill E-Com (test),Goodwill Michiana (test),100 Test Warehouse Rd,,South Bend,IN,46601,US,false,adr_to000655,Test Buyer,,656 Example Ave,,Fakeport,IL,60601,US,true,prcl_000655,10,8,4,27.2,,2026-08-11T15:01:06Z,rate_000655,GroundAdvantage,USPS,3.60,,false,,114-8014656-4481070,0.00,3.60,0.00,"[{""label_format"":""PDF""},{""print_custom_1"":""ecom""}]",
2026-08-11T15:16:45Z,shp_00006112,9400100000000000006112,unknown,adr_from0001,Goodwill E-Com (test),Goodwill Michiana (test),100 Test Warehouse Rd,,South Bend,IN,46601,US,false,adr_to000656,Test Buyer,,657 Example Ave,,Testville,IN,46601,US,true,prcl_000656,10,8,4,60.8,,2026-08-11T15:16:46Z,rate_000656,GroundAdvantage,USPS,5.51,,false,submitted,22-14676-75946,0.00,5.51,0.00,"[{""label_format"":""PDF""},{""print_custom_1"":""ecom""}]",
2026-08-11T15:17:37Z,shp_00006116,9400100000000000006116,in_transit,adr_from0001,Goodwill E-Com (test),Goodwill Michiana (test),100 Test Warehouse Rd,,South Bend,IN,46601,US,false,adr_to000657,Test Buyer,,658 Example Ave,,Sampleton,OH,43004,US,true,prcl_000657,10,8,4,24.0,,2026-08-11T15:17:38Z,rate_000657,GroundAdvantage,USPS,9.13,,false,,09-14695-00286,0.00,9.13,0.00,"[{""label_format"":""PDF""},{""print_custom_1"":""ecom""}]",
2026-08-11T15:25:14Z,shp_00006088,9400100000000000006088,delivered,adr_from0001,Goodwill E-Com (test),Goodwill Michiana (test),100 Test Warehouse Rd,,South Bend,IN,46601,US,false,adr_to000658,Test Buyer,,659 Example Ave,,Mocksburg,MI,49001,US,true,prcl_000658,10,8,4,54.4,,2026-08-11T15:25:15Z,rate_000658,Priority,USPS,3.40,,false,,113-4114636-7603989,0.00,3.40,0.00,"[{""label_format"":""PDF""},{""print_custom_1"":""ecom""}]",
2026-08-11T15:39:15Z,shp_00006086,9400100000000000006086,delivered,adr_from0001,Goodwill E-Com (test),Goodwill Michiana (test),100 Test Warehouse Rd,,South Bend,IN,46601,US,false,adr_to000659,Test Buyer,,660 Example Ave,,Fakeport,IL,60601,US,true,prcl_000659,10,8,4,27.2,,2026-08-11T15:39:16Z,rate_000659,Priority,USPS,10.94,,false,,SGW-7714629,0.00,10.94,0.00,"[{""label_format"":""PDF""},{""print_custom_1"":""ecom""}]",
2026-08-11T15:41:21Z,shp_00006101,9400100000000000006101,delivered,adr_from0001,Goodwill E-Com (test),Goodwill Michiana (test),100 Test Warehouse Rd,,South Bend,IN,46601,US,false,adr_to000660,Test Buyer,,661 Example Ave,,Testville,IN,46601,US,true,prcl_000660,10,8,4,12.8,,2026-08-11T15:41:22Z,rate_000660,GroundAdvantage,USPS,5.07,,false,,111-7214657-5265282,0.00,5.07,0.00,"[{""label_format"":""PDF""},{""print_custom_1"":""ecom""}]",
2026-08-11T16:12:28Z,shp_00006082,9400100000000000006082,delivered,adr_from0001,Goodwill E-Com (test),Goodwill Michiana (test),100 Test Warehouse Rd,,South Bend,IN,46601,US,false,adr_to000661,Test Buyer,,662 Example Ave,,Sampleton,OH,43004,US,true,prcl_000661,10,8,4,8.0,,2026-08-11T16:12:29Z,rate_000661,Priority,USPS,7.53,,false,,SGW-7714620,0.00,7.53,0.00,"[{""label_format"":""PDF""},{""print_custom_1"":""ecom""}]",
2026-08-11T16:20:11Z,shp_00006006,9400100000000000006006,delivered,adr_from0001,Goodwill E-Com (test),Goodwill Michiana (test),100 Test Warehouse Rd,,South Bend,IN,46601,US,false,adr_to000662,Test Buyer,,663 Example Ave,,Mocksburg,MI,49001,US,true,prcl_000662,10,8,4,30.4,,2026-08-11T16:20:12Z,rate_000662,GroundAdvantage,USPS,12.93,,false,,SGW-7714467,0.00,12.93,0.00,"[{""label_format"":""PDF""},{""print_custom_1"":""ecom""}]",
2026-08-11T16:33:34Z,shp_00006084,9400100000000000006084,delivered,adr_from0001,Goodwill E-Com (test),Goodwill Michiana (test),100 Test Warehouse Rd,,South Bend,IN,46601,US,false,adr_to000663,Test Buyer,,664 Example Ave,,Fakeport,IL,60601,US,true,prcl_000663,10,8,4,11.2,,2026-08-11T16:33:35Z,rate_000663,GroundAdvantage,USPS,21.60,,false,,SGW-7714625,0.00,21.60,0.00,"[{""label_format"":""PDF""},{""print_custom_1"":""ecom""}]",
2026-08-11T16:33:42Z,shp_00006072,9400100000000000006072,delivered,adr_from0001,Goodwill E-Com (test),Goodwill Michiana (test),100 Test Warehouse Rd,,South Bend,IN,46601,US,false,adr_to000664,Test Buyer,,665 Example Ave,,Testville,IN,46601,US,true,prcl_000664,10,8,4,12.8,,2026-08-11T16:33:43Z,rate_000664,GroundAdvantage,USPS,7.98,,false,,SGW-7714604,0.00,7.98,0.00,"[{""label_format"":""PDF""},{""print_custom_1"":""ecom""}]",
2026-08-11T16:52:37Z,shp_00006065,9400100000000000006065,delivered,adr_from0001,Goodwill E-Com (test),Goodwill Michiana (test),100 Test Warehouse Rd,,South Bend,IN,46601,US,false,adr_to000665,Test Buyer,,666 Example Ave,,Sampleton,OH,43004,US,true,prcl_000665,10,8,4,36.8,,2026-08-11T16:52:38Z,rate_000665,GroundAdvantage,USPS,15.40,,false,,SGW-7714597,0.00,15.40,0.00,"[{""label_format"":""PDF""},{""print_custom_1"":""ecom""}]",
2026-08-11T16:59:25Z,shp_00006073,9400100000000000006073,in_transit,adr_from0001,Goodwill E-Com (test),Goodwill Michiana (test),100 Test Warehouse Rd,,South Bend,IN,46601,US,false,adr_to000666,Test Buyer,,667 Example Ave,,Mocksburg,MI,49001,US,true,prcl_000666,10,8,4,46.4,,2026-08-11T16:59:26Z,rate_000666,GroundAdvantage,USPS,20.26,,false,,SGW-7714605,0.00,20.26,0.00,"[{""label_format"":""PDF""},{""print_custom_1"":""ecom""}]",
2026-08-11T17:02:31Z,shp_00006093,9400100000000000006093,delivered,adr_from0001,Goodwill E-Com (test),Goodwill Michiana (test),100 Test Warehouse Rd,,South Bend,IN,46601,US,false,adr_to000667,Test Buyer,,668 Example Ave,,Fakeport,IL,60601,US,true,prcl_000667,10,8,4,27.2,,2026-08-11T17:02:32Z,rate_000667,Priority,USPS,3.36,,false,,113-0514644-4969969,0.00,3.36,0.00,"[{""label_format"":""PDF""},{""print_custom_1"":""ecom""}]",
2026-08-11T17:17:57Z,shp_00005952,9400100000000000005952,delivered,adr_from0001,Goodwill E-Com (test),Goodwill Michiana (test),100 Test Warehouse Rd,,South Bend,IN,46601,US,false,adr_to000668,Test Buyer,,669 Example Ave,,Testville,IN,46601,US,true,prcl_000668,10,8,4,19.2,,2026-08-11T17:17:58Z,rate_000668,Priority,USPS,5.01,,false,,112-4614315-3787405,0.00,5.01,0.00,"[{""label_format"":""PDF""},{""print_custom_1"":""ecom""}]",
2026-08-11T17:21:00Z,shp_00006089,9400100000000000006089,delivered,adr_from0001,Goodwill E-Com (test),Goodwill Michiana (test),100 Test Warehouse Rd,,South Bend,IN,46601,US,false,adr_to000669,Test Buyer,,670 Example Ave,,Sampleton,OH,43004,US,true,prcl_000669,10,8,4,27.2,,2026-08-11T17:21:01Z,rate_000669,GroundAdvantage,USPS,3.61,,false,,111-3014637-8033741,0.00,3.61,0.00,"[{""label_format"":""PDF""},{""print_custom_1"":""ecom""}]",
2026-08-11T17:23:00Z,shp_00006078,9400100000000000006078,delivered,adr_from0001,Goodwill E-Com (test),Goodwill Michiana (test),100 Test Warehouse Rd,,South Bend,IN,46601,US,false,adr_to000670,Test Buyer,,671 Example Ave,,Mocksburg,MI,49001,US,true,prcl_000670,10,8,4,22.4,,2026-08-11T17:23:01Z,rate_000670,GroundAdvantage,USPS,7.36,,false,,SGW-7714613,0.00,7.36,0.00,"[{""label_format"":""PDF""},{""print_custom_1"":""ecom""}]",
2026-08-11T17:35:51Z,shp_00006004,9400100000000000006004,delivered,adr_from0001,Goodwill E-Com (test),Goodwill Michiana (test),100 Test Warehouse Rd,,South Bend,IN,46601,US,false,adr_to000671,Test Buyer,,672 Example Ave,,Fakeport,IL,60601,US,true,prcl_000671,10,8,4,22.4,,2026-08-11T17:35:52Z,rate_000671,GroundAdvantage,USPS,13.39,,false,,SGW-7714455,0.00,13.39,0.00,"[{""label_format"":""PDF""},{""print_custom_1"":""ecom""}]",
2026-08-11T17:43:41Z,shp_00006059,9400100000000000006059,delivered,adr_from0001,Goodwill E-Com (test),Goodwill Michiana (test),100 Test Warehouse Rd,,South Bend,IN,46601,US,false,adr_to000672,Test Buyer,,673 Example Ave,,Testville,IN,46601,US,true,prcl_000672,10,8,4,14.4,,2026-08-11T17:43:42Z,rate_000672,Priority,USPS,11.71,,false,,SGW-7714581,0.00,11.71,0.00,"[{""label_format"":""PDF""},{""print_custom_1"":""ecom""}]",
2026-08-11T17:49:40Z,shp_00006058,9400100000000000006058,delivered,adr_from0001,Goodwill E-Com (test),Goodwill Michiana (test),100 Test Warehouse Rd,,South Bend,IN,46601,US,false,adr_to000673,Test Buyer,,674 Example Ave,,Sampleton,OH,43004,US,true,prcl_000673,10,8,4,17.6,,2026-08-11T17:49:41Z,rate_000673,GroundAdvantage,USPS,11.26,,false,,SGW-7714580,0.00,11.26,0.00,"[{""label_format"":""PDF""},{""print_custom_1"":""ecom""}]",
2026-08-11T17:50:32Z,shp_00006075,9400100000000000006075,delivered,adr_from0001,Goodwill E-Com (test),Goodwill Michiana (test),100 Test Warehouse Rd,,South Bend,IN,46601,US,false,adr_to000674,Test Buyer,,675 Example Ave,,Mocksburg,MI,49001,US,true,prcl_000674,10,8,4,14.4,,2026-08-11T17:50:33Z,rate_000674,GroundAdvantage,USPS,5.12,,false,,SGW-7714607,0.00,5.12,0.00,"[{""label_format"":""PDF""},{""print_custom_1"":""ecom""}]",
2026-08-11T17:58:47Z,shp_00006115,9400100000000000006115,in_transit,adr_from0001,Goodwill E-Com (test),Goodwill Michiana (test),100 Test Warehouse Rd,,South Bend,IN,46601,US,false,adr_to000675,Test Buyer,,676 Example Ave,,Fakeport,IL,60601,US,true,prcl_000675,10,8,4,41.6,,2026-08-11T17:58:48Z,rate_000675,GroundAdvantage,USPS,6.20,,false,,26-14684-64529,0.00,6.20,0.00,"[{""label_format"":""PDF""},{""print_custom_1"":""ecom""}]",
2026-08-11T18:12:24Z,shp_00006035,9400100000000000006035,delivered,adr_from0001,Goodwill E-Com (test),Goodwill Michiana (test),100 Test Warehouse Rd,,South Bend,IN,46601,US,false,adr_to000676,Test Buyer,,677 Example Ave,,Testville,IN,46601,US,true,prcl_000676,10,8,4,16.0,,2026-08-11T18:12:25Z,rate_000676,GroundAdvantage,USPS,3.72,,false,,112-1114519-2121232,0.00,3.72,0.00,"[{""label_format"":""PDF""},{""print_custom_1"":""ecom""}]",
2026-08-11T18:15:25Z,shp_00006008,9400100000000000006008,delivered,adr_from0001,Goodwill E-Com (test),Goodwill Michiana (test),100 Test Warehouse Rd,,South Bend,IN,46601,US,false,adr_to000677,Test Buyer,,678 Example Ave,,Sampleton,OH,43004,US,true,prcl_000677,10,8,4,35.2,,2026-08-11T18:15:26Z,rate_000677,GroundAdvantage,USPS,9.04,,false,,SGW-7714470,0.00,9.04,0.00,"[{""label_format"":""PDF""},{""print_custom_1"":""ecom""}]",
2026-08-11T18:21:24Z,shp_00005963,9400100000000000005963,delivered,adr_from0001,Goodwill E-Com (test),Goodwill Michiana (test),100 Test Warehouse Rd,,South Bend,IN,46601,US,false,adr_to000678,Test Buyer,,679 Example Ave,,Mocksburg,MI,49001,US,true,prcl_000678,10,8,4,54.4,,2026-08-11T18:21:25Z,rate_000678,GroundAdvantage,USPS,7.17,,false,,11-14337-89333,0.00,7.17,0.00,"[{""label_format"":""PDF""},{""print_custom_1"":""ecom""}]",
2026-08-11T18:34:17Z,shp_00006076,9400100000000000006076,unknown,adr_from0001,Goodwill E-Com (test),Goodwill Michiana (test),100 Test Warehouse Rd,,South Bend,IN,46601,US,false,adr_to000679,Test Buyer,,680 Example Ave,,Fakeport,IL,60601,US,true,prcl_000679,10,8,4,11.2,,2026-08-11T18:34:18Z,rate_000679,GroundAdvantage,USPS,10.24,,false,refunded,SGW-7714609,0.00,10.24,0.00,"[{""label_format"":""PDF""},{""print_custom_1"":""ecom""}]",
2026-08-11T18:41:14Z,shp_00006092,9400100000000000006092,delivered,adr_from0001,Goodwill E-Com (test),Goodwill Michiana (test),100 Test Warehouse Rd,,South Bend,IN,46601,US,false,adr_to000680,Test Buyer,,681 Example Ave,,Testville,IN,46601,US,true,prcl_000680,10,8,4,11.2,,2026-08-11T18:41:15Z,rate_000680,GroundAdvantage,USPS,3.77,,false,,112-9914643-3576422,0.00,3.77,0.00,"[{""label_format"":""PDF""},{""print_custom_1"":""ecom""}]",
2026-08-11T18:51:50Z,shp_00006062,9400100000000000006062,delivered,adr_from0001,Goodwill E-Com (test),Goodwill Michiana (test),100 Test Warehouse Rd,,South Bend,IN,46601,US,false,adr_to000681,Test Buyer,,682 Example Ave,,Sampleton,OH,43004,US,true,prcl_000681,10,8,4,35.2,,2026-08-11T18:51:51Z,rate_000681,GroundAdvantage,USPS,9.86,,false,,SGW-7714587,0.00,9.86,0.00,"[{""label_format"":""PDF""},{""print_custom_1"":""ecom""}]",
2026-08-11T19:02:01Z,shp_00005994,9400100000000000005994,delivered,adr_from0001,Goodwill E-Com (test),Goodwill Michiana (test),100 Test Warehouse Rd,,South Bend,IN,46601,US,false,adr_to000682,Test Buyer,,683 Example Ave,,Mocksburg,MI,49001,US,true,prcl_000682,10,8,4,59.2,,2026-08-11T19:02:02Z,rate_000682,GroundAdvantage,USPS,11.68,,false,,SGW-7714426,0.00,11.68,0.00,"[{""label_format"":""PDF""},{""print_custom_1"":""ecom""}]",
2026-08-11T19:08:55Z,shp_00006074,9400100000000000006074,delivered,adr_from0001,Goodwill E-Com (test),Goodwill Michiana (test),100 Test Warehouse Rd,,South Bend,IN,46601,US,false,adr_to000683,Test Buyer,,684 Example Ave,,Fakeport,IL,60601,US,true,prcl_000683,10,8,4,33.6,,2026-08-11T19:08:56Z,rate_000683,GroundAdvantage,USPS,10.18,,false,,SGW-7714606,0.00,10.18,0.00,"[{""label_format"":""PDF""},{""print_custom_1"":""ecom""}]",
2026-08-11T19:21:54Z,shp_00006061,9400100000000000006061,unknown,adr_from0001,Goodwill E-Com (test),Goodwill Michiana (test),100 Test Warehouse Rd,,South Bend,IN,46601,US,false,adr_to000684,Test Buyer,,685 Example Ave,,Testville,IN,46601,US,true,prcl_000684,10,8,4,14.4,,2026-08-11T19:21:55Z,rate_000684,GroundAdvantage,USPS,11.63,,false,refunded,SGW-7714586,0.00,11.63,0.00,"[{""label_format"":""PDF""},{""print_custom_1"":""ecom""}]",
2026-08-11T19:24:02Z,shp_00006068,9400100000000000006068,delivered,adr_from0001,Goodwill E-Com (test),Goodwill Michiana (test),100 Test Warehouse Rd,,South Bend,IN,46601,US,false,adr_to000685,Test Buyer,,686 Example Ave,,Sampleton,OH,43004,US,true,prcl_000685,10,8,4,11.2,,2026-08-11T19:24:03Z,rate_000685,Priority,USPS,10.01,,false,,SGW-7714600,0.00,10.01,0.00,"[{""label_format"":""PDF""},{""print_custom_1"":""ecom""}]",
2026-08-11T19:31:42Z,shp_00006067,9400100000000000006067,delivered,adr_from0001,Goodwill E-Com (test),Goodwill Michiana (test),100 Test Warehouse Rd,,South Bend,IN,46601,US,false,adr_to000686,Test Buyer,,687 Example Ave,,Mocksburg,MI,49001,US,true,prcl_000686,10,8,4,57.6,,2026-08-11T19:31:43Z,rate_000686,GroundAdvantage,USPS,9.63,,false,,SGW-7714599,0.00,9.63,0.00,"[{""label_format"":""PDF""},{""print_custom_1"":""ecom""}]",
2026-08-11T19:38:05Z,shp_00006090,9400100000000000006090,delivered,adr_from0001,Goodwill E-Com (test),Goodwill Michiana (test),100 Test Warehouse Rd,,South Bend,IN,46601,US,false,adr_to000687,Test Buyer,,688 Example Ave,,Fakeport,IL,60601,US,true,prcl_000687,10,8,4,28.8,,2026-08-11T19:38:06Z,rate_000687,Priority,USPS,5.14,,false,,113-0114639-1512826,0.00,5.14,0.00,"[{""label_format"":""PDF""},{""print_custom_1"":""ecom""}]",
2026-08-11T19:49:28Z,shp_00006117,9400100000000000006117,delivered,adr_from0001,Goodwill E-Com (test),Goodwill Michiana (test),100 Test Warehouse Rd,,South Bend,IN,46601,US,false,adr_to000688,Test Buyer,,689 Example Ave,,Testville,IN,46601,US,true,prcl_000688,10,8,4,54.4,,2026-08-11T19:49:29Z,rate_000688,GroundAdvantage,USPS,5.00,,false,,13-14699-64413,0.00,5.00,0.00,"[{""label_format"":""PDF""},{""print_custom_1"":""ecom""}]",
2026-08-11T19:57:59Z,shp_00006055,9400100000000000006055,delivered,adr_from0001,Goodwill E-Com (test),Goodwill Michiana (test),100 Test Warehouse Rd,,South Bend,IN,46601,US,false,adr_to000689,Test Buyer,,690 Example Ave,,Sampleton,OH,43004,US,true,prcl_000689,10,8,4,41.6,,2026-08-11T19:58:00Z,rate_000689,GroundAdvantage,USPS,8.45,,false,,SGW-7714574,0.00,8.45,0.00,"[{""label_format"":""PDF""},{""print_custom_1"":""ecom""}]",
2026-08-11T19:58:03Z,shp_00006043,9400100000000000006043,delivered,adr_from0001,Goodwill E-Com (test),Goodwill Michiana (test),100 Test Warehouse Rd,,South Bend,IN,46601,US,false,adr_to000690,Test Buyer,,691 Example Ave,,Mocksburg,MI,49001,US,true,prcl_000690,10,8,4,33.6,,2026-08-11T19:58:04Z,rate_000690,Priority,USPS,4.38,,false,,17-14534-04574,0.00,4.38,0.00,"[{""label_format"":""PDF""},{""print_custom_1"":""ecom""}]",
2026-08-11T20:19:43Z,shp_00006034,9400100000000000006034,delivered,adr_from0001,Goodwill E-Com (test),Goodwill Michiana (test),100 Test Warehouse Rd,,South Bend,IN,46601,US,false,adr_to000691,Test Buyer,,692 Example Ave,,Fakeport,IL,60601,US,true,prcl_000691,10,8,4,52.8,,2026-08-11T20:19:44Z,rate_000691,GroundAdvantage,USPS,5.82,,false,,112-4214518-8242596,0.00,5.82,0.00,"[{""label_format"":""PDF""},{""print_custom_1"":""ecom""}]",
2026-08-11T20:24:42Z,shp_00006111,9400100000000000006111,delivered,adr_from0001,Goodwill E-Com (test),Goodwill Michiana (test),100 Test Warehouse Rd,,South Bend,IN,46601,US,false,adr_to000692,Test Buyer,,693 Example Ave,,Testville,IN,46601,US,true,prcl_000692,10,8,4,9.6,,2026-08-11T20:24:43Z,rate_000692,GroundAdvantage,USPS,3.82,,false,,114-8214669-6342434,0.00,3.82,0.00,"[{""label_format"":""PDF""},{""print_custom_1"":""ecom""}]",
2026-08-11T20:27:22Z,shp_00006056,9400100000000000006056,in_transit,adr_from0001,Goodwill E-Com (test),Goodwill Michiana (test),100 Test Warehouse Rd,,South Bend,IN,46601,US,false,adr_to000693,Test Buyer,,694 Example Ave,,Sampleton,OH,43004,US,true,prcl_000693,10,8,4,12.8,,2026-08-11T20:27:23Z,rate_000693,Priority,USPS,8.66,,false,,SGW-7714578,0.00,8.66,0.00,"[{""label_format"":""PDF""},{""print_custom_1"":""ecom""}]",
2026-08-11T20:28:30Z,shp_00006099,9400100000000000006099,delivered,adr_from0001,Goodwill E-Com (test),Goodwill Michiana (test),100 Test Warehouse Rd,,South Bend,IN,46601,US,false,adr_to000694,Test Buyer,,695 Example Ave,,Mocksburg,MI,49001,US,true,prcl_000694,10,8,4,19.2,,2026-08-11T20:28:31Z,rate_000694,GroundAdvantage,USPS,3.48,,false,,114-2114654-2839879,0.00,3.48,0.00,"[{""label_format"":""PDF""},{""print_custom_1"":""ecom""}]",
2026-08-11T20:31:20Z,shp_00006110,9400100000000000006110,delivered,adr_from0001,Goodwill E-Com (test),Goodwill Michiana (test),100 Test Warehouse Rd,,South Bend,IN,46601,US,false,adr_to000695,Test Buyer,,696 Example Ave,,Fakeport,IL,60601,US,true,prcl_000695,10,8,4,27.2,,2026-08-11T20:31:21Z,rate_000695,GroundAdvantage,USPS,3.75,,false,,112-3614668-4956785,0.00,3.75,0.00,"[{""label_format"":""PDF""},{""print_custom_1"":""ecom""}]",
2026-08-11T20:50:15Z,shp_00006091,9400100000000000006091,delivered,adr_from0001,Goodwill E-Com (test),Goodwill Michiana (test),100 Test Warehouse Rd,,South Bend,IN,46601,US,false,adr_to000696,Test Buyer,,697 Example Ave,,Testville,IN,46601,US,true,prcl_000696,10,8,4,24.0,,2026-08-11T20:50:16Z,rate_000696,GroundAdvantage,USPS,3.42,,false,,113-4914641-1473914,0.00,3.42,0.00,"[{""label_format"":""PDF""},{""print_custom_1"":""ecom""}]",
2026-08-11T20:51:19Z,shp_00006002,9400100000000000006002,delivered,adr_from0001,Goodwill E-Com (test),Goodwill Michiana (test),100 Test Warehouse Rd,,South Bend,IN,46601,US,false,adr_to000697,Test Buyer,,698 Example Ave,,Sampleton,OH,43004,US,true,prcl_000697,10,8,4,49.6,,2026-08-11T20:51:20Z,rate_000697,Priority,USPS,10.61,,false,,SGW-7714449,0.00,10.61,0.00,"[{""label_format"":""PDF""},{""print_custom_1"":""ecom""}]",
2026-08-11T20:54:25Z,shp_00006104,9400100000000000006104,delivered,adr_from0001,Goodwill E-Com (test),Goodwill Michiana (test),100 Test Warehouse Rd,,South Bend,IN,46601,US,false,adr_to000698,Test Buyer,,699 Example Ave,,Mocksburg,MI,49001,US,true,prcl_000698,10,8,4,24.0,,2026-08-11T20:54:26Z,rate_000698,GroundAdvantage,USPS,5.86,,false,,113-9414660-4472585,0.00,5.86,0.00,"[{""label_format"":""PDF""},{""print_custom_1"":""ecom""}]",
2026-08-12T13:01:34Z,shp_00006127,9400100000000000006127,delivered,adr_from0001,Goodwill E-Com (test),Goodwill Michiana (test),100 Test Warehouse Rd,,South Bend,IN,46601,US,false,adr_to000699,Test Buyer,,700 Example Ave,,Fakeport,IL,60601,US,true,prcl_000699,10,8,4,28.8,,2026-08-12T13:01:35Z,rate_000699,GroundAdvantage,USPS,9.32,,false,,SGW-7714742,0.00,9.32,0.00,"[{""label_format"":""PDF""},{""print_custom_1"":""ecom""}]",
2026-08-12T13:03:40Z,shp_00006096,9400100000000000006096,delivered,adr_from0001,Goodwill E-Com (test),Goodwill Michiana (test),100 Test Warehouse Rd,,South Bend,IN,46601,US,false,adr_to000700,Test Buyer,,701 Example Ave,,Testville,IN,46601,US,true,prcl_000700,10,8,4,32.0,,2026-08-12T13:03:41Z,rate_000700,GroundAdvantage,USPS,3.66,,false,,112-8414651-7268159,0.00,3.66,0.00,"[{""label_format"":""PDF""},{""print_custom_1"":""ecom""}]",
2026-08-12T13:10:09Z,shp_00006130,9400100000000000006130,delivered,adr_from0001,Goodwill E-Com (test),Goodwill Michiana (test),100 Test Warehouse Rd,,South Bend,IN,46601,US,false,adr_to000701,Test Buyer,,702 Example Ave,,Sampleton,OH,43004,US,true,prcl_000701,10,8,4,72.0,,2026-08-12T13:10:10Z,rate_000701,GroundAdvantage,USPS,9.46,,false,,SGW-7714754,0.00,9.46,0.00,"[{""label_format"":""PDF""},{""print_custom_1"":""ecom""}]",
2026-08-12T13:19:51Z,shp_00006173,9400100000000000006173,in_transit,adr_from0001,Goodwill E-Com (test),Goodwill Michiana (test),100 Test Warehouse Rd,,South Bend,IN,46601,US,false,adr_to000702,Test Buyer,,703 Example Ave,,Mocksburg,MI,49001,US,true,prcl_000702,10,8,4,38.4,,2026-08-12T13:19:52Z,rate_000702,GroundAdvantage,USPS,8.13,,false,,14-14839-56990,0.00,8.13,0.00,"[{""label_format"":""PDF""},{""print_custom_1"":""ecom""}]",
2026-08-12T13:40:51Z,shp_00006166,9400100000000000006166,delivered,adr_from0001,Goodwill E-Com (test),Goodwill Michiana (test),100 Test Warehouse Rd,,South Bend,IN,46601,US,false,adr_to000703,Test Buyer,,704 Example Ave,,Fakeport,IL,60601,US,true,prcl_000703,10,8,4,52.8,,2026-08-12T13:40:52Z,rate_000703,GroundAdvantage,USPS,5.11,,false,,111-9314824-3294453,0.00,5.11,0.00,"[{""label_format"":""PDF""},{""print_custom_1"":""ecom""}]",
2026-08-12T13:57:02Z,shp_00006077,9400100000000000006077,delivered,adr_from0001,Goodwill E-Com (test),Goodwill Michiana (test),100 Test Warehouse Rd,,South Bend,IN,46601,US,false,adr_to000704,Test Buyer,,705 Example Ave,,Testville,IN,46601,US,true,prcl_000704,10,8,4,36.8,,2026-08-12T13:57:03Z,rate_000704,GroundAdvantage,USPS,11.24,,false,,SGW-7714611,0.00,11.24,0.00,"[{""label_format"":""PDF""},{""print_custom_1"":""ecom""}]",
2026-08-12T14:11:08Z,shp_00006154,9400100000000000006154,delivered,adr_from0001,Goodwill E-Com (test),Goodwill Michiana (test),100 Test Warehouse Rd,,South Bend,IN,46601,US,false,adr_to000705,Test Buyer,,706 Example Ave,,Sampleton,OH,43004,US,true,prcl_000705,10,8,4,46.4,,2026-08-12T14:11:09Z,rate_000705,GroundAdvantage,USPS,3.83,,false,,112-7514803-7059091,0.00,3.83,0.00,"[{""label_format"":""PDF""},{""print_custom_1"":""ecom""}]",
2026-08-12T14:17:25Z,shp_00006144,9400100000000000006144,delivered,adr_from0001,Goodwill E-Com (test),Goodwill Michiana (test),100 Test Warehouse Rd,,South Bend,IN,46601,US,false,adr_to000706,Test Buyer,,707 Example Ave,,Mocksburg,MI,49001,US,true,prcl_000706,10,8,4,43.2,,2026-08-12T14:17:26Z,rate_000706,GroundAdvantage,USPS,10.85,,false,,SGW-7714785,0.00,10.85,0.00,"[{""label_format"":""PDF""},{""print_custom_1"":""ecom""}]",
2026-08-12T14:23:57Z,shp_00006150,9400100000000000006150,delivered,adr_from0001,Goodwill E-Com (test),Goodwill Michiana (test),100 Test Warehouse Rd,,South Bend,IN,46601,US,false,adr_to000707,Test Buyer,,708 Example Ave,,Fakeport,IL,60601,US,true,prcl_000707,10,8,4,36.8,,2026-08-12T14:23:58Z,rate_000707,GroundAdvantage,USPS,5.10,,false,,113-4514794-6117715,0.00,5.10,0.00,"[{""label_format"":""PDF""},{""print_custom_1"":""ecom""}]",
2026-08-12T14:49:47Z,shp_00006132,9400100000000000006132,delivered,adr_from0001,Goodwill E-Com (test),Goodwill Michiana (test),100 Test Warehouse Rd,,South Bend,IN,46601,US,false,adr_to000708,Test Buyer,,709 Example Ave,,Testville,IN,46601,US,true,prcl_000708,10,8,4,9.6,,2026-08-12T14:49:48Z,rate_000708,GroundAdvantage,USPS,9.94,,false,,SGW-7714759,0.00,9.94,0.00,"[{""label_format"":""PDF""},{""print_custom_1"":""ecom""}]",
2026-08-12T14:50:56Z,shp_00006142,9400100000000000006142,delivered,adr_from0001,Goodwill E-Com (test),Goodwill Michiana (test),100 Test Warehouse Rd,,South Bend,IN,46601,US,false,adr_to000709,Test Buyer,,710 Example Ave,,Sampleton,OH,43004,US,true,prcl_000709,10,8,4,11.2,,2026-08-12T14:50:57Z,rate_000709,GroundAdvantage,USPS,10.40,,false,,SGW-7714781,0.00,10.40,0.00,"[{""label_format"":""PDF""},{""print_custom_1"":""ecom""}]",
2026-08-12T14:57:28Z,shp_00006103,9400100000000000006103,delivered,adr_from0001,Goodwill E-Com (test),Goodwill Michiana (test),100 Test Warehouse Rd,,South Bend,IN,46601,US,false,adr_to000710,Test Buyer,,711 Example Ave,,Mocksburg,MI,49001,US,true,prcl_000710,10,8,4,22.4,,2026-08-12T14:57:29Z,rate_000710,Priority,USPS,3.60,,false,,114-1214659-5395751,0.00,3.60,0.00,"[{""label_format"":""PDF""},{""print_custom_1"":""ecom""}]",
2026-08-12T15:07:03Z,shp_00006070,9400100000000000006070,in_transit,adr_from0001,Goodwill E-Com (test),Goodwill Michiana (test),100 Test Warehouse Rd,,South Bend,IN,46601,US,false,adr_to000711,Test Buyer,,712 Example Ave,,Fakeport,IL,60601,US,true,prcl_000711,10,8,4,8.0,,2026-08-12T15:07:04Z,rate_000711,Priority,USPS,11.36,,false,,SGW-7714602,0.00,11.36,0.00,"[{""label_format"":""PDF""},{""print_custom_1"":""ecom""}]",
2026-08-12T15:11:43Z,shp_00006145,9400100000000000006145,delivered,adr_from0001,Goodwill E-Com (test),Goodwill Michiana (test),100 Test Warehouse Rd,,South Bend,IN,46601,US,false,adr_to000712,Test Buyer,,713 Example Ave,,Testville,IN,46601,US,true,prcl_000712,10,8,4,38.4,,2026-08-12T15:11:44Z,rate_000712,GroundAdvantage,USPS,9.63,,false,,SGW-7714788,0.00,9.63,0.00,"[{""label_format"":""PDF""},{""print_custom_1"":""ecom""}]",
2026-08-12T15:19:04Z,shp_00006151,9400100000000000006151,delivered,adr_from0001,Goodwill E-Com (test),Goodwill Michiana (test),100 Test Warehouse Rd,,South Bend,IN,46601,US,false,adr_to000713,Test Buyer,,714 Example Ave,,Sampleton,OH,43004,US,true,prcl_000713,10,8,4,56.0,,2026-08-12T15:19:05Z,rate_000713,GroundAdvantage,USPS,3.47,,false,,111-5214795-6444563,0.00,3.47,0.00,"[{""label_format"":""PDF""},{""print_custom_1"":""ecom""}]",
2026-08-12T15:24:00Z,shp_00006123,9400100000000000006123,delivered,adr_from0001,Goodwill E-Com (test),Goodwill Michiana (test),100 Test Warehouse Rd,,South Bend,IN,46601,US,false,adr_to000714,Test Buyer,,715 Example Ave,,Mocksburg,MI,49001,US,true,prcl_000714,10,8,4,8.0,,2026-08-12T15:24:01Z,rate_000714,GroundAdvantage,USPS,10.25,,false,,SGW-7714736,0.00,10.25,0.00,"[{""label_format"":""PDF""},{""print_custom_1"":""ecom""}]",
2026-08-12T15:28:54Z,shp_00006064,9400100000000000006064,delivered,adr_from0001,Goodwill E-Com (test),Goodwill Michiana (test),100 Test Warehouse Rd,,South Bend,IN,46601,US,false,adr_to000715,Test Buyer,,716 Example Ave,,Fakeport,IL,60601,US,true,prcl_000715,10,8,4,17.6,,2026-08-12T15:28:55Z,rate_000715,GroundAdvantage,USPS,8.24,,false,,SGW-7714596,0.00,8.24,0.00,"[{""label_format"":""PDF""},{""print_custom_1"":""ecom""}]",
2026-08-12T15:34:29Z,shp_00006163,9400100000000000006163,delivered,adr_from0001,Goodwill E-Com (test),Goodwill Michiana (test),100 Test Warehouse Rd,,South Bend,IN,46601,US,false,adr_to000716,Test Buyer,,717 Example Ave,,Testville,IN,46601,US,true,prcl_000716,10,8,4,67.2,,2026-08-12T15:34:30Z,rate_000716,Priority,USPS,3.88,,false,,111-5114821-0258086,0.00,3.88,0.00,"[{""label_format"":""PDF""},{""print_custom_1"":""ecom""}]",
2026-08-12T16:07:11Z,shp_00006155,9400100000000000006155,delivered,adr_from0001,Goodwill E-Com (test),Goodwill Michiana (test),100 Test Warehouse Rd,,South Bend,IN,46601,US,false,adr_to000717,Test Buyer,,718 Example Ave,,Sampleton,OH,43004,US,true,prcl_000717,10,8,4,33.6,,2026-08-12T16:07:12Z,rate_000717,GroundAdvantage,USPS,3.56,,false,,111-3614804-0986637,0.00,3.56,0.00,"[{""label_format"":""PDF""},{""print_custom_1"":""ecom""}]",
2026-08-12T16:08:58Z,shp_00006107,9400100000000000006107,delivered,adr_from0001,Goodwill E-Com (test),Goodwill Michiana (test),100 Test Warehouse Rd,,South Bend,IN,46601,US,false,adr_to000718,Test Buyer,,719 Example Ave,,Mocksburg,MI,49001,US,true,prcl_000718,10,8,4,22.4,,2026-08-12T16:08:59Z,rate_000718,GroundAdvantage,USPS,4.96,,false,,112-2214665-1124975,0.00,4.96,0.00,"[{""label_format"":""PDF""},{""print_custom_1"":""ecom""}]",
2026-08-12T16:27:05Z,shp_00006143,9400100000000000006143,delivered,adr_from0001,Goodwill E-Com (test),Goodwill Michiana (test),100 Test Warehouse Rd,,South Bend,IN,46601,US,false,adr_to000719,Test Buyer,,720 Example Ave,,Fakeport,IL,60601,US,true,prcl_000719,10,8,4,25.6,,2026-08-12T16:27:06Z,rate_000719,GroundAdvantage,USPS,6.81,,false,,SGW-7714783,0.00,6.81,0.00,"[{""label_format"":""PDF""},{""print_custom_1"":""ecom""}]",
2026-08-12T16:27:55Z,shp_00006165,9400100000000000006165,in_transit,adr_from0001,Goodwill E-Com (test),Goodwill Michiana (test),100 Test Warehouse Rd,,South Bend,IN,46601,US,false,adr_to000720,Test Buyer,,721 Example Ave,,Testville,IN,46601,US,true,prcl_000720,10,8,4,17.6,,2026-08-12T16:27:56Z,rate_000720,GroundAdvantage,USPS,5.05,,false,,112-4214823-2897589,0.00,5.05,0.00,"[{""label_format"":""PDF""},{""print_custom_1"":""ecom""}]",
2026-08-12T16:34:21Z,shp_00006161,9400100000000000006161,delivered,adr_from0001,Goodwill E-Com (test),Goodwill Michiana (test),100 Test Warehouse Rd,,South Bend,IN,46601,US,false,adr_to000721,Test Buyer,,722 Example Ave,,Sampleton,OH,43004,US,true,prcl_000721,10,8,4,16.0,,2026-08-12T16:34:22Z,rate_000721,GroundAdvantage,USPS,3.69,,false,,114-4414817-5071910,0.00,3.69,0.00,"[{""label_format"":""PDF""},{""print_custom_1"":""ecom""}]",
2026-08-12T16:42:34Z,shp_00006012,9400100000000000006012,delivered,adr_from0001,Goodwill E-Com (test),Goodwill Michiana (test),100 Test Warehouse Rd,,South Bend,IN,46601,US,false,adr_to000722,Test Buyer,,723 Example Ave,,Mocksburg,MI,49001,US,true,prcl_000722,10,8,4,19.2,,2026-08-12T16:42:35Z,rate_000722,GroundAdvantage,USPS,3.28,,false,,114-3114474-9929099,0.00,3.28,0.00,"[{""label_format"":""PDF""},{""print_custom_1"":""ecom""}]",
2026-08-12T16:48:11Z,shp_00006141,9400100000000000006141,delivered,adr_from0001,Goodwill E-Com (test),Goodwill Michiana (test),100 Test Warehouse Rd,,South Bend,IN,46601,US,false,adr_to000723,Test Buyer,,724 Example Ave,,Fakeport,IL,60601,US,true,prcl_000723,10,8,4,35.2,,2026-08-12T16:48:12Z,rate_000723,GroundAdvantage,USPS,8.06,,false,,SGW-7714779,0.00,8.06,0.00,"[{""label_format"":""PDF""},{""print_custom_1"":""ecom""}]",
2026-08-12T16:52:59Z,shp_00006169,9400100000000000006169,delivered,adr_from0001,Goodwill E-Com (test),Goodwill Michiana (test),100 Test Warehouse Rd,,South Bend,IN,46601,US,false,adr_to000724,Test Buyer,,725 Example Ave,,Testville,IN,46601,US,true,prcl_000724,10,8,4,32.0,,2026-08-12T16:53:00Z,rate_000724,GroundAdvantage,USPS,3.66,,false,,113-5014827-7750497,0.00,3.66,0.00,"[{""label_format"":""PDF""},{""print_custom_1"":""ecom""}]",
2026-08-12T16:58:25Z,shp_00006126,9400100000000000006126,delivered,adr_from0001,Goodwill E-Com (test),Goodwill Michiana (test),100 Test Warehouse Rd,,South Bend,IN,46601,US,false,adr_to000725,Test Buyer,,726 Example Ave,,Sampleton,OH,43004,US,true,prcl_000725,10,8,4,104.0,,2026-08-12T16:58:26Z,rate_000725,GroundAdvantage,USPS,9.68,,false,,SGW-7714739,0.00,9.68,0.00,"[{""label_format"":""PDF""},{""print_custom_1"":""ecom""}]",
2026-08-12T17:04:12Z,shp_00006181,9400100000000000006181,delivered,adr_from0001,Goodwill E-Com (test),Goodwill Michiana (test),100 Test Warehouse Rd,,South Bend,IN,46601,US,false,adr_to000726,Test Buyer,,727 Example Ave,,Mocksburg,MI,49001,US,true,prcl_000726,10,8,4,30.4,,2026-08-12T17:04:13Z,rate_000726,GroundAdvantage,USPS,5.04,,false,,18-14857-53688,0.00,5.04,0.00,"[{""label_format"":""PDF""},{""print_custom_1"":""ecom""}]",
2026-08-12T17:04:28Z,shp_00006158,9400100000000000006158,delivered,adr_from0001,Goodwill E-Com (test),Goodwill Michiana (test),100 Test Warehouse Rd,,South Bend,IN,46601,US,false,adr_to000727,Test Buyer,,728 Example Ave,,Fakeport,IL,60601,US,true,prcl_000727,10,8,4,24.0,,2026-08-12T17:04:29Z,rate_000727,GroundAdvantage,USPS,3.90,,false,,112-6714811-6878539,0.00,3.90,0.00,"[{""label_format"":""PDF""},{""print_custom_1"":""ecom""}]",
2026-08-12T17:08:46Z,shp_00006178,9400100000000000006178,delivered,adr_from0001,Goodwill E-Com (test),Goodwill Michiana (test),100 Test Warehouse Rd,,South Bend,IN,46601,US,false,adr_to000728,Test Buyer,,729 Example Ave,,Testville,IN,46601,US,true,prcl_000728,10,8,4,17.6,,2026-08-12T17:08:47Z,rate_000728,GroundAdvantage,USPS,7.36,,false,,11-14848-50255,0.00,7.36,0.00,"[{""label_format"":""PDF""},{""print_custom_1"":""ecom""}]",
2026-08-12T17:19:23Z,shp_00006125,9400100000000000006125,in_transit,adr_from0001,Goodwill E-Com (test),Goodwill Michiana (test),100 Test Warehouse Rd,,South Bend,IN,46601,US,false,adr_to000729,Test Buyer,,730 Example Ave,,Sampleton,OH,43004,US,true,prcl_000729,10,8,4,8.0,,2026-08-12T17:19:24Z,rate_000729,GroundAdvantage,USPS,7.10,,false,,SGW-7714738,0.00,7.10,0.00,"[{""label_format"":""PDF""},{""print_custom_1"":""ecom""}]",
2026-08-12T17:21:44Z,shp_00006162,9400100000000000006162,delivered,adr_from0001,Goodwill E-Com (test),Goodwill Michiana (test),100 Test Warehouse Rd,,South Bend,IN,46601,US,false,adr_to000730,Test Buyer,,731 Example Ave,,Mocksburg,MI,49001,US,true,prcl_000730,10,8,4,43.2,,2026-08-12T17:21:45Z,rate_000730,GroundAdvantage,USPS,3.79,,false,,113-1814820-2087024,0.00,3.79,0.00,"[{""label_format"":""PDF""},{""print_custom_1"":""ecom""}]",
2026-08-12T17:24:34Z,shp_00006148,9400100000000000006148,delivered,adr_from0001,Goodwill E-Com (test),Goodwill Michiana (test),100 Test Warehouse Rd,,South Bend,IN,46601,US,false,adr_to000731,Test Buyer,,732 Example Ave,,Fakeport,IL,60601,US,true,prcl_000731,10,8,4,35.2,,2026-08-12T17:24:35Z,rate_000731,Priority,USPS,3.47,,false,,114-3514792-4484573,0.00,3.47,0.00,"[{""label_format"":""PDF""},{""print_custom_1"":""ecom""}]",
2026-08-12T17:29:04Z,shp_00006095,9400100000000000006095,delivered,adr_from0001,Goodwill E-Com (test),Goodwill Michiana (test),100 Test Warehouse Rd,,South Bend,IN,46601,US,false,adr_to000732,Test Buyer,,733 Example Ave,,Testville,IN,46601,US,true,prcl_000732,10,8,4,17.6,,2026-08-12T17:29:05Z,rate_000732,GroundAdvantage,USPS,3.72,,false,,114-8514648-4738688,0.00,3.72,0.00,"[{""label_format"":""PDF""},{""print_custom_1"":""ecom""}]",
2026-08-12T17:34:33Z,shp_00006131,9400100000000000006131,delivered,adr_from0001,Goodwill E-Com (test),Goodwill Michiana (test),100 Test Warehouse Rd,,South Bend,IN,46601,US,false,adr_to000733,Test Buyer,,734 Example Ave,,Sampleton,OH,43004,US,true,prcl_000733,10,8,4,17.6,,2026-08-12T17:34:34Z,rate_000733,GroundAdvantage,USPS,10.39,,false,,SGW-7714756,0.00,10.39,0.00,"[{""label_format"":""PDF""},{""print_custom_1"":""ecom""}]",
2026-08-12T17:52:44Z,shp_00006164,9400100000000000006164,delivered,adr_from0001,Goodwill E-Com (test),Goodwill Michiana (test),100 Test Warehouse Rd,,South Bend,IN,46601,US,false,adr_to000734,Test Buyer,,735 Example Ave,,Mocksburg,MI,49001,US,true,prcl_000734,10,8,4,20.8,,2026-08-12T17:52:45Z,rate_000734,GroundAdvantage,USPS,3.68,,false,,114-2114822-7681794,0.00,3.68,0.00,"[{""label_format"":""PDF""},{""print_custom_1"":""ecom""}]",
2026-08-12T18:03:49Z,shp_00006063,9400100000000000006063,delivered,adr_from0001,Goodwill E-Com (test),Goodwill Michiana (test),100 Test Warehouse Rd,,South Bend,IN,46601,US,false,adr_to000735,Test Buyer,,736 Example Ave,,Fakeport,IL,60601,US,true,prcl_000735,10,8,4,11.2,,2026-08-12T18:03:50Z,rate_000735,GroundAdvantage,USPS,8.58,,false,,SGW-7714590,0.00,8.58,0.00,"[{""label_format"":""PDF""},{""print_custom_1"":""ecom""}]",
2026-08-12T18:05:06Z,shp_00006102,9400100000000000006102,delivered,adr_from0001,Goodwill E-Com (test),Goodwill Michiana (test),100 Test Warehouse Rd,,South Bend,IN,46601,US,false,adr_to000736,Test Buyer,,737 Example Ave,,Testville,IN,46601,US,true,prcl_000736,10,8,4,19.2,,2026-08-12T18:05:07Z,rate_000736,GroundAdvantage,USPS,4.94,,false,,112-7614658-5564545,0.00,4.94,0.00,"[{""label_format"":""PDF""},{""print_custom_1"":""ecom""}]",
2026-08-12T18:12:32Z,shp_00006170,9400100000000000006170,delivered,adr_from0001,Goodwill E-Com (test),Goodwill Michiana (test),100 Test Warehouse Rd,,South Bend,IN,46601,US,false,adr_to000737,Test Buyer,,738 Example Ave,,Sampleton,OH,43004,US,true,prcl_000737,10,8,4,11.2,,2026-08-12T18:12:33Z,rate_000737,GroundAdvantage,USPS,3.54,,false,,112-9114829-0918373,0.00,3.54,0.00,"[{""label_format"":""PDF""},{""print_custom_1"":""ecom""}]",
2026-08-12T18:13:28Z,shp_00006066,9400100000000000006066,in_transit,adr_from0001,Goodwill E-Com (test),Goodwill Michiana (test),100 Test Warehouse Rd,,South Bend,IN,46601,US,false,adr_to000738,Test Buyer,,739 Example Ave,,Mocksburg,MI,49001,US,true,prcl_000738,10,8,4,28.8,,2026-08-12T18:13:29Z,rate_000738,GroundAdvantage,USPS,9.49,,false,,SGW-7714598,0.00,9.49,0.00,"[{""label_format"":""PDF""},{""print_custom_1"":""ecom""}]",
2026-08-12T18:18:18Z,shp_00006083,9400100000000000006083,delivered,adr_from0001,Goodwill E-Com (test),Goodwill Michiana (test),100 Test Warehouse Rd,,South Bend,IN,46601,US,false,adr_to000739,Test Buyer,,740 Example Ave,,Fakeport,IL,60601,US,true,prcl_000739,10,8,4,36.8,,2026-08-12T18:18:19Z,rate_000739,GroundAdvantage,USPS,11.48,,false,,SGW-7714621,0.00,11.48,0.00,"[{""label_format"":""PDF""},{""print_custom_1"":""ecom""}]",
2026-08-12T18:24:11Z,shp_00006159,9400100000000000006159,delivered,adr_from0001,Goodwill E-Com (test),Goodwill Michiana (test),100 Test Warehouse Rd,,South Bend,IN,46601,US,false,adr_to000740,Test Buyer,,741 Example Ave,,Testville,IN,46601,US,true,prcl_000740,10,8,4,38.4,,2026-08-12T18:24:12Z,rate_000740,GroundAdvantage,USPS,3.29,,false,,111-2514812-6541143,0.00,3.29,0.00,"[{""label_format"":""PDF""},{""print_custom_1"":""ecom""}]",
2026-08-12T18:26:24Z,shp_00006149,9400100000000000006149,delivered,adr_from0001,Goodwill E-Com (test),Goodwill Michiana (test),100 Test Warehouse Rd,,South Bend,IN,46601,US,false,adr_to000741,Test Buyer,,742 Example Ave,,Sampleton,OH,43004,US,true,prcl_000741,10,8,4,27.2,,2026-08-12T18:26:25Z,rate_000741,GroundAdvantage,USPS,3.58,,false,,112-7014793-2307438,0.00,3.58,0.00,"[{""label_format"":""PDF""},{""print_custom_1"":""ecom""}]",
2026-08-12T18:28:01Z,shp_00006080,9400100000000000006080,delivered,adr_from0001,Goodwill E-Com (test),Goodwill Michiana (test),100 Test Warehouse Rd,,South Bend,IN,46601,US,false,adr_to000742,Test Buyer,,743 Example Ave,,Mocksburg,MI,49001,US,true,prcl_000742,10,8,4,28.8,,2026-08-12T18:28:02Z,rate_000742,GroundAdvantage,USPS,8.11,,false,,SGW-7714618,0.00,8.11,0.00,"[{""label_format"":""PDF""},{""print_custom_1"":""ecom""}]",
2026-08-12T18:31:27Z,shp_00006176,9400100000000000006176,unknown,adr_from0001,Goodwill E-Com (test),Goodwill Michiana (test),100 Test Warehouse Rd,,South Bend,IN,46601,US,false,adr_to000743,Test Buyer,,744 Example Ave,,Fakeport,IL,60601,US,true,prcl_000743,10,8,4,16.0,,2026-08-12T18:31:28Z,rate_000743,GroundAdvantage,USPS,5.19,,false,refunded,26-14845-50404,0.00,5.19,0.00,"[{""label_format"":""PDF""},{""print_custom_1"":""ecom""}]",
2026-08-12T18:40:44Z,shp_00006160,9400100000000000006160,delivered,adr_from0001,Goodwill E-Com (test),Goodwill Michiana (test),100 Test Warehouse Rd,,South Bend,IN,46601,US,false,adr_to000744,Test Buyer,,745 Example Ave,,Testville,IN,46601,US,true,prcl_000744,10,8,4,14.4,,2026-08-12T18:40:45Z,rate_000744,GroundAdvantage,USPS,3.75,,false,,112-3814813-2893069,0.00,3.75,0.00,"[{""label_format"":""PDF""},{""print_custom_1"":""ecom""}]",
2026-08-12T18:42:02Z,shp_00006094,9400100000000000006094,delivered,adr_from0001,Goodwill E-Com (test),Goodwill Michiana (test),100 Test Warehouse Rd,,South Bend,IN,46601,US,false,adr_to000745,Test Buyer,,746 Example Ave,,Sampleton,OH,43004,US,true,prcl_000745,10,8,4,22.4,,2026-08-12T18:42:03Z,rate_000745,Priority,USPS,5.65,,false,,114-0514646-0459992,0.00,5.65,0.00,"[{""label_format"":""PDF""},{""print_custom_1"":""ecom""}]",
2026-08-12T18:46:14Z,shp_00006183,9400100000000000006183,delivered,adr_from0001,Goodwill E-Com (test),Goodwill Michiana (test),100 Test Warehouse Rd,,South Bend,IN,46601,US,false,adr_to000746,Test Buyer,,747 Example Ave,,Mocksburg,MI,49001,US,true,prcl_000746,10,8,4,27.2,,2026-08-12T18:46:15Z,rate_000746,Priority,USPS,8.43,,false,,23-14863-61524,0.00,8.43,0.00,"[{""label_format"":""PDF""},{""print_custom_1"":""ecom""}]",
2026-08-12T18:47:53Z,shp_00006139,9400100000000000006139,in_transit,adr_from0001,Goodwill E-Com (test),Goodwill Michiana (test),100 Test Warehouse Rd,,South Bend,IN,46601,US,false,adr_to000747,Test Buyer,,748 Example Ave,,Fakeport,IL,60601,US,true,prcl_000747,10,8,4,25.6,,2026-08-12T18:47:54Z,rate_000747,Priority,USPS,18.38,,false,,SGW-7714773,0.00,18.38,0.00,"[{""label_format"":""PDF""},{""print_custom_1"":""ecom""}]",
2026-08-12T18:52:57Z,shp_00006105,9400100000000000006105,delivered,adr_from0001,Goodwill E-Com (test),Goodwill Michiana (test),100 Test Warehouse Rd,,South Bend,IN,46601,US,false,adr_to000748,Test Buyer,,749 Example Ave,,Testville,IN,46601,US,true,prcl_000748,10,8,4,24.0,,2026-08-12T18:52:58Z,rate_000748,GroundAdvantage,USPS,3.33,,false,,112-4514661-7713426,0.00,3.33,0.00,"[{""label_format"":""PDF""},{""print_custom_1"":""ecom""}]",
2026-08-12T18:57:09Z,shp_00006177,9400100000000000006177,delivered,adr_from0001,Goodwill E-Com (test),Goodwill Michiana (test),100 Test Warehouse Rd,,South Bend,IN,46601,US,false,adr_to000749,Test Buyer,,750 Example Ave,,Sampleton,OH,43004,US,true,prcl_000749,10,8,4,59.2,,2026-08-12T18:57:10Z,rate_000749,GroundAdvantage,USPS,8.30,,false,,04-14847-24778,0.00,8.30,0.00,"[{""label_format"":""PDF""},{""print_custom_1"":""ecom""}]",
2026-08-12T18:59:49Z,shp_00006060,9400100000000000006060,delivered,adr_from0001,Goodwill E-Com (test),Goodwill Michiana (test),100 Test Warehouse Rd,,South Bend,IN,46601,US,false,adr_to000750,Test Buyer,,751 Example Ave,,Mocksburg,MI,49001,US,true,prcl_000750,10,8,4,27.2,,2026-08-12T18:59:50Z,rate_000750,GroundAdvantage,USPS,6.97,,false,,SGW-7714584,0.00,6.97,0.00,"[{""label_format"":""PDF""},{""print_custom_1"":""ecom""}]",
2026-08-12T19:02:14Z,shp_00006168,9400100000000000006168,delivered,adr_from0001,Goodwill E-Com (test),Goodwill Michiana (test),100 Test Warehouse Rd,,South Bend,IN,46601,US,false,adr_to000751,Test Buyer,,752 Example Ave,,Fakeport,IL,60601,US,true,prcl_000751,10,8,4,24.0,,2026-08-12T19:02:15Z,rate_000751,Priority,USPS,3.48,,false,,111-6914826-6312803,0.00,3.48,0.00,"[{""label_format"":""PDF""},{""print_custom_1"":""ecom""}]",
2026-08-12T19:05:48Z,shp_00006140,9400100000000000006140,delivered,adr_from0001,Goodwill E-Com (test),Goodwill Michiana (test),100 Test Warehouse Rd,,South Bend,IN,46601,US,false,adr_to000752,Test Buyer,,753 Example Ave,,Testville,IN,46601,US,true,prcl_000752,10,8,4,41.6,,2026-08-12T19:05:49Z,rate_000752,Priority,USPS,7.34,,false,,SGW-7714774,0.00,7.34,0.00,"[{""label_format"":""PDF""},{""print_custom_1"":""ecom""}]",
2026-08-12T19:07:08Z,shp_00006171,9400100000000000006171,delivered,adr_from0001,Goodwill E-Com (test),Goodwill Michiana (test),100 Test Warehouse Rd,,South Bend,IN,46601,US,false,adr_to000753,Test Buyer,,754 Example Ave,,Sampleton,OH,43004,US,true,prcl_000753,10,8,4,24.0,,2026-08-12T19:07:09Z,rate_000753,GroundAdvantage,USPS,3.30,,false,,112-2414832-3360940,0.00,3.30,0.00,"[{""label_format"":""PDF""},{""print_custom_1"":""ecom""}]",
2026-08-12T19:09:30Z,shp_00006135,9400100000000000006135,delivered,adr_from0001,Goodwill E-Com (test),Goodwill Michiana (test),100 Test Warehouse Rd,,South Bend,IN,46601,US,false,adr_to000754,Test Buyer,,755 Example Ave,,Mocksburg,MI,49001,US,true,prcl_000754,10,8,4,54.4,,2026-08-12T19:09:31Z,rate_000754,Priority,USPS,9.53,,false,,SGW-7714766,0.00,9.53,0.00,"[{""label_format"":""PDF""},{""print_custom_1"":""ecom""}]",
2026-08-12T20:03:03Z,shp_00006118,9400100000000000006118,delivered,adr_from0001,Goodwill E-Com (test),Goodwill Michiana (test),100 Test Warehouse Rd,,South Bend,IN,46601,US,false,adr_to000755,Test Buyer,,756 Example Ave,,Fakeport,IL,60601,US,true,prcl_000755,10,8,4,20.8,,2026-08-12T20:03:04Z,rate_000755,Priority,USPS,5.89,,false,,SGW-7714723,0.00,5.89,0.00,"[{""label_format"":""PDF""},{""print_custom_1"":""ecom""}]",
2026-08-12T20:19:12Z,shp_00005982,9400100000000000005982,in_transit,adr_from0001,Goodwill E-Com (test),Goodwill Michiana (test),100 Test Warehouse Rd,,South Bend,IN,46601,US,false,adr_to000756,Test Buyer,,757 Example Ave,,Testville,IN,46601,US,true,prcl_000756,10,8,4,68.8,,2026-08-12T20:19:13Z,rate_000756,Priority,USPS,8.49,,false,,SGW-7714401,0.00,8.49,0.00,"[{""label_format"":""PDF""},{""print_custom_1"":""ecom""}]",
2026-08-12T20:42:03Z,shp_00006079,9400100000000000006079,delivered,adr_from0001,Goodwill E-Com (test),Goodwill Michiana (test),100 Test Warehouse Rd,,South Bend,IN,46601,US,false,adr_to000757,Test Buyer,,758 Example Ave,,Sampleton,OH,43004,US,true,prcl_000757,10,8,4,68.8,,2026-08-12T20:42:04Z,rate_000757,GroundAdvantage,USPS,10.46,,false,,SGW-7714616,0.00,10.46,0.00,"[{""label_format"":""PDF""},{""print_custom_1"":""ecom""}]",
2026-08-12T20:44:30Z,shp_00006172,9400100000000000006172,delivered,adr_from0001,Goodwill E-Com (test),Goodwill Michiana (test),100 Test Warehouse Rd,,South Bend,IN,46601,US,false,adr_to000758,Test Buyer,,759 Example Ave,,Mocksburg,MI,49001,US,true,prcl_000758,10,8,4,11.2,,2026-08-12T20:44:31Z,rate_000758,GroundAdvantage,USPS,3.59,,false,,112-8514835-1780183,0.00,3.59,0.00,"[{""label_format"":""PDF""},{""print_custom_1"":""ecom""}]",
2026-08-12T20:47:40Z,shp_00006179,9400100000000000006179,delivered,adr_from0001,Goodwill E-Com (test),Goodwill Michiana (test),100 Test Warehouse Rd,,South Bend,IN,46601,US,false,adr_to000759,Test Buyer,,760 Example Ave,,Fakeport,IL,60601,US,true,prcl_000759,10,8,4,35.2,,2026-08-12T20:47:41Z,rate_000759,GroundAdvantage,USPS,7.26,,false,,25-14852-94673,0.00,7.26,0.00,"[{""label_format"":""PDF""},{""print_custom_1"":""ecom""}]",
2026-08-12T20:55:07Z,shp_00006146,9400100000000000006146,delivered,adr_from0001,Goodwill E-Com (test),Goodwill Michiana (test),100 Test Warehouse Rd,,South Bend,IN,46601,US,false,adr_to000760,Test Buyer,,761 Example Ave,,Testville,IN,46601,US,true,prcl_000760,10,8,4,44.8,,2026-08-12T20:55:08Z,rate_000760,GroundAdvantage,USPS,5.34,,false,,113-0714789-3950759,0.00,5.34,0.00,"[{""label_format"":""PDF""},{""print_custom_1"":""ecom""}]",
2026-08-12T20:58:10Z,shp_00006007,9400100000000000006007,delivered,adr_from0001,Goodwill E-Com (test),Goodwill Michiana (test),100 Test Warehouse Rd,,South Bend,IN,46601,US,false,adr_to000761,Test Buyer,,762 Example Ave,,Sampleton,OH,43004,US,true,prcl_000761,10,8,4,19.2,,2026-08-12T20:58:11Z,rate_000761,Priority,USPS,7.78,,false,,SGW-7714469,0.00,7.78,0.00,"[{""label_format"":""PDF""},{""print_custom_1"":""ecom""}]",
2026-08-13T13:40:50Z,shp_00006194,9400100000000000006194,delivered,adr_from0001,Goodwill E-Com (test),Goodwill Michiana (test),100 Test Warehouse Rd,,South Bend,IN,46601,US,false,adr_to000762,Test Buyer,,763 Example Ave,,Mocksburg,MI,49001,US,true,prcl_000762,10,8,4,19.2,,2026-08-13T13:40:51Z,rate_000762,Priority,USPS,8.42,,false,,SGW-7714922,0.00,8.42,0.00,"[{""label_format"":""PDF""},{""print_custom_1"":""ecom""}]",
2026-08-13T14:03:39Z,shp_00006210,9400100000000000006210,unknown,adr_from0001,Goodwill E-Com (test),Goodwill Michiana (test),100 Test Warehouse Rd,,South Bend,IN,46601,US,false,adr_to000763,Test Buyer,,764 Example Ave,,Fakeport,IL,60601,US,true,prcl_000763,10,8,4,52.8,,2026-08-13T14:03:40Z,rate_000763,GroundAdvantage,USPS,3.42,,false,refunded,112-5614962-8164587,0.00,3.42,0.00,"[{""label_format"":""PDF""},{""print_custom_1"":""ecom""}]",
2026-08-13T14:11:58Z,shp_00006156,9400100000000000006156,delivered,adr_from0001,Goodwill E-Com (test),Goodwill Michiana (test),100 Test Warehouse Rd,,South Bend,IN,46601,US,false,adr_to000764,Test Buyer,,765 Example Ave,,Testville,IN,46601,US,true,prcl_000764,10,8,4,33.6,,2026-08-13T14:11:59Z,rate_000764,GroundAdvantage,USPS,3.76,,false,,111-3614805-6433797,0.00,3.76,0.00,"[{""label_format"":""PDF""},{""print_custom_1"":""ecom""}]",
2026-08-13T14:16:03Z,shp_00006175,9400100000000000006175,in_transit,adr_from0001,Goodwill E-Com (test),Goodwill Michiana (test),100 Test Warehouse Rd,,South Bend,IN,46601,US,false,adr_to000765,Test Buyer,,766 Example Ave,,Sampleton,OH,43004,US,true,prcl_000765,10,8,4,33.6,,2026-08-13T14:16:04Z,rate_000765,GroundAdvantage,USPS,5.32,,false,,10-14843-14995,0.00,5.32,0.00,"[{""label_format"":""PDF""},{""print_custom_1"":""ecom""}]",
2026-08-13T14:16:33Z,shp_00006233,9400100000000000006233,delivered,adr_from0001,Goodwill E-Com (test),Goodwill Michiana (test),100 Test Warehouse Rd,,South Bend,IN,46601,US,false,adr_to000766,Test Buyer,,767 Example Ave,,Mocksburg,MI,49001,US,true,prcl_000766,10,8,4,17.6,,2026-08-13T14:16:34Z,rate_000766,GroundAdvantage,USPS,4.93,,false,,27-15001-00874,0.00,4.93,0.00,"[{""label_format"":""PDF""},{""print_custom_1"":""ecom""}]",
2026-08-13T14:17:23Z,shp_00006138,9400100000000000006138,delivered,adr_from0001,Goodwill E-Com (test),Goodwill Michiana (test),100 Test Warehouse Rd,,South Bend,IN,46601,US,false,adr_to000767,Test Buyer,,768 Example Ave,,Fakeport,IL,60601,US,true,prcl_000767,10,8,4,51.2,,2026-08-13T14:17:24Z,rate_000767,GroundAdvantage,USPS,11.27,,false,,SGW-7714771,0.00,11.27,0.00,"[{""label_format"":""PDF""},{""print_custom_1"":""ecom""}]",
2026-08-13T14:22:04Z,shp_00006231,9400100000000000006231,delivered,adr_from0001,Goodwill E-Com (test),Goodwill Michiana (test),100 Test Warehouse Rd,,South Bend,IN,46601,US,false,adr_to000768,Test Buyer,,769 Example Ave,,Testville,IN,46601,US,true,prcl_000768,10,8,4,16.0,,2026-08-13T14:22:05Z,rate_000768,GroundAdvantage,USPS,3.56,,false,,114-8614998-1794103,0.00,3.56,0.00,"[{""label_format"":""PDF""},{""print_custom_1"":""ecom""}]",
2026-08-13T14:23:34Z,shp_00006232,9400100000000000006232,delivered,adr_from0001,Goodwill E-Com (test),Goodwill Michiana (test),100 Test Warehouse Rd,,South Bend,IN,46601,US,false,adr_to000769,Test Buyer,,770 Example Ave,,Sampleton,OH,43004,US,true,prcl_000769,10,8,4,16.0,,2026-08-13T14:23:35Z,rate_000769,GroundAdvantage,USPS,3.43,,false,,113-4214999-3476526,0.00,3.43,0.00,"[{""label_format"":""PDF""},{""print_custom_1"":""ecom""}]",
2026-08-13T14:45:41Z,shp_00006186,9400100000000000006186,delivered,adr_from0001,Goodwill E-Com (test),Goodwill Michiana (test),100 Test Warehouse Rd,,South Bend,IN,46601,US,false,adr_to000770,Test Buyer,,771 Example Ave,,Mocksburg,MI,49001,US,true,prcl_000770,10,8,4,6.4,,2026-08-13T14:45:42Z,rate_000770,GroundAdvantage,USPS,10.86,,false,,SGW-7714905,0.00,10.86,0.00,"[{""label_format"":""PDF""},{""print_custom_1"":""ecom""}]",
2026-08-13T14:48:05Z,shp_00006226,9400100000000000006226,delivered,adr_from0001,Goodwill E-Com (test),Goodwill Michiana (test),100 Test Warehouse Rd,,South Bend,IN,46601,US,false,adr_to000771,Test Buyer,,772 Example Ave,,Fakeport,IL,60601,US,true,prcl_000771,10,8,4,49.6,,2026-08-13T14:48:06Z,rate_000771,GroundAdvantage,USPS,3.39,,false,,113-4414989-4853180,0.00,3.39,0.00,"[{""label_format"":""PDF""},{""print_custom_1"":""ecom""}]",
2026-08-13T15:11:07Z,shp_00006174,9400100000000000006174,delivered,adr_from0001,Goodwill E-Com (test),Goodwill Michiana (test),100 Test Warehouse Rd,,South Bend,IN,46601,US,false,adr_to000772,Test Buyer,,773 Example Ave,,Testville,IN,46601,US,true,prcl_000772,10,8,4,14.4,,2026-08-13T15:11:08Z,rate_000772,GroundAdvantage,USPS,3.74,,false,,01-14842-89505,0.00,3.74,0.00,"[{""label_format"":""PDF""},{""print_custom_1"":""ecom""}]",
2026-08-13T15:13:21Z,shp_00006191,9400100000000000006191,delivered,adr_from0001,Goodwill E-Com (test),Goodwill Michiana (test),100 Test Warehouse Rd,,South Bend,IN,46601,US,false,adr_to000773,Test Buyer,,774 Example Ave,,Sampleton,OH,43004,US,true,prcl_000773,10,8,4,40.0,,2026-08-13T15:13:22Z,rate_000773,Priority,USPS,11.86,,false,,SGW-7714914,0.00,11.86,0.00,"[{""label_format"":""PDF""},{""print_custom_1"":""ecom""}]",
2026-08-13T15:28:52Z,shp_00006205,9400100000000000006205,in_transit,adr_from0001,Goodwill E-Com (test),Goodwill Michiana (test),100 Test Warehouse Rd,,South Bend,IN,46601,US,false,adr_to000774,Test Buyer,,775 Example Ave,,Mocksburg,MI,49001,US,true,prcl_000774,10,8,4,22.4,,2026-08-13T15:28:53Z,rate_000774,Priority,USPS,5.14,,false,,112-7514950-9374268,0.00,5.14,0.00,"[{""label_format"":""PDF""},{""print_custom_1"":""ecom""}]",
2026-08-13T15:31:02Z,shp_00006185,9400100000000000006185,delivered,adr_from0001,Goodwill E-Com (test),Goodwill Michiana (test),100 Test Warehouse Rd,,South Bend,IN,46601,US,false,adr_to000775,Test Buyer,,776 Example Ave,,Fakeport,IL,60601,US,true,prcl_000775,10,8,4,27.2,,2026-08-13T15:31:03Z,rate_000775,Priority,USPS,8.13,,false,,SGW-7714902,0.00,8.13,0.00,"[{""label_format"":""PDF""},{""print_custom_1"":""ecom""}]",
2026-08-13T15:35:06Z,shp_00006213,9400100000000000006213,delivered,adr_from0001,Goodwill E-Com (test),Goodwill Michiana (test),100 Test Warehouse Rd,,South Bend,IN,46601,US,false,adr_to000776,Test Buyer,,777 Example Ave,,Testville,IN,46601,US,true,prcl_000776,10,8,4,14.4,,2026-08-13T15:35:07Z,rate_000776,Priority,USPS,3.55,,false,,113-9314966-2343325,0.00,3.55,0.00,"[{""label_format"":""PDF""},{""print_custom_1"":""ecom""}]",
2026-08-13T15:51:57Z,shp_00006152,9400100000000000006152,delivered,adr_from0001,Goodwill E-Com (test),Goodwill Michiana (test),100 Test Warehouse Rd,,South Bend,IN,46601,US,false,adr_to000777,Test Buyer,,778 Example Ave,,Sampleton,OH,43004,US,true,prcl_000777,10,8,4,67.2,,2026-08-13T15:51:58Z,rate_000777,GroundAdvantage,USPS,5.32,,false,,114-3014797-9936397,0.00,5.32,0.00,"[{""label_format"":""PDF""},{""print_custom_1"":""ecom""}]",
2026-08-13T15:53:14Z,shp_00006153,9400100000000000006153,delivered,adr_from0001,Goodwill E-Com (test),Goodwill Michiana (test),100 Test Warehouse Rd,,South Bend,IN,46601,US,false,adr_to000778,Test Buyer,,779 Example Ave,,Mocksburg,MI,49001,US,true,prcl_000778,10,8,4,25.6,,2026-08-13T15:53:15Z,rate_000778,GroundAdvantage,USPS,4.94,,false,,114-0514800-0995866,0.00,4.94,0.00,"[{""label_format"":""PDF""},{""print_custom_1"":""ecom""}]",
2026-08-13T16:06:26Z,shp_00006167,9400100000000000006167,delivered,adr_from0001,Goodwill E-Com (test),Goodwill Michiana (test),100 Test Warehouse Rd,,South Bend,IN,46601,US,false,adr_to000779,Test Buyer,,780 Example Ave,,Fakeport,IL,60601,US,true,prcl_000779,10,8,4,17.6,,2026-08-13T16:06:27Z,rate_000779,Priority,USPS,3.83,,false,,113-8114825-9171694,0.00,3.83,0.00,"[{""label_format"":""PDF""},{""print_custom_1"":""ecom""}]",
2026-08-13T16:09:03Z,shp_00006193,9400100000000000006193,delivered,adr_from0001,Goodwill E-Com (test),Goodwill Michiana (test),100 Test Warehouse Rd,,South Bend,IN,46601,US,false,adr_to000780,Test Buyer,,781 Example Ave,,Testville,IN,46601,US,true,prcl_000780,10,8,4,46.4,,2026-08-13T16:09:04Z,rate_000780,GroundAdvantage,USPS,7.62,,false,,SGW-7714921,0.00,7.62,0.00,"[{""label_format"":""PDF""},{""print_custom_1"":""ecom""}]",
2026-08-13T16:09:05Z,shp_00006121,9400100000000000006121,delivered,adr_from0001,Goodwill E-Com (test),Goodwill Michiana (test),100 Test Warehouse Rd,,South Bend,IN,46601,US,false,adr_to000781,Test Buyer,,782 Example Ave,,Sampleton,OH,43004,US,true,prcl_000781,10,8,4,40.0,,2026-08-13T16:09:06Z,rate_000781,Priority,USPS,7.75,,false,,SGW-7714730,0.00,7.75,0.00,"[{""label_format"":""PDF""},{""print_custom_1"":""ecom""}]",
2026-08-13T16:30:57Z,shp_00006113,9400100000000000006113,delivered,adr_from0001,Goodwill E-Com (test),Goodwill Michiana (test),100 Test Warehouse Rd,,South Bend,IN,46601,US,false,adr_to000782,Test Buyer,,783 Example Ave,,Mocksburg,MI,49001,US,true,prcl_000782,10,8,4,25.6,,2026-08-13T16:30:58Z,rate_000782,GroundAdvantage,USPS,4.17,,false,,23-14677-87028,0.00,4.17,0.00,"[{""label_format"":""PDF""},{""print_custom_1"":""ecom""}]",
2026-08-13T16:49:50Z,shp_00006189,9400100000000000006189,in_transit,adr_from0001,Goodwill E-Com (test),Goodwill Michiana (test),100 Test Warehouse Rd,,South Bend,IN,46601,US,false,adr_to000783,Test Buyer,,784 Example Ave,,Fakeport,IL,60601,US,true,prcl_000783,10,8,4,24.0,,2026-08-13T16:49:51Z,rate_000783,Priority,USPS,14.89,,false,,SGW-7714911,0.00,14.89,0.00,"[{""label_format"":""PDF""},{""print_custom_1"":""ecom""}]",
2026-08-13T16:53:46Z,shp_00006122,9400100000000000006122,delivered,adr_from0001,Goodwill E-Com (test),Goodwill Michiana (test),100 Test Warehouse Rd,,South Bend,IN,46601,US,false,adr_to000784,Test Buyer,,785 Example Ave,,Testville,IN,46601,US,true,prcl_000784,10,8,4,24.0,,2026-08-13T16:53:47Z,rate_000784,GroundAdvantage,USPS,10.51,,false,,SGW-7714735,0.00,10.51,0.00,"[{""label_format"":""PDF""},{""print_custom_1"":""ecom""}]",
2026-08-13T16:57:17Z,shp_00006199,9400100000000000006199,delivered,adr_from0001,Goodwill E-Com (test),Goodwill Michiana (test),100 Test Warehouse Rd,,South Bend,IN,46601,US,false,adr_to000785,Test Buyer,,786 Example Ave,,Sampleton,OH,43004,US,true,prcl_000785,10,8,4,48.0,,2026-08-13T16:57:18Z,rate_000785,GroundAdvantage,USPS,8.17,,false,,SGW-7714936,0.00,8.17,0.00,"[{""label_format"":""PDF""},{""print_custom_1"":""ecom""}]",
2026-08-13T17:01:02Z,shp_00006234,9400100000000000006234,delivered,adr_from0001,Goodwill E-Com (test),Goodwill Michiana (test),100 Test Warehouse Rd,,South Bend,IN,46601,US,false,adr_to000786,Test Buyer,,787 Example Ave,,Mocksburg,MI,49001,US,true,prcl_000786,10,8,4,17.6,,2026-08-13T17:01:03Z,rate_000786,GroundAdvantage,USPS,9.57,,false,,03-15012-90090,0.00,9.57,0.00,"[{""label_format"":""PDF""},{""print_custom_1"":""ecom""}]",
2026-08-13T17:01:37Z,shp_00006201,9400100000000000006201,unknown,adr_from0001,Goodwill E-Com (test),Goodwill Michiana (test),100 Test Warehouse Rd,,South Bend,IN,46601,US,false,adr_to000787,Test Buyer,,788 Example Ave,,Fakeport,IL,60601,US,true,prcl_000787,10,8,4,24.0,,2026-08-13T17:01:38Z,rate_000787,Priority,USPS,13.27,,false,refunded,SGW-7714945,0.00,13.27,0.00,"[{""label_format"":""PDF""},{""print_custom_1"":""ecom""}]",
2026-08-13T17:18:04Z,shp_00006182,9400100000000000006182,delivered,adr_from0001,Goodwill E-Com (test),Goodwill Michiana (test),100 Test Warehouse Rd,,South Bend,IN,46601,US,false,adr_to000788,Test Buyer,,789 Example Ave,,Testville,IN,46601,US,true,prcl_000788,10,8,4,75.2,,2026-08-13T17:18:05Z,rate_000788,Priority,USPS,4.36,,false,,25-14862-53580,0.00,4.36,0.00,"[{""label_format"":""PDF""},{""print_custom_1"":""ecom""}]",
2026-08-13T17:25:56Z,shp_00006207,9400100000000000006207,delivered,adr_from0001,Goodwill E-Com (test),Goodwill Michiana (test),100 Test Warehouse Rd,,South Bend,IN,46601,US,false,adr_to000789,Test Buyer,,790 Example Ave,,Sampleton,OH,43004,US,true,prcl_000789,10,8,4,20.8,,2026-08-13T17:25:57Z,rate_000789,Priority,USPS,3.49,,false,,113-0214952-7439819,0.00,3.49,0.00,"[{""label_format"":""PDF""},{""print_custom_1"":""ecom""}]",
2026-08-13T17:28:33Z,shp_00006133,9400100000000000006133,delivered,adr_from0001,Goodwill E-Com (test),Goodwill Michiana (test),100 Test Warehouse Rd,,South Bend,IN,46601,US,false,adr_to000790,Test Buyer,,791 Example Ave,,Mocksburg,MI,49001,US,true,prcl_000790,10,8,4,41.6,,2026-08-13T17:28:34Z,rate_000790,GroundAdvantage,USPS,14.62,,false,,SGW-7714764,0.00,14.62,0.00,"[{""label_format"":""PDF""},{""print_custom_1"":""ecom""}]",
2026-08-13T17:29:47Z,shp_00006224,9400100000000000006224,delivered,adr_from0001,Goodwill E-Com (test),Goodwill Michiana (test),100 Test Warehouse Rd,,South Bend,IN,46601,US,false,adr_to000791,Test Buyer,,792 Example Ave,,Fakeport,IL,60601,US,true,prcl_000791,10,8,4,40.0,,2026-08-13T17:29:48Z,rate_000791,GroundAdvantage,USPS,3.44,,false,,113-7414987-2039805,0.00,3.44,0.00,"[{""label_format"":""PDF""},{""print_custom_1"":""ecom""}]",
2026-08-13T17:38:10Z,shp_00006106,9400100000000000006106,in_transit,adr_from0001,Goodwill E-Com (test),Goodwill Michiana (test),100 Test Warehouse Rd,,South Bend,IN,46601,US,false,adr_to000792,Test Buyer,,793 Example Ave,,Testville,IN,46601,US,true,prcl_000792,10,8,4,38.4,,2026-08-13T17:38:11Z,rate_000792,GroundAdvantage,USPS,3.41,,false,,111-4614663-3327168,0.00,3.41,0.00,"[{""label_format"":""PDF""},{""print_custom_1"":""ecom""}]",
2026-08-13T18:03:19Z,shp_00006197,9400100000000000006197,delivered,adr_from0001,Goodwill E-Com (test),Goodwill Michiana (test),100 Test Warehouse Rd,,South Bend,IN,46601,US,false,adr_to000793,Test Buyer,,794 Example Ave,,Sampleton,OH,43004,US,true,prcl_000793,10,8,4,32.0,,2026-08-13T18:03:20Z,rate_000793,GroundAdvantage,USPS,9.03,,false,,SGW-7714933,0.00,9.03,0.00,"[{""label_format"":""PDF""},{""print_custom_1"":""ecom""}]",
2026-08-13T18:10:59Z,shp_00006212,9400100000000000006212,delivered,adr_from0001,Goodwill E-Com (test),Goodwill Michiana (test),100 Test Warehouse Rd,,South Bend,IN,46601,US,false,adr_to000794,Test Buyer,,795 Example Ave,,Mocksburg,MI,49001,US,true,prcl_000794,10,8,4,96.0,,2026-08-13T18:11:00Z,rate_000794,GroundAdvantage,USPS,3.81,,false,,114-6614965-9914202,0.00,3.81,0.00,"[{""label_format"":""PDF""},{""print_custom_1"":""ecom""}]",
2026-08-13T18:22:42Z,shp_00006198,9400100000000000006198,delivered,adr_from0001,Goodwill E-Com (test),Goodwill Michiana (test),100 Test Warehouse Rd,,South Bend,IN,46601,US,false,adr_to000795,Test Buyer,,796 Example Ave,,Fakeport,IL,60601,US,true,prcl_000795,10,8,4,20.8,,2026-08-13T18:22:43Z,rate_000795,Priority,USPS,8.00,,false,,SGW-7714934,0.00,8.00,0.00,"[{""label_format"":""PDF""},{""print_custom_1"":""ecom""}]",
2026-08-13T18:28:35Z,shp_00006180,9400100000000000006180,delivered,adr_from0001,Goodwill E-Com (test),Goodwill Michiana (test),100 Test Warehouse Rd,,South Bend,IN,46601,US,false,adr_to000796,Test Buyer,,797 Example Ave,,Testville,IN,46601,US,true,prcl_000796,10,8,4,19.2,,2026-08-13T18:28:36Z,rate_000796,Priority,USPS,5.73,,false,,19-14853-94381,0.00,5.73,0.00,"[{""label_format"":""PDF""},{""print_custom_1"":""ecom""}]",
2026-08-13T18:29:57Z,shp_00006128,9400100000000000006128,delivered,adr_from0001,Goodwill E-Com (test),Goodwill Michiana (test),100 Test Warehouse Rd,,South Bend,IN,46601,US,false,adr_to000797,Test Buyer,,798 Example Ave,,Sampleton,OH,43004,US,true,prcl_000797,10,8,4,14.4,,2026-08-13T18:29:58Z,rate_000797,GroundAdvantage,USPS,21.81,,false,,SGW-7714743,0.00,21.81,0.00,"[{""label_format"":""PDF""},{""print_custom_1"":""ecom""}]",
2026-08-13T18:31:37Z,shp_00006204,9400100000000000006204,delivered,adr_from0001,Goodwill E-Com (test),Goodwill Michiana (test),100 Test Warehouse Rd,,South Bend,IN,46601,US,false,adr_to000798,Test Buyer,,799 Example Ave,,Mocksburg,MI,49001,US,true,prcl_000798,10,8,4,17.6,,2026-08-13T18:31:38Z,rate_000798,GroundAdvantage,USPS,14.93,,false,,SGW-7714949,0.00,14.93,0.00,"[{""label_format"":""PDF""},{""print_custom_1"":""ecom""}]",
2026-08-13T18:36:25Z,shp_00006192,9400100000000000006192,delivered,adr_from0001,Goodwill E-Com (test),Goodwill Michiana (test),100 Test Warehouse Rd,,South Bend,IN,46601,US,false,adr_to000799,Test Buyer,,800 Example Ave,,Fakeport,IL,60601,US,true,prcl_000799,10,8,4,20.8,,2026-08-13T18:36:26Z,rate_000799,GroundAdvantage,USPS,6.59,,false,,SGW-7714917,0.00,6.59,0.00,"[{""label_format"":""PDF""},{""print_custom_1"":""ecom""}]",
2026-08-13T18:44:10Z,shp_00006134,9400100000000000006134,delivered,adr_from0001,Goodwill E-Com (test),Goodwill Michiana (test),100 Test Warehouse Rd,,South Bend,IN,46601,US,false,adr_to000800,Test Buyer,,801 Example Ave,,Testville,IN,46601,US,true,prcl_000800,10,8,4,9.6,,2026-08-13T18:44:11Z,rate_000800,Priority,USPS,11.79,,false,,SGW-7714765,0.00,11.79,0.00,"[{""label_format"":""PDF""},{""print_custom_1"":""ecom""}]",
2026-08-13T18:55:42Z,shp_00006129,9400100000000000006129,in_transit,adr_from0001,Goodwill E-Com (test),Goodwill Michiana (test),100 Test Warehouse Rd,,South Bend,IN,46601,US,false,adr_to000801,Test Buyer,,802 Example Ave,,Sampleton,OH,43004,US,true,prcl_000801,10,8,4,41.6,,2026-08-13T18:55:43Z,rate_000801,GroundAdvantage,USPS,12.07,,false,,SGW-7714744,0.00,12.07,0.00,"[{""label_format"":""PDF""},{""print_custom_1"":""ecom""}]",
2026-08-13T19:03:16Z,shp_00006222,9400100000000000006222,delivered,adr_from0001,Goodwill E-Com (test),Goodwill Michiana (test),100 Test Warehouse Rd,,South Bend,IN,46601,US,false,adr_to000802,Test Buyer,,803 Example Ave,,Mocksburg,MI,49001,US,true,prcl_000802,10,8,4,24.0,,2026-08-13T19:03:17Z,rate_000802,GroundAdvantage,USPS,5.17,,false,,112-5514984-7538749,0.00,5.17,0.00,"[{""label_format"":""PDF""},{""print_custom_1"":""ecom""}]",
2026-08-13T19:06:17Z,shp_00006200,9400100000000000006200,delivered,adr_from0001,Goodwill E-Com (test),Goodwill Michiana (test),100 Test Warehouse Rd,,South Bend,IN,46601,US,false,adr_to000803,Test Buyer,,804 Example Ave,,Fakeport,IL,60601,US,true,prcl_000803,10,8,4,56.0,,2026-08-13T19:06:18Z,rate_000803,GroundAdvantage,USPS,6.35,,false,,SGW-7714942,0.00,6.35,0.00,"[{""label_format"":""PDF""},{""print_custom_1"":""ecom""}]",
2026-08-13T19:14:05Z,shp_00006120,9400100000000000006120,delivered,adr_from0001,Goodwill E-Com (test),Goodwill Michiana (test),100 Test Warehouse Rd,,South Bend,IN,46601,US,false,adr_to000804,Test Buyer,,805 Example Ave,,Testville,IN,46601,US,true,prcl_000804,10,8,4,24.0,,2026-08-13T19:14:06Z,rate_000804,Priority,USPS,15.34,,false,,SGW-7714727,0.00,15.34,0.00,"[{""label_format"":""PDF""},{""print_custom_1"":""ecom""}]",
2026-08-13T19:15:17Z,shp_00006220,9400100000000000006220,delivered,adr_from0001,Goodwill E-Com (test),Goodwill Michiana (test),100 Test Warehouse Rd,,South Bend,IN,46601,US,false,adr_to000805,Test Buyer,,806 Example Ave,,Sampleton,OH,43004,US,true,prcl_000805,10,8,4,8.0,,2026-08-13T19:15:18Z,rate_000805,GroundAdvantage,USPS,3.47,,false,,112-1514980-6228672,0.00,3.47,0.00,"[{""label_format"":""PDF""},{""print_custom_1"":""ecom""}]",
2026-08-13T19:39:53Z,shp_00006157,9400100000000000006157,delivered,adr_from0001,Goodwill E-Com (test),Goodwill Michiana (test),100 Test Warehouse Rd,,South Bend,IN,46601,US,false,adr_to000806,Test Buyer,,807 Example Ave,,Mocksburg,MI,49001,US,true,prcl_000806,10,8,4,48.0,,2026-08-13T19:39:54Z,rate_000806,Priority,USPS,3.32,,false,,114-3814807-8932460,0.00,3.32,0.00,"[{""label_format"":""PDF""},{""print_custom_1"":""ecom""}]",
2026-08-13T19:53:28Z,shp_00006137,9400100000000000006137,delivered,adr_from0001,Goodwill E-Com (test),Goodwill Michiana (test),100 Test Warehouse Rd,,South Bend,IN,46601,US,false,adr_to000807,Test Buyer,,808 Example Ave,,Fakeport,IL,60601,US,true,prcl_000807,10,8,4,9.6,,2026-08-13T19:53:29Z,rate_000807,Priority,USPS,8.80,,false,,SGW-7714769,0.00,8.80,0.00,"[{""label_format"":""PDF""},{""print_custom_1"":""ecom""}]",
2026-08-13T20:07:32Z,shp_00006217,9400100000000000006217,delivered,adr_from0001,Goodwill E-Com (test),Goodwill Michiana (test),100 Test Warehouse Rd,,South Bend,IN,46601,US,false,adr_to000808,Test Buyer,,809 Example Ave,,Testville,IN,46601,US,true,prcl_000808,10,8,4,32.0,,2026-08-13T20:07:33Z,rate_000808,GroundAdvantage,USPS,3.63,,false,,111-3314973-0590069,0.00,3.63,0.00,"[{""label_format"":""PDF""},{""print_custom_1"":""ecom""}]",
2026-08-13T20:08:54Z,shp_00006228,9400100000000000006228,delivered,adr_from0001,Goodwill E-Com (test),Goodwill Michiana (test),100 Test Warehouse Rd,,South Bend,IN,46601,US,false,adr_to000809,Test Buyer,,810 Example Ave,,Sampleton,OH,43004,US,true,prcl_000809,10,8,4,38.4,,2026-08-13T20:08:55Z,rate_000809,GroundAdvantage,USPS,5.05,,false,,112-5414992-6935848,0.00,5.05,0.00,"[{""label_format"":""PDF""},{""print_custom_1"":""ecom""}]",
2026-08-13T20:11:35Z,shp_00006225,9400100000000000006225,in_transit,adr_from0001,Goodwill E-Com (test),Goodwill Michiana (test),100 Test Warehouse Rd,,South Bend,IN,46601,US,false,adr_to000810,Test Buyer,,811 Example Ave,,Mocksburg,MI,49001,US,true,prcl_000810,10,8,4,27.2,,2026-08-13T20:11:36Z,rate_000810,GroundAdvantage,USPS,5.38,,false,,114-5714988-7420492,0.00,5.38,0.00,"[{""label_format"":""PDF""},{""print_custom_1"":""ecom""}]",
2026-08-13T20:20:59Z,shp_00006136,9400100000000000006136,delivered,adr_from0001,Goodwill E-Com (test),Goodwill Michiana (test),100 Test Warehouse Rd,,South Bend,IN,46601,US,false,adr_to000811,Test Buyer,,812 Example Ave,,Fakeport,IL,60601,US,true,prcl_000811,10,8,4,9.6,,2026-08-13T20:21:00Z,rate_000811,GroundAdvantage,USPS,9.64,,false,,SGW-7714768,0.00,9.64,0.00,"[{""label_format"":""PDF""},{""print_custom_1"":""ecom""}]",
2026-08-13T20:25:09Z,shp_00006206,9400100000000000006206,delivered,adr_from0001,Goodwill E-Com (test),Goodwill Michiana (test),100 Test Warehouse Rd,,South Bend,IN,46601,US,false,adr_to000812,Test Buyer,,813 Example Ave,,Testville,IN,46601,US,true,prcl_000812,10,8,4,44.8,,2026-08-13T20:25:10Z,rate_000812,GroundAdvantage,USPS,3.28,,false,,111-7114951-0898176,0.00,3.28,0.00,"[{""label_format"":""PDF""},{""print_custom_1"":""ecom""}]",
2026-08-13T20:34:31Z,shp_00006147,9400100000000000006147,delivered,adr_from0001,Goodwill E-Com (test),Goodwill Michiana (test),100 Test Warehouse Rd,,South Bend,IN,46601,US,false,adr_to000813,Test Buyer,,814 Example Ave,,Sampleton,OH,43004,US,true,prcl_000813,10,8,4,44.8,,2026-08-13T20:34:32Z,rate_000813,GroundAdvantage,USPS,3.64,,false,,112-1414791-4599275,0.00,3.64,0.00,"[{""label_format"":""PDF""},{""print_custom_1"":""ecom""}]",
2026-08-13T20:42:12Z,shp_00006216,9400100000000000006216,delivered,adr_from0001,Goodwill E-Com (test),Goodwill Michiana (test),100 Test Warehouse Rd,,South Bend,IN,46601,US,false,adr_to000814,Test Buyer,,815 Example Ave,,Mocksburg,MI,49001,US,true,prcl_000814,10,8,4,11.2,,2026-08-13T20:42:13Z,rate_000814,GroundAdvantage,USPS,3.45,,false,,112-9614971-2060049,0.00,3.45,0.00,"[{""label_format"":""PDF""},{""print_custom_1"":""ecom""}]",
2026-08-13T20:51:57Z,shp_00006124,9400100000000000006124,delivered,adr_from0001,Goodwill E-Com (test),Goodwill Michiana (test),100 Test Warehouse Rd,,South Bend,IN,46601,US,false,adr_to000815,Test Buyer,,816 Example Ave,,Fakeport,IL,60601,US,true,prcl_000815,10,8,4,100.8,,2026-08-13T20:51:58Z,rate_000815,GroundAdvantage,USPS,8.00,,false,,SGW-7714737,0.00,8.00,0.00,"[{""label_format"":""PDF""},{""print_custom_1"":""ecom""}]",
2026-08-14T13:01:28Z,shp_00006203,9400100000000000006203,delivered,adr_from0001,Goodwill E-Com (test),Goodwill Michiana (test),100 Test Warehouse Rd,,South Bend,IN,46601,US,false,adr_to000816,Test Buyer,,817 Example Ave,,Testville,IN,46601,US,true,prcl_000816,10,8,4,33.6,,2026-08-14T13:01:29Z,rate_000816,GroundAdvantage,USPS,8.98,,false,,SGW-7714948,0.00,8.98,0.00,"[{""label_format"":""PDF""},{""print_custom_1"":""ecom""}]",
2026-08-14T13:05:26Z,shp_00006218,9400100000000000006218,delivered,adr_from0001,Goodwill E-Com (test),Goodwill Michiana (test),100 Test Warehouse Rd,,South Bend,IN,46601,US,false,adr_to000817,Test Buyer,,818 Example Ave,,Sampleton,OH,43004,US,true,prcl_000817,10,8,4,20.8,,2026-08-14T13:05:27Z,rate_000817,GroundAdvantage,USPS,3.67,,false,,113-9614974-6742744,0.00,3.67,0.00,"[{""label_format"":""PDF""},{""print_custom_1"":""ecom""}]",
2026-08-14T13:09:05Z,shp_00006291,9400100000000000006291,delivered,adr_from0001,Goodwill E-Com (test),Goodwill Michiana (test),100 Test Warehouse Rd,,South Bend,IN,46601,US,false,adr_to000818,Test Buyer,,819 Example Ave,,Mocksburg,MI,49001,US,true,prcl_000818,10,8,4,9.6,,2026-08-14T13:09:06Z,rate_000818,GroundAdvantage,USPS,6.41,,false,,23-15156-58682,0.00,6.41,0.00,"[{""label_format"":""PDF""},{""print_custom_1"":""ecom""}]",
2026-08-14T13:11:42Z,shp_00006252,9400100000000000006252,in_transit,adr_from0001,Goodwill E-Com (test),Goodwill Michiana (test),100 Test Warehouse Rd,,South Bend,IN,46601,US,false,adr_to000819,Test Buyer,,820 Example Ave,,Fakeport,IL,60601,US,true,prcl_000819,10,8,4,25.6,,2026-08-14T13:11:43Z,rate_000819,Priority,USPS,7.12,,false,,SGW-7715066,0.00,7.12,0.00,"[{""label_format"":""PDF""},{""print_custom_1"":""ecom""}]",
2026-08-14T13:28:49Z,shp_00006287,9400100000000000006287,delivered,adr_from0001,Goodwill E-Com (test),Goodwill Michiana (test),100 Test Warehouse Rd,,South Bend,IN,46601,US,false,adr_to000820,Test Buyer,,821 Example Ave,,Testville,IN,46601,US,true,prcl_000820,10,8,4,27.2,,2026-08-14T13:28:50Z,rate_000820,GroundAdvantage,USPS,3.80,,false,,111-7615139-3792254,0.00,3.80,0.00,"[{""label_format"":""PDF""},{""print_custom_1"":""ecom""}]",
2026-08-14T13:44:10Z,shp_00006273,9400100000000000006273,delivered,adr_from0001,Goodwill E-Com (test),Goodwill Michiana (test),100 Test Warehouse Rd,,South Bend,IN,46601,US,false,adr_to000821,Test Buyer,,822 Example Ave,,Sampleton,OH,43004,US,true,prcl_000821,10,8,4,30.4,,2026-08-14T13:44:11Z,rate_000821,Priority,USPS,3.65,,false,,114-8715110-2970075,0.00,3.65,0.00,"[{""label_format"":""PDF""},{""print_custom_1"":""ecom""}]",
2026-08-14T13:47:17Z,shp_00006256,9400100000000000006256,delivered,adr_from0001,Goodwill E-Com (test),Goodwill Michiana (test),100 Test Warehouse Rd,,South Bend,IN,46601,US,false,adr_to000822,Test Buyer,,823 Example Ave,,Mocksburg,MI,49001,US,true,prcl_000822,10,8,4,33.6,,2026-08-14T13:47:18Z,rate_000822,GroundAdvantage,USPS,9.99,,false,,SGW-7715075,0.00,9.99,0.00,"[{""label_format"":""PDF""},{""print_custom_1"":""ecom""}]",
2026-08-14T13:47:29Z,shp_00006275,9400100000000000006275,delivered,adr_from0001,Goodwill E-Com (test),Goodwill Michiana (test),100 Test Warehouse Rd,,South Bend,IN,46601,US,false,adr_to000823,Test Buyer,,824 Example Ave,,Fakeport,IL,60601,US,true,prcl_000823,10,8,4,16.0,,2026-08-14T13:47:30Z,rate_000823,GroundAdvantage,USPS,3.77,,false,,112-2615115-1267868,0.00,3.77,0.00,"[{""label_format"":""PDF""},{""print_custom_1"":""ecom""}]",
2026-08-14T13:52:27Z,shp_00006298,9400100000000000006298,delivered,adr_from0001,Goodwill E-Com (test),Goodwill Michiana (test),100 Test Warehouse Rd,,South Bend,IN,46601,US,false,adr_to000824,Test Buyer,,825 Example Ave,,Testville,IN,46601,US,true,prcl_000824,10,8,4,27.2,,2026-08-14T13:52:28Z,rate_000824,GroundAdvantage,USPS,5.19,,false,,03-15166-51833,0.00,5.19,0.00,"[{""label_format"":""PDF""},{""print_custom_1"":""ecom""}]",
2026-08-14T13:53:54Z,shp_00006221,9400100000000000006221,delivered,adr_from0001,Goodwill E-Com (test),Goodwill Michiana (test),100 Test Warehouse Rd,,South Bend,IN,46601,US,false,adr_to000825,Test Buyer,,826 Example Ave,,Sampleton,OH,43004,US,true,prcl_000825,10,8,4,27.2,,2026-08-14T13:53:55Z,rate_000825,GroundAdvantage,USPS,3.83,,false,,111-3414983-0024483,0.00,3.83,0.00,"[{""label_format"":""PDF""},{""print_custom_1"":""ecom""}]",
2026-08-14T13:59:15Z,shp_00006264,9400100000000000006264,delivered,adr_from0001,Goodwill E-Com (test),Goodwill Michiana (test),100 Test Warehouse Rd,,South Bend,IN,46601,US,false,adr_to000826,Test Buyer,,827 Example Ave,,Mocksburg,MI,49001,US,true,prcl_000826,10,8,4,76.8,,2026-08-14T13:59:16Z,rate_000826,GroundAdvantage,USPS,5.78,,false,,SGW-7715095,0.00,5.78,0.00,"[{""label_format"":""PDF""},{""print_custom_1"":""ecom""}]",
2026-08-14T14:05:20Z,shp_00006119,9400100000000000006119,delivered,adr_from0001,Goodwill E-Com (test),Goodwill Michiana (test),100 Test Warehouse Rd,,South Bend,IN,46601,US,false,adr_to000827,Test Buyer,,828 Example Ave,,Fakeport,IL,60601,US,true,prcl_000827,10,8,4,30.4,,2026-08-14T14:05:21Z,rate_000827,GroundAdvantage,USPS,8.22,,false,,SGW-7714725,0.00,8.22,0.00,"[{""label_format"":""PDF""},{""print_custom_1"":""ecom""}]",
2026-08-14T14:11:04Z,shp_00006248,9400100000000000006248,in_transit,adr_from0001,Goodwill E-Com (test),Goodwill Michiana (test),100 Test Warehouse Rd,,South Bend,IN,46601,US,false,adr_to000828,Test Buyer,,829 Example Ave,,Testville,IN,46601,US,true,prcl_000828,10,8,4,9.6,,2026-08-14T14:11:05Z,rate_000828,Priority,USPS,10.15,,false,,SGW-7715062,0.00,10.15,0.00,"[{""label_format"":""PDF""},{""print_custom_1"":""ecom""}]",
2026-08-14T14:11:55Z,shp_00006290,9400100000000000006290,delivered,adr_from0001,Goodwill E-Com (test),Goodwill Michiana (test),100 Test Warehouse Rd,,South Bend,IN,46601,US,false,adr_to000829,Test Buyer,,830 Example Ave,,Sampleton,OH,43004,US,true,prcl_000829,10,8,4,8.0,,2026-08-14T14:11:56Z,rate_000829,GroundAdvantage,USPS,8.53,,false,,06-15154-10459,0.00,8.53,0.00,"[{""label_format"":""PDF""},{""print_custom_1"":""ecom""}]",
2026-08-14T14:25:28Z,shp_00006304,9400100000000000006304,delivered,adr_from0001,Goodwill E-Com (test),Goodwill Michiana (test),100 Test Warehouse Rd,,South Bend,IN,46601,US,false,adr_to000830,Test Buyer,,831 Example Ave,,Mocksburg,MI,49001,US,true,prcl_000830,10,8,4,32.0,,2026-08-14T14:25:29Z,rate_000830,GroundAdvantage,USPS,6.15,,false,,m00000015183,0.00,6.15,0.00,"[{""label_format"":""PDF""},{""print_custom_1"":""ecom""}]",
2026-08-14T14:36:09Z,shp_00006266,9400100000000000006266,delivered,adr_from0001,Goodwill E-Com (test),Goodwill Michiana (test),100 Test Warehouse Rd,,South Bend,IN,46601,US,false,adr_to000831,Test Buyer,,832 Example Ave,,Fakeport,IL,60601,US,true,prcl_000831,10,8,4,16.0,,2026-08-14T14:36:10Z,rate_000831,GroundAdvantage,USPS,3.67,,false,,113-8415100-0816212,0.00,3.67,0.00,"[{""label_format"":""PDF""},{""print_custom_1"":""ecom""}]",
2026-08-14T14:38:02Z,shp_00006268,9400100000000000006268,delivered,adr_from0001,Goodwill E-Com (test),Goodwill Michiana (test),100 Test Warehouse Rd,,South Bend,IN,46601,US,false,adr_to000832,Test Buyer,,833 Example Ave,,Testville,IN,46601,US,true,prcl_000832,10,8,4,43.2,,2026-08-14T14:38:03Z,rate_000832,GroundAdvantage,USPS,3.86,,false,,111-8215102-9750225,0.00,3.86,0.00,"[{""label_format"":""PDF""},{""print_custom_1"":""ecom""}]",
2026-08-14T14:41:46Z,shp_00006219,9400100000000000006219,delivered,adr_from0001,Goodwill E-Com (test),Goodwill Michiana (test),100 Test Warehouse Rd,,South Bend,IN,46601,US,false,adr_to000833,Test Buyer,,834 Example Ave,,Sampleton,OH,43004,US,true,prcl_000833,10,8,4,118.4,,2026-08-14T14:41:47Z,rate_000833,GroundAdvantage,USPS,3.36,,false,,114-3614977-7778392,0.00,3.36,0.00,"[{""label_format"":""PDF""},{""print_custom_1"":""ecom""}]",
2026-08-14T14:47:17Z,shp_00006188,9400100000000000006188,delivered,adr_from0001,Goodwill E-Com (test),Goodwill Michiana (test),100 Test Warehouse Rd,,South Bend,IN,46601,US,false,adr_to000834,Test Buyer,,835 Example Ave,,Mocksburg,MI,49001,US,true,prcl_000834,10,8,4,24.0,,2026-08-14T14:47:18Z,rate_000834,GroundAdvantage,USPS,10.36,,false,,SGW-7714910,0.00,10.36,0.00,"[{""label_format"":""PDF""},{""print_custom_1"":""ecom""}]",
2026-08-14T14:50:14Z,shp_00006292,9400100000000000006292,delivered,adr_from0001,Goodwill E-Com (test),Goodwill Michiana (test),100 Test Warehouse Rd,,South Bend,IN,46601,US,false,adr_to000835,Test Buyer,,836 Example Ave,,Fakeport,IL,60601,US,true,prcl_000835,10,8,4,11.2,,2026-08-14T14:50:15Z,rate_000835,Priority,USPS,7.70,,false,,13-15157-04827,0.00,7.70,0.00,"[{""label_format"":""PDF""},{""print_custom_1"":""ecom""}]",
2026-08-14T14:57:12Z,shp_00006184,9400100000000000006184,delivered,adr_from0001,Goodwill E-Com (test),Goodwill Michiana (test),100 Test Warehouse Rd,,South Bend,IN,46601,US,false,adr_to000836,Test Buyer,,837 Example Ave,,Testville,IN,46601,US,true,prcl_000836,10,8,4,8.0,,2026-08-14T14:57:13Z,rate_000836,Priority,USPS,8.07,,false,,SGW-7714896,0.00,8.07,0.00,"[{""label_format"":""PDF""},{""print_custom_1"":""ecom""}]",
2026-08-14T15:18:22Z,shp_00006208,9400100000000000006208,in_transit,adr_from0001,Goodwill E-Com (test),Goodwill Michiana (test),100 Test Warehouse Rd,,South Bend,IN,46601,US,false,adr_to000837,Test Buyer,,838 Example Ave,,Sampleton,OH,43004,US,true,prcl_000837,10,8,4,16.0,,2026-08-14T15:18:23Z,rate_000837,GroundAdvantage,USPS,5.25,,false,,112-9514960-3783702,0.00,5.25,0.00,"[{""label_format"":""PDF""},{""print_custom_1"":""ecom""}]",
2026-08-14T15:18:37Z,shp_00006261,9400100000000000006261,delivered,adr_from0001,Goodwill E-Com (test),Goodwill Michiana (test),100 Test Warehouse Rd,,South Bend,IN,46601,US,false,adr_to000838,Test Buyer,,839 Example Ave,,Mocksburg,MI,49001,US,true,prcl_000838,10,8,4,44.8,,2026-08-14T15:18:38Z,rate_000838,GroundAdvantage,USPS,7.10,,false,,SGW-7715085,0.00,7.10,0.00,"[{""label_format"":""PDF""},{""print_custom_1"":""ecom""}]",
2026-08-14T15:25:01Z,shp_00006223,9400100000000000006223,delivered,adr_from0001,Goodwill E-Com (test),Goodwill Michiana (test),100 Test Warehouse Rd,,South Bend,IN,46601,US,false,adr_to000839,Test Buyer,,840 Example Ave,,Fakeport,IL,60601,US,true,prcl_000839,10,8,4,20.8,,2026-08-14T15:25:02Z,rate_000839,GroundAdvantage,USPS,3.90,,false,,114-4514985-4581402,0.00,3.90,0.00,"[{""label_format"":""PDF""},{""print_custom_1"":""ecom""}]",
2026-08-14T15:31:45Z,shp_00006241,9400100000000000006241,delivered,adr_from0001,Goodwill E-Com (test),Goodwill Michiana (test),100 Test Warehouse Rd,,South Bend,IN,46601,US,false,adr_to000840,Test Buyer,,841 Example Ave,,Testville,IN,46601,US,true,prcl_000840,10,8,4,40.0,,2026-08-14T15:31:46Z,rate_000840,GroundAdvantage,USPS,12.68,,false,,SGW-7715042,0.00,12.68,0.00,"[{""label_format"":""PDF""},{""print_custom_1"":""ecom""}]",
2026-08-14T15:39:12Z,shp_00006227,9400100000000000006227,delivered,adr_from0001,Goodwill E-Com (test),Goodwill Michiana (test),100 Test Warehouse Rd,,South Bend,IN,46601,US,false,adr_to000841,Test Buyer,,842 Example Ave,,Sampleton,OH,43004,US,true,prcl_000841,10,8,4,14.4,,2026-08-14T15:39:13Z,rate_000841,GroundAdvantage,USPS,3.30,,false,,111-0414990-1280289,0.00,3.30,0.00,"[{""label_format"":""PDF""},{""print_custom_1"":""ecom""}]",
2026-08-14T15:57:37Z,shp_00006214,9400100000000000006214,delivered,adr_from0001,Goodwill E-Com (test),Goodwill Michiana (test),100 Test Warehouse Rd,,South Bend,IN,46601,US,false,adr_to000842,Test Buyer,,843 Example Ave,,Mocksburg,MI,49001,US,true,prcl_000842,10,8,4,9.6,,2026-08-14T15:57:38Z,rate_000842,GroundAdvantage,USPS,5.62,,false,,113-6114967-2295178,0.00,5.62,0.00,"[{""label_format"":""PDF""},{""print_custom_1"":""ecom""}]",
2026-08-14T16:09:33Z,shp_00006270,9400100000000000006270,delivered,adr_from0001,Goodwill E-Com (test),Goodwill Michiana (test),100 Test Warehouse Rd,,South Bend,IN,46601,US,false,adr_to000843,Test Buyer,,844 Example Ave,,Fakeport,IL,60601,US,true,prcl_000843,10,8,4,6.4,,2026-08-14T16:09:34Z,rate_000843,GroundAdvantage,USPS,3.43,,false,,112-1215104-0850683,0.00,3.43,0.00,"[{""label_format"":""PDF""},{""print_custom_1"":""ecom""}]",
2026-08-14T16:18:21Z,shp_00006245,9400100000000000006245,delivered,adr_from0001,Goodwill E-Com (test),Goodwill Michiana (test),100 Test Warehouse Rd,,South Bend,IN,46601,US,false,adr_to000844,Test Buyer,,845 Example Ave,,Testville,IN,46601,US,true,prcl_000844,10,8,4,16.0,,2026-08-14T16:18:22Z,rate_000844,GroundAdvantage,USPS,8.37,,false,,SGW-7715052,0.00,8.37,0.00,"[{""label_format"":""PDF""},{""print_custom_1"":""ecom""}]",
2026-08-14T16:23:14Z,shp_00006280,9400100000000000006280,delivered,adr_from0001,Goodwill E-Com (test),Goodwill Michiana (test),100 Test Warehouse Rd,,South Bend,IN,46601,US,false,adr_to000845,Test Buyer,,846 Example Ave,,Sampleton,OH,43004,US,true,prcl_000845,10,8,4,12.8,,2026-08-14T16:23:15Z,rate_000845,Priority,USPS,3.76,,false,,111-0715121-3837820,0.00,3.76,0.00,"[{""label_format"":""PDF""},{""print_custom_1"":""ecom""}]",
2026-08-14T16:37:23Z,shp_00006190,9400100000000000006190,in_transit,adr_from0001,Goodwill E-Com (test),Goodwill Michiana (test),100 Test Warehouse Rd,,South Bend,IN,46601,US,false,adr_to000846,Test Buyer,,847 Example Ave,,Mocksburg,MI,49001,US,true,prcl_000846,10,8,4,36.8,,2026-08-14T16:37:24Z,rate_000846,GroundAdvantage,USPS,7.89,,false,,SGW-7714913,0.00,7.89,0.00,"[{""label_format"":""PDF""},{""print_custom_1"":""ecom""}]",
2026-08-14T16:52:19Z,shp_00006295,9400100000000000006295,delivered,adr_from0001,Goodwill E-Com (test),Goodwill Michiana (test),100 Test Warehouse Rd,,South Bend,IN,46601,US,false,adr_to000847,Test Buyer,,848 Example Ave,,Fakeport,IL,60601,US,true,prcl_000847,10,8,4,14.4,,2026-08-14T16:52:20Z,rate_000847,GroundAdvantage,USPS,6.79,,false,,15-15161-39565,0.00,6.79,0.00,"[{""label_format"":""PDF""},{""print_custom_1"":""ecom""}]",
2026-08-14T16:56:43Z,shp_00006272,9400100000000000006272,delivered,adr_from0001,Goodwill E-Com (test),Goodwill Michiana (test),100 Test Warehouse Rd,,South Bend,IN,46601,US,false,adr_to000848,Test Buyer,,849 Example Ave,,Testville,IN,46601,US,true,prcl_000848,10,8,4,24.0,,2026-08-14T16:56:44Z,rate_000848,GroundAdvantage,USPS,3.43,,false,,113-2515109-3169748,0.00,3.43,0.00,"[{""label_format"":""PDF""},{""print_custom_1"":""ecom""}]",
2026-08-14T17:03:51Z,shp_00006242,9400100000000000006242,delivered,adr_from0001,Goodwill E-Com (test),Goodwill Michiana (test),100 Test Warehouse Rd,,South Bend,IN,46601,US,false,adr_to000849,Test Buyer,,850 Example Ave,,Sampleton,OH,43004,US,true,prcl_000849,10,8,4,49.6,,2026-08-14T17:03:52Z,rate_000849,Priority,USPS,9.61,,false,,SGW-7715046,0.00,9.61,0.00,"[{""label_format"":""PDF""},{""print_custom_1"":""ecom""}]",
2026-08-14T17:21:09Z,shp_00006250,9400100000000000006250,delivered,adr_from0001,Goodwill E-Com (test),Goodwill Michiana (test),100 Test Warehouse Rd,,South Bend,IN,46601,US,false,adr_to000850,Test Buyer,,851 Example Ave,,Mocksburg,MI,49001,US,true,prcl_000850,10,8,4,59.2,,2026-08-14T17:21:10Z,rate_000850,GroundAdvantage,USPS,14.71,,false,,SGW-7715064,0.00,14.71,0.00,"[{""label_format"":""PDF""},{""print_custom_1"":""ecom""}]",
2026-08-14T17:25:15Z,shp_00006260,9400100000000000006260,delivered,adr_from0001,Goodwill E-Com (test),Goodwill Michiana (test),100 Test Warehouse Rd,,South Bend,IN,46601,US,false,adr_to000851,Test Buyer,,852 Example Ave,,Fakeport,IL,60601,US,true,prcl_000851,10,8,4,8.0,,2026-08-14T17:25:16Z,rate_000851,GroundAdvantage,USPS,11.53,,false,,SGW-7715084,0.00,11.53,0.00,"[{""label_format"":""PDF""},{""print_custom_1"":""ecom""}]",
2026-08-14T17:32:03Z,shp_00006238,9400100000000000006238,delivered,adr_from0001,Goodwill E-Com (test),Goodwill Michiana (test),100 Test Warehouse Rd,,South Bend,IN,46601,US,false,adr_to000852,Test Buyer,,853 Example Ave,,Testville,IN,46601,US,true,prcl_000852,10,8,4,28.8,,2026-08-14T17:32:04Z,rate_000852,GroundAdvantage,USPS,6.46,,false,,SGW-7715038,0.00,6.46,0.00,"[{""label_format"":""PDF""},{""print_custom_1"":""ecom""}]",
2026-08-14T17:43:46Z,shp_00006289,9400100000000000006289,delivered,adr_from0001,Goodwill E-Com (test),Goodwill Michiana (test),100 Test Warehouse Rd,,South Bend,IN,46601,US,false,adr_to000853,Test Buyer,,854 Example Ave,,Sampleton,OH,43004,US,true,prcl_000853,10,8,4,32.0,,2026-08-14T17:43:47Z,rate_000853,GroundAdvantage,USPS,5.26,,false,,18-15149-89800,0.00,5.26,0.00,"[{""label_format"":""PDF""},{""print_custom_1"":""ecom""}]",
2026-08-14T17:47:29Z,shp_00006279,9400100000000000006279,delivered,adr_from0001,Goodwill E-Com (test),Goodwill Michiana (test),100 Test Warehouse Rd,,South Bend,IN,46601,US,false,adr_to000854,Test Buyer,,855 Example Ave,,Mocksburg,MI,49001,US,true,prcl_000854,10,8,4,84.8,,2026-08-14T17:47:30Z,rate_000854,GroundAdvantage,USPS,3.86,,false,,112-5315120-9536373,0.00,3.86,0.00,"[{""label_format"":""PDF""},{""print_custom_1"":""ecom""}]",
2026-08-14T17:53:38Z,shp_00006259,9400100000000000006259,in_transit,adr_from0001,Goodwill E-Com (test),Goodwill Michiana (test),100 Test Warehouse Rd,,South Bend,IN,46601,US,false,adr_to000855,Test Buyer,,856 Example Ave,,Fakeport,IL,60601,US,true,prcl_000855,10,8,4,9.6,,2026-08-14T17:53:39Z,rate_000855,GroundAdvantage,USPS,6.04,,false,,SGW-7715080,0.00,6.04,0.00,"[{""label_format"":""PDF""},{""print_custom_1"":""ecom""}]",
2026-08-14T17:54:39Z,shp_00006288,9400100000000000006288,delivered,adr_from0001,Goodwill E-Com (test),Goodwill Michiana (test),100 Test Warehouse Rd,,South Bend,IN,46601,US,false,adr_to000856,Test Buyer,,857 Example Ave,,Testville,IN,46601,US,true,prcl_000856,10,8,4,40.0,,2026-08-14T17:54:40Z,rate_000856,Priority,USPS,4.98,,false,,112-1115143-6269083,0.00,4.98,0.00,"[{""label_format"":""PDF""},{""print_custom_1"":""ecom""}]",
2026-08-14T18:03:32Z,shp_00006187,9400100000000000006187,delivered,adr_from0001,Goodwill E-Com (test),Goodwill Michiana (test),100 Test Warehouse Rd,,South Bend,IN,46601,US,false,adr_to000857,Test Buyer,,858 Example Ave,,Sampleton,OH,43004,US,true,prcl_000857,10,8,4,19.2,,2026-08-14T18:03:33Z,rate_000857,Priority,USPS,16.41,,false,,SGW-7714906,0.00,16.41,0.00,"[{""label_format"":""PDF""},{""print_custom_1"":""ecom""}]",
2026-08-14T18:08:02Z,shp_00006249,9400100000000000006249,delivered,adr_from0001,Goodwill E-Com (test),Goodwill Michiana (test),100 Test Warehouse Rd,,South Bend,IN,46601,US,false,adr_to000858,Test Buyer,,859 Example Ave,,Mocksburg,MI,49001,US,true,prcl_000858,10,8,4,32.0,,2026-08-14T18:08:03Z,rate_000858,GroundAdvantage,USPS,8.09,,false,,SGW-7715063,0.00,8.09,0.00,"[{""label_format"":""PDF""},{""print_custom_1"":""ecom""}]",
2026-08-14T18:08:39Z,shp_00006283,9400100000000000006283,delivered,adr_from0001,Goodwill E-Com (test),Goodwill Michiana (test),100 Test Warehouse Rd,,South Bend,IN,46601,US,false,adr_to000859,Test Buyer,,860 Example Ave,,Fakeport,IL,60601,US,true,prcl_000859,10,8,4,67.2,,2026-08-14T18:08:40Z,rate_000859,GroundAdvantage,USPS,3.84,,false,,114-2715130-2017066,0.00,3.84,0.00,"[{""label_format"":""PDF""},{""print_custom_1"":""ecom""}]",
2026-08-14T18:09:28Z,shp_00006299,9400100000000000006299,delivered,adr_from0001,Goodwill E-Com (test),Goodwill Michiana (test),100 Test Warehouse Rd,,South Bend,IN,46601,US,false,adr_to000860,Test Buyer,,861 Example Ave,,Testville,IN,46601,US,true,prcl_000860,10,8,4,43.2,,2026-08-14T18:09:29Z,rate_000860,GroundAdvantage,USPS,3.34,,false,,24-15168-68015,0.00,3.34,0.00,"[{""label_format"":""PDF""},{""print_custom_1"":""ecom""}]",
2026-08-14T18:12:32Z,shp_00006297,9400100000000000006297,delivered,adr_from0001,Goodwill E-Com (test),Goodwill Michiana (test),100 Test Warehouse Rd,,South Bend,IN,46601,US,false,adr_to000861,Test Buyer,,862 Example Ave,,Sampleton,OH,43004,US,true,prcl_000861,10,8,4,19.2,,2026-08-14T18:12:33Z,rate_000861,Priority,USPS,4.78,,false,,24-15164-68487,0.00,4.78,0.00,"[{""label_format"":""PDF""},{""print_custom_1"":""ecom""}]",
2026-08-14T18:16:18Z,shp_00006209,9400100000000000006209,delivered,adr_from0001,Goodwill E-Com (test),Goodwill Michiana (test),100 Test Warehouse Rd,,South Bend,IN,46601,US,false,adr_to000862,Test Buyer,,863 Example Ave,,Mocksburg,MI,49001,US,true,prcl_000862,10,8,4,28.8,,2026-08-14T18:16:19Z,rate_000862,Priority,USPS,3.83,,false,,112-0514961-7249693,0.00,3.83,0.00,"[{""label_format"":""PDF""},{""print_custom_1"":""ecom""}]",
2026-08-14T18:30:18Z,shp_00006257,9400100000000000006257,delivered,adr_from0001,Goodwill E-Com (test),Goodwill Michiana (test),100 Test Warehouse Rd,,South Bend,IN,46601,US,false,adr_to000863,Test Buyer,,864 Example Ave,,Fakeport,IL,60601,US,true,prcl_000863,10,8,4,36.8,,2026-08-14T18:30:19Z,rate_000863,GroundAdvantage,USPS,7.84,,false,,SGW-7715076,0.00,7.84,0.00,"[{""label_format"":""PDF""},{""print_custom_1"":""ecom""}]",
2026-08-14T18:41:36Z,shp_00006235,9400100000000000006235,in_transit,adr_from0001,Goodwill E-Com (test),Goodwill Michiana (test),100 Test Warehouse Rd,,South Bend,IN,46601,US,false,adr_to000864,Test Buyer,,865 Example Ave,,Testville,IN,46601,US,true,prcl_000864,10,8,4,12.8,,2026-08-14T18:41:37Z,rate_000864,GroundAdvantage,USPS,6.16,,false,,m00000015022,0.00,6.16,0.00,"[{""label_format"":""PDF""},{""print_custom_1"":""ecom""}]",
2026-08-14T18:42:24Z,shp_00006195,9400100000000000006195,delivered,adr_from0001,Goodwill E-Com (test),Goodwill Michiana (test),100 Test Warehouse Rd,,South Bend,IN,46601,US,false,adr_to000865,Test Buyer,,866 Example Ave,,Sampleton,OH,43004,US,true,prcl_000865,10,8,4,12.8,,2026-08-14T18:42:25Z,rate_000865,GroundAdvantage,USPS,8.96,,false,,SGW-7714925,0.00,8.96,0.00,"[{""label_format"":""PDF""},{""print_custom_1"":""ecom""}]",
2026-08-14T18:54:21Z,shp_00006253,9400100000000000006253,delivered,adr_from0001,Goodwill E-Com (test),Goodwill Michiana (test),100 Test Warehouse Rd,,South Bend,IN,46601,US,false,adr_to000866,Test Buyer,,867 Example Ave,,Mocksburg,MI,49001,US,true,prcl_000866,10,8,4,44.8,,2026-08-14T18:54:22Z,rate_000866,Priority,USPS,9.84,,false,,SGW-7715067,0.00,9.84,0.00,"[{""label_format"":""PDF""},{""print_custom_1"":""ecom""}]",
2026-08-14T19:05:52Z,shp_00006211,9400100000000000006211,delivered,adr_from0001,Goodwill E-Com (test),Goodwill Michiana (test),100 Test Warehouse Rd,,South Bend,IN,46601,US,false,adr_to000867,Test Buyer,,868 Example Ave,,Fakeport,IL,60601,US,true,prcl_000867,10,8,4,12.8,,2026-08-14T19:05:53Z,rate_000867,GroundAdvantage,USPS,3.33,,false,,114-2114963-2343446,0.00,3.33,0.00,"[{""label_format"":""PDF""},{""print_custom_1"":""ecom""}]",
2026-08-14T19:15:02Z,shp_00006236,9400100000000000006236,delivered,adr_from0001,Goodwill E-Com (test),Goodwill Michiana (test),100 Test Warehouse Rd,,South Bend,IN,46601,US,false,adr_to000868,Test Buyer,,869 Example Ave,,Testville,IN,46601,US,true,prcl_000868,10,8,4,52.8,,2026-08-14T19:15:03Z,rate_000868,GroundAdvantage,USPS,6.00,,false,,m00000015024,0.00,6.00,0.00,"[{""label_format"":""PDF""},{""print_custom_1"":""ecom""}]",
2026-08-14T19:17:39Z,shp_00006246,9400100000000000006246,delivered,adr_from0001,Goodwill E-Com (test),Goodwill Michiana (test),100 Test Warehouse Rd,,South Bend,IN,46601,US,false,adr_to000869,Test Buyer,,870 Example Ave,,Sampleton,OH,43004,US,true,prcl_000869,10,8,4,12.8,,2026-08-14T19:17:40Z,rate_000869,Priority,USPS,9.65,,false,,SGW-7715057,0.00,9.65,0.00,"[{""label_format"":""PDF""},{""print_custom_1"":""ecom""}]",
2026-08-14T19:30:02Z,shp_00006265,9400100000000000006265,delivered,adr_from0001,Goodwill E-Com (test),Goodwill Michiana (test),100 Test Warehouse Rd,,South Bend,IN,46601,US,false,adr_to000870,Test Buyer,,871 Example Ave,,Mocksburg,MI,49001,US,true,prcl_000870,10,8,4,6.4,,2026-08-14T19:30:03Z,rate_000870,GroundAdvantage,USPS,7.81,,false,,SGW-7715097,0.00,7.81,0.00,"[{""label_format"":""PDF""},{""print_custom_1"":""ecom""}]",
2026-08-14T19:38:05Z,shp_00006286,9400100000000000006286,delivered,adr_from0001,Goodwill E-Com (test),Goodwill Michiana (test),100 Test Warehouse Rd,,South Bend,IN,46601,US,false,adr_to000871,Test Buyer,,872 Example Ave,,Fakeport,IL,60601,US,true,prcl_000871,10,8,4,11.2,,2026-08-14T19:38:06Z,rate_000871,GroundAdvantage,USPS,3.37,,false,,113-3915137-3098013,0.00,3.37,0.00,"[{""label_format"":""PDF""},{""print_custom_1"":""ecom""}]",
2026-08-14T19:50:02Z,shp_00006267,9400100000000000006267,delivered,adr_from0001,Goodwill E-Com (test),Goodwill Michiana (test),100 Test Warehouse Rd,,South Bend,IN,46601,US,false,adr_to000872,Test Buyer,,873 Example Ave,,Testville,IN,46601,US,true,prcl_000872,10,8,4,32.0,,2026-08-14T19:50:03Z,rate_000872,GroundAdvantage,USPS,3.36,,false,,114-4115101-9190352,0.00,3.36,0.00,"[{""label_format"":""PDF""},{""print_custom_1"":""ecom""}]",
2026-08-14T19:51:24Z,shp_00006276,9400100000000000006276,in_transit,adr_from0001,Goodwill E-Com (test),Goodwill Michiana (test),100 Test Warehouse Rd,,South Bend,IN,46601,US,false,adr_to000873,Test Buyer,,874 Example Ave,,Sampleton,OH,43004,US,true,prcl_000873,10,8,4,48.0,,2026-08-14T19:51:25Z,rate_000873,GroundAdvantage,USPS,3.61,,false,,111-7515116-5978669,0.00,3.61,0.00,"[{""label_format"":""PDF""},{""print_custom_1"":""ecom""}]",
2026-08-14T19:54:14Z,shp_00006247,9400100000000000006247,delivered,adr_from0001,Goodwill E-Com (test),Goodwill Michiana (test),100 Test Warehouse Rd,,South Bend,IN,46601,US,false,adr_to000874,Test Buyer,,875 Example Ave,,Mocksburg,MI,49001,US,true,prcl_000874,10,8,4,24.0,,2026-08-14T19:54:15Z,rate_000874,GroundAdvantage,USPS,10.58,,false,,SGW-7715059,0.00,10.58,0.00,"[{""label_format"":""PDF""},{""print_custom_1"":""ecom""}]",
2026-08-14T19:55:47Z,shp_00006302,9400100000000000006302,delivered,adr_from0001,Goodwill E-Com (test),Goodwill Michiana (test),100 Test Warehouse Rd,,South Bend,IN,46601,US,false,adr_to000875,Test Buyer,,876 Example Ave,,Fakeport,IL,60601,US,true,prcl_000875,10,8,4,22.4,,2026-08-14T19:55:48Z,rate_000875,Priority,USPS,5.76,,false,,m00000015174,0.00,5.76,0.00,"[{""label_format"":""PDF""},{""print_custom_1"":""ecom""}]",
2026-08-14T19:59:15Z,shp_00006254,9400100000000000006254,delivered,adr_from0001,Goodwill E-Com (test),Goodwill Michiana (test),100 Test Warehouse Rd,,South Bend,IN,46601,US,false,adr_to000876,Test Buyer,,877 Example Ave,,Testville,IN,46601,US,true,prcl_000876,10,8,4,32.0,,2026-08-14T19:59:16Z,rate_000876,GroundAdvantage,USPS,7.14,,false,,SGW-7715068,0.00,7.14,0.00,"[{""label_format"":""PDF""},{""print_custom_1"":""ecom""}]",
2026-08-14T20:03:32Z,shp_00006239,9400100000000000006239,delivered,adr_from0001,Goodwill E-Com (test),Goodwill Michiana (test),100 Test Warehouse Rd,,South Bend,IN,46601,US,false,adr_to000877,Test Buyer,,878 Example Ave,,Sampleton,OH,43004,US,true,prcl_000877,10,8,4,62.4,,2026-08-14T20:03:33Z,rate_000877,GroundAdvantage,USPS,8.74,,false,,SGW-7715039,0.00,8.74,0.00,"[{""label_format"":""PDF""},{""print_custom_1"":""ecom""}]",
2026-08-14T20:09:05Z,shp_00006269,9400100000000000006269,delivered,adr_from0001,Goodwill E-Com (test),Goodwill Michiana (test),100 Test Warehouse Rd,,South Bend,IN,46601,US,false,adr_to000878,Test Buyer,,879 Example Ave,,Mocksburg,MI,49001,US,true,prcl_000878,10,8,4,19.2,,2026-08-14T20:09:06Z,rate_000878,GroundAdvantage,USPS,3.41,,false,,112-8615103-5100234,0.00,3.41,0.00,"[{""label_format"":""PDF""},{""print_custom_1"":""ecom""}]",
2026-08-14T20:16:32Z,shp_00006230,9400100000000000006230,delivered,adr_from0001,Goodwill E-Com (test),Goodwill Michiana (test),100 Test Warehouse Rd,,South Bend,IN,46601,US,false,adr_to000879,Test Buyer,,880 Example Ave,,Fakeport,IL,60601,US,true,prcl_000879,10,8,4,28.8,,2026-08-14T20:16:33Z,rate_000879,GroundAdvantage,USPS,5.72,,false,,113-2814995-5371939,0.00,5.72,0.00,"[{""label_format"":""PDF""},{""print_custom_1"":""ecom""}]",
2026-08-14T20:20:01Z,shp_00006229,9400100000000000006229,unknown,adr_from0001,Goodwill E-Com (test),Goodwill Michiana (test),100 Test Warehouse Rd,,South Bend,IN,46601,US,false,adr_to000880,Test Buyer,,881 Example Ave,,Testville,IN,46601,US,true,prcl_000880,10,8,4,12.8,,2026-08-14T20:20:02Z,rate_000880,GroundAdvantage,USPS,3.42,,false,refunded,112-7114993-3566182,0.00,3.42,0.00,"[{""label_format"":""PDF""},{""print_custom_1"":""ecom""}]",
2026-08-14T20:33:33Z,shp_00006293,9400100000000000006293,delivered,adr_from0001,Goodwill E-Com (test),Goodwill Michiana (test),100 Test Warehouse Rd,,South Bend,IN,46601,US,false,adr_to000881,Test Buyer,,882 Example Ave,,Sampleton,OH,43004,US,true,prcl_000881,10,8,4,142.4,,2026-08-14T20:33:34Z,rate_000881,GroundAdvantage,USPS,6.30,,false,,03-15158-64215,0.00,6.30,0.00,"[{""label_format"":""PDF""},{""print_custom_1"":""ecom""}]",
2026-08-14T20:38:06Z,shp_00006215,9400100000000000006215,in_transit,adr_from0001,Goodwill E-Com (test),Goodwill Michiana (test),100 Test Warehouse Rd,,South Bend,IN,46601,US,false,adr_to000882,Test Buyer,,883 Example Ave,,Mocksburg,MI,49001,US,true,prcl_000882,10,8,4,41.6,,2026-08-14T20:38:07Z,rate_000882,GroundAdvantage,USPS,3.45,,false,,111-3914970-5856755,0.00,3.45,0.00,"[{""label_format"":""PDF""},{""print_custom_1"":""ecom""}]",
2026-08-14T20:48:12Z,shp_00006296,9400100000000000006296,delivered,adr_from0001,Goodwill E-Com (test),Goodwill Michiana (test),100 Test Warehouse Rd,,South Bend,IN,46601,US,false,adr_to000883,Test Buyer,,884 Example Ave,,Fakeport,IL,60601,US,true,prcl_000883,10,8,4,12.8,,2026-08-14T20:48:13Z,rate_000883,GroundAdvantage,USPS,7.42,,false,,12-15162-00369,0.00,7.42,0.00,"[{""label_format"":""PDF""},{""print_custom_1"":""ecom""}]",
2026-08-14T20:48:55Z,shp_00006244,9400100000000000006244,delivered,adr_from0001,Goodwill E-Com (test),Goodwill Michiana (test),100 Test Warehouse Rd,,South Bend,IN,46601,US,false,adr_to000884,Test Buyer,,885 Example Ave,,Testville,IN,46601,US,true,prcl_000884,10,8,4,41.6,,2026-08-14T20:48:56Z,rate_000884,GroundAdvantage,USPS,5.53,,false,,SGW-7715050,0.00,5.53,0.00,"[{""label_format"":""PDF""},{""print_custom_1"":""ecom""}]",
2026-08-14T20:57:46Z,shp_00006294,9400100000000000006294,delivered,adr_from0001,Goodwill E-Com (test),Goodwill Michiana (test),100 Test Warehouse Rd,,South Bend,IN,46601,US,false,adr_to000885,Test Buyer,,886 Example Ave,,Sampleton,OH,43004,US,true,prcl_000885,10,8,4,20.8,,2026-08-14T20:57:47Z,rate_000885,GroundAdvantage,USPS,6.87,,false,,07-15160-52837,0.00,6.87,0.00,"[{""label_format"":""PDF""},{""print_custom_1"":""ecom""}]",
2026-08-14T20:57:57Z,shp_00006263,9400100000000000006263,delivered,adr_from0001,Goodwill E-Com (test),Goodwill Michiana (test),100 Test Warehouse Rd,,South Bend,IN,46601,US,false,adr_to000886,Test Buyer,,887 Example Ave,,Mocksburg,MI,49001,US,true,prcl_000886,10,8,4,32.0,,2026-08-14T20:57:58Z,rate_000886,Priority,USPS,8.37,,false,,SGW-7715088,0.00,8.37,0.00,"[{""label_format"":""PDF""},{""print_custom_1"":""ecom""}]",
2026-08-15T13:03:34Z,shp_00006258,9400100000000000006258,delivered,adr_from0001,Goodwill E-Com (test),Goodwill Michiana (test),100 Test Warehouse Rd,,South Bend,IN,46601,US,false,adr_to000887,Test Buyer,,888 Example Ave,,Fakeport,IL,60601,US,true,prcl_000887,10,8,4,38.4,,2026-08-15T13:03:35Z,rate_000887,GroundAdvantage,USPS,11.59,,false,,SGW-7715077,0.00,11.59,0.00,"[{""label_format"":""PDF""},{""print_custom_1"":""ecom""}]",
2026-08-15T13:05:31Z,shp_00006307,9400100000000000006307,delivered,adr_from0001,Goodwill E-Com (test),Goodwill Michiana (test),100 Test Warehouse Rd,,South Bend,IN,46601,US,false,adr_to000888,Test Buyer,,889 Example Ave,,Testville,IN,46601,US,true,prcl_000888,10,8,4,60.8,,2026-08-15T13:05:32Z,rate_000888,Priority,USPS,8.96,,false,,SGW-7715192,0.00,8.96,0.00,"[{""label_format"":""PDF""},{""print_custom_1"":""ecom""}]",
2026-08-15T13:06:30Z,shp_00006337,9400100000000000006337,delivered,adr_from0001,Goodwill E-Com (test),Goodwill Michiana (test),100 Test Warehouse Rd,,South Bend,IN,46601,US,false,adr_to000889,Test Buyer,,890 Example Ave,,Sampleton,OH,43004,US,true,prcl_000889,10,8,4,19.2,,2026-08-15T13:06:31Z,rate_000889,GroundAdvantage,USPS,5.36,,false,,112-5015258-0490461,0.00,5.36,0.00,"[{""label_format"":""PDF""},{""print_custom_1"":""ecom""}]",
2026-08-15T13:09:36Z,shp_00006336,9400100000000000006336,delivered,adr_from0001,Goodwill E-Com (test),Goodwill Michiana (test),100 Test Warehouse Rd,,South Bend,IN,46601,US,false,adr_to000890,Test Buyer,,891 Example Ave,,Mocksburg,MI,49001,US,true,prcl_000890,10,8,4,32.0,,2026-08-15T13:09:37Z,rate_000890,GroundAdvantage,USPS,5.32,,false,,113-1215255-9716669,0.00,5.32,0.00,"[{""label_format"":""PDF""},{""print_custom_1"":""ecom""}]",
2026-08-15T13:12:05Z,shp_00006331,9400100000000000006331,in_transit,adr_from0001,Goodwill E-Com (test),Goodwill Michiana (test),100 Test Warehouse Rd,,South Bend,IN,46601,US,false,adr_to000891,Test Buyer,,892 Example Ave,,Fakeport,IL,60601,US,true,prcl_000891,10,8,4,20.8,,2026-08-15T13:12:06Z,rate_000891,GroundAdvantage,USPS,8.80,,false,,SGW-7715244,0.00,8.80,0.00,"[{""label_format"":""PDF""},{""print_custom_1"":""ecom""}]",
2026-08-15T13:22:09Z,shp_00006271,9400100000000000006271,delivered,adr_from0001,Goodwill E-Com (test),Goodwill Michiana (test),100 Test Warehouse Rd,,South Bend,IN,46601,US,false,adr_to000892,Test Buyer,,893 Example Ave,,Testville,IN,46601,US,true,prcl_000892,10,8,4,41.6,,2026-08-15T13:22:10Z,rate_000892,GroundAdvantage,USPS,5.42,,false,,114-0515106-3633687,0.00,5.42,0.00,"[{""label_format"":""PDF""},{""print_custom_1"":""ecom""}]",
2026-08-15T13:22:24Z,shp_00006371,9400100000000000006371,delivered,adr_from0001,Goodwill E-Com (test),Goodwill Michiana (test),100 Test Warehouse Rd,,South Bend,IN,46601,US,false,adr_to000893,Test Buyer,,894 Example Ave,,Sampleton,OH,43004,US,true,prcl_000893,10,8,4,16.0,,2026-08-15T13:22:25Z,rate_000893,GroundAdvantage,USPS,6.29,,false,,m00000015334,0.00,6.29,0.00,"[{""label_format"":""PDF""},{""print_custom_1"":""ecom""}]",
2026-08-15T13:31:35Z,shp_00006362,9400100000000000006362,delivered,adr_from0001,Goodwill E-Com (test),Goodwill Michiana (test),100 Test Warehouse Rd,,South Bend,IN,46601,US,false,adr_to000894,Test Buyer,,895 Example Ave,,Mocksburg,MI,49001,US,true,prcl_000894,10,8,4,19.2,,2026-08-15T13:31:36Z,rate_000894,GroundAdvantage,USPS,9.53,,false,,06-15309-63314,0.00,9.53,0.00,"[{""label_format"":""PDF""},{""print_custom_1"":""ecom""}]",
2026-08-15T13:32:03Z,shp_00006326,9400100000000000006326,delivered,adr_from0001,Goodwill E-Com (test),Goodwill Michiana (test),100 Test Warehouse Rd,,South Bend,IN,46601,US,false,adr_to000895,Test Buyer,,896 Example Ave,,Fakeport,IL,60601,US,true,prcl_000895,10,8,4,12.8,,2026-08-15T13:32:04Z,rate_000895,Priority,USPS,9.47,,false,,SGW-7715235,0.00,9.47,0.00,"[{""label_format"":""PDF""},{""print_custom_1"":""ecom""}]",
2026-08-15T13:53:50Z,shp_00006328,9400100000000000006328,delivered,adr_from0001,Goodwill E-Com (test),Goodwill Michiana (test),100 Test Warehouse Rd,,South Bend,IN,46601,US,false,adr_to000896,Test Buyer,,897 Example Ave,,Testville,IN,46601,US,true,prcl_000896,10,8,4,30.4,,2026-08-15T13:53:51Z,rate_000896,GroundAdvantage,USPS,14.59,,false,,SGW-7715237,0.00,14.59,0.00,"[{""label_format"":""PDF""},{""print_custom_1"":""ecom""}]",
2026-08-15T13:57:02Z,shp_00006356,9400100000000000006356,delivered,adr_from0001,Goodwill E-Com (test),Goodwill Michiana (test),100 Test Warehouse Rd,,South Bend,IN,46601,US,false,adr_to000897,Test Buyer,,898 Example Ave,,Sampleton,OH,43004,US,true,prcl_000897,10,8,4,9.6,,2026-08-15T13:57:03Z,rate_000897,GroundAdvantage,USPS,3.47,,false,,112-3115291-6023088,0.00,3.47,0.00,"[{""label_format"":""PDF""},{""print_custom_1"":""ecom""}]",
2026-08-15T14:20:54Z,shp_00006305,9400100000000000006305,delivered,adr_from0001,Goodwill E-Com (test),Goodwill Michiana (test),100 Test Warehouse Rd,,South Bend,IN,46601,US,false,adr_to000898,Test Buyer,,899 Example Ave,,Mocksburg,MI,49001,US,true,prcl_000898,10,8,4,12.8,,2026-08-15T14:20:55Z,rate_000898,GroundAdvantage,USPS,12.54,,false,,SGW-7715189,0.00,12.54,0.00,"[{""label_format"":""PDF""},{""print_custom_1"":""ecom""}]",
2026-08-15T14:22:55Z,shp_00006312,9400100000000000006312,delivered,adr_from0001,Goodwill E-Com (test),Goodwill Michiana (test),100 Test Warehouse Rd,,South Bend,IN,46601,US,false,adr_to000899,Test Buyer,,900 Example Ave,,Fakeport,IL,60601,US,true,prcl_000899,10,8,4,11.2,,2026-08-15T14:22:56Z,rate_000899,GroundAdvantage,USPS,9.95,,false,,SGW-7715201,0.00,9.95,0.00,"[{""label_format"":""PDF""},{""print_custom_1"":""ecom""}]",
2026-08-15T14:26:15Z,shp_00006320,9400100000000000006320,in_transit,adr_from0001,Goodwill E-Com (test),Goodwill Michiana (test),100 Test Warehouse Rd,,South Bend,IN,46601,US,false,adr_to000900,Test Buyer,,1 Example Ave,,Testville,IN,46601,US,true,prcl_000900,10,8,4,43.2,,2026-08-15T14:26:16Z,rate_000900,Priority,USPS,14.83,,false,,SGW-7715221,0.00,14.83,0.00,"[{""label_format"":""PDF""},{""print_custom_1"":""ecom""}]",
2026-08-15T14:26:31Z,shp_00006324,9400100000000000006324,delivered,adr_from0001,Goodwill E-Com (test),Goodwill Michiana (test),100 Test Warehouse Rd,,South Bend,IN,46601,US,false,adr_to000901,Test Buyer,,2 Example Ave,,Sampleton,OH,43004,US,true,prcl_000901,10,8,4,49.6,,2026-08-15T14:26:32Z,rate_000901,GroundAdvantage,USPS,8.69,,false,,SGW-7715233,0.00,8.69,0.00,"[{""label_format"":""PDF""},{""print_custom_1"":""ecom""}]",
2026-08-15T14:47:52Z,shp_00006285,9400100000000000006285,delivered,adr_from0001,Goodwill E-Com (test),Goodwill Michiana (test),100 Test Warehouse Rd,,South Bend,IN,46601,US,false,adr_to000902,Test Buyer,,3 Example Ave,,Mocksburg,MI,49001,US,true,prcl_000902,10,8,4,33.6,,2026-08-15T14:47:53Z,rate_000902,GroundAdvantage,USPS,3.42,,false,,111-2015134-3040919,0.00,3.42,0.00,"[{""label_format"":""PDF""},{""print_custom_1"":""ecom""}]",
2026-08-15T14:52:59Z,shp_00006349,9400100000000000006349,delivered,adr_from0001,Goodwill E-Com (test),Goodwill Michiana (test),100 Test Warehouse Rd,,South Bend,IN,46601,US,false,adr_to000903,Test Buyer,,4 Example Ave,,Fakeport,IL,60601,US,true,prcl_000903,10,8,4,12.8,,2026-08-15T14:53:00Z,rate_000903,GroundAdvantage,USPS,3.56,,false,,111-6915280-3353059,0.00,3.56,0.00,"[{""label_format"":""PDF""},{""print_custom_1"":""ecom""}]",
2026-08-15T15:02:38Z,shp_00006358,9400100000000000006358,delivered,adr_from0001,Goodwill E-Com (test),Goodwill Michiana (test),100 Test Warehouse Rd,,South Bend,IN,46601,US,false,adr_to000904,Test Buyer,,5 Example Ave,,Testville,IN,46601,US,true,prcl_000904,10,8,4,11.2,,2026-08-15T15:02:39Z,rate_000904,Priority,USPS,3.77,,false,,112-1615298-8749316,0.00,3.77,0.00,"[{""label_format"":""PDF""},{""print_custom_1"":""ecom""}]",
2026-08-15T15:11:49Z,shp_00006251,9400100000000000006251,delivered,adr_from0001,Goodwill E-Com (test),Goodwill Michiana (test),100 Test Warehouse Rd,,South Bend,IN,46601,US,false,adr_to000905,Test Buyer,,6 Example Ave,,Sampleton,OH,43004,US,true,prcl_000905,10,8,4,43.2,,2026-08-15T15:11:50Z,rate_000905,GroundAdvantage,USPS,7.67,,false,,SGW-7715065,0.00,7.67,0.00,"[{""label_format"":""PDF""},{""print_custom_1"":""ecom""}]",
2026-08-15T15:14:41Z,shp_00006352,9400100000000000006352,delivered,adr_from0001,Goodwill E-Com (test),Goodwill Michiana (test),100 Test Warehouse Rd,,South Bend,IN,46601,US,false,adr_to000906,Test Buyer,,7 Example Ave,,Mocksburg,MI,49001,US,true,prcl_000906,10,8,4,59.2,,2026-08-15T15:14:42Z,rate_000906,GroundAdvantage,USPS,5.13,,false,,112-4915285-1741216,0.00,5.13,0.00,"[{""label_format"":""PDF""},{""print_custom_1"":""ecom""}]",
2026-08-15T15:14:56Z,shp_00006347,9400100000000000006347,delivered,adr_from0001,Goodwill E-Com (test),Goodwill Michiana (test),100 Test Warehouse Rd,,South Bend,IN,46601,US,false,adr_to000907,Test Buyer,,8 Example Ave,,Fakeport,IL,60601,US,true,prcl_000907,10,8,4,17.6,,2026-08-15T15:14:57Z,rate_000907,Priority,USPS,5.17,,false,,114-8615276-7142976,0.00,5.17,0.00,"[{""label_format"":""PDF""},{""print_custom_1"":""ecom""}]",
2026-08-15T15:22:51Z,shp_00006339,9400100000000000006339,delivered,adr_from0001,Goodwill E-Com (test),Goodwill Michiana (test),100 Test Warehouse Rd,,South Bend,IN,46601,US,false,adr_to000908,Test Buyer,,9 Example Ave,,Testville,IN,46601,US,true,prcl_000908,10,8,4,38.4,,2026-08-15T15:22:52Z,rate_000908,Priority,USPS,3.36,,false,,112-6015264-3678513,0.00,3.36,0.00,"[{""label_format"":""PDF""},{""print_custom_1"":""ecom""}]",
2026-08-15T15:27:48Z,shp_00006342,9400100000000000006342,in_transit,adr_from0001,Goodwill E-Com (test),Goodwill Michiana (test),100 Test Warehouse Rd,,South Bend,IN,46601,US,false,adr_to000909,Test Buyer,,10 Example Ave,,Sampleton,OH,43004,US,true,prcl_000909,10,8,4,57.6,,2026-08-15T15:27:49Z,rate_000909,GroundAdvantage,USPS,3.85,,false,,111-5015267-7494608,0.00,3.85,0.00,"[{""label_format"":""PDF""},{""print_custom_1"":""ecom""}]",
2026-08-15T15:32:41Z,shp_00006351,9400100000000000006351,delivered,adr_from0001,Goodwill E-Com (test),Goodwill Michiana (test),100 Test Warehouse Rd,,South Bend,IN,46601,US,false,adr_to000910,Test Buyer,,11 Example Ave,,Mocksburg,MI,49001,US,true,prcl_000910,10,8,4,68.8,,2026-08-15T15:32:42Z,rate_000910,GroundAdvantage,USPS,3.89,,false,,112-7615284-1073598,0.00,3.89,0.00,"[{""label_format"":""PDF""},{""print_custom_1"":""ecom""}]",
2026-08-15T15:46:18Z,shp_00006277,9400100000000000006277,delivered,adr_from0001,Goodwill E-Com (test),Goodwill Michiana (test),100 Test Warehouse Rd,,South Bend,IN,46601,US,false,adr_to000911,Test Buyer,,12 Example Ave,,Fakeport,IL,60601,US,true,prcl_000911,10,8,4,56.0,,2026-08-15T15:46:19Z,rate_000911,GroundAdvantage,USPS,3.90,,false,,112-7515118-6014155,0.00,3.90,0.00,"[{""label_format"":""PDF""},{""print_custom_1"":""ecom""}]",
2026-08-15T15:46:47Z,shp_00006338,9400100000000000006338,delivered,adr_from0001,Goodwill E-Com (test),Goodwill Michiana (test),100 Test Warehouse Rd,,South Bend,IN,46601,US,false,adr_to000912,Test Buyer,,13 Example Ave,,Testville,IN,46601,US,true,prcl_000912,10,8,4,32.0,,2026-08-15T15:46:48Z,rate_000912,GroundAdvantage,USPS,3.40,,false,,113-9015263-9354588,0.00,3.40,0.00,"[{""label_format"":""PDF""},{""print_custom_1"":""ecom""}]",
2026-08-15T15:48:31Z,shp_00006262,9400100000000000006262,delivered,adr_from0001,Goodwill E-Com (test),Goodwill Michiana (test),100 Test Warehouse Rd,,South Bend,IN,46601,US,false,adr_to000913,Test Buyer,,14 Example Ave,,Sampleton,OH,43004,US,true,prcl_000913,10,8,4,60.8,,2026-08-15T15:48:32Z,rate_000913,GroundAdvantage,USPS,8.20,,false,,SGW-7715087,0.00,8.20,0.00,"[{""label_format"":""PDF""},{""print_custom_1"":""ecom""}]",
2026-08-15T15:54:01Z,shp_00006357,9400100000000000006357,delivered,adr_from0001,Goodwill E-Com (test),Goodwill Michiana (test),100 Test Warehouse Rd,,South Bend,IN,46601,US,false,adr_to000914,Test Buyer,,15 Example Ave,,Mocksburg,MI,49001,US,true,prcl_000914,10,8,4,54.4,,2026-08-15T15:54:02Z,rate_000914,GroundAdvantage,USPS,3.57,,false,,112-5015296-1911536,0.00,3.57,0.00,"[{""label_format"":""PDF""},{""print_custom_1"":""ecom""}]",
2026-08-15T15:56:28Z,shp_00006353,9400100000000000006353,delivered,adr_from0001,Goodwill E-Com (test),Goodwill Michiana (test),100 Test Warehouse Rd,,South Bend,IN,46601,US,false,adr_to000915,Test Buyer,,16 Example Ave,,Fakeport,IL,60601,US,true,prcl_000915,10,8,4,27.2,,2026-08-15T15:56:29Z,rate_000915,Priority,USPS,3.71,,false,,111-9715286-8030233,0.00,3.71,0.00,"[{""label_format"":""PDF""},{""print_custom_1"":""ecom""}]",
2026-08-15T15:57:16Z,shp_00006301,9400100000000000006301,delivered,adr_from0001,Goodwill E-Com (test),Goodwill Michiana (test),100 Test Warehouse Rd,,South Bend,IN,46601,US,false,adr_to000916,Test Buyer,,17 Example Ave,,Testville,IN,46601,US,true,prcl_000916,10,8,4,97.6,,2026-08-15T15:57:17Z,rate_000916,GroundAdvantage,USPS,4.45,,false,,20-15173-01664,0.00,4.45,0.00,"[{""label_format"":""PDF""},{""print_custom_1"":""ecom""}]",
2026-08-15T16:04:13Z,shp_00006196,9400100000000000006196,delivered,adr_from0001,Goodwill E-Com (test),Goodwill Michiana (test),100 Test Warehouse Rd,,South Bend,IN,46601,US,false,adr_to000917,Test Buyer,,18 Example Ave,,Sampleton,OH,43004,US,true,prcl_000917,10,8,4,20.8,,2026-08-15T16:04:14Z,rate_000917,GroundAdvantage,USPS,11.45,,false,,SGW-7714926,0.00,11.45,0.00,"[{""label_format"":""PDF""},{""print_custom_1"":""ecom""}]",
2026-08-15T16:06:43Z,shp_00006329,9400100000000000006329,in_transit,adr_from0001,Goodwill E-Com (test),Goodwill Michiana (test),100 Test Warehouse Rd,,South Bend,IN,46601,US,false,adr_to000918,Test Buyer,,19 Example Ave,,Mocksburg,MI,49001,US,true,prcl_000918,10,8,4,25.6,,2026-08-15T16:06:44Z,rate_000918,Priority,USPS,7.35,,false,,SGW-7715238,0.00,7.35,0.00,"[{""label_format"":""PDF""},{""print_custom_1"":""ecom""}]",
2026-08-15T16:09:02Z,shp_00006359,9400100000000000006359,delivered,adr_from0001,Goodwill E-Com (test),Goodwill Michiana (test),100 Test Warehouse Rd,,South Bend,IN,46601,US,false,adr_to000919,Test Buyer,,20 Example Ave,,Fakeport,IL,60601,US,true,prcl_000919,10,8,4,83.2,,2026-08-15T16:09:03Z,rate_000919,Priority,USPS,3.69,,false,,111-7215303-5242343,0.00,3.69,0.00,"[{""label_format"":""PDF""},{""print_custom_1"":""ecom""}]",
2026-08-15T16:14:10Z,shp_00006313,9400100000000000006313,delivered,adr_from0001,Goodwill E-Com (test),Goodwill Michiana (test),100 Test Warehouse Rd,,South Bend,IN,46601,US,false,adr_to000920,Test Buyer,,21 Example Ave,,Testville,IN,46601,US,true,prcl_000920,10,8,4,19.2,,2026-08-15T16:14:11Z,rate_000920,GroundAdvantage,USPS,12.01,,false,,SGW-7715205,0.00,12.01,0.00,"[{""label_format"":""PDF""},{""print_custom_1"":""ecom""}]",
2026-08-15T16:14:50Z,shp_00006333,9400100000000000006333,delivered,adr_from0001,Goodwill E-Com (test),Goodwill Michiana (test),100 Test Warehouse Rd,,South Bend,IN,46601,US,false,adr_to000921,Test Buyer,,22 Example Ave,,Sampleton,OH,43004,US,true,prcl_000921,10,8,4,24.0,,2026-08-15T16:14:51Z,rate_000921,GroundAdvantage,USPS,15.81,,false,,SGW-7715248,0.00,15.81,0.00,"[{""label_format"":""PDF""},{""print_custom_1"":""ecom""}]",
2026-08-15T16:19:13Z,shp_00006306,9400100000000000006306,delivered,adr_from0001,Goodwill E-Com (test),Goodwill Michiana (test),100 Test Warehouse Rd,,South Bend,IN,46601,US,false,adr_to000922,Test Buyer,,23 Example Ave,,Mocksburg,MI,49001,US,true,prcl_000922,10,8,4,59.2,,2026-08-15T16:19:14Z,rate_000922,GroundAdvantage,USPS,6.94,,false,,SGW-7715191,0.00,6.94,0.00,"[{""label_format"":""PDF""},{""print_custom_1"":""ecom""}]",
2026-08-15T16:33:00Z,shp_00006303,9400100000000000006303,delivered,adr_from0001,Goodwill E-Com (test),Goodwill Michiana (test),100 Test Warehouse Rd,,South Bend,IN,46601,US,false,adr_to000923,Test Buyer,,24 Example Ave,,Fakeport,IL,60601,US,true,prcl_000923,10,8,4,11.2,,2026-08-15T16:33:01Z,rate_000923,GroundAdvantage,USPS,5.94,,false,,m00000015176,0.00,5.94,0.00,"[{""label_format"":""PDF""},{""print_custom_1"":""ecom""}]",
2026-08-15T16:39:15Z,shp_00006330,9400100000000000006330,delivered,adr_from0001,Goodwill E-Com (test),Goodwill Michiana (test),100 Test Warehouse Rd,,South Bend,IN,46601,US,false,adr_to000924,Test Buyer,,25 Example Ave,,Testville,IN,46601,US,true,prcl_000924,10,8,4,12.8,,2026-08-15T16:39:16Z,rate_000924,Priority,USPS,7.77,,false,,SGW-7715239,0.00,7.77,0.00,"[{""label_format"":""PDF""},{""print_custom_1"":""ecom""}]",
2026-08-15T16:45:14Z,shp_00006369,9400100000000000006369,delivered,adr_from0001,Goodwill E-Com (test),Goodwill Michiana (test),100 Test Warehouse Rd,,South Bend,IN,46601,US,false,adr_to000925,Test Buyer,,26 Example Ave,,Sampleton,OH,43004,US,true,prcl_000925,10,8,4,12.8,,2026-08-15T16:45:15Z,rate_000925,Priority,USPS,4.53,,false,,03-15322-34964,0.00,4.53,0.00,"[{""label_format"":""PDF""},{""print_custom_1"":""ecom""}]",
2026-08-15T16:54:38Z,shp_00006350,9400100000000000006350,delivered,adr_from0001,Goodwill E-Com (test),Goodwill Michiana (test),100 Test Warehouse Rd,,South Bend,IN,46601,US,false,adr_to000926,Test Buyer,,27 Example Ave,,Mocksburg,MI,49001,US,true,prcl_000926,10,8,4,32.0,,2026-08-15T16:54:39Z,rate_000926,GroundAdvantage,USPS,3.39,,false,,113-1415282-2137950,0.00,3.39,0.00,"[{""label_format"":""PDF""},{""print_custom_1"":""ecom""}]",
2026-08-15T16:59:58Z,shp_00006332,9400100000000000006332,in_transit,adr_from0001,Goodwill E-Com (test),Goodwill Michiana (test),100 Test Warehouse Rd,,South Bend,IN,46601,US,false,adr_to000927,Test Buyer,,28 Example Ave,,Fakeport,IL,60601,US,true,prcl_000927,10,8,4,24.0,,2026-08-15T16:59:59Z,rate_000927,Priority,USPS,8.20,,false,,SGW-7715246,0.00,8.20,0.00,"[{""label_format"":""PDF""},{""print_custom_1"":""ecom""}]",
2026-08-15T17:08:22Z,shp_00006318,9400100000000000006318,delivered,adr_from0001,Goodwill E-Com (test),Goodwill Michiana (test),100 Test Warehouse Rd,,South Bend,IN,46601,US,false,adr_to000928,Test Buyer,,29 Example Ave,,Testville,IN,46601,US,true,prcl_000928,10,8,4,12.8,,2026-08-15T17:08:23Z,rate_000928,Priority,USPS,13.46,,false,,SGW-7715219,0.00,13.46,0.00,"[{""label_format"":""PDF""},{""print_custom_1"":""ecom""}]",
2026-08-15T17:29:20Z,shp_00006310,9400100000000000006310,delivered,adr_from0001,Goodwill E-Com (test),Goodwill Michiana (test),100 Test Warehouse Rd,,South Bend,IN,46601,US,false,adr_to000929,Test Buyer,,30 Example Ave,,Sampleton,OH,43004,US,true,prcl_000929,10,8,4,46.4,,2026-08-15T17:29:21Z,rate_000929,GroundAdvantage,USPS,8.36,,false,,SGW-7715198,0.00,8.36,0.00,"[{""label_format"":""PDF""},{""print_custom_1"":""ecom""}]",
2026-08-15T17:29:43Z,shp_00006354,9400100000000000006354,delivered,adr_from0001,Goodwill E-Com (test),Goodwill Michiana (test),100 Test Warehouse Rd,,South Bend,IN,46601,US,false,adr_to000930,Test Buyer,,31 Example Ave,,Mocksburg,MI,49001,US,true,prcl_000930,10,8,4,30.4,,2026-08-15T17:29:44Z,rate_000930,GroundAdvantage,USPS,3.34,,false,,114-1315287-3049366,0.00,3.34,0.00,"[{""label_format"":""PDF""},{""print_custom_1"":""ecom""}]",
2026-08-15T17:29:55Z,shp_00006341,9400100000000000006341,delivered,adr_from0001,Goodwill E-Com (test),Goodwill Michiana (test),100 Test Warehouse Rd,,South Bend,IN,46601,US,false,adr_to000931,Test Buyer,,32 Example Ave,,Fakeport,IL,60601,US,true,prcl_000931,10,8,4,14.4,,2026-08-15T17:29:56Z,rate_000931,GroundAdvantage,USPS,3.45,,false,,111-4515266-8941330,0.00,3.45,0.00,"[{""label_format"":""PDF""},{""print_custom_1"":""ecom""}]",
2026-08-15T17:31:40Z,shp_00006335,9400100000000000006335,delivered,adr_from0001,Goodwill E-Com (test),Goodwill Michiana (test),100 Test Warehouse Rd,,South Bend,IN,46601,US,false,adr_to000932,Test Buyer,,33 Example Ave,,Testville,IN,46601,US,true,prcl_000932,10,8,4,28.8,,2026-08-15T17:31:41Z,rate_000932,Priority,USPS,3.60,,false,,113-4115252-2060018,0.00,3.60,0.00,"[{""label_format"":""PDF""},{""print_custom_1"":""ecom""}]",
2026-08-15T17:49:20Z,shp_00006343,9400100000000000006343,delivered,adr_from0001,Goodwill E-Com (test),Goodwill Michiana (test),100 Test Warehouse Rd,,South Bend,IN,46601,US,false,adr_to000933,Test Buyer,,34 Example Ave,,Sampleton,OH,43004,US,true,prcl_000933,10,8,4,48.0,,2026-08-15T17:49:21Z,rate_000933,GroundAdvantage,USPS,4.96,,false,,111-5515270-8329299,0.00,4.96,0.00,"[{""label_format"":""PDF""},{""print_custom_1"":""ecom""}]",
2026-08-15T17:49:43Z,shp_00006363,9400100000000000006363,delivered,adr_from0001,Goodwill E-Com (test),Goodwill Michiana (test),100 Test Warehouse Rd,,South Bend,IN,46601,US,false,adr_to000934,Test Buyer,,35 Example Ave,,Mocksburg,MI,49001,US,true,prcl_000934,10,8,4,14.4,,2026-08-15T17:49:44Z,rate_000934,GroundAdvantage,USPS,4.01,,false,,21-15310-78581,0.00,4.01,0.00,"[{""label_format"":""PDF""},{""print_custom_1"":""ecom""}]",
2026-08-15T17:53:14Z,shp_00006334,9400100000000000006334,delivered,adr_from0001,Goodwill E-Com (test),Goodwill Michiana (test),100 Test Warehouse Rd,,South Bend,IN,46601,US,false,adr_to000935,Test Buyer,,36 Example Ave,,Fakeport,IL,60601,US,true,prcl_000935,10,8,4,17.6,,2026-08-15T17:53:15Z,rate_000935,GroundAdvantage,USPS,3.51,,false,,111-6515249-2048644,0.00,3.51,0.00,"[{""label_format"":""PDF""},{""print_custom_1"":""ecom""}]",
2026-08-15T18:10:23Z,shp_00006202,9400100000000000006202,in_transit,adr_from0001,Goodwill E-Com (test),Goodwill Michiana (test),100 Test Warehouse Rd,,South Bend,IN,46601,US,false,adr_to000936,Test Buyer,,37 Example Ave,,Testville,IN,46601,US,true,prcl_000936,10,8,4,16.0,,2026-08-15T18:10:24Z,rate_000936,GroundAdvantage,USPS,6.74,,false,,SGW-7714947,0.00,6.74,0.00,"[{""label_format"":""PDF""},{""print_custom_1"":""ecom""}]",
2026-08-15T18:13:16Z,shp_00006372,9400100000000000006372,delivered,adr_from0001,Goodwill E-Com (test),Goodwill Michiana (test),100 Test Warehouse Rd,,South Bend,IN,46601,US,false,adr_to000937,Test Buyer,,38 Example Ave,,Sampleton,OH,43004,US,true,prcl_000937,10,8,4,16.0,,2026-08-15T18:13:17Z,rate_000937,GroundAdvantage,USPS,6.33,,false,,m00000015335,0.00,6.33,0.00,"[{""label_format"":""PDF""},{""print_custom_1"":""ecom""}]",
2026-08-15T18:29:22Z,shp_00006274,9400100000000000006274,delivered,adr_from0001,Goodwill E-Com (test),Goodwill Michiana (test),100 Test Warehouse Rd,,South Bend,IN,46601,US,false,adr_to000938,Test Buyer,,39 Example Ave,,Mocksburg,MI,49001,US,true,prcl_000938,10,8,4,20.8,,2026-08-15T18:29:23Z,rate_000938,Priority,USPS,3.43,,false,,112-9415111-6208667,0.00,3.43,0.00,"[{""label_format"":""PDF""},{""print_custom_1"":""ecom""}]",
2026-08-15T18:36:47Z,shp_00006365,9400100000000000006365,delivered,adr_from0001,Goodwill E-Com (test),Goodwill Michiana (test),100 Test Warehouse Rd,,South Bend,IN,46601,US,false,adr_to000939,Test Buyer,,40 Example Ave,,Fakeport,IL,60601,US,true,prcl_000939,10,8,4,24.0,,2026-08-15T18:36:48Z,rate_000939,Priority,USPS,10.79,,false,,05-15316-69009,0.00,10.79,0.00,"[{""label_format"":""PDF""},{""print_custom_1"":""ecom""}]",
2026-08-15T18:38:41Z,shp_00006314,9400100000000000006314,delivered,adr_from0001,Goodwill E-Com (test),Goodwill Michiana (test),100 Test Warehouse Rd,,South Bend,IN,46601,US,false,adr_to000940,Test Buyer,,41 Example Ave,,Testville,IN,46601,US,true,prcl_000940,10,8,4,70.4,,2026-08-15T18:38:42Z,rate_000940,Priority,USPS,17.20,,false,,SGW-7715208,0.00,17.20,0.00,"[{""label_format"":""PDF""},{""print_custom_1"":""ecom""}]",
2026-08-15T18:39:19Z,shp_00006364,9400100000000000006364,delivered,adr_from0001,Goodwill E-Com (test),Goodwill Michiana (test),100 Test Warehouse Rd,,South Bend,IN,46601,US,false,adr_to000941,Test Buyer,,42 Example Ave,,Sampleton,OH,43004,US,true,prcl_000941,10,8,4,19.2,,2026-08-15T18:39:20Z,rate_000941,GroundAdvantage,USPS,10.36,,false,,24-15314-17245,0.00,10.36,0.00,"[{""label_format"":""PDF""},{""print_custom_1"":""ecom""}]",
2026-08-15T19:16:48Z,shp_00006355,9400100000000000006355,delivered,adr_from0001,Goodwill E-Com (test),Goodwill Michiana (test),100 Test Warehouse Rd,,South Bend,IN,46601,US,false,adr_to000942,Test Buyer,,43 Example Ave,,Mocksburg,MI,49001,US,true,prcl_000942,10,8,4,20.8,,2026-08-15T19:16:49Z,rate_000942,GroundAdvantage,USPS,3.86,,false,,113-4515288-6756935,0.00,3.86,0.00,"[{""label_format"":""PDF""},{""print_custom_1"":""ecom""}]",
2026-08-15T19:20:03Z,shp_00006237,9400100000000000006237,delivered,adr_from0001,Goodwill E-Com (test),Goodwill Michiana (test),100 Test Warehouse Rd,,South Bend,IN,46601,US,false,adr_to000943,Test Buyer,,44 Example Ave,,Fakeport,IL,60601,US,true,prcl_000943,10,8,4,33.6,,2026-08-15T19:20:04Z,rate_000943,GroundAdvantage,USPS,7.84,,false,,SGW-7715036,0.00,7.84,0.00,"[{""label_format"":""PDF""},{""print_custom_1"":""ecom""}]",
2026-08-15T19:24:04Z,shp_00006360,9400100000000000006360,delivered,adr_from0001,Goodwill E-Com (test),Goodwill Michiana (test),100 Test Warehouse Rd,,South Bend,IN,46601,US,false,adr_to000944,Test Buyer,,45 Example Ave,,Testville,IN,46601,US,true,prcl_000944,10,8,4,17.6,,2026-08-15T19:24:05Z,rate_000944,Priority,USPS,5.81,,false,,112-3315304-8324407,0.00,5.81,0.00,"[{""label_format"":""PDF""},{""print_custom_1"":""ecom""}]",
2026-08-15T19:24:26Z,shp_00006278,9400100000000000006278,in_transit,adr_from0001,Goodwill E-Com (test),Goodwill Michiana (test),100 Test Warehouse Rd,,South Bend,IN,46601,US,false,adr_to000945,Test Buyer,,46 Example Ave,,Sampleton,OH,43004,US,true,prcl_000945,10,8,4,14.4,,2026-08-15T19:24:27Z,rate_000945,GroundAdvantage,USPS,3.68,,false,,111-6515119-4323185,0.00,3.68,0.00,"[{""label_format"":""PDF""},{""print_custom_1"":""ecom""}]",
2026-08-15T19:30:10Z,shp_00006255,9400100000000000006255,delivered,adr_from0001,Goodwill E-Com (test),Goodwill Michiana (test),100 Test Warehouse Rd,,South Bend,IN,46601,US,false,adr_to000946,Test Buyer,,47 Example Ave,,Mocksburg,MI,49001,US,true,prcl_000946,10,8,4,28.8,,2026-08-15T19:30:11Z,rate_000946,GroundAdvantage,USPS,5.81,,false,,SGW-7715073,0.00,5.81,0.00,"[{""label_format"":""PDF""},{""print_custom_1"":""ecom""}]",
2026-08-15T19:37:57Z,shp_00006367,9400100000000000006367,delivered,adr_from0001,Goodwill E-Com (test),Goodwill Michiana (test),100 Test Warehouse Rd,,South Bend,IN,46601,US,false,adr_to000947,Test Buyer,,48 Example Ave,,Fakeport,IL,60601,US,true,prcl_000947,10,8,4,22.4,,2026-08-15T19:37:58Z,rate_000947,GroundAdvantage,USPS,7.04,,false,,20-15318-37448,0.00,7.04,0.00,"[{""label_format"":""PDF""},{""print_custom_1"":""ecom""}]",
2026-08-15T19:38:17Z,shp_00006346,9400100000000000006346,unknown,adr_from0001,Goodwill E-Com (test),Goodwill Michiana (test),100 Test Warehouse Rd,,South Bend,IN,46601,US,false,adr_to000948,Test Buyer,,49 Example Ave,,Testville,IN,46601,US,true,prcl_000948,10,8,4,57.6,,2026-08-15T19:38:18Z,rate_000948,GroundAdvantage,USPS,3.87,,false,refunded,113-9215275-5577162,0.00,3.87,0.00,"[{""label_format"":""PDF""},{""print_custom_1"":""ecom""}]",
2026-08-15T19:47:13Z,shp_00006319,9400100000000000006319,delivered,adr_from0001,Goodwill E-Com (test),Goodwill Michiana (test),100 Test Warehouse Rd,,South Bend,IN,46601,US,false,adr_to000949,Test Buyer,,50 Example Ave,,Sampleton,OH,43004,US,true,prcl_000949,10,8,4,6.4,,2026-08-15T19:47:14Z,rate_000949,GroundAdvantage,USPS,9.25,,false,,SGW-7715220,0.00,9.25,0.00,"[{""label_format"":""PDF""},{""print_custom_1"":""ecom""}]",
2026-08-15T19:52:09Z,shp_00006325,9400100000000000006325,delivered,adr_from0001,Goodwill E-Com (test),Goodwill Michiana (test),100 Test Warehouse Rd,,South Bend,IN,46601,US,false,adr_to000950,Test Buyer,,51 Example Ave,,Mocksburg,MI,49001,US,true,prcl_000950,10,8,4,35.2,,2026-08-15T19:52:10Z,rate_000950,GroundAdvantage,USPS,6.98,,false,,SGW-7715234,0.00,6.98,0.00,"[{""label_format"":""PDF""},{""print_custom_1"":""ecom""}]",
2026-08-15T19:58:57Z,shp_00006308,9400100000000000006308,delivered,adr_from0001,Goodwill E-Com (test),Goodwill Michiana (test),100 Test Warehouse Rd,,South Bend,IN,46601,US,false,adr_to000951,Test Buyer,,52 Example Ave,,Fakeport,IL,60601,US,true,prcl_000951,10,8,4,19.2,,2026-08-15T19:58:58Z,rate_000951,GroundAdvantage,USPS,9.94,,false,,SGW-7715196,0.00,9.94,0.00,"[{""label_format"":""PDF""},{""print_custom_1"":""ecom""}]",
2026-08-15T20:01:32Z,shp_00006317,9400100000000000006317,delivered,adr_from0001,Goodwill E-Com (test),Goodwill Michiana (test),100 Test Warehouse Rd,,South Bend,IN,46601,US,false,adr_to000952,Test Buyer,,53 Example Ave,,Testville,IN,46601,US,true,prcl_000952,10,8,4,36.8,,2026-08-15T20:01:33Z,rate_000952,GroundAdvantage,USPS,13.08,,false,,SGW-7715211,0.00,13.08,0.00,"[{""label_format"":""PDF""},{""print_custom_1"":""ecom""}]",
2026-08-15T20:05:36Z,shp_00006240,9400100000000000006240,delivered,adr_from0001,Goodwill E-Com (test),Goodwill Michiana (test),100 Test Warehouse Rd,,South Bend,IN,46601,US,false,adr_to000953,Test Buyer,,54 Example Ave,,Sampleton,OH,43004,US,true,prcl_000953,10,8,4,35.2,,2026-08-15T20:05:37Z,rate_000953,GroundAdvantage,USPS,8.86,,false,,SGW-7715040,0.00,8.86,0.00,"[{""label_format"":""PDF""},{""print_custom_1"":""ecom""}]",
2026-08-15T20:31:37Z,shp_00006316,9400100000000000006316,in_transit,adr_from0001,Goodwill E-Com (test),Goodwill Michiana (test),100 Test Warehouse Rd,,South Bend,IN,46601,US,false,adr_to000954,Test Buyer,,55 Example Ave,,Mocksburg,MI,49001,US,true,prcl_000954,10,8,4,12.8,,2026-08-15T20:31:38Z,rate_000954,GroundAdvantage,USPS,9.53,,false,,SGW-7715210,0.00,9.53,0.00,"[{""label_format"":""PDF""},{""print_custom_1"":""ecom""}]",
2026-08-15T20:33:45Z,shp_00006281,9400100000000000006281,delivered,adr_from0001,Goodwill E-Com (test),Goodwill Michiana (test),100 Test Warehouse Rd,,South Bend,IN,46601,US,false,adr_to000955,Test Buyer,,56 Example Ave,,Fakeport,IL,60601,US,true,prcl_000955,10,8,4,91.2,,2026-08-15T20:33:46Z,rate_000955,Priority,USPS,3.32,,false,,111-7915123-9553565,0.00,3.32,0.00,"[{""label_format"":""PDF""},{""print_custom_1"":""ecom""}]",
2026-08-15T20:36:58Z,shp_00006368,9400100000000000006368,delivered,adr_from0001,Goodwill E-Com (test),Goodwill Michiana (test),100 Test Warehouse Rd,,South Bend,IN,46601,US,false,adr_to000956,Test Buyer,,57 Example Ave,,Testville,IN,46601,US,true,prcl_000956,10,8,4,36.8,,2026-08-15T20:36:59Z,rate_000956,GroundAdvantage,USPS,6.41,,false,,17-15320-93445,0.00,6.41,0.00,"[{""label_format"":""PDF""},{""print_custom_1"":""ecom""}]",
2026-08-15T20:39:18Z,shp_00006345,9400100000000000006345,delivered,adr_from0001,Goodwill E-Com (test),Goodwill Michiana (test),100 Test Warehouse Rd,,South Bend,IN,46601,US,false,adr_to000957,Test Buyer,,58 Example Ave,,Sampleton,OH,43004,US,true,prcl_000957,10,8,4,25.6,,2026-08-15T20:39:19Z,rate_000957,GroundAdvantage,USPS,3.36,,false,,113-0115274-9796184,0.00,3.36,0.00,"[{""label_format"":""PDF""},{""print_custom_1"":""ecom""}]",
2026-08-15T20:49:24Z,shp_00006322,9400100000000000006322,delivered,adr_from0001,Goodwill E-Com (test),Goodwill Michiana (test),100 Test Warehouse Rd,,South Bend,IN,46601,US,false,adr_to000958,Test Buyer,,59 Example Ave,,Mocksburg,MI,49001,US,true,prcl_000958,10,8,4,84.8,,2026-08-15T20:49:25Z,rate_000958,GroundAdvantage,USPS,9.94,,false,,SGW-7715229,0.00,9.94,0.00,"[{""label_format"":""PDF""},{""print_custom_1"":""ecom""}]",
2026-08-15T20:55:21Z,shp_00006366,9400100000000000006366,delivered,adr_from0001,Goodwill E-Com (test),Goodwill Michiana (test),100 Test Warehouse Rd,,South Bend,IN,46601,US,false,adr_to000959,Test Buyer,,60 Example Ave,,Fakeport,IL,60601,US,true,prcl_000959,10,8,4,73.6,,2026-08-15T20:55:22Z,rate_000959,GroundAdvantage,USPS,8.64,,false,,09-15317-91968,0.00,8.64,0.00,"[{""label_format"":""PDF""},{""print_custom_1"":""ecom""}]",
2026-08-16T13:07:13Z,shp_00006404,9400100000000000006404,delivered,adr_from0001,Goodwill E-Com (test),Goodwill Michiana (test),100 Test Warehouse Rd,,South Bend,IN,46601,US,false,adr_to000960,Test Buyer,,61 Example Ave,,Testville,IN,46601,US,true,prcl_000960,10,8,4,9.6,,2026-08-16T13:07:14Z,rate_000960,GroundAdvantage,USPS,7.95,,false,,SGW-7715427,0.00,7.95,0.00,"[{""label_format"":""PDF""},{""print_custom_1"":""ecom""}]",
2026-08-16T13:11:50Z,shp_00006361,9400100000000000006361,delivered,adr_from0001,Goodwill E-Com (test),Goodwill Michiana (test),100 Test Warehouse Rd,,South Bend,IN,46601,US,false,adr_to000961,Test Buyer,,62 Example Ave,,Sampleton,OH,43004,US,true,prcl_000961,10,8,4,9.6,,2026-08-16T13:11:51Z,rate_000961,GroundAdvantage,USPS,5.58,,false,,111-0315306-6052746,0.00,5.58,0.00,"[{""label_format"":""PDF""},{""print_custom_1"":""ecom""}]",
2026-08-16T13:12:28Z,shp_00006373,9400100000000000006373,delivered,adr_from0001,Goodwill E-Com (test),Goodwill Michiana (test),100 Test Warehouse Rd,,South Bend,IN,46601,US,false,adr_to000962,Test Buyer,,63 Example Ave,,Mocksburg,MI,49001,US,true,prcl_000962,10,8,4,40.0,,2026-08-16T13:12:29Z,rate_000962,GroundAdvantage,USPS,15.02,,false,,SGW-7715356,0.00,15.02,0.00,"[{""label_format"":""PDF""},{""print_custom_1"":""ecom""}]",
2026-08-16T13:12:28Z,shp_00006391,9400100000000000006391,in_transit,adr_from0001,Goodwill E-Com (test),Goodwill Michiana (test),100 Test Warehouse Rd,,South Bend,IN,46601,US,false,adr_to000963,Test Buyer,,64 Example Ave,,Fakeport,IL,60601,US,true,prcl_000963,10,8,4,11.2,,2026-08-16T13:12:29Z,rate_000963,GroundAdvantage,USPS,10.87,,false,,SGW-7715399,0.00,10.87,0.00,"[{""label_format"":""PDF""},{""print_custom_1"":""ecom""}]",
2026-08-16T13:13:31Z,shp_00006421,9400100000000000006421,delivered,adr_from0001,Goodwill E-Com (test),Goodwill Michiana (test),100 Test Warehouse Rd,,South Bend,IN,46601,US,false,adr_to000964,Test Buyer,,65 Example Ave,,Testville,IN,46601,US,true,prcl_000964,10,8,4,22.4,,2026-08-16T13:13:32Z,rate_000964,GroundAdvantage,USPS,3.72,,false,,114-1315460-9903230,0.00,3.72,0.00,"[{""label_format"":""PDF""},{""print_custom_1"":""ecom""}]",
2026-08-16T13:23:05Z,shp_00006414,9400100000000000006414,delivered,adr_from0001,Goodwill E-Com (test),Goodwill Michiana (test),100 Test Warehouse Rd,,South Bend,IN,46601,US,false,adr_to000965,Test Buyer,,66 Example Ave,,Sampleton,OH,43004,US,true,prcl_000965,10,8,4,22.4,,2026-08-16T13:23:06Z,rate_000965,GroundAdvantage,USPS,3.50,,false,,114-7315444-0846511,0.00,3.50,0.00,"[{""label_format"":""PDF""},{""print_custom_1"":""ecom""}]",
2026-08-16T13:47:09Z,shp_00006410,9400100000000000006410,delivered,adr_from0001,Goodwill E-Com (test),Goodwill Michiana (test),100 Test Warehouse Rd,,South Bend,IN,46601,US,false,adr_to000966,Test Buyer,,67 Example Ave,,Mocksburg,MI,49001,US,true,prcl_000966,10,8,4,100.8,,2026-08-16T13:47:10Z,rate_000966,GroundAdvantage,USPS,3.82,,false,,112-8815438-7449969,0.00,3.82,0.00,"[{""label_format"":""PDF""},{""print_custom_1"":""ecom""}]",
2026-08-16T13:49:02Z,shp_00006425,9400100000000000006425,delivered,adr_from0001,Goodwill E-Com (test),Goodwill Michiana (test),100 Test Warehouse Rd,,South Bend,IN,46601,US,false,adr_to000967,Test Buyer,,68 Example Ave,,Fakeport,IL,60601,US,true,prcl_000967,10,8,4,38.4,,2026-08-16T13:49:03Z,rate_000967,Priority,USPS,5.52,,false,,111-7015464-0020535,0.00,5.52,0.00,"[{""label_format"":""PDF""},{""print_custom_1"":""ecom""}]",
2026-08-16T13:54:26Z,shp_00006300,9400100000000000006300,delivered,adr_from0001,Goodwill E-Com (test),Goodwill Michiana (test),100 Test Warehouse Rd,,South Bend,IN,46601,US,false,adr_to000968,Test Buyer,,69 Example Ave,,Testville,IN,46601,US,true,prcl_000968,10,8,4,32.0,,2026-08-16T13:54:27Z,rate_000968,GroundAdvantage,USPS,6.44,,false,,08-15171-34391,0.00,6.44,0.00,"[{""label_format"":""PDF""},{""print_custom_1"":""ecom""}]",
2026-08-16T13:54:32Z,shp_00006387,9400100000000000006387,delivered,adr_from0001,Goodwill E-Com (test),Goodwill Michiana (test),100 Test Warehouse Rd,,South Bend,IN,46601,US,false,adr_to000969,Test Buyer,,70 Example Ave,,Sampleton,OH,43004,US,true,prcl_000969,10,8,4,28.8,,2026-08-16T13:54:33Z,rate_000969,Priority,USPS,8.95,,false,,SGW-7715385,0.00,8.95,0.00,"[{""label_format"":""PDF""},{""print_custom_1"":""ecom""}]",
2026-08-16T13:56:08Z,shp_00006376,9400100000000000006376,delivered,adr_from0001,Goodwill E-Com (test),Goodwill Michiana (test),100 Test Warehouse Rd,,South Bend,IN,46601,US,false,adr_to000970,Test Buyer,,71 Example Ave,,Mocksburg,MI,49001,US,true,prcl_000970,10,8,4,20.8,,2026-08-16T13:56:09Z,rate_000970,GroundAdvantage,USPS,6.89,,false,,SGW-7715362,0.00,6.89,0.00,"[{""label_format"":""PDF""},{""print_custom_1"":""ecom""}]",
2026-08-16T14:16:54Z,shp_00006430,9400100000000000006430,delivered,adr_from0001,Goodwill E-Com (test),Goodwill Michiana (test),100 Test Warehouse Rd,,South Bend,IN,46601,US,false,adr_to000971,Test Buyer,,72 Example Ave,,Fakeport,IL,60601,US,true,prcl_000971,10,8,4,70.4,,2026-08-16T14:16:55Z,rate_000971,GroundAdvantage,USPS,3.43,,false,,114-4415475-9474091,0.00,3.43,0.00,"[{""label_format"":""PDF""},{""print_custom_1"":""ecom""}]",
2026-08-16T14:21:16Z,shp_00006427,9400100000000000006427,in_transit,adr_from0001,Goodwill E-Com (test),Goodwill Michiana (test),100 Test Warehouse Rd,,South Bend,IN,46601,US,false,adr_to000972,Test Buyer,,73 Example Ave,,Testville,IN,46601,US,true,prcl_000972,10,8,4,16.0,,2026-08-16T14:21:17Z,rate_000972,GroundAdvantage,USPS,3.87,,false,,111-5715467-7266908,0.00,3.87,0.00,"[{""label_format"":""PDF""},{""print_custom_1"":""ecom""}]",
2026-08-16T14:25:51Z,shp_00006433,9400100000000000006433,delivered,adr_from0001,Goodwill E-Com (test),Goodwill Michiana (test),100 Test Warehouse Rd,,South Bend,IN,46601,US,false,adr_to000973,Test Buyer,,74 Example Ave,,Sampleton,OH,43004,US,true,prcl_000973,10,8,4,25.6,,2026-08-16T14:25:52Z,rate_000973,GroundAdvantage,USPS,8.81,,false,,16-15495-70475,0.00,8.81,0.00,"[{""label_format"":""PDF""},{""print_custom_1"":""ecom""}]",
2026-08-16T14:27:57Z,shp_00006396,9400100000000000006396,delivered,adr_from0001,Goodwill E-Com (test),Goodwill Michiana (test),100 Test Warehouse Rd,,South Bend,IN,46601,US,false,adr_to000974,Test Buyer,,75 Example Ave,,Mocksburg,MI,49001,US,true,prcl_000974,10,8,4,36.8,,2026-08-16T14:27:58Z,rate_000974,GroundAdvantage,USPS,7.76,,false,,SGW-7715409,0.00,7.76,0.00,"[{""label_format"":""PDF""},{""print_custom_1"":""ecom""}]",
2026-08-16T14:37:58Z,shp_00006311,9400100000000000006311,delivered,adr_from0001,Goodwill E-Com (test),Goodwill Michiana (test),100 Test Warehouse Rd,,South Bend,IN,46601,US,false,adr_to000975,Test Buyer,,76 Example Ave,,Fakeport,IL,60601,US,true,prcl_000975,10,8,4,75.2,,2026-08-16T14:37:59Z,rate_000975,GroundAdvantage,USPS,9.36,,false,,SGW-7715200,0.00,9.36,0.00,"[{""label_format"":""PDF""},{""print_custom_1"":""ecom""}]",
2026-08-16T14:40:47Z,shp_00006434,9400100000000000006434,delivered,adr_from0001,Goodwill E-Com (test),Goodwill Michiana (test),100 Test Warehouse Rd,,South Bend,IN,46601,US,false,adr_to000976,Test Buyer,,77 Example Ave,,Testville,IN,46601,US,true,prcl_000976,10,8,4,33.6,,2026-08-16T14:40:48Z,rate_000976,GroundAdvantage,USPS,6.74,,false,,07-15500-30579,0.00,6.74,0.00,"[{""label_format"":""PDF""},{""print_custom_1"":""ecom""}]",
2026-08-16T14:53:12Z,shp_00006395,9400100000000000006395,delivered,adr_from0001,Goodwill E-Com (test),Goodwill Michiana (test),100 Test Warehouse Rd,,South Bend,IN,46601,US,false,adr_to000977,Test Buyer,,78 Example Ave,,Sampleton,OH,43004,US,true,prcl_000977,10,8,4,19.2,,2026-08-16T14:53:13Z,rate_000977,GroundAdvantage,USPS,11.41,,false,,SGW-7715405,0.00,11.41,0.00,"[{""label_format"":""PDF""},{""print_custom_1"":""ecom""}]",
2026-08-16T14:55:36Z,shp_00006403,9400100000000000006403,unknown,adr_from0001,Goodwill E-Com (test),Goodwill Michiana (test),100 Test Warehouse Rd,,South Bend,IN,46601,US,false,adr_to000978,Test Buyer,,79 Example Ave,,Mocksburg,MI,49001,US,true,prcl_000978,10,8,4,17.6,,2026-08-16T14:55:37Z,rate_000978,GroundAdvantage,USPS,9.12,,false,refunded,SGW-7715426,0.00,9.12,0.00,"[{""label_format"":""PDF""},{""print_custom_1"":""ecom""}]",
2026-08-16T14:56:13Z,shp_00006401,9400100000000000006401,delivered,adr_from0001,Goodwill E-Com (test),Goodwill Michiana (test),100 Test Warehouse Rd,,South Bend,IN,46601,US,false,adr_to000979,Test Buyer,,80 Example Ave,,Fakeport,IL,60601,US,true,prcl_000979,10,8,4,40.0,,2026-08-16T14:56:14Z,rate_000979,Priority,USPS,10.13,,false,,SGW-7715419,0.00,10.13,0.00,"[{""label_format"":""PDF""},{""print_custom_1"":""ecom""}]",
2026-08-16T15:08:51Z,shp_00006412,9400100000000000006412,delivered,adr_from0001,Goodwill E-Com (test),Goodwill Michiana (test),100 Test Warehouse Rd,,South Bend,IN,46601,US,false,adr_to000980,Test Buyer,,81 Example Ave,,Testville,IN,46601,US,true,prcl_000980,10,8,4,16.0,,2026-08-16T15:08:52Z,rate_000980,GroundAdvantage,USPS,4.92,,false,,114-0715440-3181892,0.00,4.92,0.00,"[{""label_format"":""PDF""},{""print_custom_1"":""ecom""}]",
2026-08-16T15:13:03Z,shp_00006378,9400100000000000006378,in_transit,adr_from0001,Goodwill E-Com (test),Goodwill Michiana (test),100 Test Warehouse Rd,,South Bend,IN,46601,US,false,adr_to000981,Test Buyer,,82 Example Ave,,Sampleton,OH,43004,US,true,prcl_000981,10,8,4,12.8,,2026-08-16T15:13:04Z,rate_000981,Priority,USPS,8.97,,false,,SGW-7715368,0.00,8.97,0.00,"[{""label_format"":""PDF""},{""print_custom_1"":""ecom""}]",
2026-08-16T15:16:52Z,shp_00006397,9400100000000000006397,delivered,adr_from0001,Goodwill E-Com (test),Goodwill Michiana (test),100 Test Warehouse Rd,,South Bend,IN,46601,US,false,adr_to000982,Test Buyer,,83 Example Ave,,Mocksburg,MI,49001,US,true,prcl_000982,10,8,4,9.6,,2026-08-16T15:16:53Z,rate_000982,GroundAdvantage,USPS,7.08,,false,,SGW-7715411,0.00,7.08,0.00,"[{""label_format"":""PDF""},{""print_custom_1"":""ecom""}]",
2026-08-16T15:18:51Z,shp_00006382,9400100000000000006382,delivered,adr_from0001,Goodwill E-Com (test),Goodwill Michiana (test),100 Test Warehouse Rd,,South Bend,IN,46601,US,false,adr_to000983,Test Buyer,,84 Example Ave,,Fakeport,IL,60601,US,true,prcl_000983,10,8,4,19.2,,2026-08-16T15:18:52Z,rate_000983,GroundAdvantage,USPS,8.54,,false,,SGW-7715376,0.00,8.54,0.00,"[{""label_format"":""PDF""},{""print_custom_1"":""ecom""}]",
2026-08-16T15:20:04Z,shp_00006344,9400100000000000006344,delivered,adr_from0001,Goodwill E-Com (test),Goodwill Michiana (test),100 Test Warehouse Rd,,South Bend,IN,46601,US,false,adr_to000984,Test Buyer,,85 Example Ave,,Testville,IN,46601,US,true,prcl_000984,10,8,4,19.2,,2026-08-16T15:20:05Z,rate_000984,GroundAdvantage,USPS,3.49,,false,,113-5215271-3355892,0.00,3.49,0.00,"[{""label_format"":""PDF""},{""print_custom_1"":""ecom""}]",
2026-08-16T15:35:43Z,shp_00006431,9400100000000000006431,delivered,adr_from0001,Goodwill E-Com (test),Goodwill Michiana (test),100 Test Warehouse Rd,,South Bend,IN,46601,US,false,adr_to000985,Test Buyer,,86 Example Ave,,Sampleton,OH,43004,US,true,prcl_000985,10,8,4,22.4,,2026-08-16T15:35:44Z,rate_000985,GroundAdvantage,USPS,3.76,,false,,111-2615476-2694750,0.00,3.76,0.00,"[{""label_format"":""PDF""},{""print_custom_1"":""ecom""}]",
2026-08-16T15:38:36Z,shp_00006413,9400100000000000006413,delivered,adr_from0001,Goodwill E-Com (test),Goodwill Michiana (test),100 Test Warehouse Rd,,South Bend,IN,46601,US,false,adr_to000986,Test Buyer,,87 Example Ave,,Mocksburg,MI,49001,US,true,prcl_000986,10,8,4,84.8,,2026-08-16T15:38:37Z,rate_000986,GroundAdvantage,USPS,3.43,,false,,114-2415442-9525920,0.00,3.43,0.00,"[{""label_format"":""PDF""},{""print_custom_1"":""ecom""}]",
2026-08-16T15:53:36Z,shp_00006418,9400100000000000006418,delivered,adr_from0001,Goodwill E-Com (test),Goodwill Michiana (test),100 Test Warehouse Rd,,South Bend,IN,46601,US,false,adr_to000987,Test Buyer,,88 Example Ave,,Fakeport,IL,60601,US,true,prcl_000987,10,8,4,40.0,,2026-08-16T15:53:37Z,rate_000987,GroundAdvantage,USPS,3.40,,false,,112-8615456-9243868,0.00,3.40,0.00,"[{""label_format"":""PDF""},{""print_custom_1"":""ecom""}]",
2026-08-16T16:06:30Z,shp_00006323,9400100000000000006323,delivered,adr_from0001,Goodwill E-Com (test),Goodwill Michiana (test),100 Test Warehouse Rd,,South Bend,IN,46601,US,false,adr_to000988,Test Buyer,,89 Example Ave,,Testville,IN,46601,US,true,prcl_000988,10,8,4,32.0,,2026-08-16T16:06:31Z,rate_000988,GroundAdvantage,USPS,11.22,,false,,SGW-7715230,0.00,11.22,0.00,"[{""label_format"":""PDF""},{""print_custom_1"":""ecom""}]",
2026-08-16T16:09:39Z,shp_00006375,9400100000000000006375,delivered,adr_from0001,Goodwill E-Com (test),Goodwill Michiana (test),100 Test Warehouse Rd,,South Bend,IN,46601,US,false,adr_to000989,Test Buyer,,90 Example Ave,,Sampleton,OH,43004,US,true,prcl_000989,10,8,4,9.6,,2026-08-16T16:09:40Z,rate_000989,GroundAdvantage,USPS,8.29,,false,,SGW-7715359,0.00,8.29,0.00,"[{""label_format"":""PDF""},{""print_custom_1"":""ecom""}]",
2026-08-16T16:14:45Z,shp_00006327,9400100000000000006327,in_transit,adr_from0001,Goodwill E-Com (test),Goodwill Michiana (test),100 Test Warehouse Rd,,South Bend,IN,46601,US,false,adr_to000990,Test Buyer,,91 Example Ave,,Mocksburg,MI,49001,US,true,prcl_000990,10,8,4,19.2,,2026-08-16T16:14:46Z,rate_000990,GroundAdvantage,USPS,10.16,,false,,SGW-7715236,0.00,10.16,0.00,"[{""label_format"":""PDF""},{""print_custom_1"":""ecom""}]",
2026-08-16T16:16:25Z,shp_00006309,9400100000000000006309,delivered,adr_from0001,Goodwill E-Com (test),Goodwill Michiana (test),100 Test Warehouse Rd,,South Bend,IN,46601,US,false,adr_to000991,Test Buyer,,92 Example Ave,,Fakeport,IL,60601,US,true,prcl_000991,10,8,4,9.6,,2026-08-16T16:16:26Z,rate_000991,GroundAdvantage,USPS,9.10,,false,,SGW-7715197,0.00,9.10,0.00,"[{""label_format"":""PDF""},{""print_custom_1"":""ecom""}]",
2026-08-16T16:27:22Z,shp_00006284,9400100000000000006284,delivered,adr_from0001,Goodwill E-Com (test),Goodwill Michiana (test),100 Test Warehouse Rd,,South Bend,IN,46601,US,false,adr_to000992,Test Buyer,,93 Example Ave,,Testville,IN,46601,US,true,prcl_000992,10,8,4,20.8,,2026-08-16T16:27:23Z,rate_000992,GroundAdvantage,USPS,3.28,,false,,113-6115133-4212545,0.00,3.28,0.00,"[{""label_format"":""PDF""},{""print_custom_1"":""ecom""}]",
2026-08-16T16:28:05Z,shp_00006389,9400100000000000006389,delivered,adr_from0001,Goodwill E-Com (test),Goodwill Michiana (test),100 Test Warehouse Rd,,South Bend,IN,46601,US,false,adr_to000993,Test Buyer,,94 Example Ave,,Sampleton,OH,43004,US,true,prcl_000993,10,8,4,28.8,,2026-08-16T16:28:06Z,rate_000993,GroundAdvantage,USPS,9.47,,false,,SGW-7715392,0.00,9.47,0.00,"[{""label_format"":""PDF""},{""print_custom_1"":""ecom""}]",
2026-08-16T16:30:46Z,shp_00006379,9400100000000000006379,delivered,adr_from0001,Goodwill E-Com (test),Goodwill Michiana (test),100 Test Warehouse Rd,,South Bend,IN,46601,US,false,adr_to000994,Test Buyer,,95 Example Ave,,Mocksburg,MI,49001,US,true,prcl_000994,10,8,4,40.0,,2026-08-16T16:30:47Z,rate_000994,GroundAdvantage,USPS,9.25,,false,,SGW-7715370,0.00,9.25,0.00,"[{""label_format"":""PDF""},{""print_custom_1"":""ecom""}]",
2026-08-16T16:37:52Z,shp_00006340,9400100000000000006340,delivered,adr_from0001,Goodwill E-Com (test),Goodwill Michiana (test),100 Test Warehouse Rd,,South Bend,IN,46601,US,false,adr_to000995,Test Buyer,,96 Example Ave,,Fakeport,IL,60601,US,true,prcl_000995,10,8,4,41.6,,2026-08-16T16:37:53Z,rate_000995,GroundAdvantage,USPS,3.77,,false,,114-9815265-5948264,0.00,3.77,0.00,"[{""label_format"":""PDF""},{""print_custom_1"":""ecom""}]",
2026-08-16T16:39:25Z,shp_00006243,9400100000000000006243,delivered,adr_from0001,Goodwill E-Com (test),Goodwill Michiana (test),100 Test Warehouse Rd,,South Bend,IN,46601,US,false,adr_to000996,Test Buyer,,97 Example Ave,,Testville,IN,46601,US,true,prcl_000996,10,8,4,57.6,,2026-08-16T16:39:26Z,rate_000996,GroundAdvantage,USPS,6.67,,false,,SGW-7715047,0.00,6.67,0.00,"[{""label_format"":""PDF""},{""print_custom_1"":""ecom""}]",
2026-08-16T16:46:40Z,shp_00006386,9400100000000000006386,delivered,adr_from0001,Goodwill E-Com (test),Goodwill Michiana (test),100 Test Warehouse Rd,,South Bend,IN,46601,US,false,adr_to000997,Test Buyer,,98 Example Ave,,Sampleton,OH,43004,US,true,prcl_000997,10,8,4,19.2,,2026-08-16T16:46:41Z,rate_000997,Priority,USPS,8.55,,false,,SGW-7715382,0.00,8.55,0.00,"[{""label_format"":""PDF""},{""print_custom_1"":""ecom""}]",
2026-08-16T16:48:29Z,shp_00006423,9400100000000000006423,delivered,adr_from0001,Goodwill E-Com (test),Goodwill Michiana (test),100 Test Warehouse Rd,,South Bend,IN,46601,US,false,adr_to000998,Test Buyer,,99 Example Ave,,Mocksburg,MI,49001,US,true,prcl_000998,10,8,4,9.6,,2026-08-16T16:48:30Z,rate_000998,GroundAdvantage,USPS,5.10,,false,,113-6115462-4560616,0.00,5.10,0.00,"[{""label_format"":""PDF""},{""print_custom_1"":""ecom""}]",
2026-08-16T17:12:03Z,shp_00006438,9400100000000000006438,in_transit,adr_from0001,Goodwill E-Com (test),Goodwill Michiana (test),100 Test Warehouse Rd,,South Bend,IN,46601,US,false,adr_to000999,Test Buyer,,100 Example Ave,,Fakeport,IL,60601,US,true,prcl_000999,10,8,4,17.6,,2026-08-16T17:12:04Z,rate_000999,GroundAdvantage,USPS,6.53,,false,,m00000015510,0.00,6.53,0.00,"[{""label_format"":""PDF""},{""print_custom_1"":""ecom""}]",
2026-08-16T17:14:47Z,shp_00006432,9400100000000000006432,delivered,adr_from0001,Goodwill E-Com (test),Goodwill Michiana (test),100 Test Warehouse Rd,,South Bend,IN,46601,US,false,adr_to001000,Test Buyer,,101 Example Ave,,Testville,IN,46601,US,true,prcl_001000,10,8,4,17.6,,2026-08-16T17:14:48Z,rate_001000,GroundAdvantage,USPS,3.79,,false,,112-6715477-4188590,0.00,3.79,0.00,"[{""label_format"":""PDF""},{""print_custom_1"":""ecom""}]",
2026-08-16T17:17:49Z,shp_00006381,9400100000000000006381,delivered,adr_from0001,Goodwill E-Com (test),Goodwill Michiana (test),100 Test Warehouse Rd,,South Bend,IN,46601,US,false,adr_to001001,Test Buyer,,102 Example Ave,,Sampleton,OH,43004,US,true,prcl_001001,10,8,4,33.6,,2026-08-16T17:17:50Z,rate_001001,GroundAdvantage,USPS,7.64,,false,,SGW-7715372,0.00,7.64,0.00,"[{""label_format"":""PDF""},{""print_custom_1"":""ecom""}]",
2026-08-16T17:21:36Z,shp_00006370,9400100000000000006370,delivered,adr_from0001,Goodwill E-Com (test),Goodwill Michiana (test),100 Test Warehouse Rd,,South Bend,IN,46601,US,false,adr_to001002,Test Buyer,,103 Example Ave,,Mocksburg,MI,49001,US,true,prcl_001002,10,8,4,24.0,,2026-08-16T17:21:37Z,rate_001002,GroundAdvantage,USPS,5.87,,false,,m00000015329,0.00,5.87,0.00,"[{""label_format"":""PDF""},{""print_custom_1"":""ecom""}]",
2026-08-16T17:24:22Z,shp_00006388,9400100000000000006388,delivered,adr_from0001,Goodwill E-Com (test),Goodwill Michiana (test),100 Test Warehouse Rd,,South Bend,IN,46601,US,false,adr_to001003,Test Buyer,,104 Example Ave,,Fakeport,IL,60601,US,true,prcl_001003,10,8,4,20.8,,2026-08-16T17:24:23Z,rate_001003,GroundAdvantage,USPS,8.87,,false,,SGW-7715387,0.00,8.87,0.00,"[{""label_format"":""PDF""},{""print_custom_1"":""ecom""}]",
2026-08-16T17:41:06Z,shp_00006439,9400100000000000006439,delivered,adr_from0001,Goodwill E-Com (test),Goodwill Michiana (test),100 Test Warehouse Rd,,South Bend,IN,46601,US,false,adr_to001004,Test Buyer,,105 Example Ave,,Testville,IN,46601,US,true,prcl_001004,10,8,4,19.2,,2026-08-16T17:41:07Z,rate_001004,GroundAdvantage,USPS,6.15,,false,,m00000015512,0.00,6.15,0.00,"[{""label_format"":""PDF""},{""print_custom_1"":""ecom""}]",
2026-08-16T17:43:30Z,shp_00006420,9400100000000000006420,delivered,adr_from0001,Goodwill E-Com (test),Goodwill Michiana (test),100 Test Warehouse Rd,,South Bend,IN,46601,US,false,adr_to001005,Test Buyer,,106 Example Ave,,Sampleton,OH,43004,US,true,prcl_001005,10,8,4,22.4,,2026-08-16T17:43:31Z,rate_001005,Priority,USPS,5.24,,false,,112-2915459-3323711,0.00,5.24,0.00,"[{""label_format"":""PDF""},{""print_custom_1"":""ecom""}]",
2026-08-16T17:56:26Z,shp_00006406,9400100000000000006406,delivered,adr_from0001,Goodwill E-Com (test),Goodwill Michiana (test),100 Test Warehouse Rd,,South Bend,IN,46601,US,false,adr_to001006,Test Buyer,,107 Example Ave,,Mocksburg,MI,49001,US,true,prcl_001006,10,8,4,59.2,,2026-08-16T17:56:27Z,rate_001006,GroundAdvantage,USPS,13.25,,false,,SGW-7715431,0.00,13.25,0.00,"[{""label_format"":""PDF""},{""print_custom_1"":""ecom""}]",
2026-08-16T18:08:51Z,shp_00006393,9400100000000000006393,delivered,adr_from0001,Goodwill E-Com (test),Goodwill Michiana (test),100 Test Warehouse Rd,,South Bend,IN,46601,US,false,adr_to001007,Test Buyer,,108 Example Ave,,Fakeport,IL,60601,US,true,prcl_001007,10,8,4,24.0,,2026-08-16T18:08:52Z,rate_001007,GroundAdvantage,USPS,11.65,,false,,SGW-7715403,0.00,11.65,0.00,"[{""label_format"":""PDF""},{""print_custom_1"":""ecom""}]",
2026-08-16T18:21:40Z,shp_00006282,9400100000000000006282,in_transit,adr_from0001,Goodwill E-Com (test),Goodwill Michiana (test),100 Test Warehouse Rd,,South Bend,IN,46601,US,false,adr_to001008,Test Buyer,,109 Example Ave,,Testville,IN,46601,US,true,prcl_001008,10,8,4,86.4,,2026-08-16T18:21:41Z,rate_001008,GroundAdvantage,USPS,5.19,,false,,113-5615128-7644299,0.00,5.19,0.00,"[{""label_format"":""PDF""},{""print_custom_1"":""ecom""}]",
2026-08-16T18:26:26Z,shp_00006385,9400100000000000006385,delivered,adr_from0001,Goodwill E-Com (test),Goodwill Michiana (test),100 Test Warehouse Rd,,South Bend,IN,46601,US,false,adr_to001009,Test Buyer,,110 Example Ave,,Sampleton,OH,43004,US,true,prcl_001009,10,8,4,41.6,,2026-08-16T18:26:27Z,rate_001009,GroundAdvantage,USPS,8.48,,false,,SGW-7715380,0.00,8.48,0.00,"[{""label_format"":""PDF""},{""print_custom_1"":""ecom""}]",
2026-08-16T18:33:39Z,shp_00006380,9400100000000000006380,delivered,adr_from0001,Goodwill E-Com (test),Goodwill Michiana (test),100 Test Warehouse Rd,,South Bend,IN,46601,US,false,adr_to001010,Test Buyer,,111 Example Ave,,Mocksburg,MI,49001,US,true,prcl_001010,10,8,4,43.2,,2026-08-16T18:33:40Z,rate_001010,Priority,USPS,7.51,,false,,SGW-7715371,0.00,7.51,0.00,"[{""label_format"":""PDF""},{""print_custom_1"":""ecom""}]",
2026-08-16T18:43:46Z,shp_00006436,9400100000000000006436,delivered,adr_from0001,Goodwill E-Com (test),Goodwill Michiana (test),100 Test Warehouse Rd,,South Bend,IN,46601,US,false,adr_to001011,Test Buyer,,112 Example Ave,,Fakeport,IL,60601,US,true,prcl_001011,10,8,4,19.2,,2026-08-16T18:43:47Z,rate_001011,Priority,USPS,6.81,,false,,m00000015507,0.00,6.81,0.00,"[{""label_format"":""PDF""},{""print_custom_1"":""ecom""}]",
2026-08-16T19:02:44Z,shp_00006407,9400100000000000006407,delivered,adr_from0001,Goodwill E-Com (test),Goodwill Michiana (test),100 Test Warehouse Rd,,South Bend,IN,46601,US,false,adr_to001012,Test Buyer,,113 Example Ave,,Testville,IN,46601,US,true,prcl_001012,10,8,4,81.6,,2026-08-16T19:02:45Z,rate_001012,Priority,USPS,13.56,,false,,SGW-7715432,0.00,13.56,0.00,"[{""label_format"":""PDF""},{""print_custom_1"":""ecom""}]",
2026-08-16T19:16:16Z,shp_00006315,9400100000000000006315,delivered,adr_from0001,Goodwill E-Com (test),Goodwill Michiana (test),100 Test Warehouse Rd,,South Bend,IN,46601,US,false,adr_to001013,Test Buyer,,114 Example Ave,,Sampleton,OH,43004,US,true,prcl_001013,10,8,4,56.0,,2026-08-16T19:16:17Z,rate_001013,GroundAdvantage,USPS,7.20,,false,,SGW-7715209,0.00,7.20,0.00,"[{""label_format"":""PDF""},{""print_custom_1"":""ecom""}]",
2026-08-16T19:31:52Z,shp_00006429,9400100000000000006429,delivered,adr_from0001,Goodwill E-Com (test),Goodwill Michiana (test),100 Test Warehouse Rd,,South Bend,IN,46601,US,false,adr_to001014,Test Buyer,,115 Example Ave,,Mocksburg,MI,49001,US,true,prcl_001014,10,8,4,20.8,,2026-08-16T19:31:53Z,rate_001014,GroundAdvantage,USPS,3.47,,false,,112-2315473-2200880,0.00,3.47,0.00,"[{""label_format"":""PDF""},{""print_custom_1"":""ecom""}]",
2026-08-16T19:33:46Z,shp_00006416,9400100000000000006416,delivered,adr_from0001,Goodwill E-Com (test),Goodwill Michiana (test),100 Test Warehouse Rd,,South Bend,IN,46601,US,false,adr_to001015,Test Buyer,,116 Example Ave,,Fakeport,IL,60601,US,true,prcl_001015,10,8,4,8.0,,2026-08-16T19:33:47Z,rate_001015,GroundAdvantage,USPS,3.31,,false,,114-7415451-6625488,0.00,3.31,0.00,"[{""label_format"":""PDF""},{""print_custom_1"":""ecom""}]",
2026-08-16T19:49:35Z,shp_00006321,9400100000000000006321,delivered,adr_from0001,Goodwill E-Com (test),Goodwill Michiana (test),100 Test Warehouse Rd,,South Bend,IN,46601,US,false,adr_to001016,Test Buyer,,117 Example Ave,,Testville,IN,46601,US,true,prcl_001016,10,8,4,25.6,,2026-08-16T19:49:36Z,rate_001016,GroundAdvantage,USPS,14.81,,false,,SGW-7715222,0.00,14.81,0.00,"[{""label_format"":""PDF""},{""print_custom_1"":""ecom""}]",
2026-08-16T20:08:16Z,shp_00006422,9400100000000000006422,in_transit,adr_from0001,Goodwill E-Com (test),Goodwill Michiana (test),100 Test Warehouse Rd,,South Bend,IN,46601,US,false,adr_to001017,Test Buyer,,118 Example Ave,,Sampleton,OH,43004,US,true,prcl_001017,10,8,4,14.4,,2026-08-16T20:08:17Z,rate_001017,GroundAdvantage,USPS,5.09,,false,,111-1615461-7773594,0.00,5.09,0.00,"[{""label_format"":""PDF""},{""print_custom_1"":""ecom""}]",
2026-08-16T20:29:41Z,shp_00006374,9400100000000000006374,delivered,adr_from0001,Goodwill E-Com (test),Goodwill Michiana (test),100 Test Warehouse Rd,,South Bend,IN,46601,US,false,adr_to001018,Test Buyer,,119 Example Ave,,Mocksburg,MI,49001,US,true,prcl_001018,10,8,4,88.0,,2026-08-16T20:29:42Z,rate_001018,GroundAdvantage,USPS,6.38,,false,,SGW-7715358,0.00,6.38,0.00,"[{""label_format"":""PDF""},{""print_custom_1"":""ecom""}]",
2026-08-16T20:34:19Z,shp_00006398,9400100000000000006398,delivered,adr_from0001,Goodwill E-Com (test),Goodwill Michiana (test),100 Test Warehouse Rd,,South Bend,IN,46601,US,false,adr_to001019,Test Buyer,,120 Example Ave,,Fakeport,IL,60601,US,true,prcl_001019,10,8,4,4.8,,2026-08-16T20:34:20Z,rate_001019,GroundAdvantage,USPS,10.16,,false,,SGW-7715412,0.00,10.16,0.00,"[{""label_format"":""PDF""},{""print_custom_1"":""ecom""}]",
2026-08-16T20:37:12Z,shp_00006428,9400100000000000006428,delivered,adr_from0001,Goodwill E-Com (test),Goodwill Michiana (test),100 Test Warehouse Rd,,South Bend,IN,46601,US,false,adr_to001020,Test Buyer,,121 Example Ave,,Testville,IN,46601,US,true,prcl_001020,10,8,4,25.6,,2026-08-16T20:37:13Z,rate_001020,GroundAdvantage,USPS,3.57,,false,,111-2415471-7314741,0.00,3.57,0.00,"[{""label_format"":""PDF""},{""print_custom_1"":""ecom""}]",
2026-08-17T13:02:51Z,shp_00006462,9400100000000000006462,delivered,adr_from0001,Goodwill E-Com (test),Goodwill Michiana (test),100 Test Warehouse Rd,,South Bend,IN,46601,US,false,adr_to001021,Test Buyer,,122 Example Ave,,Sampleton,OH,43004,US,true,prcl_001021,10,8,4,24.0,,2026-08-17T13:02:52Z,rate_001021,GroundAdvantage,USPS,3.46,,false,,113-7315586-6039065,0.00,3.46,0.00,"[{""label_format"":""PDF""},{""print_custom_1"":""ecom""}]",
2026-08-17T13:02:57Z,shp_00006445,9400100000000000006445,delivered,adr_from0001,Goodwill E-Com (test),Goodwill Michiana (test),100 Test Warehouse Rd,,South Bend,IN,46601,US,false,adr_to001022,Test Buyer,,123 Example Ave,,Mocksburg,MI,49001,US,true,prcl_001022,10,8,4,12.8,,2026-08-17T13:02:58Z,rate_001022,Priority,USPS,11.11,,false,,SGW-7715541,0.00,11.11,0.00,"[{""label_format"":""PDF""},{""print_custom_1"":""ecom""}]",
2026-08-17T13:11:35Z,shp_00006468,9400100000000000006468,delivered,adr_from0001,Goodwill E-Com (test),Goodwill Michiana (test),100 Test Warehouse Rd,,South Bend,IN,46601,US,false,adr_to001023,Test Buyer,,124 Example Ave,,Fakeport,IL,60601,US,true,prcl_001023,10,8,4,11.2,,2026-08-17T13:11:36Z,rate_001023,Priority,USPS,5.21,,false,,112-4915598-8041014,0.00,5.21,0.00,"[{""label_format"":""PDF""},{""print_custom_1"":""ecom""}]",
2026-08-17T13:17:33Z,shp_00006419,9400100000000000006419,delivered,adr_from0001,Goodwill E-Com (test),Goodwill Michiana (test),100 Test Warehouse Rd,,South Bend,IN,46601,US,false,adr_to001024,Test Buyer,,125 Example Ave,,Testville,IN,46601,US,true,prcl_001024,10,8,4,16.0,,2026-08-17T13:17:34Z,rate_001024,GroundAdvantage,USPS,3.53,,false,,112-2415458-3657632,0.00,3.53,0.00,"[{""label_format"":""PDF""},{""print_custom_1"":""ecom""}]",
2026-08-17T13:35:52Z,shp_00006411,9400100000000000006411,delivered,adr_from0001,Goodwill E-Com (test),Goodwill Michiana (test),100 Test Warehouse Rd,,South Bend,IN,46601,US,false,adr_to001025,Test Buyer,,126 Example Ave,,Sampleton,OH,43004,US,true,prcl_001025,10,8,4,20.8,,2026-08-17T13:35:53Z,rate_001025,GroundAdvantage,USPS,3.65,,false,,111-3415439-9524181,0.00,3.65,0.00,"[{""label_format"":""PDF""},{""print_custom_1"":""ecom""}]",
2026-08-17T13:49:21Z,shp_00006402,9400100000000000006402,in_transit,adr_from0001,Goodwill E-Com (test),Goodwill Michiana (test),100 Test Warehouse Rd,,South Bend,IN,46601,US,false,adr_to001026,Test Buyer,,127 Example Ave,,Mocksburg,MI,49001,US,true,prcl_001026,10,8,4,38.4,,2026-08-17T13:49:22Z,rate_001026,GroundAdvantage,USPS,10.52,,false,,SGW-7715423,0.00,10.52,0.00,"[{""label_format"":""PDF""},{""print_custom_1"":""ecom""}]",
2026-08-17T13:51:33Z,shp_00006464,9400100000000000006464,delivered,adr_from0001,Goodwill E-Com (test),Goodwill Michiana (test),100 Test Warehouse Rd,,South Bend,IN,46601,US,false,adr_to001027,Test Buyer,,128 Example Ave,,Fakeport,IL,60601,US,true,prcl_001027,10,8,4,30.4,,2026-08-17T13:51:34Z,rate_001027,Priority,USPS,3.65,,false,,113-7315590-3543866,0.00,3.65,0.00,"[{""label_format"":""PDF""},{""print_custom_1"":""ecom""}]",
2026-08-17T13:52:12Z,shp_00006481,9400100000000000006481,delivered,adr_from0001,Goodwill E-Com (test),Goodwill Michiana (test),100 Test Warehouse Rd,,South Bend,IN,46601,US,false,adr_to001028,Test Buyer,,129 Example Ave,,Testville,IN,46601,US,true,prcl_001028,10,8,4,6.4,,2026-08-17T13:52:13Z,rate_001028,GroundAdvantage,USPS,3.59,,false,,114-6315621-0169505,0.00,3.59,0.00,"[{""label_format"":""PDF""},{""print_custom_1"":""ecom""}]",
2026-08-17T14:03:05Z,shp_00006417,9400100000000000006417,delivered,adr_from0001,Goodwill E-Com (test),Goodwill Michiana (test),100 Test Warehouse Rd,,South Bend,IN,46601,US,false,adr_to001029,Test Buyer,,130 Example Ave,,Sampleton,OH,43004,US,true,prcl_001029,10,8,4,24.0,,2026-08-17T14:03:06Z,rate_001029,GroundAdvantage,USPS,5.43,,false,,112-5215455-7467118,0.00,5.43,0.00,"[{""label_format"":""PDF""},{""print_custom_1"":""ecom""}]",
2026-08-17T14:11:12Z,shp_00006491,9400100000000000006491,delivered,adr_from0001,Goodwill E-Com (test),Goodwill Michiana (test),100 Test Warehouse Rd,,South Bend,IN,46601,US,false,adr_to001030,Test Buyer,,131 Example Ave,,Mocksburg,MI,49001,US,true,prcl_001030,10,8,4,11.2,,2026-08-17T14:11:13Z,rate_001030,Priority,USPS,5.98,,false,,04-15655-30161,0.00,5.98,0.00,"[{""label_format"":""PDF""},{""print_custom_1"":""ecom""}]",
2026-08-17T14:21:09Z,shp_00006459,9400100000000000006459,delivered,adr_from0001,Goodwill E-Com (test),Goodwill Michiana (test),100 Test Warehouse Rd,,South Bend,IN,46601,US,false,adr_to001031,Test Buyer,,132 Example Ave,,Fakeport,IL,60601,US,true,prcl_001031,10,8,4,52.8,,2026-08-17T14:21:10Z,rate_001031,GroundAdvantage,USPS,13.59,,false,,SGW-7715582,0.00,13.59,0.00,"[{""label_format"":""PDF""},{""print_custom_1"":""ecom""}]",
2026-08-17T14:21:20Z,shp_00006460,9400100000000000006460,delivered,adr_from0001,Goodwill E-Com (test),Goodwill Michiana (test),100 Test Warehouse Rd,,South Bend,IN,46601,US,false,adr_to001032,Test Buyer,,133 Example Ave,,Testville,IN,46601,US,true,prcl_001032,10,8,4,22.4,,2026-08-17T14:21:21Z,rate_001032,GroundAdvantage,USPS,6.57,,false,,SGW-7715583,0.00,6.57,0.00,"[{""label_format"":""PDF""},{""print_custom_1"":""ecom""}]",
2026-08-17T14:23:34Z,shp_00006492,9400100000000000006492,delivered,adr_from0001,Goodwill E-Com (test),Goodwill Michiana (test),100 Test Warehouse Rd,,South Bend,IN,46601,US,false,adr_to001033,Test Buyer,,134 Example Ave,,Sampleton,OH,43004,US,true,prcl_001033,10,8,4,9.6,,2026-08-17T14:23:35Z,rate_001033,GroundAdvantage,USPS,11.28,,false,,05-15656-86334,0.00,11.28,0.00,"[{""label_format"":""PDF""},{""print_custom_1"":""ecom""}]",
2026-08-17T14:29:46Z,shp_00006486,9400100000000000006486,delivered,adr_from0001,Goodwill E-Com (test),Goodwill Michiana (test),100 Test Warehouse Rd,,South Bend,IN,46601,US,false,adr_to001034,Test Buyer,,135 Example Ave,,Mocksburg,MI,49001,US,true,prcl_001034,10,8,4,36.8,,2026-08-17T14:29:47Z,rate_001034,GroundAdvantage,USPS,3.84,,false,,112-5415632-8043960,0.00,3.84,0.00,"[{""label_format"":""PDF""},{""print_custom_1"":""ecom""}]",
2026-08-17T14:49:36Z,shp_00006440,9400100000000000006440,in_transit,adr_from0001,Goodwill E-Com (test),Goodwill Michiana (test),100 Test Warehouse Rd,,South Bend,IN,46601,US,false,adr_to001035,Test Buyer,,136 Example Ave,,Fakeport,IL,60601,US,true,prcl_001035,10,8,4,33.6,,2026-08-17T14:49:37Z,rate_001035,Priority,USPS,6.21,,false,,m00000015518,0.00,6.21,0.00,"[{""label_format"":""PDF""},{""print_custom_1"":""ecom""}]",
2026-08-17T14:52:10Z,shp_00006450,9400100000000000006450,delivered,adr_from0001,Goodwill E-Com (test),Goodwill Michiana (test),100 Test Warehouse Rd,,South Bend,IN,46601,US,false,adr_to001036,Test Buyer,,137 Example Ave,,Testville,IN,46601,US,true,prcl_001036,10,8,4,36.8,,2026-08-17T14:52:11Z,rate_001036,Priority,USPS,5.78,,false,,SGW-7715556,0.00,5.78,0.00,"[{""label_format"":""PDF""},{""print_custom_1"":""ecom""}]",
2026-08-17T14:55:01Z,shp_00006449,9400100000000000006449,delivered,adr_from0001,Goodwill E-Com (test),Goodwill Michiana (test),100 Test Warehouse Rd,,South Bend,IN,46601,US,false,adr_to001037,Test Buyer,,138 Example Ave,,Sampleton,OH,43004,US,true,prcl_001037,10,8,4,35.2,,2026-08-17T14:55:02Z,rate_001037,Priority,USPS,10.18,,false,,SGW-7715553,0.00,10.18,0.00,"[{""label_format"":""PDF""},{""print_custom_1"":""ecom""}]",
2026-08-17T15:14:43Z,shp_00006495,9400100000000000006495,delivered,adr_from0001,Goodwill E-Com (test),Goodwill Michiana (test),100 Test Warehouse Rd,,South Bend,IN,46601,US,false,adr_to001038,Test Buyer,,139 Example Ave,,Mocksburg,MI,49001,US,true,prcl_001038,10,8,4,65.6,,2026-08-17T15:14:44Z,rate_001038,GroundAdvantage,USPS,5.84,,false,,m00000015664,0.00,5.84,0.00,"[{""label_format"":""PDF""},{""print_custom_1"":""ecom""}]",
2026-08-17T15:19:26Z,shp_00006454,9400100000000000006454,delivered,adr_from0001,Goodwill E-Com (test),Goodwill Michiana (test),100 Test Warehouse Rd,,South Bend,IN,46601,US,false,adr_to001039,Test Buyer,,140 Example Ave,,Fakeport,IL,60601,US,true,prcl_001039,10,8,4,35.2,,2026-08-17T15:19:27Z,rate_001039,GroundAdvantage,USPS,10.03,,false,,SGW-7715566,0.00,10.03,0.00,"[{""label_format"":""PDF""},{""print_custom_1"":""ecom""}]",
2026-08-17T15:21:07Z,shp_00006489,9400100000000000006489,delivered,adr_from0001,Goodwill E-Com (test),Goodwill Michiana (test),100 Test Warehouse Rd,,South Bend,IN,46601,US,false,adr_to001040,Test Buyer,,141 Example Ave,,Testville,IN,46601,US,true,prcl_001040,10,8,4,25.6,,2026-08-17T15:21:08Z,rate_001040,GroundAdvantage,USPS,4.93,,false,,15-15650-14741,0.00,4.93,0.00,"[{""label_format"":""PDF""},{""print_custom_1"":""ecom""}]",
2026-08-17T15:28:42Z,shp_00006424,9400100000000000006424,unknown,adr_from0001,Goodwill E-Com (test),Goodwill Michiana (test),100 Test Warehouse Rd,,South Bend,IN,46601,US,false,adr_to001041,Test Buyer,,142 Example Ave,,Sampleton,OH,43004,US,true,prcl_001041,10,8,4,14.4,,2026-08-17T15:28:43Z,rate_001041,GroundAdvantage,USPS,3.65,,false,refunded,111-3615463-4996778,0.00,3.65,0.00,"[{""label_format"":""PDF""},{""print_custom_1"":""ecom""}]",
2026-08-17T15:51:35Z,shp_00006447,9400100000000000006447,delivered,adr_from0001,Goodwill E-Com (test),Goodwill Michiana (test),100 Test Warehouse Rd,,South Bend,IN,46601,US,false,adr_to001042,Test Buyer,,143 Example Ave,,Mocksburg,MI,49001,US,true,prcl_001042,10,8,4,9.6,,2026-08-17T15:51:36Z,rate_001042,GroundAdvantage,USPS,12.67,,false,,SGW-7715545,0.00,12.67,0.00,"[{""label_format"":""PDF""},{""print_custom_1"":""ecom""}]",
2026-08-17T15:54:16Z,shp_00006472,9400100000000000006472,delivered,adr_from0001,Goodwill E-Com (test),Goodwill Michiana (test),100 Test Warehouse Rd,,South Bend,IN,46601,US,false,adr_to001043,Test Buyer,,144 Example Ave,,Fakeport,IL,60601,US,true,prcl_001043,10,8,4,8.0,,2026-08-17T15:54:17Z,rate_001043,Priority,USPS,3.30,,false,,111-2015607-3889334,0.00,3.30,0.00,"[{""label_format"":""PDF""},{""print_custom_1"":""ecom""}]",
2026-08-17T16:10:23Z,shp_00006383,9400100000000000006383,in_transit,adr_from0001,Goodwill E-Com (test),Goodwill Michiana (test),100 Test Warehouse Rd,,South Bend,IN,46601,US,false,adr_to001044,Test Buyer,,145 Example Ave,,Testville,IN,46601,US,true,prcl_001044,10,8,4,22.4,,2026-08-17T16:10:24Z,rate_001044,GroundAdvantage,USPS,10.37,,false,,SGW-7715377,0.00,10.37,0.00,"[{""label_format"":""PDF""},{""print_custom_1"":""ecom""}]",
2026-08-17T16:19:03Z,shp_00006435,9400100000000000006435,delivered,adr_from0001,Goodwill E-Com (test),Goodwill Michiana (test),100 Test Warehouse Rd,,South Bend,IN,46601,US,false,adr_to001045,Test Buyer,,146 Example Ave,,Sampleton,OH,43004,US,true,prcl_001045,10,8,4,11.2,,2026-08-17T16:19:04Z,rate_001045,GroundAdvantage,USPS,6.19,,false,,m00000015503,0.00,6.19,0.00,"[{""label_format"":""PDF""},{""print_custom_1"":""ecom""}]",
2026-08-17T16:27:28Z,shp_00006394,9400100000000000006394,delivered,adr_from0001,Goodwill E-Com (test),Goodwill Michiana (test),100 Test Warehouse Rd,,South Bend,IN,46601,US,false,adr_to001046,Test Buyer,,147 Example Ave,,Mocksburg,MI,49001,US,true,prcl_001046,10,8,4,36.8,,2026-08-17T16:27:29Z,rate_001046,Priority,USPS,8.44,,false,,SGW-7715404,0.00,8.44,0.00,"[{""label_format"":""PDF""},{""print_custom_1"":""ecom""}]",
2026-08-17T16:45:06Z,shp_00006400,9400100000000000006400,delivered,adr_from0001,Goodwill E-Com (test),Goodwill Michiana (test),100 Test Warehouse Rd,,South Bend,IN,46601,US,false,adr_to001047,Test Buyer,,148 Example Ave,,Fakeport,IL,60601,US,true,prcl_001047,10,8,4,27.2,,2026-08-17T16:45:07Z,rate_001047,Priority,USPS,9.33,,false,,SGW-7715418,0.00,9.33,0.00,"[{""label_format"":""PDF""},{""print_custom_1"":""ecom""}]",
2026-08-17T16:53:48Z,shp_00006465,9400100000000000006465,delivered,adr_from0001,Goodwill E-Com (test),Goodwill Michiana (test),100 Test Warehouse Rd,,South Bend,IN,46601,US,false,adr_to001048,Test Buyer,,149 Example Ave,,Testville,IN,46601,US,true,prcl_001048,10,8,4,6.4,,2026-08-17T16:53:49Z,rate_001048,GroundAdvantage,USPS,3.80,,false,,112-3315591-3373217,0.00,3.80,0.00,"[{""label_format"":""PDF""},{""print_custom_1"":""ecom""}]",
2026-08-17T17:05:54Z,shp_00006392,9400100000000000006392,delivered,adr_from0001,Goodwill E-Com (test),Goodwill Michiana (test),100 Test Warehouse Rd,,South Bend,IN,46601,US,false,adr_to001049,Test Buyer,,150 Example Ave,,Sampleton,OH,43004,US,true,prcl_001049,10,8,4,43.2,,2026-08-17T17:05:55Z,rate_001049,GroundAdvantage,USPS,10.43,,false,,SGW-7715402,0.00,10.43,0.00,"[{""label_format"":""PDF""},{""print_custom_1"":""ecom""}]",
2026-08-17T17:09:58Z,shp_00006348,9400100000000000006348,delivered,adr_from0001,Goodwill E-Com (test),Goodwill Michiana (test),100 Test Warehouse Rd,,South Bend,IN,46601,US,false,adr_to001050,Test Buyer,,151 Example Ave,,Mocksburg,MI,49001,US,true,prcl_001050,10,8,4,80.0,,2026-08-17T17:09:59Z,rate_001050,Priority,USPS,3.60,,false,,111-7615278-7374762,0.00,3.60,0.00,"[{""label_format"":""PDF""},{""print_custom_1"":""ecom""}]",
2026-08-17T17:25:28Z,shp_00006480,9400100000000000006480,delivered,adr_from0001,Goodwill E-Com (test),Goodwill Michiana (test),100 Test Warehouse Rd,,South Bend,IN,46601,US,false,adr_to001051,Test Buyer,,152 Example Ave,,Fakeport,IL,60601,US,true,prcl_001051,10,8,4,17.6,,2026-08-17T17:25:29Z,rate_001051,GroundAdvantage,USPS,3.40,,false,,114-8615619-0085675,0.00,3.40,0.00,"[{""label_format"":""PDF""},{""print_custom_1"":""ecom""}]",
2026-08-17T17:37:07Z,shp_00006470,9400100000000000006470,delivered,adr_from0001,Goodwill E-Com (test),Goodwill Michiana (test),100 Test Warehouse Rd,,South Bend,IN,46601,US,false,adr_to001052,Test Buyer,,153 Example Ave,,Testville,IN,46601,US,true,prcl_001052,10,8,4,30.4,,2026-08-17T17:37:08Z,rate_001052,GroundAdvantage,USPS,5.81,,false,,112-0715600-9438600,0.00,5.81,0.00,"[{""label_format"":""PDF""},{""print_custom_1"":""ecom""}]",
2026-08-17T17:43:24Z,shp_00006377,9400100000000000006377,in_transit,adr_from0001,Goodwill E-Com (test),Goodwill Michiana (test),100 Test Warehouse Rd,,South Bend,IN,46601,US,false,adr_to001053,Test Buyer,,154 Example Ave,,Sampleton,OH,43004,US,true,prcl_001053,10,8,4,9.6,,2026-08-17T17:43:25Z,rate_001053,Priority,USPS,10.34,,false,,SGW-7715367,0.00,10.34,0.00,"[{""label_format"":""PDF""},{""print_custom_1"":""ecom""}]",
2026-08-17T18:14:16Z,shp_00006458,9400100000000000006458,delivered,adr_from0001,Goodwill E-Com (test),Goodwill Michiana (test),100 Test Warehouse Rd,,South Bend,IN,46601,US,false,adr_to001054,Test Buyer,,155 Example Ave,,Mocksburg,MI,49001,US,true,prcl_001054,10,8,4,24.0,,2026-08-17T18:14:17Z,rate_001054,GroundAdvantage,USPS,11.12,,false,,SGW-7715576,0.00,11.12,0.00,"[{""label_format"":""PDF""},{""print_custom_1"":""ecom""}]",
2026-08-17T18:14:17Z,shp_00006478,9400100000000000006478,delivered,adr_from0001,Goodwill E-Com (test),Goodwill Michiana (test),100 Test Warehouse Rd,,South Bend,IN,46601,US,false,adr_to001055,Test Buyer,,156 Example Ave,,Fakeport,IL,60601,US,true,prcl_001055,10,8,4,201.6,,2026-08-17T18:14:18Z,rate_001055,GroundAdvantage,USPS,3.84,,false,,112-2615616-1172627,0.00,3.84,0.00,"[{""label_format"":""PDF""},{""print_custom_1"":""ecom""}]",
2026-08-17T18:16:00Z,shp_00006415,9400100000000000006415,unknown,adr_from0001,Goodwill E-Com (test),Goodwill Michiana (test),100 Test Warehouse Rd,,South Bend,IN,46601,US,false,adr_to001056,Test Buyer,,157 Example Ave,,Testville,IN,46601,US,true,prcl_001056,10,8,4,17.6,,2026-08-17T18:16:01Z,rate_001056,GroundAdvantage,USPS,5.12,,false,refunded,114-1615449-0094327,0.00,5.12,0.00,"[{""label_format"":""PDF""},{""print_custom_1"":""ecom""}]",
2026-08-17T18:22:09Z,shp_00006446,9400100000000000006446,delivered,adr_from0001,Goodwill E-Com (test),Goodwill Michiana (test),100 Test Warehouse Rd,,South Bend,IN,46601,US,false,adr_to001057,Test Buyer,,158 Example Ave,,Sampleton,OH,43004,US,true,prcl_001057,10,8,4,14.4,,2026-08-17T18:22:10Z,rate_001057,GroundAdvantage,USPS,6.00,,false,,SGW-7715542,0.00,6.00,0.00,"[{""label_format"":""PDF""},{""print_custom_1"":""ecom""}]",
2026-08-17T18:28:59Z,shp_00006437,9400100000000000006437,delivered,adr_from0001,Goodwill E-Com (test),Goodwill Michiana (test),100 Test Warehouse Rd,,South Bend,IN,46601,US,false,adr_to001058,Test Buyer,,159 Example Ave,,Mocksburg,MI,49001,US,true,prcl_001058,10,8,4,20.8,,2026-08-17T18:29:00Z,rate_001058,Priority,USPS,5.90,,false,,m00000015508,0.00,5.90,0.00,"[{""label_format"":""PDF""},{""print_custom_1"":""ecom""}]",
2026-08-17T18:42:55Z,shp_00006441,9400100000000000006441,delivered,adr_from0001,Goodwill E-Com (test),Goodwill Michiana (test),100 Test Warehouse Rd,,South Bend,IN,46601,US,false,adr_to001059,Test Buyer,,160 Example Ave,,Fakeport,IL,60601,US,true,prcl_001059,10,8,4,9.6,,2026-08-17T18:42:56Z,rate_001059,Priority,USPS,12.72,,false,,SGW-7715535,0.00,12.72,0.00,"[{""label_format"":""PDF""},{""print_custom_1"":""ecom""}]",
2026-08-17T18:48:48Z,shp_00006456,9400100000000000006456,delivered,adr_from0001,Goodwill E-Com (test),Goodwill Michiana (test),100 Test Warehouse Rd,,South Bend,IN,46601,US,false,adr_to001060,Test Buyer,,161 Example Ave,,Testville,IN,46601,US,true,prcl_001060,10,8,4,27.2,,2026-08-17T18:48:49Z,rate_001060,Priority,USPS,15.07,,false,,SGW-7715569,0.00,15.07,0.00,"[{""label_format"":""PDF""},{""print_custom_1"":""ecom""}]",
2026-08-17T18:56:21Z,shp_00006487,9400100000000000006487,delivered,adr_from0001,Goodwill E-Com (test),Goodwill Michiana (test),100 Test Warehouse Rd,,South Bend,IN,46601,US,false,adr_to001061,Test Buyer,,162 Example Ave,,Sampleton,OH,43004,US,true,prcl_001061,10,8,4,36.8,,2026-08-17T18:56:22Z,rate_001061,GroundAdvantage,USPS,3.35,,false,,112-1615636-8007233,0.00,3.35,0.00,"[{""label_format"":""PDF""},{""print_custom_1"":""ecom""}]",
2026-08-17T19:12:53Z,shp_00006405,9400100000000000006405,in_transit,adr_from0001,Goodwill E-Com (test),Goodwill Michiana (test),100 Test Warehouse Rd,,South Bend,IN,46601,US,false,adr_to001062,Test Buyer,,163 Example Ave,,Mocksburg,MI,49001,US,true,prcl_001062,10,8,4,17.6,,2026-08-17T19:12:54Z,rate_001062,Priority,USPS,10.16,,false,,SGW-7715429,0.00,10.16,0.00,"[{""label_format"":""PDF""},{""print_custom_1"":""ecom""}]",
2026-08-17T19:13:33Z,shp_00006399,9400100000000000006399,delivered,adr_from0001,Goodwill E-Com (test),Goodwill Michiana (test),100 Test Warehouse Rd,,South Bend,IN,46601,US,false,adr_to001063,Test Buyer,,164 Example Ave,,Fakeport,IL,60601,US,true,prcl_001063,10,8,4,17.6,,2026-08-17T19:13:34Z,rate_001063,GroundAdvantage,USPS,16.00,,false,,SGW-7715416,0.00,16.00,0.00,"[{""label_format"":""PDF""},{""print_custom_1"":""ecom""}]",
2026-08-17T19:14:24Z,shp_00006408,9400100000000000006408,delivered,adr_from0001,Goodwill E-Com (test),Goodwill Michiana (test),100 Test Warehouse Rd,,South Bend,IN,46601,US,false,adr_to001064,Test Buyer,,165 Example Ave,,Testville,IN,46601,US,true,prcl_001064,10,8,4,28.8,,2026-08-17T19:14:25Z,rate_001064,GroundAdvantage,USPS,8.52,,false,,SGW-7715433,0.00,8.52,0.00,"[{""label_format"":""PDF""},{""print_custom_1"":""ecom""}]",
2026-08-17T19:15:10Z,shp_00006469,9400100000000000006469,delivered,adr_from0001,Goodwill E-Com (test),Goodwill Michiana (test),100 Test Warehouse Rd,,South Bend,IN,46601,US,false,adr_to001065,Test Buyer,,166 Example Ave,,Sampleton,OH,43004,US,true,prcl_001065,10,8,4,22.4,,2026-08-17T19:15:11Z,rate_001065,Priority,USPS,5.58,,false,,114-2015599-2762267,0.00,5.58,0.00,"[{""label_format"":""PDF""},{""print_custom_1"":""ecom""}]",
2026-08-17T19:19:35Z,shp_00006463,9400100000000000006463,delivered,adr_from0001,Goodwill E-Com (test),Goodwill Michiana (test),100 Test Warehouse Rd,,South Bend,IN,46601,US,false,adr_to001066,Test Buyer,,167 Example Ave,,Mocksburg,MI,49001,US,true,prcl_001066,10,8,4,22.4,,2026-08-17T19:19:36Z,rate_001066,GroundAdvantage,USPS,3.55,,false,,111-4815588-2669327,0.00,3.55,0.00,"[{""label_format"":""PDF""},{""print_custom_1"":""ecom""}]",
2026-08-17T19:27:51Z,shp_00006442,9400100000000000006442,delivered,adr_from0001,Goodwill E-Com (test),Goodwill Michiana (test),100 Test Warehouse Rd,,South Bend,IN,46601,US,false,adr_to001067,Test Buyer,,168 Example Ave,,Fakeport,IL,60601,US,true,prcl_001067,10,8,4,20.8,,2026-08-17T19:27:52Z,rate_001067,GroundAdvantage,USPS,8.79,,false,,SGW-7715536,0.00,8.79,0.00,"[{""label_format"":""PDF""},{""print_custom_1"":""ecom""}]",
2026-08-17T20:01:07Z,shp_00006475,9400100000000000006475,delivered,adr_from0001,Goodwill E-Com (test),Goodwill Michiana (test),100 Test Warehouse Rd,,South Bend,IN,46601,US,false,adr_to001068,Test Buyer,,169 Example Ave,,Testville,IN,46601,US,true,prcl_001068,10,8,4,28.8,,2026-08-17T20:01:08Z,rate_001068,Priority,USPS,5.58,,false,,112-1415611-9400436,0.00,5.58,0.00,"[{""label_format"":""PDF""},{""print_custom_1"":""ecom""}]",
2026-08-17T20:02:43Z,shp_00006488,9400100000000000006488,delivered,adr_from0001,Goodwill E-Com (test),Goodwill Michiana (test),100 Test Warehouse Rd,,South Bend,IN,46601,US,false,adr_to001069,Test Buyer,,170 Example Ave,,Sampleton,OH,43004,US,true,prcl_001069,10,8,4,16.0,,2026-08-17T20:02:44Z,rate_001069,GroundAdvantage,USPS,5.74,,false,,04-15645-72753,0.00,5.74,0.00,"[{""label_format"":""PDF""},{""print_custom_1"":""ecom""}]",
2026-08-17T20:12:22Z,shp_00006484,9400100000000000006484,delivered,adr_from0001,Goodwill E-Com (test),Goodwill Michiana (test),100 Test Warehouse Rd,,South Bend,IN,46601,US,false,adr_to001070,Test Buyer,,171 Example Ave,,Mocksburg,MI,49001,US,true,prcl_001070,10,8,4,32.0,,2026-08-17T20:12:23Z,rate_001070,Priority,USPS,3.72,,false,,114-8515629-0561481,0.00,3.72,0.00,"[{""label_format"":""PDF""},{""print_custom_1"":""ecom""}]",
2026-08-17T20:14:19Z,shp_00006390,9400100000000000006390,in_transit,adr_from0001,Goodwill E-Com (test),Goodwill Michiana (test),100 Test Warehouse Rd,,South Bend,IN,46601,US,false,adr_to001071,Test Buyer,,172 Example Ave,,Fakeport,IL,60601,US,true,prcl_001071,10,8,4,14.4,,2026-08-17T20:14:20Z,rate_001071,GroundAdvantage,USPS,5.31,,false,,SGW-7715395,0.00,5.31,0.00,"[{""label_format"":""PDF""},{""print_custom_1"":""ecom""}]",
2026-08-17T20:20:42Z,shp_00006479,9400100000000000006479,delivered,adr_from0001,Goodwill E-Com (test),Goodwill Michiana (test),100 Test Warehouse Rd,,South Bend,IN,46601,US,false,adr_to001072,Test Buyer,,173 Example Ave,,Testville,IN,46601,US,true,prcl_001072,10,8,4,36.8,,2026-08-17T20:20:43Z,rate_001072,GroundAdvantage,USPS,3.29,,false,,114-5715618-4139107,0.00,3.29,0.00,"[{""label_format"":""PDF""},{""print_custom_1"":""ecom""}]",
2026-08-17T20:23:56Z,shp_00006477,9400100000000000006477,delivered,adr_from0001,Goodwill E-Com (test),Goodwill Michiana (test),100 Test Warehouse Rd,,South Bend,IN,46601,US,false,adr_to001073,Test Buyer,,174 Example Ave,,Sampleton,OH,43004,US,true,prcl_001073,10,8,4,14.4,,2026-08-17T20:23:57Z,rate_001073,GroundAdvantage,USPS,3.48,,false,,113-2715614-3445053,0.00,3.48,0.00,"[{""label_format"":""PDF""},{""print_custom_1"":""ecom""}]",
2026-08-17T20:30:51Z,shp_00006444,9400100000000000006444,delivered,adr_from0001,Goodwill E-Com (test),Goodwill Michiana (test),100 Test Warehouse Rd,,South Bend,IN,46601,US,false,adr_to001074,Test Buyer,,175 Example Ave,,Mocksburg,MI,49001,US,true,prcl_001074,10,8,4,20.8,,2026-08-17T20:30:52Z,rate_001074,GroundAdvantage,USPS,17.07,,false,,SGW-7715539,0.00,17.07,0.00,"[{""label_format"":""PDF""},{""print_custom_1"":""ecom""}]",
2026-08-17T20:35:27Z,shp_00006426,9400100000000000006426,delivered,adr_from0001,Goodwill E-Com (test),Goodwill Michiana (test),100 Test Warehouse Rd,,South Bend,IN,46601,US,false,adr_to001075,Test Buyer,,176 Example Ave,,Fakeport,IL,60601,US,true,prcl_001075,10,8,4,43.2,,2026-08-17T20:35:28Z,rate_001075,GroundAdvantage,USPS,3.78,,false,,113-1115465-4331408,0.00,3.78,0.00,"[{""label_format"":""PDF""},{""print_custom_1"":""ecom""}]",
2026-08-17T20:38:11Z,shp_00006457,9400100000000000006457,delivered,adr_from0001,Goodwill E-Com (test),Goodwill Michiana (test),100 Test Warehouse Rd,,South Bend,IN,46601,US,false,adr_to001076,Test Buyer,,177 Example Ave,,Testville,IN,46601,US,true,prcl_001076,10,8,4,20.8,,2026-08-17T20:38:12Z,rate_001076,GroundAdvantage,USPS,11.34,,false,,SGW-7715575,0.00,11.34,0.00,"[{""label_format"":""PDF""},{""print_custom_1"":""ecom""}]",
2026-08-17T20:46:31Z,shp_00006485,9400100000000000006485,delivered,adr_from0001,Goodwill E-Com (test),Goodwill Michiana (test),100 Test Warehouse Rd,,South Bend,IN,46601,US,false,adr_to001077,Test Buyer,,178 Example Ave,,Sampleton,OH,43004,US,true,prcl_001077,10,8,4,36.8,,2026-08-17T20:46:32Z,rate_001077,GroundAdvantage,USPS,3.83,,false,,111-5415630-0527623,0.00,3.83,0.00,"[{""label_format"":""PDF""},{""print_custom_1"":""ecom""}]",
2026-08-17T20:51:00Z,shp_00006451,9400100000000000006451,delivered,adr_from0001,Goodwill E-Com (test),Goodwill Michiana (test),100 Test Warehouse Rd,,South Bend,IN,46601,US,false,adr_to001078,Test Buyer,,179 Example Ave,,Mocksburg,MI,49001,US,true,prcl_001078,10,8,4,72.0,,2026-08-17T20:51:01Z,rate_001078,GroundAdvantage,USPS,9.19,,false,,SGW-7715558,0.00,9.19,0.00,"[{""label_format"":""PDF""},{""print_custom_1"":""ecom""}]",
2026-08-18T13:02:35Z,shp_00006530,9400100000000000006530,delivered,adr_from0001,Goodwill E-Com (test),Goodwill Michiana (test),100 Test Warehouse Rd,,South Bend,IN,46601,US,false,adr_to001079,Test Buyer,,180 Example Ave,,Fakeport,IL,60601,US,true,prcl_001079,10,8,4,17.6,,2026-08-18T13:02:36Z,rate_001079,GroundAdvantage,USPS,4.94,,false,,114-5015745-3562101,0.00,4.94,0.00,"[{""label_format"":""PDF""},{""print_custom_1"":""ecom""}]",
2026-08-18T13:11:27Z,shp_00006550,9400100000000000006550,in_transit,adr_from0001,Goodwill E-Com (test),Goodwill Michiana (test),100 Test Warehouse Rd,,South Bend,IN,46601,US,false,adr_to001080,Test Buyer,,181 Example Ave,,Testville,IN,46601,US,true,prcl_001080,10,8,4,94.4,,2026-08-18T13:11:28Z,rate_001080,GroundAdvantage,USPS,3.77,,false,,111-8515785-7502033,0.00,3.77,0.00,"[{""label_format"":""PDF""},{""print_custom_1"":""ecom""}]",
2026-08-18T13:19:06Z,shp_00006559,9400100000000000006559,delivered,adr_from0001,Goodwill E-Com (test),Goodwill Michiana (test),100 Test Warehouse Rd,,South Bend,IN,46601,US,false,adr_to001081,Test Buyer,,182 Example Ave,,Sampleton,OH,43004,US,true,prcl_001081,10,8,4,65.6,,2026-08-18T13:19:07Z,rate_001081,Priority,USPS,6.07,,false,,12-15805-00117,0.00,6.07,0.00,"[{""label_format"":""PDF""},{""print_custom_1"":""ecom""}]",
2026-08-18T14:14:47Z,shp_00006473,9400100000000000006473,delivered,adr_from0001,Goodwill E-Com (test),Goodwill Michiana (test),100 Test Warehouse Rd,,South Bend,IN,46601,US,false,adr_to001082,Test Buyer,,183 Example Ave,,Mocksburg,MI,49001,US,true,prcl_001082,10,8,4,20.8,,2026-08-18T14:14:48Z,rate_001082,GroundAdvantage,USPS,3.59,,false,,111-1615608-8946529,0.00,3.59,0.00,"[{""label_format"":""PDF""},{""print_custom_1"":""ecom""}]",
2026-08-18T14:19:46Z,shp_00006494,9400100000000000006494,delivered,adr_from0001,Goodwill E-Com (test),Goodwill Michiana (test),100 Test Warehouse Rd,,South Bend,IN,46601,US,false,adr_to001083,Test Buyer,,184 Example Ave,,Fakeport,IL,60601,US,true,prcl_001083,10,8,4,62.4,,2026-08-18T14:19:47Z,rate_001083,Priority,USPS,6.18,,false,,m00000015659,0.00,6.18,0.00,"[{""label_format"":""PDF""},{""print_custom_1"":""ecom""}]",
2026-08-18T14:24:01Z,shp_00006501,9400100000000000006501,delivered,adr_from0001,Goodwill E-Com (test),Goodwill Michiana (test),100 Test Warehouse Rd,,South Bend,IN,46601,US,false,adr_to001084,Test Buyer,,185 Example Ave,,Testville,IN,46601,US,true,prcl_001084,10,8,4,8.0,,2026-08-18T14:24:02Z,rate_001084,GroundAdvantage,USPS,12.35,,false,,SGW-7715690,0.00,12.35,0.00,"[{""label_format"":""PDF""},{""print_custom_1"":""ecom""}]",
2026-08-18T14:35:14Z,shp_00006498,9400100000000000006498,delivered,adr_from0001,Goodwill E-Com (test),Goodwill Michiana (test),100 Test Warehouse Rd,,South Bend,IN,46601,US,false,adr_to001085,Test Buyer,,186 Example Ave,,Sampleton,OH,43004,US,true,prcl_001085,10,8,4,12.8,,2026-08-18T14:35:15Z,rate_001085,GroundAdvantage,USPS,8.84,,false,,SGW-7715683,0.00,8.84,0.00,"[{""label_format"":""PDF""},{""print_custom_1"":""ecom""}]",
2026-08-18T14:38:34Z,shp_00006528,9400100000000000006528,delivered,adr_from0001,Goodwill E-Com (test),Goodwill Michiana (test),100 Test Warehouse Rd,,South Bend,IN,46601,US,false,adr_to001086,Test Buyer,,187 Example Ave,,Mocksburg,MI,49001,US,true,prcl_001086,10,8,4,8.0,,2026-08-18T14:38:35Z,rate_001086,GroundAdvantage,USPS,3.63,,false,,111-9515741-1099161,0.00,3.63,0.00,"[{""label_format"":""PDF""},{""print_custom_1"":""ecom""}]",
2026-08-18T14:48:08Z,shp_00006554,9400100000000000006554,delivered,adr_from0001,Goodwill E-Com (test),Goodwill Michiana (test),100 Test Warehouse Rd,,South Bend,IN,46601,US,false,adr_to001087,Test Buyer,,188 Example Ave,,Fakeport,IL,60601,US,true,prcl_001087,10,8,4,16.0,,2026-08-18T14:48:09Z,rate_001087,GroundAdvantage,USPS,6.09,,false,,06-15794-52031,0.00,6.09,0.00,"[{""label_format"":""PDF""},{""print_custom_1"":""ecom""}]",
2026-08-18T14:56:19Z,shp_00006448,9400100000000000006448,delivered,adr_from0001,Goodwill E-Com (test),Goodwill Michiana (test),100 Test Warehouse Rd,,South Bend,IN,46601,US,false,adr_to001088,Test Buyer,,189 Example Ave,,Testville,IN,46601,US,true,prcl_001088,10,8,4,24.0,,2026-08-18T14:56:20Z,rate_001088,Priority,USPS,8.58,,false,,SGW-7715548,0.00,8.58,0.00,"[{""label_format"":""PDF""},{""print_custom_1"":""ecom""}]",
2026-08-18T15:08:21Z,shp_00006496,9400100000000000006496,in_transit,adr_from0001,Goodwill E-Com (test),Goodwill Michiana (test),100 Test Warehouse Rd,,South Bend,IN,46601,US,false,adr_to001089,Test Buyer,,190 Example Ave,,Sampleton,OH,43004,US,true,prcl_001089,10,8,4,70.4,,2026-08-18T15:08:22Z,rate_001089,GroundAdvantage,USPS,14.32,,false,,SGW-7715680,0.00,14.32,0.00,"[{""label_format"":""PDF""},{""print_custom_1"":""ecom""}]",
2026-08-18T15:09:18Z,shp_00006514,9400100000000000006514,delivered,adr_from0001,Goodwill E-Com (test),Goodwill Michiana (test),100 Test Warehouse Rd,,South Bend,IN,46601,US,false,adr_to001090,Test Buyer,,191 Example Ave,,Mocksburg,MI,49001,US,true,prcl_001090,10,8,4,27.2,,2026-08-18T15:09:19Z,rate_001090,GroundAdvantage,USPS,7.24,,false,,SGW-7715713,0.00,7.24,0.00,"[{""label_format"":""PDF""},{""print_custom_1"":""ecom""}]",
2026-08-18T15:10:18Z,shp_00006523,9400100000000000006523,delivered,adr_from0001,Goodwill E-Com (test),Goodwill Michiana (test),100 Test Warehouse Rd,,South Bend,IN,46601,US,false,adr_to001091,Test Buyer,,192 Example Ave,,Fakeport,IL,60601,US,true,prcl_001091,10,8,4,49.6,,2026-08-18T15:10:19Z,rate_001091,GroundAdvantage,USPS,6.69,,false,,SGW-7715734,0.00,6.69,0.00,"[{""label_format"":""PDF""},{""print_custom_1"":""ecom""}]",
2026-08-18T15:13:54Z,shp_00006542,9400100000000000006542,delivered,adr_from0001,Goodwill E-Com (test),Goodwill Michiana (test),100 Test Warehouse Rd,,South Bend,IN,46601,US,false,adr_to001092,Test Buyer,,193 Example Ave,,Testville,IN,46601,US,true,prcl_001092,10,8,4,19.2,,2026-08-18T15:13:55Z,rate_001092,GroundAdvantage,USPS,3.34,,false,,113-1415767-8521576,0.00,3.34,0.00,"[{""label_format"":""PDF""},{""print_custom_1"":""ecom""}]",
2026-08-18T15:18:34Z,shp_00006543,9400100000000000006543,delivered,adr_from0001,Goodwill E-Com (test),Goodwill Michiana (test),100 Test Warehouse Rd,,South Bend,IN,46601,US,false,adr_to001093,Test Buyer,,194 Example Ave,,Sampleton,OH,43004,US,true,prcl_001093,10,8,4,28.8,,2026-08-18T15:18:35Z,rate_001093,Priority,USPS,3.44,,false,,113-4215768-0108797,0.00,3.44,0.00,"[{""label_format"":""PDF""},{""print_custom_1"":""ecom""}]",
2026-08-18T15:24:19Z,shp_00006452,9400100000000000006452,delivered,adr_from0001,Goodwill E-Com (test),Goodwill Michiana (test),100 Test Warehouse Rd,,South Bend,IN,46601,US,false,adr_to001094,Test Buyer,,195 Example Ave,,Mocksburg,MI,49001,US,true,prcl_001094,10,8,4,17.6,,2026-08-18T15:24:20Z,rate_001094,GroundAdvantage,USPS,9.69,,false,,SGW-7715559,0.00,9.69,0.00,"[{""label_format"":""PDF""},{""print_custom_1"":""ecom""}]",
2026-08-18T15:26:11Z,shp_00006527,9400100000000000006527,delivered,adr_from0001,Goodwill E-Com (test),Goodwill Michiana (test),100 Test Warehouse Rd,,South Bend,IN,46601,US,false,adr_to001095,Test Buyer,,196 Example Ave,,Fakeport,IL,60601,US,true,prcl_001095,10,8,4,30.4,,2026-08-18T15:26:12Z,rate_001095,Priority,USPS,3.43,,false,,112-0615739-0553128,0.00,3.43,0.00,"[{""label_format"":""PDF""},{""print_custom_1"":""ecom""}]",
2026-08-18T15:27:33Z,shp_00006544,9400100000000000006544,delivered,adr_from0001,Goodwill E-Com (test),Goodwill Michiana (test),100 Test Warehouse Rd,,South Bend,IN,46601,US,false,adr_to001096,Test Buyer,,197 Example Ave,,Testville,IN,46601,US,true,prcl_001096,10,8,4,139.2,,2026-08-18T15:27:34Z,rate_001096,Priority,USPS,3.85,,false,,112-9015769-1435764,0.00,3.85,0.00,"[{""label_format"":""PDF""},{""print_custom_1"":""ecom""}]",
2026-08-18T15:44:34Z,shp_00006497,9400100000000000006497,delivered,adr_from0001,Goodwill E-Com (test),Goodwill Michiana (test),100 Test Warehouse Rd,,South Bend,IN,46601,US,false,adr_to001097,Test Buyer,,198 Example Ave,,Sampleton,OH,43004,US,true,prcl_001097,10,8,4,68.8,,2026-08-18T15:44:35Z,rate_001097,GroundAdvantage,USPS,7.18,,false,,SGW-7715682,0.00,7.18,0.00,"[{""label_format"":""PDF""},{""print_custom_1"":""ecom""}]",
2026-08-18T15:44:43Z,shp_00006518,9400100000000000006518,in_transit,adr_from0001,Goodwill E-Com (test),Goodwill Michiana (test),100 Test Warehouse Rd,,South Bend,IN,46601,US,false,adr_to001098,Test Buyer,,199 Example Ave,,Mocksburg,MI,49001,US,true,prcl_001098,10,8,4,91.2,,2026-08-18T15:44:44Z,rate_001098,GroundAdvantage,USPS,10.32,,false,,SGW-7715724,0.00,10.32,0.00,"[{""label_format"":""PDF""},{""print_custom_1"":""ecom""}]",
2026-08-18T15:46:29Z,shp_00006561,9400100000000000006561,delivered,adr_from0001,Goodwill E-Com (test),Goodwill Michiana (test),100 Test Warehouse Rd,,South Bend,IN,46601,US,false,adr_to001099,Test Buyer,,200 Example Ave,,Fakeport,IL,60601,US,true,prcl_001099,10,8,4,30.4,,2026-08-18T15:46:30Z,rate_001099,GroundAdvantage,USPS,6.27,,false,,m00000015815,0.00,6.27,0.00,"[{""label_format"":""PDF""},{""print_custom_1"":""ecom""}]",
2026-08-18T15:48:05Z,shp_00006507,9400100000000000006507,delivered,adr_from0001,Goodwill E-Com (test),Goodwill Michiana (test),100 Test Warehouse Rd,,South Bend,IN,46601,US,false,adr_to001100,Test Buyer,,201 Example Ave,,Testville,IN,46601,US,true,prcl_001100,10,8,4,16.0,,2026-08-18T15:48:06Z,rate_001100,Priority,USPS,8.73,,false,,SGW-7715701,0.00,8.73,0.00,"[{""label_format"":""PDF""},{""print_custom_1"":""ecom""}]",
2026-08-18T15:53:44Z,shp_00006532,9400100000000000006532,delivered,adr_from0001,Goodwill E-Com (test),Goodwill Michiana (test),100 Test Warehouse Rd,,South Bend,IN,46601,US,false,adr_to001101,Test Buyer,,202 Example Ave,,Sampleton,OH,43004,US,true,prcl_001101,10,8,4,12.8,,2026-08-18T15:53:45Z,rate_001101,GroundAdvantage,USPS,3.88,,false,,114-7515748-1891926,0.00,3.88,0.00,"[{""label_format"":""PDF""},{""print_custom_1"":""ecom""}]",
2026-08-18T16:03:34Z,shp_00006529,9400100000000000006529,delivered,adr_from0001,Goodwill E-Com (test),Goodwill Michiana (test),100 Test Warehouse Rd,,South Bend,IN,46601,US,false,adr_to001102,Test Buyer,,203 Example Ave,,Mocksburg,MI,49001,US,true,prcl_001102,10,8,4,22.4,,2026-08-18T16:03:35Z,rate_001102,GroundAdvantage,USPS,3.46,,false,,111-8415744-6853120,0.00,3.46,0.00,"[{""label_format"":""PDF""},{""print_custom_1"":""ecom""}]",
2026-08-18T16:22:10Z,shp_00006510,9400100000000000006510,delivered,adr_from0001,Goodwill E-Com (test),Goodwill Michiana (test),100 Test Warehouse Rd,,South Bend,IN,46601,US,false,adr_to001103,Test Buyer,,204 Example Ave,,Fakeport,IL,60601,US,true,prcl_001103,10,8,4,6.4,,2026-08-18T16:22:11Z,rate_001103,GroundAdvantage,USPS,9.39,,false,,SGW-7715707,0.00,9.39,0.00,"[{""label_format"":""PDF""},{""print_custom_1"":""ecom""}]",
2026-08-18T16:23:37Z,shp_00006504,9400100000000000006504,delivered,adr_from0001,Goodwill E-Com (test),Goodwill Michiana (test),100 Test Warehouse Rd,,South Bend,IN,46601,US,false,adr_to001104,Test Buyer,,205 Example Ave,,Testville,IN,46601,US,true,prcl_001104,10,8,4,54.4,,2026-08-18T16:23:38Z,rate_001104,GroundAdvantage,USPS,10.07,,false,,SGW-7715697,0.00,10.07,0.00,"[{""label_format"":""PDF""},{""print_custom_1"":""ecom""}]",
2026-08-18T16:38:29Z,shp_00006499,9400100000000000006499,delivered,adr_from0001,Goodwill E-Com (test),Goodwill Michiana (test),100 Test Warehouse Rd,,South Bend,IN,46601,US,false,adr_to001105,Test Buyer,,206 Example Ave,,Sampleton,OH,43004,US,true,prcl_001105,10,8,4,6.4,,2026-08-18T16:38:30Z,rate_001105,GroundAdvantage,USPS,9.02,,false,,SGW-7715686,0.00,9.02,0.00,"[{""label_format"":""PDF""},{""print_custom_1"":""ecom""}]",
2026-08-18T16:39:34Z,shp_00006551,9400100000000000006551,delivered,adr_from0001,Goodwill E-Com (test),Goodwill Michiana (test),100 Test Warehouse Rd,,South Bend,IN,46601,US,false,adr_to001106,Test Buyer,,207 Example Ave,,Mocksburg,MI,49001,US,true,prcl_001106,10,8,4,14.4,,2026-08-18T16:39:35Z,rate_001106,GroundAdvantage,USPS,3.84,,false,,114-2515786-7411331,0.00,3.84,0.00,"[{""label_format"":""PDF""},{""print_custom_1"":""ecom""}]",
2026-08-18T16:40:40Z,shp_00006541,9400100000000000006541,in_transit,adr_from0001,Goodwill E-Com (test),Goodwill Michiana (test),100 Test Warehouse Rd,,South Bend,IN,46601,US,false,adr_to001107,Test Buyer,,208 Example Ave,,Fakeport,IL,60601,US,true,prcl_001107,10,8,4,14.4,,2026-08-18T16:40:41Z,rate_001107,Priority,USPS,3.80,,false,,111-3315766-7976477,0.00,3.80,0.00,"[{""label_format"":""PDF""},{""print_custom_1"":""ecom""}]",
2026-08-18T16:55:34Z,shp_00006535,9400100000000000006535,delivered,adr_from0001,Goodwill E-Com (test),Goodwill Michiana (test),100 Test Warehouse Rd,,South Bend,IN,46601,US,false,adr_to001108,Test Buyer,,209 Example Ave,,Testville,IN,46601,US,true,prcl_001108,10,8,4,59.2,,2026-08-18T16:55:35Z,rate_001108,GroundAdvantage,USPS,3.58,,false,,114-5415751-6460779,0.00,3.58,0.00,"[{""label_format"":""PDF""},{""print_custom_1"":""ecom""}]",
2026-08-18T16:56:26Z,shp_00006455,9400100000000000006455,delivered,adr_from0001,Goodwill E-Com (test),Goodwill Michiana (test),100 Test Warehouse Rd,,South Bend,IN,46601,US,false,adr_to001109,Test Buyer,,210 Example Ave,,Sampleton,OH,43004,US,true,prcl_001109,10,8,4,86.4,,2026-08-18T16:56:27Z,rate_001109,GroundAdvantage,USPS,14.30,,false,,SGW-7715568,0.00,14.30,0.00,"[{""label_format"":""PDF""},{""print_custom_1"":""ecom""}]",
2026-08-18T16:56:31Z,shp_00006503,9400100000000000006503,delivered,adr_from0001,Goodwill E-Com (test),Goodwill Michiana (test),100 Test Warehouse Rd,,South Bend,IN,46601,US,false,adr_to001110,Test Buyer,,211 Example Ave,,Mocksburg,MI,49001,US,true,prcl_001110,10,8,4,81.6,,2026-08-18T16:56:32Z,rate_001110,GroundAdvantage,USPS,6.99,,false,,SGW-7715694,0.00,6.99,0.00,"[{""label_format"":""PDF""},{""print_custom_1"":""ecom""}]",
2026-08-18T16:58:19Z,shp_00006549,9400100000000000006549,delivered,adr_from0001,Goodwill E-Com (test),Goodwill Michiana (test),100 Test Warehouse Rd,,South Bend,IN,46601,US,false,adr_to001111,Test Buyer,,212 Example Ave,,Fakeport,IL,60601,US,true,prcl_001111,10,8,4,44.8,,2026-08-18T16:58:20Z,rate_001111,GroundAdvantage,USPS,5.48,,false,,114-3515782-5944361,0.00,5.48,0.00,"[{""label_format"":""PDF""},{""print_custom_1"":""ecom""}]",
2026-08-18T16:58:36Z,shp_00006531,9400100000000000006531,delivered,adr_from0001,Goodwill E-Com (test),Goodwill Michiana (test),100 Test Warehouse Rd,,South Bend,IN,46601,US,false,adr_to001112,Test Buyer,,213 Example Ave,,Testville,IN,46601,US,true,prcl_001112,10,8,4,14.4,,2026-08-18T16:58:37Z,rate_001112,GroundAdvantage,USPS,5.35,,false,,113-2115747-3872293,0.00,5.35,0.00,"[{""label_format"":""PDF""},{""print_custom_1"":""ecom""}]",
2026-08-18T17:01:05Z,shp_00006537,9400100000000000006537,delivered,adr_from0001,Goodwill E-Com (test),Goodwill Michiana (test),100 Test Warehouse Rd,,South Bend,IN,46601,US,false,adr_to001113,Test Buyer,,214 Example Ave,,Sampleton,OH,43004,US,true,prcl_001113,10,8,4,48.0,,2026-08-18T17:01:06Z,rate_001113,GroundAdvantage,USPS,5.31,,false,,111-3515757-8259963,0.00,5.31,0.00,"[{""label_format"":""PDF""},{""print_custom_1"":""ecom""}]",
2026-08-18T17:12:58Z,shp_00006552,9400100000000000006552,delivered,adr_from0001,Goodwill E-Com (test),Goodwill Michiana (test),100 Test Warehouse Rd,,South Bend,IN,46601,US,false,adr_to001114,Test Buyer,,215 Example Ave,,Mocksburg,MI,49001,US,true,prcl_001114,10,8,4,28.8,,2026-08-18T17:12:59Z,rate_001114,Priority,USPS,5.16,,false,,03-15792-91293,0.00,5.16,0.00,"[{""label_format"":""PDF""},{""print_custom_1"":""ecom""}]",
2026-08-18T17:17:33Z,shp_00006533,9400100000000000006533,delivered,adr_from0001,Goodwill E-Com (test),Goodwill Michiana (test),100 Test Warehouse Rd,,South Bend,IN,46601,US,false,adr_to001115,Test Buyer,,216 Example Ave,,Fakeport,IL,60601,US,true,prcl_001115,10,8,4,32.0,,2026-08-18T17:17:34Z,rate_001115,Priority,USPS,5.39,,false,,111-7515749-2905621,0.00,5.39,0.00,"[{""label_format"":""PDF""},{""print_custom_1"":""ecom""}]",
2026-08-18T17:17:33Z,shp_00006553,9400100000000000006553,in_transit,adr_from0001,Goodwill E-Com (test),Goodwill Michiana (test),100 Test Warehouse Rd,,South Bend,IN,46601,US,false,adr_to001116,Test Buyer,,217 Example Ave,,Testville,IN,46601,US,true,prcl_001116,10,8,4,36.8,,2026-08-18T17:17:34Z,rate_001116,GroundAdvantage,USPS,7.98,,false,,27-15793-11767,0.00,7.98,0.00,"[{""label_format"":""PDF""},{""print_custom_1"":""ecom""}]",
2026-08-18T17:30:03Z,shp_00006482,9400100000000000006482,delivered,adr_from0001,Goodwill E-Com (test),Goodwill Michiana (test),100 Test Warehouse Rd,,South Bend,IN,46601,US,false,adr_to001117,Test Buyer,,218 Example Ave,,Sampleton,OH,43004,US,true,prcl_001117,10,8,4,25.6,,2026-08-18T17:30:04Z,rate_001117,GroundAdvantage,USPS,3.91,,false,,111-7315623-7453917,0.00,3.91,0.00,"[{""label_format"":""PDF""},{""print_custom_1"":""ecom""}]",
2026-08-18T17:33:52Z,shp_00006515,9400100000000000006515,unknown,adr_from0001,Goodwill E-Com (test),Goodwill Michiana (test),100 Test Warehouse Rd,,South Bend,IN,46601,US,false,adr_to001118,Test Buyer,,219 Example Ave,,Mocksburg,MI,49001,US,true,prcl_001118,10,8,4,19.2,,2026-08-18T17:33:53Z,rate_001118,GroundAdvantage,USPS,9.24,,false,refunded,SGW-7715717,0.00,9.24,0.00,"[{""label_format"":""PDF""},{""print_custom_1"":""ecom""}]",
2026-08-18T17:39:09Z,shp_00006474,9400100000000000006474,delivered,adr_from0001,Goodwill E-Com (test),Goodwill Michiana (test),100 Test Warehouse Rd,,South Bend,IN,46601,US,false,adr_to001119,Test Buyer,,220 Example Ave,,Fakeport,IL,60601,US,true,prcl_001119,10,8,4,22.4,,2026-08-18T17:39:10Z,rate_001119,Priority,USPS,3.64,,false,,112-4815609-3956122,0.00,3.64,0.00,"[{""label_format"":""PDF""},{""print_custom_1"":""ecom""}]",
2026-08-18T17:41:35Z,shp_00006483,9400100000000000006483,delivered,adr_from0001,Goodwill E-Com (test),Goodwill Michiana (test),100 Test Warehouse Rd,,South Bend,IN,46601,US,false,adr_to001120,Test Buyer,,221 Example Ave,,Testville,IN,46601,US,true,prcl_001120,10,8,4,20.8,,2026-08-18T17:41:36Z,rate_001120,GroundAdvantage,USPS,3.61,,false,,113-7915627-7708264,0.00,3.61,0.00,"[{""label_format"":""PDF""},{""print_custom_1"":""ecom""}]",
2026-08-18T17:42:30Z,shp_00006516,9400100000000000006516,delivered,adr_from0001,Goodwill E-Com (test),Goodwill Michiana (test),100 Test Warehouse Rd,,South Bend,IN,46601,US,false,adr_to001121,Test Buyer,,222 Example Ave,,Sampleton,OH,43004,US,true,prcl_001121,10,8,4,25.6,,2026-08-18T17:42:31Z,rate_001121,GroundAdvantage,USPS,11.18,,false,,SGW-7715720,0.00,11.18,0.00,"[{""label_format"":""PDF""},{""print_custom_1"":""ecom""}]",
2026-08-18T17:52:03Z,shp_00006526,9400100000000000006526,delivered,adr_from0001,Goodwill E-Com (test),Goodwill Michiana (test),100 Test Warehouse Rd,,South Bend,IN,46601,US,false,adr_to001122,Test Buyer,,223 Example Ave,,Mocksburg,MI,49001,US,true,prcl_001122,10,8,4,12.8,,2026-08-18T17:52:04Z,rate_001122,GroundAdvantage,USPS,8.28,,false,,SGW-7715737,0.00,8.28,0.00,"[{""label_format"":""PDF""},{""print_custom_1"":""ecom""}]",
2026-08-18T17:56:28Z,shp_00006511,9400100000000000006511,delivered,adr_from0001,Goodwill E-Com (test),Goodwill Michiana (test),100 Test Warehouse Rd,,South Bend,IN,46601,US,false,adr_to001123,Test Buyer,,224 Example Ave,,Fakeport,IL,60601,US,true,prcl_001123,10,8,4,8.0,,2026-08-18T17:56:29Z,rate_001123,GroundAdvantage,USPS,9.03,,false,,SGW-7715708,0.00,9.03,0.00,"[{""label_format"":""PDF""},{""print_custom_1"":""ecom""}]",
2026-08-18T17:57:34Z,shp_00006536,9400100000000000006536,delivered,adr_from0001,Goodwill E-Com (test),Goodwill Michiana (test),100 Test Warehouse Rd,,South Bend,IN,46601,US,false,adr_to001124,Test Buyer,,225 Example Ave,,Testville,IN,46601,US,true,prcl_001124,10,8,4,49.6,,2026-08-18T17:57:35Z,rate_001124,Priority,USPS,3.81,,false,,113-9515753-4561133,0.00,3.81,0.00,"[{""label_format"":""PDF""},{""print_custom_1"":""ecom""}]",
2026-08-18T17:58:13Z,shp_00006546,9400100000000000006546,in_transit,adr_from0001,Goodwill E-Com (test),Goodwill Michiana (test),100 Test Warehouse Rd,,South Bend,IN,46601,US,false,adr_to001125,Test Buyer,,226 Example Ave,,Sampleton,OH,43004,US,true,prcl_001125,10,8,4,20.8,,2026-08-18T17:58:14Z,rate_001125,GroundAdvantage,USPS,5.62,,false,,111-6115774-5693560,0.00,5.62,0.00,"[{""label_format"":""PDF""},{""print_custom_1"":""ecom""}]",
2026-08-18T17:58:46Z,shp_00006519,9400100000000000006519,delivered,adr_from0001,Goodwill E-Com (test),Goodwill Michiana (test),100 Test Warehouse Rd,,South Bend,IN,46601,US,false,adr_to001126,Test Buyer,,227 Example Ave,,Mocksburg,MI,49001,US,true,prcl_001126,10,8,4,14.4,,2026-08-18T17:58:47Z,rate_001126,GroundAdvantage,USPS,7.29,,false,,SGW-7715727,0.00,7.29,0.00,"[{""label_format"":""PDF""},{""print_custom_1"":""ecom""}]",
2026-08-18T17:58:47Z,shp_00006490,9400100000000000006490,delivered,adr_from0001,Goodwill E-Com (test),Goodwill Michiana (test),100 Test Warehouse Rd,,South Bend,IN,46601,US,false,adr_to001127,Test Buyer,,228 Example Ave,,Fakeport,IL,60601,US,true,prcl_001127,10,8,4,11.2,,2026-08-18T17:58:48Z,rate_001127,GroundAdvantage,USPS,5.68,,false,,13-15652-86007,0.00,5.68,0.00,"[{""label_format"":""PDF""},{""print_custom_1"":""ecom""}]",
2026-08-18T18:01:10Z,shp_00006517,9400100000000000006517,delivered,adr_from0001,Goodwill E-Com (test),Goodwill Michiana (test),100 Test Warehouse Rd,,South Bend,IN,46601,US,false,adr_to001128,Test Buyer,,229 Example Ave,,Testville,IN,46601,US,true,prcl_001128,10,8,4,57.6,,2026-08-18T18:01:11Z,rate_001128,GroundAdvantage,USPS,8.10,,false,,SGW-7715721,0.00,8.10,0.00,"[{""label_format"":""PDF""},{""print_custom_1"":""ecom""}]",
2026-08-18T18:06:24Z,shp_00006461,9400100000000000006461,delivered,adr_from0001,Goodwill E-Com (test),Goodwill Michiana (test),100 Test Warehouse Rd,,South Bend,IN,46601,US,false,adr_to001129,Test Buyer,,230 Example Ave,,Sampleton,OH,43004,US,true,prcl_001129,10,8,4,20.8,,2026-08-18T18:06:25Z,rate_001129,GroundAdvantage,USPS,12.32,,false,,SGW-7715585,0.00,12.32,0.00,"[{""label_format"":""PDF""},{""print_custom_1"":""ecom""}]",
2026-08-18T18:24:29Z,shp_00006493,9400100000000000006493,delivered,adr_from0001,Goodwill E-Com (test),Goodwill Michiana (test),100 Test Warehouse Rd,,South Bend,IN,46601,US,false,adr_to001130,Test Buyer,,231 Example Ave,,Mocksburg,MI,49001,US,true,prcl_001130,10,8,4,51.2,,2026-08-18T18:24:30Z,rate_001130,GroundAdvantage,USPS,6.11,,false,,m00000015658,0.00,6.11,0.00,"[{""label_format"":""PDF""},{""print_custom_1"":""ecom""}]",
2026-08-18T18:26:47Z,shp_00006453,9400100000000000006453,delivered,adr_from0001,Goodwill E-Com (test),Goodwill Michiana (test),100 Test Warehouse Rd,,South Bend,IN,46601,US,false,adr_to001131,Test Buyer,,232 Example Ave,,Fakeport,IL,60601,US,true,prcl_001131,10,8,4,12.8,,2026-08-18T18:26:48Z,rate_001131,GroundAdvantage,USPS,6.04,,false,,SGW-7715565,0.00,6.04,0.00,"[{""label_format"":""PDF""},{""print_custom_1"":""ecom""}]",
2026-08-18T18:36:01Z,shp_00006548,9400100000000000006548,delivered,adr_from0001,Goodwill E-Com (test),Goodwill Michiana (test),100 Test Warehouse Rd,,South Bend,IN,46601,US,false,adr_to001132,Test Buyer,,233 Example Ave,,Testville,IN,46601,US,true,prcl_001132,10,8,4,59.2,,2026-08-18T18:36:02Z,rate_001132,Priority,USPS,5.53,,false,,113-8715779-2162550,0.00,5.53,0.00,"[{""label_format"":""PDF""},{""print_custom_1"":""ecom""}]",
2026-08-18T18:36:45Z,shp_00006540,9400100000000000006540,delivered,adr_from0001,Goodwill E-Com (test),Goodwill Michiana (test),100 Test Warehouse Rd,,South Bend,IN,46601,US,false,adr_to001133,Test Buyer,,234 Example Ave,,Sampleton,OH,43004,US,true,prcl_001133,10,8,4,36.8,,2026-08-18T18:36:46Z,rate_001133,GroundAdvantage,USPS,5.85,,false,,112-8915765-8691099,0.00,5.85,0.00,"[{""label_format"":""PDF""},{""print_custom_1"":""ecom""}]",
2026-08-18T19:09:52Z,shp_00006525,9400100000000000006525,in_transit,adr_from0001,Goodwill E-Com (test),Goodwill Michiana (test),100 Test Warehouse Rd,,South Bend,IN,46601,US,false,adr_to001134,Test Buyer,,235 Example Ave,,Mocksburg,MI,49001,US,true,prcl_001134,10,8,4,41.6,,2026-08-18T19:09:53Z,rate_001134,GroundAdvantage,USPS,9.04,,false,,SGW-7715736,0.00,9.04,0.00,"[{""label_format"":""PDF""},{""print_custom_1"":""ecom""}]",
2026-08-18T19:22:39Z,shp_00006384,9400100000000000006384,delivered,adr_from0001,Goodwill E-Com (test),Goodwill Michiana (test),100 Test Warehouse Rd,,South Bend,IN,46601,US,false,adr_to001135,Test Buyer,,236 Example Ave,,Fakeport,IL,60601,US,true,prcl_001135,10,8,4,33.6,,2026-08-18T19:22:40Z,rate_001135,GroundAdvantage,USPS,8.65,,false,,SGW-7715378,0.00,8.65,0.00,"[{""label_format"":""PDF""},{""print_custom_1"":""ecom""}]",
2026-08-18T19:23:16Z,shp_00006502,9400100000000000006502,delivered,adr_from0001,Goodwill E-Com (test),Goodwill Michiana (test),100 Test Warehouse Rd,,South Bend,IN,46601,US,false,adr_to001136,Test Buyer,,237 Example Ave,,Testville,IN,46601,US,true,prcl_001136,10,8,4,33.6,,2026-08-18T19:23:17Z,rate_001136,GroundAdvantage,USPS,13.33,,false,,SGW-7715691,0.00,13.33,0.00,"[{""label_format"":""PDF""},{""print_custom_1"":""ecom""}]",
2026-08-18T19:27:10Z,shp_00006545,9400100000000000006545,delivered,adr_from0001,Goodwill E-Com (test),Goodwill Michiana (test),100 Test Warehouse Rd,,South Bend,IN,46601,US,false,adr_to001137,Test Buyer,,238 Example Ave,,Sampleton,OH,43004,US,true,prcl_001137,10,8,4,43.2,,2026-08-18T19:27:11Z,rate_001137,GroundAdvantage,USPS,3.45,,false,,111-8215771-4838747,0.00,3.45,0.00,"[{""label_format"":""PDF""},{""print_custom_1"":""ecom""}]",
2026-08-18T19:30:43Z,shp_00006471,9400100000000000006471,delivered,adr_from0001,Goodwill E-Com (test),Goodwill Michiana (test),100 Test Warehouse Rd,,South Bend,IN,46601,US,false,adr_to001138,Test Buyer,,239 Example Ave,,Mocksburg,MI,49001,US,true,prcl_001138,10,8,4,14.4,,2026-08-18T19:30:44Z,rate_001138,GroundAdvantage,USPS,5.75,,false,,114-9415606-5521346,0.00,5.75,0.00,"[{""label_format"":""PDF""},{""print_custom_1"":""ecom""}]",
2026-08-18T20:38:16Z,shp_00006409,9400100000000000006409,delivered,adr_from0001,Goodwill E-Com (test),Goodwill Michiana (test),100 Test Warehouse Rd,,South Bend,IN,46601,US,false,adr_to001139,Test Buyer,,240 Example Ave,,Fakeport,IL,60601,US,true,prcl_001139,10,8,4,22.4,,2026-08-18T20:38:17Z,rate_001139,GroundAdvantage,USPS,16.18,,false,,SGW-7715435,0.00,16.18,0.00,"[{""label_format"":""PDF""},{""print_custom_1"":""ecom""}]",
2026-08-18T20:44:57Z,shp_00006539,9400100000000000006539,delivered,adr_from0001,Goodwill E-Com (test),Goodwill Michiana (test),100 Test Warehouse Rd,,South Bend,IN,46601,US,false,adr_to001140,Test Buyer,,241 Example Ave,,Testville,IN,46601,US,true,prcl_001140,10,8,4,52.8,,2026-08-18T20:44:58Z,rate_001140,GroundAdvantage,USPS,5.61,,false,,111-6715763-7994595,0.00,5.61,0.00,"[{""label_format"":""PDF""},{""print_custom_1"":""ecom""}]",
2026-08-18T20:59:56Z,shp_00006467,9400100000000000006467,delivered,adr_from0001,Goodwill E-Com (test),Goodwill Michiana (test),100 Test Warehouse Rd,,South Bend,IN,46601,US,false,adr_to001141,Test Buyer,,242 Example Ave,,Sampleton,OH,43004,US,true,prcl_001141,10,8,4,38.4,,2026-08-18T20:59:57Z,rate_001141,Priority,USPS,3.45,,false,,111-1815596-0393901,0.00,3.45,0.00,"[{""label_format"":""PDF""},{""print_custom_1"":""ecom""}]",
2026-08-19T13:06:40Z,shp_00006538,9400100000000000006538,delivered,adr_from0001,Goodwill E-Com (test),Goodwill Michiana (test),100 Test Warehouse Rd,,South Bend,IN,46601,US,false,adr_to001142,Test Buyer,,243 Example Ave,,Mocksburg,MI,49001,US,true,prcl_001142,10,8,4,22.4,,2026-08-19T13:06:41Z,rate_001142,GroundAdvantage,USPS,3.87,,false,,111-8715761-3804224,0.00,3.87,0.00,"[{""label_format"":""PDF""},{""print_custom_1"":""ecom""}]",
2026-08-19T13:13:47Z,shp_00006605,9400100000000000006605,in_transit,adr_from0001,Goodwill E-Com (test),Goodwill Michiana (test),100 Test Warehouse Rd,,South Bend,IN,46601,US,false,adr_to001143,Test Buyer,,244 Example Ave,,Fakeport,IL,60601,US,true,prcl_001143,10,8,4,11.2,,2026-08-19T13:13:48Z,rate_001143,GroundAdvantage,USPS,3.75,,false,,112-2315920-7415747,0.00,3.75,0.00,"[{""label_format"":""PDF""},{""print_custom_1"":""ecom""}]",
2026-08-19T13:15:12Z,shp_00006520,9400100000000000006520,delivered,adr_from0001,Goodwill E-Com (test),Goodwill Michiana (test),100 Test Warehouse Rd,,South Bend,IN,46601,US,false,adr_to001144,Test Buyer,,245 Example Ave,,Testville,IN,46601,US,true,prcl_001144,10,8,4,38.4,,2026-08-19T13:15:13Z,rate_001144,Priority,USPS,8.62,,false,,SGW-7715729,0.00,8.62,0.00,"[{""label_format"":""PDF""},{""print_custom_1"":""ecom""}]",
2026-08-19T13:22:55Z,shp_00006509,9400100000000000006509,unknown,adr_from0001,Goodwill E-Com (test),Goodwill Michiana (test),100 Test Warehouse Rd,,South Bend,IN,46601,US,false,adr_to001145,Test Buyer,,246 Example Ave,,Sampleton,OH,43004,US,true,prcl_001145,10,8,4,19.2,,2026-08-19T13:22:56Z,rate_001145,GroundAdvantage,USPS,9.32,,false,refunded,SGW-7715706,0.00,9.32,0.00,"[{""label_format"":""PDF""},{""print_custom_1"":""ecom""}]",
2026-08-19T13:24:01Z,shp_00006500,9400100000000000006500,delivered,adr_from0001,Goodwill E-Com (test),Goodwill Michiana (test),100 Test Warehouse Rd,,South Bend,IN,46601,US,false,adr_to001146,Test Buyer,,247 Example Ave,,Mocksburg,MI,49001,US,true,prcl_001146,10,8,4,17.6,,2026-08-19T13:24:02Z,rate_001146,GroundAdvantage,USPS,15.33,,false,,SGW-7715688,0.00,15.33,0.00,"[{""label_format"":""PDF""},{""print_custom_1"":""ecom""}]",
2026-08-19T13:41:05Z,shp_00006556,9400100000000000006556,delivered,adr_from0001,Goodwill E-Com (test),Goodwill Michiana (test),100 Test Warehouse Rd,,South Bend,IN,46601,US,false,adr_to001147,Test Buyer,,248 Example Ave,,Fakeport,IL,60601,US,true,prcl_001147,10,8,4,65.6,,2026-08-19T13:41:06Z,rate_001147,GroundAdvantage,USPS,6.80,,false,,13-15798-42436,0.00,6.80,0.00,"[{""label_format"":""PDF""},{""print_custom_1"":""ecom""}]",
2026-08-19T13:56:36Z,shp_00006597,9400100000000000006597,delivered,adr_from0001,Goodwill E-Com (test),Goodwill Michiana (test),100 Test Warehouse Rd,,South Bend,IN,46601,US,false,adr_to001148,Test Buyer,,249 Example Ave,,Testville,IN,46601,US,true,prcl_001148,10,8,4,17.6,,2026-08-19T13:56:37Z,rate_001148,GroundAdvantage,USPS,3.46,,false,,111-8015904-1511955,0.00,3.46,0.00,"[{""label_format"":""PDF""},{""print_custom_1"":""ecom""}]",
2026-08-19T14:02:20Z,shp_00006584,9400100000000000006584,delivered,adr_from0001,Goodwill E-Com (test),Goodwill Michiana (test),100 Test Warehouse Rd,,South Bend,IN,46601,US,false,adr_to001149,Test Buyer,,250 Example Ave,,Sampleton,OH,43004,US,true,prcl_001149,10,8,4,12.8,,2026-08-19T14:02:21Z,rate_001149,GroundAdvantage,USPS,15.86,,false,,SGW-7715873,0.00,15.86,0.00,"[{""label_format"":""PDF""},{""print_custom_1"":""ecom""}]",
2026-08-19T14:09:27Z,shp_00006586,9400100000000000006586,delivered,adr_from0001,Goodwill E-Com (test),Goodwill Michiana (test),100 Test Warehouse Rd,,South Bend,IN,46601,US,false,adr_to001150,Test Buyer,,251 Example Ave,,Mocksburg,MI,49001,US,true,prcl_001150,10,8,4,17.6,,2026-08-19T14:09:28Z,rate_001150,GroundAdvantage,USPS,8.18,,false,,SGW-7715876,0.00,8.18,0.00,"[{""label_format"":""PDF""},{""print_custom_1"":""ecom""}]",
2026-08-19T14:12:47Z,shp_00006555,9400100000000000006555,delivered,adr_from0001,Goodwill E-Com (test),Goodwill Michiana (test),100 Test Warehouse Rd,,South Bend,IN,46601,US,false,adr_to001151,Test Buyer,,252 Example Ave,,Fakeport,IL,60601,US,true,prcl_001151,10,8,4,27.2,,2026-08-19T14:12:48Z,rate_001151,GroundAdvantage,USPS,3.53,,false,,09-15797-38055,0.00,3.53,0.00,"[{""label_format"":""PDF""},{""print_custom_1"":""ecom""}]",
2026-08-19T14:13:08Z,shp_00006594,9400100000000000006594,in_transit,adr_from0001,Goodwill E-Com (test),Goodwill Michiana (test),100 Test Warehouse Rd,,South Bend,IN,46601,US,false,adr_to001152,Test Buyer,,253 Example Ave,,Testville,IN,46601,US,true,prcl_001152,10,8,4,49.6,,2026-08-19T14:13:09Z,rate_001152,GroundAdvantage,USPS,3.49,,false,,111-6315898-7959930,0.00,3.49,0.00,"[{""label_format"":""PDF""},{""print_custom_1"":""ecom""}]",
2026-08-19T14:20:01Z,shp_00006583,9400100000000000006583,delivered,adr_from0001,Goodwill E-Com (test),Goodwill Michiana (test),100 Test Warehouse Rd,,South Bend,IN,46601,US,false,adr_to001153,Test Buyer,,254 Example Ave,,Sampleton,OH,43004,US,true,prcl_001153,10,8,4,8.0,,2026-08-19T14:20:02Z,rate_001153,GroundAdvantage,USPS,8.98,,false,,SGW-7715872,0.00,8.98,0.00,"[{""label_format"":""PDF""},{""print_custom_1"":""ecom""}]",
2026-08-19T14:42:40Z,shp_00006563,9400100000000000006563,delivered,adr_from0001,Goodwill E-Com (test),Goodwill Michiana (test),100 Test Warehouse Rd,,South Bend,IN,46601,US,false,adr_to001154,Test Buyer,,255 Example Ave,,Mocksburg,MI,49001,US,true,prcl_001154,10,8,4,43.2,,2026-08-19T14:42:41Z,rate_001154,Priority,USPS,11.14,,false,,SGW-7715833,0.00,11.14,0.00,"[{""label_format"":""PDF""},{""print_custom_1"":""ecom""}]",
2026-08-19T14:44:01Z,shp_00006627,9400100000000000006627,delivered,adr_from0001,Goodwill E-Com (test),Goodwill Michiana (test),100 Test Warehouse Rd,,South Bend,IN,46601,US,false,adr_to001155,Test Buyer,,256 Example Ave,,Fakeport,IL,60601,US,true,prcl_001155,10,8,4,6.4,,2026-08-19T14:44:02Z,rate_001155,GroundAdvantage,USPS,3.20,,false,,27-15975-62424,0.00,3.20,0.00,"[{""label_format"":""PDF""},{""print_custom_1"":""ecom""}]",
2026-08-19T14:50:20Z,shp_00006623,9400100000000000006623,delivered,adr_from0001,Goodwill E-Com (test),Goodwill Michiana (test),100 Test Warehouse Rd,,South Bend,IN,46601,US,false,adr_to001156,Test Buyer,,257 Example Ave,,Testville,IN,46601,US,true,prcl_001156,10,8,4,44.8,,2026-08-19T14:50:21Z,rate_001156,GroundAdvantage,USPS,5.13,,false,,18-15962-43254,0.00,5.13,0.00,"[{""label_format"":""PDF""},{""print_custom_1"":""ecom""}]",
2026-08-19T14:54:21Z,shp_00006562,9400100000000000006562,delivered,adr_from0001,Goodwill E-Com (test),Goodwill Michiana (test),100 Test Warehouse Rd,,South Bend,IN,46601,US,false,adr_to001157,Test Buyer,,258 Example Ave,,Sampleton,OH,43004,US,true,prcl_001157,10,8,4,11.2,,2026-08-19T14:54:22Z,rate_001157,GroundAdvantage,USPS,6.86,,false,,SGW-7715832,0.00,6.86,0.00,"[{""label_format"":""PDF""},{""print_custom_1"":""ecom""}]",
2026-08-19T15:01:33Z,shp_00006609,9400100000000000006609,delivered,adr_from0001,Goodwill E-Com (test),Goodwill Michiana (test),100 Test Warehouse Rd,,South Bend,IN,46601,US,false,adr_to001158,Test Buyer,,259 Example Ave,,Mocksburg,MI,49001,US,true,prcl_001158,10,8,4,19.2,,2026-08-19T15:01:34Z,rate_001158,GroundAdvantage,USPS,3.71,,false,,113-4215928-9153607,0.00,3.71,0.00,"[{""label_format"":""PDF""},{""print_custom_1"":""ecom""}]",
2026-08-19T15:04:45Z,shp_00006593,9400100000000000006593,delivered,adr_from0001,Goodwill E-Com (test),Goodwill Michiana (test),100 Test Warehouse Rd,,South Bend,IN,46601,US,false,adr_to001159,Test Buyer,,260 Example Ave,,Fakeport,IL,60601,US,true,prcl_001159,10,8,4,83.2,,2026-08-19T15:04:46Z,rate_001159,Priority,USPS,5.68,,false,,112-5115897-4893386,0.00,5.68,0.00,"[{""label_format"":""PDF""},{""print_custom_1"":""ecom""}]",
2026-08-19T15:11:12Z,shp_00006620,9400100000000000006620,delivered,adr_from0001,Goodwill E-Com (test),Goodwill Michiana (test),100 Test Warehouse Rd,,South Bend,IN,46601,US,false,adr_to001160,Test Buyer,,261 Example Ave,,Testville,IN,46601,US,true,prcl_001160,10,8,4,8.0,,2026-08-19T15:11:13Z,rate_001160,GroundAdvantage,USPS,5.08,,false,,111-9715946-1907539,0.00,5.08,0.00,"[{""label_format"":""PDF""},{""print_custom_1"":""ecom""}]",
2026-08-19T15:20:49Z,shp_00006613,9400100000000000006613,in_transit,adr_from0001,Goodwill E-Com (test),Goodwill Michiana (test),100 Test Warehouse Rd,,South Bend,IN,46601,US,false,adr_to001161,Test Buyer,,262 Example Ave,,Sampleton,OH,43004,US,true,prcl_001161,10,8,4,44.8,,2026-08-19T15:20:50Z,rate_001161,GroundAdvantage,USPS,3.84,,false,,113-7215932-9406389,0.00,3.84,0.00,"[{""label_format"":""PDF""},{""print_custom_1"":""ecom""}]",
2026-08-19T15:23:22Z,shp_00006508,9400100000000000006508,delivered,adr_from0001,Goodwill E-Com (test),Goodwill Michiana (test),100 Test Warehouse Rd,,South Bend,IN,46601,US,false,adr_to001162,Test Buyer,,263 Example Ave,,Mocksburg,MI,49001,US,true,prcl_001162,10,8,4,9.6,,2026-08-19T15:23:23Z,rate_001162,Priority,USPS,14.32,,false,,SGW-7715702,0.00,14.32,0.00,"[{""label_format"":""PDF""},{""print_custom_1"":""ecom""}]",
2026-08-19T15:29:37Z,shp_00006590,9400100000000000006590,delivered,adr_from0001,Goodwill E-Com (test),Goodwill Michiana (test),100 Test Warehouse Rd,,South Bend,IN,46601,US,false,adr_to001163,Test Buyer,,264 Example Ave,,Fakeport,IL,60601,US,true,prcl_001163,10,8,4,24.0,,2026-08-19T15:29:38Z,rate_001163,GroundAdvantage,USPS,8.00,,false,,SGW-7715887,0.00,8.00,0.00,"[{""label_format"":""PDF""},{""print_custom_1"":""ecom""}]",
2026-08-19T15:29:57Z,shp_00006578,9400100000000000006578,delivered,adr_from0001,Goodwill E-Com (test),Goodwill Michiana (test),100 Test Warehouse Rd,,South Bend,IN,46601,US,false,adr_to001164,Test Buyer,,265 Example Ave,,Testville,IN,46601,US,true,prcl_001164,10,8,4,16.0,,2026-08-19T15:29:58Z,rate_001164,GroundAdvantage,USPS,15.23,,false,,SGW-7715864,0.00,15.23,0.00,"[{""label_format"":""PDF""},{""print_custom_1"":""ecom""}]",
2026-08-19T15:30:56Z,shp_00006604,9400100000000000006604,delivered,adr_from0001,Goodwill E-Com (test),Goodwill Michiana (test),100 Test Warehouse Rd,,South Bend,IN,46601,US,false,adr_to001165,Test Buyer,,266 Example Ave,,Sampleton,OH,43004,US,true,prcl_001165,10,8,4,6.4,,2026-08-19T15:30:57Z,rate_001165,GroundAdvantage,USPS,3.81,,false,,114-2915916-3748724,0.00,3.81,0.00,"[{""label_format"":""PDF""},{""print_custom_1"":""ecom""}]",
2026-08-19T15:41:32Z,shp_00006557,9400100000000000006557,delivered,adr_from0001,Goodwill E-Com (test),Goodwill Michiana (test),100 Test Warehouse Rd,,South Bend,IN,46601,US,false,adr_to001166,Test Buyer,,267 Example Ave,,Mocksburg,MI,49001,US,true,prcl_001166,10,8,4,19.2,,2026-08-19T15:41:33Z,rate_001166,Priority,USPS,12.67,,false,,05-15799-75860,0.00,12.67,0.00,"[{""label_format"":""PDF""},{""print_custom_1"":""ecom""}]",
2026-08-19T15:44:13Z,shp_00006572,9400100000000000006572,delivered,adr_from0001,Goodwill E-Com (test),Goodwill Michiana (test),100 Test Warehouse Rd,,South Bend,IN,46601,US,false,adr_to001167,Test Buyer,,268 Example Ave,,Fakeport,IL,60601,US,true,prcl_001167,10,8,4,11.2,,2026-08-19T15:44:14Z,rate_001167,GroundAdvantage,USPS,11.30,,false,,SGW-7715852,0.00,11.30,0.00,"[{""label_format"":""PDF""},{""print_custom_1"":""ecom""}]",
2026-08-19T15:45:31Z,shp_00006568,9400100000000000006568,delivered,adr_from0001,Goodwill E-Com (test),Goodwill Michiana (test),100 Test Warehouse Rd,,South Bend,IN,46601,US,false,adr_to001168,Test Buyer,,269 Example Ave,,Testville,IN,46601,US,true,prcl_001168,10,8,4,54.4,,2026-08-19T15:45:32Z,rate_001168,GroundAdvantage,USPS,11.61,,false,,SGW-7715847,0.00,11.61,0.00,"[{""label_format"":""PDF""},{""print_custom_1"":""ecom""}]",
2026-08-19T15:47:18Z,shp_00006603,9400100000000000006603,delivered,adr_from0001,Goodwill E-Com (test),Goodwill Michiana (test),100 Test Warehouse Rd,,South Bend,IN,46601,US,false,adr_to001169,Test Buyer,,270 Example Ave,,Sampleton,OH,43004,US,true,prcl_001169,10,8,4,56.0,,2026-08-19T15:47:19Z,rate_001169,GroundAdvantage,USPS,3.29,,false,,112-7815914-9988315,0.00,3.29,0.00,"[{""label_format"":""PDF""},{""print_custom_1"":""ecom""}]",
2026-08-19T15:59:47Z,shp_00006585,9400100000000000006585,in_transit,adr_from0001,Goodwill E-Com (test),Goodwill Michiana (test),100 Test Warehouse Rd,,South Bend,IN,46601,US,false,adr_to001170,Test Buyer,,271 Example Ave,,Mocksburg,MI,49001,US,true,prcl_001170,10,8,4,28.8,,2026-08-19T15:59:48Z,rate_001170,Priority,USPS,8.31,,false,,SGW-7715875,0.00,8.31,0.00,"[{""label_format"":""PDF""},{""print_custom_1"":""ecom""}]",
2026-08-19T16:05:37Z,shp_00006628,9400100000000000006628,delivered,adr_from0001,Goodwill E-Com (test),Goodwill Michiana (test),100 Test Warehouse Rd,,South Bend,IN,46601,US,false,adr_to001171,Test Buyer,,272 Example Ave,,Fakeport,IL,60601,US,true,prcl_001171,10,8,4,28.8,,2026-08-19T16:05:38Z,rate_001171,Priority,USPS,6.66,,false,,m00000015980,0.00,6.66,0.00,"[{""label_format"":""PDF""},{""print_custom_1"":""ecom""}]",
2026-08-19T16:22:36Z,shp_00006505,9400100000000000006505,delivered,adr_from0001,Goodwill E-Com (test),Goodwill Michiana (test),100 Test Warehouse Rd,,South Bend,IN,46601,US,false,adr_to001172,Test Buyer,,273 Example Ave,,Testville,IN,46601,US,true,prcl_001172,10,8,4,17.6,,2026-08-19T16:22:37Z,rate_001172,GroundAdvantage,USPS,7.09,,false,,SGW-7715698,0.00,7.09,0.00,"[{""label_format"":""PDF""},{""print_custom_1"":""ecom""}]",
2026-08-19T16:25:26Z,shp_00006592,9400100000000000006592,delivered,adr_from0001,Goodwill E-Com (test),Goodwill Michiana (test),100 Test Warehouse Rd,,South Bend,IN,46601,US,false,adr_to001173,Test Buyer,,274 Example Ave,,Sampleton,OH,43004,US,true,prcl_001173,10,8,4,16.0,,2026-08-19T16:25:27Z,rate_001173,Priority,USPS,8.48,,false,,SGW-7715891,0.00,8.48,0.00,"[{""label_format"":""PDF""},{""print_custom_1"":""ecom""}]",
2026-08-19T16:28:55Z,shp_00006581,9400100000000000006581,delivered,adr_from0001,Goodwill E-Com (test),Goodwill Michiana (test),100 Test Warehouse Rd,,South Bend,IN,46601,US,false,adr_to001174,Test Buyer,,275 Example Ave,,Mocksburg,MI,49001,US,true,prcl_001174,10,8,4,6.4,,2026-08-19T16:28:56Z,rate_001174,GroundAdvantage,USPS,4.52,,false,,SGW-7715870,0.00,4.52,0.00,"[{""label_format"":""PDF""},{""print_custom_1"":""ecom""}]",
2026-08-19T16:30:22Z,shp_00006588,9400100000000000006588,delivered,adr_from0001,Goodwill E-Com (test),Goodwill Michiana (test),100 Test Warehouse Rd,,South Bend,IN,46601,US,false,adr_to001175,Test Buyer,,276 Example Ave,,Fakeport,IL,60601,US,true,prcl_001175,10,8,4,46.4,,2026-08-19T16:30:23Z,rate_001175,GroundAdvantage,USPS,13.03,,false,,SGW-7715882,0.00,13.03,0.00,"[{""label_format"":""PDF""},{""print_custom_1"":""ecom""}]",
2026-08-19T16:35:08Z,shp_00006589,9400100000000000006589,delivered,adr_from0001,Goodwill E-Com (test),Goodwill Michiana (test),100 Test Warehouse Rd,,South Bend,IN,46601,US,false,adr_to001176,Test Buyer,,277 Example Ave,,Testville,IN,46601,US,true,prcl_001176,10,8,4,20.8,,2026-08-19T16:35:09Z,rate_001176,GroundAdvantage,USPS,9.93,,false,,SGW-7715886,0.00,9.93,0.00,"[{""label_format"":""PDF""},{""print_custom_1"":""ecom""}]",
2026-08-19T16:37:52Z,shp_00006582,9400100000000000006582,delivered,adr_from0001,Goodwill E-Com (test),Goodwill Michiana (test),100 Test Warehouse Rd,,South Bend,IN,46601,US,false,adr_to001177,Test Buyer,,278 Example Ave,,Sampleton,OH,43004,US,true,prcl_001177,10,8,4,25.6,,2026-08-19T16:37:53Z,rate_001177,GroundAdvantage,USPS,11.90,,false,,SGW-7715871,0.00,11.90,0.00,"[{""label_format"":""PDF""},{""print_custom_1"":""ecom""}]",
2026-08-19T16:41:21Z,shp_00006577,9400100000000000006577,delivered,adr_from0001,Goodwill E-Com (test),Goodwill Michiana (test),100 Test Warehouse Rd,,South Bend,IN,46601,US,false,adr_to001178,Test Buyer,,279 Example Ave,,Mocksburg,MI,49001,US,true,prcl_001178,10,8,4,24.0,,2026-08-19T16:41:22Z,rate_001178,GroundAdvantage,USPS,11.29,,false,,SGW-7715863,0.00,11.29,0.00,"[{""label_format"":""PDF""},{""print_custom_1"":""ecom""}]",
2026-08-19T16:51:31Z,shp_00006574,9400100000000000006574,in_transit,adr_from0001,Goodwill E-Com (test),Goodwill Michiana (test),100 Test Warehouse Rd,,South Bend,IN,46601,US,false,adr_to001179,Test Buyer,,280 Example Ave,,Fakeport,IL,60601,US,true,prcl_001179,10,8,4,38.4,,2026-08-19T16:51:32Z,rate_001179,GroundAdvantage,USPS,12.22,,false,,SGW-7715858,0.00,12.22,0.00,"[{""label_format"":""PDF""},{""print_custom_1"":""ecom""}]",
2026-08-19T17:03:37Z,shp_00006625,9400100000000000006625,delivered,adr_from0001,Goodwill E-Com (test),Goodwill Michiana (test),100 Test Warehouse Rd,,South Bend,IN,46601,US,false,adr_to001180,Test Buyer,,281 Example Ave,,Testville,IN,46601,US,true,prcl_001180,10,8,4,17.6,,2026-08-19T17:03:38Z,rate_001180,GroundAdvantage,USPS,5.38,,false,,22-15971-33173,0.00,5.38,0.00,"[{""label_format"":""PDF""},{""print_custom_1"":""ecom""}]",
2026-08-19T17:06:14Z,shp_00006599,9400100000000000006599,delivered,adr_from0001,Goodwill E-Com (test),Goodwill Michiana (test),100 Test Warehouse Rd,,South Bend,IN,46601,US,false,adr_to001181,Test Buyer,,282 Example Ave,,Sampleton,OH,43004,US,true,prcl_001181,10,8,4,6.4,,2026-08-19T17:06:15Z,rate_001181,GroundAdvantage,USPS,3.43,,false,,112-2715907-6569482,0.00,3.43,0.00,"[{""label_format"":""PDF""},{""print_custom_1"":""ecom""}]",
2026-08-19T17:11:51Z,shp_00006610,9400100000000000006610,delivered,adr_from0001,Goodwill E-Com (test),Goodwill Michiana (test),100 Test Warehouse Rd,,South Bend,IN,46601,US,false,adr_to001182,Test Buyer,,283 Example Ave,,Mocksburg,MI,49001,US,true,prcl_001182,10,8,4,17.6,,2026-08-19T17:11:52Z,rate_001182,Priority,USPS,3.91,,false,,111-0615929-2762612,0.00,3.91,0.00,"[{""label_format"":""PDF""},{""print_custom_1"":""ecom""}]",
2026-08-19T17:16:42Z,shp_00006626,9400100000000000006626,delivered,adr_from0001,Goodwill E-Com (test),Goodwill Michiana (test),100 Test Warehouse Rd,,South Bend,IN,46601,US,false,adr_to001183,Test Buyer,,284 Example Ave,,Fakeport,IL,60601,US,true,prcl_001183,10,8,4,116.8,,2026-08-19T17:16:43Z,rate_001183,GroundAdvantage,USPS,11.15,,false,,27-15974-35512,0.00,11.15,0.00,"[{""label_format"":""PDF""},{""print_custom_1"":""ecom""}]",
2026-08-19T17:19:50Z,shp_00006560,9400100000000000006560,delivered,adr_from0001,Goodwill E-Com (test),Goodwill Michiana (test),100 Test Warehouse Rd,,South Bend,IN,46601,US,false,adr_to001184,Test Buyer,,285 Example Ave,,Testville,IN,46601,US,true,prcl_001184,10,8,4,32.0,,2026-08-19T17:19:51Z,rate_001184,GroundAdvantage,USPS,6.07,,false,,m00000015814,0.00,6.07,0.00,"[{""label_format"":""PDF""},{""print_custom_1"":""ecom""}]",
2026-08-19T17:23:42Z,shp_00006534,9400100000000000006534,delivered,adr_from0001,Goodwill E-Com (test),Goodwill Michiana (test),100 Test Warehouse Rd,,South Bend,IN,46601,US,false,adr_to001185,Test Buyer,,286 Example Ave,,Sampleton,OH,43004,US,true,prcl_001185,10,8,4,17.6,,2026-08-19T17:23:43Z,rate_001185,GroundAdvantage,USPS,3.38,,false,,111-4915750-4192033,0.00,3.38,0.00,"[{""label_format"":""PDF""},{""print_custom_1"":""ecom""}]",
2026-08-19T17:32:11Z,shp_00006522,9400100000000000006522,delivered,adr_from0001,Goodwill E-Com (test),Goodwill Michiana (test),100 Test Warehouse Rd,,South Bend,IN,46601,US,false,adr_to001186,Test Buyer,,287 Example Ave,,Mocksburg,MI,49001,US,true,prcl_001186,10,8,4,44.8,,2026-08-19T17:32:12Z,rate_001186,GroundAdvantage,USPS,7.24,,false,,SGW-7715733,0.00,7.24,0.00,"[{""label_format"":""PDF""},{""print_custom_1"":""ecom""}]",
2026-08-19T17:33:52Z,shp_00006443,9400100000000000006443,delivered,adr_from0001,Goodwill E-Com (test),Goodwill Michiana (test),100 Test Warehouse Rd,,South Bend,IN,46601,US,false,adr_to001187,Test Buyer,,288 Example Ave,,Fakeport,IL,60601,US,true,prcl_001187,10,8,4,12.8,,2026-08-19T17:33:53Z,rate_001187,GroundAdvantage,USPS,7.20,,false,,SGW-7715537,0.00,7.20,0.00,"[{""label_format"":""PDF""},{""print_custom_1"":""ecom""}]",
2026-08-19T17:34:33Z,shp_00006622,9400100000000000006622,in_transit,adr_from0001,Goodwill E-Com (test),Goodwill Michiana (test),100 Test Warehouse Rd,,South Bend,IN,46601,US,false,adr_to001188,Test Buyer,,289 Example Ave,,Testville,IN,46601,US,true,prcl_001188,10,8,4,22.4,,2026-08-19T17:34:34Z,rate_001188,GroundAdvantage,USPS,4.24,,false,,10-15958-75947,0.00,4.24,0.00,"[{""label_format"":""PDF""},{""print_custom_1"":""ecom""}]",
2026-08-19T17:35:00Z,shp_00006629,9400100000000000006629,delivered,adr_from0001,Goodwill E-Com (test),Goodwill Michiana (test),100 Test Warehouse Rd,,South Bend,IN,46601,US,false,adr_to001189,Test Buyer,,290 Example Ave,,Sampleton,OH,43004,US,true,prcl_001189,10,8,4,27.2,,2026-08-19T17:35:01Z,rate_001189,GroundAdvantage,USPS,6.50,,false,,m00000015981,0.00,6.50,0.00,"[{""label_format"":""PDF""},{""print_custom_1"":""ecom""}]",
2026-08-19T17:41:04Z,shp_00006617,9400100000000000006617,delivered,adr_from0001,Goodwill E-Com (test),Goodwill Michiana (test),100 Test Warehouse Rd,,South Bend,IN,46601,US,false,adr_to001190,Test Buyer,,291 Example Ave,,Mocksburg,MI,49001,US,true,prcl_001190,10,8,4,28.8,,2026-08-19T17:41:05Z,rate_001190,GroundAdvantage,USPS,5.48,,false,,111-5615943-9773143,0.00,5.48,0.00,"[{""label_format"":""PDF""},{""print_custom_1"":""ecom""}]",
2026-08-19T17:44:04Z,shp_00006513,9400100000000000006513,delivered,adr_from0001,Goodwill E-Com (test),Goodwill Michiana (test),100 Test Warehouse Rd,,South Bend,IN,46601,US,false,adr_to001191,Test Buyer,,292 Example Ave,,Fakeport,IL,60601,US,true,prcl_001191,10,8,4,14.4,,2026-08-19T17:44:05Z,rate_001191,GroundAdvantage,USPS,9.30,,false,,SGW-7715712,0.00,9.30,0.00,"[{""label_format"":""PDF""},{""print_custom_1"":""ecom""}]",
2026-08-19T17:51:25Z,shp_00006624,9400100000000000006624,delivered,adr_from0001,Goodwill E-Com (test),Goodwill Michiana (test),100 Test Warehouse Rd,,South Bend,IN,46601,US,false,adr_to001192,Test Buyer,,293 Example Ave,,Testville,IN,46601,US,true,prcl_001192,10,8,4,68.8,,2026-08-19T17:51:26Z,rate_001192,GroundAdvantage,USPS,3.31,,false,,24-15964-81132,0.00,3.31,0.00,"[{""label_format"":""PDF""},{""print_custom_1"":""ecom""}]",
2026-08-19T17:54:06Z,shp_00006621,9400100000000000006621,unknown,adr_from0001,Goodwill E-Com (test),Goodwill Michiana (test),100 Test Warehouse Rd,,South Bend,IN,46601,US,false,adr_to001193,Test Buyer,,294 Example Ave,,Sampleton,OH,43004,US,true,prcl_001193,10,8,4,17.6,,2026-08-19T17:54:07Z,rate_001193,GroundAdvantage,USPS,4.14,,false,refunded,10-15948-31034,0.00,4.14,0.00,"[{""label_format"":""PDF""},{""print_custom_1"":""ecom""}]",
2026-08-19T18:11:58Z,shp_00006619,9400100000000000006619,delivered,adr_from0001,Goodwill E-Com (test),Goodwill Michiana (test),100 Test Warehouse Rd,,South Bend,IN,46601,US,false,adr_to001194,Test Buyer,,295 Example Ave,,Mocksburg,MI,49001,US,true,prcl_001194,10,8,4,67.2,,2026-08-19T18:11:59Z,rate_001194,GroundAdvantage,USPS,3.49,,false,,113-9015945-1593196,0.00,3.49,0.00,"[{""label_format"":""PDF""},{""print_custom_1"":""ecom""}]",
2026-08-19T18:12:46Z,shp_00006524,9400100000000000006524,delivered,adr_from0001,Goodwill E-Com (test),Goodwill Michiana (test),100 Test Warehouse Rd,,South Bend,IN,46601,US,false,adr_to001195,Test Buyer,,296 Example Ave,,Fakeport,IL,60601,US,true,prcl_001195,10,8,4,27.2,,2026-08-19T18:12:47Z,rate_001195,Priority,USPS,10.07,,false,,SGW-7715735,0.00,10.07,0.00,"[{""label_format"":""PDF""},{""print_custom_1"":""ecom""}]",
2026-08-19T18:13:21Z,shp_00006476,9400100000000000006476,delivered,adr_from0001,Goodwill E-Com (test),Goodwill Michiana (test),100 Test Warehouse Rd,,South Bend,IN,46601,US,false,adr_to001196,Test Buyer,,297 Example Ave,,Testville,IN,46601,US,true,prcl_001196,10,8,4,25.6,,2026-08-19T18:13:22Z,rate_001196,Priority,USPS,5.73,,false,,114-9215613-4313746,0.00,5.73,0.00,"[{""label_format"":""PDF""},{""print_custom_1"":""ecom""}]",
2026-08-19T18:21:20Z,shp_00006569,9400100000000000006569,in_transit,adr_from0001,Goodwill E-Com (test),Goodwill Michiana (test),100 Test Warehouse Rd,,South Bend,IN,46601,US,false,adr_to001197,Test Buyer,,298 Example Ave,,Sampleton,OH,43004,US,true,prcl_001197,10,8,4,6.4,,2026-08-19T18:21:21Z,rate_001197,GroundAdvantage,USPS,10.76,,false,,SGW-7715848,0.00,10.76,0.00,"[{""label_format"":""PDF""},{""print_custom_1"":""ecom""}]",
2026-08-19T18:27:43Z,shp_00006611,9400100000000000006611,delivered,adr_from0001,Goodwill E-Com (test),Goodwill Michiana (test),100 Test Warehouse Rd,,South Bend,IN,46601,US,false,adr_to001198,Test Buyer,,299 Example Ave,,Mocksburg,MI,49001,US,true,prcl_001198,10,8,4,38.4,,2026-08-19T18:27:44Z,rate_001198,GroundAdvantage,USPS,5.06,,false,,112-3715930-9375153,0.00,5.06,0.00,"[{""label_format"":""PDF""},{""print_custom_1"":""ecom""}]",
2026-08-19T18:39:01Z,shp_00006558,9400100000000000006558,delivered,adr_from0001,Goodwill E-Com (test),Goodwill Michiana (test),100 Test Warehouse Rd,,South Bend,IN,46601,US,false,adr_to001199,Test Buyer,,300 Example Ave,,Fakeport,IL,60601,US,true,prcl_001199,10,8,4,20.8,,2026-08-19T18:39:02Z,rate_001199,Priority,USPS,8.19,,false,,22-15800-29288,0.00,8.19,0.00,"[{""label_format"":""PDF""},{""print_custom_1"":""ecom""}]",
2026-08-19T18:48:20Z,shp_00006602,9400100000000000006602,delivered,adr_from0001,Goodwill E-Com (test),Goodwill Michiana (test),100 Test Warehouse Rd,,South Bend,IN,46601,US,false,adr_to001200,Test Buyer,,301 Example Ave,,Testville,IN,46601,US,true,prcl_001200,10,8,4,59.2,,2026-08-19T18:48:21Z,rate_001200,GroundAdvantage,USPS,5.78,,false,,114-4315913-6245499,0.00,5.78,0.00,"[{""label_format"":""PDF""},{""print_custom_1"":""ecom""}]",
2026-08-19T18:52:06Z,shp_00006567,9400100000000000006567,delivered,adr_from0001,Goodwill E-Com (test),Goodwill Michiana (test),100 Test Warehouse Rd,,South Bend,IN,46601,US,false,adr_to001201,Test Buyer,,302 Example Ave,,Sampleton,OH,43004,US,true,prcl_001201,10,8,4,28.8,,2026-08-19T18:52:07Z,rate_001201,GroundAdvantage,USPS,12.48,,false,,SGW-7715845,0.00,12.48,0.00,"[{""label_format"":""PDF""},{""print_custom_1"":""ecom""}]",
2026-08-19T19:03:43Z,shp_00006587,9400100000000000006587,delivered,adr_from0001,Goodwill E-Com (test),Goodwill Michiana (test),100 Test Warehouse Rd,,South Bend,IN,46601,US,false,adr_to001202,Test Buyer,,303 Example Ave,,Mocksburg,MI,49001,US,true,prcl_001202,10,8,4,46.4,,2026-08-19T19:03:44Z,rate_001202,GroundAdvantage,USPS,7.49,,false,,SGW-7715879,0.00,7.49,0.00,"[{""label_format"":""PDF""},{""print_custom_1"":""ecom""}]",
2026-08-19T19:30:05Z,shp_00006506,9400100000000000006506,delivered,adr_from0001,Goodwill E-Com (test),Goodwill Michiana (test),100 Test Warehouse Rd,,South Bend,IN,46601,US,false,adr_to001203,Test Buyer,,304 Example Ave,,Fakeport,IL,60601,US,true,prcl_001203,10,8,4,25.6,,2026-08-19T19:30:06Z,rate_001203,Priority,USPS,10.58,,false,,SGW-7715700,0.00,10.58,0.00,"[{""label_format"":""PDF""},{""print_custom_1"":""ecom""}]",
2026-08-19T19:53:10Z,shp_00006521,9400100000000000006521,delivered,adr_from0001,Goodwill E-Com (test),Goodwill Michiana (test),100 Test Warehouse Rd,,South Bend,IN,46601,US,false,adr_to001204,Test Buyer,,305 Example Ave,,Testville,IN,46601,US,true,prcl_001204,10,8,4,70.4,,2026-08-19T19:53:11Z,rate_001204,GroundAdvantage,USPS,11.65,,false,,SGW-7715732,0.00,11.65,0.00,"[{""label_format"":""PDF""},{""print_custom_1"":""ecom""}]",
2026-08-19T19:54:41Z,shp_00006615,9400100000000000006615,delivered,adr_from0001,Goodwill E-Com (test),Goodwill Michiana (test),100 Test Warehouse Rd,,South Bend,IN,46601,US,false,adr_to001205,Test Buyer,,306 Example Ave,,Sampleton,OH,43004,US,true,prcl_001205,10,8,4,33.6,,2026-08-19T19:54:42Z,rate_001205,GroundAdvantage,USPS,5.50,,false,,113-6015938-6973280,0.00,5.50,0.00,"[{""label_format"":""PDF""},{""print_custom_1"":""ecom""}]",
2026-08-19T19:56:55Z,shp_00006595,9400100000000000006595,in_transit,adr_from0001,Goodwill E-Com (test),Goodwill Michiana (test),100 Test Warehouse Rd,,South Bend,IN,46601,US,false,adr_to001206,Test Buyer,,307 Example Ave,,Mocksburg,MI,49001,US,true,prcl_001206,10,8,4,41.6,,2026-08-19T19:56:56Z,rate_001206,GroundAdvantage,USPS,3.73,,false,,114-5815899-6970883,0.00,3.73,0.00,"[{""label_format"":""PDF""},{""print_custom_1"":""ecom""}]",
2026-08-19T20:13:48Z,shp_00006570,9400100000000000006570,delivered,adr_from0001,Goodwill E-Com (test),Goodwill Michiana (test),100 Test Warehouse Rd,,South Bend,IN,46601,US,false,adr_to001207,Test Buyer,,308 Example Ave,,Fakeport,IL,60601,US,true,prcl_001207,10,8,4,27.2,,2026-08-19T20:13:49Z,rate_001207,Priority,USPS,12.18,,false,,SGW-7715849,0.00,12.18,0.00,"[{""label_format"":""PDF""},{""print_custom_1"":""ecom""}]",
2026-08-19T20:27:53Z,shp_00006579,9400100000000000006579,delivered,adr_from0001,Goodwill E-Com (test),Goodwill Michiana (test),100 Test Warehouse Rd,,South Bend,IN,46601,US,false,adr_to001208,Test Buyer,,309 Example Ave,,Testville,IN,46601,US,true,prcl_001208,10,8,4,20.8,,2026-08-19T20:27:54Z,rate_001208,Priority,USPS,11.73,,false,,SGW-7715865,0.00,11.73,0.00,"[{""label_format"":""PDF""},{""print_custom_1"":""ecom""}]",
2026-08-19T20:35:48Z,shp_00006598,9400100000000000006598,delivered,adr_from0001,Goodwill E-Com (test),Goodwill Michiana (test),100 Test Warehouse Rd,,South Bend,IN,46601,US,false,adr_to001209,Test Buyer,,310 Example Ave,,Sampleton,OH,43004,US,true,prcl_001209,10,8,4,9.6,,2026-08-19T20:35:49Z,rate_001209,Priority,USPS,5.41,,false,,114-6715905-8008382,0.00,5.41,0.00,"[{""label_format"":""PDF""},{""print_custom_1"":""ecom""}]",
2026-08-19T20:37:34Z,shp_00006600,9400100000000000006600,delivered,adr_from0001,Goodwill E-Com (test),Goodwill Michiana (test),100 Test Warehouse Rd,,South Bend,IN,46601,US,false,adr_to001210,Test Buyer,,311 Example Ave,,Mocksburg,MI,49001,US,true,prcl_001210,10,8,4,35.2,,2026-08-19T20:37:35Z,rate_001210,Priority,USPS,5.65,,false,,114-0315909-9949140,0.00,5.65,0.00,"[{""label_format"":""PDF""},{""print_custom_1"":""ecom""}]",
2026-08-19T20:41:50Z,shp_00006612,9400100000000000006612,delivered,adr_from0001,Goodwill E-Com (test),Goodwill Michiana (test),100 Test Warehouse Rd,,South Bend,IN,46601,US,false,adr_to001211,Test Buyer,,312 Example Ave,,Fakeport,IL,60601,US,true,prcl_001211,10,8,4,19.2,,2026-08-19T20:41:51Z,rate_001211,GroundAdvantage,USPS,3.85,,false,,111-1815931-4339565,0.00,3.85,0.00,"[{""label_format"":""PDF""},{""print_custom_1"":""ecom""}]",
2026-08-19T20:42:55Z,shp_00006564,9400100000000000006564,delivered,adr_from0001,Goodwill E-Com (test),Goodwill Michiana (test),100 Test Warehouse Rd,,South Bend,IN,46601,US,false,adr_to001212,Test Buyer,,313 Example Ave,,Testville,IN,46601,US,true,prcl_001212,10,8,4,20.8,,2026-08-19T20:42:56Z,rate_001212,GroundAdvantage,USPS,11.10,,false,,SGW-7715837,0.00,11.10,0.00,"[{""label_format"":""PDF""},{""print_custom_1"":""ecom""}]",
2026-08-19T20:46:30Z,shp_00006466,9400100000000000006466,delivered,adr_from0001,Goodwill E-Com (test),Goodwill Michiana (test),100 Test Warehouse Rd,,South Bend,IN,46601,US,false,adr_to001213,Test Buyer,,314 Example Ave,,Sampleton,OH,43004,US,true,prcl_001213,10,8,4,14.4,,2026-08-19T20:46:31Z,rate_001213,Priority,USPS,5.50,,false,,112-8015594-9026064,0.00,5.50,0.00,"[{""label_format"":""PDF""},{""print_custom_1"":""ecom""}]",
2026-08-20T13:18:15Z,shp_00006662,9400100000000000006662,delivered,adr_from0001,Goodwill E-Com (test),Goodwill Michiana (test),100 Test Warehouse Rd,,South Bend,IN,46601,US,false,adr_to001214,Test Buyer,,315 Example Ave,,Mocksburg,MI,49001,US,true,prcl_001214,10,8,4,24.0,,2026-08-20T13:18:16Z,rate_001214,GroundAdvantage,USPS,3.74,,false,,114-8916062-6406754,0.00,3.74,0.00,"[{""label_format"":""PDF""},{""print_custom_1"":""ecom""}]",
2026-08-20T13:19:33Z,shp_00006571,9400100000000000006571,in_transit,adr_from0001,Goodwill E-Com (test),Goodwill Michiana (test),100 Test Warehouse Rd,,South Bend,IN,46601,US,false,adr_to001215,Test Buyer,,316 Example Ave,,Fakeport,IL,60601,US,true,prcl_001215,10,8,4,27.2,,2026-08-20T13:19:34Z,rate_001215,GroundAdvantage,USPS,8.25,,false,,SGW-7715850,0.00,8.25,0.00,"[{""label_format"":""PDF""},{""print_custom_1"":""ecom""}]",
2026-08-20T13:21:28Z,shp_00006684,9400100000000000006684,delivered,adr_from0001,Goodwill E-Com (test),Goodwill Michiana (test),100 Test Warehouse Rd,,South Bend,IN,46601,US,false,adr_to001216,Test Buyer,,317 Example Ave,,Testville,IN,46601,US,true,prcl_001216,10,8,4,22.4,,2026-08-20T13:21:29Z,rate_001216,Priority,USPS,14.05,,false,,04-16099-30302,0.00,14.05,0.00,"[{""label_format"":""PDF""},{""print_custom_1"":""ecom""}]",
2026-08-20T13:24:28Z,shp_00006566,9400100000000000006566,delivered,adr_from0001,Goodwill E-Com (test),Goodwill Michiana (test),100 Test Warehouse Rd,,South Bend,IN,46601,US,false,adr_to001217,Test Buyer,,318 Example Ave,,Sampleton,OH,43004,US,true,prcl_001217,10,8,4,25.6,,2026-08-20T13:24:29Z,rate_001217,Priority,USPS,10.00,,false,,SGW-7715839,0.00,10.00,0.00,"[{""label_format"":""PDF""},{""print_custom_1"":""ecom""}]",
2026-08-20T13:51:40Z,shp_00006693,9400100000000000006693,delivered,adr_from0001,Goodwill E-Com (test),Goodwill Michiana (test),100 Test Warehouse Rd,,South Bend,IN,46601,US,false,adr_to001218,Test Buyer,,319 Example Ave,,Mocksburg,MI,49001,US,true,prcl_001218,10,8,4,17.6,,2026-08-20T13:51:41Z,rate_001218,Priority,USPS,6.06,,false,,10-16116-68901,0.00,6.06,0.00,"[{""label_format"":""PDF""},{""print_custom_1"":""ecom""}]",
2026-08-20T13:59:03Z,shp_00006647,9400100000000000006647,delivered,adr_from0001,Goodwill E-Com (test),Goodwill Michiana (test),100 Test Warehouse Rd,,South Bend,IN,46601,US,false,adr_to001219,Test Buyer,,320 Example Ave,,Fakeport,IL,60601,US,true,prcl_001219,10,8,4,30.4,,2026-08-20T13:59:04Z,rate_001219,GroundAdvantage,USPS,7.26,,false,,SGW-7716035,0.00,7.26,0.00,"[{""label_format"":""PDF""},{""print_custom_1"":""ecom""}]",
2026-08-20T14:06:33Z,shp_00006670,9400100000000000006670,delivered,adr_from0001,Goodwill E-Com (test),Goodwill Michiana (test),100 Test Warehouse Rd,,South Bend,IN,46601,US,false,adr_to001220,Test Buyer,,321 Example Ave,,Testville,IN,46601,US,true,prcl_001220,10,8,4,12.8,,2026-08-20T14:06:34Z,rate_001220,GroundAdvantage,USPS,3.72,,false,,112-6216074-3192992,0.00,3.72,0.00,"[{""label_format"":""PDF""},{""print_custom_1"":""ecom""}]",
2026-08-20T14:16:58Z,shp_00006591,9400100000000000006591,delivered,adr_from0001,Goodwill E-Com (test),Goodwill Michiana (test),100 Test Warehouse Rd,,South Bend,IN,46601,US,false,adr_to001221,Test Buyer,,322 Example Ave,,Sampleton,OH,43004,US,true,prcl_001221,10,8,4,35.2,,2026-08-20T14:16:59Z,rate_001221,Priority,USPS,10.05,,false,,SGW-7715890,0.00,10.05,0.00,"[{""label_format"":""PDF""},{""print_custom_1"":""ecom""}]",
2026-08-20T14:35:59Z,shp_00006634,9400100000000000006634,delivered,adr_from0001,Goodwill E-Com (test),Goodwill Michiana (test),100 Test Warehouse Rd,,South Bend,IN,46601,US,false,adr_to001222,Test Buyer,,323 Example Ave,,Mocksburg,MI,49001,US,true,prcl_001222,10,8,4,22.4,,2026-08-20T14:36:00Z,rate_001222,GroundAdvantage,USPS,16.06,,false,,SGW-7716005,0.00,16.06,0.00,"[{""label_format"":""PDF""},{""print_custom_1"":""ecom""}]",
2026-08-20T14:58:40Z,shp_00006681,9400100000000000006681,delivered,adr_from0001,Goodwill E-Com (test),Goodwill Michiana (test),100 Test Warehouse Rd,,South Bend,IN,46601,US,false,adr_to001223,Test Buyer,,324 Example Ave,,Fakeport,IL,60601,US,true,prcl_001223,10,8,4,41.6,,2026-08-20T14:58:41Z,rate_001223,Priority,USPS,5.26,,false,,113-7316092-4294535,0.00,5.26,0.00,"[{""label_format"":""PDF""},{""print_custom_1"":""ecom""}]",
2026-08-20T15:09:04Z,shp_00006688,9400100000000000006688,in_transit,adr_from0001,Goodwill E-Com (test),Goodwill Michiana (test),100 Test Warehouse Rd,,South Bend,IN,46601,US,false,adr_to001224,Test Buyer,,325 Example Ave,,Testville,IN,46601,US,true,prcl_001224,10,8,4,33.6,,2026-08-20T15:09:05Z,rate_001224,GroundAdvantage,USPS,5.65,,false,,19-16108-47673,0.00,5.65,0.00,"[{""label_format"":""PDF""},{""print_custom_1"":""ecom""}]",
2026-08-20T15:16:51Z,shp_00006643,9400100000000000006643,delivered,adr_from0001,Goodwill E-Com (test),Goodwill Michiana (test),100 Test Warehouse Rd,,South Bend,IN,46601,US,false,adr_to001225,Test Buyer,,326 Example Ave,,Sampleton,OH,43004,US,true,prcl_001225,10,8,4,35.2,,2026-08-20T15:16:52Z,rate_001225,Priority,USPS,12.21,,false,,SGW-7716021,0.00,12.21,0.00,"[{""label_format"":""PDF""},{""print_custom_1"":""ecom""}]",
2026-08-20T15:24:12Z,shp_00006665,9400100000000000006665,delivered,adr_from0001,Goodwill E-Com (test),Goodwill Michiana (test),100 Test Warehouse Rd,,South Bend,IN,46601,US,false,adr_to001226,Test Buyer,,327 Example Ave,,Mocksburg,MI,49001,US,true,prcl_001226,10,8,4,8.0,,2026-08-20T15:24:13Z,rate_001226,Priority,USPS,3.77,,false,,112-6716065-4660091,0.00,3.77,0.00,"[{""label_format"":""PDF""},{""print_custom_1"":""ecom""}]",
2026-08-20T15:32:39Z,shp_00006651,9400100000000000006651,delivered,adr_from0001,Goodwill E-Com (test),Goodwill Michiana (test),100 Test Warehouse Rd,,South Bend,IN,46601,US,false,adr_to001227,Test Buyer,,328 Example Ave,,Fakeport,IL,60601,US,true,prcl_001227,10,8,4,28.8,,2026-08-20T15:32:40Z,rate_001227,GroundAdvantage,USPS,18.32,,false,,SGW-7716040,0.00,18.32,0.00,"[{""label_format"":""PDF""},{""print_custom_1"":""ecom""}]",
2026-08-20T15:35:32Z,shp_00006691,9400100000000000006691,delivered,adr_from0001,Goodwill E-Com (test),Goodwill Michiana (test),100 Test Warehouse Rd,,South Bend,IN,46601,US,false,adr_to001228,Test Buyer,,329 Example Ave,,Testville,IN,46601,US,true,prcl_001228,10,8,4,59.2,,2026-08-20T15:35:33Z,rate_001228,Priority,USPS,5.46,,false,,27-16114-97560,0.00,5.46,0.00,"[{""label_format"":""PDF""},{""print_custom_1"":""ecom""}]",
2026-08-20T15:43:24Z,shp_00006607,9400100000000000006607,delivered,adr_from0001,Goodwill E-Com (test),Goodwill Michiana (test),100 Test Warehouse Rd,,South Bend,IN,46601,US,false,adr_to001229,Test Buyer,,330 Example Ave,,Sampleton,OH,43004,US,true,prcl_001229,10,8,4,100.8,,2026-08-20T15:43:25Z,rate_001229,Priority,USPS,3.73,,false,,114-0015924-4380285,0.00,3.73,0.00,"[{""label_format"":""PDF""},{""print_custom_1"":""ecom""}]",
2026-08-20T15:56:07Z,shp_00006636,9400100000000000006636,delivered,adr_from0001,Goodwill E-Com (test),Goodwill Michiana (test),100 Test Warehouse Rd,,South Bend,IN,46601,US,false,adr_to001230,Test Buyer,,331 Example Ave,,Mocksburg,MI,49001,US,true,prcl_001230,10,8,4,25.6,,2026-08-20T15:56:08Z,rate_001230,Priority,USPS,8.57,,false,,SGW-7716009,0.00,8.57,0.00,"[{""label_format"":""PDF""},{""print_custom_1"":""ecom""}]",
2026-08-20T15:57:11Z,shp_00006616,9400100000000000006616,delivered,adr_from0001,Goodwill E-Com (test),Goodwill Michiana (test),100 Test Warehouse Rd,,South Bend,IN,46601,US,false,adr_to001231,Test Buyer,,332 Example Ave,,Fakeport,IL,60601,US,true,prcl_001231,10,8,4,20.8,,2026-08-20T15:57:12Z,rate_001231,Priority,USPS,3.52,,false,,114-8115940-6125754,0.00,3.52,0.00,"[{""label_format"":""PDF""},{""print_custom_1"":""ecom""}]",
2026-08-20T15:59:20Z,shp_00006648,9400100000000000006648,delivered,adr_from0001,Goodwill E-Com (test),Goodwill Michiana (test),100 Test Warehouse Rd,,South Bend,IN,46601,US,false,adr_to001232,Test Buyer,,333 Example Ave,,Testville,IN,46601,US,true,prcl_001232,10,8,4,19.2,,2026-08-20T15:59:21Z,rate_001232,GroundAdvantage,USPS,8.83,,false,,SGW-7716036,0.00,8.83,0.00,"[{""label_format"":""PDF""},{""print_custom_1"":""ecom""}]",
2026-08-20T16:13:30Z,shp_00006692,9400100000000000006692,in_transit,adr_from0001,Goodwill E-Com (test),Goodwill Michiana (test),100 Test Warehouse Rd,,South Bend,IN,46601,US,false,adr_to001233,Test Buyer,,334 Example Ave,,Sampleton,OH,43004,US,true,prcl_001233,10,8,4,16.0,,2026-08-20T16:13:31Z,rate_001233,GroundAdvantage,USPS,6.99,,false,,26-16115-05577,0.00,6.99,0.00,"[{""label_format"":""PDF""},{""print_custom_1"":""ecom""}]",
2026-08-20T16:22:24Z,shp_00006573,9400100000000000006573,delivered,adr_from0001,Goodwill E-Com (test),Goodwill Michiana (test),100 Test Warehouse Rd,,South Bend,IN,46601,US,false,adr_to001234,Test Buyer,,335 Example Ave,,Mocksburg,MI,49001,US,true,prcl_001234,10,8,4,22.4,,2026-08-20T16:22:25Z,rate_001234,GroundAdvantage,USPS,10.15,,false,,SGW-7715856,0.00,10.15,0.00,"[{""label_format"":""PDF""},{""print_custom_1"":""ecom""}]",
2026-08-20T16:33:20Z,shp_00006678,9400100000000000006678,delivered,adr_from0001,Goodwill E-Com (test),Goodwill Michiana (test),100 Test Warehouse Rd,,South Bend,IN,46601,US,false,adr_to001235,Test Buyer,,336 Example Ave,,Fakeport,IL,60601,US,true,prcl_001235,10,8,4,56.0,,2026-08-20T16:33:21Z,rate_001235,GroundAdvantage,USPS,5.23,,false,,114-2216086-3756382,0.00,5.23,0.00,"[{""label_format"":""PDF""},{""print_custom_1"":""ecom""}]",
2026-08-20T16:41:44Z,shp_00006614,9400100000000000006614,delivered,adr_from0001,Goodwill E-Com (test),Goodwill Michiana (test),100 Test Warehouse Rd,,South Bend,IN,46601,US,false,adr_to001236,Test Buyer,,337 Example Ave,,Testville,IN,46601,US,true,prcl_001236,10,8,4,32.0,,2026-08-20T16:41:45Z,rate_001236,Priority,USPS,3.57,,false,,112-0915935-6470613,0.00,3.57,0.00,"[{""label_format"":""PDF""},{""print_custom_1"":""ecom""}]",
2026-08-20T16:44:06Z,shp_00006654,9400100000000000006654,delivered,adr_from0001,Goodwill E-Com (test),Goodwill Michiana (test),100 Test Warehouse Rd,,South Bend,IN,46601,US,false,adr_to001237,Test Buyer,,338 Example Ave,,Sampleton,OH,43004,US,true,prcl_001237,10,8,4,33.6,,2026-08-20T16:44:07Z,rate_001237,Priority,USPS,3.37,,false,,111-4916050-8625250,0.00,3.37,0.00,"[{""label_format"":""PDF""},{""print_custom_1"":""ecom""}]",
2026-08-20T16:44:46Z,shp_00006638,9400100000000000006638,delivered,adr_from0001,Goodwill E-Com (test),Goodwill Michiana (test),100 Test Warehouse Rd,,South Bend,IN,46601,US,false,adr_to001238,Test Buyer,,339 Example Ave,,Mocksburg,MI,49001,US,true,prcl_001238,10,8,4,46.4,,2026-08-20T16:44:47Z,rate_001238,GroundAdvantage,USPS,16.31,,false,,SGW-7716013,0.00,16.31,0.00,"[{""label_format"":""PDF""},{""print_custom_1"":""ecom""}]",
2026-08-20T16:45:00Z,shp_00006656,9400100000000000006656,delivered,adr_from0001,Goodwill E-Com (test),Goodwill Michiana (test),100 Test Warehouse Rd,,South Bend,IN,46601,US,false,adr_to001239,Test Buyer,,340 Example Ave,,Fakeport,IL,60601,US,true,prcl_001239,10,8,4,38.4,,2026-08-20T16:45:01Z,rate_001239,Priority,USPS,5.26,,false,,111-9416054-3000229,0.00,5.26,0.00,"[{""label_format"":""PDF""},{""print_custom_1"":""ecom""}]",
2026-08-20T16:59:52Z,shp_00006669,9400100000000000006669,delivered,adr_from0001,Goodwill E-Com (test),Goodwill Michiana (test),100 Test Warehouse Rd,,South Bend,IN,46601,US,false,adr_to001240,Test Buyer,,341 Example Ave,,Testville,IN,46601,US,true,prcl_001240,10,8,4,19.2,,2026-08-20T16:59:53Z,rate_001240,Priority,USPS,3.57,,false,,114-8716073-2324957,0.00,3.57,0.00,"[{""label_format"":""PDF""},{""print_custom_1"":""ecom""}]",
2026-08-20T17:07:00Z,shp_00006677,9400100000000000006677,delivered,adr_from0001,Goodwill E-Com (test),Goodwill Michiana (test),100 Test Warehouse Rd,,South Bend,IN,46601,US,false,adr_to001241,Test Buyer,,342 Example Ave,,Sampleton,OH,43004,US,true,prcl_001241,10,8,4,36.8,,2026-08-20T17:07:01Z,rate_001241,GroundAdvantage,USPS,3.60,,false,,112-2016085-6353684,0.00,3.60,0.00,"[{""label_format"":""PDF""},{""print_custom_1"":""ecom""}]",
2026-08-20T17:07:23Z,shp_00006601,9400100000000000006601,in_transit,adr_from0001,Goodwill E-Com (test),Goodwill Michiana (test),100 Test Warehouse Rd,,South Bend,IN,46601,US,false,adr_to001242,Test Buyer,,343 Example Ave,,Mocksburg,MI,49001,US,true,prcl_001242,10,8,4,35.2,,2026-08-20T17:07:24Z,rate_001242,GroundAdvantage,USPS,3.86,,false,,113-3415911-0382962,0.00,3.86,0.00,"[{""label_format"":""PDF""},{""print_custom_1"":""ecom""}]",
2026-08-20T17:16:13Z,shp_00006672,9400100000000000006672,unknown,adr_from0001,Goodwill E-Com (test),Goodwill Michiana (test),100 Test Warehouse Rd,,South Bend,IN,46601,US,false,adr_to001243,Test Buyer,,344 Example Ave,,Fakeport,IL,60601,US,true,prcl_001243,10,8,4,20.8,,2026-08-20T17:16:14Z,rate_001243,Priority,USPS,5.19,,false,submitted,111-4116080-3685820,0.00,5.19,0.00,"[{""label_format"":""PDF""},{""print_custom_1"":""ecom""}]",
2026-08-20T17:17:39Z,shp_00006652,9400100000000000006652,delivered,adr_from0001,Goodwill E-Com (test),Goodwill Michiana (test),100 Test Warehouse Rd,,South Bend,IN,46601,US,false,adr_to001244,Test Buyer,,345 Example Ave,,Testville,IN,46601,US,true,prcl_001244,10,8,4,33.6,,2026-08-20T17:17:40Z,rate_001244,Priority,USPS,9.85,,false,,SGW-7716045,0.00,9.85,0.00,"[{""label_format"":""PDF""},{""print_custom_1"":""ecom""}]",
2026-08-20T17:24:32Z,shp_00006576,9400100000000000006576,delivered,adr_from0001,Goodwill E-Com (test),Goodwill Michiana (test),100 Test Warehouse Rd,,South Bend,IN,46601,US,false,adr_to001245,Test Buyer,,346 Example Ave,,Sampleton,OH,43004,US,true,prcl_001245,10,8,4,19.2,,2026-08-20T17:24:33Z,rate_001245,GroundAdvantage,USPS,14.93,,false,,SGW-7715861,0.00,14.93,0.00,"[{""label_format"":""PDF""},{""print_custom_1"":""ecom""}]",
2026-08-20T17:25:05Z,shp_00006596,9400100000000000006596,delivered,adr_from0001,Goodwill E-Com (test),Goodwill Michiana (test),100 Test Warehouse Rd,,South Bend,IN,46601,US,false,adr_to001246,Test Buyer,,347 Example Ave,,Mocksburg,MI,49001,US,true,prcl_001246,10,8,4,49.6,,2026-08-20T17:25:06Z,rate_001246,GroundAdvantage,USPS,5.45,,false,,114-7415903-4888221,0.00,5.45,0.00,"[{""label_format"":""PDF""},{""print_custom_1"":""ecom""}]",
2026-08-20T17:26:29Z,shp_00006673,9400100000000000006673,delivered,adr_from0001,Goodwill E-Com (test),Goodwill Michiana (test),100 Test Warehouse Rd,,South Bend,IN,46601,US,false,adr_to001247,Test Buyer,,348 Example Ave,,Fakeport,IL,60601,US,true,prcl_001247,10,8,4,16.0,,2026-08-20T17:26:30Z,rate_001247,GroundAdvantage,USPS,3.64,,false,,111-3516081-7230860,0.00,3.64,0.00,"[{""label_format"":""PDF""},{""print_custom_1"":""ecom""}]",
2026-08-20T17:27:19Z,shp_00006608,9400100000000000006608,delivered,adr_from0001,Goodwill E-Com (test),Goodwill Michiana (test),100 Test Warehouse Rd,,South Bend,IN,46601,US,false,adr_to001248,Test Buyer,,349 Example Ave,,Testville,IN,46601,US,true,prcl_001248,10,8,4,38.4,,2026-08-20T17:27:20Z,rate_001248,GroundAdvantage,USPS,3.73,,false,,113-6615926-2634460,0.00,3.73,0.00,"[{""label_format"":""PDF""},{""print_custom_1"":""ecom""}]",
2026-08-20T17:27:31Z,shp_00006631,9400100000000000006631,delivered,adr_from0001,Goodwill E-Com (test),Goodwill Michiana (test),100 Test Warehouse Rd,,South Bend,IN,46601,US,false,adr_to001249,Test Buyer,,350 Example Ave,,Sampleton,OH,43004,US,true,prcl_001249,10,8,4,72.0,,2026-08-20T17:27:32Z,rate_001249,GroundAdvantage,USPS,9.25,,false,,SGW-7715996,0.00,9.25,0.00,"[{""label_format"":""PDF""},{""print_custom_1"":""ecom""}]",
2026-08-20T17:41:54Z,shp_00006649,9400100000000000006649,delivered,adr_from0001,Goodwill E-Com (test),Goodwill Michiana (test),100 Test Warehouse Rd,,South Bend,IN,46601,US,false,adr_to001250,Test Buyer,,351 Example Ave,,Mocksburg,MI,49001,US,true,prcl_001250,10,8,4,14.4,,2026-08-20T17:41:55Z,rate_001250,Priority,USPS,7.38,,false,,SGW-7716037,0.00,7.38,0.00,"[{""label_format"":""PDF""},{""print_custom_1"":""ecom""}]",
2026-08-20T18:01:21Z,shp_00006667,9400100000000000006667,in_transit,adr_from0001,Goodwill E-Com (test),Goodwill Michiana (test),100 Test Warehouse Rd,,South Bend,IN,46601,US,false,adr_to001251,Test Buyer,,352 Example Ave,,Fakeport,IL,60601,US,true,prcl_001251,10,8,4,25.6,,2026-08-20T18:01:22Z,rate_001251,GroundAdvantage,USPS,3.41,,false,,111-2716070-7940202,0.00,3.41,0.00,"[{""label_format"":""PDF""},{""print_custom_1"":""ecom""}]",
2026-08-20T18:08:29Z,shp_00006635,9400100000000000006635,delivered,adr_from0001,Goodwill E-Com (test),Goodwill Michiana (test),100 Test Warehouse Rd,,South Bend,IN,46601,US,false,adr_to001252,Test Buyer,,353 Example Ave,,Testville,IN,46601,US,true,prcl_001252,10,8,4,20.8,,2026-08-20T18:08:30Z,rate_001252,GroundAdvantage,USPS,8.24,,false,,SGW-7716008,0.00,8.24,0.00,"[{""label_format"":""PDF""},{""print_custom_1"":""ecom""}]",
2026-08-20T18:19:07Z,shp_00006659,9400100000000000006659,delivered,adr_from0001,Goodwill E-Com (test),Goodwill Michiana (test),100 Test Warehouse Rd,,South Bend,IN,46601,US,false,adr_to001253,Test Buyer,,354 Example Ave,,Sampleton,OH,43004,US,true,prcl_001253,10,8,4,14.4,,2026-08-20T18:19:08Z,rate_001253,GroundAdvantage,USPS,3.76,,false,,113-2316057-5018943,0.00,3.76,0.00,"[{""label_format"":""PDF""},{""print_custom_1"":""ecom""}]",
2026-08-20T18:23:59Z,shp_00006512,9400100000000000006512,delivered,adr_from0001,Goodwill E-Com (test),Goodwill Michiana (test),100 Test Warehouse Rd,,South Bend,IN,46601,US,false,adr_to001254,Test Buyer,,355 Example Ave,,Mocksburg,MI,49001,US,true,prcl_001254,10,8,4,25.6,,2026-08-20T18:24:00Z,rate_001254,GroundAdvantage,USPS,20.09,,false,,SGW-7715711,0.00,20.09,0.00,"[{""label_format"":""PDF""},{""print_custom_1"":""ecom""}]",
2026-08-20T18:25:58Z,shp_00006685,9400100000000000006685,delivered,adr_from0001,Goodwill E-Com (test),Goodwill Michiana (test),100 Test Warehouse Rd,,South Bend,IN,46601,US,false,adr_to001255,Test Buyer,,356 Example Ave,,Fakeport,IL,60601,US,true,prcl_001255,10,8,4,57.6,,2026-08-20T18:25:59Z,rate_001255,GroundAdvantage,USPS,7.00,,false,,04-16102-99487,0.00,7.00,0.00,"[{""label_format"":""PDF""},{""print_custom_1"":""ecom""}]",
2026-08-20T18:26:43Z,shp_00006660,9400100000000000006660,delivered,adr_from0001,Goodwill E-Com (test),Goodwill Michiana (test),100 Test Warehouse Rd,,South Bend,IN,46601,US,false,adr_to001256,Test Buyer,,357 Example Ave,,Testville,IN,46601,US,true,prcl_001256,10,8,4,51.2,,2026-08-20T18:26:44Z,rate_001256,GroundAdvantage,USPS,3.72,,false,,114-4716058-1500946,0.00,3.72,0.00,"[{""label_format"":""PDF""},{""print_custom_1"":""ecom""}]",
2026-08-20T18:31:27Z,shp_00006653,9400100000000000006653,delivered,adr_from0001,Goodwill E-Com (test),Goodwill Michiana (test),100 Test Warehouse Rd,,South Bend,IN,46601,US,false,adr_to001257,Test Buyer,,358 Example Ave,,Sampleton,OH,43004,US,true,prcl_001257,10,8,4,46.4,,2026-08-20T18:31:28Z,rate_001257,GroundAdvantage,USPS,7.13,,false,,SGW-7716046,0.00,7.13,0.00,"[{""label_format"":""PDF""},{""print_custom_1"":""ecom""}]",
2026-08-20T18:53:57Z,shp_00006664,9400100000000000006664,delivered,adr_from0001,Goodwill E-Com (test),Goodwill Michiana (test),100 Test Warehouse Rd,,South Bend,IN,46601,US,false,adr_to001258,Test Buyer,,359 Example Ave,,Mocksburg,MI,49001,US,true,prcl_001258,10,8,4,14.4,,2026-08-20T18:53:58Z,rate_001258,Priority,USPS,4.94,,false,,113-9016064-2552869,0.00,4.94,0.00,"[{""label_format"":""PDF""},{""print_custom_1"":""ecom""}]",
2026-08-20T18:58:31Z,shp_00006675,9400100000000000006675,delivered,adr_from0001,Goodwill E-Com (test),Goodwill Michiana (test),100 Test Warehouse Rd,,South Bend,IN,46601,US,false,adr_to001259,Test Buyer,,360 Example Ave,,Fakeport,IL,60601,US,true,prcl_001259,10,8,4,19.2,,2026-08-20T18:58:32Z,rate_001259,Priority,USPS,3.58,,false,,113-6716083-1396224,0.00,3.58,0.00,"[{""label_format"":""PDF""},{""print_custom_1"":""ecom""}]",
2026-08-20T19:01:23Z,shp_00006655,9400100000000000006655,in_transit,adr_from0001,Goodwill E-Com (test),Goodwill Michiana (test),100 Test Warehouse Rd,,South Bend,IN,46601,US,false,adr_to001260,Test Buyer,,361 Example Ave,,Testville,IN,46601,US,true,prcl_001260,10,8,4,43.2,,2026-08-20T19:01:24Z,rate_001260,GroundAdvantage,USPS,3.46,,false,,113-8416051-9232866,0.00,3.46,0.00,"[{""label_format"":""PDF""},{""print_custom_1"":""ecom""}]",
2026-08-20T19:07:17Z,shp_00006676,9400100000000000006676,delivered,adr_from0001,Goodwill E-Com (test),Goodwill Michiana (test),100 Test Warehouse Rd,,South Bend,IN,46601,US,false,adr_to001261,Test Buyer,,362 Example Ave,,Sampleton,OH,43004,US,true,prcl_001261,10,8,4,17.6,,2026-08-20T19:07:18Z,rate_001261,GroundAdvantage,USPS,3.50,,false,,114-2816084-2186265,0.00,3.50,0.00,"[{""label_format"":""PDF""},{""print_custom_1"":""ecom""}]",
2026-08-20T19:24:07Z,shp_00006661,9400100000000000006661,delivered,adr_from0001,Goodwill E-Com (test),Goodwill Michiana (test),100 Test Warehouse Rd,,South Bend,IN,46601,US,false,adr_to001262,Test Buyer,,363 Example Ave,,Mocksburg,MI,49001,US,true,prcl_001262,10,8,4,17.6,,2026-08-20T19:24:08Z,rate_001262,Priority,USPS,3.61,,false,,112-9716059-5772438,0.00,3.61,0.00,"[{""label_format"":""PDF""},{""print_custom_1"":""ecom""}]",
2026-08-20T19:34:59Z,shp_00006642,9400100000000000006642,delivered,adr_from0001,Goodwill E-Com (test),Goodwill Michiana (test),100 Test Warehouse Rd,,South Bend,IN,46601,US,false,adr_to001263,Test Buyer,,364 Example Ave,,Fakeport,IL,60601,US,true,prcl_001263,10,8,4,49.6,,2026-08-20T19:35:00Z,rate_001263,GroundAdvantage,USPS,7.97,,false,,SGW-7716019,0.00,7.97,0.00,"[{""label_format"":""PDF""},{""print_custom_1"":""ecom""}]",
2026-08-20T19:43:06Z,shp_00006580,9400100000000000006580,delivered,adr_from0001,Goodwill E-Com (test),Goodwill Michiana (test),100 Test Warehouse Rd,,South Bend,IN,46601,US,false,adr_to001264,Test Buyer,,365 Example Ave,,Testville,IN,46601,US,true,prcl_001264,10,8,4,17.6,,2026-08-20T19:43:07Z,rate_001264,GroundAdvantage,USPS,8.64,,false,,SGW-7715867,0.00,8.64,0.00,"[{""label_format"":""PDF""},{""print_custom_1"":""ecom""}]",
2026-08-20T19:46:07Z,shp_00006640,9400100000000000006640,delivered,adr_from0001,Goodwill E-Com (test),Goodwill Michiana (test),100 Test Warehouse Rd,,South Bend,IN,46601,US,false,adr_to001265,Test Buyer,,366 Example Ave,,Sampleton,OH,43004,US,true,prcl_001265,10,8,4,25.6,,2026-08-20T19:46:08Z,rate_001265,Priority,USPS,6.90,,false,,SGW-7716017,0.00,6.90,0.00,"[{""label_format"":""PDF""},{""print_custom_1"":""ecom""}]",
2026-08-20T19:49:14Z,shp_00006547,9400100000000000006547,delivered,adr_from0001,Goodwill E-Com (test),Goodwill Michiana (test),100 Test Warehouse Rd,,South Bend,IN,46601,US,false,adr_to001266,Test Buyer,,367 Example Ave,,Mocksburg,MI,49001,US,true,prcl_001266,10,8,4,24.0,,2026-08-20T19:49:15Z,rate_001266,GroundAdvantage,USPS,3.46,,false,,114-8515776-5862267,0.00,3.46,0.00,"[{""label_format"":""PDF""},{""print_custom_1"":""ecom""}]",
2026-08-20T19:50:19Z,shp_00006606,9400100000000000006606,delivered,adr_from0001,Goodwill E-Com (test),Goodwill Michiana (test),100 Test Warehouse Rd,,South Bend,IN,46601,US,false,adr_to001267,Test Buyer,,368 Example Ave,,Fakeport,IL,60601,US,true,prcl_001267,10,8,4,35.2,,2026-08-20T19:50:20Z,rate_001267,Priority,USPS,5.42,,false,,114-2415921-3569828,0.00,5.42,0.00,"[{""label_format"":""PDF""},{""print_custom_1"":""ecom""}]",
2026-08-20T20:10:33Z,shp_00006689,9400100000000000006689,delivered,adr_from0001,Goodwill E-Com (test),Goodwill Michiana (test),100 Test Warehouse Rd,,South Bend,IN,46601,US,false,adr_to001268,Test Buyer,,369 Example Ave,,Testville,IN,46601,US,true,prcl_001268,10,8,4,17.6,,2026-08-20T20:10:34Z,rate_001268,GroundAdvantage,USPS,6.42,,false,,18-16109-83815,0.00,6.42,0.00,"[{""label_format"":""PDF""},{""print_custom_1"":""ecom""}]",
2026-08-20T20:24:30Z,shp_00006657,9400100000000000006657,in_transit,adr_from0001,Goodwill E-Com (test),Goodwill Michiana (test),100 Test Warehouse Rd,,South Bend,IN,46601,US,false,adr_to001269,Test Buyer,,370 Example Ave,,Sampleton,OH,43004,US,true,prcl_001269,10,8,4,59.2,,2026-08-20T20:24:31Z,rate_001269,Priority,USPS,3.31,,false,,113-3216055-9567115,0.00,3.31,0.00,"[{""label_format"":""PDF""},{""print_custom_1"":""ecom""}]",
2026-08-20T20:38:28Z,shp_00006637,9400100000000000006637,delivered,adr_from0001,Goodwill E-Com (test),Goodwill Michiana (test),100 Test Warehouse Rd,,South Bend,IN,46601,US,false,adr_to001270,Test Buyer,,371 Example Ave,,Mocksburg,MI,49001,US,true,prcl_001270,10,8,4,36.8,,2026-08-20T20:38:29Z,rate_001270,GroundAdvantage,USPS,14.18,,false,,SGW-7716012,0.00,14.18,0.00,"[{""label_format"":""PDF""},{""print_custom_1"":""ecom""}]",
2026-08-20T20:55:55Z,shp_00006683,9400100000000000006683,delivered,adr_from0001,Goodwill E-Com (test),Goodwill Michiana (test),100 Test Warehouse Rd,,South Bend,IN,46601,US,false,adr_to001271,Test Buyer,,372 Example Ave,,Fakeport,IL,60601,US,true,prcl_001271,10,8,4,88.0,,2026-08-20T20:55:56Z,rate_001271,GroundAdvantage,USPS,13.30,,false,,04-16097-58413,0.00,13.30,0.00,"[{""label_format"":""PDF""},{""print_custom_1"":""ecom""}]",
2026-08-20T20:56:54Z,shp_00006671,9400100000000000006671,delivered,adr_from0001,Goodwill E-Com (test),Goodwill Michiana (test),100 Test Warehouse Rd,,South Bend,IN,46601,US,false,adr_to001272,Test Buyer,,373 Example Ave,,Testville,IN,46601,US,true,prcl_001272,10,8,4,148.8,,2026-08-20T20:56:55Z,rate_001272,GroundAdvantage,USPS,3.65,,false,,114-5516078-0574205,0.00,3.65,0.00,"[{""label_format"":""PDF""},{""print_custom_1"":""ecom""}]",
2026-08-20T20:59:12Z,shp_00006565,9400100000000000006565,delivered,adr_from0001,Goodwill E-Com (test),Goodwill Michiana (test),100 Test Warehouse Rd,,South Bend,IN,46601,US,false,adr_to001273,Test Buyer,,374 Example Ave,,Sampleton,OH,43004,US,true,prcl_001273,10,8,4,49.6,,2026-08-20T20:59:13Z,rate_001273,GroundAdvantage,USPS,9.28,,false,,SGW-7715838,0.00,9.28,0.00,"[{""label_format"":""PDF""},{""print_custom_1"":""ecom""}]",
2026-08-21T13:01:01Z,shp_00006736,9400100000000000006736,delivered,adr_from0001,Goodwill E-Com (test),Goodwill Michiana (test),100 Test Warehouse Rd,,South Bend,IN,46601,US,false,adr_to001274,Test Buyer,,375 Example Ave,,Mocksburg,MI,49001,US,true,prcl_001274,10,8,4,20.8,,2026-08-21T13:01:02Z,rate_001274,GroundAdvantage,USPS,3.69,,false,,112-9116214-9695979,0.00,3.69,0.00,"[{""label_format"":""PDF""},{""print_custom_1"":""ecom""}]",
2026-08-21T13:12:03Z,shp_00006725,9400100000000000006725,delivered,adr_from0001,Goodwill E-Com (test),Goodwill Michiana (test),100 Test Warehouse Rd,,South Bend,IN,46601,US,false,adr_to001275,Test Buyer,,376 Example Ave,,Fakeport,IL,60601,US,true,prcl_001275,10,8,4,24.0,,2026-08-21T13:12:04Z,rate_001275,GroundAdvantage,USPS,3.29,,false,,113-2716196-1489095,0.00,3.29,0.00,"[{""label_format"":""PDF""},{""print_custom_1"":""ecom""}]",
2026-08-21T13:21:07Z,shp_00006663,9400100000000000006663,delivered,adr_from0001,Goodwill E-Com (test),Goodwill Michiana (test),100 Test Warehouse Rd,,South Bend,IN,46601,US,false,adr_to001276,Test Buyer,,377 Example Ave,,Testville,IN,46601,US,true,prcl_001276,10,8,4,11.2,,2026-08-21T13:21:08Z,rate_001276,GroundAdvantage,USPS,3.39,,false,,111-8616063-4314594,0.00,3.39,0.00,"[{""label_format"":""PDF""},{""print_custom_1"":""ecom""}]",
2026-08-21T13:34:23Z,shp_00006641,9400100000000000006641,delivered,adr_from0001,Goodwill E-Com (test),Goodwill Michiana (test),100 Test Warehouse Rd,,South Bend,IN,46601,US,false,adr_to001277,Test Buyer,,378 Example Ave,,Sampleton,OH,43004,US,true,prcl_001277,10,8,4,56.0,,2026-08-21T13:34:24Z,rate_001277,GroundAdvantage,USPS,6.37,,false,,SGW-7716018,0.00,6.37,0.00,"[{""label_format"":""PDF""},{""print_custom_1"":""ecom""}]",
2026-08-21T13:38:11Z,shp_00006644,9400100000000000006644,in_transit,adr_from0001,Goodwill E-Com (test),Goodwill Michiana (test),100 Test Warehouse Rd,,South Bend,IN,46601,US,false,adr_to001278,Test Buyer,,379 Example Ave,,Mocksburg,MI,49001,US,true,prcl_001278,10,8,4,17.6,,2026-08-21T13:38:12Z,rate_001278,GroundAdvantage,USPS,6.29,,false,,SGW-7716023,0.00,6.29,0.00,"[{""label_format"":""PDF""},{""print_custom_1"":""ecom""}]",
2026-08-21T13:39:04Z,shp_00006696,9400100000000000006696,delivered,adr_from0001,Goodwill E-Com (test),Goodwill Michiana (test),100 Test Warehouse Rd,,South Bend,IN,46601,US,false,adr_to001279,Test Buyer,,380 Example Ave,,Fakeport,IL,60601,US,true,prcl_001279,10,8,4,40.0,,2026-08-21T13:39:05Z,rate_001279,GroundAdvantage,USPS,6.77,,false,,SGW-7716131,0.00,6.77,0.00,"[{""label_format"":""PDF""},{""print_custom_1"":""ecom""}]",
2026-08-21T13:39:25Z,shp_00006639,9400100000000000006639,delivered,adr_from0001,Goodwill E-Com (test),Goodwill Michiana (test),100 Test Warehouse Rd,,South Bend,IN,46601,US,false,adr_to001280,Test Buyer,,381 Example Ave,,Testville,IN,46601,US,true,prcl_001280,10,8,4,46.4,,2026-08-21T13:39:26Z,rate_001280,Priority,USPS,12.22,,false,,SGW-7716015,0.00,12.22,0.00,"[{""label_format"":""PDF""},{""print_custom_1"":""ecom""}]",
2026-08-21T13:42:07Z,shp_00006668,9400100000000000006668,delivered,adr_from0001,Goodwill E-Com (test),Goodwill Michiana (test),100 Test Warehouse Rd,,South Bend,IN,46601,US,false,adr_to001281,Test Buyer,,382 Example Ave,,Sampleton,OH,43004,US,true,prcl_001281,10,8,4,38.4,,2026-08-21T13:42:08Z,rate_001281,Priority,USPS,3.50,,false,,114-9716072-4971252,0.00,3.50,0.00,"[{""label_format"":""PDF""},{""print_custom_1"":""ecom""}]",
2026-08-21T13:47:46Z,shp_00006739,9400100000000000006739,delivered,adr_from0001,Goodwill E-Com (test),Goodwill Michiana (test),100 Test Warehouse Rd,,South Bend,IN,46601,US,false,adr_to001282,Test Buyer,,383 Example Ave,,Mocksburg,MI,49001,US,true,prcl_001282,10,8,4,52.8,,2026-08-21T13:47:47Z,rate_001282,GroundAdvantage,USPS,5.51,,false,,09-16225-13229,0.00,5.51,0.00,"[{""label_format"":""PDF""},{""print_custom_1"":""ecom""}]",
2026-08-21T13:50:58Z,shp_00006679,9400100000000000006679,delivered,adr_from0001,Goodwill E-Com (test),Goodwill Michiana (test),100 Test Warehouse Rd,,South Bend,IN,46601,US,false,adr_to001283,Test Buyer,,384 Example Ave,,Fakeport,IL,60601,US,true,prcl_001283,10,8,4,32.0,,2026-08-21T13:50:59Z,rate_001283,GroundAdvantage,USPS,5.40,,false,,111-4516089-0390196,0.00,5.40,0.00,"[{""label_format"":""PDF""},{""print_custom_1"":""ecom""}]",
2026-08-21T13:53:20Z,shp_00006682,9400100000000000006682,delivered,adr_from0001,Goodwill E-Com (test),Goodwill Michiana (test),100 Test Warehouse Rd,,South Bend,IN,46601,US,false,adr_to001284,Test Buyer,,385 Example Ave,,Testville,IN,46601,US,true,prcl_001284,10,8,4,12.8,,2026-08-21T13:53:21Z,rate_001284,Priority,USPS,5.10,,false,,112-5316093-8526895,0.00,5.10,0.00,"[{""label_format"":""PDF""},{""print_custom_1"":""ecom""}]",
2026-08-21T14:06:57Z,shp_00006730,9400100000000000006730,delivered,adr_from0001,Goodwill E-Com (test),Goodwill Michiana (test),100 Test Warehouse Rd,,South Bend,IN,46601,US,false,adr_to001285,Test Buyer,,386 Example Ave,,Sampleton,OH,43004,US,true,prcl_001285,10,8,4,40.0,,2026-08-21T14:06:58Z,rate_001285,Priority,USPS,3.43,,false,,113-0316204-1810958,0.00,3.43,0.00,"[{""label_format"":""PDF""},{""print_custom_1"":""ecom""}]",
2026-08-21T14:14:00Z,shp_00006701,9400100000000000006701,delivered,adr_from0001,Goodwill E-Com (test),Goodwill Michiana (test),100 Test Warehouse Rd,,South Bend,IN,46601,US,false,adr_to001286,Test Buyer,,387 Example Ave,,Mocksburg,MI,49001,US,true,prcl_001286,10,8,4,38.4,,2026-08-21T14:14:01Z,rate_001286,Priority,USPS,7.74,,false,,SGW-7716142,0.00,7.74,0.00,"[{""label_format"":""PDF""},{""print_custom_1"":""ecom""}]",
2026-08-21T14:14:37Z,shp_00006703,9400100000000000006703,in_transit,adr_from0001,Goodwill E-Com (test),Goodwill Michiana (test),100 Test Warehouse Rd,,South Bend,IN,46601,US,false,adr_to001287,Test Buyer,,388 Example Ave,,Fakeport,IL,60601,US,true,prcl_001287,10,8,4,22.4,,2026-08-21T14:14:38Z,rate_001287,GroundAdvantage,USPS,13.48,,false,,SGW-7716150,0.00,13.48,0.00,"[{""label_format"":""PDF""},{""print_custom_1"":""ecom""}]",
2026-08-21T14:38:48Z,shp_00006745,9400100000000000006745,delivered,adr_from0001,Goodwill E-Com (test),Goodwill Michiana (test),100 Test Warehouse Rd,,South Bend,IN,46601,US,false,adr_to001288,Test Buyer,,389 Example Ave,,Testville,IN,46601,US,true,prcl_001288,10,8,4,17.6,,2026-08-21T14:38:49Z,rate_001288,Priority,USPS,6.17,,false,,m00000016248,0.00,6.17,0.00,"[{""label_format"":""PDF""},{""print_custom_1"":""ecom""}]",
2026-08-21T15:15:02Z,shp_00006721,9400100000000000006721,delivered,adr_from0001,Goodwill E-Com (test),Goodwill Michiana (test),100 Test Warehouse Rd,,South Bend,IN,46601,US,false,adr_to001289,Test Buyer,,390 Example Ave,,Sampleton,OH,43004,US,true,prcl_001289,10,8,4,38.4,,2026-08-21T15:15:03Z,rate_001289,GroundAdvantage,USPS,3.59,,false,,112-6816192-9306155,0.00,3.59,0.00,"[{""label_format"":""PDF""},{""print_custom_1"":""ecom""}]",
2026-08-21T15:16:01Z,shp_00006575,9400100000000000006575,delivered,adr_from0001,Goodwill E-Com (test),Goodwill Michiana (test),100 Test Warehouse Rd,,South Bend,IN,46601,US,false,adr_to001290,Test Buyer,,391 Example Ave,,Mocksburg,MI,49001,US,true,prcl_001290,10,8,4,57.6,,2026-08-21T15:16:02Z,rate_001290,GroundAdvantage,USPS,7.84,,false,,SGW-7715860,0.00,7.84,0.00,"[{""label_format"":""PDF""},{""print_custom_1"":""ecom""}]",
2026-08-21T15:18:30Z,shp_00006700,9400100000000000006700,delivered,adr_from0001,Goodwill E-Com (test),Goodwill Michiana (test),100 Test Warehouse Rd,,South Bend,IN,46601,US,false,adr_to001291,Test Buyer,,392 Example Ave,,Fakeport,IL,60601,US,true,prcl_001291,10,8,4,16.0,,2026-08-21T15:18:31Z,rate_001291,GroundAdvantage,USPS,17.17,,false,,SGW-7716139,0.00,17.17,0.00,"[{""label_format"":""PDF""},{""print_custom_1"":""ecom""}]",
2026-08-21T15:21:28Z,shp_00006646,9400100000000000006646,delivered,adr_from0001,Goodwill E-Com (test),Goodwill Michiana (test),100 Test Warehouse Rd,,South Bend,IN,46601,US,false,adr_to001292,Test Buyer,,393 Example Ave,,Testville,IN,46601,US,true,prcl_001292,10,8,4,38.4,,2026-08-21T15:21:29Z,rate_001292,GroundAdvantage,USPS,6.17,,false,,SGW-7716033,0.00,6.17,0.00,"[{""label_format"":""PDF""},{""print_custom_1"":""ecom""}]",
2026-08-21T15:23:05Z,shp_00006666,9400100000000000006666,delivered,adr_from0001,Goodwill E-Com (test),Goodwill Michiana (test),100 Test Warehouse Rd,,South Bend,IN,46601,US,false,adr_to001293,Test Buyer,,394 Example Ave,,Sampleton,OH,43004,US,true,prcl_001293,10,8,4,36.8,,2026-08-21T15:23:06Z,rate_001293,GroundAdvantage,USPS,3.40,,false,,112-9416066-8920837,0.00,3.40,0.00,"[{""label_format"":""PDF""},{""print_custom_1"":""ecom""}]",
2026-08-21T15:27:12Z,shp_00006680,9400100000000000006680,delivered,adr_from0001,Goodwill E-Com (test),Goodwill Michiana (test),100 Test Warehouse Rd,,South Bend,IN,46601,US,false,adr_to001294,Test Buyer,,395 Example Ave,,Mocksburg,MI,49001,US,true,prcl_001294,10,8,4,27.2,,2026-08-21T15:27:13Z,rate_001294,GroundAdvantage,USPS,3.44,,false,,111-9916091-1299298,0.00,3.44,0.00,"[{""label_format"":""PDF""},{""print_custom_1"":""ecom""}]",
2026-08-21T15:32:29Z,shp_00006744,9400100000000000006744,delivered,adr_from0001,Goodwill E-Com (test),Goodwill Michiana (test),100 Test Warehouse Rd,,South Bend,IN,46601,US,false,adr_to001295,Test Buyer,,396 Example Ave,,Fakeport,IL,60601,US,true,prcl_001295,10,8,4,12.8,,2026-08-21T15:32:30Z,rate_001295,Priority,USPS,6.03,,false,,m00000016241,0.00,6.03,0.00,"[{""label_format"":""PDF""},{""print_custom_1"":""ecom""}]",
2026-08-21T15:37:17Z,shp_00006658,9400100000000000006658,in_transit,adr_from0001,Goodwill E-Com (test),Goodwill Michiana (test),100 Test Warehouse Rd,,South Bend,IN,46601,US,false,adr_to001296,Test Buyer,,397 Example Ave,,Testville,IN,46601,US,true,prcl_001296,10,8,4,46.4,,2026-08-21T15:37:18Z,rate_001296,GroundAdvantage,USPS,3.60,,false,,111-8916056-0687493,0.00,3.60,0.00,"[{""label_format"":""PDF""},{""print_custom_1"":""ecom""}]",
2026-08-21T15:37:34Z,shp_00006728,9400100000000000006728,delivered,adr_from0001,Goodwill E-Com (test),Goodwill Michiana (test),100 Test Warehouse Rd,,South Bend,IN,46601,US,false,adr_to001297,Test Buyer,,398 Example Ave,,Sampleton,OH,43004,US,true,prcl_001297,10,8,4,33.6,,2026-08-21T15:37:35Z,rate_001297,GroundAdvantage,USPS,4.97,,false,,114-4516201-7606514,0.00,4.97,0.00,"[{""label_format"":""PDF""},{""print_custom_1"":""ecom""}]",
2026-08-21T15:49:31Z,shp_00006650,9400100000000000006650,delivered,adr_from0001,Goodwill E-Com (test),Goodwill Michiana (test),100 Test Warehouse Rd,,South Bend,IN,46601,US,false,adr_to001298,Test Buyer,,399 Example Ave,,Mocksburg,MI,49001,US,true,prcl_001298,10,8,4,16.0,,2026-08-21T15:49:32Z,rate_001298,Priority,USPS,11.29,,false,,SGW-7716038,0.00,11.29,0.00,"[{""label_format"":""PDF""},{""print_custom_1"":""ecom""}]",
2026-08-21T15:49:38Z,shp_00006687,9400100000000000006687,delivered,adr_from0001,Goodwill E-Com (test),Goodwill Michiana (test),100 Test Warehouse Rd,,South Bend,IN,46601,US,false,adr_to001299,Test Buyer,,400 Example Ave,,Fakeport,IL,60601,US,true,prcl_001299,10,8,4,27.2,,2026-08-21T15:49:39Z,rate_001299,GroundAdvantage,USPS,6.08,,false,,17-16106-44022,0.00,6.08,0.00,"[{""label_format"":""PDF""},{""print_custom_1"":""ecom""}]",
2026-08-21T15:53:10Z,shp_00006733,9400100000000000006733,delivered,adr_from0001,Goodwill E-Com (test),Goodwill Michiana (test),100 Test Warehouse Rd,,South Bend,IN,46601,US,false,adr_to001300,Test Buyer,,401 Example Ave,,Testville,IN,46601,US,true,prcl_001300,10,8,4,32.0,,2026-08-21T15:53:11Z,rate_001300,Priority,USPS,5.68,,false,,114-6216208-1591040,0.00,5.68,0.00,"[{""label_format"":""PDF""},{""print_custom_1"":""ecom""}]",
2026-08-21T15:57:31Z,shp_00006702,9400100000000000006702,delivered,adr_from0001,Goodwill E-Com (test),Goodwill Michiana (test),100 Test Warehouse Rd,,South Bend,IN,46601,US,false,adr_to001301,Test Buyer,,402 Example Ave,,Sampleton,OH,43004,US,true,prcl_001301,10,8,4,20.8,,2026-08-21T15:57:32Z,rate_001301,Priority,USPS,11.09,,false,,SGW-7716147,0.00,11.09,0.00,"[{""label_format"":""PDF""},{""print_custom_1"":""ecom""}]",
2026-08-21T16:20:14Z,shp_00006633,9400100000000000006633,delivered,adr_from0001,Goodwill E-Com (test),Goodwill Michiana (test),100 Test Warehouse Rd,,South Bend,IN,46601,US,false,adr_to001302,Test Buyer,,403 Example Ave,,Mocksburg,MI,49001,US,true,prcl_001302,10,8,4,43.2,,2026-08-21T16:20:15Z,rate_001302,Priority,USPS,8.29,,false,,SGW-7716002,0.00,8.29,0.00,"[{""label_format"":""PDF""},{""print_custom_1"":""ecom""}]",
2026-08-21T16:24:35Z,shp_00006734,9400100000000000006734,delivered,adr_from0001,Goodwill E-Com (test),Goodwill Michiana (test),100 Test Warehouse Rd,,South Bend,IN,46601,US,false,adr_to001303,Test Buyer,,404 Example Ave,,Fakeport,IL,60601,US,true,prcl_001303,10,8,4,35.2,,2026-08-21T16:24:36Z,rate_001303,GroundAdvantage,USPS,3.47,,false,,114-4516209-2276042,0.00,3.47,0.00,"[{""label_format"":""PDF""},{""print_custom_1"":""ecom""}]",
2026-08-21T16:37:27Z,shp_00006699,9400100000000000006699,delivered,adr_from0001,Goodwill E-Com (test),Goodwill Michiana (test),100 Test Warehouse Rd,,South Bend,IN,46601,US,false,adr_to001304,Test Buyer,,405 Example Ave,,Testville,IN,46601,US,true,prcl_001304,10,8,4,12.8,,2026-08-21T16:37:28Z,rate_001304,GroundAdvantage,USPS,8.63,,false,,SGW-7716137,0.00,8.63,0.00,"[{""label_format"":""PDF""},{""print_custom_1"":""ecom""}]",
2026-08-21T16:44:57Z,shp_00006724,9400100000000000006724,in_transit,adr_from0001,Goodwill E-Com (test),Goodwill Michiana (test),100 Test Warehouse Rd,,South Bend,IN,46601,US,false,adr_to001305,Test Buyer,,406 Example Ave,,Sampleton,OH,43004,US,true,prcl_001305,10,8,4,17.6,,2026-08-21T16:44:58Z,rate_001305,GroundAdvantage,USPS,3.36,,false,,112-3016195-1049133,0.00,3.36,0.00,"[{""label_format"":""PDF""},{""print_custom_1"":""ecom""}]",
2026-08-21T16:47:37Z,shp_00006726,9400100000000000006726,delivered,adr_from0001,Goodwill E-Com (test),Goodwill Michiana (test),100 Test Warehouse Rd,,South Bend,IN,46601,US,false,adr_to001306,Test Buyer,,407 Example Ave,,Mocksburg,MI,49001,US,true,prcl_001306,10,8,4,22.4,,2026-08-21T16:47:38Z,rate_001306,Priority,USPS,3.31,,false,,112-8016197-1209932,0.00,3.31,0.00,"[{""label_format"":""PDF""},{""print_custom_1"":""ecom""}]",
2026-08-21T16:48:09Z,shp_00006618,9400100000000000006618,delivered,adr_from0001,Goodwill E-Com (test),Goodwill Michiana (test),100 Test Warehouse Rd,,South Bend,IN,46601,US,false,adr_to001307,Test Buyer,,408 Example Ave,,Fakeport,IL,60601,US,true,prcl_001307,10,8,4,22.4,,2026-08-21T16:48:10Z,rate_001307,GroundAdvantage,USPS,5.12,,false,,112-1215944-8597704,0.00,5.12,0.00,"[{""label_format"":""PDF""},{""print_custom_1"":""ecom""}]",
2026-08-21T16:48:17Z,shp_00006716,9400100000000000006716,delivered,adr_from0001,Goodwill E-Com (test),Goodwill Michiana (test),100 Test Warehouse Rd,,South Bend,IN,46601,US,false,adr_to001308,Test Buyer,,409 Example Ave,,Testville,IN,46601,US,true,prcl_001308,10,8,4,16.0,,2026-08-21T16:48:18Z,rate_001308,GroundAdvantage,USPS,7.31,,false,,SGW-7716181,0.00,7.31,0.00,"[{""label_format"":""PDF""},{""print_custom_1"":""ecom""}]",
2026-08-21T16:50:19Z,shp_00006720,9400100000000000006720,delivered,adr_from0001,Goodwill E-Com (test),Goodwill Michiana (test),100 Test Warehouse Rd,,South Bend,IN,46601,US,false,adr_to001309,Test Buyer,,410 Example Ave,,Sampleton,OH,43004,US,true,prcl_001309,10,8,4,20.8,,2026-08-21T16:50:20Z,rate_001309,GroundAdvantage,USPS,3.78,,false,,113-8216191-9616667,0.00,3.78,0.00,"[{""label_format"":""PDF""},{""print_custom_1"":""ecom""}]",
2026-08-21T16:52:37Z,shp_00006718,9400100000000000006718,delivered,adr_from0001,Goodwill E-Com (test),Goodwill Michiana (test),100 Test Warehouse Rd,,South Bend,IN,46601,US,false,adr_to001310,Test Buyer,,411 Example Ave,,Mocksburg,MI,49001,US,true,prcl_001310,10,8,4,9.6,,2026-08-21T16:52:38Z,rate_001310,GroundAdvantage,USPS,3.90,,false,,114-2316188-1684502,0.00,3.90,0.00,"[{""label_format"":""PDF""},{""print_custom_1"":""ecom""}]",
2026-08-21T16:54:11Z,shp_00006709,9400100000000000006709,delivered,adr_from0001,Goodwill E-Com (test),Goodwill Michiana (test),100 Test Warehouse Rd,,South Bend,IN,46601,US,false,adr_to001311,Test Buyer,,412 Example Ave,,Fakeport,IL,60601,US,true,prcl_001311,10,8,4,24.0,,2026-08-21T16:54:12Z,rate_001311,GroundAdvantage,USPS,8.36,,false,,SGW-7716168,0.00,8.36,0.00,"[{""label_format"":""PDF""},{""print_custom_1"":""ecom""}]",
2026-08-21T16:58:12Z,shp_00006731,9400100000000000006731,delivered,adr_from0001,Goodwill E-Com (test),Goodwill Michiana (test),100 Test Warehouse Rd,,South Bend,IN,46601,US,false,adr_to001312,Test Buyer,,413 Example Ave,,Testville,IN,46601,US,true,prcl_001312,10,8,4,22.4,,2026-08-21T16:58:13Z,rate_001312,GroundAdvantage,USPS,3.56,,false,,113-5316206-1308382,0.00,3.56,0.00,"[{""label_format"":""PDF""},{""print_custom_1"":""ecom""}]",
2026-08-21T17:17:11Z,shp_00006740,9400100000000000006740,delivered,adr_from0001,Goodwill E-Com (test),Goodwill Michiana (test),100 Test Warehouse Rd,,South Bend,IN,46601,US,false,adr_to001313,Test Buyer,,414 Example Ave,,Sampleton,OH,43004,US,true,prcl_001313,10,8,4,17.6,,2026-08-21T17:17:12Z,rate_001313,Priority,USPS,4.95,,false,,10-16235-38084,0.00,4.95,0.00,"[{""label_format"":""PDF""},{""print_custom_1"":""ecom""}]",
2026-08-21T17:32:01Z,shp_00006732,9400100000000000006732,in_transit,adr_from0001,Goodwill E-Com (test),Goodwill Michiana (test),100 Test Warehouse Rd,,South Bend,IN,46601,US,false,adr_to001314,Test Buyer,,415 Example Ave,,Mocksburg,MI,49001,US,true,prcl_001314,10,8,4,35.2,,2026-08-21T17:32:02Z,rate_001314,GroundAdvantage,USPS,3.47,,false,,112-2216207-5638282,0.00,3.47,0.00,"[{""label_format"":""PDF""},{""print_custom_1"":""ecom""}]",
2026-08-21T17:41:57Z,shp_00006695,9400100000000000006695,delivered,adr_from0001,Goodwill E-Com (test),Goodwill Michiana (test),100 Test Warehouse Rd,,South Bend,IN,46601,US,false,adr_to001315,Test Buyer,,416 Example Ave,,Fakeport,IL,60601,US,true,prcl_001315,10,8,4,35.2,,2026-08-21T17:41:58Z,rate_001315,GroundAdvantage,USPS,6.73,,false,,SGW-7716130,0.00,6.73,0.00,"[{""label_format"":""PDF""},{""print_custom_1"":""ecom""}]",
2026-08-21T17:42:48Z,shp_00006742,9400100000000000006742,delivered,adr_from0001,Goodwill E-Com (test),Goodwill Michiana (test),100 Test Warehouse Rd,,South Bend,IN,46601,US,false,adr_to001316,Test Buyer,,417 Example Ave,,Testville,IN,46601,US,true,prcl_001316,10,8,4,19.2,,2026-08-21T17:42:49Z,rate_001316,GroundAdvantage,USPS,5.02,,false,,17-16238-17988,0.00,5.02,0.00,"[{""label_format"":""PDF""},{""print_custom_1"":""ecom""}]",
2026-08-21T17:44:25Z,shp_00006698,9400100000000000006698,delivered,adr_from0001,Goodwill E-Com (test),Goodwill Michiana (test),100 Test Warehouse Rd,,South Bend,IN,46601,US,false,adr_to001317,Test Buyer,,418 Example Ave,,Sampleton,OH,43004,US,true,prcl_001317,10,8,4,35.2,,2026-08-21T17:44:26Z,rate_001317,GroundAdvantage,USPS,16.68,,false,,SGW-7716136,0.00,16.68,0.00,"[{""label_format"":""PDF""},{""print_custom_1"":""ecom""}]",
2026-08-21T17:47:02Z,shp_00006706,9400100000000000006706,delivered,adr_from0001,Goodwill E-Com (test),Goodwill Michiana (test),100 Test Warehouse Rd,,South Bend,IN,46601,US,false,adr_to001318,Test Buyer,,419 Example Ave,,Mocksburg,MI,49001,US,true,prcl_001318,10,8,4,38.4,,2026-08-21T17:47:03Z,rate_001318,GroundAdvantage,USPS,5.73,,false,,SGW-7716159,0.00,5.73,0.00,"[{""label_format"":""PDF""},{""print_custom_1"":""ecom""}]",
2026-08-21T17:49:56Z,shp_00006707,9400100000000000006707,delivered,adr_from0001,Goodwill E-Com (test),Goodwill Michiana (test),100 Test Warehouse Rd,,South Bend,IN,46601,US,false,adr_to001319,Test Buyer,,420 Example Ave,,Fakeport,IL,60601,US,true,prcl_001319,10,8,4,22.4,,2026-08-21T17:49:57Z,rate_001319,GroundAdvantage,USPS,7.99,,false,,SGW-7716161,0.00,7.99,0.00,"[{""label_format"":""PDF""},{""print_custom_1"":""ecom""}]",
2026-08-21T18:23:28Z,shp_00006714,9400100000000000006714,delivered,adr_from0001,Goodwill E-Com (test),Goodwill Michiana (test),100 Test Warehouse Rd,,South Bend,IN,46601,US,false,adr_to001320,Test Buyer,,421 Example Ave,,Testville,IN,46601,US,true,prcl_001320,10,8,4,27.2,,2026-08-21T18:23:29Z,rate_001320,GroundAdvantage,USPS,8.76,,false,,SGW-7716177,0.00,8.76,0.00,"[{""label_format"":""PDF""},{""print_custom_1"":""ecom""}]",
2026-08-21T18:28:32Z,shp_00006708,9400100000000000006708,delivered,adr_from0001,Goodwill E-Com (test),Goodwill Michiana (test),100 Test Warehouse Rd,,South Bend,IN,46601,US,false,adr_to001321,Test Buyer,,422 Example Ave,,Sampleton,OH,43004,US,true,prcl_001321,10,8,4,67.2,,2026-08-21T18:28:33Z,rate_001321,GroundAdvantage,USPS,7.44,,false,,SGW-7716164,0.00,7.44,0.00,"[{""label_format"":""PDF""},{""print_custom_1"":""ecom""}]",
2026-08-21T18:29:57Z,shp_00006690,9400100000000000006690,delivered,adr_from0001,Goodwill E-Com (test),Goodwill Michiana (test),100 Test Warehouse Rd,,South Bend,IN,46601,US,false,adr_to001322,Test Buyer,,423 Example Ave,,Mocksburg,MI,49001,US,true,prcl_001322,10,8,4,22.4,,2026-08-21T18:29:58Z,rate_001322,GroundAdvantage,USPS,6.04,,false,,23-16110-79616,0.00,6.04,0.00,"[{""label_format"":""PDF""},{""print_custom_1"":""ecom""}]",
2026-08-21T18:30:07Z,shp_00006722,9400100000000000006722,in_transit,adr_from0001,Goodwill E-Com (test),Goodwill Michiana (test),100 Test Warehouse Rd,,South Bend,IN,46601,US,false,adr_to001323,Test Buyer,,424 Example Ave,,Fakeport,IL,60601,US,true,prcl_001323,10,8,4,40.0,,2026-08-21T18:30:08Z,rate_001323,GroundAdvantage,USPS,3.87,,false,,113-7716193-2937595,0.00,3.87,0.00,"[{""label_format"":""PDF""},{""print_custom_1"":""ecom""}]",
2026-08-21T18:45:48Z,shp_00006712,9400100000000000006712,delivered,adr_from0001,Goodwill E-Com (test),Goodwill Michiana (test),100 Test Warehouse Rd,,South Bend,IN,46601,US,false,adr_to001324,Test Buyer,,425 Example Ave,,Testville,IN,46601,US,true,prcl_001324,10,8,4,22.4,,2026-08-21T18:45:49Z,rate_001324,Priority,USPS,20.60,,false,,SGW-7716172,0.00,20.60,0.00,"[{""label_format"":""PDF""},{""print_custom_1"":""ecom""}]",
2026-08-21T18:53:07Z,shp_00006694,9400100000000000006694,delivered,adr_from0001,Goodwill E-Com (test),Goodwill Michiana (test),100 Test Warehouse Rd,,South Bend,IN,46601,US,false,adr_to001325,Test Buyer,,426 Example Ave,,Sampleton,OH,43004,US,true,prcl_001325,10,8,4,12.8,,2026-08-21T18:53:08Z,rate_001325,GroundAdvantage,USPS,15.74,,false,,SGW-7716129,0.00,15.74,0.00,"[{""label_format"":""PDF""},{""print_custom_1"":""ecom""}]",
2026-08-21T19:08:47Z,shp_00006727,9400100000000000006727,delivered,adr_from0001,Goodwill E-Com (test),Goodwill Michiana (test),100 Test Warehouse Rd,,South Bend,IN,46601,US,false,adr_to001326,Test Buyer,,427 Example Ave,,Mocksburg,MI,49001,US,true,prcl_001326,10,8,4,27.2,,2026-08-21T19:08:48Z,rate_001326,GroundAdvantage,USPS,3.87,,false,,113-1616198-7530138,0.00,3.87,0.00,"[{""label_format"":""PDF""},{""print_custom_1"":""ecom""}]",
2026-08-21T19:21:14Z,shp_00006686,9400100000000000006686,delivered,adr_from0001,Goodwill E-Com (test),Goodwill Michiana (test),100 Test Warehouse Rd,,South Bend,IN,46601,US,false,adr_to001327,Test Buyer,,428 Example Ave,,Fakeport,IL,60601,US,true,prcl_001327,10,8,4,19.2,,2026-08-21T19:21:15Z,rate_001327,GroundAdvantage,USPS,4.35,,false,,25-16104-55550,0.00,4.35,0.00,"[{""label_format"":""PDF""},{""print_custom_1"":""ecom""}]",
2026-08-21T19:28:59Z,shp_00006710,9400100000000000006710,delivered,adr_from0001,Goodwill E-Com (test),Goodwill Michiana (test),100 Test Warehouse Rd,,South Bend,IN,46601,US,false,adr_to001328,Test Buyer,,429 Example Ave,,Testville,IN,46601,US,true,prcl_001328,10,8,4,32.0,,2026-08-21T19:29:00Z,rate_001328,GroundAdvantage,USPS,7.07,,false,,SGW-7716170,0.00,7.07,0.00,"[{""label_format"":""PDF""},{""print_custom_1"":""ecom""}]",
2026-08-21T20:28:04Z,shp_00006729,9400100000000000006729,delivered,adr_from0001,Goodwill E-Com (test),Goodwill Michiana (test),100 Test Warehouse Rd,,South Bend,IN,46601,US,false,adr_to001329,Test Buyer,,430 Example Ave,,Sampleton,OH,43004,US,true,prcl_001329,10,8,4,48.0,,2026-08-21T20:28:05Z,rate_001329,Priority,USPS,3.65,,false,,113-0716202-4058495,0.00,3.65,0.00,"[{""label_format"":""PDF""},{""print_custom_1"":""ecom""}]",
2026-08-21T20:31:26Z,shp_00006717,9400100000000000006717,delivered,adr_from0001,Goodwill E-Com (test),Goodwill Michiana (test),100 Test Warehouse Rd,,South Bend,IN,46601,US,false,adr_to001330,Test Buyer,,431 Example Ave,,Mocksburg,MI,49001,US,true,prcl_001330,10,8,4,62.4,,2026-08-21T20:31:27Z,rate_001330,GroundAdvantage,USPS,9.34,,false,,SGW-7716184,0.00,9.34,0.00,"[{""label_format"":""PDF""},{""print_custom_1"":""ecom""}]",
2026-08-21T20:37:46Z,shp_00006746,9400100000000000006746,delivered,adr_from0001,Goodwill E-Com (test),Goodwill Michiana (test),100 Test Warehouse Rd,,South Bend,IN,46601,US,false,adr_to001331,Test Buyer,,432 Example Ave,,Fakeport,IL,60601,US,true,prcl_001331,10,8,4,59.2,,2026-08-21T20:37:47Z,rate_001331,GroundAdvantage,USPS,5.99,,false,,m00000016250,0.00,5.99,0.00,"[{""label_format"":""PDF""},{""print_custom_1"":""ecom""}]",
2026-08-22T13:08:19Z,shp_00006810,9400100000000000006810,in_transit,adr_from0001,Goodwill E-Com (test),Goodwill Michiana (test),100 Test Warehouse Rd,,South Bend,IN,46601,US,false,adr_to001332,Test Buyer,,433 Example Ave,,Testville,IN,46601,US,true,prcl_001332,10,8,4,36.8,,2026-08-22T13:08:20Z,rate_001332,GroundAdvantage,USPS,11.02,,false,,26-16389-31364,0.00,11.02,0.00,"[{""label_format"":""PDF""},{""print_custom_1"":""ecom""}]",
2026-08-22T13:13:54Z,shp_00006741,9400100000000000006741,delivered,adr_from0001,Goodwill E-Com (test),Goodwill Michiana (test),100 Test Warehouse Rd,,South Bend,IN,46601,US,false,adr_to001333,Test Buyer,,434 Example Ave,,Sampleton,OH,43004,US,true,prcl_001333,10,8,4,43.2,,2026-08-22T13:13:55Z,rate_001333,GroundAdvantage,USPS,7.14,,false,,23-16236-83951,0.00,7.14,0.00,"[{""label_format"":""PDF""},{""print_custom_1"":""ecom""}]",
2026-08-22T13:26:48Z,shp_00006781,9400100000000000006781,delivered,adr_from0001,Goodwill E-Com (test),Goodwill Michiana (test),100 Test Warehouse Rd,,South Bend,IN,46601,US,false,adr_to001334,Test Buyer,,435 Example Ave,,Mocksburg,MI,49001,US,true,prcl_001334,10,8,4,51.2,,2026-08-22T13:26:49Z,rate_001334,GroundAdvantage,USPS,3.83,,false,,114-6516340-6440944,0.00,3.83,0.00,"[{""label_format"":""PDF""},{""print_custom_1"":""ecom""}]",
2026-08-22T13:27:33Z,shp_00006792,9400100000000000006792,delivered,adr_from0001,Goodwill E-Com (test),Goodwill Michiana (test),100 Test Warehouse Rd,,South Bend,IN,46601,US,false,adr_to001335,Test Buyer,,436 Example Ave,,Fakeport,IL,60601,US,true,prcl_001335,10,8,4,27.2,,2026-08-22T13:27:34Z,rate_001335,Priority,USPS,3.87,,false,,114-8616358-0422140,0.00,3.87,0.00,"[{""label_format"":""PDF""},{""print_custom_1"":""ecom""}]",
2026-08-22T13:48:05Z,shp_00006772,9400100000000000006772,unknown,adr_from0001,Goodwill E-Com (test),Goodwill Michiana (test),100 Test Warehouse Rd,,South Bend,IN,46601,US,false,adr_to001336,Test Buyer,,437 Example Ave,,Testville,IN,46601,US,true,prcl_001336,10,8,4,43.2,,2026-08-22T13:48:06Z,rate_001336,GroundAdvantage,USPS,3.70,,false,refunded,112-7516325-8371093,0.00,3.70,0.00,"[{""label_format"":""PDF""},{""print_custom_1"":""ecom""}]",
2026-08-22T14:05:32Z,shp_00006805,9400100000000000006805,delivered,adr_from0001,Goodwill E-Com (test),Goodwill Michiana (test),100 Test Warehouse Rd,,South Bend,IN,46601,US,false,adr_to001337,Test Buyer,,438 Example Ave,,Sampleton,OH,43004,US,true,prcl_001337,10,8,4,12.8,,2026-08-22T14:05:33Z,rate_001337,GroundAdvantage,USPS,3.28,,false,,111-3816381-6007616,0.00,3.28,0.00,"[{""label_format"":""PDF""},{""print_custom_1"":""ecom""}]",
2026-08-22T14:08:04Z,shp_00006818,9400100000000000006818,delivered,adr_from0001,Goodwill E-Com (test),Goodwill Michiana (test),100 Test Warehouse Rd,,South Bend,IN,46601,US,false,adr_to001338,Test Buyer,,439 Example Ave,,Mocksburg,MI,49001,US,true,prcl_001338,10,8,4,20.8,,2026-08-22T14:08:05Z,rate_001338,GroundAdvantage,USPS,6.15,,false,,m00000016417,0.00,6.15,0.00,"[{""label_format"":""PDF""},{""print_custom_1"":""ecom""}]",
2026-08-22T14:12:08Z,shp_00006795,9400100000000000006795,delivered,adr_from0001,Goodwill E-Com (test),Goodwill Michiana (test),100 Test Warehouse Rd,,South Bend,IN,46601,US,false,adr_to001339,Test Buyer,,440 Example Ave,,Fakeport,IL,60601,US,true,prcl_001339,10,8,4,43.2,,2026-08-22T14:12:09Z,rate_001339,GroundAdvantage,USPS,4.95,,false,,114-9516362-0011405,0.00,4.95,0.00,"[{""label_format"":""PDF""},{""print_custom_1"":""ecom""}]",
2026-08-22T14:13:13Z,shp_00006737,9400100000000000006737,delivered,adr_from0001,Goodwill E-Com (test),Goodwill Michiana (test),100 Test Warehouse Rd,,South Bend,IN,46601,US,false,adr_to001340,Test Buyer,,441 Example Ave,,Testville,IN,46601,US,true,prcl_001340,10,8,4,12.8,,2026-08-22T14:13:14Z,rate_001340,GroundAdvantage,USPS,3.44,,false,,114-4016217-4586347,0.00,3.44,0.00,"[{""label_format"":""PDF""},{""print_custom_1"":""ecom""}]",
2026-08-22T14:16:07Z,shp_00006773,9400100000000000006773,in_transit,adr_from0001,Goodwill E-Com (test),Goodwill Michiana (test),100 Test Warehouse Rd,,South Bend,IN,46601,US,false,adr_to001341,Test Buyer,,442 Example Ave,,Sampleton,OH,43004,US,true,prcl_001341,10,8,4,8.0,,2026-08-22T14:16:08Z,rate_001341,GroundAdvantage,USPS,4.95,,false,,113-0016327-5321219,0.00,4.95,0.00,"[{""label_format"":""PDF""},{""print_custom_1"":""ecom""}]",
2026-08-22T14:20:52Z,shp_00006705,9400100000000000006705,delivered,adr_from0001,Goodwill E-Com (test),Goodwill Michiana (test),100 Test Warehouse Rd,,South Bend,IN,46601,US,false,adr_to001342,Test Buyer,,443 Example Ave,,Mocksburg,MI,49001,US,true,prcl_001342,10,8,4,32.0,,2026-08-22T14:20:53Z,rate_001342,Priority,USPS,9.38,,false,,SGW-7716158,0.00,9.38,0.00,"[{""label_format"":""PDF""},{""print_custom_1"":""ecom""}]",
2026-08-22T14:23:10Z,shp_00006812,9400100000000000006812,delivered,adr_from0001,Goodwill E-Com (test),Goodwill Michiana (test),100 Test Warehouse Rd,,South Bend,IN,46601,US,false,adr_to001343,Test Buyer,,444 Example Ave,,Fakeport,IL,60601,US,true,prcl_001343,10,8,4,64.0,,2026-08-22T14:23:11Z,rate_001343,Priority,USPS,4.39,,false,,23-16391-62468,0.00,4.39,0.00,"[{""label_format"":""PDF""},{""print_custom_1"":""ecom""}]",
2026-08-22T14:30:28Z,shp_00006784,9400100000000000006784,delivered,adr_from0001,Goodwill E-Com (test),Goodwill Michiana (test),100 Test Warehouse Rd,,South Bend,IN,46601,US,false,adr_to001344,Test Buyer,,445 Example Ave,,Testville,IN,46601,US,true,prcl_001344,10,8,4,25.6,,2026-08-22T14:30:29Z,rate_001344,GroundAdvantage,USPS,5.20,,false,,114-0316344-0611318,0.00,5.20,0.00,"[{""label_format"":""PDF""},{""print_custom_1"":""ecom""}]",
2026-08-22T14:46:31Z,shp_00006719,9400100000000000006719,delivered,adr_from0001,Goodwill E-Com (test),Goodwill Michiana (test),100 Test Warehouse Rd,,South Bend,IN,46601,US,false,adr_to001345,Test Buyer,,446 Example Ave,,Sampleton,OH,43004,US,true,prcl_001345,10,8,4,44.8,,2026-08-22T14:46:32Z,rate_001345,Priority,USPS,3.44,,false,,111-5416190-4033550,0.00,3.44,0.00,"[{""label_format"":""PDF""},{""print_custom_1"":""ecom""}]",
2026-08-22T14:47:29Z,shp_00006793,9400100000000000006793,delivered,adr_from0001,Goodwill E-Com (test),Goodwill Michiana (test),100 Test Warehouse Rd,,South Bend,IN,46601,US,false,adr_to001346,Test Buyer,,447 Example Ave,,Mocksburg,MI,49001,US,true,prcl_001346,10,8,4,54.4,,2026-08-22T14:47:30Z,rate_001346,GroundAdvantage,USPS,4.92,,false,,113-3716359-5180270,0.00,4.92,0.00,"[{""label_format"":""PDF""},{""print_custom_1"":""ecom""}]",
2026-08-22T14:58:20Z,shp_00006799,9400100000000000006799,unknown,adr_from0001,Goodwill E-Com (test),Goodwill Michiana (test),100 Test Warehouse Rd,,South Bend,IN,46601,US,false,adr_to001347,Test Buyer,,448 Example Ave,,Fakeport,IL,60601,US,true,prcl_001347,10,8,4,27.2,,2026-08-22T14:58:21Z,rate_001347,GroundAdvantage,USPS,3.38,,false,refunded,112-1916371-4298068,0.00,3.38,0.00,"[{""label_format"":""PDF""},{""print_custom_1"":""ecom""}]",
2026-08-22T14:58:33Z,shp_00006753,9400100000000000006753,delivered,adr_from0001,Goodwill E-Com (test),Goodwill Michiana (test),100 Test Warehouse Rd,,South Bend,IN,46601,US,false,adr_to001348,Test Buyer,,449 Example Ave,,Testville,IN,46601,US,true,prcl_001348,10,8,4,20.8,,2026-08-22T14:58:34Z,rate_001348,GroundAdvantage,USPS,8.36,,false,,SGW-7716277,0.00,8.36,0.00,"[{""label_format"":""PDF""},{""print_custom_1"":""ecom""}]",
2026-08-22T15:00:58Z,shp_00006786,9400100000000000006786,delivered,adr_from0001,Goodwill E-Com (test),Goodwill Michiana (test),100 Test Warehouse Rd,,South Bend,IN,46601,US,false,adr_to001349,Test Buyer,,450 Example Ave,,Sampleton,OH,43004,US,true,prcl_001349,10,8,4,17.6,,2026-08-22T15:00:59Z,rate_001349,GroundAdvantage,USPS,3.83,,false,,112-9716349-6367609,0.00,3.83,0.00,"[{""label_format"":""PDF""},{""print_custom_1"":""ecom""}]",
2026-08-22T15:10:40Z,shp_00006782,9400100000000000006782,in_transit,adr_from0001,Goodwill E-Com (test),Goodwill Michiana (test),100 Test Warehouse Rd,,South Bend,IN,46601,US,false,adr_to001350,Test Buyer,,451 Example Ave,,Mocksburg,MI,49001,US,true,prcl_001350,10,8,4,17.6,,2026-08-22T15:10:41Z,rate_001350,Priority,USPS,5.42,,false,,112-6216341-5351344,0.00,5.42,0.00,"[{""label_format"":""PDF""},{""print_custom_1"":""ecom""}]",
2026-08-22T15:11:21Z,shp_00006755,9400100000000000006755,delivered,adr_from0001,Goodwill E-Com (test),Goodwill Michiana (test),100 Test Warehouse Rd,,South Bend,IN,46601,US,false,adr_to001351,Test Buyer,,452 Example Ave,,Fakeport,IL,60601,US,true,prcl_001351,10,8,4,36.8,,2026-08-22T15:11:22Z,rate_001351,GroundAdvantage,USPS,6.86,,false,,SGW-7716283,0.00,6.86,0.00,"[{""label_format"":""PDF""},{""print_custom_1"":""ecom""}]",
2026-08-22T15:26:07Z,shp_00006796,9400100000000000006796,delivered,adr_from0001,Goodwill E-Com (test),Goodwill Michiana (test),100 Test Warehouse Rd,,South Bend,IN,46601,US,false,adr_to001352,Test Buyer,,453 Example Ave,,Testville,IN,46601,US,true,prcl_001352,10,8,4,43.2,,2026-08-22T15:26:08Z,rate_001352,Priority,USPS,3.47,,false,,111-2516364-9117684,0.00,3.47,0.00,"[{""label_format"":""PDF""},{""print_custom_1"":""ecom""}]",
2026-08-22T15:40:24Z,shp_00006801,9400100000000000006801,delivered,adr_from0001,Goodwill E-Com (test),Goodwill Michiana (test),100 Test Warehouse Rd,,South Bend,IN,46601,US,false,adr_to001353,Test Buyer,,454 Example Ave,,Sampleton,OH,43004,US,true,prcl_001353,10,8,4,32.0,,2026-08-22T15:40:25Z,rate_001353,Priority,USPS,3.81,,false,,112-9516373-1297725,0.00,3.81,0.00,"[{""label_format"":""PDF""},{""print_custom_1"":""ecom""}]",
2026-08-22T15:55:24Z,shp_00006711,9400100000000000006711,delivered,adr_from0001,Goodwill E-Com (test),Goodwill Michiana (test),100 Test Warehouse Rd,,South Bend,IN,46601,US,false,adr_to001354,Test Buyer,,455 Example Ave,,Mocksburg,MI,49001,US,true,prcl_001354,10,8,4,8.0,,2026-08-22T15:55:25Z,rate_001354,GroundAdvantage,USPS,13.50,,false,,SGW-7716171,0.00,13.50,0.00,"[{""label_format"":""PDF""},{""print_custom_1"":""ecom""}]",
2026-08-22T16:06:49Z,shp_00006769,9400100000000000006769,delivered,adr_from0001,Goodwill E-Com (test),Goodwill Michiana (test),100 Test Warehouse Rd,,South Bend,IN,46601,US,false,adr_to001355,Test Buyer,,456 Example Ave,,Fakeport,IL,60601,US,true,prcl_001355,10,8,4,60.8,,2026-08-22T16:06:50Z,rate_001355,GroundAdvantage,USPS,9.88,,false,,SGW-7716321,0.00,9.88,0.00,"[{""label_format"":""PDF""},{""print_custom_1"":""ecom""}]",
2026-08-22T16:11:11Z,shp_00006713,9400100000000000006713,delivered,adr_from0001,Goodwill E-Com (test),Goodwill Michiana (test),100 Test Warehouse Rd,,South Bend,IN,46601,US,false,adr_to001356,Test Buyer,,457 Example Ave,,Testville,IN,46601,US,true,prcl_001356,10,8,4,14.4,,2026-08-22T16:11:12Z,rate_001356,Priority,USPS,10.31,,false,,SGW-7716175,0.00,10.31,0.00,"[{""label_format"":""PDF""},{""print_custom_1"":""ecom""}]",
2026-08-22T16:24:11Z,shp_00006803,9400100000000000006803,delivered,adr_from0001,Goodwill E-Com (test),Goodwill Michiana (test),100 Test Warehouse Rd,,South Bend,IN,46601,US,false,adr_to001357,Test Buyer,,458 Example Ave,,Sampleton,OH,43004,US,true,prcl_001357,10,8,4,22.4,,2026-08-22T16:24:12Z,rate_001357,GroundAdvantage,USPS,3.77,,false,,113-1216375-1275437,0.00,3.77,0.00,"[{""label_format"":""PDF""},{""print_custom_1"":""ecom""}]",
2026-08-22T16:27:40Z,shp_00006704,9400100000000000006704,delivered,adr_from0001,Goodwill E-Com (test),Goodwill Michiana (test),100 Test Warehouse Rd,,South Bend,IN,46601,US,false,adr_to001358,Test Buyer,,459 Example Ave,,Mocksburg,MI,49001,US,true,prcl_001358,10,8,4,28.8,,2026-08-22T16:27:41Z,rate_001358,GroundAdvantage,USPS,6.36,,false,,SGW-7716151,0.00,6.36,0.00,"[{""label_format"":""PDF""},{""print_custom_1"":""ecom""}]",
2026-08-22T16:57:32Z,shp_00006779,9400100000000000006779,in_transit,adr_from0001,Goodwill E-Com (test),Goodwill Michiana (test),100 Test Warehouse Rd,,South Bend,IN,46601,US,false,adr_to001359,Test Buyer,,460 Example Ave,,Fakeport,IL,60601,US,true,prcl_001359,10,8,4,38.4,,2026-08-22T16:57:33Z,rate_001359,Priority,USPS,5.56,,false,,114-6616337-7426036,0.00,5.56,0.00,"[{""label_format"":""PDF""},{""print_custom_1"":""ecom""}]",
2026-08-22T17:05:42Z,shp_00006794,9400100000000000006794,delivered,adr_from0001,Goodwill E-Com (test),Goodwill Michiana (test),100 Test Warehouse Rd,,South Bend,IN,46601,US,false,adr_to001360,Test Buyer,,461 Example Ave,,Testville,IN,46601,US,true,prcl_001360,10,8,4,12.8,,2026-08-22T17:05:43Z,rate_001360,GroundAdvantage,USPS,5.39,,false,,114-5016361-4773581,0.00,5.39,0.00,"[{""label_format"":""PDF""},{""print_custom_1"":""ecom""}]",
2026-08-22T17:06:53Z,shp_00006800,9400100000000000006800,delivered,adr_from0001,Goodwill E-Com (test),Goodwill Michiana (test),100 Test Warehouse Rd,,South Bend,IN,46601,US,false,adr_to001361,Test Buyer,,462 Example Ave,,Sampleton,OH,43004,US,true,prcl_001361,10,8,4,14.4,,2026-08-22T17:06:54Z,rate_001361,GroundAdvantage,USPS,5.63,,false,,112-4416372-2737421,0.00,5.63,0.00,"[{""label_format"":""PDF""},{""print_custom_1"":""ecom""}]",
2026-08-22T17:06:55Z,shp_00006817,9400100000000000006817,delivered,adr_from0001,Goodwill E-Com (test),Goodwill Michiana (test),100 Test Warehouse Rd,,South Bend,IN,46601,US,false,adr_to001362,Test Buyer,,463 Example Ave,,Mocksburg,MI,49001,US,true,prcl_001362,10,8,4,25.6,,2026-08-22T17:06:56Z,rate_001362,GroundAdvantage,USPS,6.15,,false,,m00000016413,0.00,6.15,0.00,"[{""label_format"":""PDF""},{""print_custom_1"":""ecom""}]",
2026-08-22T17:07:49Z,shp_00006697,9400100000000000006697,delivered,adr_from0001,Goodwill E-Com (test),Goodwill Michiana (test),100 Test Warehouse Rd,,South Bend,IN,46601,US,false,adr_to001363,Test Buyer,,464 Example Ave,,Fakeport,IL,60601,US,true,prcl_001363,10,8,4,25.6,,2026-08-22T17:07:50Z,rate_001363,GroundAdvantage,USPS,7.75,,false,,SGW-7716132,0.00,7.75,0.00,"[{""label_format"":""PDF""},{""print_custom_1"":""ecom""}]",
2026-08-22T17:09:35Z,shp_00006797,9400100000000000006797,delivered,adr_from0001,Goodwill E-Com (test),Goodwill Michiana (test),100 Test Warehouse Rd,,South Bend,IN,46601,US,false,adr_to001364,Test Buyer,,465 Example Ave,,Testville,IN,46601,US,true,prcl_001364,10,8,4,60.8,,2026-08-22T17:09:36Z,rate_001364,Priority,USPS,5.17,,false,,112-9716369-6740427,0.00,5.17,0.00,"[{""label_format"":""PDF""},{""print_custom_1"":""ecom""}]",
2026-08-22T17:10:37Z,shp_00006743,9400100000000000006743,delivered,adr_from0001,Goodwill E-Com (test),Goodwill Michiana (test),100 Test Warehouse Rd,,South Bend,IN,46601,US,false,adr_to001365,Test Buyer,,466 Example Ave,,Sampleton,OH,43004,US,true,prcl_001365,10,8,4,91.2,,2026-08-22T17:10:38Z,rate_001365,GroundAdvantage,USPS,7.26,,false,,12-16239-65114,0.00,7.26,0.00,"[{""label_format"":""PDF""},{""print_custom_1"":""ecom""}]",
2026-08-22T17:44:09Z,shp_00006735,9400100000000000006735,delivered,adr_from0001,Goodwill E-Com (test),Goodwill Michiana (test),100 Test Warehouse Rd,,South Bend,IN,46601,US,false,adr_to001366,Test Buyer,,467 Example Ave,,Mocksburg,MI,49001,US,true,prcl_001366,10,8,4,44.8,,2026-08-22T17:44:10Z,rate_001366,GroundAdvantage,USPS,3.48,,false,,111-2416210-9403628,0.00,3.48,0.00,"[{""label_format"":""PDF""},{""print_custom_1"":""ecom""}]",
2026-08-22T17:47:35Z,shp_00006814,9400100000000000006814,delivered,adr_from0001,Goodwill E-Com (test),Goodwill Michiana (test),100 Test Warehouse Rd,,South Bend,IN,46601,US,false,adr_to001367,Test Buyer,,468 Example Ave,,Fakeport,IL,60601,US,true,prcl_001367,10,8,4,25.6,,2026-08-22T17:47:36Z,rate_001367,GroundAdvantage,USPS,10.22,,false,,11-16395-58530,0.00,10.22,0.00,"[{""label_format"":""PDF""},{""print_custom_1"":""ecom""}]",
2026-08-22T17:52:37Z,shp_00006756,9400100000000000006756,in_transit,adr_from0001,Goodwill E-Com (test),Goodwill Michiana (test),100 Test Warehouse Rd,,South Bend,IN,46601,US,false,adr_to001368,Test Buyer,,469 Example Ave,,Testville,IN,46601,US,true,prcl_001368,10,8,4,19.2,,2026-08-22T17:52:38Z,rate_001368,Priority,USPS,10.18,,false,,SGW-7716285,0.00,10.18,0.00,"[{""label_format"":""PDF""},{""print_custom_1"":""ecom""}]",
2026-08-22T17:55:01Z,shp_00006809,9400100000000000006809,delivered,adr_from0001,Goodwill E-Com (test),Goodwill Michiana (test),100 Test Warehouse Rd,,South Bend,IN,46601,US,false,adr_to001369,Test Buyer,,470 Example Ave,,Sampleton,OH,43004,US,true,prcl_001369,10,8,4,19.2,,2026-08-22T17:55:02Z,rate_001369,Priority,USPS,5.44,,false,,18-16388-92292,0.00,5.44,0.00,"[{""label_format"":""PDF""},{""print_custom_1"":""ecom""}]",
2026-08-22T17:57:16Z,shp_00006808,9400100000000000006808,delivered,adr_from0001,Goodwill E-Com (test),Goodwill Michiana (test),100 Test Warehouse Rd,,South Bend,IN,46601,US,false,adr_to001370,Test Buyer,,471 Example Ave,,Mocksburg,MI,49001,US,true,prcl_001370,10,8,4,59.2,,2026-08-22T17:57:17Z,rate_001370,Priority,USPS,8.03,,false,,01-16387-36545,0.00,8.03,0.00,"[{""label_format"":""PDF""},{""print_custom_1"":""ecom""}]",
2026-08-22T17:58:41Z,shp_00006780,9400100000000000006780,delivered,adr_from0001,Goodwill E-Com (test),Goodwill Michiana (test),100 Test Warehouse Rd,,South Bend,IN,46601,US,false,adr_to001371,Test Buyer,,472 Example Ave,,Fakeport,IL,60601,US,true,prcl_001371,10,8,4,131.2,,2026-08-22T17:58:42Z,rate_001371,GroundAdvantage,USPS,3.69,,false,,114-4616338-4766741,0.00,3.69,0.00,"[{""label_format"":""PDF""},{""print_custom_1"":""ecom""}]",
2026-08-22T18:03:03Z,shp_00006791,9400100000000000006791,delivered,adr_from0001,Goodwill E-Com (test),Goodwill Michiana (test),100 Test Warehouse Rd,,South Bend,IN,46601,US,false,adr_to001372,Test Buyer,,473 Example Ave,,Testville,IN,46601,US,true,prcl_001372,10,8,4,19.2,,2026-08-22T18:03:04Z,rate_001372,GroundAdvantage,USPS,3.71,,false,,112-4216357-6956540,0.00,3.71,0.00,"[{""label_format"":""PDF""},{""print_custom_1"":""ecom""}]",
2026-08-22T18:29:44Z,shp_00006645,9400100000000000006645,delivered,adr_from0001,Goodwill E-Com (test),Goodwill Michiana (test),100 Test Warehouse Rd,,South Bend,IN,46601,US,false,adr_to001373,Test Buyer,,474 Example Ave,,Sampleton,OH,43004,US,true,prcl_001373,10,8,4,25.6,,2026-08-22T18:29:45Z,rate_001373,GroundAdvantage,USPS,11.15,,false,,SGW-7716025,0.00,11.15,0.00,"[{""label_format"":""PDF""},{""print_custom_1"":""ecom""}]",
2026-08-22T18:34:11Z,shp_00006674,9400100000000000006674,delivered,adr_from0001,Goodwill E-Com (test),Goodwill Michiana (test),100 Test Warehouse Rd,,South Bend,IN,46601,US,false,adr_to001374,Test Buyer,,475 Example Ave,,Mocksburg,MI,49001,US,true,prcl_001374,10,8,4,44.8,,2026-08-22T18:34:12Z,rate_001374,GroundAdvantage,USPS,5.51,,false,,112-7616082-5443909,0.00,5.51,0.00,"[{""label_format"":""PDF""},{""print_custom_1"":""ecom""}]",
2026-08-22T18:42:59Z,shp_00006766,9400100000000000006766,delivered,adr_from0001,Goodwill E-Com (test),Goodwill Michiana (test),100 Test Warehouse Rd,,South Bend,IN,46601,US,false,adr_to001375,Test Buyer,,476 Example Ave,,Fakeport,IL,60601,US,true,prcl_001375,10,8,4,11.2,,2026-08-22T18:43:00Z,rate_001375,GroundAdvantage,USPS,5.81,,false,,SGW-7716315,0.00,5.81,0.00,"[{""label_format"":""PDF""},{""print_custom_1"":""ecom""}]",
2026-08-22T18:51:15Z,shp_00006763,9400100000000000006763,delivered,adr_from0001,Goodwill E-Com (test),Goodwill Michiana (test),100 Test Warehouse Rd,,South Bend,IN,46601,US,false,adr_to001376,Test Buyer,,477 Example Ave,,Testville,IN,46601,US,true,prcl_001376,10,8,4,17.6,,2026-08-22T18:51:16Z,rate_001376,GroundAdvantage,USPS,6.64,,false,,SGW-7716302,0.00,6.64,0.00,"[{""label_format"":""PDF""},{""print_custom_1"":""ecom""}]",
2026-08-22T18:56:40Z,shp_00006787,9400100000000000006787,in_transit,adr_from0001,Goodwill E-Com (test),Goodwill Michiana (test),100 Test Warehouse Rd,,South Bend,IN,46601,US,false,adr_to001377,Test Buyer,,478 Example Ave,,Sampleton,OH,43004,US,true,prcl_001377,10,8,4,14.4,,2026-08-22T18:56:41Z,rate_001377,GroundAdvantage,USPS,3.75,,false,,113-9316350-2234168,0.00,3.75,0.00,"[{""label_format"":""PDF""},{""print_custom_1"":""ecom""}]",
2026-08-22T19:11:21Z,shp_00006768,9400100000000000006768,delivered,adr_from0001,Goodwill E-Com (test),Goodwill Michiana (test),100 Test Warehouse Rd,,South Bend,IN,46601,US,false,adr_to001378,Test Buyer,,479 Example Ave,,Mocksburg,MI,49001,US,true,prcl_001378,10,8,4,27.2,,2026-08-22T19:11:22Z,rate_001378,GroundAdvantage,USPS,11.83,,false,,SGW-7716319,0.00,11.83,0.00,"[{""label_format"":""PDF""},{""print_custom_1"":""ecom""}]",
2026-08-22T19:19:39Z,shp_00006758,9400100000000000006758,delivered,adr_from0001,Goodwill E-Com (test),Goodwill Michiana (test),100 Test Warehouse Rd,,South Bend,IN,46601,US,false,adr_to001379,Test Buyer,,480 Example Ave,,Fakeport,IL,60601,US,true,prcl_001379,10,8,4,36.8,,2026-08-22T19:19:40Z,rate_001379,GroundAdvantage,USPS,5.98,,false,,SGW-7716288,0.00,5.98,0.00,"[{""label_format"":""PDF""},{""print_custom_1"":""ecom""}]",
2026-08-22T19:20:53Z,shp_00006748,9400100000000000006748,delivered,adr_from0001,Goodwill E-Com (test),Goodwill Michiana (test),100 Test Warehouse Rd,,South Bend,IN,46601,US,false,adr_to001380,Test Buyer,,481 Example Ave,,Testville,IN,46601,US,true,prcl_001380,10,8,4,28.8,,2026-08-22T19:20:54Z,rate_001380,GroundAdvantage,USPS,7.63,,false,,SGW-7716265,0.00,7.63,0.00,"[{""label_format"":""PDF""},{""print_custom_1"":""ecom""}]",
2026-08-22T19:30:42Z,shp_00006802,9400100000000000006802,delivered,adr_from0001,Goodwill E-Com (test),Goodwill Michiana (test),100 Test Warehouse Rd,,South Bend,IN,46601,US,false,adr_to001381,Test Buyer,,482 Example Ave,,Sampleton,OH,43004,US,true,prcl_001381,10,8,4,32.0,,2026-08-22T19:30:43Z,rate_001381,Priority,USPS,3.58,,false,,113-1016374-9271683,0.00,3.58,0.00,"[{""label_format"":""PDF""},{""print_custom_1"":""ecom""}]",
2026-08-22T19:31:08Z,shp_00006760,9400100000000000006760,delivered,adr_from0001,Goodwill E-Com (test),Goodwill Michiana (test),100 Test Warehouse Rd,,South Bend,IN,46601,US,false,adr_to001382,Test Buyer,,483 Example Ave,,Mocksburg,MI,49001,US,true,prcl_001382,10,8,4,38.4,,2026-08-22T19:31:09Z,rate_001382,GroundAdvantage,USPS,11.14,,false,,SGW-7716294,0.00,11.14,0.00,"[{""label_format"":""PDF""},{""print_custom_1"":""ecom""}]",
2026-08-22T19:36:12Z,shp_00006761,9400100000000000006761,delivered,adr_from0001,Goodwill E-Com (test),Goodwill Michiana (test),100 Test Warehouse Rd,,South Bend,IN,46601,US,false,adr_to001383,Test Buyer,,484 Example Ave,,Fakeport,IL,60601,US,true,prcl_001383,10,8,4,33.6,,2026-08-22T19:36:13Z,rate_001383,GroundAdvantage,USPS,13.49,,false,,SGW-7716300,0.00,13.49,0.00,"[{""label_format"":""PDF""},{""print_custom_1"":""ecom""}]",
2026-08-22T19:41:28Z,shp_00006813,9400100000000000006813,unknown,adr_from0001,Goodwill E-Com (test),Goodwill Michiana (test),100 Test Warehouse Rd,,South Bend,IN,46601,US,false,adr_to001384,Test Buyer,,485 Example Ave,,Testville,IN,46601,US,true,prcl_001384,10,8,4,9.6,,2026-08-22T19:41:29Z,rate_001384,GroundAdvantage,USPS,9.71,,false,refunded,18-16392-83554,0.00,9.71,0.00,"[{""label_format"":""PDF""},{""print_custom_1"":""ecom""}]",
2026-08-22T19:43:48Z,shp_00006751,9400100000000000006751,delivered,adr_from0001,Goodwill E-Com (test),Goodwill Michiana (test),100 Test Warehouse Rd,,South Bend,IN,46601,US,false,adr_to001385,Test Buyer,,486 Example Ave,,Sampleton,OH,43004,US,true,prcl_001385,10,8,4,24.0,,2026-08-22T19:43:49Z,rate_001385,GroundAdvantage,USPS,12.97,,false,,SGW-7716275,0.00,12.97,0.00,"[{""label_format"":""PDF""},{""print_custom_1"":""ecom""}]",
2026-08-22T19:45:41Z,shp_00006632,9400100000000000006632,in_transit,adr_from0001,Goodwill E-Com (test),Goodwill Michiana (test),100 Test Warehouse Rd,,South Bend,IN,46601,US,false,adr_to001386,Test Buyer,,487 Example Ave,,Mocksburg,MI,49001,US,true,prcl_001386,10,8,4,56.0,,2026-08-22T19:45:42Z,rate_001386,GroundAdvantage,USPS,11.34,,false,,SGW-7715998,0.00,11.34,0.00,"[{""label_format"":""PDF""},{""print_custom_1"":""ecom""}]",
2026-08-22T19:58:46Z,shp_00006723,9400100000000000006723,unknown,adr_from0001,Goodwill E-Com (test),Goodwill Michiana (test),100 Test Warehouse Rd,,South Bend,IN,46601,US,false,adr_to001387,Test Buyer,,488 Example Ave,,Fakeport,IL,60601,US,true,prcl_001387,10,8,4,28.8,,2026-08-22T19:58:47Z,rate_001387,GroundAdvantage,USPS,3.59,,false,submitted,113-9016194-0342964,0.00,3.59,0.00,"[{""label_format"":""PDF""},{""print_custom_1"":""ecom""}]",
2026-08-22T20:09:55Z,shp_00006815,9400100000000000006815,delivered,adr_from0001,Goodwill E-Com (test),Goodwill Michiana (test),100 Test Warehouse Rd,,South Bend,IN,46601,US,false,adr_to001388,Test Buyer,,489 Example Ave,,Testville,IN,46601,US,true,prcl_001388,10,8,4,27.2,,2026-08-22T20:09:56Z,rate_001388,GroundAdvantage,USPS,5.75,,false,,18-16396-67099,0.00,5.75,0.00,"[{""label_format"":""PDF""},{""print_custom_1"":""ecom""}]",
2026-08-22T20:10:32Z,shp_00006785,9400100000000000006785,delivered,adr_from0001,Goodwill E-Com (test),Goodwill Michiana (test),100 Test Warehouse Rd,,South Bend,IN,46601,US,false,adr_to001389,Test Buyer,,490 Example Ave,,Sampleton,OH,43004,US,true,prcl_001389,10,8,4,17.6,,2026-08-22T20:10:33Z,rate_001389,GroundAdvantage,USPS,3.88,,false,,114-9416348-3498461,0.00,3.88,0.00,"[{""label_format"":""PDF""},{""print_custom_1"":""ecom""}]",
2026-08-22T20:17:00Z,shp_00006790,9400100000000000006790,delivered,adr_from0001,Goodwill E-Com (test),Goodwill Michiana (test),100 Test Warehouse Rd,,South Bend,IN,46601,US,false,adr_to001390,Test Buyer,,491 Example Ave,,Mocksburg,MI,49001,US,true,prcl_001390,10,8,4,14.4,,2026-08-22T20:17:01Z,rate_001390,GroundAdvantage,USPS,3.38,,false,,112-9016353-4062845,0.00,3.38,0.00,"[{""label_format"":""PDF""},{""print_custom_1"":""ecom""}]",
2026-08-22T20:19:19Z,shp_00006778,9400100000000000006778,delivered,adr_from0001,Goodwill E-Com (test),Goodwill Michiana (test),100 Test Warehouse Rd,,South Bend,IN,46601,US,false,adr_to001391,Test Buyer,,492 Example Ave,,Fakeport,IL,60601,US,true,prcl_001391,10,8,4,56.0,,2026-08-22T20:19:20Z,rate_001391,GroundAdvantage,USPS,3.47,,false,,113-6016335-9838170,0.00,3.47,0.00,"[{""label_format"":""PDF""},{""print_custom_1"":""ecom""}]",
2026-08-22T20:21:11Z,shp_00006816,9400100000000000006816,delivered,adr_from0001,Goodwill E-Com (test),Goodwill Michiana (test),100 Test Warehouse Rd,,South Bend,IN,46601,US,false,adr_to001392,Test Buyer,,493 Example Ave,,Testville,IN,46601,US,true,prcl_001392,10,8,4,49.6,,2026-08-22T20:21:12Z,rate_001392,GroundAdvantage,USPS,6.65,,false,,m00000016411,0.00,6.65,0.00,"[{""label_format"":""PDF""},{""print_custom_1"":""ecom""}]",
2026-08-22T20:21:49Z,shp_00006630,9400100000000000006630,delivered,adr_from0001,Goodwill E-Com (test),Goodwill Michiana (test),100 Test Warehouse Rd,,South Bend,IN,46601,US,false,adr_to001393,Test Buyer,,494 Example Ave,,Sampleton,OH,43004,US,true,prcl_001393,10,8,4,44.8,,2026-08-22T20:21:50Z,rate_001393,GroundAdvantage,USPS,9.75,,false,,SGW-7715993,0.00,9.75,0.00,"[{""label_format"":""PDF""},{""print_custom_1"":""ecom""}]",
2026-08-22T20:42:02Z,shp_00006806,9400100000000000006806,delivered,adr_from0001,Goodwill E-Com (test),Goodwill Michiana (test),100 Test Warehouse Rd,,South Bend,IN,46601,US,false,adr_to001394,Test Buyer,,495 Example Ave,,Mocksburg,MI,49001,US,true,prcl_001394,10,8,4,24.0,,2026-08-22T20:42:03Z,rate_001394,Priority,USPS,3.98,,false,,20-16384-83676,0.00,3.98,0.00,"[{""label_format"":""PDF""},{""print_custom_1"":""ecom""}]",
2026-08-22T20:42:29Z,shp_00006770,9400100000000000006770,in_transit,adr_from0001,Goodwill E-Com (test),Goodwill Michiana (test),100 Test Warehouse Rd,,South Bend,IN,46601,US,false,adr_to001395,Test Buyer,,496 Example Ave,,Fakeport,IL,60601,US,true,prcl_001395,10,8,4,14.4,,2026-08-22T20:42:30Z,rate_001395,GroundAdvantage,USPS,11.75,,false,,SGW-7716322,0.00,11.75,0.00,"[{""label_format"":""PDF""},{""print_custom_1"":""ecom""}]",
2026-08-22T20:59:52Z,shp_00006754,9400100000000000006754,delivered,adr_from0001,Goodwill E-Com (test),Goodwill Michiana (test),100 Test Warehouse Rd,,South Bend,IN,46601,US,false,adr_to001396,Test Buyer,,497 Example Ave,,Testville,IN,46601,US,true,prcl_001396,10,8,4,11.2,,2026-08-22T20:59:53Z,rate_001396,GroundAdvantage,USPS,9.26,,false,,SGW-7716280,0.00,9.26,0.00,"[{""label_format"":""PDF""},{""print_custom_1"":""ecom""}]",
2026-08-23T13:05:13Z,shp_00006762,9400100000000000006762,delivered,adr_from0001,Goodwill E-Com (test),Goodwill Michiana (test),100 Test Warehouse Rd,,South Bend,IN,46601,US,false,adr_to001397,Test Buyer,,498 Example Ave,,Sampleton,OH,43004,US,true,prcl_001397,10,8,4,8.0,,2026-08-23T13:05:14Z,rate_001397,GroundAdvantage,USPS,9.11,,false,,SGW-7716301,0.00,9.11,0.00,"[{""label_format"":""PDF""},{""print_custom_1"":""ecom""}]",
2026-08-23T13:05:45Z,shp_00006857,9400100000000000006857,delivered,adr_from0001,Goodwill E-Com (test),Goodwill Michiana (test),100 Test Warehouse Rd,,South Bend,IN,46601,US,false,adr_to001398,Test Buyer,,499 Example Ave,,Mocksburg,MI,49001,US,true,prcl_001398,10,8,4,20.8,,2026-08-23T13:05:46Z,rate_001398,GroundAdvantage,USPS,3.70,,false,,114-8816513-4341976,0.00,3.70,0.00,"[{""label_format"":""PDF""},{""print_custom_1"":""ecom""}]",
2026-08-23T13:10:42Z,shp_00006764,9400100000000000006764,delivered,adr_from0001,Goodwill E-Com (test),Goodwill Michiana (test),100 Test Warehouse Rd,,South Bend,IN,46601,US,false,adr_to001399,Test Buyer,,500 Example Ave,,Fakeport,IL,60601,US,true,prcl_001399,10,8,4,30.4,,2026-08-23T13:10:43Z,rate_001399,Priority,USPS,10.42,,false,,SGW-7716307,0.00,10.42,0.00,"[{""label_format"":""PDF""},{""print_custom_1"":""ecom""}]",
2026-08-23T13:12:52Z,shp_00006864,9400100000000000006864,delivered,adr_from0001,Goodwill E-Com (test),Goodwill Michiana (test),100 Test Warehouse Rd,,South Bend,IN,46601,US,false,adr_to001400,Test Buyer,,501 Example Ave,,Testville,IN,46601,US,true,prcl_001400,10,8,4,16.0,,2026-08-23T13:12:53Z,rate_001400,GroundAdvantage,USPS,3.32,,false,,114-8116523-0499154,0.00,3.32,0.00,"[{""label_format"":""PDF""},{""print_custom_1"":""ecom""}]",
2026-08-23T13:21:32Z,shp_00006868,9400100000000000006868,delivered,adr_from0001,Goodwill E-Com (test),Goodwill Michiana (test),100 Test Warehouse Rd,,South Bend,IN,46601,US,false,adr_to001401,Test Buyer,,502 Example Ave,,Sampleton,OH,43004,US,true,prcl_001401,10,8,4,46.4,,2026-08-23T13:21:33Z,rate_001401,GroundAdvantage,USPS,3.74,,false,,114-8416529-7998471,0.00,3.74,0.00,"[{""label_format"":""PDF""},{""print_custom_1"":""ecom""}]",
2026-08-23T13:26:19Z,shp_00006890,9400100000000000006890,delivered,adr_from0001,Goodwill E-Com (test),Goodwill Michiana (test),100 Test Warehouse Rd,,South Bend,IN,46601,US,false,adr_to001402,Test Buyer,,503 Example Ave,,Mocksburg,MI,49001,US,true,prcl_001402,10,8,4,44.8,,2026-08-23T13:26:20Z,rate_001402,GroundAdvantage,USPS,6.31,,false,,m00000016588,0.00,6.31,0.00,"[{""label_format"":""PDF""},{""print_custom_1"":""ecom""}]",
2026-08-23T13:45:00Z,shp_00006752,9400100000000000006752,delivered,adr_from0001,Goodwill E-Com (test),Goodwill Michiana (test),100 Test Warehouse Rd,,South Bend,IN,46601,US,false,adr_to001403,Test Buyer,,504 Example Ave,,Fakeport,IL,60601,US,true,prcl_001403,10,8,4,40.0,,2026-08-23T13:45:01Z,rate_001403,GroundAdvantage,USPS,9.21,,false,,SGW-7716276,0.00,9.21,0.00,"[{""label_format"":""PDF""},{""print_custom_1"":""ecom""}]",
2026-08-23T13:54:59Z,shp_00006738,9400100000000000006738,in_transit,adr_from0001,Goodwill E-Com (test),Goodwill Michiana (test),100 Test Warehouse Rd,,South Bend,IN,46601,US,false,adr_to001404,Test Buyer,,505 Example Ave,,Testville,IN,46601,US,true,prcl_001404,10,8,4,38.4,,2026-08-23T13:55:00Z,rate_001404,GroundAdvantage,USPS,4.67,,false,,14-16223-91178,0.00,4.67,0.00,"[{""label_format"":""PDF""},{""print_custom_1"":""ecom""}]",
2026-08-23T14:01:40Z,shp_00006834,9400100000000000006834,delivered,adr_from0001,Goodwill E-Com (test),Goodwill Michiana (test),100 Test Warehouse Rd,,South Bend,IN,46601,US,false,adr_to001405,Test Buyer,,506 Example Ave,,Sampleton,OH,43004,US,true,prcl_001405,10,8,4,17.6,,2026-08-23T14:01:41Z,rate_001405,GroundAdvantage,USPS,8.86,,false,,SGW-7716465,0.00,8.86,0.00,"[{""label_format"":""PDF""},{""print_custom_1"":""ecom""}]",
2026-08-23T14:35:55Z,shp_00006777,9400100000000000006777,delivered,adr_from0001,Goodwill E-Com (test),Goodwill Michiana (test),100 Test Warehouse Rd,,South Bend,IN,46601,US,false,adr_to001406,Test Buyer,,507 Example Ave,,Mocksburg,MI,49001,US,true,prcl_001406,10,8,4,43.2,,2026-08-23T14:35:56Z,rate_001406,Priority,USPS,3.38,,false,,113-8916333-4698712,0.00,3.38,0.00,"[{""label_format"":""PDF""},{""print_custom_1"":""ecom""}]",
2026-08-23T14:40:22Z,shp_00006880,9400100000000000006880,delivered,adr_from0001,Goodwill E-Com (test),Goodwill Michiana (test),100 Test Warehouse Rd,,South Bend,IN,46601,US,false,adr_to001407,Test Buyer,,508 Example Ave,,Fakeport,IL,60601,US,true,prcl_001407,10,8,4,27.2,,2026-08-23T14:40:23Z,rate_001407,GroundAdvantage,USPS,5.92,,false,,15-16562-81217,0.00,5.92,0.00,"[{""label_format"":""PDF""},{""print_custom_1"":""ecom""}]",
2026-08-23T14:44:31Z,shp_00006871,9400100000000000006871,delivered,adr_from0001,Goodwill E-Com (test),Goodwill Michiana (test),100 Test Warehouse Rd,,South Bend,IN,46601,US,false,adr_to001408,Test Buyer,,509 Example Ave,,Testville,IN,46601,US,true,prcl_001408,10,8,4,35.2,,2026-08-23T14:44:32Z,rate_001408,GroundAdvantage,USPS,3.29,,false,,112-1116534-2061076,0.00,3.29,0.00,"[{""label_format"":""PDF""},{""print_custom_1"":""ecom""}]",
2026-08-23T14:52:19Z,shp_00006889,9400100000000000006889,delivered,adr_from0001,Goodwill E-Com (test),Goodwill Michiana (test),100 Test Warehouse Rd,,South Bend,IN,46601,US,false,adr_to001409,Test Buyer,,510 Example Ave,,Sampleton,OH,43004,US,true,prcl_001409,10,8,4,11.2,,2026-08-23T14:52:20Z,rate_001409,GroundAdvantage,USPS,5.91,,false,,m00000016581,0.00,5.91,0.00,"[{""label_format"":""PDF""},{""print_custom_1"":""ecom""}]",
2026-08-23T14:55:24Z,shp_00006844,9400100000000000006844,delivered,adr_from0001,Goodwill E-Com (test),Goodwill Michiana (test),100 Test Warehouse Rd,,South Bend,IN,46601,US,false,adr_to001410,Test Buyer,,511 Example Ave,,Mocksburg,MI,49001,US,true,prcl_001410,10,8,4,65.6,,2026-08-23T14:55:25Z,rate_001410,GroundAdvantage,USPS,12.03,,false,,SGW-7716487,0.00,12.03,0.00,"[{""label_format"":""PDF""},{""print_custom_1"":""ecom""}]",
2026-08-23T14:59:54Z,shp_00006842,9400100000000000006842,delivered,adr_from0001,Goodwill E-Com (test),Goodwill Michiana (test),100 Test Warehouse Rd,,South Bend,IN,46601,US,false,adr_to001411,Test Buyer,,512 Example Ave,,Fakeport,IL,60601,US,true,prcl_001411,10,8,4,22.4,,2026-08-23T14:59:55Z,rate_001411,GroundAdvantage,USPS,8.24,,false,,SGW-7716482,0.00,8.24,0.00,"[{""label_format"":""PDF""},{""print_custom_1"":""ecom""}]",
2026-08-23T15:00:04Z,shp_00006715,9400100000000000006715,delivered,adr_from0001,Goodwill E-Com (test),Goodwill Michiana (test),100 Test Warehouse Rd,,South Bend,IN,46601,US,false,adr_to001412,Test Buyer,,513 Example Ave,,Testville,IN,46601,US,true,prcl_001412,10,8,4,73.6,,2026-08-23T15:00:05Z,rate_001412,Priority,USPS,14.21,,false,,SGW-7716179,0.00,14.21,0.00,"[{""label_format"":""PDF""},{""print_custom_1"":""ecom""}]",
2026-08-23T15:10:03Z,shp_00006869,9400100000000000006869,in_transit,adr_from0001,Goodwill E-Com (test),Goodwill Michiana (test),100 Test Warehouse Rd,,South Bend,IN,46601,US,false,adr_to001413,Test Buyer,,514 Example Ave,,Sampleton,OH,43004,US,true,prcl_001413,10,8,4,49.6,,2026-08-23T15:10:04Z,rate_001413,GroundAdvantage,USPS,3.69,,false,,111-2616532-5623586,0.00,3.69,0.00,"[{""label_format"":""PDF""},{""print_custom_1"":""ecom""}]",
2026-08-23T15:27:54Z,shp_00006767,9400100000000000006767,delivered,adr_from0001,Goodwill E-Com (test),Goodwill Michiana (test),100 Test Warehouse Rd,,South Bend,IN,46601,US,false,adr_to001414,Test Buyer,,515 Example Ave,,Mocksburg,MI,49001,US,true,prcl_001414,10,8,4,14.4,,2026-08-23T15:27:55Z,rate_001414,GroundAdvantage,USPS,10.97,,false,,SGW-7716317,0.00,10.97,0.00,"[{""label_format"":""PDF""},{""print_custom_1"":""ecom""}]",
2026-08-23T15:42:59Z,shp_00006870,9400100000000000006870,unknown,adr_from0001,Goodwill E-Com (test),Goodwill Michiana (test),100 Test Warehouse Rd,,South Bend,IN,46601,US,false,adr_to001415,Test Buyer,,516 Example Ave,,Fakeport,IL,60601,US,true,prcl_001415,10,8,4,35.2,,2026-08-23T15:43:00Z,rate_001415,GroundAdvantage,USPS,3.29,,false,submitted,113-9516533-9247341,0.00,3.29,0.00,"[{""label_format"":""PDF""},{""print_custom_1"":""ecom""}]",
2026-08-23T15:43:17Z,shp_00006822,9400100000000000006822,delivered,adr_from0001,Goodwill E-Com (test),Goodwill Michiana (test),100 Test Warehouse Rd,,South Bend,IN,46601,US,false,adr_to001416,Test Buyer,,517 Example Ave,,Testville,IN,46601,US,true,prcl_001416,10,8,4,9.6,,2026-08-23T15:43:18Z,rate_001416,GroundAdvantage,USPS,12.45,,false,,SGW-7716438,0.00,12.45,0.00,"[{""label_format"":""PDF""},{""print_custom_1"":""ecom""}]",
2026-08-23T15:46:39Z,shp_00006867,9400100000000000006867,delivered,adr_from0001,Goodwill E-Com (test),Goodwill Michiana (test),100 Test Warehouse Rd,,South Bend,IN,46601,US,false,adr_to001417,Test Buyer,,518 Example Ave,,Sampleton,OH,43004,US,true,prcl_001417,10,8,4,54.4,,2026-08-23T15:46:40Z,rate_001417,Priority,USPS,5.87,,false,,111-9216528-1437557,0.00,5.87,0.00,"[{""label_format"":""PDF""},{""print_custom_1"":""ecom""}]",
2026-08-23T15:54:48Z,shp_00006757,9400100000000000006757,delivered,adr_from0001,Goodwill E-Com (test),Goodwill Michiana (test),100 Test Warehouse Rd,,South Bend,IN,46601,US,false,adr_to001418,Test Buyer,,519 Example Ave,,Mocksburg,MI,49001,US,true,prcl_001418,10,8,4,43.2,,2026-08-23T15:54:49Z,rate_001418,Priority,USPS,11.93,,false,,SGW-7716287,0.00,11.93,0.00,"[{""label_format"":""PDF""},{""print_custom_1"":""ecom""}]",
2026-08-23T15:59:07Z,shp_00006866,9400100000000000006866,delivered,adr_from0001,Goodwill E-Com (test),Goodwill Michiana (test),100 Test Warehouse Rd,,South Bend,IN,46601,US,false,adr_to001419,Test Buyer,,520 Example Ave,,Fakeport,IL,60601,US,true,prcl_001419,10,8,4,16.0,,2026-08-23T15:59:08Z,rate_001419,GroundAdvantage,USPS,3.34,,false,,114-8916526-4238940,0.00,3.34,0.00,"[{""label_format"":""PDF""},{""print_custom_1"":""ecom""}]",
2026-08-23T16:02:35Z,shp_00006820,9400100000000000006820,delivered,adr_from0001,Goodwill E-Com (test),Goodwill Michiana (test),100 Test Warehouse Rd,,South Bend,IN,46601,US,false,adr_to001420,Test Buyer,,521 Example Ave,,Testville,IN,46601,US,true,prcl_001420,10,8,4,25.6,,2026-08-23T16:02:36Z,rate_001420,GroundAdvantage,USPS,6.67,,false,,SGW-7716435,0.00,6.67,0.00,"[{""label_format"":""PDF""},{""print_custom_1"":""ecom""}]",
2026-08-23T16:08:23Z,shp_00006750,9400100000000000006750,delivered,adr_from0001,Goodwill E-Com (test),Goodwill Michiana (test),100 Test Warehouse Rd,,South Bend,IN,46601,US,false,adr_to001421,Test Buyer,,522 Example Ave,,Sampleton,OH,43004,US,true,prcl_001421,10,8,4,33.6,,2026-08-23T16:08:24Z,rate_001421,GroundAdvantage,USPS,9.35,,false,,SGW-7716272,0.00,9.35,0.00,"[{""label_format"":""PDF""},{""print_custom_1"":""ecom""}]",
2026-08-23T16:15:47Z,shp_00006804,9400100000000000006804,in_transit,adr_from0001,Goodwill E-Com (test),Goodwill Michiana (test),100 Test Warehouse Rd,,South Bend,IN,46601,US,false,adr_to001422,Test Buyer,,523 Example Ave,,Mocksburg,MI,49001,US,true,prcl_001422,10,8,4,17.6,,2026-08-23T16:15:48Z,rate_001422,Priority,USPS,3.67,,false,,113-9016378-3771743,0.00,3.67,0.00,"[{""label_format"":""PDF""},{""print_custom_1"":""ecom""}]",
2026-08-23T16:18:21Z,shp_00006826,9400100000000000006826,delivered,adr_from0001,Goodwill E-Com (test),Goodwill Michiana (test),100 Test Warehouse Rd,,South Bend,IN,46601,US,false,adr_to001423,Test Buyer,,524 Example Ave,,Fakeport,IL,60601,US,true,prcl_001423,10,8,4,33.6,,2026-08-23T16:18:22Z,rate_001423,GroundAdvantage,USPS,10.34,,false,,SGW-7716447,0.00,10.34,0.00,"[{""label_format"":""PDF""},{""print_custom_1"":""ecom""}]",
2026-08-23T16:35:20Z,shp_00006776,9400100000000000006776,delivered,adr_from0001,Goodwill E-Com (test),Goodwill Michiana (test),100 Test Warehouse Rd,,South Bend,IN,46601,US,false,adr_to001424,Test Buyer,,525 Example Ave,,Testville,IN,46601,US,true,prcl_001424,10,8,4,11.2,,2026-08-23T16:35:21Z,rate_001424,GroundAdvantage,USPS,5.14,,false,,112-0816332-4153872,0.00,5.14,0.00,"[{""label_format"":""PDF""},{""print_custom_1"":""ecom""}]",
2026-08-23T16:42:37Z,shp_00006774,9400100000000000006774,delivered,adr_from0001,Goodwill E-Com (test),Goodwill Michiana (test),100 Test Warehouse Rd,,South Bend,IN,46601,US,false,adr_to001425,Test Buyer,,526 Example Ave,,Sampleton,OH,43004,US,true,prcl_001425,10,8,4,44.8,,2026-08-23T16:42:38Z,rate_001425,GroundAdvantage,USPS,5.27,,false,,113-6316329-5725019,0.00,5.27,0.00,"[{""label_format"":""PDF""},{""print_custom_1"":""ecom""}]",
2026-08-23T16:43:08Z,shp_00006759,9400100000000000006759,delivered,adr_from0001,Goodwill E-Com (test),Goodwill Michiana (test),100 Test Warehouse Rd,,South Bend,IN,46601,US,false,adr_to001426,Test Buyer,,527 Example Ave,,Mocksburg,MI,49001,US,true,prcl_001426,10,8,4,14.4,,2026-08-23T16:43:09Z,rate_001426,Priority,USPS,10.94,,false,,SGW-7716289,0.00,10.94,0.00,"[{""label_format"":""PDF""},{""print_custom_1"":""ecom""}]",
2026-08-23T16:43:20Z,shp_00006872,9400100000000000006872,delivered,adr_from0001,Goodwill E-Com (test),Goodwill Michiana (test),100 Test Warehouse Rd,,South Bend,IN,46601,US,false,adr_to001427,Test Buyer,,528 Example Ave,,Fakeport,IL,60601,US,true,prcl_001427,10,8,4,16.0,,2026-08-23T16:43:21Z,rate_001427,GroundAdvantage,USPS,5.21,,false,,112-3916538-7522950,0.00,5.21,0.00,"[{""label_format"":""PDF""},{""print_custom_1"":""ecom""}]",
2026-08-23T16:45:49Z,shp_00006833,9400100000000000006833,delivered,adr_from0001,Goodwill E-Com (test),Goodwill Michiana (test),100 Test Warehouse Rd,,South Bend,IN,46601,US,false,adr_to001428,Test Buyer,,529 Example Ave,,Testville,IN,46601,US,true,prcl_001428,10,8,4,16.0,,2026-08-23T16:45:50Z,rate_001428,GroundAdvantage,USPS,8.31,,false,,SGW-7716464,0.00,8.31,0.00,"[{""label_format"":""PDF""},{""print_custom_1"":""ecom""}]",
2026-08-23T16:52:55Z,shp_00006789,9400100000000000006789,delivered,adr_from0001,Goodwill E-Com (test),Goodwill Michiana (test),100 Test Warehouse Rd,,South Bend,IN,46601,US,false,adr_to001429,Test Buyer,,530 Example Ave,,Sampleton,OH,43004,US,true,prcl_001429,10,8,4,16.0,,2026-08-23T16:52:56Z,rate_001429,GroundAdvantage,USPS,5.74,,false,,112-2916352-7601593,0.00,5.74,0.00,"[{""label_format"":""PDF""},{""print_custom_1"":""ecom""}]",
2026-08-23T17:00:29Z,shp_00006747,9400100000000000006747,delivered,adr_from0001,Goodwill E-Com (test),Goodwill Michiana (test),100 Test Warehouse Rd,,South Bend,IN,46601,US,false,adr_to001430,Test Buyer,,531 Example Ave,,Mocksburg,MI,49001,US,true,prcl_001430,10,8,4,75.2,,2026-08-23T17:00:30Z,rate_001430,Priority,USPS,6.72,,false,,SGW-7716260,0.00,6.72,0.00,"[{""label_format"":""PDF""},{""print_custom_1"":""ecom""}]",
2026-08-23T17:03:26Z,shp_00006865,9400100000000000006865,in_transit,adr_from0001,Goodwill E-Com (test),Goodwill Michiana (test),100 Test Warehouse Rd,,South Bend,IN,46601,US,false,adr_to001431,Test Buyer,,532 Example Ave,,Fakeport,IL,60601,US,true,prcl_001431,10,8,4,28.8,,2026-08-23T17:03:27Z,rate_001431,GroundAdvantage,USPS,5.67,,false,,114-7516525-0050685,0.00,5.67,0.00,"[{""label_format"":""PDF""},{""print_custom_1"":""ecom""}]",
2026-08-23T17:09:22Z,shp_00006853,9400100000000000006853,delivered,adr_from0001,Goodwill E-Com (test),Goodwill Michiana (test),100 Test Warehouse Rd,,South Bend,IN,46601,US,false,adr_to001432,Test Buyer,,533 Example Ave,,Testville,IN,46601,US,true,prcl_001432,10,8,4,22.4,,2026-08-23T17:09:23Z,rate_001432,GroundAdvantage,USPS,3.29,,false,,113-6816507-5152722,0.00,3.29,0.00,"[{""label_format"":""PDF""},{""print_custom_1"":""ecom""}]",
2026-08-23T17:14:13Z,shp_00006771,9400100000000000006771,delivered,adr_from0001,Goodwill E-Com (test),Goodwill Michiana (test),100 Test Warehouse Rd,,South Bend,IN,46601,US,false,adr_to001433,Test Buyer,,534 Example Ave,,Sampleton,OH,43004,US,true,prcl_001433,10,8,4,14.4,,2026-08-23T17:14:14Z,rate_001433,GroundAdvantage,USPS,4.95,,false,,113-5416324-9116317,0.00,4.95,0.00,"[{""label_format"":""PDF""},{""print_custom_1"":""ecom""}]",
2026-08-23T17:16:14Z,shp_00006828,9400100000000000006828,delivered,adr_from0001,Goodwill E-Com (test),Goodwill Michiana (test),100 Test Warehouse Rd,,South Bend,IN,46601,US,false,adr_to001434,Test Buyer,,535 Example Ave,,Mocksburg,MI,49001,US,true,prcl_001434,10,8,4,46.4,,2026-08-23T17:16:15Z,rate_001434,GroundAdvantage,USPS,9.28,,false,,SGW-7716452,0.00,9.28,0.00,"[{""label_format"":""PDF""},{""print_custom_1"":""ecom""}]",
2026-08-23T17:20:54Z,shp_00006827,9400100000000000006827,delivered,adr_from0001,Goodwill E-Com (test),Goodwill Michiana (test),100 Test Warehouse Rd,,South Bend,IN,46601,US,false,adr_to001435,Test Buyer,,536 Example Ave,,Fakeport,IL,60601,US,true,prcl_001435,10,8,4,9.6,,2026-08-23T17:20:55Z,rate_001435,Priority,USPS,5.83,,false,,SGW-7716448,0.00,5.83,0.00,"[{""label_format"":""PDF""},{""print_custom_1"":""ecom""}]",
2026-08-23T17:21:51Z,shp_00006843,9400100000000000006843,delivered,adr_from0001,Goodwill E-Com (test),Goodwill Michiana (test),100 Test Warehouse Rd,,South Bend,IN,46601,US,false,adr_to001436,Test Buyer,,537 Example Ave,,Testville,IN,46601,US,true,prcl_001436,10,8,4,16.0,,2026-08-23T17:21:52Z,rate_001436,GroundAdvantage,USPS,8.60,,false,,SGW-7716484,0.00,8.60,0.00,"[{""label_format"":""PDF""},{""print_custom_1"":""ecom""}]",
2026-08-23T17:28:59Z,shp_00006876,9400100000000000006876,delivered,adr_from0001,Goodwill E-Com (test),Goodwill Michiana (test),100 Test Warehouse Rd,,South Bend,IN,46601,US,false,adr_to001437,Test Buyer,,538 Example Ave,,Sampleton,OH,43004,US,true,prcl_001437,10,8,4,9.6,,2026-08-23T17:29:00Z,rate_001437,GroundAdvantage,USPS,3.73,,false,,114-9416544-4117927,0.00,3.73,0.00,"[{""label_format"":""PDF""},{""print_custom_1"":""ecom""}]",
2026-08-23T17:42:13Z,shp_00006821,9400100000000000006821,delivered,adr_from0001,Goodwill E-Com (test),Goodwill Michiana (test),100 Test Warehouse Rd,,South Bend,IN,46601,US,false,adr_to001438,Test Buyer,,539 Example Ave,,Mocksburg,MI,49001,US,true,prcl_001438,10,8,4,43.2,,2026-08-23T17:42:14Z,rate_001438,GroundAdvantage,USPS,6.98,,false,,SGW-7716437,0.00,6.98,0.00,"[{""label_format"":""PDF""},{""print_custom_1"":""ecom""}]",
2026-08-23T18:13:35Z,shp_00006858,9400100000000000006858,delivered,adr_from0001,Goodwill E-Com (test),Goodwill Michiana (test),100 Test Warehouse Rd,,South Bend,IN,46601,US,false,adr_to001439,Test Buyer,,540 Example Ave,,Fakeport,IL,60601,US,true,prcl_001439,10,8,4,28.8,,2026-08-23T18:13:36Z,rate_001439,GroundAdvantage,USPS,3.48,,false,,113-2016514-9644745,0.00,3.48,0.00,"[{""label_format"":""PDF""},{""print_custom_1"":""ecom""}]",
2026-08-23T18:17:01Z,shp_00006863,9400100000000000006863,in_transit,adr_from0001,Goodwill E-Com (test),Goodwill Michiana (test),100 Test Warehouse Rd,,South Bend,IN,46601,US,false,adr_to001440,Test Buyer,,541 Example Ave,,Testville,IN,46601,US,true,prcl_001440,10,8,4,25.6,,2026-08-23T18:17:02Z,rate_001440,GroundAdvantage,USPS,3.54,,false,,111-4116521-2980150,0.00,3.54,0.00,"[{""label_format"":""PDF""},{""print_custom_1"":""ecom""}]",
2026-08-23T18:37:07Z,shp_00006855,9400100000000000006855,unknown,adr_from0001,Goodwill E-Com (test),Goodwill Michiana (test),100 Test Warehouse Rd,,South Bend,IN,46601,US,false,adr_to001441,Test Buyer,,542 Example Ave,,Sampleton,OH,43004,US,true,prcl_001441,10,8,4,12.8,,2026-08-23T18:37:08Z,rate_001441,GroundAdvantage,USPS,3.77,,false,refunded,114-6516509-0256848,0.00,3.77,0.00,"[{""label_format"":""PDF""},{""print_custom_1"":""ecom""}]",
2026-08-23T18:46:52Z,shp_00006878,9400100000000000006878,delivered,adr_from0001,Goodwill E-Com (test),Goodwill Michiana (test),100 Test Warehouse Rd,,South Bend,IN,46601,US,false,adr_to001442,Test Buyer,,543 Example Ave,,Mocksburg,MI,49001,US,true,prcl_001442,10,8,4,100.8,,2026-08-23T18:46:53Z,rate_001442,GroundAdvantage,USPS,5.27,,false,,111-6816550-4938488,0.00,5.27,0.00,"[{""label_format"":""PDF""},{""print_custom_1"":""ecom""}]",
2026-08-23T18:49:24Z,shp_00006883,9400100000000000006883,delivered,adr_from0001,Goodwill E-Com (test),Goodwill Michiana (test),100 Test Warehouse Rd,,South Bend,IN,46601,US,false,adr_to001443,Test Buyer,,544 Example Ave,,Fakeport,IL,60601,US,true,prcl_001443,10,8,4,9.6,,2026-08-23T18:49:25Z,rate_001443,GroundAdvantage,USPS,5.94,,false,,20-16569-00281,0.00,5.94,0.00,"[{""label_format"":""PDF""},{""print_custom_1"":""ecom""}]",
2026-08-23T18:49:50Z,shp_00006875,9400100000000000006875,delivered,adr_from0001,Goodwill E-Com (test),Goodwill Michiana (test),100 Test Warehouse Rd,,South Bend,IN,46601,US,false,adr_to001444,Test Buyer,,545 Example Ave,,Testville,IN,46601,US,true,prcl_001444,10,8,4,48.0,,2026-08-23T18:49:51Z,rate_001444,GroundAdvantage,USPS,3.87,,false,,114-5316543-4516048,0.00,3.87,0.00,"[{""label_format"":""PDF""},{""print_custom_1"":""ecom""}]",
2026-08-23T19:00:25Z,shp_00006824,9400100000000000006824,delivered,adr_from0001,Goodwill E-Com (test),Goodwill Michiana (test),100 Test Warehouse Rd,,South Bend,IN,46601,US,false,adr_to001445,Test Buyer,,546 Example Ave,,Sampleton,OH,43004,US,true,prcl_001445,10,8,4,25.6,,2026-08-23T19:00:26Z,rate_001445,GroundAdvantage,USPS,13.44,,false,,SGW-7716444,0.00,13.44,0.00,"[{""label_format"":""PDF""},{""print_custom_1"":""ecom""}]",
2026-08-23T19:04:09Z,shp_00006884,9400100000000000006884,delivered,adr_from0001,Goodwill E-Com (test),Goodwill Michiana (test),100 Test Warehouse Rd,,South Bend,IN,46601,US,false,adr_to001446,Test Buyer,,547 Example Ave,,Mocksburg,MI,49001,US,true,prcl_001446,10,8,4,27.2,,2026-08-23T19:04:10Z,rate_001446,Priority,USPS,3.53,,false,,19-16571-13281,0.00,3.53,0.00,"[{""label_format"":""PDF""},{""print_custom_1"":""ecom""}]",
2026-08-23T19:10:24Z,shp_00006885,9400100000000000006885,delivered,adr_from0001,Goodwill E-Com (test),Goodwill Michiana (test),100 Test Warehouse Rd,,South Bend,IN,46601,US,false,adr_to001447,Test Buyer,,548 Example Ave,,Fakeport,IL,60601,US,true,prcl_001447,10,8,4,17.6,,2026-08-23T19:10:25Z,rate_001447,GroundAdvantage,USPS,6.07,,false,,17-16572-52581,0.00,6.07,0.00,"[{""label_format"":""PDF""},{""print_custom_1"":""ecom""}]",
2026-08-23T19:15:17Z,shp_00006798,9400100000000000006798,delivered,adr_from0001,Goodwill E-Com (test),Goodwill Michiana (test),100 Test Warehouse Rd,,South Bend,IN,46601,US,false,adr_to001448,Test Buyer,,549 Example Ave,,Testville,IN,46601,US,true,prcl_001448,10,8,4,24.0,,2026-08-23T19:15:18Z,rate_001448,GroundAdvantage,USPS,5.85,,false,,114-9416370-9267210,0.00,5.85,0.00,"[{""label_format"":""PDF""},{""print_custom_1"":""ecom""}]",
2026-08-23T19:30:00Z,shp_00006860,9400100000000000006860,in_transit,adr_from0001,Goodwill E-Com (test),Goodwill Michiana (test),100 Test Warehouse Rd,,South Bend,IN,46601,US,false,adr_to001449,Test Buyer,,550 Example Ave,,Sampleton,OH,43004,US,true,prcl_001449,10,8,4,11.2,,2026-08-23T19:30:01Z,rate_001449,GroundAdvantage,USPS,3.58,,false,,114-6216518-8264119,0.00,3.58,0.00,"[{""label_format"":""PDF""},{""print_custom_1"":""ecom""}]",
2026-08-23T19:31:35Z,shp_00006873,9400100000000000006873,delivered,adr_from0001,Goodwill E-Com (test),Goodwill Michiana (test),100 Test Warehouse Rd,,South Bend,IN,46601,US,false,adr_to001450,Test Buyer,,551 Example Ave,,Mocksburg,MI,49001,US,true,prcl_001450,10,8,4,19.2,,2026-08-23T19:31:36Z,rate_001450,Priority,USPS,3.36,,false,,114-1616539-7529720,0.00,3.36,0.00,"[{""label_format"":""PDF""},{""print_custom_1"":""ecom""}]",
2026-08-23T19:53:17Z,shp_00006807,9400100000000000006807,delivered,adr_from0001,Goodwill E-Com (test),Goodwill Michiana (test),100 Test Warehouse Rd,,South Bend,IN,46601,US,false,adr_to001451,Test Buyer,,552 Example Ave,,Fakeport,IL,60601,US,true,prcl_001451,10,8,4,12.8,,2026-08-23T19:53:18Z,rate_001451,GroundAdvantage,USPS,4.97,,false,,07-16385-68275,0.00,4.97,0.00,"[{""label_format"":""PDF""},{""print_custom_1"":""ecom""}]",
2026-08-23T19:54:28Z,shp_00006811,9400100000000000006811,delivered,adr_from0001,Goodwill E-Com (test),Goodwill Michiana (test),100 Test Warehouse Rd,,South Bend,IN,46601,US,false,adr_to001452,Test Buyer,,553 Example Ave,,Testville,IN,46601,US,true,prcl_001452,10,8,4,84.8,,2026-08-23T19:54:29Z,rate_001452,GroundAdvantage,USPS,7.52,,false,,15-16390-46287,0.00,7.52,0.00,"[{""label_format"":""PDF""},{""print_custom_1"":""ecom""}]",
2026-08-23T20:01:46Z,shp_00006887,9400100000000000006887,delivered,adr_from0001,Goodwill E-Com (test),Goodwill Michiana (test),100 Test Warehouse Rd,,South Bend,IN,46601,US,false,adr_to001453,Test Buyer,,554 Example Ave,,Sampleton,OH,43004,US,true,prcl_001453,10,8,4,11.2,,2026-08-23T20:01:47Z,rate_001453,GroundAdvantage,USPS,7.68,,false,,20-16578-08392,0.00,7.68,0.00,"[{""label_format"":""PDF""},{""print_custom_1"":""ecom""}]",
2026-08-23T20:06:41Z,shp_00006837,9400100000000000006837,delivered,adr_from0001,Goodwill E-Com (test),Goodwill Michiana (test),100 Test Warehouse Rd,,South Bend,IN,46601,US,false,adr_to001454,Test Buyer,,555 Example Ave,,Mocksburg,MI,49001,US,true,prcl_001454,10,8,4,8.0,,2026-08-23T20:06:42Z,rate_001454,GroundAdvantage,USPS,6.24,,false,,SGW-7716471,0.00,6.24,0.00,"[{""label_format"":""PDF""},{""print_custom_1"":""ecom""}]",
2026-08-23T20:10:36Z,shp_00006838,9400100000000000006838,delivered,adr_from0001,Goodwill E-Com (test),Goodwill Michiana (test),100 Test Warehouse Rd,,South Bend,IN,46601,US,false,adr_to001455,Test Buyer,,556 Example Ave,,Fakeport,IL,60601,US,true,prcl_001455,10,8,4,9.6,,2026-08-23T20:10:37Z,rate_001455,GroundAdvantage,USPS,7.22,,false,,SGW-7716472,0.00,7.22,0.00,"[{""label_format"":""PDF""},{""print_custom_1"":""ecom""}]",
2026-08-23T20:14:07Z,shp_00006862,9400100000000000006862,delivered,adr_from0001,Goodwill E-Com (test),Goodwill Michiana (test),100 Test Warehouse Rd,,South Bend,IN,46601,US,false,adr_to001456,Test Buyer,,557 Example Ave,,Testville,IN,46601,US,true,prcl_001456,10,8,4,11.2,,2026-08-23T20:14:08Z,rate_001456,GroundAdvantage,USPS,3.27,,false,,114-4816520-0694406,0.00,3.27,0.00,"[{""label_format"":""PDF""},{""print_custom_1"":""ecom""}]",
2026-08-23T20:24:03Z,shp_00006829,9400100000000000006829,delivered,adr_from0001,Goodwill E-Com (test),Goodwill Michiana (test),100 Test Warehouse Rd,,South Bend,IN,46601,US,false,adr_to001457,Test Buyer,,558 Example Ave,,Sampleton,OH,43004,US,true,prcl_001457,10,8,4,32.0,,2026-08-23T20:24:04Z,rate_001457,GroundAdvantage,USPS,13.71,,false,,SGW-7716456,0.00,13.71,0.00,"[{""label_format"":""PDF""},{""print_custom_1"":""ecom""}]",
2026-08-23T20:27:40Z,shp_00006882,9400100000000000006882,in_transit,adr_from0001,Goodwill E-Com (test),Goodwill Michiana (test),100 Test Warehouse Rd,,South Bend,IN,46601,US,false,adr_to001458,Test Buyer,,559 Example Ave,,Mocksburg,MI,49001,US,true,prcl_001458,10,8,4,19.2,,2026-08-23T20:27:41Z,rate_001458,Priority,USPS,3.70,,false,,15-16566-35799,0.00,3.70,0.00,"[{""label_format"":""PDF""},{""print_custom_1"":""ecom""}]",
2026-08-23T20:30:30Z,shp_00006854,9400100000000000006854,delivered,adr_from0001,Goodwill E-Com (test),Goodwill Michiana (test),100 Test Warehouse Rd,,South Bend,IN,46601,US,false,adr_to001459,Test Buyer,,560 Example Ave,,Fakeport,IL,60601,US,true,prcl_001459,10,8,4,24.0,,2026-08-23T20:30:31Z,rate_001459,GroundAdvantage,USPS,3.80,,false,,111-5116508-9336253,0.00,3.80,0.00,"[{""label_format"":""PDF""},{""print_custom_1"":""ecom""}]",
2026-08-23T20:33:45Z,shp_00006850,9400100000000000006850,delivered,adr_from0001,Goodwill E-Com (test),Goodwill Michiana (test),100 Test Warehouse Rd,,South Bend,IN,46601,US,false,adr_to001460,Test Buyer,,561 Example Ave,,Testville,IN,46601,US,true,prcl_001460,10,8,4,14.4,,2026-08-23T20:33:46Z,rate_001460,Priority,USPS,3.81,,false,,114-4116499-0697775,0.00,3.81,0.00,"[{""label_format"":""PDF""},{""print_custom_1"":""ecom""}]",
2026-08-23T20:43:28Z,shp_00006819,9400100000000000006819,delivered,adr_from0001,Goodwill E-Com (test),Goodwill Michiana (test),100 Test Warehouse Rd,,South Bend,IN,46601,US,false,adr_to001461,Test Buyer,,562 Example Ave,,Sampleton,OH,43004,US,true,prcl_001461,10,8,4,16.0,,2026-08-23T20:43:29Z,rate_001461,Priority,USPS,5.99,,false,,m00000016418,0.00,5.99,0.00,"[{""label_format"":""PDF""},{""print_custom_1"":""ecom""}]",
2026-08-23T20:43:28Z,shp_00006888,9400100000000000006888,delivered,adr_from0001,Goodwill E-Com (test),Goodwill Michiana (test),100 Test Warehouse Rd,,South Bend,IN,46601,US,false,adr_to001462,Test Buyer,,563 Example Ave,,Mocksburg,MI,49001,US,true,prcl_001462,10,8,4,25.6,,2026-08-23T20:43:29Z,rate_001462,Priority,USPS,5.09,,false,,06-16579-43650,0.00,5.09,0.00,"[{""label_format"":""PDF""},{""print_custom_1"":""ecom""}]",
2026-08-23T20:44:01Z,shp_00006847,9400100000000000006847,delivered,adr_from0001,Goodwill E-Com (test),Goodwill Michiana (test),100 Test Warehouse Rd,,South Bend,IN,46601,US,false,adr_to001463,Test Buyer,,564 Example Ave,,Fakeport,IL,60601,US,true,prcl_001463,10,8,4,11.2,,2026-08-23T20:44:02Z,rate_001463,GroundAdvantage,USPS,9.82,,false,,SGW-7716495,0.00,9.82,0.00,"[{""label_format"":""PDF""},{""print_custom_1"":""ecom""}]",
2026-08-23T20:52:15Z,shp_00006788,9400100000000000006788,delivered,adr_from0001,Goodwill E-Com (test),Goodwill Michiana (test),100 Test Warehouse Rd,,South Bend,IN,46601,US,false,adr_to001464,Test Buyer,,565 Example Ave,,Testville,IN,46601,US,true,prcl_001464,10,8,4,19.2,,2026-08-23T20:52:16Z,rate_001464,GroundAdvantage,USPS,5.72,,false,,113-3616351-7868631,0.00,5.72,0.00,"[{""label_format"":""PDF""},{""print_custom_1"":""ecom""}]",
2026-08-23T20:58:27Z,shp_00006749,9400100000000000006749,delivered,adr_from0001,Goodwill E-Com (test),Goodwill Michiana (test),100 Test Warehouse Rd,,South Bend,IN,46601,US,false,adr_to001465,Test Buyer,,566 Example Ave,,Sampleton,OH,43004,US,true,prcl_001465,10,8,4,48.0,,2026-08-23T20:58:28Z,rate_001465,Priority,USPS,9.74,,false,,SGW-7716270,0.00,9.74,0.00,"[{""label_format"":""PDF""},{""print_custom_1"":""ecom""}]",
2026-08-24T13:05:47Z,shp_00006856,9400100000000000006856,delivered,adr_from0001,Goodwill E-Com (test),Goodwill Michiana (test),100 Test Warehouse Rd,,South Bend,IN,46601,US,false,adr_to001466,Test Buyer,,567 Example Ave,,Mocksburg,MI,49001,US,true,prcl_001466,10,8,4,24.0,,2026-08-24T13:05:48Z,rate_001466,Priority,USPS,3.75,,false,,112-9316511-2652478,0.00,3.75,0.00,"[{""label_format"":""PDF""},{""print_custom_1"":""ecom""}]",
2026-08-24T13:08:57Z,shp_00006874,9400100000000000006874,in_transit,adr_from0001,Goodwill E-Com (test),Goodwill Michiana (test),100 Test Warehouse Rd,,South Bend,IN,46601,US,false,adr_to001467,Test Buyer,,568 Example Ave,,Fakeport,IL,60601,US,true,prcl_001467,10,8,4,27.2,,2026-08-24T13:08:58Z,rate_001467,GroundAdvantage,USPS,3.80,,false,,111-0416540-0476790,0.00,3.80,0.00,"[{""label_format"":""PDF""},{""print_custom_1"":""ecom""}]",
2026-08-24T13:30:57Z,shp_00006905,9400100000000000006905,delivered,adr_from0001,Goodwill E-Com (test),Goodwill Michiana (test),100 Test Warehouse Rd,,South Bend,IN,46601,US,false,adr_to001468,Test Buyer,,569 Example Ave,,Testville,IN,46601,US,true,prcl_001468,10,8,4,20.8,,2026-08-24T13:30:58Z,rate_001468,GroundAdvantage,USPS,10.52,,false,,SGW-7716637,0.00,10.52,0.00,"[{""label_format"":""PDF""},{""print_custom_1"":""ecom""}]",
2026-08-24T13:31:02Z,shp_00006947,9400100000000000006947,delivered,adr_from0001,Goodwill E-Com (test),Goodwill Michiana (test),100 Test Warehouse Rd,,South Bend,IN,46601,US,false,adr_to001469,Test Buyer,,570 Example Ave,,Sampleton,OH,43004,US,true,prcl_001469,10,8,4,28.8,,2026-08-24T13:31:03Z,rate_001469,GroundAdvantage,USPS,5.74,,false,,m00000016734,0.00,5.74,0.00,"[{""label_format"":""PDF""},{""print_custom_1"":""ecom""}]",
2026-08-24T13:36:25Z,shp_00006906,9400100000000000006906,delivered,adr_from0001,Goodwill E-Com (test),Goodwill Michiana (test),100 Test Warehouse Rd,,South Bend,IN,46601,US,false,adr_to001470,Test Buyer,,571 Example Ave,,Mocksburg,MI,49001,US,true,prcl_001470,10,8,4,20.8,,2026-08-24T13:36:26Z,rate_001470,Priority,USPS,6.90,,false,,SGW-7716641,0.00,6.90,0.00,"[{""label_format"":""PDF""},{""print_custom_1"":""ecom""}]",
2026-08-24T13:38:37Z,shp_00006942,9400100000000000006942,delivered,adr_from0001,Goodwill E-Com (test),Goodwill Michiana (test),100 Test Warehouse Rd,,South Bend,IN,46601,US,false,adr_to001471,Test Buyer,,572 Example Ave,,Fakeport,IL,60601,US,true,prcl_001471,10,8,4,62.4,,2026-08-24T13:38:38Z,rate_001471,GroundAdvantage,USPS,6.14,,false,,25-16714-94191,0.00,6.14,0.00,"[{""label_format"":""PDF""},{""print_custom_1"":""ecom""}]",
2026-08-24T14:02:04Z,shp_00006928,9400100000000000006928,delivered,adr_from0001,Goodwill E-Com (test),Goodwill Michiana (test),100 Test Warehouse Rd,,South Bend,IN,46601,US,false,adr_to001472,Test Buyer,,573 Example Ave,,Testville,IN,46601,US,true,prcl_001472,10,8,4,33.6,,2026-08-24T14:02:05Z,rate_001472,Priority,USPS,4.98,,false,,112-1016682-2160903,0.00,4.98,0.00,"[{""label_format"":""PDF""},{""print_custom_1"":""ecom""}]",
2026-08-24T14:20:51Z,shp_00006938,9400100000000000006938,delivered,adr_from0001,Goodwill E-Com (test),Goodwill Michiana (test),100 Test Warehouse Rd,,South Bend,IN,46601,US,false,adr_to001473,Test Buyer,,574 Example Ave,,Sampleton,OH,43004,US,true,prcl_001473,10,8,4,14.4,,2026-08-24T14:20:52Z,rate_001473,GroundAdvantage,USPS,5.47,,false,,112-6316699-7746963,0.00,5.47,0.00,"[{""label_format"":""PDF""},{""print_custom_1"":""ecom""}]",
2026-08-24T14:33:40Z,shp_00006939,9400100000000000006939,delivered,adr_from0001,Goodwill E-Com (test),Goodwill Michiana (test),100 Test Warehouse Rd,,South Bend,IN,46601,US,false,adr_to001474,Test Buyer,,575 Example Ave,,Mocksburg,MI,49001,US,true,prcl_001474,10,8,4,28.8,,2026-08-24T14:33:41Z,rate_001474,GroundAdvantage,USPS,3.28,,false,,112-6216701-6309981,0.00,3.28,0.00,"[{""label_format"":""PDF""},{""print_custom_1"":""ecom""}]",
2026-08-24T14:34:21Z,shp_00006946,9400100000000000006946,delivered,adr_from0001,Goodwill E-Com (test),Goodwill Michiana (test),100 Test Warehouse Rd,,South Bend,IN,46601,US,false,adr_to001475,Test Buyer,,576 Example Ave,,Fakeport,IL,60601,US,true,prcl_001475,10,8,4,22.4,,2026-08-24T14:34:22Z,rate_001475,GroundAdvantage,USPS,5.80,,false,,m00000016733,0.00,5.80,0.00,"[{""label_format"":""PDF""},{""print_custom_1"":""ecom""}]",
2026-08-24T14:40:02Z,shp_00006831,9400100000000000006831,in_transit,adr_from0001,Goodwill E-Com (test),Goodwill Michiana (test),100 Test Warehouse Rd,,South Bend,IN,46601,US,false,adr_to001476,Test Buyer,,577 Example Ave,,Testville,IN,46601,US,true,prcl_001476,10,8,4,35.2,,2026-08-24T14:40:03Z,rate_001476,GroundAdvantage,USPS,10.87,,false,,SGW-7716462,0.00,10.87,0.00,"[{""label_format"":""PDF""},{""print_custom_1"":""ecom""}]",
2026-08-24T14:42:20Z,shp_00006929,9400100000000000006929,delivered,adr_from0001,Goodwill E-Com (test),Goodwill Michiana (test),100 Test Warehouse Rd,,South Bend,IN,46601,US,false,adr_to001477,Test Buyer,,578 Example Ave,,Sampleton,OH,43004,US,true,prcl_001477,10,8,4,38.4,,2026-08-24T14:42:21Z,rate_001477,Priority,USPS,3.89,,false,,111-8216683-5820692,0.00,3.89,0.00,"[{""label_format"":""PDF""},{""print_custom_1"":""ecom""}]",
2026-08-24T14:43:00Z,shp_00006908,9400100000000000006908,delivered,adr_from0001,Goodwill E-Com (test),Goodwill Michiana (test),100 Test Warehouse Rd,,South Bend,IN,46601,US,false,adr_to001478,Test Buyer,,579 Example Ave,,Mocksburg,MI,49001,US,true,prcl_001478,10,8,4,20.8,,2026-08-24T14:43:01Z,rate_001478,GroundAdvantage,USPS,8.33,,false,,SGW-7716646,0.00,8.33,0.00,"[{""label_format"":""PDF""},{""print_custom_1"":""ecom""}]",
2026-08-24T15:03:36Z,shp_00006919,9400100000000000006919,delivered,adr_from0001,Goodwill E-Com (test),Goodwill Michiana (test),100 Test Warehouse Rd,,South Bend,IN,46601,US,false,adr_to001479,Test Buyer,,580 Example Ave,,Fakeport,IL,60601,US,true,prcl_001479,10,8,4,41.6,,2026-08-24T15:03:37Z,rate_001479,GroundAdvantage,USPS,5.87,,false,,113-8516664-5915037,0.00,5.87,0.00,"[{""label_format"":""PDF""},{""print_custom_1"":""ecom""}]",
2026-08-24T15:05:03Z,shp_00006918,9400100000000000006918,delivered,adr_from0001,Goodwill E-Com (test),Goodwill Michiana (test),100 Test Warehouse Rd,,South Bend,IN,46601,US,false,adr_to001480,Test Buyer,,581 Example Ave,,Testville,IN,46601,US,true,prcl_001480,10,8,4,28.8,,2026-08-24T15:05:04Z,rate_001480,GroundAdvantage,USPS,5.73,,false,,114-1416661-1294901,0.00,5.73,0.00,"[{""label_format"":""PDF""},{""print_custom_1"":""ecom""}]",
2026-08-24T15:06:10Z,shp_00006840,9400100000000000006840,delivered,adr_from0001,Goodwill E-Com (test),Goodwill Michiana (test),100 Test Warehouse Rd,,South Bend,IN,46601,US,false,adr_to001481,Test Buyer,,582 Example Ave,,Sampleton,OH,43004,US,true,prcl_001481,10,8,4,32.0,,2026-08-24T15:06:11Z,rate_001481,GroundAdvantage,USPS,8.77,,false,,SGW-7716478,0.00,8.77,0.00,"[{""label_format"":""PDF""},{""print_custom_1"":""ecom""}]",
2026-08-24T15:17:24Z,shp_00006901,9400100000000000006901,delivered,adr_from0001,Goodwill E-Com (test),Goodwill Michiana (test),100 Test Warehouse Rd,,South Bend,IN,46601,US,false,adr_to001482,Test Buyer,,583 Example Ave,,Mocksburg,MI,49001,US,true,prcl_001482,10,8,4,19.2,,2026-08-24T15:17:25Z,rate_001482,Priority,USPS,7.29,,false,,SGW-7716633,0.00,7.29,0.00,"[{""label_format"":""PDF""},{""print_custom_1"":""ecom""}]",
2026-08-24T15:21:05Z,shp_00006765,9400100000000000006765,delivered,adr_from0001,Goodwill E-Com (test),Goodwill Michiana (test),100 Test Warehouse Rd,,South Bend,IN,46601,US,false,adr_to001483,Test Buyer,,584 Example Ave,,Fakeport,IL,60601,US,true,prcl_001483,10,8,4,25.6,,2026-08-24T15:21:06Z,rate_001483,Priority,USPS,6.67,,false,,SGW-7716313,0.00,6.67,0.00,"[{""label_format"":""PDF""},{""print_custom_1"":""ecom""}]",
2026-08-24T15:26:57Z,shp_00006921,9400100000000000006921,delivered,adr_from0001,Goodwill E-Com (test),Goodwill Michiana (test),100 Test Warehouse Rd,,South Bend,IN,46601,US,false,adr_to001484,Test Buyer,,585 Example Ave,,Testville,IN,46601,US,true,prcl_001484,10,8,4,16.0,,2026-08-24T15:26:58Z,rate_001484,GroundAdvantage,USPS,3.56,,false,,114-0916667-4394040,0.00,3.56,0.00,"[{""label_format"":""PDF""},{""print_custom_1"":""ecom""}]",
2026-08-24T15:31:20Z,shp_00006894,9400100000000000006894,in_transit,adr_from0001,Goodwill E-Com (test),Goodwill Michiana (test),100 Test Warehouse Rd,,South Bend,IN,46601,US,false,adr_to001485,Test Buyer,,586 Example Ave,,Sampleton,OH,43004,US,true,prcl_001485,10,8,4,36.8,,2026-08-24T15:31:21Z,rate_001485,GroundAdvantage,USPS,4.85,,false,,SGW-7716610,0.00,4.85,0.00,"[{""label_format"":""PDF""},{""print_custom_1"":""ecom""}]",
2026-08-24T15:34:05Z,shp_00006932,9400100000000000006932,delivered,adr_from0001,Goodwill E-Com (test),Goodwill Michiana (test),100 Test Warehouse Rd,,South Bend,IN,46601,US,false,adr_to001486,Test Buyer,,587 Example Ave,,Mocksburg,MI,49001,US,true,prcl_001486,10,8,4,11.2,,2026-08-24T15:34:06Z,rate_001486,GroundAdvantage,USPS,3.37,,false,,111-3516688-7895669,0.00,3.37,0.00,"[{""label_format"":""PDF""},{""print_custom_1"":""ecom""}]",
2026-08-24T15:39:47Z,shp_00006910,9400100000000000006910,delivered,adr_from0001,Goodwill E-Com (test),Goodwill Michiana (test),100 Test Warehouse Rd,,South Bend,IN,46601,US,false,adr_to001487,Test Buyer,,588 Example Ave,,Fakeport,IL,60601,US,true,prcl_001487,10,8,4,24.0,,2026-08-24T15:39:48Z,rate_001487,Priority,USPS,8.54,,false,,SGW-7716649,0.00,8.54,0.00,"[{""label_format"":""PDF""},{""print_custom_1"":""ecom""}]",
2026-08-24T15:41:43Z,shp_00006940,9400100000000000006940,delivered,adr_from0001,Goodwill E-Com (test),Goodwill Michiana (test),100 Test Warehouse Rd,,South Bend,IN,46601,US,false,adr_to001488,Test Buyer,,589 Example Ave,,Testville,IN,46601,US,true,prcl_001488,10,8,4,33.6,,2026-08-24T15:41:44Z,rate_001488,GroundAdvantage,USPS,6.84,,false,,18-16704-57745,0.00,6.84,0.00,"[{""label_format"":""PDF""},{""print_custom_1"":""ecom""}]",
2026-08-24T15:47:00Z,shp_00006879,9400100000000000006879,delivered,adr_from0001,Goodwill E-Com (test),Goodwill Michiana (test),100 Test Warehouse Rd,,South Bend,IN,46601,US,false,adr_to001489,Test Buyer,,590 Example Ave,,Sampleton,OH,43004,US,true,prcl_001489,10,8,4,24.0,,2026-08-24T15:47:01Z,rate_001489,GroundAdvantage,USPS,6.23,,false,,25-16558-70322,0.00,6.23,0.00,"[{""label_format"":""PDF""},{""print_custom_1"":""ecom""}]",
2026-08-24T15:53:04Z,shp_00006900,9400100000000000006900,delivered,adr_from0001,Goodwill E-Com (test),Goodwill Michiana (test),100 Test Warehouse Rd,,South Bend,IN,46601,US,false,adr_to001490,Test Buyer,,591 Example Ave,,Mocksburg,MI,49001,US,true,prcl_001490,10,8,4,38.4,,2026-08-24T15:53:05Z,rate_001490,Priority,USPS,9.68,,false,,SGW-7716632,0.00,9.68,0.00,"[{""label_format"":""PDF""},{""print_custom_1"":""ecom""}]",
2026-08-24T15:56:37Z,shp_00006899,9400100000000000006899,delivered,adr_from0001,Goodwill E-Com (test),Goodwill Michiana (test),100 Test Warehouse Rd,,South Bend,IN,46601,US,false,adr_to001491,Test Buyer,,592 Example Ave,,Fakeport,IL,60601,US,true,prcl_001491,10,8,4,28.8,,2026-08-24T15:56:38Z,rate_001491,GroundAdvantage,USPS,8.30,,false,,SGW-7716628,0.00,8.30,0.00,"[{""label_format"":""PDF""},{""print_custom_1"":""ecom""}]",
2026-08-24T15:56:48Z,shp_00006849,9400100000000000006849,delivered,adr_from0001,Goodwill E-Com (test),Goodwill Michiana (test),100 Test Warehouse Rd,,South Bend,IN,46601,US,false,adr_to001492,Test Buyer,,593 Example Ave,,Testville,IN,46601,US,true,prcl_001492,10,8,4,32.0,,2026-08-24T15:56:49Z,rate_001492,GroundAdvantage,USPS,3.31,,false,,112-6416498-4820206,0.00,3.31,0.00,"[{""label_format"":""PDF""},{""print_custom_1"":""ecom""}]",
2026-08-24T15:59:37Z,shp_00006825,9400100000000000006825,delivered,adr_from0001,Goodwill E-Com (test),Goodwill Michiana (test),100 Test Warehouse Rd,,South Bend,IN,46601,US,false,adr_to001493,Test Buyer,,594 Example Ave,,Sampleton,OH,43004,US,true,prcl_001493,10,8,4,38.4,,2026-08-24T15:59:38Z,rate_001493,GroundAdvantage,USPS,14.72,,false,,SGW-7716445,0.00,14.72,0.00,"[{""label_format"":""PDF""},{""print_custom_1"":""ecom""}]",
2026-08-24T16:02:40Z,shp_00006903,9400100000000000006903,in_transit,adr_from0001,Goodwill E-Com (test),Goodwill Michiana (test),100 Test Warehouse Rd,,South Bend,IN,46601,US,false,adr_to001494,Test Buyer,,595 Example Ave,,Mocksburg,MI,49001,US,true,prcl_001494,10,8,4,40.0,,2026-08-24T16:02:41Z,rate_001494,GroundAdvantage,USPS,9.22,,false,,SGW-7716635,0.00,9.22,0.00,"[{""label_format"":""PDF""},{""print_custom_1"":""ecom""}]",
2026-08-24T16:05:08Z,shp_00006927,9400100000000000006927,delivered,adr_from0001,Goodwill E-Com (test),Goodwill Michiana (test),100 Test Warehouse Rd,,South Bend,IN,46601,US,false,adr_to001495,Test Buyer,,596 Example Ave,,Fakeport,IL,60601,US,true,prcl_001495,10,8,4,19.2,,2026-08-24T16:05:09Z,rate_001495,GroundAdvantage,USPS,5.11,,false,,111-0216680-9890096,0.00,5.11,0.00,"[{""label_format"":""PDF""},{""print_custom_1"":""ecom""}]",
2026-08-24T16:11:31Z,shp_00006891,9400100000000000006891,delivered,adr_from0001,Goodwill E-Com (test),Goodwill Michiana (test),100 Test Warehouse Rd,,South Bend,IN,46601,US,false,adr_to001496,Test Buyer,,597 Example Ave,,Testville,IN,46601,US,true,prcl_001496,10,8,4,9.6,,2026-08-24T16:11:32Z,rate_001496,GroundAdvantage,USPS,15.10,,false,,SGW-7716602,0.00,15.10,0.00,"[{""label_format"":""PDF""},{""print_custom_1"":""ecom""}]",
2026-08-24T16:20:34Z,shp_00006912,9400100000000000006912,delivered,adr_from0001,Goodwill E-Com (test),Goodwill Michiana (test),100 Test Warehouse Rd,,South Bend,IN,46601,US,false,adr_to001497,Test Buyer,,598 Example Ave,,Sampleton,OH,43004,US,true,prcl_001497,10,8,4,20.8,,2026-08-24T16:20:35Z,rate_001497,GroundAdvantage,USPS,8.91,,false,,SGW-7716651,0.00,8.91,0.00,"[{""label_format"":""PDF""},{""print_custom_1"":""ecom""}]",
2026-08-24T16:26:49Z,shp_00006895,9400100000000000006895,delivered,adr_from0001,Goodwill E-Com (test),Goodwill Michiana (test),100 Test Warehouse Rd,,South Bend,IN,46601,US,false,adr_to001498,Test Buyer,,599 Example Ave,,Mocksburg,MI,49001,US,true,prcl_001498,10,8,4,16.0,,2026-08-24T16:26:50Z,rate_001498,GroundAdvantage,USPS,17.08,,false,,SGW-7716611,0.00,17.08,0.00,"[{""label_format"":""PDF""},{""print_custom_1"":""ecom""}]",
2026-08-24T16:27:34Z,shp_00006839,9400100000000000006839,delivered,adr_from0001,Goodwill E-Com (test),Goodwill Michiana (test),100 Test Warehouse Rd,,South Bend,IN,46601,US,false,adr_to001499,Test Buyer,,600 Example Ave,,Fakeport,IL,60601,US,true,prcl_001499,10,8,4,11.2,,2026-08-24T16:27:35Z,rate_001499,Priority,USPS,10.74,,false,,SGW-7716477,0.00,10.74,0.00,"[{""label_format"":""PDF""},{""print_custom_1"":""ecom""}]",
2026-08-24T16:34:00Z,shp_00006841,9400100000000000006841,delivered,adr_from0001,Goodwill E-Com (test),Goodwill Michiana (test),100 Test Warehouse Rd,,South Bend,IN,46601,US,false,adr_to001500,Test Buyer,,601 Example Ave,,Testville,IN,46601,US,true,prcl_001500,10,8,4,17.6,,2026-08-24T16:34:01Z,rate_001500,Priority,USPS,6.46,,false,,SGW-7716481,0.00,6.46,0.00,"[{""label_format"":""PDF""},{""print_custom_1"":""ecom""}]",
2026-08-24T16:38:26Z,shp_00006775,9400100000000000006775,delivered,adr_from0001,Goodwill E-Com (test),Goodwill Michiana (test),100 Test Warehouse Rd,,South Bend,IN,46601,US,false,adr_to001501,Test Buyer,,602 Example Ave,,Sampleton,OH,43004,US,true,prcl_001501,10,8,4,9.6,,2026-08-24T16:38:27Z,rate_001501,Priority,USPS,3.79,,false,,112-9916331-4130183,0.00,3.79,0.00,"[{""label_format"":""PDF""},{""print_custom_1"":""ecom""}]",
2026-08-24T16:49:43Z,shp_00006935,9400100000000000006935,delivered,adr_from0001,Goodwill E-Com (test),Goodwill Michiana (test),100 Test Warehouse Rd,,South Bend,IN,46601,US,false,adr_to001502,Test Buyer,,603 Example Ave,,Mocksburg,MI,49001,US,true,prcl_001502,10,8,4,8.0,,2026-08-24T16:49:44Z,rate_001502,GroundAdvantage,USPS,5.54,,false,,112-2916693-7795995,0.00,5.54,0.00,"[{""label_format"":""PDF""},{""print_custom_1"":""ecom""}]",
2026-08-24T17:00:14Z,shp_00006933,9400100000000000006933,in_transit,adr_from0001,Goodwill E-Com (test),Goodwill Michiana (test),100 Test Warehouse Rd,,South Bend,IN,46601,US,false,adr_to001503,Test Buyer,,604 Example Ave,,Fakeport,IL,60601,US,true,prcl_001503,10,8,4,49.6,,2026-08-24T17:00:15Z,rate_001503,GroundAdvantage,USPS,3.74,,false,,114-1816689-4995316,0.00,3.74,0.00,"[{""label_format"":""PDF""},{""print_custom_1"":""ecom""}]",
2026-08-24T17:03:39Z,shp_00006926,9400100000000000006926,delivered,adr_from0001,Goodwill E-Com (test),Goodwill Michiana (test),100 Test Warehouse Rd,,South Bend,IN,46601,US,false,adr_to001504,Test Buyer,,605 Example Ave,,Testville,IN,46601,US,true,prcl_001504,10,8,4,57.6,,2026-08-24T17:03:40Z,rate_001504,Priority,USPS,3.39,,false,,114-4716679-6186272,0.00,3.39,0.00,"[{""label_format"":""PDF""},{""print_custom_1"":""ecom""}]",
2026-08-24T17:07:42Z,shp_00006922,9400100000000000006922,delivered,adr_from0001,Goodwill E-Com (test),Goodwill Michiana (test),100 Test Warehouse Rd,,South Bend,IN,46601,US,false,adr_to001505,Test Buyer,,606 Example Ave,,Sampleton,OH,43004,US,true,prcl_001505,10,8,4,64.0,,2026-08-24T17:07:43Z,rate_001505,GroundAdvantage,USPS,3.88,,false,,113-6416670-5906403,0.00,3.88,0.00,"[{""label_format"":""PDF""},{""print_custom_1"":""ecom""}]",
2026-08-24T17:07:50Z,shp_00006893,9400100000000000006893,delivered,adr_from0001,Goodwill E-Com (test),Goodwill Michiana (test),100 Test Warehouse Rd,,South Bend,IN,46601,US,false,adr_to001506,Test Buyer,,607 Example Ave,,Mocksburg,MI,49001,US,true,prcl_001506,10,8,4,14.4,,2026-08-24T17:07:51Z,rate_001506,GroundAdvantage,USPS,9.30,,false,,SGW-7716608,0.00,9.30,0.00,"[{""label_format"":""PDF""},{""print_custom_1"":""ecom""}]",
2026-08-24T17:14:48Z,shp_00006923,9400100000000000006923,delivered,adr_from0001,Goodwill E-Com (test),Goodwill Michiana (test),100 Test Warehouse Rd,,South Bend,IN,46601,US,false,adr_to001507,Test Buyer,,608 Example Ave,,Fakeport,IL,60601,US,true,prcl_001507,10,8,4,32.0,,2026-08-24T17:14:49Z,rate_001507,GroundAdvantage,USPS,3.64,,false,,113-4816671-7787364,0.00,3.64,0.00,"[{""label_format"":""PDF""},{""print_custom_1"":""ecom""}]",
2026-08-24T17:47:39Z,shp_00006896,9400100000000000006896,delivered,adr_from0001,Goodwill E-Com (test),Goodwill Michiana (test),100 Test Warehouse Rd,,South Bend,IN,46601,US,false,adr_to001508,Test Buyer,,609 Example Ave,,Testville,IN,46601,US,true,prcl_001508,10,8,4,17.6,,2026-08-24T17:47:40Z,rate_001508,Priority,USPS,8.09,,false,,SGW-7716622,0.00,8.09,0.00,"[{""label_format"":""PDF""},{""print_custom_1"":""ecom""}]",
2026-08-24T17:55:22Z,shp_00006836,9400100000000000006836,delivered,adr_from0001,Goodwill E-Com (test),Goodwill Michiana (test),100 Test Warehouse Rd,,South Bend,IN,46601,US,false,adr_to001509,Test Buyer,,610 Example Ave,,Sampleton,OH,43004,US,true,prcl_001509,10,8,4,22.4,,2026-08-24T17:55:23Z,rate_001509,GroundAdvantage,USPS,6.65,,false,,SGW-7716467,0.00,6.65,0.00,"[{""label_format"":""PDF""},{""print_custom_1"":""ecom""}]",
2026-08-24T18:01:35Z,shp_00006898,9400100000000000006898,delivered,adr_from0001,Goodwill E-Com (test),Goodwill Michiana (test),100 Test Warehouse Rd,,South Bend,IN,46601,US,false,adr_to001510,Test Buyer,,611 Example Ave,,Mocksburg,MI,49001,US,true,prcl_001510,10,8,4,24.0,,2026-08-24T18:01:36Z,rate_001510,GroundAdvantage,USPS,8.78,,false,,SGW-7716626,0.00,8.78,0.00,"[{""label_format"":""PDF""},{""print_custom_1"":""ecom""}]",
2026-08-24T18:06:40Z,shp_00006934,9400100000000000006934,delivered,adr_from0001,Goodwill E-Com (test),Goodwill Michiana (test),100 Test Warehouse Rd,,South Bend,IN,46601,US,false,adr_to001511,Test Buyer,,612 Example Ave,,Fakeport,IL,60601,US,true,prcl_001511,10,8,4,11.2,,2026-08-24T18:06:41Z,rate_001511,GroundAdvantage,USPS,3.61,,false,,114-3116691-7386907,0.00,3.61,0.00,"[{""label_format"":""PDF""},{""print_custom_1"":""ecom""}]",
2026-08-24T18:21:23Z,shp_00006902,9400100000000000006902,in_transit,adr_from0001,Goodwill E-Com (test),Goodwill Michiana (test),100 Test Warehouse Rd,,South Bend,IN,46601,US,false,adr_to001512,Test Buyer,,613 Example Ave,,Testville,IN,46601,US,true,prcl_001512,10,8,4,17.6,,2026-08-24T18:21:24Z,rate_001512,Priority,USPS,9.85,,false,,SGW-7716634,0.00,9.85,0.00,"[{""label_format"":""PDF""},{""print_custom_1"":""ecom""}]",
2026-08-24T18:24:02Z,shp_00006930,9400100000000000006930,delivered,adr_from0001,Goodwill E-Com (test),Goodwill Michiana (test),100 Test Warehouse Rd,,South Bend,IN,46601,US,false,adr_to001513,Test Buyer,,614 Example Ave,,Sampleton,OH,43004,US,true,prcl_001513,10,8,4,17.6,,2026-08-24T18:24:03Z,rate_001513,GroundAdvantage,USPS,3.46,,false,,113-9316685-8923589,0.00,3.46,0.00,"[{""label_format"":""PDF""},{""print_custom_1"":""ecom""}]",
2026-08-24T18:24:44Z,shp_00006943,9400100000000000006943,delivered,adr_from0001,Goodwill E-Com (test),Goodwill Michiana (test),100 Test Warehouse Rd,,South Bend,IN,46601,US,false,adr_to001514,Test Buyer,,615 Example Ave,,Mocksburg,MI,49001,US,true,prcl_001514,10,8,4,12.8,,2026-08-24T18:24:45Z,rate_001514,GroundAdvantage,USPS,7.07,,false,,06-16721-44960,0.00,7.07,0.00,"[{""label_format"":""PDF""},{""print_custom_1"":""ecom""}]",
2026-08-24T18:28:20Z,shp_00006913,9400100000000000006913,delivered,adr_from0001,Goodwill E-Com (test),Goodwill Michiana (test),100 Test Warehouse Rd,,South Bend,IN,46601,US,false,adr_to001515,Test Buyer,,616 Example Ave,,Fakeport,IL,60601,US,true,prcl_001515,10,8,4,40.0,,2026-08-24T18:28:21Z,rate_001515,Priority,USPS,12.99,,false,,SGW-7716652,0.00,12.99,0.00,"[{""label_format"":""PDF""},{""print_custom_1"":""ecom""}]",
2026-08-24T18:59:21Z,shp_00006924,9400100000000000006924,delivered,adr_from0001,Goodwill E-Com (test),Goodwill Michiana (test),100 Test Warehouse Rd,,South Bend,IN,46601,US,false,adr_to001516,Test Buyer,,617 Example Ave,,Testville,IN,46601,US,true,prcl_001516,10,8,4,60.8,,2026-08-24T18:59:22Z,rate_001516,Priority,USPS,3.44,,false,,111-7416673-5688522,0.00,3.44,0.00,"[{""label_format"":""PDF""},{""print_custom_1"":""ecom""}]",
2026-08-24T19:02:54Z,shp_00006881,9400100000000000006881,delivered,adr_from0001,Goodwill E-Com (test),Goodwill Michiana (test),100 Test Warehouse Rd,,South Bend,IN,46601,US,false,adr_to001517,Test Buyer,,618 Example Ave,,Sampleton,OH,43004,US,true,prcl_001517,10,8,4,59.2,,2026-08-24T19:02:55Z,rate_001517,GroundAdvantage,USPS,7.13,,false,,11-16563-07663,0.00,7.13,0.00,"[{""label_format"":""PDF""},{""print_custom_1"":""ecom""}]",
2026-08-24T19:11:55Z,shp_00006886,9400100000000000006886,delivered,adr_from0001,Goodwill E-Com (test),Goodwill Michiana (test),100 Test Warehouse Rd,,South Bend,IN,46601,US,false,adr_to001518,Test Buyer,,619 Example Ave,,Mocksburg,MI,49001,US,true,prcl_001518,10,8,4,16.0,,2026-08-24T19:11:56Z,rate_001518,GroundAdvantage,USPS,3.75,,false,,16-16574-95283,0.00,3.75,0.00,"[{""label_format"":""PDF""},{""print_custom_1"":""ecom""}]",
2026-08-24T19:12:31Z,shp_00006917,9400100000000000006917,delivered,adr_from0001,Goodwill E-Com (test),Goodwill Michiana (test),100 Test Warehouse Rd,,South Bend,IN,46601,US,false,adr_to001519,Test Buyer,,620 Example Ave,,Fakeport,IL,60601,US,true,prcl_001519,10,8,4,48.0,,2026-08-24T19:12:32Z,rate_001519,Priority,USPS,3.51,,false,,111-4716660-9534819,0.00,3.51,0.00,"[{""label_format"":""PDF""},{""print_custom_1"":""ecom""}]",
2026-08-24T19:30:43Z,shp_00006897,9400100000000000006897,delivered,adr_from0001,Goodwill E-Com (test),Goodwill Michiana (test),100 Test Warehouse Rd,,South Bend,IN,46601,US,false,adr_to001520,Test Buyer,,621 Example Ave,,Testville,IN,46601,US,true,prcl_001520,10,8,4,12.8,,2026-08-24T19:30:44Z,rate_001520,GroundAdvantage,USPS,8.79,,false,,SGW-7716625,0.00,8.79,0.00,"[{""label_format"":""PDF""},{""print_custom_1"":""ecom""}]",
2026-08-24T19:36:15Z,shp_00006915,9400100000000000006915,in_transit,adr_from0001,Goodwill E-Com (test),Goodwill Michiana (test),100 Test Warehouse Rd,,South Bend,IN,46601,US,false,adr_to001521,Test Buyer,,622 Example Ave,,Sampleton,OH,43004,US,true,prcl_001521,10,8,4,36.8,,2026-08-24T19:36:16Z,rate_001521,GroundAdvantage,USPS,3.46,,false,,112-8816656-6795677,0.00,3.46,0.00,"[{""label_format"":""PDF""},{""print_custom_1"":""ecom""}]",
2026-08-24T19:44:04Z,shp_00006830,9400100000000000006830,delivered,adr_from0001,Goodwill E-Com (test),Goodwill Michiana (test),100 Test Warehouse Rd,,South Bend,IN,46601,US,false,adr_to001522,Test Buyer,,623 Example Ave,,Mocksburg,MI,49001,US,true,prcl_001522,10,8,4,11.2,,2026-08-24T19:44:05Z,rate_001522,GroundAdvantage,USPS,11.69,,false,,SGW-7716458,0.00,11.69,0.00,"[{""label_format"":""PDF""},{""print_custom_1"":""ecom""}]",
2026-08-24T19:45:47Z,shp_00006920,9400100000000000006920,delivered,adr_from0001,Goodwill E-Com (test),Goodwill Michiana (test),100 Test Warehouse Rd,,South Bend,IN,46601,US,false,adr_to001523,Test Buyer,,624 Example Ave,,Fakeport,IL,60601,US,true,prcl_001523,10,8,4,17.6,,2026-08-24T19:45:48Z,rate_001523,GroundAdvantage,USPS,3.77,,false,,114-0616665-8978720,0.00,3.77,0.00,"[{""label_format"":""PDF""},{""print_custom_1"":""ecom""}]",
2026-08-24T19:57:01Z,shp_00006783,9400100000000000006783,delivered,adr_from0001,Goodwill E-Com (test),Goodwill Michiana (test),100 Test Warehouse Rd,,South Bend,IN,46601,US,false,adr_to001524,Test Buyer,,625 Example Ave,,Testville,IN,46601,US,true,prcl_001524,10,8,4,12.8,,2026-08-24T19:57:02Z,rate_001524,GroundAdvantage,USPS,4.97,,false,,114-4416343-0669170,0.00,4.97,0.00,"[{""label_format"":""PDF""},{""print_custom_1"":""ecom""}]",
2026-08-24T20:16:51Z,shp_00006851,9400100000000000006851,delivered,adr_from0001,Goodwill E-Com (test),Goodwill Michiana (test),100 Test Warehouse Rd,,South Bend,IN,46601,US,false,adr_to001525,Test Buyer,,626 Example Ave,,Sampleton,OH,43004,US,true,prcl_001525,10,8,4,40.0,,2026-08-24T20:16:52Z,rate_001525,GroundAdvantage,USPS,3.48,,false,,113-4616504-8013419,0.00,3.48,0.00,"[{""label_format"":""PDF""},{""print_custom_1"":""ecom""}]",
2026-08-24T20:18:22Z,shp_00006846,9400100000000000006846,delivered,adr_from0001,Goodwill E-Com (test),Goodwill Michiana (test),100 Test Warehouse Rd,,South Bend,IN,46601,US,false,adr_to001526,Test Buyer,,627 Example Ave,,Mocksburg,MI,49001,US,true,prcl_001526,10,8,4,25.6,,2026-08-24T20:18:23Z,rate_001526,GroundAdvantage,USPS,5.11,,false,,SGW-7716490,0.00,5.11,0.00,"[{""label_format"":""PDF""},{""print_custom_1"":""ecom""}]",
2026-08-24T20:24:45Z,shp_00006937,9400100000000000006937,delivered,adr_from0001,Goodwill E-Com (test),Goodwill Michiana (test),100 Test Warehouse Rd,,South Bend,IN,46601,US,false,adr_to001527,Test Buyer,,628 Example Ave,,Fakeport,IL,60601,US,true,prcl_001527,10,8,4,44.8,,2026-08-24T20:24:46Z,rate_001527,GroundAdvantage,USPS,3.89,,false,,112-3216698-0535995,0.00,3.89,0.00,"[{""label_format"":""PDF""},{""print_custom_1"":""ecom""}]",
2026-08-24T20:34:08Z,shp_00006852,9400100000000000006852,delivered,adr_from0001,Goodwill E-Com (test),Goodwill Michiana (test),100 Test Warehouse Rd,,South Bend,IN,46601,US,false,adr_to001528,Test Buyer,,629 Example Ave,,Testville,IN,46601,US,true,prcl_001528,10,8,4,27.2,,2026-08-24T20:34:09Z,rate_001528,GroundAdvantage,USPS,3.67,,false,,111-3016506-5356590,0.00,3.67,0.00,"[{""label_format"":""PDF""},{""print_custom_1"":""ecom""}]",
2026-08-24T20:38:31Z,shp_00006914,9400100000000000006914,delivered,adr_from0001,Goodwill E-Com (test),Goodwill Michiana (test),100 Test Warehouse Rd,,South Bend,IN,46601,US,false,adr_to001529,Test Buyer,,630 Example Ave,,Sampleton,OH,43004,US,true,prcl_001529,10,8,4,24.0,,2026-08-24T20:38:32Z,rate_001529,Priority,USPS,9.95,,false,,SGW-7716655,0.00,9.95,0.00,"[{""label_format"":""PDF""},{""print_custom_1"":""ecom""}]",
2026-08-24T20:45:43Z,shp_00006861,9400100000000000006861,in_transit,adr_from0001,Goodwill E-Com (test),Goodwill Michiana (test),100 Test Warehouse Rd,,South Bend,IN,46601,US,false,adr_to001530,Test Buyer,,631 Example Ave,,Mocksburg,MI,49001,US,true,prcl_001530,10,8,4,60.8,,2026-08-24T20:45:44Z,rate_001530,Priority,USPS,3.32,,false,,112-4016519-5067363,0.00,3.32,0.00,"[{""label_format"":""PDF""},{""print_custom_1"":""ecom""}]",
2026-08-24T20:47:25Z,shp_00006848,9400100000000000006848,delivered,adr_from0001,Goodwill E-Com (test),Goodwill Michiana (test),100 Test Warehouse Rd,,South Bend,IN,46601,US,false,adr_to001531,Test Buyer,,632 Example Ave,,Fakeport,IL,60601,US,true,prcl_001531,10,8,4,43.2,,2026-08-24T20:47:26Z,rate_001531,GroundAdvantage,USPS,3.85,,false,,114-2216496-7249220,0.00,3.85,0.00,"[{""label_format"":""PDF""},{""print_custom_1"":""ecom""}]",
2026-08-24T20:50:17Z,shp_00006845,9400100000000000006845,delivered,adr_from0001,Goodwill E-Com (test),Goodwill Michiana (test),100 Test Warehouse Rd,,South Bend,IN,46601,US,false,adr_to001532,Test Buyer,,633 Example Ave,,Testville,IN,46601,US,true,prcl_001532,10,8,4,30.4,,2026-08-24T20:50:18Z,rate_001532,GroundAdvantage,USPS,10.39,,false,,SGW-7716488,0.00,10.39,0.00,"[{""label_format"":""PDF""},{""print_custom_1"":""ecom""}]",
2026-08-24T20:55:50Z,shp_00006941,9400100000000000006941,delivered,adr_from0001,Goodwill E-Com (test),Goodwill Michiana (test),100 Test Warehouse Rd,,South Bend,IN,46601,US,false,adr_to001533,Test Buyer,,634 Example Ave,,Sampleton,OH,43004,US,true,prcl_001533,10,8,4,19.2,,2026-08-24T20:55:51Z,rate_001533,GroundAdvantage,USPS,3.22,,false,,03-16707-11347,0.00,3.22,0.00,"[{""label_format"":""PDF""},{""print_custom_1"":""ecom""}]",
2026-08-25T13:02:19Z,shp_00006977,9400100000000000006977,delivered,adr_from0001,Goodwill E-Com (test),Goodwill Michiana (test),100 Test Warehouse Rd,,South Bend,IN,46601,US,false,adr_to001534,Test Buyer,,635 Example Ave,,Mocksburg,MI,49001,US,true,prcl_001534,10,8,4,19.2,,2026-08-25T13:02:20Z,rate_001534,GroundAdvantage,USPS,3.59,,false,,112-3916799-0038973,0.00,3.59,0.00,"[{""label_format"":""PDF""},{""print_custom_1"":""ecom""}]",
2026-08-25T13:04:13Z,shp_00006925,9400100000000000006925,delivered,adr_from0001,Goodwill E-Com (test),Goodwill Michiana (test),100 Test Warehouse Rd,,South Bend,IN,46601,US,false,adr_to001535,Test Buyer,,636 Example Ave,,Fakeport,IL,60601,US,true,prcl_001535,10,8,4,19.2,,2026-08-25T13:04:14Z,rate_001535,GroundAdvantage,USPS,3.39,,false,,112-4016675-3406921,0.00,3.39,0.00,"[{""label_format"":""PDF""},{""print_custom_1"":""ecom""}]",
2026-08-25T13:10:23Z,shp_00006986,9400100000000000006986,delivered,adr_from0001,Goodwill E-Com (test),Goodwill Michiana (test),100 Test Warehouse Rd,,South Bend,IN,46601,US,false,adr_to001536,Test Buyer,,637 Example Ave,,Testville,IN,46601,US,true,prcl_001536,10,8,4,24.0,,2026-08-25T13:10:24Z,rate_001536,GroundAdvantage,USPS,3.53,,false,,113-0816815-0956374,0.00,3.53,0.00,"[{""label_format"":""PDF""},{""print_custom_1"":""ecom""}]",
2026-08-25T13:10:36Z,shp_00006953,9400100000000000006953,delivered,adr_from0001,Goodwill E-Com (test),Goodwill Michiana (test),100 Test Warehouse Rd,,South Bend,IN,46601,US,false,adr_to001537,Test Buyer,,638 Example Ave,,Sampleton,OH,43004,US,true,prcl_001537,10,8,4,19.2,,2026-08-25T13:10:37Z,rate_001537,Priority,USPS,5.24,,false,,SGW-7716760,0.00,5.24,0.00,"[{""label_format"":""PDF""},{""print_custom_1"":""ecom""}]",
2026-08-25T13:16:15Z,shp_00007002,9400100000000000007002,delivered,adr_from0001,Goodwill E-Com (test),Goodwill Michiana (test),100 Test Warehouse Rd,,South Bend,IN,46601,US,false,adr_to001538,Test Buyer,,639 Example Ave,,Mocksburg,MI,49001,US,true,prcl_001538,10,8,4,67.2,,2026-08-25T13:16:16Z,rate_001538,Priority,USPS,8.11,,false,,06-16846-94243,0.00,8.11,0.00,"[{""label_format"":""PDF""},{""print_custom_1"":""ecom""}]",
2026-08-25T13:21:25Z,shp_00006936,9400100000000000006936,in_transit,adr_from0001,Goodwill E-Com (test),Goodwill Michiana (test),100 Test Warehouse Rd,,South Bend,IN,46601,US,false,adr_to001539,Test Buyer,,640 Example Ave,,Fakeport,IL,60601,US,true,prcl_001539,10,8,4,22.4,,2026-08-25T13:21:26Z,rate_001539,GroundAdvantage,USPS,3.52,,false,,112-9916694-9740321,0.00,3.52,0.00,"[{""label_format"":""PDF""},{""print_custom_1"":""ecom""}]",
2026-08-25T13:41:09Z,shp_00006877,9400100000000000006877,delivered,adr_from0001,Goodwill E-Com (test),Goodwill Michiana (test),100 Test Warehouse Rd,,South Bend,IN,46601,US,false,adr_to001540,Test Buyer,,641 Example Ave,,Testville,IN,46601,US,true,prcl_001540,10,8,4,25.6,,2026-08-25T13:41:10Z,rate_001540,GroundAdvantage,USPS,3.81,,false,,114-2016547-7598995,0.00,3.81,0.00,"[{""label_format"":""PDF""},{""print_custom_1"":""ecom""}]",
2026-08-25T13:46:31Z,shp_00006949,9400100000000000006949,delivered,adr_from0001,Goodwill E-Com (test),Goodwill Michiana (test),100 Test Warehouse Rd,,South Bend,IN,46601,US,false,adr_to001541,Test Buyer,,642 Example Ave,,Sampleton,OH,43004,US,true,prcl_001541,10,8,4,17.6,,2026-08-25T13:46:32Z,rate_001541,GroundAdvantage,USPS,15.57,,false,,SGW-7716753,0.00,15.57,0.00,"[{""label_format"":""PDF""},{""print_custom_1"":""ecom""}]",
2026-08-25T14:04:36Z,shp_00006916,9400100000000000006916,delivered,adr_from0001,Goodwill E-Com (test),Goodwill Michiana (test),100 Test Warehouse Rd,,South Bend,IN,46601,US,false,adr_to001542,Test Buyer,,643 Example Ave,,Mocksburg,MI,49001,US,true,prcl_001542,10,8,4,38.4,,2026-08-25T14:04:37Z,rate_001542,GroundAdvantage,USPS,5.46,,false,,113-4216659-2043363,0.00,5.46,0.00,"[{""label_format"":""PDF""},{""print_custom_1"":""ecom""}]",
2026-08-25T14:10:43Z,shp_00006987,9400100000000000006987,delivered,adr_from0001,Goodwill E-Com (test),Goodwill Michiana (test),100 Test Warehouse Rd,,South Bend,IN,46601,US,false,adr_to001543,Test Buyer,,644 Example Ave,,Fakeport,IL,60601,US,true,prcl_001543,10,8,4,24.0,,2026-08-25T14:10:44Z,rate_001543,GroundAdvantage,USPS,3.79,,false,,112-4916818-1154391,0.00,3.79,0.00,"[{""label_format"":""PDF""},{""print_custom_1"":""ecom""}]",
2026-08-25T14:11:35Z,shp_00007006,9400100000000000007006,delivered,adr_from0001,Goodwill E-Com (test),Goodwill Michiana (test),100 Test Warehouse Rd,,South Bend,IN,46601,US,false,adr_to001544,Test Buyer,,645 Example Ave,,Testville,IN,46601,US,true,prcl_001544,10,8,4,22.4,,2026-08-25T14:11:36Z,rate_001544,GroundAdvantage,USPS,6.04,,false,,m00000016863,0.00,6.04,0.00,"[{""label_format"":""PDF""},{""print_custom_1"":""ecom""}]",
2026-08-25T14:12:00Z,shp_00006995,9400100000000000006995,delivered,adr_from0001,Goodwill E-Com (test),Goodwill Michiana (test),100 Test Warehouse Rd,,South Bend,IN,46601,US,false,adr_to001545,Test Buyer,,646 Example Ave,,Sampleton,OH,43004,US,true,prcl_001545,10,8,4,14.4,,2026-08-25T14:12:01Z,rate_001545,GroundAdvantage,USPS,5.45,,false,,114-2916829-5496569,0.00,5.45,0.00,"[{""label_format"":""PDF""},{""print_custom_1"":""ecom""}]",
2026-08-25T14:21:14Z,shp_00006971,9400100000000000006971,delivered,adr_from0001,Goodwill E-Com (test),Goodwill Michiana (test),100 Test Warehouse Rd,,South Bend,IN,46601,US,false,adr_to001546,Test Buyer,,647 Example Ave,,Mocksburg,MI,49001,US,true,prcl_001546,10,8,4,24.0,,2026-08-25T14:21:15Z,rate_001546,GroundAdvantage,USPS,10.32,,false,,SGW-7716784,0.00,10.32,0.00,"[{""label_format"":""PDF""},{""print_custom_1"":""ecom""}]",
2026-08-25T14:28:51Z,shp_00006996,9400100000000000006996,delivered,adr_from0001,Goodwill E-Com (test),Goodwill Michiana (test),100 Test Warehouse Rd,,South Bend,IN,46601,US,false,adr_to001547,Test Buyer,,648 Example Ave,,Fakeport,IL,60601,US,true,prcl_001547,10,8,4,41.6,,2026-08-25T14:28:52Z,rate_001547,GroundAdvantage,USPS,3.46,,false,,111-1516832-6425982,0.00,3.46,0.00,"[{""label_format"":""PDF""},{""print_custom_1"":""ecom""}]",
2026-08-25T15:13:55Z,shp_00006961,9400100000000000006961,in_transit,adr_from0001,Goodwill E-Com (test),Goodwill Michiana (test),100 Test Warehouse Rd,,South Bend,IN,46601,US,false,adr_to001548,Test Buyer,,649 Example Ave,,Testville,IN,46601,US,true,prcl_001548,10,8,4,12.8,,2026-08-25T15:13:56Z,rate_001548,GroundAdvantage,USPS,9.15,,false,,SGW-7716771,0.00,9.15,0.00,"[{""label_format"":""PDF""},{""print_custom_1"":""ecom""}]",
2026-08-25T15:30:11Z,shp_00006954,9400100000000000006954,delivered,adr_from0001,Goodwill E-Com (test),Goodwill Michiana (test),100 Test Warehouse Rd,,South Bend,IN,46601,US,false,adr_to001549,Test Buyer,,650 Example Ave,,Sampleton,OH,43004,US,true,prcl_001549,10,8,4,35.2,,2026-08-25T15:30:12Z,rate_001549,GroundAdvantage,USPS,7.08,,false,,SGW-7716763,0.00,7.08,0.00,"[{""label_format"":""PDF""},{""print_custom_1"":""ecom""}]",
2026-08-25T15:40:07Z,shp_00006969,9400100000000000006969,delivered,adr_from0001,Goodwill E-Com (test),Goodwill Michiana (test),100 Test Warehouse Rd,,South Bend,IN,46601,US,false,adr_to001550,Test Buyer,,651 Example Ave,,Mocksburg,MI,49001,US,true,prcl_001550,10,8,4,33.6,,2026-08-25T15:40:08Z,rate_001550,GroundAdvantage,USPS,7.75,,false,,SGW-7716782,0.00,7.75,0.00,"[{""label_format"":""PDF""},{""print_custom_1"":""ecom""}]",
2026-08-25T15:43:12Z,shp_00006975,9400100000000000006975,delivered,adr_from0001,Goodwill E-Com (test),Goodwill Michiana (test),100 Test Warehouse Rd,,South Bend,IN,46601,US,false,adr_to001551,Test Buyer,,652 Example Ave,,Fakeport,IL,60601,US,true,prcl_001551,10,8,4,12.8,,2026-08-25T15:43:13Z,rate_001551,GroundAdvantage,USPS,6.84,,false,,SGW-7716792,0.00,6.84,0.00,"[{""label_format"":""PDF""},{""print_custom_1"":""ecom""}]",
2026-08-25T16:00:12Z,shp_00006950,9400100000000000006950,delivered,adr_from0001,Goodwill E-Com (test),Goodwill Michiana (test),100 Test Warehouse Rd,,South Bend,IN,46601,US,false,adr_to001552,Test Buyer,,653 Example Ave,,Testville,IN,46601,US,true,prcl_001552,10,8,4,60.8,,2026-08-25T16:00:13Z,rate_001552,GroundAdvantage,USPS,6.65,,false,,SGW-7716755,0.00,6.65,0.00,"[{""label_format"":""PDF""},{""print_custom_1"":""ecom""}]",
2026-08-25T16:24:06Z,shp_00007001,9400100000000000007001,delivered,adr_from0001,Goodwill E-Com (test),Goodwill Michiana (test),100 Test Warehouse Rd,,South Bend,IN,46601,US,false,adr_to001553,Test Buyer,,654 Example Ave,,Sampleton,OH,43004,US,true,prcl_001553,10,8,4,12.8,,2026-08-25T16:24:07Z,rate_001553,GroundAdvantage,USPS,4.89,,false,,15-16842-86271,0.00,4.89,0.00,"[{""label_format"":""PDF""},{""print_custom_1"":""ecom""}]",
2026-08-25T16:32:56Z,shp_00006985,9400100000000000006985,delivered,adr_from0001,Goodwill E-Com (test),Goodwill Michiana (test),100 Test Warehouse Rd,,South Bend,IN,46601,US,false,adr_to001554,Test Buyer,,655 Example Ave,,Mocksburg,MI,49001,US,true,prcl_001554,10,8,4,35.2,,2026-08-25T16:32:57Z,rate_001554,GroundAdvantage,USPS,3.82,,false,,111-7516813-5577024,0.00,3.82,0.00,"[{""label_format"":""PDF""},{""print_custom_1"":""ecom""}]",
2026-08-25T16:35:20Z,shp_00006911,9400100000000000006911,delivered,adr_from0001,Goodwill E-Com (test),Goodwill Michiana (test),100 Test Warehouse Rd,,South Bend,IN,46601,US,false,adr_to001555,Test Buyer,,656 Example Ave,,Fakeport,IL,60601,US,true,prcl_001555,10,8,4,16.0,,2026-08-25T16:35:21Z,rate_001555,GroundAdvantage,USPS,8.27,,false,,SGW-7716650,0.00,8.27,0.00,"[{""label_format"":""PDF""},{""print_custom_1"":""ecom""}]",
2026-08-25T16:36:38Z,shp_00006835,9400100000000000006835,delivered,adr_from0001,Goodwill E-Com (test),Goodwill Michiana (test),100 Test Warehouse Rd,,South Bend,IN,46601,US,false,adr_to001556,Test Buyer,,657 Example Ave,,Testville,IN,46601,US,true,prcl_001556,10,8,4,35.2,,2026-08-25T16:36:39Z,rate_001556,GroundAdvantage,USPS,11.08,,false,,SGW-7716466,0.00,11.08,0.00,"[{""label_format"":""PDF""},{""print_custom_1"":""ecom""}]",
2026-08-25T16:45:14Z,shp_00006944,9400100000000000006944,in_transit,adr_from0001,Goodwill E-Com (test),Goodwill Michiana (test),100 Test Warehouse Rd,,South Bend,IN,46601,US,false,adr_to001557,Test Buyer,,658 Example Ave,,Sampleton,OH,43004,US,true,prcl_001557,10,8,4,40.0,,2026-08-25T16:45:15Z,rate_001557,Priority,USPS,5.18,,false,,08-16723-69778,0.00,5.18,0.00,"[{""label_format"":""PDF""},{""print_custom_1"":""ecom""}]",
2026-08-25T16:55:25Z,shp_00006979,9400100000000000006979,delivered,adr_from0001,Goodwill E-Com (test),Goodwill Michiana (test),100 Test Warehouse Rd,,South Bend,IN,46601,US,false,adr_to001558,Test Buyer,,659 Example Ave,,Mocksburg,MI,49001,US,true,prcl_001558,10,8,4,22.4,,2026-08-25T16:55:26Z,rate_001558,GroundAdvantage,USPS,3.59,,false,,114-2516801-4217142,0.00,3.59,0.00,"[{""label_format"":""PDF""},{""print_custom_1"":""ecom""}]",
2026-08-25T17:15:38Z,shp_00006959,9400100000000000006959,delivered,adr_from0001,Goodwill E-Com (test),Goodwill Michiana (test),100 Test Warehouse Rd,,South Bend,IN,46601,US,false,adr_to001559,Test Buyer,,660 Example Ave,,Fakeport,IL,60601,US,true,prcl_001559,10,8,4,6.4,,2026-08-25T17:15:39Z,rate_001559,GroundAdvantage,USPS,6.24,,false,,SGW-7716769,0.00,6.24,0.00,"[{""label_format"":""PDF""},{""print_custom_1"":""ecom""}]",
2026-08-25T17:23:29Z,shp_00006976,9400100000000000006976,delivered,adr_from0001,Goodwill E-Com (test),Goodwill Michiana (test),100 Test Warehouse Rd,,South Bend,IN,46601,US,false,adr_to001560,Test Buyer,,661 Example Ave,,Testville,IN,46601,US,true,prcl_001560,10,8,4,17.6,,2026-08-25T17:23:30Z,rate_001560,GroundAdvantage,USPS,8.14,,false,,SGW-7716797,0.00,8.14,0.00,"[{""label_format"":""PDF""},{""print_custom_1"":""ecom""}]",
2026-08-25T17:26:15Z,shp_00006823,9400100000000000006823,delivered,adr_from0001,Goodwill E-Com (test),Goodwill Michiana (test),100 Test Warehouse Rd,,South Bend,IN,46601,US,false,adr_to001561,Test Buyer,,662 Example Ave,,Sampleton,OH,43004,US,true,prcl_001561,10,8,4,32.0,,2026-08-25T17:26:16Z,rate_001561,GroundAdvantage,USPS,7.61,,false,,SGW-7716442,0.00,7.61,0.00,"[{""label_format"":""PDF""},{""print_custom_1"":""ecom""}]",
2026-08-25T17:30:38Z,shp_00006968,9400100000000000006968,delivered,adr_from0001,Goodwill E-Com (test),Goodwill Michiana (test),100 Test Warehouse Rd,,South Bend,IN,46601,US,false,adr_to001562,Test Buyer,,663 Example Ave,,Mocksburg,MI,49001,US,true,prcl_001562,10,8,4,8.0,,2026-08-25T17:30:39Z,rate_001562,GroundAdvantage,USPS,10.17,,false,,SGW-7716781,0.00,10.17,0.00,"[{""label_format"":""PDF""},{""print_custom_1"":""ecom""}]",
2026-08-25T17:33:05Z,shp_00007004,9400100000000000007004,delivered,adr_from0001,Goodwill E-Com (test),Goodwill Michiana (test),100 Test Warehouse Rd,,South Bend,IN,46601,US,false,adr_to001563,Test Buyer,,664 Example Ave,,Fakeport,IL,60601,US,true,prcl_001563,10,8,4,38.4,,2026-08-25T17:33:06Z,rate_001563,GroundAdvantage,USPS,5.81,,false,,26-16849-11548,0.00,5.81,0.00,"[{""label_format"":""PDF""},{""print_custom_1"":""ecom""}]",
2026-08-25T17:39:33Z,shp_00006832,9400100000000000006832,delivered,adr_from0001,Goodwill E-Com (test),Goodwill Michiana (test),100 Test Warehouse Rd,,South Bend,IN,46601,US,false,adr_to001564,Test Buyer,,665 Example Ave,,Testville,IN,46601,US,true,prcl_001564,10,8,4,19.2,,2026-08-25T17:39:34Z,rate_001564,GroundAdvantage,USPS,12.32,,false,,SGW-7716463,0.00,12.32,0.00,"[{""label_format"":""PDF""},{""print_custom_1"":""ecom""}]",
2026-08-25T17:57:37Z,shp_00006978,9400100000000000006978,delivered,adr_from0001,Goodwill E-Com (test),Goodwill Michiana (test),100 Test Warehouse Rd,,South Bend,IN,46601,US,false,adr_to001565,Test Buyer,,666 Example Ave,,Sampleton,OH,43004,US,true,prcl_001565,10,8,4,59.2,,2026-08-25T17:57:38Z,rate_001565,Priority,USPS,3.73,,false,,114-8416800-1381245,0.00,3.73,0.00,"[{""label_format"":""PDF""},{""print_custom_1"":""ecom""}]",
2026-08-25T18:07:08Z,shp_00006956,9400100000000000006956,in_transit,adr_from0001,Goodwill E-Com (test),Goodwill Michiana (test),100 Test Warehouse Rd,,South Bend,IN,46601,US,false,adr_to001566,Test Buyer,,667 Example Ave,,Mocksburg,MI,49001,US,true,prcl_001566,10,8,4,27.2,,2026-08-25T18:07:09Z,rate_001566,GroundAdvantage,USPS,10.51,,false,,SGW-7716766,0.00,10.51,0.00,"[{""label_format"":""PDF""},{""print_custom_1"":""ecom""}]",
2026-08-25T18:08:23Z,shp_00006951,9400100000000000006951,delivered,adr_from0001,Goodwill E-Com (test),Goodwill Michiana (test),100 Test Warehouse Rd,,South Bend,IN,46601,US,false,adr_to001567,Test Buyer,,668 Example Ave,,Fakeport,IL,60601,US,true,prcl_001567,10,8,4,43.2,,2026-08-25T18:08:24Z,rate_001567,GroundAdvantage,USPS,6.52,,false,,SGW-7716756,0.00,6.52,0.00,"[{""label_format"":""PDF""},{""print_custom_1"":""ecom""}]",
2026-08-25T18:30:28Z,shp_00007003,9400100000000000007003,delivered,adr_from0001,Goodwill E-Com (test),Goodwill Michiana (test),100 Test Warehouse Rd,,South Bend,IN,46601,US,false,adr_to001568,Test Buyer,,669 Example Ave,,Testville,IN,46601,US,true,prcl_001568,10,8,4,40.0,,2026-08-25T18:30:29Z,rate_001568,GroundAdvantage,USPS,5.42,,false,,25-16848-88726,0.00,5.42,0.00,"[{""label_format"":""PDF""},{""print_custom_1"":""ecom""}]",
2026-08-25T18:31:40Z,shp_00006892,9400100000000000006892,delivered,adr_from0001,Goodwill E-Com (test),Goodwill Michiana (test),100 Test Warehouse Rd,,South Bend,IN,46601,US,false,adr_to001569,Test Buyer,,670 Example Ave,,Sampleton,OH,43004,US,true,prcl_001569,10,8,4,24.0,,2026-08-25T18:31:41Z,rate_001569,GroundAdvantage,USPS,11.77,,false,,SGW-7716605,0.00,11.77,0.00,"[{""label_format"":""PDF""},{""print_custom_1"":""ecom""}]",
2026-08-25T18:34:55Z,shp_00006948,9400100000000000006948,delivered,adr_from0001,Goodwill E-Com (test),Goodwill Michiana (test),100 Test Warehouse Rd,,South Bend,IN,46601,US,false,adr_to001570,Test Buyer,,671 Example Ave,,Mocksburg,MI,49001,US,true,prcl_001570,10,8,4,12.8,,2026-08-25T18:34:56Z,rate_001570,GroundAdvantage,USPS,6.69,,false,,SGW-7716752,0.00,6.69,0.00,"[{""label_format"":""PDF""},{""print_custom_1"":""ecom""}]",
2026-08-25T18:36:44Z,shp_00006964,9400100000000000006964,delivered,adr_from0001,Goodwill E-Com (test),Goodwill Michiana (test),100 Test Warehouse Rd,,South Bend,IN,46601,US,false,adr_to001571,Test Buyer,,672 Example Ave,,Fakeport,IL,60601,US,true,prcl_001571,10,8,4,40.0,,2026-08-25T18:36:45Z,rate_001571,GroundAdvantage,USPS,8.28,,false,,SGW-7716776,0.00,8.28,0.00,"[{""label_format"":""PDF""},{""print_custom_1"":""ecom""}]",
2026-08-25T18:37:03Z,shp_00006998,9400100000000000006998,delivered,adr_from0001,Goodwill E-Com (test),Goodwill Michiana (test),100 Test Warehouse Rd,,South Bend,IN,46601,US,false,adr_to001572,Test Buyer,,673 Example Ave,,Testville,IN,46601,US,true,prcl_001572,10,8,4,19.2,,2026-08-25T18:37:04Z,rate_001572,Priority,USPS,3.31,,false,,112-6016834-3787632,0.00,3.31,0.00,"[{""label_format"":""PDF""},{""print_custom_1"":""ecom""}]",
2026-08-25T18:37:41Z,shp_00006997,9400100000000000006997,delivered,adr_from0001,Goodwill E-Com (test),Goodwill Michiana (test),100 Test Warehouse Rd,,South Bend,IN,46601,US,false,adr_to001573,Test Buyer,,674 Example Ave,,Sampleton,OH,43004,US,true,prcl_001573,10,8,4,60.8,,2026-08-25T18:37:42Z,rate_001573,Priority,USPS,3.73,,false,,112-3016833-6288856,0.00,3.73,0.00,"[{""label_format"":""PDF""},{""print_custom_1"":""ecom""}]",
2026-08-25T18:45:30Z,shp_00006958,9400100000000000006958,delivered,adr_from0001,Goodwill E-Com (test),Goodwill Michiana (test),100 Test Warehouse Rd,,South Bend,IN,46601,US,false,adr_to001574,Test Buyer,,675 Example Ave,,Mocksburg,MI,49001,US,true,prcl_001574,10,8,4,28.8,,2026-08-25T18:45:31Z,rate_001574,Priority,USPS,15.38,,false,,SGW-7716768,0.00,15.38,0.00,"[{""label_format"":""PDF""},{""print_custom_1"":""ecom""}]",
2026-08-25T18:48:22Z,shp_00006965,9400100000000000006965,in_transit,adr_from0001,Goodwill E-Com (test),Goodwill Michiana (test),100 Test Warehouse Rd,,South Bend,IN,46601,US,false,adr_to001575,Test Buyer,,676 Example Ave,,Fakeport,IL,60601,US,true,prcl_001575,10,8,4,27.2,,2026-08-25T18:48:23Z,rate_001575,GroundAdvantage,USPS,6.17,,false,,SGW-7716778,0.00,6.17,0.00,"[{""label_format"":""PDF""},{""print_custom_1"":""ecom""}]",
2026-08-25T18:49:02Z,shp_00006859,9400100000000000006859,delivered,adr_from0001,Goodwill E-Com (test),Goodwill Michiana (test),100 Test Warehouse Rd,,South Bend,IN,46601,US,false,adr_to001576,Test Buyer,,677 Example Ave,,Testville,IN,46601,US,true,prcl_001576,10,8,4,8.0,,2026-08-25T18:49:03Z,rate_001576,GroundAdvantage,USPS,3.70,,false,,111-9016515-0236019,0.00,3.70,0.00,"[{""label_format"":""PDF""},{""print_custom_1"":""ecom""}]",
2026-08-25T18:50:18Z,shp_00006988,9400100000000000006988,delivered,adr_from0001,Goodwill E-Com (test),Goodwill Michiana (test),100 Test Warehouse Rd,,South Bend,IN,46601,US,false,adr_to001577,Test Buyer,,678 Example Ave,,Sampleton,OH,43004,US,true,prcl_001577,10,8,4,38.4,,2026-08-25T18:50:19Z,rate_001577,GroundAdvantage,USPS,3.73,,false,,113-0116820-0131121,0.00,3.73,0.00,"[{""label_format"":""PDF""},{""print_custom_1"":""ecom""}]",
2026-08-25T19:15:32Z,shp_00006970,9400100000000000006970,delivered,adr_from0001,Goodwill E-Com (test),Goodwill Michiana (test),100 Test Warehouse Rd,,South Bend,IN,46601,US,false,adr_to001578,Test Buyer,,679 Example Ave,,Mocksburg,MI,49001,US,true,prcl_001578,10,8,4,22.4,,2026-08-25T19:15:33Z,rate_001578,GroundAdvantage,USPS,11.33,,false,,SGW-7716783,0.00,11.33,0.00,"[{""label_format"":""PDF""},{""print_custom_1"":""ecom""}]",
2026-08-25T19:35:35Z,shp_00006981,9400100000000000006981,delivered,adr_from0001,Goodwill E-Com (test),Goodwill Michiana (test),100 Test Warehouse Rd,,South Bend,IN,46601,US,false,adr_to001579,Test Buyer,,680 Example Ave,,Fakeport,IL,60601,US,true,prcl_001579,10,8,4,8.0,,2026-08-25T19:35:36Z,rate_001579,GroundAdvantage,USPS,5.78,,false,,113-7816806-2768013,0.00,5.78,0.00,"[{""label_format"":""PDF""},{""print_custom_1"":""ecom""}]",
2026-08-25T19:54:40Z,shp_00006990,9400100000000000006990,delivered,adr_from0001,Goodwill E-Com (test),Goodwill Michiana (test),100 Test Warehouse Rd,,South Bend,IN,46601,US,false,adr_to001580,Test Buyer,,681 Example Ave,,Testville,IN,46601,US,true,prcl_001580,10,8,4,19.2,,2026-08-25T19:54:41Z,rate_001580,GroundAdvantage,USPS,5.80,,false,,113-8516824-0934863,0.00,5.80,0.00,"[{""label_format"":""PDF""},{""print_custom_1"":""ecom""}]",
2026-08-25T19:56:25Z,shp_00006909,9400100000000000006909,delivered,adr_from0001,Goodwill E-Com (test),Goodwill Michiana (test),100 Test Warehouse Rd,,South Bend,IN,46601,US,false,adr_to001581,Test Buyer,,682 Example Ave,,Sampleton,OH,43004,US,true,prcl_001581,10,8,4,43.2,,2026-08-25T19:56:26Z,rate_001581,GroundAdvantage,USPS,7.87,,false,,SGW-7716648,0.00,7.87,0.00,"[{""label_format"":""PDF""},{""print_custom_1"":""ecom""}]",
2026-08-25T19:56:29Z,shp_00006955,9400100000000000006955,delivered,adr_from0001,Goodwill E-Com (test),Goodwill Michiana (test),100 Test Warehouse Rd,,South Bend,IN,46601,US,false,adr_to001582,Test Buyer,,683 Example Ave,,Mocksburg,MI,49001,US,true,prcl_001582,10,8,4,70.4,,2026-08-25T19:56:30Z,rate_001582,GroundAdvantage,USPS,11.91,,false,,SGW-7716764,0.00,11.91,0.00,"[{""label_format"":""PDF""},{""print_custom_1"":""ecom""}]",
2026-08-25T20:00:14Z,shp_00006994,9400100000000000006994,delivered,adr_from0001,Goodwill E-Com (test),Goodwill Michiana (test),100 Test Warehouse Rd,,South Bend,IN,46601,US,false,adr_to001583,Test Buyer,,684 Example Ave,,Fakeport,IL,60601,US,true,prcl_001583,10,8,4,35.2,,2026-08-25T20:00:15Z,rate_001583,Priority,USPS,3.49,,false,,114-7516828-8429023,0.00,3.49,0.00,"[{""label_format"":""PDF""},{""print_custom_1"":""ecom""}]",
2026-08-25T20:17:49Z,shp_00006960,9400100000000000006960,in_transit,adr_from0001,Goodwill E-Com (test),Goodwill Michiana (test),100 Test Warehouse Rd,,South Bend,IN,46601,US,false,adr_to001584,Test Buyer,,685 Example Ave,,Testville,IN,46601,US,true,prcl_001584,10,8,4,28.8,,2026-08-25T20:17:50Z,rate_001584,GroundAdvantage,USPS,7.99,,false,,SGW-7716770,0.00,7.99,0.00,"[{""label_format"":""PDF""},{""print_custom_1"":""ecom""}]",
2026-08-25T20:20:28Z,shp_00006966,9400100000000000006966,delivered,adr_from0001,Goodwill E-Com (test),Goodwill Michiana (test),100 Test Warehouse Rd,,South Bend,IN,46601,US,false,adr_to001585,Test Buyer,,686 Example Ave,,Sampleton,OH,43004,US,true,prcl_001585,10,8,4,17.6,,2026-08-25T20:20:29Z,rate_001585,GroundAdvantage,USPS,6.28,,false,,SGW-7716779,0.00,6.28,0.00,"[{""label_format"":""PDF""},{""print_custom_1"":""ecom""}]",
2026-08-25T20:24:26Z,shp_00006931,9400100000000000006931,delivered,adr_from0001,Goodwill E-Com (test),Goodwill Michiana (test),100 Test Warehouse Rd,,South Bend,IN,46601,US,false,adr_to001586,Test Buyer,,687 Example Ave,,Mocksburg,MI,49001,US,true,prcl_001586,10,8,4,38.4,,2026-08-25T20:24:27Z,rate_001586,Priority,USPS,3.53,,false,,114-5916686-2381886,0.00,3.53,0.00,"[{""label_format"":""PDF""},{""print_custom_1"":""ecom""}]",
2026-08-25T20:29:30Z,shp_00006952,9400100000000000006952,delivered,adr_from0001,Goodwill E-Com (test),Goodwill Michiana (test),100 Test Warehouse Rd,,South Bend,IN,46601,US,false,adr_to001587,Test Buyer,,688 Example Ave,,Fakeport,IL,60601,US,true,prcl_001587,10,8,4,48.0,,2026-08-25T20:29:31Z,rate_001587,GroundAdvantage,USPS,12.82,,false,,SGW-7716757,0.00,12.82,0.00,"[{""label_format"":""PDF""},{""print_custom_1"":""ecom""}]",
2026-08-25T20:35:44Z,shp_00007005,9400100000000000007005,delivered,adr_from0001,Goodwill E-Com (test),Goodwill Michiana (test),100 Test Warehouse Rd,,South Bend,IN,46601,US,false,adr_to001588,Test Buyer,,689 Example Ave,,Testville,IN,46601,US,true,prcl_001588,10,8,4,30.4,,2026-08-25T20:35:45Z,rate_001588,GroundAdvantage,USPS,7.48,,false,,13-16853-79815,0.00,7.48,0.00,"[{""label_format"":""PDF""},{""print_custom_1"":""ecom""}]",
2026-08-25T20:36:27Z,shp_00006982,9400100000000000006982,delivered,adr_from0001,Goodwill E-Com (test),Goodwill Michiana (test),100 Test Warehouse Rd,,South Bend,IN,46601,US,false,adr_to001589,Test Buyer,,690 Example Ave,,Sampleton,OH,43004,US,true,prcl_001589,10,8,4,4.8,,2026-08-25T20:36:28Z,rate_001589,GroundAdvantage,USPS,3.42,,false,,111-9316810-0348511,0.00,3.42,0.00,"[{""label_format"":""PDF""},{""print_custom_1"":""ecom""}]",
2026-08-26T13:05:55Z,shp_00006993,9400100000000000006993,delivered,adr_from0001,Goodwill E-Com (test),Goodwill Michiana (test),100 Test Warehouse Rd,,South Bend,IN,46601,US,false,adr_to001590,Test Buyer,,691 Example Ave,,Mocksburg,MI,49001,US,true,prcl_001590,10,8,4,14.4,,2026-08-26T13:05:56Z,rate_001590,GroundAdvantage,USPS,5.55,,false,,112-5816827-7556180,0.00,5.55,0.00,"[{""label_format"":""PDF""},{""print_custom_1"":""ecom""}]",
2026-08-26T13:16:08Z,shp_00007049,9400100000000000007049,delivered,adr_from0001,Goodwill E-Com (test),Goodwill Michiana (test),100 Test Warehouse Rd,,South Bend,IN,46601,US,false,adr_to001591,Test Buyer,,692 Example Ave,,Fakeport,IL,60601,US,true,prcl_001591,10,8,4,56.0,,2026-08-26T13:16:09Z,rate_001591,GroundAdvantage,USPS,3.55,,false,,112-2816961-6641258,0.00,3.55,0.00,"[{""label_format"":""PDF""},{""print_custom_1"":""ecom""}]",
2026-08-26T13:30:30Z,shp_00007019,9400100000000000007019,delivered,adr_from0001,Goodwill E-Com (test),Goodwill Michiana (test),100 Test Warehouse Rd,,South Bend,IN,46601,US,false,adr_to001592,Test Buyer,,693 Example Ave,,Testville,IN,46601,US,true,prcl_001592,10,8,4,41.6,,2026-08-26T13:30:31Z,rate_001592,Priority,USPS,7.23,,false,,SGW-7716905,0.00,7.23,0.00,"[{""label_format"":""PDF""},{""print_custom_1"":""ecom""}]",
2026-08-26T13:36:41Z,shp_00007076,9400100000000000007076,in_transit,adr_from0001,Goodwill E-Com (test),Goodwill Michiana (test),100 Test Warehouse Rd,,South Bend,IN,46601,US,false,adr_to001593,Test Buyer,,694 Example Ave,,Sampleton,OH,43004,US,true,prcl_001593,10,8,4,25.6,,2026-08-26T13:36:42Z,rate_001593,Priority,USPS,5.76,,false,,m00000017012,0.00,5.76,0.00,"[{""label_format"":""PDF""},{""print_custom_1"":""ecom""}]",
2026-08-26T13:43:45Z,shp_00006972,9400100000000000006972,delivered,adr_from0001,Goodwill E-Com (test),Goodwill Michiana (test),100 Test Warehouse Rd,,South Bend,IN,46601,US,false,adr_to001594,Test Buyer,,695 Example Ave,,Mocksburg,MI,49001,US,true,prcl_001594,10,8,4,20.8,,2026-08-26T13:43:46Z,rate_001594,Priority,USPS,10.66,,false,,SGW-7716787,0.00,10.66,0.00,"[{""label_format"":""PDF""},{""print_custom_1"":""ecom""}]",
2026-08-26T13:47:18Z,shp_00007074,9400100000000000007074,delivered,adr_from0001,Goodwill E-Com (test),Goodwill Michiana (test),100 Test Warehouse Rd,,South Bend,IN,46601,US,false,adr_to001595,Test Buyer,,696 Example Ave,,Fakeport,IL,60601,US,true,prcl_001595,10,8,4,9.6,,2026-08-26T13:47:19Z,rate_001595,GroundAdvantage,USPS,6.16,,false,,24-17003-80515,0.00,6.16,0.00,"[{""label_format"":""PDF""},{""print_custom_1"":""ecom""}]",
2026-08-26T14:00:24Z,shp_00007037,9400100000000000007037,delivered,adr_from0001,Goodwill E-Com (test),Goodwill Michiana (test),100 Test Warehouse Rd,,South Bend,IN,46601,US,false,adr_to001596,Test Buyer,,697 Example Ave,,Testville,IN,46601,US,true,prcl_001596,10,8,4,44.8,,2026-08-26T14:00:25Z,rate_001596,GroundAdvantage,USPS,10.10,,false,,SGW-7716942,0.00,10.10,0.00,"[{""label_format"":""PDF""},{""print_custom_1"":""ecom""}]",
2026-08-26T14:09:58Z,shp_00006962,9400100000000000006962,delivered,adr_from0001,Goodwill E-Com (test),Goodwill Michiana (test),100 Test Warehouse Rd,,South Bend,IN,46601,US,false,adr_to001597,Test Buyer,,698 Example Ave,,Sampleton,OH,43004,US,true,prcl_001597,10,8,4,24.0,,2026-08-26T14:09:59Z,rate_001597,GroundAdvantage,USPS,8.11,,false,,SGW-7716772,0.00,8.11,0.00,"[{""label_format"":""PDF""},{""print_custom_1"":""ecom""}]",
2026-08-26T14:12:36Z,shp_00006967,9400100000000000006967,delivered,adr_from0001,Goodwill E-Com (test),Goodwill Michiana (test),100 Test Warehouse Rd,,South Bend,IN,46601,US,false,adr_to001598,Test Buyer,,699 Example Ave,,Mocksburg,MI,49001,US,true,prcl_001598,10,8,4,70.4,,2026-08-26T14:12:37Z,rate_001598,GroundAdvantage,USPS,22.97,,false,,SGW-7716780,0.00,22.97,0.00,"[{""label_format"":""PDF""},{""print_custom_1"":""ecom""}]",
2026-08-26T14:41:21Z,shp_00006989,9400100000000000006989,delivered,adr_from0001,Goodwill E-Com (test),Goodwill Michiana (test),100 Test Warehouse Rd,,South Bend,IN,46601,US,false,adr_to001599,Test Buyer,,700 Example Ave,,Fakeport,IL,60601,US,true,prcl_001599,10,8,4,11.2,,2026-08-26T14:41:22Z,rate_001599,GroundAdvantage,USPS,4.99,,false,,111-4916822-1432335,0.00,4.99,0.00,"[{""label_format"":""PDF""},{""print_custom_1"":""ecom""}]",
2026-08-26T15:08:23Z,shp_00007046,9400100000000000007046,delivered,adr_from0001,Goodwill E-Com (test),Goodwill Michiana (test),100 Test Warehouse Rd,,South Bend,IN,46601,US,false,adr_to001600,Test Buyer,,701 Example Ave,,Testville,IN,46601,US,true,prcl_001600,10,8,4,9.6,,2026-08-26T15:08:24Z,rate_001600,GroundAdvantage,USPS,5.24,,false,,113-1416956-6309920,0.00,5.24,0.00,"[{""label_format"":""PDF""},{""print_custom_1"":""ecom""}]",
2026-08-26T15:22:40Z,shp_00007058,9400100000000000007058,delivered,adr_from0001,Goodwill E-Com (test),Goodwill Michiana (test),100 Test Warehouse Rd,,South Bend,IN,46601,US,false,adr_to001601,Test Buyer,,702 Example Ave,,Sampleton,OH,43004,US,true,prcl_001601,10,8,4,30.4,,2026-08-26T15:22:41Z,rate_001601,GroundAdvantage,USPS,5.61,,false,,114-7016974-8729722,0.00,5.61,0.00,"[{""label_format"":""PDF""},{""print_custom_1"":""ecom""}]",
2026-08-26T15:34:46Z,shp_00007012,9400100000000000007012,in_transit,adr_from0001,Goodwill E-Com (test),Goodwill Michiana (test),100 Test Warehouse Rd,,South Bend,IN,46601,US,false,adr_to001602,Test Buyer,,703 Example Ave,,Mocksburg,MI,49001,US,true,prcl_001602,10,8,4,8.0,,2026-08-26T15:34:47Z,rate_001602,GroundAdvantage,USPS,11.68,,false,,SGW-7716892,0.00,11.68,0.00,"[{""label_format"":""PDF""},{""print_custom_1"":""ecom""}]",
2026-08-26T15:37:11Z,shp_00007067,9400100000000000007067,delivered,adr_from0001,Goodwill E-Com (test),Goodwill Michiana (test),100 Test Warehouse Rd,,South Bend,IN,46601,US,false,adr_to001603,Test Buyer,,704 Example Ave,,Fakeport,IL,60601,US,true,prcl_001603,10,8,4,36.8,,2026-08-26T15:37:12Z,rate_001603,GroundAdvantage,USPS,8.84,,false,,13-16988-43235,0.00,8.84,0.00,"[{""label_format"":""PDF""},{""print_custom_1"":""ecom""}]",
2026-08-26T15:50:06Z,shp_00006999,9400100000000000006999,delivered,adr_from0001,Goodwill E-Com (test),Goodwill Michiana (test),100 Test Warehouse Rd,,South Bend,IN,46601,US,false,adr_to001604,Test Buyer,,705 Example Ave,,Testville,IN,46601,US,true,prcl_001604,10,8,4,19.2,,2026-08-26T15:50:07Z,rate_001604,Priority,USPS,3.51,,false,,113-0116837-0859968,0.00,3.51,0.00,"[{""label_format"":""PDF""},{""print_custom_1"":""ecom""}]",
2026-08-26T16:07:03Z,shp_00007024,9400100000000000007024,delivered,adr_from0001,Goodwill E-Com (test),Goodwill Michiana (test),100 Test Warehouse Rd,,South Bend,IN,46601,US,false,adr_to001605,Test Buyer,,706 Example Ave,,Sampleton,OH,43004,US,true,prcl_001605,10,8,4,36.8,,2026-08-26T16:07:04Z,rate_001605,GroundAdvantage,USPS,11.86,,false,,SGW-7716911,0.00,11.86,0.00,"[{""label_format"":""PDF""},{""print_custom_1"":""ecom""}]",
2026-08-26T16:10:31Z,shp_00006991,9400100000000000006991,delivered,adr_from0001,Goodwill E-Com (test),Goodwill Michiana (test),100 Test Warehouse Rd,,South Bend,IN,46601,US,false,adr_to001606,Test Buyer,,707 Example Ave,,Mocksburg,MI,49001,US,true,prcl_001606,10,8,4,35.2,,2026-08-26T16:10:32Z,rate_001606,GroundAdvantage,USPS,3.52,,false,,113-4116825-9425324,0.00,3.52,0.00,"[{""label_format"":""PDF""},{""print_custom_1"":""ecom""}]",
2026-08-26T16:12:59Z,shp_00007069,9400100000000000007069,delivered,adr_from0001,Goodwill E-Com (test),Goodwill Michiana (test),100 Test Warehouse Rd,,South Bend,IN,46601,US,false,adr_to001607,Test Buyer,,708 Example Ave,,Fakeport,IL,60601,US,true,prcl_001607,10,8,4,35.2,,2026-08-26T16:13:00Z,rate_001607,Priority,USPS,6.47,,false,,09-16992-20863,0.00,6.47,0.00,"[{""label_format"":""PDF""},{""print_custom_1"":""ecom""}]",
2026-08-26T16:23:28Z,shp_00007059,9400100000000000007059,delivered,adr_from0001,Goodwill E-Com (test),Goodwill Michiana (test),100 Test Warehouse Rd,,South Bend,IN,46601,US,false,adr_to001608,Test Buyer,,709 Example Ave,,Testville,IN,46601,US,true,prcl_001608,10,8,4,11.2,,2026-08-26T16:23:29Z,rate_001608,Priority,USPS,3.83,,false,,111-7616976-6447478,0.00,3.83,0.00,"[{""label_format"":""PDF""},{""print_custom_1"":""ecom""}]",
2026-08-26T16:37:15Z,shp_00007018,9400100000000000007018,delivered,adr_from0001,Goodwill E-Com (test),Goodwill Michiana (test),100 Test Warehouse Rd,,South Bend,IN,46601,US,false,adr_to001609,Test Buyer,,710 Example Ave,,Sampleton,OH,43004,US,true,prcl_001609,10,8,4,17.6,,2026-08-26T16:37:16Z,rate_001609,GroundAdvantage,USPS,13.54,,false,,SGW-7716904,0.00,13.54,0.00,"[{""label_format"":""PDF""},{""print_custom_1"":""ecom""}]",
2026-08-26T16:43:38Z,shp_00007013,9400100000000000007013,delivered,adr_from0001,Goodwill E-Com (test),Goodwill Michiana (test),100 Test Warehouse Rd,,South Bend,IN,46601,US,false,adr_to001610,Test Buyer,,711 Example Ave,,Mocksburg,MI,49001,US,true,prcl_001610,10,8,4,11.2,,2026-08-26T16:43:39Z,rate_001610,GroundAdvantage,USPS,11.02,,false,,SGW-7716893,0.00,11.02,0.00,"[{""label_format"":""PDF""},{""print_custom_1"":""ecom""}]",
2026-08-26T16:57:27Z,shp_00007038,9400100000000000007038,unknown,adr_from0001,Goodwill E-Com (test),Goodwill Michiana (test),100 Test Warehouse Rd,,South Bend,IN,46601,US,false,adr_to001611,Test Buyer,,712 Example Ave,,Fakeport,IL,60601,US,true,prcl_001611,10,8,4,27.2,,2026-08-26T16:57:28Z,rate_001611,GroundAdvantage,USPS,3.43,,false,refunded,112-4816944-9604955,0.00,3.43,0.00,"[{""label_format"":""PDF""},{""print_custom_1"":""ecom""}]",
2026-08-26T17:05:51Z,shp_00007017,9400100000000000007017,delivered,adr_from0001,Goodwill E-Com (test),Goodwill Michiana (test),100 Test Warehouse Rd,,South Bend,IN,46601,US,false,adr_to001612,Test Buyer,,713 Example Ave,,Testville,IN,46601,US,true,prcl_001612,10,8,4,11.2,,2026-08-26T17:05:52Z,rate_001612,GroundAdvantage,USPS,7.25,,false,,SGW-7716902,0.00,7.25,0.00,"[{""label_format"":""PDF""},{""print_custom_1"":""ecom""}]",
2026-08-26T17:08:50Z,shp_00006957,9400100000000000006957,unknown,adr_from0001,Goodwill E-Com (test),Goodwill Michiana (test),100 Test Warehouse Rd,,South Bend,IN,46601,US,false,adr_to001613,Test Buyer,,714 Example Ave,,Sampleton,OH,43004,US,true,prcl_001613,10,8,4,17.6,,2026-08-26T17:08:51Z,rate_001613,GroundAdvantage,USPS,9.86,,false,submitted,SGW-7716767,0.00,9.86,0.00,"[{""label_format"":""PDF""},{""print_custom_1"":""ecom""}]",
2026-08-26T17:09:02Z,shp_00007034,9400100000000000007034,delivered,adr_from0001,Goodwill E-Com (test),Goodwill Michiana (test),100 Test Warehouse Rd,,South Bend,IN,46601,US,false,adr_to001614,Test Buyer,,715 Example Ave,,Mocksburg,MI,49001,US,true,prcl_001614,10,8,4,72.0,,2026-08-26T17:09:03Z,rate_001614,GroundAdvantage,USPS,10.46,,false,,SGW-7716934,0.00,10.46,0.00,"[{""label_format"":""PDF""},{""print_custom_1"":""ecom""}]",
2026-08-26T17:23:25Z,shp_00006980,9400100000000000006980,delivered,adr_from0001,Goodwill E-Com (test),Goodwill Michiana (test),100 Test Warehouse Rd,,South Bend,IN,46601,US,false,adr_to001615,Test Buyer,,716 Example Ave,,Fakeport,IL,60601,US,true,prcl_001615,10,8,4,43.2,,2026-08-26T17:23:26Z,rate_001615,GroundAdvantage,USPS,4.98,,false,,113-9116805-1657687,0.00,4.98,0.00,"[{""label_format"":""PDF""},{""print_custom_1"":""ecom""}]",
2026-08-26T17:25:39Z,shp_00007057,9400100000000000007057,delivered,adr_from0001,Goodwill E-Com (test),Goodwill Michiana (test),100 Test Warehouse Rd,,South Bend,IN,46601,US,false,adr_to001616,Test Buyer,,717 Example Ave,,Testville,IN,46601,US,true,prcl_001616,10,8,4,4.8,,2026-08-26T17:25:40Z,rate_001616,GroundAdvantage,USPS,3.52,,false,,114-1516973-1345702,0.00,3.52,0.00,"[{""label_format"":""PDF""},{""print_custom_1"":""ecom""}]",
2026-08-26T17:33:04Z,shp_00007033,9400100000000000007033,delivered,adr_from0001,Goodwill E-Com (test),Goodwill Michiana (test),100 Test Warehouse Rd,,South Bend,IN,46601,US,false,adr_to001617,Test Buyer,,718 Example Ave,,Sampleton,OH,43004,US,true,prcl_001617,10,8,4,24.0,,2026-08-26T17:33:05Z,rate_001617,GroundAdvantage,USPS,11.16,,false,,SGW-7716933,0.00,11.16,0.00,"[{""label_format"":""PDF""},{""print_custom_1"":""ecom""}]",
2026-08-26T17:35:58Z,shp_00007020,9400100000000000007020,delivered,adr_from0001,Goodwill E-Com (test),Goodwill Michiana (test),100 Test Warehouse Rd,,South Bend,IN,46601,US,false,adr_to001618,Test Buyer,,719 Example Ave,,Mocksburg,MI,49001,US,true,prcl_001618,10,8,4,24.0,,2026-08-26T17:35:59Z,rate_001618,GroundAdvantage,USPS,8.25,,false,,SGW-7716907,0.00,8.25,0.00,"[{""label_format"":""PDF""},{""print_custom_1"":""ecom""}]",
2026-08-26T17:43:05Z,shp_00007045,9400100000000000007045,delivered,adr_from0001,Goodwill E-Com (test),Goodwill Michiana (test),100 Test Warehouse Rd,,South Bend,IN,46601,US,false,adr_to001619,Test Buyer,,720 Example Ave,,Fakeport,IL,60601,US,true,prcl_001619,10,8,4,43.2,,2026-08-26T17:43:06Z,rate_001619,GroundAdvantage,USPS,3.82,,false,,114-7416955-7434097,0.00,3.82,0.00,"[{""label_format"":""PDF""},{""print_custom_1"":""ecom""}]",
2026-08-26T17:45:14Z,shp_00007026,9400100000000000007026,in_transit,adr_from0001,Goodwill E-Com (test),Goodwill Michiana (test),100 Test Warehouse Rd,,South Bend,IN,46601,US,false,adr_to001620,Test Buyer,,721 Example Ave,,Testville,IN,46601,US,true,prcl_001620,10,8,4,12.8,,2026-08-26T17:45:15Z,rate_001620,Priority,USPS,9.45,,false,,SGW-7716914,0.00,9.45,0.00,"[{""label_format"":""PDF""},{""print_custom_1"":""ecom""}]",
2026-08-26T17:48:28Z,shp_00007044,9400100000000000007044,delivered,adr_from0001,Goodwill E-Com (test),Goodwill Michiana (test),100 Test Warehouse Rd,,South Bend,IN,46601,US,false,adr_to001621,Test Buyer,,722 Example Ave,,Sampleton,OH,43004,US,true,prcl_001621,10,8,4,32.0,,2026-08-26T17:48:29Z,rate_001621,Priority,USPS,3.57,,false,,114-3616954-7692845,0.00,3.57,0.00,"[{""label_format"":""PDF""},{""print_custom_1"":""ecom""}]",
2026-08-26T17:48:32Z,shp_00007036,9400100000000000007036,delivered,adr_from0001,Goodwill E-Com (test),Goodwill Michiana (test),100 Test Warehouse Rd,,South Bend,IN,46601,US,false,adr_to001622,Test Buyer,,723 Example Ave,,Mocksburg,MI,49001,US,true,prcl_001622,10,8,4,44.8,,2026-08-26T17:48:33Z,rate_001622,Priority,USPS,12.25,,false,,SGW-7716939,0.00,12.25,0.00,"[{""label_format"":""PDF""},{""print_custom_1"":""ecom""}]",
2026-08-26T17:50:51Z,shp_00006904,9400100000000000006904,delivered,adr_from0001,Goodwill E-Com (test),Goodwill Michiana (test),100 Test Warehouse Rd,,South Bend,IN,46601,US,false,adr_to001623,Test Buyer,,724 Example Ave,,Fakeport,IL,60601,US,true,prcl_001623,10,8,4,17.6,,2026-08-26T17:50:52Z,rate_001623,GroundAdvantage,USPS,7.09,,false,,SGW-7716636,0.00,7.09,0.00,"[{""label_format"":""PDF""},{""print_custom_1"":""ecom""}]",
2026-08-26T17:56:32Z,shp_00007029,9400100000000000007029,unknown,adr_from0001,Goodwill E-Com (test),Goodwill Michiana (test),100 Test Warehouse Rd,,South Bend,IN,46601,US,false,adr_to001624,Test Buyer,,725 Example Ave,,Testville,IN,46601,US,true,prcl_001624,10,8,4,22.4,,2026-08-26T17:56:33Z,rate_001624,GroundAdvantage,USPS,11.70,,false,refunded,SGW-7716923,0.00,11.70,0.00,"[{""label_format"":""PDF""},{""print_custom_1"":""ecom""}]",
2026-08-26T18:09:15Z,shp_00007016,9400100000000000007016,delivered,adr_from0001,Goodwill E-Com (test),Goodwill Michiana (test),100 Test Warehouse Rd,,South Bend,IN,46601,US,false,adr_to001625,Test Buyer,,726 Example Ave,,Sampleton,OH,43004,US,true,prcl_001625,10,8,4,25.6,,2026-08-26T18:09:16Z,rate_001625,GroundAdvantage,USPS,6.38,,false,,SGW-7716900,0.00,6.38,0.00,"[{""label_format"":""PDF""},{""print_custom_1"":""ecom""}]",
2026-08-26T18:29:46Z,shp_00007062,9400100000000000007062,delivered,adr_from0001,Goodwill E-Com (test),Goodwill Michiana (test),100 Test Warehouse Rd,,South Bend,IN,46601,US,false,adr_to001626,Test Buyer,,727 Example Ave,,Mocksburg,MI,49001,US,true,prcl_001626,10,8,4,28.8,,2026-08-26T18:29:47Z,rate_001626,GroundAdvantage,USPS,3.90,,false,,113-3816982-8197467,0.00,3.90,0.00,"[{""label_format"":""PDF""},{""print_custom_1"":""ecom""}]",
2026-08-26T18:30:24Z,shp_00006963,9400100000000000006963,delivered,adr_from0001,Goodwill E-Com (test),Goodwill Michiana (test),100 Test Warehouse Rd,,South Bend,IN,46601,US,false,adr_to001627,Test Buyer,,728 Example Ave,,Fakeport,IL,60601,US,true,prcl_001627,10,8,4,25.6,,2026-08-26T18:30:25Z,rate_001627,GroundAdvantage,USPS,16.00,,false,,SGW-7716774,0.00,16.00,0.00,"[{""label_format"":""PDF""},{""print_custom_1"":""ecom""}]",
2026-08-26T18:32:38Z,shp_00007010,9400100000000000007010,delivered,adr_from0001,Goodwill E-Com (test),Goodwill Michiana (test),100 Test Warehouse Rd,,South Bend,IN,46601,US,false,adr_to001628,Test Buyer,,729 Example Ave,,Testville,IN,46601,US,true,prcl_001628,10,8,4,33.6,,2026-08-26T18:32:39Z,rate_001628,Priority,USPS,5.99,,false,,SGW-7716889,0.00,5.99,0.00,"[{""label_format"":""PDF""},{""print_custom_1"":""ecom""}]",
2026-08-26T18:34:04Z,shp_00007052,9400100000000000007052,in_transit,adr_from0001,Goodwill E-Com (test),Goodwill Michiana (test),100 Test Warehouse Rd,,South Bend,IN,46601,US,false,adr_to001629,Test Buyer,,730 Example Ave,,Sampleton,OH,43004,US,true,prcl_001629,10,8,4,32.0,,2026-08-26T18:34:05Z,rate_001629,GroundAdvantage,USPS,3.36,,false,,113-6516966-3282840,0.00,3.36,0.00,"[{""label_format"":""PDF""},{""print_custom_1"":""ecom""}]",
2026-08-26T18:36:30Z,shp_00007014,9400100000000000007014,delivered,adr_from0001,Goodwill E-Com (test),Goodwill Michiana (test),100 Test Warehouse Rd,,South Bend,IN,46601,US,false,adr_to001630,Test Buyer,,731 Example Ave,,Mocksburg,MI,49001,US,true,prcl_001630,10,8,4,32.0,,2026-08-26T18:36:31Z,rate_001630,GroundAdvantage,USPS,11.42,,false,,SGW-7716896,0.00,11.42,0.00,"[{""label_format"":""PDF""},{""print_custom_1"":""ecom""}]",
2026-08-26T18:45:09Z,shp_00007066,9400100000000000007066,delivered,adr_from0001,Goodwill E-Com (test),Goodwill Michiana (test),100 Test Warehouse Rd,,South Bend,IN,46601,US,false,adr_to001631,Test Buyer,,732 Example Ave,,Fakeport,IL,60601,US,true,prcl_001631,10,8,4,14.4,,2026-08-26T18:45:10Z,rate_001631,GroundAdvantage,USPS,5.77,,false,,02-16987-29582,0.00,5.77,0.00,"[{""label_format"":""PDF""},{""print_custom_1"":""ecom""}]",
2026-08-26T18:47:41Z,shp_00007027,9400100000000000007027,unknown,adr_from0001,Goodwill E-Com (test),Goodwill Michiana (test),100 Test Warehouse Rd,,South Bend,IN,46601,US,false,adr_to001632,Test Buyer,,733 Example Ave,,Testville,IN,46601,US,true,prcl_001632,10,8,4,14.4,,2026-08-26T18:47:42Z,rate_001632,GroundAdvantage,USPS,16.48,,false,refunded,SGW-7716915,0.00,16.48,0.00,"[{""label_format"":""PDF""},{""print_custom_1"":""ecom""}]",
2026-08-26T18:50:01Z,shp_00006983,9400100000000000006983,delivered,adr_from0001,Goodwill E-Com (test),Goodwill Michiana (test),100 Test Warehouse Rd,,South Bend,IN,46601,US,false,adr_to001633,Test Buyer,,734 Example Ave,,Sampleton,OH,43004,US,true,prcl_001633,10,8,4,14.4,,2026-08-26T18:50:02Z,rate_001633,GroundAdvantage,USPS,5.26,,false,,113-6016811-2720688,0.00,5.26,0.00,"[{""label_format"":""PDF""},{""print_custom_1"":""ecom""}]",
2026-08-26T19:14:33Z,shp_00006984,9400100000000000006984,delivered,adr_from0001,Goodwill E-Com (test),Goodwill Michiana (test),100 Test Warehouse Rd,,South Bend,IN,46601,US,false,adr_to001634,Test Buyer,,735 Example Ave,,Mocksburg,MI,49001,US,true,prcl_001634,10,8,4,11.2,,2026-08-26T19:14:34Z,rate_001634,GroundAdvantage,USPS,3.76,,false,,111-9316812-7329688,0.00,3.76,0.00,"[{""label_format"":""PDF""},{""print_custom_1"":""ecom""}]",
2026-08-26T19:23:15Z,shp_00007025,9400100000000000007025,delivered,adr_from0001,Goodwill E-Com (test),Goodwill Michiana (test),100 Test Warehouse Rd,,South Bend,IN,46601,US,false,adr_to001635,Test Buyer,,736 Example Ave,,Fakeport,IL,60601,US,true,prcl_001635,10,8,4,22.4,,2026-08-26T19:23:16Z,rate_001635,Priority,USPS,8.49,,false,,SGW-7716912,0.00,8.49,0.00,"[{""label_format"":""PDF""},{""print_custom_1"":""ecom""}]",
2026-08-26T19:28:08Z,shp_00007007,9400100000000000007007,delivered,adr_from0001,Goodwill E-Com (test),Goodwill Michiana (test),100 Test Warehouse Rd,,South Bend,IN,46601,US,false,adr_to001636,Test Buyer,,737 Example Ave,,Testville,IN,46601,US,true,prcl_001636,10,8,4,36.8,,2026-08-26T19:28:09Z,rate_001636,GroundAdvantage,USPS,8.13,,false,,SGW-7716881,0.00,8.13,0.00,"[{""label_format"":""PDF""},{""print_custom_1"":""ecom""}]",
2026-08-26T19:34:13Z,shp_00007015,9400100000000000007015,delivered,adr_from0001,Goodwill E-Com (test),Goodwill Michiana (test),100 Test Warehouse Rd,,South Bend,IN,46601,US,false,adr_to001637,Test Buyer,,738 Example Ave,,Sampleton,OH,43004,US,true,prcl_001637,10,8,4,22.4,,2026-08-26T19:34:14Z,rate_001637,GroundAdvantage,USPS,6.54,,false,,SGW-7716897,0.00,6.54,0.00,"[{""label_format"":""PDF""},{""print_custom_1"":""ecom""}]",
2026-08-26T19:37:38Z,shp_00006945,9400100000000000006945,in_transit,adr_from0001,Goodwill E-Com (test),Goodwill Michiana (test),100 Test Warehouse Rd,,South Bend,IN,46601,US,false,adr_to001638,Test Buyer,,739 Example Ave,,Mocksburg,MI,49001,US,true,prcl_001638,10,8,4,12.8,,2026-08-26T19:37:39Z,rate_001638,Priority,USPS,5.95,,false,,m00000016729,0.00,5.95,0.00,"[{""label_format"":""PDF""},{""print_custom_1"":""ecom""}]",
2026-08-26T19:42:45Z,shp_00007043,9400100000000000007043,delivered,adr_from0001,Goodwill E-Com (test),Goodwill Michiana (test),100 Test Warehouse Rd,,South Bend,IN,46601,US,false,adr_to001639,Test Buyer,,740 Example Ave,,Fakeport,IL,60601,US,true,prcl_001639,10,8,4,12.8,,2026-08-26T19:42:46Z,rate_001639,GroundAdvantage,USPS,3.62,,false,,114-9516953-0483492,0.00,3.62,0.00,"[{""label_format"":""PDF""},{""print_custom_1"":""ecom""}]",
2026-08-26T19:58:07Z,shp_00007000,9400100000000000007000,delivered,adr_from0001,Goodwill E-Com (test),Goodwill Michiana (test),100 Test Warehouse Rd,,South Bend,IN,46601,US,false,adr_to001640,Test Buyer,,741 Example Ave,,Testville,IN,46601,US,true,prcl_001640,10,8,4,17.6,,2026-08-26T19:58:08Z,rate_001640,GroundAdvantage,USPS,3.85,,false,,113-6316839-6810303,0.00,3.85,0.00,"[{""label_format"":""PDF""},{""print_custom_1"":""ecom""}]",
2026-08-26T20:00:01Z,shp_00007075,9400100000000000007075,delivered,adr_from0001,Goodwill E-Com (test),Goodwill Michiana (test),100 Test Warehouse Rd,,South Bend,IN,46601,US,false,adr_to001641,Test Buyer,,742 Example Ave,,Sampleton,OH,43004,US,true,prcl_001641,10,8,4,22.4,,2026-08-26T20:00:02Z,rate_001641,GroundAdvantage,USPS,4.06,,false,,14-17006-28611,0.00,4.06,0.00,"[{""label_format"":""PDF""},{""print_custom_1"":""ecom""}]",
2026-08-26T20:00:15Z,shp_00007031,9400100000000000007031,delivered,adr_from0001,Goodwill E-Com (test),Goodwill Michiana (test),100 Test Warehouse Rd,,South Bend,IN,46601,US,false,adr_to001642,Test Buyer,,743 Example Ave,,Mocksburg,MI,49001,US,true,prcl_001642,10,8,4,20.8,,2026-08-26T20:00:16Z,rate_001642,GroundAdvantage,USPS,10.33,,false,,SGW-7716929,0.00,10.33,0.00,"[{""label_format"":""PDF""},{""print_custom_1"":""ecom""}]",
2026-08-26T20:14:58Z,shp_00007042,9400100000000000007042,delivered,adr_from0001,Goodwill E-Com (test),Goodwill Michiana (test),100 Test Warehouse Rd,,South Bend,IN,46601,US,false,adr_to001643,Test Buyer,,744 Example Ave,,Fakeport,IL,60601,US,true,prcl_001643,10,8,4,24.0,,2026-08-26T20:14:59Z,rate_001643,GroundAdvantage,USPS,3.41,,false,,114-0016952-5824792,0.00,3.41,0.00,"[{""label_format"":""PDF""},{""print_custom_1"":""ecom""}]",
2026-08-26T20:16:03Z,shp_00007022,9400100000000000007022,delivered,adr_from0001,Goodwill E-Com (test),Goodwill Michiana (test),100 Test Warehouse Rd,,South Bend,IN,46601,US,false,adr_to001644,Test Buyer,,745 Example Ave,,Testville,IN,46601,US,true,prcl_001644,10,8,4,27.2,,2026-08-26T20:16:04Z,rate_001644,GroundAdvantage,USPS,7.62,,false,,SGW-7716909,0.00,7.62,0.00,"[{""label_format"":""PDF""},{""print_custom_1"":""ecom""}]",
2026-08-26T20:31:51Z,shp_00007051,9400100000000000007051,delivered,adr_from0001,Goodwill E-Com (test),Goodwill Michiana (test),100 Test Warehouse Rd,,South Bend,IN,46601,US,false,adr_to001645,Test Buyer,,746 Example Ave,,Sampleton,OH,43004,US,true,prcl_001645,10,8,4,80.0,,2026-08-26T20:31:52Z,rate_001645,GroundAdvantage,USPS,3.42,,false,,111-4316963-0272255,0.00,3.42,0.00,"[{""label_format"":""PDF""},{""print_custom_1"":""ecom""}]",
2026-08-26T20:35:56Z,shp_00007050,9400100000000000007050,delivered,adr_from0001,Goodwill E-Com (test),Goodwill Michiana (test),100 Test Warehouse Rd,,South Bend,IN,46601,US,false,adr_to001646,Test Buyer,,747 Example Ave,,Mocksburg,MI,49001,US,true,prcl_001646,10,8,4,22.4,,2026-08-26T20:35:57Z,rate_001646,GroundAdvantage,USPS,3.52,,false,,112-0416962-2218223,0.00,3.52,0.00,"[{""label_format"":""PDF""},{""print_custom_1"":""ecom""}]",
2026-08-26T20:39:02Z,shp_00007072,9400100000000000007072,in_transit,adr_from0001,Goodwill E-Com (test),Goodwill Michiana (test),100 Test Warehouse Rd,,South Bend,IN,46601,US,false,adr_to001647,Test Buyer,,748 Example Ave,,Fakeport,IL,60601,US,true,prcl_001647,10,8,4,12.8,,2026-08-26T20:39:03Z,rate_001647,GroundAdvantage,USPS,5.02,,false,,24-16998-94663,0.00,5.02,0.00,"[{""label_format"":""PDF""},{""print_custom_1"":""ecom""}]",
2026-08-26T20:39:28Z,shp_00007071,9400100000000000007071,delivered,adr_from0001,Goodwill E-Com (test),Goodwill Michiana (test),100 Test Warehouse Rd,,South Bend,IN,46601,US,false,adr_to001648,Test Buyer,,749 Example Ave,,Testville,IN,46601,US,true,prcl_001648,10,8,4,28.8,,2026-08-26T20:39:29Z,rate_001648,GroundAdvantage,USPS,6.31,,false,,07-16997-71755,0.00,6.31,0.00,"[{""label_format"":""PDF""},{""print_custom_1"":""ecom""}]",
2026-08-26T20:41:46Z,shp_00007065,9400100000000000007065,delivered,adr_from0001,Goodwill E-Com (test),Goodwill Michiana (test),100 Test Warehouse Rd,,South Bend,IN,46601,US,false,adr_to001649,Test Buyer,,750 Example Ave,,Sampleton,OH,43004,US,true,prcl_001649,10,8,4,17.6,,2026-08-26T20:41:47Z,rate_001649,GroundAdvantage,USPS,3.39,,false,,114-4016986-4049136,0.00,3.39,0.00,"[{""label_format"":""PDF""},{""print_custom_1"":""ecom""}]",
2026-08-26T20:48:14Z,shp_00007008,9400100000000000007008,delivered,adr_from0001,Goodwill E-Com (test),Goodwill Michiana (test),100 Test Warehouse Rd,,South Bend,IN,46601,US,false,adr_to001650,Test Buyer,,751 Example Ave,,Mocksburg,MI,49001,US,true,prcl_001650,10,8,4,46.4,,2026-08-26T20:48:15Z,rate_001650,GroundAdvantage,USPS,12.25,,false,,SGW-7716885,0.00,12.25,0.00,"[{""label_format"":""PDF""},{""print_custom_1"":""ecom""}]",
2026-08-26T20:49:21Z,shp_00007061,9400100000000000007061,delivered,adr_from0001,Goodwill E-Com (test),Goodwill Michiana (test),100 Test Warehouse Rd,,South Bend,IN,46601,US,false,adr_to001651,Test Buyer,,752 Example Ave,,Fakeport,IL,60601,US,true,prcl_001651,10,8,4,9.6,,2026-08-26T20:49:22Z,rate_001651,Priority,USPS,3.78,,false,,113-1016979-8564040,0.00,3.78,0.00,"[{""label_format"":""PDF""},{""print_custom_1"":""ecom""}]",
2026-08-26T20:51:14Z,shp_00006907,9400100000000000006907,delivered,adr_from0001,Goodwill E-Com (test),Goodwill Michiana (test),100 Test Warehouse Rd,,South Bend,IN,46601,US,false,adr_to001652,Test Buyer,,753 Example Ave,,Testville,IN,46601,US,true,prcl_001652,10,8,4,46.4,,2026-08-26T20:51:15Z,rate_001652,GroundAdvantage,USPS,7.76,,false,,SGW-7716643,0.00,7.76,0.00,"[{""label_format"":""PDF""},{""print_custom_1"":""ecom""}]",
2026-08-26T20:57:57Z,shp_00006992,9400100000000000006992,delivered,adr_from0001,Goodwill E-Com (test),Goodwill Michiana (test),100 Test Warehouse Rd,,South Bend,IN,46601,US,false,adr_to001653,Test Buyer,,754 Example Ave,,Sampleton,OH,43004,US,true,prcl_001653,10,8,4,28.8,,2026-08-26T20:57:58Z,rate_001653,GroundAdvantage,USPS,4.99,,false,,111-5816826-1362106,0.00,4.99,0.00,"[{""label_format"":""PDF""},{""print_custom_1"":""ecom""}]",
2026-08-26T20:59:10Z,shp_00007073,9400100000000000007073,delivered,adr_from0001,Goodwill E-Com (test),Goodwill Michiana (test),100 Test Warehouse Rd,,South Bend,IN,46601,US,false,adr_to001654,Test Buyer,,755 Example Ave,,Mocksburg,MI,49001,US,true,prcl_001654,10,8,4,16.0,,2026-08-26T20:59:11Z,rate_001654,GroundAdvantage,USPS,8.79,,false,,17-17000-70807,0.00,8.79,0.00,"[{""label_format"":""PDF""},{""print_custom_1"":""ecom""}]",
2026-08-27T13:01:34Z,shp_00007131,9400100000000000007131,delivered,adr_from0001,Goodwill E-Com (test),Goodwill Michiana (test),100 Test Warehouse Rd,,South Bend,IN,46601,US,false,adr_to001655,Test Buyer,,756 Example Ave,,Fakeport,IL,60601,US,true,prcl_001655,10,8,4,11.2,,2026-08-27T13:01:35Z,rate_001655,GroundAdvantage,USPS,6.56,,false,,m00000017163,0.00,6.56,0.00,"[{""label_format"":""PDF""},{""print_custom_1"":""ecom""}]",
2026-08-27T13:07:33Z,shp_00007101,9400100000000000007101,in_transit,adr_from0001,Goodwill E-Com (test),Goodwill Michiana (test),100 Test Warehouse Rd,,South Bend,IN,46601,US,false,adr_to001656,Test Buyer,,757 Example Ave,,Testville,IN,46601,US,true,prcl_001656,10,8,4,9.6,,2026-08-27T13:07:34Z,rate_001656,Priority,USPS,3.28,,false,,111-8717087-6109733,0.00,3.28,0.00,"[{""label_format"":""PDF""},{""print_custom_1"":""ecom""}]",
2026-08-27T13:23:22Z,shp_00007093,9400100000000000007093,delivered,adr_from0001,Goodwill E-Com (test),Goodwill Michiana (test),100 Test Warehouse Rd,,South Bend,IN,46601,US,false,adr_to001657,Test Buyer,,758 Example Ave,,Sampleton,OH,43004,US,true,prcl_001657,10,8,4,9.6,,2026-08-27T13:23:23Z,rate_001657,GroundAdvantage,USPS,7.45,,false,,SGW-7717070,0.00,7.45,0.00,"[{""label_format"":""PDF""},{""print_custom_1"":""ecom""}]",
2026-08-27T13:24:28Z,shp_00007083,9400100000000000007083,delivered,adr_from0001,Goodwill E-Com (test),Goodwill Michiana (test),100 Test Warehouse Rd,,South Bend,IN,46601,US,false,adr_to001658,Test Buyer,,759 Example Ave,,Mocksburg,MI,49001,US,true,prcl_001658,10,8,4,20.8,,2026-08-27T13:24:29Z,rate_001658,GroundAdvantage,USPS,13.74,,false,,SGW-7717055,0.00,13.74,0.00,"[{""label_format"":""PDF""},{""print_custom_1"":""ecom""}]",
2026-08-27T13:41:50Z,shp_00007128,9400100000000000007128,delivered,adr_from0001,Goodwill E-Com (test),Goodwill Michiana (test),100 Test Warehouse Rd,,South Bend,IN,46601,US,false,adr_to001659,Test Buyer,,760 Example Ave,,Fakeport,IL,60601,US,true,prcl_001659,10,8,4,28.8,,2026-08-27T13:41:51Z,rate_001659,GroundAdvantage,USPS,6.00,,false,,27-17149-44848,0.00,6.00,0.00,"[{""label_format"":""PDF""},{""print_custom_1"":""ecom""}]",
2026-08-27T13:47:02Z,shp_00007105,9400100000000000007105,delivered,adr_from0001,Goodwill E-Com (test),Goodwill Michiana (test),100 Test Warehouse Rd,,South Bend,IN,46601,US,false,adr_to001660,Test Buyer,,761 Example Ave,,Testville,IN,46601,US,true,prcl_001660,10,8,4,9.6,,2026-08-27T13:47:03Z,rate_001660,GroundAdvantage,USPS,3.29,,false,,114-3417097-5130211,0.00,3.29,0.00,"[{""label_format"":""PDF""},{""print_custom_1"":""ecom""}]",
2026-08-27T13:55:59Z,shp_00007068,9400100000000000007068,delivered,adr_from0001,Goodwill E-Com (test),Goodwill Michiana (test),100 Test Warehouse Rd,,South Bend,IN,46601,US,false,adr_to001661,Test Buyer,,762 Example Ave,,Sampleton,OH,43004,US,true,prcl_001661,10,8,4,32.0,,2026-08-27T13:56:00Z,rate_001661,GroundAdvantage,USPS,8.45,,false,,03-16989-49603,0.00,8.45,0.00,"[{""label_format"":""PDF""},{""print_custom_1"":""ecom""}]",
2026-08-27T14:04:08Z,shp_00007119,9400100000000000007119,delivered,adr_from0001,Goodwill E-Com (test),Goodwill Michiana (test),100 Test Warehouse Rd,,South Bend,IN,46601,US,false,adr_to001662,Test Buyer,,763 Example Ave,,Mocksburg,MI,49001,US,true,prcl_001662,10,8,4,57.6,,2026-08-27T14:04:09Z,rate_001662,GroundAdvantage,USPS,3.89,,false,,112-6317125-2422159,0.00,3.89,0.00,"[{""label_format"":""PDF""},{""print_custom_1"":""ecom""}]",
2026-08-27T14:06:12Z,shp_00007040,9400100000000000007040,delivered,adr_from0001,Goodwill E-Com (test),Goodwill Michiana (test),100 Test Warehouse Rd,,South Bend,IN,46601,US,false,adr_to001663,Test Buyer,,764 Example Ave,,Fakeport,IL,60601,US,true,prcl_001663,10,8,4,24.0,,2026-08-27T14:06:13Z,rate_001663,GroundAdvantage,USPS,3.70,,false,,112-0816949-5367550,0.00,3.70,0.00,"[{""label_format"":""PDF""},{""print_custom_1"":""ecom""}]",
2026-08-27T14:10:07Z,shp_00007088,9400100000000000007088,delivered,adr_from0001,Goodwill E-Com (test),Goodwill Michiana (test),100 Test Warehouse Rd,,South Bend,IN,46601,US,false,adr_to001664,Test Buyer,,765 Example Ave,,Testville,IN,46601,US,true,prcl_001664,10,8,4,73.6,,2026-08-27T14:10:08Z,rate_001664,GroundAdvantage,USPS,14.49,,false,,SGW-7717064,0.00,14.49,0.00,"[{""label_format"":""PDF""},{""print_custom_1"":""ecom""}]",
2026-08-27T14:11:57Z,shp_00006973,9400100000000000006973,in_transit,adr_from0001,Goodwill E-Com (test),Goodwill Michiana (test),100 Test Warehouse Rd,,South Bend,IN,46601,US,false,adr_to001665,Test Buyer,,766 Example Ave,,Sampleton,OH,43004,US,true,prcl_001665,10,8,4,41.6,,2026-08-27T14:11:58Z,rate_001665,Priority,USPS,13.95,,false,,SGW-7716788,0.00,13.95,0.00,"[{""label_format"":""PDF""},{""print_custom_1"":""ecom""}]",
2026-08-27T14:19:53Z,shp_00007122,9400100000000000007122,delivered,adr_from0001,Goodwill E-Com (test),Goodwill Michiana (test),100 Test Warehouse Rd,,South Bend,IN,46601,US,false,adr_to001666,Test Buyer,,767 Example Ave,,Mocksburg,MI,49001,US,true,prcl_001666,10,8,4,22.4,,2026-08-27T14:19:54Z,rate_001666,GroundAdvantage,USPS,3.77,,false,,114-4717131-2569995,0.00,3.77,0.00,"[{""label_format"":""PDF""},{""print_custom_1"":""ecom""}]",
2026-08-27T14:21:44Z,shp_00007107,9400100000000000007107,delivered,adr_from0001,Goodwill E-Com (test),Goodwill Michiana (test),100 Test Warehouse Rd,,South Bend,IN,46601,US,false,adr_to001667,Test Buyer,,768 Example Ave,,Fakeport,IL,60601,US,true,prcl_001667,10,8,4,28.8,,2026-08-27T14:21:45Z,rate_001667,GroundAdvantage,USPS,5.31,,false,,111-0517099-1255791,0.00,5.31,0.00,"[{""label_format"":""PDF""},{""print_custom_1"":""ecom""}]",
2026-08-27T14:23:58Z,shp_00007070,9400100000000000007070,delivered,adr_from0001,Goodwill E-Com (test),Goodwill Michiana (test),100 Test Warehouse Rd,,South Bend,IN,46601,US,false,adr_to001668,Test Buyer,,769 Example Ave,,Testville,IN,46601,US,true,prcl_001668,10,8,4,27.2,,2026-08-27T14:23:59Z,rate_001668,GroundAdvantage,USPS,5.45,,false,,01-16994-57048,0.00,5.45,0.00,"[{""label_format"":""PDF""},{""print_custom_1"":""ecom""}]",
2026-08-27T14:26:01Z,shp_00007130,9400100000000000007130,delivered,adr_from0001,Goodwill E-Com (test),Goodwill Michiana (test),100 Test Warehouse Rd,,South Bend,IN,46601,US,false,adr_to001669,Test Buyer,,770 Example Ave,,Sampleton,OH,43004,US,true,prcl_001669,10,8,4,92.8,,2026-08-27T14:26:02Z,rate_001669,Priority,USPS,8.82,,false,,27-17154-33944,0.00,8.82,0.00,"[{""label_format"":""PDF""},{""print_custom_1"":""ecom""}]",
2026-08-27T14:36:26Z,shp_00007035,9400100000000000007035,delivered,adr_from0001,Goodwill E-Com (test),Goodwill Michiana (test),100 Test Warehouse Rd,,South Bend,IN,46601,US,false,adr_to001670,Test Buyer,,771 Example Ave,,Mocksburg,MI,49001,US,true,prcl_001670,10,8,4,11.2,,2026-08-27T14:36:27Z,rate_001670,Priority,USPS,6.67,,false,,SGW-7716936,0.00,6.67,0.00,"[{""label_format"":""PDF""},{""print_custom_1"":""ecom""}]",
2026-08-27T15:18:33Z,shp_00007110,9400100000000000007110,delivered,adr_from0001,Goodwill E-Com (test),Goodwill Michiana (test),100 Test Warehouse Rd,,South Bend,IN,46601,US,false,adr_to001671,Test Buyer,,772 Example Ave,,Fakeport,IL,60601,US,true,prcl_001671,10,8,4,17.6,,2026-08-27T15:18:34Z,rate_001671,GroundAdvantage,USPS,3.60,,false,,111-2717102-9349547,0.00,3.60,0.00,"[{""label_format"":""PDF""},{""print_custom_1"":""ecom""}]",
2026-08-27T15:38:51Z,shp_00007084,9400100000000000007084,delivered,adr_from0001,Goodwill E-Com (test),Goodwill Michiana (test),100 Test Warehouse Rd,,South Bend,IN,46601,US,false,adr_to001672,Test Buyer,,773 Example Ave,,Testville,IN,46601,US,true,prcl_001672,10,8,4,40.0,,2026-08-27T15:38:52Z,rate_001672,GroundAdvantage,USPS,11.99,,false,,SGW-7717056,0.00,11.99,0.00,"[{""label_format"":""PDF""},{""print_custom_1"":""ecom""}]",
2026-08-27T15:48:52Z,shp_00007041,9400100000000000007041,delivered,adr_from0001,Goodwill E-Com (test),Goodwill Michiana (test),100 Test Warehouse Rd,,South Bend,IN,46601,US,false,adr_to001673,Test Buyer,,774 Example Ave,,Sampleton,OH,43004,US,true,prcl_001673,10,8,4,16.0,,2026-08-27T15:48:53Z,rate_001673,GroundAdvantage,USPS,3.39,,false,,114-7016950-2877915,0.00,3.39,0.00,"[{""label_format"":""PDF""},{""print_custom_1"":""ecom""}]",
2026-08-27T16:03:44Z,shp_00007103,9400100000000000007103,in_transit,adr_from0001,Goodwill E-Com (test),Goodwill Michiana (test),100 Test Warehouse Rd,,South Bend,IN,46601,US,false,adr_to001674,Test Buyer,,775 Example Ave,,Mocksburg,MI,49001,US,true,prcl_001674,10,8,4,30.4,,2026-08-27T16:03:45Z,rate_001674,Priority,USPS,3.69,,false,,111-3617090-6068948,0.00,3.69,0.00,"[{""label_format"":""PDF""},{""print_custom_1"":""ecom""}]",
2026-08-27T16:22:03Z,shp_00007129,9400100000000000007129,delivered,adr_from0001,Goodwill E-Com (test),Goodwill Michiana (test),100 Test Warehouse Rd,,South Bend,IN,46601,US,false,adr_to001675,Test Buyer,,776 Example Ave,,Fakeport,IL,60601,US,true,prcl_001675,10,8,4,17.6,,2026-08-27T16:22:04Z,rate_001675,GroundAdvantage,USPS,5.14,,false,,12-17150-63213,0.00,5.14,0.00,"[{""label_format"":""PDF""},{""print_custom_1"":""ecom""}]",
2026-08-27T16:23:31Z,shp_00007030,9400100000000000007030,delivered,adr_from0001,Goodwill E-Com (test),Goodwill Michiana (test),100 Test Warehouse Rd,,South Bend,IN,46601,US,false,adr_to001676,Test Buyer,,777 Example Ave,,Testville,IN,46601,US,true,prcl_001676,10,8,4,9.6,,2026-08-27T16:23:32Z,rate_001676,GroundAdvantage,USPS,10.75,,false,,SGW-7716926,0.00,10.75,0.00,"[{""label_format"":""PDF""},{""print_custom_1"":""ecom""}]",
2026-08-27T16:23:39Z,shp_00007117,9400100000000000007117,delivered,adr_from0001,Goodwill E-Com (test),Goodwill Michiana (test),100 Test Warehouse Rd,,South Bend,IN,46601,US,false,adr_to001677,Test Buyer,,778 Example Ave,,Sampleton,OH,43004,US,true,prcl_001677,10,8,4,49.6,,2026-08-27T16:23:40Z,rate_001677,GroundAdvantage,USPS,3.56,,false,,113-3017123-7977187,0.00,3.56,0.00,"[{""label_format"":""PDF""},{""print_custom_1"":""ecom""}]",
2026-08-27T16:23:41Z,shp_00007039,9400100000000000007039,delivered,adr_from0001,Goodwill E-Com (test),Goodwill Michiana (test),100 Test Warehouse Rd,,South Bend,IN,46601,US,false,adr_to001678,Test Buyer,,779 Example Ave,,Mocksburg,MI,49001,US,true,prcl_001678,10,8,4,19.2,,2026-08-27T16:23:42Z,rate_001678,GroundAdvantage,USPS,3.81,,false,,111-8516948-5094944,0.00,3.81,0.00,"[{""label_format"":""PDF""},{""print_custom_1"":""ecom""}]",
2026-08-27T16:26:32Z,shp_00007085,9400100000000000007085,delivered,adr_from0001,Goodwill E-Com (test),Goodwill Michiana (test),100 Test Warehouse Rd,,South Bend,IN,46601,US,false,adr_to001679,Test Buyer,,780 Example Ave,,Fakeport,IL,60601,US,true,prcl_001679,10,8,4,24.0,,2026-08-27T16:26:33Z,rate_001679,GroundAdvantage,USPS,11.67,,false,,SGW-7717057,0.00,11.67,0.00,"[{""label_format"":""PDF""},{""print_custom_1"":""ecom""}]",
2026-08-27T16:33:46Z,shp_00007021,9400100000000000007021,delivered,adr_from0001,Goodwill E-Com (test),Goodwill Michiana (test),100 Test Warehouse Rd,,South Bend,IN,46601,US,false,adr_to001680,Test Buyer,,781 Example Ave,,Testville,IN,46601,US,true,prcl_001680,10,8,4,27.2,,2026-08-27T16:33:47Z,rate_001680,GroundAdvantage,USPS,9.32,,false,,SGW-7716908,0.00,9.32,0.00,"[{""label_format"":""PDF""},{""print_custom_1"":""ecom""}]",
2026-08-27T16:37:43Z,shp_00007086,9400100000000000007086,delivered,adr_from0001,Goodwill E-Com (test),Goodwill Michiana (test),100 Test Warehouse Rd,,South Bend,IN,46601,US,false,adr_to001681,Test Buyer,,782 Example Ave,,Sampleton,OH,43004,US,true,prcl_001681,10,8,4,73.6,,2026-08-27T16:37:44Z,rate_001681,GroundAdvantage,USPS,7.86,,false,,SGW-7717060,0.00,7.86,0.00,"[{""label_format"":""PDF""},{""print_custom_1"":""ecom""}]",
2026-08-27T16:40:02Z,shp_00007102,9400100000000000007102,delivered,adr_from0001,Goodwill E-Com (test),Goodwill Michiana (test),100 Test Warehouse Rd,,South Bend,IN,46601,US,false,adr_to001682,Test Buyer,,783 Example Ave,,Mocksburg,MI,49001,US,true,prcl_001682,10,8,4,17.6,,2026-08-27T16:40:03Z,rate_001682,GroundAdvantage,USPS,5.52,,false,,113-3917089-9402862,0.00,5.52,0.00,"[{""label_format"":""PDF""},{""print_custom_1"":""ecom""}]",
2026-08-27T16:44:54Z,shp_00007023,9400100000000000007023,in_transit,adr_from0001,Goodwill E-Com (test),Goodwill Michiana (test),100 Test Warehouse Rd,,South Bend,IN,46601,US,false,adr_to001683,Test Buyer,,784 Example Ave,,Fakeport,IL,60601,US,true,prcl_001683,10,8,4,80.0,,2026-08-27T16:44:55Z,rate_001683,Priority,USPS,6.13,,false,,SGW-7716910,0.00,6.13,0.00,"[{""label_format"":""PDF""},{""print_custom_1"":""ecom""}]",
2026-08-27T16:51:18Z,shp_00007095,9400100000000000007095,delivered,adr_from0001,Goodwill E-Com (test),Goodwill Michiana (test),100 Test Warehouse Rd,,South Bend,IN,46601,US,false,adr_to001684,Test Buyer,,785 Example Ave,,Testville,IN,46601,US,true,prcl_001684,10,8,4,51.2,,2026-08-27T16:51:19Z,rate_001684,GroundAdvantage,USPS,10.92,,false,,SGW-7717075,0.00,10.92,0.00,"[{""label_format"":""PDF""},{""print_custom_1"":""ecom""}]",
2026-08-27T17:00:51Z,shp_00007082,9400100000000000007082,delivered,adr_from0001,Goodwill E-Com (test),Goodwill Michiana (test),100 Test Warehouse Rd,,South Bend,IN,46601,US,false,adr_to001685,Test Buyer,,786 Example Ave,,Sampleton,OH,43004,US,true,prcl_001685,10,8,4,22.4,,2026-08-27T17:00:52Z,rate_001685,Priority,USPS,12.46,,false,,SGW-7717052,0.00,12.46,0.00,"[{""label_format"":""PDF""},{""print_custom_1"":""ecom""}]",
2026-08-27T17:01:21Z,shp_00007108,9400100000000000007108,delivered,adr_from0001,Goodwill E-Com (test),Goodwill Michiana (test),100 Test Warehouse Rd,,South Bend,IN,46601,US,false,adr_to001686,Test Buyer,,787 Example Ave,,Mocksburg,MI,49001,US,true,prcl_001686,10,8,4,24.0,,2026-08-27T17:01:22Z,rate_001686,GroundAdvantage,USPS,3.69,,false,,111-0017100-1722855,0.00,3.69,0.00,"[{""label_format"":""PDF""},{""print_custom_1"":""ecom""}]",
2026-08-27T17:05:37Z,shp_00006974,9400100000000000006974,delivered,adr_from0001,Goodwill E-Com (test),Goodwill Michiana (test),100 Test Warehouse Rd,,South Bend,IN,46601,US,false,adr_to001687,Test Buyer,,788 Example Ave,,Fakeport,IL,60601,US,true,prcl_001687,10,8,4,30.4,,2026-08-27T17:05:38Z,rate_001687,GroundAdvantage,USPS,12.22,,false,,SGW-7716791,0.00,12.22,0.00,"[{""label_format"":""PDF""},{""print_custom_1"":""ecom""}]",
2026-08-27T17:11:02Z,shp_00007079,9400100000000000007079,delivered,adr_from0001,Goodwill E-Com (test),Goodwill Michiana (test),100 Test Warehouse Rd,,South Bend,IN,46601,US,false,adr_to001688,Test Buyer,,789 Example Ave,,Testville,IN,46601,US,true,prcl_001688,10,8,4,20.8,,2026-08-27T17:11:03Z,rate_001688,Priority,USPS,7.19,,false,,SGW-7717041,0.00,7.19,0.00,"[{""label_format"":""PDF""},{""print_custom_1"":""ecom""}]",
2026-08-27T17:14:40Z,shp_00007092,9400100000000000007092,delivered,adr_from0001,Goodwill E-Com (test),Goodwill Michiana (test),100 Test Warehouse Rd,,South Bend,IN,46601,US,false,adr_to001689,Test Buyer,,790 Example Ave,,Sampleton,OH,43004,US,true,prcl_001689,10,8,4,48.0,,2026-08-27T17:14:41Z,rate_001689,GroundAdvantage,USPS,15.16,,false,,SGW-7717069,0.00,15.16,0.00,"[{""label_format"":""PDF""},{""print_custom_1"":""ecom""}]",
2026-08-27T17:14:55Z,shp_00007116,9400100000000000007116,delivered,adr_from0001,Goodwill E-Com (test),Goodwill Michiana (test),100 Test Warehouse Rd,,South Bend,IN,46601,US,false,adr_to001690,Test Buyer,,791 Example Ave,,Mocksburg,MI,49001,US,true,prcl_001690,10,8,4,24.0,,2026-08-27T17:14:56Z,rate_001690,GroundAdvantage,USPS,5.50,,false,,113-4617119-9415739,0.00,5.50,0.00,"[{""label_format"":""PDF""},{""print_custom_1"":""ecom""}]",
2026-08-27T17:18:21Z,shp_00007063,9400100000000000007063,delivered,adr_from0001,Goodwill E-Com (test),Goodwill Michiana (test),100 Test Warehouse Rd,,South Bend,IN,46601,US,false,adr_to001691,Test Buyer,,792 Example Ave,,Fakeport,IL,60601,US,true,prcl_001691,10,8,4,8.0,,2026-08-27T17:18:22Z,rate_001691,GroundAdvantage,USPS,3.60,,false,,111-3816984-3615165,0.00,3.60,0.00,"[{""label_format"":""PDF""},{""print_custom_1"":""ecom""}]",
2026-08-27T17:26:28Z,shp_00007011,9400100000000000007011,in_transit,adr_from0001,Goodwill E-Com (test),Goodwill Michiana (test),100 Test Warehouse Rd,,South Bend,IN,46601,US,false,adr_to001692,Test Buyer,,793 Example Ave,,Testville,IN,46601,US,true,prcl_001692,10,8,4,30.4,,2026-08-27T17:26:29Z,rate_001692,Priority,USPS,7.80,,false,,SGW-7716890,0.00,7.80,0.00,"[{""label_format"":""PDF""},{""print_custom_1"":""ecom""}]",
2026-08-27T17:28:47Z,shp_00007097,9400100000000000007097,delivered,adr_from0001,Goodwill E-Com (test),Goodwill Michiana (test),100 Test Warehouse Rd,,South Bend,IN,46601,US,false,adr_to001693,Test Buyer,,794 Example Ave,,Sampleton,OH,43004,US,true,prcl_001693,10,8,4,54.4,,2026-08-27T17:28:48Z,rate_001693,GroundAdvantage,USPS,16.54,,false,,SGW-7717080,0.00,16.54,0.00,"[{""label_format"":""PDF""},{""print_custom_1"":""ecom""}]",
2026-08-27T17:36:29Z,shp_00007104,9400100000000000007104,delivered,adr_from0001,Goodwill E-Com (test),Goodwill Michiana (test),100 Test Warehouse Rd,,South Bend,IN,46601,US,false,adr_to001694,Test Buyer,,795 Example Ave,,Mocksburg,MI,49001,US,true,prcl_001694,10,8,4,9.6,,2026-08-27T17:36:30Z,rate_001694,Priority,USPS,3.46,,false,,112-0217094-0767397,0.00,3.46,0.00,"[{""label_format"":""PDF""},{""print_custom_1"":""ecom""}]",
2026-08-27T17:41:28Z,shp_00007089,9400100000000000007089,delivered,adr_from0001,Goodwill E-Com (test),Goodwill Michiana (test),100 Test Warehouse Rd,,South Bend,IN,46601,US,false,adr_to001695,Test Buyer,,796 Example Ave,,Fakeport,IL,60601,US,true,prcl_001695,10,8,4,25.6,,2026-08-27T17:41:29Z,rate_001695,Priority,USPS,8.20,,false,,SGW-7717065,0.00,8.20,0.00,"[{""label_format"":""PDF""},{""print_custom_1"":""ecom""}]",
2026-08-27T17:41:50Z,shp_00007112,9400100000000000007112,delivered,adr_from0001,Goodwill E-Com (test),Goodwill Michiana (test),100 Test Warehouse Rd,,South Bend,IN,46601,US,false,adr_to001696,Test Buyer,,797 Example Ave,,Testville,IN,46601,US,true,prcl_001696,10,8,4,11.2,,2026-08-27T17:41:51Z,rate_001696,GroundAdvantage,USPS,3.90,,false,,114-1917110-5535683,0.00,3.90,0.00,"[{""label_format"":""PDF""},{""print_custom_1"":""ecom""}]",
2026-08-27T17:53:21Z,shp_00007087,9400100000000000007087,delivered,adr_from0001,Goodwill E-Com (test),Goodwill Michiana (test),100 Test Warehouse Rd,,South Bend,IN,46601,US,false,adr_to001697,Test Buyer,,798 Example Ave,,Sampleton,OH,43004,US,true,prcl_001697,10,8,4,14.4,,2026-08-27T17:53:22Z,rate_001697,GroundAdvantage,USPS,10.31,,false,,SGW-7717062,0.00,10.31,0.00,"[{""label_format"":""PDF""},{""print_custom_1"":""ecom""}]",
2026-08-27T17:58:22Z,shp_00007053,9400100000000000007053,delivered,adr_from0001,Goodwill E-Com (test),Goodwill Michiana (test),100 Test Warehouse Rd,,South Bend,IN,46601,US,false,adr_to001698,Test Buyer,,799 Example Ave,,Mocksburg,MI,49001,US,true,prcl_001698,10,8,4,22.4,,2026-08-27T17:58:23Z,rate_001698,GroundAdvantage,USPS,5.45,,false,,111-8416968-1412673,0.00,5.45,0.00,"[{""label_format"":""PDF""},{""print_custom_1"":""ecom""}]",
2026-08-27T18:02:05Z,shp_00007091,9400100000000000007091,delivered,adr_from0001,Goodwill E-Com (test),Goodwill Michiana (test),100 Test Warehouse Rd,,South Bend,IN,46601,US,false,adr_to001699,Test Buyer,,800 Example Ave,,Fakeport,IL,60601,US,true,prcl_001699,10,8,4,86.4,,2026-08-27T18:02:06Z,rate_001699,GroundAdvantage,USPS,11.65,,false,,SGW-7717067,0.00,11.65,0.00,"[{""label_format"":""PDF""},{""print_custom_1"":""ecom""}]",
2026-08-27T18:07:33Z,shp_00007047,9400100000000000007047,delivered,adr_from0001,Goodwill E-Com (test),Goodwill Michiana (test),100 Test Warehouse Rd,,South Bend,IN,46601,US,false,adr_to001700,Test Buyer,,801 Example Ave,,Testville,IN,46601,US,true,prcl_001700,10,8,4,46.4,,2026-08-27T18:07:34Z,rate_001700,GroundAdvantage,USPS,5.40,,false,,111-4016957-5270293,0.00,5.40,0.00,"[{""label_format"":""PDF""},{""print_custom_1"":""ecom""}]",
2026-08-27T18:10:30Z,shp_00007056,9400100000000000007056,in_transit,adr_from0001,Goodwill E-Com (test),Goodwill Michiana (test),100 Test Warehouse Rd,,South Bend,IN,46601,US,false,adr_to001701,Test Buyer,,802 Example Ave,,Sampleton,OH,43004,US,true,prcl_001701,10,8,4,20.8,,2026-08-27T18:10:31Z,rate_001701,GroundAdvantage,USPS,3.43,,false,,112-5616972-9206377,0.00,3.43,0.00,"[{""label_format"":""PDF""},{""print_custom_1"":""ecom""}]",
2026-08-27T18:51:03Z,shp_00007100,9400100000000000007100,delivered,adr_from0001,Goodwill E-Com (test),Goodwill Michiana (test),100 Test Warehouse Rd,,South Bend,IN,46601,US,false,adr_to001702,Test Buyer,,803 Example Ave,,Mocksburg,MI,49001,US,true,prcl_001702,10,8,4,51.2,,2026-08-27T18:51:04Z,rate_001702,GroundAdvantage,USPS,3.35,,false,,113-3717086-1264025,0.00,3.35,0.00,"[{""label_format"":""PDF""},{""print_custom_1"":""ecom""}]",
2026-08-27T18:56:13Z,shp_00007126,9400100000000000007126,delivered,adr_from0001,Goodwill E-Com (test),Goodwill Michiana (test),100 Test Warehouse Rd,,South Bend,IN,46601,US,false,adr_to001703,Test Buyer,,804 Example Ave,,Fakeport,IL,60601,US,true,prcl_001703,10,8,4,12.8,,2026-08-27T18:56:14Z,rate_001703,Priority,USPS,4.78,,false,,05-17145-00747,0.00,4.78,0.00,"[{""label_format"":""PDF""},{""print_custom_1"":""ecom""}]",
2026-08-27T19:02:37Z,shp_00007127,9400100000000000007127,delivered,adr_from0001,Goodwill E-Com (test),Goodwill Michiana (test),100 Test Warehouse Rd,,South Bend,IN,46601,US,false,adr_to001704,Test Buyer,,805 Example Ave,,Testville,IN,46601,US,true,prcl_001704,10,8,4,6.4,,2026-08-27T19:02:38Z,rate_001704,Priority,USPS,5.51,,false,,08-17148-64318,0.00,5.51,0.00,"[{""label_format"":""PDF""},{""print_custom_1"":""ecom""}]",
2026-08-27T19:21:02Z,shp_00007123,9400100000000000007123,delivered,adr_from0001,Goodwill E-Com (test),Goodwill Michiana (test),100 Test Warehouse Rd,,South Bend,IN,46601,US,false,adr_to001705,Test Buyer,,806 Example Ave,,Sampleton,OH,43004,US,true,prcl_001705,10,8,4,52.8,,2026-08-27T19:21:03Z,rate_001705,Priority,USPS,5.44,,false,,111-2717132-9604749,0.00,5.44,0.00,"[{""label_format"":""PDF""},{""print_custom_1"":""ecom""}]",
2026-08-27T19:36:14Z,shp_00007096,9400100000000000007096,delivered,adr_from0001,Goodwill E-Com (test),Goodwill Michiana (test),100 Test Warehouse Rd,,South Bend,IN,46601,US,false,adr_to001706,Test Buyer,,807 Example Ave,,Mocksburg,MI,49001,US,true,prcl_001706,10,8,4,70.4,,2026-08-27T19:36:15Z,rate_001706,Priority,USPS,4.87,,false,,SGW-7717078,0.00,4.87,0.00,"[{""label_format"":""PDF""},{""print_custom_1"":""ecom""}]",
2026-08-27T19:36:54Z,shp_00007080,9400100000000000007080,delivered,adr_from0001,Goodwill E-Com (test),Goodwill Michiana (test),100 Test Warehouse Rd,,South Bend,IN,46601,US,false,adr_to001707,Test Buyer,,808 Example Ave,,Fakeport,IL,60601,US,true,prcl_001707,10,8,4,22.4,,2026-08-27T19:36:55Z,rate_001707,GroundAdvantage,USPS,7.08,,false,,SGW-7717043,0.00,7.08,0.00,"[{""label_format"":""PDF""},{""print_custom_1"":""ecom""}]",
2026-08-27T19:38:36Z,shp_00007113,9400100000000000007113,delivered,adr_from0001,Goodwill E-Com (test),Goodwill Michiana (test),100 Test Warehouse Rd,,South Bend,IN,46601,US,false,adr_to001708,Test Buyer,,809 Example Ave,,Testville,IN,46601,US,true,prcl_001708,10,8,4,38.4,,2026-08-27T19:38:37Z,rate_001708,GroundAdvantage,USPS,3.43,,false,,113-8517112-4207702,0.00,3.43,0.00,"[{""label_format"":""PDF""},{""print_custom_1"":""ecom""}]",
2026-08-27T19:41:27Z,shp_00007028,9400100000000000007028,delivered,adr_from0001,Goodwill E-Com (test),Goodwill Michiana (test),100 Test Warehouse Rd,,South Bend,IN,46601,US,false,adr_to001709,Test Buyer,,810 Example Ave,,Sampleton,OH,43004,US,true,prcl_001709,10,8,4,44.8,,2026-08-27T19:41:28Z,rate_001709,GroundAdvantage,USPS,12.10,,false,,SGW-7716916,0.00,12.10,0.00,"[{""label_format"":""PDF""},{""print_custom_1"":""ecom""}]",
2026-08-27T19:47:30Z,shp_00007077,9400100000000000007077,in_transit,adr_from0001,Goodwill E-Com (test),Goodwill Michiana (test),100 Test Warehouse Rd,,South Bend,IN,46601,US,false,adr_to001710,Test Buyer,,811 Example Ave,,Mocksburg,MI,49001,US,true,prcl_001710,10,8,4,36.8,,2026-08-27T19:47:31Z,rate_001710,Priority,USPS,6.61,,false,,SGW-7717033,0.00,6.61,0.00,"[{""label_format"":""PDF""},{""print_custom_1"":""ecom""}]",
2026-08-27T19:48:38Z,shp_00007009,9400100000000000007009,delivered,adr_from0001,Goodwill E-Com (test),Goodwill Michiana (test),100 Test Warehouse Rd,,South Bend,IN,46601,US,false,adr_to001711,Test Buyer,,812 Example Ave,,Fakeport,IL,60601,US,true,prcl_001711,10,8,4,46.4,,2026-08-27T19:48:39Z,rate_001711,GroundAdvantage,USPS,9.12,,false,,SGW-7716886,0.00,9.12,0.00,"[{""label_format"":""PDF""},{""print_custom_1"":""ecom""}]",
2026-08-27T20:00:38Z,shp_00007064,9400100000000000007064,delivered,adr_from0001,Goodwill E-Com (test),Goodwill Michiana (test),100 Test Warehouse Rd,,South Bend,IN,46601,US,false,adr_to001712,Test Buyer,,813 Example Ave,,Testville,IN,46601,US,true,prcl_001712,10,8,4,38.4,,2026-08-27T20:00:39Z,rate_001712,GroundAdvantage,USPS,3.40,,false,,113-1116985-5478330,0.00,3.40,0.00,"[{""label_format"":""PDF""},{""print_custom_1"":""ecom""}]",
2026-08-27T20:15:36Z,shp_00007098,9400100000000000007098,delivered,adr_from0001,Goodwill E-Com (test),Goodwill Michiana (test),100 Test Warehouse Rd,,South Bend,IN,46601,US,false,adr_to001713,Test Buyer,,814 Example Ave,,Sampleton,OH,43004,US,true,prcl_001713,10,8,4,12.8,,2026-08-27T20:15:37Z,rate_001713,Priority,USPS,5.17,,false,,112-7617082-1321098,0.00,5.17,0.00,"[{""label_format"":""PDF""},{""print_custom_1"":""ecom""}]",
2026-08-27T20:29:59Z,shp_00007048,9400100000000000007048,delivered,adr_from0001,Goodwill E-Com (test),Goodwill Michiana (test),100 Test Warehouse Rd,,South Bend,IN,46601,US,false,adr_to001714,Test Buyer,,815 Example Ave,,Mocksburg,MI,49001,US,true,prcl_001714,10,8,4,30.4,,2026-08-27T20:30:00Z,rate_001714,GroundAdvantage,USPS,3.30,,false,,114-3516958-7952321,0.00,3.30,0.00,"[{""label_format"":""PDF""},{""print_custom_1"":""ecom""}]",
2026-08-27T20:37:01Z,shp_00007111,9400100000000000007111,delivered,adr_from0001,Goodwill E-Com (test),Goodwill Michiana (test),100 Test Warehouse Rd,,South Bend,IN,46601,US,false,adr_to001715,Test Buyer,,816 Example Ave,,Fakeport,IL,60601,US,true,prcl_001715,10,8,4,24.0,,2026-08-27T20:37:02Z,rate_001715,GroundAdvantage,USPS,3.81,,false,,114-3917107-1147654,0.00,3.81,0.00,"[{""label_format"":""PDF""},{""print_custom_1"":""ecom""}]",
2026-08-27T20:37:17Z,shp_00007094,9400100000000000007094,delivered,adr_from0001,Goodwill E-Com (test),Goodwill Michiana (test),100 Test Warehouse Rd,,South Bend,IN,46601,US,false,adr_to001716,Test Buyer,,817 Example Ave,,Testville,IN,46601,US,true,prcl_001716,10,8,4,11.2,,2026-08-27T20:37:18Z,rate_001716,GroundAdvantage,USPS,10.24,,false,,SGW-7717071,0.00,10.24,0.00,"[{""label_format"":""PDF""},{""print_custom_1"":""ecom""}]",
2026-08-27T20:52:56Z,shp_00007060,9400100000000000007060,delivered,adr_from0001,Goodwill E-Com (test),Goodwill Michiana (test),100 Test Warehouse Rd,,South Bend,IN,46601,US,false,adr_to001717,Test Buyer,,818 Example Ave,,Sampleton,OH,43004,US,true,prcl_001717,10,8,4,24.0,,2026-08-27T20:52:57Z,rate_001717,GroundAdvantage,USPS,3.83,,false,,114-6516978-4972632,0.00,3.83,0.00,"[{""label_format"":""PDF""},{""print_custom_1"":""ecom""}]",
2026-08-27T20:54:14Z,shp_00007054,9400100000000000007054,delivered,adr_from0001,Goodwill E-Com (test),Goodwill Michiana (test),100 Test Warehouse Rd,,South Bend,IN,46601,US,false,adr_to001718,Test Buyer,,819 Example Ave,,Mocksburg,MI,49001,US,true,prcl_001718,10,8,4,19.2,,2026-08-27T20:54:15Z,rate_001718,GroundAdvantage,USPS,3.81,,false,,112-0816969-6437762,0.00,3.81,0.00,"[{""label_format"":""PDF""},{""print_custom_1"":""ecom""}]",
2026-08-27T20:59:02Z,shp_00007118,9400100000000000007118,in_transit,adr_from0001,Goodwill E-Com (test),Goodwill Michiana (test),100 Test Warehouse Rd,,South Bend,IN,46601,US,false,adr_to001719,Test Buyer,,820 Example Ave,,Fakeport,IL,60601,US,true,prcl_001719,10,8,4,20.8,,2026-08-27T20:59:03Z,rate_001719,Priority,USPS,3.54,,false,,111-3217124-9448512,0.00,3.54,0.00,"[{""label_format"":""PDF""},{""print_custom_1"":""ecom""}]",
2026-08-27T20:59:54Z,shp_00007055,9400100000000000007055,delivered,adr_from0001,Goodwill E-Com (test),Goodwill Michiana (test),100 Test Warehouse Rd,,South Bend,IN,46601,US,false,adr_to001720,Test Buyer,,821 Example Ave,,Testville,IN,46601,US,true,prcl_001720,10,8,4,17.6,,2026-08-27T20:59:55Z,rate_001720,GroundAdvantage,USPS,5.81,,false,,111-6216971-7631916,0.00,5.81,0.00,"[{""label_format"":""PDF""},{""print_custom_1"":""ecom""}]",
2026-08-28T13:01:13Z,shp_00007160,9400100000000000007160,delivered,adr_from0001,Goodwill E-Com (test),Goodwill Michiana (test),100 Test Warehouse Rd,,South Bend,IN,46601,US,false,adr_to001721,Test Buyer,,822 Example Ave,,Sampleton,OH,43004,US,true,prcl_001721,10,8,4,86.4,,2026-08-28T13:01:14Z,rate_001721,Priority,USPS,5.76,,false,,112-6417238-9684449,0.00,5.76,0.00,"[{""label_format"":""PDF""},{""print_custom_1"":""ecom""}]",
2026-08-28T13:05:09Z,shp_00007149,9400100000000000007149,delivered,adr_from0001,Goodwill E-Com (test),Goodwill Michiana (test),100 Test Warehouse Rd,,South Bend,IN,46601,US,false,adr_to001722,Test Buyer,,823 Example Ave,,Mocksburg,MI,49001,US,true,prcl_001722,10,8,4,36.8,,2026-08-28T13:05:10Z,rate_001722,Priority,USPS,5.31,,false,,SGW-7717213,0.00,5.31,0.00,"[{""label_format"":""PDF""},{""print_custom_1"":""ecom""}]",
2026-08-28T13:24:58Z,shp_00007137,9400100000000000007137,delivered,adr_from0001,Goodwill E-Com (test),Goodwill Michiana (test),100 Test Warehouse Rd,,South Bend,IN,46601,US,false,adr_to001723,Test Buyer,,824 Example Ave,,Fakeport,IL,60601,US,true,prcl_001723,10,8,4,35.2,,2026-08-28T13:24:59Z,rate_001723,Priority,USPS,6.45,,false,,SGW-7717192,0.00,6.45,0.00,"[{""label_format"":""PDF""},{""print_custom_1"":""ecom""}]",
2026-08-28T13:29:28Z,shp_00007145,9400100000000000007145,delivered,adr_from0001,Goodwill E-Com (test),Goodwill Michiana (test),100 Test Warehouse Rd,,South Bend,IN,46601,US,false,adr_to001724,Test Buyer,,825 Example Ave,,Testville,IN,46601,US,true,prcl_001724,10,8,4,17.6,,2026-08-28T13:29:29Z,rate_001724,GroundAdvantage,USPS,7.94,,false,,SGW-7717208,0.00,7.94,0.00,"[{""label_format"":""PDF""},{""print_custom_1"":""ecom""}]",
2026-08-28T13:30:21Z,shp_00007175,9400100000000000007175,delivered,adr_from0001,Goodwill E-Com (test),Goodwill Michiana (test),100 Test Warehouse Rd,,South Bend,IN,46601,US,false,adr_to001725,Test Buyer,,826 Example Ave,,Sampleton,OH,43004,US,true,prcl_001725,10,8,4,60.8,,2026-08-28T13:30:22Z,rate_001725,GroundAdvantage,USPS,3.42,,false,,112-1317261-5075427,0.00,3.42,0.00,"[{""label_format"":""PDF""},{""print_custom_1"":""ecom""}]",
2026-08-28T13:36:43Z,shp_00007184,9400100000000000007184,delivered,adr_from0001,Goodwill E-Com (test),Goodwill Michiana (test),100 Test Warehouse Rd,,South Bend,IN,46601,US,false,adr_to001726,Test Buyer,,827 Example Ave,,Mocksburg,MI,49001,US,true,prcl_001726,10,8,4,25.6,,2026-08-28T13:36:44Z,rate_001726,Priority,USPS,5.09,,false,,09-17274-78422,0.00,5.09,0.00,"[{""label_format"":""PDF""},{""print_custom_1"":""ecom""}]",
2026-08-28T13:46:21Z,shp_00007099,9400100000000000007099,delivered,adr_from0001,Goodwill E-Com (test),Goodwill Michiana (test),100 Test Warehouse Rd,,South Bend,IN,46601,US,false,adr_to001727,Test Buyer,,828 Example Ave,,Fakeport,IL,60601,US,true,prcl_001727,10,8,4,32.0,,2026-08-28T13:46:22Z,rate_001727,GroundAdvantage,USPS,3.56,,false,,113-6717084-8602689,0.00,3.56,0.00,"[{""label_format"":""PDF""},{""print_custom_1"":""ecom""}]",
2026-08-28T13:51:13Z,shp_00007090,9400100000000000007090,in_transit,adr_from0001,Goodwill E-Com (test),Goodwill Michiana (test),100 Test Warehouse Rd,,South Bend,IN,46601,US,false,adr_to001728,Test Buyer,,829 Example Ave,,Testville,IN,46601,US,true,prcl_001728,10,8,4,17.6,,2026-08-28T13:51:14Z,rate_001728,GroundAdvantage,USPS,14.01,,false,,SGW-7717066,0.00,14.01,0.00,"[{""label_format"":""PDF""},{""print_custom_1"":""ecom""}]",
2026-08-28T13:56:27Z,shp_00007174,9400100000000000007174,delivered,adr_from0001,Goodwill E-Com (test),Goodwill Michiana (test),100 Test Warehouse Rd,,South Bend,IN,46601,US,false,adr_to001729,Test Buyer,,830 Example Ave,,Sampleton,OH,43004,US,true,prcl_001729,10,8,4,17.6,,2026-08-28T13:56:28Z,rate_001729,GroundAdvantage,USPS,3.76,,false,,114-8817260-4232612,0.00,3.76,0.00,"[{""label_format"":""PDF""},{""print_custom_1"":""ecom""}]",
2026-08-28T14:13:59Z,shp_00007121,9400100000000000007121,delivered,adr_from0001,Goodwill E-Com (test),Goodwill Michiana (test),100 Test Warehouse Rd,,South Bend,IN,46601,US,false,adr_to001730,Test Buyer,,831 Example Ave,,Mocksburg,MI,49001,US,true,prcl_001730,10,8,4,25.6,,2026-08-28T14:14:00Z,rate_001730,Priority,USPS,3.75,,false,,113-8017129-9639164,0.00,3.75,0.00,"[{""label_format"":""PDF""},{""print_custom_1"":""ecom""}]",
2026-08-28T14:49:21Z,shp_00007167,9400100000000000007167,delivered,adr_from0001,Goodwill E-Com (test),Goodwill Michiana (test),100 Test Warehouse Rd,,South Bend,IN,46601,US,false,adr_to001731,Test Buyer,,832 Example Ave,,Fakeport,IL,60601,US,true,prcl_001731,10,8,4,41.6,,2026-08-28T14:49:22Z,rate_001731,GroundAdvantage,USPS,3.42,,false,,112-2117250-4793555,0.00,3.42,0.00,"[{""label_format"":""PDF""},{""print_custom_1"":""ecom""}]",
2026-08-28T15:07:24Z,shp_00007148,9400100000000000007148,delivered,adr_from0001,Goodwill E-Com (test),Goodwill Michiana (test),100 Test Warehouse Rd,,South Bend,IN,46601,US,false,adr_to001732,Test Buyer,,833 Example Ave,,Testville,IN,46601,US,true,prcl_001732,10,8,4,30.4,,2026-08-28T15:07:25Z,rate_001732,GroundAdvantage,USPS,8.03,,false,,SGW-7717211,0.00,8.03,0.00,"[{""label_format"":""PDF""},{""print_custom_1"":""ecom""}]",
2026-08-28T15:14:10Z,shp_00007136,9400100000000000007136,delivered,adr_from0001,Goodwill E-Com (test),Goodwill Michiana (test),100 Test Warehouse Rd,,South Bend,IN,46601,US,false,adr_to001733,Test Buyer,,834 Example Ave,,Sampleton,OH,43004,US,true,prcl_001733,10,8,4,12.8,,2026-08-28T15:14:11Z,rate_001733,GroundAdvantage,USPS,10.04,,false,,SGW-7717188,0.00,10.04,0.00,"[{""label_format"":""PDF""},{""print_custom_1"":""ecom""}]",
2026-08-28T15:33:05Z,shp_00007143,9400100000000000007143,delivered,adr_from0001,Goodwill E-Com (test),Goodwill Michiana (test),100 Test Warehouse Rd,,South Bend,IN,46601,US,false,adr_to001734,Test Buyer,,835 Example Ave,,Mocksburg,MI,49001,US,true,prcl_001734,10,8,4,8.0,,2026-08-28T15:33:06Z,rate_001734,GroundAdvantage,USPS,5.54,,false,,SGW-7717205,0.00,5.54,0.00,"[{""label_format"":""PDF""},{""print_custom_1"":""ecom""}]",
2026-08-28T15:53:22Z,shp_00007162,9400100000000000007162,delivered,adr_from0001,Goodwill E-Com (test),Goodwill Michiana (test),100 Test Warehouse Rd,,South Bend,IN,46601,US,false,adr_to001735,Test Buyer,,836 Example Ave,,Fakeport,IL,60601,US,true,prcl_001735,10,8,4,12.8,,2026-08-28T15:53:23Z,rate_001735,GroundAdvantage,USPS,3.54,,false,,111-8417240-8976253,0.00,3.54,0.00,"[{""label_format"":""PDF""},{""print_custom_1"":""ecom""}]",
2026-08-28T15:58:47Z,shp_00007134,9400100000000000007134,delivered,adr_from0001,Goodwill E-Com (test),Goodwill Michiana (test),100 Test Warehouse Rd,,South Bend,IN,46601,US,false,adr_to001736,Test Buyer,,837 Example Ave,,Testville,IN,46601,US,true,prcl_001736,10,8,4,11.2,,2026-08-28T15:58:48Z,rate_001736,GroundAdvantage,USPS,14.91,,false,,SGW-7717186,0.00,14.91,0.00,"[{""label_format"":""PDF""},{""print_custom_1"":""ecom""}]",
2026-08-28T16:03:34Z,shp_00007163,9400100000000000007163,in_transit,adr_from0001,Goodwill E-Com (test),Goodwill Michiana (test),100 Test Warehouse Rd,,South Bend,IN,46601,US,false,adr_to001737,Test Buyer,,838 Example Ave,,Sampleton,OH,43004,US,true,prcl_001737,10,8,4,12.8,,2026-08-28T16:03:35Z,rate_001737,Priority,USPS,3.76,,false,,111-1917243-2181439,0.00,3.76,0.00,"[{""label_format"":""PDF""},{""print_custom_1"":""ecom""}]",
2026-08-28T16:11:17Z,shp_00007185,9400100000000000007185,delivered,adr_from0001,Goodwill E-Com (test),Goodwill Michiana (test),100 Test Warehouse Rd,,South Bend,IN,46601,US,false,adr_to001738,Test Buyer,,839 Example Ave,,Mocksburg,MI,49001,US,true,prcl_001738,10,8,4,19.2,,2026-08-28T16:11:18Z,rate_001738,GroundAdvantage,USPS,4.92,,false,,02-17276-54903,0.00,4.92,0.00,"[{""label_format"":""PDF""},{""print_custom_1"":""ecom""}]",
2026-08-28T16:18:11Z,shp_00007156,9400100000000000007156,delivered,adr_from0001,Goodwill E-Com (test),Goodwill Michiana (test),100 Test Warehouse Rd,,South Bend,IN,46601,US,false,adr_to001739,Test Buyer,,840 Example Ave,,Fakeport,IL,60601,US,true,prcl_001739,10,8,4,17.6,,2026-08-28T16:18:12Z,rate_001739,Priority,USPS,9.14,,false,,SGW-7717229,0.00,9.14,0.00,"[{""label_format"":""PDF""},{""print_custom_1"":""ecom""}]",
2026-08-28T16:20:29Z,shp_00007183,9400100000000000007183,delivered,adr_from0001,Goodwill E-Com (test),Goodwill Michiana (test),100 Test Warehouse Rd,,South Bend,IN,46601,US,false,adr_to001740,Test Buyer,,841 Example Ave,,Testville,IN,46601,US,true,prcl_001740,10,8,4,56.0,,2026-08-28T16:20:30Z,rate_001740,GroundAdvantage,USPS,3.39,,false,,113-0617271-1839129,0.00,3.39,0.00,"[{""label_format"":""PDF""},{""print_custom_1"":""ecom""}]",
2026-08-28T16:28:11Z,shp_00007193,9400100000000000007193,delivered,adr_from0001,Goodwill E-Com (test),Goodwill Michiana (test),100 Test Warehouse Rd,,South Bend,IN,46601,US,false,adr_to001741,Test Buyer,,842 Example Ave,,Sampleton,OH,43004,US,true,prcl_001741,10,8,4,49.6,,2026-08-28T16:28:12Z,rate_001741,GroundAdvantage,USPS,7.50,,false,,19-17295-64794,0.00,7.50,0.00,"[{""label_format"":""PDF""},{""print_custom_1"":""ecom""}]",
2026-08-28T16:31:51Z,shp_00007178,9400100000000000007178,delivered,adr_from0001,Goodwill E-Com (test),Goodwill Michiana (test),100 Test Warehouse Rd,,South Bend,IN,46601,US,false,adr_to001742,Test Buyer,,843 Example Ave,,Mocksburg,MI,49001,US,true,prcl_001742,10,8,4,52.8,,2026-08-28T16:31:52Z,rate_001742,GroundAdvantage,USPS,3.86,,false,,114-6517265-4107740,0.00,3.86,0.00,"[{""label_format"":""PDF""},{""print_custom_1"":""ecom""}]",
2026-08-28T16:35:03Z,shp_00007115,9400100000000000007115,delivered,adr_from0001,Goodwill E-Com (test),Goodwill Michiana (test),100 Test Warehouse Rd,,South Bend,IN,46601,US,false,adr_to001743,Test Buyer,,844 Example Ave,,Fakeport,IL,60601,US,true,prcl_001743,10,8,4,8.0,,2026-08-28T16:35:04Z,rate_001743,Priority,USPS,3.78,,false,,112-9117115-7386892,0.00,3.78,0.00,"[{""label_format"":""PDF""},{""print_custom_1"":""ecom""}]",
2026-08-28T16:39:34Z,shp_00007152,9400100000000000007152,delivered,adr_from0001,Goodwill E-Com (test),Goodwill Michiana (test),100 Test Warehouse Rd,,South Bend,IN,46601,US,false,adr_to001744,Test Buyer,,845 Example Ave,,Testville,IN,46601,US,true,prcl_001744,10,8,4,17.6,,2026-08-28T16:39:35Z,rate_001744,GroundAdvantage,USPS,6.69,,false,,SGW-7717220,0.00,6.69,0.00,"[{""label_format"":""PDF""},{""print_custom_1"":""ecom""}]",
2026-08-28T16:40:05Z,shp_00007173,9400100000000000007173,delivered,adr_from0001,Goodwill E-Com (test),Goodwill Michiana (test),100 Test Warehouse Rd,,South Bend,IN,46601,US,false,adr_to001745,Test Buyer,,846 Example Ave,,Sampleton,OH,43004,US,true,prcl_001745,10,8,4,51.2,,2026-08-28T16:40:06Z,rate_001745,GroundAdvantage,USPS,3.65,,false,,111-1617258-8616890,0.00,3.65,0.00,"[{""label_format"":""PDF""},{""print_custom_1"":""ecom""}]",
2026-08-28T17:10:43Z,shp_00007190,9400100000000000007190,in_transit,adr_from0001,Goodwill E-Com (test),Goodwill Michiana (test),100 Test Warehouse Rd,,South Bend,IN,46601,US,false,adr_to001746,Test Buyer,,847 Example Ave,,Mocksburg,MI,49001,US,true,prcl_001746,10,8,4,9.6,,2026-08-28T17:10:44Z,rate_001746,GroundAdvantage,USPS,4.91,,false,,21-17292-07440,0.00,4.91,0.00,"[{""label_format"":""PDF""},{""print_custom_1"":""ecom""}]",
2026-08-28T17:15:11Z,shp_00007192,9400100000000000007192,delivered,adr_from0001,Goodwill E-Com (test),Goodwill Michiana (test),100 Test Warehouse Rd,,South Bend,IN,46601,US,false,adr_to001747,Test Buyer,,848 Example Ave,,Fakeport,IL,60601,US,true,prcl_001747,10,8,4,54.4,,2026-08-28T17:15:12Z,rate_001747,GroundAdvantage,USPS,6.53,,false,,27-17294-11184,0.00,6.53,0.00,"[{""label_format"":""PDF""},{""print_custom_1"":""ecom""}]",
2026-08-28T17:17:11Z,shp_00007124,9400100000000000007124,delivered,adr_from0001,Goodwill E-Com (test),Goodwill Michiana (test),100 Test Warehouse Rd,,South Bend,IN,46601,US,false,adr_to001748,Test Buyer,,849 Example Ave,,Testville,IN,46601,US,true,prcl_001748,10,8,4,40.0,,2026-08-28T17:17:12Z,rate_001748,GroundAdvantage,USPS,7.82,,false,,26-17139-40122,0.00,7.82,0.00,"[{""label_format"":""PDF""},{""print_custom_1"":""ecom""}]",
2026-08-28T17:38:05Z,shp_00007151,9400100000000000007151,delivered,adr_from0001,Goodwill E-Com (test),Goodwill Michiana (test),100 Test Warehouse Rd,,South Bend,IN,46601,US,false,adr_to001749,Test Buyer,,850 Example Ave,,Sampleton,OH,43004,US,true,prcl_001749,10,8,4,17.6,,2026-08-28T17:38:06Z,rate_001749,GroundAdvantage,USPS,21.37,,false,,SGW-7717216,0.00,21.37,0.00,"[{""label_format"":""PDF""},{""print_custom_1"":""ecom""}]",
2026-08-28T17:43:21Z,shp_00007161,9400100000000000007161,delivered,adr_from0001,Goodwill E-Com (test),Goodwill Michiana (test),100 Test Warehouse Rd,,South Bend,IN,46601,US,false,adr_to001750,Test Buyer,,851 Example Ave,,Mocksburg,MI,49001,US,true,prcl_001750,10,8,4,11.2,,2026-08-28T17:43:22Z,rate_001750,GroundAdvantage,USPS,4.98,,false,,112-7417239-7729225,0.00,4.98,0.00,"[{""label_format"":""PDF""},{""print_custom_1"":""ecom""}]",
2026-08-28T17:44:21Z,shp_00007169,9400100000000000007169,delivered,adr_from0001,Goodwill E-Com (test),Goodwill Michiana (test),100 Test Warehouse Rd,,South Bend,IN,46601,US,false,adr_to001751,Test Buyer,,852 Example Ave,,Fakeport,IL,60601,US,true,prcl_001751,10,8,4,25.6,,2026-08-28T17:44:22Z,rate_001751,GroundAdvantage,USPS,3.89,,false,,112-2917253-2700807,0.00,3.89,0.00,"[{""label_format"":""PDF""},{""print_custom_1"":""ecom""}]",
2026-08-28T17:49:45Z,shp_00007139,9400100000000000007139,delivered,adr_from0001,Goodwill E-Com (test),Goodwill Michiana (test),100 Test Warehouse Rd,,South Bend,IN,46601,US,false,adr_to001752,Test Buyer,,853 Example Ave,,Testville,IN,46601,US,true,prcl_001752,10,8,4,72.0,,2026-08-28T17:49:46Z,rate_001752,Priority,USPS,11.36,,false,,SGW-7717199,0.00,11.36,0.00,"[{""label_format"":""PDF""},{""print_custom_1"":""ecom""}]",
2026-08-28T18:09:10Z,shp_00007141,9400100000000000007141,delivered,adr_from0001,Goodwill E-Com (test),Goodwill Michiana (test),100 Test Warehouse Rd,,South Bend,IN,46601,US,false,adr_to001753,Test Buyer,,854 Example Ave,,Sampleton,OH,43004,US,true,prcl_001753,10,8,4,19.2,,2026-08-28T18:09:11Z,rate_001753,GroundAdvantage,USPS,10.39,,false,,SGW-7717203,0.00,10.39,0.00,"[{""label_format"":""PDF""},{""print_custom_1"":""ecom""}]",
2026-08-28T18:14:27Z,shp_00007146,9400100000000000007146,delivered,adr_from0001,Goodwill E-Com (test),Goodwill Michiana (test),100 Test Warehouse Rd,,South Bend,IN,46601,US,false,adr_to001754,Test Buyer,,855 Example Ave,,Mocksburg,MI,49001,US,true,prcl_001754,10,8,4,44.8,,2026-08-28T18:14:28Z,rate_001754,Priority,USPS,7.45,,false,,SGW-7717209,0.00,7.45,0.00,"[{""label_format"":""PDF""},{""print_custom_1"":""ecom""}]",
2026-08-28T18:14:51Z,shp_00007032,9400100000000000007032,in_transit,adr_from0001,Goodwill E-Com (test),Goodwill Michiana (test),100 Test Warehouse Rd,,South Bend,IN,46601,US,false,adr_to001755,Test Buyer,,856 Example Ave,,Fakeport,IL,60601,US,true,prcl_001755,10,8,4,32.0,,2026-08-28T18:14:52Z,rate_001755,GroundAdvantage,USPS,9.20,,false,,SGW-7716932,0.00,9.20,0.00,"[{""label_format"":""PDF""},{""print_custom_1"":""ecom""}]",
2026-08-28T18:25:13Z,shp_00007181,9400100000000000007181,delivered,adr_from0001,Goodwill E-Com (test),Goodwill Michiana (test),100 Test Warehouse Rd,,South Bend,IN,46601,US,false,adr_to001756,Test Buyer,,857 Example Ave,,Testville,IN,46601,US,true,prcl_001756,10,8,4,33.6,,2026-08-28T18:25:14Z,rate_001756,GroundAdvantage,USPS,3.89,,false,,111-1517269-1242668,0.00,3.89,0.00,"[{""label_format"":""PDF""},{""print_custom_1"":""ecom""}]",
2026-08-28T18:27:15Z,shp_00007182,9400100000000000007182,delivered,adr_from0001,Goodwill E-Com (test),Goodwill Michiana (test),100 Test Warehouse Rd,,South Bend,IN,46601,US,false,adr_to001757,Test Buyer,,858 Example Ave,,Sampleton,OH,43004,US,true,prcl_001757,10,8,4,19.2,,2026-08-28T18:27:16Z,rate_001757,GroundAdvantage,USPS,3.75,,false,,113-9117270-5420180,0.00,3.75,0.00,"[{""label_format"":""PDF""},{""print_custom_1"":""ecom""}]",
2026-08-28T18:53:52Z,shp_00007140,9400100000000000007140,delivered,adr_from0001,Goodwill E-Com (test),Goodwill Michiana (test),100 Test Warehouse Rd,,South Bend,IN,46601,US,false,adr_to001758,Test Buyer,,859 Example Ave,,Mocksburg,MI,49001,US,true,prcl_001758,10,8,4,52.8,,2026-08-28T18:53:53Z,rate_001758,GroundAdvantage,USPS,9.51,,false,,SGW-7717200,0.00,9.51,0.00,"[{""label_format"":""PDF""},{""print_custom_1"":""ecom""}]",
2026-08-28T18:55:20Z,shp_00007177,9400100000000000007177,delivered,adr_from0001,Goodwill E-Com (test),Goodwill Michiana (test),100 Test Warehouse Rd,,South Bend,IN,46601,US,false,adr_to001759,Test Buyer,,860 Example Ave,,Fakeport,IL,60601,US,true,prcl_001759,10,8,4,22.4,,2026-08-28T18:55:21Z,rate_001759,GroundAdvantage,USPS,3.57,,false,,113-9717263-9742834,0.00,3.57,0.00,"[{""label_format"":""PDF""},{""print_custom_1"":""ecom""}]",
2026-08-28T18:58:38Z,shp_00007172,9400100000000000007172,delivered,adr_from0001,Goodwill E-Com (test),Goodwill Michiana (test),100 Test Warehouse Rd,,South Bend,IN,46601,US,false,adr_to001760,Test Buyer,,861 Example Ave,,Testville,IN,46601,US,true,prcl_001760,10,8,4,27.2,,2026-08-28T18:58:39Z,rate_001760,GroundAdvantage,USPS,5.63,,false,,112-4617257-6810551,0.00,5.63,0.00,"[{""label_format"":""PDF""},{""print_custom_1"":""ecom""}]",
2026-08-28T19:02:06Z,shp_00007194,9400100000000000007194,delivered,adr_from0001,Goodwill E-Com (test),Goodwill Michiana (test),100 Test Warehouse Rd,,South Bend,IN,46601,US,false,adr_to001761,Test Buyer,,862 Example Ave,,Sampleton,OH,43004,US,true,prcl_001761,10,8,4,22.4,,2026-08-28T19:02:07Z,rate_001761,GroundAdvantage,USPS,3.34,,false,,08-17297-78877,0.00,3.34,0.00,"[{""label_format"":""PDF""},{""print_custom_1"":""ecom""}]",
2026-08-28T19:15:05Z,shp_00007125,9400100000000000007125,delivered,adr_from0001,Goodwill E-Com (test),Goodwill Michiana (test),100 Test Warehouse Rd,,South Bend,IN,46601,US,false,adr_to001762,Test Buyer,,863 Example Ave,,Mocksburg,MI,49001,US,true,prcl_001762,10,8,4,28.8,,2026-08-28T19:15:06Z,rate_001762,Priority,USPS,12.49,,false,,26-17144-90534,0.00,12.49,0.00,"[{""label_format"":""PDF""},{""print_custom_1"":""ecom""}]",
2026-08-28T19:28:08Z,shp_00007120,9400100000000000007120,delivered,adr_from0001,Goodwill E-Com (test),Goodwill Michiana (test),100 Test Warehouse Rd,,South Bend,IN,46601,US,false,adr_to001763,Test Buyer,,864 Example Ave,,Fakeport,IL,60601,US,true,prcl_001763,10,8,4,12.8,,2026-08-28T19:28:09Z,rate_001763,GroundAdvantage,USPS,3.55,,false,,114-0217128-4766422,0.00,3.55,0.00,"[{""label_format"":""PDF""},{""print_custom_1"":""ecom""}]",
2026-08-28T19:30:18Z,shp_00007109,9400100000000000007109,in_transit,adr_from0001,Goodwill E-Com (test),Goodwill Michiana (test),100 Test Warehouse Rd,,South Bend,IN,46601,US,false,adr_to001764,Test Buyer,,865 Example Ave,,Testville,IN,46601,US,true,prcl_001764,10,8,4,12.8,,2026-08-28T19:30:19Z,rate_001764,Priority,USPS,3.61,,false,,113-2817101-3736052,0.00,3.61,0.00,"[{""label_format"":""PDF""},{""print_custom_1"":""ecom""}]",
2026-08-28T19:31:24Z,shp_00007078,9400100000000000007078,delivered,adr_from0001,Goodwill E-Com (test),Goodwill Michiana (test),100 Test Warehouse Rd,,South Bend,IN,46601,US,false,adr_to001765,Test Buyer,,866 Example Ave,,Sampleton,OH,43004,US,true,prcl_001765,10,8,4,25.6,,2026-08-28T19:31:25Z,rate_001765,Priority,USPS,8.51,,false,,SGW-7717040,0.00,8.51,0.00,"[{""label_format"":""PDF""},{""print_custom_1"":""ecom""}]",
2026-08-28T19:33:50Z,shp_00007176,9400100000000000007176,delivered,adr_from0001,Goodwill E-Com (test),Goodwill Michiana (test),100 Test Warehouse Rd,,South Bend,IN,46601,US,false,adr_to001766,Test Buyer,,867 Example Ave,,Mocksburg,MI,49001,US,true,prcl_001766,10,8,4,25.6,,2026-08-28T19:33:51Z,rate_001766,GroundAdvantage,USPS,3.38,,false,,112-6817262-3527540,0.00,3.38,0.00,"[{""label_format"":""PDF""},{""print_custom_1"":""ecom""}]",
2026-08-28T19:49:32Z,shp_00007114,9400100000000000007114,delivered,adr_from0001,Goodwill E-Com (test),Goodwill Michiana (test),100 Test Warehouse Rd,,South Bend,IN,46601,US,false,adr_to001767,Test Buyer,,868 Example Ave,,Fakeport,IL,60601,US,true,prcl_001767,10,8,4,11.2,,2026-08-28T19:49:33Z,rate_001767,GroundAdvantage,USPS,3.36,,false,,112-7417114-6687235,0.00,3.36,0.00,"[{""label_format"":""PDF""},{""print_custom_1"":""ecom""}]",
2026-08-28T19:53:38Z,shp_00007171,9400100000000000007171,delivered,adr_from0001,Goodwill E-Com (test),Goodwill Michiana (test),100 Test Warehouse Rd,,South Bend,IN,46601,US,false,adr_to001768,Test Buyer,,869 Example Ave,,Testville,IN,46601,US,true,prcl_001768,10,8,4,32.0,,2026-08-28T19:53:39Z,rate_001768,GroundAdvantage,USPS,3.59,,false,,114-7817256-6296607,0.00,3.59,0.00,"[{""label_format"":""PDF""},{""print_custom_1"":""ecom""}]",
2026-08-28T19:57:10Z,shp_00007153,9400100000000000007153,delivered,adr_from0001,Goodwill E-Com (test),Goodwill Michiana (test),100 Test Warehouse Rd,,South Bend,IN,46601,US,false,adr_to001769,Test Buyer,,870 Example Ave,,Sampleton,OH,43004,US,true,prcl_001769,10,8,4,56.0,,2026-08-28T19:57:11Z,rate_001769,GroundAdvantage,USPS,11.08,,false,,SGW-7717222,0.00,11.08,0.00,"[{""label_format"":""PDF""},{""print_custom_1"":""ecom""}]",
2026-08-28T20:49:59Z,shp_00007196,9400100000000000007196,delivered,adr_from0001,Goodwill E-Com (test),Goodwill Michiana (test),100 Test Warehouse Rd,,South Bend,IN,46601,US,false,adr_to001770,Test Buyer,,871 Example Ave,,Mocksburg,MI,49001,US,true,prcl_001770,10,8,4,56.0,,2026-08-28T20:50:00Z,rate_001770,GroundAdvantage,USPS,5.98,,false,,m00000017305,0.00,5.98,0.00,"[{""label_format"":""PDF""},{""print_custom_1"":""ecom""}]",
2026-08-29T13:01:29Z,shp_00007256,9400100000000000007256,delivered,adr_from0001,Goodwill E-Com (test),Goodwill Michiana (test),100 Test Warehouse Rd,,South Bend,IN,46601,US,false,adr_to001771,Test Buyer,,872 Example Ave,,Fakeport,IL,60601,US,true,prcl_001771,10,8,4,16.0,,2026-08-29T13:01:30Z,rate_001771,Priority,USPS,3.81,,false,,114-9817429-7889721,0.00,3.81,0.00,"[{""label_format"":""PDF""},{""print_custom_1"":""ecom""}]",
2026-08-29T13:05:20Z,shp_00007213,9400100000000000007213,delivered,adr_from0001,Goodwill E-Com (test),Goodwill Michiana (test),100 Test Warehouse Rd,,South Bend,IN,46601,US,false,adr_to001772,Test Buyer,,873 Example Ave,,Testville,IN,46601,US,true,prcl_001772,10,8,4,25.6,,2026-08-29T13:05:21Z,rate_001772,GroundAdvantage,USPS,9.70,,false,,SGW-7717361,0.00,9.70,0.00,"[{""label_format"":""PDF""},{""print_custom_1"":""ecom""}]",
2026-08-29T13:06:02Z,shp_00007081,9400100000000000007081,in_transit,adr_from0001,Goodwill E-Com (test),Goodwill Michiana (test),100 Test Warehouse Rd,,South Bend,IN,46601,US,false,adr_to001773,Test Buyer,,874 Example Ave,,Sampleton,OH,43004,US,true,prcl_001773,10,8,4,19.2,,2026-08-29T13:06:03Z,rate_001773,GroundAdvantage,USPS,7.13,,false,,SGW-7717049,0.00,7.13,0.00,"[{""label_format"":""PDF""},{""print_custom_1"":""ecom""}]",
2026-08-29T13:34:44Z,shp_00007189,9400100000000000007189,delivered,adr_from0001,Goodwill E-Com (test),Goodwill Michiana (test),100 Test Warehouse Rd,,South Bend,IN,46601,US,false,adr_to001774,Test Buyer,,875 Example Ave,,Mocksburg,MI,49001,US,true,prcl_001774,10,8,4,11.2,,2026-08-29T13:34:45Z,rate_001774,Priority,USPS,6.57,,false,,22-17288-08152,0.00,6.57,0.00,"[{""label_format"":""PDF""},{""print_custom_1"":""ecom""}]",
2026-08-29T13:35:47Z,shp_00007206,9400100000000000007206,delivered,adr_from0001,Goodwill E-Com (test),Goodwill Michiana (test),100 Test Warehouse Rd,,South Bend,IN,46601,US,false,adr_to001775,Test Buyer,,876 Example Ave,,Fakeport,IL,60601,US,true,prcl_001775,10,8,4,38.4,,2026-08-29T13:35:48Z,rate_001775,GroundAdvantage,USPS,7.44,,false,,SGW-7717349,0.00,7.44,0.00,"[{""label_format"":""PDF""},{""print_custom_1"":""ecom""}]",
2026-08-29T13:57:11Z,shp_00007222,9400100000000000007222,delivered,adr_from0001,Goodwill E-Com (test),Goodwill Michiana (test),100 Test Warehouse Rd,,South Bend,IN,46601,US,false,adr_to001776,Test Buyer,,877 Example Ave,,Testville,IN,46601,US,true,prcl_001776,10,8,4,33.6,,2026-08-29T13:57:12Z,rate_001776,GroundAdvantage,USPS,8.65,,false,,SGW-7717376,0.00,8.65,0.00,"[{""label_format"":""PDF""},{""print_custom_1"":""ecom""}]",
2026-08-29T13:59:03Z,shp_00007211,9400100000000000007211,delivered,adr_from0001,Goodwill E-Com (test),Goodwill Michiana (test),100 Test Warehouse Rd,,South Bend,IN,46601,US,false,adr_to001777,Test Buyer,,878 Example Ave,,Sampleton,OH,43004,US,true,prcl_001777,10,8,4,52.8,,2026-08-29T13:59:04Z,rate_001777,GroundAdvantage,USPS,9.09,,false,,SGW-7717358,0.00,9.09,0.00,"[{""label_format"":""PDF""},{""print_custom_1"":""ecom""}]",
2026-08-29T14:00:56Z,shp_00007232,9400100000000000007232,delivered,adr_from0001,Goodwill E-Com (test),Goodwill Michiana (test),100 Test Warehouse Rd,,South Bend,IN,46601,US,false,adr_to001778,Test Buyer,,879 Example Ave,,Mocksburg,MI,49001,US,true,prcl_001778,10,8,4,17.6,,2026-08-29T14:00:57Z,rate_001778,Priority,USPS,5.69,,false,,113-2317392-3083873,0.00,5.69,0.00,"[{""label_format"":""PDF""},{""print_custom_1"":""ecom""}]",
2026-08-29T14:02:41Z,shp_00007226,9400100000000000007226,delivered,adr_from0001,Goodwill E-Com (test),Goodwill Michiana (test),100 Test Warehouse Rd,,South Bend,IN,46601,US,false,adr_to001779,Test Buyer,,880 Example Ave,,Fakeport,IL,60601,US,true,prcl_001779,10,8,4,24.0,,2026-08-29T14:02:42Z,rate_001779,GroundAdvantage,USPS,3.85,,false,,114-7317383-4053130,0.00,3.85,0.00,"[{""label_format"":""PDF""},{""print_custom_1"":""ecom""}]",
2026-08-29T14:11:33Z,shp_00007144,9400100000000000007144,delivered,adr_from0001,Goodwill E-Com (test),Goodwill Michiana (test),100 Test Warehouse Rd,,South Bend,IN,46601,US,false,adr_to001780,Test Buyer,,881 Example Ave,,Testville,IN,46601,US,true,prcl_001780,10,8,4,14.4,,2026-08-29T14:11:34Z,rate_001780,GroundAdvantage,USPS,6.88,,false,,SGW-7717206,0.00,6.88,0.00,"[{""label_format"":""PDF""},{""print_custom_1"":""ecom""}]",
2026-08-29T14:13:55Z,shp_00007216,9400100000000000007216,delivered,adr_from0001,Goodwill E-Com (test),Goodwill Michiana (test),100 Test Warehouse Rd,,South Bend,IN,46601,US,false,adr_to001781,Test Buyer,,882 Example Ave,,Sampleton,OH,43004,US,true,prcl_001781,10,8,4,33.6,,2026-08-29T14:13:56Z,rate_001781,GroundAdvantage,USPS,9.59,,false,,SGW-7717367,0.00,9.59,0.00,"[{""label_format"":""PDF""},{""print_custom_1"":""ecom""}]",
2026-08-29T14:19:44Z,shp_00007267,9400100000000000007267,in_transit,adr_from0001,Goodwill E-Com (test),Goodwill Michiana (test),100 Test Warehouse Rd,,South Bend,IN,46601,US,false,adr_to001782,Test Buyer,,883 Example Ave,,Mocksburg,MI,49001,US,true,prcl_001782,10,8,4,12.8,,2026-08-29T14:19:45Z,rate_001782,GroundAdvantage,USPS,6.57,,false,,m00000017475,0.00,6.57,0.00,"[{""label_format"":""PDF""},{""print_custom_1"":""ecom""}]",
2026-08-29T14:20:18Z,shp_00007221,9400100000000000007221,delivered,adr_from0001,Goodwill E-Com (test),Goodwill Michiana (test),100 Test Warehouse Rd,,South Bend,IN,46601,US,false,adr_to001783,Test Buyer,,884 Example Ave,,Fakeport,IL,60601,US,true,prcl_001783,10,8,4,8.0,,2026-08-29T14:20:19Z,rate_001783,GroundAdvantage,USPS,18.84,,false,,SGW-7717374,0.00,18.84,0.00,"[{""label_format"":""PDF""},{""print_custom_1"":""ecom""}]",
2026-08-29T14:31:42Z,shp_00007225,9400100000000000007225,delivered,adr_from0001,Goodwill E-Com (test),Goodwill Michiana (test),100 Test Warehouse Rd,,South Bend,IN,46601,US,false,adr_to001784,Test Buyer,,885 Example Ave,,Testville,IN,46601,US,true,prcl_001784,10,8,4,33.6,,2026-08-29T14:31:43Z,rate_001784,GroundAdvantage,USPS,6.63,,false,,SGW-7717382,0.00,6.63,0.00,"[{""label_format"":""PDF""},{""print_custom_1"":""ecom""}]",
2026-08-29T14:32:27Z,shp_00007133,9400100000000000007133,delivered,adr_from0001,Goodwill E-Com (test),Goodwill Michiana (test),100 Test Warehouse Rd,,South Bend,IN,46601,US,false,adr_to001785,Test Buyer,,886 Example Ave,,Sampleton,OH,43004,US,true,prcl_001785,10,8,4,30.4,,2026-08-29T14:32:28Z,rate_001785,GroundAdvantage,USPS,6.34,,false,,SGW-7717185,0.00,6.34,0.00,"[{""label_format"":""PDF""},{""print_custom_1"":""ecom""}]",
2026-08-29T14:38:06Z,shp_00007217,9400100000000000007217,delivered,adr_from0001,Goodwill E-Com (test),Goodwill Michiana (test),100 Test Warehouse Rd,,South Bend,IN,46601,US,false,adr_to001786,Test Buyer,,887 Example Ave,,Mocksburg,MI,49001,US,true,prcl_001786,10,8,4,56.0,,2026-08-29T14:38:07Z,rate_001786,Priority,USPS,10.85,,false,,SGW-7717368,0.00,10.85,0.00,"[{""label_format"":""PDF""},{""print_custom_1"":""ecom""}]",
2026-08-29T14:39:42Z,shp_00007238,9400100000000000007238,delivered,adr_from0001,Goodwill E-Com (test),Goodwill Michiana (test),100 Test Warehouse Rd,,South Bend,IN,46601,US,false,adr_to001787,Test Buyer,,888 Example Ave,,Fakeport,IL,60601,US,true,prcl_001787,10,8,4,22.4,,2026-08-29T14:39:43Z,rate_001787,GroundAdvantage,USPS,3.80,,false,,114-2217402-4363281,0.00,3.80,0.00,"[{""label_format"":""PDF""},{""print_custom_1"":""ecom""}]",
2026-08-29T14:41:12Z,shp_00007200,9400100000000000007200,delivered,adr_from0001,Goodwill E-Com (test),Goodwill Michiana (test),100 Test Warehouse Rd,,South Bend,IN,46601,US,false,adr_to001788,Test Buyer,,889 Example Ave,,Testville,IN,46601,US,true,prcl_001788,10,8,4,19.2,,2026-08-29T14:41:13Z,rate_001788,GroundAdvantage,USPS,9.04,,false,,SGW-7717322,0.00,9.04,0.00,"[{""label_format"":""PDF""},{""print_custom_1"":""ecom""}]",
2026-08-29T15:08:21Z,shp_00007168,9400100000000000007168,delivered,adr_from0001,Goodwill E-Com (test),Goodwill Michiana (test),100 Test Warehouse Rd,,South Bend,IN,46601,US,false,adr_to001789,Test Buyer,,890 Example Ave,,Sampleton,OH,43004,US,true,prcl_001789,10,8,4,12.8,,2026-08-29T15:08:22Z,rate_001789,GroundAdvantage,USPS,3.28,,false,,114-7117251-5787022,0.00,3.28,0.00,"[{""label_format"":""PDF""},{""print_custom_1"":""ecom""}]",
2026-08-29T15:14:50Z,shp_00007259,9400100000000000007259,delivered,adr_from0001,Goodwill E-Com (test),Goodwill Michiana (test),100 Test Warehouse Rd,,South Bend,IN,46601,US,false,adr_to001790,Test Buyer,,891 Example Ave,,Mocksburg,MI,49001,US,true,prcl_001790,10,8,4,19.2,,2026-08-29T15:14:51Z,rate_001790,GroundAdvantage,USPS,3.54,,false,,112-4317434-0728894,0.00,3.54,0.00,"[{""label_format"":""PDF""},{""print_custom_1"":""ecom""}]",
2026-08-29T15:17:16Z,shp_00007132,9400100000000000007132,in_transit,adr_from0001,Goodwill E-Com (test),Goodwill Michiana (test),100 Test Warehouse Rd,,South Bend,IN,46601,US,false,adr_to001791,Test Buyer,,892 Example Ave,,Fakeport,IL,60601,US,true,prcl_001791,10,8,4,25.6,,2026-08-29T15:17:17Z,rate_001791,GroundAdvantage,USPS,6.43,,false,,m00000017166,0.00,6.43,0.00,"[{""label_format"":""PDF""},{""print_custom_1"":""ecom""}]",
2026-08-29T15:21:51Z,shp_00007188,9400100000000000007188,delivered,adr_from0001,Goodwill E-Com (test),Goodwill Michiana (test),100 Test Warehouse Rd,,South Bend,IN,46601,US,false,adr_to001792,Test Buyer,,893 Example Ave,,Testville,IN,46601,US,true,prcl_001792,10,8,4,24.0,,2026-08-29T15:21:52Z,rate_001792,GroundAdvantage,USPS,6.05,,false,,15-17283-36705,0.00,6.05,0.00,"[{""label_format"":""PDF""},{""print_custom_1"":""ecom""}]",
2026-08-29T15:30:31Z,shp_00007199,9400100000000000007199,delivered,adr_from0001,Goodwill E-Com (test),Goodwill Michiana (test),100 Test Warehouse Rd,,South Bend,IN,46601,US,false,adr_to001793,Test Buyer,,894 Example Ave,,Sampleton,OH,43004,US,true,prcl_001793,10,8,4,30.4,,2026-08-29T15:30:32Z,rate_001793,Priority,USPS,5.87,,false,,SGW-7717320,0.00,5.87,0.00,"[{""label_format"":""PDF""},{""print_custom_1"":""ecom""}]",
2026-08-29T15:44:04Z,shp_00007207,9400100000000000007207,delivered,adr_from0001,Goodwill E-Com (test),Goodwill Michiana (test),100 Test Warehouse Rd,,South Bend,IN,46601,US,false,adr_to001794,Test Buyer,,895 Example Ave,,Mocksburg,MI,49001,US,true,prcl_001794,10,8,4,19.2,,2026-08-29T15:44:05Z,rate_001794,GroundAdvantage,USPS,8.58,,false,,SGW-7717351,0.00,8.58,0.00,"[{""label_format"":""PDF""},{""print_custom_1"":""ecom""}]",
2026-08-29T15:54:19Z,shp_00007266,9400100000000000007266,delivered,adr_from0001,Goodwill E-Com (test),Goodwill Michiana (test),100 Test Warehouse Rd,,South Bend,IN,46601,US,false,adr_to001795,Test Buyer,,896 Example Ave,,Fakeport,IL,60601,US,true,prcl_001795,10,8,4,22.4,,2026-08-29T15:54:20Z,rate_001795,GroundAdvantage,USPS,7.74,,false,,26-17462-79666,0.00,7.74,0.00,"[{""label_format"":""PDF""},{""print_custom_1"":""ecom""}]",
2026-08-29T15:54:41Z,shp_00007224,9400100000000000007224,delivered,adr_from0001,Goodwill E-Com (test),Goodwill Michiana (test),100 Test Warehouse Rd,,South Bend,IN,46601,US,false,adr_to001796,Test Buyer,,897 Example Ave,,Testville,IN,46601,US,true,prcl_001796,10,8,4,51.2,,2026-08-29T15:54:42Z,rate_001796,GroundAdvantage,USPS,9.88,,false,,SGW-7717381,0.00,9.88,0.00,"[{""label_format"":""PDF""},{""print_custom_1"":""ecom""}]",
2026-08-29T15:58:01Z,shp_00007264,9400100000000000007264,delivered,adr_from0001,Goodwill E-Com (test),Goodwill Michiana (test),100 Test Warehouse Rd,,South Bend,IN,46601,US,false,adr_to001797,Test Buyer,,898 Example Ave,,Sampleton,OH,43004,US,true,prcl_001797,10,8,4,28.8,,2026-08-29T15:58:02Z,rate_001797,GroundAdvantage,USPS,4.42,,false,,09-17447-62078,0.00,4.42,0.00,"[{""label_format"":""PDF""},{""print_custom_1"":""ecom""}]",
2026-08-29T16:06:21Z,shp_00007170,9400100000000000007170,delivered,adr_from0001,Goodwill E-Com (test),Goodwill Michiana (test),100 Test Warehouse Rd,,South Bend,IN,46601,US,false,adr_to001798,Test Buyer,,899 Example Ave,,Mocksburg,MI,49001,US,true,prcl_001798,10,8,4,12.8,,2026-08-29T16:06:22Z,rate_001798,GroundAdvantage,USPS,3.31,,false,,113-9717254-4216636,0.00,3.31,0.00,"[{""label_format"":""PDF""},{""print_custom_1"":""ecom""}]",
2026-08-29T16:26:15Z,shp_00007251,9400100000000000007251,delivered,adr_from0001,Goodwill E-Com (test),Goodwill Michiana (test),100 Test Warehouse Rd,,South Bend,IN,46601,US,false,adr_to001799,Test Buyer,,900 Example Ave,,Fakeport,IL,60601,US,true,prcl_001799,10,8,4,49.6,,2026-08-29T16:26:16Z,rate_001799,GroundAdvantage,USPS,3.40,,false,,114-2417422-8705022,0.00,3.40,0.00,"[{""label_format"":""PDF""},{""print_custom_1"":""ecom""}]",
2026-08-29T16:28:37Z,shp_00007218,9400100000000000007218,in_transit,adr_from0001,Goodwill E-Com (test),Goodwill Michiana (test),100 Test Warehouse Rd,,South Bend,IN,46601,US,false,adr_to001800,Test Buyer,,1 Example Ave,,Testville,IN,46601,US,true,prcl_001800,10,8,4,25.6,,2026-08-29T16:28:38Z,rate_001800,Priority,USPS,8.18,,false,,SGW-7717370,0.00,8.18,0.00,"[{""label_format"":""PDF""},{""print_custom_1"":""ecom""}]",
2026-08-29T16:40:44Z,shp_00007236,9400100000000000007236,delivered,adr_from0001,Goodwill E-Com (test),Goodwill Michiana (test),100 Test Warehouse Rd,,South Bend,IN,46601,US,false,adr_to001801,Test Buyer,,2 Example Ave,,Sampleton,OH,43004,US,true,prcl_001801,10,8,4,65.6,,2026-08-29T16:40:45Z,rate_001801,GroundAdvantage,USPS,3.81,,false,,112-8817397-6862220,0.00,3.81,0.00,"[{""label_format"":""PDF""},{""print_custom_1"":""ecom""}]",
2026-08-29T16:43:45Z,shp_00007247,9400100000000000007247,delivered,adr_from0001,Goodwill E-Com (test),Goodwill Michiana (test),100 Test Warehouse Rd,,South Bend,IN,46601,US,false,adr_to001802,Test Buyer,,3 Example Ave,,Mocksburg,MI,49001,US,true,prcl_001802,10,8,4,33.6,,2026-08-29T16:43:46Z,rate_001802,GroundAdvantage,USPS,3.91,,false,,111-0617417-1832121,0.00,3.91,0.00,"[{""label_format"":""PDF""},{""print_custom_1"":""ecom""}]",
2026-08-29T17:01:42Z,shp_00007159,9400100000000000007159,delivered,adr_from0001,Goodwill E-Com (test),Goodwill Michiana (test),100 Test Warehouse Rd,,South Bend,IN,46601,US,false,adr_to001803,Test Buyer,,4 Example Ave,,Fakeport,IL,60601,US,true,prcl_001803,10,8,4,17.6,,2026-08-29T17:01:43Z,rate_001803,Priority,USPS,3.36,,false,,112-2017237-6074815,0.00,3.36,0.00,"[{""label_format"":""PDF""},{""print_custom_1"":""ecom""}]",
2026-08-29T17:25:14Z,shp_00007223,9400100000000000007223,delivered,adr_from0001,Goodwill E-Com (test),Goodwill Michiana (test),100 Test Warehouse Rd,,South Bend,IN,46601,US,false,adr_to001804,Test Buyer,,5 Example Ave,,Testville,IN,46601,US,true,prcl_001804,10,8,4,22.4,,2026-08-29T17:25:15Z,rate_001804,Priority,USPS,5.90,,false,,SGW-7717377,0.00,5.90,0.00,"[{""label_format"":""PDF""},{""print_custom_1"":""ecom""}]",
2026-08-29T17:29:46Z,shp_00007198,9400100000000000007198,delivered,adr_from0001,Goodwill E-Com (test),Goodwill Michiana (test),100 Test Warehouse Rd,,South Bend,IN,46601,US,false,adr_to001805,Test Buyer,,6 Example Ave,,Sampleton,OH,43004,US,true,prcl_001805,10,8,4,30.4,,2026-08-29T17:29:47Z,rate_001805,GroundAdvantage,USPS,9.79,,false,,SGW-7717319,0.00,9.79,0.00,"[{""label_format"":""PDF""},{""print_custom_1"":""ecom""}]",
2026-08-29T17:55:09Z,shp_00007253,9400100000000000007253,delivered,adr_from0001,Goodwill E-Com (test),Goodwill Michiana (test),100 Test Warehouse Rd,,South Bend,IN,46601,US,false,adr_to001806,Test Buyer,,7 Example Ave,,Mocksburg,MI,49001,US,true,prcl_001806,10,8,4,32.0,,2026-08-29T17:55:10Z,rate_001806,GroundAdvantage,USPS,5.34,,false,,113-5517425-2243619,0.00,5.34,0.00,"[{""label_format"":""PDF""},{""print_custom_1"":""ecom""}]",
2026-08-29T17:55:40Z,shp_00007231,9400100000000000007231,delivered,adr_from0001,Goodwill E-Com (test),Goodwill Michiana (test),100 Test Warehouse Rd,,South Bend,IN,46601,US,false,adr_to001807,Test Buyer,,8 Example Ave,,Fakeport,IL,60601,US,true,prcl_001807,10,8,4,67.2,,2026-08-29T17:55:41Z,rate_001807,GroundAdvantage,USPS,5.47,,false,,113-8717391-7169966,0.00,5.47,0.00,"[{""label_format"":""PDF""},{""print_custom_1"":""ecom""}]",
2026-08-29T18:05:28Z,shp_00007246,9400100000000000007246,delivered,adr_from0001,Goodwill E-Com (test),Goodwill Michiana (test),100 Test Warehouse Rd,,South Bend,IN,46601,US,false,adr_to001808,Test Buyer,,9 Example Ave,,Testville,IN,46601,US,true,prcl_001808,10,8,4,64.0,,2026-08-29T18:05:29Z,rate_001808,Priority,USPS,3.86,,false,,113-3617416-1071983,0.00,3.86,0.00,"[{""label_format"":""PDF""},{""print_custom_1"":""ecom""}]",
2026-08-29T18:11:15Z,shp_00007150,9400100000000000007150,in_transit,adr_from0001,Goodwill E-Com (test),Goodwill Michiana (test),100 Test Warehouse Rd,,South Bend,IN,46601,US,false,adr_to001809,Test Buyer,,10 Example Ave,,Sampleton,OH,43004,US,true,prcl_001809,10,8,4,35.2,,2026-08-29T18:11:16Z,rate_001809,GroundAdvantage,USPS,16.41,,false,,SGW-7717215,0.00,16.41,0.00,"[{""label_format"":""PDF""},{""print_custom_1"":""ecom""}]",
2026-08-29T18:15:00Z,shp_00007106,9400100000000000007106,delivered,adr_from0001,Goodwill E-Com (test),Goodwill Michiana (test),100 Test Warehouse Rd,,South Bend,IN,46601,US,false,adr_to001810,Test Buyer,,11 Example Ave,,Mocksburg,MI,49001,US,true,prcl_001810,10,8,4,19.2,,2026-08-29T18:15:01Z,rate_001810,GroundAdvantage,USPS,5.19,,false,,113-1717098-9483074,0.00,5.19,0.00,"[{""label_format"":""PDF""},{""print_custom_1"":""ecom""}]",
2026-08-29T18:21:07Z,shp_00007261,9400100000000000007261,delivered,adr_from0001,Goodwill E-Com (test),Goodwill Michiana (test),100 Test Warehouse Rd,,South Bend,IN,46601,US,false,adr_to001811,Test Buyer,,12 Example Ave,,Fakeport,IL,60601,US,true,prcl_001811,10,8,4,16.0,,2026-08-29T18:21:08Z,rate_001811,GroundAdvantage,USPS,3.74,,false,,111-6117437-9133363,0.00,3.74,0.00,"[{""label_format"":""PDF""},{""print_custom_1"":""ecom""}]",
2026-08-29T18:32:55Z,shp_00007147,9400100000000000007147,delivered,adr_from0001,Goodwill E-Com (test),Goodwill Michiana (test),100 Test Warehouse Rd,,South Bend,IN,46601,US,false,adr_to001812,Test Buyer,,13 Example Ave,,Testville,IN,46601,US,true,prcl_001812,10,8,4,40.0,,2026-08-29T18:32:56Z,rate_001812,GroundAdvantage,USPS,14.74,,false,,SGW-7717210,0.00,14.74,0.00,"[{""label_format"":""PDF""},{""print_custom_1"":""ecom""}]",
2026-08-29T18:36:43Z,shp_00007242,9400100000000000007242,delivered,adr_from0001,Goodwill E-Com (test),Goodwill Michiana (test),100 Test Warehouse Rd,,South Bend,IN,46601,US,false,adr_to001813,Test Buyer,,14 Example Ave,,Sampleton,OH,43004,US,true,prcl_001813,10,8,4,38.4,,2026-08-29T18:36:44Z,rate_001813,GroundAdvantage,USPS,3.83,,false,,114-0917408-2934967,0.00,3.83,0.00,"[{""label_format"":""PDF""},{""print_custom_1"":""ecom""}]",
2026-08-29T18:37:44Z,shp_00007235,9400100000000000007235,delivered,adr_from0001,Goodwill E-Com (test),Goodwill Michiana (test),100 Test Warehouse Rd,,South Bend,IN,46601,US,false,adr_to001814,Test Buyer,,15 Example Ave,,Mocksburg,MI,49001,US,true,prcl_001814,10,8,4,86.4,,2026-08-29T18:37:45Z,rate_001814,Priority,USPS,5.59,,false,,112-8117396-3009562,0.00,5.59,0.00,"[{""label_format"":""PDF""},{""print_custom_1"":""ecom""}]",
2026-08-29T18:38:24Z,shp_00007233,9400100000000000007233,delivered,adr_from0001,Goodwill E-Com (test),Goodwill Michiana (test),100 Test Warehouse Rd,,South Bend,IN,46601,US,false,adr_to001815,Test Buyer,,16 Example Ave,,Fakeport,IL,60601,US,true,prcl_001815,10,8,4,17.6,,2026-08-29T18:38:25Z,rate_001815,Priority,USPS,3.44,,false,,112-5317393-9832006,0.00,3.44,0.00,"[{""label_format"":""PDF""},{""print_custom_1"":""ecom""}]",
2026-08-29T18:38:49Z,shp_00007165,9400100000000000007165,delivered,adr_from0001,Goodwill E-Com (test),Goodwill Michiana (test),100 Test Warehouse Rd,,South Bend,IN,46601,US,false,adr_to001816,Test Buyer,,17 Example Ave,,Testville,IN,46601,US,true,prcl_001816,10,8,4,17.6,,2026-08-29T18:38:50Z,rate_001816,Priority,USPS,3.81,,false,,114-8317246-6592915,0.00,3.81,0.00,"[{""label_format"":""PDF""},{""print_custom_1"":""ecom""}]",
2026-08-29T18:39:12Z,shp_00007255,9400100000000000007255,delivered,adr_from0001,Goodwill E-Com (test),Goodwill Michiana (test),100 Test Warehouse Rd,,South Bend,IN,46601,US,false,adr_to001817,Test Buyer,,18 Example Ave,,Sampleton,OH,43004,US,true,prcl_001817,10,8,4,33.6,,2026-08-29T18:39:13Z,rate_001817,GroundAdvantage,USPS,3.73,,false,,111-2117428-1376744,0.00,3.73,0.00,"[{""label_format"":""PDF""},{""print_custom_1"":""ecom""}]",
2026-08-29T18:40:51Z,shp_00007197,9400100000000000007197,in_transit,adr_from0001,Goodwill E-Com (test),Goodwill Michiana (test),100 Test Warehouse Rd,,South Bend,IN,46601,US,false,adr_to001818,Test Buyer,,19 Example Ave,,Mocksburg,MI,49001,US,true,prcl_001818,10,8,4,9.6,,2026-08-29T18:40:52Z,rate_001818,GroundAdvantage,USPS,14.95,,false,,SGW-7717318,0.00,14.95,0.00,"[{""label_format"":""PDF""},{""print_custom_1"":""ecom""}]",
2026-08-29T18:47:41Z,shp_00007240,9400100000000000007240,delivered,adr_from0001,Goodwill E-Com (test),Goodwill Michiana (test),100 Test Warehouse Rd,,South Bend,IN,46601,US,false,adr_to001819,Test Buyer,,20 Example Ave,,Fakeport,IL,60601,US,true,prcl_001819,10,8,4,14.4,,2026-08-29T18:47:42Z,rate_001819,GroundAdvantage,USPS,3.70,,false,,111-7817404-8686447,0.00,3.70,0.00,"[{""label_format"":""PDF""},{""print_custom_1"":""ecom""}]",
2026-08-29T18:49:11Z,shp_00007155,9400100000000000007155,delivered,adr_from0001,Goodwill E-Com (test),Goodwill Michiana (test),100 Test Warehouse Rd,,South Bend,IN,46601,US,false,adr_to001820,Test Buyer,,21 Example Ave,,Testville,IN,46601,US,true,prcl_001820,10,8,4,14.4,,2026-08-29T18:49:12Z,rate_001820,GroundAdvantage,USPS,15.92,,false,,SGW-7717228,0.00,15.92,0.00,"[{""label_format"":""PDF""},{""print_custom_1"":""ecom""}]",
2026-08-29T18:58:37Z,shp_00007202,9400100000000000007202,delivered,adr_from0001,Goodwill E-Com (test),Goodwill Michiana (test),100 Test Warehouse Rd,,South Bend,IN,46601,US,false,adr_to001821,Test Buyer,,22 Example Ave,,Sampleton,OH,43004,US,true,prcl_001821,10,8,4,49.6,,2026-08-29T18:58:38Z,rate_001821,GroundAdvantage,USPS,6.54,,false,,SGW-7717328,0.00,6.54,0.00,"[{""label_format"":""PDF""},{""print_custom_1"":""ecom""}]",
2026-08-29T19:04:11Z,shp_00007239,9400100000000000007239,delivered,adr_from0001,Goodwill E-Com (test),Goodwill Michiana (test),100 Test Warehouse Rd,,South Bend,IN,46601,US,false,adr_to001822,Test Buyer,,23 Example Ave,,Mocksburg,MI,49001,US,true,prcl_001822,10,8,4,25.6,,2026-08-29T19:04:12Z,rate_001822,GroundAdvantage,USPS,5.06,,false,,112-2617403-3714557,0.00,5.06,0.00,"[{""label_format"":""PDF""},{""print_custom_1"":""ecom""}]",
2026-08-29T19:04:20Z,shp_00007241,9400100000000000007241,delivered,adr_from0001,Goodwill E-Com (test),Goodwill Michiana (test),100 Test Warehouse Rd,,South Bend,IN,46601,US,false,adr_to001823,Test Buyer,,24 Example Ave,,Fakeport,IL,60601,US,true,prcl_001823,10,8,4,33.6,,2026-08-29T19:04:21Z,rate_001823,GroundAdvantage,USPS,3.64,,false,,114-3817407-8259666,0.00,3.64,0.00,"[{""label_format"":""PDF""},{""print_custom_1"":""ecom""}]",
2026-08-29T19:15:21Z,shp_00007195,9400100000000000007195,delivered,adr_from0001,Goodwill E-Com (test),Goodwill Michiana (test),100 Test Warehouse Rd,,South Bend,IN,46601,US,false,adr_to001824,Test Buyer,,25 Example Ave,,Testville,IN,46601,US,true,prcl_001824,10,8,4,19.2,,2026-08-29T19:15:22Z,rate_001824,GroundAdvantage,USPS,7.42,,false,,05-17299-83413,0.00,7.42,0.00,"[{""label_format"":""PDF""},{""print_custom_1"":""ecom""}]",
2026-08-29T19:25:25Z,shp_00007135,9400100000000000007135,delivered,adr_from0001,Goodwill E-Com (test),Goodwill Michiana (test),100 Test Warehouse Rd,,South Bend,IN,46601,US,false,adr_to001825,Test Buyer,,26 Example Ave,,Sampleton,OH,43004,US,true,prcl_001825,10,8,4,32.0,,2026-08-29T19:25:26Z,rate_001825,GroundAdvantage,USPS,10.82,,false,,SGW-7717187,0.00,10.82,0.00,"[{""label_format"":""PDF""},{""print_custom_1"":""ecom""}]",
2026-08-29T19:25:48Z,shp_00007249,9400100000000000007249,delivered,adr_from0001,Goodwill E-Com (test),Goodwill Michiana (test),100 Test Warehouse Rd,,South Bend,IN,46601,US,false,adr_to001826,Test Buyer,,27 Example Ave,,Mocksburg,MI,49001,US,true,prcl_001826,10,8,4,32.0,,2026-08-29T19:25:49Z,rate_001826,Priority,USPS,5.34,,false,,114-1017420-8967715,0.00,5.34,0.00,"[{""label_format"":""PDF""},{""print_custom_1"":""ecom""}]",
2026-08-29T19:30:20Z,shp_00007257,9400100000000000007257,in_transit,adr_from0001,Goodwill E-Com (test),Goodwill Michiana (test),100 Test Warehouse Rd,,South Bend,IN,46601,US,false,adr_to001827,Test Buyer,,28 Example Ave,,Fakeport,IL,60601,US,true,prcl_001827,10,8,4,36.8,,2026-08-29T19:30:21Z,rate_001827,Priority,USPS,3.57,,false,,113-6817430-8945683,0.00,3.57,0.00,"[{""label_format"":""PDF""},{""print_custom_1"":""ecom""}]",
2026-08-29T19:38:26Z,shp_00007219,9400100000000000007219,delivered,adr_from0001,Goodwill E-Com (test),Goodwill Michiana (test),100 Test Warehouse Rd,,South Bend,IN,46601,US,false,adr_to001828,Test Buyer,,29 Example Ave,,Testville,IN,46601,US,true,prcl_001828,10,8,4,27.2,,2026-08-29T19:38:27Z,rate_001828,GroundAdvantage,USPS,10.33,,false,,SGW-7717372,0.00,10.33,0.00,"[{""label_format"":""PDF""},{""print_custom_1"":""ecom""}]",
2026-08-29T19:49:02Z,shp_00007227,9400100000000000007227,delivered,adr_from0001,Goodwill E-Com (test),Goodwill Michiana (test),100 Test Warehouse Rd,,South Bend,IN,46601,US,false,adr_to001829,Test Buyer,,30 Example Ave,,Sampleton,OH,43004,US,true,prcl_001829,10,8,4,52.8,,2026-08-29T19:49:03Z,rate_001829,GroundAdvantage,USPS,5.45,,false,,114-2817385-2825636,0.00,5.45,0.00,"[{""label_format"":""PDF""},{""print_custom_1"":""ecom""}]",
2026-08-29T19:49:03Z,shp_00007250,9400100000000000007250,delivered,adr_from0001,Goodwill E-Com (test),Goodwill Michiana (test),100 Test Warehouse Rd,,South Bend,IN,46601,US,false,adr_to001830,Test Buyer,,31 Example Ave,,Mocksburg,MI,49001,US,true,prcl_001830,10,8,4,17.6,,2026-08-29T19:49:04Z,rate_001830,GroundAdvantage,USPS,5.34,,false,,111-8317421-5292286,0.00,5.34,0.00,"[{""label_format"":""PDF""},{""print_custom_1"":""ecom""}]",
2026-08-29T19:52:08Z,shp_00007244,9400100000000000007244,delivered,adr_from0001,Goodwill E-Com (test),Goodwill Michiana (test),100 Test Warehouse Rd,,South Bend,IN,46601,US,false,adr_to001831,Test Buyer,,32 Example Ave,,Fakeport,IL,60601,US,true,prcl_001831,10,8,4,16.0,,2026-08-29T19:52:09Z,rate_001831,GroundAdvantage,USPS,3.38,,false,,112-8217412-1818928,0.00,3.38,0.00,"[{""label_format"":""PDF""},{""print_custom_1"":""ecom""}]",
2026-08-29T19:52:20Z,shp_00007260,9400100000000000007260,delivered,adr_from0001,Goodwill E-Com (test),Goodwill Michiana (test),100 Test Warehouse Rd,,South Bend,IN,46601,US,false,adr_to001832,Test Buyer,,33 Example Ave,,Testville,IN,46601,US,true,prcl_001832,10,8,4,24.0,,2026-08-29T19:52:21Z,rate_001832,GroundAdvantage,USPS,3.77,,false,,114-7217435-5655269,0.00,3.77,0.00,"[{""label_format"":""PDF""},{""print_custom_1"":""ecom""}]",
2026-08-29T20:05:49Z,shp_00007210,9400100000000000007210,delivered,adr_from0001,Goodwill E-Com (test),Goodwill Michiana (test),100 Test Warehouse Rd,,South Bend,IN,46601,US,false,adr_to001833,Test Buyer,,34 Example Ave,,Sampleton,OH,43004,US,true,prcl_001833,10,8,4,40.0,,2026-08-29T20:05:50Z,rate_001833,GroundAdvantage,USPS,6.71,,false,,SGW-7717357,0.00,6.71,0.00,"[{""label_format"":""PDF""},{""print_custom_1"":""ecom""}]",
2026-08-29T20:09:15Z,shp_00007262,9400100000000000007262,delivered,adr_from0001,Goodwill E-Com (test),Goodwill Michiana (test),100 Test Warehouse Rd,,South Bend,IN,46601,US,false,adr_to001834,Test Buyer,,35 Example Ave,,Mocksburg,MI,49001,US,true,prcl_001834,10,8,4,24.0,,2026-08-29T20:09:16Z,rate_001834,GroundAdvantage,USPS,3.84,,false,,07-17438-67017,0.00,3.84,0.00,"[{""label_format"":""PDF""},{""print_custom_1"":""ecom""}]",
2026-08-29T20:14:46Z,shp_00007209,9400100000000000007209,delivered,adr_from0001,Goodwill E-Com (test),Goodwill Michiana (test),100 Test Warehouse Rd,,South Bend,IN,46601,US,false,adr_to001835,Test Buyer,,36 Example Ave,,Fakeport,IL,60601,US,true,prcl_001835,10,8,4,48.0,,2026-08-29T20:14:47Z,rate_001835,Priority,USPS,10.16,,false,,SGW-7717355,0.00,10.16,0.00,"[{""label_format"":""PDF""},{""print_custom_1"":""ecom""}]",
2026-08-29T20:23:26Z,shp_00007237,9400100000000000007237,in_transit,adr_from0001,Goodwill E-Com (test),Goodwill Michiana (test),100 Test Warehouse Rd,,South Bend,IN,46601,US,false,adr_to001836,Test Buyer,,37 Example Ave,,Testville,IN,46601,US,true,prcl_001836,10,8,4,28.8,,2026-08-29T20:23:27Z,rate_001836,Priority,USPS,3.38,,false,,111-0817401-3200810,0.00,3.38,0.00,"[{""label_format"":""PDF""},{""print_custom_1"":""ecom""}]",
2026-08-29T20:37:40Z,shp_00007201,9400100000000000007201,delivered,adr_from0001,Goodwill E-Com (test),Goodwill Michiana (test),100 Test Warehouse Rd,,South Bend,IN,46601,US,false,adr_to001837,Test Buyer,,38 Example Ave,,Sampleton,OH,43004,US,true,prcl_001837,10,8,4,40.0,,2026-08-29T20:37:41Z,rate_001837,Priority,USPS,11.87,,false,,SGW-7717325,0.00,11.87,0.00,"[{""label_format"":""PDF""},{""print_custom_1"":""ecom""}]",
2026-08-29T20:39:36Z,shp_00007186,9400100000000000007186,delivered,adr_from0001,Goodwill E-Com (test),Goodwill Michiana (test),100 Test Warehouse Rd,,South Bend,IN,46601,US,false,adr_to001838,Test Buyer,,39 Example Ave,,Mocksburg,MI,49001,US,true,prcl_001838,10,8,4,25.6,,2026-08-29T20:39:37Z,rate_001838,GroundAdvantage,USPS,4.65,,false,,13-17277-48466,0.00,4.65,0.00,"[{""label_format"":""PDF""},{""print_custom_1"":""ecom""}]",
2026-08-29T20:45:32Z,shp_00007138,9400100000000000007138,delivered,adr_from0001,Goodwill E-Com (test),Goodwill Michiana (test),100 Test Warehouse Rd,,South Bend,IN,46601,US,false,adr_to001839,Test Buyer,,40 Example Ave,,Fakeport,IL,60601,US,true,prcl_001839,10,8,4,19.2,,2026-08-29T20:45:33Z,rate_001839,GroundAdvantage,USPS,13.17,,false,,SGW-7717194,0.00,13.17,0.00,"[{""label_format"":""PDF""},{""print_custom_1"":""ecom""}]",
2026-08-29T20:55:07Z,shp_00007204,9400100000000000007204,delivered,adr_from0001,Goodwill E-Com (test),Goodwill Michiana (test),100 Test Warehouse Rd,,South Bend,IN,46601,US,false,adr_to001840,Test Buyer,,41 Example Ave,,Testville,IN,46601,US,true,prcl_001840,10,8,4,12.8,,2026-08-29T20:55:08Z,rate_001840,GroundAdvantage,USPS,7.75,,false,,SGW-7717344,0.00,7.75,0.00,"[{""label_format"":""PDF""},{""print_custom_1"":""ecom""}]",
2026-08-29T20:55:34Z,shp_00007164,9400100000000000007164,delivered,adr_from0001,Goodwill E-Com (test),Goodwill Michiana (test),100 Test Warehouse Rd,,South Bend,IN,46601,US,false,adr_to001841,Test Buyer,,42 Example Ave,,Sampleton,OH,43004,US,true,prcl_001841,10,8,4,25.6,,2026-08-29T20:55:35Z,rate_001841,GroundAdvantage,USPS,5.20,,false,,112-0917244-8413478,0.00,5.20,0.00,"[{""label_format"":""PDF""},{""print_custom_1"":""ecom""}]",
2026-08-30T13:04:35Z,shp_00007288,9400100000000000007288,delivered,adr_from0001,Goodwill E-Com (test),Goodwill Michiana (test),100 Test Warehouse Rd,,South Bend,IN,46601,US,false,adr_to001842,Test Buyer,,43 Example Ave,,Mocksburg,MI,49001,US,true,prcl_001842,10,8,4,56.0,,2026-08-30T13:04:36Z,rate_001842,Priority,USPS,11.31,,false,,SGW-7717550,0.00,11.31,0.00,"[{""label_format"":""PDF""},{""print_custom_1"":""ecom""}]",
2026-08-30T13:14:44Z,shp_00007295,9400100000000000007295,delivered,adr_from0001,Goodwill E-Com (test),Goodwill Michiana (test),100 Test Warehouse Rd,,South Bend,IN,46601,US,false,adr_to001843,Test Buyer,,44 Example Ave,,Fakeport,IL,60601,US,true,prcl_001843,10,8,4,33.6,,2026-08-30T13:14:45Z,rate_001843,GroundAdvantage,USPS,5.02,,false,,114-7717559-2734488,0.00,5.02,0.00,"[{""label_format"":""PDF""},{""print_custom_1"":""ecom""}]",
2026-08-30T13:24:26Z,shp_00007329,9400100000000000007329,delivered,adr_from0001,Goodwill E-Com (test),Goodwill Michiana (test),100 Test Warehouse Rd,,South Bend,IN,46601,US,false,adr_to001844,Test Buyer,,45 Example Ave,,Testville,IN,46601,US,true,prcl_001844,10,8,4,24.0,,2026-08-30T13:24:27Z,rate_001844,GroundAdvantage,USPS,5.68,,false,,25-17616-26591,0.00,5.68,0.00,"[{""label_format"":""PDF""},{""print_custom_1"":""ecom""}]",
2026-08-30T13:30:47Z,shp_00007248,9400100000000000007248,in_transit,adr_from0001,Goodwill E-Com (test),Goodwill Michiana (test),100 Test Warehouse Rd,,South Bend,IN,46601,US,false,adr_to001845,Test Buyer,,46 Example Ave,,Sampleton,OH,43004,US,true,prcl_001845,10,8,4,12.8,,2026-08-30T13:30:48Z,rate_001845,Priority,USPS,3.65,,false,,113-5417419-9559336,0.00,3.65,0.00,"[{""label_format"":""PDF""},{""print_custom_1"":""ecom""}]",
2026-08-30T13:31:22Z,shp_00007214,9400100000000000007214,delivered,adr_from0001,Goodwill E-Com (test),Goodwill Michiana (test),100 Test Warehouse Rd,,South Bend,IN,46601,US,false,adr_to001846,Test Buyer,,47 Example Ave,,Mocksburg,MI,49001,US,true,prcl_001846,10,8,4,22.4,,2026-08-30T13:31:23Z,rate_001846,GroundAdvantage,USPS,13.49,,false,,SGW-7717364,0.00,13.49,0.00,"[{""label_format"":""PDF""},{""print_custom_1"":""ecom""}]",
2026-08-30T13:32:36Z,shp_00007268,9400100000000000007268,delivered,adr_from0001,Goodwill E-Com (test),Goodwill Michiana (test),100 Test Warehouse Rd,,South Bend,IN,46601,US,false,adr_to001847,Test Buyer,,48 Example Ave,,Fakeport,IL,60601,US,true,prcl_001847,10,8,4,46.4,,2026-08-30T13:32:37Z,rate_001847,GroundAdvantage,USPS,10.37,,false,,SGW-7717491,0.00,10.37,0.00,"[{""label_format"":""PDF""},{""print_custom_1"":""ecom""}]",
2026-08-30T13:33:40Z,shp_00007289,9400100000000000007289,delivered,adr_from0001,Goodwill E-Com (test),Goodwill Michiana (test),100 Test Warehouse Rd,,South Bend,IN,46601,US,false,adr_to001848,Test Buyer,,49 Example Ave,,Testville,IN,46601,US,true,prcl_001848,10,8,4,19.2,,2026-08-30T13:33:41Z,rate_001848,GroundAdvantage,USPS,8.94,,false,,SGW-7717551,0.00,8.94,0.00,"[{""label_format"":""PDF""},{""print_custom_1"":""ecom""}]",
2026-08-30T13:36:11Z,shp_00007166,9400100000000000007166,delivered,adr_from0001,Goodwill E-Com (test),Goodwill Michiana (test),100 Test Warehouse Rd,,South Bend,IN,46601,US,false,adr_to001849,Test Buyer,,50 Example Ave,,Sampleton,OH,43004,US,true,prcl_001849,10,8,4,92.8,,2026-08-30T13:36:12Z,rate_001849,GroundAdvantage,USPS,5.16,,false,,112-2917248-1309848,0.00,5.16,0.00,"[{""label_format"":""PDF""},{""print_custom_1"":""ecom""}]",
2026-08-30T13:38:00Z,shp_00007344,9400100000000000007344,delivered,adr_from0001,Goodwill E-Com (test),Goodwill Michiana (test),100 Test Warehouse Rd,,South Bend,IN,46601,US,false,adr_to001850,Test Buyer,,51 Example Ave,,Mocksburg,MI,49001,US,true,prcl_001850,10,8,4,14.4,,2026-08-30T13:38:01Z,rate_001850,GroundAdvantage,USPS,5.79,,false,,m00000017652,0.00,5.79,0.00,"[{""label_format"":""PDF""},{""print_custom_1"":""ecom""}]",
2026-08-30T13:52:29Z,shp_00007345,9400100000000000007345,delivered,adr_from0001,Goodwill E-Com (test),Goodwill Michiana (test),100 Test Warehouse Rd,,South Bend,IN,46601,US,false,adr_to001851,Test Buyer,,52 Example Ave,,Fakeport,IL,60601,US,true,prcl_001851,10,8,4,12.8,,2026-08-30T13:52:30Z,rate_001851,GroundAdvantage,USPS,6.70,,false,,m00000017658,0.00,6.70,0.00,"[{""label_format"":""PDF""},{""print_custom_1"":""ecom""}]",
2026-08-30T13:58:51Z,shp_00007205,9400100000000000007205,delivered,adr_from0001,Goodwill E-Com (test),Goodwill Michiana (test),100 Test Warehouse Rd,,South Bend,IN,46601,US,false,adr_to001852,Test Buyer,,53 Example Ave,,Testville,IN,46601,US,true,prcl_001852,10,8,4,36.8,,2026-08-30T13:58:52Z,rate_001852,Priority,USPS,11.32,,false,,SGW-7717345,0.00,11.32,0.00,"[{""label_format"":""PDF""},{""print_custom_1"":""ecom""}]",
2026-08-30T14:01:16Z,shp_00007278,9400100000000000007278,delivered,adr_from0001,Goodwill E-Com (test),Goodwill Michiana (test),100 Test Warehouse Rd,,South Bend,IN,46601,US,false,adr_to001853,Test Buyer,,54 Example Ave,,Sampleton,OH,43004,US,true,prcl_001853,10,8,4,30.4,,2026-08-30T14:01:17Z,rate_001853,GroundAdvantage,USPS,8.96,,false,,SGW-7717521,0.00,8.96,0.00,"[{""label_format"":""PDF""},{""print_custom_1"":""ecom""}]",
2026-08-30T14:20:57Z,shp_00007258,9400100000000000007258,in_transit,adr_from0001,Goodwill E-Com (test),Goodwill Michiana (test),100 Test Warehouse Rd,,South Bend,IN,46601,US,false,adr_to001854,Test Buyer,,55 Example Ave,,Mocksburg,MI,49001,US,true,prcl_001854,10,8,4,9.6,,2026-08-30T14:20:58Z,rate_001854,GroundAdvantage,USPS,3.63,,false,,114-0417433-3783145,0.00,3.63,0.00,"[{""label_format"":""PDF""},{""print_custom_1"":""ecom""}]",
2026-08-30T14:22:46Z,shp_00007312,9400100000000000007312,delivered,adr_from0001,Goodwill E-Com (test),Goodwill Michiana (test),100 Test Warehouse Rd,,South Bend,IN,46601,US,false,adr_to001855,Test Buyer,,56 Example Ave,,Fakeport,IL,60601,US,true,prcl_001855,10,8,4,12.8,,2026-08-30T14:22:47Z,rate_001855,GroundAdvantage,USPS,3.62,,false,,111-2917588-3782433,0.00,3.62,0.00,"[{""label_format"":""PDF""},{""print_custom_1"":""ecom""}]",
2026-08-30T14:25:33Z,shp_00007305,9400100000000000007305,delivered,adr_from0001,Goodwill E-Com (test),Goodwill Michiana (test),100 Test Warehouse Rd,,South Bend,IN,46601,US,false,adr_to001856,Test Buyer,,57 Example Ave,,Testville,IN,46601,US,true,prcl_001856,10,8,4,25.6,,2026-08-30T14:25:34Z,rate_001856,GroundAdvantage,USPS,3.75,,false,,111-8017576-2531025,0.00,3.75,0.00,"[{""label_format"":""PDF""},{""print_custom_1"":""ecom""}]",
2026-08-30T14:27:52Z,shp_00007273,9400100000000000007273,delivered,adr_from0001,Goodwill E-Com (test),Goodwill Michiana (test),100 Test Warehouse Rd,,South Bend,IN,46601,US,false,adr_to001857,Test Buyer,,58 Example Ave,,Sampleton,OH,43004,US,true,prcl_001857,10,8,4,88.0,,2026-08-30T14:27:53Z,rate_001857,Priority,USPS,8.44,,false,,SGW-7717509,0.00,8.44,0.00,"[{""label_format"":""PDF""},{""print_custom_1"":""ecom""}]",
2026-08-30T14:32:30Z,shp_00007265,9400100000000000007265,delivered,adr_from0001,Goodwill E-Com (test),Goodwill Michiana (test),100 Test Warehouse Rd,,South Bend,IN,46601,US,false,adr_to001858,Test Buyer,,59 Example Ave,,Mocksburg,MI,49001,US,true,prcl_001858,10,8,4,9.6,,2026-08-30T14:32:31Z,rate_001858,GroundAdvantage,USPS,8.15,,false,,19-17455-60878,0.00,8.15,0.00,"[{""label_format"":""PDF""},{""print_custom_1"":""ecom""}]",
2026-08-30T14:33:57Z,shp_00007323,9400100000000000007323,delivered,adr_from0001,Goodwill E-Com (test),Goodwill Michiana (test),100 Test Warehouse Rd,,South Bend,IN,46601,US,false,adr_to001859,Test Buyer,,60 Example Ave,,Fakeport,IL,60601,US,true,prcl_001859,10,8,4,35.2,,2026-08-30T14:33:58Z,rate_001859,GroundAdvantage,USPS,3.42,,false,,111-9017606-6582074,0.00,3.42,0.00,"[{""label_format"":""PDF""},{""print_custom_1"":""ecom""}]",
2026-08-30T14:42:15Z,shp_00007324,9400100000000000007324,delivered,adr_from0001,Goodwill E-Com (test),Goodwill Michiana (test),100 Test Warehouse Rd,,South Bend,IN,46601,US,false,adr_to001860,Test Buyer,,61 Example Ave,,Testville,IN,46601,US,true,prcl_001860,10,8,4,11.2,,2026-08-30T14:42:16Z,rate_001860,GroundAdvantage,USPS,3.33,,false,,111-1717608-9886586,0.00,3.33,0.00,"[{""label_format"":""PDF""},{""print_custom_1"":""ecom""}]",
2026-08-30T14:45:05Z,shp_00007330,9400100000000000007330,delivered,adr_from0001,Goodwill E-Com (test),Goodwill Michiana (test),100 Test Warehouse Rd,,South Bend,IN,46601,US,false,adr_to001861,Test Buyer,,62 Example Ave,,Sampleton,OH,43004,US,true,prcl_001861,10,8,4,16.0,,2026-08-30T14:45:06Z,rate_001861,Priority,USPS,7.78,,false,,14-17619-93072,0.00,7.78,0.00,"[{""label_format"":""PDF""},{""print_custom_1"":""ecom""}]",
2026-08-30T14:48:34Z,shp_00007212,9400100000000000007212,delivered,adr_from0001,Goodwill E-Com (test),Goodwill Michiana (test),100 Test Warehouse Rd,,South Bend,IN,46601,US,false,adr_to001862,Test Buyer,,63 Example Ave,,Mocksburg,MI,49001,US,true,prcl_001862,10,8,4,25.6,,2026-08-30T14:48:35Z,rate_001862,GroundAdvantage,USPS,13.08,,false,,SGW-7717360,0.00,13.08,0.00,"[{""label_format"":""PDF""},{""print_custom_1"":""ecom""}]",
2026-08-30T14:56:14Z,shp_00007270,9400100000000000007270,in_transit,adr_from0001,Goodwill E-Com (test),Goodwill Michiana (test),100 Test Warehouse Rd,,South Bend,IN,46601,US,false,adr_to001863,Test Buyer,,64 Example Ave,,Fakeport,IL,60601,US,true,prcl_001863,10,8,4,76.8,,2026-08-30T14:56:15Z,rate_001863,GroundAdvantage,USPS,9.98,,false,,SGW-7717503,0.00,9.98,0.00,"[{""label_format"":""PDF""},{""print_custom_1"":""ecom""}]",
2026-08-30T14:56:17Z,shp_00007321,9400100000000000007321,delivered,adr_from0001,Goodwill E-Com (test),Goodwill Michiana (test),100 Test Warehouse Rd,,South Bend,IN,46601,US,false,adr_to001864,Test Buyer,,65 Example Ave,,Testville,IN,46601,US,true,prcl_001864,10,8,4,40.0,,2026-08-30T14:56:18Z,rate_001864,Priority,USPS,3.40,,false,,114-8817604-0728353,0.00,3.40,0.00,"[{""label_format"":""PDF""},{""print_custom_1"":""ecom""}]",
2026-08-30T14:58:59Z,shp_00007158,9400100000000000007158,delivered,adr_from0001,Goodwill E-Com (test),Goodwill Michiana (test),100 Test Warehouse Rd,,South Bend,IN,46601,US,false,adr_to001865,Test Buyer,,66 Example Ave,,Sampleton,OH,43004,US,true,prcl_001865,10,8,4,32.0,,2026-08-30T14:59:00Z,rate_001865,GroundAdvantage,USPS,3.84,,false,,114-6417236-6970009,0.00,3.84,0.00,"[{""label_format"":""PDF""},{""print_custom_1"":""ecom""}]",
2026-08-30T15:11:04Z,shp_00007338,9400100000000000007338,delivered,adr_from0001,Goodwill E-Com (test),Goodwill Michiana (test),100 Test Warehouse Rd,,South Bend,IN,46601,US,false,adr_to001866,Test Buyer,,67 Example Ave,,Mocksburg,MI,49001,US,true,prcl_001866,10,8,4,22.4,,2026-08-30T15:11:05Z,rate_001866,Priority,USPS,8.48,,false,,17-17640-25755,0.00,8.48,0.00,"[{""label_format"":""PDF""},{""print_custom_1"":""ecom""}]",
2026-08-30T15:23:00Z,shp_00007303,9400100000000000007303,delivered,adr_from0001,Goodwill E-Com (test),Goodwill Michiana (test),100 Test Warehouse Rd,,South Bend,IN,46601,US,false,adr_to001867,Test Buyer,,68 Example Ave,,Fakeport,IL,60601,US,true,prcl_001867,10,8,4,16.0,,2026-08-30T15:23:01Z,rate_001867,GroundAdvantage,USPS,5.30,,false,,111-6017573-6891802,0.00,5.30,0.00,"[{""label_format"":""PDF""},{""print_custom_1"":""ecom""}]",
2026-08-30T15:26:30Z,shp_00007294,9400100000000000007294,delivered,adr_from0001,Goodwill E-Com (test),Goodwill Michiana (test),100 Test Warehouse Rd,,South Bend,IN,46601,US,false,adr_to001868,Test Buyer,,69 Example Ave,,Testville,IN,46601,US,true,prcl_001868,10,8,4,30.4,,2026-08-30T15:26:31Z,rate_001868,Priority,USPS,3.72,,false,,112-8517557-3654407,0.00,3.72,0.00,"[{""label_format"":""PDF""},{""print_custom_1"":""ecom""}]",
2026-08-30T15:31:55Z,shp_00007306,9400100000000000007306,delivered,adr_from0001,Goodwill E-Com (test),Goodwill Michiana (test),100 Test Warehouse Rd,,South Bend,IN,46601,US,false,adr_to001869,Test Buyer,,70 Example Ave,,Sampleton,OH,43004,US,true,prcl_001869,10,8,4,32.0,,2026-08-30T15:31:56Z,rate_001869,GroundAdvantage,USPS,3.88,,false,,113-1117581-3932143,0.00,3.88,0.00,"[{""label_format"":""PDF""},{""print_custom_1"":""ecom""}]",
2026-08-30T15:34:25Z,shp_00007325,9400100000000000007325,delivered,adr_from0001,Goodwill E-Com (test),Goodwill Michiana (test),100 Test Warehouse Rd,,South Bend,IN,46601,US,false,adr_to001870,Test Buyer,,71 Example Ave,,Mocksburg,MI,49001,US,true,prcl_001870,10,8,4,9.6,,2026-08-30T15:34:26Z,rate_001870,GroundAdvantage,USPS,3.78,,false,,111-2117609-0214692,0.00,3.78,0.00,"[{""label_format"":""PDF""},{""print_custom_1"":""ecom""}]",
2026-08-30T15:37:37Z,shp_00007334,9400100000000000007334,delivered,adr_from0001,Goodwill E-Com (test),Goodwill Michiana (test),100 Test Warehouse Rd,,South Bend,IN,46601,US,false,adr_to001871,Test Buyer,,72 Example Ave,,Fakeport,IL,60601,US,true,prcl_001871,10,8,4,43.2,,2026-08-30T15:37:38Z,rate_001871,GroundAdvantage,USPS,7.33,,false,,13-17629-49244,0.00,7.33,0.00,"[{""label_format"":""PDF""},{""print_custom_1"":""ecom""}]",
2026-08-30T15:46:31Z,shp_00007180,9400100000000000007180,in_transit,adr_from0001,Goodwill E-Com (test),Goodwill Michiana (test),100 Test Warehouse Rd,,South Bend,IN,46601,US,false,adr_to001872,Test Buyer,,73 Example Ave,,Testville,IN,46601,US,true,prcl_001872,10,8,4,17.6,,2026-08-30T15:46:32Z,rate_001872,Priority,USPS,5.39,,false,,112-3417268-8177346,0.00,5.39,0.00,"[{""label_format"":""PDF""},{""print_custom_1"":""ecom""}]",
2026-08-30T15:50:53Z,shp_00007157,9400100000000000007157,delivered,adr_from0001,Goodwill E-Com (test),Goodwill Michiana (test),100 Test Warehouse Rd,,South Bend,IN,46601,US,false,adr_to001873,Test Buyer,,74 Example Ave,,Sampleton,OH,43004,US,true,prcl_001873,10,8,4,46.4,,2026-08-30T15:50:54Z,rate_001873,GroundAdvantage,USPS,7.94,,false,,SGW-7717231,0.00,7.94,0.00,"[{""label_format"":""PDF""},{""print_custom_1"":""ecom""}]",
2026-08-30T15:54:39Z,shp_00007320,9400100000000000007320,delivered,adr_from0001,Goodwill E-Com (test),Goodwill Michiana (test),100 Test Warehouse Rd,,South Bend,IN,46601,US,false,adr_to001874,Test Buyer,,75 Example Ave,,Mocksburg,MI,49001,US,true,prcl_001874,10,8,4,35.2,,2026-08-30T15:54:40Z,rate_001874,GroundAdvantage,USPS,3.32,,false,,113-2317603-7129954,0.00,3.32,0.00,"[{""label_format"":""PDF""},{""print_custom_1"":""ecom""}]",
2026-08-30T15:59:26Z,shp_00007339,9400100000000000007339,delivered,adr_from0001,Goodwill E-Com (test),Goodwill Michiana (test),100 Test Warehouse Rd,,South Bend,IN,46601,US,false,adr_to001875,Test Buyer,,76 Example Ave,,Fakeport,IL,60601,US,true,prcl_001875,10,8,4,12.8,,2026-08-30T15:59:27Z,rate_001875,Priority,USPS,4.32,,false,,22-17642-49961,0.00,4.32,0.00,"[{""label_format"":""PDF""},{""print_custom_1"":""ecom""}]",
2026-08-30T15:59:43Z,shp_00007304,9400100000000000007304,delivered,adr_from0001,Goodwill E-Com (test),Goodwill Michiana (test),100 Test Warehouse Rd,,South Bend,IN,46601,US,false,adr_to001876,Test Buyer,,77 Example Ave,,Testville,IN,46601,US,true,prcl_001876,10,8,4,20.8,,2026-08-30T15:59:44Z,rate_001876,Priority,USPS,5.07,,false,,111-9917574-1639003,0.00,5.07,0.00,"[{""label_format"":""PDF""},{""print_custom_1"":""ecom""}]",
2026-08-30T16:08:24Z,shp_00007275,9400100000000000007275,delivered,adr_from0001,Goodwill E-Com (test),Goodwill Michiana (test),100 Test Warehouse Rd,,South Bend,IN,46601,US,false,adr_to001877,Test Buyer,,78 Example Ave,,Sampleton,OH,43004,US,true,prcl_001877,10,8,4,11.2,,2026-08-30T16:08:25Z,rate_001877,GroundAdvantage,USPS,15.51,,false,,SGW-7717515,0.00,15.51,0.00,"[{""label_format"":""PDF""},{""print_custom_1"":""ecom""}]",
2026-08-30T16:08:48Z,shp_00007284,9400100000000000007284,delivered,adr_from0001,Goodwill E-Com (test),Goodwill Michiana (test),100 Test Warehouse Rd,,South Bend,IN,46601,US,false,adr_to001878,Test Buyer,,79 Example Ave,,Mocksburg,MI,49001,US,true,prcl_001878,10,8,4,64.0,,2026-08-30T16:08:49Z,rate_001878,GroundAdvantage,USPS,9.60,,false,,SGW-7717542,0.00,9.60,0.00,"[{""label_format"":""PDF""},{""print_custom_1"":""ecom""}]",
2026-08-30T16:14:06Z,shp_00007215,9400100000000000007215,delivered,adr_from0001,Goodwill E-Com (test),Goodwill Michiana (test),100 Test Warehouse Rd,,South Bend,IN,46601,US,false,adr_to001879,Test Buyer,,80 Example Ave,,Fakeport,IL,60601,US,true,prcl_001879,10,8,4,16.0,,2026-08-30T16:14:07Z,rate_001879,Priority,USPS,8.41,,false,,SGW-7717365,0.00,8.41,0.00,"[{""label_format"":""PDF""},{""print_custom_1"":""ecom""}]",
2026-08-30T16:17:06Z,shp_00007336,9400100000000000007336,delivered,adr_from0001,Goodwill E-Com (test),Goodwill Michiana (test),100 Test Warehouse Rd,,South Bend,IN,46601,US,false,adr_to001880,Test Buyer,,81 Example Ave,,Testville,IN,46601,US,true,prcl_001880,10,8,4,67.2,,2026-08-30T16:17:07Z,rate_001880,GroundAdvantage,USPS,5.01,,false,,11-17631-98060,0.00,5.01,0.00,"[{""label_format"":""PDF""},{""print_custom_1"":""ecom""}]",
2026-08-30T16:29:28Z,shp_00007287,9400100000000000007287,in_transit,adr_from0001,Goodwill E-Com (test),Goodwill Michiana (test),100 Test Warehouse Rd,,South Bend,IN,46601,US,false,adr_to001881,Test Buyer,,82 Example Ave,,Sampleton,OH,43004,US,true,prcl_001881,10,8,4,38.4,,2026-08-30T16:29:29Z,rate_001881,GroundAdvantage,USPS,8.26,,false,,SGW-7717548,0.00,8.26,0.00,"[{""label_format"":""PDF""},{""print_custom_1"":""ecom""}]",
2026-08-30T16:33:20Z,shp_00007314,9400100000000000007314,delivered,adr_from0001,Goodwill E-Com (test),Goodwill Michiana (test),100 Test Warehouse Rd,,South Bend,IN,46601,US,false,adr_to001882,Test Buyer,,83 Example Ave,,Mocksburg,MI,49001,US,true,prcl_001882,10,8,4,46.4,,2026-08-30T16:33:21Z,rate_001882,GroundAdvantage,USPS,3.53,,false,,111-7117593-7839838,0.00,3.53,0.00,"[{""label_format"":""PDF""},{""print_custom_1"":""ecom""}]",
2026-08-30T16:33:49Z,shp_00007154,9400100000000000007154,delivered,adr_from0001,Goodwill E-Com (test),Goodwill Michiana (test),100 Test Warehouse Rd,,South Bend,IN,46601,US,false,adr_to001883,Test Buyer,,84 Example Ave,,Fakeport,IL,60601,US,true,prcl_001883,10,8,4,22.4,,2026-08-30T16:33:50Z,rate_001883,GroundAdvantage,USPS,6.18,,false,,SGW-7717225,0.00,6.18,0.00,"[{""label_format"":""PDF""},{""print_custom_1"":""ecom""}]",
2026-08-30T16:35:57Z,shp_00007290,9400100000000000007290,delivered,adr_from0001,Goodwill E-Com (test),Goodwill Michiana (test),100 Test Warehouse Rd,,South Bend,IN,46601,US,false,adr_to001884,Test Buyer,,85 Example Ave,,Testville,IN,46601,US,true,prcl_001884,10,8,4,12.8,,2026-08-30T16:35:58Z,rate_001884,GroundAdvantage,USPS,10.85,,false,,SGW-7717552,0.00,10.85,0.00,"[{""label_format"":""PDF""},{""print_custom_1"":""ecom""}]",
2026-08-30T16:47:29Z,shp_00007282,9400100000000000007282,delivered,adr_from0001,Goodwill E-Com (test),Goodwill Michiana (test),100 Test Warehouse Rd,,South Bend,IN,46601,US,false,adr_to001885,Test Buyer,,86 Example Ave,,Sampleton,OH,43004,US,true,prcl_001885,10,8,4,27.2,,2026-08-30T16:47:30Z,rate_001885,Priority,USPS,9.26,,false,,SGW-7717532,0.00,9.26,0.00,"[{""label_format"":""PDF""},{""print_custom_1"":""ecom""}]",
2026-08-30T16:51:17Z,shp_00007277,9400100000000000007277,delivered,adr_from0001,Goodwill E-Com (test),Goodwill Michiana (test),100 Test Warehouse Rd,,South Bend,IN,46601,US,false,adr_to001886,Test Buyer,,87 Example Ave,,Mocksburg,MI,49001,US,true,prcl_001886,10,8,4,11.2,,2026-08-30T16:51:18Z,rate_001886,GroundAdvantage,USPS,9.79,,false,,SGW-7717517,0.00,9.79,0.00,"[{""label_format"":""PDF""},{""print_custom_1"":""ecom""}]",
2026-08-30T16:57:15Z,shp_00007297,9400100000000000007297,delivered,adr_from0001,Goodwill E-Com (test),Goodwill Michiana (test),100 Test Warehouse Rd,,South Bend,IN,46601,US,false,adr_to001887,Test Buyer,,88 Example Ave,,Fakeport,IL,60601,US,true,prcl_001887,10,8,4,60.8,,2026-08-30T16:57:16Z,rate_001887,GroundAdvantage,USPS,3.36,,false,,112-1817564-7596934,0.00,3.36,0.00,"[{""label_format"":""PDF""},{""print_custom_1"":""ecom""}]",
2026-08-30T17:00:07Z,shp_00007272,9400100000000000007272,delivered,adr_from0001,Goodwill E-Com (test),Goodwill Michiana (test),100 Test Warehouse Rd,,South Bend,IN,46601,US,false,adr_to001888,Test Buyer,,89 Example Ave,,Testville,IN,46601,US,true,prcl_001888,10,8,4,12.8,,2026-08-30T17:00:08Z,rate_001888,Priority,USPS,6.90,,false,,SGW-7717508,0.00,6.90,0.00,"[{""label_format"":""PDF""},{""print_custom_1"":""ecom""}]",
2026-08-30T17:00:28Z,shp_00007274,9400100000000000007274,delivered,adr_from0001,Goodwill E-Com (test),Goodwill Michiana (test),100 Test Warehouse Rd,,South Bend,IN,46601,US,false,adr_to001889,Test Buyer,,90 Example Ave,,Sampleton,OH,43004,US,true,prcl_001889,10,8,4,11.2,,2026-08-30T17:00:29Z,rate_001889,GroundAdvantage,USPS,15.38,,false,,SGW-7717510,0.00,15.38,0.00,"[{""label_format"":""PDF""},{""print_custom_1"":""ecom""}]",
2026-08-30T17:06:54Z,shp_00007228,9400100000000000007228,in_transit,adr_from0001,Goodwill E-Com (test),Goodwill Michiana (test),100 Test Warehouse Rd,,South Bend,IN,46601,US,false,adr_to001890,Test Buyer,,91 Example Ave,,Mocksburg,MI,49001,US,true,prcl_001890,10,8,4,9.6,,2026-08-30T17:06:55Z,rate_001890,GroundAdvantage,USPS,3.82,,false,,112-7817388-8350569,0.00,3.82,0.00,"[{""label_format"":""PDF""},{""print_custom_1"":""ecom""}]",
2026-08-30T17:13:36Z,shp_00007208,9400100000000000007208,delivered,adr_from0001,Goodwill E-Com (test),Goodwill Michiana (test),100 Test Warehouse Rd,,South Bend,IN,46601,US,false,adr_to001891,Test Buyer,,92 Example Ave,,Fakeport,IL,60601,US,true,prcl_001891,10,8,4,11.2,,2026-08-30T17:13:37Z,rate_001891,GroundAdvantage,USPS,10.06,,false,,SGW-7717353,0.00,10.06,0.00,"[{""label_format"":""PDF""},{""print_custom_1"":""ecom""}]",
2026-08-30T17:30:21Z,shp_00007142,9400100000000000007142,delivered,adr_from0001,Goodwill E-Com (test),Goodwill Michiana (test),100 Test Warehouse Rd,,South Bend,IN,46601,US,false,adr_to001892,Test Buyer,,93 Example Ave,,Testville,IN,46601,US,true,prcl_001892,10,8,4,32.0,,2026-08-30T17:30:22Z,rate_001892,GroundAdvantage,USPS,11.78,,false,,SGW-7717204,0.00,11.78,0.00,"[{""label_format"":""PDF""},{""print_custom_1"":""ecom""}]",
2026-08-30T17:40:07Z,shp_00007307,9400100000000000007307,delivered,adr_from0001,Goodwill E-Com (test),Goodwill Michiana (test),100 Test Warehouse Rd,,South Bend,IN,46601,US,false,adr_to001893,Test Buyer,,94 Example Ave,,Sampleton,OH,43004,US,true,prcl_001893,10,8,4,40.0,,2026-08-30T17:40:08Z,rate_001893,GroundAdvantage,USPS,3.44,,false,,113-4517582-9327126,0.00,3.44,0.00,"[{""label_format"":""PDF""},{""print_custom_1"":""ecom""}]",
2026-08-30T17:40:18Z,shp_00007313,9400100000000000007313,delivered,adr_from0001,Goodwill E-Com (test),Goodwill Michiana (test),100 Test Warehouse Rd,,South Bend,IN,46601,US,false,adr_to001894,Test Buyer,,95 Example Ave,,Mocksburg,MI,49001,US,true,prcl_001894,10,8,4,33.6,,2026-08-30T17:40:19Z,rate_001894,GroundAdvantage,USPS,3.34,,false,,114-7917590-5616565,0.00,3.34,0.00,"[{""label_format"":""PDF""},{""print_custom_1"":""ecom""}]",
2026-08-30T18:16:17Z,shp_00007220,9400100000000000007220,delivered,adr_from0001,Goodwill E-Com (test),Goodwill Michiana (test),100 Test Warehouse Rd,,South Bend,IN,46601,US,false,adr_to001895,Test Buyer,,96 Example Ave,,Fakeport,IL,60601,US,true,prcl_001895,10,8,4,24.0,,2026-08-30T18:16:18Z,rate_001895,GroundAdvantage,USPS,20.41,,false,,SGW-7717373,0.00,20.41,0.00,"[{""label_format"":""PDF""},{""print_custom_1"":""ecom""}]",
2026-08-30T18:18:01Z,shp_00007311,9400100000000000007311,delivered,adr_from0001,Goodwill E-Com (test),Goodwill Michiana (test),100 Test Warehouse Rd,,South Bend,IN,46601,US,false,adr_to001896,Test Buyer,,97 Example Ave,,Testville,IN,46601,US,true,prcl_001896,10,8,4,33.6,,2026-08-30T18:18:02Z,rate_001896,GroundAdvantage,USPS,3.63,,false,,114-2717587-4113680,0.00,3.63,0.00,"[{""label_format"":""PDF""},{""print_custom_1"":""ecom""}]",
2026-08-30T18:26:46Z,shp_00007179,9400100000000000007179,delivered,adr_from0001,Goodwill E-Com (test),Goodwill Michiana (test),100 Test Warehouse Rd,,South Bend,IN,46601,US,false,adr_to001897,Test Buyer,,98 Example Ave,,Sampleton,OH,43004,US,true,prcl_001897,10,8,4,28.8,,2026-08-30T18:26:47Z,rate_001897,GroundAdvantage,USPS,3.62,,false,,113-1017267-5541010,0.00,3.62,0.00,"[{""label_format"":""PDF""},{""print_custom_1"":""ecom""}]",
2026-08-30T18:35:18Z,shp_00007315,9400100000000000007315,delivered,adr_from0001,Goodwill E-Com (test),Goodwill Michiana (test),100 Test Warehouse Rd,,South Bend,IN,46601,US,false,adr_to001898,Test Buyer,,99 Example Ave,,Mocksburg,MI,49001,US,true,prcl_001898,10,8,4,33.6,,2026-08-30T18:35:19Z,rate_001898,GroundAdvantage,USPS,5.54,,false,,114-1917595-5242090,0.00,5.54,0.00,"[{""label_format"":""PDF""},{""print_custom_1"":""ecom""}]",
2026-08-30T18:39:47Z,shp_00007271,9400100000000000007271,in_transit,adr_from0001,Goodwill E-Com (test),Goodwill Michiana (test),100 Test Warehouse Rd,,South Bend,IN,46601,US,false,adr_to001899,Test Buyer,,100 Example Ave,,Fakeport,IL,60601,US,true,prcl_001899,10,8,4,38.4,,2026-08-30T18:39:48Z,rate_001899,GroundAdvantage,USPS,8.10,,false,,SGW-7717504,0.00,8.10,0.00,"[{""label_format"":""PDF""},{""print_custom_1"":""ecom""}]",
2026-08-30T18:42:36Z,shp_00007299,9400100000000000007299,delivered,adr_from0001,Goodwill E-Com (test),Goodwill Michiana (test),100 Test Warehouse Rd,,South Bend,IN,46601,US,false,adr_to001900,Test Buyer,,101 Example Ave,,Testville,IN,46601,US,true,prcl_001900,10,8,4,30.4,,2026-08-30T18:42:37Z,rate_001900,GroundAdvantage,USPS,5.54,,false,,113-6217566-1978815,0.00,5.54,0.00,"[{""label_format"":""PDF""},{""print_custom_1"":""ecom""}]",
2026-08-30T18:47:01Z,shp_00007331,9400100000000000007331,unknown,adr_from0001,Goodwill E-Com (test),Goodwill Michiana (test),100 Test Warehouse Rd,,South Bend,IN,46601,US,false,adr_to001901,Test Buyer,,102 Example Ave,,Sampleton,OH,43004,US,true,prcl_001901,10,8,4,40.0,,2026-08-30T18:47:02Z,rate_001901,GroundAdvantage,USPS,7.07,,false,refunded,26-17624-78730,0.00,7.07,0.00,"[{""label_format"":""PDF""},{""print_custom_1"":""ecom""}]",
2026-08-30T18:59:29Z,shp_00007296,9400100000000000007296,delivered,adr_from0001,Goodwill E-Com (test),Goodwill Michiana (test),100 Test Warehouse Rd,,South Bend,IN,46601,US,false,adr_to001902,Test Buyer,,103 Example Ave,,Mocksburg,MI,49001,US,true,prcl_001902,10,8,4,40.0,,2026-08-30T18:59:30Z,rate_001902,GroundAdvantage,USPS,5.23,,false,,114-7217560-6087500,0.00,5.23,0.00,"[{""label_format"":""PDF""},{""print_custom_1"":""ecom""}]",
2026-08-30T19:00:25Z,shp_00007318,9400100000000000007318,delivered,adr_from0001,Goodwill E-Com (test),Goodwill Michiana (test),100 Test Warehouse Rd,,South Bend,IN,46601,US,false,adr_to001903,Test Buyer,,104 Example Ave,,Fakeport,IL,60601,US,true,prcl_001903,10,8,4,24.0,,2026-08-30T19:00:26Z,rate_001903,GroundAdvantage,USPS,5.18,,false,,114-1717599-9178507,0.00,5.18,0.00,"[{""label_format"":""PDF""},{""print_custom_1"":""ecom""}]",
2026-08-30T19:05:43Z,shp_00007301,9400100000000000007301,delivered,adr_from0001,Goodwill E-Com (test),Goodwill Michiana (test),100 Test Warehouse Rd,,South Bend,IN,46601,US,false,adr_to001904,Test Buyer,,105 Example Ave,,Testville,IN,46601,US,true,prcl_001904,10,8,4,65.6,,2026-08-30T19:05:44Z,rate_001904,GroundAdvantage,USPS,3.89,,false,,113-0817570-4779523,0.00,3.89,0.00,"[{""label_format"":""PDF""},{""print_custom_1"":""ecom""}]",
2026-08-30T19:07:53Z,shp_00007252,9400100000000000007252,delivered,adr_from0001,Goodwill E-Com (test),Goodwill Michiana (test),100 Test Warehouse Rd,,South Bend,IN,46601,US,false,adr_to001905,Test Buyer,,106 Example Ave,,Sampleton,OH,43004,US,true,prcl_001905,10,8,4,17.6,,2026-08-30T19:07:54Z,rate_001905,GroundAdvantage,USPS,3.47,,false,,114-6717423-4485413,0.00,3.47,0.00,"[{""label_format"":""PDF""},{""print_custom_1"":""ecom""}]",
2026-08-30T19:16:19Z,shp_00007335,9400100000000000007335,delivered,adr_from0001,Goodwill E-Com (test),Goodwill Michiana (test),100 Test Warehouse Rd,,South Bend,IN,46601,US,false,adr_to001906,Test Buyer,,107 Example Ave,,Mocksburg,MI,49001,US,true,prcl_001906,10,8,4,17.6,,2026-08-30T19:16:20Z,rate_001906,GroundAdvantage,USPS,4.84,,false,,21-17630-54610,0.00,4.84,0.00,"[{""label_format"":""PDF""},{""print_custom_1"":""ecom""}]",
2026-08-30T19:18:23Z,shp_00007263,9400100000000000007263,delivered,adr_from0001,Goodwill E-Com (test),Goodwill Michiana (test),100 Test Warehouse Rd,,South Bend,IN,46601,US,false,adr_to001907,Test Buyer,,108 Example Ave,,Fakeport,IL,60601,US,true,prcl_001907,10,8,4,25.6,,2026-08-30T19:18:24Z,rate_001907,GroundAdvantage,USPS,8.21,,false,,02-17445-23488,0.00,8.21,0.00,"[{""label_format"":""PDF""},{""print_custom_1"":""ecom""}]",
2026-08-30T19:18:23Z,shp_00007293,9400100000000000007293,in_transit,adr_from0001,Goodwill E-Com (test),Goodwill Michiana (test),100 Test Warehouse Rd,,South Bend,IN,46601,US,false,adr_to001908,Test Buyer,,109 Example Ave,,Testville,IN,46601,US,true,prcl_001908,10,8,4,19.2,,2026-08-30T19:18:24Z,rate_001908,Priority,USPS,3.58,,false,,113-9017556-1972819,0.00,3.58,0.00,"[{""label_format"":""PDF""},{""print_custom_1"":""ecom""}]",
2026-08-30T19:19:27Z,shp_00007342,9400100000000000007342,delivered,adr_from0001,Goodwill E-Com (test),Goodwill Michiana (test),100 Test Warehouse Rd,,South Bend,IN,46601,US,false,adr_to001909,Test Buyer,,110 Example Ave,,Sampleton,OH,43004,US,true,prcl_001909,10,8,4,28.8,,2026-08-30T19:19:28Z,rate_001909,Priority,USPS,5.54,,false,,06-17647-49476,0.00,5.54,0.00,"[{""label_format"":""PDF""},{""print_custom_1"":""ecom""}]",
2026-08-30T19:46:52Z,shp_00007310,9400100000000000007310,delivered,adr_from0001,Goodwill E-Com (test),Goodwill Michiana (test),100 Test Warehouse Rd,,South Bend,IN,46601,US,false,adr_to001910,Test Buyer,,111 Example Ave,,Mocksburg,MI,49001,US,true,prcl_001910,10,8,4,24.0,,2026-08-30T19:46:53Z,rate_001910,Priority,USPS,3.32,,false,,114-3817586-4731843,0.00,3.32,0.00,"[{""label_format"":""PDF""},{""print_custom_1"":""ecom""}]",
2026-08-30T19:48:56Z,shp_00007187,9400100000000000007187,delivered,adr_from0001,Goodwill E-Com (test),Goodwill Michiana (test),100 Test Warehouse Rd,,South Bend,IN,46601,US,false,adr_to001911,Test Buyer,,112 Example Ave,,Fakeport,IL,60601,US,true,prcl_001911,10,8,4,16.0,,2026-08-30T19:48:57Z,rate_001911,GroundAdvantage,USPS,3.39,,false,,20-17281-81174,0.00,3.39,0.00,"[{""label_format"":""PDF""},{""print_custom_1"":""ecom""}]",
2026-08-30T19:49:54Z,shp_00007191,9400100000000000007191,delivered,adr_from0001,Goodwill E-Com (test),Goodwill Michiana (test),100 Test Warehouse Rd,,South Bend,IN,46601,US,false,adr_to001912,Test Buyer,,113 Example Ave,,Testville,IN,46601,US,true,prcl_001912,10,8,4,9.6,,2026-08-30T19:49:55Z,rate_001912,GroundAdvantage,USPS,7.23,,false,,16-17293-61828,0.00,7.23,0.00,"[{""label_format"":""PDF""},{""print_custom_1"":""ecom""}]",
2026-08-30T19:50:25Z,shp_00007245,9400100000000000007245,delivered,adr_from0001,Goodwill E-Com (test),Goodwill Michiana (test),100 Test Warehouse Rd,,South Bend,IN,46601,US,false,adr_to001913,Test Buyer,,114 Example Ave,,Sampleton,OH,43004,US,true,prcl_001913,10,8,4,48.0,,2026-08-30T19:50:26Z,rate_001913,GroundAdvantage,USPS,5.07,,false,,111-1417415-3277077,0.00,5.07,0.00,"[{""label_format"":""PDF""},{""print_custom_1"":""ecom""}]",
2026-08-30T19:52:04Z,shp_00007317,9400100000000000007317,delivered,adr_from0001,Goodwill E-Com (test),Goodwill Michiana (test),100 Test Warehouse Rd,,South Bend,IN,46601,US,false,adr_to001914,Test Buyer,,115 Example Ave,,Mocksburg,MI,49001,US,true,prcl_001914,10,8,4,24.0,,2026-08-30T19:52:05Z,rate_001914,GroundAdvantage,USPS,3.56,,false,,114-4617598-6550356,0.00,3.56,0.00,"[{""label_format"":""PDF""},{""print_custom_1"":""ecom""}]",
2026-08-30T19:56:26Z,shp_00007308,9400100000000000007308,delivered,adr_from0001,Goodwill E-Com (test),Goodwill Michiana (test),100 Test Warehouse Rd,,South Bend,IN,46601,US,false,adr_to001915,Test Buyer,,116 Example Ave,,Fakeport,IL,60601,US,true,prcl_001915,10,8,4,9.6,,2026-08-30T19:56:27Z,rate_001915,GroundAdvantage,USPS,3.58,,false,,113-7917583-8743482,0.00,3.58,0.00,"[{""label_format"":""PDF""},{""print_custom_1"":""ecom""}]",
2026-08-30T20:08:24Z,shp_00007269,9400100000000000007269,delivered,adr_from0001,Goodwill E-Com (test),Goodwill Michiana (test),100 Test Warehouse Rd,,South Bend,IN,46601,US,false,adr_to001916,Test Buyer,,117 Example Ave,,Testville,IN,46601,US,true,prcl_001916,10,8,4,20.8,,2026-08-30T20:08:25Z,rate_001916,GroundAdvantage,USPS,12.07,,false,,SGW-7717496,0.00,12.07,0.00,"[{""label_format"":""PDF""},{""print_custom_1"":""ecom""}]",
2026-08-30T20:08:29Z,shp_00007234,9400100000000000007234,in_transit,adr_from0001,Goodwill E-Com (test),Goodwill Michiana (test),100 Test Warehouse Rd,,South Bend,IN,46601,US,false,adr_to001917,Test Buyer,,118 Example Ave,,Sampleton,OH,43004,US,true,prcl_001917,10,8,4,32.0,,2026-08-30T20:08:30Z,rate_001917,GroundAdvantage,USPS,3.90,,false,,114-0517394-1646915,0.00,3.90,0.00,"[{""label_format"":""PDF""},{""print_custom_1"":""ecom""}]",
2026-08-30T20:17:18Z,shp_00007203,9400100000000000007203,delivered,adr_from0001,Goodwill E-Com (test),Goodwill Michiana (test),100 Test Warehouse Rd,,South Bend,IN,46601,US,false,adr_to001918,Test Buyer,,119 Example Ave,,Mocksburg,MI,49001,US,true,prcl_001918,10,8,4,112.0,,2026-08-30T20:17:19Z,rate_001918,GroundAdvantage,USPS,5.63,,false,,SGW-7717334,0.00,5.63,0.00,"[{""label_format"":""PDF""},{""print_custom_1"":""ecom""}]",
2026-08-30T20:20:36Z,shp_00007341,9400100000000000007341,delivered,adr_from0001,Goodwill E-Com (test),Goodwill Michiana (test),100 Test Warehouse Rd,,South Bend,IN,46601,US,false,adr_to001919,Test Buyer,,120 Example Ave,,Fakeport,IL,60601,US,true,prcl_001919,10,8,4,36.8,,2026-08-30T20:20:37Z,rate_001919,GroundAdvantage,USPS,3.41,,false,,15-17645-33612,0.00,3.41,0.00,"[{""label_format"":""PDF""},{""print_custom_1"":""ecom""}]",
2026-08-30T20:22:32Z,shp_00007319,9400100000000000007319,delivered,adr_from0001,Goodwill E-Com (test),Goodwill Michiana (test),100 Test Warehouse Rd,,South Bend,IN,46601,US,false,adr_to001920,Test Buyer,,121 Example Ave,,Testville,IN,46601,US,true,prcl_001920,10,8,4,70.4,,2026-08-30T20:22:33Z,rate_001920,GroundAdvantage,USPS,3.55,,false,,113-7617601-9278212,0.00,3.55,0.00,"[{""label_format"":""PDF""},{""print_custom_1"":""ecom""}]",
2026-08-30T20:40:16Z,shp_00007300,9400100000000000007300,delivered,adr_from0001,Goodwill E-Com (test),Goodwill Michiana (test),100 Test Warehouse Rd,,South Bend,IN,46601,US,false,adr_to001921,Test Buyer,,122 Example Ave,,Sampleton,OH,43004,US,true,prcl_001921,10,8,4,30.4,,2026-08-30T20:40:17Z,rate_001921,GroundAdvantage,USPS,5.24,,false,,114-6217569-6966743,0.00,5.24,0.00,"[{""label_format"":""PDF""},{""print_custom_1"":""ecom""}]",
2026-08-30T20:42:48Z,shp_00007292,9400100000000000007292,delivered,adr_from0001,Goodwill E-Com (test),Goodwill Michiana (test),100 Test Warehouse Rd,,South Bend,IN,46601,US,false,adr_to001922,Test Buyer,,123 Example Ave,,Mocksburg,MI,49001,US,true,prcl_001922,10,8,4,30.4,,2026-08-30T20:42:49Z,rate_001922,Priority,USPS,6.99,,false,,SGW-7717554,0.00,6.99,0.00,"[{""label_format"":""PDF""},{""print_custom_1"":""ecom""}]",
2026-08-30T20:46:53Z,shp_00007302,9400100000000000007302,delivered,adr_from0001,Goodwill E-Com (test),Goodwill Michiana (test),100 Test Warehouse Rd,,South Bend,IN,46601,US,false,adr_to001923,Test Buyer,,124 Example Ave,,Fakeport,IL,60601,US,true,prcl_001923,10,8,4,30.4,,2026-08-30T20:46:54Z,rate_001923,Priority,USPS,3.60,,false,,112-1917572-9939662,0.00,3.60,0.00,"[{""label_format"":""PDF""},{""print_custom_1"":""ecom""}]",
2026-08-30T20:47:02Z,shp_00007286,9400100000000000007286,delivered,adr_from0001,Goodwill E-Com (test),Goodwill Michiana (test),100 Test Warehouse Rd,,South Bend,IN,46601,US,false,adr_to001924,Test Buyer,,125 Example Ave,,Testville,IN,46601,US,true,prcl_001924,10,8,4,41.6,,2026-08-30T20:47:03Z,rate_001924,Priority,USPS,7.41,,false,,SGW-7717546,0.00,7.41,0.00,"[{""label_format"":""PDF""},{""print_custom_1"":""ecom""}]",
2026-08-30T20:58:42Z,shp_00007285,9400100000000000007285,delivered,adr_from0001,Goodwill E-Com (test),Goodwill Michiana (test),100 Test Warehouse Rd,,South Bend,IN,46601,US,false,adr_to001925,Test Buyer,,126 Example Ave,,Sampleton,OH,43004,US,true,prcl_001925,10,8,4,12.8,,2026-08-30T20:58:43Z,rate_001925,Priority,USPS,12.18,,false,,SGW-7717543,0.00,12.18,0.00,"[{""label_format"":""PDF""},{""print_custom_1"":""ecom""}]",
2026-08-31T13:10:28Z,shp_00007328,9400100000000000007328,in_transit,adr_from0001,Goodwill E-Com (test),Goodwill Michiana (test),100 Test Warehouse Rd,,South Bend,IN,46601,US,false,adr_to001926,Test Buyer,,127 Example Ave,,Mocksburg,MI,49001,US,true,prcl_001926,10,8,4,33.6,,2026-08-31T13:10:29Z,rate_001926,GroundAdvantage,USPS,4.56,,false,,01-17614-60298,0.00,4.56,0.00,"[{""label_format"":""PDF""},{""print_custom_1"":""ecom""}]",
2026-08-31T13:14:51Z,shp_00007298,9400100000000000007298,delivered,adr_from0001,Goodwill E-Com (test),Goodwill Michiana (test),100 Test Warehouse Rd,,South Bend,IN,46601,US,false,adr_to001927,Test Buyer,,128 Example Ave,,Fakeport,IL,60601,US,true,prcl_001927,10,8,4,22.4,,2026-08-31T13:14:52Z,rate_001927,GroundAdvantage,USPS,3.70,,false,,112-3817565-3268432,0.00,3.70,0.00,"[{""label_format"":""PDF""},{""print_custom_1"":""ecom""}]",
2026-08-31T13:15:14Z,shp_00007322,9400100000000000007322,delivered,adr_from0001,Goodwill E-Com (test),Goodwill Michiana (test),100 Test Warehouse Rd,,South Bend,IN,46601,US,false,adr_to001928,Test Buyer,,129 Example Ave,,Testville,IN,46601,US,true,prcl_001928,10,8,4,48.0,,2026-08-31T13:15:15Z,rate_001928,Priority,USPS,5.07,,false,,113-2017605-9943652,0.00,5.07,0.00,"[{""label_format"":""PDF""},{""print_custom_1"":""ecom""}]",
2026-08-31T13:21:48Z,shp_00007389,9400100000000000007389,delivered,adr_from0001,Goodwill E-Com (test),Goodwill Michiana (test),100 Test Warehouse Rd,,South Bend,IN,46601,US,false,adr_to001929,Test Buyer,,130 Example Ave,,Sampleton,OH,43004,US,true,prcl_001929,10,8,4,16.0,,2026-08-31T13:21:49Z,rate_001929,Priority,USPS,3.82,,false,,111-2617753-7911067,0.00,3.82,0.00,"[{""label_format"":""PDF""},{""print_custom_1"":""ecom""}]",
2026-08-31T13:32:53Z,shp_00007357,9400100000000000007357,delivered,adr_from0001,Goodwill E-Com (test),Goodwill Michiana (test),100 Test Warehouse Rd,,South Bend,IN,46601,US,false,adr_to001930,Test Buyer,,131 Example Ave,,Mocksburg,MI,49001,US,true,prcl_001930,10,8,4,12.8,,2026-08-31T13:32:54Z,rate_001930,GroundAdvantage,USPS,8.65,,false,,SGW-7717708,0.00,8.65,0.00,"[{""label_format"":""PDF""},{""print_custom_1"":""ecom""}]",
2026-08-31T13:35:29Z,shp_00007283,9400100000000000007283,delivered,adr_from0001,Goodwill E-Com (test),Goodwill Michiana (test),100 Test Warehouse Rd,,South Bend,IN,46601,US,false,adr_to001931,Test Buyer,,132 Example Ave,,Fakeport,IL,60601,US,true,prcl_001931,10,8,4,65.6,,2026-08-31T13:35:30Z,rate_001931,GroundAdvantage,USPS,14.15,,false,,SGW-7717539,0.00,14.15,0.00,"[{""label_format"":""PDF""},{""print_custom_1"":""ecom""}]",
2026-08-31T13:53:33Z,shp_00007230,9400100000000000007230,delivered,adr_from0001,Goodwill E-Com (test),Goodwill Michiana (test),100 Test Warehouse Rd,,South Bend,IN,46601,US,false,adr_to001932,Test Buyer,,133 Example Ave,,Testville,IN,46601,US,true,prcl_001932,10,8,4,80.0,,2026-08-31T13:53:34Z,rate_001932,GroundAdvantage,USPS,3.55,,false,,112-6117390-7932019,0.00,3.55,0.00,"[{""label_format"":""PDF""},{""print_custom_1"":""ecom""}]",
2026-08-31T13:54:16Z,shp_00007402,9400100000000000007402,delivered,adr_from0001,Goodwill E-Com (test),Goodwill Michiana (test),100 Test Warehouse Rd,,South Bend,IN,46601,US,false,adr_to001933,Test Buyer,,134 Example Ave,,Sampleton,OH,43004,US,true,prcl_001933,10,8,4,25.6,,2026-08-31T13:54:17Z,rate_001933,Priority,USPS,6.61,,false,,m00000017781,0.00,6.61,0.00,"[{""label_format"":""PDF""},{""print_custom_1"":""ecom""}]",
2026-08-31T14:06:55Z,shp_00007378,9400100000000000007378,delivered,adr_from0001,Goodwill E-Com (test),Goodwill Michiana (test),100 Test Warehouse Rd,,South Bend,IN,46601,US,false,adr_to001934,Test Buyer,,135 Example Ave,,Mocksburg,MI,49001,US,true,prcl_001934,10,8,4,27.2,,2026-08-31T14:06:56Z,rate_001934,GroundAdvantage,USPS,3.79,,false,,112-9217739-1096339,0.00,3.79,0.00,"[{""label_format"":""PDF""},{""print_custom_1"":""ecom""}]",
2026-08-31T14:08:58Z,shp_00007399,9400100000000000007399,in_transit,adr_from0001,Goodwill E-Com (test),Goodwill Michiana (test),100 Test Warehouse Rd,,South Bend,IN,46601,US,false,adr_to001935,Test Buyer,,136 Example Ave,,Fakeport,IL,60601,US,true,prcl_001935,10,8,4,22.4,,2026-08-31T14:08:59Z,rate_001935,Priority,USPS,6.62,,false,,20-17773-22630,0.00,6.62,0.00,"[{""label_format"":""PDF""},{""print_custom_1"":""ecom""}]",
2026-08-31T14:15:27Z,shp_00007366,9400100000000000007366,delivered,adr_from0001,Goodwill E-Com (test),Goodwill Michiana (test),100 Test Warehouse Rd,,South Bend,IN,46601,US,false,adr_to001936,Test Buyer,,137 Example Ave,,Testville,IN,46601,US,true,prcl_001936,10,8,4,30.4,,2026-08-31T14:15:28Z,rate_001936,GroundAdvantage,USPS,3.76,,false,,114-4317720-8092151,0.00,3.76,0.00,"[{""label_format"":""PDF""},{""print_custom_1"":""ecom""}]",
2026-08-31T14:16:26Z,shp_00007371,9400100000000000007371,delivered,adr_from0001,Goodwill E-Com (test),Goodwill Michiana (test),100 Test Warehouse Rd,,South Bend,IN,46601,US,false,adr_to001937,Test Buyer,,138 Example Ave,,Sampleton,OH,43004,US,true,prcl_001937,10,8,4,25.6,,2026-08-31T14:16:27Z,rate_001937,GroundAdvantage,USPS,3.34,,false,,111-2817731-7612467,0.00,3.34,0.00,"[{""label_format"":""PDF""},{""print_custom_1"":""ecom""}]",
2026-08-31T14:20:22Z,shp_00007359,9400100000000000007359,delivered,adr_from0001,Goodwill E-Com (test),Goodwill Michiana (test),100 Test Warehouse Rd,,South Bend,IN,46601,US,false,adr_to001938,Test Buyer,,139 Example Ave,,Mocksburg,MI,49001,US,true,prcl_001938,10,8,4,16.0,,2026-08-31T14:20:23Z,rate_001938,GroundAdvantage,USPS,8.68,,false,,SGW-7717711,0.00,8.68,0.00,"[{""label_format"":""PDF""},{""print_custom_1"":""ecom""}]",
2026-08-31T14:23:26Z,shp_00007384,9400100000000000007384,delivered,adr_from0001,Goodwill E-Com (test),Goodwill Michiana (test),100 Test Warehouse Rd,,South Bend,IN,46601,US,false,adr_to001939,Test Buyer,,140 Example Ave,,Fakeport,IL,60601,US,true,prcl_001939,10,8,4,20.8,,2026-08-31T14:23:27Z,rate_001939,GroundAdvantage,USPS,5.18,,false,,111-4317747-0087778,0.00,5.18,0.00,"[{""label_format"":""PDF""},{""print_custom_1"":""ecom""}]",
2026-08-31T14:29:06Z,shp_00007401,9400100000000000007401,delivered,adr_from0001,Goodwill E-Com (test),Goodwill Michiana (test),100 Test Warehouse Rd,,South Bend,IN,46601,US,false,adr_to001940,Test Buyer,,141 Example Ave,,Testville,IN,46601,US,true,prcl_001940,10,8,4,24.0,,2026-08-31T14:29:07Z,rate_001940,GroundAdvantage,USPS,6.82,,false,,18-17780-23775,0.00,6.82,0.00,"[{""label_format"":""PDF""},{""print_custom_1"":""ecom""}]",
2026-08-31T14:31:34Z,shp_00007385,9400100000000000007385,delivered,adr_from0001,Goodwill E-Com (test),Goodwill Michiana (test),100 Test Warehouse Rd,,South Bend,IN,46601,US,false,adr_to001941,Test Buyer,,142 Example Ave,,Sampleton,OH,43004,US,true,prcl_001941,10,8,4,30.4,,2026-08-31T14:31:35Z,rate_001941,GroundAdvantage,USPS,5.83,,false,,112-5717748-9232455,0.00,5.83,0.00,"[{""label_format"":""PDF""},{""print_custom_1"":""ecom""}]",
2026-08-31T14:33:44Z,shp_00007349,9400100000000000007349,delivered,adr_from0001,Goodwill E-Com (test),Goodwill Michiana (test),100 Test Warehouse Rd,,South Bend,IN,46601,US,false,adr_to001942,Test Buyer,,143 Example Ave,,Mocksburg,MI,49001,US,true,prcl_001942,10,8,4,27.2,,2026-08-31T14:33:45Z,rate_001942,Priority,USPS,7.91,,false,,SGW-7717686,0.00,7.91,0.00,"[{""label_format"":""PDF""},{""print_custom_1"":""ecom""}]",
2026-08-31T14:38:49Z,shp_00007392,9400100000000000007392,delivered,adr_from0001,Goodwill E-Com (test),Goodwill Michiana (test),100 Test Warehouse Rd,,South Bend,IN,46601,US,false,adr_to001943,Test Buyer,,144 Example Ave,,Fakeport,IL,60601,US,true,prcl_001943,10,8,4,17.6,,2026-08-31T14:38:50Z,rate_001943,GroundAdvantage,USPS,4.57,,false,,15-17758-11303,0.00,4.57,0.00,"[{""label_format"":""PDF""},{""print_custom_1"":""ecom""}]",
2026-08-31T14:42:11Z,shp_00007377,9400100000000000007377,in_transit,adr_from0001,Goodwill E-Com (test),Goodwill Michiana (test),100 Test Warehouse Rd,,South Bend,IN,46601,US,false,adr_to001944,Test Buyer,,145 Example Ave,,Testville,IN,46601,US,true,prcl_001944,10,8,4,32.0,,2026-08-31T14:42:12Z,rate_001944,GroundAdvantage,USPS,3.38,,false,,114-0317738-8051712,0.00,3.38,0.00,"[{""label_format"":""PDF""},{""print_custom_1"":""ecom""}]",
2026-08-31T14:53:35Z,shp_00007358,9400100000000000007358,delivered,adr_from0001,Goodwill E-Com (test),Goodwill Michiana (test),100 Test Warehouse Rd,,South Bend,IN,46601,US,false,adr_to001945,Test Buyer,,146 Example Ave,,Sampleton,OH,43004,US,true,prcl_001945,10,8,4,16.0,,2026-08-31T14:53:36Z,rate_001945,Priority,USPS,9.13,,false,,SGW-7717709,0.00,9.13,0.00,"[{""label_format"":""PDF""},{""print_custom_1"":""ecom""}]",
2026-08-31T15:10:30Z,shp_00007327,9400100000000000007327,delivered,adr_from0001,Goodwill E-Com (test),Goodwill Michiana (test),100 Test Warehouse Rd,,South Bend,IN,46601,US,false,adr_to001946,Test Buyer,,147 Example Ave,,Mocksburg,MI,49001,US,true,prcl_001946,10,8,4,17.6,,2026-08-31T15:10:31Z,rate_001946,Priority,USPS,4.99,,false,,112-1017612-4541869,0.00,4.99,0.00,"[{""label_format"":""PDF""},{""print_custom_1"":""ecom""}]",
2026-08-31T15:13:04Z,shp_00007373,9400100000000000007373,delivered,adr_from0001,Goodwill E-Com (test),Goodwill Michiana (test),100 Test Warehouse Rd,,South Bend,IN,46601,US,false,adr_to001947,Test Buyer,,148 Example Ave,,Fakeport,IL,60601,US,true,prcl_001947,10,8,4,28.8,,2026-08-31T15:13:05Z,rate_001947,GroundAdvantage,USPS,3.31,,false,,114-4717733-5549647,0.00,3.31,0.00,"[{""label_format"":""PDF""},{""print_custom_1"":""ecom""}]",
2026-08-31T15:16:06Z,shp_00007350,9400100000000000007350,delivered,adr_from0001,Goodwill E-Com (test),Goodwill Michiana (test),100 Test Warehouse Rd,,South Bend,IN,46601,US,false,adr_to001948,Test Buyer,,149 Example Ave,,Testville,IN,46601,US,true,prcl_001948,10,8,4,46.4,,2026-08-31T15:16:07Z,rate_001948,GroundAdvantage,USPS,9.75,,false,,SGW-7717688,0.00,9.75,0.00,"[{""label_format"":""PDF""},{""print_custom_1"":""ecom""}]",
2026-08-31T15:17:10Z,shp_00007379,9400100000000000007379,delivered,adr_from0001,Goodwill E-Com (test),Goodwill Michiana (test),100 Test Warehouse Rd,,South Bend,IN,46601,US,false,adr_to001949,Test Buyer,,150 Example Ave,,Sampleton,OH,43004,US,true,prcl_001949,10,8,4,17.6,,2026-08-31T15:17:11Z,rate_001949,GroundAdvantage,USPS,3.72,,false,,112-4817740-0566236,0.00,3.72,0.00,"[{""label_format"":""PDF""},{""print_custom_1"":""ecom""}]",
2026-08-31T15:35:44Z,shp_00007400,9400100000000000007400,delivered,adr_from0001,Goodwill E-Com (test),Goodwill Michiana (test),100 Test Warehouse Rd,,South Bend,IN,46601,US,false,adr_to001950,Test Buyer,,151 Example Ave,,Mocksburg,MI,49001,US,true,prcl_001950,10,8,4,16.0,,2026-08-31T15:35:45Z,rate_001950,GroundAdvantage,USPS,7.89,,false,,16-17774-16665,0.00,7.89,0.00,"[{""label_format"":""PDF""},{""print_custom_1"":""ecom""}]",
2026-08-31T15:39:16Z,shp_00007369,9400100000000000007369,delivered,adr_from0001,Goodwill E-Com (test),Goodwill Michiana (test),100 Test Warehouse Rd,,South Bend,IN,46601,US,false,adr_to001951,Test Buyer,,152 Example Ave,,Fakeport,IL,60601,US,true,prcl_001951,10,8,4,32.0,,2026-08-31T15:39:17Z,rate_001951,GroundAdvantage,USPS,5.44,,false,,113-4217725-7765430,0.00,5.44,0.00,"[{""label_format"":""PDF""},{""print_custom_1"":""ecom""}]",
2026-08-31T15:44:54Z,shp_00007370,9400100000000000007370,delivered,adr_from0001,Goodwill E-Com (test),Goodwill Michiana (test),100 Test Warehouse Rd,,South Bend,IN,46601,US,false,adr_to001952,Test Buyer,,153 Example Ave,,Testville,IN,46601,US,true,prcl_001952,10,8,4,65.6,,2026-08-31T15:44:55Z,rate_001952,GroundAdvantage,USPS,4.93,,false,,112-0017726-6420280,0.00,4.93,0.00,"[{""label_format"":""PDF""},{""print_custom_1"":""ecom""}]",
2026-08-31T16:05:08Z,shp_00007403,9400100000000000007403,in_transit,adr_from0001,Goodwill E-Com (test),Goodwill Michiana (test),100 Test Warehouse Rd,,South Bend,IN,46601,US,false,adr_to001953,Test Buyer,,154 Example Ave,,Sampleton,OH,43004,US,true,prcl_001953,10,8,4,25.6,,2026-08-31T16:05:09Z,rate_001953,GroundAdvantage,USPS,5.77,,false,,m00000017785,0.00,5.77,0.00,"[{""label_format"":""PDF""},{""print_custom_1"":""ecom""}]",
2026-08-31T16:16:37Z,shp_00007380,9400100000000000007380,delivered,adr_from0001,Goodwill E-Com (test),Goodwill Michiana (test),100 Test Warehouse Rd,,South Bend,IN,46601,US,false,adr_to001954,Test Buyer,,155 Example Ave,,Mocksburg,MI,49001,US,true,prcl_001954,10,8,4,11.2,,2026-08-31T16:16:38Z,rate_001954,GroundAdvantage,USPS,5.76,,false,,111-5817741-0344323,0.00,5.76,0.00,"[{""label_format"":""PDF""},{""print_custom_1"":""ecom""}]",
2026-08-31T16:25:18Z,shp_00007276,9400100000000000007276,delivered,adr_from0001,Goodwill E-Com (test),Goodwill Michiana (test),100 Test Warehouse Rd,,South Bend,IN,46601,US,false,adr_to001955,Test Buyer,,156 Example Ave,,Fakeport,IL,60601,US,true,prcl_001955,10,8,4,75.2,,2026-08-31T16:25:19Z,rate_001955,GroundAdvantage,USPS,10.09,,false,,SGW-7717516,0.00,10.09,0.00,"[{""label_format"":""PDF""},{""print_custom_1"":""ecom""}]",
2026-08-31T16:28:04Z,shp_00007243,9400100000000000007243,delivered,adr_from0001,Goodwill E-Com (test),Goodwill Michiana (test),100 Test Warehouse Rd,,South Bend,IN,46601,US,false,adr_to001956,Test Buyer,,157 Example Ave,,Testville,IN,46601,US,true,prcl_001956,10,8,4,56.0,,2026-08-31T16:28:05Z,rate_001956,GroundAdvantage,USPS,3.79,,false,,111-9217410-9865457,0.00,3.79,0.00,"[{""label_format"":""PDF""},{""print_custom_1"":""ecom""}]",
2026-08-31T16:30:01Z,shp_00007362,9400100000000000007362,delivered,adr_from0001,Goodwill E-Com (test),Goodwill Michiana (test),100 Test Warehouse Rd,,South Bend,IN,46601,US,false,adr_to001957,Test Buyer,,158 Example Ave,,Sampleton,OH,43004,US,true,prcl_001957,10,8,4,64.0,,2026-08-31T16:30:02Z,rate_001957,Priority,USPS,3.32,,false,,112-9717715-1173221,0.00,3.32,0.00,"[{""label_format"":""PDF""},{""print_custom_1"":""ecom""}]",
2026-08-31T16:32:44Z,shp_00007254,9400100000000000007254,delivered,adr_from0001,Goodwill E-Com (test),Goodwill Michiana (test),100 Test Warehouse Rd,,South Bend,IN,46601,US,false,adr_to001958,Test Buyer,,159 Example Ave,,Mocksburg,MI,49001,US,true,prcl_001958,10,8,4,17.6,,2026-08-31T16:32:45Z,rate_001958,GroundAdvantage,USPS,3.57,,false,,112-3817426-1482612,0.00,3.57,0.00,"[{""label_format"":""PDF""},{""print_custom_1"":""ecom""}]",
2026-08-31T16:43:23Z,shp_00007391,9400100000000000007391,delivered,adr_from0001,Goodwill E-Com (test),Goodwill Michiana (test),100 Test Warehouse Rd,,South Bend,IN,46601,US,false,adr_to001959,Test Buyer,,160 Example Ave,,Fakeport,IL,60601,US,true,prcl_001959,10,8,4,35.2,,2026-08-31T16:43:24Z,rate_001959,GroundAdvantage,USPS,5.51,,false,,16-17756-51747,0.00,5.51,0.00,"[{""label_format"":""PDF""},{""print_custom_1"":""ecom""}]",
2026-08-31T17:20:07Z,shp_00007279,9400100000000000007279,delivered,adr_from0001,Goodwill E-Com (test),Goodwill Michiana (test),100 Test Warehouse Rd,,South Bend,IN,46601,US,false,adr_to001960,Test Buyer,,161 Example Ave,,Testville,IN,46601,US,true,prcl_001960,10,8,4,25.6,,2026-08-31T17:20:08Z,rate_001960,GroundAdvantage,USPS,10.95,,false,,SGW-7717522,0.00,10.95,0.00,"[{""label_format"":""PDF""},{""print_custom_1"":""ecom""}]",
2026-08-31T17:23:29Z,shp_00007394,9400100000000000007394,delivered,adr_from0001,Goodwill E-Com (test),Goodwill Michiana (test),100 Test Warehouse Rd,,South Bend,IN,46601,US,false,adr_to001961,Test Buyer,,162 Example Ave,,Sampleton,OH,43004,US,true,prcl_001961,10,8,4,11.2,,2026-08-31T17:23:30Z,rate_001961,Priority,USPS,7.65,,false,,26-17762-87130,0.00,7.65,0.00,"[{""label_format"":""PDF""},{""print_custom_1"":""ecom""}]",
2026-08-31T17:31:01Z,shp_00007386,9400100000000000007386,in_transit,adr_from0001,Goodwill E-Com (test),Goodwill Michiana (test),100 Test Warehouse Rd,,South Bend,IN,46601,US,false,adr_to001962,Test Buyer,,163 Example Ave,,Mocksburg,MI,49001,US,true,prcl_001962,10,8,4,19.2,,2026-08-31T17:31:02Z,rate_001962,GroundAdvantage,USPS,3.37,,false,,111-5817750-0761564,0.00,3.37,0.00,"[{""label_format"":""PDF""},{""print_custom_1"":""ecom""}]",
2026-08-31T17:36:00Z,shp_00007347,9400100000000000007347,delivered,adr_from0001,Goodwill E-Com (test),Goodwill Michiana (test),100 Test Warehouse Rd,,South Bend,IN,46601,US,false,adr_to001963,Test Buyer,,164 Example Ave,,Fakeport,IL,60601,US,true,prcl_001963,10,8,4,33.6,,2026-08-31T17:36:01Z,rate_001963,GroundAdvantage,USPS,11.89,,false,,SGW-7717683,0.00,11.89,0.00,"[{""label_format"":""PDF""},{""print_custom_1"":""ecom""}]",
2026-08-31T17:38:28Z,shp_00007332,9400100000000000007332,delivered,adr_from0001,Goodwill E-Com (test),Goodwill Michiana (test),100 Test Warehouse Rd,,South Bend,IN,46601,US,false,adr_to001964,Test Buyer,,165 Example Ave,,Testville,IN,46601,US,true,prcl_001964,10,8,4,17.6,,2026-08-31T17:38:29Z,rate_001964,GroundAdvantage,USPS,5.68,,false,,16-17626-49503,0.00,5.68,0.00,"[{""label_format"":""PDF""},{""print_custom_1"":""ecom""}]",
2026-08-31T17:40:39Z,shp_00007397,9400100000000000007397,delivered,adr_from0001,Goodwill E-Com (test),Goodwill Michiana (test),100 Test Warehouse Rd,,South Bend,IN,46601,US,false,adr_to001965,Test Buyer,,166 Example Ave,,Sampleton,OH,43004,US,true,prcl_001965,10,8,4,14.4,,2026-08-31T17:40:40Z,rate_001965,GroundAdvantage,USPS,5.12,,false,,04-17770-11419,0.00,5.12,0.00,"[{""label_format"":""PDF""},{""print_custom_1"":""ecom""}]",
2026-08-31T17:51:08Z,shp_00007281,9400100000000000007281,delivered,adr_from0001,Goodwill E-Com (test),Goodwill Michiana (test),100 Test Warehouse Rd,,South Bend,IN,46601,US,false,adr_to001966,Test Buyer,,167 Example Ave,,Mocksburg,MI,49001,US,true,prcl_001966,10,8,4,28.8,,2026-08-31T17:51:09Z,rate_001966,Priority,USPS,11.08,,false,,SGW-7717531,0.00,11.08,0.00,"[{""label_format"":""PDF""},{""print_custom_1"":""ecom""}]",
2026-08-31T17:51:45Z,shp_00007360,9400100000000000007360,delivered,adr_from0001,Goodwill E-Com (test),Goodwill Michiana (test),100 Test Warehouse Rd,,South Bend,IN,46601,US,false,adr_to001967,Test Buyer,,168 Example Ave,,Fakeport,IL,60601,US,true,prcl_001967,10,8,4,19.2,,2026-08-31T17:51:46Z,rate_001967,Priority,USPS,3.33,,false,,112-6617712-4079432,0.00,3.33,0.00,"[{""label_format"":""PDF""},{""print_custom_1"":""ecom""}]",
2026-08-31T17:51:56Z,shp_00007398,9400100000000000007398,delivered,adr_from0001,Goodwill E-Com (test),Goodwill Michiana (test),100 Test Warehouse Rd,,South Bend,IN,46601,US,false,adr_to001968,Test Buyer,,169 Example Ave,,Testville,IN,46601,US,true,prcl_001968,10,8,4,17.6,,2026-08-31T17:51:57Z,rate_001968,GroundAdvantage,USPS,8.01,,false,,25-17771-25169,0.00,8.01,0.00,"[{""label_format"":""PDF""},{""print_custom_1"":""ecom""}]",
2026-08-31T17:52:05Z,shp_00007381,9400100000000000007381,delivered,adr_from0001,Goodwill E-Com (test),Goodwill Michiana (test),100 Test Warehouse Rd,,South Bend,IN,46601,US,false,adr_to001969,Test Buyer,,170 Example Ave,,Sampleton,OH,43004,US,true,prcl_001969,10,8,4,24.0,,2026-08-31T17:52:06Z,rate_001969,GroundAdvantage,USPS,3.90,,false,,114-8417743-2255451,0.00,3.90,0.00,"[{""label_format"":""PDF""},{""print_custom_1"":""ecom""}]",
2026-08-31T18:04:19Z,shp_00007352,9400100000000000007352,delivered,adr_from0001,Goodwill E-Com (test),Goodwill Michiana (test),100 Test Warehouse Rd,,South Bend,IN,46601,US,false,adr_to001970,Test Buyer,,171 Example Ave,,Mocksburg,MI,49001,US,true,prcl_001970,10,8,4,28.8,,2026-08-31T18:04:20Z,rate_001970,GroundAdvantage,USPS,9.06,,false,,SGW-7717691,0.00,9.06,0.00,"[{""label_format"":""PDF""},{""print_custom_1"":""ecom""}]",
2026-08-31T18:12:16Z,shp_00007343,9400100000000000007343,in_transit,adr_from0001,Goodwill E-Com (test),Goodwill Michiana (test),100 Test Warehouse Rd,,South Bend,IN,46601,US,false,adr_to001971,Test Buyer,,172 Example Ave,,Fakeport,IL,60601,US,true,prcl_001971,10,8,4,40.0,,2026-08-31T18:12:17Z,rate_001971,GroundAdvantage,USPS,6.54,,false,,m00000017648,0.00,6.54,0.00,"[{""label_format"":""PDF""},{""print_custom_1"":""ecom""}]",
2026-08-31T18:20:04Z,shp_00007326,9400100000000000007326,delivered,adr_from0001,Goodwill E-Com (test),Goodwill Michiana (test),100 Test Warehouse Rd,,South Bend,IN,46601,US,false,adr_to001972,Test Buyer,,173 Example Ave,,Testville,IN,46601,US,true,prcl_001972,10,8,4,51.2,,2026-08-31T18:20:05Z,rate_001972,GroundAdvantage,USPS,5.14,,false,,113-5517610-0302927,0.00,5.14,0.00,"[{""label_format"":""PDF""},{""print_custom_1"":""ecom""}]",
2026-08-31T18:26:32Z,shp_00007387,9400100000000000007387,delivered,adr_from0001,Goodwill E-Com (test),Goodwill Michiana (test),100 Test Warehouse Rd,,South Bend,IN,46601,US,false,adr_to001973,Test Buyer,,174 Example Ave,,Sampleton,OH,43004,US,true,prcl_001973,10,8,4,27.2,,2026-08-31T18:26:33Z,rate_001973,GroundAdvantage,USPS,3.49,,false,,111-3317751-5707737,0.00,3.49,0.00,"[{""label_format"":""PDF""},{""print_custom_1"":""ecom""}]",
2026-08-31T18:30:09Z,shp_00007396,9400100000000000007396,delivered,adr_from0001,Goodwill E-Com (test),Goodwill Michiana (test),100 Test Warehouse Rd,,South Bend,IN,46601,US,false,adr_to001974,Test Buyer,,175 Example Ave,,Mocksburg,MI,49001,US,true,prcl_001974,10,8,4,11.2,,2026-08-31T18:30:10Z,rate_001974,GroundAdvantage,USPS,6.93,,false,,21-17769-44725,0.00,6.93,0.00,"[{""label_format"":""PDF""},{""print_custom_1"":""ecom""}]",
2026-08-31T18:38:43Z,shp_00007375,9400100000000000007375,delivered,adr_from0001,Goodwill E-Com (test),Goodwill Michiana (test),100 Test Warehouse Rd,,South Bend,IN,46601,US,false,adr_to001975,Test Buyer,,176 Example Ave,,Fakeport,IL,60601,US,true,prcl_001975,10,8,4,19.2,,2026-08-31T18:38:44Z,rate_001975,GroundAdvantage,USPS,3.66,,false,,114-5417736-4526303,0.00,3.66,0.00,"[{""label_format"":""PDF""},{""print_custom_1"":""ecom""}]",
2026-08-31T18:42:38Z,shp_00007353,9400100000000000007353,delivered,adr_from0001,Goodwill E-Com (test),Goodwill Michiana (test),100 Test Warehouse Rd,,South Bend,IN,46601,US,false,adr_to001976,Test Buyer,,177 Example Ave,,Testville,IN,46601,US,true,prcl_001976,10,8,4,54.4,,2026-08-31T18:42:39Z,rate_001976,Priority,USPS,5.26,,false,,SGW-7717692,0.00,5.26,0.00,"[{""label_format"":""PDF""},{""print_custom_1"":""ecom""}]",
2026-08-31T18:42:39Z,shp_00007355,9400100000000000007355,delivered,adr_from0001,Goodwill E-Com (test),Goodwill Michiana (test),100 Test Warehouse Rd,,South Bend,IN,46601,US,false,adr_to001977,Test Buyer,,178 Example Ave,,Sampleton,OH,43004,US,true,prcl_001977,10,8,4,8.0,,2026-08-31T18:42:40Z,rate_001977,GroundAdvantage,USPS,8.23,,false,,SGW-7717698,0.00,8.23,0.00,"[{""label_format"":""PDF""},{""print_custom_1"":""ecom""}]",
2026-08-31T18:50:50Z,shp_00007363,9400100000000000007363,delivered,adr_from0001,Goodwill E-Com (test),Goodwill Michiana (test),100 Test Warehouse Rd,,South Bend,IN,46601,US,false,adr_to001978,Test Buyer,,179 Example Ave,,Mocksburg,MI,49001,US,true,prcl_001978,10,8,4,20.8,,2026-08-31T18:50:51Z,rate_001978,Priority,USPS,4.92,,false,,111-1717716-0587108,0.00,4.92,0.00,"[{""label_format"":""PDF""},{""print_custom_1"":""ecom""}]",
2026-08-31T19:05:06Z,shp_00007346,9400100000000000007346,delivered,adr_from0001,Goodwill E-Com (test),Goodwill Michiana (test),100 Test Warehouse Rd,,South Bend,IN,46601,US,false,adr_to001979,Test Buyer,,180 Example Ave,,Fakeport,IL,60601,US,true,prcl_001979,10,8,4,36.8,,2026-08-31T19:05:07Z,rate_001979,GroundAdvantage,USPS,8.07,,false,,SGW-7717680,0.00,8.07,0.00,"[{""label_format"":""PDF""},{""print_custom_1"":""ecom""}]",
2026-08-31T19:08:10Z,shp_00007309,9400100000000000007309,in_transit,adr_from0001,Goodwill E-Com (test),Goodwill Michiana (test),100 Test Warehouse Rd,,South Bend,IN,46601,US,false,adr_to001980,Test Buyer,,181 Example Ave,,Testville,IN,46601,US,true,prcl_001980,10,8,4,32.0,,2026-08-31T19:08:11Z,rate_001980,Priority,USPS,3.56,,false,,113-1117584-5956559,0.00,3.56,0.00,"[{""label_format"":""PDF""},{""print_custom_1"":""ecom""}]",
2026-08-31T19:15:32Z,shp_00007333,9400100000000000007333,delivered,adr_from0001,Goodwill E-Com (test),Goodwill Michiana (test),100 Test Warehouse Rd,,South Bend,IN,46601,US,false,adr_to001981,Test Buyer,,182 Example Ave,,Sampleton,OH,43004,US,true,prcl_001981,10,8,4,27.2,,2026-08-31T19:15:33Z,rate_001981,GroundAdvantage,USPS,6.01,,false,,01-17627-16664,0.00,6.01,0.00,"[{""label_format"":""PDF""},{""print_custom_1"":""ecom""}]",
2026-08-31T19:25:55Z,shp_00007354,9400100000000000007354,delivered,adr_from0001,Goodwill E-Com (test),Goodwill Michiana (test),100 Test Warehouse Rd,,South Bend,IN,46601,US,false,adr_to001982,Test Buyer,,183 Example Ave,,Mocksburg,MI,49001,US,true,prcl_001982,10,8,4,65.6,,2026-08-31T19:25:56Z,rate_001982,GroundAdvantage,USPS,17.69,,false,,SGW-7717694,0.00,17.69,0.00,"[{""label_format"":""PDF""},{""print_custom_1"":""ecom""}]",
2026-08-31T19:26:48Z,shp_00007351,9400100000000000007351,delivered,adr_from0001,Goodwill E-Com (test),Goodwill Michiana (test),100 Test Warehouse Rd,,South Bend,IN,46601,US,false,adr_to001983,Test Buyer,,184 Example Ave,,Fakeport,IL,60601,US,true,prcl_001983,10,8,4,27.2,,2026-08-31T19:26:49Z,rate_001983,GroundAdvantage,USPS,7.62,,false,,SGW-7717689,0.00,7.62,0.00,"[{""label_format"":""PDF""},{""print_custom_1"":""ecom""}]",
2026-08-31T19:28:14Z,shp_00007340,9400100000000000007340,delivered,adr_from0001,Goodwill E-Com (test),Goodwill Michiana (test),100 Test Warehouse Rd,,South Bend,IN,46601,US,false,adr_to001984,Test Buyer,,185 Example Ave,,Testville,IN,46601,US,true,prcl_001984,10,8,4,28.8,,2026-08-31T19:28:15Z,rate_001984,Priority,USPS,4.99,,false,,25-17644-31775,0.00,4.99,0.00,"[{""label_format"":""PDF""},{""print_custom_1"":""ecom""}]",
2026-08-31T19:55:55Z,shp_00007372,9400100000000000007372,delivered,adr_from0001,Goodwill E-Com (test),Goodwill Michiana (test),100 Test Warehouse Rd,,South Bend,IN,46601,US,false,adr_to001985,Test Buyer,,186 Example Ave,,Sampleton,OH,43004,US,true,prcl_001985,10,8,4,16.0,,2026-08-31T19:55:56Z,rate_001985,GroundAdvantage,USPS,3.62,,false,,111-4117732-8288669,0.00,3.62,0.00,"[{""label_format"":""PDF""},{""print_custom_1"":""ecom""}]",
2026-08-31T20:03:05Z,shp_00007390,9400100000000000007390,delivered,adr_from0001,Goodwill E-Com (test),Goodwill Michiana (test),100 Test Warehouse Rd,,South Bend,IN,46601,US,false,adr_to001986,Test Buyer,,187 Example Ave,,Mocksburg,MI,49001,US,true,prcl_001986,10,8,4,73.6,,2026-08-31T20:03:06Z,rate_001986,GroundAdvantage,USPS,7.02,,false,,05-17755-56150,0.00,7.02,0.00,"[{""label_format"":""PDF""},{""print_custom_1"":""ecom""}]",
2026-08-31T20:07:11Z,shp_00007316,9400100000000000007316,delivered,adr_from0001,Goodwill E-Com (test),Goodwill Michiana (test),100 Test Warehouse Rd,,South Bend,IN,46601,US,false,adr_to001987,Test Buyer,,188 Example Ave,,Fakeport,IL,60601,US,true,prcl_001987,10,8,4,11.2,,2026-08-31T20:07:12Z,rate_001987,GroundAdvantage,USPS,3.60,,false,,113-3517596-1530186,0.00,3.60,0.00,"[{""label_format"":""PDF""},{""print_custom_1"":""ecom""}]",
2026-08-31T20:10:12Z,shp_00007395,9400100000000000007395,delivered,adr_from0001,Goodwill E-Com (test),Goodwill Michiana (test),100 Test Warehouse Rd,,South Bend,IN,46601,US,false,adr_to001988,Test Buyer,,189 Example Ave,,Testville,IN,46601,US,true,prcl_001988,10,8,4,27.2,,2026-08-31T20:10:13Z,rate_001988,GroundAdvantage,USPS,10.64,,false,,13-17768-48660,0.00,10.64,0.00,"[{""label_format"":""PDF""},{""print_custom_1"":""ecom""}]",
2026-08-31T20:19:40Z,shp_00007368,9400100000000000007368,in_transit,adr_from0001,Goodwill E-Com (test),Goodwill Michiana (test),100 Test Warehouse Rd,,South Bend,IN,46601,US,false,adr_to001989,Test Buyer,,190 Example Ave,,Sampleton,OH,43004,US,true,prcl_001989,10,8,4,27.2,,2026-08-31T20:19:41Z,rate_001989,GroundAdvantage,USPS,3.36,,false,,111-3617724-9145612,0.00,3.36,0.00,"[{""label_format"":""PDF""},{""print_custom_1"":""ecom""}]",
2026-08-31T20:24:02Z,shp_00007229,9400100000000000007229,delivered,adr_from0001,Goodwill E-Com (test),Goodwill Michiana (test),100 Test Warehouse Rd,,South Bend,IN,46601,US,false,adr_to001990,Test Buyer,,191 Example Ave,,Mocksburg,MI,49001,US,true,prcl_001990,10,8,4,25.6,,2026-08-31T20:24:03Z,rate_001990,Priority,USPS,3.31,,false,,114-0717389-7293189,0.00,3.31,0.00,"[{""label_format"":""PDF""},{""print_custom_1"":""ecom""}]",
2026-08-31T20:37:08Z,shp_00007356,9400100000000000007356,delivered,adr_from0001,Goodwill E-Com (test),Goodwill Michiana (test),100 Test Warehouse Rd,,South Bend,IN,46601,US,false,adr_to001991,Test Buyer,,192 Example Ave,,Fakeport,IL,60601,US,true,prcl_001991,10,8,4,19.2,,2026-08-31T20:37:09Z,rate_001991,Priority,USPS,12.03,,false,,SGW-7717701,0.00,12.03,0.00,"[{""label_format"":""PDF""},{""print_custom_1"":""ecom""}]",
2026-08-31T20:38:10Z,shp_00007291,9400100000000000007291,delivered,adr_from0001,Goodwill E-Com (test),Goodwill Michiana (test),100 Test Warehouse Rd,,South Bend,IN,46601,US,false,adr_to001992,Test Buyer,,193 Example Ave,,Testville,IN,46601,US,true,prcl_001992,10,8,4,30.4,,2026-08-31T20:38:11Z,rate_001992,GroundAdvantage,USPS,11.51,,false,,SGW-7717553,0.00,11.51,0.00,"[{""label_format"":""PDF""},{""print_custom_1"":""ecom""}]",
2026-08-31T20:47:14Z,shp_00007367,9400100000000000007367,delivered,adr_from0001,Goodwill E-Com (test),Goodwill Michiana (test),100 Test Warehouse Rd,,South Bend,IN,46601,US,false,adr_to001993,Test Buyer,,194 Example Ave,,Sampleton,OH,43004,US,true,prcl_001993,10,8,4,28.8,,2026-08-31T20:47:15Z,rate_001993,GroundAdvantage,USPS,3.34,,false,,111-7117721-0188046,0.00,3.34,0.00,"[{""label_format"":""PDF""},{""print_custom_1"":""ecom""}]",
