created_at,id,tracking_code,status,carrier,service,rate,label_fee,postage_fee,insurance_fee,refund_status,reference,batch_id
2025-10-01T13:02:19Z,shp_00003426,9400100000000000003426,in_transit,USPS,GroundAdvantage,12.98,0.00,12.98,,,SGW-7708171,
2025-10-01T13:09:27Z,shp_00003489,9400100000000000003489,delivered,USPS,GroundAdvantage,13.32,0.00,13.32,,,SGW-7708309,
2025-10-01T13:13:03Z,shp_00003572,9400100000000000003572,unknown,USPS,Priority,4.97,0.00,4.97,,refunded,114-7008494-2709297,
2025-10-01T13:25:11Z,shp_00003477,9400100000000000003477,delivered,USPS,GroundAdvantage,7.03,0.00,7.03,,,SGW-7708277,
2025-10-01T13:43:13Z,shp_00003533,9400100000000000003533,delivered,USPS,Priority,8.26,0.00,8.26,,,SGW-7708414,
2025-10-01T13:43:20Z,shp_00003530,9400100000000000003530,unknown,USPS,GroundAdvantage,10.78,0.00,10.78,,refunded,SGW-7708405,
2025-10-01T13:46:27Z,shp_00003567,9400100000000000003567,delivered,USPS,GroundAdvantage,5.08,0.00,5.08,,,111-7808484-6693144,
2025-10-01T13:50:05Z,shp_00003558,9400100000000000003558,delivered,USPS,Priority,3.86,0.00,3.86,,,114-2308472-6490585,
2025-10-01T14:08:04Z,shp_00003542,9400100000000000003542,delivered,USPS,GroundAdvantage,13.85,0.00,13.85,,,SGW-7708444,
2025-10-01T14:09:56Z,shp_00003543,9400100000000000003543,in_transit,USPS,GroundAdvantage,3.72,0.00,3.72,,,114-8508445-0514715,
2025-10-01T14:20:12Z,shp_00003559,9400100000000000003559,delivered,USPS,GroundAdvantage,3.71,0.00,3.71,,,112-6408473-4804075,
2025-10-01T14:35:35Z,shp_00003537,9400100000000000003537,delivered,USPS,GroundAdvantage,6.81,0.00,6.81,,,SGW-7708422,
2025-10-01T14:46:49Z,shp_00003525,9400100000000000003525,delivered,USPS,GroundAdvantage,8.22,0.00,8.22,,,SGW-7708395,
2025-10-01T15:02:54Z,shp_00003526,9400100000000000003526,delivered,USPS,GroundAdvantage,6.35,0.00,6.35,,,SGW-7708396,
2025-10-01T15:10:26Z,shp_00003576,9400100000000000003576,delivered,USPS,GroundAdvantage,5.88,0.00,5.88,,,20-08502-72197,
2025-10-01T15:14:39Z,shp_00003548,9400100000000000003548,delivered,USPS,GroundAdvantage,3.85,0.00,3.85,,,112-7008453-2021336,
2025-10-01T15:16:52Z,shp_00003547,9400100000000000003547,delivered,USPS,GroundAdvantage,3.34,0.00,3.34,,,113-5808452-0484946,
2025-10-01T15:22:27Z,shp_00003517,9400100000000000003517,delivered,USPS,Priority,6.85,0.00,6.85,,,m00000008371,
2025-10-01T15:29:09Z,shp_00003561,9400100000000000003561,in_transit,USPS,Priority,3.84,0.00,3.84,,,114-2408477-9573743,
2025-10-01T15:30:35Z,shp_00003527,9400100000000000003527,delivered,USPS,GroundAdvantage,12.25,0.00,12.25,,,SGW-7708398,
2025-10-01T15:35:32Z,shp_00003549,9400100000000000003549,delivered,USPS,GroundAdvantage,3.70,0.00,3.70,,,112-8908455-6162759,
2025-10-01T15:39:21Z,shp_00003492,9400100000000000003492,delivered,USPS,GroundAdvantage,5.66,0.00,5.66,,,SGW-7708317,
2025-10-01T15:45:10Z,shp_00003531,9400100000000000003531,delivered,USPS,Priority,8.37,0.00,8.37,,,SGW-7708407,
2025-10-01T15:50:36Z,shp_00003470,9400100000000000003470,delivered,USPS,GroundAdvantage,6.20,0.00,6.20,,,08-08254-42024,
2025-10-01T16:15:38Z,shp_00003569,9400100000000000003569,delivered,USPS,GroundAdvantage,5.83,0.00,5.83,,,112-3708487-4437022,
2025-10-01T16:21:28Z,shp_00003540,9400100000000000003540,delivered,USPS,Priority,18.40,0.00,18.40,,,SGW-7708436,
2025-10-01T16:22:51Z,shp_00003574,9400100000000000003574,delivered,USPS,GroundAdvantage,3.55,0.00,3.55,,,113-9108496-0310834,
2025-10-01T16:46:36Z,shp_00003577,9400100000000000003577,in_transit,USPS,Priority,5.13,0.00,5.13,,,24-08507-39675,
2025-10-01T16:57:47Z,shp_00003528,9400100000000000003528,delivered,USPS,Priority,9.42,0.00,9.42,,,SGW-7708401,
2025-10-01T17:35:11Z,shp_00003568,9400100000000000003568,delivered,USPS,GroundAdvantage,5.58,0.00,5.58,,,112-1908486-4483947,
2025-10-01T17:54:49Z,shp_00003551,9400100000000000003551,delivered,USPS,Priority,3.71,0.00,3.71,,,113-7208460-0991401,
2025-10-01T17:58:54Z,shp_00003557,9400100000000000003557,delivered,USPS,GroundAdvantage,3.80,0.00,3.80,,,111-7308470-8366630,
2025-10-01T18:08:16Z,shp_00003478,9400100000000000003478,delivered,USPS,GroundAdvantage,11.93,0.00,11.93,,,SGW-7708279,
2025-10-01T18:21:11Z,shp_00003520,9400100000000000003520,delivered,USPS,GroundAdvantage,6.24,0.00,6.24,,,m00000008375,
2025-10-01T18:35:26Z,shp_00003562,9400100000000000003562,delivered,USPS,Priority,3.38,0.00,3.38,,,111-7608478-1536769,
2025-10-01T18:41:52Z,shp_00003494,9400100000000000003494,delivered,USPS,GroundAdvantage,8.30,0.00,8.30,,,SGW-7708320,
2025-10-01T18:49:23Z,shp_00003566,9400100000000000003566,in_transit,USPS,GroundAdvantage,3.73,0.00,3.73,,,113-9608483-1740474,
2025-10-01T18:56:21Z,shp_00003580,9400100000000000003580,delivered,USPS,GroundAdvantage,11.78,0.00,11.78,,,18-08520-45914,
2025-10-01T18:58:12Z,shp_00003501,9400100000000000003501,delivered,USPS,GroundAdvantage,3.70,0.00,3.70,,,113-0808330-1839192,
2025-10-01T19:03:54Z,shp_00003513,9400100000000000003513,delivered,USPS,GroundAdvantage,8.44,0.00,8.44,,,25-08357-41481,
2025-10-01T19:06:47Z,shp_00003532,9400100000000000003532,delivered,USPS,Priority,9.40,0.00,9.40,,,SGW-7708408,
2025-10-01T19:08:00Z,shp_00003485,9400100000000000003485,delivered,USPS,Priority,12.62,0.00,12.62,,,SGW-7708297,
2025-10-01T19:27:26Z,shp_00003538,9400100000000000003538,delivered,USPS,GroundAdvantage,10.68,0.00,10.68,,,SGW-7708430,
2025-10-01T19:31:59Z,shp_00003500,9400100000000000003500,delivered,USPS,GroundAdvantage,3.74,0.00,3.74,,,112-3708329-8597853,
2025-10-01T19:37:21Z,shp_00003583,9400100000000000003583,delivered,USPS,GroundAdvantage,6.22,0.00,6.22,,,m00000008526,
2025-10-01T19:38:15Z,shp_00003484,9400100000000000003484,in_transit,USPS,GroundAdvantage,5.44,0.00,5.44,,,SGW-7708296,
2025-10-01T19:52:43Z,shp_00003553,9400100000000000003553,delivered,USPS,GroundAdvantage,3.43,0.00,3.43,,,114-0208464-2579470,
2025-10-01T19:53:01Z,shp_00003570,9400100000000000003570,delivered,USPS,GroundAdvantage,3.80,0.00,3.80,,,113-2508489-0730716,
2025-10-01T19:55:50Z,shp_00003552,9400100000000000003552,delivered,USPS,GroundAdvantage,3.60,0.00,3.60,,,114-7008463-6274052,
2025-10-01T19:57:56Z,shp_00003539,9400100000000000003539,delivered,USPS,Priority,9.58,0.00,9.58,,,SGW-7708432,
2025-10-01T20:03:01Z,shp_00003536,9400100000000000003536,delivered,USPS,GroundAdvantage,6.86,0.00,6.86,,,SGW-7708418,
2025-10-01T20:06:33Z,shp_00003541,9400100000000000003541,delivered,USPS,Priority,10.14,0.00,10.14,,,SGW-7708440,
2025-10-01T20:13:35Z,shp_00003521,9400100000000000003521,delivered,USPS,GroundAdvantage,6.60,0.00,6.60,,,m00000008376,
2025-10-01T20:14:57Z,shp_00003584,9400100000000000003584,delivered,USPS,GroundAdvantage,6.11,0.00,6.11,,,m00000008530,
2025-10-01T20:15:37Z,shp_00003573,9400100000000000003573,in_transit,USPS,GroundAdvantage,5.52,0.00,5.52,,,111-4708495-0639016,
2025-10-01T20:25:04Z,shp_00003556,9400100000000000003556,delivered,USPS,GroundAdvantage,3.60,0.00,3.60,,,114-2008469-4429844,
2025-10-01T20:30:31Z,shp_00003581,9400100000000000003581,delivered,USPS,GroundAdvantage,3.69,0.00,3.69,,,14-08521-90777,
2025-10-01T20:30:46Z,shp_00003579,9400100000000000003579,delivered,USPS,GroundAdvantage,7.05,0.00,7.05,,,15-08518-66204,
2025-10-01T20:36:17Z,shp_00003550,9400100000000000003550,delivered,USPS,GroundAdvantage,3.84,0.00,3.84,,,112-6908458-4761325,
2025-10-01T20:39:31Z,shp_00003504,9400100000000000003504,delivered,USPS,Priority,3.62,0.00,3.62,,,113-9208339-8582931,
2025-10-01T20:58:03Z,shp_00003564,9400100000000000003564,delivered,USPS,Priority,3.62,0.00,3.62,,,114-0908481-4498693,
2025-10-01T20:59:38Z,shp_00003529,9400100000000000003529,delivered,USPS,Priority,9.05,0.00,9.05,,,SGW-7708404,
2025-10-02T13:00:07Z,shp_00003544,9400100000000000003544,delivered,USPS,GroundAdvantage,3.77,0.00,3.77,,,114-1508446-3558486,
2025-10-02T13:12:38Z,shp_00003647,9400100000000000003647,unknown,USPS,GroundAdvantage,4.18,0.00,4.18,,refunded,12-08672-46403,
2025-10-02T13:12:47Z,shp_00003621,9400100000000000003621,delivered,USPS,GroundAdvantage,3.46,0.00,3.46,,,112-3308625-8198199,
2025-10-02T13:21:32Z,shp_00003597,9400100000000000003597,delivered,USPS,GroundAdvantage,7.74,0.00,7.74,,,SGW-7708573,
2025-10-02T13:24:51Z,shp_00003587,9400100000000000003587,delivered,USPS,GroundAdvantage,8.73,0.00,8.73,,,SGW-7708551,
2025-10-02T13:29:39Z,shp_00003623,9400100000000000003623,delivered,USPS,Priority,5.84,0.00,5.84,,,113-0208627-8216663,
2025-10-02T13:29:41Z,shp_00003596,9400100000000000003596,delivered,USPS,Priority,5.94,0.00,5.94,,,SGW-7708570,
2025-10-02T13:31:17Z,shp_00003642,9400100000000000003642,delivered,USPS,GroundAdvantage,4.96,0.00,4.96,,,06-08658-81975,
2025-10-02T13:33:40Z,shp_00003524,9400100000000000003524,delivered,USPS,GroundAdvantage,7.72,0.00,7.72,,,SGW-7708394,
2025-10-02T13:35:41Z,shp_00003638,9400100000000000003638,delivered,USPS,GroundAdvantage,3.83,0.00,3.83,,,113-9008649-2217803,
2025-10-02T13:37:14Z,shp_00003497,9400100000000000003497,in_transit,USPS,GroundAdvantage,5.30,0.00,5.30,,,114-7208323-6999989,
2025-10-02T13:42:54Z,shp_00003648,9400100000000000003648,delivered,USPS,GroundAdvantage,5.77,0.00,5.77,,,m00000008673,
2025-10-02T13:46:07Z,shp_00003571,9400100000000000003571,unknown,USPS,Priority,3.45,0.00,3.45,,refunded,114-2108490-9421212,
2025-10-02T14:05:24Z,shp_00003611,9400100000000000003611,delivered,USPS,GroundAdvantage,12.99,0.00,12.99,,,SGW-7708601,
2025-10-02T14:21:47Z,shp_00003585,9400100000000000003585,delivered,USPS,GroundAdvantage,10.59,0.00,10.59,,,SGW-7708548,
2025-10-02T14:27:58Z,shp_00003637,9400100000000000003637,delivered,USPS,Priority,3.40,0.00,3.40,,,111-7208647-2347387,
2025-10-02T14:28:05Z,shp_00003615,9400100000000000003615,delivered,USPS,GroundAdvantage,4.98,0.00,4.98,,,111-0208612-5348135,
2025-10-02T14:28:15Z,shp_00003535,9400100000000000003535,delivered,USPS,GroundAdvantage,11.87,0.00,11.87,,,SGW-7708417,
2025-10-02T14:37:36Z,shp_00003588,9400100000000000003588,delivered,USPS,GroundAdvantage,10.07,0.00,10.07,,,SGW-7708552,
2025-10-02T14:43:10Z,shp_00003617,9400100000000000003617,in_transit,USPS,Priority,3.65,0.00,3.65,,,114-3608618-8474790,
2025-10-02T14:47:50Z,shp_00003595,9400100000000000003595,delivered,USPS,GroundAdvantage,10.91,0.00,10.91,,,SGW-7708566,
2025-10-02T14:54:40Z,shp_00003629,9400100000000000003629,delivered,USPS,GroundAdvantage,3.29,0.00,3.29,,,112-1408637-1056971,
2025-10-02T14:55:43Z,shp_00003620,9400100000000000003620,unknown,USPS,GroundAdvantage,5.56,0.00,5.56,,submitted,113-8008622-0583765,
2025-10-02T15:05:38Z,shp_00003575,9400100000000000003575,delivered,USPS,GroundAdvantage,3.53,0.00,3.53,,,112-6608498-1350290,
2025-10-02T15:21:25Z,shp_00003578,9400100000000000003578,delivered,USPS,GroundAdvantage,5.74,0.00,5.74,,,18-08513-28628,
2025-10-02T15:22:10Z,shp_00003632,9400100000000000003632,delivered,USPS,GroundAdvantage,5.40,0.00,5.40,,,111-2908641-8658375,
2025-10-02T15:34:32Z,shp_00003644,9400100000000000003644,delivered,USPS,Priority,4.79,0.00,4.79,,,23-08663-73809,
2025-10-02T15:50:10Z,shp_00003555,9400100000000000003555,delivered,USPS,GroundAdvantage,5.45,0.00,5.45,,,111-9408467-6572589,
2025-10-02T15:51:39Z,shp_00003592,9400100000000000003592,in_transit,USPS,Priority,10.68,0.00,10.68,,,SGW-7708560,
2025-10-02T15:52:37Z,shp_00003625,9400100000000000003625,delivered,USPS,Priority,5.26,0.00,5.26,,,111-7908631-3961969,
2025-10-02T16:07:27Z,shp_00003560,9400100000000000003560,delivered,USPS,GroundAdvantage,5.38,0.00,5.38,,,113-6008475-6037890,
2025-10-02T16:08:36Z,shp_00003606,9400100000000000003606,delivered,USPS,GroundAdvantage,12.54,0.00,12.54,,,SGW-7708593,
2025-10-02T16:09:13Z,shp_00003604,9400100000000000003604,delivered,USPS,GroundAdvantage,7.17,0.00,7.17,,,SGW-7708587,
2025-10-02T16:12:46Z,shp_00003586,9400100000000000003586,delivered,USPS,GroundAdvantage,11.75,0.00,11.75,,,SGW-7708549,
2025-10-02T16:44:22Z,shp_00003582,9400100000000000003582,delivered,USPS,GroundAdvantage,6.58,0.00,6.58,,,m00000008524,
2025-10-02T16:44:41Z,shp_00003563,9400100000000000003563,delivered,USPS,GroundAdvantage,3.53,0.00,3.53,,,114-5008480-7790353,
2025-10-02T16:49:53Z,shp_00003554,9400100000000000003554,delivered,USPS,GroundAdvantage,5.72,0.00,5.72,,,111-8508465-5749621,
2025-10-02T16:52:23Z,shp_00003643,9400100000000000003643,in_transit,USPS,Priority,6.01,0.00,6.01,,,15-08662-61549,
2025-10-02T16:52:57Z,shp_00003594,9400100000000000003594,delivered,USPS,GroundAdvantage,6.14,0.00,6.14,,,SGW-7708564,
2025-10-02T16:55:11Z,shp_00003601,9400100000000000003601,delivered,USPS,Priority,10.69,0.00,10.69,,,SGW-7708581,
2025-10-02T17:15:48Z,shp_00003646,9400100000000000003646,delivered,USPS,GroundAdvantage,14.93,0.00,14.93,,,12-08667-43562,
2025-10-02T17:36:28Z,shp_00003607,9400100000000000003607,delivered,USPS,GroundAdvantage,5.46,0.00,5.46,,,SGW-7708594,
2025-10-02T17:41:04Z,shp_00003640,9400100000000000003640,delivered,USPS,GroundAdvantage,3.30,0.00,3.30,,,25-08654-45686,
2025-10-02T17:46:39Z,shp_00003546,9400100000000000003546,delivered,USPS,GroundAdvantage,3.38,0.00,3.38,,,112-3308450-9987097,
2025-10-02T17:59:43Z,shp_00003610,9400100000000000003610,delivered,USPS,GroundAdvantage,8.41,0.00,8.41,,,SGW-7708600,
2025-10-02T18:08:03Z,shp_00003626,9400100000000000003626,delivered,USPS,GroundAdvantage,5.65,0.00,5.65,,,113-3508632-7527788,
2025-10-02T18:14:10Z,shp_00003624,9400100000000000003624,in_transit,USPS,Priority,3.42,0.00,3.42,,,111-4308629-6889458,
2025-10-02T18:22:09Z,shp_00003603,9400100000000000003603,delivered,USPS,GroundAdvantage,8.53,0.00,8.53,,,SGW-7708586,
2025-10-02T18:28:20Z,shp_00003635,9400100000000000003635,unknown,USPS,Priority,5.57,0.00,5.57,,refunded,114-6908644-8042075,
2025-10-02T18:29:27Z,shp_00003522,9400100000000000003522,delivered,USPS,GroundAdvantage,15.89,0.00,15.89,,,SGW-7708391,
2025-10-02T18:58:28Z,shp_00003591,9400100000000000003591,delivered,USPS,GroundAdvantage,13.76,0.00,13.76,,,SGW-7708557,
2025-10-02T19:04:38Z,shp_00003605,9400100000000000003605,delivered,USPS,GroundAdvantage,11.37,0.00,11.37,,,SGW-7708592,
2025-10-02T19:15:17Z,shp_00003608,9400100000000000003608,delivered,USPS,GroundAdvantage,11.41,0.00,11.41,,,SGW-7708595,
2025-10-02T19:25:12Z,shp_00003609,9400100000000000003609,delivered,USPS,GroundAdvantage,14.60,0.00,14.60,,,SGW-7708597,
2025-10-02T19:27:00Z,shp_00003613,9400100000000000003613,delivered,USPS,GroundAdvantage,6.61,0.00,6.61,,,SGW-7708606,
2025-10-02T19:27:10Z,shp_00003622,9400100000000000003622,in_transit,USPS,GroundAdvantage,5.05,0.00,5.05,,,113-7208626-7670791,
2025-10-02T19:58:42Z,shp_00003636,9400100000000000003636,delivered,USPS,GroundAdvantage,3.75,0.00,3.75,,,114-2408645-9982541,
2025-10-02T20:03:45Z,shp_00003612,9400100000000000003612,delivered,USPS,Priority,9.86,0.00,9.86,,,SGW-7708603,
2025-10-02T20:12:20Z,shp_00003598,9400100000000000003598,delivered,USPS,GroundAdvantage,9.01,0.00,9.01,,,SGW-7708575,
2025-10-02T20:15:46Z,shp_00003616,9400100000000000003616,delivered,USPS,Priority,3.59,0.00,3.59,,,112-2208615-3164858,
2025-10-02T20:18:47Z,shp_00003545,9400100000000000003545,delivered,USPS,Priority,3.52,0.00,3.52,,,113-7308449-0358158,
2025-10-02T20:22:23Z,shp_00003628,9400100000000000003628,delivered,USPS,GroundAdvantage,3.83,0.00,3.83,,,114-8708636-9461045,
2025-10-02T20:41:59Z,shp_00003633,9400100000000000003633,delivered,USPS,GroundAdvantage,4.96,0.00,4.96,,,111-6708642-6132027,
2025-10-02T20:47:50Z,shp_00003565,9400100000000000003565,delivered,USPS,GroundAdvantage,3.85,0.00,3.85,,,113-2308482-4252216,
2025-10-02T20:56:27Z,shp_00003618,9400100000000000003618,in_transit,USPS,GroundAdvantage,3.60,0.00,3.60,,,112-9408619-4025839,
2025-10-03T13:02:31Z,shp_00003614,9400100000000000003614,delivered,USPS,GroundAdvantage,12.44,0.00,12.44,,,SGW-7708610,
2025-10-03T13:17:26Z,shp_00003589,9400100000000000003589,delivered,USPS,GroundAdvantage,5.60,0.00,5.60,,,SGW-7708554,
2025-10-03T13:19:34Z,shp_00003700,9400100000000000003700,delivered,USPS,GroundAdvantage,5.86,0.00,5.86,,,113-3408806-0797952,
2025-10-03T13:25:42Z,shp_00003650,9400100000000000003650,delivered,USPS,Priority,10.50,0.00,10.50,,,SGW-7708695,
2025-10-03T13:30:35Z,shp_00003712,9400100000000000003712,delivered,USPS,Priority,5.93,0.00,5.93,,,m00000008847,
2025-10-03T13:37:39Z,shp_00003631,9400100000000000003631,delivered,USPS,GroundAdvantage,3.30,0.00,3.30,,,112-1408640-6443095,
2025-10-03T13:47:12Z,shp_00003645,9400100000000000003645,delivered,USPS,GroundAdvantage,3.84,0.00,3.84,,,12-08665-55343,
2025-10-03T13:50:57Z,shp_00003709,9400100000000000003709,delivered,USPS,GroundAdvantage,4.97,0.00,4.97,,,01-08830-28234,
2025-10-03T13:59:05Z,shp_00003639,9400100000000000003639,in_transit,USPS,GroundAdvantage,4.67,0.00,4.67,,,11-08652-83788,
2025-10-03T13:59:54Z,shp_00003600,9400100000000000003600,delivered,USPS,Priority,8.63,0.00,8.63,,,SGW-7708580,
2025-10-03T14:00:17Z,shp_00003689,9400100000000000003689,delivered,USPS,GroundAdvantage,3.60,0.00,3.60,,,112-1808788-8803857,
2025-10-03T14:04:54Z,shp_00003694,9400100000000000003694,delivered,USPS,Priority,3.82,0.00,3.82,,,111-4108797-3503887,
2025-10-03T14:05:21Z,shp_00003593,9400100000000000003593,delivered,USPS,Priority,8.95,0.00,8.95,,,SGW-7708562,
2025-10-03T14:11:01Z,shp_00003707,9400100000000000003707,delivered,USPS,Priority,6.80,0.00,6.80,,,01-08826-24492,
2025-10-03T14:24:21Z,shp_00003651,9400100000000000003651,delivered,USPS,GroundAdvantage,22.58,0.00,22.58,,,SGW-7708698,
2025-10-03T14:33:40Z,shp_00003523,9400100000000000003523,delivered,USPS,GroundAdvantage,12.41,0.00,12.41,,,SGW-7708393,
2025-10-03T14:39:01Z,shp_00003676,9400100000000000003676,delivered,USPS,Priority,3.55,0.00,3.55,,,113-4308763-4808180,
2025-10-03T14:42:14Z,shp_00003658,9400100000000000003658,in_transit,USPS,GroundAdvantage,7.75,0.00,7.75,,,SGW-7708711,
2025-10-03T14:56:59Z,shp_00003687,9400100000000000003687,delivered,USPS,GroundAdvantage,3.74,0.00,3.74,,,114-4308784-9927027,
2025-10-03T14:58:54Z,shp_00003668,9400100000000000003668,delivered,USPS,GroundAdvantage,9.88,0.00,9.88,,,SGW-7708739,
2025-10-03T15:31:57Z,shp_00003649,9400100000000000003649,delivered,USPS,GroundAdvantage,6.67,0.00,6.67,,,m00000008676,
2025-10-03T16:03:58Z,shp_00003619,9400100000000000003619,delivered,USPS,GroundAdvantage,3.73,0.00,3.73,,,113-4008620-4341064,
2025-10-03T16:13:19Z,shp_00003706,9400100000000000003706,delivered,USPS,GroundAdvantage,6.13,0.00,6.13,,,01-08825-52457,
2025-10-03T16:14:30Z,shp_00003702,9400100000000000003702,delivered,USPS,GroundAdvantage,3.62,0.00,3.62,,,112-1608810-5973029,
2025-10-03T16:32:30Z,shp_00003534,9400100000000000003534,delivered,USPS,GroundAdvantage,9.86,0.00,9.86,,,SGW-7708416,
2025-10-03T16:47:51Z,shp_00003664,9400100000000000003664,delivered,USPS,GroundAdvantage,8.44,0.00,8.44,,,SGW-7708729,
2025-10-03T17:05:45Z,shp_00003671,9400100000000000003671,in_transit,USPS,GroundAdvantage,10.66,0.00,10.66,,,SGW-7708744,
2025-10-03T17:08:16Z,shp_00003705,9400100000000000003705,delivered,USPS,GroundAdvantage,4.44,0.00,4.44,,,09-08824-34897,
2025-10-03T17:09:13Z,shp_00003669,9400100000000000003669,delivered,USPS,GroundAdvantage,7.14,0.00,7.14,,,SGW-7708740,
2025-10-03T17:16:12Z,shp_00003690,9400100000000000003690,delivered,USPS,GroundAdvantage,3.80,0.00,3.80,,,112-4108789-5934661,
2025-10-03T17:33:59Z,shp_00003681,9400100000000000003681,delivered,USPS,GroundAdvantage,3.33,0.00,3.33,,,113-1008773-8099020,
2025-10-03T17:51:22Z,shp_00003657,9400100000000000003657,delivered,USPS,GroundAdvantage,8.66,0.00,8.66,,,SGW-7708710,
2025-10-03T17:52:04Z,shp_00003627,9400100000000000003627,delivered,USPS,GroundAdvantage,5.70,0.00,5.70,,,114-2608634-2372281,
2025-10-03T17:55:16Z,shp_00003691,9400100000000000003691,delivered,USPS,GroundAdvantage,5.56,0.00,5.56,,,114-7308790-3600824,
2025-10-03T17:55:38Z,shp_00003666,9400100000000000003666,delivered,USPS,GroundAdvantage,10.41,0.00,10.41,,,SGW-7708737,
2025-10-03T18:01:09Z,shp_00003656,9400100000000000003656,in_transit,USPS,GroundAdvantage,8.31,0.00,8.31,,,SGW-7708708,
2025-10-03T18:05:07Z,shp_00003602,9400100000000000003602,delivered,USPS,Priority,15.53,0.00,15.53,,,SGW-7708584,
2025-10-03T18:08:31Z,shp_00003590,9400100000000000003590,delivered,USPS,GroundAdvantage,16.18,0.00,16.18,,,SGW-7708555,
2025-10-03T18:17:13Z,shp_00003711,9400100000000000003711,delivered,USPS,GroundAdvantage,6.41,0.00,6.41,,,m00000008842,
2025-10-03T18:27:40Z,shp_00003710,9400100000000000003710,delivered,USPS,Priority,8.30,0.00,8.30,,,05-08835-74263,
2025-10-03T18:38:44Z,shp_00003652,9400100000000000003652,delivered,USPS,GroundAdvantage,9.53,0.00,9.53,,,SGW-7708699,
2025-10-03T18:42:39Z,shp_00003685,9400100000000000003685,delivered,USPS,GroundAdvantage,3.77,0.00,3.77,,,114-7308780-7828164,
2025-10-03T18:53:29Z,shp_00003663,9400100000000000003663,delivered,USPS,GroundAdvantage,7.41,0.00,7.41,,,SGW-7708728,
2025-10-03T18:54:09Z,shp_00003630,9400100000000000003630,delivered,USPS,GroundAdvantage,3.74,0.00,3.74,,,114-0008638-6940522,
2025-10-03T19:05:03Z,shp_00003704,9400100000000000003704,in_transit,USPS,Priority,6.06,0.00,6.06,,,24-08822-64572,
2025-10-03T19:22:37Z,shp_00003703,9400100000000000003703,delivered,USPS,Priority,3.66,0.00,3.66,,,112-6908813-4142395,
2025-10-03T19:23:57Z,shp_00003692,9400100000000000003692,delivered,USPS,GroundAdvantage,5.65,0.00,5.65,,,111-8808791-6652400,
2025-10-03T19:34:11Z,shp_00003670,9400100000000000003670,delivered,USPS,GroundAdvantage,9.50,0.00,9.50,,,SGW-7708741,
2025-10-03T19:34:59Z,shp_00003673,9400100000000000003673,delivered,USPS,Priority,8.49,0.00,8.49,,,SGW-7708751,
2025-10-03T19:36:47Z,shp_00003697,9400100000000000003697,delivered,USPS,GroundAdvantage,5.09,0.00,5.09,,,112-6308803-0053366,
2025-10-03T19:45:15Z,shp_00003688,9400100000000000003688,delivered,USPS,GroundAdvantage,5.49,0.00,5.49,,,112-9808787-8293281,
2025-10-03T19:48:54Z,shp_00003680,9400100000000000003680,delivered,USPS,GroundAdvantage,3.54,0.00,3.54,,,112-4708772-1976459,
2025-10-03T19:53:14Z,shp_00003699,9400100000000000003699,delivered,USPS,Priority,3.29,0.00,3.29,,,111-6308805-1616541,
2025-10-03T20:21:45Z,shp_00003675,9400100000000000003675,in_transit,USPS,GroundAdvantage,3.80,0.00,3.80,,,114-9808762-3497806,
2025-10-03T20:33:05Z,shp_00003679,9400100000000000003679,delivered,USPS,GroundAdvantage,3.53,0.00,3.53,,,113-2108771-2993242,
2025-10-03T20:52:08Z,shp_00003672,9400100000000000003672,delivered,USPS,GroundAdvantage,7.27,0.00,7.27,,,SGW-7708745,
2025-10-03T20:54:55Z,shp_00003698,9400100000000000003698,delivered,USPS,GroundAdvantage,5.48,0.00,5.48,,,113-4408804-6557810,
2025-10-04T13:11:02Z,shp_00003747,9400100000000000003747,delivered,USPS,GroundAdvantage,5.76,0.00,5.76,,,111-6708948-1053298,
2025-10-04T13:20:49Z,shp_00003766,9400100000000000003766,delivered,USPS,GroundAdvantage,8.44,0.00,8.44,,,09-08995-22054,
2025-10-04T13:33:09Z,shp_00003738,9400100000000000003738,delivered,USPS,GroundAdvantage,3.44,0.00,3.44,,,113-7808931-0211912,
2025-10-04T13:39:17Z,shp_00003677,9400100000000000003677,delivered,USPS,GroundAdvantage,3.33,0.00,3.33,,,112-7708765-9893281,
2025-10-04T13:39:55Z,shp_00003742,9400100000000000003742,delivered,USPS,GroundAdvantage,3.53,0.00,3.53,,,111-8608941-2389820,
2025-10-04T13:46:34Z,shp_00003734,9400100000000000003734,in_transit,USPS,GroundAdvantage,6.82,0.00,6.82,,,SGW-7708920,
2025-10-04T13:52:08Z,shp_00003757,9400100000000000003757,delivered,USPS,GroundAdvantage,5.14,0.00,5.14,,,112-0708968-4405581,
2025-10-04T14:05:33Z,shp_00003696,9400100000000000003696,delivered,USPS,GroundAdvantage,3.34,0.00,3.34,,,113-8908799-5731744,
2025-10-04T14:08:23Z,shp_00003727,9400100000000000003727,delivered,USPS,Priority,9.62,0.00,9.62,,,SGW-7708901,
2025-10-04T14:15:18Z,shp_00003660,9400100000000000003660,delivered,USPS,GroundAdvantage,11.03,0.00,11.03,,,SGW-7708717,
2025-10-04T14:25:26Z,shp_00003708,9400100000000000003708,delivered,USPS,GroundAdvantage,7.76,0.00,7.76,,,09-08827-90999,
2025-10-04T14:27:12Z,shp_00003754,9400100000000000003754,delivered,USPS,GroundAdvantage,3.84,0.00,3.84,,,114-5708963-3801768,
2025-10-04T14:29:11Z,shp_00003739,9400100000000000003739,delivered,USPS,Priority,3.53,0.00,3.53,,,114-0308936-6959063,
2025-10-04T14:41:52Z,shp_00003665,9400100000000000003665,delivered,USPS,GroundAdvantage,13.00,0.00,13.00,,,SGW-7708736,
2025-10-04T14:51:31Z,shp_00003682,9400100000000000003682,in_transit,USPS,GroundAdvantage,3.88,0.00,3.88,,,112-4908775-1787106,
2025-10-04T14:52:50Z,shp_00003735,9400100000000000003735,delivered,USPS,GroundAdvantage,11.41,0.00,11.41,,,SGW-7708923,
2025-10-04T14:56:45Z,shp_00003654,9400100000000000003654,delivered,USPS,GroundAdvantage,6.40,0.00,6.40,,,SGW-7708705,
2025-10-04T15:22:09Z,shp_00003751,9400100000000000003751,delivered,USPS,GroundAdvantage,3.31,0.00,3.31,,,111-0708960-1997765,
2025-10-04T15:22:21Z,shp_00003713,9400100000000000003713,delivered,USPS,Priority,15.13,0.00,15.13,,,SGW-7708864,
2025-10-04T15:25:35Z,shp_00003599,9400100000000000003599,delivered,USPS,Priority,17.71,0.00,17.71,,,SGW-7708577,
2025-10-04T15:29:12Z,shp_00003726,9400100000000000003726,delivered,USPS,GroundAdvantage,6.81,0.00,6.81,,,SGW-7708900,
2025-10-04T15:41:06Z,shp_00003667,9400100000000000003667,delivered,USPS,GroundAdvantage,7.08,0.00,7.08,,,SGW-7708738,
2025-10-04T15:43:35Z,shp_00003659,9400100000000000003659,delivered,USPS,GroundAdvantage,10.36,0.00,10.36,,,SGW-7708714,
2025-10-04T16:01:17Z,shp_00003743,9400100000000000003743,in_transit,USPS,GroundAdvantage,5.04,0.00,5.04,,,111-9508942-9221829,
2025-10-04T16:01:39Z,shp_00003653,9400100000000000003653,delivered,USPS,Priority,6.93,0.00,6.93,,,SGW-7708704,
2025-10-04T16:02:23Z,shp_00003720,9400100000000000003720,delivered,USPS,GroundAdvantage,8.35,0.00,8.35,,,SGW-7708885,
2025-10-04T16:15:43Z,shp_00003634,9400100000000000003634,delivered,USPS,GroundAdvantage,3.58,0.00,3.58,,,114-1508643-8011116,
2025-10-04T16:16:51Z,shp_00003695,9400100000000000003695,delivered,USPS,GroundAdvantage,3.57,0.00,3.57,,,114-6708798-3159148,
2025-10-04T16:20:08Z,shp_00003693,9400100000000000003693,delivered,USPS,GroundAdvantage,3.83,0.00,3.83,,,112-0408795-9291400,
2025-10-04T16:22:36Z,shp_00003721,9400100000000000003721,delivered,USPS,GroundAdvantage,11.38,0.00,11.38,,,SGW-7708888,
2025-10-04T16:46:35Z,shp_00003758,9400100000000000003758,delivered,USPS,GroundAdvantage,3.84,0.00,3.84,,,111-2508970-0682711,
2025-10-04T16:58:12Z,shp_00003737,9400100000000000003737,delivered,USPS,GroundAdvantage,3.73,0.00,3.73,,,112-0508929-9580897,
2025-10-04T17:04:00Z,shp_00003765,9400100000000000003765,in_transit,USPS,GroundAdvantage,3.40,0.00,3.40,,,113-7908982-9889881,
2025-10-04T17:07:16Z,shp_00003756,9400100000000000003756,delivered,USPS,GroundAdvantage,3.84,0.00,3.84,,,114-7208967-5707255,
2025-10-04T17:15:29Z,shp_00003752,9400100000000000003752,delivered,USPS,GroundAdvantage,3.33,0.00,3.33,,,113-3708961-3869247,
2025-10-04T17:23:18Z,shp_00003750,9400100000000000003750,delivered,USPS,GroundAdvantage,3.44,0.00,3.44,,,114-7208959-4045490,
2025-10-04T17:25:04Z,shp_00003725,9400100000000000003725,delivered,USPS,GroundAdvantage,6.37,0.00,6.37,,,SGW-7708899,
2025-10-04T17:33:00Z,shp_00003764,9400100000000000003764,delivered,USPS,GroundAdvantage,5.09,0.00,5.09,,,113-2808980-8724222,
2025-10-04T17:33:49Z,shp_00003684,9400100000000000003684,delivered,USPS,Priority,3.34,0.00,3.34,,,112-2608777-3515012,
2025-10-04T17:42:03Z,shp_00003740,9400100000000000003740,unknown,USPS,Priority,3.49,0.00,3.49,,refunded,112-2908937-6856341,
2025-10-04T17:45:06Z,shp_00003755,9400100000000000003755,delivered,USPS,GroundAdvantage,3.40,0.00,3.40,,,113-4908964-2301833,
2025-10-04T17:49:24Z,shp_00003641,9400100000000000003641,in_transit,USPS,GroundAdvantage,5.69,0.00,5.69,,,10-08656-26307,
2025-10-04T17:56:35Z,shp_00003748,9400100000000000003748,delivered,USPS,GroundAdvantage,3.87,0.00,3.87,,,114-8108951-8543130,
2025-10-04T18:02:17Z,shp_00003718,9400100000000000003718,delivered,USPS,GroundAdvantage,8.06,0.00,8.06,,,SGW-7708883,
2025-10-04T18:11:33Z,shp_00003683,9400100000000000003683,delivered,USPS,GroundAdvantage,3.82,0.00,3.82,,,114-1108776-5418662,
2025-10-04T18:21:57Z,shp_00003719,9400100000000000003719,delivered,USPS,Priority,14.33,0.00,14.33,,,SGW-7708884,
2025-10-04T18:57:06Z,shp_00003728,9400100000000000003728,delivered,USPS,Priority,7.35,0.00,7.35,,,SGW-7708903,
2025-10-04T19:07:22Z,shp_00003730,9400100000000000003730,delivered,USPS,Priority,11.94,0.00,11.94,,,SGW-7708912,
2025-10-04T19:15:00Z,shp_00003655,9400100000000000003655,delivered,USPS,Priority,6.81,0.00,6.81,,,SGW-7708707,
2025-10-04T19:20:34Z,shp_00003763,9400100000000000003763,delivered,USPS,GroundAdvantage,3.45,0.00,3.45,,,111-9008978-0721274,
2025-10-04T19:26:28Z,shp_00003753,9400100000000000003753,in_transit,USPS,GroundAdvantage,3.55,0.00,3.55,,,113-3208962-9943418,
2025-10-04T19:28:42Z,shp_00003674,9400100000000000003674,delivered,USPS,GroundAdvantage,9.08,0.00,9.08,,,SGW-7708760,
2025-10-04T19:30:34Z,shp_00003661,9400100000000000003661,delivered,USPS,GroundAdvantage,8.54,0.00,8.54,,,SGW-7708719,
2025-10-04T19:41:25Z,shp_00003715,9400100000000000003715,delivered,USPS,Priority,8.24,0.00,8.24,,,SGW-7708871,
2025-10-04T19:41:37Z,shp_00003732,9400100000000000003732,delivered,USPS,GroundAdvantage,13.97,0.00,13.97,,,SGW-7708917,
2025-10-04T19:50:09Z,shp_00003745,9400100000000000003745,delivered,USPS,GroundAdvantage,3.58,0.00,3.58,,,113-3008945-7503223,
2025-10-04T19:50:23Z,shp_00003744,9400100000000000003744,delivered,USPS,GroundAdvantage,3.57,0.00,3.57,,,113-7208943-3471059,
2025-10-04T19:54:57Z,shp_00003746,9400100000000000003746,delivered,USPS,Priority,3.51,0.00,3.51,,,113-1808947-8083388,
2025-10-04T20:00:38Z,shp_00003686,9400100000000000003686,delivered,USPS,GroundAdvantage,3.82,0.00,3.82,,,113-9508781-1183775,
2025-10-04T20:45:29Z,shp_00003724,9400100000000000003724,in_transit,USPS,Priority,7.65,0.00,7.65,,,SGW-7708895,
2025-10-04T20:54:37Z,shp_00003701,9400100000000000003701,delivered,USPS,GroundAdvantage,3.60,0.00,3.60,,,113-1308809-8356936,
2025-10-05T13:18:25Z,shp_00003717,9400100000000000003717,delivered,USPS,Priority,12.17,0.00,12.17,,,SGW-7708873,
2025-10-05T13:18:53Z,shp_00003767,9400100000000000003767,delivered,USPS,GroundAdvantage,16.88,0.00,16.88,,,SGW-7709013,
2025-10-05T13:18:58Z,shp_00003803,9400100000000000003803,delivered,USPS,Priority,3.56,0.00,3.56,,,111-9709095-4877335,
2025-10-05T13:20:34Z,shp_00003832,9400100000000000003832,delivered,USPS,GroundAdvantage,4.23,0.00,4.23,,,01-09143-02197,
2025-10-05T13:20:59Z,shp_00003821,9400100000000000003821,delivered,USPS,GroundAdvantage,3.48,0.00,3.48,,,113-4909127-4025521,
2025-10-05T13:21:29Z,shp_00003778,9400100000000000003778,delivered,USPS,GroundAdvantage,9.95,0.00,9.95,,,SGW-7709039,
2025-10-05T13:25:14Z,shp_00003762,9400100000000000003762,delivered,USPS,GroundAdvantage,3.52,0.00,3.52,,,113-8008977-5076369,
2025-10-05T13:36:24Z,shp_00003796,9400100000000000003796,in_transit,USPS,GroundAdvantage,3.39,0.00,3.39,,,112-4509082-5643100,
2025-10-05T13:57:19Z,shp_00003771,9400100000000000003771,delivered,USPS,GroundAdvantage,7.18,0.00,7.18,,,SGW-7709023,
2025-10-05T14:07:16Z,shp_00003818,9400100000000000003818,delivered,USPS,GroundAdvantage,3.80,0.00,3.80,,,114-4709123-3756525,
2025-10-05T14:07:23Z,shp_00003835,9400100000000000003835,delivered,USPS,Priority,6.06,0.00,6.06,,,01-09154-58399,
2025-10-05T14:14:09Z,shp_00003822,9400100000000000003822,delivered,USPS,GroundAdvantage,3.64,0.00,3.64,,,111-5909128-7454077,
2025-10-05T14:14:52Z,shp_00003836,9400100000000000003836,delivered,USPS,GroundAdvantage,4.17,0.00,4.17,,,02-09156-52204,
2025-10-05T14:20:28Z,shp_00003760,9400100000000000003760,delivered,USPS,GroundAdvantage,5.50,0.00,5.50,,,111-2708973-4062860,
2025-10-05T14:28:23Z,shp_00003811,9400100000000000003811,delivered,USPS,GroundAdvantage,3.85,0.00,3.85,,,111-5809111-5968590,
2025-10-05T14:43:17Z,shp_00003815,9400100000000000003815,delivered,USPS,GroundAdvantage,3.48,0.00,3.48,,,113-6409118-6280680,
2025-10-05T14:53:47Z,shp_00003787,9400100000000000003787,in_transit,USPS,GroundAdvantage,19.18,0.00,19.18,,,SGW-7709054,
2025-10-05T14:58:44Z,shp_00003790,9400100000000000003790,delivered,USPS,GroundAdvantage,8.46,0.00,8.46,,,SGW-7709068,
2025-10-05T15:05:49Z,shp_00003714,9400100000000000003714,delivered,USPS,GroundAdvantage,10.82,0.00,10.82,,,SGW-7708865,
2025-10-05T15:13:13Z,shp_00003829,9400100000000000003829,delivered,USPS,GroundAdvantage,3.55,0.00,3.55,,,114-5409137-9454100,
2025-10-05T15:19:19Z,shp_00003792,9400100000000000003792,delivered,USPS,GroundAdvantage,9.95,0.00,9.95,,,SGW-7709071,
2025-10-05T15:45:13Z,shp_00003729,9400100000000000003729,delivered,USPS,GroundAdvantage,10.09,0.00,10.09,,,SGW-7708909,
2025-10-05T15:45:55Z,shp_00003820,9400100000000000003820,delivered,USPS,Priority,3.83,0.00,3.83,,,113-7109126-8643224,
2025-10-05T15:52:49Z,shp_00003759,9400100000000000003759,delivered,USPS,GroundAdvantage,3.48,0.00,3.48,,,113-0108971-8585521,
2025-10-05T15:57:54Z,shp_00003838,9400100000000000003838,delivered,USPS,Priority,7.26,0.00,7.26,,,16-09162-73621,
2025-10-05T16:07:57Z,shp_00003791,9400100000000000003791,in_transit,USPS,GroundAdvantage,8.35,0.00,8.35,,,SGW-7709070,
2025-10-05T16:08:12Z,shp_00003825,9400100000000000003825,delivered,USPS,Priority,3.66,0.00,3.66,,,111-9109133-7295170,
2025-10-05T16:11:29Z,shp_00003828,9400100000000000003828,delivered,USPS,Priority,5.36,0.00,5.36,,,114-3909136-7894091,
2025-10-05T16:13:22Z,shp_00003840,9400100000000000003840,delivered,USPS,Priority,5.60,0.00,5.60,,,11-09167-09677,
2025-10-05T16:23:24Z,shp_00003781,9400100000000000003781,delivered,USPS,Priority,13.18,0.00,13.18,,,SGW-7709045,
2025-10-05T16:24:30Z,shp_00003839,9400100000000000003839,delivered,USPS,GroundAdvantage,7.92,0.00,7.92,,,22-09166-21920,
2025-10-05T16:31:13Z,shp_00003806,9400100000000000003806,unknown,USPS,GroundAdvantage,4.99,0.00,4.99,,refunded,112-4109099-7482044,
2025-10-05T16:41:52Z,shp_00003733,9400100000000000003733,delivered,USPS,GroundAdvantage,9.77,0.00,9.77,,,SGW-7708919,
2025-10-05T16:50:12Z,shp_00003780,9400100000000000003780,delivered,USPS,GroundAdvantage,8.96,0.00,8.96,,,SGW-7709043,
2025-10-05T16:50:28Z,shp_00003773,9400100000000000003773,unknown,USPS,Priority,11.22,0.00,11.22,,refunded,SGW-7709027,
2025-10-05T16:54:01Z,shp_00003782,9400100000000000003782,delivered,USPS,Priority,11.20,0.00,11.20,,,SGW-7709047,
2025-10-05T17:09:14Z,shp_00003736,9400100000000000003736,delivered,USPS,GroundAdvantage,8.31,0.00,8.31,,,SGW-7708928,
2025-10-05T17:19:08Z,shp_00003784,9400100000000000003784,delivered,USPS,Priority,7.89,0.00,7.89,,,SGW-7709050,
2025-10-05T17:33:44Z,shp_00003774,9400100000000000003774,delivered,USPS,GroundAdvantage,12.29,0.00,12.29,,,SGW-7709030,
2025-10-05T17:34:55Z,shp_00003816,9400100000000000003816,delivered,USPS,GroundAdvantage,3.90,0.00,3.90,,,113-5009121-3465632,
2025-10-05T17:37:34Z,shp_00003808,9400100000000000003808,delivered,USPS,GroundAdvantage,3.49,0.00,3.49,,,111-3509101-0641290,
2025-10-05T17:39:13Z,shp_00003799,9400100000000000003799,delivered,USPS,GroundAdvantage,5.08,0.00,5.08,,,114-9509088-6891508,
2025-10-05T17:50:15Z,shp_00003741,9400100000000000003741,delivered,USPS,GroundAdvantage,3.41,0.00,3.41,,,114-2008938-8163530,
2025-10-05T17:55:26Z,shp_00003814,9400100000000000003814,in_transit,USPS,GroundAdvantage,3.62,0.00,3.62,,,112-2009116-6079147,
2025-10-05T18:07:36Z,shp_00003662,9400100000000000003662,delivered,USPS,GroundAdvantage,9.24,0.00,9.24,,,SGW-7708727,
2025-10-05T18:09:56Z,shp_00003837,9400100000000000003837,delivered,USPS,GroundAdvantage,6.04,0.00,6.04,,,10-09157-54612,
2025-10-05T18:18:32Z,shp_00003830,9400100000000000003830,delivered,USPS,GroundAdvantage,5.50,0.00,5.50,,,04-09140-64431,
2025-10-05T18:19:08Z,shp_00003723,9400100000000000003723,delivered,USPS,Priority,13.45,0.00,13.45,,,SGW-7708894,
2025-10-05T18:19:31Z,shp_00003769,9400100000000000003769,delivered,USPS,GroundAdvantage,7.38,0.00,7.38,,,SGW-7709017,
2025-10-05T18:21:33Z,shp_00003812,9400100000000000003812,delivered,USPS,GroundAdvantage,3.90,0.00,3.90,,,112-0009112-2097222,
2025-10-05T18:22:58Z,shp_00003786,9400100000000000003786,delivered,USPS,Priority,6.35,0.00,6.35,,,SGW-7709052,
2025-10-05T18:23:19Z,shp_00003716,9400100000000000003716,delivered,USPS,Priority,5.29,0.00,5.29,,,SGW-7708872,
2025-10-05T18:30:23Z,shp_00003770,9400100000000000003770,in_transit,USPS,GroundAdvantage,6.19,0.00,6.19,,,SGW-7709020,
2025-10-05T18:35:04Z,shp_00003761,9400100000000000003761,delivered,USPS,GroundAdvantage,3.73,0.00,3.73,,,114-4508975-0564912,
2025-10-05T18:40:20Z,shp_00003783,9400100000000000003783,delivered,USPS,GroundAdvantage,12.35,0.00,12.35,,,SGW-7709048,
2025-10-05T18:43:06Z,shp_00003775,9400100000000000003775,delivered,USPS,Priority,9.17,0.00,9.17,,,SGW-7709032,
2025-10-05T19:08:28Z,shp_00003789,9400100000000000003789,delivered,USPS,GroundAdvantage,8.69,0.00,8.69,,,SGW-7709064,
2025-10-05T19:10:15Z,shp_00003809,9400100000000000003809,delivered,USPS,GroundAdvantage,5.36,0.00,5.36,,,114-1809108-1326746,
2025-10-05T19:13:42Z,shp_00003768,9400100000000000003768,delivered,USPS,Priority,9.24,0.00,9.24,,,SGW-7709014,
2025-10-05T19:17:28Z,shp_00003804,9400100000000000003804,delivered,USPS,Priority,5.66,0.00,5.66,,,111-3409096-1330524,
2025-10-05T19:19:05Z,shp_00003819,9400100000000000003819,delivered,USPS,Priority,3.42,0.00,3.42,,,114-5509125-7208050,
2025-10-05T19:20:25Z,shp_00003722,9400100000000000003722,in_transit,USPS,Priority,6.24,0.00,6.24,,,SGW-7708893,
2025-10-05T19:20:31Z,shp_00003797,9400100000000000003797,delivered,USPS,GroundAdvantage,3.32,0.00,3.32,,,114-9509083-3884023,
2025-10-05T19:24:11Z,shp_00003794,9400100000000000003794,delivered,USPS,GroundAdvantage,3.43,0.00,3.43,,,113-7409078-9943284,
2025-10-05T19:31:42Z,shp_00003793,9400100000000000003793,delivered,USPS,GroundAdvantage,8.30,0.00,8.30,,,SGW-7709074,
2025-10-05T19:43:11Z,shp_00003823,9400100000000000003823,delivered,USPS,GroundAdvantage,5.69,0.00,5.69,,,111-0709129-7069340,
2025-10-05T19:49:17Z,shp_00003731,9400100000000000003731,delivered,USPS,Priority,8.67,0.00,8.67,,,SGW-7708914,
2025-10-05T20:11:32Z,shp_00003824,9400100000000000003824,delivered,USPS,GroundAdvantage,3.76,0.00,3.76,,,112-8609131-6018193,
2025-10-05T20:12:29Z,shp_00003805,9400100000000000003805,delivered,USPS,GroundAdvantage,5.19,0.00,5.19,,,112-4409097-4914722,
2025-10-05T20:19:57Z,shp_00003678,9400100000000000003678,delivered,USPS,GroundAdvantage,3.29,0.00,3.29,,,114-9808768-4923590,
2025-10-05T20:45:54Z,shp_00003810,9400100000000000003810,in_transit,USPS,GroundAdvantage,3.82,0.00,3.82,,,112-2109109-0137587,
2025-10-05T20:47:47Z,shp_00003802,9400100000000000003802,delivered,USPS,Priority,3.30,0.00,3.30,,,114-7509093-5215199,
2025-10-05T20:59:41Z,shp_00003777,9400100000000000003777,delivered,USPS,GroundAdvantage,5.10,0.00,5.10,,,SGW-7709037,
2025-10-06T13:08:11Z,shp_00003807,9400100000000000003807,delivered,USPS,Priority,3.47,0.00,3.47,,,113-3709100-8683534,
2025-10-06T13:18:44Z,shp_00003827,9400100000000000003827,delivered,USPS,GroundAdvantage,3.88,0.00,3.88,,,112-3909135-1232796,
2025-10-06T13:41:25Z,shp_00003863,9400100000000000003863,delivered,USPS,Priority,8.98,0.00,8.98,,,SGW-7709222,
2025-10-06T13:52:46Z,shp_00003895,9400100000000000003895,delivered,USPS,GroundAdvantage,5.55,0.00,5.55,,,26-09274-15786,
2025-10-06T13:54:26Z,shp_00003848,9400100000000000003848,delivered,USPS,GroundAdvantage,9.75,0.00,9.75,,,SGW-7709196,
2025-10-06T13:57:01Z,shp_00003749,9400100000000000003749,unknown,USPS,GroundAdvantage,3.70,0.00,3.70,,refunded,111-8608954-4332309,
2025-10-06T13:58:31Z,shp_00003890,9400100000000000003890,in_transit,USPS,GroundAdvantage,3.61,0.00,3.61,,,111-0509266-6105058,
2025-10-06T14:07:53Z,shp_00003888,9400100000000000003888,delivered,USPS,Priority,5.39,0.00,5.39,,,114-8209264-3343930,
2025-10-06T14:08:35Z,shp_00003852,9400100000000000003852,delivered,USPS,Priority,8.72,0.00,8.72,,,SGW-7709204,
2025-10-06T14:11:03Z,shp_00003833,9400100000000000003833,delivered,USPS,GroundAdvantage,7.51,0.00,7.51,,,18-09148-79858,
2025-10-06T14:23:19Z,shp_00003879,9400100000000000003879,delivered,USPS,Priority,3.56,0.00,3.56,,,113-9909248-0437966,
2025-10-06T15:06:21Z,shp_00003891,9400100000000000003891,delivered,USPS,GroundAdvantage,3.55,0.00,3.55,,,113-9309267-5543578,
2025-10-06T15:18:11Z,shp_00003776,9400100000000000003776,delivered,USPS,GroundAdvantage,10.93,0.00,10.93,,,SGW-7709035,
2025-10-06T15:28:56Z,shp_00003861,9400100000000000003861,delivered,USPS,GroundAdvantage,8.19,0.00,8.19,,,SGW-7709217,
2025-10-06T15:33:43Z,shp_00003798,9400100000000000003798,delivered,USPS,Priority,3.66,0.00,3.66,,,113-8809086-2125321,
2025-10-06T15:45:24Z,shp_00003878,9400100000000000003878,in_transit,USPS,GroundAdvantage,3.61,0.00,3.61,,,111-8309247-4947035,
2025-10-06T15:54:34Z,shp_00003868,9400100000000000003868,delivered,USPS,Priority,3.30,0.00,3.30,,,111-5809231-6542729,
2025-10-06T16:03:28Z,shp_00003873,9400100000000000003873,delivered,USPS,GroundAdvantage,3.91,0.00,3.91,,,113-9009240-2472788,
2025-10-06T16:03:48Z,shp_00003779,9400100000000000003779,delivered,USPS,GroundAdvantage,9.84,0.00,9.84,,,SGW-7709042,
2025-10-06T16:05:14Z,shp_00003856,9400100000000000003856,delivered,USPS,GroundAdvantage,10.45,0.00,10.45,,,SGW-7709211,
2025-10-06T16:28:15Z,shp_00003846,9400100000000000003846,delivered,USPS,GroundAdvantage,7.94,0.00,7.94,,,SGW-7709192,
2025-10-06T16:31:01Z,shp_00003845,9400100000000000003845,delivered,USPS,Priority,10.54,0.00,10.54,,,SGW-7709191,
2025-10-06T16:41:05Z,shp_00003872,9400100000000000003872,delivered,USPS,GroundAdvantage,3.47,0.00,3.47,,,114-7809238-6951742,
2025-10-06T16:42:22Z,shp_00003834,9400100000000000003834,delivered,USPS,GroundAdvantage,6.19,0.00,6.19,,,06-09150-09637,
2025-10-06T16:50:59Z,shp_00003854,9400100000000000003854,in_transit,USPS,GroundAdvantage,14.17,0.00,14.17,,,SGW-7709209,
2025-10-06T17:10:03Z,shp_00003883,9400100000000000003883,delivered,USPS,GroundAdvantage,3.89,0.00,3.89,,,112-9309253-0963267,
2025-10-06T17:11:21Z,shp_00003899,9400100000000000003899,delivered,USPS,GroundAdvantage,5.82,0.00,5.82,,,m00000009290,
2025-10-06T17:15:17Z,shp_00003870,9400100000000000003870,delivered,USPS,GroundAdvantage,3.75,0.00,3.75,,,112-9009236-9495855,
2025-10-06T17:21:36Z,shp_00003865,9400100000000000003865,delivered,USPS,GroundAdvantage,13.59,0.00,13.59,,,SGW-7709225,
2025-10-06T17:41:46Z,shp_00003876,9400100000000000003876,delivered,USPS,GroundAdvantage,3.87,0.00,3.87,,,113-9609244-4979381,
2025-10-06T17:57:50Z,shp_00003772,9400100000000000003772,delivered,USPS,GroundAdvantage,10.48,0.00,10.48,,,SGW-7709025,
2025-10-06T18:30:28Z,shp_00003850,9400100000000000003850,delivered,USPS,GroundAdvantage,9.08,0.00,9.08,,,SGW-7709199,
2025-10-06T18:36:42Z,shp_00003859,9400100000000000003859,delivered,USPS,GroundAdvantage,8.58,0.00,8.58,,,SGW-7709215,
2025-10-06T18:38:24Z,shp_00003900,9400100000000000003900,unknown,USPS,GroundAdvantage,5.92,0.00,5.92,,refunded,m00000009295,
2025-10-06T18:41:38Z,shp_00003800,9400100000000000003800,delivered,USPS,GroundAdvantage,3.85,0.00,3.85,,,113-8109089-7106033,
2025-10-06T18:51:57Z,shp_00003885,9400100000000000003885,delivered,USPS,GroundAdvantage,4.99,0.00,4.99,,,112-9309257-2649800,
2025-10-06T18:58:19Z,shp_00003849,9400100000000000003849,delivered,USPS,GroundAdvantage,5.95,0.00,5.95,,,SGW-7709197,
2025-10-06T19:02:28Z,shp_00003813,9400100000000000003813,delivered,USPS,GroundAdvantage,3.59,0.00,3.59,,,111-0909115-2452496,
2025-10-06T19:04:41Z,shp_00003858,9400100000000000003858,delivered,USPS,GroundAdvantage,13.81,0.00,13.81,,,SGW-7709214,
2025-10-06T19:14:00Z,shp_00003817,9400100000000000003817,delivered,USPS,GroundAdvantage,3.51,0.00,3.51,,,112-5809122-6362363,
2025-10-06T19:18:42Z,shp_00003841,9400100000000000003841,delivered,USPS,Priority,5.89,0.00,5.89,,,m00000009169,
2025-10-06T19:25:53Z,shp_00003826,9400100000000000003826,delivered,USPS,Priority,3.66,0.00,3.66,,,111-0309134-1486842,
2025-10-06T19:26:59Z,shp_00003843,9400100000000000003843,in_transit,USPS,GroundAdvantage,8.48,0.00,8.48,,,SGW-7709186,
2025-10-06T19:35:29Z,shp_00003795,9400100000000000003795,delivered,USPS,GroundAdvantage,5.02,0.00,5.02,,,112-1609080-5151078,
2025-10-06T19:42:57Z,shp_00003860,9400100000000000003860,delivered,USPS,GroundAdvantage,16.43,0.00,16.43,,,SGW-7709216,
2025-10-06T19:46:03Z,shp_00003831,9400100000000000003831,delivered,USPS,Priority,7.38,0.00,7.38,,,06-09141-51407,
2025-10-06T19:54:36Z,shp_00003901,9400100000000000003901,unknown,USPS,GroundAdvantage,5.87,0.00,5.87,,refunded,m00000009297,
2025-10-06T20:07:00Z,shp_00003877,9400100000000000003877,delivered,USPS,GroundAdvantage,3.90,0.00,3.90,,,113-0609245-1025612,
2025-10-06T20:19:28Z,shp_00003801,9400100000000000003801,delivered,USPS,GroundAdvantage,3.84,0.00,3.84,,,112-9309091-0986145,
2025-10-06T20:23:36Z,shp_00003881,9400100000000000003881,delivered,USPS,GroundAdvantage,5.75,0.00,5.75,,,111-6509250-4425965,
2025-10-06T20:30:32Z,shp_00003788,9400100000000000003788,delivered,USPS,GroundAdvantage,9.78,0.00,9.78,,,SGW-7709061,
2025-10-06T20:38:55Z,shp_00003857,9400100000000000003857,in_transit,USPS,GroundAdvantage,9.87,0.00,9.87,,,SGW-7709213,
2025-10-06T20:41:53Z,shp_00003851,9400100000000000003851,delivered,USPS,GroundAdvantage,8.44,0.00,8.44,,,SGW-7709201,
2025-10-06T20:45:35Z,shp_00003884,9400100000000000003884,delivered,USPS,Priority,3.54,0.00,3.54,,,112-5409256-7551895,
2025-10-06T20:46:18Z,shp_00003898,9400100000000000003898,delivered,USPS,GroundAdvantage,5.18,0.00,5.18,,,08-09288-56027,
2025-10-06T20:51:04Z,shp_00003896,9400100000000000003896,delivered,USPS,GroundAdvantage,7.13,0.00,7.13,,,04-09276-47824,
2025-10-07T13:04:40Z,shp_00003923,9400100000000000003923,delivered,USPS,GroundAdvantage,3.47,0.00,3.47,,,113-3709359-5546798,
2025-10-07T13:07:57Z,shp_00003844,9400100000000000003844,delivered,USPS,GroundAdvantage,6.96,0.00,6.96,,,SGW-7709187,
2025-10-07T13:24:14Z,shp_00003847,9400100000000000003847,delivered,USPS,Priority,8.35,0.00,8.35,,,SGW-7709194,
2025-10-07T13:25:28Z,shp_00003928,9400100000000000003928,delivered,USPS,GroundAdvantage,3.63,0.00,3.63,,,112-1009366-9426471,
2025-10-07T13:25:56Z,shp_00003892,9400100000000000003892,in_transit,USPS,Priority,3.36,0.00,3.36,,,112-8109269-6091558,
2025-10-07T13:43:09Z,shp_00003871,9400100000000000003871,delivered,USPS,GroundAdvantage,3.79,0.00,3.79,,,113-9909237-1100145,
2025-10-07T14:02:05Z,shp_00003842,9400100000000000003842,delivered,USPS,Priority,10.71,0.00,10.71,,,SGW-7709185,
2025-10-07T14:27:18Z,shp_00003894,9400100000000000003894,unknown,USPS,GroundAdvantage,3.64,0.00,3.64,,refunded,112-4009271-8037161,
2025-10-07T14:34:33Z,shp_00003914,9400100000000000003914,delivered,USPS,GroundAdvantage,6.91,0.00,6.91,,,SGW-7709336,
2025-10-07T15:02:21Z,shp_00003908,9400100000000000003908,delivered,USPS,GroundAdvantage,13.89,0.00,13.89,,,SGW-7709315,
2025-10-07T15:06:40Z,shp_00003913,9400100000000000003913,delivered,USPS,GroundAdvantage,10.17,0.00,10.17,,,SGW-7709332,
2025-10-07T15:19:02Z,shp_00003918,9400100000000000003918,delivered,USPS,GroundAdvantage,17.51,0.00,17.51,,,SGW-7709346,
2025-10-07T15:38:29Z,shp_00003893,9400100000000000003893,delivered,USPS,GroundAdvantage,3.57,0.00,3.57,,,114-4609270-6028152,
2025-10-07T15:41:33Z,shp_00003889,9400100000000000003889,in_transit,USPS,GroundAdvantage,3.49,0.00,3.49,,,112-7209265-5382276,
2025-10-07T15:46:46Z,shp_00003909,9400100000000000003909,delivered,USPS,GroundAdvantage,11.34,0.00,11.34,,,SGW-7709319,
2025-10-07T15:55:15Z,shp_00003855,9400100000000000003855,delivered,USPS,GroundAdvantage,12.45,0.00,12.45,,,SGW-7709210,
2025-10-07T16:06:46Z,shp_00003907,9400100000000000003907,delivered,USPS,Priority,10.20,0.00,10.20,,,SGW-7709313,
2025-10-07T16:14:45Z,shp_00003902,9400100000000000003902,delivered,USPS,GroundAdvantage,11.51,0.00,11.51,,,SGW-7709307,
2025-10-07T16:22:57Z,shp_00003882,9400100000000000003882,delivered,USPS,Priority,5.70,0.00,5.70,,,112-8809251-6895485,
2025-10-07T16:35:03Z,shp_00003919,9400100000000000003919,delivered,USPS,GroundAdvantage,3.67,0.00,3.67,,,111-0709354-8971447,
2025-10-07T16:39:41Z,shp_00003903,9400100000000000003903,delivered,USPS,GroundAdvantage,8.70,0.00,8.70,,,SGW-7709309,
2025-10-07T16:45:37Z,shp_00003933,9400100000000000003933,delivered,USPS,GroundAdvantage,5.01,0.00,5.01,,,112-4409377-1893019,
2025-10-07T17:08:32Z,shp_00003941,9400100000000000003941,in_transit,USPS,GroundAdvantage,3.51,0.00,3.51,,,08-09398-79765,
2025-10-07T17:13:05Z,shp_00003785,9400100000000000003785,delivered,USPS,GroundAdvantage,8.42,0.00,8.42,,,SGW-7709051,
2025-10-07T17:19:00Z,shp_00003853,9400100000000000003853,delivered,USPS,GroundAdvantage,13.50,0.00,13.50,,,SGW-7709207,
2025-10-07T17:20:42Z,shp_00003869,9400100000000000003869,delivered,USPS,GroundAdvantage,3.84,0.00,3.84,,,114-0709232-6422274,
2025-10-07T17:25:37Z,shp_00003866,9400100000000000003866,delivered,USPS,Priority,6.58,0.00,6.58,,,SGW-7709229,
2025-10-07T17:43:58Z,shp_00003920,9400100000000000003920,delivered,USPS,GroundAdvantage,5.74,0.00,5.74,,,112-8809355-2540296,
2025-10-07T17:52:25Z,shp_00003921,9400100000000000003921,delivered,USPS,Priority,5.64,0.00,5.64,,,114-9009356-2007232,
2025-10-07T18:04:57Z,shp_00003935,9400100000000000003935,delivered,USPS,GroundAdvantage,3.57,0.00,3.57,,,114-8209385-9443503,
2025-10-07T18:19:25Z,shp_00003875,9400100000000000003875,delivered,USPS,GroundAdvantage,3.53,0.00,3.53,,,114-8209242-0775604,
2025-10-07T18:23:01Z,shp_00003924,9400100000000000003924,in_transit,USPS,GroundAdvantage,3.66,0.00,3.66,,,111-0909360-3774289,
2025-10-07T18:42:37Z,shp_00003940,9400100000000000003940,delivered,USPS,Priority,5.43,0.00,5.43,,,27-09396-57977,
2025-10-07T18:43:56Z,shp_00003910,9400100000000000003910,delivered,USPS,GroundAdvantage,17.72,0.00,17.72,,,SGW-7709320,
2025-10-07T18:51:10Z,shp_00003915,9400100000000000003915,delivered,USPS,GroundAdvantage,14.30,0.00,14.30,,,SGW-7709340,
2025-10-07T18:58:46Z,shp_00003916,9400100000000000003916,delivered,USPS,GroundAdvantage,7.56,0.00,7.56,,,SGW-7709341,
2025-10-07T19:19:43Z,shp_00003937,9400100000000000003937,delivered,USPS,GroundAdvantage,5.42,0.00,5.42,,,114-1109389-4663221,
2025-10-07T19:20:44Z,shp_00003927,9400100000000000003927,delivered,USPS,GroundAdvantage,3.80,0.00,3.80,,,114-9509365-7364612,
2025-10-07T19:26:19Z,shp_00003864,9400100000000000003864,delivered,USPS,GroundAdvantage,6.65,0.00,6.65,,,SGW-7709223,
2025-10-07T19:58:15Z,shp_00003934,9400100000000000003934,delivered,USPS,GroundAdvantage,3.86,0.00,3.86,,,113-6709381-5921102,
2025-10-07T20:00:15Z,shp_00003867,9400100000000000003867,in_transit,USPS,GroundAdvantage,3.28,0.00,3.28,,,112-6109230-7495129,
2025-10-07T20:20:38Z,shp_00003947,9400100000000000003947,delivered,USPS,GroundAdvantage,5.79,0.00,5.79,,,m00000009426,
2025-10-07T20:21:40Z,shp_00003943,9400100000000000003943,delivered,USPS,GroundAdvantage,11.45,0.00,11.45,,,04-09406-22219,
2025-10-07T20:29:32Z,shp_00003925,9400100000000000003925,delivered,USPS,GroundAdvantage,3.62,0.00,3.62,,,112-1709361-2217652,
2025-10-07T20:32:58Z,shp_00003904,9400100000000000003904,delivered,USPS,GroundAdvantage,7.94,0.00,7.94,,,SGW-7709310,
2025-10-07T20:36:42Z,shp_00003880,9400100000000000003880,delivered,USPS,GroundAdvantage,3.88,0.00,3.88,,,112-2409249-6053830,
2025-10-07T20:42:34Z,shp_00003906,9400100000000000003906,delivered,USPS,Priority,12.44,0.00,12.44,,,SGW-7709312,
2025-10-07T20:45:45Z,shp_00003886,9400100000000000003886,delivered,USPS,GroundAdvantage,5.42,0.00,5.42,,,112-5709258-8527614,
2025-10-07T20:46:00Z,shp_00003874,9400100000000000003874,delivered,USPS,GroundAdvantage,3.35,0.00,3.35,,,112-5509241-5206168,
2025-10-07T20:52:45Z,shp_00003912,9400100000000000003912,in_transit,USPS,GroundAdvantage,9.19,0.00,9.19,,,SGW-7709328,
2025-10-07T20:57:08Z,shp_00003929,9400100000000000003929,delivered,USPS,Priority,3.31,0.00,3.31,,,112-3909368-3910668,
2025-10-08T13:03:25Z,shp_00003905,9400100000000000003905,delivered,USPS,GroundAdvantage,10.86,0.00,10.86,,,SGW-7709311,
2025-10-08T13:06:21Z,shp_00003944,9400100000000000003944,delivered,USPS,Priority,4.43,0.00,4.43,,,24-09416-79114,
2025-10-08T13:18:09Z,shp_00003990,9400100000000000003990,delivered,USPS,Priority,3.78,0.00,3.78,,,111-5809516-9070938,
2025-10-08T13:19:15Z,shp_00003993,9400100000000000003993,delivered,USPS,GroundAdvantage,3.37,0.00,3.37,,,113-8609519-8442680,
2025-10-08T13:24:38Z,shp_00003987,9400100000000000003987,delivered,USPS,GroundAdvantage,3.30,0.00,3.30,,,114-7109512-4947887,
2025-10-08T13:35:15Z,shp_00004018,9400100000000000004018,delivered,USPS,GroundAdvantage,6.29,0.00,6.29,,,m00000009576,
2025-10-08T13:46:24Z,shp_00003977,9400100000000000003977,delivered,USPS,GroundAdvantage,3.52,0.00,3.52,,,112-8709497-6872437,
2025-10-08T13:49:21Z,shp_00003974,9400100000000000003974,in_transit,USPS,Priority,14.37,0.00,14.37,,,SGW-7709494,
2025-10-08T14:07:11Z,shp_00004005,9400100000000000004005,delivered,USPS,GroundAdvantage,3.27,0.00,3.27,,,111-7009540-9428915,
2025-10-08T14:34:53Z,shp_00004011,9400100000000000004011,delivered,USPS,GroundAdvantage,3.31,0.00,3.31,,,112-7809549-2877021,
2025-10-08T14:39:00Z,shp_00003958,9400100000000000003958,delivered,USPS,GroundAdvantage,10.09,0.00,10.09,,,SGW-7709461,
2025-10-08T14:40:10Z,shp_00004003,9400100000000000004003,delivered,USPS,Priority,3.37,0.00,3.37,,,114-7809538-8239701,
2025-10-08T14:41:00Z,shp_00003971,9400100000000000003971,delivered,USPS,Priority,9.10,0.00,9.10,,,SGW-7709487,
2025-10-08T15:04:59Z,shp_00003938,9400100000000000003938,delivered,USPS,Priority,3.64,0.00,3.64,,,114-2709392-0401147,
2025-10-08T15:10:13Z,shp_00003926,9400100000000000003926,delivered,USPS,Priority,3.55,0.00,3.55,,,112-1009364-0365638,
2025-10-08T15:13:39Z,shp_00004012,9400100000000000004012,delivered,USPS,GroundAdvantage,5.09,0.00,5.09,,,11-09551-37148,
2025-10-08T15:18:51Z,shp_00003978,9400100000000000003978,unknown,USPS,GroundAdvantage,3.81,0.00,3.81,,refunded,113-2109498-6140138,
2025-10-08T15:20:52Z,shp_00004013,9400100000000000004013,delivered,USPS,GroundAdvantage,4.97,0.00,4.97,,,23-09553-65856,
2025-10-08T15:21:36Z,shp_00003976,9400100000000000003976,delivered,USPS,GroundAdvantage,6.71,0.00,6.71,,,SGW-7709496,
2025-10-08T15:26:58Z,shp_00003965,9400100000000000003965,delivered,USPS,GroundAdvantage,9.77,0.00,9.77,,,SGW-7709474,
2025-10-08T15:33:22Z,shp_00004008,9400100000000000004008,delivered,USPS,Priority,3.72,0.00,3.72,,,113-8509543-3736295,
2025-10-08T15:41:18Z,shp_00003942,9400100000000000003942,delivered,USPS,GroundAdvantage,4.46,0.00,4.46,,,27-09401-05548,
2025-10-08T15:57:33Z,shp_00003981,9400100000000000003981,delivered,USPS,GroundAdvantage,5.74,0.00,5.74,,,114-0809502-8196233,
2025-10-08T15:59:37Z,shp_00003995,9400100000000000003995,delivered,USPS,GroundAdvantage,3.91,0.00,3.91,,,113-8909523-1177620,
2025-10-08T16:03:18Z,shp_00003948,9400100000000000003948,delivered,USPS,GroundAdvantage,11.98,0.00,11.98,,,SGW-7709436,
2025-10-08T16:13:26Z,shp_00004020,9400100000000000004020,in_transit,USPS,GroundAdvantage,5.91,0.00,5.91,,,m00000009581,
2025-10-08T16:17:01Z,shp_00003961,9400100000000000003961,delivered,USPS,Priority,8.93,0.00,8.93,,,SGW-7709466,
2025-10-08T16:32:28Z,shp_00003980,9400100000000000003980,delivered,USPS,GroundAdvantage,4.94,0.00,4.94,,,111-4009501-2327938,
2025-10-08T16:35:36Z,shp_00003939,9400100000000000003939,delivered,USPS,GroundAdvantage,7.62,0.00,7.62,,,13-09394-78637,
2025-10-08T16:56:49Z,shp_00003897,9400100000000000003897,unknown,USPS,GroundAdvantage,15.00,0.00,15.00,,refunded,23-09280-15800,
2025-10-08T17:02:21Z,shp_00003970,9400100000000000003970,delivered,USPS,Priority,9.02,0.00,9.02,,,SGW-7709485,
2025-10-08T17:05:11Z,shp_00003975,9400100000000000003975,delivered,USPS,GroundAdvantage,7.58,0.00,7.58,,,SGW-7709495,
2025-10-08T17:14:09Z,shp_00003917,9400100000000000003917,delivered,USPS,Priority,8.19,0.00,8.19,,,SGW-7709343,
2025-10-08T17:17:08Z,shp_00003954,9400100000000000003954,delivered,USPS,GroundAdvantage,9.27,0.00,9.27,,,SGW-7709452,
2025-10-08T17:18:32Z,shp_00003946,9400100000000000003946,in_transit,USPS,GroundAdvantage,6.07,0.00,6.07,,,m00000009425,
2025-10-08T17:26:06Z,shp_00003999,9400100000000000003999,delivered,USPS,GroundAdvantage,3.76,0.00,3.76,,,112-6709532-8504534,
2025-10-08T17:29:44Z,shp_00003989,9400100000000000003989,delivered,USPS,GroundAdvantage,3.31,0.00,3.31,,,114-3309515-5807997,
2025-10-08T17:46:57Z,shp_00003945,9400100000000000003945,delivered,USPS,GroundAdvantage,6.16,0.00,6.16,,,08-09420-97469,
2025-10-08T17:49:03Z,shp_00003957,9400100000000000003957,delivered,USPS,GroundAdvantage,9.09,0.00,9.09,,,SGW-7709460,
2025-10-08T17:50:12Z,shp_00003887,9400100000000000003887,delivered,USPS,GroundAdvantage,3.29,0.00,3.29,,,111-5109259-3672219,
2025-10-08T18:43:12Z,shp_00004014,9400100000000000004014,delivered,USPS,GroundAdvantage,5.97,0.00,5.97,,,22-09558-26855,
2025-10-08T18:44:42Z,shp_00004021,9400100000000000004021,delivered,USPS,Priority,6.59,0.00,6.59,,,m00000009582,
2025-10-08T18:50:46Z,shp_00004006,9400100000000000004006,delivered,USPS,GroundAdvantage,3.30,0.00,3.30,,,114-9209541-0690520,
2025-10-08T18:53:54Z,shp_00003973,9400100000000000003973,in_transit,USPS,Priority,7.66,0.00,7.66,,,SGW-7709490,
2025-10-08T19:03:43Z,shp_00003960,9400100000000000003960,delivered,USPS,GroundAdvantage,10.89,0.00,10.89,,,SGW-7709465,
2025-10-08T19:05:30Z,shp_00004007,9400100000000000004007,delivered,USPS,GroundAdvantage,3.36,0.00,3.36,,,112-7209542-5225889,
2025-10-08T19:24:24Z,shp_00003998,9400100000000000003998,delivered,USPS,GroundAdvantage,3.65,0.00,3.65,,,113-1709529-5016316,
2025-10-08T19:33:52Z,shp_00003953,9400100000000000003953,delivered,USPS,GroundAdvantage,10.85,0.00,10.85,,,SGW-7709446,
2025-10-08T19:44:38Z,shp_00003911,9400100000000000003911,delivered,USPS,Priority,10.14,0.00,10.14,,,SGW-7709324,
2025-10-08T19:47:14Z,shp_00003930,9400100000000000003930,delivered,USPS,GroundAdvantage,3.53,0.00,3.53,,,114-7209369-4705506,
2025-10-08T19:51:37Z,shp_00003991,9400100000000000003991,delivered,USPS,GroundAdvantage,3.68,0.00,3.68,,,112-4509517-7592494,
2025-10-08T19:52:48Z,shp_00003922,9400100000000000003922,delivered,USPS,Priority,3.71,0.00,3.71,,,112-3009358-3715271,
2025-10-08T19:55:45Z,shp_00003988,9400100000000000003988,in_transit,USPS,Priority,3.89,0.00,3.89,,,113-0609513-1590418,
2025-10-08T20:03:18Z,shp_00003996,9400100000000000003996,delivered,USPS,GroundAdvantage,3.40,0.00,3.40,,,114-4209525-0958875,
2025-10-08T20:07:20Z,shp_00003956,9400100000000000003956,delivered,USPS,GroundAdvantage,7.02,0.00,7.02,,,SGW-7709459,
2025-10-08T20:11:55Z,shp_00003862,9400100000000000003862,delivered,USPS,GroundAdvantage,6.22,0.00,6.22,,,SGW-7709220,
2025-10-08T20:27:06Z,shp_00003949,9400100000000000003949,delivered,USPS,GroundAdvantage,9.69,0.00,9.69,,,SGW-7709437,
2025-10-08T20:27:47Z,shp_00003985,9400100000000000003985,delivered,USPS,GroundAdvantage,5.66,0.00,5.66,,,112-5309506-8690126,
2025-10-08T20:38:28Z,shp_00003967,9400100000000000003967,delivered,USPS,Priority,10.13,0.00,10.13,,,SGW-7709479,
2025-10-08T20:39:18Z,shp_00003984,9400100000000000003984,delivered,USPS,GroundAdvantage,3.90,0.00,3.90,,,113-3109505-3034922,
2025-10-08T20:45:43Z,shp_00003983,9400100000000000003983,delivered,USPS,Priority,5.61,0.00,5.61,,,114-2509504-4432603,
2025-10-08T20:48:12Z,shp_00004002,9400100000000000004002,in_transit,USPS,GroundAdvantage,5.22,0.00,5.22,,,114-6109535-1407046,
2025-10-08T20:55:18Z,shp_00004004,9400100000000000004004,delivered,USPS,GroundAdvantage,3.69,0.00,3.69,,,112-9909539-9505316,
2025-10-08T20:58:47Z,shp_00003951,9400100000000000003951,delivered,USPS,GroundAdvantage,8.18,0.00,8.18,,,SGW-7709440,
2025-10-09T13:05:39Z,shp_00004072,9400100000000000004072,delivered,USPS,GroundAdvantage,4.85,0.00,4.85,,,20-09701-92285,
2025-10-09T13:13:20Z,shp_00004068,9400100000000000004068,delivered,USPS,GroundAdvantage,3.46,0.00,3.46,,,114-3109695-6634773,
2025-10-09T13:31:33Z,shp_00004017,9400100000000000004017,delivered,USPS,Priority,5.76,0.00,5.76,,,26-09572-81835,
2025-10-09T13:35:00Z,shp_00003952,9400100000000000003952,delivered,USPS,Priority,9.60,0.00,9.60,,,SGW-7709443,
2025-10-09T13:45:57Z,shp_00004030,9400100000000000004030,delivered,USPS,GroundAdvantage,12.40,0.00,12.40,,,SGW-7709616,
2025-10-09T13:51:06Z,shp_00003932,9400100000000000003932,delivered,USPS,GroundAdvantage,5.23,0.00,5.23,,,112-5009375-1112918,
2025-10-09T14:01:40Z,shp_00004025,9400100000000000004025,in_transit,USPS,Priority,14.26,0.00,14.26,,,SGW-7709607,
2025-10-09T14:04:47Z,shp_00004022,9400100000000000004022,delivered,USPS,GroundAdvantage,6.21,0.00,6.21,,,m00000009583,
2025-10-09T14:06:39Z,shp_00004046,9400100000000000004046,delivered,USPS,GroundAdvantage,8.76,0.00,8.76,,,SGW-7709649,
2025-10-09T14:19:39Z,shp_00004023,9400100000000000004023,delivered,USPS,GroundAdvantage,11.27,0.00,11.27,,,SGW-7709603,
2025-10-09T14:23:46Z,shp_00004000,9400100000000000004000,delivered,USPS,GroundAdvantage,3.40,0.00,3.40,,,111-5609533-3639438,
2025-10-09T14:35:06Z,shp_00004075,9400100000000000004075,delivered,USPS,GroundAdvantage,5.39,0.00,5.39,,,09-09710-71772,
2025-10-09T14:47:06Z,shp_00003962,9400100000000000003962,delivered,USPS,GroundAdvantage,8.02,0.00,8.02,,,SGW-7709468,
2025-10-09T14:47:36Z,shp_00003968,9400100000000000003968,delivered,USPS,GroundAdvantage,8.33,0.00,8.33,,,SGW-7709480,
2025-10-09T14:50:56Z,shp_00004064,9400100000000000004064,delivered,USPS,GroundAdvantage,3.88,0.00,3.88,,,111-3509689-2508371,
2025-10-09T14:56:46Z,shp_00003931,9400100000000000003931,in_transit,USPS,GroundAdvantage,5.59,0.00,5.59,,,113-8609370-2753823,
2025-10-09T15:00:08Z,shp_00004045,9400100000000000004045,delivered,USPS,GroundAdvantage,10.21,0.00,10.21,,,SGW-7709648,
2025-10-09T15:01:15Z,shp_00004080,9400100000000000004080,delivered,USPS,Priority,6.54,0.00,6.54,,,m00000009729,
2025-10-09T15:05:43Z,shp_00003964,9400100000000000003964,delivered,USPS,GroundAdvantage,9.96,0.00,9.96,,,SGW-7709472,
2025-10-09T15:10:06Z,shp_00004049,9400100000000000004049,delivered,USPS,GroundAdvantage,3.28,0.00,3.28,,,111-0809654-6587439,
2025-10-09T15:20:29Z,shp_00004034,9400100000000000004034,delivered,USPS,GroundAdvantage,13.69,0.00,13.69,,,SGW-7709625,
2025-10-09T15:27:25Z,shp_00004032,9400100000000000004032,delivered,USPS,GroundAdvantage,8.21,0.00,8.21,,,SGW-7709621,
2025-10-09T15:29:12Z,shp_00003950,9400100000000000003950,delivered,USPS,GroundAdvantage,10.68,0.00,10.68,,,SGW-7709439,
2025-10-09T16:03:01Z,shp_00004054,9400100000000000004054,delivered,USPS,Priority,3.74,0.00,3.74,,,114-2409668-4584751,
2025-10-09T16:06:34Z,shp_00004024,9400100000000000004024,in_transit,USPS,GroundAdvantage,11.02,0.00,11.02,,,SGW-7709605,
2025-10-09T16:21:42Z,shp_00004069,9400100000000000004069,delivered,USPS,GroundAdvantage,5.56,0.00,5.56,,,111-1709697-4696134,
2025-10-09T16:22:43Z,shp_00004019,9400100000000000004019,delivered,USPS,GroundAdvantage,6.78,0.00,6.78,,,m00000009579,
2025-10-09T16:38:00Z,shp_00004029,9400100000000000004029,delivered,USPS,Priority,19.92,0.00,19.92,,,SGW-7709615,
2025-10-09T16:39:17Z,shp_00004050,9400100000000000004050,delivered,USPS,GroundAdvantage,5.68,0.00,5.68,,,111-2909655-8492331,
2025-10-09T16:43:40Z,shp_00004048,9400100000000000004048,delivered,USPS,Priority,5.57,0.00,5.57,,,114-7709653-1507042,
2025-10-09T16:44:12Z,shp_00004074,9400100000000000004074,delivered,USPS,GroundAdvantage,8.32,0.00,8.32,,,14-09707-58198,
2025-10-09T16:46:27Z,shp_00004053,9400100000000000004053,delivered,USPS,GroundAdvantage,3.38,0.00,3.38,,,112-1109664-8339104,
2025-10-09T16:47:58Z,shp_00004041,9400100000000000004041,delivered,USPS,GroundAdvantage,8.66,0.00,8.66,,,SGW-7709638,
2025-10-09T16:54:06Z,shp_00004057,9400100000000000004057,in_transit,USPS,GroundAdvantage,5.83,0.00,5.83,,,114-2009672-5147734,
2025-10-09T17:00:58Z,shp_00004015,9400100000000000004015,delivered,USPS,Priority,4.59,0.00,4.59,,,24-09562-86417,
2025-10-09T17:15:44Z,shp_00003936,9400100000000000003936,delivered,USPS,Priority,3.40,0.00,3.40,,,114-9709388-2971939,
2025-10-09T17:16:26Z,shp_00004062,9400100000000000004062,delivered,USPS,GroundAdvantage,3.40,0.00,3.40,,,112-0609687-3969771,
2025-10-09T17:20:16Z,shp_00004073,9400100000000000004073,delivered,USPS,GroundAdvantage,4.48,0.00,4.48,,,09-09706-53636,
2025-10-09T17:40:50Z,shp_00004051,9400100000000000004051,delivered,USPS,GroundAdvantage,5.10,0.00,5.10,,,112-5409656-0595614,
2025-10-09T17:48:15Z,shp_00003994,9400100000000000003994,delivered,USPS,GroundAdvantage,5.10,0.00,5.10,,,112-0709521-6096653,
2025-10-09T17:51:33Z,shp_00004031,9400100000000000004031,delivered,USPS,Priority,18.40,0.00,18.40,,,SGW-7709619,
2025-10-09T18:02:15Z,shp_00004063,9400100000000000004063,delivered,USPS,GroundAdvantage,5.37,0.00,5.37,,,112-6909688-1819981,
2025-10-09T18:05:13Z,shp_00003986,9400100000000000003986,in_transit,USPS,GroundAdvantage,3.79,0.00,3.79,,,113-6009508-9027556,
2025-10-09T18:05:51Z,shp_00003963,9400100000000000003963,delivered,USPS,GroundAdvantage,5.73,0.00,5.73,,,SGW-7709470,
2025-10-09T18:13:55Z,shp_00004060,9400100000000000004060,delivered,USPS,Priority,3.35,0.00,3.35,,,114-0809681-9947731,
2025-10-09T18:15:38Z,shp_00003959,9400100000000000003959,delivered,USPS,GroundAdvantage,7.76,0.00,7.76,,,SGW-7709463,
2025-10-09T18:23:59Z,shp_00004044,9400100000000000004044,delivered,USPS,GroundAdvantage,7.81,0.00,7.81,,,SGW-7709647,
2025-10-09T18:25:13Z,shp_00004040,9400100000000000004040,delivered,USPS,Priority,8.07,0.00,8.07,,,SGW-7709637,
2025-10-09T18:31:59Z,shp_00004078,9400100000000000004078,delivered,USPS,GroundAdvantage,3.63,0.00,3.63,,,14-09725-30170,
2025-10-09T18:37:50Z,shp_00004052,9400100000000000004052,delivered,USPS,GroundAdvantage,3.81,0.00,3.81,,,111-4209660-3658672,
2025-10-09T19:03:52Z,shp_00004061,9400100000000000004061,delivered,USPS,GroundAdvantage,3.62,0.00,3.62,,,114-2809686-8582380,
2025-10-09T19:12:11Z,shp_00004010,9400100000000000004010,in_transit,USPS,GroundAdvantage,3.60,0.00,3.60,,,112-8609548-7393811,
2025-10-09T19:18:59Z,shp_00003992,9400100000000000003992,delivered,USPS,GroundAdvantage,3.51,0.00,3.51,,,112-4709518-8435966,
2025-10-09T19:29:55Z,shp_00004001,9400100000000000004001,delivered,USPS,GroundAdvantage,4.96,0.00,4.96,,,114-5809534-6879399,
2025-10-09T19:30:29Z,shp_00004066,9400100000000000004066,delivered,USPS,GroundAdvantage,5.38,0.00,5.38,,,114-2609691-2190235,
2025-10-09T19:30:42Z,shp_00004016,9400100000000000004016,delivered,USPS,GroundAdvantage,4.75,0.00,4.75,,,16-09565-29034,
2025-10-09T19:33:09Z,shp_00004055,9400100000000000004055,delivered,USPS,GroundAdvantage,3.80,0.00,3.80,,,114-6509669-4794866,
2025-10-09T19:35:42Z,shp_00004047,9400100000000000004047,delivered,USPS,GroundAdvantage,3.79,0.00,3.79,,,113-0709651-6285554,
2025-10-09T19:43:39Z,shp_00004035,9400100000000000004035,delivered,USPS,GroundAdvantage,12.54,0.00,12.54,,,SGW-7709628,
2025-10-09T19:57:38Z,shp_00004028,9400100000000000004028,unknown,USPS,GroundAdvantage,7.17,0.00,7.17,,refunded,SGW-7709612,
2025-10-09T20:11:10Z,shp_00003972,9400100000000000003972,in_transit,USPS,GroundAdvantage,8.27,0.00,8.27,,,SGW-7709489,
2025-10-09T20:16:38Z,shp_00004084,9400100000000000004084,delivered,USPS,GroundAdvantage,5.91,0.00,5.91,,,m00000009740,
2025-10-09T20:17:55Z,shp_00004083,9400100000000000004083,delivered,USPS,GroundAdvantage,6.70,0.00,6.70,,,m00000009736,
2025-10-09T20:30:42Z,shp_00004067,9400100000000000004067,delivered,USPS,GroundAdvantage,5.79,0.00,5.79,,,113-1609693-8833488,
2025-10-09T20:47:29Z,shp_00003955,9400100000000000003955,delivered,USPS,GroundAdvantage,8.44,0.00,8.44,,,SGW-7709454,
2025-10-09T20:53:06Z,shp_00004077,9400100000000000004077,delivered,USPS,GroundAdvantage,4.90,0.00,4.90,,,10-09720-18919,
2025-10-10T13:22:00Z,shp_00004086,9400100000000000004086,delivered,USPS,GroundAdvantage,12.11,0.00,12.11,,,SGW-7709756,
2025-10-10T13:45:00Z,shp_00004056,9400100000000000004056,delivered,USPS,GroundAdvantage,5.46,0.00,5.46,,,113-5309671-3983621,
2025-10-10T13:53:03Z,shp_00004110,9400100000000000004110,delivered,USPS,GroundAdvantage,3.50,0.00,3.50,,,111-4209823-8231907,
2025-10-10T13:58:04Z,shp_00004105,9400100000000000004105,in_transit,USPS,GroundAdvantage,3.84,0.00,3.84,,,113-9909816-0239699,
2025-10-10T13:58:29Z,shp_00004099,9400100000000000004099,delivered,USPS,Priority,8.65,0.00,8.65,,,SGW-7709804,
2025-10-10T14:13:41Z,shp_00004033,9400100000000000004033,delivered,USPS,GroundAdvantage,10.73,0.00,10.73,,,SGW-7709623,
2025-10-10T14:17:50Z,shp_00004119,9400100000000000004119,delivered,USPS,GroundAdvantage,3.30,0.00,3.30,,,111-6909844-7036231,
2025-10-10T14:30:15Z,shp_00004039,9400100000000000004039,delivered,USPS,GroundAdvantage,13.61,0.00,13.61,,,SGW-7709636,
2025-10-10T14:38:52Z,shp_00004114,9400100000000000004114,delivered,USPS,GroundAdvantage,5.59,0.00,5.59,,,114-0709835-5153806,
2025-10-10T14:43:21Z,shp_00004091,9400100000000000004091,delivered,USPS,GroundAdvantage,11.58,0.00,11.58,,,SGW-7709784,
2025-10-10T14:57:11Z,shp_00003982,9400100000000000003982,delivered,USPS,GroundAdvantage,3.50,0.00,3.50,,,112-3809503-1297862,
2025-10-10T14:57:46Z,shp_00004128,9400100000000000004128,unknown,USPS,Priority,6.43,0.00,6.43,,refunded,21-09874-83529,
2025-10-10T15:02:02Z,shp_00004037,9400100000000000004037,in_transit,USPS,GroundAdvantage,8.03,0.00,8.03,,,SGW-7709633,
2025-10-10T15:02:34Z,shp_00004090,9400100000000000004090,delivered,USPS,Priority,6.73,0.00,6.73,,,SGW-7709781,
2025-10-10T15:05:35Z,shp_00004130,9400100000000000004130,delivered,USPS,GroundAdvantage,7.71,0.00,7.71,,,07-09876-00116,
2025-10-10T15:14:19Z,shp_00004065,9400100000000000004065,delivered,USPS,Priority,3.40,0.00,3.40,,,114-6209690-1261765,
2025-10-10T15:20:02Z,shp_00004082,9400100000000000004082,delivered,USPS,GroundAdvantage,5.94,0.00,5.94,,,m00000009734,
2025-10-10T15:26:08Z,shp_00004026,9400100000000000004026,delivered,USPS,GroundAdvantage,8.43,0.00,8.43,,,SGW-7709608,
2025-10-10T15:43:25Z,shp_00004118,9400100000000000004118,delivered,USPS,GroundAdvantage,3.84,0.00,3.84,,,111-1509842-9776813,
2025-10-10T16:01:55Z,shp_00004097,9400100000000000004097,delivered,USPS,GroundAdvantage,7.64,0.00,7.64,,,SGW-7709797,
2025-10-10T16:04:16Z,shp_00004098,9400100000000000004098,delivered,USPS,GroundAdvantage,8.31,0.00,8.31,,,SGW-7709799,
2025-10-10T16:08:29Z,shp_00004129,9400100000000000004129,in_transit,USPS,GroundAdvantage,6.23,0.00,6.23,,,22-09875-48728,
2025-10-10T16:23:10Z,shp_00004070,9400100000000000004070,delivered,USPS,GroundAdvantage,3.53,0.00,3.53,,,113-5809698-5952131,
2025-10-10T16:26:09Z,shp_00004042,9400100000000000004042,delivered,USPS,GroundAdvantage,8.48,0.00,8.48,,,SGW-7709641,
2025-10-10T16:32:22Z,shp_00003969,9400100000000000003969,delivered,USPS,Priority,7.19,0.00,7.19,,,SGW-7709483,
2025-10-10T16:44:04Z,shp_00004126,9400100000000000004126,unknown,USPS,Priority,3.78,0.00,3.78,,refunded,111-6309856-2795884,
2025-10-10T16:47:54Z,shp_00004094,9400100000000000004094,delivered,USPS,Priority,7.63,0.00,7.63,,,SGW-7709789,
2025-10-10T16:56:52Z,shp_00004079,9400100000000000004079,delivered,USPS,GroundAdvantage,7.20,0.00,7.20,,,05-09728-51805,
2025-10-10T17:00:51Z,shp_00004076,9400100000000000004076,delivered,USPS,Priority,3.63,0.00,3.63,,,25-09718-35387,
2025-10-10T17:02:27Z,shp_00004103,9400100000000000004103,delivered,USPS,GroundAdvantage,8.13,0.00,8.13,,,SGW-7709810,
2025-10-10T17:24:24Z,shp_00004009,9400100000000000004009,in_transit,USPS,Priority,5.43,0.00,5.43,,,111-4009546-0850413,
2025-10-10T17:26:36Z,shp_00004087,9400100000000000004087,delivered,USPS,GroundAdvantage,13.03,0.00,13.03,,,SGW-7709774,
2025-10-10T17:28:02Z,shp_00004134,9400100000000000004134,delivered,USPS,GroundAdvantage,6.12,0.00,6.12,,,m00000009887,
2025-10-10T17:28:25Z,shp_00004131,9400100000000000004131,delivered,USPS,GroundAdvantage,6.33,0.00,6.33,,,m00000009877,
2025-10-10T17:47:00Z,shp_00004093,9400100000000000004093,delivered,USPS,GroundAdvantage,13.32,0.00,13.32,,,SGW-7709788,
2025-10-10T17:51:24Z,shp_00003979,9400100000000000003979,delivered,USPS,GroundAdvantage,3.84,0.00,3.84,,,111-2209499-8906814,
2025-10-10T17:52:40Z,shp_00004108,9400100000000000004108,delivered,USPS,Priority,3.51,0.00,3.51,,,111-5609820-8016797,
2025-10-10T17:54:32Z,shp_00003966,9400100000000000003966,delivered,USPS,GroundAdvantage,10.01,0.00,10.01,,,SGW-7709476,
2025-10-10T18:05:55Z,shp_00004101,9400100000000000004101,delivered,USPS,GroundAdvantage,27.36,0.00,27.36,,,SGW-7709806,
2025-10-10T18:26:30Z,shp_00004038,9400100000000000004038,in_transit,USPS,GroundAdvantage,10.89,0.00,10.89,,,SGW-7709635,
2025-10-10T18:52:38Z,shp_00004111,9400100000000000004111,delivered,USPS,GroundAdvantage,3.39,0.00,3.39,,,112-7009826-3178739,
2025-10-10T18:56:04Z,shp_00004120,9400100000000000004120,delivered,USPS,Priority,5.40,0.00,5.40,,,112-1309847-9140497,
2025-10-10T19:10:42Z,shp_00004127,9400100000000000004127,delivered,USPS,GroundAdvantage,3.20,0.00,3.20,,,02-09864-09445,
2025-10-10T19:15:42Z,shp_00004117,9400100000000000004117,delivered,USPS,GroundAdvantage,3.33,0.00,3.33,,,111-6709841-5894865,
2025-10-10T19:25:42Z,shp_00004059,9400100000000000004059,delivered,USPS,GroundAdvantage,3.61,0.00,3.61,,,111-0409680-1491355,
2025-10-10T19:32:37Z,shp_00004132,9400100000000000004132,delivered,USPS,GroundAdvantage,6.73,0.00,6.73,,,m00000009880,
2025-10-10T19:44:15Z,shp_00004113,9400100000000000004113,delivered,USPS,GroundAdvantage,3.58,0.00,3.58,,,112-0109833-7341403,
2025-10-10T19:58:23Z,shp_00004133,9400100000000000004133,delivered,USPS,GroundAdvantage,6.44,0.00,6.44,,,m00000009881,
2025-10-10T20:15:46Z,shp_00003997,9400100000000000003997,in_transit,USPS,GroundAdvantage,3.85,0.00,3.85,,,113-2009526-4409736,
2025-10-10T20:18:45Z,shp_00004115,9400100000000000004115,delivered,USPS,Priority,3.79,0.00,3.79,,,114-2609836-3735850,
2025-10-10T20:19:21Z,shp_00004106,9400100000000000004106,delivered,USPS,GroundAdvantage,3.47,0.00,3.47,,,114-6009818-7024707,
2025-10-10T20:20:42Z,shp_00004027,9400100000000000004027,delivered,USPS,Priority,12.56,0.00,12.56,,,SGW-7709610,
2025-10-10T20:23:39Z,shp_00004116,9400100000000000004116,delivered,USPS,Priority,3.45,0.00,3.45,,,114-5709840-2890159,
2025-10-10T20:28:20Z,shp_00004089,9400100000000000004089,delivered,USPS,GroundAdvantage,11.32,0.00,11.32,,,SGW-7709780,
2025-10-10T20:31:15Z,shp_00004058,9400100000000000004058,delivered,USPS,GroundAdvantage,3.29,0.00,3.29,,,114-2309676-6910440,
2025-10-10T20:32:22Z,shp_00004071,9400100000000000004071,delivered,USPS,GroundAdvantage,3.81,0.00,3.81,,,114-3109699-3545651,
2025-10-10T20:42:29Z,shp_00004092,9400100000000000004092,delivered,USPS,GroundAdvantage,8.87,0.00,8.87,,,SGW-7709785,
2025-10-10T20:45:08Z,shp_00004085,9400100000000000004085,in_transit,USPS,GroundAdvantage,8.59,0.00,8.59,,,SGW-7709753,
2025-10-11T13:04:36Z,shp_00004141,9400100000000000004141,delivered,USPS,Priority,14.43,0.00,14.43,,,SGW-7709915,
2025-10-11T13:08:31Z,shp_00004157,9400100000000000004157,delivered,USPS,GroundAdvantage,13.04,0.00,13.04,,,SGW-7709952,
2025-10-11T14:00:51Z,shp_00004185,9400100000000000004185,delivered,USPS,GroundAdvantage,3.37,0.00,3.37,,,114-3909994-4543297,
2025-10-11T14:03:51Z,shp_00004176,9400100000000000004176,delivered,USPS,Priority,3.82,0.00,3.82,,,112-0209980-9158574,
2025-10-11T14:14:58Z,shp_00004096,9400100000000000004096,delivered,USPS,Priority,10.44,0.00,10.44,,,SGW-7709795,
2025-10-11T14:15:37Z,shp_00004196,9400100000000000004196,delivered,USPS,GroundAdvantage,7.56,0.00,7.56,,,02-10018-16941,
2025-10-11T14:32:27Z,shp_00004192,9400100000000000004192,delivered,USPS,GroundAdvantage,10.00,0.00,10.00,,,05-10011-17903,
2025-10-11T14:41:57Z,shp_00004179,9400100000000000004179,delivered,USPS,GroundAdvantage,3.30,0.00,3.30,,,111-2909984-9937459,
2025-10-11T14:47:07Z,shp_00004170,9400100000000000004170,in_transit,USPS,GroundAdvantage,5.77,0.00,5.77,,,111-9809973-1654482,
2025-10-11T14:51:36Z,shp_00004107,9400100000000000004107,delivered,USPS,GroundAdvantage,5.26,0.00,5.26,,,112-1609819-7487863,
2025-10-11T14:53:59Z,shp_00004194,9400100000000000004194,delivered,USPS,GroundAdvantage,3.74,0.00,3.74,,,27-10015-11535,
2025-10-11T15:02:03Z,shp_00004181,9400100000000000004181,delivered,USPS,GroundAdvantage,3.80,0.00,3.80,,,114-7909987-9876888,
2025-10-11T15:05:20Z,shp_00004178,9400100000000000004178,delivered,USPS,GroundAdvantage,3.31,0.00,3.31,,,111-9209983-6855668,
2025-10-11T15:07:21Z,shp_00004081,9400100000000000004081,delivered,USPS,GroundAdvantage,6.29,0.00,6.29,,,m00000009732,
2025-10-11T15:07:35Z,shp_00004136,9400100000000000004136,delivered,USPS,GroundAdvantage,15.01,0.00,15.01,,,SGW-7709908,
2025-10-11T15:48:15Z,shp_00004135,9400100000000000004135,delivered,USPS,GroundAdvantage,7.82,0.00,7.82,,,SGW-7709905,
2025-10-11T16:02:20Z,shp_00004100,9400100000000000004100,delivered,USPS,GroundAdvantage,14.81,0.00,14.81,,,SGW-7709805,
2025-10-11T16:02:50Z,shp_00004147,9400100000000000004147,in_transit,USPS,Priority,16.39,0.00,16.39,,,SGW-7709930,
2025-10-11T16:03:32Z,shp_00004152,9400100000000000004152,delivered,USPS,GroundAdvantage,13.70,0.00,13.70,,,SGW-7709938,
2025-10-11T16:05:27Z,shp_00004125,9400100000000000004125,delivered,USPS,GroundAdvantage,3.54,0.00,3.54,,,111-0609853-8320066,
2025-10-11T16:08:39Z,shp_00004088,9400100000000000004088,delivered,USPS,GroundAdvantage,10.85,0.00,10.85,,,SGW-7709775,
2025-10-11T16:10:41Z,shp_00004197,9400100000000000004197,delivered,USPS,GroundAdvantage,6.28,0.00,6.28,,,23-10022-49030,
2025-10-11T16:16:33Z,shp_00004112,9400100000000000004112,delivered,USPS,GroundAdvantage,3.86,0.00,3.86,,,113-5609828-8885794,
2025-10-11T16:34:32Z,shp_00004154,9400100000000000004154,delivered,USPS,GroundAdvantage,9.64,0.00,9.64,,,SGW-7709946,
2025-10-11T16:36:20Z,shp_00004174,9400100000000000004174,delivered,USPS,GroundAdvantage,3.66,0.00,3.66,,,112-5609978-3051300,
2025-10-11T16:37:11Z,shp_00004122,9400100000000000004122,delivered,USPS,GroundAdvantage,3.88,0.00,3.88,,,113-6909849-2742640,
2025-10-11T17:00:13Z,shp_00004183,9400100000000000004183,in_transit,USPS,GroundAdvantage,3.60,0.00,3.60,,,113-1309989-0960788,
2025-10-11T17:00:27Z,shp_00004167,9400100000000000004167,delivered,USPS,GroundAdvantage,3.28,0.00,3.28,,,111-1009970-5995808,
2025-10-11T17:42:34Z,shp_00004189,9400100000000000004189,delivered,USPS,Priority,3.57,0.00,3.57,,,113-2509998-3856003,
2025-10-11T17:57:05Z,shp_00004121,9400100000000000004121,delivered,USPS,GroundAdvantage,3.72,0.00,3.72,,,113-3309848-6889920,
2025-10-11T18:09:13Z,shp_00004160,9400100000000000004160,delivered,USPS,GroundAdvantage,5.39,0.00,5.39,,,114-6109957-1376650,
2025-10-11T18:09:14Z,shp_00004171,9400100000000000004171,delivered,USPS,GroundAdvantage,3.40,0.00,3.40,,,111-3009974-0800269,
2025-10-11T18:34:15Z,shp_00004143,9400100000000000004143,delivered,USPS,GroundAdvantage,6.92,0.00,6.92,,,SGW-7709922,
2025-10-11T18:37:25Z,shp_00004162,9400100000000000004162,delivered,USPS,Priority,3.59,0.00,3.59,,,113-9209962-0269822,
2025-10-11T18:47:59Z,shp_00004161,9400100000000000004161,delivered,USPS,GroundAdvantage,3.91,0.00,3.91,,,114-5109961-4806555,
2025-10-11T18:51:24Z,shp_00004159,9400100000000000004159,in_transit,USPS,GroundAdvantage,14.31,0.00,14.31,,,SGW-7709954,
2025-10-11T18:55:11Z,shp_00004043,9400100000000000004043,delivered,USPS,Priority,7.49,0.00,7.49,,,SGW-7709643,
2025-10-11T19:03:17Z,shp_00004158,9400100000000000004158,delivered,USPS,GroundAdvantage,13.08,0.00,13.08,,,SGW-7709953,
2025-10-11T19:20:23Z,shp_00004144,9400100000000000004144,delivered,USPS,GroundAdvantage,7.83,0.00,7.83,,,SGW-7709923,
2025-10-11T19:29:59Z,shp_00004191,9400100000000000004191,delivered,USPS,GroundAdvantage,5.17,0.00,5.17,,,06-10006-81301,
2025-10-11T19:31:29Z,shp_00004123,9400100000000000004123,unknown,USPS,GroundAdvantage,5.76,0.00,5.76,,refunded,113-4809850-3298500,
2025-10-11T19:35:17Z,shp_00004193,9400100000000000004193,delivered,USPS,GroundAdvantage,8.37,0.00,8.37,,,06-10012-20764,
2025-10-11T19:35:28Z,shp_00004198,9400100000000000004198,delivered,USPS,GroundAdvantage,9.06,0.00,9.06,,,21-10025-59060,
2025-10-11T19:40:58Z,shp_00004102,9400100000000000004102,delivered,USPS,GroundAdvantage,8.07,0.00,8.07,,,SGW-7709809,
2025-10-11T19:43:42Z,shp_00004155,9400100000000000004155,in_transit,USPS,GroundAdvantage,11.48,0.00,11.48,,,SGW-7709948,
2025-10-11T19:45:56Z,shp_00004164,9400100000000000004164,delivered,USPS,GroundAdvantage,5.54,0.00,5.54,,,112-6709965-3651618,
2025-10-11T19:51:18Z,shp_00004146,9400100000000000004146,delivered,USPS,GroundAdvantage,10.70,0.00,10.70,,,SGW-7709929,
2025-10-11T19:51:56Z,shp_00004036,9400100000000000004036,delivered,USPS,GroundAdvantage,11.12,0.00,11.12,,,SGW-7709630,
2025-10-11T19:51:58Z,shp_00004199,9400100000000000004199,delivered,USPS,GroundAdvantage,4.21,0.00,4.21,,,05-10026-72594,
2025-10-11T19:59:49Z,shp_00004145,9400100000000000004145,delivered,USPS,Priority,10.75,0.00,10.75,,,SGW-7709924,
2025-10-11T20:10:05Z,shp_00004104,9400100000000000004104,delivered,USPS,GroundAdvantage,10.62,0.00,10.62,,,SGW-7709812,
2025-10-11T20:15:44Z,shp_00004180,9400100000000000004180,delivered,USPS,GroundAdvantage,3.49,0.00,3.49,,,112-9209986-9361842,
2025-10-11T20:20:34Z,shp_00004124,9400100000000000004124,delivered,USPS,GroundAdvantage,3.82,0.00,3.82,,,111-0809851-2135970,
2025-10-11T20:21:36Z,shp_00004168,9400100000000000004168,in_transit,USPS,GroundAdvantage,3.44,0.00,3.44,,,113-6409971-3649765,
2025-10-11T20:25:28Z,shp_00004140,9400100000000000004140,delivered,USPS,GroundAdvantage,8.34,0.00,8.34,,,SGW-7709913,
2025-10-11T20:33:58Z,shp_00004139,9400100000000000004139,delivered,USPS,GroundAdvantage,10.68,0.00,10.68,,,SGW-7709911,
2025-10-11T20:42:31Z,shp_00004109,9400100000000000004109,delivered,USPS,GroundAdvantage,3.67,0.00,3.67,,,111-7409821-4255182,
2025-10-11T20:43:37Z,shp_00004163,9400100000000000004163,delivered,USPS,Priority,3.42,0.00,3.42,,,113-7009963-3078808,
2025-10-11T20:49:30Z,shp_00004190,9400100000000000004190,delivered,USPS,GroundAdvantage,5.63,0.00,5.63,,,114-6609999-1912785,
2025-10-11T20:50:06Z,shp_00004186,9400100000000000004186,delivered,USPS,Priority,3.75,0.00,3.75,,,113-1609995-8260454,
2025-10-11T20:58:49Z,shp_00004195,9400100000000000004195,unknown,USPS,GroundAdvantage,15.42,0.00,15.42,,refunded,03-10017-09528,
2025-10-12T13:03:01Z,shp_00004095,9400100000000000004095,delivered,USPS,GroundAdvantage,10.74,0.00,10.74,,,SGW-7709791,
2025-10-12T13:08:00Z,shp_00004235,9400100000000000004235,in_transit,USPS,Priority,5.78,0.00,5.78,,,114-9910126-1521069,
2025-10-12T13:18:00Z,shp_00004221,9400100000000000004221,delivered,USPS,Priority,11.39,0.00,11.39,,,SGW-7710099,
2025-10-12T13:24:30Z,shp_00004205,9400100000000000004205,delivered,USPS,GroundAdvantage,16.80,0.00,16.80,,,SGW-7710056,
2025-10-12T13:25:44Z,shp_00004250,9400100000000000004250,delivered,USPS,Priority,3.36,0.00,3.36,,,114-3210157-0753345,
2025-10-12T13:36:58Z,shp_00004240,9400100000000000004240,delivered,USPS,GroundAdvantage,3.75,0.00,3.75,,,112-6110140-8380009,
2025-10-12T13:40:06Z,shp_00004253,9400100000000000004253,delivered,USPS,GroundAdvantage,4.36,0.00,4.36,,,08-10168-39104,
2025-10-12T13:55:56Z,shp_00004223,9400100000000000004223,delivered,USPS,GroundAdvantage,3.43,0.00,3.43,,,111-1410105-3489878,
2025-10-12T14:00:36Z,shp_00004247,9400100000000000004247,delivered,USPS,GroundAdvantage,5.50,0.00,5.50,,,114-5110151-6890078,
2025-10-12T14:02:06Z,shp_00004153,9400100000000000004153,delivered,USPS,GroundAdvantage,8.09,0.00,8.09,,,SGW-7709945,
2025-10-12T14:04:23Z,shp_00004248,9400100000000000004248,in_transit,USPS,GroundAdvantage,3.81,0.00,3.81,,,112-3710152-4372273,
2025-10-12T14:09:31Z,shp_00004232,9400100000000000004232,delivered,USPS,GroundAdvantage,3.71,0.00,3.71,,,111-5010122-5035419,
2025-10-12T14:29:13Z,shp_00004237,9400100000000000004237,unknown,USPS,GroundAdvantage,5.74,0.00,5.74,,refunded,114-6810131-4558200,
2025-10-12T14:39:14Z,shp_00004210,9400100000000000004210,delivered,USPS,GroundAdvantage,11.55,0.00,11.55,,,SGW-7710066,
2025-10-12T14:39:42Z,shp_00004243,9400100000000000004243,delivered,USPS,Priority,3.90,0.00,3.90,,,112-0410144-4183319,
2025-10-12T14:44:04Z,shp_00004246,9400100000000000004246,delivered,USPS,GroundAdvantage,3.35,0.00,3.35,,,113-1410147-6232249,
2025-10-12T14:44:18Z,shp_00004177,9400100000000000004177,delivered,USPS,GroundAdvantage,5.55,0.00,5.55,,,113-1309982-6936055,
2025-10-12T14:45:24Z,shp_00004187,9400100000000000004187,delivered,USPS,GroundAdvantage,3.83,0.00,3.83,,,114-9909996-3176079,
2025-10-12T15:02:43Z,shp_00004203,9400100000000000004203,delivered,USPS,GroundAdvantage,12.68,0.00,12.68,,,SGW-7710051,
2025-10-12T15:07:22Z,shp_00004151,9400100000000000004151,in_transit,USPS,GroundAdvantage,11.80,0.00,11.80,,,SGW-7709935,
2025-10-12T15:09:04Z,shp_00004244,9400100000000000004244,delivered,USPS,Priority,3.30,0.00,3.30,,,114-9510145-0573159,
2025-10-12T15:16:28Z,shp_00004211,9400100000000000004211,delivered,USPS,Priority,15.72,0.00,15.72,,,SGW-7710069,
2025-10-12T15:20:58Z,shp_00004256,9400100000000000004256,delivered,USPS,GroundAdvantage,4.62,0.00,4.62,,,01-10179-68963,
2025-10-12T15:35:58Z,shp_00004173,9400100000000000004173,delivered,USPS,Priority,3.45,0.00,3.45,,,114-9209977-0488500,
2025-10-12T15:45:48Z,shp_00004230,9400100000000000004230,delivered,USPS,GroundAdvantage,5.28,0.00,5.28,,,114-5010118-1021084,
2025-10-12T15:51:39Z,shp_00004137,9400100000000000004137,delivered,USPS,Priority,6.90,0.00,6.90,,,SGW-7709909,
2025-10-12T15:52:24Z,shp_00004216,9400100000000000004216,delivered,USPS,GroundAdvantage,7.26,0.00,7.26,,,SGW-7710084,
2025-10-12T16:07:26Z,shp_00004138,9400100000000000004138,delivered,USPS,GroundAdvantage,12.55,0.00,12.55,,,SGW-7709910,
2025-10-12T16:17:58Z,shp_00004260,9400100000000000004260,unknown,USPS,Priority,6.63,0.00,6.63,,refunded,m00000010185,
2025-10-12T16:19:49Z,shp_00004149,9400100000000000004149,delivered,USPS,GroundAdvantage,6.26,0.00,6.26,,,SGW-7709933,
2025-10-12T16:23:46Z,shp_00004245,9400100000000000004245,delivered,USPS,Priority,3.68,0.00,3.68,,,114-7310146-9607867,
2025-10-12T16:28:24Z,shp_00004217,9400100000000000004217,delivered,USPS,GroundAdvantage,9.10,0.00,9.10,,,SGW-7710086,
2025-10-12T16:41:52Z,shp_00004184,9400100000000000004184,delivered,USPS,GroundAdvantage,3.32,0.00,3.32,,,112-0009990-0855785,
2025-10-12T16:43:09Z,shp_00004254,9400100000000000004254,delivered,USPS,Priority,8.77,0.00,8.77,,,08-10174-07934,
2025-10-12T16:43:18Z,shp_00004229,9400100000000000004229,delivered,USPS,GroundAdvantage,5.02,0.00,5.02,,,113-9710115-4192898,
2025-10-12T16:44:54Z,shp_00004200,9400100000000000004200,delivered,USPS,GroundAdvantage,6.22,0.00,6.22,,,m00000010031,
2025-10-12T17:04:29Z,shp_00004234,9400100000000000004234,delivered,USPS,GroundAdvantage,5.46,0.00,5.46,,,112-6010125-4754717,
2025-10-12T17:10:32Z,shp_00004233,9400100000000000004233,in_transit,USPS,Priority,5.39,0.00,5.39,,,112-5110123-1088723,
2025-10-12T17:10:47Z,shp_00004231,9400100000000000004231,delivered,USPS,Priority,5.28,0.00,5.28,,,111-2710121-4723533,
2025-10-12T17:21:27Z,shp_00004214,9400100000000000004214,delivered,USPS,GroundAdvantage,6.01,0.00,6.01,,,SGW-7710079,
2025-10-12T17:28:09Z,shp_00004255,9400100000000000004255,delivered,USPS,Priority,9.44,0.00,9.44,,,25-10177-21409,
2025-10-12T17:31:16Z,shp_00004166,9400100000000000004166,delivered,USPS,GroundAdvantage,3.42,0.00,3.42,,,111-0309969-1384288,
2025-10-12T17:31:56Z,shp_00004182,9400100000000000004182,delivered,USPS,GroundAdvantage,3.73,0.00,3.73,,,114-8909988-5311822,
2025-10-12T17:41:06Z,shp_00004207,9400100000000000004207,delivered,USPS,Priority,7.65,0.00,7.65,,,SGW-7710059,
2025-10-12T18:11:27Z,shp_00004226,9400100000000000004226,delivered,USPS,GroundAdvantage,4.98,0.00,4.98,,,111-2310109-5482938,
2025-10-12T18:18:57Z,shp_00004172,9400100000000000004172,delivered,USPS,GroundAdvantage,3.39,0.00,3.39,,,112-8809976-6074985,
2025-10-12T18:33:20Z,shp_00004238,9400100000000000004238,in_transit,USPS,GroundAdvantage,3.28,0.00,3.28,,,113-4910132-8101191,
2025-10-12T18:43:47Z,shp_00004201,9400100000000000004201,delivered,USPS,Priority,8.13,0.00,8.13,,,SGW-7710048,
2025-10-12T19:06:14Z,shp_00004258,9400100000000000004258,delivered,USPS,Priority,5.33,0.00,5.33,,,12-10183-92034,
2025-10-12T19:35:49Z,shp_00004142,9400100000000000004142,delivered,USPS,GroundAdvantage,7.27,0.00,7.27,,,SGW-7709921,
2025-10-12T20:18:51Z,shp_00004219,9400100000000000004219,delivered,USPS,GroundAdvantage,10.57,0.00,10.57,,,SGW-7710092,
2025-10-12T20:25:46Z,shp_00004202,9400100000000000004202,delivered,USPS,GroundAdvantage,5.98,0.00,5.98,,,SGW-7710050,
2025-10-12T20:37:03Z,shp_00004165,9400100000000000004165,delivered,USPS,Priority,3.50,0.00,3.50,,,112-3709968-2290439,
2025-10-12T20:42:23Z,shp_00004218,9400100000000000004218,delivered,USPS,GroundAdvantage,10.64,0.00,10.64,,,SGW-7710091,
2025-10-12T20:44:02Z,shp_00004227,9400100000000000004227,delivered,USPS,Priority,5.68,0.00,5.68,,,112-4910112-6949804,
2025-10-12T20:44:17Z,shp_00004252,9400100000000000004252,in_transit,USPS,Priority,3.52,0.00,3.52,,,114-2810163-0701517,
2025-10-12T20:52:35Z,shp_00004209,9400100000000000004209,delivered,USPS,Priority,12.44,0.00,12.44,,,SGW-7710062,
2025-10-12T20:56:14Z,shp_00004175,9400100000000000004175,delivered,USPS,Priority,5.11,0.00,5.11,,,113-1109979-5701100,
2025-10-13T13:09:32Z,shp_00004297,9400100000000000004297,delivered,USPS,Priority,5.53,0.00,5.53,,,111-7810293-0407552,
2025-10-13T13:20:02Z,shp_00004299,9400100000000000004299,delivered,USPS,GroundAdvantage,3.83,0.00,3.83,,,111-5710295-5037852,
2025-10-13T13:24:23Z,shp_00004222,9400100000000000004222,delivered,USPS,Priority,7.61,0.00,7.61,,,SGW-7710100,
2025-10-13T13:46:13Z,shp_00004304,9400100000000000004304,delivered,USPS,GroundAdvantage,3.50,0.00,3.50,,,112-5910303-2990895,
2025-10-13T13:46:16Z,shp_00004295,9400100000000000004295,delivered,USPS,Priority,5.08,0.00,5.08,,,111-1410289-9174226,
2025-10-13T13:59:24Z,shp_00004302,9400100000000000004302,delivered,USPS,GroundAdvantage,3.39,0.00,3.39,,,112-6510301-1658501,
2025-10-13T14:19:11Z,shp_00004270,9400100000000000004270,in_transit,USPS,Priority,14.01,0.00,14.01,,,SGW-7710228,
2025-10-13T14:31:37Z,shp_00004296,9400100000000000004296,delivered,USPS,GroundAdvantage,5.03,0.00,5.03,,,114-8210292-0733447,
2025-10-13T14:35:53Z,shp_00004303,9400100000000000004303,delivered,USPS,Priority,3.76,0.00,3.76,,,111-1610302-8601463,
2025-10-13T14:38:57Z,shp_00004292,9400100000000000004292,delivered,USPS,GroundAdvantage,3.35,0.00,3.35,,,113-0410284-2839923,
2025-10-13T14:50:28Z,shp_00004239,9400100000000000004239,delivered,USPS,GroundAdvantage,3.72,0.00,3.72,,,114-4010135-1393020,
2025-10-13T14:54:09Z,shp_00004262,9400100000000000004262,delivered,USPS,GroundAdvantage,6.75,0.00,6.75,,,SGW-7710206,
2025-10-13T14:58:19Z,shp_00004204,9400100000000000004204,delivered,USPS,GroundAdvantage,11.19,0.00,11.19,,,SGW-7710054,
2025-10-13T14:59:50Z,shp_00004251,9400100000000000004251,delivered,USPS,GroundAdvantage,3.35,0.00,3.35,,,113-2010160-3906373,
2025-10-13T15:00:34Z,shp_00004300,9400100000000000004300,delivered,USPS,GroundAdvantage,3.62,0.00,3.62,,,111-0310296-6589160,
2025-10-13T15:03:18Z,shp_00004266,9400100000000000004266,in_transit,USPS,GroundAdvantage,6.46,0.00,6.46,,,SGW-7710221,
2025-10-13T15:07:43Z,shp_00004259,9400100000000000004259,delivered,USPS,GroundAdvantage,6.09,0.00,6.09,,,m00000010184,
2025-10-13T15:10:18Z,shp_00004265,9400100000000000004265,delivered,USPS,GroundAdvantage,7.66,0.00,7.66,,,SGW-7710211,
2025-10-13T15:10:58Z,shp_00004277,9400100000000000004277,delivered,USPS,GroundAdvantage,8.20,0.00,8.20,,,SGW-7710241,
2025-10-13T15:12:15Z,shp_00004298,9400100000000000004298,delivered,USPS,Priority,3.77,0.00,3.77,,,112-5310294-1952918,
2025-10-13T15:21:26Z,shp_00004148,9400100000000000004148,delivered,USPS,GroundAdvantage,9.97,0.00,9.97,,,SGW-7709931,
2025-10-13T15:25:13Z,shp_00004284,9400100000000000004284,delivered,USPS,GroundAdvantage,6.44,0.00,6.44,,,SGW-7710264,
2025-10-13T15:31:11Z,shp_00004282,9400100000000000004282,delivered,USPS,Priority,6.27,0.00,6.27,,,SGW-7710257,
2025-10-13T15:37:47Z,shp_00004241,9400100000000000004241,delivered,USPS,GroundAdvantage,5.66,0.00,5.66,,,112-7910141-0710117,
2025-10-13T15:51:09Z,shp_00004275,9400100000000000004275,in_transit,USPS,GroundAdvantage,8.73,0.00,8.73,,,SGW-7710234,
2025-10-13T15:55:10Z,shp_00004269,9400100000000000004269,delivered,USPS,GroundAdvantage,9.68,0.00,9.68,,,SGW-7710227,
2025-10-13T16:19:56Z,shp_00004290,9400100000000000004290,delivered,USPS,GroundAdvantage,3.86,0.00,3.86,,,112-5410281-8840764,
2025-10-13T16:24:37Z,shp_00004261,9400100000000000004261,delivered,USPS,Priority,6.78,0.00,6.78,,,m00000010191,
2025-10-13T16:28:15Z,shp_00004249,9400100000000000004249,delivered,USPS,GroundAdvantage,3.32,0.00,3.32,,,111-2310155-3800258,
2025-10-13T16:41:01Z,shp_00004220,9400100000000000004220,delivered,USPS,GroundAdvantage,12.30,0.00,12.30,,,SGW-7710096,
2025-10-13T16:43:49Z,shp_00004228,9400100000000000004228,delivered,USPS,GroundAdvantage,3.28,0.00,3.28,,,114-5710114-9879010,
2025-10-13T17:09:31Z,shp_00004272,9400100000000000004272,delivered,USPS,GroundAdvantage,12.24,0.00,12.24,,,SGW-7710231,
2025-10-13T17:17:51Z,shp_00004224,9400100000000000004224,delivered,USPS,GroundAdvantage,3.35,0.00,3.35,,,114-8310106-2052123,
2025-10-13T17:28:16Z,shp_00004294,9400100000000000004294,in_transit,USPS,GroundAdvantage,5.42,0.00,5.42,,,114-8010288-7563993,
2025-10-13T17:35:53Z,shp_00004213,9400100000000000004213,delivered,USPS,GroundAdvantage,10.87,0.00,10.87,,,SGW-7710078,
2025-10-13T17:36:17Z,shp_00004283,9400100000000000004283,delivered,USPS,Priority,7.15,0.00,7.15,,,SGW-7710261,
2025-10-13T17:39:30Z,shp_00004273,9400100000000000004273,delivered,USPS,GroundAdvantage,10.25,0.00,10.25,,,SGW-7710232,
2025-10-13T17:44:26Z,shp_00004289,9400100000000000004289,delivered,USPS,GroundAdvantage,3.63,0.00,3.63,,,112-2510280-1566824,
2025-10-13T17:52:58Z,shp_00004150,9400100000000000004150,delivered,USPS,Priority,12.50,0.00,12.50,,,SGW-7709934,
2025-10-13T17:55:35Z,shp_00004281,9400100000000000004281,delivered,USPS,GroundAdvantage,7.48,0.00,7.48,,,SGW-7710250,
2025-10-13T18:04:25Z,shp_00004268,9400100000000000004268,delivered,USPS,GroundAdvantage,8.93,0.00,8.93,,,SGW-7710225,
2025-10-13T18:05:37Z,shp_00004188,9400100000000000004188,delivered,USPS,Priority,5.17,0.00,5.17,,,113-7009997-4368972,
2025-10-13T18:14:49Z,shp_00004206,9400100000000000004206,in_transit,USPS,GroundAdvantage,5.39,0.00,5.39,,,SGW-7710057,
2025-10-13T18:16:37Z,shp_00004215,9400100000000000004215,delivered,USPS,Priority,9.46,0.00,9.46,,,SGW-7710081,
2025-10-13T18:20:29Z,shp_00004257,9400100000000000004257,delivered,USPS,Priority,5.35,0.00,5.35,,,17-10181-32597,
2025-10-13T18:27:14Z,shp_00004276,9400100000000000004276,delivered,USPS,GroundAdvantage,9.91,0.00,9.91,,,SGW-7710239,
2025-10-13T18:37:58Z,shp_00004242,9400100000000000004242,delivered,USPS,Priority,5.32,0.00,5.32,,,112-3610143-0296600,
2025-10-13T18:44:33Z,shp_00004301,9400100000000000004301,delivered,USPS,GroundAdvantage,3.80,0.00,3.80,,,114-8910298-3884354,
2025-10-13T18:48:44Z,shp_00004169,9400100000000000004169,delivered,USPS,GroundAdvantage,3.87,0.00,3.87,,,114-1509972-5923501,
2025-10-13T19:23:18Z,shp_00004286,9400100000000000004286,delivered,USPS,Priority,3.78,0.00,3.78,,,111-0810271-2409313,
2025-10-13T19:35:34Z,shp_00004280,9400100000000000004280,delivered,USPS,GroundAdvantage,6.58,0.00,6.58,,,SGW-7710246,
2025-10-13T19:48:57Z,shp_00004291,9400100000000000004291,in_transit,USPS,Priority,3.29,0.00,3.29,,,113-9910282-4531761,
2025-10-13T20:03:29Z,shp_00004285,9400100000000000004285,delivered,USPS,GroundAdvantage,11.38,0.00,11.38,,,SGW-7710265,
2025-10-13T20:19:09Z,shp_00004279,9400100000000000004279,delivered,USPS,GroundAdvantage,8.55,0.00,8.55,,,SGW-7710244,
2025-10-13T20:27:31Z,shp_00004287,9400100000000000004287,delivered,USPS,GroundAdvantage,3.46,0.00,3.46,,,113-1710274-6782825,
2025-10-13T20:34:26Z,shp_00004263,9400100000000000004263,delivered,USPS,GroundAdvantage,15.83,0.00,15.83,,,SGW-7710208,
2025-10-13T20:46:39Z,shp_00004156,9400100000000000004156,delivered,USPS,GroundAdvantage,6.66,0.00,6.66,,,SGW-7709949,
2025-10-13T20:47:54Z,shp_00004307,9400100000000000004307,delivered,USPS,GroundAdvantage,8.04,0.00,8.04,,,11-10320-91611,
2025-10-13T20:48:28Z,shp_00004212,9400100000000000004212,delivered,USPS,GroundAdvantage,16.79,0.00,16.79,,,SGW-7710074,
2025-10-13T20:57:43Z,shp_00004236,9400100000000000004236,delivered,USPS,GroundAdvantage,5.05,0.00,5.05,,,112-7710130-1848520,
2025-10-14T13:08:23Z,shp_00004356,9400100000000000004356,in_transit,USPS,Priority,3.79,0.00,3.79,,,113-9010420-3149354,
2025-10-14T13:54:53Z,shp_00004322,9400100000000000004322,delivered,USPS,GroundAdvantage,10.13,0.00,10.13,,,SGW-7710358,
2025-10-14T14:09:50Z,shp_00004320,9400100000000000004320,delivered,USPS,Priority,7.85,0.00,7.85,,,SGW-7710353,
2025-10-14T14:24:31Z,shp_00004267,9400100000000000004267,delivered,USPS,GroundAdvantage,6.56,0.00,6.56,,,SGW-7710223,
2025-10-14T14:32:01Z,shp_00004368,9400100000000000004368,delivered,USPS,GroundAdvantage,10.29,0.00,10.29,,,20-10442-33144,
2025-10-14T14:37:02Z,shp_00004208,9400100000000000004208,delivered,USPS,GroundAdvantage,9.85,0.00,9.85,,,SGW-7710061,
2025-10-14T14:37:02Z,shp_00004346,9400100000000000004346,delivered,USPS,Priority,3.40,0.00,3.40,,,114-6310400-2258272,
2025-10-14T14:37:45Z,shp_00004271,9400100000000000004271,delivered,USPS,GroundAdvantage,13.42,0.00,13.42,,,SGW-7710230,
2025-10-14T14:38:00Z,shp_00004355,9400100000000000004355,delivered,USPS,Priority,3.57,0.00,3.57,,,111-2510419-8230738,
2025-10-14T15:02:21Z,shp_00004348,9400100000000000004348,in_transit,USPS,GroundAdvantage,3.50,0.00,3.50,,,112-2310402-6214956,
2025-10-14T15:15:36Z,shp_00004341,9400100000000000004341,delivered,USPS,GroundAdvantage,3.76,0.00,3.76,,,112-7510394-0007784,
2025-10-14T15:22:27Z,shp_00004319,9400100000000000004319,delivered,USPS,GroundAdvantage,8.70,0.00,8.70,,,SGW-7710352,
2025-10-14T15:22:27Z,shp_00004328,9400100000000000004328,delivered,USPS,GroundAdvantage,11.12,0.00,11.12,,,SGW-7710369,
2025-10-14T15:26:08Z,shp_00004354,9400100000000000004354,delivered,USPS,Priority,5.21,0.00,5.21,,,111-5010417-5160686,
2025-10-14T15:31:17Z,shp_00004311,9400100000000000004311,delivered,USPS,GroundAdvantage,11.57,0.00,11.57,,,SGW-7710341,
2025-10-14T15:58:36Z,shp_00004316,9400100000000000004316,delivered,USPS,Priority,8.15,0.00,8.15,,,SGW-7710348,
2025-10-14T16:13:57Z,shp_00004339,9400100000000000004339,delivered,USPS,GroundAdvantage,7.34,0.00,7.34,,,SGW-7710388,
2025-10-14T16:29:22Z,shp_00004337,9400100000000000004337,delivered,USPS,Priority,11.17,0.00,11.17,,,SGW-7710381,
2025-10-14T16:31:17Z,shp_00004308,9400100000000000004308,in_transit,USPS,GroundAdvantage,6.28,0.00,6.28,,,m00000010330,
2025-10-14T16:31:43Z,shp_00004370,9400100000000000004370,delivered,USPS,GroundAdvantage,8.95,0.00,8.95,,,03-10447-38345,
2025-10-14T16:38:18Z,shp_00004325,9400100000000000004325,delivered,USPS,GroundAdvantage,8.80,0.00,8.80,,,SGW-7710365,
2025-10-14T16:39:23Z,shp_00004343,9400100000000000004343,delivered,USPS,GroundAdvantage,3.30,0.00,3.30,,,112-4010396-6740559,
2025-10-14T17:11:27Z,shp_00004225,9400100000000000004225,delivered,USPS,GroundAdvantage,3.59,0.00,3.59,,,111-2610107-2109920,
2025-10-14T17:17:03Z,shp_00004317,9400100000000000004317,delivered,USPS,GroundAdvantage,7.08,0.00,7.08,,,SGW-7710349,
2025-10-14T17:22:46Z,shp_00004330,9400100000000000004330,delivered,USPS,Priority,8.27,0.00,8.27,,,SGW-7710372,
2025-10-14T17:38:03Z,shp_00004312,9400100000000000004312,delivered,USPS,GroundAdvantage,14.85,0.00,14.85,,,SGW-7710343,
2025-10-14T17:42:54Z,shp_00004340,9400100000000000004340,delivered,USPS,GroundAdvantage,11.98,0.00,11.98,,,SGW-7710390,
2025-10-14T17:48:26Z,shp_00004367,9400100000000000004367,in_transit,USPS,GroundAdvantage,4.29,0.00,4.29,,,16-10441-74515,
2025-10-14T17:57:16Z,shp_00004306,9400100000000000004306,delivered,USPS,Priority,3.33,0.00,3.33,,,114-1910306-7619247,
2025-10-14T18:05:16Z,shp_00004357,9400100000000000004357,delivered,USPS,GroundAdvantage,5.16,0.00,5.16,,,111-4510422-0576347,
2025-10-14T18:13:14Z,shp_00004313,9400100000000000004313,delivered,USPS,GroundAdvantage,7.51,0.00,7.51,,,SGW-7710344,
2025-10-14T18:20:37Z,shp_00004363,9400100000000000004363,delivered,USPS,Priority,6.66,0.00,6.66,,,13-10430-03607,
2025-10-14T18:26:12Z,shp_00004366,9400100000000000004366,delivered,USPS,GroundAdvantage,8.63,0.00,8.63,,,03-10437-48775,
2025-10-14T18:27:52Z,shp_00004345,9400100000000000004345,delivered,USPS,GroundAdvantage,3.33,0.00,3.33,,,111-1110399-5471287,
2025-10-14T18:45:19Z,shp_00004364,9400100000000000004364,delivered,USPS,GroundAdvantage,6.04,0.00,6.04,,,09-10431-35128,
2025-10-14T18:49:59Z,shp_00004342,9400100000000000004342,delivered,USPS,GroundAdvantage,5.31,0.00,5.31,,,112-8310395-8638525,
2025-10-14T18:55:00Z,shp_00004332,9400100000000000004332,in_transit,USPS,GroundAdvantage,10.23,0.00,10.23,,,SGW-7710374,
2025-10-14T18:59:40Z,shp_00004362,9400100000000000004362,delivered,USPS,GroundAdvantage,3.34,0.00,3.34,,,111-2110429-7263028,
2025-10-14T19:15:35Z,shp_00004288,9400100000000000004288,delivered,USPS,GroundAdvantage,3.44,0.00,3.44,,,112-9010279-6165163,
2025-10-14T19:17:35Z,shp_00004360,9400100000000000004360,delivered,USPS,GroundAdvantage,5.16,0.00,5.16,,,113-5510427-5779035,
2025-10-14T19:21:15Z,shp_00004310,9400100000000000004310,delivered,USPS,GroundAdvantage,9.54,0.00,9.54,,,SGW-7710338,
2025-10-14T19:23:11Z,shp_00004315,9400100000000000004315,delivered,USPS,GroundAdvantage,8.90,0.00,8.90,,,SGW-7710347,
2025-10-14T19:38:21Z,shp_00004349,9400100000000000004349,delivered,USPS,GroundAdvantage,5.08,0.00,5.08,,,111-7110404-2115556,
2025-10-14T19:41:57Z,shp_00004326,9400100000000000004326,delivered,USPS,GroundAdvantage,16.24,0.00,16.24,,,SGW-7710367,
2025-10-14T19:47:05Z,shp_00004334,9400100000000000004334,delivered,USPS,GroundAdvantage,11.13,0.00,11.13,,,SGW-7710377,
2025-10-14T19:50:47Z,shp_00004331,9400100000000000004331,in_transit,USPS,GroundAdvantage,16.49,0.00,16.49,,,SGW-7710373,
2025-10-14T20:02:23Z,shp_00004305,9400100000000000004305,delivered,USPS,GroundAdvantage,5.87,0.00,5.87,,,111-7810304-1032561,
2025-10-14T20:08:40Z,shp_00004350,9400100000000000004350,delivered,USPS,GroundAdvantage,5.66,0.00,5.66,,,113-8010405-2354417,
2025-10-14T20:10:03Z,shp_00004344,9400100000000000004344,delivered,USPS,GroundAdvantage,5.07,0.00,5.07,,,111-9710398-2507073,
2025-10-14T20:16:17Z,shp_00004358,9400100000000000004358,delivered,USPS,GroundAdvantage,5.68,0.00,5.68,,,112-2710423-8766887,
2025-10-14T20:25:47Z,shp_00004274,9400100000000000004274,delivered,USPS,GroundAdvantage,11.00,0.00,11.00,,,SGW-7710233,
2025-10-14T20:28:07Z,shp_00004318,9400100000000000004318,delivered,USPS,GroundAdvantage,13.08,0.00,13.08,,,SGW-7710351,
2025-10-14T20:43:55Z,shp_00004338,9400100000000000004338,delivered,USPS,GroundAdvantage,14.03,0.00,14.03,,,SGW-7710385,
2025-10-15T13:06:40Z,shp_00004413,9400100000000000004413,delivered,USPS,Priority,3.52,0.00,3.52,,,114-9110556-8426195,
2025-10-15T13:42:15Z,shp_00004382,9400100000000000004382,in_transit,USPS,GroundAdvantage,13.87,0.00,13.87,,,SGW-7710501,
2025-10-15T13:44:50Z,shp_00004390,9400100000000000004390,delivered,USPS,GroundAdvantage,15.72,0.00,15.72,,,SGW-7710520,
2025-10-15T13:52:06Z,shp_00004397,9400100000000000004397,delivered,USPS,GroundAdvantage,3.64,0.00,3.64,,,114-8010534-8335934,
2025-10-15T13:53:00Z,shp_00004389,9400100000000000004389,delivered,USPS,GroundAdvantage,12.88,0.00,12.88,,,SGW-7710516,
2025-10-15T14:24:34Z,shp_00004333,9400100000000000004333,delivered,USPS,Priority,13.30,0.00,13.30,,,SGW-7710376,
2025-10-15T14:26:37Z,shp_00004395,9400100000000000004395,delivered,USPS,GroundAdvantage,3.88,0.00,3.88,,,111-3710530-5519657,
2025-10-15T14:41:23Z,shp_00004352,9400100000000000004352,delivered,USPS,GroundAdvantage,3.85,0.00,3.85,,,113-0610415-5215873,
2025-10-15T14:42:27Z,shp_00004385,9400100000000000004385,delivered,USPS,GroundAdvantage,12.24,0.00,12.24,,,SGW-7710509,
2025-10-15T15:05:08Z,shp_00004426,9400100000000000004426,delivered,USPS,Priority,10.05,0.00,10.05,,,01-10580-17022,
2025-10-15T15:14:19Z,shp_00004401,9400100000000000004401,in_transit,USPS,Priority,3.38,0.00,3.38,,,113-4710539-6099321,
2025-10-15T16:11:36Z,shp_00004386,9400100000000000004386,delivered,USPS,GroundAdvantage,11.69,0.00,11.69,,,SGW-7710510,
2025-10-15T16:17:57Z,shp_00004405,9400100000000000004405,delivered,USPS,GroundAdvantage,3.89,0.00,3.89,,,112-4210545-9130658,
2025-10-15T16:18:30Z,shp_00004415,9400100000000000004415,delivered,USPS,GroundAdvantage,3.48,0.00,3.48,,,114-4410558-3732145,
2025-10-15T16:19:21Z,shp_00004336,9400100000000000004336,delivered,USPS,GroundAdvantage,6.35,0.00,6.35,,,SGW-7710380,
2025-10-15T16:23:14Z,shp_00004321,9400100000000000004321,delivered,USPS,GroundAdvantage,11.35,0.00,11.35,,,SGW-7710357,
2025-10-15T16:24:03Z,shp_00004376,9400100000000000004376,delivered,USPS,GroundAdvantage,14.15,0.00,14.15,,,SGW-7710489,
2025-10-15T16:33:44Z,shp_00004359,9400100000000000004359,delivered,USPS,GroundAdvantage,3.67,0.00,3.67,,,114-0710425-4966952,
2025-10-15T16:48:02Z,shp_00004378,9400100000000000004378,delivered,USPS,GroundAdvantage,12.89,0.00,12.89,,,SGW-7710494,
2025-10-15T16:57:03Z,shp_00004361,9400100000000000004361,in_transit,USPS,GroundAdvantage,3.38,0.00,3.38,,,112-4710428-0768325,
2025-10-15T16:58:42Z,shp_00004369,9400100000000000004369,delivered,USPS,GroundAdvantage,5.13,0.00,5.13,,,07-10443-18151,
2025-10-15T16:59:28Z,shp_00004400,9400100000000000004400,delivered,USPS,Priority,3.79,0.00,3.79,,,113-4710538-6946510,
2025-10-15T17:09:07Z,shp_00004293,9400100000000000004293,delivered,USPS,GroundAdvantage,3.87,0.00,3.87,,,112-3510285-4803964,
2025-10-15T17:32:10Z,shp_00004398,9400100000000000004398,delivered,USPS,GroundAdvantage,3.53,0.00,3.53,,,111-2110535-1362916,
2025-10-15T17:35:42Z,shp_00004353,9400100000000000004353,delivered,USPS,GroundAdvantage,3.54,0.00,3.54,,,114-4010416-7840051,
2025-10-15T17:37:36Z,shp_00004404,9400100000000000004404,delivered,USPS,GroundAdvantage,3.83,0.00,3.83,,,113-6710544-4485559,
2025-10-15T17:41:42Z,shp_00004387,9400100000000000004387,delivered,USPS,Priority,10.29,0.00,10.29,,,SGW-7710512,
2025-10-15T17:46:14Z,shp_00004309,9400100000000000004309,delivered,USPS,GroundAdvantage,6.27,0.00,6.27,,,m00000010331,
2025-10-15T17:47:45Z,shp_00004371,9400100000000000004371,in_transit,USPS,Priority,8.83,0.00,8.83,,,16-10456-54581,
2025-10-15T17:52:58Z,shp_00004431,9400100000000000004431,delivered,USPS,GroundAdvantage,6.77,0.00,6.77,,,m00000010601,
2025-10-15T17:56:38Z,shp_00004278,9400100000000000004278,delivered,USPS,GroundAdvantage,6.94,0.00,6.94,,,SGW-7710243,
2025-10-15T18:09:39Z,shp_00004417,9400100000000000004417,delivered,USPS,GroundAdvantage,3.45,0.00,3.45,,,111-7910561-9506325,
2025-10-15T18:10:57Z,shp_00004408,9400100000000000004408,delivered,USPS,GroundAdvantage,3.35,0.00,3.35,,,111-4510549-1803695,
2025-10-15T18:11:18Z,shp_00004412,9400100000000000004412,delivered,USPS,GroundAdvantage,4.96,0.00,4.96,,,112-2710554-1525172,
2025-10-15T18:12:40Z,shp_00004388,9400100000000000004388,delivered,USPS,Priority,8.62,0.00,8.62,,,SGW-7710515,
2025-10-15T18:18:09Z,shp_00004429,9400100000000000004429,delivered,USPS,GroundAdvantage,10.05,0.00,10.05,,,14-10594-42401,
2025-10-15T18:23:12Z,shp_00004411,9400100000000000004411,delivered,USPS,GroundAdvantage,3.83,0.00,3.83,,,112-8810552-1523978,
2025-10-15T18:30:42Z,shp_00004432,9400100000000000004432,in_transit,USPS,GroundAdvantage,6.17,0.00,6.17,,,m00000010604,
2025-10-15T18:34:20Z,shp_00004394,9400100000000000004394,delivered,USPS,GroundAdvantage,3.81,0.00,3.81,,,114-2410528-6783470,
2025-10-15T18:41:49Z,shp_00004329,9400100000000000004329,delivered,USPS,GroundAdvantage,8.56,0.00,8.56,,,SGW-7710371,
2025-10-15T18:44:45Z,shp_00004381,9400100000000000004381,delivered,USPS,GroundAdvantage,14.10,0.00,14.10,,,SGW-7710498,
2025-10-15T18:58:58Z,shp_00004420,9400100000000000004420,delivered,USPS,Priority,5.27,0.00,5.27,,,113-4010565-3292190,
2025-10-15T19:03:54Z,shp_00004374,9400100000000000004374,delivered,USPS,Priority,6.86,0.00,6.86,,,SGW-7710479,
2025-10-15T19:11:19Z,shp_00004377,9400100000000000004377,delivered,USPS,GroundAdvantage,8.15,0.00,8.15,,,SGW-7710493,
2025-10-15T19:16:53Z,shp_00004372,9400100000000000004372,delivered,USPS,GroundAdvantage,5.83,0.00,5.83,,,m00000010459,
2025-10-15T19:21:25Z,shp_00004351,9400100000000000004351,delivered,USPS,GroundAdvantage,5.06,0.00,5.06,,,113-0410413-3236515,
2025-10-15T19:26:43Z,shp_00004327,9400100000000000004327,in_transit,USPS,GroundAdvantage,13.00,0.00,13.00,,,SGW-7710368,
2025-10-15T19:27:48Z,shp_00004391,9400100000000000004391,delivered,USPS,Priority,11.56,0.00,11.56,,,SGW-7710521,
2025-10-15T19:30:50Z,shp_00004419,9400100000000000004419,delivered,USPS,Priority,3.38,0.00,3.38,,,113-4410564-5066808,
2025-10-15T19:31:55Z,shp_00004424,9400100000000000004424,unknown,USPS,GroundAdvantage,3.80,0.00,3.80,,refunded,112-5010573-4754011,
2025-10-15T19:31:56Z,shp_00004409,9400100000000000004409,delivered,USPS,GroundAdvantage,5.65,0.00,5.65,,,112-2010550-6169048,
2025-10-15T19:36:15Z,shp_00004384,9400100000000000004384,delivered,USPS,GroundAdvantage,9.70,0.00,9.70,,,SGW-7710507,
2025-10-15T19:49:00Z,shp_00004428,9400100000000000004428,delivered,USPS,Priority,9.83,0.00,9.83,,,24-10593-65866,
2025-10-15T19:57:09Z,shp_00004373,9400100000000000004373,delivered,USPS,GroundAdvantage,6.16,0.00,6.16,,,m00000010461,
2025-10-15T19:58:59Z,shp_00004418,9400100000000000004418,delivered,USPS,Priority,3.81,0.00,3.81,,,113-1610563-2004610,
2025-10-15T20:01:50Z,shp_00004379,9400100000000000004379,in_transit,USPS,GroundAdvantage,5.95,0.00,5.95,,,SGW-7710495,
2025-10-15T20:12:14Z,shp_00004425,9400100000000000004425,delivered,USPS,GroundAdvantage,5.65,0.00,5.65,,,25-10575-04649,
2025-10-15T20:28:47Z,shp_00004396,9400100000000000004396,delivered,USPS,GroundAdvantage,3.66,0.00,3.66,,,111-3910531-3419854,
2025-10-15T20:30:51Z,shp_00004264,9400100000000000004264,delivered,USPS,GroundAdvantage,10.36,0.00,10.36,,,SGW-7710209,
2025-10-15T20:32:02Z,shp_00004323,9400100000000000004323,delivered,USPS,GroundAdvantage,10.53,0.00,10.53,,,SGW-7710360,
2025-10-16T13:19:31Z,shp_00004435,9400100000000000004435,delivered,USPS,GroundAdvantage,10.53,0.00,10.53,,,SGW-7710622,
2025-10-16T13:20:44Z,shp_00004314,9400100000000000004314,delivered,USPS,Priority,8.03,0.00,8.03,,,SGW-7710345,
2025-10-16T13:38:36Z,shp_00004407,9400100000000000004407,delivered,USPS,GroundAdvantage,3.83,0.00,3.83,,,113-8010548-7009849,
2025-10-16T13:45:46Z,shp_00004452,9400100000000000004452,delivered,USPS,GroundAdvantage,10.33,0.00,10.33,,,SGW-7710664,
2025-10-16T13:53:28Z,shp_00004406,9400100000000000004406,in_transit,USPS,Priority,5.61,0.00,5.61,,,114-0610547-9805292,
2025-10-16T13:54:43Z,shp_00004458,9400100000000000004458,delivered,USPS,GroundAdvantage,3.84,0.00,3.84,,,111-7410677-7148930,
2025-10-16T14:01:28Z,shp_00004467,9400100000000000004467,delivered,USPS,Priority,5.19,0.00,5.19,,,113-9410690-8423113,
2025-10-16T14:04:18Z,shp_00004445,9400100000000000004445,delivered,USPS,Priority,12.04,0.00,12.04,,,SGW-7710643,
2025-10-16T14:08:05Z,shp_00004492,9400100000000000004492,delivered,USPS,GroundAdvantage,5.59,0.00,5.59,,,23-10739-75897,
2025-10-16T14:14:28Z,shp_00004455,9400100000000000004455,delivered,USPS,Priority,16.83,0.00,16.83,,,SGW-7710669,
2025-10-16T14:17:54Z,shp_00004479,9400100000000000004479,delivered,USPS,GroundAdvantage,3.66,0.00,3.66,,,113-3210712-3935123,
2025-10-16T14:21:28Z,shp_00004470,9400100000000000004470,delivered,USPS,Priority,3.45,0.00,3.45,,,113-7210697-9430405,
2025-10-16T14:45:21Z,shp_00004347,9400100000000000004347,delivered,USPS,GroundAdvantage,5.64,0.00,5.64,,,113-2710401-0928276,
2025-10-16T14:49:56Z,shp_00004496,9400100000000000004496,in_transit,USPS,GroundAdvantage,2.74,0.00,2.74,,,21-10744-06299,
2025-10-16T14:50:52Z,shp_00004490,9400100000000000004490,delivered,USPS,GroundAdvantage,5.14,0.00,5.14,,,111-9310731-0993087,
2025-10-16T14:52:18Z,shp_00004433,9400100000000000004433,delivered,USPS,GroundAdvantage,10.28,0.00,10.28,,,SGW-7710619,
2025-10-16T14:52:21Z,shp_00004375,9400100000000000004375,delivered,USPS,Priority,8.11,0.00,8.11,,,SGW-7710482,
2025-10-16T14:54:15Z,shp_00004484,9400100000000000004484,delivered,USPS,GroundAdvantage,3.69,0.00,3.69,,,111-1610722-7255186,
2025-10-16T15:00:10Z,shp_00004410,9400100000000000004410,delivered,USPS,GroundAdvantage,3.60,0.00,3.60,,,114-4310551-0763282,
2025-10-16T15:02:09Z,shp_00004365,9400100000000000004365,delivered,USPS,GroundAdvantage,6.27,0.00,6.27,,,08-10435-27500,
2025-10-16T15:11:45Z,shp_00004444,9400100000000000004444,delivered,USPS,GroundAdvantage,7.08,0.00,7.08,,,SGW-7710642,
2025-10-16T15:35:30Z,shp_00004475,9400100000000000004475,delivered,USPS,GroundAdvantage,3.34,0.00,3.34,,,111-7910705-4231431,
2025-10-16T15:45:27Z,shp_00004478,9400100000000000004478,in_transit,USPS,Priority,3.65,0.00,3.65,,,114-9510711-7996017,
2025-10-16T15:59:16Z,shp_00004488,9400100000000000004488,delivered,USPS,Priority,3.56,0.00,3.56,,,112-6110727-2016099,
2025-10-16T15:59:32Z,shp_00004486,9400100000000000004486,delivered,USPS,GroundAdvantage,3.40,0.00,3.40,,,112-6610724-1551271,
2025-10-16T16:09:41Z,shp_00004491,9400100000000000004491,delivered,USPS,Priority,3.36,0.00,3.36,,,11-10738-71968,
2025-10-16T16:15:52Z,shp_00004460,9400100000000000004460,delivered,USPS,GroundAdvantage,5.64,0.00,5.64,,,112-4510679-5980211,
2025-10-16T16:19:06Z,shp_00004416,9400100000000000004416,delivered,USPS,Priority,4.92,0.00,4.92,,,111-4210560-4758694,
2025-10-16T16:28:49Z,shp_00004434,9400100000000000004434,unknown,USPS,GroundAdvantage,8.73,0.00,8.73,,refunded,SGW-7710620,
2025-10-16T16:34:25Z,shp_00004442,9400100000000000004442,delivered,USPS,GroundAdvantage,14.39,0.00,14.39,,,SGW-7710639,
2025-10-16T16:36:43Z,shp_00004403,9400100000000000004403,delivered,USPS,GroundAdvantage,3.75,0.00,3.75,,,113-2710543-7353395,
2025-10-16T16:37:21Z,shp_00004498,9400100000000000004498,in_transit,USPS,Priority,6.03,0.00,6.03,,,m00000010754,
2025-10-16T16:50:00Z,shp_00004487,9400100000000000004487,delivered,USPS,GroundAdvantage,3.37,0.00,3.37,,,113-5110726-9249631,
2025-10-16T17:00:03Z,shp_00004380,9400100000000000004380,delivered,USPS,GroundAdvantage,9.94,0.00,9.94,,,SGW-7710497,
2025-10-16T17:03:21Z,shp_00004472,9400100000000000004472,delivered,USPS,Priority,3.48,0.00,3.48,,,111-0510701-6031018,
2025-10-16T17:05:00Z,shp_00004440,9400100000000000004440,delivered,USPS,GroundAdvantage,9.36,0.00,9.36,,,SGW-7710631,
2025-10-16T17:22:52Z,shp_00004499,9400100000000000004499,delivered,USPS,GroundAdvantage,6.36,0.00,6.36,,,m00000010755,
2025-10-16T17:32:48Z,shp_00004477,9400100000000000004477,delivered,USPS,GroundAdvantage,3.54,0.00,3.54,,,112-9910707-8052207,
2025-10-16T17:38:21Z,shp_00004335,9400100000000000004335,delivered,USPS,GroundAdvantage,10.32,0.00,10.32,,,SGW-7710378,
2025-10-16T17:42:19Z,shp_00004482,9400100000000000004482,delivered,USPS,GroundAdvantage,3.77,0.00,3.77,,,112-3710718-9957487,
2025-10-16T17:44:42Z,shp_00004495,9400100000000000004495,in_transit,USPS,GroundAdvantage,13.82,0.00,13.82,,,16-10743-91608,
2025-10-16T17:52:29Z,shp_00004462,9400100000000000004462,delivered,USPS,GroundAdvantage,3.72,0.00,3.72,,,112-5410681-3581993,
2025-10-16T17:52:49Z,shp_00004497,9400100000000000004497,delivered,USPS,GroundAdvantage,4.57,0.00,4.57,,,13-10752-36926,
2025-10-16T17:54:49Z,shp_00004414,9400100000000000004414,delivered,USPS,GroundAdvantage,3.83,0.00,3.83,,,113-1610557-4416813,
2025-10-16T17:58:52Z,shp_00004423,9400100000000000004423,delivered,USPS,GroundAdvantage,3.66,0.00,3.66,,,111-7810572-9443356,
2025-10-16T18:13:20Z,shp_00004427,9400100000000000004427,delivered,USPS,GroundAdvantage,6.32,0.00,6.32,,,05-10589-05472,
2025-10-16T18:23:44Z,shp_00004437,9400100000000000004437,delivered,USPS,GroundAdvantage,11.75,0.00,11.75,,,SGW-7710627,
2025-10-16T18:26:25Z,shp_00004436,9400100000000000004436,delivered,USPS,GroundAdvantage,10.66,0.00,10.66,,,SGW-7710626,
2025-10-16T18:35:04Z,shp_00004483,9400100000000000004483,delivered,USPS,Priority,3.48,0.00,3.48,,,111-3410721-5874275,
2025-10-16T18:35:15Z,shp_00004457,9400100000000000004457,in_transit,USPS,GroundAdvantage,9.50,0.00,9.50,,,SGW-7710671,
2025-10-16T18:41:08Z,shp_00004493,9400100000000000004493,delivered,USPS,Priority,11.42,0.00,11.42,,,09-10740-00784,
2025-10-16T18:42:17Z,shp_00004402,9400100000000000004402,delivered,USPS,GroundAdvantage,3.77,0.00,3.77,,,111-1310542-1072525,
2025-10-16T18:47:17Z,shp_00004399,9400100000000000004399,delivered,USPS,Priority,3.39,0.00,3.39,,,113-2510536-6042376,
2025-10-16T18:55:31Z,shp_00004464,9400100000000000004464,delivered,USPS,Priority,3.30,0.00,3.30,,,114-1310685-5617301,
2025-10-16T18:58:09Z,shp_00004459,9400100000000000004459,delivered,USPS,GroundAdvantage,3.48,0.00,3.48,,,112-0910678-1603114,
2025-10-16T19:03:34Z,shp_00004451,9400100000000000004451,delivered,USPS,GroundAdvantage,9.43,0.00,9.43,,,SGW-7710662,
2025-10-16T19:19:40Z,shp_00004324,9400100000000000004324,delivered,USPS,GroundAdvantage,8.76,0.00,8.76,,,SGW-7710362,
2025-10-16T19:48:35Z,shp_00004453,9400100000000000004453,delivered,USPS,GroundAdvantage,9.93,0.00,9.93,,,SGW-7710665,
2025-10-16T19:51:46Z,shp_00004489,9400100000000000004489,in_transit,USPS,GroundAdvantage,5.58,0.00,5.58,,,114-3710728-0323810,
2025-10-16T19:56:27Z,shp_00004466,9400100000000000004466,delivered,USPS,GroundAdvantage,3.56,0.00,3.56,,,114-5610689-8777346,
2025-10-16T20:23:39Z,shp_00004471,9400100000000000004471,delivered,USPS,GroundAdvantage,5.65,0.00,5.65,,,112-7910699-8536935,
2025-10-16T20:28:43Z,shp_00004463,9400100000000000004463,delivered,USPS,GroundAdvantage,5.21,0.00,5.21,,,113-2110684-7705256,
2025-10-16T20:35:38Z,shp_00004494,9400100000000000004494,delivered,USPS,Priority,6.09,0.00,6.09,,,08-10742-33636,
2025-10-16T20:35:50Z,shp_00004383,9400100000000000004383,delivered,USPS,GroundAdvantage,8.26,0.00,8.26,,,SGW-7710506,
2025-10-16T20:38:07Z,shp_00004469,9400100000000000004469,delivered,USPS,GroundAdvantage,5.22,0.00,5.22,,,111-9910693-4893810,
2025-10-16T20:43:49Z,shp_00004473,9400100000000000004473,delivered,USPS,GroundAdvantage,3.63,0.00,3.63,,,114-2310702-1706932,
2025-10-16T20:46:50Z,shp_00004422,9400100000000000004422,delivered,USPS,GroundAdvantage,5.15,0.00,5.15,,,114-7910570-2924456,
2025-10-16T20:52:16Z,shp_00004481,9400100000000000004481,in_transit,USPS,GroundAdvantage,4.93,0.00,4.93,,,111-7610717-6812914,
2025-10-17T13:03:26Z,shp_00004567,9400100000000000004567,delivered,USPS,Priority,11.77,0.00,11.77,,,16-10898-03710,
2025-10-17T13:11:38Z,shp_00004502,9400100000000000004502,delivered,USPS,GroundAdvantage,12.05,0.00,12.05,,,SGW-7710779,
2025-10-17T13:13:34Z,shp_00004454,9400100000000000004454,delivered,USPS,GroundAdvantage,6.29,0.00,6.29,,,SGW-7710666,
2025-10-17T13:20:14Z,shp_00004560,9400100000000000004560,delivered,USPS,Priority,5.50,0.00,5.50,,,111-1610870-9170883,
2025-10-17T13:20:27Z,shp_00004548,9400100000000000004548,delivered,USPS,Priority,3.76,0.00,3.76,,,112-0410856-0373269,
2025-10-17T13:22:39Z,shp_00004514,9400100000000000004514,delivered,USPS,Priority,6.99,0.00,6.99,,,SGW-7710800,
2025-10-17T13:29:48Z,shp_00004393,9400100000000000004393,delivered,USPS,GroundAdvantage,10.90,0.00,10.90,,,SGW-7710525,
2025-10-17T13:32:56Z,shp_00004559,9400100000000000004559,delivered,USPS,Priority,5.07,0.00,5.07,,,111-7710869-1081764,
2025-10-17T13:42:37Z,shp_00004551,9400100000000000004551,in_transit,USPS,GroundAdvantage,3.41,0.00,3.41,,,114-5110859-9842694,
2025-10-17T13:45:51Z,shp_00004522,9400100000000000004522,delivered,USPS,Priority,5.54,0.00,5.54,,,SGW-7710816,
2025-10-17T13:54:10Z,shp_00004529,9400100000000000004529,delivered,USPS,GroundAdvantage,3.49,0.00,3.49,,,112-1510831-7114700,
2025-10-17T13:55:35Z,shp_00004461,9400100000000000004461,delivered,USPS,GroundAdvantage,5.81,0.00,5.81,,,113-9310680-7117477,
2025-10-17T14:00:20Z,shp_00004485,9400100000000000004485,delivered,USPS,GroundAdvantage,3.41,0.00,3.41,,,113-5910723-7821341,
2025-10-17T14:01:55Z,shp_00004438,9400100000000000004438,delivered,USPS,Priority,10.26,0.00,10.26,,,SGW-7710628,
2025-10-17T14:06:06Z,shp_00004557,9400100000000000004557,delivered,USPS,Priority,3.88,0.00,3.88,,,114-2510866-0232161,
2025-10-17T14:07:39Z,shp_00004448,9400100000000000004448,delivered,USPS,GroundAdvantage,14.03,0.00,14.03,,,SGW-7710657,
2025-10-17T14:20:54Z,shp_00004443,9400100000000000004443,delivered,USPS,GroundAdvantage,15.50,0.00,15.50,,,SGW-7710640,
2025-10-17T14:26:41Z,shp_00004521,9400100000000000004521,in_transit,USPS,GroundAdvantage,7.15,0.00,7.15,,,SGW-7710815,
2025-10-17T14:35:13Z,shp_00004561,9400100000000000004561,delivered,USPS,Priority,3.42,0.00,3.42,,,111-5910875-4935233,
2025-10-17T14:47:05Z,shp_00004534,9400100000000000004534,delivered,USPS,GroundAdvantage,3.57,0.00,3.57,,,113-3110839-8866875,
2025-10-17T14:49:36Z,shp_00004542,9400100000000000004542,delivered,USPS,GroundAdvantage,3.28,0.00,3.28,,,114-1510849-9924576,
2025-10-17T14:51:23Z,shp_00004564,9400100000000000004564,delivered,USPS,Priority,3.83,0.00,3.83,,,08-10891-80854,
2025-10-17T14:55:57Z,shp_00004531,9400100000000000004531,delivered,USPS,GroundAdvantage,3.40,0.00,3.40,,,111-4010835-4329252,
2025-10-17T15:01:17Z,shp_00004546,9400100000000000004546,delivered,USPS,GroundAdvantage,3.28,0.00,3.28,,,111-3210854-3251199,
2025-10-17T15:08:34Z,shp_00004505,9400100000000000004505,delivered,USPS,Priority,7.88,0.00,7.88,,,SGW-7710787,
2025-10-17T15:23:54Z,shp_00004503,9400100000000000004503,delivered,USPS,GroundAdvantage,11.80,0.00,11.80,,,SGW-7710781,
2025-10-17T15:24:07Z,shp_00004474,9400100000000000004474,in_transit,USPS,Priority,3.71,0.00,3.71,,,114-7310703-8025492,
2025-10-17T15:33:23Z,shp_00004553,9400100000000000004553,delivered,USPS,GroundAdvantage,3.52,0.00,3.52,,,112-9810861-9932061,
2025-10-17T15:40:05Z,shp_00004527,9400100000000000004527,delivered,USPS,Priority,5.48,0.00,5.48,,,SGW-7710829,
2025-10-17T15:45:12Z,shp_00004506,9400100000000000004506,delivered,USPS,Priority,8.79,0.00,8.79,,,SGW-7710789,
2025-10-17T15:53:50Z,shp_00004528,9400100000000000004528,delivered,USPS,GroundAdvantage,12.95,0.00,12.95,,,SGW-7710830,
2025-10-17T16:00:20Z,shp_00004501,9400100000000000004501,delivered,USPS,Priority,6.62,0.00,6.62,,,m00000010762,
2025-10-17T16:01:56Z,shp_00004565,9400100000000000004565,delivered,USPS,Priority,4.39,0.00,4.39,,,23-10894-01228,
2025-10-17T16:02:44Z,shp_00004558,9400100000000000004558,delivered,USPS,Priority,5.49,0.00,5.49,,,112-0610867-2120849,
2025-10-17T16:07:34Z,shp_00004569,9400100000000000004569,delivered,USPS,GroundAdvantage,6.66,0.00,6.66,,,m00000010902,
2025-10-17T16:24:01Z,shp_00004516,9400100000000000004516,in_transit,USPS,GroundAdvantage,9.97,0.00,9.97,,,SGW-7710803,
2025-10-17T16:29:21Z,shp_00004566,9400100000000000004566,delivered,USPS,Priority,3.72,0.00,3.72,,,27-10896-64628,
2025-10-17T16:29:25Z,shp_00004533,9400100000000000004533,delivered,USPS,GroundAdvantage,5.45,0.00,5.45,,,113-2510838-3344187,
2025-10-17T16:33:07Z,shp_00004456,9400100000000000004456,delivered,USPS,Priority,7.46,0.00,7.46,,,SGW-7710670,
2025-10-17T16:55:10Z,shp_00004536,9400100000000000004536,delivered,USPS,GroundAdvantage,5.51,0.00,5.51,,,111-1510842-0890608,
2025-10-17T17:03:49Z,shp_00004468,9400100000000000004468,delivered,USPS,GroundAdvantage,3.71,0.00,3.71,,,111-2510691-1435560,
2025-10-17T17:12:43Z,shp_00004550,9400100000000000004550,delivered,USPS,Priority,5.77,0.00,5.77,,,112-5910858-8883745,
2025-10-17T17:12:48Z,shp_00004421,9400100000000000004421,delivered,USPS,GroundAdvantage,5.62,0.00,5.62,,,112-0010567-9833878,
2025-10-17T17:13:46Z,shp_00004439,9400100000000000004439,delivered,USPS,GroundAdvantage,7.17,0.00,7.17,,,SGW-7710629,
2025-10-17T17:19:02Z,shp_00004518,9400100000000000004518,in_transit,USPS,GroundAdvantage,11.12,0.00,11.12,,,SGW-7710806,
2025-10-17T17:20:45Z,shp_00004539,9400100000000000004539,delivered,USPS,GroundAdvantage,3.85,0.00,3.85,,,114-1310845-9943560,
2025-10-17T17:45:59Z,shp_00004562,9400100000000000004562,delivered,USPS,GroundAdvantage,8.68,0.00,8.68,,,08-10880-64915,
2025-10-17T17:48:34Z,shp_00004430,9400100000000000004430,delivered,USPS,GroundAdvantage,10.41,0.00,10.41,,,10-10599-73033,
2025-10-17T17:54:44Z,shp_00004524,9400100000000000004524,delivered,USPS,Priority,5.62,0.00,5.62,,,SGW-7710821,
2025-10-17T18:22:33Z,shp_00004549,9400100000000000004549,delivered,USPS,Priority,3.30,0.00,3.30,,,111-0310857-5764892,
2025-10-17T18:43:01Z,shp_00004446,9400100000000000004446,delivered,USPS,GroundAdvantage,8.42,0.00,8.42,,,SGW-7710649,
2025-10-17T18:52:13Z,shp_00004532,9400100000000000004532,delivered,USPS,GroundAdvantage,3.33,0.00,3.33,,,114-1210836-0545940,
2025-10-17T19:04:37Z,shp_00004517,9400100000000000004517,delivered,USPS,GroundAdvantage,11.56,0.00,11.56,,,SGW-7710804,
2025-10-17T19:25:58Z,shp_00004543,9400100000000000004543,in_transit,USPS,Priority,3.51,0.00,3.51,,,114-1210850-3357923,
2025-10-17T19:35:08Z,shp_00004519,9400100000000000004519,delivered,USPS,GroundAdvantage,13.17,0.00,13.17,,,SGW-7710807,
2025-10-17T19:41:16Z,shp_00004568,9400100000000000004568,unknown,USPS,GroundAdvantage,4.13,0.00,4.13,,refunded,08-10899-11164,
2025-10-17T19:44:52Z,shp_00004507,9400100000000000004507,unknown,USPS,Priority,7.29,0.00,7.29,,submitted,SGW-7710791,
2025-10-17T19:51:40Z,shp_00004449,9400100000000000004449,delivered,USPS,GroundAdvantage,14.24,0.00,14.24,,,SGW-7710659,
2025-10-17T19:52:05Z,shp_00004556,9400100000000000004556,delivered,USPS,Priority,3.87,0.00,3.87,,,111-5810865-6617828,
2025-10-17T19:54:58Z,shp_00004392,9400100000000000004392,delivered,USPS,GroundAdvantage,12.53,0.00,12.53,,,SGW-7710523,
2025-10-17T19:55:54Z,shp_00004525,9400100000000000004525,delivered,USPS,GroundAdvantage,6.54,0.00,6.54,,,SGW-7710823,
2025-10-17T19:56:56Z,shp_00004540,9400100000000000004540,delivered,USPS,GroundAdvantage,3.45,0.00,3.45,,,114-6310846-4320138,
2025-10-17T19:59:44Z,shp_00004537,9400100000000000004537,in_transit,USPS,GroundAdvantage,3.44,0.00,3.44,,,113-0210843-2255118,
2025-10-17T20:09:17Z,shp_00004520,9400100000000000004520,delivered,USPS,Priority,14.93,0.00,14.93,,,SGW-7710810,
2025-10-17T20:20:24Z,shp_00004544,9400100000000000004544,delivered,USPS,GroundAdvantage,5.10,0.00,5.10,,,114-4510851-0467976,
2025-10-17T20:22:01Z,shp_00004476,9400100000000000004476,delivered,USPS,GroundAdvantage,3.40,0.00,3.40,,,113-9510706-8911122,
2025-10-17T20:24:04Z,shp_00004465,9400100000000000004465,delivered,USPS,GroundAdvantage,3.78,0.00,3.78,,,112-4710688-5256383,
2025-10-17T20:28:11Z,shp_00004500,9400100000000000004500,delivered,USPS,GroundAdvantage,6.24,0.00,6.24,,,m00000010756,
2025-10-17T20:31:40Z,shp_00004538,9400100000000000004538,delivered,USPS,GroundAdvantage,3.53,0.00,3.53,,,111-8310844-0532744,
2025-10-17T20:39:21Z,shp_00004511,9400100000000000004511,delivered,USPS,GroundAdvantage,6.89,0.00,6.89,,,SGW-7710797,
2025-10-17T20:46:21Z,shp_00004441,9400100000000000004441,delivered,USPS,Priority,9.63,0.00,9.63,,,SGW-7710638,
2025-10-17T20:48:10Z,shp_00004523,9400100000000000004523,in_transit,USPS,Priority,6.43,0.00,6.43,,,SGW-7710818,
2025-10-17T20:52:33Z,shp_00004504,9400100000000000004504,delivered,USPS,GroundAdvantage,7.67,0.00,7.67,,,SGW-7710784,
2025-10-17T20:54:40Z,shp_00004447,9400100000000000004447,delivered,USPS,GroundAdvantage,7.43,0.00,7.43,,,SGW-7710655,
2025-10-18T13:01:57Z,shp_00004606,9400100000000000004606,delivered,USPS,GroundAdvantage,3.86,0.00,3.86,,,113-4910989-9557663,
2025-10-18T13:07:38Z,shp_00004575,9400100000000000004575,delivered,USPS,GroundAdvantage,12.80,0.00,12.80,,,SGW-7710924,
2025-10-18T13:15:15Z,shp_00004598,9400100000000000004598,delivered,USPS,GroundAdvantage,5.04,0.00,5.04,,,114-0610974-7428003,
2025-10-18T13:22:10Z,shp_00004599,9400100000000000004599,delivered,USPS,GroundAdvantage,3.49,0.00,3.49,,,113-8910976-9159067,
2025-10-18T13:22:21Z,shp_00004627,9400100000000000004627,delivered,USPS,GroundAdvantage,6.43,0.00,6.43,,,m00000011032,
2025-10-18T13:31:34Z,shp_00004552,9400100000000000004552,delivered,USPS,GroundAdvantage,3.75,0.00,3.75,,,113-1410860-8255495,
2025-10-18T13:42:03Z,shp_00004621,9400100000000000004621,in_transit,USPS,GroundAdvantage,3.89,0.00,3.89,,,23-11019-45071,
2025-10-18T13:46:31Z,shp_00004508,9400100000000000004508,delivered,USPS,GroundAdvantage,10.14,0.00,10.14,,,SGW-7710792,
2025-10-18T13:52:09Z,shp_00004535,9400100000000000004535,delivered,USPS,GroundAdvantage,3.50,0.00,3.50,,,114-3610841-0604864,
2025-10-18T13:53:15Z,shp_00004620,9400100000000000004620,delivered,USPS,GroundAdvantage,5.34,0.00,5.34,,,02-11018-65410,
2025-10-18T13:54:34Z,shp_00004583,9400100000000000004583,delivered,USPS,Priority,5.56,0.00,5.56,,,SGW-7710948,
2025-10-18T13:58:32Z,shp_00004555,9400100000000000004555,delivered,USPS,GroundAdvantage,3.53,0.00,3.53,,,111-0210863-5953445,
2025-10-18T13:59:05Z,shp_00004594,9400100000000000004594,delivered,USPS,Priority,3.83,0.00,3.83,,,113-3210970-4596245,
2025-10-18T14:00:21Z,shp_00004618,9400100000000000004618,delivered,USPS,GroundAdvantage,3.45,0.00,3.45,,,111-2611007-0859042,
2025-10-18T14:11:35Z,shp_00004590,9400100000000000004590,delivered,USPS,Priority,11.23,0.00,11.23,,,SGW-7710963,
2025-10-18T14:20:32Z,shp_00004617,9400100000000000004617,in_transit,USPS,GroundAdvantage,3.41,0.00,3.41,,,112-8511004-0629846,
2025-10-18T14:24:02Z,shp_00004571,9400100000000000004571,delivered,USPS,GroundAdvantage,8.98,0.00,8.98,,,SGW-7710916,
2025-10-18T15:05:52Z,shp_00004512,9400100000000000004512,delivered,USPS,Priority,9.37,0.00,9.37,,,SGW-7710798,
2025-10-18T15:08:44Z,shp_00004588,9400100000000000004588,delivered,USPS,GroundAdvantage,8.99,0.00,8.99,,,SGW-7710958,
2025-10-18T15:18:46Z,shp_00004597,9400100000000000004597,delivered,USPS,GroundAdvantage,3.40,0.00,3.40,,,111-6610973-1703847,
2025-10-18T15:21:57Z,shp_00004631,9400100000000000004631,delivered,USPS,GroundAdvantage,6.24,0.00,6.24,,,m00000011040,
2025-10-18T15:29:10Z,shp_00004541,9400100000000000004541,delivered,USPS,GroundAdvantage,5.66,0.00,5.66,,,112-6310847-7857708,
2025-10-18T15:30:30Z,shp_00004624,9400100000000000004624,delivered,USPS,GroundAdvantage,5.27,0.00,5.27,,,16-11026-75663,
2025-10-18T15:36:53Z,shp_00004586,9400100000000000004586,delivered,USPS,GroundAdvantage,7.67,0.00,7.67,,,SGW-7710954,
2025-10-18T15:47:05Z,shp_00004601,9400100000000000004601,in_transit,USPS,GroundAdvantage,3.70,0.00,3.70,,,113-9210981-0915620,
2025-10-18T15:53:37Z,shp_00004570,9400100000000000004570,delivered,USPS,GroundAdvantage,6.18,0.00,6.18,,,m00000010905,
2025-10-18T15:55:52Z,shp_00004616,9400100000000000004616,delivered,USPS,GroundAdvantage,3.44,0.00,3.44,,,112-6311003-1110636,
2025-10-18T16:06:55Z,shp_00004574,9400100000000000004574,delivered,USPS,GroundAdvantage,8.46,0.00,8.46,,,SGW-7710923,
2025-10-18T16:21:52Z,shp_00004591,9400100000000000004591,delivered,USPS,GroundAdvantage,13.00,0.00,13.00,,,SGW-7710964,
2025-10-18T16:28:36Z,shp_00004623,9400100000000000004623,delivered,USPS,GroundAdvantage,7.79,0.00,7.79,,,22-11025-18894,
2025-10-18T16:44:00Z,shp_00004610,9400100000000000004610,delivered,USPS,Priority,3.64,0.00,3.64,,,113-9510996-6991479,
2025-10-18T16:46:25Z,shp_00004596,9400100000000000004596,delivered,USPS,GroundAdvantage,5.15,0.00,5.15,,,114-3410972-3298019,
2025-10-18T16:51:50Z,shp_00004554,9400100000000000004554,delivered,USPS,GroundAdvantage,3.48,0.00,3.48,,,111-3710862-7109354,
2025-10-18T16:57:10Z,shp_00004547,9400100000000000004547,in_transit,USPS,Priority,5.33,0.00,5.33,,,113-5310855-6161707,
2025-10-18T16:57:45Z,shp_00004579,9400100000000000004579,delivered,USPS,GroundAdvantage,7.70,0.00,7.70,,,SGW-7710937,
2025-10-18T17:17:15Z,shp_00004513,9400100000000000004513,delivered,USPS,GroundAdvantage,12.39,0.00,12.39,,,SGW-7710799,
2025-10-18T17:20:26Z,shp_00004584,9400100000000000004584,delivered,USPS,Priority,7.15,0.00,7.15,,,SGW-7710949,
2025-10-18T17:33:55Z,shp_00004450,9400100000000000004450,delivered,USPS,GroundAdvantage,6.59,0.00,6.59,,,SGW-7710660,
2025-10-18T17:52:01Z,shp_00004630,9400100000000000004630,delivered,USPS,GroundAdvantage,6.50,0.00,6.50,,,m00000011039,
2025-10-18T17:52:30Z,shp_00004625,9400100000000000004625,delivered,USPS,GroundAdvantage,6.08,0.00,6.08,,,05-11027-68583,
2025-10-18T18:00:03Z,shp_00004589,9400100000000000004589,delivered,USPS,GroundAdvantage,9.22,0.00,9.22,,,SGW-7710962,
2025-10-18T18:01:22Z,shp_00004480,9400100000000000004480,delivered,USPS,GroundAdvantage,5.15,0.00,5.15,,,114-5210713-0929077,
2025-10-18T18:02:46Z,shp_00004585,9400100000000000004585,in_transit,USPS,GroundAdvantage,10.32,0.00,10.32,,,SGW-7710950,
2025-10-18T18:04:23Z,shp_00004510,9400100000000000004510,delivered,USPS,Priority,6.70,0.00,6.70,,,SGW-7710795,
2025-10-18T18:20:29Z,shp_00004613,9400100000000000004613,delivered,USPS,Priority,5.06,0.00,5.06,,,111-9810999-3892818,
2025-10-18T18:26:19Z,shp_00004572,9400100000000000004572,delivered,USPS,GroundAdvantage,9.33,0.00,9.33,,,SGW-7710917,
2025-10-18T18:42:03Z,shp_00004629,9400100000000000004629,delivered,USPS,GroundAdvantage,6.47,0.00,6.47,,,m00000011037,
2025-10-18T18:43:25Z,shp_00004515,9400100000000000004515,delivered,USPS,Priority,14.59,0.00,14.59,,,SGW-7710801,
2025-10-18T18:52:00Z,shp_00004611,9400100000000000004611,delivered,USPS,GroundAdvantage,5.65,0.00,5.65,,,111-9210997-0686828,
2025-10-18T18:52:58Z,shp_00004545,9400100000000000004545,delivered,USPS,GroundAdvantage,3.80,0.00,3.80,,,113-2910853-1747683,
2025-10-18T19:02:45Z,shp_00004612,9400100000000000004612,delivered,USPS,GroundAdvantage,3.81,0.00,3.81,,,113-4110998-8064962,
2025-10-18T19:11:57Z,shp_00004577,9400100000000000004577,in_transit,USPS,Priority,8.83,0.00,8.83,,,SGW-7710926,
2025-10-18T19:12:46Z,shp_00004607,9400100000000000004607,delivered,USPS,GroundAdvantage,3.63,0.00,3.63,,,113-6010991-3730753,
2025-10-18T19:18:08Z,shp_00004605,9400100000000000004605,delivered,USPS,Priority,3.88,0.00,3.88,,,113-4610985-5313842,
2025-10-18T19:36:13Z,shp_00004622,9400100000000000004622,delivered,USPS,Priority,6.54,0.00,6.54,,,06-11020-51367,
2025-10-18T19:37:49Z,shp_00004608,9400100000000000004608,delivered,USPS,GroundAdvantage,3.72,0.00,3.72,,,112-7010992-7840269,
2025-10-18T19:42:37Z,shp_00004509,9400100000000000004509,delivered,USPS,Priority,13.92,0.00,13.92,,,SGW-7710794,
2025-10-18T20:02:46Z,shp_00004530,9400100000000000004530,delivered,USPS,GroundAdvantage,3.47,0.00,3.47,,,112-8610833-5802855,
2025-10-18T20:04:08Z,shp_00004573,9400100000000000004573,delivered,USPS,GroundAdvantage,13.16,0.00,13.16,,,SGW-7710920,
2025-10-18T20:56:01Z,shp_00004576,9400100000000000004576,delivered,USPS,Priority,6.01,0.00,6.01,,,SGW-7710925,
2025-10-18T20:58:00Z,shp_00004578,9400100000000000004578,in_transit,USPS,GroundAdvantage,10.92,0.00,10.92,,,SGW-7710933,
2025-10-19T13:11:44Z,shp_00004636,9400100000000000004636,delivered,USPS,GroundAdvantage,9.18,0.00,9.18,,,SGW-7711070,
2025-10-19T13:33:48Z,shp_00004687,9400100000000000004687,delivered,USPS,GroundAdvantage,3.37,0.00,3.37,,,114-8511181-3855356,
2025-10-19T13:34:35Z,shp_00004659,9400100000000000004659,delivered,USPS,GroundAdvantage,3.81,0.00,3.81,,,112-0211131-0723764,
2025-10-19T13:38:10Z,shp_00004672,9400100000000000004672,delivered,USPS,GroundAdvantage,3.35,0.00,3.35,,,114-4611155-0656901,
2025-10-19T13:38:43Z,shp_00004698,9400100000000000004698,delivered,USPS,GroundAdvantage,5.95,0.00,5.95,,,14-11212-88104,
2025-10-19T13:43:40Z,shp_00004653,9400100000000000004653,delivered,USPS,GroundAdvantage,10.89,0.00,10.89,,,SGW-7711116,
2025-10-19T13:48:05Z,shp_00004647,9400100000000000004647,delivered,USPS,GroundAdvantage,10.94,0.00,10.94,,,SGW-7711105,
2025-10-19T13:48:45Z,shp_00004650,9400100000000000004650,delivered,USPS,GroundAdvantage,12.10,0.00,12.10,,,SGW-7711108,
2025-10-19T13:50:10Z,shp_00004587,9400100000000000004587,in_transit,USPS,GroundAdvantage,12.97,0.00,12.97,,,SGW-7710956,
2025-10-19T13:52:14Z,shp_00004649,9400100000000000004649,delivered,USPS,GroundAdvantage,7.83,0.00,7.83,,,SGW-7711107,
2025-10-19T13:58:04Z,shp_00004690,9400100000000000004690,delivered,USPS,GroundAdvantage,5.66,0.00,5.66,,,02-11194-78070,
2025-10-19T14:09:30Z,shp_00004693,9400100000000000004693,delivered,USPS,GroundAdvantage,5.47,0.00,5.47,,,04-11202-87239,
2025-10-19T14:09:57Z,shp_00004661,9400100000000000004661,delivered,USPS,Priority,3.53,0.00,3.53,,,113-3711134-0007525,
2025-10-19T14:16:44Z,shp_00004663,9400100000000000004663,delivered,USPS,GroundAdvantage,3.31,0.00,3.31,,,113-3311136-3249714,
2025-10-19T14:20:53Z,shp_00004628,9400100000000000004628,delivered,USPS,GroundAdvantage,6.22,0.00,6.22,,,m00000011035,
2025-10-19T14:22:46Z,shp_00004681,9400100000000000004681,delivered,USPS,GroundAdvantage,3.91,0.00,3.91,,,112-8311173-3010264,
2025-10-19T14:23:56Z,shp_00004632,9400100000000000004632,delivered,USPS,GroundAdvantage,5.76,0.00,5.76,,,m00000011042,
2025-10-19T14:38:12Z,shp_00004639,9400100000000000004639,in_transit,USPS,GroundAdvantage,7.91,0.00,7.91,,,SGW-7711077,
2025-10-19T14:44:11Z,shp_00004660,9400100000000000004660,delivered,USPS,GroundAdvantage,3.70,0.00,3.70,,,111-5711133-5496387,
2025-10-19T14:46:38Z,shp_00004638,9400100000000000004638,delivered,USPS,GroundAdvantage,7.36,0.00,7.36,,,SGW-7711075,
2025-10-19T14:52:15Z,shp_00004582,9400100000000000004582,delivered,USPS,GroundAdvantage,13.15,0.00,13.15,,,SGW-7710946,
2025-10-19T15:14:45Z,shp_00004658,9400100000000000004658,delivered,USPS,Priority,3.88,0.00,3.88,,,112-0111130-0277762,
2025-10-19T15:27:00Z,shp_00004646,9400100000000000004646,delivered,USPS,GroundAdvantage,15.56,0.00,15.56,,,SGW-7711099,
2025-10-19T15:27:48Z,shp_00004700,9400100000000000004700,delivered,USPS,GroundAdvantage,5.93,0.00,5.93,,,m00000011221,
2025-10-19T15:28:23Z,shp_00004668,9400100000000000004668,delivered,USPS,GroundAdvantage,5.59,0.00,5.59,,,114-2811146-1736837,
2025-10-19T15:36:35Z,shp_00004641,9400100000000000004641,delivered,USPS,GroundAdvantage,7.66,0.00,7.66,,,SGW-7711087,
2025-10-19T15:44:32Z,shp_00004662,9400100000000000004662,in_transit,USPS,GroundAdvantage,3.29,0.00,3.29,,,114-0611135-9368353,
2025-10-19T15:44:46Z,shp_00004645,9400100000000000004645,delivered,USPS,GroundAdvantage,15.48,0.00,15.48,,,SGW-7711093,
2025-10-19T16:12:07Z,shp_00004685,9400100000000000004685,delivered,USPS,GroundAdvantage,3.88,0.00,3.88,,,111-2511179-3460677,
2025-10-19T16:20:54Z,shp_00004654,9400100000000000004654,delivered,USPS,Priority,8.52,0.00,8.52,,,SGW-7711122,
2025-10-19T16:29:19Z,shp_00004563,9400100000000000004563,delivered,USPS,GroundAdvantage,8.28,0.00,8.28,,,08-10889-43189,
2025-10-19T16:30:40Z,shp_00004648,9400100000000000004648,delivered,USPS,Priority,6.46,0.00,6.46,,,SGW-7711106,
2025-10-19T16:34:45Z,shp_00004595,9400100000000000004595,delivered,USPS,GroundAdvantage,3.84,0.00,3.84,,,112-5810971-8553879,
2025-10-19T16:40:33Z,shp_00004699,9400100000000000004699,delivered,USPS,GroundAdvantage,5.88,0.00,5.88,,,m00000011215,
2025-10-19T16:45:34Z,shp_00004676,9400100000000000004676,delivered,USPS,GroundAdvantage,5.50,0.00,5.50,,,111-7511167-6946002,
2025-10-19T16:51:11Z,shp_00004666,9400100000000000004666,in_transit,USPS,GroundAdvantage,5.84,0.00,5.84,,,113-8511143-2348801,
2025-10-19T17:06:26Z,shp_00004696,9400100000000000004696,delivered,USPS,GroundAdvantage,5.18,0.00,5.18,,,01-11209-72842,
2025-10-19T17:21:18Z,shp_00004526,9400100000000000004526,delivered,USPS,GroundAdvantage,17.63,0.00,17.63,,,SGW-7710824,
2025-10-19T17:36:37Z,shp_00004692,9400100000000000004692,delivered,USPS,GroundAdvantage,8.33,0.00,8.33,,,09-11197-15129,
2025-10-19T17:54:56Z,shp_00004634,9400100000000000004634,delivered,USPS,GroundAdvantage,6.29,0.00,6.29,,,SGW-7711067,
2025-10-19T18:02:03Z,shp_00004675,9400100000000000004675,delivered,USPS,Priority,3.38,0.00,3.38,,,114-8511164-9839788,
2025-10-19T18:12:11Z,shp_00004600,9400100000000000004600,delivered,USPS,GroundAdvantage,3.70,0.00,3.70,,,112-3010980-6010875,
2025-10-19T18:17:43Z,shp_00004642,9400100000000000004642,delivered,USPS,GroundAdvantage,22.13,0.00,22.13,,,SGW-7711088,
2025-10-19T18:19:07Z,shp_00004656,9400100000000000004656,delivered,USPS,GroundAdvantage,13.68,0.00,13.68,,,SGW-7711126,
2025-10-19T18:26:20Z,shp_00004626,9400100000000000004626,in_transit,USPS,GroundAdvantage,5.71,0.00,5.71,,,21-11030-56827,
2025-10-19T18:45:29Z,shp_00004615,9400100000000000004615,delivered,USPS,GroundAdvantage,5.85,0.00,5.85,,,113-2711002-7701425,
2025-10-19T18:46:16Z,shp_00004671,9400100000000000004671,delivered,USPS,Priority,3.32,0.00,3.32,,,114-4511151-5998207,
2025-10-19T18:46:37Z,shp_00004670,9400100000000000004670,delivered,USPS,Priority,4.95,0.00,4.95,,,114-9811150-6203541,
2025-10-19T18:52:16Z,shp_00004604,9400100000000000004604,delivered,USPS,Priority,5.46,0.00,5.46,,,111-7410984-6232248,
2025-10-19T19:02:11Z,shp_00004603,9400100000000000004603,delivered,USPS,GroundAdvantage,3.89,0.00,3.89,,,112-9310983-8099874,
2025-10-19T19:04:23Z,shp_00004683,9400100000000000004683,delivered,USPS,Priority,3.87,0.00,3.87,,,113-6411175-9689612,
2025-10-19T19:09:57Z,shp_00004694,9400100000000000004694,delivered,USPS,GroundAdvantage,9.57,0.00,9.57,,,01-11206-26692,
2025-10-19T19:11:15Z,shp_00004614,9400100000000000004614,delivered,USPS,GroundAdvantage,3.68,0.00,3.68,,,112-5511000-5678418,
2025-10-19T19:35:05Z,shp_00004655,9400100000000000004655,in_transit,USPS,GroundAdvantage,9.99,0.00,9.99,,,SGW-7711125,
2025-10-19T19:35:43Z,shp_00004640,9400100000000000004640,delivered,USPS,GroundAdvantage,10.71,0.00,10.71,,,SGW-7711082,
2025-10-19T19:37:37Z,shp_00004602,9400100000000000004602,delivered,USPS,GroundAdvantage,3.80,0.00,3.80,,,112-3010982-0069305,
2025-10-19T19:42:24Z,shp_00004592,9400100000000000004592,delivered,USPS,GroundAdvantage,20.68,0.00,20.68,,,SGW-7710965,
2025-10-19T19:44:48Z,shp_00004684,9400100000000000004684,delivered,USPS,GroundAdvantage,5.47,0.00,5.47,,,112-1211177-5923387,
2025-10-19T20:08:31Z,shp_00004633,9400100000000000004633,delivered,USPS,GroundAdvantage,5.69,0.00,5.69,,,SGW-7711063,
2025-10-19T20:16:10Z,shp_00004593,9400100000000000004593,delivered,USPS,GroundAdvantage,7.74,0.00,7.74,,,SGW-7710967,
2025-10-19T20:21:25Z,shp_00004677,9400100000000000004677,delivered,USPS,GroundAdvantage,3.42,0.00,3.42,,,113-4711169-3679589,
2025-10-19T20:44:34Z,shp_00004697,9400100000000000004697,delivered,USPS,GroundAdvantage,5.08,0.00,5.08,,,15-11211-19875,
2025-10-19T20:50:05Z,shp_00004674,9400100000000000004674,in_transit,USPS,Priority,3.49,0.00,3.49,,,112-2711163-4058066,
2025-10-19T20:51:48Z,shp_00004657,9400100000000000004657,delivered,USPS,GroundAdvantage,3.62,0.00,3.62,,,113-5411128-9244501,
2025-10-19T20:53:10Z,shp_00004664,9400100000000000004664,delivered,USPS,Priority,5.20,0.00,5.20,,,113-0011140-0305752,
2025-10-19T20:57:05Z,shp_00004643,9400100000000000004643,delivered,USPS,GroundAdvantage,8.22,0.00,8.22,,,SGW-7711091,
2025-10-20T13:04:34Z,shp_00004723,9400100000000000004723,delivered,USPS,Priority,3.88,0.00,3.88,,,111-7311300-7560967,
2025-10-20T13:07:57Z,shp_00004713,9400100000000000004713,delivered,USPS,GroundAdvantage,8.56,0.00,8.56,,,SGW-7711275,
2025-10-20T13:13:54Z,shp_00004712,9400100000000000004712,unknown,USPS,GroundAdvantage,9.31,0.00,9.31,,submitted,SGW-7711273,
2025-10-20T13:15:58Z,shp_00004711,9400100000000000004711,delivered,USPS,Priority,10.11,0.00,10.11,,,SGW-7711272,
2025-10-20T13:28:07Z,shp_00004702,9400100000000000004702,delivered,USPS,GroundAdvantage,10.63,0.00,10.63,,,SGW-7711241,
2025-10-20T13:30:24Z,shp_00004609,9400100000000000004609,in_transit,USPS,GroundAdvantage,3.90,0.00,3.90,,,111-2410994-1509708,
2025-10-20T13:34:02Z,shp_00004580,9400100000000000004580,delivered,USPS,GroundAdvantage,12.23,0.00,12.23,,,SGW-7710938,
2025-10-20T13:45:08Z,shp_00004719,9400100000000000004719,delivered,USPS,GroundAdvantage,3.56,0.00,3.56,,,112-5511291-9899305,
2025-10-20T14:05:26Z,shp_00004619,9400100000000000004619,delivered,USPS,Priority,3.33,0.00,3.33,,,114-5811010-5371216,
2025-10-20T14:06:36Z,shp_00004747,9400100000000000004747,delivered,USPS,GroundAdvantage,10.64,0.00,10.64,,,13-11347-80033,
2025-10-20T14:08:29Z,shp_00004665,9400100000000000004665,delivered,USPS,GroundAdvantage,3.68,0.00,3.68,,,114-8211142-6016005,
2025-10-20T14:31:38Z,shp_00004710,9400100000000000004710,delivered,USPS,GroundAdvantage,9.89,0.00,9.89,,,SGW-7711268,
2025-10-20T14:36:13Z,shp_00004652,9400100000000000004652,delivered,USPS,Priority,11.04,0.00,11.04,,,SGW-7711114,
2025-10-20T14:43:12Z,shp_00004720,9400100000000000004720,delivered,USPS,GroundAdvantage,3.52,0.00,3.52,,,111-8711293-3987336,
2025-10-20T14:58:10Z,shp_00004686,9400100000000000004686,in_transit,USPS,GroundAdvantage,3.82,0.00,3.82,,,111-4011180-0250078,
2025-10-20T15:03:09Z,shp_00004682,9400100000000000004682,delivered,USPS,GroundAdvantage,5.69,0.00,5.69,,,114-5711174-3773734,
2025-10-20T15:17:54Z,shp_00004637,9400100000000000004637,delivered,USPS,Priority,11.75,0.00,11.75,,,SGW-7711072,
2025-10-20T15:34:03Z,shp_00004731,9400100000000000004731,delivered,USPS,Priority,3.85,0.00,3.85,,,114-1911317-4293474,
2025-10-20T15:42:43Z,shp_00004733,9400100000000000004733,delivered,USPS,GroundAdvantage,5.00,0.00,5.00,,,112-6911319-3393738,
2025-10-20T15:51:02Z,shp_00004737,9400100000000000004737,delivered,USPS,Priority,3.41,0.00,3.41,,,114-7311324-0298464,
2025-10-20T15:52:55Z,shp_00004635,9400100000000000004635,delivered,USPS,Priority,7.98,0.00,7.98,,,SGW-7711069,
2025-10-20T15:55:12Z,shp_00004730,9400100000000000004730,delivered,USPS,GroundAdvantage,3.39,0.00,3.39,,,112-9111314-5447016,
2025-10-20T15:59:02Z,shp_00004738,9400100000000000004738,delivered,USPS,GroundAdvantage,5.33,0.00,5.33,,,112-7911325-9308470,
2025-10-20T16:11:48Z,shp_00004715,9400100000000000004715,in_transit,USPS,GroundAdvantage,8.16,0.00,8.16,,,SGW-7711279,
2025-10-20T16:14:17Z,shp_00004740,9400100000000000004740,delivered,USPS,GroundAdvantage,3.90,0.00,3.90,,,113-7111328-7592365,
2025-10-20T16:46:29Z,shp_00004718,9400100000000000004718,delivered,USPS,Priority,5.48,0.00,5.48,,,111-0611289-4379017,
2025-10-20T17:09:43Z,shp_00004732,9400100000000000004732,delivered,USPS,GroundAdvantage,3.60,0.00,3.60,,,113-5211318-7066984,
2025-10-20T17:23:46Z,shp_00004746,9400100000000000004746,delivered,USPS,Priority,5.02,0.00,5.02,,,27-11342-73973,
2025-10-20T17:43:56Z,shp_00004714,9400100000000000004714,delivered,USPS,GroundAdvantage,7.75,0.00,7.75,,,SGW-7711278,
2025-10-20T17:50:45Z,shp_00004739,9400100000000000004739,delivered,USPS,GroundAdvantage,3.55,0.00,3.55,,,112-8411326-5994657,
2025-10-20T18:02:23Z,shp_00004680,9400100000000000004680,delivered,USPS,GroundAdvantage,3.85,0.00,3.85,,,111-8511172-5031704,
2025-10-20T18:25:31Z,shp_00004701,9400100000000000004701,delivered,USPS,GroundAdvantage,7.29,0.00,7.29,,,SGW-7711240,
2025-10-20T18:47:43Z,shp_00004689,9400100000000000004689,in_transit,USPS,GroundAdvantage,3.67,0.00,3.67,,,14-11191-48807,
2025-10-20T18:53:38Z,shp_00004644,9400100000000000004644,delivered,USPS,GroundAdvantage,8.25,0.00,8.25,,,SGW-7711092,
2025-10-20T19:19:57Z,shp_00004688,9400100000000000004688,delivered,USPS,Priority,6.36,0.00,6.36,,,17-11186-71672,
2025-10-20T19:30:36Z,shp_00004727,9400100000000000004727,delivered,USPS,GroundAdvantage,3.77,0.00,3.77,,,111-6311311-0314475,
2025-10-20T19:36:49Z,shp_00004708,9400100000000000004708,delivered,USPS,GroundAdvantage,10.74,0.00,10.74,,,SGW-7711264,
2025-10-20T19:39:47Z,shp_00004748,9400100000000000004748,delivered,USPS,GroundAdvantage,6.46,0.00,6.46,,,m00000011352,
2025-10-20T19:48:15Z,shp_00004722,9400100000000000004722,delivered,USPS,GroundAdvantage,3.63,0.00,3.63,,,113-7511298-3849086,
2025-10-20T19:59:42Z,shp_00004667,9400100000000000004667,delivered,USPS,GroundAdvantage,3.77,0.00,3.77,,,112-2211144-7669724,
2025-10-20T20:08:39Z,shp_00004725,9400100000000000004725,delivered,USPS,GroundAdvantage,3.86,0.00,3.86,,,113-4811307-5703242,
2025-10-20T20:22:17Z,shp_00004741,9400100000000000004741,in_transit,USPS,Priority,3.53,0.00,3.53,,,112-3711329-0793493,
2025-10-20T20:25:39Z,shp_00004679,9400100000000000004679,delivered,USPS,GroundAdvantage,3.35,0.00,3.35,,,113-3311171-3538555,
2025-10-20T20:26:29Z,shp_00004726,9400100000000000004726,delivered,USPS,GroundAdvantage,5.57,0.00,5.57,,,114-7111309-2996676,
2025-10-20T20:33:01Z,shp_00004706,9400100000000000004706,delivered,USPS,GroundAdvantage,7.27,0.00,7.27,,,SGW-7711260,
2025-10-20T20:38:50Z,shp_00004581,9400100000000000004581,delivered,USPS,GroundAdvantage,8.84,0.00,8.84,,,SGW-7710939,
2025-10-20T20:40:14Z,shp_00004651,9400100000000000004651,delivered,USPS,GroundAdvantage,10.06,0.00,10.06,,,SGW-7711112,
2025-10-20T20:59:49Z,shp_00004735,9400100000000000004735,delivered,USPS,Priority,3.64,0.00,3.64,,,111-0211321-5696631,
2025-10-21T13:22:25Z,shp_00004742,9400100000000000004742,delivered,USPS,GroundAdvantage,9.53,0.00,9.53,,,01-11332-04897,
2025-10-21T13:27:05Z,shp_00004736,9400100000000000004736,delivered,USPS,GroundAdvantage,3.48,0.00,3.48,,,112-1911322-2017950,
2025-10-21T13:44:36Z,shp_00004765,9400100000000000004765,in_transit,USPS,GroundAdvantage,8.29,0.00,8.29,,,SGW-7711408,
2025-10-21T13:56:53Z,shp_00004783,9400100000000000004783,delivered,USPS,GroundAdvantage,3.65,0.00,3.65,,,112-9911445-6546698,
2025-10-21T13:59:38Z,shp_00004707,9400100000000000004707,delivered,USPS,GroundAdvantage,7.11,0.00,7.11,,,SGW-7711261,
2025-10-21T14:06:04Z,shp_00004793,9400100000000000004793,delivered,USPS,GroundAdvantage,3.86,0.00,3.86,,,111-9911463-7625051,
2025-10-21T14:07:26Z,shp_00004768,9400100000000000004768,delivered,USPS,GroundAdvantage,11.01,0.00,11.01,,,SGW-7711411,
2025-10-21T14:13:50Z,shp_00004728,9400100000000000004728,delivered,USPS,Priority,5.47,0.00,5.47,,,112-7611312-4167968,
2025-10-21T14:29:32Z,shp_00004763,9400100000000000004763,delivered,USPS,GroundAdvantage,10.60,0.00,10.60,,,SGW-7711406,
2025-10-21T14:41:21Z,shp_00004705,9400100000000000004705,delivered,USPS,GroundAdvantage,5.87,0.00,5.87,,,SGW-7711259,
2025-10-21T14:53:25Z,shp_00004777,9400100000000000004777,delivered,USPS,GroundAdvantage,5.25,0.00,5.25,,,112-1111432-0753877,
2025-10-21T14:56:05Z,shp_00004729,9400100000000000004729,in_transit,USPS,GroundAdvantage,3.52,0.00,3.52,,,114-7711313-2431911,
2025-10-21T15:09:43Z,shp_00004774,9400100000000000004774,delivered,USPS,GroundAdvantage,3.47,0.00,3.47,,,113-7311429-1043378,
2025-10-21T15:21:53Z,shp_00004758,9400100000000000004758,delivered,USPS,GroundAdvantage,9.49,0.00,9.49,,,SGW-7711396,
2025-10-21T15:37:49Z,shp_00004789,9400100000000000004789,delivered,USPS,GroundAdvantage,3.71,0.00,3.71,,,114-7911458-2518493,
2025-10-21T15:43:39Z,shp_00004804,9400100000000000004804,delivered,USPS,GroundAdvantage,3.97,0.00,3.97,,,08-11483-35273,
2025-10-21T15:44:32Z,shp_00004744,9400100000000000004744,delivered,USPS,GroundAdvantage,7.26,0.00,7.26,,,04-11334-71931,
2025-10-21T15:52:43Z,shp_00004759,9400100000000000004759,delivered,USPS,GroundAdvantage,6.80,0.00,6.80,,,SGW-7711398,
2025-10-21T15:55:40Z,shp_00004788,9400100000000000004788,delivered,USPS,Priority,3.82,0.00,3.82,,,111-7011454-7120168,
2025-10-21T15:58:11Z,shp_00004782,9400100000000000004782,delivered,USPS,GroundAdvantage,3.78,0.00,3.78,,,114-5211441-0657572,
2025-10-21T16:02:52Z,shp_00004673,9400100000000000004673,in_transit,USPS,GroundAdvantage,3.71,0.00,3.71,,,111-0811160-7344593,
2025-10-21T16:10:41Z,shp_00004776,9400100000000000004776,delivered,USPS,GroundAdvantage,3.47,0.00,3.47,,,112-5511431-1871729,
2025-10-21T16:16:05Z,shp_00004751,9400100000000000004751,delivered,USPS,Priority,9.58,0.00,9.58,,,SGW-7711381,
2025-10-21T16:19:18Z,shp_00004808,9400100000000000004808,delivered,USPS,GroundAdvantage,6.79,0.00,6.79,,,m00000011499,
2025-10-21T16:19:42Z,shp_00004805,9400100000000000004805,delivered,USPS,GroundAdvantage,5.72,0.00,5.72,,,17-11484-19230,
2025-10-21T16:20:13Z,shp_00004798,9400100000000000004798,delivered,USPS,GroundAdvantage,3.61,0.00,3.61,,,112-8511470-5963879,
2025-10-21T16:20:40Z,shp_00004716,9400100000000000004716,delivered,USPS,GroundAdvantage,6.62,0.00,6.62,,,SGW-7711285,
2025-10-21T16:28:40Z,shp_00004745,9400100000000000004745,delivered,USPS,GroundAdvantage,4.41,0.00,4.41,,,27-11338-69923,
2025-10-21T16:39:57Z,shp_00004801,9400100000000000004801,delivered,USPS,GroundAdvantage,3.39,0.00,3.39,,,113-6311473-8733185,
2025-10-21T16:41:38Z,shp_00004773,9400100000000000004773,in_transit,USPS,GroundAdvantage,9.17,0.00,9.17,,,SGW-7711422,
2025-10-21T16:41:43Z,shp_00004786,9400100000000000004786,delivered,USPS,GroundAdvantage,3.53,0.00,3.53,,,111-5011448-5511048,
2025-10-21T16:46:55Z,shp_00004691,9400100000000000004691,delivered,USPS,GroundAdvantage,4.33,0.00,4.33,,,23-11196-46872,
2025-10-21T17:01:17Z,shp_00004752,9400100000000000004752,delivered,USPS,GroundAdvantage,9.36,0.00,9.36,,,SGW-7711382,
2025-10-21T17:01:51Z,shp_00004787,9400100000000000004787,delivered,USPS,GroundAdvantage,5.69,0.00,5.69,,,112-4211451-2083291,
2025-10-21T17:02:46Z,shp_00004772,9400100000000000004772,delivered,USPS,GroundAdvantage,8.78,0.00,8.78,,,SGW-7711420,
2025-10-21T17:14:05Z,shp_00004797,9400100000000000004797,delivered,USPS,GroundAdvantage,5.84,0.00,5.84,,,114-1511468-9347780,
2025-10-21T17:18:21Z,shp_00004678,9400100000000000004678,delivered,USPS,Priority,5.16,0.00,5.16,,,113-7811170-6292829,
2025-10-21T17:18:28Z,shp_00004754,9400100000000000004754,delivered,USPS,GroundAdvantage,7.16,0.00,7.16,,,SGW-7711384,
2025-10-21T17:25:29Z,shp_00004695,9400100000000000004695,in_transit,USPS,GroundAdvantage,10.32,0.00,10.32,,,08-11207-64247,
2025-10-21T17:29:26Z,shp_00004721,9400100000000000004721,delivered,USPS,Priority,3.57,0.00,3.57,,,111-7311295-7548295,
2025-10-21T17:44:44Z,shp_00004704,9400100000000000004704,delivered,USPS,GroundAdvantage,9.65,0.00,9.65,,,SGW-7711243,
2025-10-21T17:46:23Z,shp_00004771,9400100000000000004771,delivered,USPS,GroundAdvantage,8.90,0.00,8.90,,,SGW-7711417,
2025-10-21T17:48:23Z,shp_00004734,9400100000000000004734,delivered,USPS,GroundAdvantage,5.05,0.00,5.05,,,111-7711320-6085067,
2025-10-21T17:48:32Z,shp_00004790,9400100000000000004790,delivered,USPS,Priority,5.64,0.00,5.64,,,111-3511459-5203480,
2025-10-21T18:01:09Z,shp_00004762,9400100000000000004762,delivered,USPS,Priority,9.13,0.00,9.13,,,SGW-7711404,
2025-10-21T18:15:54Z,shp_00004779,9400100000000000004779,delivered,USPS,GroundAdvantage,5.60,0.00,5.60,,,111-1211437-3599523,
2025-10-21T18:44:42Z,shp_00004800,9400100000000000004800,delivered,USPS,GroundAdvantage,3.70,0.00,3.70,,,113-1811472-8982558,
2025-10-21T18:49:58Z,shp_00004796,9400100000000000004796,in_transit,USPS,Priority,3.77,0.00,3.77,,,114-5811467-8599548,
2025-10-21T18:55:04Z,shp_00004794,9400100000000000004794,delivered,USPS,Priority,5.18,0.00,5.18,,,111-9911464-5837907,
2025-10-21T19:16:48Z,shp_00004803,9400100000000000004803,delivered,USPS,GroundAdvantage,8.93,0.00,8.93,,,12-11476-22831,
2025-10-21T19:17:40Z,shp_00004750,9400100000000000004750,delivered,USPS,GroundAdvantage,5.08,0.00,5.08,,,SGW-7711380,
2025-10-21T19:21:20Z,shp_00004703,9400100000000000004703,delivered,USPS,Priority,11.43,0.00,11.43,,,SGW-7711242,
2025-10-21T19:25:59Z,shp_00004764,9400100000000000004764,delivered,USPS,GroundAdvantage,9.00,0.00,9.00,,,SGW-7711407,
2025-10-21T19:36:11Z,shp_00004749,9400100000000000004749,delivered,USPS,GroundAdvantage,6.13,0.00,6.13,,,m00000011354,
2025-10-21T19:37:22Z,shp_00004806,9400100000000000004806,delivered,USPS,GroundAdvantage,4.92,0.00,4.92,,,05-11486-46700,
2025-10-21T19:49:27Z,shp_00004810,9400100000000000004810,delivered,USPS,GroundAdvantage,6.33,0.00,6.33,,,m00000011508,
2025-10-21T19:59:26Z,shp_00004709,9400100000000000004709,in_transit,USPS,GroundAdvantage,7.37,0.00,7.37,,,SGW-7711266,
2025-10-21T20:10:16Z,shp_00004761,9400100000000000004761,delivered,USPS,GroundAdvantage,7.82,0.00,7.82,,,SGW-7711401,
2025-10-21T20:20:04Z,shp_00004780,9400100000000000004780,delivered,USPS,GroundAdvantage,3.38,0.00,3.38,,,111-9111438-0617529,
2025-10-21T20:27:30Z,shp_00004743,9400100000000000004743,delivered,USPS,GroundAdvantage,4.70,0.00,4.70,,,16-11333-50971,
2025-10-21T20:29:14Z,shp_00004669,9400100000000000004669,delivered,USPS,GroundAdvantage,3.57,0.00,3.57,,,114-8311149-6168956,
2025-10-21T20:38:48Z,shp_00004792,9400100000000000004792,delivered,USPS,GroundAdvantage,5.03,0.00,5.03,,,112-6911462-2967279,
2025-10-21T20:42:24Z,shp_00004791,9400100000000000004791,delivered,USPS,GroundAdvantage,3.29,0.00,3.29,,,112-0411461-5657131,
2025-10-21T20:43:24Z,shp_00004766,9400100000000000004766,delivered,USPS,GroundAdvantage,7.69,0.00,7.69,,,SGW-7711409,
2025-10-21T20:43:25Z,shp_00004755,9400100000000000004755,delivered,USPS,GroundAdvantage,11.94,0.00,11.94,,,SGW-7711389,
2025-10-21T20:50:47Z,shp_00004799,9400100000000000004799,in_transit,USPS,GroundAdvantage,3.66,0.00,3.66,,,113-3111471-1914014,
2025-10-21T20:51:18Z,shp_00004717,9400100000000000004717,delivered,USPS,GroundAdvantage,3.33,0.00,3.33,,,112-5111288-0565109,
2025-10-22T13:02:39Z,shp_00004809,9400100000000000004809,delivered,USPS,GroundAdvantage,6.43,0.00,6.43,,,m00000011500,
2025-10-22T13:05:38Z,shp_00004815,9400100000000000004815,delivered,USPS,GroundAdvantage,14.23,0.00,14.23,,,SGW-7711537,
2025-10-22T13:14:06Z,shp_00004856,9400100000000000004856,delivered,USPS,Priority,6.33,0.00,6.33,,,24-11636-39590,
2025-10-22T13:37:59Z,shp_00004857,9400100000000000004857,delivered,USPS,GroundAdvantage,9.35,0.00,9.35,,,11-11640-43687,
2025-10-22T13:43:51Z,shp_00004831,9400100000000000004831,delivered,USPS,GroundAdvantage,3.68,0.00,3.68,,,113-9911581-0019203,
2025-10-22T13:52:44Z,shp_00004724,9400100000000000004724,delivered,USPS,Priority,3.85,0.00,3.85,,,112-8711306-6132485,
2025-10-22T13:59:15Z,shp_00004845,9400100000000000004845,delivered,USPS,GroundAdvantage,3.31,0.00,3.31,,,113-5111609-4743303,
2025-10-22T14:10:04Z,shp_00004858,9400100000000000004858,in_transit,USPS,Priority,6.24,0.00,6.24,,,m00000011643,
2025-10-22T14:17:12Z,shp_00004820,9400100000000000004820,delivered,USPS,GroundAdvantage,9.94,0.00,9.94,,,SGW-7711551,
2025-10-22T14:22:51Z,shp_00004844,9400100000000000004844,delivered,USPS,GroundAdvantage,3.64,0.00,3.64,,,111-8111608-0282138,
2025-10-22T14:40:28Z,shp_00004817,9400100000000000004817,delivered,USPS,GroundAdvantage,7.39,0.00,7.39,,,SGW-7711543,
2025-10-22T15:03:48Z,shp_00004802,9400100000000000004802,delivered,USPS,GroundAdvantage,5.67,0.00,5.67,,,27-11475-75686,
2025-10-22T15:26:07Z,shp_00004756,9400100000000000004756,delivered,USPS,Priority,8.00,0.00,8.00,,,SGW-7711390,
2025-10-22T15:40:05Z,shp_00004822,9400100000000000004822,delivered,USPS,GroundAdvantage,8.79,0.00,8.79,,,SGW-7711556,
2025-10-22T16:04:22Z,shp_00004855,9400100000000000004855,delivered,USPS,Priority,6.42,0.00,6.42,,,04-11635-34224,
2025-10-22T16:04:59Z,shp_00004852,9400100000000000004852,delivered,USPS,GroundAdvantage,5.26,0.00,5.26,,,02-11626-77419,
2025-10-22T16:12:37Z,shp_00004847,9400100000000000004847,in_transit,USPS,GroundAdvantage,3.37,0.00,3.37,,,114-0711613-1541025,
2025-10-22T16:26:54Z,shp_00004825,9400100000000000004825,delivered,USPS,Priority,9.36,0.00,9.36,,,SGW-7711559,
2025-10-22T16:34:33Z,shp_00004812,9400100000000000004812,delivered,USPS,GroundAdvantage,11.79,0.00,11.79,,,SGW-7711530,
2025-10-22T16:39:35Z,shp_00004838,9400100000000000004838,delivered,USPS,GroundAdvantage,5.63,0.00,5.63,,,114-8011592-7081400,
2025-10-22T16:43:01Z,shp_00004819,9400100000000000004819,delivered,USPS,Priority,11.26,0.00,11.26,,,SGW-7711546,
2025-10-22T17:09:57Z,shp_00004836,9400100000000000004836,delivered,USPS,GroundAdvantage,3.39,0.00,3.39,,,111-5411589-9306013,
2025-10-22T17:15:24Z,shp_00004767,9400100000000000004767,delivered,USPS,GroundAdvantage,8.67,0.00,8.67,,,SGW-7711410,
2025-10-22T17:31:59Z,shp_00004827,9400100000000000004827,delivered,USPS,Priority,5.35,0.00,5.35,,,112-3611575-8551079,
2025-10-22T17:41:02Z,shp_00004851,9400100000000000004851,delivered,USPS,GroundAdvantage,4.56,0.00,4.56,,,03-11625-13699,
2025-10-22T17:42:11Z,shp_00004832,9400100000000000004832,in_transit,USPS,Priority,3.86,0.00,3.86,,,111-6911582-1888579,
2025-10-22T17:48:01Z,shp_00004784,9400100000000000004784,delivered,USPS,GroundAdvantage,4.93,0.00,4.93,,,114-8011446-2708042,
2025-10-22T17:53:45Z,shp_00004770,9400100000000000004770,delivered,USPS,Priority,6.71,0.00,6.71,,,SGW-7711414,
2025-10-22T17:55:15Z,shp_00004830,9400100000000000004830,delivered,USPS,GroundAdvantage,3.72,0.00,3.72,,,113-8411580-3273915,
2025-10-22T18:06:13Z,shp_00004785,9400100000000000004785,delivered,USPS,GroundAdvantage,3.35,0.00,3.35,,,112-2211447-7556400,
2025-10-22T18:19:43Z,shp_00004816,9400100000000000004816,delivered,USPS,Priority,7.99,0.00,7.99,,,SGW-7711541,
2025-10-22T18:35:03Z,shp_00004813,9400100000000000004813,delivered,USPS,GroundAdvantage,7.51,0.00,7.51,,,SGW-7711534,
2025-10-22T18:37:04Z,shp_00004850,9400100000000000004850,delivered,USPS,Priority,6.61,0.00,6.61,,,18-11618-77566,
2025-10-22T18:42:27Z,shp_00004757,9400100000000000004757,delivered,USPS,GroundAdvantage,8.65,0.00,8.65,,,SGW-7711393,
2025-10-22T19:06:35Z,shp_00004840,9400100000000000004840,in_transit,USPS,Priority,3.36,0.00,3.36,,,113-1211598-2818405,
2025-10-22T19:19:10Z,shp_00004841,9400100000000000004841,delivered,USPS,GroundAdvantage,3.56,0.00,3.56,,,114-0711599-6191360,
2025-10-22T19:21:17Z,shp_00004778,9400100000000000004778,delivered,USPS,GroundAdvantage,5.65,0.00,5.65,,,114-4711433-6626301,
2025-10-22T19:32:56Z,shp_00004839,9400100000000000004839,delivered,USPS,GroundAdvantage,5.26,0.00,5.26,,,112-2511594-8862766,
2025-10-22T19:41:10Z,shp_00004824,9400100000000000004824,delivered,USPS,Priority,9.97,0.00,9.97,,,SGW-7711558,
2025-10-22T19:48:07Z,shp_00004842,9400100000000000004842,delivered,USPS,GroundAdvantage,3.76,0.00,3.76,,,112-8411600-1458010,
2025-10-22T19:50:25Z,shp_00004821,9400100000000000004821,delivered,USPS,GroundAdvantage,9.57,0.00,9.57,,,SGW-7711553,
2025-10-22T20:02:32Z,shp_00004854,9400100000000000004854,delivered,USPS,Priority,5.54,0.00,5.54,,,21-11633-21399,
2025-10-22T20:04:38Z,shp_00004769,9400100000000000004769,delivered,USPS,GroundAdvantage,9.57,0.00,9.57,,,SGW-7711413,
2025-10-22T20:56:02Z,shp_00004818,9400100000000000004818,in_transit,USPS,GroundAdvantage,6.04,0.00,6.04,,,SGW-7711544,
2025-10-23T13:06:40Z,shp_00004898,9400100000000000004898,delivered,USPS,GroundAdvantage,3.56,0.00,3.56,,,113-9511744-1787064,
2025-10-23T13:17:10Z,shp_00004849,9400100000000000004849,delivered,USPS,GroundAdvantage,6.78,0.00,6.78,,,25-11617-86291,
2025-10-23T13:20:30Z,shp_00004795,9400100000000000004795,delivered,USPS,GroundAdvantage,3.88,0.00,3.88,,,112-3011466-2233810,
2025-10-23T13:23:38Z,shp_00004863,9400100000000000004863,delivered,USPS,GroundAdvantage,8.05,0.00,8.05,,,SGW-7711681,
2025-10-23T13:32:23Z,shp_00004826,9400100000000000004826,delivered,USPS,GroundAdvantage,8.55,0.00,8.55,,,SGW-7711568,
2025-10-23T13:34:44Z,shp_00004848,9400100000000000004848,delivered,USPS,GroundAdvantage,3.59,0.00,3.59,,,112-6811616-4558489,
2025-10-23T13:42:31Z,shp_00004879,9400100000000000004879,delivered,USPS,GroundAdvantage,3.69,0.00,3.69,,,114-0411721-3507086,
2025-10-23T13:58:49Z,shp_00004887,9400100000000000004887,delivered,USPS,GroundAdvantage,3.61,0.00,3.61,,,114-7911729-0253751,
2025-10-23T14:18:25Z,shp_00004901,9400100000000000004901,in_transit,USPS,GroundAdvantage,14.29,0.00,14.29,,,26-11755-95118,
2025-10-23T14:19:32Z,shp_00004843,9400100000000000004843,delivered,USPS,GroundAdvantage,3.40,0.00,3.40,,,112-3411603-5309484,
2025-10-23T14:23:47Z,shp_00004880,9400100000000000004880,delivered,USPS,Priority,3.29,0.00,3.29,,,112-6111722-2409771,
2025-10-23T14:25:56Z,shp_00004876,9400100000000000004876,delivered,USPS,GroundAdvantage,3.58,0.00,3.58,,,114-3411710-2793687,
2025-10-23T14:29:44Z,shp_00004760,9400100000000000004760,delivered,USPS,GroundAdvantage,6.43,0.00,6.43,,,SGW-7711399,
2025-10-23T14:33:57Z,shp_00004902,9400100000000000004902,delivered,USPS,GroundAdvantage,8.42,0.00,8.42,,,13-11757-32654,
2025-10-23T14:37:36Z,shp_00004823,9400100000000000004823,delivered,USPS,Priority,9.40,0.00,9.40,,,SGW-7711557,
2025-10-23T14:59:34Z,shp_00004872,9400100000000000004872,delivered,USPS,GroundAdvantage,5.67,0.00,5.67,,,111-2611705-4618880,
2025-10-23T15:11:15Z,shp_00004833,9400100000000000004833,delivered,USPS,GroundAdvantage,5.77,0.00,5.77,,,113-3511584-9578256,
2025-10-23T15:14:44Z,shp_00004875,9400100000000000004875,in_transit,USPS,GroundAdvantage,3.72,0.00,3.72,,,114-4611709-6971946,
2025-10-23T15:16:10Z,shp_00004828,9400100000000000004828,delivered,USPS,GroundAdvantage,3.72,0.00,3.72,,,114-9311576-7346023,
2025-10-23T15:17:35Z,shp_00004889,9400100000000000004889,delivered,USPS,Priority,3.33,0.00,3.33,,,113-2711732-3679951,
2025-10-23T15:22:13Z,shp_00004874,9400100000000000004874,delivered,USPS,Priority,5.02,0.00,5.02,,,114-0211707-6760304,
2025-10-23T15:51:07Z,shp_00004837,9400100000000000004837,delivered,USPS,GroundAdvantage,3.82,0.00,3.82,,,114-2411591-2010252,
2025-10-23T15:53:42Z,shp_00004884,9400100000000000004884,delivered,USPS,GroundAdvantage,3.70,0.00,3.70,,,111-5711726-0688585,
2025-10-23T16:16:07Z,shp_00004883,9400100000000000004883,delivered,USPS,Priority,3.90,0.00,3.90,,,114-9011725-1106799,
2025-10-23T16:27:36Z,shp_00004909,9400100000000000004909,delivered,USPS,Priority,9.29,0.00,9.29,,,14-11778-54499,
2025-10-23T16:52:44Z,shp_00004888,9400100000000000004888,delivered,USPS,Priority,3.57,0.00,3.57,,,113-9211730-3525498,
2025-10-23T16:52:48Z,shp_00004911,9400100000000000004911,in_transit,USPS,GroundAdvantage,5.92,0.00,5.92,,,m00000011789,
2025-10-23T17:07:09Z,shp_00004829,9400100000000000004829,delivered,USPS,Priority,3.54,0.00,3.54,,,112-6911579-0706841,
2025-10-23T17:09:03Z,shp_00004892,9400100000000000004892,delivered,USPS,GroundAdvantage,3.64,0.00,3.64,,,114-2411735-8606422,
2025-10-23T17:16:40Z,shp_00004891,9400100000000000004891,delivered,USPS,GroundAdvantage,3.70,0.00,3.70,,,112-4611734-2167178,
2025-10-23T17:21:48Z,shp_00004904,9400100000000000004904,delivered,USPS,Priority,4.88,0.00,4.88,,,19-11761-20444,
2025-10-23T17:28:24Z,shp_00004910,9400100000000000004910,delivered,USPS,GroundAdvantage,6.04,0.00,6.04,,,m00000011787,
2025-10-23T17:36:50Z,shp_00004835,9400100000000000004835,delivered,USPS,GroundAdvantage,3.43,0.00,3.43,,,112-9511586-8739145,
2025-10-23T17:46:16Z,shp_00004814,9400100000000000004814,delivered,USPS,GroundAdvantage,9.37,0.00,9.37,,,SGW-7711536,
2025-10-23T17:46:31Z,shp_00004834,9400100000000000004834,delivered,USPS,GroundAdvantage,3.47,0.00,3.47,,,114-1611585-3128423,
2025-10-23T17:48:34Z,shp_00004881,9400100000000000004881,in_transit,USPS,GroundAdvantage,3.65,0.00,3.65,,,114-0311723-5503177,
2025-10-23T18:19:19Z,shp_00004870,9400100000000000004870,delivered,USPS,GroundAdvantage,14.52,0.00,14.52,,,SGW-7711700,
2025-10-23T18:19:31Z,shp_00004882,9400100000000000004882,delivered,USPS,Priority,3.62,0.00,3.62,,,113-3511724-8004448,
2025-10-23T18:24:17Z,shp_00004868,9400100000000000004868,delivered,USPS,Priority,7.41,0.00,7.41,,,SGW-7711696,
2025-10-23T18:29:50Z,shp_00004899,9400100000000000004899,delivered,USPS,GroundAdvantage,3.87,0.00,3.87,,,111-7011745-4117854,
2025-10-23T18:49:18Z,shp_00004865,9400100000000000004865,delivered,USPS,GroundAdvantage,8.88,0.00,8.88,,,SGW-7711691,
2025-10-23T18:49:28Z,shp_00004897,9400100000000000004897,delivered,USPS,GroundAdvantage,5.33,0.00,5.33,,,114-2211743-3384872,
2025-10-23T18:51:27Z,shp_00004807,9400100000000000004807,delivered,USPS,GroundAdvantage,5.54,0.00,5.54,,,03-11492-72400,
2025-10-23T18:55:47Z,shp_00004846,9400100000000000004846,delivered,USPS,GroundAdvantage,3.61,0.00,3.61,,,114-6111610-6262351,
2025-10-23T19:09:53Z,shp_00004775,9400100000000000004775,in_transit,USPS,Priority,5.81,0.00,5.81,,,114-6611430-7683892,
2025-10-23T19:15:22Z,shp_00004867,9400100000000000004867,delivered,USPS,Priority,18.99,0.00,18.99,,,SGW-7711694,
2025-10-23T19:16:09Z,shp_00004896,9400100000000000004896,delivered,USPS,GroundAdvantage,5.73,0.00,5.73,,,114-4211742-7347530,
2025-10-23T19:31:12Z,shp_00004753,9400100000000000004753,delivered,USPS,GroundAdvantage,8.15,0.00,8.15,,,SGW-7711383,
2025-10-23T19:42:29Z,shp_00004869,9400100000000000004869,delivered,USPS,GroundAdvantage,6.81,0.00,6.81,,,SGW-7711697,
2025-10-23T19:47:42Z,shp_00004871,9400100000000000004871,delivered,USPS,GroundAdvantage,9.73,0.00,9.73,,,SGW-7711701,
2025-10-23T19:50:48Z,shp_00004811,9400100000000000004811,delivered,USPS,GroundAdvantage,11.61,0.00,11.61,,,SGW-7711525,
2025-10-23T20:19:02Z,shp_00004853,9400100000000000004853,delivered,USPS,GroundAdvantage,3.21,0.00,3.21,,,08-11629-29347,
2025-10-23T20:21:14Z,shp_00004886,9400100000000000004886,delivered,USPS,GroundAdvantage,3.53,0.00,3.53,,,111-0311728-3510846,
2025-10-23T20:30:56Z,shp_00004862,9400100000000000004862,in_transit,USPS,Priority,12.26,0.00,12.26,,,SGW-7711677,
2025-10-23T20:40:25Z,shp_00004864,9400100000000000004864,delivered,USPS,Priority,8.25,0.00,8.25,,,SGW-7711690,
2025-10-23T20:41:46Z,shp_00004900,9400100000000000004900,delivered,USPS,GroundAdvantage,3.88,0.00,3.88,,,112-2111746-3994459,
2025-10-23T20:49:30Z,shp_00004907,9400100000000000004907,delivered,USPS,Priority,6.43,0.00,6.43,,,12-11768-74318,
2025-10-23T20:50:21Z,shp_00004781,9400100000000000004781,delivered,USPS,GroundAdvantage,3.64,0.00,3.64,,,112-7711440-2378924,
2025-10-23T20:53:05Z,shp_00004908,9400100000000000004908,delivered,USPS,GroundAdvantage,5.02,0.00,5.02,,,15-11775-53934,
2025-10-24T13:00:10Z,shp_00004932,9400100000000000004932,delivered,USPS,GroundAdvantage,3.79,0.00,3.79,,,111-3811847-2121190,
2025-10-24T13:05:31Z,shp_00004941,9400100000000000004941,delivered,USPS,GroundAdvantage,3.44,0.00,3.44,,,113-9211864-8007832,
2025-10-24T13:07:37Z,shp_00004895,9400100000000000004895,delivered,USPS,GroundAdvantage,3.52,0.00,3.52,,,112-9011740-1795215,
2025-10-24T13:23:18Z,shp_00004931,9400100000000000004931,in_transit,USPS,GroundAdvantage,3.83,0.00,3.83,,,112-1011846-6458736,
2025-10-24T13:28:40Z,shp_00004979,9400100000000000004979,delivered,USPS,GroundAdvantage,6.16,0.00,6.16,,,m00000011929,
2025-10-24T13:32:18Z,shp_00004923,9400100000000000004923,delivered,USPS,GroundAdvantage,7.54,0.00,7.54,,,SGW-7711829,
2025-10-24T13:36:49Z,shp_00004935,9400100000000000004935,delivered,USPS,GroundAdvantage,3.77,0.00,3.77,,,111-7211852-8896431,
2025-10-24T13:38:19Z,shp_00004975,9400100000000000004975,delivered,USPS,GroundAdvantage,5.16,0.00,5.16,,,14-11923-28739,
2025-10-24T13:39:25Z,shp_00004912,9400100000000000004912,delivered,USPS,GroundAdvantage,13.57,0.00,13.57,,,SGW-7711802,
2025-10-24T13:47:29Z,shp_00004969,9400100000000000004969,delivered,USPS,GroundAdvantage,8.44,0.00,8.44,,,15-11905-10665,
2025-10-24T13:57:56Z,shp_00004917,9400100000000000004917,delivered,USPS,GroundAdvantage,10.95,0.00,10.95,,,SGW-7711810,
2025-10-24T14:05:06Z,shp_00004920,9400100000000000004920,delivered,USPS,GroundAdvantage,8.85,0.00,8.85,,,SGW-7711820,
2025-10-24T14:05:13Z,shp_00004951,9400100000000000004951,in_transit,USPS,GroundAdvantage,5.44,0.00,5.44,,,112-5611877-8540551,
2025-10-24T14:06:19Z,shp_00004915,9400100000000000004915,delivered,USPS,GroundAdvantage,12.41,0.00,12.41,,,SGW-7711807,
2025-10-24T14:10:24Z,shp_00004973,9400100000000000004973,delivered,USPS,GroundAdvantage,10.65,0.00,10.65,,,01-11918-62613,
2025-10-24T14:16:04Z,shp_00004978,9400100000000000004978,delivered,USPS,GroundAdvantage,5.85,0.00,5.85,,,10-11928-91803,
2025-10-24T14:29:23Z,shp_00004945,9400100000000000004945,delivered,USPS,GroundAdvantage,3.81,0.00,3.81,,,113-8011870-9386686,
2025-10-24T15:01:26Z,shp_00004947,9400100000000000004947,delivered,USPS,GroundAdvantage,5.51,0.00,5.51,,,112-1511873-0606445,
2025-10-24T15:07:11Z,shp_00004860,9400100000000000004860,delivered,USPS,GroundAdvantage,12.72,0.00,12.72,,,SGW-7711668,
2025-10-24T15:18:58Z,shp_00004919,9400100000000000004919,delivered,USPS,GroundAdvantage,5.22,0.00,5.22,,,SGW-7711816,
2025-10-24T15:26:58Z,shp_00004942,9400100000000000004942,delivered,USPS,Priority,5.72,0.00,5.72,,,111-4411865-1160807,
2025-10-24T15:27:19Z,shp_00004962,9400100000000000004962,in_transit,USPS,GroundAdvantage,3.57,0.00,3.57,,,113-9111892-8107539,
2025-10-24T15:34:28Z,shp_00004859,9400100000000000004859,delivered,USPS,GroundAdvantage,8.49,0.00,8.49,,,SGW-7711667,
2025-10-24T15:36:08Z,shp_00004929,9400100000000000004929,delivered,USPS,Priority,7.37,0.00,7.37,,,SGW-7711839,
2025-10-24T15:38:16Z,shp_00004927,9400100000000000004927,delivered,USPS,GroundAdvantage,15.65,0.00,15.65,,,SGW-7711835,
2025-10-24T15:39:11Z,shp_00004937,9400100000000000004937,delivered,USPS,Priority,3.80,0.00,3.80,,,114-4911854-4733526,
2025-10-24T15:54:33Z,shp_00004958,9400100000000000004958,delivered,USPS,GroundAdvantage,3.81,0.00,3.81,,,114-3511887-6396684,
2025-10-24T15:57:08Z,shp_00004893,9400100000000000004893,delivered,USPS,GroundAdvantage,3.30,0.00,3.30,,,114-5811736-7315559,
2025-10-24T15:59:40Z,shp_00004873,9400100000000000004873,delivered,USPS,Priority,5.15,0.00,5.15,,,114-4311706-4718754,
2025-10-24T16:06:17Z,shp_00004877,9400100000000000004877,delivered,USPS,Priority,3.72,0.00,3.72,,,113-7311713-6488669,
2025-10-24T16:13:14Z,shp_00004938,9400100000000000004938,in_transit,USPS,GroundAdvantage,3.58,0.00,3.58,,,112-5311858-2344584,
2025-10-24T16:14:06Z,shp_00004970,9400100000000000004970,delivered,USPS,GroundAdvantage,12.02,0.00,12.02,,,17-11909-86966,
2025-10-24T16:16:34Z,shp_00004926,9400100000000000004926,delivered,USPS,GroundAdvantage,13.88,0.00,13.88,,,SGW-7711834,
2025-10-24T16:18:43Z,shp_00004959,9400100000000000004959,delivered,USPS,Priority,5.30,0.00,5.30,,,113-0711888-5620850,
2025-10-24T16:34:20Z,shp_00004966,9400100000000000004966,delivered,USPS,GroundAdvantage,3.69,0.00,3.69,,,114-7611896-4332538,
2025-10-24T16:52:58Z,shp_00004972,9400100000000000004972,delivered,USPS,GroundAdvantage,4.10,0.00,4.10,,,04-11913-67097,
2025-10-24T17:16:09Z,shp_00004960,9400100000000000004960,delivered,USPS,Priority,5.41,0.00,5.41,,,111-0911889-7521301,
2025-10-24T17:24:11Z,shp_00004952,9400100000000000004952,delivered,USPS,GroundAdvantage,3.36,0.00,3.36,,,113-0211878-0789449,
2025-10-24T17:35:23Z,shp_00004956,9400100000000000004956,delivered,USPS,GroundAdvantage,3.38,0.00,3.38,,,111-1211884-7426480,
2025-10-24T17:40:10Z,shp_00004944,9400100000000000004944,in_transit,USPS,GroundAdvantage,3.60,0.00,3.60,,,114-9111869-5032453,
2025-10-24T17:44:11Z,shp_00004934,9400100000000000004934,delivered,USPS,Priority,3.52,0.00,3.52,,,114-1211851-2525746,
2025-10-24T17:46:52Z,shp_00004953,9400100000000000004953,delivered,USPS,GroundAdvantage,3.39,0.00,3.39,,,112-7111879-8787327,
2025-10-24T18:06:02Z,shp_00004866,9400100000000000004866,delivered,USPS,GroundAdvantage,7.14,0.00,7.14,,,SGW-7711693,
2025-10-24T18:09:05Z,shp_00004946,9400100000000000004946,delivered,USPS,Priority,3.70,0.00,3.70,,,111-2111872-1223835,
2025-10-24T18:09:25Z,shp_00004914,9400100000000000004914,delivered,USPS,GroundAdvantage,8.01,0.00,8.01,,,SGW-7711805,
2025-10-24T18:17:02Z,shp_00004905,9400100000000000004905,delivered,USPS,GroundAdvantage,5.54,0.00,5.54,,,16-11766-67154,
2025-10-24T18:21:26Z,shp_00004940,9400100000000000004940,delivered,USPS,Priority,5.44,0.00,5.44,,,112-4011861-6386658,
2025-10-24T18:27:55Z,shp_00004930,9400100000000000004930,delivered,USPS,Priority,12.14,0.00,12.14,,,SGW-7711844,
2025-10-24T18:32:40Z,shp_00004890,9400100000000000004890,in_transit,USPS,GroundAdvantage,3.57,0.00,3.57,,,112-5111733-2387372,
2025-10-24T18:41:13Z,shp_00004963,9400100000000000004963,delivered,USPS,Priority,3.75,0.00,3.75,,,111-5511893-9403391,
2025-10-24T18:46:18Z,shp_00004971,9400100000000000004971,delivered,USPS,Priority,3.65,0.00,3.65,,,10-11910-59029,
2025-10-24T19:04:22Z,shp_00004916,9400100000000000004916,delivered,USPS,Priority,7.33,0.00,7.33,,,SGW-7711809,
2025-10-24T19:16:53Z,shp_00004894,9400100000000000004894,delivered,USPS,GroundAdvantage,3.82,0.00,3.82,,,111-5811738-9412988,
2025-10-24T19:22:06Z,shp_00004980,9400100000000000004980,delivered,USPS,GroundAdvantage,6.53,0.00,6.53,,,m00000011930,
2025-10-24T19:23:24Z,shp_00004968,9400100000000000004968,delivered,USPS,GroundAdvantage,5.21,0.00,5.21,,,26-11904-00177,
2025-10-24T19:27:59Z,shp_00004974,9400100000000000004974,delivered,USPS,GroundAdvantage,7.80,0.00,7.80,,,02-11921-96657,
2025-10-24T19:44:49Z,shp_00004878,9400100000000000004878,delivered,USPS,GroundAdvantage,3.50,0.00,3.50,,,114-2011715-3280420,
2025-10-24T19:50:42Z,shp_00004924,9400100000000000004924,in_transit,USPS,GroundAdvantage,5.80,0.00,5.80,,,SGW-7711830,
2025-10-24T19:50:45Z,shp_00004921,9400100000000000004921,delivered,USPS,GroundAdvantage,7.13,0.00,7.13,,,SGW-7711825,
2025-10-24T20:04:04Z,shp_00004925,9400100000000000004925,delivered,USPS,GroundAdvantage,15.03,0.00,15.03,,,SGW-7711831,
2025-10-24T20:13:58Z,shp_00004965,9400100000000000004965,delivered,USPS,GroundAdvantage,3.39,0.00,3.39,,,114-0911895-3927199,
2025-10-24T20:22:10Z,shp_00004906,9400100000000000004906,delivered,USPS,Priority,7.16,0.00,7.16,,,02-11767-61690,
2025-10-24T20:22:36Z,shp_00004903,9400100000000000004903,delivered,USPS,GroundAdvantage,8.93,0.00,8.93,,,02-11760-50804,
2025-10-24T20:23:51Z,shp_00004977,9400100000000000004977,delivered,USPS,GroundAdvantage,3.29,0.00,3.29,,,07-11925-05759,
2025-10-25T13:25:29Z,shp_00004949,9400100000000000004949,delivered,USPS,GroundAdvantage,5.72,0.00,5.72,,,113-4911875-0916376,
2025-10-25T13:30:03Z,shp_00005016,9400100000000000005016,delivered,USPS,GroundAdvantage,3.32,0.00,3.32,,,111-0712033-8711036,
2025-10-25T13:33:37Z,shp_00004928,9400100000000000004928,in_transit,USPS,Priority,9.85,0.00,9.85,,,SGW-7711838,
2025-10-25T13:37:07Z,shp_00005012,9400100000000000005012,delivered,USPS,GroundAdvantage,3.89,0.00,3.89,,,112-8312023-9945444,
2025-10-25T13:44:25Z,shp_00004955,9400100000000000004955,delivered,USPS,GroundAdvantage,5.24,0.00,5.24,,,112-3011881-3752914,
2025-10-25T13:46:18Z,shp_00005004,9400100000000000005004,delivered,USPS,GroundAdvantage,7.03,0.00,7.03,,,SGW-7712011,
2025-10-25T13:50:38Z,shp_00004918,9400100000000000004918,delivered,USPS,Priority,9.21,0.00,9.21,,,SGW-7711814,
2025-10-25T13:55:39Z,shp_00004997,9400100000000000004997,delivered,USPS,GroundAdvantage,11.87,0.00,11.87,,,SGW-7711993,
2025-10-25T14:00:35Z,shp_00005031,9400100000000000005031,delivered,USPS,GroundAdvantage,5.61,0.00,5.61,,,112-9612063-8841063,
2025-10-25T14:00:42Z,shp_00004993,9400100000000000004993,delivered,USPS,Priority,12.88,0.00,12.88,,,SGW-7711985,
2025-10-25T14:04:43Z,shp_00004943,9400100000000000004943,delivered,USPS,GroundAdvantage,3.84,0.00,3.84,,,112-7311867-5910392,
2025-10-25T14:15:40Z,shp_00004922,9400100000000000004922,in_transit,USPS,Priority,6.20,0.00,6.20,,,SGW-7711828,
2025-10-25T14:40:57Z,shp_00005036,9400100000000000005036,delivered,USPS,Priority,6.69,0.00,6.69,,,m00000012093,
2025-10-25T14:45:50Z,shp_00005030,9400100000000000005030,delivered,USPS,Priority,3.86,0.00,3.86,,,112-3612062-0819154,
2025-10-25T14:57:26Z,shp_00004994,9400100000000000004994,delivered,USPS,Priority,9.08,0.00,9.08,,,SGW-7711988,
2025-10-25T15:12:40Z,shp_00005024,9400100000000000005024,delivered,USPS,Priority,3.72,0.00,3.72,,,114-5212049-7234684,
2025-10-25T15:14:31Z,shp_00004936,9400100000000000004936,delivered,USPS,GroundAdvantage,3.47,0.00,3.47,,,112-7611853-9107806,
2025-10-25T15:16:10Z,shp_00004998,9400100000000000004998,delivered,USPS,Priority,6.61,0.00,6.61,,,SGW-7711996,
2025-10-25T15:27:31Z,shp_00005020,9400100000000000005020,delivered,USPS,Priority,3.77,0.00,3.77,,,113-4412040-9216574,
2025-10-25T15:39:33Z,shp_00005013,9400100000000000005013,delivered,USPS,Priority,5.67,0.00,5.67,,,113-5512025-0600029,
2025-10-25T15:44:27Z,shp_00004996,9400100000000000004996,in_transit,USPS,GroundAdvantage,8.88,0.00,8.88,,,SGW-7711991,
2025-10-25T15:45:58Z,shp_00004981,9400100000000000004981,delivered,USPS,GroundAdvantage,5.81,0.00,5.81,,,m00000011935,
2025-10-25T16:02:08Z,shp_00004988,9400100000000000004988,delivered,USPS,GroundAdvantage,7.56,0.00,7.56,,,SGW-7711974,
2025-10-25T16:05:45Z,shp_00004986,9400100000000000004986,delivered,USPS,Priority,8.66,0.00,8.66,,,SGW-7711970,
2025-10-25T16:24:56Z,shp_00004991,9400100000000000004991,delivered,USPS,GroundAdvantage,10.69,0.00,10.69,,,SGW-7711978,
2025-10-25T16:28:18Z,shp_00004961,9400100000000000004961,delivered,USPS,GroundAdvantage,3.71,0.00,3.71,,,112-5911890-3640649,
2025-10-25T16:46:11Z,shp_00004954,9400100000000000004954,delivered,USPS,Priority,3.28,0.00,3.28,,,113-3111880-5281764,
2025-10-25T16:54:45Z,shp_00005018,9400100000000000005018,delivered,USPS,Priority,3.65,0.00,3.65,,,111-8312036-7701214,
2025-10-25T17:03:17Z,shp_00005025,9400100000000000005025,delivered,USPS,GroundAdvantage,5.01,0.00,5.01,,,111-2012050-0203006,
2025-10-25T17:05:03Z,shp_00005000,9400100000000000005000,in_transit,USPS,GroundAdvantage,6.92,0.00,6.92,,,SGW-7711998,
2025-10-25T17:15:26Z,shp_00004989,9400100000000000004989,delivered,USPS,GroundAdvantage,5.23,0.00,5.23,,,SGW-7711975,
2025-10-25T17:25:36Z,shp_00004957,9400100000000000004957,delivered,USPS,Priority,3.42,0.00,3.42,,,111-2411886-2735618,
2025-10-25T17:30:13Z,shp_00004995,9400100000000000004995,delivered,USPS,GroundAdvantage,6.45,0.00,6.45,,,SGW-7711989,
2025-10-25T17:47:37Z,shp_00005028,9400100000000000005028,delivered,USPS,GroundAdvantage,3.80,0.00,3.80,,,112-3012058-7671044,
2025-10-25T18:22:35Z,shp_00004985,9400100000000000004985,delivered,USPS,GroundAdvantage,7.36,0.00,7.36,,,SGW-7711964,
2025-10-25T18:36:52Z,shp_00005034,9400100000000000005034,delivered,USPS,GroundAdvantage,3.81,0.00,3.81,,,01-12078-10695,
2025-10-25T19:04:11Z,shp_00005003,9400100000000000005003,delivered,USPS,GroundAdvantage,11.41,0.00,11.41,,,SGW-7712003,
2025-10-25T19:06:01Z,shp_00005017,9400100000000000005017,delivered,USPS,GroundAdvantage,5.40,0.00,5.40,,,111-2912034-6797626,
2025-10-25T19:10:05Z,shp_00004933,9400100000000000004933,in_transit,USPS,Priority,3.69,0.00,3.69,,,114-6111849-6987048,
2025-10-25T19:11:35Z,shp_00005029,9400100000000000005029,delivered,USPS,GroundAdvantage,3.62,0.00,3.62,,,114-9912060-6327728,
2025-10-25T19:16:24Z,shp_00005008,9400100000000000005008,delivered,USPS,Priority,3.72,0.00,3.72,,,114-4512015-7812434,
2025-10-25T19:32:18Z,shp_00004861,9400100000000000004861,delivered,USPS,Priority,9.26,0.00,9.26,,,SGW-7711671,
2025-10-25T19:37:59Z,shp_00005033,9400100000000000005033,delivered,USPS,GroundAdvantage,3.36,0.00,3.36,,,113-0712065-7753887,
2025-10-25T19:45:13Z,shp_00004999,9400100000000000004999,delivered,USPS,GroundAdvantage,9.65,0.00,9.65,,,SGW-7711997,
2025-10-25T19:50:17Z,shp_00004913,9400100000000000004913,delivered,USPS,GroundAdvantage,8.84,0.00,8.84,,,SGW-7711803,
2025-10-25T19:50:40Z,shp_00005023,9400100000000000005023,delivered,USPS,GroundAdvantage,5.10,0.00,5.10,,,112-7612047-2230731,
2025-10-25T19:56:48Z,shp_00004939,9400100000000000004939,delivered,USPS,GroundAdvantage,5.00,0.00,5.00,,,114-6611860-1151546,
2025-10-25T19:57:09Z,shp_00005026,9400100000000000005026,in_transit,USPS,GroundAdvantage,3.76,0.00,3.76,,,111-0012051-7506970,
2025-10-25T20:17:22Z,shp_00004885,9400100000000000004885,delivered,USPS,GroundAdvantage,3.73,0.00,3.73,,,113-7811727-7703953,
2025-10-25T20:29:32Z,shp_00005014,9400100000000000005014,delivered,USPS,Priority,3.62,0.00,3.62,,,113-9912027-6724163,
2025-10-25T20:39:59Z,shp_00005009,9400100000000000005009,delivered,USPS,Priority,3.71,0.00,3.71,,,112-8812017-1482127,
2025-10-25T20:46:29Z,shp_00004982,9400100000000000004982,delivered,USPS,GroundAdvantage,7.31,0.00,7.31,,,SGW-7711958,
2025-10-25T20:47:54Z,shp_00005032,9400100000000000005032,delivered,USPS,Priority,3.57,0.00,3.57,,,114-7112064-8354308,
2025-10-26T13:02:51Z,shp_00005082,9400100000000000005082,delivered,USPS,GroundAdvantage,3.42,0.00,3.42,,,113-3512211-7811342,
2025-10-26T13:08:08Z,shp_00005097,9400100000000000005097,delivered,USPS,GroundAdvantage,5.21,0.00,5.21,,,111-9812236-4707745,
2025-10-26T13:14:51Z,shp_00005103,9400100000000000005103,delivered,USPS,GroundAdvantage,3.73,0.00,3.73,,,112-8312245-1398077,
2025-10-26T13:16:12Z,shp_00005098,9400100000000000005098,in_transit,USPS,Priority,3.57,0.00,3.57,,,112-1612237-7914977,
2025-10-26T13:16:48Z,shp_00005074,9400100000000000005074,delivered,USPS,GroundAdvantage,13.13,0.00,13.13,,,SGW-7712200,
2025-10-26T13:23:34Z,shp_00005019,9400100000000000005019,delivered,USPS,GroundAdvantage,5.87,0.00,5.87,,,113-0512038-8219710,
2025-10-26T13:37:40Z,shp_00005039,9400100000000000005039,delivered,USPS,GroundAdvantage,9.86,0.00,9.86,,,SGW-7712119,
2025-10-26T13:45:00Z,shp_00005055,9400100000000000005055,delivered,USPS,GroundAdvantage,13.82,0.00,13.82,,,SGW-7712160,
2025-10-26T13:45:08Z,shp_00005006,9400100000000000005006,delivered,USPS,Priority,3.64,0.00,3.64,,,112-3812013-0649513,
2025-10-26T13:49:25Z,shp_00005060,9400100000000000005060,delivered,USPS,GroundAdvantage,14.47,0.00,14.47,,,SGW-7712172,
2025-10-26T14:04:13Z,shp_00004967,9400100000000000004967,delivered,USPS,GroundAdvantage,3.85,0.00,3.85,,,112-3111897-1913081,
2025-10-26T14:05:34Z,shp_00005042,9400100000000000005042,delivered,USPS,Priority,8.85,0.00,8.85,,,SGW-7712129,
2025-10-26T14:08:50Z,shp_00005090,9400100000000000005090,in_transit,USPS,GroundAdvantage,3.47,0.00,3.47,,,112-7512223-2068876,
2025-10-26T14:23:58Z,shp_00005027,9400100000000000005027,delivered,USPS,GroundAdvantage,3.36,0.00,3.36,,,114-2812055-0747725,
2025-10-26T14:33:50Z,shp_00005007,9400100000000000005007,delivered,USPS,GroundAdvantage,3.83,0.00,3.83,,,111-9512014-6587750,
2025-10-26T14:41:08Z,shp_00005062,9400100000000000005062,delivered,USPS,GroundAdvantage,9.81,0.00,9.81,,,SGW-7712174,
2025-10-26T14:47:12Z,shp_00005068,9400100000000000005068,delivered,USPS,GroundAdvantage,9.44,0.00,9.44,,,SGW-7712188,
2025-10-26T14:53:34Z,shp_00005041,9400100000000000005041,delivered,USPS,GroundAdvantage,12.67,0.00,12.67,,,SGW-7712126,
2025-10-26T14:54:04Z,shp_00005093,9400100000000000005093,delivered,USPS,Priority,3.56,0.00,3.56,,,111-6912226-2519985,
2025-10-26T14:56:22Z,shp_00005125,9400100000000000005125,delivered,USPS,GroundAdvantage,6.23,0.00,6.23,,,m00000012309,
2025-10-26T15:01:47Z,shp_00005059,9400100000000000005059,delivered,USPS,GroundAdvantage,7.19,0.00,7.19,,,SGW-7712171,
2025-10-26T15:03:16Z,shp_00005075,9400100000000000005075,in_transit,USPS,GroundAdvantage,5.81,0.00,5.81,,,SGW-7712201,
2025-10-26T15:10:13Z,shp_00004984,9400100000000000004984,delivered,USPS,GroundAdvantage,7.11,0.00,7.11,,,SGW-7711961,
2025-10-26T15:24:31Z,shp_00005085,9400100000000000005085,delivered,USPS,GroundAdvantage,3.46,0.00,3.46,,,112-9512216-4908482,
2025-10-26T15:25:32Z,shp_00004992,9400100000000000004992,delivered,USPS,GroundAdvantage,8.78,0.00,8.78,,,SGW-7711984,
2025-10-26T15:30:13Z,shp_00005088,9400100000000000005088,delivered,USPS,Priority,5.66,0.00,5.66,,,113-1612219-8326209,
2025-10-26T15:31:56Z,shp_00005011,9400100000000000005011,delivered,USPS,GroundAdvantage,3.42,0.00,3.42,,,114-5612021-4188598,
2025-10-26T15:32:16Z,shp_00005121,9400100000000000005121,delivered,USPS,GroundAdvantage,6.98,0.00,6.98,,,24-12291-93396,
2025-10-26T15:34:40Z,shp_00005058,9400100000000000005058,delivered,USPS,GroundAdvantage,7.15,0.00,7.15,,,SGW-7712170,
2025-10-26T15:37:23Z,shp_00005119,9400100000000000005119,delivered,USPS,GroundAdvantage,12.80,0.00,12.80,,,07-12282-23577,
2025-10-26T15:59:05Z,shp_00005056,9400100000000000005056,in_transit,USPS,Priority,9.48,0.00,9.48,,,SGW-7712161,
2025-10-26T16:01:04Z,shp_00005047,9400100000000000005047,delivered,USPS,GroundAdvantage,16.60,0.00,16.60,,,SGW-7712138,
2025-10-26T16:03:48Z,shp_00004983,9400100000000000004983,delivered,USPS,GroundAdvantage,10.52,0.00,10.52,,,SGW-7711960,
2025-10-26T16:04:26Z,shp_00004950,9400100000000000004950,delivered,USPS,GroundAdvantage,3.43,0.00,3.43,,,114-6111876-9425729,
2025-10-26T16:06:08Z,shp_00005118,9400100000000000005118,delivered,USPS,GroundAdvantage,4.35,0.00,4.35,,,21-12280-90237,
2025-10-26T16:06:26Z,shp_00005104,9400100000000000005104,delivered,USPS,GroundAdvantage,3.52,0.00,3.52,,,113-0912247-6948213,
2025-10-26T16:10:04Z,shp_00005022,9400100000000000005022,delivered,USPS,GroundAdvantage,3.42,0.00,3.42,,,113-8012044-2102693,
2025-10-26T16:13:32Z,shp_00005117,9400100000000000005117,delivered,USPS,GroundAdvantage,3.43,0.00,3.43,,,03-12278-08087,
2025-10-26T16:15:49Z,shp_00005094,9400100000000000005094,delivered,USPS,Priority,3.59,0.00,3.59,,,114-4612228-8661193,
2025-10-26T16:16:30Z,shp_00005095,9400100000000000005095,in_transit,USPS,GroundAdvantage,3.49,0.00,3.49,,,113-9112230-2604371,
2025-10-26T16:25:35Z,shp_00005005,9400100000000000005005,delivered,USPS,Priority,3.36,0.00,3.36,,,114-6812012-3164346,
2025-10-26T16:27:32Z,shp_00005080,9400100000000000005080,unknown,USPS,GroundAdvantage,3.34,0.00,3.34,,refunded,112-5612208-8627654,
2025-10-26T16:50:47Z,shp_00005084,9400100000000000005084,delivered,USPS,GroundAdvantage,3.49,0.00,3.49,,,114-3612215-7937265,
2025-10-26T16:59:51Z,shp_00005078,9400100000000000005078,delivered,USPS,Priority,5.28,0.00,5.28,,,111-6012206-6712187,
2025-10-26T17:02:37Z,shp_00005112,9400100000000000005112,delivered,USPS,Priority,3.42,0.00,3.42,,,112-9512256-8553125,
2025-10-26T17:08:15Z,shp_00005049,9400100000000000005049,delivered,USPS,GroundAdvantage,12.69,0.00,12.69,,,SGW-7712145,
2025-10-26T17:13:18Z,shp_00005064,9400100000000000005064,delivered,USPS,GroundAdvantage,9.11,0.00,9.11,,,SGW-7712181,
2025-10-26T17:19:40Z,shp_00005043,9400100000000000005043,delivered,USPS,GroundAdvantage,11.01,0.00,11.01,,,SGW-7712130,
2025-10-26T17:20:29Z,shp_00005066,9400100000000000005066,in_transit,USPS,GroundAdvantage,11.41,0.00,11.41,,,SGW-7712184,
2025-10-26T17:28:01Z,shp_00004948,9400100000000000004948,delivered,USPS,GroundAdvantage,3.34,0.00,3.34,,,112-7311874-3768692,
2025-10-26T17:40:38Z,shp_00005110,9400100000000000005110,delivered,USPS,Priority,3.70,0.00,3.70,,,114-4012254-6989078,
2025-10-26T17:46:25Z,shp_00005002,9400100000000000005002,delivered,USPS,Priority,13.70,0.00,13.70,,,SGW-7712001,
2025-10-26T17:56:36Z,shp_00005083,9400100000000000005083,unknown,USPS,GroundAdvantage,3.58,0.00,3.58,,submitted,114-4412212-8357516,
2025-10-26T17:59:34Z,shp_00004976,9400100000000000004976,delivered,USPS,GroundAdvantage,5.02,0.00,5.02,,,02-11924-72253,
2025-10-26T18:03:00Z,shp_00005053,9400100000000000005053,delivered,USPS,Priority,6.53,0.00,6.53,,,SGW-7712158,
2025-10-26T18:07:34Z,shp_00005052,9400100000000000005052,delivered,USPS,GroundAdvantage,6.97,0.00,6.97,,,SGW-7712157,
2025-10-26T18:23:55Z,shp_00005096,9400100000000000005096,delivered,USPS,GroundAdvantage,5.28,0.00,5.28,,,114-7112232-4917749,
2025-10-26T18:35:52Z,shp_00005124,9400100000000000005124,in_transit,USPS,GroundAdvantage,5.16,0.00,5.16,,,17-12303-88336,
2025-10-26T18:39:08Z,shp_00005081,9400100000000000005081,delivered,USPS,GroundAdvantage,3.58,0.00,3.58,,,111-6912210-9029111,
2025-10-26T18:42:36Z,shp_00005086,9400100000000000005086,delivered,USPS,GroundAdvantage,5.52,0.00,5.52,,,112-4712217-5067828,
2025-10-26T18:48:56Z,shp_00005040,9400100000000000005040,delivered,USPS,GroundAdvantage,12.42,0.00,12.42,,,SGW-7712123,
2025-10-26T18:56:18Z,shp_00004987,9400100000000000004987,delivered,USPS,Priority,15.89,0.00,15.89,,,SGW-7711973,
2025-10-26T19:02:22Z,shp_00005045,9400100000000000005045,delivered,USPS,GroundAdvantage,5.81,0.00,5.81,,,SGW-7712133,
2025-10-26T19:09:08Z,shp_00005057,9400100000000000005057,delivered,USPS,GroundAdvantage,11.71,0.00,11.71,,,SGW-7712166,
2025-10-26T19:09:29Z,shp_00005089,9400100000000000005089,delivered,USPS,GroundAdvantage,3.47,0.00,3.47,,,111-4912221-6732255,
2025-10-26T19:16:49Z,shp_00005038,9400100000000000005038,delivered,USPS,GroundAdvantage,13.35,0.00,13.35,,,SGW-7712118,
2025-10-26T19:32:03Z,shp_00005116,9400100000000000005116,in_transit,USPS,GroundAdvantage,3.74,0.00,3.74,,,112-1212263-1838495,
2025-10-26T19:34:52Z,shp_00005048,9400100000000000005048,delivered,USPS,GroundAdvantage,6.92,0.00,6.92,,,SGW-7712140,
2025-10-26T19:37:01Z,shp_00005087,9400100000000000005087,delivered,USPS,Priority,3.30,0.00,3.30,,,112-0012218-8519440,
2025-10-26T19:39:02Z,shp_00005113,9400100000000000005113,delivered,USPS,GroundAdvantage,3.60,0.00,3.60,,,114-0012257-8134340,
2025-10-26T19:40:08Z,shp_00005122,9400100000000000005122,delivered,USPS,Priority,10.46,0.00,10.46,,,22-12293-27345,
2025-10-26T19:53:34Z,shp_00005050,9400100000000000005050,delivered,USPS,GroundAdvantage,11.11,0.00,11.11,,,SGW-7712146,
2025-10-26T20:05:22Z,shp_00005063,9400100000000000005063,delivered,USPS,Priority,8.16,0.00,8.16,,,SGW-7712176,
2025-10-26T20:20:04Z,shp_00004964,9400100000000000004964,delivered,USPS,GroundAdvantage,3.58,0.00,3.58,,,114-8811894-2677026,
2025-10-26T20:28:32Z,shp_00005037,9400100000000000005037,delivered,USPS,GroundAdvantage,6.73,0.00,6.73,,,m00000012097,
2025-10-26T20:30:37Z,shp_00005010,9400100000000000005010,in_transit,USPS,Priority,3.33,0.00,3.33,,,114-8412020-7840496,
2025-10-26T20:30:47Z,shp_00005092,9400100000000000005092,delivered,USPS,GroundAdvantage,3.35,0.00,3.35,,,111-8012225-5622404,
2025-10-26T20:34:43Z,shp_00005120,9400100000000000005120,delivered,USPS,GroundAdvantage,5.44,0.00,5.44,,,03-12290-86319,
2025-10-26T20:35:05Z,shp_00005046,9400100000000000005046,delivered,USPS,GroundAdvantage,13.57,0.00,13.57,,,SGW-7712136,
2025-10-26T20:39:38Z,shp_00005015,9400100000000000005015,delivered,USPS,GroundAdvantage,3.82,0.00,3.82,,,113-4112029-1212722,
2025-10-26T20:45:47Z,shp_00005035,9400100000000000005035,delivered,USPS,GroundAdvantage,7.51,0.00,7.51,,,23-12086-85179,
2025-10-27T13:04:49Z,shp_00005072,9400100000000000005072,delivered,USPS,Priority,10.86,0.00,10.86,,,SGW-7712198,
2025-10-27T13:15:40Z,shp_00005071,9400100000000000005071,delivered,USPS,GroundAdvantage,10.91,0.00,10.91,,,SGW-7712195,
2025-10-27T13:21:54Z,shp_00005073,9400100000000000005073,delivered,USPS,Priority,9.81,0.00,9.81,,,SGW-7712199,
2025-10-27T13:29:06Z,shp_00005142,9400100000000000005142,in_transit,USPS,Priority,6.39,0.00,6.39,,,SGW-7712384,
2025-10-27T13:29:27Z,shp_00005065,9400100000000000005065,delivered,USPS,GroundAdvantage,7.39,0.00,7.39,,,SGW-7712182,
2025-10-27T13:33:26Z,shp_00005139,9400100000000000005139,delivered,USPS,Priority,10.29,0.00,10.29,,,SGW-7712374,
2025-10-27T13:33:43Z,shp_00005153,9400100000000000005153,delivered,USPS,GroundAdvantage,3.85,0.00,3.85,,,114-5612405-6590473,
2025-10-27T13:34:29Z,shp_00005051,9400100000000000005051,delivered,USPS,GroundAdvantage,11.35,0.00,11.35,,,SGW-7712149,
2025-10-27T13:35:01Z,shp_00005157,9400100000000000005157,delivered,USPS,GroundAdvantage,3.58,0.00,3.58,,,111-0912413-7425766,
2025-10-27T13:35:58Z,shp_00004990,9400100000000000004990,delivered,USPS,GroundAdvantage,6.37,0.00,6.37,,,SGW-7711977,
2025-10-27T13:45:22Z,shp_00005108,9400100000000000005108,delivered,USPS,GroundAdvantage,3.89,0.00,3.89,,,114-7012252-9365366,
2025-10-27T13:58:35Z,shp_00005148,9400100000000000005148,delivered,USPS,GroundAdvantage,5.52,0.00,5.52,,,114-4112394-8075819,
2025-10-27T14:11:57Z,shp_00005001,9400100000000000005001,in_transit,USPS,GroundAdvantage,9.22,0.00,9.22,,,SGW-7712000,
2025-10-27T14:15:38Z,shp_00005138,9400100000000000005138,delivered,USPS,GroundAdvantage,14.35,0.00,14.35,,,SGW-7712370,
2025-10-27T14:16:20Z,shp_00005158,9400100000000000005158,delivered,USPS,GroundAdvantage,3.36,0.00,3.36,,,113-9312415-1190922,
2025-10-27T14:17:14Z,shp_00005151,9400100000000000005151,delivered,USPS,GroundAdvantage,3.50,0.00,3.50,,,113-9912401-2614990,
2025-10-27T14:24:00Z,shp_00005115,9400100000000000005115,delivered,USPS,GroundAdvantage,3.90,0.00,3.90,,,111-3912262-1980351,
2025-10-27T14:30:30Z,shp_00005070,9400100000000000005070,delivered,USPS,GroundAdvantage,7.06,0.00,7.06,,,SGW-7712192,
2025-10-27T14:38:44Z,shp_00005152,9400100000000000005152,delivered,USPS,GroundAdvantage,5.26,0.00,5.26,,,113-2512403-9735560,
2025-10-27T14:41:14Z,shp_00005054,9400100000000000005054,delivered,USPS,Priority,6.65,0.00,6.65,,,SGW-7712159,
2025-10-27T14:42:04Z,shp_00005143,9400100000000000005143,delivered,USPS,Priority,16.42,0.00,16.42,,,SGW-7712387,
2025-10-27T15:16:42Z,shp_00005100,9400100000000000005100,in_transit,USPS,GroundAdvantage,3.55,0.00,3.55,,,114-9512240-2924686,
2025-10-27T15:30:35Z,shp_00005069,9400100000000000005069,delivered,USPS,GroundAdvantage,9.07,0.00,9.07,,,SGW-7712191,
2025-10-27T15:35:00Z,shp_00005170,9400100000000000005170,delivered,USPS,Priority,7.17,0.00,7.17,,,11-12432-79758,
2025-10-27T15:42:20Z,shp_00005154,9400100000000000005154,delivered,USPS,Priority,5.68,0.00,5.68,,,111-1712408-1696604,
2025-10-27T15:51:25Z,shp_00005132,9400100000000000005132,delivered,USPS,GroundAdvantage,6.79,0.00,6.79,,,SGW-7712354,
2025-10-27T16:01:27Z,shp_00005167,9400100000000000005167,delivered,USPS,GroundAdvantage,3.62,0.00,3.62,,,114-8812427-6070832,
2025-10-27T16:22:46Z,shp_00005114,9400100000000000005114,delivered,USPS,Priority,4.98,0.00,4.98,,,111-2412260-7107896,
2025-10-27T16:28:31Z,shp_00005130,9400100000000000005130,delivered,USPS,Priority,7.10,0.00,7.10,,,SGW-7712346,
2025-10-27T16:29:25Z,shp_00005146,9400100000000000005146,delivered,USPS,GroundAdvantage,7.63,0.00,7.63,,,SGW-7712390,
2025-10-27T16:31:16Z,shp_00005171,9400100000000000005171,in_transit,USPS,GroundAdvantage,3.67,0.00,3.67,,,22-12436-78660,
2025-10-27T16:41:18Z,shp_00005107,9400100000000000005107,delivered,USPS,GroundAdvantage,3.74,0.00,3.74,,,111-4712251-3433161,
2025-10-27T16:49:35Z,shp_00005123,9400100000000000005123,delivered,USPS,GroundAdvantage,7.67,0.00,7.67,,,20-12295-35831,
2025-10-27T16:58:37Z,shp_00005179,9400100000000000005179,delivered,USPS,GroundAdvantage,5.84,0.00,5.84,,,m00000012460,
2025-10-27T17:24:39Z,shp_00005145,9400100000000000005145,delivered,USPS,GroundAdvantage,8.56,0.00,8.56,,,SGW-7712389,
2025-10-27T17:38:59Z,shp_00005164,9400100000000000005164,delivered,USPS,Priority,3.80,0.00,3.80,,,114-4012424-1895009,
2025-10-27T17:41:35Z,shp_00005137,9400100000000000005137,delivered,USPS,GroundAdvantage,9.89,0.00,9.89,,,SGW-7712367,
2025-10-27T17:43:44Z,shp_00005099,9400100000000000005099,delivered,USPS,GroundAdvantage,3.67,0.00,3.67,,,114-7812238-8371040,
2025-10-27T17:57:29Z,shp_00005173,9400100000000000005173,delivered,USPS,GroundAdvantage,8.27,0.00,8.27,,,04-12441-66185,
2025-10-27T18:04:46Z,shp_00005165,9400100000000000005165,in_transit,USPS,Priority,3.69,0.00,3.69,,,114-3812425-7698587,
2025-10-27T18:05:40Z,shp_00005144,9400100000000000005144,delivered,USPS,Priority,16.53,0.00,16.53,,,SGW-7712388,
2025-10-27T18:14:25Z,shp_00005109,9400100000000000005109,delivered,USPS,Priority,3.78,0.00,3.78,,,111-1312253-0259493,
2025-10-27T18:26:14Z,shp_00005176,9400100000000000005176,delivered,USPS,GroundAdvantage,4.82,0.00,4.82,,,11-12445-85541,
2025-10-27T18:29:51Z,shp_00005133,9400100000000000005133,delivered,USPS,GroundAdvantage,9.80,0.00,9.80,,,SGW-7712355,
2025-10-27T18:36:28Z,shp_00005134,9400100000000000005134,delivered,USPS,GroundAdvantage,13.50,0.00,13.50,,,SGW-7712358,
2025-10-27T18:40:50Z,shp_00005044,9400100000000000005044,delivered,USPS,GroundAdvantage,6.27,0.00,6.27,,,SGW-7712131,
2025-10-27T19:09:37Z,shp_00005061,9400100000000000005061,delivered,USPS,GroundAdvantage,10.80,0.00,10.80,,,SGW-7712173,
2025-10-27T19:16:01Z,shp_00005076,9400100000000000005076,delivered,USPS,Priority,3.29,0.00,3.29,,,112-5312203-8730478,
2025-10-27T19:16:20Z,shp_00005168,9400100000000000005168,in_transit,USPS,GroundAdvantage,3.78,0.00,3.78,,,112-6312428-9233038,
2025-10-27T19:40:55Z,shp_00005077,9400100000000000005077,delivered,USPS,GroundAdvantage,5.78,0.00,5.78,,,114-8812204-9307668,
2025-10-27T19:41:41Z,shp_00005140,9400100000000000005140,delivered,USPS,Priority,10.69,0.00,10.69,,,SGW-7712375,
2025-10-27T19:44:36Z,shp_00005079,9400100000000000005079,delivered,USPS,Priority,3.80,0.00,3.80,,,111-5712207-0384954,
2025-10-27T19:45:29Z,shp_00005136,9400100000000000005136,delivered,USPS,GroundAdvantage,4.76,0.00,4.76,,,SGW-7712366,
2025-10-27T19:51:44Z,shp_00005105,9400100000000000005105,delivered,USPS,GroundAdvantage,3.28,0.00,3.28,,,114-8812248-4231122,
2025-10-27T19:58:21Z,shp_00005091,9400100000000000005091,delivered,USPS,Priority,3.71,0.00,3.71,,,114-0112224-2030679,
2025-10-27T20:05:45Z,shp_00005126,9400100000000000005126,delivered,USPS,GroundAdvantage,8.99,0.00,8.99,,,SGW-7712336,
2025-10-27T20:13:38Z,shp_00005156,9400100000000000005156,delivered,USPS,GroundAdvantage,3.87,0.00,3.87,,,111-9812412-6082125,
2025-10-27T20:27:48Z,shp_00005172,9400100000000000005172,in_transit,USPS,GroundAdvantage,6.48,0.00,6.48,,,02-12438-89584,
2025-10-27T20:41:07Z,shp_00005021,9400100000000000005021,delivered,USPS,Priority,3.90,0.00,3.90,,,111-9612043-6820841,
2025-10-27T20:42:49Z,shp_00005128,9400100000000000005128,delivered,USPS,GroundAdvantage,5.58,0.00,5.58,,,SGW-7712341,
2025-10-27T20:49:26Z,shp_00005149,9400100000000000005149,delivered,USPS,GroundAdvantage,3.71,0.00,3.71,,,113-7812397-3237778,
2025-10-28T13:04:24Z,shp_00005215,9400100000000000005215,delivered,USPS,GroundAdvantage,3.87,0.00,3.87,,,112-1012552-8456005,
2025-10-28T13:05:41Z,shp_00005182,9400100000000000005182,delivered,USPS,GroundAdvantage,9.16,0.00,9.16,,,SGW-7712475,
2025-10-28T13:10:24Z,shp_00005239,9400100000000000005239,delivered,USPS,GroundAdvantage,5.96,0.00,5.96,,,m00000012605,
2025-10-28T13:19:39Z,shp_00005219,9400100000000000005219,delivered,USPS,GroundAdvantage,5.82,0.00,5.82,,,113-9312561-5198676,
2025-10-28T13:44:16Z,shp_00005211,9400100000000000005211,delivered,USPS,GroundAdvantage,5.71,0.00,5.71,,,112-0912545-3240667,
2025-10-28T13:44:38Z,shp_00005229,9400100000000000005229,in_transit,USPS,GroundAdvantage,6.01,0.00,6.01,,,26-12587-84585,
2025-10-28T13:48:57Z,shp_00005189,9400100000000000005189,delivered,USPS,GroundAdvantage,15.09,0.00,15.09,,,SGW-7712487,
2025-10-28T13:49:50Z,shp_00005166,9400100000000000005166,delivered,USPS,Priority,3.83,0.00,3.83,,,111-6812426-4401537,
2025-10-28T13:57:12Z,shp_00005181,9400100000000000005181,delivered,USPS,GroundAdvantage,16.78,0.00,16.78,,,SGW-7712474,
2025-10-28T13:58:20Z,shp_00005175,9400100000000000005175,delivered,USPS,GroundAdvantage,8.52,0.00,8.52,,,15-12443-18258,
2025-10-28T14:24:49Z,shp_00005185,9400100000000000005185,delivered,USPS,GroundAdvantage,7.63,0.00,7.63,,,SGW-7712482,
2025-10-28T14:34:34Z,shp_00005204,9400100000000000005204,delivered,USPS,GroundAdvantage,9.07,0.00,9.07,,,SGW-7712525,
2025-10-28T14:37:10Z,shp_00005207,9400100000000000005207,delivered,USPS,Priority,3.55,0.00,3.55,,,112-6312537-9652888,
2025-10-28T14:48:37Z,shp_00005216,9400100000000000005216,delivered,USPS,GroundAdvantage,5.17,0.00,5.17,,,114-8512557-8831974,
2025-10-28T15:09:17Z,shp_00005150,9400100000000000005150,in_transit,USPS,GroundAdvantage,3.49,0.00,3.49,,,114-8212398-0198549,
2025-10-28T15:35:38Z,shp_00005178,9400100000000000005178,delivered,USPS,GroundAdvantage,6.56,0.00,6.56,,,m00000012459,
2025-10-28T15:39:25Z,shp_00005102,9400100000000000005102,delivered,USPS,GroundAdvantage,3.55,0.00,3.55,,,114-7112243-1444086,
2025-10-28T15:46:22Z,shp_00005067,9400100000000000005067,delivered,USPS,GroundAdvantage,8.05,0.00,8.05,,,SGW-7712185,
2025-10-28T15:52:02Z,shp_00005183,9400100000000000005183,delivered,USPS,Priority,7.51,0.00,7.51,,,SGW-7712479,
2025-10-28T15:54:48Z,shp_00005220,9400100000000000005220,delivered,USPS,GroundAdvantage,5.14,0.00,5.14,,,112-5412562-2986834,
2025-10-28T16:09:09Z,shp_00005235,9400100000000000005235,delivered,USPS,GroundAdvantage,6.33,0.00,6.33,,,m00000012599,
2025-10-28T16:17:58Z,shp_00005195,9400100000000000005195,delivered,USPS,GroundAdvantage,6.86,0.00,6.86,,,SGW-7712505,
2025-10-28T16:33:47Z,shp_00005218,9400100000000000005218,delivered,USPS,GroundAdvantage,3.48,0.00,3.48,,,112-9512560-7952129,
2025-10-28T16:46:01Z,shp_00005214,9400100000000000005214,in_transit,USPS,GroundAdvantage,3.53,0.00,3.53,,,114-3212550-4567267,
2025-10-28T16:54:02Z,shp_00005135,9400100000000000005135,delivered,USPS,GroundAdvantage,7.79,0.00,7.79,,,SGW-7712361,
2025-10-28T16:54:41Z,shp_00005127,9400100000000000005127,delivered,USPS,GroundAdvantage,6.27,0.00,6.27,,,SGW-7712337,
2025-10-28T17:07:25Z,shp_00005186,9400100000000000005186,delivered,USPS,Priority,12.22,0.00,12.22,,,SGW-7712483,
2025-10-28T17:13:12Z,shp_00005225,9400100000000000005225,delivered,USPS,GroundAdvantage,6.23,0.00,6.23,,,22-12576-68183,
2025-10-28T17:13:56Z,shp_00005155,9400100000000000005155,delivered,USPS,GroundAdvantage,5.22,0.00,5.22,,,113-1312411-6731886,
2025-10-28T17:19:07Z,shp_00005233,9400100000000000005233,delivered,USPS,GroundAdvantage,6.48,0.00,6.48,,,m00000012597,
2025-10-28T17:30:49Z,shp_00005230,9400100000000000005230,delivered,USPS,GroundAdvantage,7.85,0.00,7.85,,,03-12593-29233,
2025-10-28T17:31:07Z,shp_00005238,9400100000000000005238,delivered,USPS,GroundAdvantage,6.72,0.00,6.72,,,m00000012604,
2025-10-28T17:34:40Z,shp_00005212,9400100000000000005212,in_transit,USPS,Priority,5.31,0.00,5.31,,,113-2912547-4893390,
2025-10-28T17:41:15Z,shp_00005198,9400100000000000005198,delivered,USPS,GroundAdvantage,14.30,0.00,14.30,,,SGW-7712509,
2025-10-28T17:43:19Z,shp_00005131,9400100000000000005131,delivered,USPS,Priority,9.03,0.00,9.03,,,SGW-7712353,
2025-10-28T17:46:46Z,shp_00005237,9400100000000000005237,delivered,USPS,GroundAdvantage,6.75,0.00,6.75,,,m00000012603,
2025-10-28T17:46:52Z,shp_00005163,9400100000000000005163,delivered,USPS,GroundAdvantage,3.45,0.00,3.45,,,111-2012422-3634589,
2025-10-28T17:47:13Z,shp_00005191,9400100000000000005191,delivered,USPS,GroundAdvantage,7.17,0.00,7.17,,,SGW-7712495,
2025-10-28T17:57:08Z,shp_00005188,9400100000000000005188,delivered,USPS,GroundAdvantage,6.63,0.00,6.63,,,SGW-7712486,
2025-10-28T18:10:52Z,shp_00005169,9400100000000000005169,delivered,USPS,GroundAdvantage,5.27,0.00,5.27,,,111-0512429-4642221,
2025-10-28T18:11:28Z,shp_00005232,9400100000000000005232,delivered,USPS,GroundAdvantage,5.89,0.00,5.89,,,m00000012596,
2025-10-28T18:32:36Z,shp_00005177,9400100000000000005177,in_transit,USPS,GroundAdvantage,8.46,0.00,8.46,,,13-12446-20159,
2025-10-28T18:32:55Z,shp_00005200,9400100000000000005200,delivered,USPS,Priority,10.27,0.00,10.27,,,SGW-7712512,
2025-10-28T18:33:31Z,shp_00005217,9400100000000000005217,delivered,USPS,GroundAdvantage,3.72,0.00,3.72,,,114-6612559-9442595,
2025-10-28T18:51:36Z,shp_00005192,9400100000000000005192,delivered,USPS,Priority,12.39,0.00,12.39,,,SGW-7712496,
2025-10-28T18:55:24Z,shp_00005236,9400100000000000005236,delivered,USPS,GroundAdvantage,5.88,0.00,5.88,,,m00000012602,
2025-10-28T18:59:17Z,shp_00005196,9400100000000000005196,delivered,USPS,GroundAdvantage,10.62,0.00,10.62,,,SGW-7712506,
2025-10-28T18:59:56Z,shp_00005234,9400100000000000005234,delivered,USPS,GroundAdvantage,6.75,0.00,6.75,,,m00000012598,
2025-10-28T19:02:01Z,shp_00005221,9400100000000000005221,unknown,USPS,GroundAdvantage,5.51,0.00,5.51,,refunded,111-8312563-8090833,
2025-10-28T19:06:48Z,shp_00005226,9400100000000000005226,delivered,USPS,GroundAdvantage,6.61,0.00,6.61,,,15-12577-43072,
2025-10-28T19:19:51Z,shp_00005227,9400100000000000005227,in_transit,USPS,GroundAdvantage,4.07,0.00,4.07,,,16-12580-32411,
2025-10-28T19:21:20Z,shp_00005129,9400100000000000005129,delivered,USPS,GroundAdvantage,6.37,0.00,6.37,,,SGW-7712345,
2025-10-28T19:27:16Z,shp_00005147,9400100000000000005147,delivered,USPS,GroundAdvantage,3.33,0.00,3.33,,,112-7312393-6441682,
2025-10-28T19:27:53Z,shp_00005187,9400100000000000005187,delivered,USPS,Priority,7.35,0.00,7.35,,,SGW-7712485,
2025-10-28T19:33:40Z,shp_00005197,9400100000000000005197,delivered,USPS,GroundAdvantage,8.83,0.00,8.83,,,SGW-7712507,
2025-10-28T19:36:01Z,shp_00005101,9400100000000000005101,delivered,USPS,GroundAdvantage,3.64,0.00,3.64,,,114-2712241-8263585,
2025-10-28T19:46:43Z,shp_00005106,9400100000000000005106,delivered,USPS,GroundAdvantage,5.48,0.00,5.48,,,111-6312249-9256402,
2025-10-28T19:51:53Z,shp_00005161,9400100000000000005161,delivered,USPS,GroundAdvantage,3.39,0.00,3.39,,,112-5312418-4656761,
2025-10-28T20:22:20Z,shp_00005160,9400100000000000005160,delivered,USPS,GroundAdvantage,3.59,0.00,3.59,,,112-9112417-4411597,
2025-10-28T20:23:03Z,shp_00005209,9400100000000000005209,in_transit,USPS,GroundAdvantage,3.64,0.00,3.64,,,111-5412541-3358257,
2025-10-28T20:24:42Z,shp_00005228,9400100000000000005228,delivered,USPS,GroundAdvantage,5.80,0.00,5.80,,,19-12582-37463,
2025-10-28T20:29:09Z,shp_00005111,9400100000000000005111,unknown,USPS,GroundAdvantage,5.45,0.00,5.45,,refunded,112-7912255-2435395,
2025-10-28T20:47:45Z,shp_00005205,9400100000000000005205,delivered,USPS,GroundAdvantage,3.54,0.00,3.54,,,111-0612530-1026382,
2025-10-28T20:48:05Z,shp_00005210,9400100000000000005210,unknown,USPS,GroundAdvantage,3.78,0.00,3.78,,refunded,111-8012544-3544740,
2025-10-29T13:01:46Z,shp_00005285,9400100000000000005285,delivered,USPS,Priority,6.48,0.00,6.48,,,25-12726-44764,
2025-10-29T13:18:58Z,shp_00005286,9400100000000000005286,delivered,USPS,Priority,7.89,0.00,7.89,,,02-12729-85085,
2025-10-29T13:20:09Z,shp_00005268,9400100000000000005268,delivered,USPS,Priority,3.29,0.00,3.29,,,114-6712685-3023447,
2025-10-29T13:25:53Z,shp_00005293,9400100000000000005293,delivered,USPS,GroundAdvantage,5.76,0.00,5.76,,,m00000012743,
2025-10-29T13:26:28Z,shp_00005266,9400100000000000005266,in_transit,USPS,Priority,5.30,0.00,5.30,,,114-5512678-3825185,
2025-10-29T13:41:36Z,shp_00005201,9400100000000000005201,delivered,USPS,GroundAdvantage,13.64,0.00,13.64,,,SGW-7712518,
2025-10-29T13:43:37Z,shp_00005281,9400100000000000005281,delivered,USPS,GroundAdvantage,4.12,0.00,4.12,,,17-12713-80323,
2025-10-29T13:58:42Z,shp_00005256,9400100000000000005256,delivered,USPS,GroundAdvantage,10.14,0.00,10.14,,,SGW-7712663,
2025-10-29T14:03:06Z,shp_00005264,9400100000000000005264,delivered,USPS,Priority,5.76,0.00,5.76,,,114-9912675-3406543,
2025-10-29T14:21:00Z,shp_00005261,9400100000000000005261,delivered,USPS,GroundAdvantage,3.87,0.00,3.87,,,112-4212670-9636648,
2025-10-29T14:27:25Z,shp_00005270,9400100000000000005270,delivered,USPS,GroundAdvantage,3.28,0.00,3.28,,,114-4512691-0755547,
2025-10-29T14:29:24Z,shp_00005141,9400100000000000005141,delivered,USPS,Priority,12.11,0.00,12.11,,,SGW-7712381,
2025-10-29T14:31:49Z,shp_00005249,9400100000000000005249,delivered,USPS,GroundAdvantage,7.43,0.00,7.43,,,SGW-7712641,
2025-10-29T14:35:03Z,shp_00005174,9400100000000000005174,in_transit,USPS,GroundAdvantage,6.77,0.00,6.77,,,14-12442-75014,
2025-10-29T14:41:07Z,shp_00005262,9400100000000000005262,delivered,USPS,GroundAdvantage,5.85,0.00,5.85,,,112-3412672-0873916,
2025-10-29T14:57:06Z,shp_00005275,9400100000000000005275,delivered,USPS,GroundAdvantage,3.90,0.00,3.90,,,113-7612698-0310116,
2025-10-29T15:04:25Z,shp_00005213,9400100000000000005213,delivered,USPS,GroundAdvantage,3.68,0.00,3.68,,,113-7112549-4207022,
2025-10-29T15:26:04Z,shp_00005223,9400100000000000005223,delivered,USPS,GroundAdvantage,9.46,0.00,9.46,,,12-12568-92960,
2025-10-29T15:27:06Z,shp_00005291,9400100000000000005291,delivered,USPS,GroundAdvantage,6.36,0.00,6.36,,,m00000012739,
2025-10-29T15:27:07Z,shp_00005255,9400100000000000005255,delivered,USPS,GroundAdvantage,9.33,0.00,9.33,,,SGW-7712661,
2025-10-29T15:34:39Z,shp_00005251,9400100000000000005251,delivered,USPS,GroundAdvantage,11.54,0.00,11.54,,,SGW-7712648,
2025-10-29T15:43:04Z,shp_00005277,9400100000000000005277,delivered,USPS,GroundAdvantage,5.26,0.00,5.26,,,111-5012702-2764724,
2025-10-29T15:43:22Z,shp_00005292,9400100000000000005292,in_transit,USPS,Priority,6.15,0.00,6.15,,,m00000012740,
2025-10-29T15:56:02Z,shp_00005184,9400100000000000005184,delivered,USPS,GroundAdvantage,6.07,0.00,6.07,,,SGW-7712480,
2025-10-29T15:59:04Z,shp_00005289,9400100000000000005289,delivered,USPS,Priority,6.37,0.00,6.37,,,14-12735-23934,
2025-10-29T16:06:01Z,shp_00005276,9400100000000000005276,delivered,USPS,GroundAdvantage,3.68,0.00,3.68,,,114-3012700-4709070,
2025-10-29T16:21:30Z,shp_00005180,9400100000000000005180,delivered,USPS,GroundAdvantage,6.51,0.00,6.51,,,SGW-7712471,
2025-10-29T16:23:42Z,shp_00005193,9400100000000000005193,delivered,USPS,GroundAdvantage,7.71,0.00,7.71,,,SGW-7712499,
2025-10-29T16:30:10Z,shp_00005194,9400100000000000005194,delivered,USPS,GroundAdvantage,8.12,0.00,8.12,,,SGW-7712500,
2025-10-29T16:37:11Z,shp_00005257,9400100000000000005257,delivered,USPS,GroundAdvantage,14.17,0.00,14.17,,,SGW-7712664,
2025-10-29T17:01:11Z,shp_00005203,9400100000000000005203,delivered,USPS,GroundAdvantage,10.25,0.00,10.25,,,SGW-7712521,
2025-10-29T17:19:45Z,shp_00005295,9400100000000000005295,in_transit,USPS,GroundAdvantage,6.09,0.00,6.09,,,m00000012749,
2025-10-29T17:24:29Z,shp_00005224,9400100000000000005224,delivered,USPS,GroundAdvantage,11.67,0.00,11.67,,,02-12570-42513,
2025-10-29T17:28:16Z,shp_00005254,9400100000000000005254,delivered,USPS,GroundAdvantage,17.52,0.00,17.52,,,SGW-7712658,
2025-10-29T17:30:15Z,shp_00005199,9400100000000000005199,delivered,USPS,GroundAdvantage,9.41,0.00,9.41,,,SGW-7712511,
2025-10-29T17:30:20Z,shp_00005244,9400100000000000005244,delivered,USPS,GroundAdvantage,7.82,0.00,7.82,,,SGW-7712629,
2025-10-29T17:33:57Z,shp_00005263,9400100000000000005263,delivered,USPS,GroundAdvantage,5.47,0.00,5.47,,,114-7912673-1163895,
2025-10-29T17:39:08Z,shp_00005222,9400100000000000005222,delivered,USPS,GroundAdvantage,3.43,0.00,3.43,,,114-0412566-3501930,
2025-10-29T17:41:34Z,shp_00005240,9400100000000000005240,delivered,USPS,GroundAdvantage,8.52,0.00,8.52,,,SGW-7712624,
2025-10-29T17:45:25Z,shp_00005280,9400100000000000005280,delivered,USPS,Priority,3.88,0.00,3.88,,,112-0912709-5857173,
2025-10-29T17:47:25Z,shp_00005253,9400100000000000005253,in_transit,USPS,GroundAdvantage,11.68,0.00,11.68,,,SGW-7712657,
2025-10-29T18:14:48Z,shp_00005272,9400100000000000005272,delivered,USPS,GroundAdvantage,5.44,0.00,5.44,,,111-6012693-6611357,
2025-10-29T18:37:06Z,shp_00005283,9400100000000000005283,delivered,USPS,GroundAdvantage,4.63,0.00,4.63,,,09-12720-47090,
2025-10-29T18:47:11Z,shp_00005162,9400100000000000005162,delivered,USPS,Priority,4.93,0.00,4.93,,,112-5212419-1522460,
2025-10-29T18:48:40Z,shp_00005273,9400100000000000005273,delivered,USPS,GroundAdvantage,3.49,0.00,3.49,,,114-4812694-7107030,
2025-10-29T18:55:38Z,shp_00005231,9400100000000000005231,delivered,USPS,GroundAdvantage,10.57,0.00,10.57,,,20-12594-86992,
2025-10-29T19:11:29Z,shp_00005245,9400100000000000005245,delivered,USPS,Priority,6.76,0.00,6.76,,,SGW-7712631,
2025-10-29T19:30:26Z,shp_00005282,9400100000000000005282,delivered,USPS,GroundAdvantage,3.24,0.00,3.24,,,08-12717-18939,
2025-10-29T19:40:23Z,shp_00005248,9400100000000000005248,delivered,USPS,Priority,8.81,0.00,8.81,,,SGW-7712639,
2025-10-29T19:43:52Z,shp_00005202,9400100000000000005202,in_transit,USPS,GroundAdvantage,13.41,0.00,13.41,,,SGW-7712519,
2025-10-29T19:45:53Z,shp_00005265,9400100000000000005265,delivered,USPS,GroundAdvantage,3.55,0.00,3.55,,,114-2712677-3954405,
2025-10-29T19:53:13Z,shp_00005206,9400100000000000005206,delivered,USPS,GroundAdvantage,3.65,0.00,3.65,,,114-1612535-8307577,
2025-10-29T19:53:33Z,shp_00005252,9400100000000000005252,delivered,USPS,GroundAdvantage,8.33,0.00,8.33,,,SGW-7712651,
2025-10-29T19:54:42Z,shp_00005241,9400100000000000005241,delivered,USPS,GroundAdvantage,9.03,0.00,9.03,,,SGW-7712625,
2025-10-29T20:23:32Z,shp_00005159,9400100000000000005159,delivered,USPS,GroundAdvantage,3.72,0.00,3.72,,,113-7712416-0633423,
2025-10-29T20:45:37Z,shp_00005246,9400100000000000005246,delivered,USPS,Priority,6.21,0.00,6.21,,,SGW-7712633,
2025-10-29T20:47:32Z,shp_00005190,9400100000000000005190,delivered,USPS,GroundAdvantage,10.23,0.00,10.23,,,SGW-7712490,
2025-10-29T20:54:12Z,shp_00005274,9400100000000000005274,delivered,USPS,GroundAdvantage,3.69,0.00,3.69,,,111-0912697-5138783,
2025-10-29T20:54:31Z,shp_00005290,9400100000000000005290,in_transit,USPS,GroundAdvantage,6.76,0.00,6.76,,,13-12736-77994,
2025-10-30T13:00:10Z,shp_00005258,9400100000000000005258,delivered,USPS,Priority,7.30,0.00,7.30,,,SGW-7712665,
2025-10-30T13:00:39Z,shp_00005344,9400100000000000005344,delivered,USPS,GroundAdvantage,3.37,0.00,3.37,,,10-12863-27919,
2025-10-30T13:03:02Z,shp_00005243,9400100000000000005243,delivered,USPS,GroundAdvantage,7.06,0.00,7.06,,,SGW-7712628,
2025-10-30T13:08:56Z,shp_00005346,9400100000000000005346,delivered,USPS,Priority,5.44,0.00,5.44,,,03-12866-77338,
2025-10-30T13:23:16Z,shp_00005267,9400100000000000005267,delivered,USPS,Priority,5.68,0.00,5.68,,,111-9512683-4105065,
2025-10-30T13:30:49Z,shp_00005332,9400100000000000005332,delivered,USPS,Priority,3.57,0.00,3.57,,,113-5112838-6534565,
2025-10-30T13:47:42Z,shp_00005294,9400100000000000005294,delivered,USPS,Priority,6.80,0.00,6.80,,,m00000012746,
2025-10-30T14:07:07Z,shp_00005316,9400100000000000005316,delivered,USPS,GroundAdvantage,6.93,0.00,6.93,,,SGW-7712808,
2025-10-30T14:10:41Z,shp_00005329,9400100000000000005329,in_transit,USPS,GroundAdvantage,3.49,0.00,3.49,,,113-2812834-7683037,
2025-10-30T14:14:14Z,shp_00005279,9400100000000000005279,delivered,USPS,GroundAdvantage,5.40,0.00,5.40,,,112-4612706-5594848,
2025-10-30T14:22:48Z,shp_00005342,9400100000000000005342,delivered,USPS,Priority,3.46,0.00,3.46,,,113-7812854-6455038,
2025-10-30T14:24:46Z,shp_00005271,9400100000000000005271,delivered,USPS,Priority,3.87,0.00,3.87,,,111-4712692-8530016,
2025-10-30T14:31:39Z,shp_00005349,9400100000000000005349,delivered,USPS,GroundAdvantage,10.04,0.00,10.04,,,23-12882-50851,
2025-10-30T15:05:46Z,shp_00005269,9400100000000000005269,delivered,USPS,GroundAdvantage,5.10,0.00,5.10,,,112-2112690-0440498,
2025-10-30T15:06:07Z,shp_00005343,9400100000000000005343,delivered,USPS,GroundAdvantage,5.51,0.00,5.51,,,113-3212860-7464634,
2025-10-30T15:37:27Z,shp_00005319,9400100000000000005319,delivered,USPS,Priority,10.67,0.00,10.67,,,SGW-7712811,
2025-10-30T15:44:59Z,shp_00005338,9400100000000000005338,delivered,USPS,GroundAdvantage,3.76,0.00,3.76,,,112-6012849-2680336,
2025-10-30T15:45:10Z,shp_00005339,9400100000000000005339,in_transit,USPS,Priority,3.64,0.00,3.64,,,113-4512850-3729310,
2025-10-30T15:51:28Z,shp_00005311,9400100000000000005311,delivered,USPS,GroundAdvantage,10.00,0.00,10.00,,,SGW-7712803,
2025-10-30T15:51:38Z,shp_00005288,9400100000000000005288,delivered,USPS,Priority,6.34,0.00,6.34,,,22-12733-55848,
2025-10-30T16:14:21Z,shp_00005333,9400100000000000005333,delivered,USPS,GroundAdvantage,3.75,0.00,3.75,,,114-0512840-9399746,
2025-10-30T16:19:11Z,shp_00005325,9400100000000000005325,delivered,USPS,GroundAdvantage,3.79,0.00,3.79,,,112-6912821-9369548,
2025-10-30T16:29:18Z,shp_00005309,9400100000000000005309,delivered,USPS,Priority,14.69,0.00,14.69,,,SGW-7712798,
2025-10-30T16:31:58Z,shp_00005337,9400100000000000005337,delivered,USPS,GroundAdvantage,3.45,0.00,3.45,,,114-2112848-6111208,
2025-10-30T16:36:23Z,shp_00005242,9400100000000000005242,delivered,USPS,Priority,9.46,0.00,9.46,,,SGW-7712627,
2025-10-30T17:02:08Z,shp_00005320,9400100000000000005320,delivered,USPS,GroundAdvantage,7.52,0.00,7.52,,,SGW-7712812,
2025-10-30T17:14:40Z,shp_00005340,9400100000000000005340,in_transit,USPS,GroundAdvantage,3.53,0.00,3.53,,,111-2012851-1000531,
2025-10-30T17:36:32Z,shp_00005331,9400100000000000005331,delivered,USPS,Priority,5.19,0.00,5.19,,,114-8712837-7011191,
2025-10-30T17:45:13Z,shp_00005298,9400100000000000005298,delivered,USPS,GroundAdvantage,11.22,0.00,11.22,,,SGW-7712767,
2025-10-30T17:52:15Z,shp_00005323,9400100000000000005323,delivered,USPS,GroundAdvantage,12.54,0.00,12.54,,,SGW-7712815,
2025-10-30T17:56:14Z,shp_00005314,9400100000000000005314,unknown,USPS,GroundAdvantage,11.60,0.00,11.60,,submitted,SGW-7712806,
2025-10-30T17:57:39Z,shp_00005208,9400100000000000005208,delivered,USPS,GroundAdvantage,3.32,0.00,3.32,,,112-8512539-2123434,
2025-10-30T18:00:49Z,shp_00005250,9400100000000000005250,delivered,USPS,GroundAdvantage,6.83,0.00,6.83,,,SGW-7712644,
2025-10-30T18:05:43Z,shp_00005287,9400100000000000005287,delivered,USPS,GroundAdvantage,9.18,0.00,9.18,,,07-12731-59092,
2025-10-30T18:12:54Z,shp_00005327,9400100000000000005327,delivered,USPS,GroundAdvantage,5.80,0.00,5.80,,,112-7812824-8692342,
2025-10-30T19:02:51Z,shp_00005299,9400100000000000005299,in_transit,USPS,GroundAdvantage,8.81,0.00,8.81,,,SGW-7712768,
2025-10-30T19:12:38Z,shp_00005328,9400100000000000005328,delivered,USPS,GroundAdvantage,3.52,0.00,3.52,,,112-9312825-9381081,
2025-10-30T19:23:45Z,shp_00005259,9400100000000000005259,delivered,USPS,GroundAdvantage,3.62,0.00,3.62,,,111-0212667-1678306,
2025-10-30T19:25:41Z,shp_00005322,9400100000000000005322,delivered,USPS,GroundAdvantage,13.47,0.00,13.47,,,SGW-7712814,
2025-10-30T19:44:16Z,shp_00005296,9400100000000000005296,delivered,USPS,GroundAdvantage,8.09,0.00,8.09,,,SGW-7712765,
2025-10-30T19:58:13Z,shp_00005310,9400100000000000005310,delivered,USPS,Priority,14.51,0.00,14.51,,,SGW-7712802,
2025-10-30T20:09:34Z,shp_00005326,9400100000000000005326,delivered,USPS,GroundAdvantage,4.92,0.00,4.92,,,114-7712822-2928511,
2025-10-30T20:23:51Z,shp_00005307,9400100000000000005307,unknown,USPS,GroundAdvantage,9.94,0.00,9.94,,refunded,SGW-7712796,
2025-10-30T20:36:34Z,shp_00005347,9400100000000000005347,delivered,USPS,GroundAdvantage,8.65,0.00,8.65,,,21-12876-53270,
2025-10-30T20:42:51Z,shp_00005345,9400100000000000005345,in_transit,USPS,GroundAdvantage,5.18,0.00,5.18,,,18-12865-06594,
2025-10-30T20:48:02Z,shp_00005247,9400100000000000005247,delivered,USPS,GroundAdvantage,12.15,0.00,12.15,,,SGW-7712637,
2025-10-31T13:18:40Z,shp_00005397,9400100000000000005397,delivered,USPS,GroundAdvantage,4.29,0.00,4.29,,,15-13005-05174,
2025-10-31T13:25:08Z,shp_00005389,9400100000000000005389,delivered,USPS,GroundAdvantage,3.37,0.00,3.37,,,112-8512987-8657964,
2025-10-31T13:27:03Z,shp_00005335,9400100000000000005335,delivered,USPS,GroundAdvantage,3.70,0.00,3.70,,,111-6212843-4628329,
2025-10-31T13:29:31Z,shp_00005303,9400100000000000005303,delivered,USPS,GroundAdvantage,12.57,0.00,12.57,,,SGW-7712785,
2025-10-31T13:45:46Z,shp_00005284,9400100000000000005284,delivered,USPS,Priority,6.09,0.00,6.09,,,07-12723-00036,
2025-10-31T14:02:07Z,shp_00005336,9400100000000000005336,delivered,USPS,GroundAdvantage,5.19,0.00,5.19,,,112-6012844-8883395,
2025-10-31T14:06:39Z,shp_00005373,9400100000000000005373,delivered,USPS,GroundAdvantage,9.65,0.00,9.65,,,SGW-7712951,
2025-10-31T14:10:51Z,shp_00005392,9400100000000000005392,in_transit,USPS,GroundAdvantage,3.74,0.00,3.74,,,112-8512991-3816319,
2025-10-31T14:11:55Z,shp_00005302,9400100000000000005302,delivered,USPS,GroundAdvantage,15.56,0.00,15.56,,,SGW-7712784,
2025-10-31T14:17:12Z,shp_00005374,9400100000000000005374,delivered,USPS,GroundAdvantage,7.67,0.00,7.67,,,SGW-7712952,
2025-10-31T14:18:06Z,shp_00005278,9400100000000000005278,delivered,USPS,Priority,5.20,0.00,5.20,,,113-1012703-0781491,
2025-10-31T14:21:58Z,shp_00005377,9400100000000000005377,delivered,USPS,GroundAdvantage,3.42,0.00,3.42,,,111-3412962-9693028,
2025-10-31T14:34:11Z,shp_00005308,9400100000000000005308,delivered,USPS,Priority,10.17,0.00,10.17,,,SGW-7712797,
2025-10-31T14:46:46Z,shp_00005300,9400100000000000005300,delivered,USPS,GroundAdvantage,8.50,0.00,8.50,,,SGW-7712770,
2025-10-31T14:54:37Z,shp_00005383,9400100000000000005383,delivered,USPS,GroundAdvantage,3.38,0.00,3.38,,,114-8612977-4550597,
2025-10-31T14:55:32Z,shp_00005368,9400100000000000005368,delivered,USPS,GroundAdvantage,11.30,0.00,11.30,,,SGW-7712945,
2025-10-31T15:12:39Z,shp_00005395,9400100000000000005395,in_transit,USPS,Priority,5.07,0.00,5.07,,,113-4212996-1683381,
2025-10-31T15:13:18Z,shp_00005362,9400100000000000005362,delivered,USPS,Priority,12.86,0.00,12.86,,,SGW-7712934,
2025-10-31T15:15:54Z,shp_00005398,9400100000000000005398,delivered,USPS,GroundAdvantage,5.93,0.00,5.93,,,09-13016-10222,
2025-10-31T15:19:46Z,shp_00005359,9400100000000000005359,delivered,USPS,GroundAdvantage,19.83,0.00,19.83,,,SGW-7712926,
2025-10-31T15:20:35Z,shp_00005400,9400100000000000005400,delivered,USPS,GroundAdvantage,5.94,0.00,5.94,,,m00000013023,
2025-10-31T15:38:29Z,shp_00005315,9400100000000000005315,delivered,USPS,Priority,9.96,0.00,9.96,,,SGW-7712807,
2025-10-31T15:43:42Z,shp_00005324,9400100000000000005324,delivered,USPS,GroundAdvantage,11.52,0.00,11.52,,,SGW-7712817,
2025-10-31T16:05:43Z,shp_00005334,9400100000000000005334,delivered,USPS,GroundAdvantage,3.40,0.00,3.40,,,111-3312841-0264887,
2025-10-31T16:07:35Z,shp_00005260,9400100000000000005260,delivered,USPS,GroundAdvantage,3.69,0.00,3.69,,,113-4112668-3740334,
2025-10-31T16:23:50Z,shp_00005352,9400100000000000005352,in_transit,USPS,Priority,9.62,0.00,9.62,,,SGW-7712916,
2025-10-31T16:45:33Z,shp_00005367,9400100000000000005367,delivered,USPS,GroundAdvantage,6.41,0.00,6.41,,,SGW-7712942,
2025-10-31T17:07:36Z,shp_00005305,9400100000000000005305,delivered,USPS,GroundAdvantage,6.71,0.00,6.71,,,SGW-7712790,
2025-10-31T17:15:42Z,shp_00005371,9400100000000000005371,delivered,USPS,GroundAdvantage,12.58,0.00,12.58,,,SGW-7712949,
2025-10-31T17:27:10Z,shp_00005361,9400100000000000005361,delivered,USPS,Priority,10.27,0.00,10.27,,,SGW-7712933,
2025-10-31T17:32:16Z,shp_00005313,9400100000000000005313,delivered,USPS,GroundAdvantage,7.99,0.00,7.99,,,SGW-7712805,
2025-10-31T17:41:28Z,shp_00005318,9400100000000000005318,delivered,USPS,GroundAdvantage,9.13,0.00,9.13,,,SGW-7712810,
2025-10-31T17:43:12Z,shp_00005358,9400100000000000005358,delivered,USPS,Priority,5.90,0.00,5.90,,,SGW-7712925,
2025-10-31T18:08:47Z,shp_00005312,9400100000000000005312,delivered,USPS,GroundAdvantage,10.57,0.00,10.57,,,SGW-7712804,
2025-10-31T18:23:25Z,shp_00005297,9400100000000000005297,in_transit,USPS,GroundAdvantage,8.80,0.00,8.80,,,SGW-7712766,
2025-10-31T18:28:54Z,shp_00005394,9400100000000000005394,delivered,USPS,GroundAdvantage,3.56,0.00,3.56,,,113-8712995-5780518,
2025-10-31T18:32:11Z,shp_00005387,9400100000000000005387,delivered,USPS,GroundAdvantage,4.95,0.00,4.95,,,111-9712984-0251151,
2025-10-31T18:38:20Z,shp_00005382,9400100000000000005382,delivered,USPS,GroundAdvantage,3.44,0.00,3.44,,,114-6712974-6230736,
2025-10-31T18:44:18Z,shp_00005388,9400100000000000005388,delivered,USPS,GroundAdvantage,3.86,0.00,3.86,,,114-4812986-3351311,
2025-10-31T18:44:30Z,shp_00005399,9400100000000000005399,delivered,USPS,GroundAdvantage,6.60,0.00,6.60,,,m00000013020,
2025-10-31T18:46:37Z,shp_00005385,9400100000000000005385,delivered,USPS,GroundAdvantage,3.64,0.00,3.64,,,112-1512982-9805685,
2025-10-31T18:53:30Z,shp_00005360,9400100000000000005360,delivered,USPS,GroundAdvantage,10.05,0.00,10.05,,,SGW-7712930,
2025-10-31T19:03:06Z,shp_00005304,9400100000000000005304,delivered,USPS,GroundAdvantage,7.44,0.00,7.44,,,SGW-7712787,
2025-10-31T19:08:27Z,shp_00005396,9400100000000000005396,in_transit,USPS,GroundAdvantage,5.22,0.00,5.22,,,08-13004-77048,
2025-10-31T19:16:21Z,shp_00005356,9400100000000000005356,delivered,USPS,GroundAdvantage,9.69,0.00,9.69,,,SGW-7712922,
2025-10-31T19:31:29Z,shp_00005364,9400100000000000005364,delivered,USPS,GroundAdvantage,10.70,0.00,10.70,,,SGW-7712936,
2025-10-31T19:50:43Z,shp_00005375,9400100000000000005375,delivered,USPS,GroundAdvantage,3.63,0.00,3.63,,,112-9512959-9263891,
2025-10-31T19:53:54Z,shp_00005341,9400100000000000005341,delivered,USPS,GroundAdvantage,3.83,0.00,3.83,,,113-1412853-2494886,
2025-10-31T19:57:16Z,shp_00005393,9400100000000000005393,delivered,USPS,GroundAdvantage,3.53,0.00,3.53,,,114-6112993-5867446,
2025-10-31T19:59:06Z,shp_00005384,9400100000000000005384,delivered,USPS,GroundAdvantage,3.74,0.00,3.74,,,112-7712981-8733461,
2025-10-31T20:13:50Z,shp_00005372,9400100000000000005372,delivered,USPS,GroundAdvantage,7.32,0.00,7.32,,,SGW-7712950,
2025-10-31T20:28:02Z,shp_00005370,9400100000000000005370,delivered,USPS,GroundAdvantage,9.27,0.00,9.27,,,SGW-7712947,
2025-10-31T20:29:04Z,shp_00005391,9400100000000000005391,in_transit,USPS,GroundAdvantage,3.79,0.00,3.79,,,112-4112990-4695729,
2025-10-31T20:33:19Z,shp_00005365,9400100000000000005365,delivered,USPS,GroundAdvantage,14.16,0.00,14.16,,,SGW-7712940,
2025-10-31T20:40:18Z,shp_00005355,9400100000000000005355,delivered,USPS,GroundAdvantage,8.90,0.00,8.90,,,SGW-7712921,
2025-10-31T20:42:39Z,shp_00005354,9400100000000000005354,delivered,USPS,Priority,13.79,0.00,13.79,,,SGW-7712919,
2025-10-31T20:42:59Z,shp_00005306,9400100000000000005306,delivered,USPS,Priority,10.45,0.00,10.45,,,SGW-7712794,
2025-10-31T20:54:13Z,shp_00005390,9400100000000000005390,delivered,USPS,Priority,4.97,0.00,4.97,,,114-6112988-2845472,
