created_at,id,tracking_code,status,carrier,service,rate,label_fee,postage_fee,insurance_fee,refund_status,reference,batch_id
2025-09-01T13:07:49Z,shp_00001801,9400100000000000001801,in_transit,USPS,Priority,5.11,0.00,5.11,,,112-8904213-2996500,
2025-09-01T13:13:01Z,shp_00001813,9400100000000000001813,delivered,USPS,GroundAdvantage,6.29,0.00,6.29,,,14-04234-73022,
2025-09-01T13:32:40Z,shp_00001752,9400100000000000001752,delivered,USPS,GroundAdvantage,3.54,0.00,3.54,,,112-0704072-1639267,
2025-09-01T13:42:27Z,shp_00001817,9400100000000000001817,delivered,USPS,GroundAdvantage,5.93,0.00,5.93,,,m00000004241,
2025-09-01T13:46:36Z,shp_00001786,9400100000000000001786,delivered,USPS,GroundAdvantage,7.27,0.00,7.27,,,SGW-7704182,
2025-09-01T13:47:08Z,shp_00001791,9400100000000000001791,delivered,USPS,Priority,8.73,0.00,8.73,,,SGW-7704193,
2025-09-01T13:52:56Z,shp_00001731,9400100000000000001731,delivered,USPS,GroundAdvantage,3.40,0.00,3.40,,,111-6604041-1686039,
2025-09-01T14:01:59Z,shp_00001790,9400100000000000001790,delivered,USPS,GroundAdvantage,14.38,0.00,14.38,,,SGW-7704192,
2025-09-01T14:10:43Z,shp_00001798,9400100000000000001798,delivered,USPS,GroundAdvantage,3.52,0.00,3.52,,,113-8604206-8731977,
2025-09-01T14:16:03Z,shp_00001810,9400100000000000001810,in_transit,USPS,GroundAdvantage,3.27,0.00,3.27,,,03-04228-55289,
2025-09-01T14:38:19Z,shp_00001724,9400100000000000001724,delivered,USPS,GroundAdvantage,6.06,0.00,6.06,,,SGW-7704025,
2025-09-01T14:39:58Z,shp_00001697,9400100000000000001697,delivered,USPS,GroundAdvantage,10.25,0.00,10.25,,,11-03954-27781,
2025-09-01T14:50:28Z,shp_00001772,9400100000000000001772,delivered,USPS,GroundAdvantage,17.61,0.00,17.61,,,SGW-7704138,
2025-09-01T15:04:21Z,shp_00001709,9400100000000000001709,delivered,USPS,GroundAdvantage,16.82,0.00,16.82,,,SGW-7703992,
2025-09-01T15:20:28Z,shp_00001769,9400100000000000001769,delivered,USPS,GroundAdvantage,3.64,0.00,3.64,,,26-04111-41806,
2025-09-01T15:49:51Z,shp_00001759,9400100000000000001759,delivered,USPS,GroundAdvantage,3.87,0.00,3.87,,,112-9804084-7922227,
2025-09-01T15:52:16Z,shp_00001703,9400100000000000001703,delivered,USPS,GroundAdvantage,12.41,0.00,12.41,,,SGW-7703976,
2025-09-01T15:54:08Z,shp_00001776,9400100000000000001776,delivered,USPS,GroundAdvantage,13.33,0.00,13.33,,,SGW-7704157,
2025-09-01T15:54:54Z,shp_00001755,9400100000000000001755,in_transit,USPS,Priority,3.32,0.00,3.32,,,114-3504078-9498162,
2025-09-01T16:33:45Z,shp_00001780,9400100000000000001780,delivered,USPS,GroundAdvantage,6.57,0.00,6.57,,,SGW-7704168,
2025-09-01T16:34:19Z,shp_00001696,9400100000000000001696,delivered,USPS,Priority,5.91,0.00,5.91,,,20-03953-64198,
2025-09-01T16:54:33Z,shp_00001719,9400100000000000001719,delivered,USPS,GroundAdvantage,11.88,0.00,11.88,,,SGW-7704016,
2025-09-01T17:09:48Z,shp_00001778,9400100000000000001778,delivered,USPS,Priority,16.78,0.00,16.78,,,SGW-7704159,
2025-09-01T17:10:41Z,shp_00001694,9400100000000000001694,unknown,USPS,GroundAdvantage,7.05,0.00,7.05,,submitted,16-03939-04790,
2025-09-01T17:21:30Z,shp_00001795,9400100000000000001795,delivered,USPS,Priority,3.44,0.00,3.44,,,113-6404198-9069383,
2025-09-01T17:25:08Z,shp_00001770,9400100000000000001770,delivered,USPS,GroundAdvantage,6.34,0.00,6.34,,,m00000004121,
2025-09-01T17:32:09Z,shp_00001818,9400100000000000001818,delivered,USPS,GroundAdvantage,6.26,0.00,6.26,,,m00000004246,
2025-09-01T17:40:10Z,shp_00001814,9400100000000000001814,in_transit,USPS,GroundAdvantage,4.84,0.00,4.84,,,08-04235-74304,
2025-09-01T17:42:41Z,shp_00001797,9400100000000000001797,delivered,USPS,GroundAdvantage,3.62,0.00,3.62,,,111-4604204-6609759,
2025-09-01T17:49:33Z,shp_00001792,9400100000000000001792,delivered,USPS,Priority,3.89,0.00,3.89,,,114-5504195-3656028,
2025-09-01T18:00:48Z,shp_00001803,9400100000000000001803,unknown,USPS,GroundAdvantage,3.56,0.00,3.56,,refunded,111-8804215-6198384,
2025-09-01T18:25:41Z,shp_00001702,9400100000000000001702,delivered,USPS,GroundAdvantage,12.43,0.00,12.43,,,SGW-7703974,
2025-09-01T18:29:20Z,shp_00001741,9400100000000000001741,delivered,USPS,GroundAdvantage,3.38,0.00,3.38,,,114-1504056-9021388,
2025-09-01T18:37:40Z,shp_00001771,9400100000000000001771,delivered,USPS,Priority,10.90,0.00,10.90,,,SGW-7704136,
2025-09-01T18:38:18Z,shp_00001811,9400100000000000001811,delivered,USPS,GroundAdvantage,5.72,0.00,5.72,,,08-04230-34822,
2025-09-01T18:43:41Z,shp_00001787,9400100000000000001787,delivered,USPS,GroundAdvantage,5.80,0.00,5.80,,,SGW-7704185,
2025-09-01T18:46:48Z,shp_00001754,9400100000000000001754,in_transit,USPS,GroundAdvantage,5.45,0.00,5.45,,,112-0604077-7526967,
2025-09-01T18:57:34Z,shp_00001718,9400100000000000001718,delivered,USPS,GroundAdvantage,11.44,0.00,11.44,,,SGW-7704014,
2025-09-01T18:58:38Z,shp_00001808,9400100000000000001808,delivered,USPS,GroundAdvantage,3.90,0.00,3.90,,,112-9204224-9772252,
2025-09-01T18:58:53Z,shp_00001807,9400100000000000001807,delivered,USPS,GroundAdvantage,3.34,0.00,3.34,,,114-5704223-7077403,
2025-09-01T19:02:30Z,shp_00001802,9400100000000000001802,delivered,USPS,Priority,3.66,0.00,3.66,,,113-1604214-2623722,
2025-09-01T19:14:03Z,shp_00001645,9400100000000000001645,delivered,USPS,GroundAdvantage,10.82,0.00,10.82,,,SGW-7703854,
2025-09-01T19:14:41Z,shp_00001800,9400100000000000001800,delivered,USPS,GroundAdvantage,5.12,0.00,5.12,,,111-7404210-1698708,
2025-09-01T19:18:07Z,shp_00001794,9400100000000000001794,delivered,USPS,GroundAdvantage,3.54,0.00,3.54,,,114-3704197-1647706,
2025-09-01T19:31:53Z,shp_00001781,9400100000000000001781,delivered,USPS,GroundAdvantage,11.40,0.00,11.40,,,SGW-7704169,
2025-09-01T19:32:17Z,shp_00001779,9400100000000000001779,in_transit,USPS,GroundAdvantage,19.02,0.00,19.02,,,SGW-7704165,
2025-09-01T19:34:14Z,shp_00001782,9400100000000000001782,delivered,USPS,GroundAdvantage,12.61,0.00,12.61,,,SGW-7704171,
2025-09-01T19:40:09Z,shp_00001785,9400100000000000001785,delivered,USPS,GroundAdvantage,11.06,0.00,11.06,,,SGW-7704180,
2025-09-01T19:41:59Z,shp_00001707,9400100000000000001707,delivered,USPS,Priority,12.40,0.00,12.40,,,SGW-7703989,
2025-09-01T19:42:31Z,shp_00001682,9400100000000000001682,delivered,USPS,Priority,3.85,0.00,3.85,,,112-8503923-7128100,
2025-09-01T19:43:46Z,shp_00001774,9400100000000000001774,delivered,USPS,Priority,9.93,0.00,9.93,,,SGW-7704141,
2025-09-01T19:45:12Z,shp_00001773,9400100000000000001773,unknown,USPS,Priority,13.28,0.00,13.28,,refunded,SGW-7704139,
2025-09-01T19:54:29Z,shp_00001788,9400100000000000001788,delivered,USPS,GroundAdvantage,8.22,0.00,8.22,,,SGW-7704187,
2025-09-01T20:06:19Z,shp_00001726,9400100000000000001726,delivered,USPS,GroundAdvantage,10.06,0.00,10.06,,,SGW-7704030,
2025-09-01T20:10:12Z,shp_00001799,9400100000000000001799,in_transit,USPS,GroundAdvantage,3.61,0.00,3.61,,,113-0904209-4351848,
2025-09-01T20:11:41Z,shp_00001748,9400100000000000001748,delivered,USPS,GroundAdvantage,3.82,0.00,3.82,,,111-9504065-5790939,
2025-09-01T20:23:25Z,shp_00001793,9400100000000000001793,delivered,USPS,GroundAdvantage,3.44,0.00,3.44,,,114-1304196-4622242,
2025-09-01T20:30:23Z,shp_00001816,9400100000000000001816,delivered,USPS,GroundAdvantage,6.43,0.00,6.43,,,16-04237-29125,
2025-09-01T20:41:43Z,shp_00001777,9400100000000000001777,delivered,USPS,GroundAdvantage,10.87,0.00,10.87,,,SGW-7704158,
2025-09-01T20:45:23Z,shp_00001815,9400100000000000001815,delivered,USPS,Priority,12.10,0.00,12.10,,,24-04236-81266,
2025-09-01T20:48:06Z,shp_00001796,9400100000000000001796,delivered,USPS,GroundAdvantage,3.59,0.00,3.59,,,111-1404201-4059621,
2025-09-02T13:22:19Z,shp_00001805,9400100000000000001805,delivered,USPS,GroundAdvantage,5.35,0.00,5.35,,,113-2004219-8606647,
2025-09-02T13:33:10Z,shp_00001832,9400100000000000001832,delivered,USPS,Priority,10.84,0.00,10.84,,,SGW-7704295,
2025-09-02T13:39:26Z,shp_00001826,9400100000000000001826,in_transit,USPS,Priority,12.42,0.00,12.42,,,SGW-7704283,
2025-09-02T13:59:11Z,shp_00001819,9400100000000000001819,delivered,USPS,Priority,8.91,0.00,8.91,,,SGW-7704265,
2025-09-02T13:59:36Z,shp_00001714,9400100000000000001714,delivered,USPS,GroundAdvantage,5.86,0.00,5.86,,,SGW-7704006,
2025-09-02T14:01:14Z,shp_00001859,9400100000000000001859,delivered,USPS,GroundAdvantage,6.88,0.00,6.88,,,01-04334-78413,
2025-09-02T14:03:37Z,shp_00001840,9400100000000000001840,delivered,USPS,GroundAdvantage,3.36,0.00,3.36,,,114-6604307-3962214,
2025-09-02T14:44:08Z,shp_00001864,9400100000000000001864,delivered,USPS,GroundAdvantage,5.73,0.00,5.73,,,19-04352-97532,
2025-09-02T14:46:30Z,shp_00001827,9400100000000000001827,delivered,USPS,GroundAdvantage,6.03,0.00,6.03,,,SGW-7704288,
2025-09-02T14:47:25Z,shp_00001858,9400100000000000001858,delivered,USPS,GroundAdvantage,9.91,0.00,9.91,,,06-04333-77395,
2025-09-02T15:02:57Z,shp_00001846,9400100000000000001846,delivered,USPS,GroundAdvantage,3.55,0.00,3.55,,,111-0104315-7365462,
2025-09-02T15:19:32Z,shp_00001847,9400100000000000001847,in_transit,USPS,GroundAdvantage,5.53,0.00,5.53,,,112-0204316-8573335,
2025-09-02T15:23:49Z,shp_00001855,9400100000000000001855,delivered,USPS,Priority,3.50,0.00,3.50,,,111-1204329-9483844,
2025-09-02T15:24:43Z,shp_00001866,9400100000000000001866,delivered,USPS,GroundAdvantage,6.64,0.00,6.64,,,m00000004358,
2025-09-02T15:37:09Z,shp_00001841,9400100000000000001841,delivered,USPS,GroundAdvantage,5.21,0.00,5.21,,,112-7404308-9609314,
2025-09-02T15:51:22Z,shp_00001852,9400100000000000001852,delivered,USPS,GroundAdvantage,5.38,0.00,5.38,,,114-8304325-1114038,
2025-09-02T15:55:40Z,shp_00001860,9400100000000000001860,delivered,USPS,Priority,5.88,0.00,5.88,,,20-04336-90683,
2025-09-02T16:01:25Z,shp_00001822,9400100000000000001822,delivered,USPS,Priority,11.34,0.00,11.34,,,SGW-7704273,
2025-09-02T16:05:13Z,shp_00001857,9400100000000000001857,delivered,USPS,GroundAdvantage,3.32,0.00,3.32,,,113-4904332-1758387,
2025-09-02T16:44:53Z,shp_00001775,9400100000000000001775,delivered,USPS,GroundAdvantage,7.49,0.00,7.49,,,SGW-7704147,
2025-09-02T16:47:01Z,shp_00001812,9400100000000000001812,in_transit,USPS,GroundAdvantage,3.97,0.00,3.97,,,25-04231-60061,
2025-09-02T16:47:33Z,shp_00001784,9400100000000000001784,delivered,USPS,GroundAdvantage,6.50,0.00,6.50,,,SGW-7704176,
2025-09-02T16:58:21Z,shp_00001838,9400100000000000001838,delivered,USPS,GroundAdvantage,5.58,0.00,5.58,,,112-0904305-1216859,
2025-09-02T17:32:14Z,shp_00001806,9400100000000000001806,delivered,USPS,GroundAdvantage,3.55,0.00,3.55,,,111-7704221-4577489,
2025-09-02T17:35:09Z,shp_00001843,9400100000000000001843,delivered,USPS,Priority,3.31,0.00,3.31,,,114-4304312-3215066,
2025-09-02T17:40:10Z,shp_00001828,9400100000000000001828,delivered,USPS,GroundAdvantage,12.21,0.00,12.21,,,SGW-7704290,
2025-09-02T17:42:43Z,shp_00001830,9400100000000000001830,delivered,USPS,GroundAdvantage,13.18,0.00,13.18,,,SGW-7704293,
2025-09-02T17:49:14Z,shp_00001834,9400100000000000001834,delivered,USPS,Priority,11.63,0.00,11.63,,,SGW-7704299,
2025-09-02T17:52:48Z,shp_00001809,9400100000000000001809,delivered,USPS,GroundAdvantage,3.42,0.00,3.42,,,113-4104225-3289879,
2025-09-02T18:02:44Z,shp_00001789,9400100000000000001789,in_transit,USPS,Priority,11.50,0.00,11.50,,,SGW-7704189,
2025-09-02T18:03:14Z,shp_00001745,9400100000000000001745,delivered,USPS,GroundAdvantage,5.19,0.00,5.19,,,111-1604061-3837165,
2025-09-02T18:17:15Z,shp_00001831,9400100000000000001831,delivered,USPS,GroundAdvantage,6.36,0.00,6.36,,,SGW-7704294,
2025-09-02T18:23:52Z,shp_00001839,9400100000000000001839,delivered,USPS,Priority,3.72,0.00,3.72,,,111-8404306-2775264,
2025-09-02T18:26:39Z,shp_00001725,9400100000000000001725,delivered,USPS,Priority,7.05,0.00,7.05,,,SGW-7704029,
2025-09-02T18:58:22Z,shp_00001862,9400100000000000001862,delivered,USPS,Priority,6.92,0.00,6.92,,,20-04343-12347,
2025-09-02T19:16:42Z,shp_00001804,9400100000000000001804,delivered,USPS,GroundAdvantage,5.50,0.00,5.50,,,111-1204217-2318121,
2025-09-02T19:44:09Z,shp_00001722,9400100000000000001722,delivered,USPS,GroundAdvantage,8.91,0.00,8.91,,,SGW-7704022,
2025-09-02T19:47:53Z,shp_00001842,9400100000000000001842,delivered,USPS,Priority,5.23,0.00,5.23,,,111-6404310-9507202,
2025-09-02T20:18:23Z,shp_00001823,9400100000000000001823,in_transit,USPS,GroundAdvantage,8.74,0.00,8.74,,,SGW-7704277,
2025-09-02T20:18:57Z,shp_00001863,9400100000000000001863,delivered,USPS,GroundAdvantage,5.64,0.00,5.64,,,23-04345-19962,
2025-09-02T20:31:47Z,shp_00001854,9400100000000000001854,delivered,USPS,GroundAdvantage,3.41,0.00,3.41,,,113-7804328-0863297,
2025-09-02T20:46:54Z,shp_00001783,9400100000000000001783,delivered,USPS,Priority,14.94,0.00,14.94,,,SGW-7704174,
2025-09-02T20:53:53Z,shp_00001850,9400100000000000001850,delivered,USPS,GroundAdvantage,3.87,0.00,3.87,,,113-0004321-7378970,
2025-09-02T20:57:57Z,shp_00001835,9400100000000000001835,delivered,USPS,GroundAdvantage,6.43,0.00,6.43,,,SGW-7704301,
2025-09-03T13:25:55Z,shp_00001879,9400100000000000001879,delivered,USPS,GroundAdvantage,7.67,0.00,7.67,,,SGW-7704389,
2025-09-03T13:25:55Z,shp_00001894,9400100000000000001894,delivered,USPS,GroundAdvantage,8.83,0.00,8.83,,,SGW-7704429,
2025-09-03T13:45:38Z,shp_00001885,9400100000000000001885,delivered,USPS,GroundAdvantage,6.95,0.00,6.95,,,SGW-7704405,
2025-09-03T14:10:29Z,shp_00001845,9400100000000000001845,in_transit,USPS,GroundAdvantage,5.80,0.00,5.80,,,113-6904314-3603799,
2025-09-03T14:18:08Z,shp_00001851,9400100000000000001851,delivered,USPS,Priority,3.50,0.00,3.50,,,111-2804322-0497154,
2025-09-03T14:31:34Z,shp_00001836,9400100000000000001836,delivered,USPS,GroundAdvantage,3.81,0.00,3.81,,,114-8304303-6409099,
2025-09-03T14:42:25Z,shp_00001911,9400100000000000001911,delivered,USPS,Priority,3.38,0.00,3.38,,,111-1204455-2856670,
2025-09-03T14:50:25Z,shp_00001883,9400100000000000001883,unknown,USPS,GroundAdvantage,13.71,0.00,13.71,,refunded,SGW-7704402,
2025-09-03T14:58:30Z,shp_00001902,9400100000000000001902,delivered,USPS,GroundAdvantage,5.39,0.00,5.39,,,113-5004441-5589514,
2025-09-03T15:01:23Z,shp_00001868,9400100000000000001868,delivered,USPS,GroundAdvantage,15.35,0.00,15.35,,,SGW-7704370,
2025-09-03T15:15:42Z,shp_00001829,9400100000000000001829,delivered,USPS,GroundAdvantage,4.99,0.00,4.99,,,SGW-7704292,
2025-09-03T15:15:43Z,shp_00001899,9400100000000000001899,delivered,USPS,GroundAdvantage,3.34,0.00,3.34,,,113-1904436-8022289,
2025-09-03T15:20:12Z,shp_00001825,9400100000000000001825,in_transit,USPS,GroundAdvantage,7.98,0.00,7.98,,,SGW-7704279,
2025-09-03T15:30:27Z,shp_00001895,9400100000000000001895,delivered,USPS,GroundAdvantage,3.82,0.00,3.82,,,112-2104432-4897508,
2025-09-03T15:39:27Z,shp_00001821,9400100000000000001821,delivered,USPS,Priority,8.67,0.00,8.67,,,SGW-7704267,
2025-09-03T15:54:21Z,shp_00001918,9400100000000000001918,delivered,USPS,GroundAdvantage,3.47,0.00,3.47,,,114-0004471-4177402,
2025-09-03T16:05:59Z,shp_00001896,9400100000000000001896,delivered,USPS,GroundAdvantage,3.71,0.00,3.71,,,111-6704433-3293156,
2025-09-03T16:12:01Z,shp_00001888,9400100000000000001888,delivered,USPS,GroundAdvantage,10.95,0.00,10.95,,,SGW-7704411,
2025-09-03T16:23:29Z,shp_00001861,9400100000000000001861,unknown,USPS,GroundAdvantage,6.01,0.00,6.01,,refunded,16-04340-42345,
2025-09-03T16:30:53Z,shp_00001853,9400100000000000001853,delivered,USPS,GroundAdvantage,3.74,0.00,3.74,,,111-3704327-8192100,
2025-09-03T16:39:32Z,shp_00001820,9400100000000000001820,delivered,USPS,GroundAdvantage,6.68,0.00,6.68,,,SGW-7704266,
2025-09-03T16:42:56Z,shp_00001923,9400100000000000001923,in_transit,USPS,GroundAdvantage,5.39,0.00,5.39,,,13-04481-71447,
2025-09-03T16:45:07Z,shp_00001913,9400100000000000001913,delivered,USPS,GroundAdvantage,3.55,0.00,3.55,,,113-3404460-4992434,
2025-09-03T16:45:39Z,shp_00001925,9400100000000000001925,delivered,USPS,Priority,4.76,0.00,4.76,,,24-04484-45033,
2025-09-03T16:48:12Z,shp_00001909,9400100000000000001909,delivered,USPS,GroundAdvantage,3.47,0.00,3.47,,,114-5104452-3064822,
2025-09-03T16:52:21Z,shp_00001908,9400100000000000001908,delivered,USPS,Priority,3.30,0.00,3.30,,,114-2804451-9301334,
2025-09-03T16:53:51Z,shp_00001929,9400100000000000001929,delivered,USPS,GroundAdvantage,6.23,0.00,6.23,,,m00000004507,
2025-09-03T16:55:15Z,shp_00001928,9400100000000000001928,delivered,USPS,Priority,6.13,0.00,6.13,,,m00000004504,
2025-09-03T16:55:30Z,shp_00001904,9400100000000000001904,delivered,USPS,Priority,3.58,0.00,3.58,,,111-6004446-8115552,
2025-09-03T17:03:00Z,shp_00001880,9400100000000000001880,delivered,USPS,GroundAdvantage,12.17,0.00,12.17,,,SGW-7704390,
2025-09-03T17:07:27Z,shp_00001849,9400100000000000001849,in_transit,USPS,Priority,3.29,0.00,3.29,,,112-2304320-3534700,
2025-09-03T17:13:02Z,shp_00001916,9400100000000000001916,delivered,USPS,GroundAdvantage,3.31,0.00,3.31,,,114-9604467-0821351,
2025-09-03T17:15:51Z,shp_00001877,9400100000000000001877,delivered,USPS,GroundAdvantage,8.81,0.00,8.81,,,SGW-7704385,
2025-09-03T17:25:13Z,shp_00001889,9400100000000000001889,delivered,USPS,Priority,13.16,0.00,13.16,,,SGW-7704412,
2025-09-03T17:26:48Z,shp_00001898,9400100000000000001898,delivered,USPS,Priority,5.16,0.00,5.16,,,111-7304435-2374864,
2025-09-03T17:27:26Z,shp_00001878,9400100000000000001878,delivered,USPS,Priority,10.51,0.00,10.51,,,SGW-7704386,
2025-09-03T17:35:00Z,shp_00001887,9400100000000000001887,delivered,USPS,GroundAdvantage,7.76,0.00,7.76,,,SGW-7704410,
2025-09-03T17:58:07Z,shp_00001833,9400100000000000001833,delivered,USPS,GroundAdvantage,8.69,0.00,8.69,,,SGW-7704298,
2025-09-03T18:00:14Z,shp_00001872,9400100000000000001872,delivered,USPS,Priority,10.80,0.00,10.80,,,SGW-7704376,
2025-09-03T18:19:18Z,shp_00001875,9400100000000000001875,in_transit,USPS,GroundAdvantage,6.41,0.00,6.41,,,SGW-7704380,
2025-09-03T18:26:57Z,shp_00001901,9400100000000000001901,delivered,USPS,GroundAdvantage,3.41,0.00,3.41,,,114-6804439-8711028,
2025-09-03T18:29:27Z,shp_00001906,9400100000000000001906,delivered,USPS,GroundAdvantage,5.26,0.00,5.26,,,114-7304449-6035632,
2025-09-03T18:35:39Z,shp_00001891,9400100000000000001891,delivered,USPS,GroundAdvantage,7.24,0.00,7.24,,,SGW-7704417,
2025-09-03T19:21:20Z,shp_00001892,9400100000000000001892,delivered,USPS,GroundAdvantage,11.96,0.00,11.96,,,SGW-7704423,
2025-09-03T19:25:53Z,shp_00001919,9400100000000000001919,delivered,USPS,GroundAdvantage,5.66,0.00,5.66,,,111-4804473-1171492,
2025-09-03T19:28:49Z,shp_00001907,9400100000000000001907,delivered,USPS,GroundAdvantage,3.41,0.00,3.41,,,111-4704450-3692368,
2025-09-03T19:39:20Z,shp_00001882,9400100000000000001882,delivered,USPS,GroundAdvantage,15.18,0.00,15.18,,,SGW-7704397,
2025-09-03T19:54:37Z,shp_00001921,9400100000000000001921,delivered,USPS,GroundAdvantage,3.84,0.00,3.84,,,113-1904475-2736054,
2025-09-03T20:10:35Z,shp_00001869,9400100000000000001869,in_transit,USPS,GroundAdvantage,7.54,0.00,7.54,,,SGW-7704371,
2025-09-03T20:12:47Z,shp_00001837,9400100000000000001837,delivered,USPS,GroundAdvantage,5.40,0.00,5.40,,,113-1704304-8810290,
2025-09-03T20:16:39Z,shp_00001914,9400100000000000001914,delivered,USPS,GroundAdvantage,5.14,0.00,5.14,,,112-0904461-2629250,
2025-09-03T20:25:15Z,shp_00001876,9400100000000000001876,delivered,USPS,GroundAdvantage,10.25,0.00,10.25,,,SGW-7704382,
2025-09-03T20:28:53Z,shp_00001844,9400100000000000001844,delivered,USPS,GroundAdvantage,3.71,0.00,3.71,,,114-6504313-5309353,
2025-09-03T20:33:01Z,shp_00001865,9400100000000000001865,delivered,USPS,GroundAdvantage,5.85,0.00,5.85,,,m00000004354,
2025-09-03T20:36:06Z,shp_00001848,9400100000000000001848,delivered,USPS,GroundAdvantage,4.93,0.00,4.93,,,111-3004318-2337371,
2025-09-04T13:05:39Z,shp_00001931,9400100000000000001931,delivered,USPS,GroundAdvantage,14.17,0.00,14.17,,,SGW-7704531,
2025-09-04T13:10:07Z,shp_00001949,9400100000000000001949,delivered,USPS,Priority,8.58,0.00,8.58,,,SGW-7704563,
2025-09-04T13:13:58Z,shp_00001982,9400100000000000001982,in_transit,USPS,GroundAdvantage,5.35,0.00,5.35,,,26-04635-85463,
2025-09-04T13:25:32Z,shp_00001958,9400100000000000001958,delivered,USPS,Priority,4.98,0.00,4.98,,,111-3704589-2987335,
2025-09-04T13:27:40Z,shp_00001967,9400100000000000001967,delivered,USPS,GroundAdvantage,3.57,0.00,3.57,,,114-9104605-2782930,
2025-09-04T13:35:00Z,shp_00001856,9400100000000000001856,delivered,USPS,GroundAdvantage,3.66,0.00,3.66,,,111-8904331-7033879,
2025-09-04T13:37:59Z,shp_00001962,9400100000000000001962,delivered,USPS,GroundAdvantage,3.42,0.00,3.42,,,111-9904595-0327827,
2025-09-04T13:54:17Z,shp_00001972,9400100000000000001972,delivered,USPS,GroundAdvantage,5.45,0.00,5.45,,,112-4504611-9117643,
2025-09-04T14:13:31Z,shp_00001937,9400100000000000001937,delivered,USPS,GroundAdvantage,6.33,0.00,6.33,,,SGW-7704544,
2025-09-04T14:26:49Z,shp_00001910,9400100000000000001910,delivered,USPS,Priority,3.75,0.00,3.75,,,114-7504454-3129588,
2025-09-04T14:29:43Z,shp_00001874,9400100000000000001874,delivered,USPS,Priority,9.61,0.00,9.61,,,SGW-7704378,
2025-09-04T14:55:45Z,shp_00001922,9400100000000000001922,in_transit,USPS,Priority,14.68,0.00,14.68,,,07-04478-66010,
2025-09-04T15:25:29Z,shp_00001976,9400100000000000001976,delivered,USPS,Priority,5.11,0.00,5.11,,,114-9804616-9501522,
2025-09-04T15:34:53Z,shp_00001941,9400100000000000001941,delivered,USPS,GroundAdvantage,8.60,0.00,8.60,,,SGW-7704551,
2025-09-04T15:39:34Z,shp_00001955,9400100000000000001955,delivered,USPS,GroundAdvantage,3.39,0.00,3.39,,,111-4804578-3316435,
2025-09-04T15:47:28Z,shp_00001917,9400100000000000001917,delivered,USPS,Priority,3.80,0.00,3.80,,,114-5204470-3383075,
2025-09-04T15:52:19Z,shp_00001969,9400100000000000001969,delivered,USPS,GroundAdvantage,3.50,0.00,3.50,,,114-9304607-1452550,
2025-09-04T16:02:55Z,shp_00001912,9400100000000000001912,delivered,USPS,GroundAdvantage,3.79,0.00,3.79,,,114-6404457-7637099,
2025-09-04T16:12:34Z,shp_00001886,9400100000000000001886,delivered,USPS,GroundAdvantage,6.16,0.00,6.16,,,SGW-7704409,
2025-09-04T16:15:10Z,shp_00001964,9400100000000000001964,delivered,USPS,GroundAdvantage,5.69,0.00,5.69,,,112-9704602-3136633,
2025-09-04T16:20:21Z,shp_00001968,9400100000000000001968,in_transit,USPS,Priority,3.52,0.00,3.52,,,113-9504606-3179643,
2025-09-04T16:24:54Z,shp_00001824,9400100000000000001824,delivered,USPS,GroundAdvantage,9.69,0.00,9.69,,,SGW-7704278,
2025-09-04T16:31:17Z,shp_00001948,9400100000000000001948,delivered,USPS,GroundAdvantage,11.53,0.00,11.53,,,SGW-7704561,
2025-09-04T16:43:08Z,shp_00001890,9400100000000000001890,delivered,USPS,Priority,8.85,0.00,8.85,,,SGW-7704414,
2025-09-04T16:43:28Z,shp_00001951,9400100000000000001951,delivered,USPS,GroundAdvantage,8.44,0.00,8.44,,,SGW-7704570,
2025-09-04T16:49:15Z,shp_00001978,9400100000000000001978,delivered,USPS,GroundAdvantage,3.38,0.00,3.38,,,114-9404622-8843340,
2025-09-04T16:57:19Z,shp_00001936,9400100000000000001936,delivered,USPS,Priority,9.75,0.00,9.75,,,SGW-7704542,
2025-09-04T17:06:12Z,shp_00001884,9400100000000000001884,delivered,USPS,Priority,6.14,0.00,6.14,,,SGW-7704404,
2025-09-04T17:11:12Z,shp_00001974,9400100000000000001974,delivered,USPS,GroundAdvantage,5.19,0.00,5.19,,,112-3204613-1989652,
2025-09-04T17:30:53Z,shp_00001871,9400100000000000001871,in_transit,USPS,GroundAdvantage,9.08,0.00,9.08,,,SGW-7704374,
2025-09-04T17:34:58Z,shp_00001984,9400100000000000001984,delivered,USPS,GroundAdvantage,6.62,0.00,6.62,,,22-04648-42578,
2025-09-04T17:50:28Z,shp_00001980,9400100000000000001980,delivered,USPS,GroundAdvantage,5.57,0.00,5.57,,,22-04628-38834,
2025-09-04T17:52:55Z,shp_00001986,9400100000000000001986,delivered,USPS,GroundAdvantage,6.39,0.00,6.39,,,m00000004651,
2025-09-04T18:19:52Z,shp_00001961,9400100000000000001961,delivered,USPS,GroundAdvantage,3.54,0.00,3.54,,,112-8304594-5943013,
2025-09-04T18:31:34Z,shp_00001881,9400100000000000001881,delivered,USPS,GroundAdvantage,6.96,0.00,6.96,,,SGW-7704394,
2025-09-04T18:50:13Z,shp_00001963,9400100000000000001963,delivered,USPS,GroundAdvantage,5.72,0.00,5.72,,,113-6904598-2873726,
2025-09-04T18:55:52Z,shp_00001926,9400100000000000001926,delivered,USPS,GroundAdvantage,7.52,0.00,7.52,,,01-04485-27351,
2025-09-04T19:08:30Z,shp_00001957,9400100000000000001957,delivered,USPS,GroundAdvantage,5.77,0.00,5.77,,,112-9004588-5495629,
2025-09-04T19:13:11Z,shp_00001893,9400100000000000001893,in_transit,USPS,GroundAdvantage,12.84,0.00,12.84,,,SGW-7704425,
2025-09-04T19:14:50Z,shp_00001981,9400100000000000001981,delivered,USPS,Priority,6.93,0.00,6.93,,,05-04631-72730,
2025-09-04T19:26:37Z,shp_00001956,9400100000000000001956,delivered,USPS,GroundAdvantage,3.41,0.00,3.41,,,111-8704585-2790147,
2025-09-04T19:28:04Z,shp_00001934,9400100000000000001934,delivered,USPS,GroundAdvantage,12.06,0.00,12.06,,,SGW-7704537,
2025-09-04T19:43:36Z,shp_00001903,9400100000000000001903,delivered,USPS,GroundAdvantage,3.72,0.00,3.72,,,114-1004443-3659488,
2025-09-04T19:48:00Z,shp_00001867,9400100000000000001867,delivered,USPS,GroundAdvantage,5.58,0.00,5.58,,,SGW-7704369,
2025-09-04T19:57:14Z,shp_00001915,9400100000000000001915,delivered,USPS,GroundAdvantage,3.43,0.00,3.43,,,114-8704466-5199179,
2025-09-04T20:00:54Z,shp_00001987,9400100000000000001987,delivered,USPS,GroundAdvantage,6.68,0.00,6.68,,,m00000004653,
2025-09-04T20:06:02Z,shp_00001960,9400100000000000001960,delivered,USPS,GroundAdvantage,5.76,0.00,5.76,,,112-6204592-8191700,
2025-09-04T20:13:27Z,shp_00001900,9400100000000000001900,in_transit,USPS,GroundAdvantage,3.35,0.00,3.35,,,114-6704437-7281714,
2025-09-04T20:16:54Z,shp_00001927,9400100000000000001927,delivered,USPS,Priority,5.38,0.00,5.38,,,27-04495-05715,
2025-09-04T20:23:16Z,shp_00001944,9400100000000000001944,delivered,USPS,GroundAdvantage,10.58,0.00,10.58,,,SGW-7704556,
2025-09-04T20:35:33Z,shp_00001920,9400100000000000001920,delivered,USPS,Priority,3.86,0.00,3.86,,,111-3404474-3166801,
2025-09-04T20:35:49Z,shp_00001870,9400100000000000001870,delivered,USPS,GroundAdvantage,6.96,0.00,6.96,,,SGW-7704372,
2025-09-04T20:41:13Z,shp_00001873,9400100000000000001873,delivered,USPS,GroundAdvantage,7.66,0.00,7.66,,,SGW-7704377,
2025-09-04T20:45:46Z,shp_00001924,9400100000000000001924,delivered,USPS,GroundAdvantage,3.40,0.00,3.40,,,09-04483-06332,
2025-09-05T13:10:00Z,shp_00001953,9400100000000000001953,delivered,USPS,GroundAdvantage,3.41,0.00,3.41,,,114-7804575-8147018,
2025-09-05T13:25:38Z,shp_00001975,9400100000000000001975,delivered,USPS,Priority,3.77,0.00,3.77,,,114-6604614-2743973,
2025-09-05T13:34:41Z,shp_00002016,9400100000000000002016,in_transit,USPS,GroundAdvantage,3.69,0.00,3.69,,,111-2004724-5550860,
2025-09-05T13:37:31Z,shp_00002036,9400100000000000002036,delivered,USPS,GroundAdvantage,5.54,0.00,5.54,,,112-5404761-1060648,
2025-09-05T13:48:02Z,shp_00001959,9400100000000000001959,delivered,USPS,Priority,3.48,0.00,3.48,,,113-7304591-0133619,
2025-09-05T13:58:20Z,shp_00002029,9400100000000000002029,delivered,USPS,GroundAdvantage,3.34,0.00,3.34,,,111-8604748-0958707,
2025-09-05T14:01:21Z,shp_00001998,9400100000000000001998,delivered,USPS,GroundAdvantage,6.77,0.00,6.77,,,SGW-7704689,
2025-09-05T14:02:15Z,shp_00001897,9400100000000000001897,delivered,USPS,Priority,3.50,0.00,3.50,,,111-8604434-6510161,
2025-09-05T14:07:25Z,shp_00001991,9400100000000000001991,delivered,USPS,GroundAdvantage,16.13,0.00,16.13,,,SGW-7704677,
2025-09-05T14:07:50Z,shp_00002035,9400100000000000002035,delivered,USPS,Priority,3.84,0.00,3.84,,,114-8804758-4239960,
2025-09-05T14:28:22Z,shp_00002020,9400100000000000002020,delivered,USPS,GroundAdvantage,3.90,0.00,3.90,,,112-1104729-4106020,
2025-09-05T14:34:55Z,shp_00002018,9400100000000000002018,in_transit,USPS,GroundAdvantage,3.38,0.00,3.38,,,113-7304727-8298287,
2025-09-05T14:50:46Z,shp_00002008,9400100000000000002008,delivered,USPS,GroundAdvantage,7.81,0.00,7.81,,,SGW-7704709,
2025-09-05T14:52:25Z,shp_00001995,9400100000000000001995,delivered,USPS,GroundAdvantage,15.43,0.00,15.43,,,SGW-7704684,
2025-09-05T15:08:41Z,shp_00002031,9400100000000000002031,delivered,USPS,GroundAdvantage,4.98,0.00,4.98,,,111-2704752-3415465,
2025-09-05T15:12:48Z,shp_00002013,9400100000000000002013,delivered,USPS,GroundAdvantage,5.76,0.00,5.76,,,114-1704719-1428697,
2025-09-05T15:14:29Z,shp_00002042,9400100000000000002042,delivered,USPS,GroundAdvantage,8.34,0.00,8.34,,,07-04788-46151,
2025-09-05T15:16:36Z,shp_00002027,9400100000000000002027,delivered,USPS,GroundAdvantage,5.64,0.00,5.64,,,113-8904745-4045412,
2025-09-05T15:20:10Z,shp_00001970,9400100000000000001970,delivered,USPS,GroundAdvantage,3.40,0.00,3.40,,,113-4104609-1561627,
2025-09-05T15:26:02Z,shp_00002001,9400100000000000002001,delivered,USPS,GroundAdvantage,8.91,0.00,8.91,,,SGW-7704695,
2025-09-05T15:47:43Z,shp_00002044,9400100000000000002044,in_transit,USPS,GroundAdvantage,5.84,0.00,5.84,,,m00000004800,
2025-09-05T15:48:44Z,shp_00001988,9400100000000000001988,delivered,USPS,GroundAdvantage,7.37,0.00,7.37,,,SGW-7704667,
2025-09-05T15:58:28Z,shp_00001933,9400100000000000001933,delivered,USPS,Priority,8.86,0.00,8.86,,,SGW-7704535,
2025-09-05T16:02:10Z,shp_00002011,9400100000000000002011,delivered,USPS,GroundAdvantage,4.96,0.00,4.96,,,113-2204716-5654094,
2025-09-05T16:08:34Z,shp_00002040,9400100000000000002040,delivered,USPS,Priority,3.20,0.00,3.20,,,03-04779-91771,
2025-09-05T16:25:28Z,shp_00001999,9400100000000000001999,delivered,USPS,GroundAdvantage,9.95,0.00,9.95,,,SGW-7704692,
2025-09-05T16:37:17Z,shp_00001985,9400100000000000001985,delivered,USPS,Priority,3.71,0.00,3.71,,,21-04649-61425,
2025-09-05T16:46:34Z,shp_00001942,9400100000000000001942,delivered,USPS,Priority,10.25,0.00,10.25,,,SGW-7704552,
2025-09-05T16:47:45Z,shp_00002005,9400100000000000002005,delivered,USPS,GroundAdvantage,12.68,0.00,12.68,,,SGW-7704701,
2025-09-05T16:51:25Z,shp_00001905,9400100000000000001905,in_transit,USPS,GroundAdvantage,3.41,0.00,3.41,,,112-9704448-8466681,
2025-09-05T16:55:29Z,shp_00001952,9400100000000000001952,delivered,USPS,GroundAdvantage,10.28,0.00,10.28,,,SGW-7704573,
2025-09-05T17:22:36Z,shp_00002002,9400100000000000002002,delivered,USPS,GroundAdvantage,7.79,0.00,7.79,,,SGW-7704698,
2025-09-05T17:23:22Z,shp_00002007,9400100000000000002007,delivered,USPS,GroundAdvantage,9.84,0.00,9.84,,,SGW-7704708,
2025-09-05T17:31:09Z,shp_00002030,9400100000000000002030,delivered,USPS,GroundAdvantage,3.73,0.00,3.73,,,113-1304751-6734790,
2025-09-05T17:36:29Z,shp_00001992,9400100000000000001992,delivered,USPS,GroundAdvantage,8.39,0.00,8.39,,,SGW-7704678,
2025-09-05T17:37:36Z,shp_00001946,9400100000000000001946,delivered,USPS,Priority,9.27,0.00,9.27,,,SGW-7704559,
2025-09-05T17:54:38Z,shp_00001979,9400100000000000001979,delivered,USPS,GroundAdvantage,3.31,0.00,3.31,,,112-6804623-9195556,
2025-09-05T17:57:16Z,shp_00002032,9400100000000000002032,delivered,USPS,Priority,3.85,0.00,3.85,,,113-6104753-7552432,
2025-09-05T17:59:44Z,shp_00002026,9400100000000000002026,in_transit,USPS,Priority,5.62,0.00,5.62,,,114-0104743-6941581,
2025-09-05T18:08:52Z,shp_00002039,9400100000000000002039,delivered,USPS,GroundAdvantage,11.67,0.00,11.67,,,17-04778-15032,
2025-09-05T18:12:34Z,shp_00002015,9400100000000000002015,delivered,USPS,GroundAdvantage,5.85,0.00,5.85,,,111-5504722-6975177,
2025-09-05T18:20:42Z,shp_00001940,9400100000000000001940,delivered,USPS,Priority,13.19,0.00,13.19,,,SGW-7704549,
2025-09-05T18:35:26Z,shp_00001973,9400100000000000001973,delivered,USPS,GroundAdvantage,5.60,0.00,5.60,,,112-4604612-1102704,
2025-09-05T18:44:37Z,shp_00002034,9400100000000000002034,delivered,USPS,GroundAdvantage,5.21,0.00,5.21,,,113-9504756-2923969,
2025-09-05T18:45:15Z,shp_00001943,9400100000000000001943,unknown,USPS,GroundAdvantage,7.13,0.00,7.13,,refunded,SGW-7704554,
2025-09-05T18:56:34Z,shp_00001935,9400100000000000001935,delivered,USPS,GroundAdvantage,16.88,0.00,16.88,,,SGW-7704539,
2025-09-05T19:14:44Z,shp_00002041,9400100000000000002041,delivered,USPS,GroundAdvantage,3.82,0.00,3.82,,,06-04787-43465,
2025-09-05T19:19:54Z,shp_00001954,9400100000000000001954,in_transit,USPS,GroundAdvantage,5.14,0.00,5.14,,,112-5204576-4994551,
2025-09-05T19:20:08Z,shp_00002004,9400100000000000002004,delivered,USPS,GroundAdvantage,6.86,0.00,6.86,,,SGW-7704700,
2025-09-05T19:21:04Z,shp_00002010,9400100000000000002010,delivered,USPS,GroundAdvantage,3.91,0.00,3.91,,,112-0104714-0173933,
2025-09-05T19:24:32Z,shp_00001939,9400100000000000001939,delivered,USPS,GroundAdvantage,10.69,0.00,10.69,,,SGW-7704548,
2025-09-05T19:27:29Z,shp_00002028,9400100000000000002028,delivered,USPS,GroundAdvantage,3.48,0.00,3.48,,,111-0904747-3632868,
2025-09-05T19:31:14Z,shp_00002023,9400100000000000002023,delivered,USPS,GroundAdvantage,3.44,0.00,3.44,,,112-6304735-2447305,
2025-09-05T19:47:46Z,shp_00001983,9400100000000000001983,delivered,USPS,GroundAdvantage,7.91,0.00,7.91,,,01-04636-66364,
2025-09-05T20:03:22Z,shp_00001938,9400100000000000001938,delivered,USPS,Priority,8.45,0.00,8.45,,,SGW-7704546,
2025-09-05T20:03:35Z,shp_00002014,9400100000000000002014,delivered,USPS,GroundAdvantage,3.30,0.00,3.30,,,112-0904720-9761485,
2025-09-05T20:04:06Z,shp_00001990,9400100000000000001990,in_transit,USPS,GroundAdvantage,7.58,0.00,7.58,,,SGW-7704675,
2025-09-05T20:05:05Z,shp_00001947,9400100000000000001947,delivered,USPS,Priority,7.64,0.00,7.64,,,SGW-7704560,
2025-09-05T20:12:02Z,shp_00001965,9400100000000000001965,delivered,USPS,GroundAdvantage,3.36,0.00,3.36,,,112-3304603-1823885,
2025-09-05T20:15:35Z,shp_00001977,9400100000000000001977,delivered,USPS,Priority,5.57,0.00,5.57,,,114-2404619-1849339,
2025-09-05T20:30:30Z,shp_00002017,9400100000000000002017,delivered,USPS,GroundAdvantage,5.79,0.00,5.79,,,112-3304726-2983234,
2025-09-05T20:37:35Z,shp_00001945,9400100000000000001945,delivered,USPS,GroundAdvantage,11.42,0.00,11.42,,,SGW-7704558,
2025-09-05T20:39:27Z,shp_00002000,9400100000000000002000,delivered,USPS,Priority,10.78,0.00,10.78,,,SGW-7704693,
2025-09-05T20:41:02Z,shp_00002033,9400100000000000002033,delivered,USPS,GroundAdvantage,3.45,0.00,3.45,,,112-2004754-8777017,
2025-09-05T20:42:37Z,shp_00001997,9400100000000000001997,delivered,USPS,Priority,12.13,0.00,12.13,,,SGW-7704688,
2025-09-06T13:04:10Z,shp_00002060,9400100000000000002060,in_transit,USPS,GroundAdvantage,9.14,0.00,9.14,,,SGW-7704846,
2025-09-06T13:06:03Z,shp_00002006,9400100000000000002006,delivered,USPS,GroundAdvantage,12.18,0.00,12.18,,,SGW-7704705,
2025-09-06T13:08:09Z,shp_00002061,9400100000000000002061,delivered,USPS,Priority,13.61,0.00,13.61,,,SGW-7704849,
2025-09-06T13:33:11Z,shp_00002085,9400100000000000002085,delivered,USPS,GroundAdvantage,3.64,0.00,3.64,,,114-7604898-5020695,
2025-09-06T13:44:36Z,shp_00002066,9400100000000000002066,delivered,USPS,GroundAdvantage,8.46,0.00,8.46,,,SGW-7704863,
2025-09-06T14:25:38Z,shp_00002081,9400100000000000002081,delivered,USPS,GroundAdvantage,3.46,0.00,3.46,,,114-0704894-3874724,
2025-09-06T14:36:48Z,shp_00002090,9400100000000000002090,delivered,USPS,GroundAdvantage,3.85,0.00,3.85,,,111-5204906-0611918,
2025-09-06T14:37:05Z,shp_00002022,9400100000000000002022,delivered,USPS,Priority,3.83,0.00,3.83,,,111-1104734-3935416,
2025-09-06T14:42:24Z,shp_00002070,9400100000000000002070,delivered,USPS,GroundAdvantage,24.63,0.00,24.63,,,SGW-7704874,
2025-09-06T14:46:31Z,shp_00002109,9400100000000000002109,unknown,USPS,GroundAdvantage,6.34,0.00,6.34,,refunded,16-04944-30312,
2025-09-06T14:50:27Z,shp_00002012,9400100000000000002012,delivered,USPS,GroundAdvantage,5.10,0.00,5.10,,,114-3404718-7521014,
2025-09-06T15:05:36Z,shp_00002094,9400100000000000002094,delivered,USPS,GroundAdvantage,5.44,0.00,5.44,,,114-3704910-0144975,
2025-09-06T15:05:42Z,shp_00002009,9400100000000000002009,delivered,USPS,Priority,3.29,0.00,3.29,,,113-0604712-1520397,
2025-09-06T15:05:48Z,shp_00002054,9400100000000000002054,delivered,USPS,Priority,8.21,0.00,8.21,,,SGW-7704829,
2025-09-06T15:12:29Z,shp_00001966,9400100000000000001966,delivered,USPS,Priority,3.71,0.00,3.71,,,112-6704604-3361746,
2025-09-06T15:15:21Z,shp_00002095,9400100000000000002095,delivered,USPS,Priority,5.69,0.00,5.69,,,114-3804911-6359213,
2025-09-06T15:21:40Z,shp_00001996,9400100000000000001996,delivered,USPS,GroundAdvantage,6.36,0.00,6.36,,,SGW-7704687,
2025-09-06T15:21:49Z,shp_00002051,9400100000000000002051,delivered,USPS,GroundAdvantage,8.32,0.00,8.32,,,SGW-7704817,
2025-09-06T16:03:16Z,shp_00002057,9400100000000000002057,in_transit,USPS,Priority,11.78,0.00,11.78,,,SGW-7704839,
2025-09-06T16:05:56Z,shp_00002080,9400100000000000002080,delivered,USPS,GroundAdvantage,5.69,0.00,5.69,,,113-7604893-8886998,
2025-09-06T16:13:16Z,shp_00002068,9400100000000000002068,delivered,USPS,GroundAdvantage,7.46,0.00,7.46,,,SGW-7704867,
2025-09-06T16:13:34Z,shp_00002108,9400100000000000002108,delivered,USPS,Priority,6.18,0.00,6.18,,,08-04942-50732,
2025-09-06T16:20:33Z,shp_00002021,9400100000000000002021,delivered,USPS,Priority,3.53,0.00,3.53,,,112-5904732-3657498,
2025-09-06T16:22:05Z,shp_00002104,9400100000000000002104,delivered,USPS,GroundAdvantage,8.16,0.00,8.16,,,17-04929-85903,
2025-09-06T16:37:58Z,shp_00001930,9400100000000000001930,delivered,USPS,GroundAdvantage,4.92,0.00,4.92,,,SGW-7704528,
2025-09-06T16:44:18Z,shp_00002111,9400100000000000002111,delivered,USPS,GroundAdvantage,6.78,0.00,6.78,,,m00000004955,
2025-09-06T16:48:34Z,shp_00002046,9400100000000000002046,delivered,USPS,GroundAdvantage,11.89,0.00,11.89,,,SGW-7704810,
2025-09-06T16:57:24Z,shp_00002089,9400100000000000002089,in_transit,USPS,GroundAdvantage,3.84,0.00,3.84,,,111-9704905-7603290,
2025-09-06T16:57:27Z,shp_00002047,9400100000000000002047,delivered,USPS,Priority,6.08,0.00,6.08,,,SGW-7704811,
2025-09-06T17:01:32Z,shp_00002069,9400100000000000002069,delivered,USPS,GroundAdvantage,6.95,0.00,6.95,,,SGW-7704873,
2025-09-06T17:01:37Z,shp_00002056,9400100000000000002056,delivered,USPS,GroundAdvantage,5.53,0.00,5.53,,,SGW-7704834,
2025-09-06T17:06:20Z,shp_00002003,9400100000000000002003,delivered,USPS,GroundAdvantage,7.23,0.00,7.23,,,SGW-7704699,
2025-09-06T17:21:22Z,shp_00002052,9400100000000000002052,delivered,USPS,GroundAdvantage,7.47,0.00,7.47,,,SGW-7704819,
2025-09-06T17:24:40Z,shp_00002067,9400100000000000002067,delivered,USPS,Priority,7.77,0.00,7.77,,,SGW-7704864,
2025-09-06T17:26:34Z,shp_00002024,9400100000000000002024,delivered,USPS,GroundAdvantage,3.32,0.00,3.32,,,111-5804736-4456732,
2025-09-06T17:27:18Z,shp_00001971,9400100000000000001971,delivered,USPS,GroundAdvantage,3.42,0.00,3.42,,,112-6104610-6898435,
2025-09-06T17:30:07Z,shp_00002097,9400100000000000002097,in_transit,USPS,Priority,5.68,0.00,5.68,,,111-3104915-2776869,
2025-09-06T17:31:00Z,shp_00001989,9400100000000000001989,delivered,USPS,GroundAdvantage,14.30,0.00,14.30,,,SGW-7704670,
2025-09-06T17:31:19Z,shp_00002107,9400100000000000002107,delivered,USPS,GroundAdvantage,3.71,0.00,3.71,,,03-04936-03349,
2025-09-06T17:34:07Z,shp_00002048,9400100000000000002048,delivered,USPS,GroundAdvantage,7.05,0.00,7.05,,,SGW-7704812,
2025-09-06T17:41:05Z,shp_00002050,9400100000000000002050,delivered,USPS,GroundAdvantage,10.91,0.00,10.91,,,SGW-7704816,
2025-09-06T17:42:42Z,shp_00002084,9400100000000000002084,delivered,USPS,GroundAdvantage,3.81,0.00,3.81,,,111-7104897-9761810,
2025-09-06T17:44:44Z,shp_00002025,9400100000000000002025,delivered,USPS,Priority,4.92,0.00,4.92,,,111-1604739-5636002,
2025-09-06T17:48:42Z,shp_00001994,9400100000000000001994,delivered,USPS,GroundAdvantage,7.00,0.00,7.00,,,SGW-7704682,
2025-09-06T18:00:19Z,shp_00002019,9400100000000000002019,delivered,USPS,GroundAdvantage,3.69,0.00,3.69,,,114-1604728-0290080,
2025-09-06T18:14:31Z,shp_00001932,9400100000000000001932,in_transit,USPS,GroundAdvantage,8.78,0.00,8.78,,,SGW-7704533,
2025-09-06T18:40:19Z,shp_00002063,9400100000000000002063,delivered,USPS,GroundAdvantage,8.30,0.00,8.30,,,SGW-7704857,
2025-09-06T18:40:51Z,shp_00002045,9400100000000000002045,delivered,USPS,Priority,8.87,0.00,8.87,,,SGW-7704809,
2025-09-06T18:43:50Z,shp_00002076,9400100000000000002076,delivered,USPS,Priority,3.74,0.00,3.74,,,114-8804887-9411561,
2025-09-06T18:48:52Z,shp_00002071,9400100000000000002071,delivered,USPS,GroundAdvantage,3.61,0.00,3.61,,,113-3404879-6724500,
2025-09-06T18:48:54Z,shp_00002106,9400100000000000002106,delivered,USPS,GroundAdvantage,4.13,0.00,4.13,,,01-04931-65903,
2025-09-06T18:49:30Z,shp_00002053,9400100000000000002053,delivered,USPS,GroundAdvantage,9.87,0.00,9.87,,,SGW-7704828,
2025-09-06T18:53:07Z,shp_00002103,9400100000000000002103,delivered,USPS,GroundAdvantage,3.27,0.00,3.27,,,09-04928-19860,
2025-09-06T19:14:34Z,shp_00002096,9400100000000000002096,delivered,USPS,Priority,3.81,0.00,3.81,,,111-8904914-9136129,
2025-09-06T19:18:00Z,shp_00002058,9400100000000000002058,in_transit,USPS,GroundAdvantage,7.80,0.00,7.80,,,SGW-7704843,
2025-09-06T19:30:37Z,shp_00002055,9400100000000000002055,delivered,USPS,GroundAdvantage,8.01,0.00,8.01,,,SGW-7704833,
2025-09-06T19:32:17Z,shp_00002037,9400100000000000002037,delivered,USPS,GroundAdvantage,4.92,0.00,4.92,,,114-0104765-2233611,
2025-09-06T19:53:20Z,shp_00002110,9400100000000000002110,delivered,USPS,GroundAdvantage,6.03,0.00,6.03,,,m00000004954,
2025-09-06T20:00:42Z,shp_00002091,9400100000000000002091,delivered,USPS,Priority,3.48,0.00,3.48,,,114-1104907-3732512,
2025-09-06T20:02:20Z,shp_00002074,9400100000000000002074,delivered,USPS,Priority,5.15,0.00,5.15,,,113-7504884-7012745,
2025-09-06T20:03:38Z,shp_00002073,9400100000000000002073,delivered,USPS,GroundAdvantage,5.40,0.00,5.40,,,111-7504883-7032009,
2025-09-06T20:34:32Z,shp_00002099,9400100000000000002099,delivered,USPS,Priority,3.36,0.00,3.36,,,113-0404917-9795947,
2025-09-06T20:38:48Z,shp_00001993,9400100000000000001993,delivered,USPS,GroundAdvantage,11.17,0.00,11.17,,,SGW-7704680,
2025-09-06T20:38:54Z,shp_00002038,9400100000000000002038,in_transit,USPS,GroundAdvantage,6.37,0.00,6.37,,,22-04777-15936,
2025-09-06T20:41:43Z,shp_00001950,9400100000000000001950,delivered,USPS,GroundAdvantage,6.18,0.00,6.18,,,SGW-7704568,
2025-09-06T20:47:05Z,shp_00002072,9400100000000000002072,delivered,USPS,GroundAdvantage,3.61,0.00,3.61,,,113-8004880-0097007,
2025-09-06T20:47:24Z,shp_00002043,9400100000000000002043,delivered,USPS,GroundAdvantage,6.11,0.00,6.11,,,m00000004791,
2025-09-06T20:52:21Z,shp_00002086,9400100000000000002086,delivered,USPS,Priority,3.54,0.00,3.54,,,111-4204902-9453868,
2025-09-07T13:07:08Z,shp_00002129,9400100000000000002129,unknown,USPS,GroundAdvantage,10.21,0.00,10.21,,refunded,SGW-7705014,
2025-09-07T13:22:13Z,shp_00002136,9400100000000000002136,delivered,USPS,GroundAdvantage,13.48,0.00,13.48,,,SGW-7705037,
2025-09-07T13:24:29Z,shp_00002131,9400100000000000002131,delivered,USPS,GroundAdvantage,11.99,0.00,11.99,,,SGW-7705019,
2025-09-07T13:29:55Z,shp_00002101,9400100000000000002101,delivered,USPS,GroundAdvantage,8.11,0.00,8.11,,,12-04925-21864,
2025-09-07T13:36:09Z,shp_00002137,9400100000000000002137,in_transit,USPS,Priority,5.05,0.00,5.05,,,112-0505039-0021766,
2025-09-07T13:36:32Z,shp_00002163,9400100000000000002163,delivered,USPS,Priority,3.72,0.00,3.72,,,113-6205071-3345324,
2025-09-07T13:40:54Z,shp_00002119,9400100000000000002119,delivered,USPS,GroundAdvantage,10.16,0.00,10.16,,,SGW-7704990,
2025-09-07T13:50:35Z,shp_00002169,9400100000000000002169,delivered,USPS,Priority,3.49,0.00,3.49,,,113-9605079-6676355,
2025-09-07T14:04:45Z,shp_00002064,9400100000000000002064,delivered,USPS,GroundAdvantage,8.07,0.00,8.07,,,SGW-7704858,
2025-09-07T14:10:51Z,shp_00002160,9400100000000000002160,delivered,USPS,GroundAdvantage,5.29,0.00,5.29,,,111-8205068-1757370,
2025-09-07T14:23:43Z,shp_00002098,9400100000000000002098,delivered,USPS,GroundAdvantage,5.16,0.00,5.16,,,112-8004916-3883546,
2025-09-07T14:24:32Z,shp_00002167,9400100000000000002167,delivered,USPS,GroundAdvantage,3.50,0.00,3.50,,,112-7805077-4420668,
2025-09-07T14:30:53Z,shp_00002154,9400100000000000002154,delivered,USPS,GroundAdvantage,5.40,0.00,5.40,,,114-6705062-5678256,
2025-09-07T14:33:25Z,shp_00002092,9400100000000000002092,in_transit,USPS,GroundAdvantage,3.73,0.00,3.73,,,112-6604908-3779956,
2025-09-07T14:40:45Z,shp_00002065,9400100000000000002065,delivered,USPS,Priority,12.22,0.00,12.22,,,SGW-7704860,
2025-09-07T14:50:52Z,shp_00002105,9400100000000000002105,delivered,USPS,GroundAdvantage,6.79,0.00,6.79,,,05-04930-22180,
2025-09-07T14:51:44Z,shp_00002178,9400100000000000002178,delivered,USPS,GroundAdvantage,6.04,0.00,6.04,,,m00000005110,
2025-09-07T14:53:25Z,shp_00002165,9400100000000000002165,delivered,USPS,GroundAdvantage,5.80,0.00,5.80,,,111-7405073-5292772,
2025-09-07T14:57:38Z,shp_00002132,9400100000000000002132,delivered,USPS,Priority,7.89,0.00,7.89,,,SGW-7705020,
2025-09-07T14:58:48Z,shp_00002114,9400100000000000002114,delivered,USPS,GroundAdvantage,13.00,0.00,13.00,,,SGW-7704974,
2025-09-07T15:03:40Z,shp_00002120,9400100000000000002120,delivered,USPS,GroundAdvantage,13.76,0.00,13.76,,,SGW-7704997,
2025-09-07T15:12:24Z,shp_00002140,9400100000000000002140,delivered,USPS,GroundAdvantage,5.69,0.00,5.69,,,111-0505043-8930993,
2025-09-07T15:20:42Z,shp_00002116,9400100000000000002116,in_transit,USPS,GroundAdvantage,9.78,0.00,9.78,,,SGW-7704979,
2025-09-07T15:27:17Z,shp_00002128,9400100000000000002128,delivered,USPS,GroundAdvantage,9.08,0.00,9.08,,,SGW-7705013,
2025-09-07T15:34:25Z,shp_00002100,9400100000000000002100,delivered,USPS,GroundAdvantage,10.51,0.00,10.51,,,14-04920-99058,
2025-09-07T15:53:20Z,shp_00002179,9400100000000000002179,delivered,USPS,GroundAdvantage,6.53,0.00,6.53,,,m00000005119,
2025-09-07T16:01:06Z,shp_00002141,9400100000000000002141,delivered,USPS,GroundAdvantage,3.74,0.00,3.74,,,112-4505044-0317166,
2025-09-07T16:05:27Z,shp_00002118,9400100000000000002118,unknown,USPS,GroundAdvantage,9.03,0.00,9.03,,refunded,SGW-7704988,
2025-09-07T16:16:50Z,shp_00002145,9400100000000000002145,delivered,USPS,GroundAdvantage,3.39,0.00,3.39,,,112-2305052-4104507,
2025-09-07T16:31:48Z,shp_00002059,9400100000000000002059,delivered,USPS,GroundAdvantage,7.91,0.00,7.91,,,SGW-7704845,
2025-09-07T16:36:20Z,shp_00002133,9400100000000000002133,delivered,USPS,GroundAdvantage,10.84,0.00,10.84,,,SGW-7705021,
2025-09-07T16:39:28Z,shp_00002171,9400100000000000002171,in_transit,USPS,GroundAdvantage,3.69,0.00,3.69,,,112-4405082-9653113,
2025-09-07T16:40:12Z,shp_00002146,9400100000000000002146,delivered,USPS,GroundAdvantage,5.60,0.00,5.60,,,111-3905053-4297834,
2025-09-07T16:44:10Z,shp_00002082,9400100000000000002082,delivered,USPS,GroundAdvantage,4.93,0.00,4.93,,,114-5504895-3845605,
2025-09-07T16:59:02Z,shp_00002079,9400100000000000002079,delivered,USPS,GroundAdvantage,3.61,0.00,3.61,,,114-7504892-0496084,
2025-09-07T17:02:41Z,shp_00002150,9400100000000000002150,delivered,USPS,GroundAdvantage,5.72,0.00,5.72,,,112-4905057-8474885,
2025-09-07T17:12:20Z,shp_00002177,9400100000000000002177,delivered,USPS,GroundAdvantage,6.17,0.00,6.17,,,m00000005108,
2025-09-07T17:21:52Z,shp_00002049,9400100000000000002049,delivered,USPS,Priority,13.20,0.00,13.20,,,SGW-7704814,
2025-09-07T17:45:07Z,shp_00002153,9400100000000000002153,delivered,USPS,GroundAdvantage,3.87,0.00,3.87,,,114-3505061-8564379,
2025-09-07T17:46:01Z,shp_00002162,9400100000000000002162,delivered,USPS,GroundAdvantage,3.67,0.00,3.67,,,114-6905070-0173648,
2025-09-07T17:48:20Z,shp_00002093,9400100000000000002093,in_transit,USPS,GroundAdvantage,5.80,0.00,5.80,,,114-0004909-3607069,
2025-09-07T17:59:30Z,shp_00002130,9400100000000000002130,delivered,USPS,GroundAdvantage,8.33,0.00,8.33,,,SGW-7705015,
2025-09-07T18:01:14Z,shp_00002121,9400100000000000002121,delivered,USPS,GroundAdvantage,5.71,0.00,5.71,,,SGW-7704998,
2025-09-07T18:05:25Z,shp_00002126,9400100000000000002126,delivered,USPS,GroundAdvantage,8.69,0.00,8.69,,,SGW-7705009,
2025-09-07T18:05:55Z,shp_00002102,9400100000000000002102,delivered,USPS,GroundAdvantage,5.87,0.00,5.87,,,27-04927-58709,
2025-09-07T18:09:34Z,shp_00002083,9400100000000000002083,delivered,USPS,GroundAdvantage,3.63,0.00,3.63,,,114-3004896-6144372,
2025-09-07T18:15:25Z,shp_00002166,9400100000000000002166,delivered,USPS,GroundAdvantage,5.24,0.00,5.24,,,114-5605076-7803154,
2025-09-07T18:21:08Z,shp_00002134,9400100000000000002134,delivered,USPS,Priority,6.29,0.00,6.29,,,SGW-7705032,
2025-09-07T18:21:40Z,shp_00002148,9400100000000000002148,delivered,USPS,GroundAdvantage,5.02,0.00,5.02,,,114-3105055-4763900,
2025-09-07T18:24:53Z,shp_00002088,9400100000000000002088,unknown,USPS,Priority,3.33,0.00,3.33,,refunded,111-7104904-3653529,
2025-09-07T18:25:41Z,shp_00002149,9400100000000000002149,delivered,USPS,GroundAdvantage,5.10,0.00,5.10,,,113-7605056-9894981,
2025-09-07T18:34:52Z,shp_00002123,9400100000000000002123,delivered,USPS,GroundAdvantage,8.64,0.00,8.64,,,SGW-7705001,
2025-09-07T18:54:05Z,shp_00002157,9400100000000000002157,delivered,USPS,GroundAdvantage,3.46,0.00,3.46,,,112-0805065-8201436,
2025-09-07T19:04:17Z,shp_00002168,9400100000000000002168,delivered,USPS,Priority,5.20,0.00,5.20,,,111-2005078-1951756,
2025-09-07T19:06:40Z,shp_00002135,9400100000000000002135,delivered,USPS,Priority,11.50,0.00,11.50,,,SGW-7705033,
2025-09-07T19:24:52Z,shp_00002151,9400100000000000002151,delivered,USPS,GroundAdvantage,3.61,0.00,3.61,,,114-1305058-5032365,
2025-09-07T19:37:14Z,shp_00002175,9400100000000000002175,delivered,USPS,GroundAdvantage,8.68,0.00,8.68,,,08-05092-74395,
2025-09-07T19:43:46Z,shp_00002124,9400100000000000002124,delivered,USPS,GroundAdvantage,8.56,0.00,8.56,,,SGW-7705003,
2025-09-07T20:24:43Z,shp_00002115,9400100000000000002115,in_transit,USPS,Priority,6.79,0.00,6.79,,,SGW-7704977,
2025-09-07T20:44:08Z,shp_00002158,9400100000000000002158,delivered,USPS,GroundAdvantage,5.76,0.00,5.76,,,114-4205066-7927379,
2025-09-07T20:53:23Z,shp_00002174,9400100000000000002174,delivered,USPS,GroundAdvantage,5.35,0.00,5.35,,,03-05090-32094,
2025-09-08T13:03:53Z,shp_00002156,9400100000000000002156,delivered,USPS,GroundAdvantage,3.88,0.00,3.88,,,114-1405064-6199364,
2025-09-08T13:05:03Z,shp_00002127,9400100000000000002127,delivered,USPS,Priority,7.54,0.00,7.54,,,SGW-7705012,
2025-09-08T13:11:46Z,shp_00002152,9400100000000000002152,delivered,USPS,Priority,3.59,0.00,3.59,,,114-9305060-5515425,
2025-09-08T13:37:59Z,shp_00002190,9400100000000000002190,delivered,USPS,Priority,10.66,0.00,10.66,,,SGW-7705154,
2025-09-08T13:41:24Z,shp_00002195,9400100000000000002195,delivered,USPS,GroundAdvantage,10.45,0.00,10.45,,,SGW-7705162,
2025-09-08T13:41:48Z,shp_00002181,9400100000000000002181,delivered,USPS,GroundAdvantage,5.93,0.00,5.93,,,SGW-7705135,
2025-09-08T13:56:12Z,shp_00002198,9400100000000000002198,in_transit,USPS,Priority,7.23,0.00,7.23,,,SGW-7705173,
2025-09-08T14:01:18Z,shp_00002209,9400100000000000002209,delivered,USPS,GroundAdvantage,3.40,0.00,3.40,,,111-6205195-2236503,
2025-09-08T14:22:02Z,shp_00002185,9400100000000000002185,delivered,USPS,GroundAdvantage,12.93,0.00,12.93,,,SGW-7705143,
2025-09-08T14:27:27Z,shp_00002139,9400100000000000002139,delivered,USPS,GroundAdvantage,3.39,0.00,3.39,,,113-1705042-8601737,
2025-09-08T14:37:29Z,shp_00002219,9400100000000000002219,delivered,USPS,GroundAdvantage,5.20,0.00,5.20,,,17-05225-58317,
2025-09-08T14:37:34Z,shp_00002062,9400100000000000002062,delivered,USPS,GroundAdvantage,7.64,0.00,7.64,,,SGW-7704853,
2025-09-08T14:40:02Z,shp_00002182,9400100000000000002182,delivered,USPS,Priority,9.07,0.00,9.07,,,SGW-7705139,
2025-09-08T14:42:15Z,shp_00002122,9400100000000000002122,delivered,USPS,Priority,9.11,0.00,9.11,,,SGW-7705000,
2025-09-08T14:56:41Z,shp_00002220,9400100000000000002220,delivered,USPS,GroundAdvantage,6.15,0.00,6.15,,,03-05234-00045,
2025-09-08T15:04:09Z,shp_00002202,9400100000000000002202,in_transit,USPS,GroundAdvantage,5.80,0.00,5.80,,,SGW-7705179,
2025-09-08T15:09:43Z,shp_00002170,9400100000000000002170,delivered,USPS,GroundAdvantage,5.43,0.00,5.43,,,113-5305081-7231580,
2025-09-08T15:13:01Z,shp_00002221,9400100000000000002221,delivered,USPS,GroundAdvantage,7.05,0.00,7.05,,,26-05236-57585,
2025-09-08T15:14:18Z,shp_00002078,9400100000000000002078,delivered,USPS,GroundAdvantage,5.55,0.00,5.55,,,113-7604891-9858444,
2025-09-08T15:48:51Z,shp_00002176,9400100000000000002176,delivered,USPS,GroundAdvantage,5.97,0.00,5.97,,,19-05093-07326,
2025-09-08T16:11:50Z,shp_00002211,9400100000000000002211,delivered,USPS,GroundAdvantage,3.55,0.00,3.55,,,113-0905199-6980892,
2025-09-08T16:19:24Z,shp_00002222,9400100000000000002222,delivered,USPS,GroundAdvantage,6.70,0.00,6.70,,,m00000005244,
2025-09-08T17:01:11Z,shp_00002138,9400100000000000002138,delivered,USPS,GroundAdvantage,3.85,0.00,3.85,,,111-9505040-8378357,
2025-09-08T17:10:05Z,shp_00002143,9400100000000000002143,delivered,USPS,GroundAdvantage,3.82,0.00,3.82,,,111-9305048-0947137,
2025-09-08T17:11:41Z,shp_00002193,9400100000000000002193,in_transit,USPS,GroundAdvantage,7.81,0.00,7.81,,,SGW-7705159,
2025-09-08T17:12:09Z,shp_00002142,9400100000000000002142,delivered,USPS,GroundAdvantage,3.47,0.00,3.47,,,113-6005047-4271484,
2025-09-08T17:24:41Z,shp_00002184,9400100000000000002184,delivered,USPS,GroundAdvantage,13.38,0.00,13.38,,,SGW-7705142,
2025-09-08T17:25:06Z,shp_00002215,9400100000000000002215,delivered,USPS,GroundAdvantage,3.75,0.00,3.75,,,111-5205214-2455225,
2025-09-08T17:32:41Z,shp_00002199,9400100000000000002199,delivered,USPS,GroundAdvantage,9.66,0.00,9.66,,,SGW-7705174,
2025-09-08T17:36:11Z,shp_00002186,9400100000000000002186,delivered,USPS,GroundAdvantage,5.10,0.00,5.10,,,SGW-7705146,
2025-09-08T17:36:36Z,shp_00002194,9400100000000000002194,delivered,USPS,GroundAdvantage,7.92,0.00,7.92,,,SGW-7705161,
2025-09-08T17:41:30Z,shp_00002206,9400100000000000002206,delivered,USPS,GroundAdvantage,3.66,0.00,3.66,,,111-6305188-0780033,
2025-09-08T18:13:05Z,shp_00002187,9400100000000000002187,delivered,USPS,GroundAdvantage,7.67,0.00,7.67,,,SGW-7705147,
2025-09-08T18:18:53Z,shp_00002112,9400100000000000002112,in_transit,USPS,GroundAdvantage,16.18,0.00,16.18,,,SGW-7704969,
2025-09-08T18:30:09Z,shp_00002180,9400100000000000002180,delivered,USPS,GroundAdvantage,12.01,0.00,12.01,,,SGW-7705134,
2025-09-08T18:32:37Z,shp_00002218,9400100000000000002218,delivered,USPS,Priority,5.68,0.00,5.68,,,15-05222-44746,
2025-09-08T18:43:23Z,shp_00002191,9400100000000000002191,delivered,USPS,Priority,14.71,0.00,14.71,,,SGW-7705155,
2025-09-08T18:52:03Z,shp_00002172,9400100000000000002172,delivered,USPS,GroundAdvantage,5.70,0.00,5.70,,,111-1305083-3126127,
2025-09-08T18:55:38Z,shp_00002189,9400100000000000002189,delivered,USPS,GroundAdvantage,14.70,0.00,14.70,,,SGW-7705152,
2025-09-08T19:04:33Z,shp_00002159,9400100000000000002159,delivered,USPS,Priority,3.49,0.00,3.49,,,111-6105067-8868815,
2025-09-08T19:04:47Z,shp_00002213,9400100000000000002213,delivered,USPS,GroundAdvantage,3.50,0.00,3.50,,,113-2905210-6866628,
2025-09-08T19:09:53Z,shp_00002147,9400100000000000002147,delivered,USPS,GroundAdvantage,3.51,0.00,3.51,,,113-0305054-1485866,
2025-09-08T19:14:27Z,shp_00002075,9400100000000000002075,in_transit,USPS,GroundAdvantage,3.51,0.00,3.51,,,111-5304885-1267056,
2025-09-08T19:16:04Z,shp_00002144,9400100000000000002144,delivered,USPS,GroundAdvantage,3.39,0.00,3.39,,,111-9705051-8334946,
2025-09-08T19:20:18Z,shp_00002155,9400100000000000002155,delivered,USPS,GroundAdvantage,3.60,0.00,3.60,,,114-2905063-7397745,
2025-09-08T19:44:06Z,shp_00002201,9400100000000000002201,delivered,USPS,GroundAdvantage,8.40,0.00,8.40,,,SGW-7705177,
2025-09-08T19:49:07Z,shp_00002212,9400100000000000002212,delivered,USPS,GroundAdvantage,3.87,0.00,3.87,,,111-6205202-5340366,
2025-09-08T20:14:25Z,shp_00002077,9400100000000000002077,delivered,USPS,GroundAdvantage,5.21,0.00,5.21,,,114-3004890-7679461,
2025-09-08T20:14:59Z,shp_00002113,9400100000000000002113,delivered,USPS,Priority,13.48,0.00,13.48,,,SGW-7704973,
2025-09-08T20:16:50Z,shp_00002087,9400100000000000002087,delivered,USPS,GroundAdvantage,3.63,0.00,3.63,,,114-1104903-6702950,
2025-09-08T20:17:58Z,shp_00002207,9400100000000000002207,delivered,USPS,GroundAdvantage,3.44,0.00,3.44,,,112-8405189-7623296,
2025-09-08T20:21:30Z,shp_00002205,9400100000000000002205,in_transit,USPS,Priority,3.60,0.00,3.60,,,111-9105186-9951547,
2025-09-08T20:33:16Z,shp_00002161,9400100000000000002161,delivered,USPS,Priority,3.30,0.00,3.30,,,111-6705069-2961138,
2025-09-08T20:43:09Z,shp_00002183,9400100000000000002183,delivered,USPS,GroundAdvantage,15.99,0.00,15.99,,,SGW-7705140,
2025-09-08T20:50:44Z,shp_00002217,9400100000000000002217,delivered,USPS,GroundAdvantage,3.58,0.00,3.58,,,113-8605219-1926705,
2025-09-09T13:01:46Z,shp_00002274,9400100000000000002274,delivered,USPS,GroundAdvantage,3.32,0.00,3.32,,,14-05383-07061,
2025-09-09T13:11:33Z,shp_00002257,9400100000000000002257,delivered,USPS,GroundAdvantage,3.88,0.00,3.88,,,111-9805342-2269594,
2025-09-09T13:28:15Z,shp_00002214,9400100000000000002214,delivered,USPS,Priority,3.56,0.00,3.56,,,114-6105213-2079530,
2025-09-09T13:29:45Z,shp_00002237,9400100000000000002237,delivered,USPS,GroundAdvantage,9.27,0.00,9.27,,,SGW-7705295,
2025-09-09T13:37:53Z,shp_00002259,9400100000000000002259,delivered,USPS,GroundAdvantage,3.42,0.00,3.42,,,112-8505346-0987094,
2025-09-09T13:41:15Z,shp_00002196,9400100000000000002196,in_transit,USPS,GroundAdvantage,9.20,0.00,9.20,,,SGW-7705165,
2025-09-09T13:45:19Z,shp_00002192,9400100000000000002192,delivered,USPS,GroundAdvantage,7.14,0.00,7.14,,,SGW-7705156,
2025-09-09T14:04:10Z,shp_00002241,9400100000000000002241,delivered,USPS,GroundAdvantage,9.53,0.00,9.53,,,SGW-7705305,
2025-09-09T14:05:22Z,shp_00002164,9400100000000000002164,delivered,USPS,Priority,3.52,0.00,3.52,,,114-9505072-8723349,
2025-09-09T14:16:12Z,shp_00002252,9400100000000000002252,delivered,USPS,GroundAdvantage,3.65,0.00,3.65,,,114-9305331-0683962,
2025-09-09T14:25:40Z,shp_00002268,9400100000000000002268,delivered,USPS,GroundAdvantage,9.72,0.00,9.72,,,25-05363-52412,
2025-09-09T14:39:22Z,shp_00002203,9400100000000000002203,delivered,USPS,GroundAdvantage,14.39,0.00,14.39,,,SGW-7705180,
2025-09-09T14:45:11Z,shp_00002210,9400100000000000002210,delivered,USPS,Priority,3.69,0.00,3.69,,,111-3505198-4855977,
2025-09-09T15:10:40Z,shp_00002240,9400100000000000002240,delivered,USPS,GroundAdvantage,6.75,0.00,6.75,,,SGW-7705304,
2025-09-09T15:22:30Z,shp_00002255,9400100000000000002255,in_transit,USPS,Priority,3.42,0.00,3.42,,,112-9905337-2794802,
2025-09-09T15:31:59Z,shp_00002264,9400100000000000002264,delivered,USPS,Priority,3.50,0.00,3.50,,,112-7705352-3010983,
2025-09-09T15:32:37Z,shp_00002226,9400100000000000002226,delivered,USPS,GroundAdvantage,10.71,0.00,10.71,,,SGW-7705269,
2025-09-09T15:33:54Z,shp_00002200,9400100000000000002200,delivered,USPS,GroundAdvantage,14.93,0.00,14.93,,,SGW-7705176,
2025-09-09T15:58:00Z,shp_00002248,9400100000000000002248,unknown,USPS,GroundAdvantage,3.61,0.00,3.61,,submitted,113-0205322-8568393,
2025-09-09T15:58:49Z,shp_00002125,9400100000000000002125,delivered,USPS,GroundAdvantage,7.87,0.00,7.87,,,SGW-7705006,
2025-09-09T16:00:45Z,shp_00002230,9400100000000000002230,delivered,USPS,GroundAdvantage,10.50,0.00,10.50,,,SGW-7705276,
2025-09-09T16:08:56Z,shp_00002208,9400100000000000002208,delivered,USPS,GroundAdvantage,3.30,0.00,3.30,,,111-0105193-1957365,
2025-09-09T16:16:09Z,shp_00002271,9400100000000000002271,delivered,USPS,GroundAdvantage,4.62,0.00,4.62,,,02-05373-82906,
2025-09-09T16:47:25Z,shp_00002224,9400100000000000002224,in_transit,USPS,GroundAdvantage,9.04,0.00,9.04,,,SGW-7705265,
2025-09-09T16:51:31Z,shp_00002272,9400100000000000002272,delivered,USPS,GroundAdvantage,7.12,0.00,7.12,,,23-05378-60569,
2025-09-09T16:55:00Z,shp_00002173,9400100000000000002173,delivered,USPS,GroundAdvantage,3.42,0.00,3.42,,,111-9305084-1568447,
2025-09-09T17:16:03Z,shp_00002234,9400100000000000002234,delivered,USPS,Priority,5.55,0.00,5.55,,,SGW-7705284,
2025-09-09T17:38:41Z,shp_00002231,9400100000000000002231,delivered,USPS,GroundAdvantage,12.44,0.00,12.44,,,SGW-7705278,
2025-09-09T17:44:00Z,shp_00002250,9400100000000000002250,delivered,USPS,GroundAdvantage,3.75,0.00,3.75,,,114-1705324-3834294,
2025-09-09T18:10:20Z,shp_00002269,9400100000000000002269,delivered,USPS,Priority,3.20,0.00,3.20,,,16-05367-88019,
2025-09-09T18:13:06Z,shp_00002242,9400100000000000002242,delivered,USPS,Priority,7.12,0.00,7.12,,,SGW-7705306,
2025-09-09T18:25:54Z,shp_00002225,9400100000000000002225,delivered,USPS,GroundAdvantage,7.51,0.00,7.51,,,SGW-7705266,
2025-09-09T18:26:38Z,shp_00002251,9400100000000000002251,in_transit,USPS,GroundAdvantage,3.82,0.00,3.82,,,114-9105328-1700957,
2025-09-09T18:32:45Z,shp_00002204,9400100000000000002204,delivered,USPS,GroundAdvantage,17.41,0.00,17.41,,,SGW-7705183,
2025-09-09T18:39:08Z,shp_00002260,9400100000000000002260,delivered,USPS,GroundAdvantage,3.27,0.00,3.27,,,112-3305347-7980924,
2025-09-09T18:40:56Z,shp_00002273,9400100000000000002273,delivered,USPS,GroundAdvantage,7.33,0.00,7.33,,,16-05382-18572,
2025-09-09T18:53:20Z,shp_00002262,9400100000000000002262,delivered,USPS,GroundAdvantage,3.43,0.00,3.43,,,112-4605349-8345979,
2025-09-09T19:01:13Z,shp_00002197,9400100000000000002197,delivered,USPS,Priority,7.84,0.00,7.84,,,SGW-7705170,
2025-09-09T19:13:19Z,shp_00002245,9400100000000000002245,delivered,USPS,GroundAdvantage,7.42,0.00,7.42,,,SGW-7705311,
2025-09-09T19:24:04Z,shp_00002117,9400100000000000002117,delivered,USPS,GroundAdvantage,7.79,0.00,7.79,,,SGW-7704982,
2025-09-09T19:52:55Z,shp_00002216,9400100000000000002216,delivered,USPS,GroundAdvantage,3.60,0.00,3.60,,,114-9005217-9372740,
2025-09-09T20:12:17Z,shp_00002227,9400100000000000002227,in_transit,USPS,Priority,10.16,0.00,10.16,,,SGW-7705272,
2025-09-09T20:17:55Z,shp_00002266,9400100000000000002266,delivered,USPS,GroundAdvantage,5.48,0.00,5.48,,,112-5605359-2273164,
2025-09-09T20:22:54Z,shp_00002275,9400100000000000002275,delivered,USPS,GroundAdvantage,6.09,0.00,6.09,,,m00000005386,
2025-09-09T20:25:52Z,shp_00002236,9400100000000000002236,delivered,USPS,GroundAdvantage,12.88,0.00,12.88,,,SGW-7705293,
2025-09-09T20:28:06Z,shp_00002188,9400100000000000002188,delivered,USPS,GroundAdvantage,7.61,0.00,7.61,,,SGW-7705151,
2025-09-09T20:31:43Z,shp_00002247,9400100000000000002247,delivered,USPS,GroundAdvantage,9.24,0.00,9.24,,,SGW-7705316,
2025-09-09T20:51:00Z,shp_00002229,9400100000000000002229,delivered,USPS,GroundAdvantage,15.18,0.00,15.18,,,SGW-7705275,
2025-09-09T20:52:04Z,shp_00002232,9400100000000000002232,delivered,USPS,GroundAdvantage,11.97,0.00,11.97,,,SGW-7705281,
2025-09-09T20:59:55Z,shp_00002249,9400100000000000002249,delivered,USPS,GroundAdvantage,5.09,0.00,5.09,,,112-1605323-4166372,
2025-09-10T13:02:31Z,shp_00002293,9400100000000000002293,in_transit,USPS,GroundAdvantage,8.04,0.00,8.04,,,SGW-7705451,
2025-09-10T13:03:28Z,shp_00002315,9400100000000000002315,delivered,USPS,Priority,3.73,0.00,3.73,,,111-4905498-1851830,
2025-09-10T13:20:52Z,shp_00002326,9400100000000000002326,delivered,USPS,Priority,7.75,0.00,7.75,,,18-05533-66053,
2025-09-10T13:22:46Z,shp_00002312,9400100000000000002312,delivered,USPS,GroundAdvantage,3.78,0.00,3.78,,,112-3405491-1329766,
2025-09-10T13:28:06Z,shp_00002310,9400100000000000002310,delivered,USPS,GroundAdvantage,3.75,0.00,3.75,,,111-5905483-0018748,
2025-09-10T13:30:54Z,shp_00002223,9400100000000000002223,delivered,USPS,Priority,5.57,0.00,5.57,,,SGW-7705263,
2025-09-10T13:32:48Z,shp_00002288,9400100000000000002288,delivered,USPS,GroundAdvantage,14.69,0.00,14.69,,,SGW-7705440,
2025-09-10T13:50:34Z,shp_00002280,9400100000000000002280,delivered,USPS,GroundAdvantage,9.06,0.00,9.06,,,SGW-7705420,
2025-09-10T14:02:49Z,shp_00002319,9400100000000000002319,delivered,USPS,GroundAdvantage,3.87,0.00,3.87,,,113-0505505-0805607,
2025-09-10T14:05:44Z,shp_00002279,9400100000000000002279,in_transit,USPS,GroundAdvantage,8.51,0.00,8.51,,,SGW-7705418,
2025-09-10T14:07:52Z,shp_00002316,9400100000000000002316,delivered,USPS,Priority,3.69,0.00,3.69,,,112-5205500-3915618,
2025-09-10T14:14:22Z,shp_00002254,9400100000000000002254,delivered,USPS,Priority,5.49,0.00,5.49,,,112-3205336-4289124,
2025-09-10T14:24:55Z,shp_00002233,9400100000000000002233,delivered,USPS,Priority,5.03,0.00,5.03,,,SGW-7705283,
2025-09-10T14:34:06Z,shp_00002296,9400100000000000002296,delivered,USPS,GroundAdvantage,10.64,0.00,10.64,,,SGW-7705459,
2025-09-10T14:38:01Z,shp_00002327,9400100000000000002327,delivered,USPS,Priority,6.82,0.00,6.82,,,m00000005534,
2025-09-10T14:38:48Z,shp_00002317,9400100000000000002317,delivered,USPS,GroundAdvantage,5.59,0.00,5.59,,,111-2405501-5917560,
2025-09-10T15:33:38Z,shp_00002322,9400100000000000002322,delivered,USPS,Priority,5.02,0.00,5.02,,,22-05518-14989,
2025-09-10T15:38:38Z,shp_00002261,9400100000000000002261,delivered,USPS,GroundAdvantage,3.86,0.00,3.86,,,112-3505348-1603426,
2025-09-10T15:42:41Z,shp_00002239,9400100000000000002239,in_transit,USPS,GroundAdvantage,12.98,0.00,12.98,,,SGW-7705299,
2025-09-10T15:46:41Z,shp_00002284,9400100000000000002284,delivered,USPS,GroundAdvantage,10.56,0.00,10.56,,,SGW-7705428,
2025-09-10T16:09:00Z,shp_00002270,9400100000000000002270,delivered,USPS,GroundAdvantage,12.13,0.00,12.13,,,08-05370-81914,
2025-09-10T16:09:44Z,shp_00002253,9400100000000000002253,delivered,USPS,Priority,5.69,0.00,5.69,,,114-8505335-8841860,
2025-09-10T16:14:39Z,shp_00002282,9400100000000000002282,delivered,USPS,GroundAdvantage,6.66,0.00,6.66,,,SGW-7705422,
2025-09-10T16:17:55Z,shp_00002287,9400100000000000002287,delivered,USPS,Priority,13.25,0.00,13.25,,,SGW-7705434,
2025-09-10T16:19:52Z,shp_00002256,9400100000000000002256,delivered,USPS,Priority,3.52,0.00,3.52,,,114-4505340-6528235,
2025-09-10T16:46:34Z,shp_00002258,9400100000000000002258,delivered,USPS,GroundAdvantage,3.86,0.00,3.86,,,112-5705345-0891829,
2025-09-10T16:47:37Z,shp_00002286,9400100000000000002286,delivered,USPS,GroundAdvantage,10.65,0.00,10.65,,,SGW-7705432,
2025-09-10T16:59:53Z,shp_00002314,9400100000000000002314,in_transit,USPS,GroundAdvantage,3.80,0.00,3.80,,,112-1705497-9430617,
2025-09-10T17:18:31Z,shp_00002283,9400100000000000002283,delivered,USPS,Priority,8.13,0.00,8.13,,,SGW-7705427,
2025-09-10T17:22:19Z,shp_00002228,9400100000000000002228,delivered,USPS,GroundAdvantage,8.91,0.00,8.91,,,SGW-7705273,
2025-09-10T17:28:58Z,shp_00002304,9400100000000000002304,delivered,USPS,GroundAdvantage,3.30,0.00,3.30,,,111-2505473-7199352,
2025-09-10T17:40:29Z,shp_00002295,9400100000000000002295,delivered,USPS,GroundAdvantage,9.24,0.00,9.24,,,SGW-7705455,
2025-09-10T17:55:00Z,shp_00002291,9400100000000000002291,delivered,USPS,Priority,10.22,0.00,10.22,,,SGW-7705446,
2025-09-10T18:00:35Z,shp_00002276,9400100000000000002276,delivered,USPS,GroundAdvantage,6.71,0.00,6.71,,,m00000005388,
2025-09-10T18:01:41Z,shp_00002308,9400100000000000002308,delivered,USPS,GroundAdvantage,3.39,0.00,3.39,,,113-5405480-1330679,
2025-09-10T18:04:49Z,shp_00002297,9400100000000000002297,delivered,USPS,GroundAdvantage,12.34,0.00,12.34,,,SGW-7705461,
2025-09-10T18:27:55Z,shp_00002294,9400100000000000002294,in_transit,USPS,GroundAdvantage,8.84,0.00,8.84,,,SGW-7705452,
2025-09-10T18:38:23Z,shp_00002265,9400100000000000002265,delivered,USPS,Priority,3.67,0.00,3.67,,,114-5605355-9927970,
2025-09-10T19:04:22Z,shp_00002281,9400100000000000002281,delivered,USPS,GroundAdvantage,6.30,0.00,6.30,,,SGW-7705421,
2025-09-10T19:21:35Z,shp_00002307,9400100000000000002307,delivered,USPS,GroundAdvantage,3.78,0.00,3.78,,,111-8105479-1600168,
2025-09-10T19:35:52Z,shp_00002300,9400100000000000002300,delivered,USPS,GroundAdvantage,3.64,0.00,3.64,,,114-8805467-5020382,
2025-09-10T19:36:23Z,shp_00002238,9400100000000000002238,delivered,USPS,GroundAdvantage,8.92,0.00,8.92,,,SGW-7705297,
2025-09-10T19:46:31Z,shp_00002244,9400100000000000002244,delivered,USPS,GroundAdvantage,10.00,0.00,10.00,,,SGW-7705310,
2025-09-10T19:51:15Z,shp_00002267,9400100000000000002267,delivered,USPS,Priority,3.65,0.00,3.65,,,112-0405360-1362604,
2025-09-10T20:05:49Z,shp_00002263,9400100000000000002263,delivered,USPS,GroundAdvantage,3.60,0.00,3.60,,,111-1605350-4964017,
2025-09-10T20:09:46Z,shp_00002324,9400100000000000002324,in_transit,USPS,GroundAdvantage,6.75,0.00,6.75,,,04-05530-71838,
2025-09-10T20:12:10Z,shp_00002299,9400100000000000002299,delivered,USPS,Priority,13.92,0.00,13.92,,,SGW-7705463,
2025-09-10T20:33:10Z,shp_00002328,9400100000000000002328,delivered,USPS,GroundAdvantage,5.81,0.00,5.81,,,m00000005537,
2025-09-10T20:37:33Z,shp_00002298,9400100000000000002298,delivered,USPS,GroundAdvantage,9.45,0.00,9.45,,,SGW-7705462,
2025-09-10T20:45:09Z,shp_00002292,9400100000000000002292,delivered,USPS,GroundAdvantage,9.79,0.00,9.79,,,SGW-7705449,
2025-09-11T13:05:37Z,shp_00002318,9400100000000000002318,delivered,USPS,GroundAdvantage,3.44,0.00,3.44,,,112-6605502-2231397,
2025-09-11T13:06:57Z,shp_00002338,9400100000000000002338,delivered,USPS,GroundAdvantage,9.89,0.00,9.89,,,SGW-7705579,
2025-09-11T13:25:52Z,shp_00002346,9400100000000000002346,unknown,USPS,GroundAdvantage,16.87,0.00,16.87,,refunded,SGW-7705592,
2025-09-11T13:33:57Z,shp_00002306,9400100000000000002306,unknown,USPS,Priority,3.76,0.00,3.76,,refunded,113-6805476-6223624,
2025-09-11T13:45:29Z,shp_00002323,9400100000000000002323,in_transit,USPS,GroundAdvantage,4.13,0.00,4.13,,,24-05528-36420,
2025-09-11T14:01:13Z,shp_00002285,9400100000000000002285,delivered,USPS,Priority,11.23,0.00,11.23,,,SGW-7705431,
2025-09-11T14:08:38Z,shp_00002369,9400100000000000002369,delivered,USPS,GroundAdvantage,3.61,0.00,3.61,,,112-8905637-1927338,
2025-09-11T14:13:24Z,shp_00002329,9400100000000000002329,delivered,USPS,GroundAdvantage,8.67,0.00,8.67,,,SGW-7705555,
2025-09-11T14:21:25Z,shp_00002342,9400100000000000002342,delivered,USPS,GroundAdvantage,10.45,0.00,10.45,,,SGW-7705583,
2025-09-11T14:32:09Z,shp_00002356,9400100000000000002356,delivered,USPS,GroundAdvantage,3.75,0.00,3.75,,,111-5005619-3116750,
2025-09-11T14:51:42Z,shp_00002375,9400100000000000002375,delivered,USPS,Priority,3.74,0.00,3.74,,,113-6905653-7269506,
2025-09-11T14:56:45Z,shp_00002334,9400100000000000002334,delivered,USPS,GroundAdvantage,7.72,0.00,7.72,,,SGW-7705566,
2025-09-11T14:57:54Z,shp_00002309,9400100000000000002309,delivered,USPS,GroundAdvantage,5.65,0.00,5.65,,,111-8705482-7408580,
2025-09-11T15:06:43Z,shp_00002363,9400100000000000002363,unknown,USPS,Priority,3.83,0.00,3.83,,refunded,111-9705629-1884464,
2025-09-11T15:09:38Z,shp_00002381,9400100000000000002381,delivered,USPS,GroundAdvantage,5.77,0.00,5.77,,,m00000005671,
2025-09-11T15:13:36Z,shp_00002359,9400100000000000002359,delivered,USPS,GroundAdvantage,3.31,0.00,3.31,,,114-7205624-8123166,
2025-09-11T15:15:50Z,shp_00002336,9400100000000000002336,delivered,USPS,GroundAdvantage,6.35,0.00,6.35,,,SGW-7705571,
2025-09-11T15:29:57Z,shp_00002290,9400100000000000002290,delivered,USPS,Priority,9.10,0.00,9.10,,,SGW-7705443,
2025-09-11T15:32:45Z,shp_00002313,9400100000000000002313,delivered,USPS,GroundAdvantage,3.90,0.00,3.90,,,114-0905495-7982542,
2025-09-11T15:42:30Z,shp_00002335,9400100000000000002335,delivered,USPS,Priority,13.27,0.00,13.27,,,SGW-7705570,
2025-09-11T15:51:08Z,shp_00002341,9400100000000000002341,unknown,USPS,Priority,7.57,0.00,7.57,,refunded,SGW-7705582,
2025-09-11T15:59:18Z,shp_00002350,9400100000000000002350,delivered,USPS,GroundAdvantage,9.78,0.00,9.78,,,SGW-7705606,
2025-09-11T16:16:00Z,shp_00002301,9400100000000000002301,in_transit,USPS,Priority,3.31,0.00,3.31,,,114-5805468-9001737,
2025-09-11T16:22:40Z,shp_00002235,9400100000000000002235,delivered,USPS,GroundAdvantage,8.83,0.00,8.83,,,SGW-7705285,
2025-09-11T16:29:21Z,shp_00002246,9400100000000000002246,delivered,USPS,Priority,8.62,0.00,8.62,,,SGW-7705312,
2025-09-11T16:38:53Z,shp_00002360,9400100000000000002360,delivered,USPS,GroundAdvantage,3.85,0.00,3.85,,,114-7605625-5136486,
2025-09-11T16:55:59Z,shp_00002361,9400100000000000002361,delivered,USPS,GroundAdvantage,4.94,0.00,4.94,,,114-4605626-9315162,
2025-09-11T17:00:03Z,shp_00002377,9400100000000000002377,delivered,USPS,Priority,5.29,0.00,5.29,,,111-1105655-5239900,
2025-09-11T17:24:26Z,shp_00002382,9400100000000000002382,delivered,USPS,Priority,6.42,0.00,6.42,,,m00000005674,
2025-09-11T17:24:51Z,shp_00002343,9400100000000000002343,delivered,USPS,GroundAdvantage,9.93,0.00,9.93,,,SGW-7705585,
2025-09-11T17:27:35Z,shp_00002302,9400100000000000002302,unknown,USPS,Priority,5.51,0.00,5.51,,refunded,114-7905469-9353813,
2025-09-11T17:29:50Z,shp_00002277,9400100000000000002277,in_transit,USPS,GroundAdvantage,6.74,0.00,6.74,,,m00000005390,
2025-09-11T17:32:31Z,shp_00002333,9400100000000000002333,delivered,USPS,GroundAdvantage,10.32,0.00,10.32,,,SGW-7705565,
2025-09-11T17:50:36Z,shp_00002348,9400100000000000002348,delivered,USPS,GroundAdvantage,10.61,0.00,10.61,,,SGW-7705602,
2025-09-11T17:53:16Z,shp_00002344,9400100000000000002344,delivered,USPS,Priority,14.81,0.00,14.81,,,SGW-7705586,
2025-09-11T18:00:39Z,shp_00002353,9400100000000000002353,delivered,USPS,GroundAdvantage,3.83,0.00,3.83,,,112-5505613-2402652,
2025-09-11T18:05:37Z,shp_00002325,9400100000000000002325,delivered,USPS,GroundAdvantage,7.82,0.00,7.82,,,20-05531-54291,
2025-09-11T18:20:30Z,shp_00002374,9400100000000000002374,delivered,USPS,GroundAdvantage,5.02,0.00,5.02,,,111-3905650-9558665,
2025-09-11T18:23:38Z,shp_00002376,9400100000000000002376,delivered,USPS,Priority,3.80,0.00,3.80,,,111-3905654-1768427,
2025-09-11T18:28:07Z,shp_00002364,9400100000000000002364,delivered,USPS,GroundAdvantage,4.99,0.00,4.99,,,112-6805630-5566383,
2025-09-11T18:56:07Z,shp_00002321,9400100000000000002321,in_transit,USPS,GroundAdvantage,3.78,0.00,3.78,,,23-05516-75394,
2025-09-11T18:59:25Z,shp_00002378,9400100000000000002378,delivered,USPS,GroundAdvantage,5.86,0.00,5.86,,,112-2105656-8741569,
2025-09-11T19:05:30Z,shp_00002357,9400100000000000002357,delivered,USPS,GroundAdvantage,3.89,0.00,3.89,,,113-5205622-9726914,
2025-09-11T19:24:42Z,shp_00002305,9400100000000000002305,delivered,USPS,GroundAdvantage,3.90,0.00,3.90,,,112-0705475-3011568,
2025-09-11T19:47:16Z,shp_00002311,9400100000000000002311,delivered,USPS,GroundAdvantage,3.53,0.00,3.53,,,114-6205486-1117974,
2025-09-11T19:48:41Z,shp_00002278,9400100000000000002278,delivered,USPS,GroundAdvantage,10.37,0.00,10.37,,,SGW-7705417,
2025-09-11T20:01:04Z,shp_00002303,9400100000000000002303,delivered,USPS,GroundAdvantage,3.77,0.00,3.77,,,112-7205472-9278604,
2025-09-11T20:10:48Z,shp_00002332,9400100000000000002332,delivered,USPS,GroundAdvantage,7.63,0.00,7.63,,,SGW-7705564,
2025-09-11T20:12:07Z,shp_00002331,9400100000000000002331,delivered,USPS,GroundAdvantage,10.29,0.00,10.29,,,SGW-7705563,
2025-09-11T20:18:43Z,shp_00002243,9400100000000000002243,in_transit,USPS,GroundAdvantage,10.41,0.00,10.41,,,SGW-7705308,
2025-09-11T20:20:04Z,shp_00002379,9400100000000000002379,delivered,USPS,GroundAdvantage,4.60,0.00,4.60,,,23-05664-45108,
2025-09-11T20:27:33Z,shp_00002358,9400100000000000002358,delivered,USPS,Priority,3.29,0.00,3.29,,,111-0605623-1405345,
2025-09-11T20:28:34Z,shp_00002330,9400100000000000002330,delivered,USPS,GroundAdvantage,8.91,0.00,8.91,,,SGW-7705562,
2025-09-11T20:31:56Z,shp_00002368,9400100000000000002368,delivered,USPS,Priority,5.24,0.00,5.24,,,114-7905636-4043620,
2025-09-11T20:44:06Z,shp_00002373,9400100000000000002373,delivered,USPS,GroundAdvantage,3.68,0.00,3.68,,,114-1605648-0816775,
2025-09-11T20:51:15Z,shp_00002372,9400100000000000002372,delivered,USPS,Priority,5.76,0.00,5.76,,,112-2405646-9368415,
2025-09-11T20:51:44Z,shp_00002367,9400100000000000002367,delivered,USPS,GroundAdvantage,4.96,0.00,4.96,,,113-0105634-8496409,
2025-09-11T20:56:14Z,shp_00002354,9400100000000000002354,delivered,USPS,GroundAdvantage,5.34,0.00,5.34,,,114-6605617-6812698,
2025-09-12T13:02:38Z,shp_00002400,9400100000000000002400,in_transit,USPS,GroundAdvantage,11.66,0.00,11.66,,,SGW-7705733,
2025-09-12T13:08:26Z,shp_00002370,9400100000000000002370,delivered,USPS,GroundAdvantage,3.79,0.00,3.79,,,111-4905639-6430937,
2025-09-12T13:09:10Z,shp_00002442,9400100000000000002442,delivered,USPS,GroundAdvantage,5.38,0.00,5.38,,,113-0005800-7346940,
2025-09-12T13:10:33Z,shp_00002383,9400100000000000002383,delivered,USPS,GroundAdvantage,6.34,0.00,6.34,,,m00000005676,
2025-09-12T13:12:45Z,shp_00002450,9400100000000000002450,delivered,USPS,GroundAdvantage,4.48,0.00,4.48,,,03-05824-53882,
2025-09-12T13:18:04Z,shp_00002394,9400100000000000002394,delivered,USPS,GroundAdvantage,9.95,0.00,9.95,,,SGW-7705718,
2025-09-12T13:23:06Z,shp_00002397,9400100000000000002397,delivered,USPS,Priority,10.09,0.00,10.09,,,SGW-7705728,
2025-09-12T13:30:38Z,shp_00002412,9400100000000000002412,delivered,USPS,Priority,3.76,0.00,3.76,,,113-6205757-2261787,
2025-09-12T13:59:24Z,shp_00002446,9400100000000000002446,delivered,USPS,GroundAdvantage,5.52,0.00,5.52,,,26-05811-84224,
2025-09-12T14:04:02Z,shp_00002404,9400100000000000002404,in_transit,USPS,GroundAdvantage,7.00,0.00,7.00,,,SGW-7705739,
2025-09-12T14:09:28Z,shp_00002448,9400100000000000002448,delivered,USPS,GroundAdvantage,8.08,0.00,8.08,,,10-05816-24558,
2025-09-12T14:27:11Z,shp_00002352,9400100000000000002352,delivered,USPS,GroundAdvantage,3.50,0.00,3.50,,,113-2705610-6965388,
2025-09-12T14:28:55Z,shp_00002390,9400100000000000002390,delivered,USPS,GroundAdvantage,17.87,0.00,17.87,,,SGW-7705710,
2025-09-12T14:29:08Z,shp_00002417,9400100000000000002417,delivered,USPS,GroundAdvantage,3.38,0.00,3.38,,,111-7105764-3360110,
2025-09-12T14:35:36Z,shp_00002380,9400100000000000002380,delivered,USPS,GroundAdvantage,4.84,0.00,4.84,,,10-05667-06651,
2025-09-12T14:39:30Z,shp_00002402,9400100000000000002402,delivered,USPS,Priority,11.51,0.00,11.51,,,SGW-7705736,
2025-09-12T14:44:44Z,shp_00002428,9400100000000000002428,delivered,USPS,GroundAdvantage,3.44,0.00,3.44,,,112-8305780-9368681,
2025-09-12T14:46:31Z,shp_00002447,9400100000000000002447,delivered,USPS,GroundAdvantage,3.52,0.00,3.52,,,06-05815-07935,
2025-09-12T14:50:51Z,shp_00002434,9400100000000000002434,in_transit,USPS,GroundAdvantage,3.80,0.00,3.80,,,114-0405790-4632880,
2025-09-12T14:51:13Z,shp_00002407,9400100000000000002407,delivered,USPS,GroundAdvantage,9.87,0.00,9.87,,,SGW-7705749,
2025-09-12T15:07:26Z,shp_00002339,9400100000000000002339,delivered,USPS,Priority,11.79,0.00,11.79,,,SGW-7705580,
2025-09-12T15:30:45Z,shp_00002420,9400100000000000002420,delivered,USPS,GroundAdvantage,3.42,0.00,3.42,,,114-5605767-0921509,
2025-09-12T15:33:02Z,shp_00002431,9400100000000000002431,delivered,USPS,GroundAdvantage,5.80,0.00,5.80,,,114-7005784-3063545,
2025-09-12T15:34:48Z,shp_00002408,9400100000000000002408,delivered,USPS,GroundAdvantage,8.04,0.00,8.04,,,SGW-7705750,
2025-09-12T15:39:40Z,shp_00002340,9400100000000000002340,delivered,USPS,Priority,9.15,0.00,9.15,,,SGW-7705581,
2025-09-12T15:51:26Z,shp_00002429,9400100000000000002429,delivered,USPS,GroundAdvantage,3.42,0.00,3.42,,,111-7205781-1433429,
2025-09-12T15:58:19Z,shp_00002426,9400100000000000002426,delivered,USPS,GroundAdvantage,3.73,0.00,3.73,,,112-8905776-1666013,
2025-09-12T16:01:13Z,shp_00002432,9400100000000000002432,in_transit,USPS,GroundAdvantage,3.71,0.00,3.71,,,111-2705785-7239357,
2025-09-12T16:01:16Z,shp_00002419,9400100000000000002419,delivered,USPS,GroundAdvantage,3.85,0.00,3.85,,,114-7405766-7692226,
2025-09-12T16:01:37Z,shp_00002441,9400100000000000002441,delivered,USPS,GroundAdvantage,3.71,0.00,3.71,,,114-7205799-0603195,
2025-09-12T16:03:04Z,shp_00002345,9400100000000000002345,delivered,USPS,GroundAdvantage,9.86,0.00,9.86,,,SGW-7705588,
2025-09-12T16:18:26Z,shp_00002435,9400100000000000002435,delivered,USPS,GroundAdvantage,4.98,0.00,4.98,,,114-9505791-0613380,
2025-09-12T16:18:34Z,shp_00002439,9400100000000000002439,delivered,USPS,GroundAdvantage,3.64,0.00,3.64,,,113-0605796-5466698,
2025-09-12T16:19:16Z,shp_00002425,9400100000000000002425,delivered,USPS,Priority,5.65,0.00,5.65,,,111-9805775-1596631,
2025-09-12T16:20:26Z,shp_00002433,9400100000000000002433,delivered,USPS,GroundAdvantage,3.61,0.00,3.61,,,113-0505786-2964512,
2025-09-12T16:51:07Z,shp_00002386,9400100000000000002386,delivered,USPS,GroundAdvantage,18.74,0.00,18.74,,,SGW-7705701,
2025-09-12T16:53:22Z,shp_00002392,9400100000000000002392,in_transit,USPS,Priority,9.48,0.00,9.48,,,SGW-7705716,
2025-09-12T16:53:24Z,shp_00002366,9400100000000000002366,delivered,USPS,GroundAdvantage,3.30,0.00,3.30,,,113-9505633-6008446,
2025-09-12T17:31:38Z,shp_00002320,9400100000000000002320,delivered,USPS,Priority,6.38,0.00,6.38,,,13-05512-35147,
2025-09-12T17:36:01Z,shp_00002423,9400100000000000002423,delivered,USPS,GroundAdvantage,3.33,0.00,3.33,,,114-9605771-7906992,
2025-09-12T17:36:52Z,shp_00002355,9400100000000000002355,delivered,USPS,Priority,3.30,0.00,3.30,,,114-0405618-5437460,
2025-09-12T17:46:11Z,shp_00002351,9400100000000000002351,delivered,USPS,Priority,3.79,0.00,3.79,,,112-4105609-6121508,
2025-09-12T17:48:08Z,shp_00002454,9400100000000000002454,delivered,USPS,GroundAdvantage,6.11,0.00,6.11,,,m00000005841,
2025-09-12T17:48:16Z,shp_00002398,9400100000000000002398,delivered,USPS,GroundAdvantage,13.20,0.00,13.20,,,SGW-7705730,
2025-09-12T17:54:52Z,shp_00002403,9400100000000000002403,delivered,USPS,Priority,15.44,0.00,15.44,,,SGW-7705738,
2025-09-12T17:56:39Z,shp_00002362,9400100000000000002362,in_transit,USPS,Priority,3.74,0.00,3.74,,,113-0005628-9075812,
2025-09-12T17:58:23Z,shp_00002438,9400100000000000002438,delivered,USPS,GroundAdvantage,3.52,0.00,3.52,,,111-3405794-9626947,
2025-09-12T18:01:56Z,shp_00002416,9400100000000000002416,delivered,USPS,GroundAdvantage,3.60,0.00,3.60,,,111-6305762-4866072,
2025-09-12T18:12:45Z,shp_00002289,9400100000000000002289,delivered,USPS,GroundAdvantage,7.23,0.00,7.23,,,SGW-7705441,
2025-09-12T18:13:39Z,shp_00002405,9400100000000000002405,delivered,USPS,Priority,7.36,0.00,7.36,,,SGW-7705740,
2025-09-12T18:14:23Z,shp_00002415,9400100000000000002415,delivered,USPS,Priority,3.77,0.00,3.77,,,111-7705760-1887781,
2025-09-12T18:25:53Z,shp_00002424,9400100000000000002424,delivered,USPS,GroundAdvantage,3.67,0.00,3.67,,,112-3005772-3444184,
2025-09-12T18:39:22Z,shp_00002337,9400100000000000002337,delivered,USPS,GroundAdvantage,14.68,0.00,14.68,,,SGW-7705574,
2025-09-12T18:55:29Z,shp_00002451,9400100000000000002451,delivered,USPS,GroundAdvantage,6.10,0.00,6.10,,,m00000005833,
2025-09-12T18:56:13Z,shp_00002443,9400100000000000002443,in_transit,USPS,GroundAdvantage,5.69,0.00,5.69,,,113-2305802-1841396,
2025-09-12T19:30:16Z,shp_00002436,9400100000000000002436,delivered,USPS,Priority,3.52,0.00,3.52,,,113-6505792-6214827,
2025-09-12T19:35:44Z,shp_00002409,9400100000000000002409,delivered,USPS,GroundAdvantage,4.65,0.00,4.65,,,SGW-7705752,
2025-09-12T19:47:01Z,shp_00002396,9400100000000000002396,delivered,USPS,GroundAdvantage,10.20,0.00,10.20,,,SGW-7705724,
2025-09-12T20:03:24Z,shp_00002445,9400100000000000002445,delivered,USPS,GroundAdvantage,5.11,0.00,5.11,,,114-4605806-4344203,
2025-09-12T20:06:21Z,shp_00002430,9400100000000000002430,delivered,USPS,Priority,3.88,0.00,3.88,,,111-9205782-6309385,
2025-09-12T20:27:42Z,shp_00002349,9400100000000000002349,delivered,USPS,Priority,13.93,0.00,13.93,,,SGW-7705604,
2025-09-12T20:49:04Z,shp_00002365,9400100000000000002365,delivered,USPS,GroundAdvantage,3.29,0.00,3.29,,,114-9105631-6044372,
2025-09-12T20:56:14Z,shp_00002384,9400100000000000002384,delivered,USPS,GroundAdvantage,7.58,0.00,7.58,,,SGW-7705697,
2025-09-12T20:56:53Z,shp_00002440,9400100000000000002440,in_transit,USPS,Priority,3.33,0.00,3.33,,,114-3505797-9390908,
2025-09-12T20:58:16Z,shp_00002414,9400100000000000002414,delivered,USPS,Priority,3.27,0.00,3.27,,,112-8105759-7285986,
2025-09-13T13:05:35Z,shp_00002464,9400100000000000002464,delivered,USPS,GroundAdvantage,11.10,0.00,11.10,,,SGW-7705871,
2025-09-13T13:14:36Z,shp_00002511,9400100000000000002511,delivered,USPS,Priority,5.23,0.00,5.23,,,09-05962-45886,
2025-09-13T13:14:38Z,shp_00002477,9400100000000000002477,delivered,USPS,GroundAdvantage,3.69,0.00,3.69,,,114-9105901-0191918,
2025-09-13T13:28:24Z,shp_00002421,9400100000000000002421,delivered,USPS,GroundAdvantage,5.55,0.00,5.55,,,113-1905768-2960960,
2025-09-13T13:54:16Z,shp_00002497,9400100000000000002497,delivered,USPS,Priority,5.72,0.00,5.72,,,113-7005939-2493703,
2025-09-13T14:12:53Z,shp_00002465,9400100000000000002465,delivered,USPS,GroundAdvantage,11.24,0.00,11.24,,,SGW-7705874,
2025-09-13T14:15:47Z,shp_00002413,9400100000000000002413,delivered,USPS,GroundAdvantage,3.62,0.00,3.62,,,112-8305758-8700607,
2025-09-13T14:16:11Z,shp_00002483,9400100000000000002483,in_transit,USPS,GroundAdvantage,3.63,0.00,3.63,,,114-6905912-0984904,
2025-09-13T14:22:57Z,shp_00002463,9400100000000000002463,delivered,USPS,GroundAdvantage,9.05,0.00,9.05,,,SGW-7705870,
2025-09-13T14:34:22Z,shp_00002395,9400100000000000002395,delivered,USPS,GroundAdvantage,5.95,0.00,5.95,,,SGW-7705722,
2025-09-13T14:38:40Z,shp_00002520,9400100000000000002520,delivered,USPS,GroundAdvantage,5.94,0.00,5.94,,,m00000005979,
2025-09-13T14:53:33Z,shp_00002516,9400100000000000002516,delivered,USPS,GroundAdvantage,10.53,0.00,10.53,,,11-05972-17993,
2025-09-13T15:13:32Z,shp_00002498,9400100000000000002498,delivered,USPS,GroundAdvantage,3.35,0.00,3.35,,,111-7705940-3292326,
2025-09-13T15:14:30Z,shp_00002385,9400100000000000002385,delivered,USPS,GroundAdvantage,7.21,0.00,7.21,,,SGW-7705698,
2025-09-13T15:14:42Z,shp_00002482,9400100000000000002482,delivered,USPS,GroundAdvantage,3.49,0.00,3.49,,,113-5605911-2108344,
2025-09-13T15:21:04Z,shp_00002466,9400100000000000002466,delivered,USPS,Priority,10.13,0.00,10.13,,,SGW-7705881,
2025-09-13T15:31:08Z,shp_00002478,9400100000000000002478,in_transit,USPS,GroundAdvantage,4.94,0.00,4.94,,,112-4905902-0803885,
2025-09-13T15:34:13Z,shp_00002474,9400100000000000002474,delivered,USPS,GroundAdvantage,5.31,0.00,5.31,,,113-0005898-7409958,
2025-09-13T15:36:02Z,shp_00002509,9400100000000000002509,unknown,USPS,GroundAdvantage,6.98,0.00,6.98,,refunded,11-05958-34934,
2025-09-13T15:36:29Z,shp_00002456,9400100000000000002456,delivered,USPS,GroundAdvantage,13.46,0.00,13.46,,,SGW-7705850,
2025-09-13T15:36:51Z,shp_00002444,9400100000000000002444,delivered,USPS,GroundAdvantage,3.48,0.00,3.48,,,111-1405805-1272860,
2025-09-13T15:38:26Z,shp_00002459,9400100000000000002459,delivered,USPS,Priority,12.11,0.00,12.11,,,SGW-7705859,
2025-09-13T15:44:53Z,shp_00002475,9400100000000000002475,delivered,USPS,GroundAdvantage,3.87,0.00,3.87,,,114-9205899-6942699,
2025-09-13T16:03:03Z,shp_00002512,9400100000000000002512,delivered,USPS,GroundAdvantage,3.20,0.00,3.20,,,18-05964-42247,
2025-09-13T16:16:41Z,shp_00002449,9400100000000000002449,delivered,USPS,GroundAdvantage,5.71,0.00,5.71,,,05-05818-63496,
2025-09-13T16:23:57Z,shp_00002489,9400100000000000002489,in_transit,USPS,GroundAdvantage,3.82,0.00,3.82,,,113-1005926-3425866,
2025-09-13T16:26:16Z,shp_00002502,9400100000000000002502,delivered,USPS,GroundAdvantage,3.60,0.00,3.60,,,112-0005944-7764210,
2025-09-13T16:28:34Z,shp_00002485,9400100000000000002485,delivered,USPS,Priority,3.38,0.00,3.38,,,111-0605918-1469552,
2025-09-13T16:41:55Z,shp_00002514,9400100000000000002514,delivered,USPS,GroundAdvantage,5.19,0.00,5.19,,,23-05967-09577,
2025-09-13T16:56:33Z,shp_00002521,9400100000000000002521,delivered,USPS,Priority,6.54,0.00,6.54,,,m00000005983,
2025-09-13T17:04:44Z,shp_00002427,9400100000000000002427,delivered,USPS,Priority,5.22,0.00,5.22,,,111-6105777-9845921,
2025-09-13T17:14:41Z,shp_00002471,9400100000000000002471,delivered,USPS,GroundAdvantage,6.59,0.00,6.59,,,SGW-7705890,
2025-09-13T17:15:45Z,shp_00002479,9400100000000000002479,delivered,USPS,GroundAdvantage,3.31,0.00,3.31,,,112-8805906-8684740,
2025-09-13T17:23:31Z,shp_00002462,9400100000000000002462,delivered,USPS,GroundAdvantage,12.89,0.00,12.89,,,SGW-7705866,
2025-09-13T17:25:35Z,shp_00002501,9400100000000000002501,in_transit,USPS,GroundAdvantage,3.82,0.00,3.82,,,112-6105943-2053653,
2025-09-13T17:31:47Z,shp_00002437,9400100000000000002437,delivered,USPS,GroundAdvantage,3.37,0.00,3.37,,,114-1705793-7916749,
2025-09-13T17:37:48Z,shp_00002457,9400100000000000002457,delivered,USPS,GroundAdvantage,7.63,0.00,7.63,,,SGW-7705851,
2025-09-13T17:44:06Z,shp_00002504,9400100000000000002504,delivered,USPS,GroundAdvantage,3.77,0.00,3.77,,,112-6905946-2362792,
2025-09-13T17:49:11Z,shp_00002515,9400100000000000002515,delivered,USPS,Priority,6.74,0.00,6.74,,,11-05970-30633,
2025-09-13T17:49:30Z,shp_00002453,9400100000000000002453,delivered,USPS,GroundAdvantage,6.37,0.00,6.37,,,m00000005840,
2025-09-13T17:59:20Z,shp_00002505,9400100000000000002505,delivered,USPS,Priority,5.27,0.00,5.27,,,111-0705948-8733233,
2025-09-13T18:05:01Z,shp_00002470,9400100000000000002470,delivered,USPS,GroundAdvantage,18.18,0.00,18.18,,,SGW-7705889,
2025-09-13T18:08:49Z,shp_00002371,9400100000000000002371,delivered,USPS,GroundAdvantage,3.75,0.00,3.75,,,114-2605645-0294762,
2025-09-13T18:15:22Z,shp_00002481,9400100000000000002481,in_transit,USPS,GroundAdvantage,5.61,0.00,5.61,,,112-3305908-8276182,
2025-09-13T18:23:06Z,shp_00002510,9400100000000000002510,delivered,USPS,Priority,5.32,0.00,5.32,,,18-05961-99264,
2025-09-13T18:26:02Z,shp_00002468,9400100000000000002468,delivered,USPS,Priority,22.41,0.00,22.41,,,SGW-7705885,
2025-09-13T18:29:50Z,shp_00002484,9400100000000000002484,delivered,USPS,GroundAdvantage,3.28,0.00,3.28,,,112-9805914-4914842,
2025-09-13T19:21:22Z,shp_00002411,9400100000000000002411,delivered,USPS,GroundAdvantage,8.66,0.00,8.66,,,SGW-7705755,
2025-09-13T19:30:33Z,shp_00002487,9400100000000000002487,delivered,USPS,GroundAdvantage,3.78,0.00,3.78,,,113-5805923-3166092,
2025-09-13T19:44:20Z,shp_00002503,9400100000000000002503,delivered,USPS,GroundAdvantage,3.70,0.00,3.70,,,112-0605945-9698229,
2025-09-13T20:00:45Z,shp_00002513,9400100000000000002513,delivered,USPS,GroundAdvantage,3.70,0.00,3.70,,,03-05965-83983,
2025-09-13T20:05:04Z,shp_00002467,9400100000000000002467,delivered,USPS,Priority,7.36,0.00,7.36,,,SGW-7705884,
2025-09-13T20:09:17Z,shp_00002500,9400100000000000002500,in_transit,USPS,GroundAdvantage,3.58,0.00,3.58,,,114-7905942-5314462,
2025-09-13T20:13:16Z,shp_00002347,9400100000000000002347,delivered,USPS,Priority,13.25,0.00,13.25,,,SGW-7705596,
2025-09-13T20:13:27Z,shp_00002517,9400100000000000002517,delivered,USPS,GroundAdvantage,4.21,0.00,4.21,,,22-05975-01691,
2025-09-13T20:15:43Z,shp_00002399,9400100000000000002399,delivered,USPS,GroundAdvantage,10.32,0.00,10.32,,,SGW-7705732,
2025-09-13T20:16:15Z,shp_00002458,9400100000000000002458,delivered,USPS,Priority,7.86,0.00,7.86,,,SGW-7705856,
2025-09-13T20:17:03Z,shp_00002518,9400100000000000002518,delivered,USPS,GroundAdvantage,5.92,0.00,5.92,,,06-05976-65272,
2025-09-13T20:17:38Z,shp_00002422,9400100000000000002422,delivered,USPS,GroundAdvantage,5.69,0.00,5.69,,,111-9705770-0380345,
2025-09-13T20:23:09Z,shp_00002391,9400100000000000002391,delivered,USPS,GroundAdvantage,10.29,0.00,10.29,,,SGW-7705715,
2025-09-13T20:48:24Z,shp_00002460,9400100000000000002460,delivered,USPS,GroundAdvantage,7.77,0.00,7.77,,,SGW-7705862,
2025-09-13T20:53:03Z,shp_00002452,9400100000000000002452,in_transit,USPS,GroundAdvantage,6.57,0.00,6.57,,,m00000005839,
2025-09-13T20:58:14Z,shp_00002507,9400100000000000002507,delivered,USPS,GroundAdvantage,4.98,0.00,4.98,,,14-05955-31105,
2025-09-14T13:00:56Z,shp_00002455,9400100000000000002455,delivered,USPS,GroundAdvantage,7.70,0.00,7.70,,,SGW-7705848,
2025-09-14T13:13:06Z,shp_00002550,9400100000000000002550,delivered,USPS,GroundAdvantage,3.41,0.00,3.41,,,112-4606071-7376824,
2025-09-14T13:14:22Z,shp_00002531,9400100000000000002531,delivered,USPS,GroundAdvantage,8.01,0.00,8.01,,,SGW-7706026,
2025-09-14T13:17:50Z,shp_00002580,9400100000000000002580,delivered,USPS,GroundAdvantage,5.48,0.00,5.48,,,02-06133-56592,
2025-09-14T13:32:25Z,shp_00002541,9400100000000000002541,delivered,USPS,GroundAdvantage,9.03,0.00,9.03,,,SGW-7706049,
2025-09-14T13:33:00Z,shp_00002488,9400100000000000002488,delivered,USPS,GroundAdvantage,4.98,0.00,4.98,,,111-0105925-8716494,
2025-09-14T13:49:18Z,shp_00002542,9400100000000000002542,unknown,USPS,GroundAdvantage,9.68,0.00,9.68,,refunded,SGW-7706053,
2025-09-14T14:04:29Z,shp_00002553,9400100000000000002553,in_transit,USPS,GroundAdvantage,5.53,0.00,5.53,,,111-5806075-9741742,
2025-09-14T14:13:23Z,shp_00002388,9400100000000000002388,delivered,USPS,GroundAdvantage,12.15,0.00,12.15,,,SGW-7705707,
2025-09-14T14:13:43Z,shp_00002549,9400100000000000002549,delivered,USPS,GroundAdvantage,3.39,0.00,3.39,,,113-1306070-1491469,
2025-09-14T14:27:56Z,shp_00002473,9400100000000000002473,delivered,USPS,Priority,10.17,0.00,10.17,,,SGW-7705896,
2025-09-14T14:40:33Z,shp_00002582,9400100000000000002582,delivered,USPS,Priority,5.93,0.00,5.93,,,m00000006141,
2025-09-14T14:46:55Z,shp_00002525,9400100000000000002525,delivered,USPS,GroundAdvantage,14.86,0.00,14.86,,,SGW-7706015,
2025-09-14T15:02:50Z,shp_00002461,9400100000000000002461,delivered,USPS,GroundAdvantage,13.78,0.00,13.78,,,SGW-7705864,
2025-09-14T15:08:01Z,shp_00002551,9400100000000000002551,delivered,USPS,GroundAdvantage,3.39,0.00,3.39,,,112-7506073-0503339,
2025-09-14T15:16:19Z,shp_00002567,9400100000000000002567,delivered,USPS,GroundAdvantage,3.45,0.00,3.45,,,114-9206101-2315371,
2025-09-14T15:24:41Z,shp_00002562,9400100000000000002562,in_transit,USPS,GroundAdvantage,3.51,0.00,3.51,,,112-4606096-5249201,
2025-09-14T15:28:33Z,shp_00002508,9400100000000000002508,delivered,USPS,Priority,7.02,0.00,7.02,,,17-05956-98987,
2025-09-14T15:29:02Z,shp_00002566,9400100000000000002566,delivered,USPS,GroundAdvantage,3.83,0.00,3.83,,,114-5906100-4138878,
2025-09-14T15:35:40Z,shp_00002486,9400100000000000002486,delivered,USPS,GroundAdvantage,3.33,0.00,3.33,,,112-1905919-0791961,
2025-09-14T15:38:48Z,shp_00002496,9400100000000000002496,delivered,USPS,GroundAdvantage,3.82,0.00,3.82,,,111-1405938-7889322,
2025-09-14T15:48:21Z,shp_00002522,9400100000000000002522,unknown,USPS,GroundAdvantage,8.07,0.00,8.07,,refunded,SGW-7705999,
2025-09-14T15:56:05Z,shp_00002556,9400100000000000002556,delivered,USPS,GroundAdvantage,3.33,0.00,3.33,,,113-8906082-1379865,
2025-09-14T15:59:22Z,shp_00002573,9400100000000000002573,delivered,USPS,Priority,3.33,0.00,3.33,,,111-7706109-0431820,
2025-09-14T16:01:50Z,shp_00002480,9400100000000000002480,delivered,USPS,Priority,3.75,0.00,3.75,,,112-2105907-1661154,
2025-09-14T16:18:46Z,shp_00002534,9400100000000000002534,in_transit,USPS,GroundAdvantage,17.98,0.00,17.98,,,SGW-7706037,
2025-09-14T16:20:28Z,shp_00002499,9400100000000000002499,delivered,USPS,GroundAdvantage,5.49,0.00,5.49,,,114-5105941-0549902,
2025-09-14T16:31:38Z,shp_00002581,9400100000000000002581,delivered,USPS,GroundAdvantage,8.12,0.00,8.12,,,14-06134-65818,
2025-09-14T16:33:57Z,shp_00002532,9400100000000000002532,delivered,USPS,GroundAdvantage,11.78,0.00,11.78,,,SGW-7706029,
2025-09-14T16:36:45Z,shp_00002524,9400100000000000002524,delivered,USPS,GroundAdvantage,9.43,0.00,9.43,,,SGW-7706007,
2025-09-14T16:44:27Z,shp_00002535,9400100000000000002535,delivered,USPS,GroundAdvantage,14.80,0.00,14.80,,,SGW-7706038,
2025-09-14T16:54:55Z,shp_00002571,9400100000000000002571,delivered,USPS,GroundAdvantage,3.52,0.00,3.52,,,113-9906107-8596341,
2025-09-14T17:07:53Z,shp_00002389,9400100000000000002389,delivered,USPS,GroundAdvantage,13.64,0.00,13.64,,,SGW-7705708,
2025-09-14T17:09:45Z,shp_00002476,9400100000000000002476,delivered,USPS,GroundAdvantage,3.84,0.00,3.84,,,114-0105900-6791600,
2025-09-14T17:22:11Z,shp_00002568,9400100000000000002568,in_transit,USPS,GroundAdvantage,3.71,0.00,3.71,,,111-7106102-9450964,
2025-09-14T17:41:29Z,shp_00002574,9400100000000000002574,delivered,USPS,GroundAdvantage,3.52,0.00,3.52,,,112-7206111-4502337,
2025-09-14T18:01:36Z,shp_00002410,9400100000000000002410,delivered,USPS,Priority,10.28,0.00,10.28,,,SGW-7705754,
2025-09-14T18:11:05Z,shp_00002540,9400100000000000002540,delivered,USPS,GroundAdvantage,7.13,0.00,7.13,,,SGW-7706045,
2025-09-14T18:15:55Z,shp_00002577,9400100000000000002577,delivered,USPS,GroundAdvantage,4.59,0.00,4.59,,,02-06115-26596,
2025-09-14T18:16:48Z,shp_00002490,9400100000000000002490,delivered,USPS,GroundAdvantage,3.31,0.00,3.31,,,111-9805929-4799404,
2025-09-14T18:17:44Z,shp_00002472,9400100000000000002472,delivered,USPS,GroundAdvantage,9.40,0.00,9.40,,,SGW-7705892,
2025-09-14T18:20:07Z,shp_00002565,9400100000000000002565,delivered,USPS,GroundAdvantage,4.96,0.00,4.96,,,112-1906099-5635698,
2025-09-14T18:21:47Z,shp_00002393,9400100000000000002393,delivered,USPS,GroundAdvantage,5.69,0.00,5.69,,,SGW-7705717,
2025-09-14T18:27:18Z,shp_00002493,9400100000000000002493,in_transit,USPS,GroundAdvantage,3.48,0.00,3.48,,,113-8605933-3496856,
2025-09-14T18:32:02Z,shp_00002406,9400100000000000002406,delivered,USPS,GroundAdvantage,16.29,0.00,16.29,,,SGW-7705743,
2025-09-14T18:42:56Z,shp_00002547,9400100000000000002547,delivered,USPS,GroundAdvantage,3.48,0.00,3.48,,,113-7506063-1993251,
2025-09-14T18:45:46Z,shp_00002529,9400100000000000002529,delivered,USPS,GroundAdvantage,9.23,0.00,9.23,,,SGW-7706021,
2025-09-14T18:48:09Z,shp_00002578,9400100000000000002578,delivered,USPS,GroundAdvantage,4.81,0.00,4.81,,,12-06119-23911,
2025-09-14T18:56:37Z,shp_00002552,9400100000000000002552,delivered,USPS,GroundAdvantage,5.47,0.00,5.47,,,112-5606074-0290135,
2025-09-14T18:57:38Z,shp_00002506,9400100000000000002506,delivered,USPS,GroundAdvantage,11.59,0.00,11.59,,,18-05952-10919,
2025-09-14T19:10:16Z,shp_00002560,9400100000000000002560,delivered,USPS,Priority,5.20,0.00,5.20,,,114-5206093-7206025,
2025-09-14T19:25:40Z,shp_00002519,9400100000000000002519,delivered,USPS,Priority,5.95,0.00,5.95,,,m00000005978,
2025-09-14T19:30:13Z,shp_00002387,9400100000000000002387,in_transit,USPS,GroundAdvantage,7.18,0.00,7.18,,,SGW-7705703,
2025-09-14T19:41:03Z,shp_00002564,9400100000000000002564,delivered,USPS,Priority,3.70,0.00,3.70,,,114-1106098-9018731,
2025-09-14T19:55:41Z,shp_00002528,9400100000000000002528,delivered,USPS,GroundAdvantage,11.39,0.00,11.39,,,SGW-7706020,
2025-09-14T19:59:23Z,shp_00002523,9400100000000000002523,delivered,USPS,GroundAdvantage,11.49,0.00,11.49,,,SGW-7706000,
2025-09-14T20:06:35Z,shp_00002494,9400100000000000002494,unknown,USPS,Priority,3.42,0.00,3.42,,refunded,111-5705935-4599306,
2025-09-14T20:08:29Z,shp_00002548,9400100000000000002548,delivered,USPS,GroundAdvantage,5.27,0.00,5.27,,,113-5906066-0630715,
2025-09-14T20:14:21Z,shp_00002570,9400100000000000002570,delivered,USPS,GroundAdvantage,5.42,0.00,5.42,,,111-4106106-7920506,
2025-09-14T20:17:01Z,shp_00002563,9400100000000000002563,delivered,USPS,GroundAdvantage,5.55,0.00,5.55,,,113-9106097-6032038,
2025-09-14T20:29:24Z,shp_00002526,9400100000000000002526,delivered,USPS,GroundAdvantage,11.61,0.00,11.61,,,SGW-7706017,
2025-09-14T20:33:17Z,shp_00002539,9400100000000000002539,in_transit,USPS,GroundAdvantage,11.11,0.00,11.11,,,SGW-7706044,
2025-09-14T20:38:55Z,shp_00002533,9400100000000000002533,delivered,USPS,GroundAdvantage,10.32,0.00,10.32,,,SGW-7706031,
2025-09-14T20:47:28Z,shp_00002418,9400100000000000002418,delivered,USPS,GroundAdvantage,4.97,0.00,4.97,,,114-4505765-3389702,
2025-09-14T20:47:35Z,shp_00002469,9400100000000000002469,unknown,USPS,Priority,7.02,0.00,7.02,,refunded,SGW-7705887,
2025-09-14T20:51:15Z,shp_00002401,9400100000000000002401,delivered,USPS,GroundAdvantage,10.47,0.00,10.47,,,SGW-7705734,
2025-09-14T20:51:58Z,shp_00002495,9400100000000000002495,delivered,USPS,Priority,3.74,0.00,3.74,,,112-9905936-4217455,
2025-09-15T13:05:49Z,shp_00002625,9400100000000000002625,delivered,USPS,GroundAdvantage,3.55,0.00,3.55,,,112-2606247-2551615,
2025-09-15T13:11:44Z,shp_00002594,9400100000000000002594,delivered,USPS,GroundAdvantage,14.72,0.00,14.72,,,SGW-7706193,
2025-09-15T13:38:05Z,shp_00002603,9400100000000000002603,delivered,USPS,Priority,3.89,0.00,3.89,,,114-5106212-5387255,
2025-09-15T13:38:24Z,shp_00002604,9400100000000000002604,in_transit,USPS,GroundAdvantage,3.51,0.00,3.51,,,111-3306213-4332047,
2025-09-15T13:42:32Z,shp_00002630,9400100000000000002630,delivered,USPS,GroundAdvantage,6.83,0.00,6.83,,,m00000006269,
2025-09-15T13:42:47Z,shp_00002584,9400100000000000002584,delivered,USPS,GroundAdvantage,10.79,0.00,10.79,,,SGW-7706168,
2025-09-15T13:44:49Z,shp_00002606,9400100000000000002606,delivered,USPS,GroundAdvantage,3.78,0.00,3.78,,,111-4606217-0940182,
2025-09-15T13:46:21Z,shp_00002557,9400100000000000002557,delivered,USPS,GroundAdvantage,3.35,0.00,3.35,,,112-4306085-4448851,
2025-09-15T14:17:49Z,shp_00002585,9400100000000000002585,delivered,USPS,GroundAdvantage,15.52,0.00,15.52,,,SGW-7706173,
2025-09-15T14:44:03Z,shp_00002598,9400100000000000002598,delivered,USPS,GroundAdvantage,10.13,0.00,10.13,,,SGW-7706205,
2025-09-15T14:47:18Z,shp_00002492,9400100000000000002492,delivered,USPS,GroundAdvantage,3.89,0.00,3.89,,,113-3405931-0632996,
2025-09-15T15:06:09Z,shp_00002545,9400100000000000002545,delivered,USPS,GroundAdvantage,11.76,0.00,11.76,,,SGW-7706057,
2025-09-15T15:07:16Z,shp_00002601,9400100000000000002601,in_transit,USPS,GroundAdvantage,3.91,0.00,3.91,,,111-2306210-6336319,
2025-09-15T15:24:12Z,shp_00002624,9400100000000000002624,delivered,USPS,Priority,3.46,0.00,3.46,,,114-9206246-4552441,
2025-09-15T15:24:28Z,shp_00002614,9400100000000000002614,delivered,USPS,Priority,3.35,0.00,3.35,,,111-6006232-5102021,
2025-09-15T15:35:29Z,shp_00002626,9400100000000000002626,unknown,USPS,GroundAdvantage,3.64,0.00,3.64,,refunded,111-2806248-6218614,
2025-09-15T15:36:44Z,shp_00002537,9400100000000000002537,delivered,USPS,Priority,7.26,0.00,7.26,,,SGW-7706041,
2025-09-15T16:02:17Z,shp_00002595,9400100000000000002595,delivered,USPS,Priority,6.60,0.00,6.60,,,SGW-7706195,
2025-09-15T16:04:25Z,shp_00002619,9400100000000000002619,delivered,USPS,GroundAdvantage,3.52,0.00,3.52,,,114-4006239-3106751,
2025-09-15T16:05:45Z,shp_00002555,9400100000000000002555,delivered,USPS,Priority,3.84,0.00,3.84,,,112-4206080-3706185,
2025-09-15T16:50:52Z,shp_00002592,9400100000000000002592,delivered,USPS,Priority,9.18,0.00,9.18,,,SGW-7706190,
2025-09-15T16:52:07Z,shp_00002607,9400100000000000002607,in_transit,USPS,Priority,3.47,0.00,3.47,,,113-6006220-3250057,
2025-09-15T16:58:25Z,shp_00002559,9400100000000000002559,delivered,USPS,GroundAdvantage,5.10,0.00,5.10,,,111-5906092-1960001,
2025-09-15T17:00:49Z,shp_00002530,9400100000000000002530,delivered,USPS,GroundAdvantage,7.64,0.00,7.64,,,SGW-7706022,
2025-09-15T17:05:18Z,shp_00002554,9400100000000000002554,delivered,USPS,GroundAdvantage,3.41,0.00,3.41,,,111-8706076-9387659,
2025-09-15T17:09:25Z,shp_00002579,9400100000000000002579,delivered,USPS,GroundAdvantage,11.23,0.00,11.23,,,26-06132-04717,
2025-09-15T17:21:56Z,shp_00002590,9400100000000000002590,delivered,USPS,GroundAdvantage,6.51,0.00,6.51,,,SGW-7706181,
2025-09-15T17:22:17Z,shp_00002627,9400100000000000002627,delivered,USPS,GroundAdvantage,3.64,0.00,3.64,,,113-2906250-5391841,
2025-09-15T17:24:58Z,shp_00002596,9400100000000000002596,delivered,USPS,GroundAdvantage,10.82,0.00,10.82,,,SGW-7706201,
2025-09-15T17:34:32Z,shp_00002576,9400100000000000002576,delivered,USPS,Priority,4.30,0.00,4.30,,,23-06113-14369,
2025-09-15T17:36:54Z,shp_00002583,9400100000000000002583,in_transit,USPS,GroundAdvantage,6.28,0.00,6.28,,,m00000006145,
2025-09-15T17:44:10Z,shp_00002543,9400100000000000002543,delivered,USPS,GroundAdvantage,7.93,0.00,7.93,,,SGW-7706054,
2025-09-15T17:58:44Z,shp_00002536,9400100000000000002536,delivered,USPS,Priority,9.13,0.00,9.13,,,SGW-7706040,
2025-09-15T18:28:12Z,shp_00002569,9400100000000000002569,delivered,USPS,Priority,5.68,0.00,5.68,,,113-2506103-8703285,
2025-09-15T18:36:07Z,shp_00002620,9400100000000000002620,delivered,USPS,GroundAdvantage,3.31,0.00,3.31,,,111-6806241-0863785,
2025-09-15T18:47:57Z,shp_00002544,9400100000000000002544,delivered,USPS,Priority,13.50,0.00,13.50,,,SGW-7706055,
2025-09-15T18:49:56Z,shp_00002605,9400100000000000002605,delivered,USPS,GroundAdvantage,4.94,0.00,4.94,,,111-0906214-2371759,
2025-09-15T19:00:43Z,shp_00002546,9400100000000000002546,delivered,USPS,GroundAdvantage,5.62,0.00,5.62,,,114-8906062-0534054,
2025-09-15T19:06:27Z,shp_00002621,9400100000000000002621,delivered,USPS,GroundAdvantage,5.28,0.00,5.28,,,114-6806242-1847504,
2025-09-15T19:08:24Z,shp_00002589,9400100000000000002589,in_transit,USPS,Priority,7.77,0.00,7.77,,,SGW-7706178,
2025-09-15T19:08:31Z,shp_00002623,9400100000000000002623,delivered,USPS,GroundAdvantage,5.60,0.00,5.60,,,113-7806245-8107100,
2025-09-15T19:18:42Z,shp_00002591,9400100000000000002591,delivered,USPS,GroundAdvantage,10.28,0.00,10.28,,,SGW-7706186,
2025-09-15T19:38:30Z,shp_00002618,9400100000000000002618,delivered,USPS,GroundAdvantage,5.67,0.00,5.67,,,112-2606238-9816146,
2025-09-15T19:39:28Z,shp_00002593,9400100000000000002593,delivered,USPS,GroundAdvantage,10.55,0.00,10.55,,,SGW-7706192,
2025-09-15T19:42:18Z,shp_00002602,9400100000000000002602,delivered,USPS,Priority,3.61,0.00,3.61,,,114-7806211-0525876,
2025-09-15T19:46:37Z,shp_00002558,9400100000000000002558,delivered,USPS,GroundAdvantage,3.68,0.00,3.68,,,112-2206091-4209131,
2025-09-15T19:54:24Z,shp_00002611,9400100000000000002611,delivered,USPS,GroundAdvantage,3.41,0.00,3.41,,,113-5106227-4724169,
2025-09-15T20:19:15Z,shp_00002491,9400100000000000002491,delivered,USPS,GroundAdvantage,3.30,0.00,3.30,,,113-4405930-8490901,
2025-09-15T20:31:32Z,shp_00002561,9400100000000000002561,in_transit,USPS,GroundAdvantage,5.63,0.00,5.63,,,111-4406095-8995355,
2025-09-15T20:32:48Z,shp_00002628,9400100000000000002628,delivered,USPS,GroundAdvantage,10.60,0.00,10.60,,,27-06255-54675,
2025-09-15T20:34:55Z,shp_00002613,9400100000000000002613,delivered,USPS,GroundAdvantage,3.69,0.00,3.69,,,113-3306229-8148747,
2025-09-15T20:43:19Z,shp_00002572,9400100000000000002572,delivered,USPS,GroundAdvantage,3.41,0.00,3.41,,,114-7306108-5165610,
2025-09-15T20:43:50Z,shp_00002600,9400100000000000002600,delivered,USPS,GroundAdvantage,3.65,0.00,3.65,,,111-2206209-4489775,
2025-09-15T20:48:14Z,shp_00002538,9400100000000000002538,delivered,USPS,GroundAdvantage,8.28,0.00,8.28,,,SGW-7706043,
2025-09-15T20:48:25Z,shp_00002575,9400100000000000002575,delivered,USPS,GroundAdvantage,3.63,0.00,3.63,,,112-7006112-9727178,
2025-09-15T20:52:02Z,shp_00002527,9400100000000000002527,delivered,USPS,Priority,14.22,0.00,14.22,,,SGW-7706019,
2025-09-16T13:03:35Z,shp_00002645,9400100000000000002645,delivered,USPS,Priority,9.75,0.00,9.75,,,SGW-7706324,
2025-09-16T13:24:00Z,shp_00002646,9400100000000000002646,in_transit,USPS,GroundAdvantage,8.11,0.00,8.11,,,SGW-7706325,
2025-09-16T13:32:25Z,shp_00002676,9400100000000000002676,delivered,USPS,GroundAdvantage,5.60,0.00,5.60,,,114-2206376-1640157,
2025-09-16T13:34:13Z,shp_00002612,9400100000000000002612,delivered,USPS,GroundAdvantage,5.31,0.00,5.31,,,112-8606228-2179683,
2025-09-16T13:39:55Z,shp_00002663,9400100000000000002663,delivered,USPS,GroundAdvantage,3.72,0.00,3.72,,,114-6606352-4401595,
2025-09-16T13:49:31Z,shp_00002634,9400100000000000002634,delivered,USPS,GroundAdvantage,7.57,0.00,7.57,,,SGW-7706303,
2025-09-16T14:21:26Z,shp_00002654,9400100000000000002654,delivered,USPS,GroundAdvantage,3.90,0.00,3.90,,,113-0306338-2819217,
2025-09-16T14:25:17Z,shp_00002667,9400100000000000002667,unknown,USPS,GroundAdvantage,3.47,0.00,3.47,,refunded,111-6606356-4466211,
2025-09-16T14:37:49Z,shp_00002677,9400100000000000002677,delivered,USPS,GroundAdvantage,3.67,0.00,3.67,,,114-5006377-3067706,
2025-09-16T14:49:27Z,shp_00002675,9400100000000000002675,delivered,USPS,GroundAdvantage,3.30,0.00,3.30,,,111-7106375-6504483,
2025-09-16T14:52:52Z,shp_00002597,9400100000000000002597,in_transit,USPS,Priority,10.36,0.00,10.36,,,SGW-7706204,
2025-09-16T15:00:17Z,shp_00002588,9400100000000000002588,delivered,USPS,GroundAdvantage,8.36,0.00,8.36,,,SGW-7706176,
2025-09-16T15:01:41Z,shp_00002666,9400100000000000002666,delivered,USPS,GroundAdvantage,3.73,0.00,3.73,,,114-0606355-2272139,
2025-09-16T15:08:14Z,shp_00002655,9400100000000000002655,delivered,USPS,GroundAdvantage,3.62,0.00,3.62,,,111-2006339-2344644,
2025-09-16T15:23:20Z,shp_00002651,9400100000000000002651,delivered,USPS,GroundAdvantage,8.57,0.00,8.57,,,SGW-7706333,
2025-09-16T15:40:49Z,shp_00002647,9400100000000000002647,delivered,USPS,Priority,5.69,0.00,5.69,,,SGW-7706328,
2025-09-16T16:00:29Z,shp_00002641,9400100000000000002641,delivered,USPS,Priority,10.42,0.00,10.42,,,SGW-7706318,
2025-09-16T16:02:19Z,shp_00002616,9400100000000000002616,delivered,USPS,GroundAdvantage,3.47,0.00,3.47,,,111-6006236-2848378,
2025-09-16T16:04:01Z,shp_00002671,9400100000000000002671,delivered,USPS,Priority,3.38,0.00,3.38,,,112-6106370-3635912,
2025-09-16T16:05:23Z,shp_00002609,9400100000000000002609,in_transit,USPS,GroundAdvantage,5.71,0.00,5.71,,,111-2606225-9986517,
2025-09-16T16:21:06Z,shp_00002679,9400100000000000002679,delivered,USPS,GroundAdvantage,4.92,0.00,4.92,,,06-06391-33461,
2025-09-16T16:23:05Z,shp_00002638,9400100000000000002638,delivered,USPS,GroundAdvantage,15.72,0.00,15.72,,,SGW-7706310,
2025-09-16T16:29:00Z,shp_00002632,9400100000000000002632,delivered,USPS,GroundAdvantage,8.38,0.00,8.38,,,SGW-7706294,
2025-09-16T17:02:24Z,shp_00002672,9400100000000000002672,delivered,USPS,GroundAdvantage,3.88,0.00,3.88,,,112-8106371-0807977,
2025-09-16T17:03:14Z,shp_00002653,9400100000000000002653,delivered,USPS,Priority,3.79,0.00,3.79,,,111-8706336-3970722,
2025-09-16T17:05:15Z,shp_00002640,9400100000000000002640,delivered,USPS,Priority,10.38,0.00,10.38,,,SGW-7706313,
2025-09-16T17:10:08Z,shp_00002615,9400100000000000002615,delivered,USPS,GroundAdvantage,5.73,0.00,5.73,,,114-4906233-1150676,
2025-09-16T17:14:04Z,shp_00002608,9400100000000000002608,delivered,USPS,GroundAdvantage,3.59,0.00,3.59,,,114-6706224-0459993,
2025-09-16T17:14:54Z,shp_00002665,9400100000000000002665,in_transit,USPS,GroundAdvantage,5.14,0.00,5.14,,,113-2906354-9962005,
2025-09-16T17:15:07Z,shp_00002622,9400100000000000002622,delivered,USPS,GroundAdvantage,3.39,0.00,3.39,,,113-9306243-9945520,
2025-09-16T17:18:19Z,shp_00002633,9400100000000000002633,delivered,USPS,Priority,7.17,0.00,7.17,,,SGW-7706298,
2025-09-16T17:23:38Z,shp_00002652,9400100000000000002652,delivered,USPS,Priority,5.08,0.00,5.08,,,114-9306335-0823518,
2025-09-16T17:30:43Z,shp_00002670,9400100000000000002670,delivered,USPS,Priority,5.65,0.00,5.65,,,113-3106368-5649222,
2025-09-16T17:31:27Z,shp_00002657,9400100000000000002657,delivered,USPS,GroundAdvantage,3.82,0.00,3.82,,,113-0906342-3509893,
2025-09-16T17:49:34Z,shp_00002639,9400100000000000002639,delivered,USPS,GroundAdvantage,8.66,0.00,8.66,,,SGW-7706312,
2025-09-16T17:59:20Z,shp_00002599,9400100000000000002599,delivered,USPS,GroundAdvantage,9.11,0.00,9.11,,,SGW-7706206,
2025-09-16T18:01:23Z,shp_00002681,9400100000000000002681,delivered,USPS,GroundAdvantage,5.88,0.00,5.88,,,m00000006399,
2025-09-16T18:44:50Z,shp_00002637,9400100000000000002637,in_transit,USPS,Priority,11.27,0.00,11.27,,,SGW-7706308,
2025-09-16T18:57:09Z,shp_00002660,9400100000000000002660,delivered,USPS,GroundAdvantage,3.42,0.00,3.42,,,113-7206347-4011654,
2025-09-16T19:21:35Z,shp_00002644,9400100000000000002644,delivered,USPS,Priority,9.07,0.00,9.07,,,SGW-7706323,
2025-09-16T19:30:14Z,shp_00002617,9400100000000000002617,delivered,USPS,GroundAdvantage,3.87,0.00,3.87,,,113-2406237-5579766,
2025-09-16T20:08:15Z,shp_00002674,9400100000000000002674,delivered,USPS,GroundAdvantage,5.24,0.00,5.24,,,114-3006373-5150013,
2025-09-16T20:17:42Z,shp_00002658,9400100000000000002658,delivered,USPS,GroundAdvantage,3.68,0.00,3.68,,,114-7306343-7970016,
2025-09-16T20:34:23Z,shp_00002668,9400100000000000002668,delivered,USPS,Priority,5.01,0.00,5.01,,,111-5606361-4376883,
2025-09-16T20:36:02Z,shp_00002635,9400100000000000002635,delivered,USPS,GroundAdvantage,14.07,0.00,14.07,,,SGW-7706304,
2025-09-16T20:46:20Z,shp_00002610,9400100000000000002610,delivered,USPS,GroundAdvantage,3.83,0.00,3.83,,,113-1306226-3251265,
2025-09-16T20:48:37Z,shp_00002678,9400100000000000002678,in_transit,USPS,GroundAdvantage,6.25,0.00,6.25,,,27-06387-10140,
2025-09-16T20:54:02Z,shp_00002650,9400100000000000002650,delivered,USPS,Priority,10.77,0.00,10.77,,,SGW-7706331,
2025-09-17T13:07:46Z,shp_00002705,9400100000000000002705,delivered,USPS,Priority,11.22,0.00,11.22,,,SGW-7706463,
2025-09-17T13:13:47Z,shp_00002662,9400100000000000002662,delivered,USPS,GroundAdvantage,3.57,0.00,3.57,,,113-7106351-4781245,
2025-09-17T13:14:51Z,shp_00002710,9400100000000000002710,delivered,USPS,GroundAdvantage,5.64,0.00,5.64,,,111-6906472-1053189,
2025-09-17T13:18:00Z,shp_00002737,9400100000000000002737,delivered,USPS,GroundAdvantage,8.21,0.00,8.21,,,24-06519-35704,
2025-09-17T13:20:15Z,shp_00002700,9400100000000000002700,delivered,USPS,GroundAdvantage,13.47,0.00,13.47,,,SGW-7706452,
2025-09-17T13:24:21Z,shp_00002685,9400100000000000002685,delivered,USPS,GroundAdvantage,5.04,0.00,5.04,,,SGW-7706427,
2025-09-17T13:31:30Z,shp_00002722,9400100000000000002722,delivered,USPS,GroundAdvantage,3.46,0.00,3.46,,,113-8906495-5112037,
2025-09-17T13:31:31Z,shp_00002736,9400100000000000002736,in_transit,USPS,Priority,3.93,0.00,3.93,,,17-06517-64375,
2025-09-17T13:37:15Z,shp_00002636,9400100000000000002636,delivered,USPS,Priority,7.67,0.00,7.67,,,SGW-7706307,
2025-09-17T13:39:42Z,shp_00002682,9400100000000000002682,delivered,USPS,GroundAdvantage,16.00,0.00,16.00,,,SGW-7706418,
2025-09-17T13:41:10Z,shp_00002684,9400100000000000002684,delivered,USPS,GroundAdvantage,8.83,0.00,8.83,,,SGW-7706424,
2025-09-17T13:56:04Z,shp_00002714,9400100000000000002714,delivered,USPS,GroundAdvantage,3.47,0.00,3.47,,,111-0906485-4153263,
2025-09-17T13:59:43Z,shp_00002696,9400100000000000002696,delivered,USPS,Priority,9.74,0.00,9.74,,,SGW-7706447,
2025-09-17T14:01:34Z,shp_00002733,9400100000000000002733,delivered,USPS,GroundAdvantage,5.18,0.00,5.18,,,114-1906512-8458861,
2025-09-17T14:04:55Z,shp_00002742,9400100000000000002742,delivered,USPS,GroundAdvantage,3.60,0.00,3.60,,,09-06529-82961,
2025-09-17T14:35:45Z,shp_00002702,9400100000000000002702,delivered,USPS,GroundAdvantage,9.83,0.00,9.83,,,SGW-7706455,
2025-09-17T14:50:05Z,shp_00002673,9400100000000000002673,in_transit,USPS,GroundAdvantage,3.28,0.00,3.28,,,113-4906372-9942773,
2025-09-17T14:54:26Z,shp_00002680,9400100000000000002680,delivered,USPS,GroundAdvantage,5.90,0.00,5.90,,,m00000006396,
2025-09-17T14:59:08Z,shp_00002656,9400100000000000002656,delivered,USPS,GroundAdvantage,3.91,0.00,3.91,,,112-5606340-4301941,
2025-09-17T15:09:45Z,shp_00002735,9400100000000000002735,delivered,USPS,GroundAdvantage,6.78,0.00,6.78,,,07-06516-31528,
2025-09-17T15:11:56Z,shp_00002724,9400100000000000002724,delivered,USPS,GroundAdvantage,5.72,0.00,5.72,,,111-0606499-1564584,
2025-09-17T15:13:01Z,shp_00002669,9400100000000000002669,delivered,USPS,GroundAdvantage,3.28,0.00,3.28,,,111-5606362-7002173,
2025-09-17T15:30:05Z,shp_00002699,9400100000000000002699,delivered,USPS,GroundAdvantage,16.59,0.00,16.59,,,SGW-7706451,
2025-09-17T15:36:26Z,shp_00002743,9400100000000000002743,delivered,USPS,GroundAdvantage,6.00,0.00,6.00,,,05-06535-50739,
2025-09-17T15:55:03Z,shp_00002689,9400100000000000002689,delivered,USPS,Priority,15.22,0.00,15.22,,,SGW-7706436,
2025-09-17T16:00:50Z,shp_00002692,9400100000000000002692,in_transit,USPS,GroundAdvantage,11.17,0.00,11.17,,,SGW-7706440,
2025-09-17T16:04:43Z,shp_00002732,9400100000000000002732,delivered,USPS,GroundAdvantage,5.85,0.00,5.85,,,112-4906508-6087335,
2025-09-17T16:13:43Z,shp_00002690,9400100000000000002690,delivered,USPS,GroundAdvantage,9.44,0.00,9.44,,,SGW-7706438,
2025-09-17T16:34:49Z,shp_00002643,9400100000000000002643,delivered,USPS,Priority,8.18,0.00,8.18,,,SGW-7706321,
2025-09-17T16:41:35Z,shp_00002661,9400100000000000002661,delivered,USPS,Priority,3.73,0.00,3.73,,,114-7306350-7354429,
2025-09-17T16:49:41Z,shp_00002711,9400100000000000002711,delivered,USPS,Priority,3.71,0.00,3.71,,,111-5106475-0569241,
2025-09-17T16:54:29Z,shp_00002716,9400100000000000002716,delivered,USPS,Priority,3.88,0.00,3.88,,,112-8206489-3481262,
2025-09-17T17:06:43Z,shp_00002715,9400100000000000002715,delivered,USPS,GroundAdvantage,5.76,0.00,5.76,,,111-1006486-7213766,
2025-09-17T17:08:48Z,shp_00002642,9400100000000000002642,delivered,USPS,Priority,11.19,0.00,11.19,,,SGW-7706320,
2025-09-17T17:14:52Z,shp_00002631,9400100000000000002631,in_transit,USPS,GroundAdvantage,6.41,0.00,6.41,,,m00000006270,
2025-09-17T17:20:25Z,shp_00002587,9400100000000000002587,delivered,USPS,GroundAdvantage,9.54,0.00,9.54,,,SGW-7706175,
2025-09-17T17:28:25Z,shp_00002720,9400100000000000002720,delivered,USPS,GroundAdvantage,3.62,0.00,3.62,,,112-8306493-8806002,
2025-09-17T17:28:38Z,shp_00002701,9400100000000000002701,delivered,USPS,GroundAdvantage,7.38,0.00,7.38,,,SGW-7706454,
2025-09-17T17:32:10Z,shp_00002734,9400100000000000002734,delivered,USPS,GroundAdvantage,3.50,0.00,3.50,,,113-7806513-6414528,
2025-09-17T17:43:27Z,shp_00002649,9400100000000000002649,delivered,USPS,GroundAdvantage,10.92,0.00,10.92,,,SGW-7706330,
2025-09-17T17:49:00Z,shp_00002706,9400100000000000002706,delivered,USPS,GroundAdvantage,5.14,0.00,5.14,,,111-8806466-8543219,
2025-09-17T17:53:58Z,shp_00002729,9400100000000000002729,delivered,USPS,GroundAdvantage,3.55,0.00,3.55,,,112-8806504-9751582,
2025-09-17T17:57:33Z,shp_00002708,9400100000000000002708,delivered,USPS,GroundAdvantage,5.78,0.00,5.78,,,114-9606470-3137314,
2025-09-17T18:04:13Z,shp_00002719,9400100000000000002719,in_transit,USPS,GroundAdvantage,4.95,0.00,4.95,,,114-0606492-2854004,
2025-09-17T18:22:15Z,shp_00002740,9400100000000000002740,delivered,USPS,GroundAdvantage,3.93,0.00,3.93,,,13-06526-23699,
2025-09-17T18:23:02Z,shp_00002723,9400100000000000002723,delivered,USPS,GroundAdvantage,3.54,0.00,3.54,,,112-9806496-3039541,
2025-09-17T18:43:32Z,shp_00002730,9400100000000000002730,delivered,USPS,GroundAdvantage,3.31,0.00,3.31,,,111-4206505-8275793,
2025-09-17T18:45:07Z,shp_00002586,9400100000000000002586,delivered,USPS,GroundAdvantage,5.37,0.00,5.37,,,SGW-7706174,
2025-09-17T18:50:15Z,shp_00002688,9400100000000000002688,delivered,USPS,Priority,7.95,0.00,7.95,,,SGW-7706432,
2025-09-17T19:01:24Z,shp_00002703,9400100000000000002703,delivered,USPS,Priority,10.66,0.00,10.66,,,SGW-7706456,
2025-09-17T19:02:55Z,shp_00002731,9400100000000000002731,delivered,USPS,Priority,3.83,0.00,3.83,,,113-0506507-4117193,
2025-09-17T19:09:22Z,shp_00002713,9400100000000000002713,delivered,USPS,GroundAdvantage,3.74,0.00,3.74,,,112-9506484-4174289,
2025-09-17T19:10:40Z,shp_00002629,9400100000000000002629,in_transit,USPS,GroundAdvantage,9.96,0.00,9.96,,,03-06258-55370,
2025-09-17T19:19:07Z,shp_00002717,9400100000000000002717,delivered,USPS,Priority,5.58,0.00,5.58,,,113-2106490-1358226,
2025-09-17T19:19:31Z,shp_00002648,9400100000000000002648,delivered,USPS,GroundAdvantage,8.15,0.00,8.15,,,SGW-7706329,
2025-09-17T19:28:04Z,shp_00002741,9400100000000000002741,delivered,USPS,GroundAdvantage,3.98,0.00,3.98,,,14-06528-27995,
2025-09-17T19:47:52Z,shp_00002707,9400100000000000002707,delivered,USPS,Priority,3.83,0.00,3.83,,,114-0006467-2691733,
2025-09-17T19:49:40Z,shp_00002659,9400100000000000002659,delivered,USPS,GroundAdvantage,3.84,0.00,3.84,,,114-7906344-0429832,
2025-09-17T20:06:52Z,shp_00002683,9400100000000000002683,delivered,USPS,Priority,5.88,0.00,5.88,,,SGW-7706421,
2025-09-17T20:07:21Z,shp_00002739,9400100000000000002739,delivered,USPS,GroundAdvantage,5.25,0.00,5.25,,,26-06524-68997,
2025-09-17T20:54:27Z,shp_00002698,9400100000000000002698,delivered,USPS,GroundAdvantage,12.22,0.00,12.22,,,SGW-7706450,
2025-09-18T13:01:05Z,shp_00002784,9400100000000000002784,in_transit,USPS,GroundAdvantage,3.68,0.00,3.68,,,114-3506630-5502951,
2025-09-18T13:01:24Z,shp_00002785,9400100000000000002785,delivered,USPS,Priority,5.52,0.00,5.52,,,114-1406631-4632104,
2025-09-18T13:03:28Z,shp_00002718,9400100000000000002718,delivered,USPS,Priority,3.50,0.00,3.50,,,113-6106491-6915396,
2025-09-18T13:12:54Z,shp_00002791,9400100000000000002791,delivered,USPS,GroundAdvantage,5.33,0.00,5.33,,,07-06643-77967,
2025-09-18T13:15:39Z,shp_00002704,9400100000000000002704,delivered,USPS,Priority,7.38,0.00,7.38,,,SGW-7706461,
2025-09-18T13:17:35Z,shp_00002752,9400100000000000002752,delivered,USPS,GroundAdvantage,9.75,0.00,9.75,,,SGW-7706564,
2025-09-18T13:19:58Z,shp_00002780,9400100000000000002780,delivered,USPS,GroundAdvantage,3.55,0.00,3.55,,,112-2406621-2665596,
2025-09-18T13:20:29Z,shp_00002782,9400100000000000002782,delivered,USPS,GroundAdvantage,5.61,0.00,5.61,,,114-7406627-3898146,
2025-09-18T13:23:58Z,shp_00002774,9400100000000000002774,delivered,USPS,Priority,3.45,0.00,3.45,,,114-7506610-2348663,
2025-09-18T13:29:14Z,shp_00002802,9400100000000000002802,in_transit,USPS,GroundAdvantage,6.46,0.00,6.46,,,m00000006670,
2025-09-18T13:37:58Z,shp_00002799,9400100000000000002799,delivered,USPS,GroundAdvantage,6.51,0.00,6.51,,,20-06663-80174,
2025-09-18T13:43:00Z,shp_00002779,9400100000000000002779,delivered,USPS,Priority,5.56,0.00,5.56,,,112-0306619-5648781,
2025-09-18T13:49:04Z,shp_00002765,9400100000000000002765,delivered,USPS,GroundAdvantage,12.54,0.00,12.54,,,SGW-7706590,
2025-09-18T13:50:12Z,shp_00002695,9400100000000000002695,delivered,USPS,Priority,8.83,0.00,8.83,,,SGW-7706445,
2025-09-18T13:53:14Z,shp_00002770,9400100000000000002770,delivered,USPS,GroundAdvantage,6.79,0.00,6.79,,,SGW-7706601,
2025-09-18T13:56:34Z,shp_00002758,9400100000000000002758,delivered,USPS,GroundAdvantage,12.03,0.00,12.03,,,SGW-7706576,
2025-09-18T13:57:17Z,shp_00002766,9400100000000000002766,delivered,USPS,GroundAdvantage,16.14,0.00,16.14,,,SGW-7706593,
2025-09-18T14:04:15Z,shp_00002772,9400100000000000002772,delivered,USPS,GroundAdvantage,3.55,0.00,3.55,,,112-0806607-4965338,
2025-09-18T14:05:25Z,shp_00002754,9400100000000000002754,in_transit,USPS,Priority,13.00,0.00,13.00,,,SGW-7706569,
2025-09-18T14:17:21Z,shp_00002760,9400100000000000002760,delivered,USPS,GroundAdvantage,6.46,0.00,6.46,,,SGW-7706578,
2025-09-18T14:21:59Z,shp_00002725,9400100000000000002725,delivered,USPS,GroundAdvantage,3.83,0.00,3.83,,,113-5406500-9321095,
2025-09-18T14:22:52Z,shp_00002767,9400100000000000002767,delivered,USPS,GroundAdvantage,11.55,0.00,11.55,,,SGW-7706597,
2025-09-18T14:26:51Z,shp_00002697,9400100000000000002697,delivered,USPS,GroundAdvantage,16.10,0.00,16.10,,,SGW-7706448,
2025-09-18T14:59:17Z,shp_00002788,9400100000000000002788,delivered,USPS,GroundAdvantage,3.62,0.00,3.62,,,113-5206637-7696023,
2025-09-18T15:01:32Z,shp_00002794,9400100000000000002794,delivered,USPS,GroundAdvantage,4.58,0.00,4.58,,,17-06649-93297,
2025-09-18T15:09:06Z,shp_00002793,9400100000000000002793,delivered,USPS,GroundAdvantage,6.47,0.00,6.47,,,06-06647-85310,
2025-09-18T15:19:01Z,shp_00002756,9400100000000000002756,delivered,USPS,GroundAdvantage,18.93,0.00,18.93,,,SGW-7706573,
2025-09-18T15:34:39Z,shp_00002790,9400100000000000002790,in_transit,USPS,GroundAdvantage,3.45,0.00,3.45,,,114-3706639-0510537,
2025-09-18T16:07:10Z,shp_00002727,9400100000000000002727,delivered,USPS,GroundAdvantage,3.41,0.00,3.41,,,112-2906502-0008807,
2025-09-18T16:25:08Z,shp_00002709,9400100000000000002709,delivered,USPS,GroundAdvantage,3.66,0.00,3.66,,,111-8706471-0527122,
2025-09-18T16:27:43Z,shp_00002757,9400100000000000002757,delivered,USPS,GroundAdvantage,6.85,0.00,6.85,,,SGW-7706575,
2025-09-18T16:30:28Z,shp_00002768,9400100000000000002768,delivered,USPS,GroundAdvantage,8.71,0.00,8.71,,,SGW-7706598,
2025-09-18T16:32:50Z,shp_00002738,9400100000000000002738,delivered,USPS,GroundAdvantage,6.03,0.00,6.03,,,26-06522-72717,
2025-09-18T16:37:51Z,shp_00002691,9400100000000000002691,delivered,USPS,GroundAdvantage,7.80,0.00,7.80,,,SGW-7706439,
2025-09-18T16:47:28Z,shp_00002664,9400100000000000002664,delivered,USPS,GroundAdvantage,3.42,0.00,3.42,,,111-8606353-9040450,
2025-09-18T16:56:51Z,shp_00002744,9400100000000000002744,delivered,USPS,GroundAdvantage,8.15,0.00,8.15,,,SGW-7706552,
2025-09-18T17:10:18Z,shp_00002693,9400100000000000002693,in_transit,USPS,GroundAdvantage,6.47,0.00,6.47,,,SGW-7706441,
2025-09-18T17:18:02Z,shp_00002728,9400100000000000002728,delivered,USPS,Priority,3.71,0.00,3.71,,,111-2706503-7408853,
2025-09-18T17:49:40Z,shp_00002694,9400100000000000002694,delivered,USPS,GroundAdvantage,12.57,0.00,12.57,,,SGW-7706443,
2025-09-18T18:04:27Z,shp_00002750,9400100000000000002750,delivered,USPS,GroundAdvantage,7.92,0.00,7.92,,,SGW-7706561,
2025-09-18T18:12:09Z,shp_00002755,9400100000000000002755,delivered,USPS,Priority,7.51,0.00,7.51,,,SGW-7706572,
2025-09-18T18:28:56Z,shp_00002763,9400100000000000002763,delivered,USPS,Priority,7.87,0.00,7.87,,,SGW-7706588,
2025-09-18T18:29:20Z,shp_00002759,9400100000000000002759,delivered,USPS,GroundAdvantage,8.23,0.00,8.23,,,SGW-7706577,
2025-09-18T18:52:53Z,shp_00002761,9400100000000000002761,delivered,USPS,GroundAdvantage,7.83,0.00,7.83,,,SGW-7706581,
2025-09-18T19:24:35Z,shp_00002686,9400100000000000002686,delivered,USPS,Priority,7.84,0.00,7.84,,,SGW-7706430,
2025-09-18T19:26:40Z,shp_00002771,9400100000000000002771,in_transit,USPS,GroundAdvantage,3.41,0.00,3.41,,,111-8606606-9805171,
2025-09-18T19:31:26Z,shp_00002726,9400100000000000002726,delivered,USPS,GroundAdvantage,5.06,0.00,5.06,,,111-9006501-5994493,
2025-09-18T19:33:51Z,shp_00002748,9400100000000000002748,delivered,USPS,GroundAdvantage,18.25,0.00,18.25,,,SGW-7706559,
2025-09-18T19:35:15Z,shp_00002746,9400100000000000002746,delivered,USPS,Priority,8.27,0.00,8.27,,,SGW-7706555,
2025-09-18T19:59:07Z,shp_00002792,9400100000000000002792,delivered,USPS,GroundAdvantage,5.37,0.00,5.37,,,04-06646-76130,
2025-09-18T20:11:56Z,shp_00002762,9400100000000000002762,delivered,USPS,GroundAdvantage,7.68,0.00,7.68,,,SGW-7706584,
2025-09-18T20:15:38Z,shp_00002773,9400100000000000002773,delivered,USPS,GroundAdvantage,3.82,0.00,3.82,,,111-7906609-2716432,
2025-09-18T20:21:30Z,shp_00002687,9400100000000000002687,delivered,USPS,Priority,9.42,0.00,9.42,,,SGW-7706431,
2025-09-18T20:24:16Z,shp_00002721,9400100000000000002721,delivered,USPS,Priority,3.37,0.00,3.37,,,114-2606494-2211669,
2025-09-18T20:43:49Z,shp_00002775,9400100000000000002775,in_transit,USPS,GroundAdvantage,3.30,0.00,3.30,,,113-9006611-2312840,
2025-09-18T20:44:39Z,shp_00002796,9400100000000000002796,delivered,USPS,GroundAdvantage,6.37,0.00,6.37,,,19-06654-46024,
2025-09-19T13:02:48Z,shp_00002783,9400100000000000002783,delivered,USPS,GroundAdvantage,5.61,0.00,5.61,,,113-7706629-9631667,
2025-09-19T13:07:41Z,shp_00002829,9400100000000000002829,delivered,USPS,GroundAdvantage,5.03,0.00,5.03,,,113-2606759-4631792,
2025-09-19T13:07:43Z,shp_00002845,9400100000000000002845,delivered,USPS,GroundAdvantage,5.64,0.00,5.64,,,111-6006785-3699499,
2025-09-19T13:13:27Z,shp_00002797,9400100000000000002797,delivered,USPS,GroundAdvantage,6.05,0.00,6.05,,,19-06657-89175,
2025-09-19T13:22:02Z,shp_00002805,9400100000000000002805,delivered,USPS,Priority,13.80,0.00,13.80,,,SGW-7706698,
2025-09-19T13:22:50Z,shp_00002816,9400100000000000002816,delivered,USPS,GroundAdvantage,9.07,0.00,9.07,,,SGW-7706729,
2025-09-19T13:22:58Z,shp_00002847,9400100000000000002847,delivered,USPS,GroundAdvantage,3.71,0.00,3.71,,,111-2306788-3459764,
2025-09-19T13:29:30Z,shp_00002824,9400100000000000002824,in_transit,USPS,GroundAdvantage,13.33,0.00,13.33,,,SGW-7706743,
2025-09-19T13:34:01Z,shp_00002828,9400100000000000002828,delivered,USPS,GroundAdvantage,3.53,0.00,3.53,,,111-4606756-3267225,
2025-09-19T13:46:33Z,shp_00002803,9400100000000000002803,delivered,USPS,GroundAdvantage,7.76,0.00,7.76,,,SGW-7706693,
2025-09-19T13:54:31Z,shp_00002814,9400100000000000002814,delivered,USPS,GroundAdvantage,10.95,0.00,10.95,,,SGW-7706723,
2025-09-19T13:57:11Z,shp_00002820,9400100000000000002820,delivered,USPS,GroundAdvantage,6.87,0.00,6.87,,,SGW-7706736,
2025-09-19T14:05:20Z,shp_00002849,9400100000000000002849,delivered,USPS,GroundAdvantage,3.48,0.00,3.48,,,112-1406790-5212094,
2025-09-19T14:07:21Z,shp_00002769,9400100000000000002769,delivered,USPS,GroundAdvantage,8.52,0.00,8.52,,,SGW-7706599,
2025-09-19T14:10:13Z,shp_00002840,9400100000000000002840,delivered,USPS,GroundAdvantage,3.87,0.00,3.87,,,112-7506777-7553442,
2025-09-19T14:13:26Z,shp_00002827,9400100000000000002827,delivered,USPS,GroundAdvantage,5.01,0.00,5.01,,,111-5206755-9409761,
2025-09-19T14:20:24Z,shp_00002830,9400100000000000002830,in_transit,USPS,GroundAdvantage,3.50,0.00,3.50,,,111-6306761-5623349,
2025-09-19T14:20:46Z,shp_00002859,9400100000000000002859,delivered,USPS,GroundAdvantage,5.15,0.00,5.15,,,111-6706808-4050276,
2025-09-19T14:27:07Z,shp_00002781,9400100000000000002781,delivered,USPS,GroundAdvantage,3.88,0.00,3.88,,,111-7206626-7493461,
2025-09-19T14:40:24Z,shp_00002844,9400100000000000002844,delivered,USPS,GroundAdvantage,3.63,0.00,3.63,,,114-5606784-6963248,
2025-09-19T14:50:54Z,shp_00002786,9400100000000000002786,delivered,USPS,GroundAdvantage,3.89,0.00,3.89,,,112-8006632-1878877,
2025-09-19T14:52:13Z,shp_00002778,9400100000000000002778,delivered,USPS,GroundAdvantage,3.56,0.00,3.56,,,111-4506616-8434820,
2025-09-19T15:01:32Z,shp_00002834,9400100000000000002834,delivered,USPS,Priority,3.77,0.00,3.77,,,114-8906770-7530676,
2025-09-19T15:08:43Z,shp_00002809,9400100000000000002809,delivered,USPS,GroundAdvantage,10.80,0.00,10.80,,,SGW-7706708,
2025-09-19T15:24:54Z,shp_00002806,9400100000000000002806,delivered,USPS,GroundAdvantage,10.39,0.00,10.39,,,SGW-7706699,
2025-09-19T15:25:49Z,shp_00002831,9400100000000000002831,in_transit,USPS,GroundAdvantage,5.74,0.00,5.74,,,114-2206762-4535044,
2025-09-19T15:28:09Z,shp_00002798,9400100000000000002798,delivered,USPS,GroundAdvantage,5.27,0.00,5.27,,,16-06659-70236,
2025-09-19T15:41:59Z,shp_00002822,9400100000000000002822,delivered,USPS,GroundAdvantage,10.12,0.00,10.12,,,SGW-7706740,
2025-09-19T15:47:42Z,shp_00002838,9400100000000000002838,delivered,USPS,GroundAdvantage,5.26,0.00,5.26,,,111-2506775-2412401,
2025-09-19T15:50:58Z,shp_00002751,9400100000000000002751,delivered,USPS,GroundAdvantage,11.40,0.00,11.40,,,SGW-7706562,
2025-09-19T15:54:50Z,shp_00002856,9400100000000000002856,delivered,USPS,GroundAdvantage,5.45,0.00,5.45,,,112-1906803-9939032,
2025-09-19T15:57:14Z,shp_00002861,9400100000000000002861,delivered,USPS,Priority,4.18,0.00,4.18,,,13-06812-43133,
2025-09-19T16:15:37Z,shp_00002864,9400100000000000002864,delivered,USPS,GroundAdvantage,5.79,0.00,5.79,,,m00000006832,
2025-09-19T16:22:02Z,shp_00002712,9400100000000000002712,delivered,USPS,GroundAdvantage,3.30,0.00,3.30,,,112-1006481-8936194,
2025-09-19T16:24:06Z,shp_00002795,9400100000000000002795,in_transit,USPS,GroundAdvantage,4.29,0.00,4.29,,,13-06651-40177,
2025-09-19T16:24:19Z,shp_00002857,9400100000000000002857,delivered,USPS,GroundAdvantage,3.33,0.00,3.33,,,113-1306804-9520269,
2025-09-19T16:39:43Z,shp_00002747,9400100000000000002747,delivered,USPS,Priority,8.44,0.00,8.44,,,SGW-7706558,
2025-09-19T17:05:00Z,shp_00002800,9400100000000000002800,delivered,USPS,GroundAdvantage,3.77,0.00,3.77,,,12-06664-18005,
2025-09-19T17:13:14Z,shp_00002846,9400100000000000002846,delivered,USPS,GroundAdvantage,5.85,0.00,5.85,,,114-6306786-8834539,
2025-09-19T17:15:53Z,shp_00002853,9400100000000000002853,delivered,USPS,GroundAdvantage,5.54,0.00,5.54,,,114-9406797-5074939,
2025-09-19T17:17:24Z,shp_00002842,9400100000000000002842,unknown,USPS,Priority,3.51,0.00,3.51,,refunded,112-1906782-2362047,
2025-09-19T17:34:04Z,shp_00002819,9400100000000000002819,delivered,USPS,GroundAdvantage,10.14,0.00,10.14,,,SGW-7706732,
2025-09-19T17:34:42Z,shp_00002839,9400100000000000002839,delivered,USPS,Priority,5.84,0.00,5.84,,,111-6806776-1394872,
2025-09-19T17:36:55Z,shp_00002789,9400100000000000002789,in_transit,USPS,GroundAdvantage,3.52,0.00,3.52,,,111-4206638-9889756,
2025-09-19T17:37:11Z,shp_00002851,9400100000000000002851,delivered,USPS,GroundAdvantage,3.71,0.00,3.71,,,112-5806794-6810846,
2025-09-19T17:42:59Z,shp_00002855,9400100000000000002855,delivered,USPS,Priority,5.56,0.00,5.56,,,114-5206800-0821683,
2025-09-19T17:47:47Z,shp_00002841,9400100000000000002841,delivered,USPS,GroundAdvantage,3.42,0.00,3.42,,,112-9606781-0718650,
2025-09-19T17:53:57Z,shp_00002848,9400100000000000002848,delivered,USPS,GroundAdvantage,3.33,0.00,3.33,,,113-1806789-9812718,
2025-09-19T17:54:00Z,shp_00002811,9400100000000000002811,delivered,USPS,GroundAdvantage,6.50,0.00,6.50,,,SGW-7706716,
2025-09-19T18:06:20Z,shp_00002817,9400100000000000002817,unknown,USPS,GroundAdvantage,7.83,0.00,7.83,,submitted,SGW-7706730,
2025-09-19T18:11:06Z,shp_00002801,9400100000000000002801,delivered,USPS,Priority,7.81,0.00,7.81,,,27-06666-75541,
2025-09-19T18:12:34Z,shp_00002804,9400100000000000002804,delivered,USPS,Priority,8.14,0.00,8.14,,,SGW-7706694,
2025-09-19T18:13:36Z,shp_00002860,9400100000000000002860,in_transit,USPS,GroundAdvantage,3.92,0.00,3.92,,,20-06810-79201,
2025-09-19T18:14:53Z,shp_00002749,9400100000000000002749,delivered,USPS,GroundAdvantage,12.53,0.00,12.53,,,SGW-7706560,
2025-09-19T18:18:02Z,shp_00002808,9400100000000000002808,delivered,USPS,GroundAdvantage,8.79,0.00,8.79,,,SGW-7706707,
2025-09-19T18:38:10Z,shp_00002850,9400100000000000002850,delivered,USPS,GroundAdvantage,3.88,0.00,3.88,,,111-5006793-1236230,
2025-09-19T18:44:32Z,shp_00002777,9400100000000000002777,delivered,USPS,GroundAdvantage,5.60,0.00,5.60,,,112-0606613-0694085,
2025-09-19T18:45:37Z,shp_00002833,9400100000000000002833,delivered,USPS,GroundAdvantage,5.50,0.00,5.50,,,114-9106768-2859282,
2025-09-19T18:57:35Z,shp_00002776,9400100000000000002776,delivered,USPS,Priority,3.88,0.00,3.88,,,111-6906612-4999217,
2025-09-19T19:00:00Z,shp_00002854,9400100000000000002854,unknown,USPS,GroundAdvantage,5.32,0.00,5.32,,refunded,111-3306799-9597499,
2025-09-19T19:04:31Z,shp_00002764,9400100000000000002764,delivered,USPS,GroundAdvantage,8.17,0.00,8.17,,,SGW-7706589,
2025-09-19T19:08:53Z,shp_00002745,9400100000000000002745,in_transit,USPS,Priority,9.84,0.00,9.84,,,SGW-7706554,
2025-09-19T19:39:29Z,shp_00002810,9400100000000000002810,delivered,USPS,GroundAdvantage,8.79,0.00,8.79,,,SGW-7706715,
2025-09-19T20:01:53Z,shp_00002812,9400100000000000002812,delivered,USPS,GroundAdvantage,9.62,0.00,9.62,,,SGW-7706717,
2025-09-19T20:25:27Z,shp_00002807,9400100000000000002807,delivered,USPS,GroundAdvantage,13.50,0.00,13.50,,,SGW-7706703,
2025-09-19T20:36:41Z,shp_00002823,9400100000000000002823,delivered,USPS,GroundAdvantage,12.75,0.00,12.75,,,SGW-7706741,
2025-09-20T13:00:25Z,shp_00002836,9400100000000000002836,delivered,USPS,Priority,3.39,0.00,3.39,,,114-7906772-9997961,
2025-09-20T13:05:03Z,shp_00002880,9400100000000000002880,delivered,USPS,GroundAdvantage,10.71,0.00,10.71,,,SGW-7706881,
2025-09-20T13:06:44Z,shp_00002888,9400100000000000002888,delivered,USPS,Priority,9.64,0.00,9.64,,,SGW-7706898,
2025-09-20T13:14:09Z,shp_00002815,9400100000000000002815,delivered,USPS,GroundAdvantage,10.00,0.00,10.00,,,SGW-7706727,
2025-09-20T13:21:28Z,shp_00002901,9400100000000000002901,in_transit,USPS,GroundAdvantage,4.94,0.00,4.94,,,113-0306917-2384028,
2025-09-20T13:27:56Z,shp_00002891,9400100000000000002891,delivered,USPS,GroundAdvantage,8.07,0.00,8.07,,,SGW-7706903,
2025-09-20T13:44:42Z,shp_00002931,9400100000000000002931,delivered,USPS,GroundAdvantage,6.54,0.00,6.54,,,m00000006982,
2025-09-20T13:48:59Z,shp_00002923,9400100000000000002923,delivered,USPS,Priority,7.45,0.00,7.45,,,11-06963-91378,
2025-09-20T13:55:24Z,shp_00002912,9400100000000000002912,delivered,USPS,Priority,3.73,0.00,3.73,,,111-0606942-4578000,
2025-09-20T14:01:44Z,shp_00002906,9400100000000000002906,delivered,USPS,GroundAdvantage,3.79,0.00,3.79,,,111-2706932-4398266,
2025-09-20T14:03:05Z,shp_00002897,9400100000000000002897,delivered,USPS,GroundAdvantage,3.65,0.00,3.65,,,111-3306912-1894841,
2025-09-20T14:03:35Z,shp_00002917,9400100000000000002917,delivered,USPS,GroundAdvantage,5.60,0.00,5.60,,,112-7206950-2422002,
2025-09-20T14:09:33Z,shp_00002910,9400100000000000002910,delivered,USPS,GroundAdvantage,5.12,0.00,5.12,,,112-4106938-9528350,
2025-09-20T14:22:31Z,shp_00002863,9400100000000000002863,in_transit,USPS,Priority,7.32,0.00,7.32,,,01-06818-27579,
2025-09-20T15:09:37Z,shp_00002902,9400100000000000002902,delivered,USPS,GroundAdvantage,5.57,0.00,5.57,,,113-7706920-8751327,
2025-09-20T15:16:38Z,shp_00002876,9400100000000000002876,delivered,USPS,GroundAdvantage,9.71,0.00,9.71,,,SGW-7706876,
2025-09-20T15:17:51Z,shp_00002874,9400100000000000002874,delivered,USPS,GroundAdvantage,9.82,0.00,9.82,,,SGW-7706873,
2025-09-20T15:19:33Z,shp_00002883,9400100000000000002883,delivered,USPS,Priority,9.35,0.00,9.35,,,SGW-7706890,
2025-09-20T15:27:24Z,shp_00002753,9400100000000000002753,delivered,USPS,Priority,6.96,0.00,6.96,,,SGW-7706566,
2025-09-20T15:29:13Z,shp_00002821,9400100000000000002821,delivered,USPS,Priority,12.89,0.00,12.89,,,SGW-7706739,
2025-09-20T15:36:27Z,shp_00002926,9400100000000000002926,delivered,USPS,Priority,5.73,0.00,5.73,,,08-06974-67458,
2025-09-20T15:57:01Z,shp_00002868,9400100000000000002868,delivered,USPS,Priority,9.21,0.00,9.21,,,SGW-7706860,
2025-09-20T15:59:57Z,shp_00002837,9400100000000000002837,in_transit,USPS,Priority,3.41,0.00,3.41,,,112-1706774-3912284,
2025-09-20T16:06:46Z,shp_00002825,9400100000000000002825,delivered,USPS,Priority,11.20,0.00,11.20,,,SGW-7706752,
2025-09-20T16:10:21Z,shp_00002930,9400100000000000002930,delivered,USPS,GroundAdvantage,5.78,0.00,5.78,,,m00000006980,
2025-09-20T16:16:51Z,shp_00002875,9400100000000000002875,delivered,USPS,GroundAdvantage,14.24,0.00,14.24,,,SGW-7706875,
2025-09-20T16:24:25Z,shp_00002914,9400100000000000002914,delivered,USPS,GroundAdvantage,3.58,0.00,3.58,,,114-5406944-7010355,
2025-09-20T16:27:14Z,shp_00002899,9400100000000000002899,delivered,USPS,GroundAdvantage,5.78,0.00,5.78,,,114-0506915-5356250,
2025-09-20T16:31:11Z,shp_00002877,9400100000000000002877,delivered,USPS,GroundAdvantage,10.39,0.00,10.39,,,SGW-7706877,
2025-09-20T16:32:49Z,shp_00002887,9400100000000000002887,delivered,USPS,GroundAdvantage,8.78,0.00,8.78,,,SGW-7706897,
2025-09-20T16:34:26Z,shp_00002818,9400100000000000002818,delivered,USPS,GroundAdvantage,7.29,0.00,7.29,,,SGW-7706731,
2025-09-20T16:37:53Z,shp_00002886,9400100000000000002886,in_transit,USPS,GroundAdvantage,7.68,0.00,7.68,,,SGW-7706896,
2025-09-20T16:38:23Z,shp_00002919,9400100000000000002919,delivered,USPS,GroundAdvantage,3.84,0.00,3.84,,,112-1806953-6481527,
2025-09-20T16:40:32Z,shp_00002871,9400100000000000002871,delivered,USPS,Priority,8.47,0.00,8.47,,,SGW-7706870,
2025-09-20T16:53:00Z,shp_00002884,9400100000000000002884,delivered,USPS,GroundAdvantage,10.83,0.00,10.83,,,SGW-7706892,
2025-09-20T17:03:00Z,shp_00002894,9400100000000000002894,delivered,USPS,GroundAdvantage,6.58,0.00,6.58,,,SGW-7706906,
2025-09-20T17:12:53Z,shp_00002905,9400100000000000002905,delivered,USPS,GroundAdvantage,3.56,0.00,3.56,,,111-1406927-7942923,
2025-09-20T17:13:56Z,shp_00002872,9400100000000000002872,delivered,USPS,GroundAdvantage,13.26,0.00,13.26,,,SGW-7706871,
2025-09-20T17:15:03Z,shp_00002922,9400100000000000002922,delivered,USPS,GroundAdvantage,6.28,0.00,6.28,,,25-06961-02457,
2025-09-20T17:35:59Z,shp_00002866,9400100000000000002866,delivered,USPS,GroundAdvantage,8.97,0.00,8.97,,,SGW-7706853,
2025-09-20T17:37:27Z,shp_00002843,9400100000000000002843,in_transit,USPS,Priority,3.84,0.00,3.84,,,114-5206783-1352551,
2025-09-20T17:51:12Z,shp_00002915,9400100000000000002915,delivered,USPS,GroundAdvantage,3.52,0.00,3.52,,,111-4706945-6691865,
2025-09-20T17:51:35Z,shp_00002787,9400100000000000002787,delivered,USPS,GroundAdvantage,3.62,0.00,3.62,,,113-3206634-7947882,
2025-09-20T17:56:09Z,shp_00002873,9400100000000000002873,delivered,USPS,GroundAdvantage,7.79,0.00,7.79,,,SGW-7706872,
2025-09-20T18:07:21Z,shp_00002907,9400100000000000002907,delivered,USPS,GroundAdvantage,5.15,0.00,5.15,,,111-1706934-2266557,
2025-09-20T18:09:32Z,shp_00002918,9400100000000000002918,delivered,USPS,GroundAdvantage,3.83,0.00,3.83,,,114-7406951-5213949,
2025-09-20T18:16:48Z,shp_00002932,9400100000000000002932,delivered,USPS,GroundAdvantage,5.87,0.00,5.87,,,m00000006985,
2025-09-20T18:31:00Z,shp_00002916,9400100000000000002916,delivered,USPS,Priority,3.91,0.00,3.91,,,114-7906949-5103669,
2025-09-20T18:42:22Z,shp_00002892,9400100000000000002892,delivered,USPS,GroundAdvantage,8.16,0.00,8.16,,,SGW-7706904,
2025-09-20T18:52:48Z,shp_00002896,9400100000000000002896,in_transit,USPS,GroundAdvantage,3.38,0.00,3.38,,,112-8806911-7691283,
2025-09-20T19:08:40Z,shp_00002835,9400100000000000002835,delivered,USPS,GroundAdvantage,3.90,0.00,3.90,,,111-5206771-2206013,
2025-09-20T19:14:28Z,shp_00002869,9400100000000000002869,delivered,USPS,Priority,15.36,0.00,15.36,,,SGW-7706863,
2025-09-20T19:27:57Z,shp_00002898,9400100000000000002898,delivered,USPS,GroundAdvantage,5.64,0.00,5.64,,,113-3606913-2021133,
2025-09-20T19:32:53Z,shp_00002879,9400100000000000002879,delivered,USPS,GroundAdvantage,6.23,0.00,6.23,,,SGW-7706880,
2025-09-20T19:37:52Z,shp_00002890,9400100000000000002890,delivered,USPS,GroundAdvantage,9.94,0.00,9.94,,,SGW-7706901,
2025-09-20T19:38:04Z,shp_00002924,9400100000000000002924,delivered,USPS,GroundAdvantage,4.61,0.00,4.61,,,09-06965-87305,
2025-09-20T19:44:45Z,shp_00002913,9400100000000000002913,delivered,USPS,GroundAdvantage,3.90,0.00,3.90,,,114-4806943-1342263,
2025-09-20T19:46:26Z,shp_00002826,9400100000000000002826,delivered,USPS,GroundAdvantage,3.37,0.00,3.37,,,112-7706754-2588511,
2025-09-20T19:46:53Z,shp_00002867,9400100000000000002867,in_transit,USPS,GroundAdvantage,11.49,0.00,11.49,,,SGW-7706856,
2025-09-20T19:51:48Z,shp_00002921,9400100000000000002921,delivered,USPS,GroundAdvantage,5.09,0.00,5.09,,,11-06956-42989,
2025-09-20T19:54:54Z,shp_00002832,9400100000000000002832,delivered,USPS,GroundAdvantage,3.51,0.00,3.51,,,112-5106763-5266744,
2025-09-20T20:00:44Z,shp_00002813,9400100000000000002813,delivered,USPS,GroundAdvantage,6.45,0.00,6.45,,,SGW-7706720,
2025-09-20T20:02:26Z,shp_00002909,9400100000000000002909,delivered,USPS,GroundAdvantage,3.61,0.00,3.61,,,112-5906936-5068495,
2025-09-20T20:04:04Z,shp_00002881,9400100000000000002881,delivered,USPS,GroundAdvantage,12.25,0.00,12.25,,,SGW-7706886,
2025-09-20T20:08:20Z,shp_00002878,9400100000000000002878,delivered,USPS,GroundAdvantage,5.77,0.00,5.77,,,SGW-7706878,
2025-09-20T20:08:47Z,shp_00002870,9400100000000000002870,delivered,USPS,GroundAdvantage,8.06,0.00,8.06,,,SGW-7706864,
2025-09-20T20:10:05Z,shp_00002882,9400100000000000002882,delivered,USPS,GroundAdvantage,6.98,0.00,6.98,,,SGW-7706889,
2025-09-20T20:14:56Z,shp_00002865,9400100000000000002865,in_transit,USPS,GroundAdvantage,11.13,0.00,11.13,,,SGW-7706850,
2025-09-20T20:15:26Z,shp_00002858,9400100000000000002858,delivered,USPS,Priority,3.80,0.00,3.80,,,114-3806805-6856591,
2025-09-20T20:57:20Z,shp_00002928,9400100000000000002928,unknown,USPS,Priority,3.32,0.00,3.32,,refunded,22-06977-75913,
2025-09-20T20:58:34Z,shp_00002900,9400100000000000002900,delivered,USPS,GroundAdvantage,3.60,0.00,3.60,,,112-8306916-6413095,
2025-09-21T13:13:20Z,shp_00002969,9400100000000000002969,delivered,USPS,Priority,9.35,0.00,9.35,,,SGW-7707070,
2025-09-21T13:18:20Z,shp_00002903,9400100000000000002903,delivered,USPS,GroundAdvantage,5.66,0.00,5.66,,,113-9106921-1597609,
2025-09-21T13:20:39Z,shp_00002960,9400100000000000002960,delivered,USPS,GroundAdvantage,8.49,0.00,8.49,,,SGW-7707056,
2025-09-21T13:23:06Z,shp_00002976,9400100000000000002976,delivered,USPS,GroundAdvantage,10.58,0.00,10.58,,,SGW-7707083,
2025-09-21T13:24:25Z,shp_00002943,9400100000000000002943,delivered,USPS,Priority,8.11,0.00,8.11,,,SGW-7707021,
2025-09-21T13:27:28Z,shp_00002953,9400100000000000002953,in_transit,USPS,Priority,8.01,0.00,8.01,,,SGW-7707046,
2025-09-21T13:33:23Z,shp_00002895,9400100000000000002895,delivered,USPS,Priority,11.89,0.00,11.89,,,SGW-7706909,
2025-09-21T13:38:26Z,shp_00003006,9400100000000000003006,delivered,USPS,GroundAdvantage,4.52,0.00,4.52,,,02-07152-70929,
2025-09-21T13:42:40Z,shp_00002987,9400100000000000002987,delivered,USPS,Priority,3.77,0.00,3.77,,,114-2407102-9110625,
2025-09-21T13:52:05Z,shp_00002981,9400100000000000002981,delivered,USPS,GroundAdvantage,3.40,0.00,3.40,,,114-1107089-6795590,
2025-09-21T14:01:44Z,shp_00002959,9400100000000000002959,delivered,USPS,GroundAdvantage,9.99,0.00,9.99,,,SGW-7707054,
2025-09-21T14:10:57Z,shp_00002936,9400100000000000002936,delivered,USPS,Priority,8.42,0.00,8.42,,,SGW-7707013,
2025-09-21T14:23:02Z,shp_00002985,9400100000000000002985,delivered,USPS,GroundAdvantage,3.44,0.00,3.44,,,113-0307099-4083202,
2025-09-21T14:29:44Z,shp_00002994,9400100000000000002994,delivered,USPS,GroundAdvantage,4.92,0.00,4.92,,,114-2207114-4472993,
2025-09-21T14:35:49Z,shp_00002993,9400100000000000002993,in_transit,USPS,Priority,4.91,0.00,4.91,,,111-1107112-8834761,
2025-09-21T14:39:03Z,shp_00002929,9400100000000000002929,delivered,USPS,GroundAdvantage,6.72,0.00,6.72,,,m00000006979,
2025-09-21T14:52:31Z,shp_00002991,9400100000000000002991,delivered,USPS,GroundAdvantage,3.49,0.00,3.49,,,112-5407108-6519402,
2025-09-21T14:59:45Z,shp_00002862,9400100000000000002862,delivered,USPS,GroundAdvantage,4.77,0.00,4.77,,,22-06813-10748,
2025-09-21T15:01:32Z,shp_00002998,9400100000000000002998,delivered,USPS,Priority,5.76,0.00,5.76,,,113-2807123-9954017,
2025-09-21T15:02:24Z,shp_00003009,9400100000000000003009,delivered,USPS,GroundAdvantage,6.43,0.00,6.43,,,m00000007155,
2025-09-21T15:20:43Z,shp_00003003,9400100000000000003003,delivered,USPS,GroundAdvantage,3.38,0.00,3.38,,,113-6007129-1747806,
2025-09-21T15:23:42Z,shp_00002920,9400100000000000002920,delivered,USPS,GroundAdvantage,3.53,0.00,3.53,,,112-8706955-3860572,
2025-09-21T15:37:36Z,shp_00002967,9400100000000000002967,delivered,USPS,GroundAdvantage,5.43,0.00,5.43,,,SGW-7707068,
2025-09-21T16:00:55Z,shp_00002942,9400100000000000002942,in_transit,USPS,GroundAdvantage,7.53,0.00,7.53,,,SGW-7707020,
2025-09-21T16:02:30Z,shp_00002972,9400100000000000002972,delivered,USPS,Priority,11.78,0.00,11.78,,,SGW-7707078,
2025-09-21T16:03:44Z,shp_00003010,9400100000000000003010,delivered,USPS,GroundAdvantage,6.03,0.00,6.03,,,m00000007162,
2025-09-21T16:27:15Z,shp_00002941,9400100000000000002941,delivered,USPS,GroundAdvantage,9.93,0.00,9.93,,,SGW-7707018,
2025-09-21T16:36:37Z,shp_00002925,9400100000000000002925,delivered,USPS,Priority,9.99,0.00,9.99,,,14-06969-02934,
2025-09-21T16:42:10Z,shp_00002946,9400100000000000002946,delivered,USPS,GroundAdvantage,10.66,0.00,10.66,,,SGW-7707028,
2025-09-21T16:50:14Z,shp_00002951,9400100000000000002951,delivered,USPS,Priority,7.36,0.00,7.36,,,SGW-7707042,
2025-09-21T16:54:46Z,shp_00002949,9400100000000000002949,delivered,USPS,GroundAdvantage,7.70,0.00,7.70,,,SGW-7707033,
2025-09-21T17:02:06Z,shp_00002934,9400100000000000002934,delivered,USPS,Priority,6.72,0.00,6.72,,,SGW-7707008,
2025-09-21T17:09:49Z,shp_00002950,9400100000000000002950,in_transit,USPS,GroundAdvantage,10.81,0.00,10.81,,,SGW-7707040,
2025-09-21T17:09:57Z,shp_00002954,9400100000000000002954,delivered,USPS,GroundAdvantage,8.34,0.00,8.34,,,SGW-7707047,
2025-09-21T17:10:40Z,shp_00002944,9400100000000000002944,delivered,USPS,Priority,13.26,0.00,13.26,,,SGW-7707022,
2025-09-21T17:25:32Z,shp_00002955,9400100000000000002955,delivered,USPS,Priority,7.08,0.00,7.08,,,SGW-7707050,
2025-09-21T17:53:16Z,shp_00002852,9400100000000000002852,delivered,USPS,GroundAdvantage,3.38,0.00,3.38,,,112-9806796-3086557,
2025-09-21T18:06:28Z,shp_00003007,9400100000000000003007,delivered,USPS,Priority,6.84,0.00,6.84,,,24-07153-16928,
2025-09-21T18:18:24Z,shp_00002927,9400100000000000002927,delivered,USPS,Priority,5.92,0.00,5.92,,,01-06976-17846,
2025-09-21T18:22:06Z,shp_00002978,9400100000000000002978,delivered,USPS,GroundAdvantage,5.52,0.00,5.52,,,112-7107085-7889587,
2025-09-21T18:22:51Z,shp_00002885,9400100000000000002885,delivered,USPS,GroundAdvantage,10.16,0.00,10.16,,,SGW-7706895,
2025-09-21T18:41:37Z,shp_00002945,9400100000000000002945,in_transit,USPS,GroundAdvantage,5.83,0.00,5.83,,,SGW-7707026,
2025-09-21T18:46:38Z,shp_00002970,9400100000000000002970,delivered,USPS,GroundAdvantage,6.59,0.00,6.59,,,SGW-7707073,
2025-09-21T18:52:13Z,shp_00002957,9400100000000000002957,delivered,USPS,GroundAdvantage,12.12,0.00,12.12,,,SGW-7707052,
2025-09-21T18:55:59Z,shp_00002982,9400100000000000002982,delivered,USPS,GroundAdvantage,5.18,0.00,5.18,,,114-1507091-9910292,
2025-09-21T18:59:09Z,shp_00002964,9400100000000000002964,delivered,USPS,Priority,14.35,0.00,14.35,,,SGW-7707064,
2025-09-21T19:00:49Z,shp_00002979,9400100000000000002979,delivered,USPS,Priority,3.68,0.00,3.68,,,114-5507086-5752222,
2025-09-21T19:04:18Z,shp_00002966,9400100000000000002966,delivered,USPS,GroundAdvantage,10.01,0.00,10.01,,,SGW-7707067,
2025-09-21T19:13:37Z,shp_00003001,9400100000000000003001,delivered,USPS,GroundAdvantage,5.11,0.00,5.11,,,113-0607127-2650498,
2025-09-21T19:16:15Z,shp_00002988,9400100000000000002988,delivered,USPS,GroundAdvantage,3.85,0.00,3.85,,,111-8807103-1474810,
2025-09-21T19:51:27Z,shp_00002935,9400100000000000002935,in_transit,USPS,GroundAdvantage,7.87,0.00,7.87,,,SGW-7707011,
2025-09-21T19:51:37Z,shp_00002948,9400100000000000002948,delivered,USPS,GroundAdvantage,14.05,0.00,14.05,,,SGW-7707030,
2025-09-21T19:59:06Z,shp_00002952,9400100000000000002952,delivered,USPS,GroundAdvantage,7.96,0.00,7.96,,,SGW-7707045,
2025-09-21T20:03:23Z,shp_00002911,9400100000000000002911,delivered,USPS,GroundAdvantage,3.89,0.00,3.89,,,112-8806940-8504319,
2025-09-21T20:20:15Z,shp_00002977,9400100000000000002977,delivered,USPS,Priority,5.29,0.00,5.29,,,112-8307084-0351164,
2025-09-21T20:24:10Z,shp_00002938,9400100000000000002938,delivered,USPS,Priority,8.53,0.00,8.53,,,SGW-7707015,
2025-09-21T20:49:14Z,shp_00002956,9400100000000000002956,delivered,USPS,GroundAdvantage,8.68,0.00,8.68,,,SGW-7707051,
2025-09-21T20:49:36Z,shp_00002961,9400100000000000002961,delivered,USPS,GroundAdvantage,8.02,0.00,8.02,,,SGW-7707060,
2025-09-21T20:50:23Z,shp_00002904,9400100000000000002904,delivered,USPS,GroundAdvantage,5.61,0.00,5.61,,,111-6706926-6070602,
2025-09-21T20:51:52Z,shp_00002973,9400100000000000002973,in_transit,USPS,GroundAdvantage,5.23,0.00,5.23,,,SGW-7707079,
2025-09-21T20:52:26Z,shp_00002983,9400100000000000002983,delivered,USPS,GroundAdvantage,5.02,0.00,5.02,,,112-4107093-4909585,
2025-09-21T20:55:20Z,shp_00003000,9400100000000000003000,delivered,USPS,GroundAdvantage,3.42,0.00,3.42,,,113-8207125-7044009,
2025-09-22T13:08:47Z,shp_00003015,9400100000000000003015,delivered,USPS,Priority,8.30,0.00,8.30,,,SGW-7707187,
2025-09-22T13:10:29Z,shp_00003032,9400100000000000003032,delivered,USPS,GroundAdvantage,5.07,0.00,5.07,,,111-1307227-9453880,
2025-09-22T13:10:49Z,shp_00002986,9400100000000000002986,delivered,USPS,GroundAdvantage,3.85,0.00,3.85,,,111-2207100-0677633,
2025-09-22T13:12:50Z,shp_00003002,9400100000000000003002,delivered,USPS,GroundAdvantage,3.31,0.00,3.31,,,113-6107128-7409552,
2025-09-22T13:14:33Z,shp_00003054,9400100000000000003054,delivered,USPS,GroundAdvantage,6.67,0.00,6.67,,,12-07265-21425,
2025-09-22T13:25:04Z,shp_00003057,9400100000000000003057,delivered,USPS,GroundAdvantage,4.26,0.00,4.26,,,27-07270-46028,
2025-09-22T13:25:47Z,shp_00003021,9400100000000000003021,in_transit,USPS,Priority,6.22,0.00,6.22,,,SGW-7707204,
2025-09-22T13:27:54Z,shp_00002958,9400100000000000002958,delivered,USPS,GroundAdvantage,9.26,0.00,9.26,,,SGW-7707053,
2025-09-22T13:28:44Z,shp_00003017,9400100000000000003017,delivered,USPS,GroundAdvantage,13.96,0.00,13.96,,,SGW-7707189,
2025-09-22T13:32:19Z,shp_00003048,9400100000000000003048,delivered,USPS,GroundAdvantage,5.48,0.00,5.48,,,111-6407256-3120286,
2025-09-22T13:41:16Z,shp_00003018,9400100000000000003018,delivered,USPS,Priority,7.52,0.00,7.52,,,SGW-7707197,
2025-09-22T13:42:17Z,shp_00003043,9400100000000000003043,delivered,USPS,GroundAdvantage,3.54,0.00,3.54,,,112-6707246-6539457,
2025-09-22T14:09:36Z,shp_00002992,9400100000000000002992,delivered,USPS,Priority,3.31,0.00,3.31,,,113-2707110-9422332,
2025-09-22T14:21:06Z,shp_00002980,9400100000000000002980,delivered,USPS,GroundAdvantage,3.49,0.00,3.49,,,111-5907087-6654234,
2025-09-22T14:37:09Z,shp_00003039,9400100000000000003039,delivered,USPS,GroundAdvantage,3.73,0.00,3.73,,,114-4107241-1755596,
2025-09-22T14:39:14Z,shp_00003027,9400100000000000003027,in_transit,USPS,GroundAdvantage,11.47,0.00,11.47,,,SGW-7707218,
2025-09-22T14:42:14Z,shp_00003022,9400100000000000003022,delivered,USPS,GroundAdvantage,11.20,0.00,11.20,,,SGW-7707207,
2025-09-22T14:47:43Z,shp_00003055,9400100000000000003055,delivered,USPS,GroundAdvantage,3.26,0.00,3.26,,,03-07266-94704,
2025-09-22T14:50:43Z,shp_00002893,9400100000000000002893,delivered,USPS,GroundAdvantage,7.99,0.00,7.99,,,SGW-7706905,
2025-09-22T15:32:39Z,shp_00002963,9400100000000000002963,delivered,USPS,GroundAdvantage,14.17,0.00,14.17,,,SGW-7707063,
2025-09-22T15:37:44Z,shp_00003049,9400100000000000003049,delivered,USPS,GroundAdvantage,3.33,0.00,3.33,,,114-5907257-9804955,
2025-09-22T15:44:49Z,shp_00003044,9400100000000000003044,delivered,USPS,GroundAdvantage,5.01,0.00,5.01,,,114-1507248-9452055,
2025-09-22T15:53:59Z,shp_00003042,9400100000000000003042,delivered,USPS,GroundAdvantage,3.50,0.00,3.50,,,113-0807245-3749056,
2025-09-22T15:58:39Z,shp_00003031,9400100000000000003031,delivered,USPS,Priority,5.36,0.00,5.36,,,111-4807224-1896556,
2025-09-22T16:00:02Z,shp_00002940,9400100000000000002940,in_transit,USPS,Priority,8.89,0.00,8.89,,,SGW-7707017,
2025-09-22T16:01:33Z,shp_00002989,9400100000000000002989,delivered,USPS,GroundAdvantage,3.88,0.00,3.88,,,114-8707105-4100257,
2025-09-22T16:17:50Z,shp_00003023,9400100000000000003023,delivered,USPS,Priority,13.95,0.00,13.95,,,SGW-7707208,
2025-09-22T16:23:08Z,shp_00003052,9400100000000000003052,delivered,USPS,GroundAdvantage,9.55,0.00,9.55,,,09-07262-46340,
2025-09-22T16:26:34Z,shp_00002889,9400100000000000002889,delivered,USPS,Priority,5.78,0.00,5.78,,,SGW-7706900,
2025-09-22T16:36:33Z,shp_00002984,9400100000000000002984,delivered,USPS,GroundAdvantage,3.43,0.00,3.43,,,113-1807094-9198050,
2025-09-22T16:39:27Z,shp_00003005,9400100000000000003005,delivered,USPS,Priority,6.06,0.00,6.06,,,04-07138-29417,
2025-09-22T16:55:03Z,shp_00003036,9400100000000000003036,delivered,USPS,GroundAdvantage,5.22,0.00,5.22,,,111-0007233-7327356,
2025-09-22T17:13:35Z,shp_00002968,9400100000000000002968,delivered,USPS,GroundAdvantage,17.55,0.00,17.55,,,SGW-7707069,
2025-09-22T17:20:13Z,shp_00003008,9400100000000000003008,in_transit,USPS,GroundAdvantage,5.27,0.00,5.27,,,24-07154-55019,
2025-09-22T17:28:13Z,shp_00003028,9400100000000000003028,delivered,USPS,GroundAdvantage,6.04,0.00,6.04,,,SGW-7707220,
2025-09-22T17:28:32Z,shp_00003051,9400100000000000003051,delivered,USPS,GroundAdvantage,5.35,0.00,5.35,,,111-3707260-6726988,
2025-09-22T17:32:29Z,shp_00002995,9400100000000000002995,delivered,USPS,GroundAdvantage,3.89,0.00,3.89,,,111-7507117-0686678,
2025-09-22T17:45:43Z,shp_00003037,9400100000000000003037,delivered,USPS,GroundAdvantage,3.84,0.00,3.84,,,111-5207235-5363905,
2025-09-22T17:58:07Z,shp_00003030,9400100000000000003030,delivered,USPS,Priority,8.93,0.00,8.93,,,SGW-7707222,
2025-09-22T18:12:34Z,shp_00003025,9400100000000000003025,delivered,USPS,GroundAdvantage,15.32,0.00,15.32,,,SGW-7707213,
2025-09-22T18:13:52Z,shp_00002908,9400100000000000002908,delivered,USPS,GroundAdvantage,3.41,0.00,3.41,,,112-5006935-4488534,
2025-09-22T18:22:10Z,shp_00003004,9400100000000000003004,delivered,USPS,GroundAdvantage,3.58,0.00,3.58,,,114-7407132-5010816,
2025-09-22T18:23:04Z,shp_00002939,9400100000000000002939,in_transit,USPS,GroundAdvantage,7.84,0.00,7.84,,,SGW-7707016,
2025-09-22T18:27:05Z,shp_00003012,9400100000000000003012,delivered,USPS,GroundAdvantage,10.49,0.00,10.49,,,SGW-7707181,
2025-09-22T18:37:51Z,shp_00003040,9400100000000000003040,delivered,USPS,Priority,3.83,0.00,3.83,,,111-8407242-0905685,
2025-09-22T18:40:15Z,shp_00003026,9400100000000000003026,delivered,USPS,GroundAdvantage,6.77,0.00,6.77,,,SGW-7707216,
2025-09-22T18:47:52Z,shp_00003019,9400100000000000003019,delivered,USPS,Priority,8.86,0.00,8.86,,,SGW-7707199,
2025-09-22T18:49:29Z,shp_00003058,9400100000000000003058,delivered,USPS,GroundAdvantage,5.81,0.00,5.81,,,m00000007274,
2025-09-22T18:49:30Z,shp_00002975,9400100000000000002975,unknown,USPS,GroundAdvantage,14.15,0.00,14.15,,refunded,SGW-7707082,
2025-09-22T19:01:50Z,shp_00003011,9400100000000000003011,delivered,USPS,GroundAdvantage,5.79,0.00,5.79,,,m00000007163,
2025-09-22T19:06:20Z,shp_00003016,9400100000000000003016,delivered,USPS,Priority,9.82,0.00,9.82,,,SGW-7707188,
2025-09-22T19:07:18Z,shp_00003053,9400100000000000003053,in_transit,USPS,GroundAdvantage,5.36,0.00,5.36,,,24-07264-61993,
2025-09-22T19:09:59Z,shp_00002996,9400100000000000002996,delivered,USPS,GroundAdvantage,3.85,0.00,3.85,,,111-8807120-0413296,
2025-09-22T19:31:48Z,shp_00002999,9400100000000000002999,delivered,USPS,GroundAdvantage,3.70,0.00,3.70,,,113-5407124-2919580,
2025-09-22T19:45:09Z,shp_00003024,9400100000000000003024,delivered,USPS,GroundAdvantage,7.85,0.00,7.85,,,SGW-7707212,
2025-09-22T19:47:12Z,shp_00003029,9400100000000000003029,delivered,USPS,Priority,7.28,0.00,7.28,,,SGW-7707221,
2025-09-22T19:56:37Z,shp_00002974,9400100000000000002974,delivered,USPS,Priority,19.02,0.00,19.02,,,SGW-7707080,
2025-09-22T20:02:59Z,shp_00002990,9400100000000000002990,delivered,USPS,Priority,5.86,0.00,5.86,,,112-5607106-5691199,
2025-09-22T20:15:51Z,shp_00002937,9400100000000000002937,delivered,USPS,Priority,11.46,0.00,11.46,,,SGW-7707014,
2025-09-22T20:24:23Z,shp_00002971,9400100000000000002971,delivered,USPS,GroundAdvantage,11.30,0.00,11.30,,,SGW-7707075,
2025-09-22T20:40:10Z,shp_00003047,9400100000000000003047,in_transit,USPS,GroundAdvantage,3.85,0.00,3.85,,,113-1107255-7757790,
2025-09-22T20:43:36Z,shp_00003050,9400100000000000003050,delivered,USPS,GroundAdvantage,3.53,0.00,3.53,,,113-4107259-4818887,
2025-09-22T20:59:05Z,shp_00003020,9400100000000000003020,delivered,USPS,GroundAdvantage,13.77,0.00,13.77,,,SGW-7707202,
2025-09-23T13:12:53Z,shp_00003074,9400100000000000003074,delivered,USPS,GroundAdvantage,6.38,0.00,6.38,,,SGW-7707326,
2025-09-23T13:25:38Z,shp_00003069,9400100000000000003069,delivered,USPS,GroundAdvantage,12.03,0.00,12.03,,,SGW-7707307,
2025-09-23T13:26:22Z,shp_00003100,9400100000000000003100,delivered,USPS,GroundAdvantage,5.40,0.00,5.40,,,112-4107374-0926315,
2025-09-23T13:32:50Z,shp_00002962,9400100000000000002962,delivered,USPS,GroundAdvantage,10.67,0.00,10.67,,,SGW-7707062,
2025-09-23T13:43:42Z,shp_00003098,9400100000000000003098,delivered,USPS,GroundAdvantage,3.44,0.00,3.44,,,113-6507371-5790025,
2025-09-23T14:04:39Z,shp_00003033,9400100000000000003033,delivered,USPS,GroundAdvantage,3.32,0.00,3.32,,,113-2907229-1718292,
2025-09-23T14:09:49Z,shp_00003059,9400100000000000003059,in_transit,USPS,GroundAdvantage,12.96,0.00,12.96,,,SGW-7707291,
2025-09-23T14:18:38Z,shp_00003107,9400100000000000003107,delivered,USPS,GroundAdvantage,3.76,0.00,3.76,,,114-7407390-0067307,
2025-09-23T14:28:48Z,shp_00003081,9400100000000000003081,delivered,USPS,GroundAdvantage,4.53,0.00,4.53,,,SGW-7707339,
2025-09-23T14:33:26Z,shp_00003105,9400100000000000003105,delivered,USPS,GroundAdvantage,3.30,0.00,3.30,,,114-9107385-8844522,
2025-09-23T14:33:59Z,shp_00003103,9400100000000000003103,delivered,USPS,GroundAdvantage,3.64,0.00,3.64,,,114-2007381-9271356,
2025-09-23T14:39:59Z,shp_00003065,9400100000000000003065,delivered,USPS,GroundAdvantage,4.99,0.00,4.99,,,SGW-7707303,
2025-09-23T14:53:47Z,shp_00003079,9400100000000000003079,delivered,USPS,GroundAdvantage,9.80,0.00,9.80,,,SGW-7707336,
2025-09-23T14:54:35Z,shp_00003014,9400100000000000003014,delivered,USPS,GroundAdvantage,8.47,0.00,8.47,,,SGW-7707185,
2025-09-23T15:11:16Z,shp_00003085,9400100000000000003085,delivered,USPS,GroundAdvantage,3.28,0.00,3.28,,,114-9807349-1307845,
2025-09-23T15:21:41Z,shp_00003099,9400100000000000003099,in_transit,USPS,GroundAdvantage,5.79,0.00,5.79,,,114-0307373-7550474,
2025-09-23T15:23:17Z,shp_00003112,9400100000000000003112,delivered,USPS,GroundAdvantage,8.47,0.00,8.47,,,20-07400-89704,
2025-09-23T15:44:55Z,shp_00003073,9400100000000000003073,delivered,USPS,Priority,12.08,0.00,12.08,,,SGW-7707324,
2025-09-23T16:29:19Z,shp_00003090,9400100000000000003090,delivered,USPS,Priority,3.34,0.00,3.34,,,113-8007358-3468416,
2025-09-23T16:34:02Z,shp_00003041,9400100000000000003041,delivered,USPS,GroundAdvantage,4.96,0.00,4.96,,,113-9607243-7309957,
2025-09-23T16:42:26Z,shp_00002933,9400100000000000002933,delivered,USPS,Priority,13.28,0.00,13.28,,,SGW-7707002,
2025-09-23T16:54:36Z,shp_00003093,9400100000000000003093,delivered,USPS,GroundAdvantage,4.99,0.00,4.99,,,112-8607365-1231399,
2025-09-23T17:00:35Z,shp_00003117,9400100000000000003117,delivered,USPS,GroundAdvantage,6.82,0.00,6.82,,,m00000007421,
2025-09-23T17:04:26Z,shp_00003089,9400100000000000003089,delivered,USPS,Priority,3.56,0.00,3.56,,,112-4607357-9556659,
2025-09-23T17:06:07Z,shp_00003068,9400100000000000003068,in_transit,USPS,GroundAdvantage,7.52,0.00,7.52,,,SGW-7707306,
2025-09-23T17:07:04Z,shp_00003094,9400100000000000003094,delivered,USPS,Priority,3.53,0.00,3.53,,,113-0107366-0639410,
2025-09-23T17:11:39Z,shp_00003063,9400100000000000003063,delivered,USPS,Priority,7.54,0.00,7.54,,,SGW-7707297,
2025-09-23T17:12:43Z,shp_00003038,9400100000000000003038,delivered,USPS,GroundAdvantage,3.40,0.00,3.40,,,112-2907236-8841937,
2025-09-23T17:14:20Z,shp_00003110,9400100000000000003110,delivered,USPS,GroundAdvantage,12.33,0.00,12.33,,,23-07396-75639,
2025-09-23T17:21:54Z,shp_00003104,9400100000000000003104,delivered,USPS,GroundAdvantage,5.40,0.00,5.40,,,114-2507384-2099725,
2025-09-23T17:35:00Z,shp_00003114,9400100000000000003114,delivered,USPS,GroundAdvantage,7.87,0.00,7.87,,,05-07408-88944,
2025-09-23T17:37:03Z,shp_00003067,9400100000000000003067,delivered,USPS,GroundAdvantage,11.37,0.00,11.37,,,SGW-7707305,
2025-09-23T17:37:16Z,shp_00003070,9400100000000000003070,delivered,USPS,GroundAdvantage,12.96,0.00,12.96,,,SGW-7707309,
2025-09-23T17:42:15Z,shp_00002947,9400100000000000002947,in_transit,USPS,GroundAdvantage,9.75,0.00,9.75,,,SGW-7707029,
2025-09-23T17:48:15Z,shp_00003101,9400100000000000003101,delivered,USPS,GroundAdvantage,3.65,0.00,3.65,,,112-4607379-4897974,
2025-09-23T18:04:54Z,shp_00003072,9400100000000000003072,delivered,USPS,GroundAdvantage,6.25,0.00,6.25,,,SGW-7707320,
2025-09-23T18:06:54Z,shp_00003078,9400100000000000003078,delivered,USPS,Priority,6.87,0.00,6.87,,,SGW-7707333,
2025-09-23T18:11:13Z,shp_00003080,9400100000000000003080,delivered,USPS,Priority,6.77,0.00,6.77,,,SGW-7707338,
2025-09-23T18:17:50Z,shp_00002965,9400100000000000002965,delivered,USPS,GroundAdvantage,6.42,0.00,6.42,,,SGW-7707066,
2025-09-23T18:37:19Z,shp_00003061,9400100000000000003061,delivered,USPS,GroundAdvantage,8.03,0.00,8.03,,,SGW-7707295,
2025-09-23T18:44:03Z,shp_00003102,9400100000000000003102,unknown,USPS,GroundAdvantage,3.42,0.00,3.42,,submitted,111-8107380-4955393,
2025-09-23T18:48:21Z,shp_00003113,9400100000000000003113,delivered,USPS,GroundAdvantage,4.22,0.00,4.22,,,02-07403-11762,
2025-09-23T18:58:10Z,shp_00003075,9400100000000000003075,in_transit,USPS,Priority,11.39,0.00,11.39,,,SGW-7707327,
2025-09-23T19:01:19Z,shp_00003087,9400100000000000003087,delivered,USPS,GroundAdvantage,3.65,0.00,3.65,,,113-1207354-5685714,
2025-09-23T19:07:44Z,shp_00003045,9400100000000000003045,delivered,USPS,GroundAdvantage,3.38,0.00,3.38,,,112-8507249-6740686,
2025-09-23T19:16:03Z,shp_00003082,9400100000000000003082,delivered,USPS,GroundAdvantage,6.50,0.00,6.50,,,SGW-7707344,
2025-09-23T19:20:50Z,shp_00003095,9400100000000000003095,delivered,USPS,GroundAdvantage,3.90,0.00,3.90,,,114-7907367-2132859,
2025-09-23T19:21:01Z,shp_00003109,9400100000000000003109,delivered,USPS,Priority,3.33,0.00,3.33,,,114-6207394-7627433,
2025-09-23T19:25:45Z,shp_00003062,9400100000000000003062,delivered,USPS,GroundAdvantage,17.30,0.00,17.30,,,SGW-7707296,
2025-09-23T19:32:40Z,shp_00003060,9400100000000000003060,delivered,USPS,Priority,7.63,0.00,7.63,,,SGW-7707294,
2025-09-23T19:39:19Z,shp_00003035,9400100000000000003035,delivered,USPS,GroundAdvantage,3.83,0.00,3.83,,,113-1807231-9646655,
2025-09-23T20:18:44Z,shp_00002997,9400100000000000002997,in_transit,USPS,GroundAdvantage,3.55,0.00,3.55,,,113-6807121-0139260,
2025-09-23T20:20:56Z,shp_00003013,9400100000000000003013,delivered,USPS,GroundAdvantage,7.05,0.00,7.05,,,SGW-7707184,
2025-09-23T20:30:32Z,shp_00003064,9400100000000000003064,delivered,USPS,GroundAdvantage,12.94,0.00,12.94,,,SGW-7707300,
2025-09-23T20:32:26Z,shp_00003111,9400100000000000003111,delivered,USPS,GroundAdvantage,3.59,0.00,3.59,,,10-07397-78659,
2025-09-23T20:36:46Z,shp_00003083,9400100000000000003083,delivered,USPS,Priority,10.20,0.00,10.20,,,SGW-7707345,
2025-09-23T20:51:01Z,shp_00003046,9400100000000000003046,delivered,USPS,GroundAdvantage,3.41,0.00,3.41,,,112-1807253-9312274,
2025-09-24T13:02:05Z,shp_00003130,9400100000000000003130,delivered,USPS,GroundAdvantage,6.81,0.00,6.81,,,SGW-7707471,
2025-09-24T13:17:05Z,shp_00003077,9400100000000000003077,delivered,USPS,GroundAdvantage,7.94,0.00,7.94,,,SGW-7707330,
2025-09-24T13:25:26Z,shp_00003116,9400100000000000003116,delivered,USPS,GroundAdvantage,6.09,0.00,6.09,,,m00000007419,
2025-09-24T13:30:10Z,shp_00003071,9400100000000000003071,in_transit,USPS,GroundAdvantage,8.22,0.00,8.22,,,SGW-7707313,
2025-09-24T13:35:00Z,shp_00003135,9400100000000000003135,delivered,USPS,GroundAdvantage,11.77,0.00,11.77,,,SGW-7707482,
2025-09-24T13:46:12Z,shp_00003153,9400100000000000003153,delivered,USPS,Priority,3.89,0.00,3.89,,,114-6407516-2215183,
2025-09-24T13:49:25Z,shp_00003088,9400100000000000003088,delivered,USPS,GroundAdvantage,3.75,0.00,3.75,,,113-6707355-4741554,
2025-09-24T13:55:07Z,shp_00003163,9400100000000000003163,delivered,USPS,GroundAdvantage,3.49,0.00,3.49,,,114-6107536-6866501,
2025-09-24T14:08:53Z,shp_00003154,9400100000000000003154,delivered,USPS,GroundAdvantage,3.43,0.00,3.43,,,113-2607519-4621402,
2025-09-24T14:13:06Z,shp_00003134,9400100000000000003134,delivered,USPS,GroundAdvantage,18.08,0.00,18.08,,,SGW-7707480,
2025-09-24T14:15:11Z,shp_00003143,9400100000000000003143,delivered,USPS,GroundAdvantage,3.46,0.00,3.46,,,114-1107503-0047627,
2025-09-24T14:15:47Z,shp_00003144,9400100000000000003144,delivered,USPS,GroundAdvantage,3.46,0.00,3.46,,,112-1507505-7033009,
2025-09-24T14:19:55Z,shp_00003169,9400100000000000003169,in_transit,USPS,GroundAdvantage,6.71,0.00,6.71,,,01-07554-88162,
2025-09-24T14:24:00Z,shp_00003091,9400100000000000003091,delivered,USPS,GroundAdvantage,3.64,0.00,3.64,,,114-7607362-5003960,
2025-09-24T14:24:28Z,shp_00003139,9400100000000000003139,delivered,USPS,GroundAdvantage,13.18,0.00,13.18,,,SGW-7707497,
2025-09-24T14:34:21Z,shp_00003123,9400100000000000003123,delivered,USPS,Priority,7.79,0.00,7.79,,,SGW-7707455,
2025-09-24T14:37:27Z,shp_00003132,9400100000000000003132,delivered,USPS,GroundAdvantage,14.90,0.00,14.90,,,SGW-7707478,
2025-09-24T14:45:17Z,shp_00003161,9400100000000000003161,delivered,USPS,GroundAdvantage,3.42,0.00,3.42,,,114-0607533-0126849,
2025-09-24T14:46:03Z,shp_00003120,9400100000000000003120,delivered,USPS,GroundAdvantage,10.41,0.00,10.41,,,SGW-7707445,
2025-09-24T15:00:18Z,shp_00003140,9400100000000000003140,delivered,USPS,Priority,12.89,0.00,12.89,,,SGW-7707498,
2025-09-24T15:06:19Z,shp_00003118,9400100000000000003118,delivered,USPS,GroundAdvantage,6.78,0.00,6.78,,,m00000007422,
2025-09-24T15:08:15Z,shp_00003166,9400100000000000003166,in_transit,USPS,GroundAdvantage,3.77,0.00,3.77,,,114-7307539-7101123,
2025-09-24T15:19:37Z,shp_00003056,9400100000000000003056,delivered,USPS,GroundAdvantage,7.90,0.00,7.90,,,20-07269-79063,
2025-09-24T15:20:37Z,shp_00003086,9400100000000000003086,delivered,USPS,GroundAdvantage,3.65,0.00,3.65,,,114-9407353-3926224,
2025-09-24T16:28:13Z,shp_00003129,9400100000000000003129,delivered,USPS,Priority,15.04,0.00,15.04,,,SGW-7707468,
2025-09-24T16:47:46Z,shp_00003122,9400100000000000003122,delivered,USPS,GroundAdvantage,8.39,0.00,8.39,,,SGW-7707452,
2025-09-24T17:02:15Z,shp_00003097,9400100000000000003097,delivered,USPS,Priority,3.32,0.00,3.32,,,114-8007370-6020470,
2025-09-24T17:14:12Z,shp_00003106,9400100000000000003106,delivered,USPS,GroundAdvantage,3.70,0.00,3.70,,,112-8007386-8922342,
2025-09-24T17:26:21Z,shp_00003119,9400100000000000003119,delivered,USPS,GroundAdvantage,5.99,0.00,5.99,,,m00000007426,
2025-09-24T17:27:12Z,shp_00003084,9400100000000000003084,delivered,USPS,GroundAdvantage,3.84,0.00,3.84,,,114-5107348-8476906,
2025-09-24T17:27:38Z,shp_00003142,9400100000000000003142,in_transit,USPS,GroundAdvantage,5.37,0.00,5.37,,,112-6807501-8834653,
2025-09-24T18:03:23Z,shp_00003034,9400100000000000003034,delivered,USPS,GroundAdvantage,3.47,0.00,3.47,,,112-9607230-3448773,
2025-09-24T18:27:55Z,shp_00003066,9400100000000000003066,unknown,USPS,GroundAdvantage,11.15,0.00,11.15,,refunded,SGW-7707304,
2025-09-24T18:34:17Z,shp_00003124,9400100000000000003124,delivered,USPS,GroundAdvantage,13.07,0.00,13.07,,,SGW-7707457,
2025-09-24T18:55:07Z,shp_00003136,9400100000000000003136,delivered,USPS,GroundAdvantage,10.77,0.00,10.77,,,SGW-7707483,
2025-09-24T19:00:47Z,shp_00003147,9400100000000000003147,delivered,USPS,GroundAdvantage,3.57,0.00,3.57,,,114-4107510-3907294,
2025-09-24T19:10:44Z,shp_00003092,9400100000000000003092,delivered,USPS,GroundAdvantage,3.33,0.00,3.33,,,113-5207364-1333980,
2025-09-24T19:21:03Z,shp_00003137,9400100000000000003137,delivered,USPS,GroundAdvantage,15.34,0.00,15.34,,,SGW-7707487,
2025-09-24T19:25:54Z,shp_00003125,9400100000000000003125,delivered,USPS,GroundAdvantage,9.17,0.00,9.17,,,SGW-7707459,
2025-09-24T19:44:57Z,shp_00003158,9400100000000000003158,in_transit,USPS,GroundAdvantage,3.54,0.00,3.54,,,112-4707527-4047549,
2025-09-24T19:47:49Z,shp_00003168,9400100000000000003168,delivered,USPS,GroundAdvantage,5.14,0.00,5.14,,,01-07546-68883,
2025-09-24T20:00:20Z,shp_00003076,9400100000000000003076,delivered,USPS,GroundAdvantage,14.56,0.00,14.56,,,SGW-7707329,
2025-09-24T20:11:57Z,shp_00003108,9400100000000000003108,delivered,USPS,GroundAdvantage,3.40,0.00,3.40,,,114-2107391-6981588,
2025-09-24T20:19:01Z,shp_00003159,9400100000000000003159,delivered,USPS,GroundAdvantage,3.52,0.00,3.52,,,111-8007528-7955527,
2025-09-24T20:48:04Z,shp_00003156,9400100000000000003156,delivered,USPS,GroundAdvantage,3.53,0.00,3.53,,,114-4607524-2642951,
2025-09-24T20:49:25Z,shp_00003138,9400100000000000003138,delivered,USPS,GroundAdvantage,10.12,0.00,10.12,,,SGW-7707493,
2025-09-24T20:55:55Z,shp_00003141,9400100000000000003141,delivered,USPS,GroundAdvantage,6.31,0.00,6.31,,,SGW-7707499,
2025-09-24T20:58:25Z,shp_00003170,9400100000000000003170,delivered,USPS,GroundAdvantage,4.19,0.00,4.19,,,26-07559-04161,
2025-09-25T13:31:10Z,shp_00003128,9400100000000000003128,in_transit,USPS,GroundAdvantage,21.26,0.00,21.26,,,SGW-7707466,
2025-09-25T13:38:04Z,shp_00003133,9400100000000000003133,delivered,USPS,GroundAdvantage,8.28,0.00,8.28,,,SGW-7707479,
2025-09-25T13:39:17Z,shp_00003216,9400100000000000003216,delivered,USPS,GroundAdvantage,5.46,0.00,5.46,,,113-7007651-9153203,
2025-09-25T13:47:44Z,shp_00003207,9400100000000000003207,unknown,USPS,GroundAdvantage,5.34,0.00,5.34,,refunded,113-5707639-3637579,
2025-09-25T13:55:47Z,shp_00003200,9400100000000000003200,delivered,USPS,GroundAdvantage,4.92,0.00,4.92,,,114-6507626-0047704,
2025-09-25T14:02:45Z,shp_00003178,9400100000000000003178,delivered,USPS,GroundAdvantage,12.09,0.00,12.09,,,SGW-7707580,
2025-09-25T14:05:29Z,shp_00003181,9400100000000000003181,delivered,USPS,GroundAdvantage,14.84,0.00,14.84,,,SGW-7707585,
2025-09-25T14:41:07Z,shp_00003173,9400100000000000003173,delivered,USPS,Priority,11.52,0.00,11.52,,,SGW-7707574,
2025-09-25T14:44:29Z,shp_00003221,9400100000000000003221,delivered,USPS,GroundAdvantage,3.68,0.00,3.68,,,112-6307660-2098953,
2025-09-25T14:45:35Z,shp_00003179,9400100000000000003179,in_transit,USPS,Priority,13.35,0.00,13.35,,,SGW-7707582,
2025-09-25T14:59:59Z,shp_00003220,9400100000000000003220,delivered,USPS,GroundAdvantage,3.49,0.00,3.49,,,112-1507657-7300157,
2025-09-25T15:00:23Z,shp_00003197,9400100000000000003197,delivered,USPS,GroundAdvantage,3.84,0.00,3.84,,,114-4607622-8252648,
2025-09-25T15:26:47Z,shp_00003201,9400100000000000003201,delivered,USPS,GroundAdvantage,4.96,0.00,4.96,,,112-6207627-8400519,
2025-09-25T15:39:30Z,shp_00003175,9400100000000000003175,delivered,USPS,GroundAdvantage,7.27,0.00,7.27,,,SGW-7707576,
2025-09-25T15:57:04Z,shp_00003165,9400100000000000003165,delivered,USPS,Priority,3.32,0.00,3.32,,,114-8607538-6933044,
2025-09-25T15:57:52Z,shp_00003226,9400100000000000003226,delivered,USPS,GroundAdvantage,5.04,0.00,5.04,,,27-07674-81659,
2025-09-25T15:58:37Z,shp_00003167,9400100000000000003167,delivered,USPS,GroundAdvantage,5.75,0.00,5.75,,,112-6307541-8014539,
2025-09-25T16:03:05Z,shp_00003222,9400100000000000003222,delivered,USPS,Priority,3.89,0.00,3.89,,,111-4107663-4246851,
2025-09-25T16:23:35Z,shp_00003184,9400100000000000003184,in_transit,USPS,GroundAdvantage,11.32,0.00,11.32,,,SGW-7707593,
2025-09-25T16:25:23Z,shp_00003180,9400100000000000003180,delivered,USPS,GroundAdvantage,7.15,0.00,7.15,,,SGW-7707583,
2025-09-25T16:27:09Z,shp_00003115,9400100000000000003115,delivered,USPS,Priority,7.34,0.00,7.34,,,14-07410-10000,
2025-09-25T16:44:30Z,shp_00003195,9400100000000000003195,delivered,USPS,Priority,3.74,0.00,3.74,,,112-7007619-8388128,
2025-09-25T16:58:55Z,shp_00003188,9400100000000000003188,delivered,USPS,GroundAdvantage,10.83,0.00,10.83,,,SGW-7707602,
2025-09-25T17:02:07Z,shp_00003131,9400100000000000003131,delivered,USPS,GroundAdvantage,9.36,0.00,9.36,,,SGW-7707472,
2025-09-25T17:03:39Z,shp_00003126,9400100000000000003126,delivered,USPS,GroundAdvantage,14.90,0.00,14.90,,,SGW-7707461,
2025-09-25T17:03:50Z,shp_00003183,9400100000000000003183,delivered,USPS,GroundAdvantage,8.09,0.00,8.09,,,SGW-7707591,
2025-09-25T17:06:10Z,shp_00003185,9400100000000000003185,delivered,USPS,GroundAdvantage,10.72,0.00,10.72,,,SGW-7707594,
2025-09-25T17:10:29Z,shp_00003206,9400100000000000003206,in_transit,USPS,GroundAdvantage,5.44,0.00,5.44,,,114-5507637-7906873,
2025-09-25T17:12:10Z,shp_00003191,9400100000000000003191,delivered,USPS,Priority,17.41,0.00,17.41,,,SGW-7707611,
2025-09-25T17:18:26Z,shp_00003121,9400100000000000003121,delivered,USPS,GroundAdvantage,9.59,0.00,9.59,,,SGW-7707449,
2025-09-25T17:18:29Z,shp_00003174,9400100000000000003174,delivered,USPS,GroundAdvantage,5.49,0.00,5.49,,,SGW-7707575,
2025-09-25T17:41:58Z,shp_00003210,9400100000000000003210,delivered,USPS,GroundAdvantage,3.49,0.00,3.49,,,112-7907643-5924520,
2025-09-25T17:42:13Z,shp_00003217,9400100000000000003217,delivered,USPS,GroundAdvantage,3.31,0.00,3.31,,,112-5807652-3416623,
2025-09-25T17:45:40Z,shp_00003145,9400100000000000003145,delivered,USPS,GroundAdvantage,5.32,0.00,5.32,,,112-1807506-8114726,
2025-09-25T18:10:54Z,shp_00003162,9400100000000000003162,delivered,USPS,GroundAdvantage,5.55,0.00,5.55,,,113-1207535-0298044,
2025-09-25T18:19:00Z,shp_00003155,9400100000000000003155,delivered,USPS,Priority,3.90,0.00,3.90,,,114-3307520-9241563,
2025-09-25T18:25:25Z,shp_00003182,9400100000000000003182,in_transit,USPS,Priority,9.80,0.00,9.80,,,SGW-7707590,
2025-09-25T18:25:56Z,shp_00003225,9400100000000000003225,delivered,USPS,Priority,3.74,0.00,3.74,,,12-07672-84238,
2025-09-25T18:27:53Z,shp_00003152,9400100000000000003152,delivered,USPS,GroundAdvantage,3.79,0.00,3.79,,,112-3407515-9022708,
2025-09-25T18:28:23Z,shp_00003171,9400100000000000003171,delivered,USPS,GroundAdvantage,8.30,0.00,8.30,,,SGW-7707571,
2025-09-25T18:44:16Z,shp_00003213,9400100000000000003213,delivered,USPS,GroundAdvantage,3.50,0.00,3.50,,,111-4507647-7654174,
2025-09-25T18:48:47Z,shp_00003127,9400100000000000003127,delivered,USPS,Priority,7.48,0.00,7.48,,,SGW-7707463,
2025-09-25T19:02:10Z,shp_00003150,9400100000000000003150,delivered,USPS,GroundAdvantage,3.47,0.00,3.47,,,113-5107513-1579980,
2025-09-25T19:14:19Z,shp_00003190,9400100000000000003190,delivered,USPS,GroundAdvantage,9.51,0.00,9.51,,,SGW-7707606,
2025-09-25T19:43:27Z,shp_00003219,9400100000000000003219,delivered,USPS,Priority,3.58,0.00,3.58,,,111-4707654-2024536,
2025-09-25T19:43:52Z,shp_00003202,9400100000000000003202,in_transit,USPS,GroundAdvantage,3.54,0.00,3.54,,,113-2207628-7685328,
2025-09-25T19:45:24Z,shp_00003214,9400100000000000003214,delivered,USPS,GroundAdvantage,3.81,0.00,3.81,,,112-6407648-3552688,
2025-09-25T19:45:30Z,shp_00003198,9400100000000000003198,delivered,USPS,GroundAdvantage,4.95,0.00,4.95,,,111-8807624-0291935,
2025-09-25T20:09:26Z,shp_00003172,9400100000000000003172,delivered,USPS,GroundAdvantage,21.65,0.00,21.65,,,SGW-7707572,
2025-09-25T20:11:10Z,shp_00003096,9400100000000000003096,unknown,USPS,GroundAdvantage,3.58,0.00,3.58,,refunded,113-7107368-4997819,
2025-09-25T20:17:23Z,shp_00003224,9400100000000000003224,delivered,USPS,GroundAdvantage,4.31,0.00,4.31,,,21-07669-39615,
2025-09-25T20:23:35Z,shp_00003227,9400100000000000003227,delivered,USPS,GroundAdvantage,5.04,0.00,5.04,,,11-07675-49854,
2025-09-25T20:24:58Z,shp_00003157,9400100000000000003157,delivered,USPS,GroundAdvantage,5.39,0.00,5.39,,,114-3907525-0996441,
2025-09-25T20:39:11Z,shp_00003176,9400100000000000003176,delivered,USPS,GroundAdvantage,9.14,0.00,9.14,,,SGW-7707577,
2025-09-25T20:56:44Z,shp_00003208,9400100000000000003208,in_transit,USPS,GroundAdvantage,3.69,0.00,3.69,,,114-4407640-3244801,
2025-09-26T13:06:31Z,shp_00003272,9400100000000000003272,delivered,USPS,GroundAdvantage,3.34,0.00,3.34,,,113-3107786-4226144,
2025-09-26T13:12:57Z,shp_00003273,9400100000000000003273,delivered,USPS,GroundAdvantage,3.89,0.00,3.89,,,111-7707787-6890135,
2025-09-26T13:17:09Z,shp_00003192,9400100000000000003192,delivered,USPS,GroundAdvantage,9.88,0.00,9.88,,,SGW-7707613,
2025-09-26T13:23:11Z,shp_00003236,9400100000000000003236,delivered,USPS,GroundAdvantage,8.36,0.00,8.36,,,SGW-7707723,
2025-09-26T13:25:19Z,shp_00003267,9400100000000000003267,delivered,USPS,Priority,3.74,0.00,3.74,,,111-5107779-6285494,
2025-09-26T13:28:10Z,shp_00003205,9400100000000000003205,delivered,USPS,GroundAdvantage,5.61,0.00,5.61,,,112-3107634-8243971,
2025-09-26T13:36:16Z,shp_00003177,9400100000000000003177,delivered,USPS,Priority,13.81,0.00,13.81,,,SGW-7707578,
2025-09-26T13:42:52Z,shp_00003196,9400100000000000003196,delivered,USPS,Priority,4.95,0.00,4.95,,,113-7607620-7584988,
2025-09-26T13:52:38Z,shp_00003274,9400100000000000003274,in_transit,USPS,Priority,5.44,0.00,5.44,,,112-3907788-0997812,
2025-09-26T14:28:45Z,shp_00003230,9400100000000000003230,delivered,USPS,GroundAdvantage,7.23,0.00,7.23,,,SGW-7707713,
2025-09-26T14:28:53Z,shp_00003258,9400100000000000003258,delivered,USPS,GroundAdvantage,5.35,0.00,5.35,,,114-9407767-8444683,
2025-09-26T14:37:09Z,shp_00003268,9400100000000000003268,delivered,USPS,GroundAdvantage,5.63,0.00,5.63,,,111-3807781-2372080,
2025-09-26T14:50:30Z,shp_00003229,9400100000000000003229,delivered,USPS,GroundAdvantage,11.00,0.00,11.00,,,SGW-7707707,
2025-09-26T15:02:22Z,shp_00003223,9400100000000000003223,delivered,USPS,GroundAdvantage,3.66,0.00,3.66,,,111-1007666-6280710,
2025-09-26T15:09:42Z,shp_00003194,9400100000000000003194,delivered,USPS,Priority,22.16,0.00,22.16,,,SGW-7707617,
2025-09-26T15:11:28Z,shp_00003203,9400100000000000003203,delivered,USPS,GroundAdvantage,3.28,0.00,3.28,,,112-7607629-3624335,
2025-09-26T15:24:41Z,shp_00003244,9400100000000000003244,delivered,USPS,GroundAdvantage,10.53,0.00,10.53,,,SGW-7707736,
2025-09-26T15:58:14Z,shp_00003160,9400100000000000003160,in_transit,USPS,Priority,5.52,0.00,5.52,,,112-4107529-8952817,
2025-09-26T16:21:42Z,shp_00003241,9400100000000000003241,delivered,USPS,GroundAdvantage,10.00,0.00,10.00,,,SGW-7707733,
2025-09-26T16:27:58Z,shp_00003270,9400100000000000003270,delivered,USPS,GroundAdvantage,5.49,0.00,5.49,,,114-2307784-5326515,
2025-09-26T16:29:26Z,shp_00003186,9400100000000000003186,delivered,USPS,GroundAdvantage,9.53,0.00,9.53,,,SGW-7707595,
2025-09-26T16:39:10Z,shp_00003238,9400100000000000003238,delivered,USPS,GroundAdvantage,11.16,0.00,11.16,,,SGW-7707728,
2025-09-26T16:40:35Z,shp_00003264,9400100000000000003264,delivered,USPS,GroundAdvantage,3.64,0.00,3.64,,,112-6707775-3172051,
2025-09-26T16:54:43Z,shp_00003279,9400100000000000003279,delivered,USPS,GroundAdvantage,5.77,0.00,5.77,,,26-07801-77247,
2025-09-26T16:57:48Z,shp_00003280,9400100000000000003280,delivered,USPS,GroundAdvantage,9.04,0.00,9.04,,,16-07802-22025,
2025-09-26T17:08:31Z,shp_00003211,9400100000000000003211,delivered,USPS,GroundAdvantage,3.89,0.00,3.89,,,111-3907645-0191986,
2025-09-26T17:35:02Z,shp_00003218,9400100000000000003218,in_transit,USPS,GroundAdvantage,5.40,0.00,5.40,,,114-7307653-7432627,
2025-09-26T17:41:06Z,shp_00003146,9400100000000000003146,delivered,USPS,GroundAdvantage,3.59,0.00,3.59,,,114-4507508-3318359,
2025-09-26T17:51:12Z,shp_00003199,9400100000000000003199,delivered,USPS,Priority,3.57,0.00,3.57,,,113-0307625-3218889,
2025-09-26T17:54:04Z,shp_00003285,9400100000000000003285,delivered,USPS,GroundAdvantage,6.50,0.00,6.50,,,m00000007810,
2025-09-26T18:01:41Z,shp_00003259,9400100000000000003259,delivered,USPS,GroundAdvantage,3.87,0.00,3.87,,,112-1107768-2978712,
2025-09-26T18:07:20Z,shp_00003245,9400100000000000003245,delivered,USPS,Priority,15.65,0.00,15.65,,,SGW-7707739,
2025-09-26T18:09:11Z,shp_00003193,9400100000000000003193,delivered,USPS,GroundAdvantage,8.48,0.00,8.48,,,SGW-7707614,
2025-09-26T18:09:31Z,shp_00003269,9400100000000000003269,delivered,USPS,GroundAdvantage,3.39,0.00,3.39,,,112-6107783-3131774,
2025-09-26T18:10:19Z,shp_00003249,9400100000000000003249,delivered,USPS,Priority,9.36,0.00,9.36,,,SGW-7707748,
2025-09-26T18:11:04Z,shp_00003237,9400100000000000003237,in_transit,USPS,GroundAdvantage,7.54,0.00,7.54,,,SGW-7707726,
2025-09-26T18:17:52Z,shp_00003151,9400100000000000003151,delivered,USPS,GroundAdvantage,3.36,0.00,3.36,,,112-3307514-8695509,
2025-09-26T18:27:26Z,shp_00003246,9400100000000000003246,delivered,USPS,GroundAdvantage,12.50,0.00,12.50,,,SGW-7707740,
2025-09-26T18:34:34Z,shp_00003283,9400100000000000003283,delivered,USPS,GroundAdvantage,8.88,0.00,8.88,,,17-07806-76574,
2025-09-26T18:36:34Z,shp_00003209,9400100000000000003209,delivered,USPS,GroundAdvantage,5.02,0.00,5.02,,,112-7107641-1966300,
2025-09-26T18:40:13Z,shp_00003261,9400100000000000003261,delivered,USPS,GroundAdvantage,3.71,0.00,3.71,,,112-0907772-1470416,
2025-09-26T18:47:04Z,shp_00003148,9400100000000000003148,delivered,USPS,GroundAdvantage,5.48,0.00,5.48,,,111-3707511-5405168,
2025-09-26T18:58:56Z,shp_00003278,9400100000000000003278,delivered,USPS,Priority,9.28,0.00,9.28,,,04-07798-27948,
2025-09-26T19:04:24Z,shp_00003282,9400100000000000003282,delivered,USPS,GroundAdvantage,5.76,0.00,5.76,,,13-07804-39100,
2025-09-26T19:24:51Z,shp_00003251,9400100000000000003251,in_transit,USPS,GroundAdvantage,3.78,0.00,3.78,,,114-9207753-5244784,
2025-09-26T19:32:22Z,shp_00003277,9400100000000000003277,delivered,USPS,Priority,6.88,0.00,6.88,,,14-07795-45228,
2025-09-26T19:35:58Z,shp_00003276,9400100000000000003276,delivered,USPS,GroundAdvantage,4.40,0.00,4.40,,,16-07794-86301,
2025-09-26T19:37:54Z,shp_00003215,9400100000000000003215,delivered,USPS,Priority,3.55,0.00,3.55,,,111-7707650-9574586,
2025-09-26T19:39:26Z,shp_00003234,9400100000000000003234,delivered,USPS,Priority,14.84,0.00,14.84,,,SGW-7707721,
2025-09-26T19:47:39Z,shp_00003233,9400100000000000003233,delivered,USPS,GroundAdvantage,10.10,0.00,10.10,,,SGW-7707720,
2025-09-26T19:47:47Z,shp_00003187,9400100000000000003187,unknown,USPS,Priority,10.47,0.00,10.47,,refunded,SGW-7707598,
2025-09-26T19:48:00Z,shp_00003164,9400100000000000003164,delivered,USPS,GroundAdvantage,5.44,0.00,5.44,,,113-7507537-6069967,
2025-09-26T19:49:21Z,shp_00003242,9400100000000000003242,delivered,USPS,GroundAdvantage,8.38,0.00,8.38,,,SGW-7707734,
2025-09-26T20:00:34Z,shp_00003204,9400100000000000003204,in_transit,USPS,GroundAdvantage,5.70,0.00,5.70,,,113-0507630-4864060,
2025-09-26T20:06:23Z,shp_00003275,9400100000000000003275,delivered,USPS,GroundAdvantage,5.57,0.00,5.57,,,111-2607789-4305992,
2025-09-26T20:20:12Z,shp_00003235,9400100000000000003235,delivered,USPS,Priority,8.94,0.00,8.94,,,SGW-7707722,
2025-09-26T20:24:10Z,shp_00003212,9400100000000000003212,delivered,USPS,GroundAdvantage,3.45,0.00,3.45,,,111-7007646-3343754,
2025-09-26T20:28:37Z,shp_00003149,9400100000000000003149,delivered,USPS,GroundAdvantage,3.55,0.00,3.55,,,114-1807512-6897131,
2025-09-26T20:32:04Z,shp_00003263,9400100000000000003263,delivered,USPS,Priority,3.89,0.00,3.89,,,114-5107774-8308570,
2025-09-26T20:45:17Z,shp_00003240,9400100000000000003240,delivered,USPS,Priority,13.63,0.00,13.63,,,SGW-7707731,
2025-09-26T20:45:45Z,shp_00003265,9400100000000000003265,delivered,USPS,GroundAdvantage,5.19,0.00,5.19,,,114-6007776-8040522,
2025-09-26T20:58:48Z,shp_00003284,9400100000000000003284,delivered,USPS,GroundAdvantage,6.68,0.00,6.68,,,m00000007808,
2025-09-27T13:17:41Z,shp_00003341,9400100000000000003341,in_transit,USPS,GroundAdvantage,3.48,0.00,3.48,,,112-0007929-1726879,
2025-09-27T13:27:56Z,shp_00003338,9400100000000000003338,delivered,USPS,GroundAdvantage,3.49,0.00,3.49,,,111-2207925-4587175,
2025-09-27T13:41:32Z,shp_00003292,9400100000000000003292,delivered,USPS,GroundAdvantage,8.44,0.00,8.44,,,SGW-7707840,
2025-09-27T13:42:52Z,shp_00003232,9400100000000000003232,delivered,USPS,GroundAdvantage,10.14,0.00,10.14,,,SGW-7707717,
2025-09-27T13:51:05Z,shp_00003252,9400100000000000003252,delivered,USPS,GroundAdvantage,3.62,0.00,3.62,,,112-7007756-3219985,
2025-09-27T13:59:53Z,shp_00003310,9400100000000000003310,delivered,USPS,GroundAdvantage,13.54,0.00,13.54,,,SGW-7707884,
2025-09-27T14:05:34Z,shp_00003315,9400100000000000003315,delivered,USPS,GroundAdvantage,3.77,0.00,3.77,,,113-0807893-8507096,
2025-09-27T14:14:09Z,shp_00003250,9400100000000000003250,delivered,USPS,GroundAdvantage,3.38,0.00,3.38,,,111-1007750-1691096,
2025-09-27T14:30:53Z,shp_00003288,9400100000000000003288,delivered,USPS,GroundAdvantage,12.40,0.00,12.40,,,SGW-7707832,
2025-09-27T14:32:09Z,shp_00003262,9400100000000000003262,in_transit,USPS,GroundAdvantage,3.36,0.00,3.36,,,112-4607773-5784328,
2025-09-27T14:42:58Z,shp_00003329,9400100000000000003329,delivered,USPS,GroundAdvantage,3.72,0.00,3.72,,,111-7807912-1816731,
2025-09-27T14:44:16Z,shp_00003319,9400100000000000003319,delivered,USPS,Priority,4.94,0.00,4.94,,,113-8307901-0858203,
2025-09-27T14:51:08Z,shp_00003354,9400100000000000003354,delivered,USPS,Priority,6.01,0.00,6.01,,,m00000007976,
2025-09-27T15:04:18Z,shp_00003332,9400100000000000003332,delivered,USPS,Priority,3.60,0.00,3.60,,,113-9707917-1020676,
2025-09-27T15:07:02Z,shp_00003254,9400100000000000003254,delivered,USPS,Priority,5.74,0.00,5.74,,,111-5007758-6765609,
2025-09-27T15:12:39Z,shp_00003351,9400100000000000003351,delivered,USPS,Priority,4.64,0.00,4.64,,,01-07957-33969,
2025-09-27T15:20:42Z,shp_00003228,9400100000000000003228,delivered,USPS,Priority,6.50,0.00,6.50,,,08-07680-79964,
2025-09-27T15:30:42Z,shp_00003331,9400100000000000003331,delivered,USPS,Priority,5.43,0.00,5.43,,,112-8507916-1245835,
2025-09-27T15:32:59Z,shp_00003297,9400100000000000003297,in_transit,USPS,GroundAdvantage,13.92,0.00,13.92,,,SGW-7707854,
2025-09-27T15:39:32Z,shp_00003256,9400100000000000003256,delivered,USPS,GroundAdvantage,3.85,0.00,3.85,,,112-8907762-7776947,
2025-09-27T15:42:44Z,shp_00003304,9400100000000000003304,delivered,USPS,GroundAdvantage,9.12,0.00,9.12,,,SGW-7707865,
2025-09-27T15:50:41Z,shp_00003255,9400100000000000003255,delivered,USPS,Priority,3.82,0.00,3.82,,,113-5507759-7806241,
2025-09-27T15:52:01Z,shp_00003340,9400100000000000003340,delivered,USPS,Priority,5.10,0.00,5.10,,,112-1307928-3513618,
2025-09-27T15:52:27Z,shp_00003344,9400100000000000003344,delivered,USPS,Priority,5.29,0.00,5.29,,,111-8407936-6622357,
2025-09-27T15:56:38Z,shp_00003257,9400100000000000003257,delivered,USPS,Priority,4.93,0.00,4.93,,,111-0007764-9568583,
2025-09-27T16:07:38Z,shp_00003308,9400100000000000003308,delivered,USPS,GroundAdvantage,9.67,0.00,9.67,,,SGW-7707881,
2025-09-27T16:13:58Z,shp_00003309,9400100000000000003309,delivered,USPS,Priority,6.78,0.00,6.78,,,SGW-7707882,
2025-09-27T16:17:41Z,shp_00003326,9400100000000000003326,in_transit,USPS,GroundAdvantage,5.68,0.00,5.68,,,114-9107909-5903807,
2025-09-27T16:19:51Z,shp_00003313,9400100000000000003313,delivered,USPS,GroundAdvantage,6.81,0.00,6.81,,,SGW-7707889,
2025-09-27T16:25:50Z,shp_00003293,9400100000000000003293,delivered,USPS,GroundAdvantage,8.26,0.00,8.26,,,SGW-7707843,
2025-09-27T16:26:11Z,shp_00003298,9400100000000000003298,delivered,USPS,GroundAdvantage,11.75,0.00,11.75,,,SGW-7707855,
2025-09-27T16:40:11Z,shp_00003294,9400100000000000003294,delivered,USPS,GroundAdvantage,9.37,0.00,9.37,,,SGW-7707844,
2025-09-27T16:52:02Z,shp_00003189,9400100000000000003189,delivered,USPS,GroundAdvantage,4.55,0.00,4.55,,,SGW-7707605,
2025-09-27T16:59:29Z,shp_00003347,9400100000000000003347,delivered,USPS,GroundAdvantage,5.77,0.00,5.77,,,19-07939-01025,
2025-09-27T17:10:13Z,shp_00003306,9400100000000000003306,delivered,USPS,GroundAdvantage,8.12,0.00,8.12,,,SGW-7707868,
2025-09-27T17:10:24Z,shp_00003317,9400100000000000003317,delivered,USPS,GroundAdvantage,5.26,0.00,5.26,,,114-4107896-4812137,
2025-09-27T17:39:07Z,shp_00003243,9400100000000000003243,in_transit,USPS,GroundAdvantage,10.08,0.00,10.08,,,SGW-7707735,
2025-09-27T17:41:41Z,shp_00003327,9400100000000000003327,delivered,USPS,GroundAdvantage,5.08,0.00,5.08,,,111-7407910-0535089,
2025-09-27T17:47:38Z,shp_00003239,9400100000000000003239,delivered,USPS,GroundAdvantage,15.61,0.00,15.61,,,SGW-7707730,
2025-09-27T17:49:32Z,shp_00003349,9400100000000000003349,delivered,USPS,GroundAdvantage,3.92,0.00,3.92,,,07-07952-60728,
2025-09-27T17:57:21Z,shp_00003301,9400100000000000003301,delivered,USPS,GroundAdvantage,6.61,0.00,6.61,,,SGW-7707858,
2025-09-27T18:13:30Z,shp_00003320,9400100000000000003320,delivered,USPS,Priority,3.34,0.00,3.34,,,113-1607902-2079470,
2025-09-27T18:22:16Z,shp_00003247,9400100000000000003247,delivered,USPS,GroundAdvantage,8.00,0.00,8.00,,,SGW-7707741,
2025-09-27T18:22:38Z,shp_00003302,9400100000000000003302,delivered,USPS,Priority,11.50,0.00,11.50,,,SGW-7707862,
2025-09-27T18:34:01Z,shp_00003323,9400100000000000003323,delivered,USPS,GroundAdvantage,3.40,0.00,3.40,,,111-6207905-8802934,
2025-09-27T18:34:25Z,shp_00003290,9400100000000000003290,in_transit,USPS,GroundAdvantage,10.64,0.00,10.64,,,SGW-7707835,
2025-09-27T18:47:56Z,shp_00003335,9400100000000000003335,delivered,USPS,GroundAdvantage,3.68,0.00,3.68,,,113-0907920-5143715,
2025-09-27T18:50:44Z,shp_00003296,9400100000000000003296,unknown,USPS,GroundAdvantage,7.50,0.00,7.50,,refunded,SGW-7707852,
2025-09-27T18:56:57Z,shp_00003350,9400100000000000003350,delivered,USPS,GroundAdvantage,5.71,0.00,5.71,,,26-07954-08842,
2025-09-27T19:00:35Z,shp_00003356,9400100000000000003356,delivered,USPS,GroundAdvantage,6.36,0.00,6.36,,,m00000007981,
2025-09-27T19:06:05Z,shp_00003248,9400100000000000003248,delivered,USPS,Priority,11.32,0.00,11.32,,,SGW-7707744,
2025-09-27T19:14:53Z,shp_00003305,9400100000000000003305,delivered,USPS,GroundAdvantage,16.93,0.00,16.93,,,SGW-7707867,
2025-09-27T19:16:35Z,shp_00003324,9400100000000000003324,delivered,USPS,GroundAdvantage,5.75,0.00,5.75,,,112-7807906-1955864,
2025-09-27T19:17:19Z,shp_00003260,9400100000000000003260,unknown,USPS,GroundAdvantage,3.66,0.00,3.66,,refunded,113-6707770-7615923,
2025-09-27T19:27:01Z,shp_00003343,9400100000000000003343,in_transit,USPS,GroundAdvantage,3.31,0.00,3.31,,,111-8007934-0201957,
2025-09-27T19:30:57Z,shp_00003266,9400100000000000003266,delivered,USPS,GroundAdvantage,3.89,0.00,3.89,,,112-1907778-7251876,
2025-09-27T19:31:46Z,shp_00003314,9400100000000000003314,delivered,USPS,Priority,12.16,0.00,12.16,,,SGW-7707890,
2025-09-27T19:46:35Z,shp_00003281,9400100000000000003281,delivered,USPS,GroundAdvantage,10.60,0.00,10.60,,,17-07803-94697,
2025-09-27T19:49:01Z,shp_00003311,9400100000000000003311,delivered,USPS,Priority,15.26,0.00,15.26,,,SGW-7707886,
2025-09-27T19:53:49Z,shp_00003289,9400100000000000003289,delivered,USPS,GroundAdvantage,9.50,0.00,9.50,,,SGW-7707834,
2025-09-27T20:14:47Z,shp_00003291,9400100000000000003291,delivered,USPS,GroundAdvantage,11.12,0.00,11.12,,,SGW-7707839,
2025-09-27T20:19:00Z,shp_00003231,9400100000000000003231,delivered,USPS,GroundAdvantage,5.37,0.00,5.37,,,SGW-7707714,
2025-09-27T20:25:06Z,shp_00003322,9400100000000000003322,delivered,USPS,Priority,5.42,0.00,5.42,,,113-3007904-2228413,
2025-09-27T20:39:30Z,shp_00003325,9400100000000000003325,in_transit,USPS,GroundAdvantage,3.58,0.00,3.58,,,114-6707907-6045824,
2025-09-27T20:44:41Z,shp_00003348,9400100000000000003348,delivered,USPS,GroundAdvantage,4.42,0.00,4.42,,,23-07943-07892,
2025-09-27T20:53:12Z,shp_00003295,9400100000000000003295,delivered,USPS,GroundAdvantage,6.40,0.00,6.40,,,SGW-7707851,
2025-09-27T20:54:40Z,shp_00003253,9400100000000000003253,delivered,USPS,GroundAdvantage,3.89,0.00,3.89,,,114-8207757-7684377,
2025-09-27T20:55:14Z,shp_00003271,9400100000000000003271,delivered,USPS,GroundAdvantage,4.94,0.00,4.94,,,112-5707785-5007140,
2025-09-28T13:09:44Z,shp_00003355,9400100000000000003355,delivered,USPS,GroundAdvantage,6.10,0.00,6.10,,,m00000007979,
2025-09-28T13:21:29Z,shp_00003372,9400100000000000003372,delivered,USPS,GroundAdvantage,11.45,0.00,11.45,,,SGW-7708028,
2025-09-28T13:50:05Z,shp_00003352,9400100000000000003352,delivered,USPS,Priority,5.05,0.00,5.05,,,21-07963-33658,
2025-09-28T13:51:30Z,shp_00003364,9400100000000000003364,delivered,USPS,GroundAdvantage,13.23,0.00,13.23,,,SGW-7708014,
2025-09-28T14:05:53Z,shp_00003388,9400100000000000003388,in_transit,USPS,GroundAdvantage,3.87,0.00,3.87,,,112-7508073-1390715,
2025-09-28T14:08:43Z,shp_00003374,9400100000000000003374,delivered,USPS,Priority,9.25,0.00,9.25,,,SGW-7708040,
2025-09-28T14:17:30Z,shp_00003376,9400100000000000003376,delivered,USPS,GroundAdvantage,8.63,0.00,8.63,,,SGW-7708044,
2025-09-28T14:18:02Z,shp_00003397,9400100000000000003397,delivered,USPS,Priority,3.45,0.00,3.45,,,113-1408088-4043047,
2025-09-28T14:21:49Z,shp_00003300,9400100000000000003300,delivered,USPS,GroundAdvantage,7.61,0.00,7.61,,,SGW-7707857,
2025-09-28T14:21:59Z,shp_00003390,9400100000000000003390,delivered,USPS,Priority,3.65,0.00,3.65,,,111-2708077-1226675,
2025-09-28T14:23:12Z,shp_00003366,9400100000000000003366,delivered,USPS,GroundAdvantage,10.46,0.00,10.46,,,SGW-7708016,
2025-09-28T14:25:26Z,shp_00003339,9400100000000000003339,delivered,USPS,GroundAdvantage,5.37,0.00,5.37,,,111-4107926-3140989,
2025-09-28T14:25:34Z,shp_00003328,9400100000000000003328,delivered,USPS,GroundAdvantage,4.96,0.00,4.96,,,111-3007911-4074190,
2025-09-28T14:28:26Z,shp_00003403,9400100000000000003403,in_transit,USPS,Priority,3.85,0.00,3.85,,,114-4108098-4482828,
2025-09-28T14:39:27Z,shp_00003286,9400100000000000003286,delivered,USPS,GroundAdvantage,6.53,0.00,6.53,,,m00000007811,
2025-09-28T14:40:57Z,shp_00003321,9400100000000000003321,delivered,USPS,Priority,3.36,0.00,3.36,,,113-9707903-2049875,
2025-09-28T15:03:49Z,shp_00003346,9400100000000000003346,delivered,USPS,Priority,4.00,0.00,4.00,,,07-07938-38726,
2025-09-28T15:14:21Z,shp_00003414,9400100000000000003414,delivered,USPS,Priority,6.43,0.00,6.43,,,10-08123-86724,
2025-09-28T15:31:17Z,shp_00003312,9400100000000000003312,delivered,USPS,Priority,7.03,0.00,7.03,,,SGW-7707888,
2025-09-28T15:34:05Z,shp_00003333,9400100000000000003333,delivered,USPS,GroundAdvantage,5.11,0.00,5.11,,,112-6307918-0748708,
2025-09-28T15:34:05Z,shp_00003379,9400100000000000003379,delivered,USPS,GroundAdvantage,9.61,0.00,9.61,,,SGW-7708053,
2025-09-28T15:37:08Z,shp_00003360,9400100000000000003360,delivered,USPS,Priority,8.13,0.00,8.13,,,SGW-7708005,
2025-09-28T15:37:58Z,shp_00003336,9400100000000000003336,in_transit,USPS,GroundAdvantage,3.77,0.00,3.77,,,112-5607921-6342311,
2025-09-28T15:45:27Z,shp_00003404,9400100000000000003404,delivered,USPS,GroundAdvantage,3.55,0.00,3.55,,,113-7608099-8410336,
2025-09-28T15:50:38Z,shp_00003318,9400100000000000003318,delivered,USPS,GroundAdvantage,3.84,0.00,3.84,,,114-2907897-0396219,
2025-09-28T15:52:59Z,shp_00003368,9400100000000000003368,delivered,USPS,GroundAdvantage,6.89,0.00,6.89,,,SGW-7708018,
2025-09-28T16:02:59Z,shp_00003402,9400100000000000003402,delivered,USPS,Priority,5.36,0.00,5.36,,,111-9408097-4606559,
2025-09-28T16:22:15Z,shp_00003287,9400100000000000003287,delivered,USPS,GroundAdvantage,6.09,0.00,6.09,,,m00000007818,
2025-09-28T16:33:55Z,shp_00003395,9400100000000000003395,delivered,USPS,GroundAdvantage,3.78,0.00,3.78,,,113-8508086-2260923,
2025-09-28T16:57:23Z,shp_00003391,9400100000000000003391,delivered,USPS,GroundAdvantage,3.76,0.00,3.76,,,114-8008079-7550406,
2025-09-28T17:09:07Z,shp_00003330,9400100000000000003330,delivered,USPS,Priority,3.30,0.00,3.30,,,112-7707915-5156109,
2025-09-28T17:10:39Z,shp_00003299,9400100000000000003299,in_transit,USPS,Priority,11.18,0.00,11.18,,,SGW-7707856,
2025-09-28T17:12:45Z,shp_00003373,9400100000000000003373,delivered,USPS,GroundAdvantage,15.40,0.00,15.40,,,SGW-7708037,
2025-09-28T17:28:15Z,shp_00003394,9400100000000000003394,delivered,USPS,Priority,3.79,0.00,3.79,,,114-1208085-4061884,
2025-09-28T17:33:51Z,shp_00003387,9400100000000000003387,delivered,USPS,Priority,3.53,0.00,3.53,,,111-7908070-2767228,
2025-09-28T17:38:39Z,shp_00003405,9400100000000000003405,delivered,USPS,Priority,3.63,0.00,3.63,,,111-8508102-5742431,
2025-09-28T17:51:11Z,shp_00003411,9400100000000000003411,delivered,USPS,GroundAdvantage,6.65,0.00,6.65,,,10-08110-83665,
2025-09-28T18:06:49Z,shp_00003396,9400100000000000003396,delivered,USPS,Priority,3.29,0.00,3.29,,,113-1408087-1338287,
2025-09-28T18:14:06Z,shp_00003406,9400100000000000003406,delivered,USPS,GroundAdvantage,3.84,0.00,3.84,,,113-3708103-0154038,
2025-09-28T18:17:52Z,shp_00003363,9400100000000000003363,delivered,USPS,GroundAdvantage,9.36,0.00,9.36,,,SGW-7708011,
2025-09-28T18:22:22Z,shp_00003385,9400100000000000003385,in_transit,USPS,Priority,3.35,0.00,3.35,,,111-1308067-0128605,
2025-09-28T18:28:22Z,shp_00003383,9400100000000000003383,delivered,USPS,GroundAdvantage,3.72,0.00,3.72,,,113-7708064-8087585,
2025-09-28T18:31:45Z,shp_00003408,9400100000000000003408,delivered,USPS,GroundAdvantage,3.91,0.00,3.91,,,111-6808105-0355818,
2025-09-28T18:33:42Z,shp_00003377,9400100000000000003377,delivered,USPS,GroundAdvantage,7.03,0.00,7.03,,,SGW-7708048,
2025-09-28T18:36:27Z,shp_00003392,9400100000000000003392,delivered,USPS,GroundAdvantage,3.59,0.00,3.59,,,113-7208082-5022590,
2025-09-28T18:49:31Z,shp_00003361,9400100000000000003361,delivered,USPS,GroundAdvantage,9.14,0.00,9.14,,,SGW-7708006,
2025-09-28T19:01:55Z,shp_00003365,9400100000000000003365,delivered,USPS,GroundAdvantage,9.49,0.00,9.49,,,SGW-7708015,
2025-09-28T19:07:01Z,shp_00003380,9400100000000000003380,delivered,USPS,GroundAdvantage,9.29,0.00,9.29,,,SGW-7708059,
2025-09-28T19:24:11Z,shp_00003316,9400100000000000003316,delivered,USPS,GroundAdvantage,3.62,0.00,3.62,,,112-6707895-4315796,
2025-09-28T19:28:22Z,shp_00003384,9400100000000000003384,in_transit,USPS,GroundAdvantage,3.78,0.00,3.78,,,114-5908065-3021161,
2025-09-28T19:33:03Z,shp_00003409,9400100000000000003409,delivered,USPS,GroundAdvantage,3.77,0.00,3.77,,,111-2008106-5702495,
2025-09-28T19:36:36Z,shp_00003337,9400100000000000003337,delivered,USPS,GroundAdvantage,5.81,0.00,5.81,,,114-1407922-9592657,
2025-09-28T20:00:12Z,shp_00003334,9400100000000000003334,delivered,USPS,GroundAdvantage,3.67,0.00,3.67,,,113-3307919-6391367,
2025-09-28T20:18:17Z,shp_00003375,9400100000000000003375,delivered,USPS,GroundAdvantage,5.95,0.00,5.95,,,SGW-7708042,
2025-09-28T20:24:57Z,shp_00003371,9400100000000000003371,delivered,USPS,GroundAdvantage,8.15,0.00,8.15,,,SGW-7708025,
2025-09-28T20:30:42Z,shp_00003362,9400100000000000003362,delivered,USPS,GroundAdvantage,6.09,0.00,6.09,,,SGW-7708010,
2025-09-29T13:01:02Z,shp_00003398,9400100000000000003398,delivered,USPS,GroundAdvantage,3.56,0.00,3.56,,,111-5808090-3429824,
2025-09-29T13:10:24Z,shp_00003412,9400100000000000003412,delivered,USPS,GroundAdvantage,5.21,0.00,5.21,,,21-08112-07171,
2025-09-29T13:13:29Z,shp_00003399,9400100000000000003399,in_transit,USPS,Priority,3.40,0.00,3.40,,,114-4608091-3305068,
2025-09-29T13:22:58Z,shp_00003465,9400100000000000003465,delivered,USPS,GroundAdvantage,10.71,0.00,10.71,,,19-08246-43202,
2025-09-29T13:42:55Z,shp_00003435,9400100000000000003435,delivered,USPS,GroundAdvantage,3.68,0.00,3.68,,,112-9108197-2152999,
2025-09-29T13:47:16Z,shp_00003461,9400100000000000003461,delivered,USPS,Priority,3.29,0.00,3.29,,,114-2608238-7213015,
2025-09-29T14:06:52Z,shp_00003401,9400100000000000003401,delivered,USPS,GroundAdvantage,3.33,0.00,3.33,,,111-3108094-7595009,
2025-09-29T14:08:38Z,shp_00003432,9400100000000000003432,delivered,USPS,GroundAdvantage,11.67,0.00,11.67,,,SGW-7708185,
2025-09-29T14:16:47Z,shp_00003393,9400100000000000003393,delivered,USPS,GroundAdvantage,3.81,0.00,3.81,,,114-1108084-3941851,
2025-09-29T14:34:27Z,shp_00003386,9400100000000000003386,delivered,USPS,Priority,5.72,0.00,5.72,,,113-0808068-5498922,
2025-09-29T14:49:00Z,shp_00003382,9400100000000000003382,delivered,USPS,Priority,3.75,0.00,3.75,,,112-1508063-1500780,
2025-09-29T14:51:19Z,shp_00003378,9400100000000000003378,in_transit,USPS,GroundAdvantage,13.59,0.00,13.59,,,SGW-7708052,
2025-09-29T14:59:09Z,shp_00003442,9400100000000000003442,delivered,USPS,GroundAdvantage,3.58,0.00,3.58,,,113-8908212-3437743,
2025-09-29T14:59:21Z,shp_00003467,9400100000000000003467,delivered,USPS,GroundAdvantage,3.40,0.00,3.40,,,10-08251-58483,
2025-09-29T15:22:36Z,shp_00003370,9400100000000000003370,delivered,USPS,GroundAdvantage,9.47,0.00,9.47,,,SGW-7708024,
2025-09-29T15:39:59Z,shp_00003428,9400100000000000003428,delivered,USPS,GroundAdvantage,8.82,0.00,8.82,,,SGW-7708174,
2025-09-29T15:46:58Z,shp_00003447,9400100000000000003447,delivered,USPS,Priority,3.81,0.00,3.81,,,113-2308217-9317005,
2025-09-29T16:03:29Z,shp_00003437,9400100000000000003437,delivered,USPS,Priority,3.36,0.00,3.36,,,112-6608202-0050633,
2025-09-29T16:04:25Z,shp_00003436,9400100000000000003436,delivered,USPS,GroundAdvantage,3.77,0.00,3.77,,,112-1108199-1511018,
2025-09-29T16:05:58Z,shp_00003359,9400100000000000003359,delivered,USPS,GroundAdvantage,6.84,0.00,6.84,,,SGW-7708001,
2025-09-29T16:16:18Z,shp_00003389,9400100000000000003389,in_transit,USPS,GroundAdvantage,3.34,0.00,3.34,,,113-6408076-2518551,
2025-09-29T16:21:02Z,shp_00003463,9400100000000000003463,delivered,USPS,GroundAdvantage,9.12,0.00,9.12,,,05-08244-16231,
2025-09-29T16:24:36Z,shp_00003468,9400100000000000003468,delivered,USPS,GroundAdvantage,4.78,0.00,4.78,,,13-08252-50583,
2025-09-29T16:38:53Z,shp_00003444,9400100000000000003444,delivered,USPS,GroundAdvantage,3.83,0.00,3.83,,,112-4508214-0693828,
2025-09-29T16:40:33Z,shp_00003416,9400100000000000003416,delivered,USPS,GroundAdvantage,9.71,0.00,9.71,,,SGW-7708148,
2025-09-29T16:43:24Z,shp_00003466,9400100000000000003466,delivered,USPS,GroundAdvantage,11.71,0.00,11.71,,,03-08247-62822,
2025-09-29T17:01:10Z,shp_00003307,9400100000000000003307,delivered,USPS,GroundAdvantage,9.14,0.00,9.14,,,SGW-7707877,
2025-09-29T17:07:31Z,shp_00003459,9400100000000000003459,delivered,USPS,GroundAdvantage,3.30,0.00,3.30,,,112-0308235-5694648,
2025-09-29T17:07:41Z,shp_00003357,9400100000000000003357,delivered,USPS,GroundAdvantage,10.12,0.00,10.12,,,SGW-7707995,
2025-09-29T17:10:16Z,shp_00003439,9400100000000000003439,in_transit,USPS,GroundAdvantage,3.33,0.00,3.33,,,112-3008206-8747003,
2025-09-29T17:15:44Z,shp_00003434,9400100000000000003434,delivered,USPS,Priority,3.78,0.00,3.78,,,112-8808195-0987251,
2025-09-29T17:15:59Z,shp_00003449,9400100000000000003449,delivered,USPS,Priority,3.28,0.00,3.28,,,114-5508220-3076245,
2025-09-29T17:20:49Z,shp_00003453,9400100000000000003453,delivered,USPS,GroundAdvantage,3.62,0.00,3.62,,,111-8608226-1923049,
2025-09-29T17:25:08Z,shp_00003473,9400100000000000003473,delivered,USPS,GroundAdvantage,5.35,0.00,5.35,,,16-08257-49055,
2025-09-29T17:27:37Z,shp_00003475,9400100000000000003475,delivered,USPS,Priority,6.08,0.00,6.08,,,m00000008262,
2025-09-29T17:36:50Z,shp_00003445,9400100000000000003445,delivered,USPS,GroundAdvantage,3.86,0.00,3.86,,,114-0008215-0164677,
2025-09-29T17:38:59Z,shp_00003369,9400100000000000003369,delivered,USPS,Priority,5.51,0.00,5.51,,,SGW-7708023,
2025-09-29T17:43:10Z,shp_00003474,9400100000000000003474,delivered,USPS,GroundAdvantage,5.65,0.00,5.65,,,16-08258-48120,
2025-09-29T17:43:37Z,shp_00003419,9400100000000000003419,in_transit,USPS,GroundAdvantage,5.97,0.00,5.97,,,SGW-7708157,
2025-09-29T17:44:42Z,shp_00003421,9400100000000000003421,unknown,USPS,GroundAdvantage,11.26,0.00,11.26,,refunded,SGW-7708161,
2025-09-29T17:59:12Z,shp_00003433,9400100000000000003433,delivered,USPS,GroundAdvantage,9.06,0.00,9.06,,,SGW-7708187,
2025-09-29T18:02:15Z,shp_00003450,9400100000000000003450,delivered,USPS,Priority,3.86,0.00,3.86,,,111-5208221-1350856,
2025-09-29T18:16:11Z,shp_00003353,9400100000000000003353,delivered,USPS,Priority,8.13,0.00,8.13,,,08-07971-52183,
2025-09-29T18:17:45Z,shp_00003342,9400100000000000003342,delivered,USPS,GroundAdvantage,5.34,0.00,5.34,,,114-1307932-1370184,
2025-09-29T18:28:21Z,shp_00003456,9400100000000000003456,delivered,USPS,GroundAdvantage,3.58,0.00,3.58,,,114-1308231-7784577,
2025-09-29T18:31:07Z,shp_00003429,9400100000000000003429,delivered,USPS,GroundAdvantage,10.33,0.00,10.33,,,SGW-7708176,
2025-09-29T18:39:33Z,shp_00003423,9400100000000000003423,delivered,USPS,GroundAdvantage,9.08,0.00,9.08,,,SGW-7708163,
2025-09-29T18:46:43Z,shp_00003448,9400100000000000003448,in_transit,USPS,GroundAdvantage,5.01,0.00,5.01,,,112-6308219-2505800,
2025-09-29T18:51:13Z,shp_00003410,9400100000000000003410,delivered,USPS,Priority,7.84,0.00,7.84,,,06-08109-39118,
2025-09-29T18:57:18Z,shp_00003454,9400100000000000003454,delivered,USPS,GroundAdvantage,5.69,0.00,5.69,,,111-3508227-8712975,
2025-09-29T19:01:26Z,shp_00003460,9400100000000000003460,delivered,USPS,GroundAdvantage,3.61,0.00,3.61,,,111-4708236-4027334,
2025-09-29T19:07:59Z,shp_00003446,9400100000000000003446,delivered,USPS,GroundAdvantage,3.83,0.00,3.83,,,114-9508216-4982047,
2025-09-29T19:10:19Z,shp_00003345,9400100000000000003345,delivered,USPS,GroundAdvantage,3.88,0.00,3.88,,,113-4707937-8197075,
2025-09-29T19:24:27Z,shp_00003451,9400100000000000003451,delivered,USPS,GroundAdvantage,3.54,0.00,3.54,,,111-9408222-2281913,
2025-09-29T19:27:26Z,shp_00003427,9400100000000000003427,delivered,USPS,GroundAdvantage,11.24,0.00,11.24,,,SGW-7708173,
2025-09-29T19:40:10Z,shp_00003464,9400100000000000003464,delivered,USPS,GroundAdvantage,5.98,0.00,5.98,,,26-08245-52338,
2025-09-29T19:56:27Z,shp_00003441,9400100000000000003441,in_transit,USPS,GroundAdvantage,3.47,0.00,3.47,,,111-5408210-1976572,
2025-09-29T19:58:45Z,shp_00003367,9400100000000000003367,unknown,USPS,GroundAdvantage,12.16,0.00,12.16,,refunded,SGW-7708017,
2025-09-29T20:05:21Z,shp_00003358,9400100000000000003358,delivered,USPS,Priority,14.90,0.00,14.90,,,SGW-7708000,
2025-09-29T20:07:24Z,shp_00003438,9400100000000000003438,delivered,USPS,GroundAdvantage,3.40,0.00,3.40,,,114-1908203-6642485,
2025-09-29T20:08:15Z,shp_00003471,9400100000000000003471,delivered,USPS,GroundAdvantage,6.27,0.00,6.27,,,19-08255-80221,
2025-09-29T20:14:20Z,shp_00003413,9400100000000000003413,delivered,USPS,Priority,7.95,0.00,7.95,,,02-08113-97978,
2025-09-29T20:15:07Z,shp_00003455,9400100000000000003455,delivered,USPS,Priority,3.42,0.00,3.42,,,112-7608229-1786534,
2025-09-29T20:33:11Z,shp_00003381,9400100000000000003381,delivered,USPS,GroundAdvantage,5.86,0.00,5.86,,,111-8308062-8771016,
2025-09-29T20:36:05Z,shp_00003417,9400100000000000003417,delivered,USPS,GroundAdvantage,19.30,0.00,19.30,,,SGW-7708150,
2025-09-29T20:44:09Z,shp_00003458,9400100000000000003458,in_transit,USPS,GroundAdvantage,3.58,0.00,3.58,,,114-9908233-1694636,
2025-09-29T20:49:09Z,shp_00003469,9400100000000000003469,delivered,USPS,Priority,4.31,0.00,4.31,,,10-08253-02725,
2025-09-29T20:50:15Z,shp_00003418,9400100000000000003418,delivered,USPS,GroundAdvantage,5.69,0.00,5.69,,,SGW-7708151,
2025-09-29T20:55:21Z,shp_00003303,9400100000000000003303,delivered,USPS,GroundAdvantage,14.49,0.00,14.49,,,SGW-7707864,
2025-09-29T20:57:44Z,shp_00003472,9400100000000000003472,delivered,USPS,GroundAdvantage,6.26,0.00,6.26,,,19-08256-68990,
2025-09-30T13:00:33Z,shp_00003510,9400100000000000003510,delivered,USPS,GroundAdvantage,3.57,0.00,3.57,,,113-7108350-8224019,
2025-09-30T13:02:37Z,shp_00003507,9400100000000000003507,delivered,USPS,GroundAdvantage,3.66,0.00,3.66,,,111-2908346-3974202,
2025-09-30T13:20:42Z,shp_00003505,9400100000000000003505,delivered,USPS,GroundAdvantage,5.74,0.00,5.74,,,111-9108341-2790931,
2025-09-30T13:58:23Z,shp_00003506,9400100000000000003506,delivered,USPS,Priority,5.67,0.00,5.67,,,114-5108342-6662101,
2025-09-30T14:09:17Z,shp_00003481,9400100000000000003481,in_transit,USPS,GroundAdvantage,7.63,0.00,7.63,,,SGW-7708287,
2025-09-30T14:17:15Z,shp_00003519,9400100000000000003519,delivered,USPS,GroundAdvantage,6.56,0.00,6.56,,,m00000008374,
2025-09-30T14:19:38Z,shp_00003503,9400100000000000003503,delivered,USPS,GroundAdvantage,3.31,0.00,3.31,,,111-9908333-1045325,
2025-09-30T14:21:10Z,shp_00003440,9400100000000000003440,delivered,USPS,Priority,3.78,0.00,3.78,,,113-6708208-4048844,
2025-09-30T14:21:35Z,shp_00003496,9400100000000000003496,delivered,USPS,GroundAdvantage,3.57,0.00,3.57,,,112-1508322-2015174,
2025-09-30T14:31:48Z,shp_00003486,9400100000000000003486,delivered,USPS,GroundAdvantage,10.11,0.00,10.11,,,SGW-7708302,
2025-09-30T14:46:42Z,shp_00003480,9400100000000000003480,unknown,USPS,GroundAdvantage,12.92,0.00,12.92,,refunded,SGW-7708282,
2025-09-30T14:57:36Z,shp_00003431,9400100000000000003431,delivered,USPS,Priority,10.86,0.00,10.86,,,SGW-7708183,
2025-09-30T15:03:36Z,shp_00003452,9400100000000000003452,delivered,USPS,GroundAdvantage,3.43,0.00,3.43,,,114-7708223-4114057,
2025-09-30T15:10:09Z,shp_00003509,9400100000000000003509,in_transit,USPS,GroundAdvantage,3.58,0.00,3.58,,,111-4708349-9915693,
2025-09-30T15:22:37Z,shp_00003512,9400100000000000003512,delivered,USPS,GroundAdvantage,7.60,0.00,7.60,,,23-08355-41344,
2025-09-30T15:26:15Z,shp_00003502,9400100000000000003502,delivered,USPS,GroundAdvantage,3.30,0.00,3.30,,,111-5008331-2437415,
2025-09-30T15:37:10Z,shp_00003488,9400100000000000003488,delivered,USPS,GroundAdvantage,6.59,0.00,6.59,,,SGW-7708305,
2025-09-30T15:38:36Z,shp_00003518,9400100000000000003518,delivered,USPS,GroundAdvantage,5.97,0.00,5.97,,,m00000008372,
2025-09-30T15:42:06Z,shp_00003415,9400100000000000003415,delivered,USPS,GroundAdvantage,7.58,0.00,7.58,,,SGW-7708147,
2025-09-30T16:02:15Z,shp_00003420,9400100000000000003420,delivered,USPS,GroundAdvantage,16.64,0.00,16.64,,,SGW-7708158,
2025-09-30T16:15:21Z,shp_00003508,9400100000000000003508,delivered,USPS,GroundAdvantage,3.64,0.00,3.64,,,111-7808347-4095299,
2025-09-30T16:16:41Z,shp_00003479,9400100000000000003479,delivered,USPS,GroundAdvantage,10.38,0.00,10.38,,,SGW-7708281,
2025-09-30T16:41:20Z,shp_00003487,9400100000000000003487,in_transit,USPS,GroundAdvantage,8.03,0.00,8.03,,,SGW-7708304,
2025-09-30T16:45:39Z,shp_00003515,9400100000000000003515,delivered,USPS,GroundAdvantage,6.79,0.00,6.79,,,06-08363-08781,
2025-09-30T16:48:54Z,shp_00003491,9400100000000000003491,delivered,USPS,GroundAdvantage,14.06,0.00,14.06,,,SGW-7708314,
2025-09-30T17:14:37Z,shp_00003499,9400100000000000003499,delivered,USPS,GroundAdvantage,5.74,0.00,5.74,,,113-4808328-8674438,
2025-09-30T17:27:55Z,shp_00003462,9400100000000000003462,delivered,USPS,GroundAdvantage,5.26,0.00,5.26,,,09-08240-67452,
2025-09-30T17:40:59Z,shp_00003495,9400100000000000003495,delivered,USPS,GroundAdvantage,3.33,0.00,3.33,,,113-2608321-2661463,
2025-09-30T18:05:12Z,shp_00003422,9400100000000000003422,delivered,USPS,GroundAdvantage,9.85,0.00,9.85,,,SGW-7708162,
2025-09-30T18:18:58Z,shp_00003400,9400100000000000003400,delivered,USPS,GroundAdvantage,3.82,0.00,3.82,,,111-6008093-6774842,
2025-09-30T18:29:57Z,shp_00003407,9400100000000000003407,delivered,USPS,GroundAdvantage,3.29,0.00,3.29,,,112-9508104-3576516,
2025-09-30T18:41:01Z,shp_00003443,9400100000000000003443,in_transit,USPS,GroundAdvantage,5.56,0.00,5.56,,,111-2108213-9511608,
2025-09-30T18:54:57Z,shp_00003476,9400100000000000003476,delivered,USPS,GroundAdvantage,7.96,0.00,7.96,,,SGW-7708276,
2025-09-30T18:56:27Z,shp_00003498,9400100000000000003498,delivered,USPS,GroundAdvantage,4.94,0.00,4.94,,,113-5408324-7408609,
2025-09-30T19:08:01Z,shp_00003493,9400100000000000003493,delivered,USPS,GroundAdvantage,7.63,0.00,7.63,,,SGW-7708319,
2025-09-30T19:17:46Z,shp_00003483,9400100000000000003483,delivered,USPS,GroundAdvantage,6.17,0.00,6.17,,,SGW-7708292,
2025-09-30T19:30:08Z,shp_00003511,9400100000000000003511,delivered,USPS,GroundAdvantage,4.35,0.00,4.35,,,14-08354-21048,
2025-09-30T19:59:04Z,shp_00003457,9400100000000000003457,delivered,USPS,GroundAdvantage,3.35,0.00,3.35,,,113-8908232-5275304,
2025-09-30T20:14:46Z,shp_00003482,9400100000000000003482,delivered,USPS,Priority,11.81,0.00,11.81,,,SGW-7708289,
2025-09-30T20:15:39Z,shp_00003430,9400100000000000003430,delivered,USPS,GroundAdvantage,15.28,0.00,15.28,,,SGW-7708177,
2025-09-30T20:18:31Z,shp_00003516,9400100000000000003516,in_transit,USPS,GroundAdvantage,6.49,0.00,6.49,,,24-08367-71946,
2025-09-30T20:22:04Z,shp_00003425,9400100000000000003425,delivered,USPS,GroundAdvantage,7.53,0.00,7.53,,,SGW-7708167,
2025-09-30T20:33:16Z,shp_00003424,9400100000000000003424,delivered,USPS,GroundAdvantage,8.22,0.00,8.22,,,SGW-7708166,
2025-09-30T20:36:07Z,shp_00003490,9400100000000000003490,delivered,USPS,GroundAdvantage,11.83,0.00,11.83,,,SGW-7708310,
2025-09-30T20:43:03Z,shp_00003514,9400100000000000003514,delivered,USPS,GroundAdvantage,7.86,0.00,7.86,,,01-08361-65573,
