created_at,id,status,source_type,target_type,charge_type,amount,balance,description,Tracking Number
2026-09-01T13:00:36Z,paylog_007550,complete,user,easypost_bank,service_fee,$5.58000,$1003.64000,,9400100000000000007454
2026-09-01T13:11:07Z,paylog_007551,complete,user,easypost_bank,service_fee,$3.79000,$999.85000,,9400100000000000007439
2026-09-01T13:19:37Z,paylog_007552,complete,user,easypost_bank,service_fee,$3.36000,$996.49000,,9400100000000000007434
2026-09-01T13:31:12Z,paylog_007553,complete,user,easypost_bank,service_fee,$7.38000,$989.11000,,9400100000000000007455
2026-09-01T13:33:10Z,paylog_007554,complete,user,easypost_bank,service_fee,$11.23000,$977.88000,,9400100000000000007407
2026-09-01T13:58:31Z,paylog_007555,complete,user,easypost_bank,service_fee,$5.34000,$972.54000,,9400100000000000007453
2026-09-01T14:03:36Z,paylog_007556,complete,user,easypost_bank,service_fee,$10.10000,$962.44000,,9400100000000000007422
2026-09-01T14:13:36Z,paylog_007557,complete,user,easypost_bank,service_fee,$3.54000,$958.90000,,9400100000000000007450
2026-09-01T14:17:41Z,paylog_007558,complete,user,easypost_bank,service_fee,$3.75000,$955.15000,,9400100000000000007443
2026-09-01T14:24:34Z,paylog_007559,complete,user,easypost_bank,service_fee,$5.20000,$949.95000,,9400100000000000007437
2026-09-01T14:24:41Z,paylog_007560,complete,user,easypost_bank,service_fee,$3.37000,$946.58000,,9400100000000000007374
2026-09-01T14:42:39Z,paylog_007561,complete,user,easypost_bank,service_fee,$14.71000,$931.87000,,9400100000000000007408
2026-09-01T14:52:03Z,paylog_007562,complete,user,easypost_bank,service_fee,$7.68000,$924.19000,,9400100000000000007280
2026-09-01T15:01:53Z,paylog_007563,complete,user,easypost_bank,service_fee,$3.88000,$920.31000,,9400100000000000007361
2026-09-01T15:03:14Z,paylog_007564,complete,user,easypost_bank,service_fee,$3.75000,$916.56000,,9400100000000000007388
2026-09-01T15:22:54Z,paylog_007565,complete,user,easypost_bank,service_fee,$14.99000,$901.57000,,9400100000000000007423
2026-09-01T15:23:02Z,paylog_007566,complete,user,easypost_bank,service_fee,$4.91000,$896.66000,,9400100000000000007456
2026-09-01T15:43:01Z,paylog_007567,complete,user,easypost_bank,service_fee,$10.11000,$886.55000,,9400100000000000007427
2026-09-01T15:44:58Z,paylog_007568,complete,user,easypost_bank,service_fee,$11.50000,$875.05000,,9400100000000000007409
2026-09-01T15:50:42Z,paylog_007569,complete,user,easypost_bank,service_fee,$3.43000,$871.62000,,9400100000000000007383
2026-09-01T15:59:04Z,paylog_007570,complete,user,easypost_bank,service_fee,$9.20000,$862.42000,,9400100000000000007430
2026-09-01T16:03:27Z,paylog_007571,complete,user,easypost_bank,service_fee,$8.18000,$854.24000,,9400100000000000007420
2026-09-01T16:03:41Z,paylog_007572,complete,user,easypost_bank,service_fee,$9.88000,$844.36000,,9400100000000000007412
2026-09-01T16:12:01Z,paylog_007573,complete,user,easypost_bank,service_fee,$3.78000,$840.58000,,9400100000000000007436
2026-09-01T16:18:18Z,paylog_007574,complete,user,easypost_bank,service_fee,$14.55000,$826.03000,,9400100000000000007418
2026-09-01T16:18:39Z,paylog_007575,complete,user,easypost_bank,service_fee,$6.13000,$819.90000,,9400100000000000007410
2026-09-01T16:20:49Z,paylog_007576,complete,user,easypost_bank,service_fee,$6.80000,$813.10000,,9400100000000000007425
2026-09-01T16:22:55Z,paylog_007577,complete,user,easypost_bank,service_fee,$3.37000,$809.73000,,9400100000000000007441
2026-09-01T17:26:03Z,paylog_007578,complete,user,easypost_bank,service_fee,$8.79000,$800.94000,,9400100000000000007405
2026-09-01T17:28:38Z,paylog_007579,complete,user,easypost_bank,service_fee,$7.25000,$793.69000,,9400100000000000007428
2026-09-01T17:43:50Z,paylog_007580,complete,user,easypost_bank,service_fee,$5.53000,$788.16000,,9400100000000000007337
2026-09-01T18:14:10Z,paylog_007581,complete,user,easypost_bank,service_fee,$3.84000,$784.32000,,9400100000000000007440
2026-09-01T18:19:08Z,paylog_007582,complete,user,easypost_bank,service_fee,$3.84000,$780.48000,,9400100000000000007452
2026-09-01T18:25:20Z,paylog_007583,complete,user,easypost_bank,service_fee,$14.87000,$765.61000,,9400100000000000007426
2026-09-01T18:42:48Z,paylog_007584,complete,user,easypost_bank,service_fee,$3.48000,$762.13000,,9400100000000000007431
2026-09-01T18:47:09Z,paylog_007585,complete,user,easypost_bank,service_fee,$3.37000,$758.76000,,9400100000000000007442
2026-09-01T18:47:49Z,paylog_007586,complete,user,easypost_bank,service_fee,$3.40000,$755.36000,,9400100000000000007433
2026-09-01T18:48:23Z,paylog_007587,complete,user,easypost_bank,service_fee,$5.99000,$749.37000,,9400100000000000007460
2026-09-01T18:59:15Z,paylog_007588,complete,user,easypost_bank,service_fee,$13.45000,$735.92000,,9400100000000000007419
2026-09-01T19:07:48Z,paylog_007589,complete,user,easypost_bank,service_fee,$3.30000,$732.62000,,9400100000000000007364
2026-09-01T19:07:58Z,paylog_007590,complete,user,easypost_bank,service_fee,$10.17000,$722.45000,,9400100000000000007406
2026-09-01T19:10:30Z,paylog_007591,complete,user,easypost_bank,service_fee,$4.96000,$717.49000,,9400100000000000007382
2026-09-01T19:16:54Z,paylog_007592,complete,user,easypost_bank,service_fee,$3.69000,$713.80000,,9400100000000000007365
2026-09-01T19:28:08Z,paylog_007593,complete,user,easypost_bank,service_fee,$10.20000,$703.60000,,9400100000000000007415
2026-09-01T19:30:52Z,paylog_007594,complete,user,easypost_bank,service_fee,$4.98000,$698.62000,,9400100000000000007445
2026-09-01T19:37:58Z,paylog_007595,complete,user,easypost_bank,service_fee,$6.10000,$692.52000,,9400100000000000007404
2026-09-01T19:45:47Z,paylog_007596,complete,user,easypost_bank,service_fee,$6.83000,$685.69000,,9400100000000000007458
2026-09-01T19:55:34Z,paylog_007597,complete,user,easypost_bank,service_fee,$8.79000,$676.90000,,9400100000000000007421
2026-09-01T20:09:42Z,paylog_007598,complete,user,easypost_bank,service_fee,$3.48000,$673.42000,,9400100000000000007393
2026-09-01T20:43:14Z,paylog_007599,complete,user,easypost_bank,service_fee,$5.11000,$668.31000,,9400100000000000007448
2026-09-01T20:45:25Z,paylog_007600,complete,user,easypost_bank,service_fee,$5.43000,$662.88000,,9400100000000000007451
2026-09-01T20:47:03Z,paylog_007601,complete,user,easypost_bank,service_fee,$6.58000,$656.30000,,9400100000000000007459
2026-09-01T20:50:02Z,paylog_007602,complete,user,easypost_bank,service_fee,$5.86000,$650.44000,,9400100000000000007446
2026-09-01T20:50:36Z,paylog_007603,complete,user,easypost_bank,service_fee,$3.64000,$646.80000,,9400100000000000007432
2026-09-02T13:05:37Z,paylog_007604,complete,user,easypost_bank,service_fee,$6.56000,$640.24000,,9400100000000000007471
2026-09-02T13:13:14Z,paylog_007605,complete,user,easypost_bank,service_fee,$7.82000,$632.42000,,9400100000000000007416
2026-09-02T13:17:23Z,paylog_007606,complete,user,easypost_bank,service_fee,$6.72000,$625.70000,,9400100000000000007517
2026-09-02T13:17:58Z,paylog_007607,complete,user,easypost_bank,service_fee,$3.86000,$621.84000,,9400100000000000007495
2026-09-02T13:29:54Z,paylog_007608,complete,user,easypost_bank,service_fee,$3.85000,$617.99000,,9400100000000000007509
2026-09-02T13:33:25Z,paylog_007609,complete,user,easypost_bank,service_fee,$10.09000,$607.90000,,9400100000000000007512
2026-09-02T13:34:49Z,paylog_007610,complete,user,easypost_bank,service_fee,$7.48000,$600.42000,,9400100000000000007477
2026-09-02T13:38:18Z,paylog_007611,complete,user,easypost_bank,service_fee,$3.56000,$596.86000,,9400100000000000007501
2026-09-02T13:53:53Z,paylog_007612,complete,user,easypost_bank,service_fee,$5.00000,$591.86000,,9400100000000000007483
2026-09-02T14:12:46Z,paylog_007613,complete,user,easypost_bank,service_fee,$10.87000,$580.99000,,9400100000000000007411
2026-09-02T14:22:36Z,paylog_007614,complete,user,easypost_bank,service_fee,$5.83000,$575.16000,,9400100000000000007516
2026-09-02T15:08:51Z,paylog_007615,complete,user,easypost_bank,service_fee,$22.41000,$552.75000,,9400100000000000007429
2026-09-02T15:10:53Z,paylog_007616,complete,user,easypost_bank,service_fee,$3.49000,$549.26000,,9400100000000000007499
2026-09-02T15:16:21Z,paylog_007617,complete,user,easypost_bank,service_fee,$8.09000,$541.17000,,9400100000000000007348
2026-09-02T15:21:32Z,paylog_007618,complete,user,easypost_bank,service_fee,$3.68000,$537.49000,,9400100000000000007438
2026-09-02T15:35:40Z,paylog_007619,complete,user,easypost_bank,service_fee,$10.32000,$527.17000,,9400100000000000007479
2026-09-02T15:44:42Z,paylog_007620,complete,user,easypost_bank,service_fee,$3.29000,$523.88000,,9400100000000000007486
2026-09-02T16:00:27Z,paylog_007621,complete,user,easypost_bank,service_fee,$3.63000,$520.25000,,9400100000000000007487
2026-09-02T16:01:54Z,paylog_007622,complete,user,easypost_bank,service_fee,$8.00000,$512.25000,,9400100000000000007467
2026-09-02T16:17:27Z,paylog_007623,complete,user,easypost_bank,service_fee,$7.65000,$504.60000,,9400100000000000007474
2026-09-02T16:17:54Z,paylog_007624,complete,user,easypost_bank,service_fee,$6.70000,$497.90000,,9400100000000000007414
2026-09-02T16:24:03Z,paylog_007625,complete,user,easypost_bank,service_fee,$5.23000,$492.67000,,9400100000000000007435
2026-09-02T16:28:05Z,paylog_007626,complete,user,easypost_bank,service_fee,$9.67000,$483.00000,,9400100000000000007413
2026-09-02T16:33:51Z,paylog_007627,complete,user,easypost_bank,service_fee,$3.63000,$479.37000,,9400100000000000007490
2026-09-02T16:43:58Z,paylog_007628,complete,user,easypost_bank,service_fee,$13.91000,$465.46000,,9400100000000000007478
2026-09-02T16:47:52Z,paylog_007629,complete,user,easypost_bank,service_fee,$5.23000,$460.23000,,9400100000000000007510
2026-09-02T17:01:47Z,paylog_007630,complete,user,easypost_bank,service_fee,$3.67000,$456.56000,,9400100000000000007502
2026-09-02T17:15:26Z,paylog_007631,complete,user,easypost_bank,service_fee,$6.82000,$449.74000,,9400100000000000007473
2026-09-02T17:19:06Z,paylog_007632,complete,user,easypost_bank,service_fee,$16.63000,$433.11000,,9400100000000000007424
2026-09-02T17:45:00Z,paylog_007633,complete,user,easypost_bank,service_fee,$3.58000,$429.53000,,9400100000000000007507
2026-09-02T18:04:45Z,paylog_007634,complete,user,easypost_bank,service_fee,$7.89000,$421.64000,,9400100000000000007465
2026-09-02T18:05:09Z,paylog_007635,complete,user,easypost_bank,service_fee,$3.32000,$418.32000,,9400100000000000007482
2026-09-02T18:07:25Z,paylog_007636,complete,user,easypost_bank,service_fee,$3.50000,$414.82000,,9400100000000000007505
2026-09-02T18:08:15Z,paylog_007637,complete,user,easypost_bank,service_fee,$16.36000,$398.46000,,9400100000000000007417
2026-09-02T18:08:29Z,paylog_007638,complete,user,easypost_bank,service_fee,$3.26000,$395.20000,,9400100000000000007513
2026-09-02T18:20:14Z,paylog_007639,complete,user,easypost_bank,service_fee,$5.09000,$390.11000,,9400100000000000007488
2026-09-02T18:25:17Z,paylog_007640,complete,user,easypost_bank,service_fee,$9.09000,$381.02000,,9400100000000000007475
2026-09-02T18:40:23Z,paylog_007641,complete,user,easypost_bank,service_fee,$5.79000,$375.23000,,9400100000000000007447
2026-09-02T19:07:49Z,paylog_007642,complete,user,easypost_bank,service_fee,$3.88000,$371.35000,,9400100000000000007493
2026-09-02T19:17:01Z,paylog_007643,complete,user,easypost_bank,service_fee,$3.53000,$367.82000,,9400100000000000007449
2026-09-02T19:22:19Z,paylog_007644,complete,user,easypost_bank,service_fee,$3.42000,$364.40000,,9400100000000000007491
2026-09-02T19:54:11Z,paylog_007645,complete,user,easypost_bank,service_fee,$5.16000,$359.24000,,9400100000000000007376
2026-09-02T19:54:53Z,paylog_007646,complete,user,easypost_bank,service_fee,$11.17000,$348.07000,,9400100000000000007514
2026-09-02T19:57:28Z,paylog_007647,complete,user,easypost_bank,service_fee,$12.74000,$335.33000,,9400100000000000007469
2026-09-02T19:59:46Z,paylog_007648,complete,user,easypost_bank,service_fee,$12.82000,$322.51000,,9400100000000000007466
2026-09-02T20:14:56Z,paylog_007649,complete,user,easypost_bank,service_fee,$5.14000,$317.37000,,9400100000000000007444
2026-09-02T20:25:00Z,paylog_007650,complete,user,easypost_bank,service_fee,$12.87000,$304.50000,,9400100000000000007457
2026-09-02T20:30:59Z,paylog_007651,creditable,bank_account,user,recharge,$1000.00000,$1304.50000,,
2026-09-02T20:31:59Z,paylog_007652,complete,user,easypost_bank,service_fee,$7.48000,$1297.02000,,9400100000000000007464
2026-09-02T20:34:30Z,paylog_007653,complete,user,easypost_bank,service_fee,$7.61000,$1289.41000,,9400100000000000007468
2026-09-02T20:44:43Z,paylog_007654,complete,user,easypost_bank,service_fee,$7.45000,$1281.96000,,9400100000000000007462
2026-09-02T20:48:19Z,paylog_007655,complete,user,easypost_bank,service_fee,$3.71000,$1278.25000,,9400100000000000007498
2026-09-02T22:00:00Z,paylog_007656,complete,refund,user,refund,$5.58000,$1283.83000,,9400100000000000007454
2026-09-03T13:07:07Z,paylog_007657,complete,user,easypost_bank,service_fee,$6.15000,$1277.68000,,9400100000000000007591
2026-09-03T13:12:19Z,paylog_007658,complete,user,easypost_bank,service_fee,$3.83000,$1273.85000,,9400100000000000007492
2026-09-03T13:13:59Z,paylog_007659,complete,user,easypost_bank,service_fee,$7.48000,$1266.37000,,9400100000000000007518
2026-09-03T13:25:37Z,paylog_007660,complete,user,easypost_bank,service_fee,$5.82000,$1260.55000,,9400100000000000007583
2026-09-03T13:31:32Z,paylog_007661,complete,user,easypost_bank,service_fee,$3.71000,$1256.84000,,9400100000000000007560
2026-09-03T13:40:03Z,paylog_007662,complete,user,easypost_bank,service_fee,$6.11000,$1250.73000,,9400100000000000007522
2026-09-03T13:49:54Z,paylog_007663,complete,user,easypost_bank,service_fee,$5.68000,$1245.05000,,9400100000000000007497
2026-09-03T13:56:03Z,paylog_007664,complete,user,easypost_bank,service_fee,$6.72000,$1238.33000,,9400100000000000007589
2026-09-03T13:56:36Z,paylog_007665,complete,user,easypost_bank,service_fee,$11.50000,$1226.83000,,9400100000000000007470
2026-09-03T13:58:49Z,paylog_007666,complete,user,easypost_bank,service_fee,$11.62000,$1215.21000,,9400100000000000007461
2026-09-03T13:59:07Z,paylog_007667,complete,user,easypost_bank,service_fee,$9.33000,$1205.88000,,9400100000000000007463
2026-09-03T14:02:26Z,paylog_007668,complete,user,easypost_bank,service_fee,$7.23000,$1198.65000,,9400100000000000007588
2026-09-03T14:05:26Z,paylog_007669,complete,user,easypost_bank,service_fee,$8.01000,$1190.64000,,9400100000000000007533
2026-09-03T14:10:37Z,paylog_007670,complete,user,easypost_bank,service_fee,$10.81000,$1179.83000,,9400100000000000007548
2026-09-03T14:16:03Z,paylog_007671,complete,user,easypost_bank,service_fee,$3.32000,$1176.51000,,9400100000000000007577
2026-09-03T14:21:03Z,paylog_007672,complete,user,easypost_bank,service_fee,$11.03000,$1165.48000,,9400100000000000007584
2026-09-03T14:22:02Z,paylog_007673,complete,user,easypost_bank,service_fee,$17.37000,$1148.11000,,9400100000000000007551
2026-09-03T14:28:44Z,paylog_007674,complete,user,easypost_bank,service_fee,$3.50000,$1144.61000,,9400100000000000007481
2026-09-03T14:30:02Z,paylog_007675,complete,user,easypost_bank,service_fee,$5.35000,$1139.26000,,9400100000000000007586
2026-09-03T14:42:22Z,paylog_007676,complete,user,easypost_bank,service_fee,$8.27000,$1130.99000,,9400100000000000007547
2026-09-03T15:03:42Z,paylog_007677,complete,user,easypost_bank,service_fee,$4.80000,$1126.19000,,9400100000000000007587
2026-09-03T15:08:29Z,paylog_007678,complete,user,easypost_bank,service_fee,$3.36000,$1122.83000,,9400100000000000007484
2026-09-03T15:25:55Z,paylog_007679,complete,user,easypost_bank,service_fee,$12.08000,$1110.75000,,9400100000000000007523
2026-09-03T15:26:41Z,paylog_007680,complete,user,easypost_bank,service_fee,$3.68000,$1107.07000,,9400100000000000007562
2026-09-03T15:38:42Z,paylog_007681,complete,user,easypost_bank,service_fee,$3.32000,$1103.75000,,9400100000000000007554
2026-09-03T15:47:52Z,paylog_007682,complete,user,easypost_bank,service_fee,$10.51000,$1093.24000,,9400100000000000007520
2026-09-03T15:48:04Z,paylog_007683,complete,user,easypost_bank,service_fee,$3.75000,$1089.49000,,9400100000000000007489
2026-09-03T15:56:33Z,paylog_007684,complete,user,easypost_bank,service_fee,$3.78000,$1085.71000,,9400100000000000007568
2026-09-03T16:01:32Z,paylog_007685,complete,user,easypost_bank,service_fee,$10.48000,$1075.23000,,9400100000000000007532
2026-09-03T16:06:19Z,paylog_007686,complete,user,easypost_bank,service_fee,$11.75000,$1063.48000,,9400100000000000007480
2026-09-03T16:35:56Z,paylog_007687,complete,user,easypost_bank,service_fee,$3.49000,$1059.99000,,9400100000000000007576
2026-09-03T16:41:02Z,paylog_007688,complete,user,easypost_bank,service_fee,$5.51000,$1054.48000,,9400100000000000007563
2026-09-03T16:45:26Z,paylog_007689,complete,user,easypost_bank,service_fee,$3.47000,$1051.01000,,9400100000000000007566
2026-09-03T16:53:10Z,paylog_007690,complete,user,easypost_bank,service_fee,$3.47000,$1047.54000,,9400100000000000007578
2026-09-03T16:54:13Z,paylog_007691,complete,user,easypost_bank,service_fee,$3.38000,$1044.16000,,9400100000000000007567
2026-09-03T16:58:47Z,paylog_007692,complete,user,easypost_bank,service_fee,$8.71000,$1035.45000,,9400100000000000007545
2026-09-03T17:04:54Z,paylog_007693,complete,user,easypost_bank,service_fee,$3.76000,$1031.69000,,9400100000000000007573
2026-09-03T17:09:06Z,paylog_007694,complete,user,easypost_bank,service_fee,$3.56000,$1028.13000,,9400100000000000007506
2026-09-03T17:09:34Z,paylog_007695,complete,user,easypost_bank,service_fee,$11.93000,$1016.20000,,9400100000000000007550
2026-09-03T17:14:15Z,paylog_007696,complete,user,easypost_bank,service_fee,$5.45000,$1010.75000,,9400100000000000007579
2026-09-03T17:25:41Z,paylog_007697,complete,user,easypost_bank,service_fee,$5.05000,$1005.70000,,9400100000000000007494
2026-09-03T17:25:47Z,paylog_007698,complete,user,easypost_bank,service_fee,$3.46000,$1002.24000,,9400100000000000007575
2026-09-03T17:31:51Z,paylog_007699,complete,user,easypost_bank,service_fee,$9.19000,$993.05000,,9400100000000000007540
2026-09-03T17:38:02Z,paylog_007700,complete,user,easypost_bank,service_fee,$3.73000,$989.32000,,9400100000000000007500
2026-09-03T17:57:51Z,paylog_007701,complete,user,easypost_bank,service_fee,$8.68000,$980.64000,,9400100000000000007511
2026-09-03T18:04:07Z,paylog_007702,complete,user,easypost_bank,service_fee,$5.68000,$974.96000,,9400100000000000007504
2026-09-03T18:10:50Z,paylog_007703,complete,user,easypost_bank,service_fee,$11.70000,$963.26000,,9400100000000000007525
2026-09-03T18:38:15Z,paylog_007704,complete,user,easypost_bank,service_fee,$5.47000,$957.79000,,9400100000000000007582
2026-09-03T18:49:07Z,paylog_007705,complete,user,easypost_bank,service_fee,$4.33000,$953.46000,,9400100000000000007580
2026-09-03T18:52:54Z,paylog_007706,complete,user,easypost_bank,service_fee,$3.74000,$949.72000,,9400100000000000007570
2026-09-03T18:54:58Z,paylog_007707,complete,user,easypost_bank,service_fee,$3.79000,$945.93000,,9400100000000000007503
2026-09-03T19:05:40Z,paylog_007708,complete,user,easypost_bank,service_fee,$3.47000,$942.46000,,9400100000000000007569
2026-09-03T19:43:12Z,paylog_007709,complete,user,easypost_bank,service_fee,$6.67000,$935.79000,,9400100000000000007515
2026-09-03T19:48:08Z,paylog_007710,complete,user,easypost_bank,service_fee,$3.88000,$931.91000,,9400100000000000007485
2026-09-03T19:59:22Z,paylog_007711,complete,user,easypost_bank,service_fee,$10.51000,$921.40000,,9400100000000000007544
2026-09-03T20:02:25Z,paylog_007712,complete,user,easypost_bank,service_fee,$6.38000,$915.02000,,9400100000000000007527
2026-09-03T20:09:20Z,paylog_007713,complete,user,easypost_bank,service_fee,$8.93000,$906.09000,,9400100000000000007541
2026-09-03T20:09:44Z,paylog_007714,complete,user,easypost_bank,service_fee,$5.55000,$900.54000,,9400100000000000007556
2026-09-03T20:10:26Z,paylog_007715,complete,user,easypost_bank,service_fee,$5.79000,$894.75000,,9400100000000000007555
2026-09-03T20:12:56Z,paylog_007716,complete,user,easypost_bank,service_fee,$3.87000,$890.88000,,9400100000000000007571
2026-09-03T20:13:57Z,paylog_007717,complete,user,easypost_bank,service_fee,$9.47000,$881.41000,,9400100000000000007537
2026-09-03T20:24:43Z,paylog_007718,complete,user,easypost_bank,service_fee,$3.56000,$877.85000,,9400100000000000007553
2026-09-03T20:45:40Z,paylog_007719,complete,user,easypost_bank,service_fee,$3.74000,$874.11000,,9400100000000000007574
2026-09-04T13:01:02Z,paylog_007720,complete,user,easypost_bank,service_fee,$6.39000,$867.72000,,9400100000000000007653
2026-09-04T13:03:43Z,paylog_007721,complete,user,easypost_bank,service_fee,$9.21000,$858.51000,,9400100000000000007534
2026-09-04T13:09:03Z,paylog_007722,complete,user,easypost_bank,service_fee,$10.54000,$847.97000,,9400100000000000007524
2026-09-04T13:10:52Z,paylog_007723,complete,user,easypost_bank,service_fee,$4.08000,$843.89000,,9400100000000000007647
2026-09-04T13:12:53Z,paylog_007724,complete,user,easypost_bank,service_fee,$3.33000,$840.56000,,9400100000000000007638
2026-09-04T13:30:41Z,paylog_007725,complete,user,easypost_bank,service_fee,$10.65000,$829.91000,,9400100000000000007594
2026-09-04T13:33:02Z,paylog_007726,complete,user,easypost_bank,service_fee,$3.51000,$826.40000,,9400100000000000007624
2026-09-04T13:37:54Z,paylog_007727,complete,user,easypost_bank,service_fee,$6.93000,$819.47000,,9400100000000000007528
2026-09-04T13:38:27Z,paylog_007728,complete,user,easypost_bank,service_fee,$14.74000,$804.73000,,9400100000000000007608
2026-09-04T13:43:21Z,paylog_007729,complete,user,easypost_bank,service_fee,$3.75000,$800.98000,,9400100000000000007640
2026-09-04T13:59:05Z,paylog_007730,complete,user,easypost_bank,service_fee,$5.27000,$795.71000,,9400100000000000007508
2026-09-04T13:59:50Z,paylog_007731,complete,user,easypost_bank,service_fee,$9.28000,$786.43000,,9400100000000000007610
2026-09-04T14:01:38Z,paylog_007732,complete,user,easypost_bank,service_fee,$11.39000,$775.04000,,9400100000000000007535
2026-09-04T14:03:42Z,paylog_007733,complete,user,easypost_bank,service_fee,$8.28000,$766.76000,,9400100000000000007552
2026-09-04T14:04:03Z,paylog_007734,complete,user,easypost_bank,service_fee,$6.20000,$760.56000,,9400100000000000007585
2026-09-04T14:15:59Z,paylog_007735,complete,user,easypost_bank,service_fee,$13.19000,$747.37000,,9400100000000000007616
2026-09-04T14:23:02Z,paylog_007736,complete,user,easypost_bank,service_fee,$3.44000,$743.93000,,9400100000000000007565
2026-09-04T14:29:28Z,paylog_007737,complete,user,easypost_bank,service_fee,$9.69000,$734.24000,,9400100000000000007602
2026-09-04T14:39:47Z,paylog_007738,complete,user,easypost_bank,service_fee,$9.51000,$724.73000,,9400100000000000007592
2026-09-04T14:40:13Z,paylog_007739,complete,user,easypost_bank,service_fee,$6.76000,$717.97000,,9400100000000000007519
2026-09-04T14:44:29Z,paylog_007740,complete,user,easypost_bank,service_fee,$14.83000,$703.14000,,9400100000000000007529
2026-09-04T14:47:19Z,paylog_007741,complete,user,easypost_bank,service_fee,$11.83000,$691.31000,,9400100000000000007526
2026-09-04T14:48:04Z,paylog_007742,complete,user,easypost_bank,service_fee,$6.66000,$684.65000,,9400100000000000007476
2026-09-04T14:49:30Z,paylog_007743,complete,user,easypost_bank,service_fee,$11.36000,$673.29000,,9400100000000000007607
2026-09-04T14:52:04Z,paylog_007744,complete,user,easypost_bank,service_fee,$5.61000,$667.68000,,9400100000000000007635
2026-09-04T14:52:31Z,paylog_007745,complete,user,easypost_bank,service_fee,$4.96000,$662.72000,,9400100000000000007621
2026-09-04T14:54:50Z,paylog_007746,complete,user,easypost_bank,service_fee,$4.97000,$657.75000,,9400100000000000007530
2026-09-04T14:55:38Z,paylog_007747,complete,user,easypost_bank,service_fee,$11.98000,$645.77000,,9400100000000000007542
2026-09-04T14:58:24Z,paylog_007748,complete,user,easypost_bank,service_fee,$6.16000,$639.61000,,9400100000000000007651
2026-09-04T14:58:34Z,paylog_007749,complete,user,easypost_bank,service_fee,$3.41000,$636.20000,,9400100000000000007642
2026-09-04T15:16:11Z,paylog_007750,complete,user,easypost_bank,service_fee,$5.69000,$630.51000,,9400100000000000007538
2026-09-04T15:22:03Z,paylog_007751,complete,user,easypost_bank,service_fee,$3.90000,$626.61000,,9400100000000000007629
2026-09-04T15:30:11Z,paylog_007752,complete,user,easypost_bank,service_fee,$6.21000,$620.40000,,9400100000000000007652
2026-09-04T15:30:15Z,paylog_007753,complete,user,easypost_bank,service_fee,$12.25000,$608.15000,,9400100000000000007521
2026-09-04T15:32:56Z,paylog_007754,complete,user,easypost_bank,service_fee,$3.71000,$604.44000,,9400100000000000007632
2026-09-04T15:33:45Z,paylog_007755,complete,user,easypost_bank,service_fee,$5.50000,$598.94000,,9400100000000000007561
2026-09-04T15:33:56Z,paylog_007756,complete,user,easypost_bank,service_fee,$3.32000,$595.62000,,9400100000000000007639
2026-09-04T15:42:36Z,paylog_007757,complete,user,easypost_bank,service_fee,$11.19000,$584.43000,,9400100000000000007615
2026-09-04T16:05:06Z,paylog_007758,complete,user,easypost_bank,service_fee,$3.45000,$580.98000,,9400100000000000007564
2026-09-04T16:26:23Z,paylog_007759,complete,user,easypost_bank,service_fee,$8.33000,$572.65000,,9400100000000000007614
2026-09-04T16:54:01Z,paylog_007760,complete,user,easypost_bank,service_fee,$5.00000,$567.65000,,9400100000000000007536
2026-09-04T17:24:31Z,paylog_007761,complete,user,easypost_bank,service_fee,$5.77000,$561.88000,,9400100000000000007557
2026-09-04T17:45:33Z,paylog_007762,complete,user,easypost_bank,service_fee,$6.60000,$555.28000,,9400100000000000007590
2026-09-04T17:49:40Z,paylog_007763,complete,user,easypost_bank,service_fee,$10.18000,$545.10000,,9400100000000000007611
2026-09-04T18:14:05Z,paylog_007764,complete,user,easypost_bank,service_fee,$9.79000,$535.31000,,9400100000000000007645
2026-09-04T18:22:38Z,paylog_007765,complete,user,easypost_bank,service_fee,$9.82000,$525.49000,,9400100000000000007596
2026-09-04T18:26:11Z,paylog_007766,complete,user,easypost_bank,service_fee,$3.76000,$521.73000,,9400100000000000007633
2026-09-04T18:32:29Z,paylog_007767,complete,user,easypost_bank,service_fee,$9.61000,$512.12000,,9400100000000000007539
2026-09-04T18:42:57Z,paylog_007768,complete,user,easypost_bank,service_fee,$3.51000,$508.61000,,9400100000000000007619
2026-09-04T18:52:20Z,paylog_007769,complete,user,easypost_bank,service_fee,$6.80000,$501.81000,,9400100000000000007604
2026-09-04T18:56:16Z,paylog_007770,complete,user,easypost_bank,service_fee,$14.02000,$487.79000,,9400100000000000007599
2026-09-04T18:58:36Z,paylog_007771,complete,user,easypost_bank,service_fee,$6.50000,$481.29000,,9400100000000000007601
2026-09-04T19:01:04Z,paylog_007772,complete,user,easypost_bank,service_fee,$5.20000,$476.09000,,9400100000000000007559
2026-09-04T19:05:53Z,paylog_007773,complete,user,easypost_bank,service_fee,$8.64000,$467.45000,,9400100000000000007472
2026-09-04T19:06:49Z,paylog_007774,complete,user,easypost_bank,service_fee,$3.52000,$463.93000,,9400100000000000007627
2026-09-04T19:14:52Z,paylog_007775,complete,user,easypost_bank,service_fee,$10.11000,$453.82000,,9400100000000000007581
2026-09-04T19:25:27Z,paylog_007776,complete,user,easypost_bank,service_fee,$3.32000,$450.50000,,9400100000000000007620
2026-09-04T19:36:30Z,paylog_007777,complete,user,easypost_bank,service_fee,$5.81000,$444.69000,,9400100000000000007546
2026-09-04T19:37:03Z,paylog_007778,complete,user,easypost_bank,service_fee,$5.42000,$439.27000,,9400100000000000007648
2026-09-04T19:42:55Z,paylog_007779,complete,user,easypost_bank,service_fee,$8.61000,$430.66000,,9400100000000000007531
2026-09-04T20:01:44Z,paylog_007780,complete,user,easypost_bank,service_fee,$5.26000,$425.40000,,9400100000000000007644
2026-09-04T20:10:15Z,paylog_007781,complete,user,easypost_bank,service_fee,$3.28000,$422.12000,,9400100000000000007617
2026-09-04T20:19:24Z,paylog_007782,complete,user,easypost_bank,service_fee,$16.69000,$405.43000,,9400100000000000007605
2026-09-04T20:22:24Z,paylog_007783,complete,user,easypost_bank,service_fee,$3.50000,$401.93000,,9400100000000000007496
2026-09-04T20:22:42Z,paylog_007784,complete,user,easypost_bank,service_fee,$3.31000,$398.62000,,9400100000000000007634
2026-09-04T20:28:26Z,paylog_007785,complete,user,easypost_bank,service_fee,$5.13000,$393.49000,,9400100000000000007636
2026-09-04T20:28:52Z,paylog_007786,complete,user,easypost_bank,service_fee,$9.40000,$384.09000,,9400100000000000007603
2026-09-04T20:30:14Z,paylog_007787,complete,user,easypost_bank,service_fee,$3.76000,$380.33000,,9400100000000000007572
2026-09-04T20:41:00Z,paylog_007788,complete,user,easypost_bank,service_fee,$3.53000,$376.80000,,9400100000000000007643
2026-09-04T20:41:47Z,paylog_007789,complete,user,easypost_bank,service_fee,$3.81000,$372.99000,,9400100000000000007628
2026-09-04T20:42:17Z,paylog_007790,complete,user,easypost_bank,service_fee,$13.67000,$359.32000,,9400100000000000007612
2026-09-04T20:43:20Z,paylog_007791,complete,user,easypost_bank,service_fee,$14.01000,$345.31000,,9400100000000000007597
2026-09-04T20:44:27Z,paylog_007792,complete,user,easypost_bank,service_fee,$6.45000,$338.86000,,9400100000000000007655
2026-09-04T20:46:45Z,paylog_007793,complete,user,easypost_bank,service_fee,$9.17000,$329.69000,,9400100000000000007606
2026-09-04T20:55:26Z,paylog_007794,complete,user,easypost_bank,service_fee,$3.62000,$326.07000,,9400100000000000007637
2026-09-05T13:01:22Z,paylog_007795,complete,user,easypost_bank,service_fee,$3.38000,$322.69000,,9400100000000000007685
2026-09-05T13:10:27Z,paylog_007796,complete,user,easypost_bank,service_fee,$12.35000,$310.34000,,9400100000000000007673
2026-09-05T13:15:31Z,paylog_007797,complete,user,easypost_bank,service_fee,$6.22000,$304.12000,,9400100000000000007665
2026-09-05T13:15:13Z,paylog_007798,complete,bank_account,user,recharge,$1000.00000,$1304.12000,,
2026-09-05T13:16:13Z,paylog_007799,complete,user,easypost_bank,service_fee,$8.75000,$1295.37000,,9400100000000000007646
2026-09-05T13:17:50Z,paylog_007800,complete,user,easypost_bank,service_fee,$3.78000,$1291.59000,,9400100000000000007558
2026-09-05T13:47:14Z,paylog_007801,complete,user,easypost_bank,service_fee,$11.91000,$1279.68000,,9400100000000000007598
2026-09-05T13:48:29Z,paylog_007802,complete,user,easypost_bank,service_fee,$10.20000,$1269.48000,,9400100000000000007677
2026-09-05T13:49:34Z,paylog_007803,complete,user,easypost_bank,service_fee,$3.63000,$1265.85000,,9400100000000000007690
2026-09-05T13:53:59Z,paylog_007804,complete,user,easypost_bank,service_fee,$3.59000,$1262.26000,,9400100000000000007695
2026-09-05T13:55:13Z,paylog_007805,complete,user,easypost_bank,service_fee,$7.24000,$1255.02000,,9400100000000000007659
2026-09-05T13:58:19Z,paylog_007806,complete,user,easypost_bank,service_fee,$5.88000,$1249.14000,,9400100000000000007654
2026-09-05T14:20:57Z,paylog_007807,complete,user,easypost_bank,service_fee,$5.84000,$1243.30000,,9400100000000000007725
2026-09-05T14:25:27Z,paylog_007808,complete,user,easypost_bank,service_fee,$3.91000,$1239.39000,,9400100000000000007712
2026-09-05T14:39:44Z,paylog_007809,complete,user,easypost_bank,service_fee,$3.71000,$1235.68000,,9400100000000000007626
2026-09-05T14:41:00Z,paylog_007810,complete,user,easypost_bank,service_fee,$8.97000,$1226.71000,,9400100000000000007549
2026-09-05T14:43:42Z,paylog_007811,complete,user,easypost_bank,service_fee,$3.54000,$1223.17000,,9400100000000000007692
2026-09-05T14:47:57Z,paylog_007812,complete,user,easypost_bank,service_fee,$10.64000,$1212.53000,,9400100000000000007613
2026-09-05T14:48:13Z,paylog_007813,complete,user,easypost_bank,service_fee,$3.75000,$1208.78000,,9400100000000000007707
2026-09-05T14:48:45Z,paylog_007814,complete,user,easypost_bank,service_fee,$9.36000,$1199.42000,,9400100000000000007719
2026-09-05T14:52:23Z,paylog_007815,complete,user,easypost_bank,service_fee,$3.28000,$1196.14000,,9400100000000000007696
2026-09-05T14:55:15Z,paylog_007816,complete,user,easypost_bank,service_fee,$5.84000,$1190.30000,,9400100000000000007722
2026-09-05T15:08:25Z,paylog_007817,complete,user,easypost_bank,service_fee,$3.41000,$1186.89000,,9400100000000000007686
2026-09-05T15:17:04Z,paylog_007818,complete,user,easypost_bank,service_fee,$6.31000,$1180.58000,,9400100000000000007729
2026-09-05T15:42:40Z,paylog_007819,complete,user,easypost_bank,service_fee,$4.95000,$1175.63000,,9400100000000000007630
2026-09-05T15:51:29Z,paylog_007820,complete,user,easypost_bank,service_fee,$3.32000,$1172.31000,,9400100000000000007622
2026-09-05T15:51:40Z,paylog_007821,complete,user,easypost_bank,service_fee,$3.43000,$1168.88000,,9400100000000000007684
2026-09-05T15:53:19Z,paylog_007822,complete,user,easypost_bank,service_fee,$3.63000,$1165.25000,,9400100000000000007699
2026-09-05T15:59:58Z,paylog_007823,complete,user,easypost_bank,service_fee,$13.29000,$1151.96000,,9400100000000000007666
2026-09-05T16:00:34Z,paylog_007824,complete,user,easypost_bank,service_fee,$11.05000,$1140.91000,,9400100000000000007669
2026-09-05T16:03:11Z,paylog_007825,complete,user,easypost_bank,service_fee,$5.19000,$1135.72000,,9400100000000000007716
2026-09-05T16:09:35Z,paylog_007826,complete,user,easypost_bank,service_fee,$5.37000,$1130.35000,,9400100000000000007726
2026-09-05T16:12:03Z,paylog_007827,complete,user,easypost_bank,service_fee,$11.57000,$1118.78000,,9400100000000000007609
2026-09-05T16:29:52Z,paylog_007828,complete,user,easypost_bank,service_fee,$3.67000,$1115.11000,,9400100000000000007697
2026-09-05T16:32:18Z,paylog_007829,complete,user,easypost_bank,service_fee,$12.30000,$1102.81000,,9400100000000000007679
2026-09-05T16:42:14Z,paylog_007830,complete,user,easypost_bank,service_fee,$3.67000,$1099.14000,,9400100000000000007713
2026-09-05T16:46:10Z,paylog_007831,complete,user,easypost_bank,service_fee,$12.03000,$1087.11000,,9400100000000000007593
2026-09-05T16:56:03Z,paylog_007832,complete,user,easypost_bank,service_fee,$12.30000,$1074.81000,,9400100000000000007668
2026-09-05T17:07:02Z,paylog_007833,complete,user,easypost_bank,service_fee,$10.68000,$1064.13000,,9400100000000000007672
2026-09-05T17:09:15Z,paylog_007834,complete,user,easypost_bank,service_fee,$3.66000,$1060.47000,,9400100000000000007711
2026-09-05T17:21:45Z,paylog_007835,complete,user,easypost_bank,service_fee,$10.20000,$1050.27000,,9400100000000000007717
2026-09-05T17:36:02Z,paylog_007836,complete,user,easypost_bank,service_fee,$7.18000,$1043.09000,,9400100000000000007678
2026-09-05T17:39:05Z,paylog_007837,complete,user,easypost_bank,service_fee,$3.90000,$1039.19000,,9400100000000000007623
2026-09-05T17:40:48Z,paylog_007838,complete,user,easypost_bank,service_fee,$6.94000,$1032.25000,,9400100000000000007649
2026-09-05T17:52:19Z,paylog_007839,complete,user,easypost_bank,service_fee,$6.02000,$1026.23000,,9400100000000000007600
2026-09-05T18:04:48Z,paylog_007840,complete,user,easypost_bank,service_fee,$3.61000,$1022.62000,,9400100000000000007691
2026-09-05T18:07:52Z,paylog_007841,complete,user,easypost_bank,service_fee,$3.81000,$1018.81000,,9400100000000000007618
2026-09-05T18:10:15Z,paylog_007842,complete,user,easypost_bank,service_fee,$8.53000,$1010.28000,,9400100000000000007681
2026-09-05T18:16:01Z,paylog_007843,complete,user,easypost_bank,service_fee,$3.52000,$1006.76000,,9400100000000000007694
2026-09-05T18:18:56Z,paylog_007844,complete,user,easypost_bank,service_fee,$3.43000,$1003.33000,,9400100000000000007693
2026-09-05T18:22:18Z,paylog_007845,complete,user,easypost_bank,service_fee,$5.72000,$997.61000,,9400100000000000007721
2026-09-05T18:28:16Z,paylog_007846,complete,user,easypost_bank,service_fee,$10.90000,$986.71000,,9400100000000000007667
2026-09-05T18:43:19Z,paylog_007847,complete,user,easypost_bank,service_fee,$8.39000,$978.32000,,9400100000000000007674
2026-09-05T18:44:44Z,paylog_007848,complete,user,easypost_bank,service_fee,$4.88000,$973.44000,,9400100000000000007656
2026-09-05T18:48:12Z,paylog_007849,complete,user,easypost_bank,service_fee,$11.57000,$961.87000,,9400100000000000007595
2026-09-05T18:48:25Z,paylog_007850,complete,user,easypost_bank,service_fee,$9.53000,$952.34000,,9400100000000000007670
2026-09-05T18:51:21Z,paylog_007851,complete,user,easypost_bank,service_fee,$3.45000,$948.89000,,9400100000000000007714
2026-09-05T18:51:59Z,paylog_007852,complete,user,easypost_bank,service_fee,$5.97000,$942.92000,,9400100000000000007730
2026-09-05T18:56:14Z,paylog_007853,complete,user,easypost_bank,service_fee,$10.25000,$932.67000,,9400100000000000007543
2026-09-05T19:03:47Z,paylog_007854,complete,user,easypost_bank,service_fee,$3.31000,$929.36000,,9400100000000000007625
2026-09-05T19:08:10Z,paylog_007855,complete,user,easypost_bank,service_fee,$3.66000,$925.70000,,9400100000000000007708
2026-09-05T19:09:39Z,paylog_007856,complete,user,easypost_bank,service_fee,$3.66000,$922.04000,,9400100000000000007701
2026-09-05T19:17:35Z,paylog_007857,complete,user,easypost_bank,service_fee,$3.34000,$918.70000,,9400100000000000007709
2026-09-05T19:20:41Z,paylog_007858,complete,user,easypost_bank,service_fee,$3.77000,$914.93000,,9400100000000000007718
2026-09-05T19:22:08Z,paylog_007859,complete,user,easypost_bank,service_fee,$11.07000,$903.86000,,9400100000000000007664
2026-09-05T19:28:44Z,paylog_007860,complete,user,easypost_bank,service_fee,$10.74000,$893.12000,,9400100000000000007658
2026-09-05T19:36:55Z,paylog_007861,complete,user,easypost_bank,service_fee,$3.58000,$889.54000,,9400100000000000007631
2026-09-05T20:05:43Z,paylog_007862,complete,user,easypost_bank,service_fee,$5.68000,$883.86000,,9400100000000000007705
2026-09-05T20:06:42Z,paylog_007863,complete,user,easypost_bank,service_fee,$6.63000,$877.23000,,9400100000000000007682
2026-09-05T20:11:34Z,paylog_007864,complete,user,easypost_bank,service_fee,$7.81000,$869.42000,,9400100000000000007676
2026-09-05T20:38:39Z,paylog_007865,complete,user,easypost_bank,service_fee,$3.86000,$865.56000,,9400100000000000007698
2026-09-05T20:39:37Z,paylog_007866,complete,user,easypost_bank,service_fee,$11.21000,$854.35000,,9400100000000000007657
2026-09-05T20:41:20Z,paylog_007867,complete,user,easypost_bank,service_fee,$6.75000,$847.60000,,9400100000000000007728
2026-09-05T20:46:37Z,paylog_007868,complete,user,easypost_bank,service_fee,$11.74000,$835.86000,,9400100000000000007650
2026-09-05T20:51:08Z,paylog_007869,complete,user,easypost_bank,service_fee,$7.05000,$828.81000,,9400100000000000007663
2026-09-05T20:57:07Z,paylog_007870,complete,user,easypost_bank,service_fee,$3.37000,$825.44000,,9400100000000000007715
2026-09-05T22:00:00Z,paylog_007871,complete,refund,user,refund,$14.74000,$840.18000,,9400100000000000007608
2026-09-06T13:06:10Z,paylog_007872,complete,user,easypost_bank,service_fee,$9.24000,$830.94000,,9400100000000000007750
2026-09-06T13:08:05Z,paylog_007873,complete,user,easypost_bank,service_fee,$9.95000,$820.99000,,9400100000000000007735
2026-09-06T13:10:14Z,paylog_007874,complete,user,easypost_bank,service_fee,$8.75000,$812.24000,,9400100000000000007744
2026-09-06T13:11:19Z,paylog_007875,complete,user,easypost_bank,service_fee,$5.38000,$806.86000,,9400100000000000007758
2026-09-06T13:19:43Z,paylog_007876,complete,user,easypost_bank,service_fee,$5.13000,$801.73000,,9400100000000000007782
2026-09-06T13:30:41Z,paylog_007877,complete,user,easypost_bank,service_fee,$6.53000,$795.20000,,9400100000000000007812
2026-09-06T13:32:35Z,paylog_007878,complete,user,easypost_bank,service_fee,$7.66000,$787.54000,,9400100000000000007671
2026-09-06T13:32:37Z,paylog_007879,complete,user,easypost_bank,service_fee,$8.47000,$779.07000,,9400100000000000007675
2026-09-06T13:55:08Z,paylog_007880,complete,user,easypost_bank,service_fee,$13.42000,$765.65000,,9400100000000000007756
2026-09-06T13:59:30Z,paylog_007881,complete,user,easypost_bank,service_fee,$5.24000,$760.41000,,9400100000000000007774
2026-09-06T14:00:34Z,paylog_007882,complete,user,easypost_bank,service_fee,$10.68000,$749.73000,,9400100000000000007751
2026-09-06T14:04:06Z,paylog_007883,complete,user,easypost_bank,service_fee,$3.64000,$746.09000,,9400100000000000007794
2026-09-06T14:06:46Z,paylog_007884,complete,user,easypost_bank,service_fee,$3.63000,$742.46000,,9400100000000000007762
2026-09-06T14:19:45Z,paylog_007885,complete,user,easypost_bank,service_fee,$9.84000,$732.62000,,9400100000000000007757
2026-09-06T14:21:26Z,paylog_007886,complete,user,easypost_bank,service_fee,$5.84000,$726.78000,,9400100000000000007816
2026-09-06T14:28:55Z,paylog_007887,complete,user,easypost_bank,service_fee,$3.30000,$723.48000,,9400100000000000007788
2026-09-06T14:32:52Z,paylog_007888,complete,user,easypost_bank,service_fee,$19.30000,$704.18000,,9400100000000000007660
2026-09-06T14:49:37Z,paylog_007889,complete,user,easypost_bank,service_fee,$7.04000,$697.14000,,9400100000000000007739
2026-09-06T14:52:35Z,paylog_007890,complete,user,easypost_bank,service_fee,$5.51000,$691.63000,,9400100000000000007779
2026-09-06T14:56:15Z,paylog_007891,complete,user,easypost_bank,service_fee,$4.91000,$686.72000,,9400100000000000007768
2026-09-06T15:04:25Z,paylog_007892,complete,user,easypost_bank,service_fee,$6.26000,$680.46000,,9400100000000000007747
2026-09-06T15:14:28Z,paylog_007893,complete,user,easypost_bank,service_fee,$3.82000,$676.64000,,9400100000000000007688
2026-09-06T15:20:43Z,paylog_007894,complete,user,easypost_bank,service_fee,$4.70000,$671.94000,,9400100000000000007723
2026-09-06T15:37:51Z,paylog_007895,complete,user,easypost_bank,service_fee,$11.28000,$660.66000,,9400100000000000007732
2026-09-06T15:53:10Z,paylog_007896,complete,user,easypost_bank,service_fee,$3.42000,$657.24000,,9400100000000000007710
2026-09-06T15:59:02Z,paylog_007897,complete,user,easypost_bank,service_fee,$11.64000,$645.60000,,9400100000000000007754
2026-09-06T16:03:06Z,paylog_007898,complete,user,easypost_bank,service_fee,$3.88000,$641.72000,,9400100000000000007793
2026-09-06T16:03:28Z,paylog_007899,complete,user,easypost_bank,service_fee,$3.81000,$637.91000,,9400100000000000007769
2026-09-06T16:26:17Z,paylog_007900,complete,user,easypost_bank,service_fee,$3.42000,$634.49000,,9400100000000000007780
2026-09-06T16:35:00Z,paylog_007901,complete,user,easypost_bank,service_fee,$8.42000,$626.07000,,9400100000000000007813
2026-09-06T16:39:24Z,paylog_007902,complete,user,easypost_bank,service_fee,$5.51000,$620.56000,,9400100000000000007689
2026-09-06T16:57:07Z,paylog_007903,complete,user,easypost_bank,service_fee,$3.63000,$616.93000,,9400100000000000007704
2026-09-06T17:16:04Z,paylog_007904,complete,user,easypost_bank,service_fee,$3.86000,$613.07000,,9400100000000000007790
2026-09-06T17:16:27Z,paylog_007905,complete,user,easypost_bank,service_fee,$6.70000,$606.37000,,9400100000000000007662
2026-09-06T17:23:31Z,paylog_007906,complete,user,easypost_bank,service_fee,$6.23000,$600.14000,,9400100000000000007810
2026-09-06T17:26:17Z,paylog_007907,complete,user,easypost_bank,service_fee,$3.88000,$596.26000,,9400100000000000007802
2026-09-06T17:26:29Z,paylog_007908,complete,user,easypost_bank,service_fee,$3.78000,$592.48000,,9400100000000000007771
2026-09-06T17:29:29Z,paylog_007909,complete,user,easypost_bank,service_fee,$3.80000,$588.68000,,9400100000000000007687
2026-09-06T17:41:16Z,paylog_007910,complete,user,easypost_bank,service_fee,$3.38000,$585.30000,,9400100000000000007641
2026-09-06T17:51:08Z,paylog_007911,complete,user,easypost_bank,service_fee,$9.56000,$575.74000,,9400100000000000007733
2026-09-06T17:57:07Z,paylog_007912,complete,user,easypost_bank,service_fee,$3.79000,$571.95000,,9400100000000000007700
2026-09-06T17:57:24Z,paylog_007913,complete,user,easypost_bank,service_fee,$8.63000,$563.32000,,9400100000000000007745
2026-09-06T17:59:46Z,paylog_007914,complete,user,easypost_bank,service_fee,$8.83000,$554.49000,,9400100000000000007805
2026-09-06T18:00:48Z,paylog_007915,complete,user,easypost_bank,service_fee,$10.26000,$544.23000,,9400100000000000007661
2026-09-06T18:01:30Z,paylog_007916,complete,user,easypost_bank,service_fee,$10.65000,$533.58000,,9400100000000000007724
2026-09-06T18:06:38Z,paylog_007917,complete,user,easypost_bank,service_fee,$7.26000,$526.32000,,9400100000000000007761
2026-09-06T18:06:40Z,paylog_007918,complete,user,easypost_bank,service_fee,$6.06000,$520.26000,,9400100000000000007821
2026-09-06T18:08:33Z,paylog_007919,complete,user,easypost_bank,service_fee,$3.53000,$516.73000,,9400100000000000007784
2026-09-06T18:13:10Z,paylog_007920,complete,user,easypost_bank,service_fee,$3.35000,$513.38000,,9400100000000000007773
2026-09-06T18:13:55Z,paylog_007921,complete,user,easypost_bank,service_fee,$11.95000,$501.43000,,9400100000000000007737
2026-09-06T18:30:59Z,paylog_007922,complete,user,easypost_bank,service_fee,$3.49000,$497.94000,,9400100000000000007797
2026-09-06T18:53:41Z,paylog_007923,complete,user,easypost_bank,service_fee,$5.16000,$492.78000,,9400100000000000007815
2026-09-06T18:57:51Z,paylog_007924,complete,user,easypost_bank,service_fee,$5.10000,$487.68000,,9400100000000000007775
2026-09-06T18:58:14Z,paylog_007925,complete,user,easypost_bank,service_fee,$7.01000,$480.67000,,9400100000000000007746
2026-09-06T19:01:24Z,paylog_007926,complete,user,easypost_bank,service_fee,$7.51000,$473.16000,,9400100000000000007760
2026-09-06T19:08:20Z,paylog_007927,complete,user,easypost_bank,service_fee,$3.42000,$469.74000,,9400100000000000007799
2026-09-06T19:11:16Z,paylog_007928,complete,user,easypost_bank,service_fee,$3.38000,$466.36000,,9400100000000000007795
2026-09-06T19:21:21Z,paylog_007929,complete,user,easypost_bank,service_fee,$10.15000,$456.21000,,9400100000000000007683
2026-09-06T19:28:37Z,paylog_007930,complete,user,easypost_bank,service_fee,$3.82000,$452.39000,,9400100000000000007763
2026-09-06T19:33:52Z,paylog_007931,complete,user,easypost_bank,service_fee,$12.27000,$440.12000,,9400100000000000007740
2026-09-06T19:38:17Z,paylog_007932,complete,user,easypost_bank,service_fee,$9.93000,$430.19000,,9400100000000000007749
2026-09-06T19:59:51Z,paylog_007933,complete,user,easypost_bank,service_fee,$3.66000,$426.53000,,9400100000000000007785
2026-09-06T20:00:29Z,paylog_007934,complete,user,easypost_bank,service_fee,$4.45000,$422.08000,,9400100000000000007720
2026-09-06T20:05:09Z,paylog_007935,complete,user,easypost_bank,service_fee,$5.43000,$416.65000,,9400100000000000007772
2026-09-06T20:05:54Z,paylog_007936,complete,user,easypost_bank,service_fee,$10.26000,$406.39000,,9400100000000000007734
2026-09-06T20:10:44Z,paylog_007937,complete,user,easypost_bank,service_fee,$3.89000,$402.50000,,9400100000000000007787
2026-09-06T20:20:35Z,paylog_007938,complete,user,easypost_bank,service_fee,$5.57000,$396.93000,,9400100000000000007755
2026-09-06T20:21:01Z,paylog_007939,complete,user,easypost_bank,service_fee,$4.47000,$392.46000,,9400100000000000007808
2026-09-06T20:44:17Z,paylog_007940,complete,user,easypost_bank,service_fee,$6.13000,$386.33000,,9400100000000000007814
2026-09-06T20:45:21Z,paylog_007941,complete,user,easypost_bank,service_fee,$6.94000,$379.39000,,9400100000000000007727
2026-09-06T20:48:39Z,paylog_007942,complete,user,easypost_bank,service_fee,$3.37000,$376.02000,,9400100000000000007770
2026-09-06T20:52:04Z,paylog_007943,complete,user,easypost_bank,service_fee,$5.70000,$370.32000,,9400100000000000007759
2026-09-06T20:58:12Z,paylog_007944,complete,user,easypost_bank,service_fee,$3.61000,$366.71000,,9400100000000000007706
2026-09-07T13:09:09Z,paylog_007945,complete,user,easypost_bank,service_fee,$3.74000,$362.97000,,9400100000000000007765
2026-09-07T13:25:44Z,paylog_007946,complete,user,easypost_bank,service_fee,$12.46000,$350.51000,,9400100000000000007738
2026-09-07T13:43:21Z,paylog_007947,complete,user,easypost_bank,service_fee,$9.91000,$340.60000,,9400100000000000007828
2026-09-07T13:47:28Z,paylog_007948,complete,user,easypost_bank,service_fee,$5.02000,$335.58000,,9400100000000000007803
2026-09-07T13:47:48Z,paylog_007949,complete,user,easypost_bank,service_fee,$6.23000,$329.35000,,9400100000000000007880
2026-09-07T13:48:56Z,paylog_007950,complete,user,easypost_bank,service_fee,$5.80000,$323.55000,,9400100000000000007819
2026-09-07T13:52:18Z,paylog_007951,complete,user,easypost_bank,service_fee,$3.51000,$320.04000,,9400100000000000007766
2026-09-07T13:54:20Z,paylog_007952,complete,user,easypost_bank,service_fee,$16.17000,$303.87000,,9400100000000000007844
2026-09-07T13:56:15Z,paylog_007953,complete,bank_account,user,recharge,$1000.00000,$1303.87000,,
2026-09-07T13:57:15Z,paylog_007954,complete,user,easypost_bank,service_fee,$5.33000,$1298.54000,,9400100000000000007777
2026-09-07T14:15:09Z,paylog_007955,complete,user,easypost_bank,service_fee,$11.37000,$1287.17000,,9400100000000000007831
2026-09-07T14:19:36Z,paylog_007956,complete,user,easypost_bank,service_fee,$3.43000,$1283.74000,,9400100000000000007874
2026-09-07T14:21:11Z,paylog_007957,complete,user,easypost_bank,service_fee,$3.39000,$1280.35000,,9400100000000000007781
2026-09-07T14:34:45Z,paylog_007958,complete,user,easypost_bank,service_fee,$3.41000,$1276.94000,,9400100000000000007776
2026-09-07T14:50:53Z,paylog_007959,complete,user,easypost_bank,service_fee,$4.45000,$1272.49000,,9400100000000000007877
2026-09-07T14:56:51Z,paylog_007960,complete,user,easypost_bank,service_fee,$9.58000,$1262.91000,,9400100000000000007837
2026-09-07T15:04:03Z,paylog_007961,complete,user,easypost_bank,service_fee,$5.04000,$1257.87000,,9400100000000000007870
2026-09-07T15:05:51Z,paylog_007962,complete,user,easypost_bank,service_fee,$5.35000,$1252.52000,,9400100000000000007855
2026-09-07T15:12:54Z,paylog_007963,complete,user,easypost_bank,service_fee,$3.50000,$1249.02000,,9400100000000000007791
2026-09-07T15:24:01Z,paylog_007964,complete,user,easypost_bank,service_fee,$9.17000,$1239.85000,,9400100000000000007841
2026-09-07T15:25:27Z,paylog_007965,complete,user,easypost_bank,service_fee,$3.46000,$1236.39000,,9400100000000000007859
2026-09-07T15:26:23Z,paylog_007966,complete,user,easypost_bank,service_fee,$7.38000,$1229.01000,,9400100000000000007875
2026-09-07T15:27:44Z,paylog_007967,complete,user,easypost_bank,service_fee,$5.15000,$1223.86000,,9400100000000000007792
2026-09-07T15:31:27Z,paylog_007968,complete,user,easypost_bank,service_fee,$7.51000,$1216.35000,,9400100000000000007830
2026-09-07T15:46:32Z,paylog_007969,complete,user,easypost_bank,service_fee,$7.88000,$1208.47000,,9400100000000000007817
2026-09-07T15:46:53Z,paylog_007970,complete,user,easypost_bank,service_fee,$6.24000,$1202.23000,,9400100000000000007742
2026-09-07T15:52:10Z,paylog_007971,complete,user,easypost_bank,service_fee,$3.32000,$1198.91000,,9400100000000000007867
2026-09-07T15:56:17Z,paylog_007972,complete,user,easypost_bank,service_fee,$8.07000,$1190.84000,,9400100000000000007843
2026-09-07T16:09:07Z,paylog_007973,complete,user,easypost_bank,service_fee,$8.71000,$1182.13000,,9400100000000000007850
2026-09-07T16:10:50Z,paylog_007974,complete,user,easypost_bank,service_fee,$9.12000,$1173.01000,,9400100000000000007825
2026-09-07T16:19:37Z,paylog_007975,complete,user,easypost_bank,service_fee,$3.76000,$1169.25000,,9400100000000000007786
2026-09-07T16:27:18Z,paylog_007976,complete,user,easypost_bank,service_fee,$3.84000,$1165.41000,,9400100000000000007858
2026-09-07T16:38:33Z,paylog_007977,complete,user,easypost_bank,service_fee,$10.35000,$1155.06000,,9400100000000000007741
2026-09-07T16:42:24Z,paylog_007978,complete,user,easypost_bank,service_fee,$7.45000,$1147.61000,,9400100000000000007834
2026-09-07T16:44:50Z,paylog_007979,complete,user,easypost_bank,service_fee,$3.81000,$1143.80000,,9400100000000000007702
2026-09-07T16:52:46Z,paylog_007980,complete,user,easypost_bank,service_fee,$8.49000,$1135.31000,,9400100000000000007879
2026-09-07T16:56:47Z,paylog_007981,complete,user,easypost_bank,service_fee,$9.90000,$1125.41000,,9400100000000000007743
2026-09-07T16:57:49Z,paylog_007982,complete,user,easypost_bank,service_fee,$5.83000,$1119.58000,,9400100000000000007753
2026-09-07T17:04:02Z,paylog_007983,complete,user,easypost_bank,service_fee,$9.52000,$1110.06000,,9400100000000000007818
2026-09-07T17:04:05Z,paylog_007984,complete,user,easypost_bank,service_fee,$8.89000,$1101.17000,,9400100000000000007838
2026-09-07T17:04:12Z,paylog_007985,complete,user,easypost_bank,service_fee,$3.32000,$1097.85000,,9400100000000000007853
2026-09-07T17:15:06Z,paylog_007986,complete,user,easypost_bank,service_fee,$11.97000,$1085.88000,,9400100000000000007731
2026-09-07T17:18:33Z,paylog_007987,complete,user,easypost_bank,service_fee,$3.39000,$1082.49000,,9400100000000000007865
2026-09-07T17:23:42Z,paylog_007988,complete,user,easypost_bank,service_fee,$5.01000,$1077.48000,,9400100000000000007851
2026-09-07T17:25:59Z,paylog_007989,complete,user,easypost_bank,service_fee,$3.73000,$1073.75000,,9400100000000000007789
2026-09-07T17:31:02Z,paylog_007990,complete,user,easypost_bank,service_fee,$9.91000,$1063.84000,,9400100000000000007833
2026-09-07T17:36:02Z,paylog_007991,complete,user,easypost_bank,service_fee,$7.16000,$1056.68000,,9400100000000000007826
2026-09-07T17:39:00Z,paylog_007992,complete,user,easypost_bank,service_fee,$11.56000,$1045.12000,,9400100000000000007840
2026-09-07T17:41:24Z,paylog_007993,complete,user,easypost_bank,service_fee,$11.38000,$1033.74000,,9400100000000000007845
2026-09-07T17:43:50Z,paylog_007994,complete,user,easypost_bank,service_fee,$11.09000,$1022.65000,,9400100000000000007829
2026-09-07T17:59:02Z,paylog_007995,complete,user,easypost_bank,service_fee,$6.09000,$1016.56000,,9400100000000000007822
2026-09-07T17:59:51Z,paylog_007996,complete,user,easypost_bank,service_fee,$5.54000,$1011.02000,,9400100000000000007778
2026-09-07T18:02:30Z,paylog_007997,complete,user,easypost_bank,service_fee,$4.92000,$1006.10000,,9400100000000000007878
2026-09-07T18:08:37Z,paylog_007998,complete,user,easypost_bank,service_fee,$5.62000,$1000.48000,,9400100000000000007854
2026-09-07T18:23:40Z,paylog_007999,complete,user,easypost_bank,service_fee,$7.31000,$993.17000,,9400100000000000007835
2026-09-07T18:26:12Z,paylog_008000,complete,user,easypost_bank,service_fee,$6.29000,$986.88000,,9400100000000000007820
2026-09-07T18:34:53Z,paylog_008001,complete,user,easypost_bank,service_fee,$3.80000,$983.08000,,9400100000000000007863
2026-09-07T18:34:59Z,paylog_008002,complete,user,easypost_bank,service_fee,$6.64000,$976.44000,,9400100000000000007736
2026-09-07T18:36:32Z,paylog_008003,complete,user,easypost_bank,service_fee,$3.35000,$973.09000,,9400100000000000007703
2026-09-07T18:41:09Z,paylog_008004,complete,user,easypost_bank,service_fee,$3.29000,$969.80000,,9400100000000000007868
2026-09-07T18:53:39Z,paylog_008005,complete,user,easypost_bank,service_fee,$10.60000,$959.20000,,9400100000000000007804
2026-09-07T19:01:38Z,paylog_008006,complete,user,easypost_bank,service_fee,$5.46000,$953.74000,,9400100000000000007866
2026-09-07T19:03:00Z,paylog_008007,complete,user,easypost_bank,service_fee,$3.45000,$950.29000,,9400100000000000007764
2026-09-07T19:07:28Z,paylog_008008,complete,user,easypost_bank,service_fee,$6.53000,$943.76000,,9400100000000000007885
2026-09-07T19:13:13Z,paylog_008009,complete,user,easypost_bank,service_fee,$3.28000,$940.48000,,9400100000000000007860
2026-09-07T19:28:08Z,paylog_008010,complete,user,easypost_bank,service_fee,$15.13000,$925.35000,,9400100000000000007827
2026-09-07T19:30:51Z,paylog_008011,complete,user,easypost_bank,service_fee,$6.67000,$918.68000,,9400100000000000007823
2026-09-07T19:54:59Z,paylog_008012,complete,user,easypost_bank,service_fee,$3.51000,$915.17000,,9400100000000000007796
2026-09-07T19:57:52Z,paylog_008013,complete,user,easypost_bank,service_fee,$13.11000,$902.06000,,9400100000000000007832
2026-09-07T20:00:29Z,paylog_008014,complete,user,easypost_bank,service_fee,$5.54000,$896.52000,,9400100000000000007871
2026-09-07T20:02:25Z,paylog_008015,complete,user,easypost_bank,service_fee,$7.13000,$889.39000,,9400100000000000007806
2026-09-07T20:06:09Z,paylog_008016,complete,user,easypost_bank,service_fee,$3.54000,$885.85000,,9400100000000000007881
2026-09-07T20:09:47Z,paylog_008017,complete,user,easypost_bank,service_fee,$7.17000,$878.68000,,9400100000000000007876
2026-09-07T20:09:48Z,paylog_008018,complete,user,easypost_bank,service_fee,$12.12000,$866.56000,,9400100000000000007748
2026-09-07T20:11:33Z,paylog_008019,complete,user,easypost_bank,service_fee,$8.87000,$857.69000,,9400100000000000007680
2026-09-07T20:12:12Z,paylog_008020,complete,user,easypost_bank,service_fee,$3.41000,$854.28000,,9400100000000000007798
2026-09-07T20:13:35Z,paylog_008021,complete,user,easypost_bank,service_fee,$5.83000,$848.45000,,9400100000000000007884
2026-09-07T20:26:45Z,paylog_008022,complete,user,easypost_bank,service_fee,$3.64000,$844.81000,,9400100000000000007872
2026-09-07T20:38:24Z,paylog_008023,complete,user,easypost_bank,service_fee,$3.80000,$841.01000,,9400100000000000007862
2026-09-07T20:40:07Z,paylog_008024,complete,user,easypost_bank,service_fee,$3.73000,$837.28000,,9400100000000000007861
2026-09-07T22:00:00Z,paylog_008025,complete,refund,user,refund,$8.47000,$845.75000,,9400100000000000007675
2026-09-07T22:00:00Z,paylog_008026,complete,refund,user,refund,$3.86000,$849.61000,,9400100000000000007790
2026-09-08T13:07:26Z,paylog_008027,complete,user,easypost_bank,service_fee,$3.86000,$845.75000,,9400100000000000007937
2026-09-08T13:07:33Z,paylog_008028,complete,user,easypost_bank,service_fee,$3.55000,$842.20000,,9400100000000000007913
2026-09-08T13:08:27Z,paylog_008029,complete,user,easypost_bank,service_fee,$3.88000,$838.32000,,9400100000000000007916
2026-09-08T13:13:10Z,paylog_008030,complete,user,easypost_bank,service_fee,$3.39000,$834.93000,,9400100000000000007936
2026-09-08T13:23:47Z,paylog_008031,complete,user,easypost_bank,service_fee,$4.48000,$830.45000,,9400100000000000007945
2026-09-08T13:38:26Z,paylog_008032,complete,user,easypost_bank,service_fee,$10.35000,$820.10000,,9400100000000000007903
2026-09-08T13:46:46Z,paylog_008033,complete,user,easypost_bank,service_fee,$13.99000,$806.11000,,9400100000000000007904
2026-09-08T13:48:55Z,paylog_008034,complete,user,easypost_bank,service_fee,$7.54000,$798.57000,,9400100000000000007849
2026-09-08T14:04:54Z,paylog_008035,complete,user,easypost_bank,service_fee,$3.63000,$794.94000,,9400100000000000007914
2026-09-08T14:33:40Z,paylog_008036,complete,user,easypost_bank,service_fee,$13.59000,$781.35000,,9400100000000000007906
2026-09-08T14:35:47Z,paylog_008037,complete,user,easypost_bank,service_fee,$12.44000,$768.91000,,9400100000000000007901
2026-09-08T14:38:07Z,paylog_008038,complete,user,easypost_bank,service_fee,$3.55000,$765.36000,,9400100000000000007783
2026-09-08T14:47:10Z,paylog_008039,complete,user,easypost_bank,service_fee,$6.03000,$759.33000,,9400100000000000007894
2026-09-08T14:50:06Z,paylog_008040,complete,user,easypost_bank,service_fee,$8.81000,$750.52000,,9400100000000000007946
2026-09-08T14:56:34Z,paylog_008041,complete,user,easypost_bank,service_fee,$9.98000,$740.54000,,9400100000000000007895
2026-09-08T15:03:37Z,paylog_008042,complete,user,easypost_bank,service_fee,$3.32000,$737.22000,,9400100000000000007800
2026-09-08T15:10:52Z,paylog_008043,complete,user,easypost_bank,service_fee,$3.34000,$733.88000,,9400100000000000007857
2026-09-08T15:15:21Z,paylog_008044,complete,user,easypost_bank,service_fee,$9.42000,$724.46000,,9400100000000000007948
2026-09-08T15:18:34Z,paylog_008045,complete,user,easypost_bank,service_fee,$4.01000,$720.45000,,9400100000000000007947
2026-09-08T15:43:16Z,paylog_008046,complete,user,easypost_bank,service_fee,$5.99000,$714.46000,,9400100000000000007824
2026-09-08T15:46:41Z,paylog_008047,complete,user,easypost_bank,service_fee,$3.42000,$711.04000,,9400100000000000007929
2026-09-08T15:59:47Z,paylog_008048,complete,user,easypost_bank,service_fee,$5.03000,$706.01000,,9400100000000000007873
2026-09-08T16:02:12Z,paylog_008049,complete,user,easypost_bank,service_fee,$13.91000,$692.10000,,9400100000000000007839
2026-09-08T16:05:41Z,paylog_008050,complete,user,easypost_bank,service_fee,$3.43000,$688.67000,,9400100000000000007869
2026-09-08T16:05:54Z,paylog_008051,complete,user,easypost_bank,service_fee,$9.73000,$678.94000,,9400100000000000007896
2026-09-08T16:11:08Z,paylog_008052,complete,user,easypost_bank,service_fee,$3.77000,$675.17000,,9400100000000000007920
2026-09-08T16:14:21Z,paylog_008053,complete,user,easypost_bank,service_fee,$6.95000,$668.22000,,9400100000000000007912
2026-09-08T16:16:39Z,paylog_008054,complete,user,easypost_bank,service_fee,$5.04000,$663.18000,,9400100000000000007935
2026-09-08T16:24:40Z,paylog_008055,complete,user,easypost_bank,service_fee,$3.69000,$659.49000,,9400100000000000007922
2026-09-08T16:29:40Z,paylog_008056,complete,user,easypost_bank,service_fee,$4.96000,$654.53000,,9400100000000000007934
2026-09-08T16:36:39Z,paylog_008057,complete,user,easypost_bank,service_fee,$3.89000,$650.64000,,9400100000000000007938
2026-09-08T16:39:30Z,paylog_008058,complete,user,easypost_bank,service_fee,$6.59000,$644.05000,,9400100000000000007882
2026-09-08T16:55:05Z,paylog_008059,complete,user,easypost_bank,service_fee,$7.66000,$636.39000,,9400100000000000007811
2026-09-08T17:10:59Z,paylog_008060,complete,user,easypost_bank,service_fee,$3.81000,$632.58000,,9400100000000000007924
2026-09-08T17:50:31Z,paylog_008061,complete,user,easypost_bank,service_fee,$6.49000,$626.09000,,9400100000000000007809
2026-09-08T18:01:07Z,paylog_008062,complete,user,easypost_bank,service_fee,$6.93000,$619.16000,,9400100000000000007752
2026-09-08T18:09:44Z,paylog_008063,complete,user,easypost_bank,service_fee,$3.46000,$615.70000,,9400100000000000007942
2026-09-08T18:16:53Z,paylog_008064,complete,user,easypost_bank,service_fee,$13.13000,$602.57000,,9400100000000000007848
2026-09-08T18:23:10Z,paylog_008065,complete,user,easypost_bank,service_fee,$7.00000,$595.57000,,9400100000000000007911
2026-09-08T18:30:24Z,paylog_008066,complete,user,easypost_bank,service_fee,$8.41000,$587.16000,,9400100000000000007889
2026-09-08T18:36:36Z,paylog_008067,complete,user,easypost_bank,service_fee,$5.89000,$581.27000,,9400100000000000007907
2026-09-08T18:38:59Z,paylog_008068,complete,user,easypost_bank,service_fee,$3.34000,$577.93000,,9400100000000000007852
2026-09-08T18:39:37Z,paylog_008069,complete,user,easypost_bank,service_fee,$3.62000,$574.31000,,9400100000000000007927
2026-09-08T18:47:21Z,paylog_008070,complete,user,easypost_bank,service_fee,$3.79000,$570.52000,,9400100000000000007923
2026-09-08T18:52:21Z,paylog_008071,complete,user,easypost_bank,service_fee,$3.38000,$567.14000,,9400100000000000007915
2026-09-08T19:04:40Z,paylog_008072,complete,user,easypost_bank,service_fee,$10.91000,$556.23000,,9400100000000000007910
2026-09-08T19:12:36Z,paylog_008073,complete,user,easypost_bank,service_fee,$10.58000,$545.65000,,9400100000000000007902
2026-09-08T19:15:33Z,paylog_008074,complete,user,easypost_bank,service_fee,$3.86000,$541.79000,,9400100000000000007944
2026-09-08T19:15:36Z,paylog_008075,complete,user,easypost_bank,service_fee,$8.75000,$533.04000,,9400100000000000007893
2026-09-08T19:17:37Z,paylog_008076,complete,user,easypost_bank,service_fee,$10.85000,$522.19000,,9400100000000000007892
2026-09-08T19:25:03Z,paylog_008077,complete,user,easypost_bank,service_fee,$5.65000,$516.54000,,9400100000000000007918
2026-09-08T19:26:05Z,paylog_008078,complete,user,easypost_bank,service_fee,$3.66000,$512.88000,,9400100000000000007930
2026-09-08T19:34:53Z,paylog_008079,complete,user,easypost_bank,service_fee,$3.35000,$509.53000,,9400100000000000007856
2026-09-08T19:36:41Z,paylog_008080,complete,user,easypost_bank,service_fee,$5.48000,$504.05000,,9400100000000000007846
2026-09-08T19:43:55Z,paylog_008081,complete,user,easypost_bank,service_fee,$3.67000,$500.38000,,9400100000000000007925
2026-09-08T19:47:12Z,paylog_008082,complete,user,easypost_bank,service_fee,$7.46000,$492.92000,,9400100000000000007807
2026-09-08T19:50:24Z,paylog_008083,complete,user,easypost_bank,service_fee,$17.79000,$475.13000,,9400100000000000007897
2026-09-08T19:55:51Z,paylog_008084,complete,user,easypost_bank,service_fee,$3.75000,$471.38000,,9400100000000000007767
2026-09-08T19:58:35Z,paylog_008085,complete,user,easypost_bank,service_fee,$5.29000,$466.09000,,9400100000000000007864
2026-09-08T20:06:13Z,paylog_008086,complete,user,easypost_bank,service_fee,$5.40000,$460.69000,,9400100000000000007933
2026-09-08T20:26:20Z,paylog_008087,complete,user,easypost_bank,service_fee,$6.07000,$454.62000,,9400100000000000007941
2026-09-08T20:28:25Z,paylog_008088,complete,user,easypost_bank,service_fee,$13.57000,$441.05000,,9400100000000000007891
2026-09-08T20:42:41Z,paylog_008089,complete,user,easypost_bank,service_fee,$6.36000,$434.69000,,9400100000000000007949
2026-09-08T20:47:15Z,paylog_008090,complete,user,easypost_bank,service_fee,$5.42000,$429.27000,,9400100000000000007931
2026-09-08T20:49:32Z,paylog_008091,complete,user,easypost_bank,service_fee,$7.70000,$421.57000,,9400100000000000007898
2026-09-08T20:52:31Z,paylog_008092,complete,user,easypost_bank,service_fee,$3.53000,$418.04000,,9400100000000000007801
2026-09-08T20:55:35Z,paylog_008093,complete,user,easypost_bank,service_fee,$9.60000,$408.44000,,9400100000000000007836
2026-09-08T22:00:00Z,paylog_008094,complete,refund,user,refund,$3.35000,$411.79000,,9400100000000000007703
2026-09-09T13:06:39Z,paylog_008095,complete,user,easypost_bank,service_fee,$5.86000,$405.93000,,9400100000000000007964
2026-09-09T13:07:33Z,paylog_008096,complete,user,easypost_bank,service_fee,$4.95000,$400.98000,,9400100000000000007993
2026-09-09T13:11:08Z,paylog_008097,complete,user,easypost_bank,service_fee,$9.52000,$391.46000,,9400100000000000007899
2026-09-09T13:11:09Z,paylog_008098,complete,user,easypost_bank,service_fee,$3.31000,$388.15000,,9400100000000000007917
2026-09-09T13:20:02Z,paylog_008099,complete,user,easypost_bank,service_fee,$3.83000,$384.32000,,9400100000000000007982
2026-09-09T13:22:13Z,paylog_008100,complete,user,easypost_bank,service_fee,$7.36000,$376.96000,,9400100000000000007886
2026-09-09T13:22:24Z,paylog_008101,complete,user,easypost_bank,service_fee,$11.09000,$365.87000,,9400100000000000007965
2026-09-09T13:24:43Z,paylog_008102,complete,user,easypost_bank,service_fee,$3.85000,$362.02000,,9400100000000000008002
2026-09-09T13:29:38Z,paylog_008103,complete,user,easypost_bank,service_fee,$8.31000,$353.71000,,9400100000000000007905
2026-09-09T13:43:36Z,paylog_008104,complete,user,easypost_bank,service_fee,$3.80000,$349.91000,,9400100000000000007995
2026-09-09T13:49:48Z,paylog_008105,complete,user,easypost_bank,service_fee,$13.16000,$336.75000,,9400100000000000007961
2026-09-09T13:51:42Z,paylog_008106,complete,user,easypost_bank,service_fee,$9.56000,$327.19000,,9400100000000000007842
2026-09-09T14:01:59Z,paylog_008107,complete,user,easypost_bank,service_fee,$7.34000,$319.85000,,9400100000000000008004
2026-09-09T14:19:14Z,paylog_008108,complete,user,easypost_bank,service_fee,$3.47000,$316.38000,,9400100000000000007975
2026-09-09T14:50:58Z,paylog_008109,complete,user,easypost_bank,service_fee,$3.45000,$312.93000,,9400100000000000007978
2026-09-09T14:56:20Z,paylog_008110,complete,user,easypost_bank,service_fee,$3.58000,$309.35000,,9400100000000000007990
2026-09-09T15:18:53Z,paylog_008111,complete,user,easypost_bank,service_fee,$5.36000,$303.99000,,9400100000000000007994
2026-09-09T15:18:19Z,paylog_008112,complete,bank_account,user,recharge,$1000.00000,$1303.99000,,
2026-09-09T15:19:19Z,paylog_008113,complete,user,easypost_bank,service_fee,$7.59000,$1296.40000,,9400100000000000007940
2026-09-09T15:24:01Z,paylog_008114,complete,user,easypost_bank,service_fee,$3.69000,$1292.71000,,9400100000000000007986
2026-09-09T15:32:06Z,paylog_008115,complete,user,easypost_bank,service_fee,$17.66000,$1275.05000,,9400100000000000007966
2026-09-09T15:53:55Z,paylog_008116,complete,user,easypost_bank,service_fee,$16.78000,$1258.27000,,9400100000000000007847
2026-09-09T15:54:02Z,paylog_008117,complete,user,easypost_bank,service_fee,$6.37000,$1251.90000,,9400100000000000007939
2026-09-09T16:04:13Z,paylog_008118,complete,user,easypost_bank,service_fee,$13.47000,$1238.43000,,9400100000000000007970
2026-09-09T16:10:53Z,paylog_008119,complete,user,easypost_bank,service_fee,$5.95000,$1232.48000,,9400100000000000008009
2026-09-09T16:22:33Z,paylog_008120,complete,user,easypost_bank,service_fee,$3.38000,$1229.10000,,9400100000000000007919
2026-09-09T16:25:39Z,paylog_008121,complete,user,easypost_bank,service_fee,$8.75000,$1220.35000,,9400100000000000007900
2026-09-09T16:28:57Z,paylog_008122,complete,user,easypost_bank,service_fee,$9.52000,$1210.83000,,9400100000000000007962
2026-09-09T16:30:28Z,paylog_008123,complete,user,easypost_bank,service_fee,$3.89000,$1206.94000,,9400100000000000007984
2026-09-09T16:43:14Z,paylog_008124,complete,user,easypost_bank,service_fee,$8.02000,$1198.92000,,9400100000000000007958
2026-09-09T16:43:27Z,paylog_008125,complete,user,easypost_bank,service_fee,$5.66000,$1193.26000,,9400100000000000007992
2026-09-09T16:59:47Z,paylog_008126,complete,user,easypost_bank,service_fee,$3.51000,$1189.75000,,9400100000000000008001
2026-09-09T17:03:52Z,paylog_008127,complete,user,easypost_bank,service_fee,$10.86000,$1178.89000,,9400100000000000007959
2026-09-09T17:41:56Z,paylog_008128,complete,user,easypost_bank,service_fee,$3.57000,$1175.32000,,9400100000000000007991
2026-09-09T17:48:42Z,paylog_008129,complete,user,easypost_bank,service_fee,$8.00000,$1167.32000,,9400100000000000007971
2026-09-09T17:48:48Z,paylog_008130,complete,user,easypost_bank,service_fee,$5.20000,$1162.12000,,9400100000000000007926
2026-09-09T17:51:42Z,paylog_008131,complete,user,easypost_bank,service_fee,$3.42000,$1158.70000,,9400100000000000007979
2026-09-09T17:57:33Z,paylog_008132,complete,user,easypost_bank,service_fee,$3.89000,$1154.81000,,9400100000000000007999
2026-09-09T18:07:05Z,paylog_008133,complete,user,easypost_bank,service_fee,$3.60000,$1151.21000,,9400100000000000007989
2026-09-09T18:23:02Z,paylog_008134,complete,user,easypost_bank,service_fee,$3.52000,$1147.69000,,9400100000000000007976
2026-09-09T18:26:36Z,paylog_008135,complete,user,easypost_bank,service_fee,$3.89000,$1143.80000,,9400100000000000007932
2026-09-09T18:44:31Z,paylog_008136,complete,user,easypost_bank,service_fee,$7.20000,$1136.60000,,9400100000000000007968
2026-09-09T18:54:33Z,paylog_008137,complete,user,easypost_bank,service_fee,$3.36000,$1133.24000,,9400100000000000007997
2026-09-09T18:55:47Z,paylog_008138,complete,user,easypost_bank,service_fee,$9.85000,$1123.39000,,9400100000000000007952
2026-09-09T19:00:30Z,paylog_008139,complete,user,easypost_bank,service_fee,$12.25000,$1111.14000,,9400100000000000007909
2026-09-09T19:01:46Z,paylog_008140,complete,user,easypost_bank,service_fee,$3.90000,$1107.24000,,9400100000000000007983
2026-09-09T19:02:15Z,paylog_008141,complete,user,easypost_bank,service_fee,$8.17000,$1099.07000,,9400100000000000007969
2026-09-09T19:20:28Z,paylog_008142,complete,user,easypost_bank,service_fee,$12.39000,$1086.68000,,9400100000000000007890
2026-09-09T19:20:30Z,paylog_008143,complete,user,easypost_bank,service_fee,$3.39000,$1083.29000,,9400100000000000007987
2026-09-09T19:21:19Z,paylog_008144,complete,user,easypost_bank,service_fee,$9.97000,$1073.32000,,9400100000000000007887
2026-09-09T19:25:43Z,paylog_008145,complete,user,easypost_bank,service_fee,$5.94000,$1067.38000,,9400100000000000007883
2026-09-09T19:36:45Z,paylog_008146,complete,user,easypost_bank,service_fee,$3.29000,$1064.09000,,9400100000000000007985
2026-09-09T19:50:03Z,paylog_008147,complete,user,easypost_bank,service_fee,$3.45000,$1060.64000,,9400100000000000007996
2026-09-09T19:58:34Z,paylog_008148,complete,user,easypost_bank,service_fee,$3.88000,$1056.76000,,9400100000000000007928
2026-09-09T20:20:18Z,paylog_008149,complete,user,easypost_bank,service_fee,$8.38000,$1048.38000,,9400100000000000007957
2026-09-09T20:31:43Z,paylog_008150,complete,user,easypost_bank,service_fee,$3.98000,$1044.40000,,9400100000000000008007
2026-09-09T20:39:53Z,paylog_008151,complete,user,easypost_bank,service_fee,$16.01000,$1028.39000,,9400100000000000007960
2026-09-09T20:42:14Z,paylog_008152,complete,user,easypost_bank,service_fee,$3.58000,$1024.81000,,9400100000000000007998
2026-09-09T20:44:50Z,paylog_008153,complete,user,easypost_bank,service_fee,$5.20000,$1019.61000,,9400100000000000007921
2026-09-09T20:52:39Z,paylog_008154,complete,user,easypost_bank,service_fee,$9.06000,$1010.55000,,9400100000000000007951
2026-09-09T22:00:00Z,paylog_008155,complete,refund,user,refund,$3.38000,$1013.93000,,9400100000000000007915
2026-09-10T13:01:47Z,paylog_008156,complete,user,easypost_bank,service_fee,$3.34000,$1010.59000,,9400100000000000007977
2026-09-10T13:02:44Z,paylog_008157,complete,user,easypost_bank,service_fee,$3.46000,$1007.13000,,9400100000000000008071
2026-09-10T13:22:42Z,paylog_008158,complete,user,easypost_bank,service_fee,$14.88000,$992.25000,,9400100000000000007953
2026-09-10T13:26:57Z,paylog_008159,complete,user,easypost_bank,service_fee,$3.43000,$988.82000,,9400100000000000008044
2026-09-10T13:29:19Z,paylog_008160,complete,user,easypost_bank,service_fee,$10.44000,$978.38000,,9400100000000000008036
2026-09-10T13:35:31Z,paylog_008161,complete,user,easypost_bank,service_fee,$12.39000,$965.99000,,9400100000000000007908
2026-09-10T13:35:36Z,paylog_008162,complete,user,easypost_bank,service_fee,$3.40000,$962.59000,,9400100000000000008065
2026-09-10T13:36:15Z,paylog_008163,complete,user,easypost_bank,service_fee,$6.47000,$956.12000,,9400100000000000008034
2026-09-10T13:40:02Z,paylog_008164,complete,user,easypost_bank,service_fee,$5.48000,$950.64000,,9400100000000000008070
2026-09-10T14:10:57Z,paylog_008165,complete,user,easypost_bank,service_fee,$3.71000,$946.93000,,9400100000000000007974
2026-09-10T14:13:01Z,paylog_008166,complete,user,easypost_bank,service_fee,$5.10000,$941.83000,,9400100000000000008069
2026-09-10T14:14:33Z,paylog_008167,complete,user,easypost_bank,service_fee,$8.87000,$932.96000,,9400100000000000008028
2026-09-10T14:21:08Z,paylog_008168,complete,user,easypost_bank,service_fee,$3.83000,$929.13000,,9400100000000000007973
2026-09-10T14:33:02Z,paylog_008169,complete,user,easypost_bank,service_fee,$7.93000,$921.20000,,9400100000000000008030
2026-09-10T14:44:06Z,paylog_008170,complete,user,easypost_bank,service_fee,$3.56000,$917.64000,,9400100000000000008067
2026-09-10T15:12:43Z,paylog_008171,complete,user,easypost_bank,service_fee,$5.67000,$911.97000,,9400100000000000008061
2026-09-10T15:13:47Z,paylog_008172,complete,user,easypost_bank,service_fee,$3.51000,$908.46000,,9400100000000000008072
2026-09-10T15:18:44Z,paylog_008173,complete,user,easypost_bank,service_fee,$3.30000,$905.16000,,9400100000000000008047
2026-09-10T15:28:23Z,paylog_008174,complete,user,easypost_bank,service_fee,$4.62000,$900.54000,,9400100000000000008006
2026-09-10T15:41:12Z,paylog_008175,complete,user,easypost_bank,service_fee,$3.39000,$897.15000,,9400100000000000008053
2026-09-10T15:57:48Z,paylog_008176,complete,user,easypost_bank,service_fee,$11.91000,$885.24000,,9400100000000000008014
2026-09-10T16:09:38Z,paylog_008177,complete,user,easypost_bank,service_fee,$7.55000,$877.69000,,9400100000000000007956
2026-09-10T16:18:56Z,paylog_008178,complete,user,easypost_bank,service_fee,$3.65000,$874.04000,,9400100000000000008060
2026-09-10T16:30:32Z,paylog_008179,complete,user,easypost_bank,service_fee,$9.54000,$864.50000,,9400100000000000008027
2026-09-10T16:41:36Z,paylog_008180,complete,user,easypost_bank,service_fee,$13.68000,$850.82000,,9400100000000000008039
2026-09-10T16:47:07Z,paylog_008181,complete,user,easypost_bank,service_fee,$3.89000,$846.93000,,9400100000000000008048
2026-09-10T17:01:22Z,paylog_008182,complete,user,easypost_bank,service_fee,$3.87000,$843.06000,,9400100000000000008063
2026-09-10T17:07:52Z,paylog_008183,complete,user,easypost_bank,service_fee,$3.40000,$839.66000,,9400100000000000007988
2026-09-10T17:14:21Z,paylog_008184,complete,user,easypost_bank,service_fee,$8.39000,$831.27000,,9400100000000000007955
2026-09-10T17:15:38Z,paylog_008185,complete,user,easypost_bank,service_fee,$8.95000,$822.32000,,9400100000000000008040
2026-09-10T17:17:38Z,paylog_008186,complete,user,easypost_bank,service_fee,$8.24000,$814.08000,,9400100000000000008038
2026-09-10T17:24:37Z,paylog_008187,complete,user,easypost_bank,service_fee,$3.29000,$810.79000,,9400100000000000008062
2026-09-10T17:31:27Z,paylog_008188,complete,user,easypost_bank,service_fee,$10.80000,$799.99000,,9400100000000000007954
2026-09-10T17:33:00Z,paylog_008189,complete,user,easypost_bank,service_fee,$10.54000,$789.45000,,9400100000000000008013
2026-09-10T17:33:38Z,paylog_008190,complete,user,easypost_bank,service_fee,$5.01000,$784.44000,,9400100000000000008000
2026-09-10T17:44:14Z,paylog_008191,complete,user,easypost_bank,service_fee,$3.54000,$780.90000,,9400100000000000008051
2026-09-10T18:00:26Z,paylog_008192,complete,user,easypost_bank,service_fee,$13.14000,$767.76000,,9400100000000000008015
2026-09-10T18:12:22Z,paylog_008193,complete,user,easypost_bank,service_fee,$3.29000,$764.47000,,9400100000000000008057
2026-09-10T18:18:41Z,paylog_008194,complete,user,easypost_bank,service_fee,$8.62000,$755.85000,,9400100000000000008019
2026-09-10T18:19:56Z,paylog_008195,complete,user,easypost_bank,service_fee,$3.30000,$752.55000,,9400100000000000008052
2026-09-10T18:24:17Z,paylog_008196,complete,user,easypost_bank,service_fee,$5.27000,$747.28000,,9400100000000000008037
2026-09-10T18:29:04Z,paylog_008197,complete,user,easypost_bank,service_fee,$3.65000,$743.63000,,9400100000000000008068
2026-09-10T18:38:54Z,paylog_008198,complete,user,easypost_bank,service_fee,$5.58000,$738.05000,,9400100000000000008054
2026-09-10T18:42:41Z,paylog_008199,complete,user,easypost_bank,service_fee,$5.12000,$732.93000,,9400100000000000008077
2026-09-10T18:43:49Z,paylog_008200,complete,user,easypost_bank,service_fee,$3.49000,$729.44000,,9400100000000000008056
2026-09-10T18:43:57Z,paylog_008201,complete,user,easypost_bank,service_fee,$3.88000,$725.56000,,9400100000000000007980
2026-09-10T18:46:45Z,paylog_008202,complete,user,easypost_bank,service_fee,$8.46000,$717.10000,,9400100000000000008024
2026-09-10T18:47:12Z,paylog_008203,complete,user,easypost_bank,service_fee,$7.54000,$709.56000,,9400100000000000008025
2026-09-10T18:50:46Z,paylog_008204,complete,user,easypost_bank,service_fee,$11.09000,$698.47000,,9400100000000000008029
2026-09-10T19:03:22Z,paylog_008205,complete,user,easypost_bank,service_fee,$7.23000,$691.24000,,9400100000000000007888
2026-09-10T19:11:30Z,paylog_008206,complete,user,easypost_bank,service_fee,$10.98000,$680.26000,,9400100000000000007972
2026-09-10T19:23:30Z,paylog_008207,complete,user,easypost_bank,service_fee,$3.75000,$676.51000,,9400100000000000008075
2026-09-10T19:25:06Z,paylog_008208,complete,user,easypost_bank,service_fee,$5.08000,$671.43000,,9400100000000000008042
2026-09-10T19:25:16Z,paylog_008209,complete,user,easypost_bank,service_fee,$3.83000,$667.60000,,9400100000000000007981
2026-09-10T19:27:00Z,paylog_008210,complete,user,easypost_bank,service_fee,$11.55000,$656.05000,,9400100000000000008031
2026-09-10T19:31:40Z,paylog_008211,complete,user,easypost_bank,service_fee,$8.81000,$647.24000,,9400100000000000008010
2026-09-10T19:46:23Z,paylog_008212,complete,user,easypost_bank,service_fee,$5.59000,$641.65000,,9400100000000000007943
2026-09-10T19:56:01Z,paylog_008213,complete,user,easypost_bank,service_fee,$4.06000,$637.59000,,9400100000000000008008
2026-09-10T20:00:34Z,paylog_008214,complete,user,easypost_bank,service_fee,$7.81000,$629.78000,,9400100000000000007967
2026-09-10T20:01:47Z,paylog_008215,complete,user,easypost_bank,service_fee,$8.26000,$621.52000,,9400100000000000008022
2026-09-10T20:09:16Z,paylog_008216,complete,user,easypost_bank,service_fee,$16.56000,$604.96000,,9400100000000000008021
2026-09-10T20:43:46Z,paylog_008217,complete,user,easypost_bank,service_fee,$3.76000,$601.20000,,9400100000000000008049
2026-09-10T20:49:08Z,paylog_008218,complete,user,easypost_bank,service_fee,$7.04000,$594.16000,,9400100000000000007950
2026-09-11T13:03:15Z,paylog_008219,complete,user,easypost_bank,service_fee,$11.82000,$582.34000,,9400100000000000008091
2026-09-11T13:18:07Z,paylog_008220,complete,user,easypost_bank,service_fee,$3.69000,$578.65000,,9400100000000000008064
2026-09-11T13:35:48Z,paylog_008221,complete,user,easypost_bank,service_fee,$11.44000,$567.21000,,9400100000000000008086
2026-09-11T13:36:50Z,paylog_008222,complete,user,easypost_bank,service_fee,$6.58000,$560.63000,,9400100000000000008035
2026-09-11T14:00:50Z,paylog_008223,complete,user,easypost_bank,service_fee,$3.33000,$557.30000,,9400100000000000008104
2026-09-11T14:01:11Z,paylog_008224,complete,user,easypost_bank,service_fee,$9.66000,$547.64000,,9400100000000000008016
2026-09-11T14:03:11Z,paylog_008225,complete,user,easypost_bank,service_fee,$3.79000,$543.85000,,9400100000000000008059
2026-09-11T14:07:18Z,paylog_008226,complete,user,easypost_bank,service_fee,$3.72000,$540.13000,,9400100000000000008066
2026-09-11T14:07:25Z,paylog_008227,complete,user,easypost_bank,service_fee,$8.51000,$531.62000,,9400100000000000008093
2026-09-11T14:10:35Z,paylog_008228,complete,user,easypost_bank,service_fee,$5.19000,$526.43000,,9400100000000000008100
2026-09-11T14:50:08Z,paylog_008229,complete,user,easypost_bank,service_fee,$3.28000,$523.15000,,9400100000000000008073
2026-09-11T14:59:48Z,paylog_008230,complete,user,easypost_bank,service_fee,$3.80000,$519.35000,,9400100000000000008099
2026-09-11T15:10:36Z,paylog_008231,complete,user,easypost_bank,service_fee,$3.50000,$515.85000,,9400100000000000008108
2026-09-11T15:21:09Z,paylog_008232,complete,user,easypost_bank,service_fee,$3.37000,$512.48000,,9400100000000000008116
2026-09-11T15:24:19Z,paylog_008233,complete,user,easypost_bank,service_fee,$6.36000,$506.12000,,9400100000000000008121
2026-09-11T15:36:35Z,paylog_008234,complete,user,easypost_bank,service_fee,$14.68000,$491.44000,,9400100000000000008023
2026-09-11T15:41:10Z,paylog_008235,complete,user,easypost_bank,service_fee,$3.56000,$487.88000,,9400100000000000008112
2026-09-11T15:51:10Z,paylog_008236,complete,user,easypost_bank,service_fee,$3.40000,$484.48000,,9400100000000000008109
2026-09-11T15:54:49Z,paylog_008237,complete,user,easypost_bank,service_fee,$6.74000,$477.74000,,9400100000000000008082
2026-09-11T15:58:48Z,paylog_008238,complete,user,easypost_bank,service_fee,$6.56000,$471.18000,,9400100000000000008129
2026-09-11T16:04:04Z,paylog_008239,complete,user,easypost_bank,service_fee,$3.77000,$467.41000,,9400100000000000008103
2026-09-11T16:06:30Z,paylog_008240,complete,user,easypost_bank,service_fee,$6.71000,$460.70000,,9400100000000000008005
2026-09-11T16:15:31Z,paylog_008241,complete,user,easypost_bank,service_fee,$3.68000,$457.02000,,9400100000000000008003
2026-09-11T16:22:41Z,paylog_008242,complete,user,easypost_bank,service_fee,$10.40000,$446.62000,,9400100000000000008076
2026-09-11T16:25:17Z,paylog_008243,complete,user,easypost_bank,service_fee,$3.71000,$442.91000,,9400100000000000008111
2026-09-11T16:32:06Z,paylog_008244,complete,user,easypost_bank,service_fee,$5.57000,$437.34000,,9400100000000000008032
2026-09-11T17:01:51Z,paylog_008245,complete,user,easypost_bank,service_fee,$5.27000,$432.07000,,9400100000000000008120
2026-09-11T17:03:41Z,paylog_008246,complete,user,easypost_bank,service_fee,$3.90000,$428.17000,,9400100000000000008050
2026-09-11T17:05:02Z,paylog_008247,complete,user,easypost_bank,service_fee,$12.12000,$416.05000,,9400100000000000008083
2026-09-11T17:06:39Z,paylog_008248,complete,user,easypost_bank,service_fee,$3.77000,$412.28000,,9400100000000000008113
2026-09-11T17:25:05Z,paylog_008249,complete,user,easypost_bank,service_fee,$5.90000,$406.38000,,9400100000000000008087
2026-09-11T17:26:39Z,paylog_008250,complete,user,easypost_bank,service_fee,$14.62000,$391.76000,,9400100000000000008012
2026-09-11T17:30:00Z,paylog_008251,complete,user,easypost_bank,service_fee,$6.76000,$385.00000,,9400100000000000008130
2026-09-11T17:30:51Z,paylog_008252,complete,user,easypost_bank,service_fee,$7.53000,$377.47000,,9400100000000000008125
2026-09-11T17:32:27Z,paylog_008253,complete,user,easypost_bank,service_fee,$3.62000,$373.85000,,9400100000000000008119
2026-09-11T17:47:51Z,paylog_008254,complete,user,easypost_bank,service_fee,$3.88000,$369.97000,,9400100000000000008041
2026-09-11T17:51:09Z,paylog_008255,complete,user,easypost_bank,service_fee,$3.44000,$366.53000,,9400100000000000008098
2026-09-11T17:52:02Z,paylog_008256,complete,user,easypost_bank,service_fee,$3.45000,$363.08000,,9400100000000000008117
2026-09-11T17:52:17Z,paylog_008257,complete,user,easypost_bank,service_fee,$3.87000,$359.21000,,9400100000000000008043
2026-09-11T17:56:54Z,paylog_008258,complete,user,easypost_bank,service_fee,$8.26000,$350.95000,,9400100000000000008026
2026-09-11T18:04:34Z,paylog_008259,complete,user,easypost_bank,service_fee,$10.04000,$340.91000,,9400100000000000008092
2026-09-11T18:04:35Z,paylog_008260,complete,user,easypost_bank,service_fee,$5.97000,$334.94000,,9400100000000000008126
2026-09-11T18:18:15Z,paylog_008261,complete,user,easypost_bank,service_fee,$9.64000,$325.30000,,9400100000000000008017
2026-09-11T18:23:35Z,paylog_008262,complete,user,easypost_bank,service_fee,$7.95000,$317.35000,,9400100000000000008122
2026-09-11T18:24:10Z,paylog_008263,complete,user,easypost_bank,service_fee,$5.82000,$311.53000,,9400100000000000008127
2026-09-11T18:34:45Z,paylog_008264,complete,user,easypost_bank,service_fee,$3.29000,$308.24000,,9400100000000000008046
2026-09-11T18:44:36Z,paylog_008265,complete,user,easypost_bank,service_fee,$3.58000,$304.66000,,9400100000000000008074
2026-09-11T19:17:18Z,paylog_008266,complete,bank_account,user,recharge,$1000.00000,$1304.66000,,
2026-09-11T19:18:18Z,paylog_008267,complete,user,easypost_bank,service_fee,$12.94000,$1291.72000,,9400100000000000007963
2026-09-11T19:19:12Z,paylog_008268,complete,user,easypost_bank,service_fee,$5.21000,$1286.51000,,9400100000000000008045
2026-09-11T19:23:18Z,paylog_008269,complete,user,easypost_bank,service_fee,$12.94000,$1273.57000,,9400100000000000008033
2026-09-11T19:31:50Z,paylog_008270,complete,user,easypost_bank,service_fee,$14.38000,$1259.19000,,9400100000000000008020
2026-09-11T19:53:34Z,paylog_008271,complete,user,easypost_bank,service_fee,$7.74000,$1251.45000,,9400100000000000008096
2026-09-11T20:08:13Z,paylog_008272,complete,user,easypost_bank,service_fee,$3.66000,$1247.79000,,9400100000000000008105
2026-09-11T20:18:52Z,paylog_008273,complete,user,easypost_bank,service_fee,$13.17000,$1234.62000,,9400100000000000008081
2026-09-11T20:19:27Z,paylog_008274,complete,user,easypost_bank,service_fee,$3.77000,$1230.85000,,9400100000000000008106
2026-09-11T20:24:09Z,paylog_008275,complete,user,easypost_bank,service_fee,$12.39000,$1218.46000,,9400100000000000008084
2026-09-11T20:24:16Z,paylog_008276,complete,user,easypost_bank,service_fee,$8.75000,$1209.71000,,9400100000000000008018
2026-09-11T20:24:35Z,paylog_008277,complete,user,easypost_bank,service_fee,$3.58000,$1206.13000,,9400100000000000008101
2026-09-11T20:27:54Z,paylog_008278,complete,user,easypost_bank,service_fee,$5.68000,$1200.45000,,9400100000000000008115
2026-09-11T20:36:31Z,paylog_008279,complete,user,easypost_bank,service_fee,$9.29000,$1191.16000,,9400100000000000008011
2026-09-11T20:44:30Z,paylog_008280,complete,user,easypost_bank,service_fee,$5.03000,$1186.13000,,9400100000000000008095
2026-09-11T20:48:28Z,paylog_008281,complete,user,easypost_bank,service_fee,$11.51000,$1174.62000,,9400100000000000008079
2026-09-11T20:53:10Z,paylog_008282,complete,user,easypost_bank,service_fee,$12.27000,$1162.35000,,9400100000000000008080
2026-09-11T22:00:00Z,paylog_008283,complete,refund,user,refund,$10.80000,$1173.15000,,9400100000000000007954
2026-09-11T22:00:00Z,paylog_008284,complete,refund,user,refund,$16.56000,$1189.71000,,9400100000000000008021
2026-09-12T13:20:42Z,paylog_008285,complete,user,easypost_bank,service_fee,$3.29000,$1186.42000,,9400100000000000008186
2026-09-12T13:40:38Z,paylog_008286,complete,user,easypost_bank,service_fee,$6.79000,$1179.63000,,9400100000000000008197
2026-09-12T13:57:18Z,paylog_008287,complete,user,easypost_bank,service_fee,$5.70000,$1173.93000,,9400100000000000008114
2026-09-12T13:58:21Z,paylog_008288,complete,user,easypost_bank,service_fee,$3.71000,$1170.22000,,9400100000000000008178
2026-09-12T13:58:39Z,paylog_008289,complete,user,easypost_bank,service_fee,$8.41000,$1161.81000,,9400100000000000008151
2026-09-12T14:03:54Z,paylog_008290,complete,user,easypost_bank,service_fee,$7.43000,$1154.38000,,9400100000000000008123
2026-09-12T14:06:13Z,paylog_008291,complete,user,easypost_bank,service_fee,$7.61000,$1146.77000,,9400100000000000008199
2026-09-12T14:07:00Z,paylog_008292,complete,user,easypost_bank,service_fee,$11.50000,$1135.27000,,9400100000000000008134
2026-09-12T14:16:22Z,paylog_008293,complete,user,easypost_bank,service_fee,$7.28000,$1127.99000,,9400100000000000008200
2026-09-12T14:19:25Z,paylog_008294,complete,user,easypost_bank,service_fee,$12.99000,$1115.00000,,9400100000000000008131
2026-09-12T14:22:53Z,paylog_008295,complete,user,easypost_bank,service_fee,$3.73000,$1111.27000,,9400100000000000008181
2026-09-12T14:31:51Z,paylog_008296,complete,user,easypost_bank,service_fee,$3.34000,$1107.93000,,9400100000000000008193
2026-09-12T15:01:25Z,paylog_008297,complete,user,easypost_bank,service_fee,$3.61000,$1104.32000,,9400100000000000008161
2026-09-12T15:10:41Z,paylog_008298,complete,user,easypost_bank,service_fee,$15.24000,$1089.08000,,9400100000000000008150
2026-09-12T15:10:52Z,paylog_008299,complete,user,easypost_bank,service_fee,$3.47000,$1085.61000,,9400100000000000008177
2026-09-12T15:20:17Z,paylog_008300,complete,user,easypost_bank,service_fee,$9.40000,$1076.21000,,9400100000000000008136
2026-09-12T15:26:23Z,paylog_008301,complete,user,easypost_bank,service_fee,$4.14000,$1072.07000,,9400100000000000008124
2026-09-12T15:31:20Z,paylog_008302,complete,user,easypost_bank,service_fee,$5.11000,$1066.96000,,9400100000000000008167
2026-09-12T15:34:49Z,paylog_008303,complete,user,easypost_bank,service_fee,$7.50000,$1059.46000,,9400100000000000008148
2026-09-12T15:40:20Z,paylog_008304,complete,user,easypost_bank,service_fee,$14.37000,$1045.09000,,9400100000000000008141
2026-09-12T15:46:07Z,paylog_008305,complete,user,easypost_bank,service_fee,$5.56000,$1039.53000,,9400100000000000008164
2026-09-12T15:57:09Z,paylog_008306,complete,user,easypost_bank,service_fee,$11.00000,$1028.53000,,9400100000000000008160
2026-09-12T16:18:28Z,paylog_008307,complete,user,easypost_bank,service_fee,$13.51000,$1015.02000,,9400100000000000008146
2026-09-12T16:20:42Z,paylog_008308,complete,user,easypost_bank,service_fee,$4.97000,$1010.05000,,9400100000000000008174
2026-09-12T16:22:21Z,paylog_008309,complete,user,easypost_bank,service_fee,$3.89000,$1006.16000,,9400100000000000008097
2026-09-12T16:27:36Z,paylog_008310,complete,user,easypost_bank,service_fee,$5.31000,$1000.85000,,9400100000000000008196
2026-09-12T16:48:57Z,paylog_008311,complete,user,easypost_bank,service_fee,$5.21000,$995.64000,,9400100000000000008190
2026-09-12T16:49:50Z,paylog_008312,complete,user,easypost_bank,service_fee,$3.87000,$991.77000,,9400100000000000008058
2026-09-12T16:53:02Z,paylog_008313,complete,user,easypost_bank,service_fee,$3.63000,$988.14000,,9400100000000000008188
2026-09-12T16:58:41Z,paylog_008314,complete,user,easypost_bank,service_fee,$3.64000,$984.50000,,9400100000000000008172
2026-09-12T17:02:15Z,paylog_008315,complete,user,easypost_bank,service_fee,$3.58000,$980.92000,,9400100000000000008110
2026-09-12T17:05:33Z,paylog_008316,complete,user,easypost_bank,service_fee,$3.71000,$977.21000,,9400100000000000008185
2026-09-12T17:10:23Z,paylog_008317,complete,user,easypost_bank,service_fee,$8.62000,$968.59000,,9400100000000000008152
2026-09-12T17:13:07Z,paylog_008318,complete,user,easypost_bank,service_fee,$5.16000,$963.43000,,9400100000000000008173
2026-09-12T17:26:18Z,paylog_008319,complete,user,easypost_bank,service_fee,$3.82000,$959.61000,,9400100000000000008171
2026-09-12T17:28:27Z,paylog_008320,complete,user,easypost_bank,service_fee,$12.37000,$947.24000,,9400100000000000008140
2026-09-12T17:30:57Z,paylog_008321,complete,user,easypost_bank,service_fee,$5.97000,$941.27000,,9400100000000000008139
2026-09-12T17:36:46Z,paylog_008322,complete,user,easypost_bank,service_fee,$3.73000,$937.54000,,9400100000000000008107
2026-09-12T17:49:19Z,paylog_008323,complete,user,easypost_bank,service_fee,$6.34000,$931.20000,,9400100000000000008078
2026-09-12T17:53:35Z,paylog_008324,complete,user,easypost_bank,service_fee,$3.35000,$927.85000,,9400100000000000008191
2026-09-12T17:55:37Z,paylog_008325,complete,user,easypost_bank,service_fee,$18.87000,$908.98000,,9400100000000000008143
2026-09-12T18:14:03Z,paylog_008326,complete,user,easypost_bank,service_fee,$3.34000,$905.64000,,9400100000000000008180
2026-09-12T18:23:45Z,paylog_008327,complete,user,easypost_bank,service_fee,$6.49000,$899.15000,,9400100000000000008202
2026-09-12T18:26:47Z,paylog_008328,complete,user,easypost_bank,service_fee,$9.63000,$889.52000,,9400100000000000008137
2026-09-12T18:31:21Z,paylog_008329,complete,user,easypost_bank,service_fee,$3.69000,$885.83000,,9400100000000000008102
2026-09-12T18:34:18Z,paylog_008330,complete,user,easypost_bank,service_fee,$3.45000,$882.38000,,9400100000000000008165
2026-09-12T18:50:38Z,paylog_008331,complete,user,easypost_bank,service_fee,$9.30000,$873.08000,,9400100000000000008142
2026-09-12T18:54:58Z,paylog_008332,complete,user,easypost_bank,service_fee,$4.34000,$868.74000,,9400100000000000008195
2026-09-12T18:58:33Z,paylog_008333,complete,user,easypost_bank,service_fee,$5.24000,$863.50000,,9400100000000000008179
2026-09-12T18:59:03Z,paylog_008334,complete,user,easypost_bank,service_fee,$3.31000,$860.19000,,9400100000000000008162
2026-09-12T19:06:06Z,paylog_008335,complete,user,easypost_bank,service_fee,$8.61000,$851.58000,,9400100000000000008147
2026-09-12T19:07:16Z,paylog_008336,complete,user,easypost_bank,service_fee,$5.25000,$846.33000,,9400100000000000008189
2026-09-12T19:09:03Z,paylog_008337,complete,user,easypost_bank,service_fee,$5.75000,$840.58000,,9400100000000000008183
2026-09-12T19:18:52Z,paylog_008338,complete,user,easypost_bank,service_fee,$12.90000,$827.68000,,9400100000000000008089
2026-09-12T19:24:53Z,paylog_008339,complete,user,easypost_bank,service_fee,$7.16000,$820.52000,,9400100000000000008094
2026-09-12T19:26:55Z,paylog_008340,complete,user,easypost_bank,service_fee,$3.39000,$817.13000,,9400100000000000008118
2026-09-12T19:49:06Z,paylog_008341,complete,user,easypost_bank,service_fee,$8.89000,$808.24000,,9400100000000000008144
2026-09-12T19:52:31Z,paylog_008342,complete,user,easypost_bank,service_fee,$11.07000,$797.17000,,9400100000000000008090
2026-09-12T19:55:21Z,paylog_008343,complete,user,easypost_bank,service_fee,$9.91000,$787.26000,,9400100000000000008085
2026-09-12T19:55:35Z,paylog_008344,complete,user,easypost_bank,service_fee,$10.74000,$776.52000,,9400100000000000008154
2026-09-12T19:59:10Z,paylog_008345,complete,user,easypost_bank,service_fee,$3.30000,$773.22000,,9400100000000000008055
2026-09-12T20:00:56Z,paylog_008346,complete,user,easypost_bank,service_fee,$8.82000,$764.40000,,9400100000000000008135
2026-09-12T20:12:44Z,paylog_008347,complete,user,easypost_bank,service_fee,$3.86000,$760.54000,,9400100000000000008192
2026-09-12T20:41:42Z,paylog_008348,complete,user,easypost_bank,service_fee,$3.49000,$757.05000,,9400100000000000008170
2026-09-12T20:47:47Z,paylog_008349,complete,user,easypost_bank,service_fee,$16.87000,$740.18000,,9400100000000000008088
2026-09-12T20:48:00Z,paylog_008350,complete,user,easypost_bank,service_fee,$7.28000,$732.90000,,9400100000000000008198
2026-09-12T20:53:04Z,paylog_008351,complete,user,easypost_bank,service_fee,$5.10000,$727.80000,,9400100000000000008201
2026-09-12T20:53:59Z,paylog_008352,complete,user,easypost_bank,service_fee,$17.24000,$710.56000,,9400100000000000008138
2026-09-12T20:55:24Z,paylog_008353,complete,user,easypost_bank,service_fee,$13.99000,$696.57000,,9400100000000000008133
2026-09-12T20:59:00Z,paylog_008354,complete,user,easypost_bank,service_fee,$16.90000,$679.67000,,9400100000000000008145
2026-09-12T22:00:00Z,paylog_008355,complete,refund,user,refund,$3.77000,$683.44000,,9400100000000000008103
2026-09-13T13:05:09Z,paylog_008356,complete,user,easypost_bank,service_fee,$13.50000,$669.94000,,9400100000000000008239
2026-09-13T13:06:17Z,paylog_008357,complete,user,easypost_bank,service_fee,$10.69000,$659.25000,,9400100000000000008274
2026-09-13T13:12:45Z,paylog_008358,complete,user,easypost_bank,service_fee,$5.19000,$654.06000,,9400100000000000008250
2026-09-13T13:18:28Z,paylog_008359,complete,user,easypost_bank,service_fee,$3.61000,$650.45000,,9400100000000000008241
2026-09-13T13:22:27Z,paylog_008360,complete,user,easypost_bank,service_fee,$12.38000,$638.07000,,9400100000000000008153
2026-09-13T13:29:28Z,paylog_008361,complete,user,easypost_bank,service_fee,$5.45000,$632.62000,,9400100000000000008266
2026-09-13T13:40:04Z,paylog_008362,complete,user,easypost_bank,service_fee,$5.78000,$626.84000,,9400100000000000008247
2026-09-13T13:44:32Z,paylog_008363,complete,user,easypost_bank,service_fee,$6.25000,$620.59000,,9400100000000000008238
2026-09-13T13:50:25Z,paylog_008364,complete,user,easypost_bank,service_fee,$4.25000,$616.34000,,9400100000000000008270
2026-09-13T13:53:52Z,paylog_008365,complete,user,easypost_bank,service_fee,$3.72000,$612.62000,,9400100000000000008163
2026-09-13T13:55:35Z,paylog_008366,complete,user,easypost_bank,service_fee,$3.80000,$608.82000,,9400100000000000008168
2026-09-13T14:04:29Z,paylog_008367,complete,user,easypost_bank,service_fee,$9.52000,$599.30000,,9400100000000000008206
2026-09-13T14:07:11Z,paylog_008368,complete,user,easypost_bank,service_fee,$6.58000,$592.72000,,9400100000000000008218
2026-09-13T14:09:46Z,paylog_008369,complete,user,easypost_bank,service_fee,$6.75000,$585.97000,,9400100000000000008220
2026-09-13T14:17:39Z,paylog_008370,complete,user,easypost_bank,service_fee,$5.24000,$580.73000,,9400100000000000008275
2026-09-13T14:20:47Z,paylog_008371,complete,user,easypost_bank,service_fee,$11.47000,$569.26000,,9400100000000000008207
2026-09-13T14:40:36Z,paylog_008372,complete,user,easypost_bank,service_fee,$3.60000,$565.66000,,9400100000000000008187
2026-09-13T14:43:06Z,paylog_008373,complete,user,easypost_bank,service_fee,$4.93000,$560.73000,,9400100000000000008259
2026-09-13T14:43:56Z,paylog_008374,complete,user,easypost_bank,service_fee,$8.82000,$551.91000,,9400100000000000008236
2026-09-13T14:49:30Z,paylog_008375,complete,user,easypost_bank,service_fee,$13.67000,$538.24000,,9400100000000000008205
2026-09-13T15:09:21Z,paylog_008376,complete,user,easypost_bank,service_fee,$5.28000,$532.96000,,9400100000000000008267
2026-09-13T15:10:26Z,paylog_008377,complete,user,easypost_bank,service_fee,$3.87000,$529.09000,,9400100000000000008257
2026-09-13T15:23:15Z,paylog_008378,complete,user,easypost_bank,service_fee,$5.81000,$523.28000,,9400100000000000008245
2026-09-13T15:23:35Z,paylog_008379,complete,user,easypost_bank,service_fee,$5.47000,$517.81000,,9400100000000000008268
2026-09-13T15:39:07Z,paylog_008380,complete,user,easypost_bank,service_fee,$3.38000,$514.43000,,9400100000000000008175
2026-09-13T15:44:53Z,paylog_008381,complete,user,easypost_bank,service_fee,$3.47000,$510.96000,,9400100000000000008256
2026-09-13T15:58:57Z,paylog_008382,complete,user,easypost_bank,service_fee,$3.31000,$507.65000,,9400100000000000008248
2026-09-13T16:00:05Z,paylog_008383,complete,user,easypost_bank,service_fee,$7.75000,$499.90000,,9400100000000000008211
2026-09-13T16:04:00Z,paylog_008384,complete,user,easypost_bank,service_fee,$14.51000,$485.39000,,9400100000000000008219
2026-09-13T16:07:32Z,paylog_008385,complete,user,easypost_bank,service_fee,$18.12000,$467.27000,,9400100000000000008132
2026-09-13T16:14:15Z,paylog_008386,complete,user,easypost_bank,service_fee,$13.66000,$453.61000,,9400100000000000008159
2026-09-13T16:18:47Z,paylog_008387,complete,user,easypost_bank,service_fee,$7.82000,$445.79000,,9400100000000000008223
2026-09-13T16:31:51Z,paylog_008388,complete,user,easypost_bank,service_fee,$3.72000,$442.07000,,9400100000000000008128
2026-09-13T16:53:06Z,paylog_008389,complete,user,easypost_bank,service_fee,$6.14000,$435.93000,,9400100000000000008233
2026-09-13T16:54:51Z,paylog_008390,complete,user,easypost_bank,service_fee,$9.19000,$426.74000,,9400100000000000008157
2026-09-13T17:03:03Z,paylog_008391,complete,user,easypost_bank,service_fee,$5.72000,$421.02000,,9400100000000000008260
2026-09-13T17:07:45Z,paylog_008392,complete,user,easypost_bank,service_fee,$3.37000,$417.65000,,9400100000000000008258
2026-09-13T17:15:36Z,paylog_008393,complete,user,easypost_bank,service_fee,$5.21000,$412.44000,,9400100000000000008252
2026-09-13T17:22:33Z,paylog_008394,complete,user,easypost_bank,service_fee,$5.68000,$406.76000,,9400100000000000008265
2026-09-13T17:24:44Z,paylog_008395,complete,user,easypost_bank,service_fee,$3.61000,$403.15000,,9400100000000000008263
2026-09-13T17:32:19Z,paylog_008396,complete,user,easypost_bank,service_fee,$3.48000,$399.67000,,9400100000000000008182
2026-09-13T17:49:31Z,paylog_008397,complete,user,easypost_bank,service_fee,$4.64000,$395.03000,,9400100000000000008269
2026-09-13T18:00:44Z,paylog_008398,complete,user,easypost_bank,service_fee,$3.63000,$391.40000,,9400100000000000008261
2026-09-13T18:01:01Z,paylog_008399,complete,user,easypost_bank,service_fee,$6.83000,$384.57000,,9400100000000000008221
2026-09-13T18:17:46Z,paylog_008400,complete,user,easypost_bank,service_fee,$3.31000,$381.26000,,9400100000000000008184
2026-09-13T18:36:41Z,paylog_008401,complete,user,easypost_bank,service_fee,$9.59000,$371.67000,,9400100000000000008156
2026-09-13T18:58:42Z,paylog_008402,complete,user,easypost_bank,service_fee,$3.75000,$367.92000,,9400100000000000008262
2026-09-13T18:59:48Z,paylog_008403,complete,user,easypost_bank,service_fee,$5.00000,$362.92000,,9400100000000000008232
2026-09-13T19:03:04Z,paylog_008404,complete,user,easypost_bank,service_fee,$8.61000,$354.31000,,9400100000000000008227
2026-09-13T19:14:04Z,paylog_008405,complete,user,easypost_bank,service_fee,$13.33000,$340.98000,,9400100000000000008231
2026-09-13T19:27:18Z,paylog_008406,complete,user,easypost_bank,service_fee,$11.79000,$329.19000,,9400100000000000008149
2026-09-13T19:30:00Z,paylog_008407,complete,user,easypost_bank,service_fee,$3.74000,$325.45000,,9400100000000000008194
2026-09-13T19:30:44Z,paylog_008408,complete,user,easypost_bank,service_fee,$9.04000,$316.41000,,9400100000000000008237
2026-09-13T19:40:45Z,paylog_008409,complete,user,easypost_bank,service_fee,$8.13000,$308.28000,,9400100000000000008215
2026-09-13T19:42:49Z,paylog_008410,complete,user,easypost_bank,service_fee,$6.23000,$302.05000,,9400100000000000008203
2026-09-13T19:57:23Z,paylog_008411,complete,bank_account,user,recharge,$1000.00000,$1302.05000,,
2026-09-13T19:58:23Z,paylog_008412,complete,user,easypost_bank,service_fee,$12.50000,$1289.55000,,9400100000000000008224
2026-09-13T20:21:56Z,paylog_008413,complete,user,easypost_bank,service_fee,$12.15000,$1277.40000,,9400100000000000008230
2026-09-13T20:24:56Z,paylog_008414,complete,user,easypost_bank,service_fee,$3.38000,$1274.02000,,9400100000000000008243
2026-09-13T20:53:09Z,paylog_008415,complete,user,easypost_bank,service_fee,$3.87000,$1270.15000,,9400100000000000008251
2026-09-13T20:57:18Z,paylog_008416,complete,user,easypost_bank,service_fee,$9.13000,$1261.02000,,9400100000000000008158
2026-09-13T20:57:52Z,paylog_008417,complete,user,easypost_bank,service_fee,$3.52000,$1257.50000,,9400100000000000008169
2026-09-13T22:00:00Z,paylog_008418,complete,refund,user,refund,$15.24000,$1272.74000,,9400100000000000008150
2026-09-14T13:01:48Z,paylog_008419,complete,user,easypost_bank,service_fee,$16.63000,$1256.11000,,9400100000000000008290
2026-09-14T13:02:54Z,paylog_008420,complete,user,easypost_bank,service_fee,$3.75000,$1252.36000,,9400100000000000008310
2026-09-14T13:04:59Z,paylog_008421,complete,user,easypost_bank,service_fee,$7.36000,$1245.00000,,9400100000000000008271
2026-09-14T13:12:03Z,paylog_008422,complete,user,easypost_bank,service_fee,$9.29000,$1235.71000,,9400100000000000008285
2026-09-14T13:17:07Z,paylog_008423,complete,user,easypost_bank,service_fee,$16.50000,$1219.21000,,9400100000000000008204
2026-09-14T13:20:10Z,paylog_008424,complete,user,easypost_bank,service_fee,$13.86000,$1205.35000,,9400100000000000008208
2026-09-14T13:29:05Z,paylog_008425,complete,user,easypost_bank,service_fee,$4.97000,$1200.38000,,9400100000000000008327
2026-09-14T13:31:20Z,paylog_008426,complete,user,easypost_bank,service_fee,$7.47000,$1192.91000,,9400100000000000008235
2026-09-14T13:50:05Z,paylog_008427,complete,user,easypost_bank,service_fee,$6.53000,$1186.38000,,9400100000000000008273
2026-09-14T14:03:18Z,paylog_008428,complete,user,easypost_bank,service_fee,$6.15000,$1180.23000,,9400100000000000008210
2026-09-14T14:05:40Z,paylog_008429,complete,user,easypost_bank,service_fee,$3.58000,$1176.65000,,9400100000000000008305
2026-09-14T14:30:23Z,paylog_008430,complete,user,easypost_bank,service_fee,$5.07000,$1171.58000,,9400100000000000008318
2026-09-14T14:36:57Z,paylog_008431,complete,user,easypost_bank,service_fee,$6.37000,$1165.21000,,9400100000000000008333
2026-09-14T14:41:28Z,paylog_008432,complete,user,easypost_bank,service_fee,$6.70000,$1158.51000,,9400100000000000008331
2026-09-14T14:55:38Z,paylog_008433,complete,user,easypost_bank,service_fee,$5.07000,$1153.44000,,9400100000000000008249
2026-09-14T14:56:08Z,paylog_008434,complete,user,easypost_bank,service_fee,$5.14000,$1148.30000,,9400100000000000008244
2026-09-14T14:58:20Z,paylog_008435,complete,user,easypost_bank,service_fee,$4.99000,$1143.31000,,9400100000000000008298
2026-09-14T15:10:53Z,paylog_008436,complete,user,easypost_bank,service_fee,$6.43000,$1136.88000,,9400100000000000008332
2026-09-14T15:13:12Z,paylog_008437,complete,user,easypost_bank,service_fee,$6.14000,$1130.74000,,9400100000000000008293
2026-09-14T15:38:44Z,paylog_008438,complete,user,easypost_bank,service_fee,$16.71000,$1114.03000,,9400100000000000008240
2026-09-14T15:46:49Z,paylog_008439,complete,user,easypost_bank,service_fee,$6.77000,$1107.26000,,9400100000000000008217
2026-09-14T15:57:10Z,paylog_008440,complete,user,easypost_bank,service_fee,$3.32000,$1103.94000,,9400100000000000008304
2026-09-14T16:18:05Z,paylog_008441,complete,user,easypost_bank,service_fee,$3.30000,$1100.64000,,9400100000000000008166
2026-09-14T16:28:48Z,paylog_008442,complete,user,easypost_bank,service_fee,$5.29000,$1095.35000,,9400100000000000008317
2026-09-14T16:45:27Z,paylog_008443,complete,user,easypost_bank,service_fee,$6.85000,$1088.50000,,9400100000000000008214
2026-09-14T16:47:49Z,paylog_008444,complete,user,easypost_bank,service_fee,$7.57000,$1080.93000,,9400100000000000008280
2026-09-14T16:52:02Z,paylog_008445,complete,user,easypost_bank,service_fee,$9.80000,$1071.13000,,9400100000000000008292
2026-09-14T17:04:57Z,paylog_008446,complete,user,easypost_bank,service_fee,$12.81000,$1058.32000,,9400100000000000008222
2026-09-14T17:08:47Z,paylog_008447,complete,user,easypost_bank,service_fee,$3.61000,$1054.71000,,9400100000000000008316
2026-09-14T17:14:35Z,paylog_008448,complete,user,easypost_bank,service_fee,$6.93000,$1047.78000,,9400100000000000008323
2026-09-14T17:16:08Z,paylog_008449,complete,user,easypost_bank,service_fee,$11.72000,$1036.06000,,9400100000000000008225
2026-09-14T17:19:03Z,paylog_008450,complete,user,easypost_bank,service_fee,$8.09000,$1027.97000,,9400100000000000008155
2026-09-14T18:00:13Z,paylog_008451,complete,user,easypost_bank,service_fee,$5.92000,$1022.05000,,9400100000000000008278
2026-09-14T18:06:46Z,paylog_008452,complete,user,easypost_bank,service_fee,$5.80000,$1016.25000,,9400100000000000008334
2026-09-14T18:08:14Z,paylog_008453,complete,user,easypost_bank,service_fee,$6.04000,$1010.21000,,9400100000000000008330
2026-09-14T18:08:17Z,paylog_008454,complete,user,easypost_bank,service_fee,$5.53000,$1004.68000,,9400100000000000008314
2026-09-14T18:14:23Z,paylog_008455,complete,user,easypost_bank,service_fee,$3.40000,$1001.28000,,9400100000000000008308
2026-09-14T18:15:03Z,paylog_008456,complete,user,easypost_bank,service_fee,$3.89000,$997.39000,,9400100000000000008313
2026-09-14T18:15:11Z,paylog_008457,complete,user,easypost_bank,service_fee,$5.81000,$991.58000,,9400100000000000008303
2026-09-14T18:17:43Z,paylog_008458,complete,user,easypost_bank,service_fee,$4.93000,$986.65000,,9400100000000000008322
2026-09-14T18:22:19Z,paylog_008459,complete,user,easypost_bank,service_fee,$8.54000,$978.11000,,9400100000000000008213
2026-09-14T18:28:49Z,paylog_008460,complete,user,easypost_bank,service_fee,$6.24000,$971.87000,,9400100000000000008277
2026-09-14T18:36:13Z,paylog_008461,complete,user,easypost_bank,service_fee,$5.17000,$966.70000,,9400100000000000008295
2026-09-14T18:38:14Z,paylog_008462,complete,user,easypost_bank,service_fee,$7.48000,$959.22000,,9400100000000000008288
2026-09-14T18:41:51Z,paylog_008463,complete,user,easypost_bank,service_fee,$5.20000,$954.02000,,9400100000000000008309
2026-09-14T18:46:38Z,paylog_008464,complete,user,easypost_bank,service_fee,$3.45000,$950.57000,,9400100000000000008176
2026-09-14T18:49:20Z,paylog_008465,complete,user,easypost_bank,service_fee,$3.64000,$946.93000,,9400100000000000008253
2026-09-14T19:02:20Z,paylog_008466,complete,user,easypost_bank,service_fee,$8.02000,$938.91000,,9400100000000000008209
2026-09-14T19:16:07Z,paylog_008467,complete,user,easypost_bank,service_fee,$13.84000,$925.07000,,9400100000000000008289
2026-09-14T19:22:58Z,paylog_008468,complete,user,easypost_bank,service_fee,$10.85000,$914.22000,,9400100000000000008228
2026-09-14T19:33:52Z,paylog_008469,complete,user,easypost_bank,service_fee,$3.72000,$910.50000,,9400100000000000008306
2026-09-14T19:41:29Z,paylog_008470,complete,user,easypost_bank,service_fee,$3.55000,$906.95000,,9400100000000000008302
2026-09-14T19:42:40Z,paylog_008471,complete,user,easypost_bank,service_fee,$3.33000,$903.62000,,9400100000000000008300
2026-09-14T19:46:46Z,paylog_008472,complete,user,easypost_bank,service_fee,$3.64000,$899.98000,,9400100000000000008255
2026-09-14T19:47:03Z,paylog_008473,complete,user,easypost_bank,service_fee,$9.77000,$890.21000,,9400100000000000008212
2026-09-14T19:51:43Z,paylog_008474,complete,user,easypost_bank,service_fee,$3.88000,$886.33000,,9400100000000000008264
2026-09-14T19:54:14Z,paylog_008475,complete,user,easypost_bank,service_fee,$3.85000,$882.48000,,9400100000000000008315
2026-09-14T20:06:29Z,paylog_008476,complete,user,easypost_bank,service_fee,$3.30000,$879.18000,,9400100000000000008254
2026-09-14T20:16:07Z,paylog_008477,complete,user,easypost_bank,service_fee,$10.23000,$868.95000,,9400100000000000008216
2026-09-14T20:23:27Z,paylog_008478,complete,user,easypost_bank,service_fee,$5.32000,$863.63000,,9400100000000000008242
2026-09-14T20:45:23Z,paylog_008479,complete,user,easypost_bank,service_fee,$16.02000,$847.61000,,9400100000000000008226
2026-09-14T20:47:38Z,paylog_008480,complete,user,easypost_bank,service_fee,$3.70000,$843.91000,,9400100000000000008297
2026-09-14T20:48:51Z,paylog_008481,complete,user,easypost_bank,service_fee,$5.82000,$838.09000,,9400100000000000008246
2026-09-14T20:51:02Z,paylog_008482,complete,user,easypost_bank,service_fee,$3.84000,$834.25000,,9400100000000000008301
2026-09-14T20:59:16Z,paylog_008483,complete,user,easypost_bank,service_fee,$5.97000,$828.28000,,9400100000000000008272
2026-09-15T12:00:00Z,paylog_008484,complete,user,easypost_bank,service_fee,$1.00000,$827.28000,,
2026-09-15T13:10:45Z,paylog_008485,complete,user,easypost_bank,service_fee,$8.85000,$818.43000,,9400100000000000008365
2026-09-15T13:14:50Z,paylog_008486,complete,user,easypost_bank,service_fee,$6.37000,$812.06000,,9400100000000000008417
2026-09-15T13:17:40Z,paylog_008487,complete,user,easypost_bank,service_fee,$14.22000,$797.84000,,9400100000000000008411
2026-09-15T13:18:08Z,paylog_008488,complete,user,easypost_bank,service_fee,$10.59000,$787.25000,,9400100000000000008371
2026-09-15T13:20:47Z,paylog_008489,complete,user,easypost_bank,service_fee,$5.28000,$781.97000,,9400100000000000008320
2026-09-15T13:22:36Z,paylog_008490,complete,user,easypost_bank,service_fee,$9.96000,$772.01000,,9400100000000000008348
2026-09-15T13:27:40Z,paylog_008491,complete,user,easypost_bank,service_fee,$7.72000,$764.29000,,9400100000000000008376
2026-09-15T13:34:28Z,paylog_008492,complete,user,easypost_bank,service_fee,$3.53000,$760.76000,,9400100000000000008396
2026-09-15T13:55:56Z,paylog_008493,complete,user,easypost_bank,service_fee,$7.21000,$753.55000,,9400100000000000008375
2026-09-15T13:58:04Z,paylog_008494,complete,user,easypost_bank,service_fee,$6.53000,$747.02000,,9400100000000000008418
2026-09-15T14:03:45Z,paylog_008495,complete,user,easypost_bank,service_fee,$4.92000,$742.10000,,9400100000000000008405
2026-09-15T14:04:31Z,paylog_008496,complete,user,easypost_bank,service_fee,$3.70000,$738.40000,,9400100000000000008402
2026-09-15T14:13:49Z,paylog_008497,complete,user,easypost_bank,service_fee,$9.08000,$729.32000,,9400100000000000008344
2026-09-15T14:23:34Z,paylog_008498,complete,user,easypost_bank,service_fee,$3.72000,$725.60000,,9400100000000000008393
2026-09-15T14:27:03Z,paylog_008499,complete,user,easypost_bank,service_fee,$3.39000,$722.21000,,9400100000000000008388
2026-09-15T14:29:16Z,paylog_008500,complete,user,easypost_bank,service_fee,$18.19000,$704.02000,,9400100000000000008340
2026-09-15T14:35:52Z,paylog_008501,complete,user,easypost_bank,service_fee,$3.55000,$700.47000,,9400100000000000008404
2026-09-15T14:54:53Z,paylog_008502,complete,user,easypost_bank,service_fee,$8.72000,$691.75000,,9400100000000000008369
2026-09-15T15:00:37Z,paylog_008503,complete,user,easypost_bank,service_fee,$3.87000,$687.88000,,9400100000000000008319
2026-09-15T15:00:49Z,paylog_008504,complete,user,easypost_bank,service_fee,$3.85000,$684.03000,,9400100000000000008392
2026-09-15T15:01:24Z,paylog_008505,complete,user,easypost_bank,service_fee,$9.23000,$674.80000,,9400100000000000008366
2026-09-15T15:03:48Z,paylog_008506,complete,user,easypost_bank,service_fee,$3.47000,$671.33000,,9400100000000000008382
2026-09-15T15:04:37Z,paylog_008507,complete,user,easypost_bank,service_fee,$3.58000,$667.75000,,9400100000000000008410
2026-09-15T15:04:48Z,paylog_008508,complete,user,easypost_bank,service_fee,$3.91000,$663.84000,,9400100000000000008311
2026-09-15T15:05:08Z,paylog_008509,complete,user,easypost_bank,service_fee,$15.15000,$648.69000,,9400100000000000008356
2026-09-15T15:09:23Z,paylog_008510,complete,user,easypost_bank,service_fee,$7.12000,$641.57000,,9400100000000000008355
2026-09-15T15:13:19Z,paylog_008511,complete,user,easypost_bank,service_fee,$6.25000,$635.32000,,9400100000000000008352
2026-09-15T15:18:37Z,paylog_008512,complete,user,easypost_bank,service_fee,$4.57000,$630.75000,,9400100000000000008276
2026-09-15T15:19:50Z,paylog_008513,complete,user,easypost_bank,service_fee,$6.67000,$624.08000,,9400100000000000008415
2026-09-15T15:22:46Z,paylog_008514,complete,user,easypost_bank,service_fee,$10.90000,$613.18000,,9400100000000000008342
2026-09-15T15:24:52Z,paylog_008515,complete,user,easypost_bank,service_fee,$11.50000,$601.68000,,9400100000000000008357
2026-09-15T15:28:11Z,paylog_008516,complete,user,easypost_bank,service_fee,$3.29000,$598.39000,,9400100000000000008379
2026-09-15T15:42:04Z,paylog_008517,complete,user,easypost_bank,service_fee,$3.83000,$594.56000,,9400100000000000008386
2026-09-15T15:48:27Z,paylog_008518,complete,user,easypost_bank,service_fee,$6.84000,$587.72000,,9400100000000000008341
2026-09-15T16:01:09Z,paylog_008519,complete,user,easypost_bank,service_fee,$12.52000,$575.20000,,9400100000000000008282
2026-09-15T16:08:00Z,paylog_008520,complete,user,easypost_bank,service_fee,$5.75000,$569.45000,,9400100000000000008312
2026-09-15T16:16:18Z,paylog_008521,complete,user,easypost_bank,service_fee,$14.07000,$555.38000,,9400100000000000008343
2026-09-15T16:18:48Z,paylog_008522,complete,user,easypost_bank,service_fee,$5.86000,$549.52000,,9400100000000000008321
2026-09-15T16:21:06Z,paylog_008523,complete,user,easypost_bank,service_fee,$3.43000,$546.09000,,9400100000000000008403
2026-09-15T16:30:00Z,paylog_008524,complete,user,easypost_bank,service_fee,$5.42000,$540.67000,,9400100000000000008307
2026-09-15T16:47:03Z,paylog_008525,complete,user,easypost_bank,service_fee,$9.94000,$530.73000,,9400100000000000008370
2026-09-15T16:49:46Z,paylog_008526,complete,user,easypost_bank,service_fee,$11.61000,$519.12000,,9400100000000000008281
2026-09-15T16:55:17Z,paylog_008527,complete,user,easypost_bank,service_fee,$3.44000,$515.68000,,9400100000000000008397
2026-09-15T16:59:24Z,paylog_008528,complete,user,easypost_bank,service_fee,$5.52000,$510.16000,,9400100000000000008391
2026-09-15T16:59:36Z,paylog_008529,complete,user,easypost_bank,service_fee,$9.34000,$500.82000,,9400100000000000008335
2026-09-15T17:07:39Z,paylog_008530,complete,user,easypost_bank,service_fee,$8.64000,$492.18000,,9400100000000000008367
2026-09-15T17:12:35Z,paylog_008531,complete,user,easypost_bank,service_fee,$3.67000,$488.51000,,9400100000000000008390
2026-09-15T17:18:19Z,paylog_008532,complete,user,easypost_bank,service_fee,$3.80000,$484.71000,,9400100000000000008296
2026-09-15T17:23:23Z,paylog_008533,complete,user,easypost_bank,service_fee,$9.07000,$475.64000,,9400100000000000008364
2026-09-15T17:25:18Z,paylog_008534,complete,user,easypost_bank,service_fee,$5.00000,$470.64000,,9400100000000000008324
2026-09-15T17:26:51Z,paylog_008535,complete,user,easypost_bank,service_fee,$7.54000,$463.10000,,9400100000000000008362
2026-09-15T17:43:30Z,paylog_008536,complete,user,easypost_bank,service_fee,$3.36000,$459.74000,,9400100000000000008380
2026-09-15T17:47:33Z,paylog_008537,complete,user,easypost_bank,service_fee,$3.23000,$456.51000,,9400100000000000008325
2026-09-15T17:52:51Z,paylog_008538,complete,user,easypost_bank,service_fee,$14.10000,$442.41000,,9400100000000000008279
2026-09-15T17:52:57Z,paylog_008539,complete,user,easypost_bank,service_fee,$8.85000,$433.56000,,9400100000000000008347
2026-09-15T17:54:18Z,paylog_008540,complete,user,easypost_bank,service_fee,$13.93000,$419.63000,,9400100000000000008291
2026-09-15T17:56:18Z,paylog_008541,complete,user,easypost_bank,service_fee,$11.54000,$408.09000,,9400100000000000008234
2026-09-15T17:58:22Z,paylog_008542,complete,user,easypost_bank,service_fee,$3.91000,$404.18000,,9400100000000000008387
2026-09-15T18:07:22Z,paylog_008543,complete,user,easypost_bank,service_fee,$7.33000,$396.85000,,9400100000000000008339
2026-09-15T18:09:38Z,paylog_008544,complete,user,easypost_bank,service_fee,$9.09000,$387.76000,,9400100000000000008361
2026-09-15T18:11:31Z,paylog_008545,complete,user,easypost_bank,service_fee,$8.86000,$378.90000,,9400100000000000008294
2026-09-15T18:13:14Z,paylog_008546,complete,user,easypost_bank,service_fee,$9.80000,$369.10000,,9400100000000000008337
2026-09-15T18:20:26Z,paylog_008547,complete,user,easypost_bank,service_fee,$3.64000,$365.46000,,9400100000000000008299
2026-09-15T18:38:59Z,paylog_008548,complete,user,easypost_bank,service_fee,$11.60000,$353.86000,,9400100000000000008283
2026-09-15T18:40:00Z,paylog_008549,complete,user,easypost_bank,service_fee,$7.21000,$346.65000,,9400100000000000008328
2026-09-15T18:54:55Z,paylog_008550,complete,user,easypost_bank,service_fee,$3.33000,$343.32000,,9400100000000000008401
2026-09-15T18:56:37Z,paylog_008551,complete,user,easypost_bank,service_fee,$9.80000,$333.52000,,9400100000000000008373
2026-09-15T18:57:23Z,paylog_008552,complete,user,easypost_bank,service_fee,$10.32000,$323.20000,,9400100000000000008354
2026-09-15T19:03:13Z,paylog_008553,complete,user,easypost_bank,service_fee,$13.86000,$309.34000,,9400100000000000008372
2026-09-15T19:08:18Z,paylog_008554,complete,user,easypost_bank,service_fee,$5.11000,$304.23000,,9400100000000000008400
2026-09-15T19:09:12Z,paylog_008555,complete,bank_account,user,recharge,$1000.00000,$1304.23000,,
2026-09-15T19:10:12Z,paylog_008556,complete,user,easypost_bank,service_fee,$10.15000,$1294.08000,,9400100000000000008374
2026-09-15T19:17:43Z,paylog_008557,complete,user,easypost_bank,service_fee,$5.46000,$1288.62000,,9400100000000000008412
2026-09-15T19:22:18Z,paylog_008558,complete,user,easypost_bank,service_fee,$19.71000,$1268.91000,,9400100000000000008360
2026-09-15T19:28:37Z,paylog_008559,complete,user,easypost_bank,service_fee,$7.97000,$1260.94000,,9400100000000000008326
2026-09-15T19:39:23Z,paylog_008560,complete,user,easypost_bank,service_fee,$9.91000,$1251.03000,,9400100000000000008363
2026-09-15T19:39:48Z,paylog_008561,complete,user,easypost_bank,service_fee,$11.45000,$1239.58000,,9400100000000000008358
2026-09-15T19:46:50Z,paylog_008562,complete,user,easypost_bank,service_fee,$8.61000,$1230.97000,,9400100000000000008287
2026-09-15T19:58:47Z,paylog_008563,complete,user,easypost_bank,service_fee,$3.43000,$1227.54000,,9400100000000000008395
2026-09-15T19:58:56Z,paylog_008564,complete,user,easypost_bank,service_fee,$9.11000,$1218.43000,,9400100000000000008284
2026-09-15T20:02:19Z,paylog_008565,complete,user,easypost_bank,service_fee,$5.10000,$1213.33000,,9400100000000000008407
2026-09-15T20:03:15Z,paylog_008566,complete,user,easypost_bank,service_fee,$8.99000,$1204.34000,,9400100000000000008229
2026-09-15T20:05:32Z,paylog_008567,complete,user,easypost_bank,service_fee,$12.40000,$1191.94000,,9400100000000000008286
2026-09-15T20:36:14Z,paylog_008568,complete,user,easypost_bank,service_fee,$17.80000,$1174.14000,,9400100000000000008353
2026-09-15T20:39:50Z,paylog_008569,complete,user,easypost_bank,service_fee,$3.38000,$1170.76000,,9400100000000000008389
2026-09-15T20:55:40Z,paylog_008570,complete,user,easypost_bank,service_fee,$8.63000,$1162.13000,,9400100000000000008345
2026-09-15T22:00:00Z,paylog_008571,complete,refund,user,refund,$7.48000,$1169.61000,,9400100000000000008288
2026-09-15T22:00:00Z,paylog_008572,complete,refund,user,refund,$5.32000,$1174.93000,,9400100000000000008242
2026-09-16T13:01:46Z,paylog_008573,complete,user,easypost_bank,service_fee,$15.55000,$1159.38000,,9400100000000000008349
2026-09-16T13:11:59Z,paylog_008574,complete,user,easypost_bank,service_fee,$11.00000,$1148.38000,,9400100000000000008426
2026-09-16T13:22:18Z,paylog_008575,complete,user,easypost_bank,service_fee,$5.24000,$1143.14000,,9400100000000000008456
2026-09-16T13:24:17Z,paylog_008576,complete,user,easypost_bank,service_fee,$3.49000,$1139.65000,,9400100000000000008470
2026-09-16T13:24:50Z,paylog_008577,complete,user,easypost_bank,service_fee,$3.62000,$1136.03000,,9400100000000000008398
2026-09-16T13:31:48Z,paylog_008578,complete,user,easypost_bank,service_fee,$4.50000,$1131.53000,,9400100000000000008483
2026-09-16T13:33:09Z,paylog_008579,complete,user,easypost_bank,service_fee,$13.29000,$1118.24000,,9400100000000000008430
2026-09-16T13:34:32Z,paylog_008580,complete,user,easypost_bank,service_fee,$10.04000,$1108.20000,,9400100000000000008447
2026-09-16T13:50:51Z,paylog_008581,complete,user,easypost_bank,service_fee,$12.05000,$1096.15000,,9400100000000000008480
2026-09-16T13:54:25Z,paylog_008582,complete,user,easypost_bank,service_fee,$3.61000,$1092.54000,,9400100000000000008381
2026-09-16T14:05:32Z,paylog_008583,complete,user,easypost_bank,service_fee,$3.72000,$1088.82000,,9400100000000000008467
2026-09-16T14:09:40Z,paylog_008584,complete,user,easypost_bank,service_fee,$11.05000,$1077.77000,,9400100000000000008436
2026-09-16T14:15:13Z,paylog_008585,complete,user,easypost_bank,service_fee,$6.72000,$1071.05000,,9400100000000000008437
2026-09-16T14:35:13Z,paylog_008586,complete,user,easypost_bank,service_fee,$13.96000,$1057.09000,,9400100000000000008350
2026-09-16T14:37:05Z,paylog_008587,complete,user,easypost_bank,service_fee,$8.85000,$1048.24000,,9400100000000000008413
2026-09-16T14:50:44Z,paylog_008588,complete,user,easypost_bank,service_fee,$7.73000,$1040.51000,,9400100000000000008422
2026-09-16T14:56:10Z,paylog_008589,complete,user,easypost_bank,service_fee,$7.21000,$1033.30000,,9400100000000000008427
2026-09-16T15:15:01Z,paylog_008590,complete,user,easypost_bank,service_fee,$3.84000,$1029.46000,,9400100000000000008394
2026-09-16T15:17:43Z,paylog_008591,complete,user,easypost_bank,service_fee,$6.25000,$1023.21000,,9400100000000000008414
2026-09-16T15:21:37Z,paylog_008592,complete,user,easypost_bank,service_fee,$15.22000,$1007.99000,,9400100000000000008346
2026-09-16T15:21:59Z,paylog_008593,complete,user,easypost_bank,service_fee,$3.34000,$1004.65000,,9400100000000000008466
2026-09-16T15:31:29Z,paylog_008594,complete,user,easypost_bank,service_fee,$3.86000,$1000.79000,,9400100000000000008378
2026-09-16T15:31:45Z,paylog_008595,complete,user,easypost_bank,service_fee,$3.79000,$997.00000,,9400100000000000008465
2026-09-16T15:39:11Z,paylog_008596,complete,user,easypost_bank,service_fee,$6.40000,$990.60000,,9400100000000000008338
2026-09-16T16:03:01Z,paylog_008597,complete,user,easypost_bank,service_fee,$6.81000,$983.79000,,9400100000000000008428
2026-09-16T16:04:36Z,paylog_008598,complete,user,easypost_bank,service_fee,$10.54000,$973.25000,,9400100000000000008444
2026-09-16T16:16:24Z,paylog_008599,complete,user,easypost_bank,service_fee,$7.91000,$965.34000,,9400100000000000008336
2026-09-16T16:34:37Z,paylog_008600,complete,user,easypost_bank,service_fee,$3.69000,$961.65000,,9400100000000000008460
2026-09-16T16:40:57Z,paylog_008601,complete,user,easypost_bank,service_fee,$8.31000,$953.34000,,9400100000000000008429
2026-09-16T16:50:49Z,paylog_008602,complete,user,easypost_bank,service_fee,$3.79000,$949.55000,,9400100000000000008484
2026-09-16T17:02:26Z,paylog_008603,complete,user,easypost_bank,service_fee,$11.23000,$938.32000,,9400100000000000008442
2026-09-16T17:03:37Z,paylog_008604,complete,user,easypost_bank,service_fee,$3.76000,$934.56000,,9400100000000000008478
2026-09-16T17:14:10Z,paylog_008605,complete,user,easypost_bank,service_fee,$4.86000,$929.70000,,9400100000000000008482
2026-09-16T17:19:16Z,paylog_008606,complete,user,easypost_bank,service_fee,$3.36000,$926.34000,,9400100000000000008406
2026-09-16T17:21:56Z,paylog_008607,complete,user,easypost_bank,service_fee,$14.17000,$912.17000,,9400100000000000008421
2026-09-16T17:23:35Z,paylog_008608,complete,user,easypost_bank,service_fee,$11.70000,$900.47000,,9400100000000000008433
2026-09-16T17:34:38Z,paylog_008609,complete,user,easypost_bank,service_fee,$3.75000,$896.72000,,9400100000000000008384
2026-09-16T17:39:48Z,paylog_008610,complete,user,easypost_bank,service_fee,$5.51000,$891.21000,,9400100000000000008441
2026-09-16T17:42:53Z,paylog_008611,complete,user,easypost_bank,service_fee,$3.78000,$887.43000,,9400100000000000008399
2026-09-16T17:45:16Z,paylog_008612,complete,user,easypost_bank,service_fee,$3.68000,$883.75000,,9400100000000000008461
2026-09-16T17:50:38Z,paylog_008613,complete,user,easypost_bank,service_fee,$11.19000,$872.56000,,9400100000000000008329
2026-09-16T17:50:40Z,paylog_008614,complete,user,easypost_bank,service_fee,$5.03000,$867.53000,,9400100000000000008475
2026-09-16T17:55:23Z,paylog_008615,complete,user,easypost_bank,service_fee,$3.78000,$863.75000,,9400100000000000008464
2026-09-16T17:57:56Z,paylog_008616,complete,user,easypost_bank,service_fee,$6.36000,$857.39000,,9400100000000000008419
2026-09-16T18:01:35Z,paylog_008617,complete,user,easypost_bank,service_fee,$5.67000,$851.72000,,9400100000000000008385
2026-09-16T18:09:32Z,paylog_008618,complete,user,easypost_bank,service_fee,$3.55000,$848.17000,,9400100000000000008477
2026-09-16T18:12:34Z,paylog_008619,complete,user,easypost_bank,service_fee,$5.18000,$842.99000,,9400100000000000008485
2026-09-16T18:29:57Z,paylog_008620,complete,user,easypost_bank,service_fee,$5.73000,$837.26000,,9400100000000000008351
2026-09-16T18:30:11Z,paylog_008621,complete,user,easypost_bank,service_fee,$3.38000,$833.88000,,9400100000000000008454
2026-09-16T18:40:02Z,paylog_008622,complete,user,easypost_bank,service_fee,$6.60000,$827.28000,,9400100000000000008416
2026-09-16T18:49:34Z,paylog_008623,complete,user,easypost_bank,service_fee,$3.75000,$823.53000,,9400100000000000008455
2026-09-16T18:57:09Z,paylog_008624,complete,user,easypost_bank,service_fee,$10.49000,$813.04000,,9400100000000000008481
2026-09-16T18:57:29Z,paylog_008625,complete,user,easypost_bank,service_fee,$3.74000,$809.30000,,9400100000000000008473
2026-09-16T18:57:50Z,paylog_008626,complete,user,easypost_bank,service_fee,$3.47000,$805.83000,,9400100000000000008409
2026-09-16T19:08:55Z,paylog_008627,complete,user,easypost_bank,service_fee,$3.52000,$802.31000,,9400100000000000008469
2026-09-16T19:17:44Z,paylog_008628,complete,user,easypost_bank,service_fee,$3.54000,$798.77000,,9400100000000000008452
2026-09-16T19:18:20Z,paylog_008629,complete,user,easypost_bank,service_fee,$5.94000,$792.83000,,9400100000000000008359
2026-09-16T20:04:29Z,paylog_008630,complete,user,easypost_bank,service_fee,$5.65000,$787.18000,,9400100000000000008486
2026-09-16T20:18:25Z,paylog_008631,complete,user,easypost_bank,service_fee,$11.05000,$776.13000,,9400100000000000008377
2026-09-16T20:20:16Z,paylog_008632,complete,user,easypost_bank,service_fee,$3.52000,$772.61000,,9400100000000000008462
2026-09-16T20:30:19Z,paylog_008633,complete,user,easypost_bank,service_fee,$8.74000,$763.87000,,9400100000000000008445
2026-09-16T20:32:35Z,paylog_008634,complete,user,easypost_bank,service_fee,$14.49000,$749.38000,,9400100000000000008431
2026-09-16T20:34:12Z,paylog_008635,complete,user,easypost_bank,service_fee,$3.79000,$745.59000,,9400100000000000008468
2026-09-16T20:42:33Z,paylog_008636,complete,user,easypost_bank,service_fee,$3.60000,$741.99000,,9400100000000000008459
2026-09-16T20:50:26Z,paylog_008637,complete,user,easypost_bank,service_fee,$3.76000,$738.23000,,9400100000000000008457
2026-09-16T20:50:37Z,paylog_008638,complete,user,easypost_bank,service_fee,$3.88000,$734.35000,,9400100000000000008476
2026-09-16T22:00:00Z,paylog_008639,complete,refund,user,refund,$5.10000,$739.45000,,9400100000000000008407
2026-09-17T13:00:35Z,paylog_008640,complete,user,easypost_bank,service_fee,$5.63000,$733.82000,,9400100000000000008517
2026-09-17T13:01:54Z,paylog_008641,complete,user,easypost_bank,service_fee,$10.27000,$723.55000,,9400100000000000008434
2026-09-17T13:02:05Z,paylog_008642,complete,user,easypost_bank,service_fee,$9.08000,$714.47000,,9400100000000000008503
2026-09-17T13:19:11Z,paylog_008643,complete,user,easypost_bank,service_fee,$3.75000,$710.72000,,9400100000000000008451
2026-09-17T13:34:05Z,paylog_008644,complete,user,easypost_bank,service_fee,$6.22000,$704.50000,,9400100000000000008539
2026-09-17T13:36:20Z,paylog_008645,complete,user,easypost_bank,service_fee,$10.12000,$694.38000,,9400100000000000008498
2026-09-17T13:37:06Z,paylog_008646,complete,user,easypost_bank,service_fee,$3.55000,$690.83000,,9400100000000000008479
2026-09-17T13:42:22Z,paylog_008647,complete,user,easypost_bank,service_fee,$5.54000,$685.29000,,9400100000000000008408
2026-09-17T13:42:44Z,paylog_008648,complete,user,easypost_bank,service_fee,$3.66000,$681.63000,,9400100000000000008515
2026-09-17T13:52:29Z,paylog_008649,complete,user,easypost_bank,service_fee,$14.18000,$667.45000,,9400100000000000008504
2026-09-17T13:53:03Z,paylog_008650,complete,user,easypost_bank,service_fee,$3.61000,$663.84000,,9400100000000000008511
2026-09-17T14:06:03Z,paylog_008651,complete,user,easypost_bank,service_fee,$5.63000,$658.21000,,9400100000000000008453
2026-09-17T14:08:51Z,paylog_008652,complete,user,easypost_bank,service_fee,$3.75000,$654.46000,,9400100000000000008535
2026-09-17T14:09:41Z,paylog_008653,complete,user,easypost_bank,service_fee,$8.37000,$646.09000,,9400100000000000008510
2026-09-17T14:22:34Z,paylog_008654,complete,user,easypost_bank,service_fee,$3.59000,$642.50000,,9400100000000000008529
2026-09-17T14:37:48Z,paylog_008655,complete,user,easypost_bank,service_fee,$9.78000,$632.72000,,9400100000000000008420
2026-09-17T14:45:47Z,paylog_008656,complete,user,easypost_bank,service_fee,$9.16000,$623.56000,,9400100000000000008448
2026-09-17T15:05:36Z,paylog_008657,complete,user,easypost_bank,service_fee,$6.25000,$617.31000,,9400100000000000008439
2026-09-17T15:31:49Z,paylog_008658,complete,user,easypost_bank,service_fee,$6.72000,$610.59000,,9400100000000000008438
2026-09-17T15:39:13Z,paylog_008659,complete,user,easypost_bank,service_fee,$4.91000,$605.68000,,9400100000000000008516
2026-09-17T15:46:31Z,paylog_008660,complete,user,easypost_bank,service_fee,$6.38000,$599.30000,,9400100000000000008537
2026-09-17T15:48:53Z,paylog_008661,complete,user,easypost_bank,service_fee,$6.75000,$592.55000,,9400100000000000008491
2026-09-17T16:05:22Z,paylog_008662,complete,user,easypost_bank,service_fee,$8.35000,$584.20000,,9400100000000000008425
2026-09-17T16:07:51Z,paylog_008663,complete,user,easypost_bank,service_fee,$11.57000,$572.63000,,9400100000000000008449
2026-09-17T16:23:37Z,paylog_008664,complete,user,easypost_bank,service_fee,$5.49000,$567.14000,,9400100000000000008536
2026-09-17T16:41:53Z,paylog_008665,complete,user,easypost_bank,service_fee,$9.35000,$557.79000,,9400100000000000008368
2026-09-17T16:45:42Z,paylog_008666,complete,user,easypost_bank,service_fee,$7.57000,$550.22000,,9400100000000000008487
2026-09-17T16:57:45Z,paylog_008667,complete,user,easypost_bank,service_fee,$3.44000,$546.78000,,9400100000000000008450
2026-09-17T17:00:47Z,paylog_008668,complete,user,easypost_bank,service_fee,$3.89000,$542.89000,,9400100000000000008471
2026-09-17T17:04:03Z,paylog_008669,complete,user,easypost_bank,service_fee,$11.45000,$531.44000,,9400100000000000008507
2026-09-17T17:26:35Z,paylog_008670,complete,user,easypost_bank,service_fee,$8.36000,$523.08000,,9400100000000000008496
2026-09-17T17:29:30Z,paylog_008671,complete,user,easypost_bank,service_fee,$10.85000,$512.23000,,9400100000000000008488
2026-09-17T17:38:31Z,paylog_008672,complete,user,easypost_bank,service_fee,$3.56000,$508.67000,,9400100000000000008463
2026-09-17T17:38:50Z,paylog_008673,complete,user,easypost_bank,service_fee,$3.42000,$505.25000,,9400100000000000008518
2026-09-17T17:42:55Z,paylog_008674,complete,user,easypost_bank,service_fee,$3.61000,$501.64000,,9400100000000000008383
2026-09-17T17:51:56Z,paylog_008675,complete,user,easypost_bank,service_fee,$5.33000,$496.31000,,9400100000000000008527
2026-09-17T18:02:54Z,paylog_008676,complete,user,easypost_bank,service_fee,$10.33000,$485.98000,,9400100000000000008446
2026-09-17T18:07:53Z,paylog_008677,complete,user,easypost_bank,service_fee,$5.60000,$480.38000,,9400100000000000008472
2026-09-17T18:29:31Z,paylog_008678,complete,user,easypost_bank,service_fee,$9.80000,$470.58000,,9400100000000000008499
2026-09-17T18:44:39Z,paylog_008679,complete,user,easypost_bank,service_fee,$3.49000,$467.09000,,9400100000000000008533
2026-09-17T18:45:32Z,paylog_008680,complete,user,easypost_bank,service_fee,$12.42000,$454.67000,,9400100000000000008501
2026-09-17T18:47:25Z,paylog_008681,complete,user,easypost_bank,service_fee,$7.61000,$447.06000,,9400100000000000008494
2026-09-17T18:58:47Z,paylog_008682,complete,user,easypost_bank,service_fee,$3.74000,$443.32000,,9400100000000000008512
2026-09-17T19:01:44Z,paylog_008683,complete,user,easypost_bank,service_fee,$10.22000,$433.10000,,9400100000000000008432
2026-09-17T19:07:40Z,paylog_008684,complete,user,easypost_bank,service_fee,$5.26000,$427.84000,,9400100000000000008500
2026-09-17T19:10:14Z,paylog_008685,complete,user,easypost_bank,service_fee,$5.55000,$422.29000,,9400100000000000008524
2026-09-17T19:23:31Z,paylog_008686,complete,user,easypost_bank,service_fee,$3.50000,$418.79000,,9400100000000000008531
2026-09-17T19:32:07Z,paylog_008687,complete,user,easypost_bank,service_fee,$6.88000,$411.91000,,9400100000000000008423
2026-09-17T19:38:18Z,paylog_008688,complete,user,easypost_bank,service_fee,$11.69000,$400.22000,,9400100000000000008509
2026-09-17T19:39:11Z,paylog_008689,complete,user,easypost_bank,service_fee,$3.69000,$396.53000,,9400100000000000008519
2026-09-17T19:48:19Z,paylog_008690,complete,user,easypost_bank,service_fee,$7.04000,$389.49000,,9400100000000000008497
2026-09-17T20:21:05Z,paylog_008691,complete,user,easypost_bank,service_fee,$8.22000,$381.27000,,9400100000000000008443
2026-09-17T20:25:32Z,paylog_008692,complete,user,easypost_bank,service_fee,$3.53000,$377.74000,,9400100000000000008474
2026-09-17T20:31:11Z,paylog_008693,complete,user,easypost_bank,service_fee,$6.78000,$370.96000,,9400100000000000008495
2026-09-17T20:35:08Z,paylog_008694,complete,user,easypost_bank,service_fee,$5.73000,$365.23000,,9400100000000000008435
2026-09-17T20:38:51Z,paylog_008695,complete,user,easypost_bank,service_fee,$15.17000,$350.06000,,9400100000000000008440
2026-09-17T20:40:54Z,paylog_008696,complete,user,easypost_bank,service_fee,$3.61000,$346.45000,,9400100000000000008458
2026-09-17T20:45:07Z,paylog_008697,complete,user,easypost_bank,service_fee,$7.33000,$339.12000,,9400100000000000008424
2026-09-17T20:45:38Z,paylog_008698,complete,user,easypost_bank,service_fee,$3.67000,$335.45000,,9400100000000000008513
2026-09-17T20:50:22Z,paylog_008699,complete,user,easypost_bank,service_fee,$11.63000,$323.82000,,9400100000000000008489
2026-09-17T20:54:40Z,paylog_008700,complete,user,easypost_bank,service_fee,$6.05000,$317.77000,,9400100000000000008505
2026-09-17T20:55:34Z,paylog_008701,complete,user,easypost_bank,service_fee,$3.83000,$313.94000,,9400100000000000008520
2026-09-18T13:00:49Z,paylog_008702,complete,user,easypost_bank,service_fee,$3.47000,$310.47000,,9400100000000000008560
2026-09-18T13:02:52Z,paylog_008703,complete,user,easypost_bank,service_fee,$3.31000,$307.16000,,9400100000000000008554
2026-09-18T13:10:25Z,paylog_008704,complete,user,easypost_bank,service_fee,$3.59000,$303.57000,,9400100000000000008566
2026-09-18T13:30:17Z,paylog_008705,complete,bank_account,user,recharge,$1000.00000,$1303.57000,,
2026-09-18T13:31:17Z,paylog_008706,complete,user,easypost_bank,service_fee,$5.67000,$1297.90000,,9400100000000000008576
2026-09-18T13:34:11Z,paylog_008707,complete,user,easypost_bank,service_fee,$3.65000,$1294.25000,,9400100000000000008565
2026-09-18T13:42:42Z,paylog_008708,complete,user,easypost_bank,service_fee,$5.98000,$1288.27000,,9400100000000000008591
2026-09-18T14:04:13Z,paylog_008709,complete,user,easypost_bank,service_fee,$5.74000,$1282.53000,,9400100000000000008568
2026-09-18T14:05:08Z,paylog_008710,complete,user,easypost_bank,service_fee,$9.86000,$1272.67000,,9400100000000000008543
2026-09-18T14:07:03Z,paylog_008711,complete,user,easypost_bank,service_fee,$17.50000,$1255.17000,,9400100000000000008547
2026-09-18T14:10:43Z,paylog_008712,complete,user,easypost_bank,service_fee,$4.47000,$1250.70000,,9400100000000000008582
2026-09-18T14:30:21Z,paylog_008713,complete,user,easypost_bank,service_fee,$3.46000,$1247.24000,,9400100000000000008528
2026-09-18T14:34:27Z,paylog_008714,complete,user,easypost_bank,service_fee,$9.02000,$1238.22000,,9400100000000000008506
2026-09-18T14:46:21Z,paylog_008715,complete,user,easypost_bank,service_fee,$3.35000,$1234.87000,,9400100000000000008521
2026-09-18T14:50:56Z,paylog_008716,complete,user,easypost_bank,service_fee,$5.24000,$1229.63000,,9400100000000000008574
2026-09-18T15:01:04Z,paylog_008717,complete,user,easypost_bank,service_fee,$3.41000,$1226.22000,,9400100000000000008569
2026-09-18T15:16:58Z,paylog_008718,complete,user,easypost_bank,service_fee,$9.68000,$1216.54000,,9400100000000000008544
2026-09-18T15:19:53Z,paylog_008719,complete,user,easypost_bank,service_fee,$3.79000,$1212.75000,,9400100000000000008525
2026-09-18T15:28:56Z,paylog_008720,complete,user,easypost_bank,service_fee,$9.20000,$1203.55000,,9400100000000000008492
2026-09-18T15:44:29Z,paylog_008721,complete,user,easypost_bank,service_fee,$3.83000,$1199.72000,,9400100000000000008570
2026-09-18T15:45:52Z,paylog_008722,complete,user,easypost_bank,service_fee,$7.12000,$1192.60000,,9400100000000000008587
2026-09-18T16:10:02Z,paylog_008723,complete,user,easypost_bank,service_fee,$6.80000,$1185.80000,,9400100000000000008538
2026-09-18T16:17:01Z,paylog_008724,complete,user,easypost_bank,service_fee,$5.34000,$1180.46000,,9400100000000000008532
2026-09-18T16:35:19Z,paylog_008725,complete,user,easypost_bank,service_fee,$4.36000,$1176.10000,,9400100000000000008585
2026-09-18T16:42:10Z,paylog_008726,complete,user,easypost_bank,service_fee,$12.92000,$1163.18000,,9400100000000000008583
2026-09-18T17:04:56Z,paylog_008727,complete,user,easypost_bank,service_fee,$4.94000,$1158.24000,,9400100000000000008578
2026-09-18T17:14:18Z,paylog_008728,complete,user,easypost_bank,service_fee,$14.29000,$1143.95000,,9400100000000000008548
2026-09-18T17:17:12Z,paylog_008729,complete,user,easypost_bank,service_fee,$11.26000,$1132.69000,,9400100000000000008549
2026-09-18T17:32:38Z,paylog_008730,complete,user,easypost_bank,service_fee,$3.89000,$1128.80000,,9400100000000000008556
2026-09-18T17:44:01Z,paylog_008731,complete,user,easypost_bank,service_fee,$3.68000,$1125.12000,,9400100000000000008573
2026-09-18T17:49:44Z,paylog_008732,complete,user,easypost_bank,service_fee,$6.49000,$1118.63000,,9400100000000000008586
2026-09-18T17:57:05Z,paylog_008733,complete,user,easypost_bank,service_fee,$3.71000,$1114.92000,,9400100000000000008530
2026-09-18T17:57:09Z,paylog_008734,complete,user,easypost_bank,service_fee,$5.57000,$1109.35000,,9400100000000000008563
2026-09-18T17:57:33Z,paylog_008735,complete,user,easypost_bank,service_fee,$3.83000,$1105.52000,,9400100000000000008564
2026-09-18T18:24:38Z,paylog_008736,complete,user,easypost_bank,service_fee,$3.81000,$1101.71000,,9400100000000000008523
2026-09-18T18:28:31Z,paylog_008737,complete,user,easypost_bank,service_fee,$3.58000,$1098.13000,,9400100000000000008575
2026-09-18T18:36:52Z,paylog_008738,complete,user,easypost_bank,service_fee,$5.45000,$1092.68000,,9400100000000000008577
2026-09-18T18:41:53Z,paylog_008739,complete,user,easypost_bank,service_fee,$6.26000,$1086.42000,,9400100000000000008542
2026-09-18T18:44:56Z,paylog_008740,complete,user,easypost_bank,service_fee,$5.97000,$1080.45000,,9400100000000000008590
2026-09-18T18:51:47Z,paylog_008741,complete,user,easypost_bank,service_fee,$10.64000,$1069.81000,,9400100000000000008540
2026-09-18T19:03:15Z,paylog_008742,complete,user,easypost_bank,service_fee,$3.74000,$1066.07000,,9400100000000000008580
2026-09-18T19:26:22Z,paylog_008743,complete,user,easypost_bank,service_fee,$5.27000,$1060.80000,,9400100000000000008558
2026-09-18T19:30:16Z,paylog_008744,complete,user,easypost_bank,service_fee,$3.56000,$1057.24000,,9400100000000000008562
2026-09-18T19:30:53Z,paylog_008745,complete,user,easypost_bank,service_fee,$3.53000,$1053.71000,,9400100000000000008526
2026-09-18T19:39:12Z,paylog_008746,complete,user,easypost_bank,service_fee,$3.37000,$1050.34000,,9400100000000000008571
2026-09-18T19:42:46Z,paylog_008747,complete,user,easypost_bank,service_fee,$3.80000,$1046.54000,,9400100000000000008522
2026-09-18T19:50:08Z,paylog_008748,complete,user,easypost_bank,service_fee,$10.17000,$1036.37000,,9400100000000000008552
2026-09-18T19:55:47Z,paylog_008749,complete,user,easypost_bank,service_fee,$8.78000,$1027.59000,,9400100000000000008493
2026-09-18T20:13:28Z,paylog_008750,complete,user,easypost_bank,service_fee,$7.49000,$1020.10000,,9400100000000000008502
2026-09-18T20:24:33Z,paylog_008751,complete,user,easypost_bank,service_fee,$3.28000,$1016.82000,,9400100000000000008555
2026-09-18T20:33:05Z,paylog_008752,complete,user,easypost_bank,service_fee,$10.53000,$1006.29000,,9400100000000000008490
2026-09-18T20:36:24Z,paylog_008753,complete,user,easypost_bank,service_fee,$3.88000,$1002.41000,,9400100000000000008514
2026-09-18T20:46:42Z,paylog_008754,complete,user,easypost_bank,service_fee,$8.67000,$993.74000,,9400100000000000008546
2026-09-18T20:52:48Z,paylog_008755,complete,user,easypost_bank,service_fee,$9.33000,$984.41000,,9400100000000000008508
2026-09-19T13:15:00Z,paylog_008756,complete,user,easypost_bank,service_fee,$14.87000,$969.54000,,9400100000000000008622
2026-09-19T13:16:31Z,paylog_008757,complete,user,easypost_bank,service_fee,$3.52000,$966.02000,,9400100000000000008652
2026-09-19T13:22:38Z,paylog_008758,complete,user,easypost_bank,service_fee,$6.15000,$959.87000,,9400100000000000008616
2026-09-19T13:32:32Z,paylog_008759,complete,user,easypost_bank,service_fee,$3.48000,$956.39000,,9400100000000000008572
2026-09-19T13:48:07Z,paylog_008760,complete,user,easypost_bank,service_fee,$3.37000,$953.02000,,9400100000000000008645
2026-09-19T14:00:26Z,paylog_008761,complete,user,easypost_bank,service_fee,$11.48000,$941.54000,,9400100000000000008621
2026-09-19T14:06:16Z,paylog_008762,complete,user,easypost_bank,service_fee,$3.79000,$937.75000,,9400100000000000008640
2026-09-19T14:09:15Z,paylog_008763,complete,user,easypost_bank,service_fee,$8.86000,$928.89000,,9400100000000000008603
2026-09-19T14:13:36Z,paylog_008764,complete,user,easypost_bank,service_fee,$12.68000,$916.21000,,9400100000000000008610
2026-09-19T14:34:21Z,paylog_008765,complete,user,easypost_bank,service_fee,$6.83000,$909.38000,,9400100000000000008599
2026-09-19T14:39:09Z,paylog_008766,complete,user,easypost_bank,service_fee,$10.84000,$898.54000,,9400100000000000008623
2026-09-19T14:43:40Z,paylog_008767,complete,user,easypost_bank,service_fee,$6.51000,$892.03000,,9400100000000000008602
2026-09-19T14:52:07Z,paylog_008768,complete,user,easypost_bank,service_fee,$3.80000,$888.23000,,9400100000000000008626
2026-09-19T15:01:48Z,paylog_008769,complete,user,easypost_bank,service_fee,$10.96000,$877.27000,,9400100000000000008611
2026-09-19T15:18:02Z,paylog_008770,complete,user,easypost_bank,service_fee,$5.70000,$871.57000,,9400100000000000008656
2026-09-19T15:24:00Z,paylog_008771,complete,user,easypost_bank,service_fee,$6.67000,$864.90000,,9400100000000000008624
2026-09-19T15:49:39Z,paylog_008772,complete,user,easypost_bank,service_fee,$3.69000,$861.21000,,9400100000000000008650
2026-09-19T15:58:14Z,paylog_008773,complete,user,easypost_bank,service_fee,$3.51000,$857.70000,,9400100000000000008649
2026-09-19T16:08:32Z,paylog_008774,complete,user,easypost_bank,service_fee,$6.55000,$851.15000,,9400100000000000008595
2026-09-19T16:09:44Z,paylog_008775,complete,user,easypost_bank,service_fee,$8.52000,$842.63000,,9400100000000000008600
2026-09-19T16:13:38Z,paylog_008776,complete,user,easypost_bank,service_fee,$12.58000,$830.05000,,9400100000000000008618
2026-09-19T16:27:21Z,paylog_008777,complete,user,easypost_bank,service_fee,$12.66000,$817.39000,,9400100000000000008594
2026-09-19T16:27:59Z,paylog_008778,complete,user,easypost_bank,service_fee,$9.99000,$807.40000,,9400100000000000008608
2026-09-19T16:35:22Z,paylog_008779,complete,user,easypost_bank,service_fee,$4.24000,$803.16000,,9400100000000000008659
2026-09-19T16:36:34Z,paylog_008780,complete,user,easypost_bank,service_fee,$3.62000,$799.54000,,9400100000000000008630
2026-09-19T16:41:41Z,paylog_008781,complete,user,easypost_bank,service_fee,$5.49000,$794.05000,,9400100000000000008638
2026-09-19T16:43:06Z,paylog_008782,complete,user,easypost_bank,service_fee,$3.87000,$790.18000,,9400100000000000008651
2026-09-19T16:47:34Z,paylog_008783,complete,user,easypost_bank,service_fee,$8.18000,$782.00000,,9400100000000000008592
2026-09-19T16:55:05Z,paylog_008784,complete,user,easypost_bank,service_fee,$10.64000,$771.36000,,9400100000000000008614
2026-09-19T17:09:53Z,paylog_008785,complete,user,easypost_bank,service_fee,$10.52000,$760.84000,,9400100000000000008601
2026-09-19T17:12:17Z,paylog_008786,complete,user,easypost_bank,service_fee,$6.11000,$754.73000,,9400100000000000008588
2026-09-19T17:25:22Z,paylog_008787,complete,user,easypost_bank,service_fee,$5.38000,$749.35000,,9400100000000000008644
2026-09-19T17:25:26Z,paylog_008788,complete,user,easypost_bank,service_fee,$11.85000,$737.50000,,9400100000000000008593
2026-09-19T17:37:27Z,paylog_008789,complete,user,easypost_bank,service_fee,$3.83000,$733.67000,,9400100000000000008579
2026-09-19T17:41:37Z,paylog_008790,complete,user,easypost_bank,service_fee,$6.84000,$726.83000,,9400100000000000008589
2026-09-19T17:51:22Z,paylog_008791,complete,user,easypost_bank,service_fee,$5.07000,$721.76000,,9400100000000000008641
2026-09-19T18:00:06Z,paylog_008792,complete,user,easypost_bank,service_fee,$6.08000,$715.68000,,9400100000000000008662
2026-09-19T18:06:25Z,paylog_008793,complete,user,easypost_bank,service_fee,$5.04000,$710.64000,,9400100000000000008557
2026-09-19T18:11:07Z,paylog_008794,complete,user,easypost_bank,service_fee,$3.29000,$707.35000,,9400100000000000008653
2026-09-19T18:14:31Z,paylog_008795,complete,user,easypost_bank,service_fee,$4.93000,$702.42000,,9400100000000000008561
2026-09-19T18:20:53Z,paylog_008796,complete,user,easypost_bank,service_fee,$3.90000,$698.52000,,9400100000000000008642
2026-09-19T18:32:09Z,paylog_008797,complete,user,easypost_bank,service_fee,$3.53000,$694.99000,,9400100000000000008647
2026-09-19T18:32:34Z,paylog_008798,complete,user,easypost_bank,service_fee,$8.43000,$686.56000,,9400100000000000008625
2026-09-19T18:44:20Z,paylog_008799,complete,user,easypost_bank,service_fee,$3.84000,$682.72000,,9400100000000000008534
2026-09-19T18:50:10Z,paylog_008800,complete,user,easypost_bank,service_fee,$9.78000,$672.94000,,9400100000000000008581
2026-09-19T18:55:22Z,paylog_008801,complete,user,easypost_bank,service_fee,$3.38000,$669.56000,,9400100000000000008627
2026-09-19T18:55:43Z,paylog_008802,complete,user,easypost_bank,service_fee,$3.69000,$665.87000,,9400100000000000008633
2026-09-19T19:10:12Z,paylog_008803,complete,user,easypost_bank,service_fee,$3.28000,$662.59000,,9400100000000000008559
2026-09-19T19:23:59Z,paylog_008804,complete,user,easypost_bank,service_fee,$11.71000,$650.88000,,9400100000000000008551
2026-09-19T19:26:48Z,paylog_008805,complete,user,easypost_bank,service_fee,$8.55000,$642.33000,,9400100000000000008541
2026-09-19T19:34:00Z,paylog_008806,complete,user,easypost_bank,service_fee,$7.00000,$635.33000,,9400100000000000008617
2026-09-19T19:35:45Z,paylog_008807,complete,user,easypost_bank,service_fee,$5.50000,$629.83000,,9400100000000000008567
2026-09-19T19:36:00Z,paylog_008808,complete,user,easypost_bank,service_fee,$9.81000,$620.02000,,9400100000000000008605
2026-09-19T19:41:07Z,paylog_008809,complete,user,easypost_bank,service_fee,$6.11000,$613.91000,,9400100000000000008619
2026-09-19T20:01:26Z,paylog_008810,complete,user,easypost_bank,service_fee,$12.22000,$601.69000,,9400100000000000008545
2026-09-19T20:06:18Z,paylog_008811,complete,user,easypost_bank,service_fee,$4.93000,$596.76000,,9400100000000000008632
2026-09-19T20:12:16Z,paylog_008812,complete,user,easypost_bank,service_fee,$9.41000,$587.35000,,9400100000000000008615
2026-09-19T20:21:44Z,paylog_008813,complete,user,easypost_bank,service_fee,$3.39000,$583.96000,,9400100000000000008629
2026-09-19T20:32:05Z,paylog_008814,complete,user,easypost_bank,service_fee,$7.29000,$576.67000,,9400100000000000008598
2026-09-19T20:34:02Z,paylog_008815,complete,user,easypost_bank,service_fee,$3.91000,$572.76000,,9400100000000000008648
2026-09-19T20:41:13Z,paylog_008816,complete,user,easypost_bank,service_fee,$3.58000,$569.18000,,9400100000000000008643
2026-09-19T20:43:55Z,paylog_008817,complete,user,easypost_bank,service_fee,$11.55000,$557.63000,,9400100000000000008550
2026-09-19T20:47:35Z,paylog_008818,complete,user,easypost_bank,service_fee,$3.63000,$554.00000,,9400100000000000008654
2026-09-19T20:47:58Z,paylog_008819,complete,user,easypost_bank,service_fee,$7.58000,$546.42000,,9400100000000000008597
2026-09-20T13:07:21Z,paylog_008820,complete,user,easypost_bank,service_fee,$11.60000,$534.82000,,9400100000000000008683
2026-09-20T13:09:16Z,paylog_008821,complete,user,easypost_bank,service_fee,$6.42000,$528.40000,,9400100000000000008677
2026-09-20T13:20:26Z,paylog_008822,complete,user,easypost_bank,service_fee,$3.35000,$525.05000,,9400100000000000008701
2026-09-20T13:32:13Z,paylog_008823,complete,user,easypost_bank,service_fee,$6.63000,$518.42000,,9400100000000000008680
2026-09-20T13:44:09Z,paylog_008824,complete,user,easypost_bank,service_fee,$3.44000,$514.98000,,9400100000000000008637
2026-09-20T13:44:18Z,paylog_008825,complete,user,easypost_bank,service_fee,$12.44000,$502.54000,,9400100000000000008668
2026-09-20T13:44:40Z,paylog_008826,complete,user,easypost_bank,service_fee,$8.26000,$494.28000,,9400100000000000008666
2026-09-20T13:50:12Z,paylog_008827,complete,user,easypost_bank,service_fee,$10.07000,$484.21000,,9400100000000000008665
2026-09-20T13:53:05Z,paylog_008828,complete,user,easypost_bank,service_fee,$6.89000,$477.32000,,9400100000000000008613
2026-09-20T14:22:42Z,paylog_008829,complete,user,easypost_bank,service_fee,$4.92000,$472.40000,,9400100000000000008660
2026-09-20T14:24:02Z,paylog_008830,complete,user,easypost_bank,service_fee,$10.80000,$461.60000,,9400100000000000008687
2026-09-20T14:33:15Z,paylog_008831,complete,user,easypost_bank,service_fee,$7.62000,$453.98000,,9400100000000000008584
2026-09-20T14:48:14Z,paylog_008832,complete,user,easypost_bank,service_fee,$3.43000,$450.55000,,9400100000000000008646
2026-09-20T14:55:00Z,paylog_008833,complete,user,easypost_bank,service_fee,$11.22000,$439.33000,,9400100000000000008721
2026-09-20T14:59:03Z,paylog_008834,complete,user,easypost_bank,service_fee,$5.22000,$434.11000,,9400100000000000008691
2026-09-20T15:05:21Z,paylog_008835,complete,user,easypost_bank,service_fee,$20.48000,$413.63000,,9400100000000000008673
2026-09-20T15:07:56Z,paylog_008836,complete,user,easypost_bank,service_fee,$3.67000,$409.96000,,9400100000000000008639
2026-09-20T15:13:44Z,paylog_008837,complete,user,easypost_bank,service_fee,$9.65000,$400.31000,,9400100000000000008679
2026-09-20T15:14:12Z,paylog_008838,complete,user,easypost_bank,service_fee,$3.69000,$396.62000,,9400100000000000008697
2026-09-20T15:14:44Z,paylog_008839,complete,user,easypost_bank,service_fee,$4.18000,$392.44000,,9400100000000000008657
2026-09-20T15:14:48Z,paylog_008840,complete,user,easypost_bank,service_fee,$6.42000,$386.02000,,9400100000000000008655
2026-09-20T15:18:53Z,paylog_008841,complete,user,easypost_bank,service_fee,$3.91000,$382.11000,,9400100000000000008693
2026-09-20T15:23:52Z,paylog_008842,complete,user,easypost_bank,service_fee,$3.65000,$378.46000,,9400100000000000008695
2026-09-20T15:32:08Z,paylog_008843,complete,user,easypost_bank,service_fee,$6.48000,$371.98000,,9400100000000000008661
2026-09-20T15:36:17Z,paylog_008844,complete,user,easypost_bank,service_fee,$5.92000,$366.06000,,9400100000000000008720
2026-09-20T15:38:37Z,paylog_008845,complete,user,easypost_bank,service_fee,$12.19000,$353.87000,,9400100000000000008612
2026-09-20T15:46:27Z,paylog_008846,complete,user,easypost_bank,service_fee,$3.64000,$350.23000,,9400100000000000008723
2026-09-20T16:16:56Z,paylog_008847,complete,user,easypost_bank,service_fee,$6.76000,$343.47000,,9400100000000000008607
2026-09-20T16:19:07Z,paylog_008848,complete,user,easypost_bank,service_fee,$3.43000,$340.04000,,9400100000000000008702
2026-09-20T16:28:36Z,paylog_008849,complete,user,easypost_bank,service_fee,$3.47000,$336.57000,,9400100000000000008714
2026-09-20T16:29:34Z,paylog_008850,complete,user,easypost_bank,service_fee,$3.65000,$332.92000,,9400100000000000008694
2026-09-20T16:36:42Z,paylog_008851,complete,user,easypost_bank,service_fee,$3.63000,$329.29000,,9400100000000000008709
2026-09-20T16:40:50Z,paylog_008852,complete,user,easypost_bank,service_fee,$8.94000,$320.35000,,9400100000000000008663
2026-09-20T16:41:02Z,paylog_008853,complete,user,easypost_bank,service_fee,$6.14000,$314.21000,,9400100000000000008685
2026-09-20T16:41:45Z,paylog_008854,complete,user,easypost_bank,service_fee,$3.84000,$310.37000,,9400100000000000008708
2026-09-20T16:50:07Z,paylog_008855,complete,user,easypost_bank,service_fee,$5.63000,$304.74000,,9400100000000000008707
2026-09-20T17:09:14Z,paylog_008856,complete,bank_account,user,recharge,$1000.00000,$1304.74000,,
2026-09-20T17:10:14Z,paylog_008857,complete,user,easypost_bank,service_fee,$5.77000,$1298.97000,,9400100000000000008699
2026-09-20T17:28:13Z,paylog_008858,complete,user,easypost_bank,service_fee,$12.66000,$1286.31000,,9400100000000000008672
2026-09-20T17:33:44Z,paylog_008859,complete,user,easypost_bank,service_fee,$9.10000,$1277.21000,,9400100000000000008553
2026-09-20T17:36:27Z,paylog_008860,complete,user,easypost_bank,service_fee,$8.62000,$1268.59000,,9400100000000000008676
2026-09-20T17:45:48Z,paylog_008861,complete,user,easypost_bank,service_fee,$8.63000,$1259.96000,,9400100000000000008686
2026-09-20T17:45:54Z,paylog_008862,complete,user,easypost_bank,service_fee,$9.07000,$1250.89000,,9400100000000000008674
2026-09-20T17:52:21Z,paylog_008863,complete,user,easypost_bank,service_fee,$8.47000,$1242.42000,,9400100000000000008609
2026-09-20T18:06:25Z,paylog_008864,complete,user,easypost_bank,service_fee,$8.15000,$1234.27000,,9400100000000000008678
2026-09-20T18:07:10Z,paylog_008865,complete,user,easypost_bank,service_fee,$10.39000,$1223.88000,,9400100000000000008717
2026-09-20T18:16:16Z,paylog_008866,complete,user,easypost_bank,service_fee,$6.10000,$1217.78000,,9400100000000000008682
2026-09-20T18:20:48Z,paylog_008867,complete,user,easypost_bank,service_fee,$3.34000,$1214.44000,,9400100000000000008698
2026-09-20T18:22:32Z,paylog_008868,complete,user,easypost_bank,service_fee,$3.72000,$1210.72000,,9400100000000000008690
2026-09-20T18:25:25Z,paylog_008869,complete,user,easypost_bank,service_fee,$3.37000,$1207.35000,,9400100000000000008704
2026-09-20T18:28:15Z,paylog_008870,complete,user,easypost_bank,service_fee,$3.77000,$1203.58000,,9400100000000000008705
2026-09-20T18:31:02Z,paylog_008871,complete,user,easypost_bank,service_fee,$5.70000,$1197.88000,,9400100000000000008706
2026-09-20T18:41:47Z,paylog_008872,complete,user,easypost_bank,service_fee,$4.42000,$1193.46000,,9400100000000000008658
2026-09-20T18:46:51Z,paylog_008873,complete,user,easypost_bank,service_fee,$5.07000,$1188.39000,,9400100000000000008634
2026-09-20T18:48:15Z,paylog_008874,complete,user,easypost_bank,service_fee,$3.74000,$1184.65000,,9400100000000000008712
2026-09-20T18:55:14Z,paylog_008875,complete,user,easypost_bank,service_fee,$12.11000,$1172.54000,,9400100000000000008667
2026-09-20T19:09:40Z,paylog_008876,complete,user,easypost_bank,service_fee,$3.62000,$1168.92000,,9400100000000000008635
2026-09-20T19:23:19Z,paylog_008877,complete,user,easypost_bank,service_fee,$3.82000,$1165.10000,,9400100000000000008700
2026-09-20T19:32:01Z,paylog_008878,complete,user,easypost_bank,service_fee,$9.97000,$1155.13000,,9400100000000000008684
2026-09-20T19:34:13Z,paylog_008879,complete,user,easypost_bank,service_fee,$9.29000,$1145.84000,,9400100000000000008604
2026-09-20T19:36:06Z,paylog_008880,complete,user,easypost_bank,service_fee,$3.85000,$1141.99000,,9400100000000000008628
2026-09-20T19:42:50Z,paylog_008881,complete,user,easypost_bank,service_fee,$3.80000,$1138.19000,,9400100000000000008631
2026-09-20T19:56:52Z,paylog_008882,complete,user,easypost_bank,service_fee,$8.98000,$1129.21000,,9400100000000000008670
2026-09-20T20:20:30Z,paylog_008883,complete,user,easypost_bank,service_fee,$3.73000,$1125.48000,,9400100000000000008692
2026-09-20T20:39:52Z,paylog_008884,complete,user,easypost_bank,service_fee,$8.01000,$1117.47000,,9400100000000000008606
2026-09-20T20:45:33Z,paylog_008885,complete,user,easypost_bank,service_fee,$5.38000,$1112.09000,,9400100000000000008715
2026-09-21T13:22:31Z,paylog_008886,complete,user,easypost_bank,service_fee,$5.51000,$1106.58000,,9400100000000000008760
2026-09-21T13:23:26Z,paylog_008887,complete,user,easypost_bank,service_fee,$7.88000,$1098.70000,,9400100000000000008750
2026-09-21T13:33:52Z,paylog_008888,complete,user,easypost_bank,service_fee,$12.92000,$1085.78000,,9400100000000000008740
2026-09-21T13:35:02Z,paylog_008889,complete,user,easypost_bank,service_fee,$6.39000,$1079.39000,,9400100000000000008671
2026-09-21T13:35:53Z,paylog_008890,complete,user,easypost_bank,service_fee,$5.18000,$1074.21000,,9400100000000000008766
2026-09-21T13:48:54Z,paylog_008891,complete,user,easypost_bank,service_fee,$3.87000,$1070.34000,,9400100000000000008771
2026-09-21T13:52:43Z,paylog_008892,complete,user,easypost_bank,service_fee,$3.67000,$1066.67000,,9400100000000000008636
2026-09-21T13:53:05Z,paylog_008893,complete,user,easypost_bank,service_fee,$14.61000,$1052.06000,,9400100000000000008734
2026-09-21T13:53:31Z,paylog_008894,complete,user,easypost_bank,service_fee,$5.14000,$1046.92000,,9400100000000000008768
2026-09-21T13:55:55Z,paylog_008895,complete,user,easypost_bank,service_fee,$11.47000,$1035.45000,,9400100000000000008675
2026-09-21T14:03:34Z,paylog_008896,complete,user,easypost_bank,service_fee,$3.78000,$1031.67000,,9400100000000000008759
2026-09-21T14:13:20Z,paylog_008897,complete,user,easypost_bank,service_fee,$15.97000,$1015.70000,,9400100000000000008749
2026-09-21T14:19:30Z,paylog_008898,complete,user,easypost_bank,service_fee,$11.32000,$1004.38000,,9400100000000000008742
2026-09-21T14:31:44Z,paylog_008899,complete,user,easypost_bank,service_fee,$4.56000,$999.82000,,9400100000000000008747
2026-09-21T14:48:52Z,paylog_008900,complete,user,easypost_bank,service_fee,$11.51000,$988.31000,,9400100000000000008620
2026-09-21T14:52:28Z,paylog_008901,complete,user,easypost_bank,service_fee,$4.78000,$983.53000,,9400100000000000008719
2026-09-21T14:59:44Z,paylog_008902,complete,user,easypost_bank,service_fee,$7.14000,$976.39000,,9400100000000000008669
2026-09-21T15:05:24Z,paylog_008903,complete,user,easypost_bank,service_fee,$8.22000,$968.17000,,9400100000000000008727
2026-09-21T15:18:08Z,paylog_008904,complete,user,easypost_bank,service_fee,$11.12000,$957.05000,,9400100000000000008664
2026-09-21T15:18:48Z,paylog_008905,complete,user,easypost_bank,service_fee,$9.68000,$947.37000,,9400100000000000008722
2026-09-21T15:18:58Z,paylog_008906,complete,user,easypost_bank,service_fee,$11.46000,$935.91000,,9400100000000000008738
2026-09-21T15:35:11Z,paylog_008907,complete,user,easypost_bank,service_fee,$9.00000,$926.91000,,9400100000000000008751
2026-09-21T15:43:27Z,paylog_008908,complete,user,easypost_bank,service_fee,$4.27000,$922.64000,,9400100000000000008725
2026-09-21T15:56:30Z,paylog_008909,complete,user,easypost_bank,service_fee,$3.71000,$918.93000,,9400100000000000008689
2026-09-21T16:01:14Z,paylog_008910,complete,user,easypost_bank,service_fee,$3.38000,$915.55000,,9400100000000000008710
2026-09-21T16:06:24Z,paylog_008911,complete,user,easypost_bank,service_fee,$3.36000,$912.19000,,9400100000000000008769
2026-09-21T16:07:10Z,paylog_008912,complete,user,easypost_bank,service_fee,$9.25000,$902.94000,,9400100000000000008743
2026-09-21T16:14:20Z,paylog_008913,complete,user,easypost_bank,service_fee,$8.08000,$894.86000,,9400100000000000008729
2026-09-21T16:16:29Z,paylog_008914,complete,user,easypost_bank,service_fee,$10.15000,$884.71000,,9400100000000000008755
2026-09-21T16:27:30Z,paylog_008915,complete,user,easypost_bank,service_fee,$3.79000,$880.92000,,9400100000000000008716
2026-09-21T17:00:43Z,paylog_008916,complete,user,easypost_bank,service_fee,$13.61000,$867.31000,,9400100000000000008746
2026-09-21T17:05:33Z,paylog_008917,complete,user,easypost_bank,service_fee,$7.56000,$859.75000,,9400100000000000008745
2026-09-21T17:20:00Z,paylog_008918,complete,user,easypost_bank,service_fee,$6.02000,$853.73000,,9400100000000000008730
2026-09-21T17:27:24Z,paylog_008919,complete,user,easypost_bank,service_fee,$5.81000,$847.92000,,9400100000000000008780
2026-09-21T17:36:26Z,paylog_008920,complete,user,easypost_bank,service_fee,$3.68000,$844.24000,,9400100000000000008764
2026-09-21T17:38:21Z,paylog_008921,complete,user,easypost_bank,service_fee,$3.90000,$840.34000,,9400100000000000008756
2026-09-21T17:47:50Z,paylog_008922,complete,user,easypost_bank,service_fee,$18.87000,$821.47000,,9400100000000000008681
2026-09-21T18:06:12Z,paylog_008923,complete,user,easypost_bank,service_fee,$3.60000,$817.87000,,9400100000000000008713
2026-09-21T18:34:11Z,paylog_008924,complete,user,easypost_bank,service_fee,$5.56000,$812.31000,,9400100000000000008778
2026-09-21T18:51:46Z,paylog_008925,complete,user,easypost_bank,service_fee,$3.46000,$808.85000,,9400100000000000008770
2026-09-21T18:56:27Z,paylog_008926,complete,user,easypost_bank,service_fee,$3.60000,$805.25000,,9400100000000000008703
2026-09-21T18:58:14Z,paylog_008927,complete,user,easypost_bank,service_fee,$5.31000,$799.94000,,9400100000000000008776
2026-09-21T19:07:41Z,paylog_008928,complete,user,easypost_bank,service_fee,$14.51000,$785.43000,,9400100000000000008735
2026-09-21T19:17:46Z,paylog_008929,complete,user,easypost_bank,service_fee,$8.19000,$777.24000,,9400100000000000008748
2026-09-21T19:18:08Z,paylog_008930,complete,user,easypost_bank,service_fee,$3.36000,$773.88000,,9400100000000000008765
2026-09-21T19:32:11Z,paylog_008931,complete,user,easypost_bank,service_fee,$9.72000,$764.16000,,9400100000000000008732
2026-09-21T19:49:51Z,paylog_008932,complete,user,easypost_bank,service_fee,$5.54000,$758.62000,,9400100000000000008767
2026-09-21T19:52:43Z,paylog_008933,complete,user,easypost_bank,service_fee,$6.01000,$752.61000,,9400100000000000008779
2026-09-21T19:52:50Z,paylog_008934,complete,user,easypost_bank,service_fee,$6.43000,$746.18000,,9400100000000000008733
2026-09-21T20:02:57Z,paylog_008935,complete,user,easypost_bank,service_fee,$16.12000,$730.06000,,9400100000000000008737
2026-09-21T20:14:38Z,paylog_008936,complete,user,easypost_bank,service_fee,$9.55000,$720.51000,,9400100000000000008753
2026-09-21T20:24:44Z,paylog_008937,complete,user,easypost_bank,service_fee,$5.49000,$715.02000,,9400100000000000008763
2026-09-21T20:27:11Z,paylog_008938,complete,user,easypost_bank,service_fee,$9.19000,$705.83000,,9400100000000000008688
2026-09-21T20:29:09Z,paylog_008939,complete,user,easypost_bank,service_fee,$7.96000,$697.87000,,9400100000000000008596
2026-09-21T20:29:34Z,paylog_008940,complete,user,easypost_bank,service_fee,$3.31000,$694.56000,,9400100000000000008775
2026-09-21T20:58:22Z,paylog_008941,complete,user,easypost_bank,service_fee,$5.79000,$688.77000,,9400100000000000008711
2026-09-22T13:02:07Z,paylog_008942,complete,user,easypost_bank,service_fee,$10.78000,$677.99000,,9400100000000000008739
2026-09-22T13:02:51Z,paylog_008943,complete,user,easypost_bank,service_fee,$8.33000,$669.66000,,9400100000000000008790
2026-09-22T13:16:03Z,paylog_008944,complete,user,easypost_bank,service_fee,$3.70000,$665.96000,,9400100000000000008828
2026-09-22T13:16:19Z,paylog_008945,complete,user,easypost_bank,service_fee,$5.79000,$660.17000,,9400100000000000008845
2026-09-22T13:29:36Z,paylog_008946,complete,user,easypost_bank,service_fee,$3.27000,$656.90000,,9400100000000000008821
2026-09-22T13:33:32Z,paylog_008947,complete,user,easypost_bank,service_fee,$7.58000,$649.32000,,9400100000000000008726
2026-09-22T13:34:43Z,paylog_008948,complete,user,easypost_bank,service_fee,$3.83000,$645.49000,,9400100000000000008820
2026-09-22T13:50:29Z,paylog_008949,complete,user,easypost_bank,service_fee,$9.83000,$635.66000,,9400100000000000008781
2026-09-22T14:08:41Z,paylog_008950,complete,user,easypost_bank,service_fee,$4.97000,$630.69000,,9400100000000000008758
2026-09-22T14:14:37Z,paylog_008951,complete,user,easypost_bank,service_fee,$3.58000,$627.11000,,9400100000000000008762
2026-09-22T14:16:24Z,paylog_008952,complete,user,easypost_bank,service_fee,$3.76000,$623.35000,,9400100000000000008834
2026-09-22T14:17:50Z,paylog_008953,complete,user,easypost_bank,service_fee,$3.68000,$619.67000,,9400100000000000008831
2026-09-22T14:49:55Z,paylog_008954,complete,user,easypost_bank,service_fee,$6.71000,$612.96000,,9400100000000000008752
2026-09-22T15:20:34Z,paylog_008955,complete,user,easypost_bank,service_fee,$5.82000,$607.14000,,9400100000000000008844
2026-09-22T15:21:49Z,paylog_008956,complete,user,easypost_bank,service_fee,$12.77000,$594.37000,,9400100000000000008785
2026-09-22T15:25:26Z,paylog_008957,complete,user,easypost_bank,service_fee,$3.62000,$590.75000,,9400100000000000008772
2026-09-22T15:26:56Z,paylog_008958,complete,user,easypost_bank,service_fee,$13.83000,$576.92000,,9400100000000000008754
2026-09-22T15:39:06Z,paylog_008959,complete,user,easypost_bank,service_fee,$7.54000,$569.38000,,9400100000000000008806
2026-09-22T15:39:32Z,paylog_008960,complete,user,easypost_bank,service_fee,$9.15000,$560.23000,,9400100000000000008842
2026-09-22T15:40:37Z,paylog_008961,complete,user,easypost_bank,service_fee,$8.17000,$552.06000,,9400100000000000008805
2026-09-22T15:42:45Z,paylog_008962,complete,user,easypost_bank,service_fee,$9.55000,$542.51000,,9400100000000000008736
2026-09-22T15:47:16Z,paylog_008963,complete,user,easypost_bank,service_fee,$3.87000,$538.64000,,9400100000000000008830
2026-09-22T15:47:56Z,paylog_008964,complete,user,easypost_bank,service_fee,$3.47000,$535.17000,,9400100000000000008773
2026-09-22T15:50:03Z,paylog_008965,complete,user,easypost_bank,service_fee,$3.84000,$531.33000,,9400100000000000008827
2026-09-22T16:07:52Z,paylog_008966,complete,user,easypost_bank,service_fee,$6.15000,$525.18000,,9400100000000000008837
2026-09-22T16:22:07Z,paylog_008967,complete,user,easypost_bank,service_fee,$8.79000,$516.39000,,9400100000000000008807
2026-09-22T16:24:58Z,paylog_008968,complete,user,easypost_bank,service_fee,$11.36000,$505.03000,,9400100000000000008784
2026-09-22T16:26:39Z,paylog_008969,complete,user,easypost_bank,service_fee,$3.32000,$501.71000,,9400100000000000008822
2026-09-22T16:33:07Z,paylog_008970,complete,user,easypost_bank,service_fee,$10.79000,$490.92000,,9400100000000000008783
2026-09-22T16:33:52Z,paylog_008971,complete,user,easypost_bank,service_fee,$3.56000,$487.36000,,9400100000000000008823
2026-09-22T16:37:44Z,paylog_008972,complete,user,easypost_bank,service_fee,$3.49000,$483.87000,,9400100000000000008757
2026-09-22T16:40:47Z,paylog_008973,complete,user,easypost_bank,service_fee,$3.65000,$480.22000,,9400100000000000008814
2026-09-22T16:44:54Z,paylog_008974,complete,user,easypost_bank,service_fee,$3.82000,$476.40000,,9400100000000000008812
2026-09-22T17:02:26Z,paylog_008975,complete,user,easypost_bank,service_fee,$3.48000,$472.92000,,9400100000000000008832
2026-09-22T17:05:46Z,paylog_008976,complete,user,easypost_bank,service_fee,$3.89000,$469.03000,,9400100000000000008816
2026-09-22T17:20:28Z,paylog_008977,complete,user,easypost_bank,service_fee,$16.60000,$452.43000,,9400100000000000008787
2026-09-22T17:41:10Z,paylog_008978,complete,user,easypost_bank,service_fee,$6.96000,$445.47000,,9400100000000000008718
2026-09-22T17:46:55Z,paylog_008979,complete,user,easypost_bank,service_fee,$7.10000,$438.37000,,9400100000000000008791
2026-09-22T18:03:44Z,paylog_008980,complete,user,easypost_bank,service_fee,$11.24000,$427.13000,,9400100000000000008841
2026-09-22T18:04:56Z,paylog_008981,complete,user,easypost_bank,service_fee,$3.35000,$423.78000,,9400100000000000008761
2026-09-22T18:06:00Z,paylog_008982,complete,user,easypost_bank,service_fee,$3.28000,$420.50000,,9400100000000000008819
2026-09-22T18:06:46Z,paylog_008983,complete,user,easypost_bank,service_fee,$6.47000,$414.03000,,9400100000000000008795
2026-09-22T18:06:58Z,paylog_008984,complete,user,easypost_bank,service_fee,$17.74000,$396.29000,,9400100000000000008800
2026-09-22T18:10:26Z,paylog_008985,complete,user,easypost_bank,service_fee,$10.15000,$386.14000,,9400100000000000008798
2026-09-22T18:18:35Z,paylog_008986,complete,user,easypost_bank,service_fee,$10.87000,$375.27000,,9400100000000000008741
2026-09-22T18:23:31Z,paylog_008987,complete,user,easypost_bank,service_fee,$3.29000,$371.98000,,9400100000000000008815
2026-09-22T18:29:46Z,paylog_008988,complete,user,easypost_bank,service_fee,$9.80000,$362.18000,,9400100000000000008789
2026-09-22T18:43:10Z,paylog_008989,complete,user,easypost_bank,service_fee,$7.87000,$354.31000,,9400100000000000008788
2026-09-22T18:46:14Z,paylog_008990,complete,user,easypost_bank,service_fee,$6.01000,$348.30000,,9400100000000000008843
2026-09-22T19:09:39Z,paylog_008991,complete,user,easypost_bank,service_fee,$5.20000,$343.10000,,9400100000000000008724
2026-09-22T19:09:53Z,paylog_008992,complete,user,easypost_bank,service_fee,$3.53000,$339.57000,,9400100000000000008829
2026-09-22T19:10:16Z,paylog_008993,complete,user,easypost_bank,service_fee,$10.56000,$329.01000,,9400100000000000008804
2026-09-22T19:17:15Z,paylog_008994,complete,user,easypost_bank,service_fee,$11.77000,$317.24000,,9400100000000000008728
2026-09-22T19:25:44Z,paylog_008995,complete,user,easypost_bank,service_fee,$5.95000,$311.29000,,9400100000000000008836
2026-09-22T19:32:23Z,paylog_008996,complete,user,easypost_bank,service_fee,$5.01000,$306.28000,,9400100000000000008840
2026-09-22T19:38:25Z,paylog_008997,complete,bank_account,user,recharge,$1000.00000,$1306.28000,,
2026-09-22T19:39:25Z,paylog_008998,complete,user,easypost_bank,service_fee,$7.81000,$1298.47000,,9400100000000000008744
2026-09-22T19:40:13Z,paylog_008999,complete,user,easypost_bank,service_fee,$3.79000,$1294.68000,,9400100000000000008825
2026-09-22T20:02:56Z,paylog_009000,complete,user,easypost_bank,service_fee,$3.36000,$1291.32000,,9400100000000000008774
2026-09-22T20:12:29Z,paylog_009001,complete,user,easypost_bank,service_fee,$6.62000,$1284.70000,,9400100000000000008777
2026-09-22T20:22:36Z,paylog_009002,complete,user,easypost_bank,service_fee,$3.68000,$1281.02000,,9400100000000000008696
2026-09-22T20:30:23Z,paylog_009003,complete,user,easypost_bank,service_fee,$3.81000,$1277.21000,,9400100000000000008810
2026-09-22T20:48:24Z,paylog_009004,complete,user,easypost_bank,service_fee,$8.36000,$1268.85000,,9400100000000000008786
2026-09-22T20:52:52Z,paylog_009005,complete,user,easypost_bank,service_fee,$16.26000,$1252.59000,,9400100000000000008797
2026-09-22T20:55:51Z,paylog_009006,complete,user,easypost_bank,service_fee,$9.15000,$1243.44000,,9400100000000000008782
2026-09-22T20:57:14Z,paylog_009007,complete,user,easypost_bank,service_fee,$11.20000,$1232.24000,,9400100000000000008839
2026-09-22T22:00:00Z,paylog_009008,complete,refund,user,refund,$5.51000,$1237.75000,,9400100000000000008760
2026-09-23T13:06:10Z,paylog_009009,complete,user,easypost_bank,service_fee,$10.32000,$1227.43000,,9400100000000000008855
2026-09-23T13:07:44Z,paylog_009010,complete,user,easypost_bank,service_fee,$3.39000,$1224.04000,,9400100000000000008902
2026-09-23T13:15:38Z,paylog_009011,complete,user,easypost_bank,service_fee,$10.40000,$1213.64000,,9400100000000000008802
2026-09-23T13:33:44Z,paylog_009012,complete,user,easypost_bank,service_fee,$12.30000,$1201.34000,,9400100000000000008867
2026-09-23T13:35:23Z,paylog_009013,complete,user,easypost_bank,service_fee,$3.69000,$1197.65000,,9400100000000000008873
2026-09-23T13:37:46Z,paylog_009014,complete,user,easypost_bank,service_fee,$11.82000,$1185.83000,,9400100000000000008792
2026-09-23T13:49:28Z,paylog_009015,complete,user,easypost_bank,service_fee,$3.44000,$1182.39000,,9400100000000000008892
2026-09-23T13:55:14Z,paylog_009016,complete,user,easypost_bank,service_fee,$8.49000,$1173.90000,,9400100000000000008859
2026-09-23T14:03:08Z,paylog_009017,complete,user,easypost_bank,service_fee,$3.70000,$1170.20000,,9400100000000000008881
2026-09-23T14:10:28Z,paylog_009018,complete,user,easypost_bank,service_fee,$3.47000,$1166.73000,,9400100000000000008896
2026-09-23T14:11:43Z,paylog_009019,complete,user,easypost_bank,service_fee,$3.36000,$1163.37000,,9400100000000000008883
2026-09-23T14:13:35Z,paylog_009020,complete,user,easypost_bank,service_fee,$6.72000,$1156.65000,,9400100000000000008801
2026-09-23T14:36:02Z,paylog_009021,complete,user,easypost_bank,service_fee,$3.38000,$1153.27000,,9400100000000000008877
2026-09-23T14:45:00Z,paylog_009022,complete,user,easypost_bank,service_fee,$7.05000,$1146.22000,,9400100000000000008860
2026-09-23T14:48:25Z,paylog_009023,complete,user,easypost_bank,service_fee,$11.20000,$1135.02000,,9400100000000000008870
2026-09-23T14:52:14Z,paylog_009024,complete,user,easypost_bank,service_fee,$3.88000,$1131.14000,,9400100000000000008904
2026-09-23T14:56:57Z,paylog_009025,complete,user,easypost_bank,service_fee,$3.66000,$1127.48000,,9400100000000000008899
2026-09-23T15:00:39Z,paylog_009026,complete,user,easypost_bank,service_fee,$12.22000,$1115.26000,,9400100000000000008857
2026-09-23T15:02:03Z,paylog_009027,complete,user,easypost_bank,service_fee,$3.56000,$1111.70000,,9400100000000000008886
2026-09-23T15:21:56Z,paylog_009028,complete,user,easypost_bank,service_fee,$3.85000,$1107.85000,,9400100000000000008879
2026-09-23T15:30:20Z,paylog_009029,complete,user,easypost_bank,service_fee,$12.71000,$1095.14000,,9400100000000000008799
2026-09-23T15:33:14Z,paylog_009030,complete,user,easypost_bank,service_fee,$10.85000,$1084.29000,,9400100000000000008803
2026-09-23T15:33:30Z,paylog_009031,complete,user,easypost_bank,service_fee,$3.91000,$1080.38000,,9400100000000000008880
2026-09-23T15:50:09Z,paylog_009032,complete,user,easypost_bank,service_fee,$3.54000,$1076.84000,,9400100000000000008900
2026-09-23T16:02:05Z,paylog_009033,complete,user,easypost_bank,service_fee,$10.27000,$1066.57000,,9400100000000000008906
2026-09-23T16:20:35Z,paylog_009034,complete,user,easypost_bank,service_fee,$3.79000,$1062.78000,,9400100000000000008809
2026-09-23T16:25:58Z,paylog_009035,complete,user,easypost_bank,service_fee,$9.41000,$1053.37000,,9400100000000000008864
2026-09-23T16:34:02Z,paylog_009036,complete,user,easypost_bank,service_fee,$5.60000,$1047.77000,,9400100000000000008874
2026-09-23T16:57:16Z,paylog_009037,complete,user,easypost_bank,service_fee,$12.52000,$1035.25000,,9400100000000000008858
2026-09-23T17:00:49Z,paylog_009038,complete,user,easypost_bank,service_fee,$14.97000,$1020.28000,,9400100000000000008862
2026-09-23T17:12:37Z,paylog_009039,complete,user,easypost_bank,service_fee,$3.61000,$1016.67000,,9400100000000000008884
2026-09-23T17:17:55Z,paylog_009040,complete,user,easypost_bank,service_fee,$3.86000,$1012.81000,,9400100000000000008811
2026-09-23T17:21:09Z,paylog_009041,complete,user,easypost_bank,service_fee,$11.13000,$1001.68000,,9400100000000000008868
2026-09-23T17:34:35Z,paylog_009042,complete,user,easypost_bank,service_fee,$3.84000,$997.84000,,9400100000000000008817
2026-09-23T17:37:10Z,paylog_009043,complete,user,easypost_bank,service_fee,$3.30000,$994.54000,,9400100000000000008882
2026-09-23T17:39:24Z,paylog_009044,complete,user,easypost_bank,service_fee,$13.00000,$981.54000,,9400100000000000008852
2026-09-23T17:42:11Z,paylog_009045,complete,user,easypost_bank,service_fee,$3.75000,$977.79000,,9400100000000000008833
2026-09-23T17:44:19Z,paylog_009046,complete,user,easypost_bank,service_fee,$9.79000,$968.00000,,9400100000000000008849
2026-09-23T17:55:41Z,paylog_009047,complete,user,easypost_bank,service_fee,$8.01000,$959.99000,,9400100000000000008796
2026-09-23T18:02:00Z,paylog_009048,complete,user,easypost_bank,service_fee,$3.31000,$956.68000,,9400100000000000008826
2026-09-23T18:06:42Z,paylog_009049,complete,user,easypost_bank,service_fee,$3.35000,$953.33000,,9400100000000000008903
2026-09-23T18:10:14Z,paylog_009050,complete,user,easypost_bank,service_fee,$3.77000,$949.56000,,9400100000000000008895
2026-09-23T18:26:31Z,paylog_009051,complete,user,easypost_bank,service_fee,$6.43000,$943.13000,,9400100000000000008911
2026-09-23T18:32:22Z,paylog_009052,complete,user,easypost_bank,service_fee,$5.98000,$937.15000,,9400100000000000008905
2026-09-23T18:39:20Z,paylog_009053,complete,user,easypost_bank,service_fee,$3.87000,$933.28000,,9400100000000000008808
2026-09-23T18:44:50Z,paylog_009054,complete,user,easypost_bank,service_fee,$7.64000,$925.64000,,9400100000000000008731
2026-09-23T18:45:56Z,paylog_009055,complete,user,easypost_bank,service_fee,$3.49000,$922.15000,,9400100000000000008876
2026-09-23T19:05:47Z,paylog_009056,complete,user,easypost_bank,service_fee,$8.14000,$914.01000,,9400100000000000008794
2026-09-23T19:22:49Z,paylog_009057,complete,user,easypost_bank,service_fee,$4.98000,$909.03000,,9400100000000000008894
2026-09-23T19:31:45Z,paylog_009058,complete,user,easypost_bank,service_fee,$4.92000,$904.11000,,9400100000000000008888
2026-09-23T19:46:02Z,paylog_009059,complete,user,easypost_bank,service_fee,$12.17000,$891.94000,,9400100000000000008847
2026-09-23T19:48:14Z,paylog_009060,complete,user,easypost_bank,service_fee,$10.93000,$881.01000,,9400100000000000008848
2026-09-23T19:58:20Z,paylog_009061,complete,user,easypost_bank,service_fee,$6.06000,$874.95000,,9400100000000000008910
2026-09-23T19:58:23Z,paylog_009062,complete,user,easypost_bank,service_fee,$3.39000,$871.56000,,9400100000000000008818
2026-09-23T20:10:27Z,paylog_009063,complete,user,easypost_bank,service_fee,$8.25000,$863.31000,,9400100000000000008846
2026-09-23T20:13:29Z,paylog_009064,complete,user,easypost_bank,service_fee,$6.84000,$856.47000,,9400100000000000008793
2026-09-23T20:17:02Z,paylog_009065,complete,user,easypost_bank,service_fee,$3.38000,$853.09000,,9400100000000000008878
2026-09-23T20:30:39Z,paylog_009066,complete,user,easypost_bank,service_fee,$11.81000,$841.28000,,9400100000000000008907
2026-09-23T20:32:40Z,paylog_009067,complete,user,easypost_bank,service_fee,$3.34000,$837.94000,,9400100000000000008885
2026-09-23T20:57:46Z,paylog_009068,complete,user,easypost_bank,service_fee,$6.04000,$831.90000,,9400100000000000008909
2026-09-23T20:59:31Z,paylog_009069,complete,user,easypost_bank,service_fee,$7.58000,$824.32000,,9400100000000000008861
2026-09-24T13:15:33Z,paylog_009070,complete,user,easypost_bank,service_fee,$3.54000,$820.78000,,9400100000000000008949
2026-09-24T13:22:15Z,paylog_009071,complete,user,easypost_bank,service_fee,$3.88000,$816.90000,,9400100000000000008956
2026-09-24T13:39:46Z,paylog_009072,complete,user,easypost_bank,service_fee,$3.28000,$813.62000,,9400100000000000008952
2026-09-24T13:40:00Z,paylog_009073,complete,user,easypost_bank,service_fee,$5.01000,$808.61000,,9400100000000000008813
2026-09-24T13:40:23Z,paylog_009074,complete,user,easypost_bank,service_fee,$10.92000,$797.69000,,9400100000000000008930
2026-09-24T13:46:43Z,paylog_009075,complete,user,easypost_bank,service_fee,$3.28000,$794.41000,,9400100000000000008950
2026-09-24T13:55:22Z,paylog_009076,complete,user,easypost_bank,service_fee,$8.87000,$785.54000,,9400100000000000008970
2026-09-24T13:58:49Z,paylog_009077,complete,user,easypost_bank,service_fee,$5.48000,$780.06000,,9400100000000000008838
2026-09-24T14:02:22Z,paylog_009078,complete,user,easypost_bank,service_fee,$5.23000,$774.83000,,9400100000000000008942
2026-09-24T14:04:25Z,paylog_009079,complete,user,easypost_bank,service_fee,$10.47000,$764.36000,,9400100000000000008913
2026-09-24T14:07:21Z,paylog_009080,complete,user,easypost_bank,service_fee,$16.72000,$747.64000,,9400100000000000008928
2026-09-24T14:10:10Z,paylog_009081,complete,user,easypost_bank,service_fee,$16.41000,$731.23000,,9400100000000000008918
2026-09-24T14:21:09Z,paylog_009082,complete,user,easypost_bank,service_fee,$5.65000,$725.58000,,9400100000000000008945
2026-09-24T14:21:13Z,paylog_009083,complete,user,easypost_bank,service_fee,$10.24000,$715.34000,,9400100000000000008932
2026-09-24T14:25:20Z,paylog_009084,complete,user,easypost_bank,service_fee,$7.73000,$707.61000,,9400100000000000008856
2026-09-24T14:35:49Z,paylog_009085,complete,user,easypost_bank,service_fee,$8.14000,$699.47000,,9400100000000000008939
2026-09-24T14:36:19Z,paylog_009086,complete,user,easypost_bank,service_fee,$3.35000,$696.12000,,9400100000000000008875
2026-09-24T14:36:22Z,paylog_009087,complete,user,easypost_bank,service_fee,$8.35000,$687.77000,,9400100000000000008973
2026-09-24T14:51:09Z,paylog_009088,complete,user,easypost_bank,service_fee,$3.64000,$684.13000,,9400100000000000008887
2026-09-24T14:58:37Z,paylog_009089,complete,user,easypost_bank,service_fee,$3.28000,$680.85000,,9400100000000000008961
2026-09-24T15:00:49Z,paylog_009090,complete,user,easypost_bank,service_fee,$5.82000,$675.03000,,9400100000000000008901
2026-09-24T15:11:52Z,paylog_009091,complete,user,easypost_bank,service_fee,$13.84000,$661.19000,,9400100000000000008941
2026-09-24T15:45:10Z,paylog_009092,complete,user,easypost_bank,service_fee,$5.92000,$655.27000,,9400100000000000008976
2026-09-24T15:54:26Z,paylog_009093,complete,user,easypost_bank,service_fee,$10.18000,$645.09000,,9400100000000000008912
2026-09-24T15:58:11Z,paylog_009094,complete,user,easypost_bank,service_fee,$5.81000,$639.28000,,9400100000000000008968
2026-09-24T15:58:59Z,paylog_009095,complete,user,easypost_bank,service_fee,$13.01000,$626.27000,,9400100000000000008916
2026-09-24T16:00:23Z,paylog_009096,complete,user,easypost_bank,service_fee,$3.57000,$622.70000,,9400100000000000008872
2026-09-24T16:01:20Z,paylog_009097,complete,user,easypost_bank,service_fee,$3.33000,$619.37000,,9400100000000000008890
2026-09-24T16:02:53Z,paylog_009098,complete,user,easypost_bank,service_fee,$7.92000,$611.45000,,9400100000000000008933
2026-09-24T16:24:40Z,paylog_009099,complete,user,easypost_bank,service_fee,$9.40000,$602.05000,,9400100000000000008917
2026-09-24T16:30:27Z,paylog_009100,complete,user,easypost_bank,service_fee,$3.90000,$598.15000,,9400100000000000008965
2026-09-24T16:40:17Z,paylog_009101,complete,user,easypost_bank,service_fee,$7.80000,$590.35000,,9400100000000000008969
2026-09-24T16:56:16Z,paylog_009102,complete,user,easypost_bank,service_fee,$5.16000,$585.19000,,9400100000000000008898
2026-09-24T17:22:32Z,paylog_009103,complete,user,easypost_bank,service_fee,$3.32000,$581.87000,,9400100000000000008889
2026-09-24T17:28:20Z,paylog_009104,complete,user,easypost_bank,service_fee,$8.59000,$573.28000,,9400100000000000008869
2026-09-24T17:29:44Z,paylog_009105,complete,user,easypost_bank,service_fee,$8.69000,$564.59000,,9400100000000000008929
2026-09-24T17:32:17Z,paylog_009106,complete,user,easypost_bank,service_fee,$3.40000,$561.19000,,9400100000000000008966
2026-09-24T17:36:00Z,paylog_009107,complete,user,easypost_bank,service_fee,$8.33000,$552.86000,,9400100000000000008835
2026-09-24T17:36:01Z,paylog_009108,complete,user,easypost_bank,service_fee,$12.61000,$540.25000,,9400100000000000008854
2026-09-24T17:41:37Z,paylog_009109,complete,user,easypost_bank,service_fee,$3.84000,$536.41000,,9400100000000000008897
2026-09-24T17:43:09Z,paylog_009110,complete,user,easypost_bank,service_fee,$6.80000,$529.61000,,9400100000000000008871
2026-09-24T17:51:40Z,paylog_009111,complete,user,easypost_bank,service_fee,$5.08000,$524.53000,,9400100000000000008967
2026-09-24T17:53:37Z,paylog_009112,complete,user,easypost_bank,service_fee,$3.83000,$520.70000,,9400100000000000008957
2026-09-24T18:06:39Z,paylog_009113,complete,user,easypost_bank,service_fee,$7.14000,$513.56000,,9400100000000000008936
2026-09-24T18:38:39Z,paylog_009114,complete,user,easypost_bank,service_fee,$6.39000,$507.17000,,9400100000000000008853
2026-09-24T18:42:34Z,paylog_009115,complete,user,easypost_bank,service_fee,$7.47000,$499.70000,,9400100000000000008940
2026-09-24T18:45:04Z,paylog_009116,complete,user,easypost_bank,service_fee,$3.44000,$496.26000,,9400100000000000008824
2026-09-24T19:02:19Z,paylog_009117,complete,user,easypost_bank,service_fee,$6.90000,$489.36000,,9400100000000000008863
2026-09-24T19:06:28Z,paylog_009118,complete,user,easypost_bank,service_fee,$3.71000,$485.65000,,9400100000000000008960
2026-09-24T19:25:23Z,paylog_009119,complete,user,easypost_bank,service_fee,$6.83000,$478.82000,,9400100000000000008851
2026-09-24T19:29:34Z,paylog_009120,complete,user,easypost_bank,service_fee,$5.69000,$473.13000,,9400100000000000008931
2026-09-24T19:34:37Z,paylog_009121,complete,user,easypost_bank,service_fee,$5.18000,$467.95000,,9400100000000000008954
2026-09-24T19:40:12Z,paylog_009122,complete,user,easypost_bank,service_fee,$9.92000,$458.03000,,9400100000000000008908
2026-09-24T19:46:36Z,paylog_009123,complete,user,easypost_bank,service_fee,$12.14000,$445.89000,,9400100000000000008850
2026-09-24T19:54:33Z,paylog_009124,complete,user,easypost_bank,service_fee,$5.03000,$440.86000,,9400100000000000008963
2026-09-24T20:00:11Z,paylog_009125,complete,user,easypost_bank,service_fee,$9.74000,$431.12000,,9400100000000000008919
2026-09-24T20:03:00Z,paylog_009126,complete,user,easypost_bank,service_fee,$3.79000,$427.33000,,9400100000000000008893
2026-09-24T20:19:40Z,paylog_009127,complete,user,easypost_bank,service_fee,$3.43000,$423.90000,,9400100000000000008953
2026-09-24T20:23:04Z,paylog_009128,complete,user,easypost_bank,service_fee,$5.49000,$418.41000,,9400100000000000008948
2026-09-24T20:25:06Z,paylog_009129,complete,user,easypost_bank,service_fee,$3.49000,$414.92000,,9400100000000000008964
2026-09-24T20:54:24Z,paylog_009130,complete,user,easypost_bank,service_fee,$3.75000,$411.17000,,9400100000000000008946
2026-09-24T20:58:56Z,paylog_009131,complete,user,easypost_bank,service_fee,$3.46000,$407.71000,,9400100000000000008958
2026-09-24T22:00:00Z,paylog_009132,complete,refund,user,refund,$14.97000,$422.68000,,9400100000000000008862
2026-09-24T22:00:00Z,paylog_009133,complete,refund,user,refund,$3.30000,$425.98000,,9400100000000000008882
2026-09-25T13:21:21Z,paylog_009134,complete,user,easypost_bank,service_fee,$10.92000,$415.06000,,9400100000000000008866
2026-09-25T13:26:28Z,paylog_009135,complete,user,easypost_bank,service_fee,$5.50000,$409.56000,,9400100000000000008891
2026-09-25T13:27:15Z,paylog_009136,complete,user,easypost_bank,service_fee,$6.00000,$403.56000,,9400100000000000008975
2026-09-25T13:29:31Z,paylog_009137,complete,user,easypost_bank,service_fee,$10.34000,$393.22000,,9400100000000000009015
2026-09-25T13:34:32Z,paylog_009138,complete,user,easypost_bank,service_fee,$5.51000,$387.71000,,9400100000000000009042
2026-09-25T13:39:04Z,paylog_009139,complete,user,easypost_bank,service_fee,$11.41000,$376.30000,,9400100000000000008983
2026-09-25T13:41:36Z,paylog_009140,complete,user,easypost_bank,service_fee,$3.46000,$372.84000,,9400100000000000009020
2026-09-25T13:43:01Z,paylog_009141,complete,user,easypost_bank,service_fee,$10.91000,$361.93000,,9400100000000000008920
2026-09-25T13:45:03Z,paylog_009142,complete,user,easypost_bank,service_fee,$8.64000,$353.29000,,9400100000000000009012
2026-09-25T13:58:06Z,paylog_009143,complete,user,easypost_bank,service_fee,$6.60000,$346.69000,,9400100000000000008984
2026-09-25T14:06:21Z,paylog_009144,complete,user,easypost_bank,service_fee,$8.13000,$338.56000,,9400100000000000008996
2026-09-25T14:14:06Z,paylog_009145,complete,user,easypost_bank,service_fee,$9.70000,$328.86000,,9400100000000000008980
2026-09-25T14:15:07Z,paylog_009146,complete,user,easypost_bank,service_fee,$6.55000,$322.31000,,9400100000000000009050
2026-09-25T14:18:09Z,paylog_009147,complete,user,easypost_bank,service_fee,$5.38000,$316.93000,,9400100000000000009031
2026-09-25T14:25:14Z,paylog_009148,complete,user,easypost_bank,service_fee,$7.87000,$309.06000,,9400100000000000009011
2026-09-25T14:40:04Z,paylog_009149,complete,bank_account,user,recharge,$1000.00000,$1309.06000,,
2026-09-25T14:41:04Z,paylog_009150,complete,user,easypost_bank,service_fee,$11.81000,$1297.25000,,9400100000000000008987
2026-09-25T14:46:48Z,paylog_009151,complete,user,easypost_bank,service_fee,$3.42000,$1293.83000,,9400100000000000009021
2026-09-25T14:49:22Z,paylog_009152,complete,user,easypost_bank,service_fee,$5.60000,$1288.23000,,9400100000000000009041
2026-09-25T14:51:11Z,paylog_009153,complete,user,easypost_bank,service_fee,$3.46000,$1284.77000,,9400100000000000009038
2026-09-25T14:54:31Z,paylog_009154,complete,user,easypost_bank,service_fee,$13.74000,$1271.03000,,9400100000000000008921
2026-09-25T15:02:19Z,paylog_009155,complete,user,easypost_bank,service_fee,$7.94000,$1263.09000,,9400100000000000008982
2026-09-25T15:08:05Z,paylog_009156,complete,user,easypost_bank,service_fee,$8.24000,$1254.85000,,9400100000000000009014
2026-09-25T15:09:39Z,paylog_009157,complete,user,easypost_bank,service_fee,$3.47000,$1251.38000,,9400100000000000009030
2026-09-25T15:25:42Z,paylog_009158,complete,user,easypost_bank,service_fee,$3.36000,$1248.02000,,9400100000000000008951
2026-09-25T15:26:14Z,paylog_009159,complete,user,easypost_bank,service_fee,$10.03000,$1237.99000,,9400100000000000008914
2026-09-25T15:30:03Z,paylog_009160,complete,user,easypost_bank,service_fee,$6.63000,$1231.36000,,9400100000000000008865
2026-09-25T15:30:48Z,paylog_009161,complete,user,easypost_bank,service_fee,$5.28000,$1226.08000,,9400100000000000009035
2026-09-25T15:37:05Z,paylog_009162,complete,user,easypost_bank,service_fee,$4.43000,$1221.65000,,9400100000000000009045
2026-09-25T15:42:06Z,paylog_009163,complete,user,easypost_bank,service_fee,$12.04000,$1209.61000,,9400100000000000009001
2026-09-25T15:45:47Z,paylog_009164,complete,user,easypost_bank,service_fee,$11.17000,$1198.44000,,9400100000000000008935
2026-09-25T15:46:50Z,paylog_009165,complete,user,easypost_bank,service_fee,$3.35000,$1195.09000,,9400100000000000009028
2026-09-25T15:50:33Z,paylog_009166,complete,user,easypost_bank,service_fee,$3.43000,$1191.66000,,9400100000000000008947
2026-09-25T16:00:26Z,paylog_009167,complete,user,easypost_bank,service_fee,$11.98000,$1179.68000,,9400100000000000008991
2026-09-25T16:05:11Z,paylog_009168,complete,user,easypost_bank,service_fee,$3.65000,$1176.03000,,9400100000000000009027
2026-09-25T16:07:33Z,paylog_009169,complete,user,easypost_bank,service_fee,$8.88000,$1167.15000,,9400100000000000009008
2026-09-25T16:10:54Z,paylog_009170,complete,user,easypost_bank,service_fee,$5.96000,$1161.19000,,9400100000000000008986
2026-09-25T16:21:44Z,paylog_009171,complete,user,easypost_bank,service_fee,$3.81000,$1157.38000,,9400100000000000009026
2026-09-25T16:23:05Z,paylog_009172,complete,user,easypost_bank,service_fee,$5.27000,$1152.11000,,9400100000000000009025
2026-09-25T16:28:05Z,paylog_009173,complete,user,easypost_bank,service_fee,$9.97000,$1142.14000,,9400100000000000008988
2026-09-25T16:30:48Z,paylog_009174,complete,user,easypost_bank,service_fee,$3.34000,$1138.80000,,9400100000000000009024
2026-09-25T16:42:26Z,paylog_009175,complete,user,easypost_bank,service_fee,$9.59000,$1129.21000,,9400100000000000008992
2026-09-25T16:46:48Z,paylog_009176,complete,user,easypost_bank,service_fee,$14.14000,$1115.07000,,9400100000000000009002
2026-09-25T16:53:12Z,paylog_009177,complete,user,easypost_bank,service_fee,$10.08000,$1104.99000,,9400100000000000009006
2026-09-25T16:56:15Z,paylog_009178,complete,user,easypost_bank,service_fee,$10.76000,$1094.23000,,9400100000000000009047
2026-09-25T17:09:19Z,paylog_009179,complete,user,easypost_bank,service_fee,$12.39000,$1081.84000,,9400100000000000008944
2026-09-25T17:13:11Z,paylog_009180,complete,user,easypost_bank,service_fee,$3.66000,$1078.18000,,9400100000000000009040
2026-09-25T17:17:57Z,paylog_009181,complete,user,easypost_bank,service_fee,$7.45000,$1070.73000,,9400100000000000009013
2026-09-25T17:32:38Z,paylog_009182,complete,user,easypost_bank,service_fee,$13.59000,$1057.14000,,9400100000000000008989
2026-09-25T17:36:45Z,paylog_009183,complete,user,easypost_bank,service_fee,$5.95000,$1051.19000,,9400100000000000009048
2026-09-25T17:46:29Z,paylog_009184,complete,user,easypost_bank,service_fee,$3.31000,$1047.88000,,9400100000000000008955
2026-09-25T17:48:26Z,paylog_009185,complete,user,easypost_bank,service_fee,$8.22000,$1039.66000,,9400100000000000008922
2026-09-25T17:50:01Z,paylog_009186,complete,user,easypost_bank,service_fee,$5.83000,$1033.83000,,9400100000000000009019
2026-09-25T17:52:09Z,paylog_009187,complete,user,easypost_bank,service_fee,$14.32000,$1019.51000,,9400100000000000008995
2026-09-25T18:09:43Z,paylog_009188,complete,user,easypost_bank,service_fee,$5.25000,$1014.26000,,9400100000000000008962
2026-09-25T18:14:14Z,paylog_009189,complete,user,easypost_bank,service_fee,$8.25000,$1006.01000,,9400100000000000008926
2026-09-25T18:20:32Z,paylog_009190,complete,user,easypost_bank,service_fee,$7.40000,$998.61000,,9400100000000000008997
2026-09-25T18:30:24Z,paylog_009191,complete,user,easypost_bank,service_fee,$9.17000,$989.44000,,9400100000000000009046
2026-09-25T18:34:06Z,paylog_009192,complete,user,easypost_bank,service_fee,$4.94000,$984.50000,,9400100000000000009018
2026-09-25T18:36:00Z,paylog_009193,complete,user,easypost_bank,service_fee,$11.32000,$973.18000,,9400100000000000008985
2026-09-25T18:43:23Z,paylog_009194,complete,user,easypost_bank,service_fee,$7.80000,$965.38000,,9400100000000000008915
2026-09-25T19:08:04Z,paylog_009195,complete,user,easypost_bank,service_fee,$3.74000,$961.64000,,9400100000000000009017
2026-09-25T19:23:25Z,paylog_009196,complete,user,easypost_bank,service_fee,$19.91000,$941.73000,,9400100000000000009005
2026-09-25T19:24:48Z,paylog_009197,complete,user,easypost_bank,service_fee,$7.45000,$934.28000,,9400100000000000008994
2026-09-25T19:31:15Z,paylog_009198,complete,user,easypost_bank,service_fee,$12.50000,$921.78000,,9400100000000000009000
2026-09-25T19:40:11Z,paylog_009199,complete,user,easypost_bank,service_fee,$7.75000,$914.03000,,9400100000000000008925
2026-09-25T19:47:24Z,paylog_009200,complete,user,easypost_bank,service_fee,$12.97000,$901.06000,,9400100000000000008990
2026-09-25T20:05:02Z,paylog_009201,complete,user,easypost_bank,service_fee,$6.15000,$894.91000,,9400100000000000009051
2026-09-25T20:06:00Z,paylog_009202,complete,user,easypost_bank,service_fee,$6.66000,$888.25000,,9400100000000000009049
2026-09-25T20:09:06Z,paylog_009203,complete,user,easypost_bank,service_fee,$6.33000,$881.92000,,9400100000000000008971
2026-09-25T20:24:18Z,paylog_009204,complete,user,easypost_bank,service_fee,$21.59000,$860.33000,,9400100000000000008999
2026-09-25T20:24:23Z,paylog_009205,complete,user,easypost_bank,service_fee,$12.24000,$848.09000,,9400100000000000008923
2026-09-25T20:25:00Z,paylog_009206,complete,user,easypost_bank,service_fee,$3.29000,$844.80000,,9400100000000000009036
2026-09-25T20:33:45Z,paylog_009207,complete,user,easypost_bank,service_fee,$6.34000,$838.46000,,9400100000000000008934
2026-09-25T20:39:07Z,paylog_009208,complete,user,easypost_bank,service_fee,$8.46000,$830.00000,,9400100000000000009009
2026-09-25T20:42:23Z,paylog_009209,complete,user,easypost_bank,service_fee,$3.43000,$826.57000,,9400100000000000009022
2026-09-25T20:42:53Z,paylog_009210,complete,user,easypost_bank,service_fee,$8.29000,$818.28000,,9400100000000000008927
2026-09-25T20:47:15Z,paylog_009211,complete,user,easypost_bank,service_fee,$6.07000,$812.21000,,9400100000000000008943
2026-09-25T20:59:06Z,paylog_009212,complete,user,easypost_bank,service_fee,$3.45000,$808.76000,,9400100000000000009039
2026-09-26T13:14:43Z,paylog_009213,complete,user,easypost_bank,service_fee,$7.07000,$801.69000,,9400100000000000009080
2026-09-26T13:16:27Z,paylog_009214,complete,user,easypost_bank,service_fee,$6.84000,$794.85000,,9400100000000000009059
2026-09-26T13:17:50Z,paylog_009215,complete,user,easypost_bank,service_fee,$15.78000,$779.07000,,9400100000000000009010
2026-09-26T13:19:10Z,paylog_009216,complete,user,easypost_bank,service_fee,$10.63000,$768.44000,,9400100000000000008998
2026-09-26T13:21:27Z,paylog_009217,complete,user,easypost_bank,service_fee,$3.88000,$764.56000,,9400100000000000009037
2026-09-26T13:22:03Z,paylog_009218,complete,user,easypost_bank,service_fee,$3.83000,$760.73000,,9400100000000000009102
2026-09-26T13:25:02Z,paylog_009219,complete,user,easypost_bank,service_fee,$5.36000,$755.37000,,9400100000000000009074
2026-09-26T13:27:38Z,paylog_009220,complete,user,easypost_bank,service_fee,$7.40000,$747.97000,,9400100000000000009071
2026-09-26T13:37:07Z,paylog_009221,complete,user,easypost_bank,service_fee,$9.06000,$738.91000,,9400100000000000009057
2026-09-26T13:44:30Z,paylog_009222,complete,user,easypost_bank,service_fee,$5.81000,$733.10000,,9400100000000000009109
2026-09-26T13:53:44Z,paylog_009223,complete,user,easypost_bank,service_fee,$11.91000,$721.19000,,9400100000000000009078
2026-09-26T13:57:06Z,paylog_009224,complete,user,easypost_bank,service_fee,$5.43000,$715.76000,,9400100000000000009122
2026-09-26T14:05:09Z,paylog_009225,complete,user,easypost_bank,service_fee,$11.26000,$704.50000,,9400100000000000008978
2026-09-26T14:06:07Z,paylog_009226,complete,user,easypost_bank,service_fee,$5.94000,$698.56000,,9400100000000000009052
2026-09-26T14:07:28Z,paylog_009227,complete,user,easypost_bank,service_fee,$9.07000,$689.49000,,9400100000000000009128
2026-09-26T14:22:42Z,paylog_009228,complete,user,easypost_bank,service_fee,$5.25000,$684.24000,,9400100000000000009133
2026-09-26T14:23:32Z,paylog_009229,complete,user,easypost_bank,service_fee,$3.86000,$680.38000,,9400100000000000009101
2026-09-26T14:36:53Z,paylog_009230,complete,user,easypost_bank,service_fee,$6.34000,$674.04000,,9400100000000000009135
2026-09-26T14:40:59Z,paylog_009231,complete,user,easypost_bank,service_fee,$5.69000,$668.35000,,9400100000000000009126
2026-09-26T15:10:20Z,paylog_009232,complete,user,easypost_bank,service_fee,$13.53000,$654.82000,,9400100000000000009084
2026-09-26T15:16:30Z,paylog_009233,complete,user,easypost_bank,service_fee,$7.72000,$647.10000,,9400100000000000009072
2026-09-26T15:18:41Z,paylog_009234,complete,user,easypost_bank,service_fee,$9.58000,$637.52000,,9400100000000000009003
2026-09-26T15:21:16Z,paylog_009235,complete,user,easypost_bank,service_fee,$7.49000,$630.03000,,9400100000000000008977
2026-09-26T15:34:06Z,paylog_009236,complete,user,easypost_bank,service_fee,$5.42000,$624.61000,,9400100000000000009029
2026-09-26T15:34:13Z,paylog_009237,complete,user,easypost_bank,service_fee,$3.34000,$621.27000,,9400100000000000009091
2026-09-26T15:35:45Z,paylog_009238,complete,user,easypost_bank,service_fee,$16.13000,$605.14000,,9400100000000000009083
2026-09-26T15:36:08Z,paylog_009239,complete,user,easypost_bank,service_fee,$8.61000,$596.53000,,9400100000000000008937
2026-09-26T15:39:12Z,paylog_009240,complete,user,easypost_bank,service_fee,$3.69000,$592.84000,,9400100000000000009123
2026-09-26T15:42:00Z,paylog_009241,complete,user,easypost_bank,service_fee,$10.51000,$582.33000,,9400100000000000008974
2026-09-26T15:48:13Z,paylog_009242,complete,user,easypost_bank,service_fee,$3.72000,$578.61000,,9400100000000000009032
2026-09-26T15:52:37Z,paylog_009243,complete,user,easypost_bank,service_fee,$3.52000,$575.09000,,9400100000000000009098
2026-09-26T15:54:07Z,paylog_009244,complete,user,easypost_bank,service_fee,$6.47000,$568.62000,,9400100000000000009138
2026-09-26T15:55:10Z,paylog_009245,complete,user,easypost_bank,service_fee,$6.39000,$562.23000,,9400100000000000009139
2026-09-26T16:04:06Z,paylog_009246,complete,user,easypost_bank,service_fee,$3.75000,$558.48000,,9400100000000000009117
2026-09-26T16:07:24Z,paylog_009247,complete,user,easypost_bank,service_fee,$9.18000,$549.30000,,9400100000000000009075
2026-09-26T16:17:53Z,paylog_009248,complete,user,easypost_bank,service_fee,$4.98000,$544.32000,,9400100000000000009043
2026-09-26T16:21:52Z,paylog_009249,complete,user,easypost_bank,service_fee,$6.04000,$538.28000,,9400100000000000009061
2026-09-26T16:39:28Z,paylog_009250,complete,user,easypost_bank,service_fee,$3.82000,$534.46000,,9400100000000000009107
2026-09-26T16:45:20Z,paylog_009251,complete,user,easypost_bank,service_fee,$5.48000,$528.98000,,9400100000000000009120
2026-09-26T16:52:52Z,paylog_009252,complete,user,easypost_bank,service_fee,$3.73000,$525.25000,,9400100000000000009111
2026-09-26T16:53:45Z,paylog_009253,complete,user,easypost_bank,service_fee,$5.88000,$519.37000,,9400100000000000009137
2026-09-26T16:53:49Z,paylog_009254,complete,user,easypost_bank,service_fee,$8.19000,$511.18000,,9400100000000000009070
2026-09-26T16:54:22Z,paylog_009255,complete,user,easypost_bank,service_fee,$6.46000,$504.72000,,9400100000000000009077
2026-09-26T16:55:30Z,paylog_009256,complete,user,easypost_bank,service_fee,$8.78000,$495.94000,,9400100000000000008924
2026-09-26T17:11:21Z,paylog_009257,complete,user,easypost_bank,service_fee,$3.77000,$492.17000,,9400100000000000009115
2026-09-26T17:12:07Z,paylog_009258,complete,user,easypost_bank,service_fee,$6.35000,$485.82000,,9400100000000000009127
2026-09-26T17:21:32Z,paylog_009259,complete,user,easypost_bank,service_fee,$5.01000,$480.81000,,9400100000000000009104
2026-09-26T17:30:56Z,paylog_009260,complete,user,easypost_bank,service_fee,$3.53000,$477.28000,,9400100000000000009090
2026-09-26T17:40:23Z,paylog_009261,complete,user,easypost_bank,service_fee,$6.48000,$470.80000,,9400100000000000009131
2026-09-26T17:52:23Z,paylog_009262,complete,user,easypost_bank,service_fee,$5.61000,$465.19000,,9400100000000000009099
2026-09-26T17:55:58Z,paylog_009263,complete,user,easypost_bank,service_fee,$3.57000,$461.62000,,9400100000000000008959
2026-09-26T17:59:46Z,paylog_009264,complete,user,easypost_bank,service_fee,$11.60000,$450.02000,,9400100000000000009007
2026-09-26T18:00:15Z,paylog_009265,complete,user,easypost_bank,service_fee,$18.58000,$431.44000,,9400100000000000009065
2026-09-26T18:00:46Z,paylog_009266,complete,user,easypost_bank,service_fee,$6.95000,$424.49000,,9400100000000000009054
2026-09-26T18:03:27Z,paylog_009267,complete,user,easypost_bank,service_fee,$13.24000,$411.25000,,9400100000000000009085
2026-09-26T18:06:29Z,paylog_009268,complete,user,easypost_bank,service_fee,$8.45000,$402.80000,,9400100000000000009069
2026-09-26T18:07:29Z,paylog_009269,complete,user,easypost_bank,service_fee,$12.11000,$390.69000,,9400100000000000009068
2026-09-26T18:13:47Z,paylog_009270,complete,user,easypost_bank,service_fee,$3.39000,$387.30000,,9400100000000000009094
2026-09-26T18:17:39Z,paylog_009271,complete,user,easypost_bank,service_fee,$5.24000,$382.06000,,9400100000000000009130
2026-09-26T18:22:59Z,paylog_009272,complete,user,easypost_bank,service_fee,$5.73000,$376.33000,,9400100000000000008972
2026-09-26T18:24:48Z,paylog_009273,complete,user,easypost_bank,service_fee,$3.61000,$372.72000,,9400100000000000009121
2026-09-26T18:31:02Z,paylog_009274,complete,user,easypost_bank,service_fee,$6.90000,$365.82000,,9400100000000000009062
2026-09-26T18:32:55Z,paylog_009275,complete,user,easypost_bank,service_fee,$8.18000,$357.64000,,9400100000000000009064
2026-09-26T18:54:25Z,paylog_009276,complete,user,easypost_bank,service_fee,$3.78000,$353.86000,,9400100000000000009034
2026-09-26T18:55:08Z,paylog_009277,complete,user,easypost_bank,service_fee,$8.53000,$345.33000,,9400100000000000009063
2026-09-26T19:07:54Z,paylog_009278,complete,user,easypost_bank,service_fee,$3.42000,$341.91000,,9400100000000000009092
2026-09-26T19:09:01Z,paylog_009279,complete,user,easypost_bank,service_fee,$5.36000,$336.55000,,9400100000000000009044
2026-09-26T19:23:32Z,paylog_009280,complete,user,easypost_bank,service_fee,$8.72000,$327.83000,,9400100000000000008938
2026-09-26T19:38:14Z,paylog_009281,complete,user,easypost_bank,service_fee,$5.22000,$322.61000,,9400100000000000009095
2026-09-26T19:42:19Z,paylog_009282,complete,user,easypost_bank,service_fee,$5.39000,$317.22000,,9400100000000000009118
2026-09-26T19:48:08Z,paylog_009283,complete,user,easypost_bank,service_fee,$9.53000,$307.69000,,9400100000000000009067
2026-09-26T19:59:46Z,paylog_009284,complete,bank_account,user,recharge,$1000.00000,$1307.69000,,
2026-09-26T20:00:46Z,paylog_009285,complete,user,easypost_bank,service_fee,$9.26000,$1298.43000,,9400100000000000009053
2026-09-26T20:05:44Z,paylog_009286,complete,user,easypost_bank,service_fee,$9.57000,$1288.86000,,9400100000000000009081
2026-09-26T20:13:35Z,paylog_009287,complete,user,easypost_bank,service_fee,$3.72000,$1285.14000,,9400100000000000009114
2026-09-26T20:22:30Z,paylog_009288,complete,user,easypost_bank,service_fee,$9.49000,$1275.65000,,9400100000000000008993
2026-09-26T20:24:30Z,paylog_009289,complete,user,easypost_bank,service_fee,$3.43000,$1272.22000,,9400100000000000009016
2026-09-26T20:34:29Z,paylog_009290,complete,user,easypost_bank,service_fee,$8.57000,$1263.65000,,9400100000000000009060
2026-09-26T20:34:47Z,paylog_009291,complete,user,easypost_bank,service_fee,$5.03000,$1258.62000,,9400100000000000009119
2026-09-26T20:35:28Z,paylog_009292,complete,user,easypost_bank,service_fee,$5.00000,$1253.62000,,9400100000000000009105
2026-09-26T20:40:42Z,paylog_009293,complete,user,easypost_bank,service_fee,$3.64000,$1249.98000,,9400100000000000009033
2026-09-26T20:45:00Z,paylog_009294,complete,user,easypost_bank,service_fee,$5.86000,$1244.12000,,9400100000000000009129
2026-09-26T20:47:20Z,paylog_009295,complete,user,easypost_bank,service_fee,$3.51000,$1240.61000,,9400100000000000009112
2026-09-26T20:47:50Z,paylog_009296,complete,user,easypost_bank,service_fee,$3.30000,$1237.31000,,9400100000000000009103
2026-09-26T20:50:44Z,paylog_009297,complete,user,easypost_bank,service_fee,$6.39000,$1230.92000,,9400100000000000009058
2026-09-26T20:51:11Z,paylog_009298,complete,user,easypost_bank,service_fee,$8.60000,$1222.32000,,9400100000000000009055
2026-09-26T20:53:19Z,paylog_009299,complete,user,easypost_bank,service_fee,$3.36000,$1218.96000,,9400100000000000009116
2026-09-26T22:00:00Z,paylog_009300,complete,refund,user,refund,$3.29000,$1222.25000,,9400100000000000009036
2026-09-27T13:03:23Z,paylog_009301,complete,user,easypost_bank,service_fee,$3.56000,$1218.69000,,9400100000000000009093
2026-09-27T13:36:40Z,paylog_009302,complete,user,easypost_bank,service_fee,$6.39000,$1212.30000,,9400100000000000009160
2026-09-27T13:50:28Z,paylog_009303,complete,user,easypost_bank,service_fee,$5.30000,$1207.00000,,9400100000000000009100
2026-09-27T13:52:14Z,paylog_009304,complete,user,easypost_bank,service_fee,$12.52000,$1194.48000,,9400100000000000009175
2026-09-27T13:54:42Z,paylog_009305,complete,user,easypost_bank,service_fee,$3.39000,$1191.09000,,9400100000000000009189
2026-09-27T14:00:11Z,paylog_009306,complete,user,easypost_bank,service_fee,$6.02000,$1185.07000,,9400100000000000009224
2026-09-27T14:02:35Z,paylog_009307,complete,user,easypost_bank,service_fee,$3.62000,$1181.45000,,9400100000000000009199
2026-09-27T14:13:05Z,paylog_009308,complete,user,easypost_bank,service_fee,$6.17000,$1175.28000,,9400100000000000009222
2026-09-27T14:26:13Z,paylog_009309,complete,user,easypost_bank,service_fee,$3.74000,$1171.54000,,9400100000000000009179
2026-09-27T14:30:31Z,paylog_009310,complete,user,easypost_bank,service_fee,$3.77000,$1167.77000,,9400100000000000009195
2026-09-27T14:32:36Z,paylog_009311,complete,user,easypost_bank,service_fee,$5.72000,$1162.05000,,9400100000000000009144
2026-09-27T14:36:25Z,paylog_009312,complete,user,easypost_bank,service_fee,$3.50000,$1158.55000,,9400100000000000009181
2026-09-27T14:37:47Z,paylog_009313,complete,user,easypost_bank,service_fee,$13.89000,$1144.66000,,9400100000000000008981
2026-09-27T14:44:32Z,paylog_009314,complete,user,easypost_bank,service_fee,$5.64000,$1139.02000,,9400100000000000009180
2026-09-27T15:03:36Z,paylog_009315,complete,user,easypost_bank,service_fee,$4.90000,$1134.12000,,9400100000000000009134
2026-09-27T15:07:24Z,paylog_009316,complete,user,easypost_bank,service_fee,$14.47000,$1119.65000,,9400100000000000009145
2026-09-27T15:22:49Z,paylog_009317,complete,user,easypost_bank,service_fee,$12.19000,$1107.46000,,9400100000000000009147
2026-09-27T15:25:56Z,paylog_009318,complete,user,easypost_bank,service_fee,$6.04000,$1101.42000,,9400100000000000009163
2026-09-27T15:28:53Z,paylog_009319,complete,user,easypost_bank,service_fee,$9.79000,$1091.63000,,9400100000000000009173
2026-09-27T15:32:51Z,paylog_009320,complete,user,easypost_bank,service_fee,$9.49000,$1082.14000,,9400100000000000009082
2026-09-27T15:42:21Z,paylog_009321,complete,user,easypost_bank,service_fee,$10.31000,$1071.83000,,9400100000000000009073
2026-09-27T15:45:04Z,paylog_009322,complete,user,easypost_bank,service_fee,$5.18000,$1066.65000,,9400100000000000009191
2026-09-27T15:49:55Z,paylog_009323,complete,user,easypost_bank,service_fee,$12.16000,$1054.49000,,9400100000000000009004
2026-09-27T15:50:11Z,paylog_009324,complete,user,easypost_bank,service_fee,$7.73000,$1046.76000,,9400100000000000009218
2026-09-27T15:54:37Z,paylog_009325,complete,user,easypost_bank,service_fee,$12.41000,$1034.35000,,9400100000000000009076
2026-09-27T15:57:57Z,paylog_009326,complete,user,easypost_bank,service_fee,$13.46000,$1020.89000,,9400100000000000009153
2026-09-27T16:01:10Z,paylog_009327,complete,user,easypost_bank,service_fee,$17.00000,$1003.89000,,9400100000000000009165
2026-09-27T16:03:58Z,paylog_009328,complete,user,easypost_bank,service_fee,$6.86000,$997.03000,,9400100000000000009171
2026-09-27T16:14:14Z,paylog_009329,complete,user,easypost_bank,service_fee,$8.71000,$988.32000,,9400100000000000009161
2026-09-27T16:14:31Z,paylog_009330,complete,user,easypost_bank,service_fee,$3.22000,$985.10000,,9400100000000000009217
2026-09-27T16:17:06Z,paylog_009331,complete,user,easypost_bank,service_fee,$7.05000,$978.05000,,9400100000000000009132
2026-09-27T16:22:03Z,paylog_009332,complete,user,easypost_bank,service_fee,$5.68000,$972.37000,,9400100000000000009185
2026-09-27T16:36:54Z,paylog_009333,complete,user,easypost_bank,service_fee,$3.76000,$968.61000,,9400100000000000009190
2026-09-27T16:42:52Z,paylog_009334,complete,user,easypost_bank,service_fee,$6.33000,$962.28000,,9400100000000000008979
2026-09-27T16:51:48Z,paylog_009335,complete,user,easypost_bank,service_fee,$6.60000,$955.68000,,9400100000000000009225
2026-09-27T16:52:17Z,paylog_009336,complete,user,easypost_bank,service_fee,$3.48000,$952.20000,,9400100000000000009212
2026-09-27T16:56:01Z,paylog_009337,complete,user,easypost_bank,service_fee,$3.29000,$948.91000,,9400100000000000009207
2026-09-27T17:01:17Z,paylog_009338,complete,user,easypost_bank,service_fee,$8.70000,$940.21000,,9400100000000000009056
2026-09-27T17:02:27Z,paylog_009339,complete,user,easypost_bank,service_fee,$12.39000,$927.82000,,9400100000000000009146
2026-09-27T17:02:56Z,paylog_009340,complete,user,easypost_bank,service_fee,$3.28000,$924.54000,,9400100000000000009202
2026-09-27T17:03:47Z,paylog_009341,complete,user,easypost_bank,service_fee,$11.50000,$913.04000,,9400100000000000009149
2026-09-27T17:05:47Z,paylog_009342,complete,user,easypost_bank,service_fee,$9.38000,$903.66000,,9400100000000000009154
2026-09-27T17:08:22Z,paylog_009343,complete,user,easypost_bank,service_fee,$3.84000,$899.82000,,9400100000000000009197
2026-09-27T17:09:30Z,paylog_009344,complete,user,easypost_bank,service_fee,$12.00000,$887.82000,,9400100000000000009158
2026-09-27T17:11:28Z,paylog_009345,complete,user,easypost_bank,service_fee,$5.39000,$882.43000,,9400100000000000009208
2026-09-27T17:15:26Z,paylog_009346,complete,user,easypost_bank,service_fee,$5.28000,$877.15000,,9400100000000000009200
2026-09-27T17:15:58Z,paylog_009347,complete,user,easypost_bank,service_fee,$3.77000,$873.38000,,9400100000000000009183
2026-09-27T17:29:24Z,paylog_009348,complete,user,easypost_bank,service_fee,$8.17000,$865.21000,,9400100000000000009167
2026-09-27T17:33:44Z,paylog_009349,complete,user,easypost_bank,service_fee,$11.98000,$853.23000,,9400100000000000009168
2026-09-27T17:38:18Z,paylog_009350,complete,user,easypost_bank,service_fee,$3.32000,$849.91000,,9400100000000000009089
2026-09-27T17:45:03Z,paylog_009351,complete,user,easypost_bank,service_fee,$3.77000,$846.14000,,9400100000000000009096
2026-09-27T17:52:31Z,paylog_009352,complete,user,easypost_bank,service_fee,$3.79000,$842.35000,,9400100000000000009108
2026-09-27T18:00:32Z,paylog_009353,complete,user,easypost_bank,service_fee,$5.53000,$836.82000,,9400100000000000009194
2026-09-27T18:01:37Z,paylog_009354,complete,user,easypost_bank,service_fee,$3.67000,$833.15000,,9400100000000000009184
2026-09-27T18:09:35Z,paylog_009355,complete,user,easypost_bank,service_fee,$3.64000,$829.51000,,9400100000000000009214
2026-09-27T18:12:32Z,paylog_009356,complete,user,easypost_bank,service_fee,$5.80000,$823.71000,,9400100000000000009228
2026-09-27T18:16:13Z,paylog_009357,complete,user,easypost_bank,service_fee,$5.58000,$818.13000,,9400100000000000009193
2026-09-27T18:36:13Z,paylog_009358,complete,user,easypost_bank,service_fee,$3.88000,$814.25000,,9400100000000000009097
2026-09-27T18:36:51Z,paylog_009359,complete,user,easypost_bank,service_fee,$5.36000,$808.89000,,9400100000000000009182
2026-09-27T18:37:48Z,paylog_009360,complete,user,easypost_bank,service_fee,$11.38000,$797.51000,,9400100000000000009142
2026-09-27T18:43:08Z,paylog_009361,complete,user,easypost_bank,service_fee,$8.56000,$788.95000,,9400100000000000009164
2026-09-27T18:47:28Z,paylog_009362,complete,user,easypost_bank,service_fee,$3.44000,$785.51000,,9400100000000000009023
2026-09-27T18:52:19Z,paylog_009363,complete,user,easypost_bank,service_fee,$6.12000,$779.39000,,9400100000000000009125
2026-09-27T18:54:02Z,paylog_009364,complete,user,easypost_bank,service_fee,$4.92000,$774.47000,,9400100000000000009211
2026-09-27T18:56:07Z,paylog_009365,complete,user,easypost_bank,service_fee,$6.41000,$768.06000,,9400100000000000009136
2026-09-27T18:59:14Z,paylog_009366,complete,user,easypost_bank,service_fee,$8.24000,$759.82000,,9400100000000000009066
2026-09-27T19:02:42Z,paylog_009367,complete,user,easypost_bank,service_fee,$8.61000,$751.21000,,9400100000000000009141
2026-09-27T19:14:23Z,paylog_009368,complete,user,easypost_bank,service_fee,$3.80000,$747.41000,,9400100000000000009106
2026-09-27T19:25:09Z,paylog_009369,complete,user,easypost_bank,service_fee,$3.83000,$743.58000,,9400100000000000009178
2026-09-27T19:46:18Z,paylog_009370,complete,user,easypost_bank,service_fee,$7.61000,$735.97000,,9400100000000000009086
2026-09-27T19:51:28Z,paylog_009371,complete,user,easypost_bank,service_fee,$7.71000,$728.26000,,9400100000000000009152
2026-09-27T19:57:53Z,paylog_009372,complete,user,easypost_bank,service_fee,$13.24000,$715.02000,,9400100000000000009162
2026-09-27T20:26:26Z,paylog_009373,complete,user,easypost_bank,service_fee,$7.11000,$707.91000,,9400100000000000009219
2026-09-27T20:30:27Z,paylog_009374,complete,user,easypost_bank,service_fee,$13.90000,$694.01000,,9400100000000000009172
2026-09-27T20:36:23Z,paylog_009375,complete,user,easypost_bank,service_fee,$3.37000,$690.64000,,9400100000000000009206
2026-09-27T20:46:30Z,paylog_009376,complete,user,easypost_bank,service_fee,$3.35000,$687.29000,,9400100000000000009213
2026-09-27T20:46:39Z,paylog_009377,complete,user,easypost_bank,service_fee,$8.00000,$679.29000,,9400100000000000009176
2026-09-27T20:50:47Z,paylog_009378,complete,user,easypost_bank,service_fee,$3.48000,$675.81000,,9400100000000000009110
2026-09-27T20:53:28Z,paylog_009379,complete,user,easypost_bank,service_fee,$3.45000,$672.36000,,9400100000000000009186
2026-09-27T20:59:19Z,paylog_009380,complete,user,easypost_bank,service_fee,$3.46000,$668.90000,,9400100000000000009192
2026-09-28T13:00:00Z,paylog_009381,complete,user,payment_refund,payment_refund,$50.00000,$618.90000,,
2026-09-28T13:10:05Z,paylog_009382,complete,user,easypost_bank,service_fee,$5.63000,$613.27000,,9400100000000000009258
2026-09-28T13:23:06Z,paylog_009383,complete,user,easypost_bank,service_fee,$6.64000,$606.63000,,9400100000000000009242
2026-09-28T13:27:01Z,paylog_009384,complete,user,easypost_bank,service_fee,$3.54000,$603.09000,,9400100000000000009263
2026-09-28T13:34:01Z,paylog_009385,complete,user,easypost_bank,service_fee,$4.65000,$598.44000,,9400100000000000009272
2026-09-28T13:35:05Z,paylog_009386,complete,user,easypost_bank,service_fee,$7.84000,$590.60000,,9400100000000000009231
2026-09-28T13:40:36Z,paylog_009387,complete,user,easypost_bank,service_fee,$5.10000,$585.50000,,9400100000000000009174
2026-09-28T13:44:41Z,paylog_009388,complete,user,easypost_bank,service_fee,$3.80000,$581.70000,,9400100000000000009253
2026-09-28T13:58:49Z,paylog_009389,complete,user,easypost_bank,service_fee,$13.13000,$568.57000,,9400100000000000009243
2026-09-28T13:59:16Z,paylog_009390,complete,user,easypost_bank,service_fee,$10.35000,$558.22000,,9400100000000000009273
2026-09-28T14:00:19Z,paylog_009391,complete,user,easypost_bank,service_fee,$3.73000,$554.49000,,9400100000000000009256
2026-09-28T14:32:25Z,paylog_009392,complete,user,easypost_bank,service_fee,$11.66000,$542.83000,,9400100000000000009235
2026-09-28T14:34:27Z,paylog_009393,complete,user,easypost_bank,service_fee,$11.28000,$531.55000,,9400100000000000009169
2026-09-28T14:36:20Z,paylog_009394,complete,user,easypost_bank,service_fee,$9.81000,$521.74000,,9400100000000000009232
2026-09-28T14:38:40Z,paylog_009395,complete,user,easypost_bank,service_fee,$8.79000,$512.95000,,9400100000000000009159
2026-09-28T15:00:40Z,paylog_009396,complete,user,easypost_bank,service_fee,$4.79000,$508.16000,,9400100000000000009124
2026-09-28T15:04:37Z,paylog_009397,complete,user,easypost_bank,service_fee,$8.99000,$499.17000,,9400100000000000009245
2026-09-28T15:04:58Z,paylog_009398,complete,user,easypost_bank,service_fee,$9.94000,$489.23000,,9400100000000000009220
2026-09-28T15:17:16Z,paylog_009399,complete,user,easypost_bank,service_fee,$6.33000,$482.90000,,9400100000000000009227
2026-09-28T15:17:29Z,paylog_009400,complete,user,easypost_bank,service_fee,$6.60000,$476.30000,,9400100000000000009275
2026-09-28T15:20:18Z,paylog_009401,complete,user,easypost_bank,service_fee,$14.50000,$461.80000,,9400100000000000009155
2026-09-28T15:20:29Z,paylog_009402,complete,user,easypost_bank,service_fee,$6.38000,$455.42000,,9400100000000000009226
2026-09-28T15:25:49Z,paylog_009403,complete,user,easypost_bank,service_fee,$6.45000,$448.97000,,9400100000000000009237
2026-09-28T15:26:44Z,paylog_009404,complete,user,easypost_bank,service_fee,$4.34000,$444.63000,,9400100000000000009270
2026-09-28T15:27:02Z,paylog_009405,complete,user,easypost_bank,service_fee,$16.50000,$428.13000,,9400100000000000009079
2026-09-28T15:33:12Z,paylog_009406,complete,user,easypost_bank,service_fee,$3.85000,$424.28000,,9400100000000000009196
2026-09-28T15:37:22Z,paylog_009407,complete,user,easypost_bank,service_fee,$5.26000,$419.02000,,9400100000000000009088
2026-09-28T15:40:02Z,paylog_009408,complete,user,easypost_bank,service_fee,$5.76000,$413.26000,,9400100000000000009177
2026-09-28T15:52:21Z,paylog_009409,complete,user,easypost_bank,service_fee,$5.26000,$408.00000,,9400100000000000009204
2026-09-28T15:55:02Z,paylog_009410,complete,user,easypost_bank,service_fee,$3.64000,$404.36000,,9400100000000000009187
2026-09-28T15:55:28Z,paylog_009411,complete,user,easypost_bank,service_fee,$5.56000,$398.80000,,9400100000000000009269
2026-09-28T16:07:37Z,paylog_009412,complete,user,easypost_bank,service_fee,$9.78000,$389.02000,,9400100000000000009170
2026-09-28T16:15:08Z,paylog_009413,complete,user,easypost_bank,service_fee,$5.22000,$383.80000,,9400100000000000009210
2026-09-28T16:17:56Z,paylog_009414,complete,user,easypost_bank,service_fee,$3.36000,$380.44000,,9400100000000000009261
2026-09-28T16:30:34Z,paylog_009415,complete,user,easypost_bank,service_fee,$3.40000,$377.04000,,9400100000000000009215
2026-09-28T16:33:29Z,paylog_009416,complete,user,easypost_bank,service_fee,$11.85000,$365.19000,,9400100000000000009230
2026-09-28T16:42:29Z,paylog_009417,complete,user,easypost_bank,service_fee,$5.64000,$359.55000,,9400100000000000009198
2026-09-28T17:02:05Z,paylog_009418,complete,user,easypost_bank,service_fee,$5.02000,$354.53000,,9400100000000000009247
2026-09-28T17:04:52Z,paylog_009419,complete,user,easypost_bank,service_fee,$12.93000,$341.60000,,9400100000000000009216
2026-09-28T17:12:06Z,paylog_009420,complete,user,easypost_bank,service_fee,$12.03000,$329.57000,,9400100000000000009241
2026-09-28T17:15:20Z,paylog_009421,complete,user,easypost_bank,service_fee,$7.01000,$322.56000,,9400100000000000009151
2026-09-28T17:44:03Z,paylog_009422,complete,user,easypost_bank,service_fee,$3.61000,$318.95000,,9400100000000000009268
2026-09-28T17:47:15Z,paylog_009423,complete,user,easypost_bank,service_fee,$3.82000,$315.13000,,9400100000000000009209
2026-09-28T17:52:29Z,paylog_009424,complete,user,easypost_bank,service_fee,$7.50000,$307.63000,,9400100000000000009246
2026-09-28T18:15:58Z,paylog_009425,complete,user,easypost_bank,service_fee,$3.67000,$303.96000,,9400100000000000009260
2026-09-28T18:36:33Z,paylog_009426,complete,user,easypost_bank,service_fee,$3.36000,$300.60000,,9400100000000000009264
2026-09-28T18:36:35Z,paylog_009427,complete,bank_account,user,recharge,$1000.00000,$1300.60000,,
2026-09-28T18:37:35Z,paylog_009428,complete,user,easypost_bank,service_fee,$6.36000,$1294.24000,,9400100000000000009277
2026-09-28T18:41:34Z,paylog_009429,complete,user,easypost_bank,service_fee,$6.05000,$1288.19000,,9400100000000000009240
2026-09-28T18:43:57Z,paylog_009430,complete,user,easypost_bank,service_fee,$3.27000,$1284.92000,,9400100000000000009252
2026-09-28T18:47:13Z,paylog_009431,complete,user,easypost_bank,service_fee,$3.73000,$1281.19000,,9400100000000000009249
2026-09-28T18:57:03Z,paylog_009432,complete,user,easypost_bank,service_fee,$3.49000,$1277.70000,,9400100000000000009113
2026-09-28T19:00:57Z,paylog_009433,complete,user,easypost_bank,service_fee,$3.60000,$1274.10000,,9400100000000000009188
2026-09-28T19:15:15Z,paylog_009434,complete,user,easypost_bank,service_fee,$11.15000,$1262.95000,,9400100000000000009234
2026-09-28T19:23:20Z,paylog_009435,complete,user,easypost_bank,service_fee,$5.83000,$1257.12000,,9400100000000000009087
2026-09-28T19:46:10Z,paylog_009436,complete,user,easypost_bank,service_fee,$12.00000,$1245.12000,,9400100000000000009157
2026-09-28T19:50:28Z,paylog_009437,complete,user,easypost_bank,service_fee,$3.57000,$1241.55000,,9400100000000000009205
2026-09-28T20:06:50Z,paylog_009438,complete,user,easypost_bank,service_fee,$6.71000,$1234.84000,,9400100000000000009276
2026-09-28T20:20:56Z,paylog_009439,complete,user,easypost_bank,service_fee,$3.87000,$1230.97000,,9400100000000000009248
2026-09-28T20:31:07Z,paylog_009440,complete,user,easypost_bank,service_fee,$6.63000,$1224.34000,,9400100000000000009148
2026-09-28T20:39:11Z,paylog_009441,complete,user,easypost_bank,service_fee,$8.48000,$1215.86000,,9400100000000000009156
2026-09-28T22:00:00Z,paylog_009442,complete,refund,user,refund,$3.77000,$1219.63000,,9400100000000000009096
2026-09-29T13:05:32Z,paylog_009443,complete,user,easypost_bank,service_fee,$3.30000,$1216.33000,,9400100000000000009318
2026-09-29T13:14:40Z,paylog_009444,complete,user,easypost_bank,service_fee,$3.65000,$1212.68000,,9400100000000000009251
2026-09-29T13:29:01Z,paylog_009445,complete,user,easypost_bank,service_fee,$3.66000,$1209.02000,,9400100000000000009267
2026-09-29T13:32:17Z,paylog_009446,complete,user,easypost_bank,service_fee,$5.83000,$1203.19000,,9400100000000000009343
2026-09-29T13:33:32Z,paylog_009447,complete,user,easypost_bank,service_fee,$3.29000,$1199.90000,,9400100000000000009250
2026-09-29T13:39:12Z,paylog_009448,complete,user,easypost_bank,service_fee,$6.33000,$1193.57000,,9400100000000000009233
2026-09-29T13:39:51Z,paylog_009449,complete,user,easypost_bank,service_fee,$7.47000,$1186.10000,,9400100000000000009166
2026-09-29T13:48:34Z,paylog_009450,complete,user,easypost_bank,service_fee,$10.03000,$1176.07000,,9400100000000000009150
2026-09-29T13:52:33Z,paylog_009451,complete,user,easypost_bank,service_fee,$14.32000,$1161.75000,,9400100000000000009298
2026-09-29T13:53:09Z,paylog_009452,complete,user,easypost_bank,service_fee,$13.12000,$1148.63000,,9400100000000000009238
2026-09-29T14:14:50Z,paylog_009453,complete,user,easypost_bank,service_fee,$3.58000,$1145.05000,,9400100000000000009317
2026-09-29T14:23:53Z,paylog_009454,complete,user,easypost_bank,service_fee,$3.40000,$1141.65000,,9400100000000000009320
2026-09-29T14:27:34Z,paylog_009455,complete,user,easypost_bank,service_fee,$3.52000,$1138.13000,,9400100000000000009336
2026-09-29T14:27:48Z,paylog_009456,complete,user,easypost_bank,service_fee,$3.66000,$1134.47000,,9400100000000000009255
2026-09-29T14:31:57Z,paylog_009457,complete,user,easypost_bank,service_fee,$4.71000,$1129.76000,,9400100000000000009271
2026-09-29T14:35:52Z,paylog_009458,complete,user,easypost_bank,service_fee,$8.91000,$1120.85000,,9400100000000000009295
2026-09-29T14:43:08Z,paylog_009459,complete,user,easypost_bank,service_fee,$7.01000,$1113.84000,,9400100000000000009280
2026-09-29T14:46:06Z,paylog_009460,complete,user,easypost_bank,service_fee,$4.96000,$1108.88000,,9400100000000000009332
2026-09-29T14:47:00Z,paylog_009461,complete,user,easypost_bank,service_fee,$3.87000,$1105.01000,,9400100000000000009203
2026-09-29T14:55:43Z,paylog_009462,complete,user,easypost_bank,service_fee,$5.59000,$1099.42000,,9400100000000000009306
2026-09-29T15:12:55Z,paylog_009463,complete,user,easypost_bank,service_fee,$3.85000,$1095.57000,,9400100000000000009308
2026-09-29T15:33:25Z,paylog_009464,complete,user,easypost_bank,service_fee,$11.40000,$1084.17000,,9400100000000000009285
2026-09-29T15:35:13Z,paylog_009465,complete,user,easypost_bank,service_fee,$5.40000,$1078.77000,,9400100000000000009266
2026-09-29T15:45:10Z,paylog_009466,complete,user,easypost_bank,service_fee,$6.69000,$1072.08000,,9400100000000000009304
2026-09-29T15:48:33Z,paylog_009467,complete,user,easypost_bank,service_fee,$5.87000,$1066.21000,,9400100000000000009257
2026-09-29T15:49:25Z,paylog_009468,complete,user,easypost_bank,service_fee,$3.70000,$1062.51000,,9400100000000000009329
2026-09-29T15:50:13Z,paylog_009469,complete,user,easypost_bank,service_fee,$7.54000,$1054.97000,,9400100000000000009229
2026-09-29T15:51:06Z,paylog_009470,complete,user,easypost_bank,service_fee,$3.91000,$1051.06000,,9400100000000000009335
2026-09-29T15:52:49Z,paylog_009471,complete,user,easypost_bank,service_fee,$3.38000,$1047.68000,,9400100000000000009323
2026-09-29T16:04:27Z,paylog_009472,complete,user,easypost_bank,service_fee,$5.18000,$1042.50000,,9400100000000000009340
2026-09-29T16:04:53Z,paylog_009473,complete,user,easypost_bank,service_fee,$3.67000,$1038.83000,,9400100000000000009315
2026-09-29T16:06:16Z,paylog_009474,complete,user,easypost_bank,service_fee,$7.76000,$1031.07000,,9400100000000000009244
2026-09-29T16:06:57Z,paylog_009475,complete,user,easypost_bank,service_fee,$10.21000,$1020.86000,,9400100000000000009278
2026-09-29T16:31:28Z,paylog_009476,complete,user,easypost_bank,service_fee,$4.87000,$1015.99000,,9400100000000000009341
2026-09-29T16:43:57Z,paylog_009477,complete,user,easypost_bank,service_fee,$6.33000,$1009.66000,,9400100000000000009274
2026-09-29T16:43:57Z,paylog_009478,complete,user,easypost_bank,service_fee,$8.27000,$1001.39000,,9400100000000000009294
2026-09-29T16:51:40Z,paylog_009479,complete,user,easypost_bank,service_fee,$5.68000,$995.71000,,9400100000000000009334
2026-09-29T16:52:35Z,paylog_009480,complete,user,easypost_bank,service_fee,$3.28000,$992.43000,,9400100000000000009312
2026-09-29T16:57:26Z,paylog_009481,complete,user,easypost_bank,service_fee,$3.74000,$988.69000,,9400100000000000009201
2026-09-29T17:05:54Z,paylog_009482,complete,user,easypost_bank,service_fee,$6.26000,$982.43000,,9400100000000000009289
2026-09-29T17:33:32Z,paylog_009483,complete,user,easypost_bank,service_fee,$13.35000,$969.08000,,9400100000000000009339
2026-09-29T17:36:27Z,paylog_009484,complete,user,easypost_bank,service_fee,$3.43000,$965.65000,,9400100000000000009309
2026-09-29T17:52:23Z,paylog_009485,complete,user,easypost_bank,service_fee,$5.42000,$960.23000,,9400100000000000009322
2026-09-29T17:59:28Z,paylog_009486,complete,user,easypost_bank,service_fee,$3.45000,$956.78000,,9400100000000000009326
2026-09-29T18:14:54Z,paylog_009487,complete,user,easypost_bank,service_fee,$5.94000,$950.84000,,9400100000000000009223
2026-09-29T18:29:54Z,paylog_009488,complete,user,easypost_bank,service_fee,$5.63000,$945.21000,,9400100000000000009221
2026-09-29T18:32:04Z,paylog_009489,complete,user,easypost_bank,service_fee,$3.58000,$941.63000,,9400100000000000009327
2026-09-29T18:37:49Z,paylog_009490,complete,user,easypost_bank,service_fee,$8.51000,$933.12000,,9400100000000000009143
2026-09-29T18:37:50Z,paylog_009491,complete,user,easypost_bank,service_fee,$6.54000,$926.58000,,9400100000000000009344
2026-09-29T18:38:05Z,paylog_009492,complete,user,easypost_bank,service_fee,$6.54000,$920.04000,,9400100000000000009287
2026-09-29T18:55:25Z,paylog_009493,complete,user,easypost_bank,service_fee,$5.40000,$914.64000,,9400100000000000009325
2026-09-29T19:01:01Z,paylog_009494,complete,user,easypost_bank,service_fee,$6.59000,$908.05000,,9400100000000000009239
2026-09-29T19:19:59Z,paylog_009495,complete,user,easypost_bank,service_fee,$12.29000,$895.76000,,9400100000000000009290
2026-09-29T19:24:37Z,paylog_009496,complete,user,easypost_bank,service_fee,$3.77000,$891.99000,,9400100000000000009307
2026-09-29T19:25:34Z,paylog_009497,complete,user,easypost_bank,service_fee,$9.94000,$882.05000,,9400100000000000009301
2026-09-29T19:31:26Z,paylog_009498,complete,user,easypost_bank,service_fee,$5.86000,$876.19000,,9400100000000000009313
2026-09-29T19:33:52Z,paylog_009499,complete,user,easypost_bank,service_fee,$8.79000,$867.40000,,9400100000000000009283
2026-09-29T19:34:55Z,paylog_009500,complete,user,easypost_bank,service_fee,$5.35000,$862.05000,,9400100000000000009331
2026-09-29T20:09:49Z,paylog_009501,complete,user,easypost_bank,service_fee,$3.49000,$858.56000,,9400100000000000009305
2026-09-29T20:12:35Z,paylog_009502,complete,user,easypost_bank,service_fee,$5.10000,$853.46000,,9400100000000000009254
2026-09-29T20:19:06Z,paylog_009503,complete,user,easypost_bank,service_fee,$19.27000,$834.19000,,9400100000000000009140
2026-09-29T20:37:01Z,paylog_009504,complete,user,easypost_bank,service_fee,$5.31000,$828.88000,,9400100000000000009259
2026-09-29T20:46:19Z,paylog_009505,complete,user,easypost_bank,service_fee,$12.71000,$816.17000,,9400100000000000009236
2026-09-29T20:50:51Z,paylog_009506,complete,user,easypost_bank,service_fee,$6.68000,$809.49000,,9400100000000000009296
2026-09-29T22:00:00Z,paylog_009507,complete,refund,user,refund,$10.35000,$819.84000,,9400100000000000009273
2026-09-29T22:00:00Z,paylog_009508,complete,refund,user,refund,$4.79000,$824.63000,,9400100000000000009124
2026-09-29T22:00:00Z,paylog_009509,complete,refund,user,refund,$11.85000,$836.48000,,9400100000000000009230
2026-09-29T22:00:00Z,paylog_009510,complete,refund,user,refund,$3.87000,$840.35000,,9400100000000000009248
2026-09-30T13:00:32Z,paylog_009511,complete,user,easypost_bank,service_fee,$13.12000,$827.23000,,9400100000000000009303
2026-09-30T13:01:16Z,paylog_009512,complete,user,easypost_bank,service_fee,$5.05000,$822.18000,,9400100000000000009265
2026-09-30T13:06:26Z,paylog_009513,complete,user,easypost_bank,service_fee,$11.39000,$810.79000,,9400100000000000009338
2026-09-30T13:11:31Z,paylog_009514,complete,user,easypost_bank,service_fee,$3.78000,$807.01000,,9400100000000000009391
2026-09-30T13:18:03Z,paylog_009515,complete,user,easypost_bank,service_fee,$3.83000,$803.18000,,9400100000000000009392
2026-09-30T13:19:38Z,paylog_009516,complete,user,easypost_bank,service_fee,$7.58000,$795.60000,,9400100000000000009367
2026-09-30T13:39:07Z,paylog_009517,complete,user,easypost_bank,service_fee,$8.88000,$786.72000,,9400100000000000009346
2026-09-30T13:44:50Z,paylog_009518,complete,user,easypost_bank,service_fee,$10.50000,$776.22000,,9400100000000000009302
2026-09-30T13:49:07Z,paylog_009519,complete,user,easypost_bank,service_fee,$3.48000,$772.74000,,9400100000000000009330
2026-09-30T13:56:57Z,paylog_009520,complete,user,easypost_bank,service_fee,$5.19000,$767.55000,,9400100000000000009310
2026-09-30T13:58:01Z,paylog_009521,complete,user,easypost_bank,service_fee,$5.13000,$762.42000,,9400100000000000009368
2026-09-30T13:58:28Z,paylog_009522,complete,user,easypost_bank,service_fee,$5.04000,$757.38000,,9400100000000000009381
2026-09-30T14:04:28Z,paylog_009523,complete,user,easypost_bank,service_fee,$6.61000,$750.77000,,9400100000000000009342
2026-09-30T14:12:08Z,paylog_009524,complete,user,easypost_bank,service_fee,$8.34000,$742.43000,,9400100000000000009398
2026-09-30T14:14:20Z,paylog_009525,complete,user,easypost_bank,service_fee,$3.53000,$738.90000,,9400100000000000009379
2026-09-30T14:18:52Z,paylog_009526,complete,user,easypost_bank,service_fee,$5.14000,$733.76000,,9400100000000000009399
2026-09-30T14:21:57Z,paylog_009527,complete,user,easypost_bank,service_fee,$6.03000,$727.73000,,9400100000000000009402
2026-09-30T14:22:51Z,paylog_009528,complete,user,easypost_bank,service_fee,$6.66000,$721.07000,,9400100000000000009345
2026-09-30T14:40:56Z,paylog_009529,complete,user,easypost_bank,service_fee,$14.51000,$706.56000,,9400100000000000009288
2026-09-30T15:20:07Z,paylog_009530,complete,user,easypost_bank,service_fee,$9.38000,$697.18000,,9400100000000000009293
2026-09-30T15:27:25Z,paylog_009531,complete,user,easypost_bank,service_fee,$7.78000,$689.40000,,9400100000000000009371
2026-09-30T15:33:05Z,paylog_009532,complete,user,easypost_bank,service_fee,$6.48000,$682.92000,,9400100000000000009353
2026-09-30T15:33:26Z,paylog_009533,complete,user,easypost_bank,service_fee,$3.63000,$679.29000,,9400100000000000009321
2026-09-30T15:35:07Z,paylog_009534,complete,user,easypost_bank,service_fee,$5.18000,$674.11000,,9400100000000000009316
2026-09-30T15:36:45Z,paylog_009535,complete,user,easypost_bank,service_fee,$13.83000,$660.28000,,9400100000000000009354
2026-09-30T15:43:19Z,paylog_009536,complete,user,easypost_bank,service_fee,$10.77000,$649.51000,,9400100000000000009279
2026-09-30T15:45:11Z,paylog_009537,complete,user,easypost_bank,service_fee,$3.77000,$645.74000,,9400100000000000009262
2026-09-30T15:54:57Z,paylog_009538,complete,user,easypost_bank,service_fee,$3.50000,$642.24000,,9400100000000000009377
2026-09-30T15:55:57Z,paylog_009539,complete,user,easypost_bank,service_fee,$3.81000,$638.43000,,9400100000000000009373
2026-09-30T15:58:49Z,paylog_009540,complete,user,easypost_bank,service_fee,$3.74000,$634.69000,,9400100000000000009390
2026-09-30T16:02:31Z,paylog_009541,complete,user,easypost_bank,service_fee,$5.09000,$629.60000,,9400100000000000009311
2026-09-30T16:06:27Z,paylog_009542,complete,user,easypost_bank,service_fee,$10.42000,$619.18000,,9400100000000000009363
2026-09-30T16:13:56Z,paylog_009543,complete,user,easypost_bank,service_fee,$8.09000,$611.09000,,9400100000000000009291
2026-09-30T16:27:33Z,paylog_009544,complete,user,easypost_bank,service_fee,$7.35000,$603.74000,,9400100000000000009284
2026-09-30T16:31:09Z,paylog_009545,complete,user,easypost_bank,service_fee,$7.80000,$595.94000,,9400100000000000009351
2026-09-30T16:32:49Z,paylog_009546,complete,user,easypost_bank,service_fee,$14.56000,$581.38000,,9400100000000000009281
2026-09-30T16:43:54Z,paylog_009547,complete,user,easypost_bank,service_fee,$3.76000,$577.62000,,9400100000000000009314
2026-09-30T16:45:54Z,paylog_009548,complete,user,easypost_bank,service_fee,$7.92000,$569.70000,,9400100000000000009356
2026-09-30T16:50:13Z,paylog_009549,complete,user,easypost_bank,service_fee,$9.81000,$559.89000,,9400100000000000009361
2026-09-30T16:51:34Z,paylog_009550,complete,user,easypost_bank,service_fee,$5.86000,$554.03000,,9400100000000000009372
2026-09-30T16:55:16Z,paylog_009551,complete,user,easypost_bank,service_fee,$14.96000,$539.07000,,9400100000000000009369
2026-09-30T17:06:03Z,paylog_009552,complete,user,easypost_bank,service_fee,$4.93000,$534.14000,,9400100000000000009328
2026-09-30T17:29:23Z,paylog_009553,complete,user,easypost_bank,service_fee,$6.03000,$528.11000,,9400100000000000009401
2026-09-30T17:31:17Z,paylog_009554,complete,user,easypost_bank,service_fee,$3.42000,$524.69000,,9400100000000000009385
2026-09-30T17:40:43Z,paylog_009555,complete,user,easypost_bank,service_fee,$19.02000,$505.67000,,9400100000000000009359
2026-09-30T17:49:29Z,paylog_009556,complete,user,easypost_bank,service_fee,$10.10000,$495.57000,,9400100000000000009299
2026-09-30T18:00:28Z,paylog_009557,complete,user,easypost_bank,service_fee,$5.28000,$490.29000,,9400100000000000009387
2026-09-30T18:06:22Z,paylog_009558,complete,user,easypost_bank,service_fee,$5.61000,$484.68000,,9400100000000000009324
2026-09-30T18:30:55Z,paylog_009559,complete,user,easypost_bank,service_fee,$11.04000,$473.64000,,9400100000000000009292
2026-09-30T18:35:50Z,paylog_009560,complete,user,easypost_bank,service_fee,$3.57000,$470.07000,,9400100000000000009386
2026-09-30T18:35:54Z,paylog_009561,complete,user,easypost_bank,service_fee,$3.85000,$466.22000,,9400100000000000009383
2026-09-30T18:43:26Z,paylog_009562,complete,user,easypost_bank,service_fee,$3.87000,$462.35000,,9400100000000000009333
2026-09-30T18:47:26Z,paylog_009563,complete,user,easypost_bank,service_fee,$14.88000,$447.47000,,9400100000000000009362
2026-09-30T18:55:10Z,paylog_009564,complete,user,easypost_bank,service_fee,$5.92000,$441.55000,,9400100000000000009350
2026-09-30T18:58:10Z,paylog_009565,complete,user,easypost_bank,service_fee,$8.48000,$433.07000,,9400100000000000009286
2026-09-30T19:10:47Z,paylog_009566,complete,user,easypost_bank,service_fee,$8.39000,$424.68000,,9400100000000000009300
2026-09-30T19:13:00Z,paylog_009567,complete,user,easypost_bank,service_fee,$13.01000,$411.67000,,9400100000000000009347
2026-09-30T19:33:12Z,paylog_009568,complete,user,easypost_bank,service_fee,$10.16000,$401.51000,,9400100000000000009357
2026-09-30T19:44:05Z,paylog_009569,complete,user,easypost_bank,service_fee,$10.52000,$390.99000,,9400100000000000009355
2026-09-30T20:03:49Z,paylog_009570,complete,user,easypost_bank,service_fee,$17.81000,$373.18000,,9400100000000000009360
2026-09-30T20:05:54Z,paylog_009571,complete,user,easypost_bank,service_fee,$3.83000,$369.35000,,9400100000000000009375
2026-09-30T20:11:35Z,paylog_009572,complete,user,easypost_bank,service_fee,$5.65000,$363.70000,,9400100000000000009382
2026-09-30T20:15:35Z,paylog_009573,complete,user,easypost_bank,service_fee,$12.64000,$351.06000,,9400100000000000009364
2026-09-30T20:16:44Z,paylog_009574,complete,user,easypost_bank,service_fee,$3.85000,$347.21000,,9400100000000000009396
2026-09-30T20:25:59Z,paylog_009575,complete,user,easypost_bank,service_fee,$11.32000,$335.89000,,9400100000000000009366
2026-09-30T20:35:39Z,paylog_009576,complete,user,easypost_bank,service_fee,$6.55000,$329.34000,,9400100000000000009370
2026-09-30T20:39:57Z,paylog_009577,complete,user,easypost_bank,service_fee,$15.13000,$314.21000,,9400100000000000009297
2026-09-30T20:54:02Z,paylog_009578,complete,user,easypost_bank,service_fee,$3.75000,$310.46000,,9400100000000000009380
2026-09-30T22:00:00Z,paylog_009579,complete,refund,user,refund,$9.38000,$319.84000,,9400100000000000009293
2026-09-30T22:00:00Z,paylog_009580,complete,refund,user,refund,$6.55000,$326.39000,,9400100000000000009370
