Product ID,SKU,Title,Category,Status,Marketplace,Listed By,List Price,Quantity,Created At,Listed At,Sold At,Sold Price,Relist Count
7000030,TY-013075,Toys item TY-013075,Toys,Active,ShopGoodwill,EMP-1003,13.25,1,7/21/2026 9:42:53 PM,7/21/2026 9:54:53 PM,,,0
7000043,JW-013088,Jewelry item JW-013088,Jewelry,Active,ShopGoodwill,EMP-1005,72.71,1,7/17/2026 10:33:04 AM,7/17/2026 10:45:04 AM,,,0
7000974,KT-014019,Kitchen item KT-014019,Kitchen,Active,eBay,EMP-1005,14.63,1,7/21/2026 4:59:27 AM,7/21/2026 5:11:27 AM,,,0
7001717,EL-014762,Electronics item EL-014762,Electronics,Active,ShopGoodwill,EMP-1001,17.60,1,7/28/2026 5:10:09 AM,7/28/2026 5:22:09 AM,,,0
7001896,HM-014941,Home Decor item HM-014941,Home Decor,Active,ShopGoodwill,EMP-1004,44.24,1,7/31/2026 2:54:49 PM,7/31/2026 3:06:49 PM,,,0
7001975,KT-015020,Kitchen item KT-015020,Kitchen,Active,eBay,EMP-1004,27.24,1,7/21/2026 11:47:43 AM,7/21/2026 11:59:43 AM,,,0
7002105,SG-015150,Sporting Goods item SG-015150,Sporting Goods,Active,eBay,EMP-1003,17.13,1,7/31/2026 1:48:47 PM,7/31/2026 2:00:47 PM,,,0
7002187,HM-015232,Home Decor item HM-015232,Home Decor,Active,ShopGoodwill,EMP-1003,21.18,1,7/30/2026 3:15:47 PM,7/30/2026 3:27:47 PM,,,0
7002329,CL-015374,Clothing item CL-015374,Clothing,Active,ShopGoodwill,EMP-1003,31.77,1,8/8/2026 7:47:15 AM,8/8/2026 7:59:15 AM,,,0
7002642,WT-015687,Watches item WT-015687,Watches,Active,ShopGoodwill,EMP-1006,51.09,1,8/13/2026 8:30:25 AM,8/13/2026 8:42:25 AM,,,0
7002678,WT-015723,Watches item WT-015723,Watches,Active,ShopGoodwill,EMP-1005,23.15,1,8/14/2026 5:11:41 PM,8/14/2026 5:23:41 PM,,,0
7002916,CO-015961,Collectibles item CO-015961,Collectibles,Active,eBay,EMP-1003,73.43,1,7/25/2026 5:00:19 PM,7/25/2026 5:12:19 PM,,,0
7003883,EL-016928,Electronics item EL-016928,Electronics,Active,ShopGoodwill,EMP-1006,29.28,1,8/17/2026 11:36:30 AM,8/17/2026 11:48:30 AM,,,0
7004399,SH-017444,Shoes item SH-017444,Shoes,Active,eBay,EMP-1003,12.14,1,8/11/2026 10:49:20 PM,8/11/2026 11:01:20 PM,,,0
7004808,WT-017853,Watches item WT-017853,Watches,Active,ShopGoodwill,EMP-1005,28.82,1,8/21/2026 8:48:11 PM,8/21/2026 9:00:11 PM,,,0
7004871,CL-017916,Clothing item CL-017916,Clothing,Active,eBay,EMP-1003,44.51,1,8/4/2026 2:44:18 PM,8/4/2026 2:56:18 PM,,,0
7005116,AR-018161,Art item AR-018161,Art,Active,ShopGoodwill,EMP-1005,16.26,1,8/30/2026 11:29:45 AM,8/30/2026 11:41:45 AM,,,0
7005178,CL-018223,Clothing item CL-018223,Clothing,Active,eBay,EMP-1004,23.64,1,7/22/2026 12:24:19 PM,7/22/2026 12:36:19 PM,,,1
7005227,AR-018272,Art item AR-018272,Art,Active,ShopGoodwill,EMP-1003,19.69,1,8/31/2026 11:31:15 PM,8/31/2026 11:43:15 PM,,,0
7005229,HM-018274,Home Decor item HM-018274,Home Decor,Active,ShopGoodwill,EMP-1001,32.44,1,8/31/2026 7:35:39 PM,8/31/2026 7:47:39 PM,,,0
7005410,HB-018455,Handbags item HB-018455,Handbags,Active,ShopGoodwill,EMP-1001,214.82,1,8/20/2026 10:15:17 PM,8/20/2026 10:27:17 PM,,,0
7005675,SG-018720,Sporting Goods item SG-018720,Sporting Goods,Active,eBay,EMP-1002,8.38,1,8/15/2026 5:27:49 AM,8/15/2026 5:39:49 AM,,,0
7005770,TY-018815,Toys item TY-018815,Toys,Active,ShopGoodwill,EMP-1004,26.38,1,8/22/2026 5:51:14 AM,8/22/2026 6:03:14 AM,,,0
7005771,HM-018816,Home Decor item HM-018816,Home Decor,Active,ShopGoodwill,EMP-1004,16.50,1,8/16/2026 11:04:48 PM,8/16/2026 11:16:48 PM,,,0
7005860,HB-018905,Handbags item HB-018905,Handbags,Active,eBay,EMP-1006,73.99,1,7/22/2026 4:08:42 AM,7/22/2026 4:20:42 AM,,,1
7006038,HB-019083,Handbags item HB-019083,Handbags,Active,ShopGoodwill,EMP-1001,19.21,1,9/6/2026 12:00:06 AM,9/6/2026 12:12:06 AM,,,0
7006354,CO-019399,Collectibles item CO-019399,Collectibles,Active,ShopGoodwill,EMP-1005,81.01,1,9/6/2026 3:21:22 PM,9/6/2026 3:33:22 PM,,,0
7006359,HB-019404,Handbags item HB-019404,Handbags,Active,ShopGoodwill,EMP-1001,27.23,1,9/3/2026 2:28:46 AM,9/3/2026 2:40:46 AM,,,0
7007579,TY-020624,Toys item TY-020624,Toys,Active,ShopGoodwill,EMP-1001,26.30,1,9/8/2026 10:04:50 AM,9/8/2026 10:16:50 AM,,,0
7007694,KT-020739,Kitchen item KT-020739,Kitchen,Active,eBay,EMP-1004,56.05,1,9/1/2026 5:40:30 AM,9/1/2026 5:52:30 AM,,,0
7007775,EL-020820,Electronics item EL-020820,Electronics,Active,ShopGoodwill,EMP-1005,40.04,1,9/14/2026 4:20:14 PM,9/14/2026 4:32:14 PM,,,0
7007784,CO-020829,Collectibles item CO-020829,Collectibles,Active,ShopGoodwill,EMP-1003,145.82,1,9/14/2026 8:15:19 PM,9/14/2026 8:27:19 PM,,,0
7007914,JW-020959,Jewelry item JW-020959,Jewelry,Active,ShopGoodwill,EMP-1001,55.87,1,9/16/2026 9:07:40 PM,9/16/2026 9:19:40 PM,,,0
7008064,JW-021109,Jewelry item JW-021109,Jewelry,Active,ShopGoodwill,EMP-1003,34.55,1,9/13/2026 3:46:22 AM,9/13/2026 3:58:22 AM,,,0
7008344,EL-021389,Electronics item EL-021389,Electronics,Active,ShopGoodwill,EMP-1004,62.07,1,9/14/2026 2:14:35 PM,9/14/2026 2:26:35 PM,,,0
7008463,HB-021508,Handbags item HB-021508,Handbags,Active,eBay,EMP-1001,56.02,1,9/9/2026 8:26:41 AM,9/9/2026 8:38:41 AM,,,0
7008852,SG-021897,Sporting Goods item SG-021897,Sporting Goods,Active,ShopGoodwill,EMP-1002,40.61,1,9/23/2026 12:46:59 PM,9/23/2026 12:58:59 PM,,,0
7009229,CO-022274,Collectibles item CO-022274,Collectibles,Active,ShopGoodwill,EMP-1001,39.75,1,9/21/2026 4:34:12 AM,9/21/2026 4:46:12 AM,,,0
7009497,CL-022542,Clothing item CL-022542,Clothing,Sold,ShopGoodwill,EMP-1002,34.38,1,9/27/2026 1:47:59 AM,9/27/2026 1:59:59 AM,10/1/2026 7:39:40 AM,30.00,0
7009498,JW-022543,Jewelry item JW-022543,Jewelry,Sold,ShopGoodwill,EMP-1006,42.68,1,9/5/2026 2:06:33 AM,9/5/2026 2:18:33 AM,10/1/2026 11:15:38 AM,39.00,0
7009499,CL-022544,Clothing item CL-022544,Clothing,Sold,ShopGoodwill,EMP-1001,28.63,1,9/24/2026 3:44:13 AM,9/24/2026 3:56:13 AM,10/1/2026 1:40:58 PM,25.00,0
7009500,EL-022545,Electronics item EL-022545,Electronics,Sold,ShopGoodwill,EMP-1006,93.89,1,9/23/2026 10:19:46 PM,9/23/2026 10:31:46 PM,10/1/2026 12:47:50 AM,93.00,0
7009501,EL-022546,Electronics item EL-022546,Electronics,Sold,ShopGoodwill,EMP-1002,61.08,1,9/25/2026 3:16:01 PM,9/25/2026 3:28:01 PM,10/1/2026 9:37:16 PM,55.00,0
7009502,CL-022547,Clothing item CL-022547,Clothing,Sold,ShopGoodwill,EMP-1004,16.04,1,9/29/2026 4:12:38 AM,9/29/2026 4:24:38 AM,10/1/2026 5:09:08 AM,15.00,0
7009503,CL-022548,Clothing item CL-022548,Clothing,Active,ShopGoodwill,EMP-1004,6.47,1,9/26/2026 5:38:28 AM,9/26/2026 5:50:28 AM,,,0
7009504,TY-022549,Toys item TY-022549,Toys,Sold,ShopGoodwill,EMP-1001,18.64,1,9/26/2026 5:08:43 PM,9/26/2026 5:20:43 PM,10/1/2026 12:42:43 AM,17.00,0
7009505,WT-022550,Watches item WT-022550,Watches,Sold,ShopGoodwill,EMP-1005,23.74,1,9/26/2026 7:35:03 AM,9/26/2026 7:47:03 AM,10/1/2026 1:35:26 PM,22.00,0
7009506,KT-022551,Kitchen item KT-022551,Kitchen,Sold,ShopGoodwill,EMP-1006,109.45,1,9/20/2026 12:41:02 PM,9/20/2026 12:53:02 PM,10/1/2026 9:56:46 PM,106.00,0
7009507,EL-022552,Electronics item EL-022552,Electronics,Sold,ShopGoodwill,EMP-1005,23.36,1,9/27/2026 6:54:53 AM,9/27/2026 7:06:53 AM,10/1/2026 10:10:03 AM,22.00,0
7009508,JW-022553,Jewelry item JW-022553,Jewelry,Sold,ShopGoodwill,EMP-1001,22.97,1,9/29/2026 5:40:56 AM,9/29/2026 5:52:56 AM,10/1/2026 11:42:45 AM,21.00,0
7009509,CO-022554,Collectibles item CO-022554,Collectibles,Sold,ShopGoodwill,EMP-1001,28.16,1,9/25/2026 9:20:10 AM,9/25/2026 9:32:10 AM,10/1/2026 12:14:42 PM,25.00,0
7009510,JW-022555,Jewelry item JW-022555,Jewelry,Sold,ShopGoodwill,EMP-1002,22.31,1,9/27/2026 11:13:12 PM,9/27/2026 11:25:12 PM,10/1/2026 11:35:43 PM,21.00,0
7009511,CL-022556,Clothing item CL-022556,Clothing,Sold,ShopGoodwill,EMP-1001,22.22,1,9/25/2026 8:45:12 PM,9/25/2026 8:57:12 PM,10/1/2026 11:02:38 PM,20.00,0
7009512,WT-022557,Watches item WT-022557,Watches,Sold,ShopGoodwill,EMP-1004,61.23,1,9/23/2026 11:09:42 AM,9/23/2026 11:21:42 AM,10/1/2026 6:48:07 PM,54.00,0
7009513,SG-022558,Sporting Goods item SG-022558,Sporting Goods,Sold,ShopGoodwill,EMP-1001,79.93,1,9/22/2026 5:08:10 AM,9/22/2026 5:20:10 AM,10/1/2026 2:46:05 PM,68.00,0
7009514,CO-022559,Collectibles item CO-022559,Collectibles,Sold,ShopGoodwill,EMP-1001,18.50,1,9/22/2026 1:32:35 PM,9/22/2026 1:44:35 PM,10/1/2026 10:59:16 PM,17.00,0
7009515,WT-022560,Watches item WT-022560,Watches,Sold,ShopGoodwill,EMP-1003,60.68,1,9/29/2026 9:52:56 PM,9/29/2026 10:04:56 PM,10/1/2026 8:03:11 AM,54.00,0
7009516,JW-022561,Jewelry item JW-022561,Jewelry,Sold,ShopGoodwill,EMP-1005,36.67,1,9/22/2026 10:28:01 PM,9/22/2026 10:40:01 PM,10/1/2026 2:53:35 AM,36.00,0
7009517,TY-022562,Toys item TY-022562,Toys,Sold,ShopGoodwill,EMP-1006,10.05,1,9/25/2026 7:39:56 PM,9/25/2026 7:51:56 PM,10/1/2026 3:35:16 AM,9.00,0
7009518,CL-022563,Clothing item CL-022563,Clothing,Sold,ShopGoodwill,EMP-1002,41.23,1,9/23/2026 8:06:42 AM,9/23/2026 8:18:42 AM,10/1/2026 12:27:56 PM,41.00,0
7009519,AR-022564,Art item AR-022564,Art,Sold,ShopGoodwill,EMP-1004,17.91,1,9/27/2026 6:11:07 AM,9/27/2026 6:23:07 AM,10/1/2026 9:15:32 AM,17.00,0
7009520,TY-022565,Toys item TY-022565,Toys,Sold,ShopGoodwill,EMP-1005,23.96,1,9/23/2026 11:26:17 PM,9/23/2026 11:38:17 PM,10/1/2026 9:37:09 AM,22.00,0
7009521,AR-022566,Art item AR-022566,Art,Sold,ShopGoodwill,EMP-1004,55.98,1,9/26/2026 4:34:37 AM,9/26/2026 4:46:37 AM,10/1/2026 9:08:37 AM,54.00,0
7009522,CO-022567,Collectibles item CO-022567,Collectibles,Sold,ShopGoodwill,EMP-1001,29.03,1,9/25/2026 6:45:15 PM,9/25/2026 6:57:15 PM,10/1/2026 9:43:03 PM,27.00,0
7009523,EL-022568,Electronics item EL-022568,Electronics,Sold,ShopGoodwill,EMP-1001,26.32,1,8/11/2026 11:00:11 PM,8/11/2026 11:12:11 PM,10/1/2026 8:35:20 AM,23.00,1
7009524,CL-022569,Clothing item CL-022569,Clothing,Sold,ShopGoodwill,EMP-1001,21.25,1,9/28/2026 12:44:59 PM,9/28/2026 12:56:59 PM,10/1/2026 5:59:10 PM,19.00,0
7009525,JW-022570,Jewelry item JW-022570,Jewelry,Sold,ShopGoodwill,EMP-1003,59.85,1,9/21/2026 8:37:01 PM,9/21/2026 8:49:01 PM,10/1/2026 6:10:54 AM,52.00,0
7009526,AR-022571,Art item AR-022571,Art,Sold,ShopGoodwill,EMP-1003,81.40,1,9/27/2026 10:25:48 PM,9/27/2026 10:37:48 PM,10/1/2026 11:46:09 PM,73.00,0
7009527,SG-022572,Sporting Goods item SG-022572,Sporting Goods,Sold,ShopGoodwill,EMP-1006,71.66,1,9/25/2026 5:10:57 PM,9/25/2026 5:22:57 PM,10/1/2026 6:21:29 PM,64.00,0
7009528,JW-022573,Jewelry item JW-022573,Jewelry,Sold,ShopGoodwill,EMP-1002,63.26,1,9/13/2026 4:15:20 PM,9/13/2026 4:27:20 PM,10/1/2026 1:20:59 AM,60.00,0
7009529,WT-022574,Watches item WT-022574,Watches,Sold,ShopGoodwill,EMP-1006,33.26,1,9/28/2026 1:06:56 PM,9/28/2026 1:18:56 PM,10/1/2026 4:18:00 PM,29.00,0
7009530,CL-022575,Clothing item CL-022575,Clothing,Sold,ShopGoodwill,EMP-1002,33.16,1,9/9/2026 10:50:05 PM,9/9/2026 11:02:05 PM,10/1/2026 7:55:39 AM,28.00,0
7009531,EL-022576,Electronics item EL-022576,Electronics,Sold,ShopGoodwill,EMP-1002,23.49,1,9/26/2026 1:40:42 PM,9/26/2026 1:52:42 PM,10/1/2026 2:03:16 PM,23.00,0
7009532,CO-022577,Collectibles item CO-022577,Collectibles,Sold,ShopGoodwill,EMP-1001,22.49,1,9/21/2026 8:31:57 PM,9/21/2026 8:43:57 PM,10/1/2026 5:57:00 AM,22.00,0
7009533,AR-022578,Art item AR-022578,Art,Sold,ShopGoodwill,EMP-1006,35.22,1,9/21/2026 5:59:46 AM,9/21/2026 6:11:46 AM,10/1/2026 1:09:42 PM,32.00,0
7009534,EL-022579,Electronics item EL-022579,Electronics,Sold,ShopGoodwill,EMP-1002,31.32,1,9/23/2026 11:45:00 AM,9/23/2026 11:57:00 AM,10/1/2026 9:44:10 PM,28.00,0
7009535,HB-022580,Handbags item HB-022580,Handbags,Sold,ShopGoodwill,EMP-1001,54.46,1,9/25/2026 8:49:34 PM,9/25/2026 9:01:34 PM,10/1/2026 3:04:49 AM,54.00,0
7009536,AR-022581,Art item AR-022581,Art,Sold,ShopGoodwill,EMP-1006,70.05,1,9/29/2026 7:02:22 PM,9/29/2026 7:14:22 PM,10/1/2026 10:02:09 PM,61.00,0
7009537,EL-022582,Electronics item EL-022582,Electronics,Sold,ShopGoodwill,EMP-1004,46.35,1,9/12/2026 5:21:55 AM,9/12/2026 5:33:55 AM,10/1/2026 12:57:29 PM,45.00,0
7009538,CL-022583,Clothing item CL-022583,Clothing,Sold,ShopGoodwill,EMP-1005,17.77,1,9/27/2026 4:54:46 PM,9/27/2026 5:06:46 PM,10/1/2026 7:57:05 PM,17.00,0
7009539,AR-022584,Art item AR-022584,Art,Sold,ShopGoodwill,EMP-1006,90.54,1,9/19/2026 11:48:37 PM,9/20/2026 12:00:37 AM,10/1/2026 3:46:37 AM,79.00,0
7009540,AR-022585,Art item AR-022585,Art,Sold,ShopGoodwill,EMP-1003,38.25,1,9/24/2026 2:31:59 PM,9/24/2026 2:43:59 PM,10/1/2026 6:26:24 PM,32.00,0
7009541,HM-022586,Home Decor item HM-022586,Home Decor,Sold,ShopGoodwill,EMP-1006,29.51,1,9/28/2026 5:22:40 PM,9/28/2026 5:34:40 PM,10/1/2026 7:59:32 PM,26.00,0
7009542,CO-022587,Collectibles item CO-022587,Collectibles,Sold,ShopGoodwill,EMP-1002,27.60,1,9/23/2026 3:42:46 PM,9/23/2026 3:54:46 PM,10/1/2026 10:20:18 PM,27.00,0
7009543,CL-022588,Clothing item CL-022588,Clothing,Sold,ShopGoodwill,EMP-1004,13.42,1,9/23/2026 10:26:48 PM,9/23/2026 10:38:48 PM,10/1/2026 11:47:15 PM,12.00,0
7009544,JW-022589,Jewelry item JW-022589,Jewelry,Sold,ShopGoodwill,EMP-1001,56.87,1,9/20/2026 11:33:13 PM,9/20/2026 11:45:13 PM,10/1/2026 5:20:06 AM,52.00,0
7009545,JW-022590,Jewelry item JW-022590,Jewelry,Sold,ShopGoodwill,EMP-1006,90.92,1,9/29/2026 2:54:42 AM,9/29/2026 3:06:42 AM,10/1/2026 5:01:12 AM,89.00,0
7009546,CO-022591,Collectibles item CO-022591,Collectibles,Sold,ShopGoodwill,EMP-1004,46.83,1,9/27/2026 7:11:25 AM,9/27/2026 7:23:25 AM,10/1/2026 12:42:27 PM,44.00,0
7009547,AR-022592,Art item AR-022592,Art,Sold,ShopGoodwill,EMP-1004,23.25,1,9/24/2026 3:11:04 AM,9/24/2026 3:23:04 AM,10/1/2026 11:27:02 AM,23.00,0
7009548,WT-022593,Watches item WT-022593,Watches,Sold,ShopGoodwill,EMP-1004,53.48,1,9/22/2026 3:14:45 AM,9/22/2026 3:26:45 AM,10/1/2026 9:33:25 AM,48.00,0
7009549,CL-022594,Clothing item CL-022594,Clothing,Sold,ShopGoodwill,EMP-1001,39.68,1,9/24/2026 1:49:14 PM,9/24/2026 2:01:14 PM,10/1/2026 4:11:52 PM,35.00,0
7009550,AR-022595,Art item AR-022595,Art,Sold,ShopGoodwill,EMP-1005,18.91,1,9/22/2026 11:20:23 AM,9/22/2026 11:32:23 AM,10/1/2026 3:52:44 PM,16.00,0
7009551,TY-022596,Toys item TY-022596,Toys,Sold,ShopGoodwill,EMP-1006,17.69,1,9/24/2026 9:48:36 PM,9/24/2026 10:00:36 PM,10/1/2026 10:31:09 PM,16.00,0
7009552,HM-022597,Home Decor item HM-022597,Home Decor,Sold,ShopGoodwill,EMP-1003,36.70,1,9/21/2026 5:43:56 AM,9/21/2026 5:55:56 AM,10/1/2026 8:25:16 AM,33.00,0
7009553,CO-022598,Collectibles item CO-022598,Collectibles,Sold,ShopGoodwill,EMP-1005,24.87,1,9/15/2026 1:53:46 PM,9/15/2026 2:05:46 PM,10/1/2026 7:46:21 PM,24.00,0
7009554,HB-022599,Handbags item HB-022599,Handbags,Sold,ShopGoodwill,EMP-1005,15.21,1,9/27/2026 11:50:47 PM,9/28/2026 12:02:47 AM,10/1/2026 7:22:04 AM,14.00,0
7009555,AR-022600,Art item AR-022600,Art,Sold,ShopGoodwill,EMP-1002,9.53,1,9/11/2026 11:01:11 PM,9/11/2026 11:13:11 PM,10/1/2026 4:32:16 AM,9.00,0
7009556,CL-022601,Clothing item CL-022601,Clothing,Sold,ShopGoodwill,EMP-1006,57.17,1,9/29/2026 11:59:31 AM,9/29/2026 12:11:31 PM,10/1/2026 5:42:50 PM,48.00,0
7009557,JW-022602,Jewelry item JW-022602,Jewelry,Sold,ShopGoodwill,EMP-1005,26.95,1,9/19/2026 9:29:49 AM,9/19/2026 9:41:49 AM,10/1/2026 6:10:21 PM,23.00,0
7009558,HB-022603,Handbags item HB-022603,Handbags,Sold,ShopGoodwill,EMP-1002,192.11,1,9/29/2026 1:07:41 PM,9/29/2026 1:19:41 PM,10/1/2026 7:00:48 PM,185.00,0
7009559,WT-022604,Watches item WT-022604,Watches,Sold,ShopGoodwill,EMP-1001,51.19,1,9/26/2026 9:09:25 PM,9/26/2026 9:21:25 PM,10/1/2026 6:35:18 AM,48.00,0
7009560,HM-022605,Home Decor item HM-022605,Home Decor,Sold,ShopGoodwill,EMP-1001,17.12,1,9/26/2026 6:15:32 PM,9/26/2026 6:27:32 PM,10/1/2026 1:15:53 AM,17.00,0
7009561,TY-022606,Toys item TY-022606,Toys,Sold,ShopGoodwill,EMP-1004,44.86,1,9/21/2026 12:25:02 PM,9/21/2026 12:37:02 PM,10/1/2026 2:46:12 PM,40.00,0
7009562,HB-022607,Handbags item HB-022607,Handbags,Sold,ShopGoodwill,EMP-1002,39.22,1,9/26/2026 10:41:34 AM,9/26/2026 10:53:34 AM,10/1/2026 6:15:05 PM,36.00,0
7009563,CO-022608,Collectibles item CO-022608,Collectibles,Sold,ShopGoodwill,EMP-1004,15.73,1,9/25/2026 7:44:05 AM,9/25/2026 7:56:05 AM,10/1/2026 1:40:49 PM,15.00,0
7009564,SG-022609,Sporting Goods item SG-022609,Sporting Goods,Sold,ShopGoodwill,EMP-1005,58.19,1,9/25/2026 10:10:43 AM,9/25/2026 10:22:43 AM,10/1/2026 2:14:32 PM,53.00,0
7009565,CL-022610,Clothing item CL-022610,Clothing,Sold,ShopGoodwill,EMP-1005,6.25,1,9/26/2026 11:50:28 PM,9/27/2026 12:02:28 AM,10/1/2026 9:39:53 AM,6.00,0
7009566,HB-022611,Handbags item HB-022611,Handbags,Sold,ShopGoodwill,EMP-1003,34.94,1,9/28/2026 2:58:13 PM,9/28/2026 3:10:13 PM,10/1/2026 10:34:05 PM,34.00,0
7009567,TY-022612,Toys item TY-022612,Toys,Sold,ShopGoodwill,EMP-1002,7.03,1,9/26/2026 6:20:07 PM,9/26/2026 6:32:07 PM,10/1/2026 7:11:37 PM,6.00,0
7009568,CL-022613,Clothing item CL-022613,Clothing,Sold,ShopGoodwill,EMP-1002,47.85,1,9/16/2026 2:48:12 AM,9/16/2026 3:00:12 AM,10/1/2026 6:08:09 AM,45.00,0
7009569,HM-022614,Home Decor item HM-022614,Home Decor,Sold,ShopGoodwill,EMP-1004,54.20,1,9/18/2026 7:15:27 AM,9/18/2026 7:27:27 AM,10/1/2026 3:57:07 PM,51.00,0
7009570,AR-022615,Art item AR-022615,Art,Sold,ShopGoodwill,EMP-1005,54.87,1,9/26/2026 11:19:35 AM,9/26/2026 11:31:35 AM,10/1/2026 1:15:02 PM,50.00,0
7009571,HB-022616,Handbags item HB-022616,Handbags,Sold,ShopGoodwill,EMP-1004,121.41,1,9/16/2026 7:32:35 PM,9/16/2026 7:44:35 PM,10/1/2026 9:59:02 PM,107.00,0
7009572,CO-022617,Collectibles item CO-022617,Collectibles,Sold,ShopGoodwill,EMP-1006,72.68,1,9/23/2026 9:29:28 PM,9/23/2026 9:41:28 PM,10/1/2026 6:49:38 AM,64.00,0
7009573,BK-022618,Books item BK-022618,Books,Sold,Amazon,EMP-1004,35.74,1,7/9/2026 6:34:52 PM,7/9/2026 6:46:52 PM,10/1/2026 11:45:00 PM,33.99,1
7009574,CO-022619,Collectibles item CO-022619,Collectibles,Sold,Amazon,EMP-1002,92.35,1,9/23/2026 1:12:49 AM,9/23/2026 1:24:49 AM,10/1/2026 9:25:05 AM,78.99,0
7009575,BK-022620,Books item BK-022620,Books,Sold,Amazon,EMP-1001,8.38,1,9/8/2026 2:44:09 PM,9/8/2026 2:56:09 PM,10/1/2026 6:55:37 PM,7.99,0
7009576,BK-022621,Books item BK-022621,Books,Sold,Amazon,EMP-1005,5.07,1,7/22/2026 3:19:06 AM,7/22/2026 3:31:06 AM,10/1/2026 11:56:57 AM,4.99,1
7009577,MD-022622,Media item MD-022622,Media,Sold,Amazon,EMP-1003,7.35,1,9/4/2026 12:04:32 PM,9/4/2026 12:16:32 PM,10/1/2026 2:56:30 PM,6.99,0
7009578,BK-022623,Books item BK-022623,Books,Sold,Amazon,EMP-1001,16.59,1,8/3/2026 1:32:13 PM,8/3/2026 1:44:13 PM,10/1/2026 8:32:26 PM,14.99,1
7009579,TY-022624,Toys item TY-022624,Toys,Sold,Amazon,EMP-1003,26.60,1,9/12/2026 12:52:07 PM,9/12/2026 1:04:07 PM,10/1/2026 2:01:50 PM,25.99,0
7009580,MD-022625,Media item MD-022625,Media,Sold,Amazon,EMP-1004,23.47,1,9/11/2026 1:41:38 AM,9/11/2026 1:53:38 AM,10/1/2026 10:37:10 AM,21.99,0
7009581,BK-022626,Books item BK-022626,Books,Sold,Amazon,EMP-1004,15.30,1,9/17/2026 7:09:33 AM,9/17/2026 7:21:33 AM,10/1/2026 4:31:52 PM,14.99,0
7009582,MD-022627,Media item MD-022627,Media,Sold,Amazon,EMP-1004,4.71,1,9/3/2026 3:44:26 PM,9/3/2026 3:56:26 PM,10/1/2026 4:51:06 PM,3.99,0
7009583,TY-022628,Toys item TY-022628,Toys,Sold,Amazon,EMP-1003,14.39,1,9/16/2026 9:44:41 PM,9/16/2026 9:56:41 PM,10/1/2026 4:18:27 AM,12.99,0
7009584,BK-022629,Books item BK-022629,Books,Sold,Amazon,EMP-1004,5.80,1,8/14/2026 8:07:19 PM,8/14/2026 8:19:19 PM,10/1/2026 9:05:42 PM,4.99,1
7009585,MD-022630,Media item MD-022630,Media,Sold,Amazon,EMP-1001,22.47,1,9/14/2026 4:58:50 AM,9/14/2026 5:10:50 AM,10/1/2026 1:47:35 PM,18.99,0
7009586,BK-022631,Books item BK-022631,Books,Sold,Amazon,EMP-1005,8.22,1,8/4/2026 11:18:06 PM,8/4/2026 11:30:06 PM,10/1/2026 6:02:29 AM,7.99,1
7009587,MD-022632,Media item MD-022632,Media,Sold,Amazon,EMP-1003,21.29,1,8/31/2026 4:05:46 AM,8/31/2026 4:17:46 AM,10/1/2026 6:14:23 AM,17.99,1
7009588,BK-022633,Books item BK-022633,Books,Sold,Amazon,EMP-1001,27.26,1,9/12/2026 2:49:49 AM,9/12/2026 3:01:49 AM,10/1/2026 9:26:54 AM,22.99,0
7009589,BK-022634,Books item BK-022634,Books,Sold,Amazon,EMP-1002,12.30,1,8/24/2026 7:15:23 AM,8/24/2026 7:27:23 AM,10/1/2026 3:21:56 PM,11.99,1
7009590,BK-022635,Books item BK-022635,Books,Sold,Amazon,EMP-1003,9.84,1,9/10/2026 9:20:14 PM,9/10/2026 9:32:14 PM,10/1/2026 11:55:02 PM,8.99,0
7009591,BK-022636,Books item BK-022636,Books,Sold,Amazon,EMP-1001,8.97,1,9/1/2026 3:00:22 PM,9/1/2026 3:12:22 PM,10/1/2026 9:33:14 PM,7.99,0
7009592,BK-022637,Books item BK-022637,Books,Sold,Amazon,EMP-1006,20.11,1,8/24/2026 9:55:24 PM,8/24/2026 10:07:24 PM,10/1/2026 10:29:59 PM,17.99,1
7009593,BK-022638,Books item BK-022638,Books,Sold,Amazon,EMP-1006,17.93,1,8/5/2026 1:10:30 PM,8/5/2026 1:22:30 PM,10/1/2026 10:17:40 PM,15.99,1
7009594,BK-022639,Books item BK-022639,Books,Sold,Amazon,EMP-1004,8.53,1,8/31/2026 5:23:22 AM,8/31/2026 5:35:22 AM,10/1/2026 2:23:22 PM,7.99,1
7009595,EL-022640,Electronics item EL-022640,Electronics,Sold,Amazon,EMP-1001,24.56,1,9/25/2026 8:47:17 AM,9/25/2026 8:59:17 AM,10/1/2026 3:52:13 PM,22.99,0
7009596,BK-022641,Books item BK-022641,Books,Sold,Amazon,EMP-1003,11.01,1,8/9/2026 6:52:00 PM,8/9/2026 7:04:00 PM,10/1/2026 9:48:11 PM,9.99,1
7009597,BK-022642,Books item BK-022642,Books,Sold,Amazon,EMP-1001,16.41,1,9/3/2026 5:33:24 PM,9/3/2026 5:45:24 PM,10/1/2026 6:23:56 PM,14.99,0
7009598,CO-022643,Collectibles item CO-022643,Collectibles,Sold,Amazon,EMP-1003,30.92,1,9/11/2026 1:57:21 PM,9/11/2026 2:09:21 PM,10/1/2026 7:11:00 PM,26.99,0
7009599,MD-022644,Media item MD-022644,Media,Sold,Amazon,EMP-1002,4.05,1,9/16/2026 5:19:04 PM,9/16/2026 5:31:04 PM,10/1/2026 11:08:18 PM,3.99,0
7009600,BK-022645,Books item BK-022645,Books,Sold,Amazon,EMP-1004,5.48,1,7/23/2026 5:26:31 AM,7/23/2026 5:38:31 AM,10/1/2026 11:17:08 AM,4.99,1
7009601,BK-022646,Books item BK-022646,Books,Sold,Amazon,EMP-1005,14.79,1,7/9/2026 6:28:11 PM,7/9/2026 6:40:11 PM,10/1/2026 10:39:01 PM,13.99,1
7009602,BK-022647,Books item BK-022647,Books,Sold,Amazon,EMP-1006,15.90,1,8/15/2026 11:09:47 AM,8/15/2026 11:21:47 AM,10/1/2026 6:54:00 PM,13.99,1
7009603,BK-022648,Books item BK-022648,Books,Sold,Amazon,EMP-1004,13.41,1,8/29/2026 2:36:56 AM,8/29/2026 2:48:56 AM,10/1/2026 3:04:53 AM,11.99,1
7009604,BK-022649,Books item BK-022649,Books,Sold,Amazon,EMP-1006,7.92,1,8/26/2026 4:07:57 AM,8/26/2026 4:19:57 AM,10/1/2026 5:58:45 AM,6.99,1
7009605,MD-022650,Media item MD-022650,Media,Sold,Amazon,EMP-1003,14.88,1,9/11/2026 1:12:26 AM,9/11/2026 1:24:26 AM,10/1/2026 4:12:41 AM,13.99,0
7009606,BK-022651,Books item BK-022651,Books,Sold,Amazon,EMP-1002,17.11,1,9/10/2026 7:50:06 AM,9/10/2026 8:02:06 AM,10/1/2026 1:16:10 PM,16.99,0
7009607,TY-022652,Toys item TY-022652,Toys,Sold,Amazon,EMP-1005,99.36,1,9/24/2026 1:54:23 PM,9/24/2026 2:06:23 PM,10/1/2026 6:12:36 PM,84.99,0
7009608,BK-022653,Books item BK-022653,Books,Sold,Amazon,EMP-1004,5.75,1,4/4/2026 9:43:49 PM,4/4/2026 9:55:49 PM,10/1/2026 10:17:58 PM,4.99,1
7009609,BK-022654,Books item BK-022654,Books,Sold,Amazon,EMP-1005,16.41,1,8/30/2026 11:44:16 PM,8/30/2026 11:56:16 PM,10/1/2026 6:11:46 AM,14.99,1
7009610,CO-022655,Collectibles item CO-022655,Collectibles,Sold,Amazon,EMP-1001,49.26,1,9/20/2026 6:07:13 AM,9/20/2026 6:19:13 AM,10/1/2026 12:50:50 PM,45.99,0
7009611,BK-022656,Books item BK-022656,Books,Sold,Amazon,EMP-1004,9.12,1,8/23/2026 5:16:10 PM,8/23/2026 5:28:10 PM,10/1/2026 1:50:51 AM,8.99,1
7009612,BK-022657,Books item BK-022657,Books,Sold,Amazon,EMP-1005,31.77,1,9/12/2026 2:32:55 PM,9/12/2026 2:44:55 PM,10/1/2026 9:36:09 PM,27.99,0
7009613,MD-022658,Media item MD-022658,Media,Sold,Amazon,EMP-1003,3.25,1,9/10/2026 11:46:32 PM,9/10/2026 11:58:32 PM,10/1/2026 7:24:20 AM,2.99,0
7009614,BK-022659,Books item BK-022659,Books,Sold,Amazon,EMP-1005,3.46,1,7/20/2026 6:01:12 PM,7/20/2026 6:13:12 PM,10/1/2026 1:58:56 AM,2.99,1
7009615,BK-022660,Books item BK-022660,Books,Sold,Amazon,EMP-1004,16.85,1,6/28/2026 2:13:55 PM,6/28/2026 2:25:55 PM,10/1/2026 9:12:20 PM,15.99,1
7009616,BK-022661,Books item BK-022661,Books,Sold,Amazon,EMP-1001,15.35,1,9/2/2026 9:28:06 AM,9/2/2026 9:40:06 AM,10/1/2026 12:30:16 PM,12.99,0
7009617,BK-022662,Books item BK-022662,Books,Sold,Amazon,EMP-1004,8.19,1,7/30/2026 6:29:55 PM,7/30/2026 6:41:55 PM,10/1/2026 7:17:18 PM,7.99,1
7009618,CO-022663,Collectibles item CO-022663,Collectibles,Sold,Amazon,EMP-1005,16.92,1,9/20/2026 1:43:34 AM,9/20/2026 1:55:34 AM,10/1/2026 6:13:33 AM,14.99,0
7009619,BK-022664,Books item BK-022664,Books,Sold,Amazon,EMP-1006,16.80,1,8/3/2026 10:33:05 AM,8/3/2026 10:45:05 AM,10/1/2026 10:58:08 AM,14.99,1
7009620,BK-022665,Books item BK-022665,Books,Sold,Amazon,EMP-1006,31.10,1,8/29/2026 7:53:08 AM,8/29/2026 8:05:08 AM,10/1/2026 1:29:03 PM,25.99,1
7009621,BK-022666,Books item BK-022666,Books,Sold,Amazon,EMP-1004,13.55,1,7/25/2026 12:22:02 PM,7/25/2026 12:34:02 PM,10/1/2026 4:53:19 PM,12.99,1
7009622,TY-022667,Toys item TY-022667,Toys,Sold,Amazon,EMP-1004,12.73,1,9/10/2026 8:03:27 AM,9/10/2026 8:15:27 AM,10/1/2026 12:44:59 PM,11.99,0
7009623,MD-022668,Media item MD-022668,Media,Sold,Amazon,EMP-1001,12.84,1,9/23/2026 12:19:14 PM,9/23/2026 12:31:14 PM,10/1/2026 5:35:47 PM,11.99,0
7009624,EL-022669,Electronics item EL-022669,Electronics,Sold,Amazon,EMP-1002,44.67,1,9/19/2026 10:35:29 PM,9/19/2026 10:47:29 PM,10/1/2026 7:32:14 AM,37.99,0
7009625,BK-022670,Books item BK-022670,Books,Sold,Amazon,EMP-1002,20.49,1,8/5/2026 1:46:31 AM,8/5/2026 1:58:31 AM,10/1/2026 9:56:32 AM,17.99,1
7009626,CL-022671,Clothing item CL-022671,Clothing,Sold,eBay,EMP-1001,15.25,1,9/19/2026 4:29:25 PM,9/19/2026 4:41:25 PM,10/1/2026 11:45:00 PM,12.99,0
7009627,EL-022672,Electronics item EL-022672,Electronics,Sold,eBay,EMP-1006,55.20,1,9/17/2026 1:22:52 PM,9/17/2026 1:34:52 PM,10/1/2026 10:50:05 PM,49.99,0
7009628,CO-022673,Collectibles item CO-022673,Collectibles,Sold,eBay,EMP-1005,39.22,1,9/14/2026 3:49:44 AM,9/14/2026 4:01:44 AM,10/1/2026 4:27:41 AM,38.99,0
7009629,EL-022674,Electronics item EL-022674,Electronics,Sold,eBay,EMP-1003,158.64,1,9/7/2026 7:05:44 PM,9/7/2026 7:17:44 PM,10/1/2026 11:46:31 PM,141.99,0
7009630,KT-022675,Kitchen item KT-022675,Kitchen,Sold,eBay,EMP-1001,49.98,1,9/8/2026 12:13:07 AM,9/8/2026 12:25:07 AM,10/1/2026 8:51:38 AM,47.99,0
7009631,CL-022676,Clothing item CL-022676,Clothing,Sold,eBay,EMP-1002,35.41,1,9/23/2026 9:18:34 PM,9/23/2026 9:30:34 PM,10/1/2026 10:48:36 PM,33.99,0
7009632,EL-022677,Electronics item EL-022677,Electronics,Sold,eBay,EMP-1001,30.33,1,9/19/2026 8:12:10 AM,9/19/2026 8:24:10 AM,10/1/2026 4:04:02 PM,27.99,0
7009633,KT-022678,Kitchen item KT-022678,Kitchen,Sold,eBay,EMP-1006,26.12,1,9/22/2026 3:11:16 AM,9/22/2026 3:23:16 AM,10/1/2026 4:14:30 AM,24.99,0
7009634,EL-022679,Electronics item EL-022679,Electronics,Sold,eBay,EMP-1004,51.01,1,9/17/2026 1:40:14 PM,9/17/2026 1:52:14 PM,10/1/2026 6:20:44 PM,47.99,0
7009635,CO-022680,Collectibles item CO-022680,Collectibles,Sold,eBay,EMP-1001,36.53,1,9/5/2026 3:02:54 AM,9/5/2026 3:14:54 AM,10/1/2026 3:28:01 AM,30.99,0
7009636,CL-022681,Clothing item CL-022681,Clothing,Sold,eBay,EMP-1002,31.30,1,8/25/2026 7:00:28 PM,8/25/2026 7:12:28 PM,10/1/2026 7:26:21 PM,26.99,1
7009637,CO-022682,Collectibles item CO-022682,Collectibles,Sold,eBay,EMP-1002,24.94,1,7/26/2026 5:57:15 AM,7/26/2026 6:09:15 AM,10/1/2026 2:18:57 PM,20.99,1
7009638,CL-022683,Clothing item CL-022683,Clothing,Sold,eBay,EMP-1001,30.40,1,9/9/2026 7:36:22 AM,9/9/2026 7:48:22 AM,10/1/2026 10:25:40 AM,27.99,0
7009639,CL-022684,Clothing item CL-022684,Clothing,Sold,eBay,EMP-1004,9.32,1,9/15/2026 10:23:42 PM,9/15/2026 10:35:42 PM,10/1/2026 6:05:00 AM,7.99,0
7009640,CL-022685,Clothing item CL-022685,Clothing,Sold,eBay,EMP-1006,29.14,1,8/20/2026 1:30:41 AM,8/20/2026 1:42:41 AM,10/1/2026 3:41:05 AM,25.99,1
7009641,HB-022686,Handbags item HB-022686,Handbags,Sold,eBay,EMP-1004,26.45,1,8/19/2026 12:24:44 AM,8/19/2026 12:36:44 AM,10/1/2026 9:59:38 AM,23.99,1
7009642,CO-022687,Collectibles item CO-022687,Collectibles,Sold,eBay,EMP-1006,52.46,1,9/5/2026 6:12:28 AM,9/5/2026 6:24:28 AM,10/1/2026 3:13:24 PM,49.99,0
7009643,SG-022688,Sporting Goods item SG-022688,Sporting Goods,Sold,eBay,EMP-1001,62.93,1,9/14/2026 4:25:06 PM,9/14/2026 4:37:06 PM,10/1/2026 6:44:29 PM,52.99,0
7009644,CL-022689,Clothing item CL-022689,Clothing,Sold,eBay,EMP-1004,42.78,1,9/1/2026 11:52:12 PM,9/2/2026 12:04:12 AM,10/1/2026 8:48:48 AM,36.99,0
7009645,SH-022690,Shoes item SH-022690,Shoes,Sold,eBay,EMP-1005,33.75,1,9/6/2026 11:45:28 AM,9/6/2026 11:57:28 AM,10/1/2026 6:16:11 PM,32.99,0
7009646,CO-022691,Collectibles item CO-022691,Collectibles,Sold,eBay,EMP-1005,39.87,1,9/21/2026 4:09:54 AM,9/21/2026 4:21:54 AM,10/1/2026 1:32:24 PM,37.99,0
7009647,CO-022692,Collectibles item CO-022692,Collectibles,Sold,eBay,EMP-1005,19.56,1,9/16/2026 3:01:43 AM,9/16/2026 3:13:43 AM,10/1/2026 5:52:54 AM,18.99,0
7009648,HM-022693,Home Decor item HM-022693,Home Decor,Sold,Facebook Marketplace,EMP-1005,30.13,1,9/21/2026 5:39:24 AM,9/21/2026 5:51:24 AM,10/1/2026 6:23:15 AM,25.99,0
7009649,HM-022694,Home Decor item HM-022694,Home Decor,Sold,Facebook Marketplace,EMP-1003,26.32,1,9/18/2026 1:08:33 AM,9/18/2026 1:20:33 AM,10/1/2026 5:21:25 AM,24.99,0
7009650,HM-022695,Home Decor item HM-022695,Home Decor,Sold,Mercari,EMP-1002,32.32,1,9/19/2026 5:07:13 PM,9/19/2026 5:19:13 PM,10/1/2026 9:51:47 PM,30.99,0
7009651,CL-022696,Clothing item CL-022696,Clothing,Sold,Mercari,EMP-1005,40.34,1,9/27/2026 8:32:21 PM,9/27/2026 8:44:21 PM,10/1/2026 4:34:47 AM,34.99,0
7009652,HB-022697,Handbags item HB-022697,Handbags,Sold,Facebook Marketplace,EMP-1006,43.52,1,9/11/2026 3:51:06 AM,9/11/2026 4:03:06 AM,10/1/2026 1:54:01 PM,37.99,0
7009653,SH-022698,Shoes item SH-022698,Shoes,Sold,Mercari,EMP-1001,29.22,1,9/27/2026 6:41:31 PM,9/27/2026 6:53:31 PM,10/1/2026 3:13:02 AM,26.99,0
7009654,HM-022699,Home Decor item HM-022699,Home Decor,Sold,Facebook Marketplace,EMP-1003,34.73,1,8/27/2026 1:23:31 PM,8/27/2026 1:35:31 PM,10/1/2026 9:01:57 PM,30.99,1
7009655,CL-022700,Clothing item CL-022700,Clothing,Sold,Mercari,EMP-1002,7.81,1,9/25/2026 11:05:35 PM,9/25/2026 11:17:35 PM,10/1/2026 11:41:46 PM,6.99,0
7009656,BK-022701,Books item BK-022701,Books,Sold,GoodwillBooks,EMP-1006,6.54,1,9/24/2026 7:13:19 AM,9/24/2026 7:25:19 AM,10/1/2026 10:22:35 AM,5.99,0
7009657,BK-022702,Books item BK-022702,Books,Sold,GoodwillBooks,EMP-1003,16.22,1,9/21/2026 3:48:03 AM,9/21/2026 4:00:03 AM,10/1/2026 7:09:44 AM,15.99,0
7009658,BK-022703,Books item BK-022703,Books,Sold,GoodwillBooks,EMP-1002,22.04,1,9/17/2026 2:49:27 PM,9/17/2026 3:01:27 PM,10/1/2026 8:24:04 PM,18.99,0
7009659,BK-022704,Books item BK-022704,Books,Sold,GoodwillBooks,EMP-1005,16.10,1,9/26/2026 7:31:44 AM,9/26/2026 7:43:44 AM,10/1/2026 2:12:34 PM,14.99,0
7009660,MD-022705,Media item MD-022705,Media,Sold,GoodwillBooks,EMP-1006,11.39,1,9/13/2026 3:10:31 PM,9/13/2026 3:22:31 PM,10/1/2026 7:02:22 PM,9.99,0
7009661,BK-022706,Books item BK-022706,Books,Sold,GoodwillBooks,EMP-1002,14.61,1,9/25/2026 3:48:03 PM,9/25/2026 4:00:03 PM,10/1/2026 6:49:58 PM,12.99,0
7009662,BK-022707,Books item BK-022707,Books,Sold,GoodwillBooks,EMP-1003,8.17,1,9/13/2026 8:53:53 PM,9/13/2026 9:05:53 PM,10/1/2026 9:28:08 PM,7.99,0
7009663,BK-022708,Books item BK-022708,Books,Sold,GoodwillBooks,EMP-1001,8.04,1,9/25/2026 3:05:49 PM,9/25/2026 3:17:49 PM,10/1/2026 9:50:30 PM,6.99,0
7009664,BK-022709,Books item BK-022709,Books,Sold,GoodwillBooks,EMP-1003,7.18,1,9/6/2026 7:04:13 AM,9/6/2026 7:16:13 AM,10/1/2026 5:11:26 PM,6.99,0
7009665,BK-022710,Books item BK-022710,Books,Sold,GoodwillBooks,EMP-1004,7.56,1,9/23/2026 12:53:02 PM,9/23/2026 1:05:02 PM,10/1/2026 5:42:12 PM,6.99,0
7009666,BK-022711,Books item BK-022711,Books,Sold,GoodwillBooks,EMP-1001,13.69,1,8/15/2026 10:07:23 AM,8/15/2026 10:19:23 AM,10/1/2026 1:02:43 PM,12.99,1
7009667,BK-022712,Books item BK-022712,Books,Sold,GoodwillBooks,EMP-1004,29.20,1,9/21/2026 10:08:02 AM,9/21/2026 10:20:02 AM,10/1/2026 10:44:18 AM,24.99,0
7009668,BK-022713,Books item BK-022713,Books,Sold,GoodwillBooks,EMP-1002,28.48,1,9/24/2026 10:26:02 AM,9/24/2026 10:38:02 AM,10/1/2026 1:35:40 PM,23.99,0
7009669,JW-022714,Jewelry item JW-022714,Jewelry,Sold,ShopGoodwill,EMP-1004,81.12,1,9/30/2026 7:40:02 AM,9/30/2026 7:52:02 AM,10/2/2026 4:31:26 PM,77.00,0
7009670,WT-022715,Watches item WT-022715,Watches,Sold,ShopGoodwill,EMP-1003,31.91,1,9/26/2026 12:34:41 AM,9/26/2026 12:46:41 AM,10/2/2026 10:39:20 AM,31.00,0
7009671,EL-022716,Electronics item EL-022716,Electronics,Sold,ShopGoodwill,EMP-1002,20.86,1,9/27/2026 4:44:09 AM,9/27/2026 4:56:09 AM,10/2/2026 6:05:03 AM,18.00,0
7009672,EL-022717,Electronics item EL-022717,Electronics,Sold,ShopGoodwill,EMP-1001,73.13,1,9/28/2026 4:38:34 PM,9/28/2026 4:50:34 PM,10/2/2026 7:46:20 PM,61.00,0
7009673,CL-022718,Clothing item CL-022718,Clothing,Sold,ShopGoodwill,EMP-1002,37.60,1,9/18/2026 10:43:55 AM,9/18/2026 10:55:55 AM,10/2/2026 11:38:18 AM,35.00,0
7009674,SG-022719,Sporting Goods item SG-022719,Sporting Goods,Sold,ShopGoodwill,EMP-1002,24.14,1,9/20/2026 2:00:51 PM,9/20/2026 2:12:51 PM,10/2/2026 4:42:43 PM,24.00,0
7009675,AR-022720,Art item AR-022720,Art,Sold,ShopGoodwill,EMP-1001,53.26,1,9/24/2026 12:32:43 AM,9/24/2026 12:44:43 AM,10/2/2026 12:56:43 AM,45.00,0
7009676,JW-022721,Jewelry item JW-022721,Jewelry,Sold,ShopGoodwill,EMP-1004,34.45,1,9/25/2026 4:20:48 PM,9/25/2026 4:32:48 PM,10/2/2026 2:23:46 AM,34.00,0
7009677,TY-022722,Toys item TY-022722,Toys,Sold,ShopGoodwill,EMP-1006,21.56,1,9/26/2026 11:00:30 PM,9/26/2026 11:12:30 PM,10/2/2026 2:54:55 AM,19.00,0
7009678,AR-022723,Art item AR-022723,Art,Sold,ShopGoodwill,EMP-1004,44.32,1,9/27/2026 9:35:22 PM,9/27/2026 9:47:22 PM,10/2/2026 11:23:54 PM,39.00,0
7009679,JW-022724,Jewelry item JW-022724,Jewelry,Sold,ShopGoodwill,EMP-1004,46.03,1,9/24/2026 1:51:36 PM,9/24/2026 2:03:36 PM,10/2/2026 7:46:05 PM,45.00,0
7009680,WT-022725,Watches item WT-022725,Watches,Sold,ShopGoodwill,EMP-1005,34.39,1,9/28/2026 9:21:03 AM,9/28/2026 9:33:03 AM,10/2/2026 10:46:45 AM,33.00,0
7009681,WT-022726,Watches item WT-022726,Watches,Sold,ShopGoodwill,EMP-1006,84.24,1,9/26/2026 3:02:41 AM,9/26/2026 3:14:41 AM,10/2/2026 3:33:10 AM,71.00,0
7009682,EL-022727,Electronics item EL-022727,Electronics,Sold,ShopGoodwill,EMP-1002,33.23,1,9/26/2026 7:28:02 AM,9/26/2026 7:40:02 AM,10/2/2026 7:40:47 AM,33.00,0
7009683,WT-022728,Watches item WT-022728,Watches,Sold,ShopGoodwill,EMP-1003,14.15,1,9/20/2026 4:56:57 PM,9/20/2026 5:08:57 PM,10/2/2026 1:54:20 AM,12.00,0
7009684,CO-022729,Collectibles item CO-022729,Collectibles,Sold,ShopGoodwill,EMP-1005,46.18,1,9/27/2026 9:23:47 AM,9/27/2026 9:35:47 AM,10/2/2026 7:28:06 PM,40.00,0
7009685,SG-022730,Sporting Goods item SG-022730,Sporting Goods,Sold,ShopGoodwill,EMP-1002,43.33,1,9/24/2026 1:10:53 PM,9/24/2026 1:22:53 PM,10/2/2026 10:11:59 PM,39.00,0
7009686,HM-022731,Home Decor item HM-022731,Home Decor,Sold,ShopGoodwill,EMP-1005,9.74,1,9/29/2026 1:29:17 PM,9/29/2026 1:41:17 PM,10/2/2026 3:25:58 PM,9.00,0
7009687,CL-022732,Clothing item CL-022732,Clothing,Sold,ShopGoodwill,EMP-1004,27.95,1,9/29/2026 1:38:08 PM,9/29/2026 1:50:08 PM,10/2/2026 1:59:40 PM,26.00,0
7009688,CL-022733,Clothing item CL-022733,Clothing,Sold,ShopGoodwill,EMP-1005,38.57,1,9/17/2026 9:26:20 PM,9/17/2026 9:38:20 PM,10/2/2026 4:46:20 AM,37.00,0
7009689,HB-022734,Handbags item HB-022734,Handbags,Sold,ShopGoodwill,EMP-1001,21.81,1,9/5/2026 11:43:18 AM,9/5/2026 11:55:18 AM,10/2/2026 3:27:55 PM,19.00,0
7009690,CO-022735,Collectibles item CO-022735,Collectibles,Sold,ShopGoodwill,EMP-1002,14.66,1,9/12/2026 5:33:48 PM,9/12/2026 5:45:48 PM,10/2/2026 2:35:17 AM,14.00,0
7009691,JW-022736,Jewelry item JW-022736,Jewelry,Sold,ShopGoodwill,EMP-1001,33.20,1,9/27/2026 5:09:36 AM,9/27/2026 5:21:36 AM,10/2/2026 10:44:45 AM,32.00,0
7009692,HB-022737,Handbags item HB-022737,Handbags,Sold,ShopGoodwill,EMP-1005,30.93,1,9/21/2026 3:55:42 PM,9/21/2026 4:07:42 PM,10/2/2026 8:29:39 PM,29.00,0
7009693,WT-022738,Watches item WT-022738,Watches,Sold,ShopGoodwill,EMP-1001,51.91,1,9/28/2026 5:30:05 PM,9/28/2026 5:42:05 PM,10/2/2026 5:51:43 PM,48.00,0
7009694,CO-022739,Collectibles item CO-022739,Collectibles,Sold,ShopGoodwill,EMP-1001,23.69,1,9/21/2026 9:11:49 AM,9/21/2026 9:23:49 AM,10/2/2026 10:33:33 AM,21.00,0
7009695,EL-022740,Electronics item EL-022740,Electronics,Sold,ShopGoodwill,EMP-1001,37.60,1,9/23/2026 7:32:04 PM,9/23/2026 7:44:04 PM,10/2/2026 10:17:49 PM,37.00,0
7009696,AR-022741,Art item AR-022741,Art,Sold,ShopGoodwill,EMP-1001,29.49,1,9/26/2026 9:47:09 AM,9/26/2026 9:59:09 AM,10/2/2026 10:05:48 AM,27.00,0
7009697,HM-022742,Home Decor item HM-022742,Home Decor,Sold,ShopGoodwill,EMP-1004,15.53,1,9/29/2026 2:22:22 PM,9/29/2026 2:34:22 PM,10/2/2026 4:42:24 PM,13.00,0
7009698,JW-022743,Jewelry item JW-022743,Jewelry,Sold,ShopGoodwill,EMP-1001,45.66,1,9/30/2026 12:57:06 PM,9/30/2026 1:09:06 PM,10/2/2026 6:06:59 PM,43.00,0
7009699,WT-022744,Watches item WT-022744,Watches,Sold,ShopGoodwill,EMP-1004,51.32,1,9/22/2026 8:00:24 AM,9/22/2026 8:12:24 AM,10/2/2026 10:50:58 AM,43.00,0
7009700,JW-022745,Jewelry item JW-022745,Jewelry,Sold,ShopGoodwill,EMP-1002,50.21,1,9/23/2026 3:51:43 AM,9/23/2026 4:03:43 AM,10/2/2026 1:29:24 PM,46.00,0
7009701,AR-022746,Art item AR-022746,Art,Sold,ShopGoodwill,EMP-1005,40.13,1,9/27/2026 7:09:58 PM,9/27/2026 7:21:58 PM,10/2/2026 4:03:29 AM,40.00,0
7009702,HM-022747,Home Decor item HM-022747,Home Decor,Sold,ShopGoodwill,EMP-1001,36.49,1,9/9/2026 1:19:44 PM,9/9/2026 1:31:44 PM,10/2/2026 6:35:45 PM,32.00,0
7009703,HM-022748,Home Decor item HM-022748,Home Decor,Sold,ShopGoodwill,EMP-1001,20.36,1,9/23/2026 9:03:50 PM,9/23/2026 9:15:50 PM,10/2/2026 6:17:57 AM,17.00,0
7009704,SG-022749,Sporting Goods item SG-022749,Sporting Goods,Sold,ShopGoodwill,EMP-1002,10.10,1,9/27/2026 8:39:22 PM,9/27/2026 8:51:22 PM,10/2/2026 10:25:13 PM,10.00,0
7009705,WT-022750,Watches item WT-022750,Watches,Sold,ShopGoodwill,EMP-1006,57.43,1,9/28/2026 6:24:51 AM,9/28/2026 6:36:51 AM,10/2/2026 2:38:26 PM,49.00,0
7009706,CL-022751,Clothing item CL-022751,Clothing,Sold,ShopGoodwill,EMP-1003,35.52,1,9/16/2026 6:12:33 PM,9/16/2026 6:24:33 PM,10/2/2026 8:20:13 PM,31.00,0
7009707,EL-022752,Electronics item EL-022752,Electronics,Sold,ShopGoodwill,EMP-1006,49.81,1,9/22/2026 9:56:30 PM,9/22/2026 10:08:30 PM,10/2/2026 7:55:41 AM,47.00,0
7009708,HB-022753,Handbags item HB-022753,Handbags,Sold,ShopGoodwill,EMP-1005,55.16,1,9/29/2026 1:12:03 PM,9/29/2026 1:24:03 PM,10/2/2026 10:43:03 PM,46.00,0
7009709,CO-022754,Collectibles item CO-022754,Collectibles,Sold,ShopGoodwill,EMP-1001,37.44,1,9/26/2026 3:59:36 PM,9/26/2026 4:11:36 PM,10/2/2026 2:08:05 AM,37.00,0
7009710,CO-022755,Collectibles item CO-022755,Collectibles,Sold,ShopGoodwill,EMP-1002,19.62,1,9/26/2026 10:03:02 PM,9/26/2026 10:15:02 PM,10/2/2026 6:09:40 AM,19.00,0
7009711,WT-022756,Watches item WT-022756,Watches,Sold,ShopGoodwill,EMP-1003,94.07,1,9/27/2026 8:28:08 PM,9/27/2026 8:40:08 PM,10/2/2026 12:48:20 AM,81.00,0
7009712,HB-022757,Handbags item HB-022757,Handbags,Sold,ShopGoodwill,EMP-1006,33.07,1,9/25/2026 9:50:23 PM,9/25/2026 10:02:23 PM,10/2/2026 7:17:30 AM,29.00,0
7009713,AR-022758,Art item AR-022758,Art,Sold,ShopGoodwill,EMP-1003,27.35,1,9/25/2026 9:53:59 AM,9/25/2026 10:05:59 AM,10/2/2026 1:52:42 PM,25.00,0
7009714,AR-022759,Art item AR-022759,Art,Sold,ShopGoodwill,EMP-1002,49.10,1,9/28/2026 7:45:13 PM,9/28/2026 7:57:13 PM,10/2/2026 11:37:50 PM,41.00,0
7009715,JW-022760,Jewelry item JW-022760,Jewelry,Sold,ShopGoodwill,EMP-1005,60.35,1,9/23/2026 3:41:24 AM,9/23/2026 3:53:24 AM,10/2/2026 8:33:48 AM,51.00,0
7009716,CL-022761,Clothing item CL-022761,Clothing,Sold,ShopGoodwill,EMP-1004,44.89,1,9/20/2026 1:33:34 PM,9/20/2026 1:45:34 PM,10/2/2026 5:32:30 PM,39.00,0
7009717,EL-022762,Electronics item EL-022762,Electronics,Sold,ShopGoodwill,EMP-1004,35.86,1,9/24/2026 7:13:31 AM,9/24/2026 7:25:31 AM,10/2/2026 2:18:31 PM,34.00,0
7009718,CO-022763,Collectibles item CO-022763,Collectibles,Sold,ShopGoodwill,EMP-1002,45.94,1,9/22/2026 3:07:49 PM,9/22/2026 3:19:49 PM,10/2/2026 8:34:04 PM,40.00,0
7009719,CO-022764,Collectibles item CO-022764,Collectibles,Sold,ShopGoodwill,EMP-1005,54.73,1,9/28/2026 2:23:49 PM,9/28/2026 2:35:49 PM,10/2/2026 11:43:04 PM,48.00,0
7009720,EL-022765,Electronics item EL-022765,Electronics,Sold,ShopGoodwill,EMP-1001,72.77,1,9/20/2026 2:45:56 AM,9/20/2026 2:57:56 AM,10/2/2026 3:29:30 AM,61.00,0
7009721,HM-022766,Home Decor item HM-022766,Home Decor,Sold,ShopGoodwill,EMP-1006,28.04,1,9/26/2026 12:28:33 AM,9/26/2026 12:40:33 AM,10/2/2026 9:25:55 AM,25.00,0
7009722,AR-022767,Art item AR-022767,Art,Sold,ShopGoodwill,EMP-1002,24.58,1,9/28/2026 3:14:06 PM,9/28/2026 3:26:06 PM,10/2/2026 5:28:25 PM,24.00,0
7009723,KT-022768,Kitchen item KT-022768,Kitchen,Sold,ShopGoodwill,EMP-1005,9.24,1,9/26/2026 7:31:21 AM,9/26/2026 7:43:21 AM,10/2/2026 2:31:35 PM,9.00,0
7009724,JW-022769,Jewelry item JW-022769,Jewelry,Sold,ShopGoodwill,EMP-1006,24.96,1,9/29/2026 12:28:31 PM,9/29/2026 12:40:31 PM,10/2/2026 10:24:38 PM,21.00,0
7009725,CO-022770,Collectibles item CO-022770,Collectibles,Sold,ShopGoodwill,EMP-1001,20.11,1,9/17/2026 3:35:32 PM,9/17/2026 3:47:32 PM,10/2/2026 1:34:11 AM,19.00,0
7009726,JW-022771,Jewelry item JW-022771,Jewelry,Sold,ShopGoodwill,EMP-1003,53.93,1,9/28/2026 7:07:24 AM,9/28/2026 7:19:24 AM,10/2/2026 3:22:39 PM,48.00,0
7009727,EL-022772,Electronics item EL-022772,Electronics,Sold,ShopGoodwill,EMP-1004,101.96,1,9/23/2026 9:23:41 AM,9/23/2026 9:35:41 AM,10/2/2026 2:05:51 PM,86.00,0
7009728,WT-022773,Watches item WT-022773,Watches,Sold,ShopGoodwill,EMP-1001,83.94,1,9/28/2026 2:48:59 PM,9/28/2026 3:00:59 PM,10/2/2026 5:49:17 PM,83.00,0
7009729,SG-022774,Sporting Goods item SG-022774,Sporting Goods,Sold,ShopGoodwill,EMP-1004,20.91,1,9/29/2026 3:07:21 AM,9/29/2026 3:19:21 AM,10/2/2026 11:48:30 AM,18.00,0
7009730,KT-022775,Kitchen item KT-022775,Kitchen,Sold,ShopGoodwill,EMP-1001,49.55,1,9/30/2026 1:25:36 PM,9/30/2026 1:37:36 PM,10/2/2026 3:07:42 PM,44.00,0
7009731,CL-022776,Clothing item CL-022776,Clothing,Sold,ShopGoodwill,EMP-1002,37.40,1,9/24/2026 5:54:31 PM,9/24/2026 6:06:31 PM,10/2/2026 9:04:00 PM,34.00,0
7009732,TY-022777,Toys item TY-022777,Toys,Sold,ShopGoodwill,EMP-1005,23.06,1,9/29/2026 3:02:08 AM,9/29/2026 3:14:08 AM,10/2/2026 7:39:48 AM,22.00,0
7009733,KT-022778,Kitchen item KT-022778,Kitchen,Sold,ShopGoodwill,EMP-1004,16.72,1,9/14/2026 1:25:01 AM,9/14/2026 1:37:01 AM,10/2/2026 6:52:37 AM,14.00,0
7009734,AR-022779,Art item AR-022779,Art,Sold,ShopGoodwill,EMP-1005,36.69,1,9/20/2026 1:53:47 AM,9/20/2026 2:05:47 AM,10/2/2026 11:30:37 AM,35.00,0
7009735,AR-022780,Art item AR-022780,Art,Sold,ShopGoodwill,EMP-1001,15.36,1,9/27/2026 1:28:41 AM,9/27/2026 1:40:41 AM,10/2/2026 7:29:04 AM,14.00,0
7009736,CL-022781,Clothing item CL-022781,Clothing,Sold,ShopGoodwill,EMP-1005,30.80,1,9/8/2026 6:48:56 PM,9/8/2026 7:00:56 PM,10/2/2026 12:26:59 AM,29.00,0
7009737,HM-022782,Home Decor item HM-022782,Home Decor,Sold,ShopGoodwill,EMP-1003,11.99,1,9/29/2026 4:45:20 PM,9/29/2026 4:57:20 PM,10/2/2026 6:28:58 PM,11.00,0
7009738,EL-022783,Electronics item EL-022783,Electronics,Sold,ShopGoodwill,EMP-1004,31.12,1,9/29/2026 11:52:42 AM,9/29/2026 12:04:42 PM,10/2/2026 12:20:26 PM,28.00,0
7009739,CO-022784,Collectibles item CO-022784,Collectibles,Sold,ShopGoodwill,EMP-1004,91.73,1,9/26/2026 3:54:02 PM,9/26/2026 4:06:02 PM,10/2/2026 6:58:04 PM,86.00,0
7009740,BK-022785,Books item BK-022785,Books,Sold,Amazon,EMP-1002,4.12,1,5/25/2026 3:58:21 AM,5/25/2026 4:10:21 AM,10/2/2026 6:56:04 AM,3.99,1
7009741,BK-022786,Books item BK-022786,Books,Sold,Amazon,EMP-1001,8.15,1,8/13/2026 12:24:24 AM,8/13/2026 12:36:24 AM,10/2/2026 2:48:01 AM,6.99,1
7009742,BK-022787,Books item BK-022787,Books,Sold,Amazon,EMP-1006,15.63,1,9/7/2026 11:25:43 AM,9/7/2026 11:37:43 AM,10/2/2026 1:33:49 PM,13.99,0
7009743,BK-022788,Books item BK-022788,Books,Sold,Amazon,EMP-1003,12.72,1,7/23/2026 5:32:13 PM,7/23/2026 5:44:13 PM,10/2/2026 6:01:44 PM,11.99,1
7009744,BK-022789,Books item BK-022789,Books,Sold,Amazon,EMP-1001,22.08,1,9/4/2026 12:11:23 AM,9/4/2026 12:23:23 AM,10/2/2026 3:33:40 AM,18.99,0
7009745,BK-022790,Books item BK-022790,Books,Sold,Amazon,EMP-1003,26.70,1,9/15/2026 4:02:52 AM,9/15/2026 4:14:52 AM,10/2/2026 7:32:24 AM,23.99,0
7009746,BK-022791,Books item BK-022791,Books,Sold,Amazon,EMP-1001,35.35,1,8/15/2026 12:37:30 AM,8/15/2026 12:49:30 AM,10/2/2026 2:46:11 AM,29.99,1
7009747,MD-022792,Media item MD-022792,Media,Sold,Amazon,EMP-1005,9.50,1,9/6/2026 9:39:18 AM,9/6/2026 9:51:18 AM,10/2/2026 11:48:32 AM,7.99,0
7009748,BK-022793,Books item BK-022793,Books,Sold,Amazon,EMP-1003,9.31,1,7/27/2026 8:52:56 PM,7/27/2026 9:04:56 PM,10/2/2026 10:41:17 PM,7.99,1
7009749,BK-022794,Books item BK-022794,Books,Sold,Amazon,EMP-1006,20.13,1,9/1/2026 3:38:20 PM,9/1/2026 3:50:20 PM,10/2/2026 6:51:22 PM,18.99,1
7009750,MD-022795,Media item MD-022795,Media,Sold,Amazon,EMP-1004,15.23,1,9/20/2026 12:35:59 PM,9/20/2026 12:47:59 PM,10/2/2026 1:29:44 PM,12.99,0
7009751,BK-022796,Books item BK-022796,Books,Sold,Amazon,EMP-1005,8.42,1,7/1/2026 3:22:23 PM,7/1/2026 3:34:23 PM,10/2/2026 5:21:42 PM,7.99,1
7009752,BK-022797,Books item BK-022797,Books,Sold,Amazon,EMP-1005,8.14,1,8/29/2026 1:57:26 PM,8/29/2026 2:09:26 PM,10/2/2026 11:48:05 PM,6.99,1
7009753,BK-022798,Books item BK-022798,Books,Sold,Amazon,EMP-1001,30.48,1,7/17/2026 11:29:28 AM,7/17/2026 11:41:28 AM,10/2/2026 1:49:06 PM,25.99,1
7009754,BK-022799,Books item BK-022799,Books,Sold,Amazon,EMP-1004,32.38,1,8/26/2026 2:58:04 AM,8/26/2026 3:10:04 AM,10/2/2026 4:21:30 AM,28.99,1
7009755,BK-022800,Books item BK-022800,Books,Sold,Amazon,EMP-1006,7.18,1,6/26/2026 1:16:15 AM,6/26/2026 1:28:15 AM,10/2/2026 6:17:14 AM,6.99,1
7009756,BK-022801,Books item BK-022801,Books,Sold,Amazon,EMP-1004,23.45,1,8/29/2026 12:45:45 PM,8/29/2026 12:57:45 PM,10/2/2026 7:47:10 PM,19.99,1
7009757,MD-022802,Media item MD-022802,Media,Sold,Amazon,EMP-1003,16.11,1,9/27/2026 5:43:52 AM,9/27/2026 5:55:52 AM,10/2/2026 10:29:30 AM,15.99,0
7009758,BK-022803,Books item BK-022803,Books,Sold,Amazon,EMP-1006,8.27,1,9/15/2026 2:28:27 AM,9/15/2026 2:40:27 AM,10/2/2026 7:05:27 AM,6.99,0
7009759,BK-022804,Books item BK-022804,Books,Sold,Amazon,EMP-1001,18.61,1,9/11/2026 8:30:18 AM,9/11/2026 8:42:18 AM,10/2/2026 10:19:14 AM,16.99,0
7009760,MD-022805,Media item MD-022805,Media,Sold,Amazon,EMP-1002,30.89,1,9/19/2026 9:39:37 AM,9/19/2026 9:51:37 AM,10/2/2026 5:53:57 PM,29.99,0
7009761,MD-022806,Media item MD-022806,Media,Sold,Amazon,EMP-1005,13.59,1,9/21/2026 11:19:50 PM,9/21/2026 11:31:50 PM,10/2/2026 5:53:25 AM,12.99,0
7009762,TY-022807,Toys item TY-022807,Toys,Sold,Amazon,EMP-1003,49.37,1,9/22/2026 6:57:26 AM,9/22/2026 7:09:26 AM,10/2/2026 4:28:22 PM,47.99,0
7009763,BK-022808,Books item BK-022808,Books,Sold,Amazon,EMP-1004,10.38,1,8/18/2026 2:49:50 PM,8/18/2026 3:01:50 PM,10/2/2026 9:22:40 PM,8.99,1
7009764,MD-022809,Media item MD-022809,Media,Sold,Amazon,EMP-1006,9.06,1,9/30/2026 2:53:56 PM,9/30/2026 3:05:56 PM,10/2/2026 10:06:05 PM,8.99,0
7009765,EL-022810,Electronics item EL-022810,Electronics,Sold,Amazon,EMP-1006,41.81,1,9/10/2026 11:36:35 AM,9/10/2026 11:48:35 AM,10/2/2026 7:48:15 PM,34.99,0
7009766,BK-022811,Books item BK-022811,Books,Sold,Amazon,EMP-1006,12.74,1,8/17/2026 1:56:28 AM,8/17/2026 2:08:28 AM,10/2/2026 10:34:36 AM,10.99,1
7009767,BK-022812,Books item BK-022812,Books,Sold,Amazon,EMP-1004,32.02,1,9/2/2026 9:19:23 PM,9/2/2026 9:31:23 PM,10/2/2026 12:51:43 AM,28.99,0
7009768,BK-022813,Books item BK-022813,Books,Sold,Amazon,EMP-1003,6.98,1,7/12/2026 3:08:35 PM,7/12/2026 3:20:35 PM,10/2/2026 11:13:37 PM,5.99,1
7009769,BK-022814,Books item BK-022814,Books,Sold,Amazon,EMP-1003,20.87,1,9/9/2026 3:44:02 AM,9/9/2026 3:56:02 AM,10/2/2026 7:09:49 AM,17.99,0
7009770,BK-022815,Books item BK-022815,Books,Sold,Amazon,EMP-1002,12.91,1,8/11/2026 3:46:06 PM,8/11/2026 3:58:06 PM,10/2/2026 12:19:28 AM,10.99,1
7009771,EL-022816,Electronics item EL-022816,Electronics,Sold,Amazon,EMP-1006,16.05,1,9/14/2026 8:36:36 PM,9/14/2026 8:48:36 PM,10/2/2026 11:44:15 PM,14.99,0
7009772,CO-022817,Collectibles item CO-022817,Collectibles,Sold,Amazon,EMP-1005,22.14,1,9/8/2026 9:33:44 PM,9/8/2026 9:45:44 PM,10/2/2026 11:51:09 PM,21.99,0
7009773,BK-022818,Books item BK-022818,Books,Sold,Amazon,EMP-1006,18.27,1,8/9/2026 6:13:12 AM,8/9/2026 6:25:12 AM,10/2/2026 3:34:12 PM,17.99,1
7009774,MD-022819,Media item MD-022819,Media,Sold,Amazon,EMP-1006,7.94,1,9/7/2026 5:27:21 AM,9/7/2026 5:39:21 AM,10/2/2026 12:10:01 PM,6.99,0
7009775,BK-022820,Books item BK-022820,Books,Sold,Amazon,EMP-1005,28.04,1,8/25/2026 6:20:48 AM,8/25/2026 6:32:48 AM,10/2/2026 11:58:47 AM,25.99,1
7009776,BK-022821,Books item BK-022821,Books,Sold,Amazon,EMP-1003,31.09,1,8/19/2026 11:51:14 AM,8/19/2026 12:03:14 PM,10/2/2026 9:15:49 PM,28.99,1
7009777,MD-022822,Media item MD-022822,Media,Sold,Amazon,EMP-1003,8.03,1,9/23/2026 12:41:17 PM,9/23/2026 12:53:17 PM,10/2/2026 6:11:32 PM,7.99,0
7009778,BK-022823,Books item BK-022823,Books,Sold,Amazon,EMP-1003,7.04,1,8/10/2026 11:02:44 PM,8/10/2026 11:14:44 PM,10/2/2026 7:43:10 AM,6.99,1
7009779,BK-022824,Books item BK-022824,Books,Sold,Amazon,EMP-1005,12.07,1,8/7/2026 8:51:47 PM,8/7/2026 9:03:47 PM,10/2/2026 9:31:09 PM,10.99,1
7009780,MD-022825,Media item MD-022825,Media,Sold,Amazon,EMP-1001,35.19,1,8/25/2026 6:21:07 PM,8/25/2026 6:33:07 PM,10/2/2026 7:27:45 PM,30.99,1
7009781,BK-022826,Books item BK-022826,Books,Sold,Amazon,EMP-1003,10.64,1,9/13/2026 7:23:00 PM,9/13/2026 7:35:00 PM,10/2/2026 8:57:26 PM,9.99,0
7009782,BK-022827,Books item BK-022827,Books,Sold,Amazon,EMP-1003,16.18,1,9/13/2026 11:43:47 PM,9/13/2026 11:55:47 PM,10/2/2026 12:28:55 AM,13.99,0
7009783,CO-022828,Collectibles item CO-022828,Collectibles,Sold,Amazon,EMP-1003,23.29,1,9/9/2026 2:17:12 AM,9/9/2026 2:29:12 AM,10/2/2026 11:20:22 AM,21.99,0
7009784,TY-022829,Toys item TY-022829,Toys,Sold,Amazon,EMP-1005,26.69,1,9/22/2026 5:14:37 PM,9/22/2026 5:26:37 PM,10/2/2026 10:06:52 PM,22.99,0
7009785,SH-022830,Shoes item SH-022830,Shoes,Sold,eBay,EMP-1004,36.49,1,8/21/2026 4:26:39 AM,8/21/2026 4:38:39 AM,10/2/2026 9:22:03 AM,30.99,1
7009786,SH-022831,Shoes item SH-022831,Shoes,Sold,eBay,EMP-1005,21.01,1,9/9/2026 1:28:52 PM,9/9/2026 1:40:52 PM,10/2/2026 5:05:43 PM,20.99,0
7009787,HB-022832,Handbags item HB-022832,Handbags,Sold,eBay,EMP-1002,53.43,1,9/14/2026 5:42:05 AM,9/14/2026 5:54:05 AM,10/2/2026 10:43:54 AM,48.99,0
7009788,SG-022833,Sporting Goods item SG-022833,Sporting Goods,Sold,eBay,EMP-1004,53.64,1,8/24/2026 5:01:48 AM,8/24/2026 5:13:48 AM,10/2/2026 6:43:50 AM,44.99,1
7009789,CL-022834,Clothing item CL-022834,Clothing,Sold,eBay,EMP-1001,52.51,1,7/26/2026 8:15:57 AM,7/26/2026 8:27:57 AM,10/2/2026 3:19:40 PM,50.99,1
7009790,KT-022835,Kitchen item KT-022835,Kitchen,Sold,eBay,EMP-1005,8.38,1,8/20/2026 3:07:32 PM,8/20/2026 3:19:32 PM,10/2/2026 7:48:35 PM,6.99,1
7009791,HB-022836,Handbags item HB-022836,Handbags,Sold,eBay,EMP-1004,31.52,1,9/15/2026 12:14:48 AM,9/15/2026 12:26:48 AM,10/2/2026 6:25:22 AM,27.99,0
7009792,CO-022837,Collectibles item CO-022837,Collectibles,Sold,eBay,EMP-1002,32.57,1,8/19/2026 11:10:03 PM,8/19/2026 11:22:03 PM,10/2/2026 11:27:08 PM,31.99,1
7009793,EL-022838,Electronics item EL-022838,Electronics,Sold,eBay,EMP-1004,37.47,1,8/21/2026 11:58:33 AM,8/21/2026 12:10:33 PM,10/2/2026 9:20:04 PM,31.99,1
7009794,SH-022839,Shoes item SH-022839,Shoes,Sold,eBay,EMP-1002,80.62,1,9/24/2026 12:27:07 PM,9/24/2026 12:39:07 PM,10/2/2026 6:32:49 PM,68.99,0
7009795,CL-022840,Clothing item CL-022840,Clothing,Sold,eBay,EMP-1002,18.11,1,9/20/2026 2:54:15 PM,9/20/2026 3:06:15 PM,10/2/2026 4:40:24 PM,17.99,0
7009796,EL-022841,Electronics item EL-022841,Electronics,Sold,eBay,EMP-1003,59.97,1,9/24/2026 8:49:23 PM,9/24/2026 9:01:23 PM,10/2/2026 10:43:36 PM,52.99,0
7009797,CO-022842,Collectibles item CO-022842,Collectibles,Sold,eBay,EMP-1006,25.02,1,9/21/2026 7:48:21 PM,9/21/2026 8:00:21 PM,10/2/2026 1:53:00 AM,21.99,0
7009798,SG-022843,Sporting Goods item SG-022843,Sporting Goods,Sold,eBay,EMP-1002,47.32,1,8/20/2026 1:19:59 PM,8/20/2026 1:31:59 PM,10/2/2026 10:26:41 PM,44.99,1
7009799,SH-022844,Shoes item SH-022844,Shoes,Sold,eBay,EMP-1005,93.06,1,8/28/2026 9:49:36 AM,8/28/2026 10:01:36 AM,10/2/2026 10:06:05 AM,90.99,1
7009800,CL-022845,Clothing item CL-022845,Clothing,Sold,eBay,EMP-1005,15.07,1,7/17/2026 3:27:59 PM,7/17/2026 3:39:59 PM,10/2/2026 3:58:29 PM,14.99,1
7009801,SG-022846,Sporting Goods item SG-022846,Sporting Goods,Sold,eBay,EMP-1006,51.83,1,9/13/2026 6:06:44 AM,9/13/2026 6:18:44 AM,10/2/2026 10:35:06 AM,48.99,0
7009802,CL-022847,Clothing item CL-022847,Clothing,Sold,eBay,EMP-1006,24.49,1,9/15/2026 11:53:38 PM,9/16/2026 12:05:38 AM,10/2/2026 2:32:41 AM,21.99,0
7009803,CL-022848,Clothing item CL-022848,Clothing,Sold,eBay,EMP-1006,23.26,1,9/6/2026 2:54:20 PM,9/6/2026 3:06:20 PM,10/2/2026 9:06:44 PM,19.99,0
7009804,SG-022849,Sporting Goods item SG-022849,Sporting Goods,Sold,eBay,EMP-1005,50.26,1,9/12/2026 10:11:48 AM,9/12/2026 10:23:48 AM,10/2/2026 7:00:43 PM,47.99,0
7009805,CL-022850,Clothing item CL-022850,Clothing,Sold,eBay,EMP-1001,34.86,1,8/26/2026 9:26:43 PM,8/26/2026 9:38:43 PM,10/2/2026 7:00:45 AM,33.99,1
7009806,HM-022851,Home Decor item HM-022851,Home Decor,Sold,Facebook Marketplace,EMP-1004,31.78,1,9/25/2026 3:54:18 AM,9/25/2026 4:06:18 AM,10/2/2026 7:17:44 AM,26.99,0
7009807,HM-022852,Home Decor item HM-022852,Home Decor,Sold,Facebook Marketplace,EMP-1005,21.64,1,9/23/2026 2:57:51 PM,9/23/2026 3:09:51 PM,10/2/2026 10:39:54 PM,20.99,0
7009808,SH-022853,Shoes item SH-022853,Shoes,Sold,Facebook Marketplace,EMP-1002,27.46,1,9/12/2026 7:46:06 AM,9/12/2026 7:58:06 AM,10/2/2026 1:25:59 PM,23.99,0
7009809,KT-022854,Kitchen item KT-022854,Kitchen,Sold,Facebook Marketplace,EMP-1002,8.91,1,9/12/2026 7:06:06 AM,9/12/2026 7:18:06 AM,10/2/2026 4:45:03 PM,7.99,0
7009810,SH-022855,Shoes item SH-022855,Shoes,Sold,Facebook Marketplace,EMP-1005,21.55,1,9/26/2026 10:23:51 AM,9/26/2026 10:35:51 AM,10/2/2026 6:04:49 PM,18.99,0
7009811,CL-022856,Clothing item CL-022856,Clothing,Sold,Facebook Marketplace,EMP-1004,33.17,1,9/27/2026 8:07:25 AM,9/27/2026 8:19:25 AM,10/2/2026 12:12:03 PM,31.99,0
7009812,CL-022857,Clothing item CL-022857,Clothing,Sold,Facebook Marketplace,EMP-1004,32.49,1,9/10/2026 9:36:40 AM,9/10/2026 9:48:40 AM,10/2/2026 7:32:10 PM,29.99,0
7009813,SH-022858,Shoes item SH-022858,Shoes,Sold,Facebook Marketplace,EMP-1001,55.84,1,9/25/2026 6:47:49 AM,9/25/2026 6:59:49 AM,10/2/2026 3:50:03 PM,50.99,0
7009814,HB-022859,Handbags item HB-022859,Handbags,Sold,Facebook Marketplace,EMP-1003,63.66,1,9/11/2026 5:23:30 PM,9/11/2026 5:35:30 PM,10/2/2026 11:58:17 PM,59.99,0
7009815,BK-022860,Books item BK-022860,Books,Sold,GoodwillBooks,EMP-1001,49.90,1,9/24/2026 7:01:40 AM,9/24/2026 7:13:40 AM,10/2/2026 10:52:11 AM,45.99,0
7009816,BK-022861,Books item BK-022861,Books,Sold,GoodwillBooks,EMP-1004,10.44,1,9/16/2026 8:02:32 AM,9/16/2026 8:14:32 AM,10/2/2026 8:29:21 AM,9.99,0
7009817,BK-022862,Books item BK-022862,Books,Sold,GoodwillBooks,EMP-1002,4.71,1,9/25/2026 9:26:23 AM,9/25/2026 9:38:23 AM,10/2/2026 11:18:35 AM,3.99,0
7009818,BK-022863,Books item BK-022863,Books,Sold,GoodwillBooks,EMP-1003,16.70,1,9/27/2026 7:09:40 AM,9/27/2026 7:21:40 AM,10/2/2026 10:34:47 AM,13.99,0
7009819,BK-022864,Books item BK-022864,Books,Sold,GoodwillBooks,EMP-1005,14.98,1,9/10/2026 2:07:49 PM,9/10/2026 2:19:49 PM,10/2/2026 7:44:33 PM,13.99,0
7009820,BK-022865,Books item BK-022865,Books,Sold,GoodwillBooks,EMP-1002,8.11,1,9/20/2026 1:14:22 PM,9/20/2026 1:26:22 PM,10/2/2026 10:06:00 PM,7.99,0
7009821,BK-022866,Books item BK-022866,Books,Sold,GoodwillBooks,EMP-1002,16.49,1,9/20/2026 10:40:07 PM,9/20/2026 10:52:07 PM,10/2/2026 11:49:56 PM,13.99,0
7009822,BK-022867,Books item BK-022867,Books,Sold,GoodwillBooks,EMP-1006,11.87,1,9/22/2026 1:24:08 AM,9/22/2026 1:36:08 AM,10/2/2026 1:48:46 AM,9.99,0
7009823,BK-022868,Books item BK-022868,Books,Sold,GoodwillBooks,EMP-1003,36.90,1,9/12/2026 5:29:40 AM,9/12/2026 5:41:40 AM,10/2/2026 9:47:16 AM,34.99,0
7009824,CL-022869,Clothing item CL-022869,Clothing,Sold,ShopGoodwill,EMP-1001,14.26,1,9/27/2026 8:01:32 AM,9/27/2026 8:13:32 AM,10/3/2026 11:19:58 AM,14.00,0
7009825,CO-022870,Collectibles item CO-022870,Collectibles,Sold,ShopGoodwill,EMP-1002,32.51,1,9/25/2026 12:56:52 AM,9/25/2026 1:08:52 AM,10/3/2026 4:06:00 AM,32.00,0
7009826,WT-022871,Watches item WT-022871,Watches,Sold,ShopGoodwill,EMP-1006,31.27,1,9/17/2026 1:26:48 AM,9/17/2026 1:38:48 AM,10/3/2026 4:08:39 AM,29.00,0
7009827,JW-022872,Jewelry item JW-022872,Jewelry,Sold,ShopGoodwill,EMP-1005,105.81,1,9/25/2026 3:13:38 AM,9/25/2026 3:25:38 AM,10/3/2026 4:39:52 AM,100.00,0
7009828,JW-022873,Jewelry item JW-022873,Jewelry,Sold,ShopGoodwill,EMP-1003,63.77,1,8/28/2026 7:47:32 PM,8/28/2026 7:59:32 PM,10/3/2026 2:26:10 AM,62.00,1
7009829,SG-022874,Sporting Goods item SG-022874,Sporting Goods,Sold,ShopGoodwill,EMP-1003,15.13,1,9/26/2026 3:26:11 AM,9/26/2026 3:38:11 AM,10/3/2026 8:29:09 AM,15.00,0
7009830,KT-022875,Kitchen item KT-022875,Kitchen,Sold,ShopGoodwill,EMP-1002,17.64,1,9/25/2026 6:23:18 AM,9/25/2026 6:35:18 AM,10/3/2026 6:40:33 AM,16.00,0
7009831,TY-022876,Toys item TY-022876,Toys,Sold,ShopGoodwill,EMP-1002,24.92,1,9/28/2026 12:59:51 AM,9/28/2026 1:11:51 AM,10/3/2026 6:40:01 AM,22.00,0
7009832,SG-022877,Sporting Goods item SG-022877,Sporting Goods,Sold,ShopGoodwill,EMP-1006,31.19,1,9/29/2026 6:33:10 AM,9/29/2026 6:45:10 AM,10/3/2026 8:53:47 AM,31.00,0
7009833,CL-022878,Clothing item CL-022878,Clothing,Sold,ShopGoodwill,EMP-1006,24.89,1,9/23/2026 2:50:07 AM,9/23/2026 3:02:07 AM,10/3/2026 9:22:51 AM,23.00,0
7009834,EL-022879,Electronics item EL-022879,Electronics,Sold,ShopGoodwill,EMP-1003,40.94,1,9/27/2026 6:24:51 PM,9/27/2026 6:36:51 PM,10/3/2026 4:05:25 AM,35.00,0
7009835,EL-022880,Electronics item EL-022880,Electronics,Sold,ShopGoodwill,EMP-1003,12.35,1,9/26/2026 12:07:43 AM,9/26/2026 12:19:43 AM,10/3/2026 3:56:11 AM,11.00,0
7009836,AR-022881,Art item AR-022881,Art,Sold,ShopGoodwill,EMP-1004,66.83,1,9/17/2026 4:48:24 PM,9/17/2026 5:00:24 PM,10/3/2026 1:59:19 AM,63.00,0
7009837,EL-022882,Electronics item EL-022882,Electronics,Sold,ShopGoodwill,EMP-1003,51.21,1,9/27/2026 2:09:57 AM,9/27/2026 2:21:57 AM,10/3/2026 7:51:49 AM,44.00,0
7009838,CL-022883,Clothing item CL-022883,Clothing,Sold,ShopGoodwill,EMP-1006,32.66,1,9/25/2026 4:07:12 AM,9/25/2026 4:19:12 AM,10/3/2026 11:27:40 AM,31.00,0
7009839,CL-022884,Clothing item CL-022884,Clothing,Sold,ShopGoodwill,EMP-1001,9.10,1,9/23/2026 11:38:39 PM,9/23/2026 11:50:39 PM,10/3/2026 3:59:53 AM,9.00,0
7009840,TY-022885,Toys item TY-022885,Toys,Sold,ShopGoodwill,EMP-1004,16.07,1,9/25/2026 4:36:11 AM,9/25/2026 4:48:11 AM,10/3/2026 8:38:48 AM,14.00,0
7009841,AR-022886,Art item AR-022886,Art,Sold,ShopGoodwill,EMP-1004,17.40,1,9/30/2026 6:19:44 PM,9/30/2026 6:31:44 PM,10/3/2026 12:35:13 AM,15.00,0
7009842,JW-022887,Jewelry item JW-022887,Jewelry,Sold,ShopGoodwill,EMP-1003,67.11,1,9/26/2026 10:54:04 PM,9/26/2026 11:06:04 PM,10/3/2026 4:31:54 AM,60.00,0
7009843,EL-022888,Electronics item EL-022888,Electronics,Sold,ShopGoodwill,EMP-1001,23.52,1,9/28/2026 5:02:06 AM,9/28/2026 5:14:06 AM,10/3/2026 9:43:53 AM,22.00,0
7009844,HM-022889,Home Decor item HM-022889,Home Decor,Sold,ShopGoodwill,EMP-1003,27.94,1,9/28/2026 1:17:58 AM,9/28/2026 1:29:58 AM,10/3/2026 2:45:58 AM,27.00,0
7009845,JW-022890,Jewelry item JW-022890,Jewelry,Sold,ShopGoodwill,EMP-1003,36.24,1,9/28/2026 3:08:46 AM,9/28/2026 3:20:46 AM,10/3/2026 4:44:59 AM,36.00,0
7009846,EL-022891,Electronics item EL-022891,Electronics,Sold,ShopGoodwill,EMP-1004,61.09,1,9/17/2026 11:21:06 PM,9/17/2026 11:33:06 PM,10/3/2026 6:38:25 AM,57.00,0
7009847,HM-022892,Home Decor item HM-022892,Home Decor,Sold,ShopGoodwill,EMP-1005,47.01,1,9/29/2026 7:55:50 AM,9/29/2026 8:07:50 AM,10/3/2026 10:45:09 AM,47.00,0
7009848,CO-022893,Collectibles item CO-022893,Collectibles,Sold,ShopGoodwill,EMP-1002,66.07,1,9/28/2026 1:34:51 AM,9/28/2026 1:46:51 AM,10/3/2026 5:16:40 AM,62.00,0
7009849,WT-022894,Watches item WT-022894,Watches,Sold,ShopGoodwill,EMP-1004,41.14,1,9/26/2026 10:19:45 AM,9/26/2026 10:31:45 AM,10/3/2026 11:00:34 AM,38.00,0
7009850,CO-022895,Collectibles item CO-022895,Collectibles,Active,ShopGoodwill,EMP-1005,34.99,1,9/26/2026 7:30:59 PM,9/26/2026 7:42:59 PM,,,0
7009851,BK-022896,Books item BK-022896,Books,Sold,Amazon,EMP-1005,11.71,1,9/19/2026 2:33:21 PM,9/19/2026 2:45:21 PM,10/3/2026 12:42:14 AM,9.99,0
7009852,BK-022897,Books item BK-022897,Books,Sold,Amazon,EMP-1001,14.28,1,9/18/2026 1:55:50 AM,9/18/2026 2:07:50 AM,10/3/2026 5:43:09 AM,13.99,0
7009853,BK-022898,Books item BK-022898,Books,Sold,Amazon,EMP-1004,22.87,1,8/22/2026 3:00:38 AM,8/22/2026 3:12:38 AM,10/3/2026 5:57:12 AM,21.99,1
7009854,BK-022899,Books item BK-022899,Books,Sold,Amazon,EMP-1003,26.32,1,9/7/2026 4:35:38 AM,9/7/2026 4:47:38 AM,10/3/2026 9:35:19 AM,23.99,0
7009855,BK-022900,Books item BK-022900,Books,Sold,Amazon,EMP-1001,6.09,1,9/9/2026 6:16:17 AM,9/9/2026 6:28:17 AM,10/3/2026 7:19:10 AM,5.99,0
7009856,BK-022901,Books item BK-022901,Books,Sold,Amazon,EMP-1001,29.89,1,9/15/2026 11:39:35 PM,9/15/2026 11:51:35 PM,10/3/2026 9:11:41 AM,24.99,0
7009857,BK-022902,Books item BK-022902,Books,Sold,Amazon,EMP-1005,34.37,1,6/27/2026 4:36:24 AM,6/27/2026 4:48:24 AM,10/3/2026 11:01:29 AM,29.99,1
7009858,BK-022903,Books item BK-022903,Books,Sold,Amazon,EMP-1005,19.28,1,7/29/2026 12:18:24 AM,7/29/2026 12:30:24 AM,10/3/2026 8:49:21 AM,17.99,1
7009859,BK-022904,Books item BK-022904,Books,Sold,Amazon,EMP-1003,17.25,1,8/14/2026 11:07:32 PM,8/14/2026 11:19:32 PM,10/3/2026 6:12:33 AM,15.99,1
7009860,BK-022905,Books item BK-022905,Books,Sold,Amazon,EMP-1005,4.03,1,8/20/2026 12:30:21 AM,8/20/2026 12:42:21 AM,10/3/2026 5:29:16 AM,3.99,1
7009861,EL-022906,Electronics item EL-022906,Electronics,Sold,Amazon,EMP-1004,21.56,1,9/20/2026 1:25:11 AM,9/20/2026 1:37:11 AM,10/3/2026 8:02:41 AM,17.99,0
7009862,BK-022907,Books item BK-022907,Books,Sold,Amazon,EMP-1006,15.18,1,7/30/2026 4:52:54 PM,7/30/2026 5:04:54 PM,10/3/2026 2:01:22 AM,12.99,1
7009863,BK-022908,Books item BK-022908,Books,Sold,Amazon,EMP-1004,18.38,1,9/3/2026 9:06:04 PM,9/3/2026 9:18:04 PM,10/3/2026 6:52:57 AM,16.99,0
7009864,EL-022909,Electronics item EL-022909,Electronics,Sold,Amazon,EMP-1004,25.21,1,9/15/2026 9:27:47 PM,9/15/2026 9:39:47 PM,10/3/2026 7:13:42 AM,21.99,0
7009865,BK-022910,Books item BK-022910,Books,Sold,Amazon,EMP-1003,12.05,1,9/9/2026 1:02:49 AM,9/9/2026 1:14:49 AM,10/3/2026 4:06:53 AM,11.99,0
7009866,EL-022911,Electronics item EL-022911,Electronics,Sold,Amazon,EMP-1004,63.97,1,9/27/2026 2:54:52 AM,9/27/2026 3:06:52 AM,10/3/2026 9:46:12 AM,57.99,0
7009867,EL-022912,Electronics item EL-022912,Electronics,Sold,Amazon,EMP-1003,11.34,1,9/18/2026 4:58:59 PM,9/18/2026 5:10:59 PM,10/3/2026 12:04:17 AM,10.99,0
7009868,MD-022913,Media item MD-022913,Media,Sold,Amazon,EMP-1004,28.37,1,9/17/2026 8:38:58 PM,9/17/2026 8:50:58 PM,10/3/2026 6:28:12 AM,26.99,0
7009869,EL-022914,Electronics item EL-022914,Electronics,Sold,Amazon,EMP-1004,65.24,1,9/14/2026 4:39:53 AM,9/14/2026 4:51:53 AM,10/3/2026 7:14:20 AM,60.99,0
7009870,MD-022915,Media item MD-022915,Media,Sold,Amazon,EMP-1001,15.09,1,9/11/2026 11:13:01 PM,9/11/2026 11:25:01 PM,10/3/2026 1:25:23 AM,12.99,0
7009871,BK-022916,Books item BK-022916,Books,Sold,Amazon,EMP-1006,31.02,1,9/5/2026 12:28:20 AM,9/5/2026 12:40:20 AM,10/3/2026 4:21:42 AM,27.99,0
7009872,EL-022917,Electronics item EL-022917,Electronics,Sold,eBay,EMP-1005,10.02,1,9/26/2026 4:27:00 AM,9/26/2026 4:39:00 AM,10/3/2026 5:18:41 AM,9.99,0
7009873,EL-022918,Electronics item EL-022918,Electronics,Sold,eBay,EMP-1002,115.47,1,9/17/2026 10:55:00 AM,9/17/2026 11:07:00 AM,10/3/2026 11:14:51 AM,107.99,0
7009874,SH-022919,Shoes item SH-022919,Shoes,Sold,eBay,EMP-1003,22.27,1,9/9/2026 11:56:23 PM,9/10/2026 12:08:23 AM,10/3/2026 2:43:48 AM,21.99,0
7009875,CL-022920,Clothing item CL-022920,Clothing,Sold,eBay,EMP-1005,38.15,1,9/10/2026 10:17:51 PM,9/10/2026 10:29:51 PM,10/3/2026 3:59:31 AM,31.99,0
7009876,SH-022921,Shoes item SH-022921,Shoes,Sold,eBay,EMP-1006,44.66,1,9/15/2026 4:09:52 AM,9/15/2026 4:21:52 AM,10/3/2026 9:13:13 AM,38.99,0
7009877,HB-022922,Handbags item HB-022922,Handbags,Sold,eBay,EMP-1005,26.84,1,9/15/2026 1:37:03 AM,9/15/2026 1:49:03 AM,10/3/2026 11:01:19 AM,23.99,0
7009878,CO-022923,Collectibles item CO-022923,Collectibles,Sold,eBay,EMP-1001,18.41,1,9/6/2026 1:10:12 AM,9/6/2026 1:22:12 AM,10/3/2026 9:43:40 AM,17.99,0
7009879,KT-022924,Kitchen item KT-022924,Kitchen,Sold,eBay,EMP-1005,12.73,1,9/3/2026 3:11:55 AM,9/3/2026 3:23:55 AM,10/3/2026 9:39:35 AM,10.99,0
7009880,KT-022925,Kitchen item KT-022925,Kitchen,Sold,eBay,EMP-1006,29.97,1,9/3/2026 3:31:14 AM,9/3/2026 3:43:14 AM,10/3/2026 5:58:53 AM,24.99,0
7009881,EL-022926,Electronics item EL-022926,Electronics,Sold,eBay,EMP-1004,62.12,1,7/24/2026 1:54:36 AM,7/24/2026 2:06:36 AM,10/3/2026 9:21:54 AM,51.99,1
7009882,HB-022927,Handbags item HB-022927,Handbags,Sold,eBay,EMP-1006,10.40,1,9/11/2026 12:11:49 AM,9/11/2026 12:23:49 AM,10/3/2026 1:09:14 AM,8.99,0
7009883,KT-022928,Kitchen item KT-022928,Kitchen,Sold,eBay,EMP-1003,39.26,1,9/25/2026 12:38:02 AM,9/25/2026 12:50:02 AM,10/3/2026 1:48:11 AM,33.99,0
7009884,SG-022929,Sporting Goods item SG-022929,Sporting Goods,Sold,eBay,EMP-1006,44.33,1,9/12/2026 9:40:34 PM,9/12/2026 9:52:34 PM,10/3/2026 6:06:25 AM,37.99,0
7009885,KT-022930,Kitchen item KT-022930,Kitchen,Sold,eBay,EMP-1001,17.06,1,9/19/2026 8:12:48 PM,9/19/2026 8:24:48 PM,10/3/2026 1:54:24 AM,16.99,0
7009886,KT-022931,Kitchen item KT-022931,Kitchen,Sold,eBay,EMP-1005,50.66,1,9/9/2026 11:36:08 PM,9/9/2026 11:48:08 PM,10/3/2026 8:39:01 AM,45.99,0
7009887,EL-022932,Electronics item EL-022932,Electronics,Sold,eBay,EMP-1002,100.23,1,9/14/2026 3:46:13 AM,9/14/2026 3:58:13 AM,10/3/2026 11:05:58 AM,94.99,0
7009888,KT-022933,Kitchen item KT-022933,Kitchen,Sold,eBay,EMP-1004,14.70,1,9/16/2026 11:42:50 PM,9/16/2026 11:54:50 PM,10/3/2026 5:48:06 AM,12.99,0
7009889,KT-022934,Kitchen item KT-022934,Kitchen,Sold,Facebook Marketplace,EMP-1006,31.25,1,9/18/2026 7:54:26 PM,9/18/2026 8:06:26 PM,10/3/2026 2:55:15 AM,28.99,0
7009890,HM-022935,Home Decor item HM-022935,Home Decor,Sold,Mercari,EMP-1001,20.54,1,9/22/2026 6:48:04 AM,9/22/2026 7:00:04 AM,10/3/2026 9:15:44 AM,18.99,0
7009891,HM-022936,Home Decor item HM-022936,Home Decor,Sold,Facebook Marketplace,EMP-1001,28.65,1,9/22/2026 4:13:06 AM,9/22/2026 4:25:06 AM,10/3/2026 6:25:59 AM,26.99,0
7009892,SH-022937,Shoes item SH-022937,Shoes,Sold,Mercari,EMP-1001,22.76,1,9/22/2026 10:15:50 AM,9/22/2026 10:27:50 AM,10/3/2026 11:11:20 AM,19.99,0
7009893,CL-022938,Clothing item CL-022938,Clothing,Sold,Mercari,EMP-1004,37.57,1,9/20/2026 5:18:36 AM,9/20/2026 5:30:36 AM,10/3/2026 6:00:57 AM,32.99,0
7009894,BK-022939,Books item BK-022939,Books,Sold,GoodwillBooks,EMP-1006,24.24,1,9/30/2026 12:32:18 AM,9/30/2026 12:44:18 AM,10/3/2026 5:40:44 AM,22.99,0
7009895,BK-022940,Books item BK-022940,Books,Sold,GoodwillBooks,EMP-1003,39.70,1,9/17/2026 5:46:10 AM,9/17/2026 5:58:10 AM,10/3/2026 10:14:57 AM,35.99,0
7009896,MD-022941,Media item MD-022941,Media,Sold,GoodwillBooks,EMP-1005,45.39,1,9/22/2026 4:26:45 PM,9/22/2026 4:38:45 PM,10/3/2026 2:23:40 AM,37.99,0
7009897,BK-022942,Books item BK-022942,Books,Sold,GoodwillBooks,EMP-1005,8.83,1,9/18/2026 12:18:20 AM,9/18/2026 12:30:20 AM,10/3/2026 6:56:09 AM,7.99,0
7009898,BK-022943,Books item BK-022943,Books,Sold,GoodwillBooks,EMP-1004,18.64,1,9/7/2026 6:22:11 AM,9/7/2026 6:34:11 AM,10/3/2026 9:21:27 AM,15.99,0
7009899,BK-022944,Books item BK-022944,Books,Sold,GoodwillBooks,EMP-1002,19.30,1,9/11/2026 12:53:14 AM,9/11/2026 1:05:14 AM,10/3/2026 1:51:33 AM,17.99,0
7009900,BK-022945,Books item BK-022945,Books,Sold,GoodwillBooks,EMP-1006,26.76,1,9/16/2026 5:36:42 AM,9/16/2026 5:48:42 AM,10/3/2026 11:26:17 AM,23.99,0
7009901,UL-000001,Home Decor item UL-000001,Home Decor,Active,ShopGoodwill,EMP-1001,5.99,1,5/1/2026 11:53:15 AM,5/1/2026 12:05:15 PM,,,5
7009902,UL-000002,Clothing item UL-000002,Clothing,Active,Amazon,EMP-1002,19.99,1,5/1/2026 10:13:49 AM,5/1/2026 10:25:49 AM,,,5
7009903,UL-000003,Books item UL-000003,Books,Active,eBay,EMP-1004,16.99,1,5/1/2026 1:50:44 PM,5/1/2026 2:02:44 PM,,,5
7009904,UL-000004,Home Decor item UL-000004,Home Decor,Active,ShopGoodwill,EMP-1001,39.99,1,5/1/2026 9:05:11 AM,5/1/2026 9:17:11 AM,,,5
7009905,UL-000005,Books item UL-000005,Books,Active,eBay,EMP-1001,19.99,1,5/2/2026 2:26:35 PM,5/2/2026 2:38:35 PM,,,5
7009906,UL-000006,Clothing item UL-000006,Clothing,Active,Amazon,EMP-1002,11.99,1,5/3/2026 12:56:18 PM,5/3/2026 1:08:18 PM,,,5
7009907,UL-000007,Jewelry item UL-000007,Jewelry,Active,Amazon,EMP-1003,10.99,1,5/3/2026 5:08:57 PM,5/3/2026 5:20:57 PM,,,5
7009908,UL-000008,Collectibles item UL-000008,Collectibles,Active,ShopGoodwill,EMP-1006,30.99,1,5/3/2026 2:32:20 PM,5/3/2026 2:44:20 PM,,,5
7009909,UL-000009,Clothing item UL-000009,Clothing,Active,Amazon,EMP-1003,52.99,1,5/5/2026 5:09:41 PM,5/5/2026 5:21:41 PM,,,5
7009910,UL-000010,Media item UL-000010,Media,Active,ShopGoodwill,EMP-1002,36.99,1,5/5/2026 10:25:52 AM,5/5/2026 10:37:52 AM,,,5
7009911,UL-000011,Media item UL-000011,Media,Active,Amazon,EMP-1004,36.99,1,5/5/2026 12:34:11 PM,5/5/2026 12:46:11 PM,,,5
7009912,UL-000012,Shoes item UL-000012,Shoes,Active,ShopGoodwill,EMP-1004,23.99,1,5/6/2026 2:34:03 PM,5/6/2026 2:46:03 PM,,,5
7009913,UL-000013,Books item UL-000013,Books,Active,Amazon,EMP-1002,45.99,1,5/6/2026 11:35:44 AM,5/6/2026 11:47:44 AM,,,5
7009914,UL-000014,Home Decor item UL-000014,Home Decor,Active,ShopGoodwill,EMP-1004,60.99,1,5/6/2026 1:31:51 PM,5/6/2026 1:43:51 PM,,,5
7009915,UL-000015,Books item UL-000015,Books,Active,ShopGoodwill,EMP-1006,52.99,1,5/7/2026 12:01:52 PM,5/7/2026 12:13:52 PM,,,4
7009916,UL-000016,Clothing item UL-000016,Clothing,Active,ShopGoodwill,EMP-1002,42.99,1,5/7/2026 1:57:50 PM,5/7/2026 2:09:50 PM,,,4
7009917,UL-000017,Collectibles item UL-000017,Collectibles,Active,ShopGoodwill,EMP-1003,59.99,1,5/7/2026 12:56:40 PM,5/7/2026 1:08:40 PM,,,4
7009918,UL-000018,Shoes item UL-000018,Shoes,Active,eBay,EMP-1003,23.99,1,5/7/2026 3:21:55 PM,5/7/2026 3:33:55 PM,,,4
7009919,UL-000019,Electronics item UL-000019,Electronics,Active,ShopGoodwill,EMP-1006,37.99,1,5/8/2026 10:19:03 AM,5/8/2026 10:31:03 AM,,,4
7009920,UL-000020,Collectibles item UL-000020,Collectibles,Active,ShopGoodwill,EMP-1001,20.99,1,5/9/2026 1:44:06 PM,5/9/2026 1:56:06 PM,,,4
7009921,UL-000021,Books item UL-000021,Books,Active,ShopGoodwill,EMP-1002,57.99,1,5/9/2026 1:33:40 PM,5/9/2026 1:45:40 PM,,,4
7009922,UL-000022,Clothing item UL-000022,Clothing,Active,Mercari,EMP-1003,20.99,1,5/9/2026 5:24:09 PM,5/9/2026 5:36:09 PM,,,4
7009923,UL-000023,Clothing item UL-000023,Clothing,Active,eBay,EMP-1002,57.99,1,5/9/2026 3:41:44 PM,5/9/2026 3:53:44 PM,,,4
7009924,UL-000024,Sporting Goods item UL-000024,Sporting Goods,Active,ShopGoodwill,EMP-1004,92.99,1,5/9/2026 4:03:10 PM,5/9/2026 4:15:10 PM,,,4
7009925,UL-000025,Media item UL-000025,Media,Active,ShopGoodwill,EMP-1005,31.99,1,5/10/2026 9:11:50 AM,5/10/2026 9:23:50 AM,,,4
7009926,UL-000026,Home Decor item UL-000026,Home Decor,Active,eBay,EMP-1005,25.99,1,5/10/2026 11:44:11 AM,5/10/2026 11:56:11 AM,,,4
7009927,UL-000027,Books item UL-000027,Books,Active,ShopGoodwill,EMP-1003,10.99,1,5/10/2026 1:21:44 PM,5/10/2026 1:33:44 PM,,,4
7009928,UL-000028,Books item UL-000028,Books,Active,Amazon,EMP-1002,40.99,1,5/12/2026 5:30:34 PM,5/12/2026 5:42:34 PM,,,4
7009929,UL-000029,Books item UL-000029,Books,Active,Amazon,EMP-1004,23.99,1,5/12/2026 12:11:01 PM,5/12/2026 12:23:01 PM,,,4
7009930,UL-000030,Books item UL-000030,Books,Active,ShopGoodwill,EMP-1001,60.99,1,5/12/2026 3:39:11 PM,5/12/2026 3:51:11 PM,,,4
7009931,UL-000031,Home Decor item UL-000031,Home Decor,Active,ShopGoodwill,EMP-1005,48.99,1,5/12/2026 2:53:33 PM,5/12/2026 3:05:33 PM,,,4
7009932,UL-000032,Books item UL-000032,Books,Active,ShopGoodwill,EMP-1006,32.99,1,5/12/2026 9:22:57 AM,5/12/2026 9:34:57 AM,,,4
7009933,UL-000033,Books item UL-000033,Books,Active,ShopGoodwill,EMP-1004,26.99,1,5/12/2026 12:20:15 PM,5/12/2026 12:32:15 PM,,,4
7009934,UL-000034,Collectibles item UL-000034,Collectibles,Active,ShopGoodwill,EMP-1003,20.99,1,5/12/2026 12:54:24 PM,5/12/2026 1:06:24 PM,,,4
7009935,UL-000035,Media item UL-000035,Media,Active,Amazon,EMP-1005,11.99,1,5/13/2026 12:38:57 PM,5/13/2026 12:50:57 PM,,,4
7009936,UL-000036,Electronics item UL-000036,Electronics,Active,ShopGoodwill,EMP-1001,8.99,1,5/13/2026 11:54:14 AM,5/13/2026 12:06:14 PM,,,4
7009937,UL-000037,Clothing item UL-000037,Clothing,Active,Amazon,EMP-1002,31.99,1,5/13/2026 5:34:54 PM,5/13/2026 5:46:54 PM,,,4
7009938,UL-000038,Clothing item UL-000038,Clothing,Active,ShopGoodwill,EMP-1004,21.99,1,5/13/2026 9:03:41 AM,5/13/2026 9:15:41 AM,,,4
7009939,UL-000039,Media item UL-000039,Media,Active,eBay,EMP-1002,30.99,1,5/13/2026 3:47:05 PM,5/13/2026 3:59:05 PM,,,4
7009940,UL-000040,Books item UL-000040,Books,Active,eBay,EMP-1006,40.99,1,5/13/2026 12:14:09 PM,5/13/2026 12:26:09 PM,,,4
7009941,UL-000041,Electronics item UL-000041,Electronics,Active,eBay,EMP-1003,28.99,1,5/14/2026 11:59:38 AM,5/14/2026 12:11:38 PM,,,4
7009942,UL-000042,Clothing item UL-000042,Clothing,Active,ShopGoodwill,EMP-1001,47.99,1,5/14/2026 3:46:29 PM,5/14/2026 3:58:29 PM,,,4
7009943,UL-000043,Collectibles item UL-000043,Collectibles,Active,Amazon,EMP-1002,10.99,1,5/14/2026 11:41:53 AM,5/14/2026 11:53:53 AM,,,4
7009944,UL-000044,Books item UL-000044,Books,Active,ShopGoodwill,EMP-1006,18.99,1,5/14/2026 5:38:53 PM,5/14/2026 5:50:53 PM,,,4
7009945,UL-000045,Media item UL-000045,Media,Active,Amazon,EMP-1005,21.99,1,5/15/2026 12:06:47 PM,5/15/2026 12:18:47 PM,,,4
7009946,UL-000046,Books item UL-000046,Books,Active,Amazon,EMP-1002,15.99,1,5/15/2026 5:35:52 PM,5/15/2026 5:47:52 PM,,,4
7009947,UL-000047,Collectibles item UL-000047,Collectibles,Active,Amazon,EMP-1005,47.99,1,5/15/2026 12:05:59 PM,5/15/2026 12:17:59 PM,,,4
7009948,UL-000048,Books item UL-000048,Books,Active,ShopGoodwill,EMP-1004,9.99,1,5/15/2026 8:20:19 AM,5/15/2026 8:32:19 AM,,,4
7009949,UL-000049,Collectibles item UL-000049,Collectibles,Active,Amazon,EMP-1003,14.99,1,5/15/2026 1:57:59 PM,5/15/2026 2:09:59 PM,,,4
7009950,UL-000050,Collectibles item UL-000050,Collectibles,Active,Amazon,EMP-1002,14.99,1,5/15/2026 3:50:35 PM,5/15/2026 4:02:35 PM,,,4
7009951,UL-000051,Electronics item UL-000051,Electronics,Active,ShopGoodwill,EMP-1005,65.99,1,5/16/2026 2:54:02 PM,5/16/2026 3:06:02 PM,,,4
7009952,UL-000052,Media item UL-000052,Media,Active,Amazon,EMP-1001,44.99,1,5/16/2026 9:33:32 AM,5/16/2026 9:45:32 AM,,,4
7009953,UL-000053,Media item UL-000053,Media,Active,Amazon,EMP-1005,27.99,1,5/16/2026 7:48:18 AM,5/16/2026 8:00:18 AM,,,4
7009954,UL-000054,Collectibles item UL-000054,Collectibles,Active,eBay,EMP-1001,36.99,1,5/17/2026 4:26:11 PM,5/17/2026 4:38:11 PM,,,4
7009955,UL-000055,Books item UL-000055,Books,Active,ShopGoodwill,EMP-1001,14.99,1,5/17/2026 3:47:08 PM,5/17/2026 3:59:08 PM,,,4
7009956,UL-000056,Collectibles item UL-000056,Collectibles,Active,Amazon,EMP-1002,31.99,1,5/17/2026 12:44:19 PM,5/17/2026 12:56:19 PM,,,4
7009957,UL-000057,Jewelry item UL-000057,Jewelry,Active,ShopGoodwill,EMP-1001,35.99,1,5/17/2026 8:46:51 AM,5/17/2026 8:58:51 AM,,,4
7009958,UL-000058,Clothing item UL-000058,Clothing,Active,ShopGoodwill,EMP-1006,21.99,1,5/17/2026 3:09:20 PM,5/17/2026 3:21:20 PM,,,4
7009959,UL-000059,Books item UL-000059,Books,Active,eBay,EMP-1004,12.99,1,5/17/2026 1:10:52 PM,5/17/2026 1:22:52 PM,,,4
7009960,UL-000060,Books item UL-000060,Books,Active,ShopGoodwill,EMP-1004,32.99,1,5/18/2026 11:34:12 AM,5/18/2026 11:46:12 AM,,,4
7009961,UL-000061,Shoes item UL-000061,Shoes,Active,eBay,EMP-1005,30.99,1,5/18/2026 5:06:24 PM,5/18/2026 5:18:24 PM,,,4
7009962,UL-000062,Books item UL-000062,Books,Active,eBay,EMP-1003,8.99,1,5/18/2026 1:32:20 PM,5/18/2026 1:44:20 PM,,,4
7009963,UL-000063,Electronics item UL-000063,Electronics,Active,ShopGoodwill,EMP-1006,28.99,1,5/18/2026 9:33:48 AM,5/18/2026 9:45:48 AM,,,4
7009964,UL-000064,Kitchen item UL-000064,Kitchen,Active,eBay,EMP-1002,35.99,1,5/19/2026 4:08:04 PM,5/19/2026 4:20:04 PM,,,4
7009965,UL-000065,Clothing item UL-000065,Clothing,Active,Amazon,EMP-1001,137.99,1,5/19/2026 4:56:05 PM,5/19/2026 5:08:05 PM,,,4
7009966,UL-000066,Collectibles item UL-000066,Collectibles,Active,Amazon,EMP-1002,16.99,1,5/19/2026 11:00:53 AM,5/19/2026 11:12:53 AM,,,4
7009967,UL-000067,Home Decor item UL-000067,Home Decor,Active,Amazon,EMP-1001,16.99,1,5/19/2026 10:19:00 AM,5/19/2026 10:31:00 AM,,,4
7009968,UL-000068,Collectibles item UL-000068,Collectibles,Active,Amazon,EMP-1002,6.99,1,5/20/2026 9:04:37 AM,5/20/2026 9:16:37 AM,,,4
7009969,UL-000069,Watches item UL-000069,Watches,Active,ShopGoodwill,EMP-1001,19.99,1,5/20/2026 5:05:01 PM,5/20/2026 5:17:01 PM,,,4
7009970,UL-000070,Jewelry item UL-000070,Jewelry,Active,Mercari,EMP-1006,28.99,1,5/20/2026 11:18:45 AM,5/20/2026 11:30:45 AM,,,4
7009971,UL-000071,Books item UL-000071,Books,Active,ShopGoodwill,EMP-1001,22.99,1,5/20/2026 4:00:44 PM,5/20/2026 4:12:44 PM,,,4
7009972,UL-000072,Books item UL-000072,Books,Active,ShopGoodwill,EMP-1005,29.99,1,5/20/2026 5:20:54 PM,5/20/2026 5:32:54 PM,,,4
7009973,UL-000073,Clothing item UL-000073,Clothing,Active,Mercari,EMP-1001,22.99,1,5/20/2026 8:22:35 AM,5/20/2026 8:34:35 AM,,,4
7009974,UL-000074,Electronics item UL-000074,Electronics,Active,ShopGoodwill,EMP-1002,9.99,1,5/21/2026 4:18:07 PM,5/21/2026 4:30:07 PM,,,4
7009975,UL-000075,Collectibles item UL-000075,Collectibles,Active,eBay,EMP-1004,91.99,1,5/21/2026 12:00:55 PM,5/21/2026 12:12:55 PM,,,4
7009976,UL-000076,Books item UL-000076,Books,Active,ShopGoodwill,EMP-1006,95.99,1,5/21/2026 11:23:17 AM,5/21/2026 11:35:17 AM,,,4
7009977,UL-000077,Shoes item UL-000077,Shoes,Active,Amazon,EMP-1006,36.99,1,5/21/2026 3:05:27 PM,5/21/2026 3:17:27 PM,,,4
7009978,UL-000078,Clothing item UL-000078,Clothing,Active,ShopGoodwill,EMP-1002,13.99,1,5/21/2026 12:20:07 PM,5/21/2026 12:32:07 PM,,,4
7009979,UL-000079,Clothing item UL-000079,Clothing,Active,ShopGoodwill,EMP-1002,66.99,1,5/21/2026 4:31:42 PM,5/21/2026 4:43:42 PM,,,4
7009980,UL-000080,Handbags item UL-000080,Handbags,Active,eBay,EMP-1001,21.99,1,5/21/2026 11:57:43 AM,5/21/2026 12:09:43 PM,,,4
7009981,UL-000081,Books item UL-000081,Books,Active,Amazon,EMP-1006,10.99,1,5/21/2026 10:36:29 AM,5/21/2026 10:48:29 AM,,,4
7009982,UL-000082,Clothing item UL-000082,Clothing,Active,ShopGoodwill,EMP-1002,25.99,1,5/22/2026 12:16:29 PM,5/22/2026 12:28:29 PM,,,4
7009983,UL-000083,Home Decor item UL-000083,Home Decor,Active,Amazon,EMP-1004,25.99,1,5/22/2026 1:13:38 PM,5/22/2026 1:25:38 PM,,,4
7009984,UL-000084,Jewelry item UL-000084,Jewelry,Active,eBay,EMP-1006,31.99,1,5/22/2026 8:13:12 AM,5/22/2026 8:25:12 AM,,,4
7009985,UL-000085,Jewelry item UL-000085,Jewelry,Active,ShopGoodwill,EMP-1005,17.99,1,5/23/2026 12:17:04 PM,5/23/2026 12:29:04 PM,,,4
7009986,UL-000086,Books item UL-000086,Books,Active,ShopGoodwill,EMP-1003,14.99,1,5/23/2026 9:55:11 AM,5/23/2026 10:07:11 AM,,,4
7009987,UL-000087,Books item UL-000087,Books,Active,eBay,EMP-1003,16.99,1,5/23/2026 8:36:09 AM,5/23/2026 8:48:09 AM,,,4
7009988,UL-000088,Books item UL-000088,Books,Active,ShopGoodwill,EMP-1004,15.99,1,5/23/2026 8:46:55 AM,5/23/2026 8:58:55 AM,,,4
7009989,UL-000089,Clothing item UL-000089,Clothing,Active,Mercari,EMP-1004,26.99,1,5/23/2026 3:29:56 PM,5/23/2026 3:41:56 PM,,,4
7009990,UL-000090,Media item UL-000090,Media,Active,ShopGoodwill,EMP-1001,5.99,1,5/24/2026 1:49:07 PM,5/24/2026 2:01:07 PM,,,4
7009991,UL-000091,Books item UL-000091,Books,Active,Amazon,EMP-1002,11.99,1,5/24/2026 1:25:04 PM,5/24/2026 1:37:04 PM,,,4
7009992,UL-000092,Collectibles item UL-000092,Collectibles,Active,ShopGoodwill,EMP-1006,30.99,1,5/24/2026 11:32:23 AM,5/24/2026 11:44:23 AM,,,4
7009993,UL-000093,Toys item UL-000093,Toys,Active,ShopGoodwill,EMP-1002,16.99,1,5/24/2026 9:11:35 AM,5/24/2026 9:23:35 AM,,,4
7009994,UL-000094,Electronics item UL-000094,Electronics,Active,eBay,EMP-1001,21.99,1,5/25/2026 11:55:28 AM,5/25/2026 12:07:28 PM,,,4
7009995,UL-000095,Toys item UL-000095,Toys,Active,Amazon,EMP-1004,18.99,1,5/25/2026 5:19:20 PM,5/25/2026 5:31:20 PM,,,4
7009996,UL-000096,Shoes item UL-000096,Shoes,Active,ShopGoodwill,EMP-1005,13.99,1,5/25/2026 5:22:02 PM,5/25/2026 5:34:02 PM,,,4
7009997,UL-000097,Clothing item UL-000097,Clothing,Active,ShopGoodwill,EMP-1001,38.99,1,5/26/2026 2:21:30 PM,5/26/2026 2:33:30 PM,,,4
7009998,UL-000098,Clothing item UL-000098,Clothing,Active,ShopGoodwill,EMP-1002,27.99,1,5/26/2026 1:57:22 PM,5/26/2026 2:09:22 PM,,,4
7009999,UL-000099,Collectibles item UL-000099,Collectibles,Active,ShopGoodwill,EMP-1003,17.99,1,5/26/2026 4:20:38 PM,5/26/2026 4:32:38 PM,,,4
7010000,UL-000100,Jewelry item UL-000100,Jewelry,Active,Amazon,EMP-1005,33.99,1,5/26/2026 8:35:14 AM,5/26/2026 8:47:14 AM,,,4
7010001,UL-000101,Collectibles item UL-000101,Collectibles,Active,eBay,EMP-1005,31.99,1,5/27/2026 5:16:15 PM,5/27/2026 5:28:15 PM,,,4
7010002,UL-000102,Books item UL-000102,Books,Active,eBay,EMP-1003,20.99,1,5/27/2026 12:23:21 PM,5/27/2026 12:35:21 PM,,,4
7010003,UL-000103,Sporting Goods item UL-000103,Sporting Goods,Active,Mercari,EMP-1004,10.99,1,5/27/2026 1:19:42 PM,5/27/2026 1:31:42 PM,,,4
7010004,UL-000104,Home Decor item UL-000104,Home Decor,Active,Mercari,EMP-1006,30.99,1,5/27/2026 4:19:00 PM,5/27/2026 4:31:00 PM,,,4
7010005,UL-000105,Clothing item UL-000105,Clothing,Active,ShopGoodwill,EMP-1003,57.99,1,5/27/2026 8:52:29 AM,5/27/2026 9:04:29 AM,,,4
7010006,UL-000106,Media item UL-000106,Media,Active,Amazon,EMP-1003,112.99,1,5/28/2026 2:09:47 PM,5/28/2026 2:21:47 PM,,,4
7010007,UL-000107,Books item UL-000107,Books,Active,ShopGoodwill,EMP-1006,32.99,1,5/28/2026 9:39:47 AM,5/28/2026 9:51:47 AM,,,4
7010008,UL-000108,Books item UL-000108,Books,Active,eBay,EMP-1006,19.99,1,5/28/2026 2:44:31 PM,5/28/2026 2:56:31 PM,,,4
7010009,UL-000109,Electronics item UL-000109,Electronics,Active,Amazon,EMP-1002,16.99,1,5/28/2026 1:48:06 PM,5/28/2026 2:00:06 PM,,,4
7010010,UL-000110,Books item UL-000110,Books,Active,eBay,EMP-1002,14.99,1,5/28/2026 11:24:43 AM,5/28/2026 11:36:43 AM,,,4
7010011,UL-000111,Collectibles item UL-000111,Collectibles,Active,Mercari,EMP-1005,49.99,1,5/28/2026 1:34:30 PM,5/28/2026 1:46:30 PM,,,4
7010012,UL-000112,Clothing item UL-000112,Clothing,Active,Mercari,EMP-1003,14.99,1,5/29/2026 1:45:16 PM,5/29/2026 1:57:16 PM,,,4
7010013,UL-000113,Books item UL-000113,Books,Active,ShopGoodwill,EMP-1001,16.99,1,5/29/2026 2:15:24 PM,5/29/2026 2:27:24 PM,,,4
7010014,UL-000114,Jewelry item UL-000114,Jewelry,Active,ShopGoodwill,EMP-1002,32.99,1,5/29/2026 3:32:15 PM,5/29/2026 3:44:15 PM,,,4
7010015,UL-000115,Books item UL-000115,Books,Active,ShopGoodwill,EMP-1001,22.99,1,5/30/2026 5:10:29 PM,5/30/2026 5:22:29 PM,,,4
7010016,UL-000116,Sporting Goods item UL-000116,Sporting Goods,Active,Amazon,EMP-1004,18.99,1,5/30/2026 8:35:16 AM,5/30/2026 8:47:16 AM,,,4
7010017,UL-000117,Books item UL-000117,Books,Active,Mercari,EMP-1003,45.99,1,5/30/2026 3:36:46 PM,5/30/2026 3:48:46 PM,,,4
7010018,UL-000118,Books item UL-000118,Books,Active,Amazon,EMP-1006,54.99,1,5/30/2026 3:37:19 PM,5/30/2026 3:49:19 PM,,,4
7010019,UL-000119,Media item UL-000119,Media,Active,ShopGoodwill,EMP-1004,83.99,1,5/30/2026 5:25:13 PM,5/30/2026 5:37:13 PM,,,4
7010020,UL-000120,Books item UL-000120,Books,Active,Amazon,EMP-1005,25.99,1,5/30/2026 10:44:39 AM,5/30/2026 10:56:39 AM,,,4
7010021,UL-000121,Collectibles item UL-000121,Collectibles,Active,Amazon,EMP-1005,31.99,1,5/30/2026 4:53:47 PM,5/30/2026 5:05:47 PM,,,4
7010022,UL-000122,Home Decor item UL-000122,Home Decor,Active,Amazon,EMP-1006,33.99,1,5/30/2026 10:45:01 AM,5/30/2026 10:57:01 AM,,,4
7010023,UL-000123,Collectibles item UL-000123,Collectibles,Active,Mercari,EMP-1002,40.99,1,5/31/2026 8:53:20 AM,5/31/2026 9:05:20 AM,,,4
7010024,UL-000124,Books item UL-000124,Books,Active,ShopGoodwill,EMP-1002,34.99,1,5/31/2026 9:14:12 AM,5/31/2026 9:26:12 AM,,,4
7010025,UL-000125,Collectibles item UL-000125,Collectibles,Active,ShopGoodwill,EMP-1002,50.99,1,5/31/2026 7:50:13 AM,5/31/2026 8:02:13 AM,,,4
7010026,UL-000126,Toys item UL-000126,Toys,Active,ShopGoodwill,EMP-1005,24.99,1,5/31/2026 5:25:08 PM,5/31/2026 5:37:08 PM,,,4
7010027,UL-000127,Shoes item UL-000127,Shoes,Active,ShopGoodwill,EMP-1006,26.99,1,5/31/2026 5:27:21 PM,5/31/2026 5:39:21 PM,,,4
7010028,UL-000128,Books item UL-000128,Books,Active,Mercari,EMP-1005,21.99,1,6/1/2026 7:57:15 AM,6/1/2026 8:09:15 AM,,,4
7010029,UL-000129,Sporting Goods item UL-000129,Sporting Goods,Active,ShopGoodwill,EMP-1006,15.99,1,6/1/2026 9:22:57 AM,6/1/2026 9:34:57 AM,,,4
7010030,UL-000130,Electronics item UL-000130,Electronics,Active,Mercari,EMP-1003,21.99,1,6/1/2026 5:44:08 PM,6/1/2026 5:56:08 PM,,,4
7010031,UL-000131,Home Decor item UL-000131,Home Decor,Active,Amazon,EMP-1004,63.99,1,6/2/2026 12:02:41 PM,6/2/2026 12:14:41 PM,,,4
7010032,UL-000132,Art item UL-000132,Art,Active,ShopGoodwill,EMP-1004,19.99,1,6/2/2026 4:02:51 PM,6/2/2026 4:14:51 PM,,,4
7010033,UL-000133,Books item UL-000133,Books,Active,ShopGoodwill,EMP-1006,48.99,1,6/2/2026 8:53:19 AM,6/2/2026 9:05:19 AM,,,4
7010034,UL-000134,Kitchen item UL-000134,Kitchen,Active,Mercari,EMP-1003,18.99,1,6/2/2026 9:47:17 AM,6/2/2026 9:59:17 AM,,,4
7010035,UL-000135,Kitchen item UL-000135,Kitchen,Active,eBay,EMP-1005,26.99,1,6/2/2026 12:35:08 PM,6/2/2026 12:47:08 PM,,,4
7010036,UL-000136,Clothing item UL-000136,Clothing,Active,ShopGoodwill,EMP-1006,19.99,1,6/2/2026 10:09:18 AM,6/2/2026 10:21:18 AM,,,4
7010037,UL-000137,Clothing item UL-000137,Clothing,Active,eBay,EMP-1003,40.99,1,6/2/2026 11:57:18 AM,6/2/2026 12:09:18 PM,,,4
7010038,UL-000138,Electronics item UL-000138,Electronics,Active,eBay,EMP-1006,8.99,1,6/2/2026 4:00:48 PM,6/2/2026 4:12:48 PM,,,4
7010039,UL-000139,Electronics item UL-000139,Electronics,Active,Amazon,EMP-1003,73.99,1,6/2/2026 4:37:17 PM,6/2/2026 4:49:17 PM,,,4
7010040,UL-000140,Home Decor item UL-000140,Home Decor,Active,eBay,EMP-1004,7.99,1,6/3/2026 1:49:32 PM,6/3/2026 2:01:32 PM,,,4
7010041,UL-000141,Clothing item UL-000141,Clothing,Active,ShopGoodwill,EMP-1005,32.99,1,6/3/2026 9:21:49 AM,6/3/2026 9:33:49 AM,,,4
7010042,UL-000142,Jewelry item UL-000142,Jewelry,Active,ShopGoodwill,EMP-1006,31.99,1,6/3/2026 4:46:18 PM,6/3/2026 4:58:18 PM,,,4
7010043,UL-000143,Art item UL-000143,Art,Active,eBay,EMP-1005,68.99,1,6/3/2026 2:53:22 PM,6/3/2026 3:05:22 PM,,,4
7010044,UL-000144,Clothing item UL-000144,Clothing,Active,ShopGoodwill,EMP-1006,21.99,1,6/3/2026 11:22:10 AM,6/3/2026 11:34:10 AM,,,4
7010045,UL-000145,Clothing item UL-000145,Clothing,Active,Mercari,EMP-1005,30.99,1,6/3/2026 8:00:40 AM,6/3/2026 8:12:40 AM,,,4
7010046,UL-000146,Kitchen item UL-000146,Kitchen,Active,Amazon,EMP-1005,9.99,1,6/3/2026 1:51:43 PM,6/3/2026 2:03:43 PM,,,4
7010047,UL-000147,Books item UL-000147,Books,Active,ShopGoodwill,EMP-1002,33.99,1,6/3/2026 8:33:13 AM,6/3/2026 8:45:13 AM,,,4
7010048,UL-000148,Media item UL-000148,Media,Active,eBay,EMP-1002,32.99,1,6/3/2026 5:22:15 PM,6/3/2026 5:34:15 PM,,,4
7010049,UL-000149,Collectibles item UL-000149,Collectibles,Active,eBay,EMP-1006,41.99,1,6/3/2026 4:23:05 PM,6/3/2026 4:35:05 PM,,,4
7010050,UL-000150,Books item UL-000150,Books,Active,ShopGoodwill,EMP-1004,40.99,1,6/3/2026 3:02:27 PM,6/3/2026 3:14:27 PM,,,4
7010051,UL-000151,Books item UL-000151,Books,Active,Amazon,EMP-1003,20.99,1,6/4/2026 10:20:18 AM,6/4/2026 10:32:18 AM,,,4
7010052,UL-000152,Jewelry item UL-000152,Jewelry,Active,Amazon,EMP-1006,27.99,1,6/4/2026 8:09:32 AM,6/4/2026 8:21:32 AM,,,4
7010053,UL-000153,Books item UL-000153,Books,Active,ShopGoodwill,EMP-1003,35.99,1,6/4/2026 4:00:21 PM,6/4/2026 4:12:21 PM,,,4
7010054,UL-000154,Electronics item UL-000154,Electronics,Active,eBay,EMP-1004,11.99,1,6/4/2026 9:59:41 AM,6/4/2026 10:11:41 AM,,,4
7010055,UL-000155,Art item UL-000155,Art,Active,ShopGoodwill,EMP-1002,17.99,1,6/4/2026 4:09:58 PM,6/4/2026 4:21:58 PM,,,4
7010056,UL-000156,Shoes item UL-000156,Shoes,Active,ShopGoodwill,EMP-1002,57.99,1,6/4/2026 1:00:30 PM,6/4/2026 1:12:30 PM,,,4
7010057,UL-000157,Clothing item UL-000157,Clothing,Active,eBay,EMP-1001,18.99,1,6/4/2026 8:38:34 AM,6/4/2026 8:50:34 AM,,,4
7010058,UL-000158,Home Decor item UL-000158,Home Decor,Active,ShopGoodwill,EMP-1003,55.99,1,6/4/2026 12:28:53 PM,6/4/2026 12:40:53 PM,,,4
7010059,UL-000159,Art item UL-000159,Art,Active,Amazon,EMP-1003,11.99,1,6/5/2026 10:36:36 AM,6/5/2026 10:48:36 AM,,,4
7010060,UL-000160,Jewelry item UL-000160,Jewelry,Active,Amazon,EMP-1004,9.99,1,6/5/2026 4:31:48 PM,6/5/2026 4:43:48 PM,,,4
7010061,UL-000161,Handbags item UL-000161,Handbags,Active,Amazon,EMP-1003,11.99,1,6/5/2026 5:04:53 PM,6/5/2026 5:16:53 PM,,,4
7010062,UL-000162,Shoes item UL-000162,Shoes,Active,ShopGoodwill,EMP-1006,13.99,1,6/5/2026 8:29:30 AM,6/5/2026 8:41:30 AM,,,4
7010063,UL-000163,Books item UL-000163,Books,Active,Amazon,EMP-1006,9.99,1,6/5/2026 4:09:21 PM,6/5/2026 4:21:21 PM,,,4
7010064,UL-000164,Books item UL-000164,Books,Active,Amazon,EMP-1003,20.99,1,6/6/2026 12:33:03 PM,6/6/2026 12:45:03 PM,,,3
7010065,UL-000165,Books item UL-000165,Books,Active,Amazon,EMP-1006,15.99,1,6/6/2026 5:03:43 PM,6/6/2026 5:15:43 PM,,,3
7010066,UL-000166,Shoes item UL-000166,Shoes,Active,ShopGoodwill,EMP-1003,74.99,1,6/6/2026 5:39:51 PM,6/6/2026 5:51:51 PM,,,3
7010067,UL-000167,Handbags item UL-000167,Handbags,Active,ShopGoodwill,EMP-1003,20.99,1,6/6/2026 10:07:54 AM,6/6/2026 10:19:54 AM,,,3
7010068,UL-000168,Collectibles item UL-000168,Collectibles,Active,ShopGoodwill,EMP-1002,43.99,1,6/6/2026 4:45:49 PM,6/6/2026 4:57:49 PM,,,3
7010069,UL-000169,Books item UL-000169,Books,Active,eBay,EMP-1001,24.99,1,6/6/2026 11:44:49 AM,6/6/2026 11:56:49 AM,,,3
7010070,UL-000170,Home Decor item UL-000170,Home Decor,Active,ShopGoodwill,EMP-1003,47.99,1,6/6/2026 8:38:30 AM,6/6/2026 8:50:30 AM,,,3
7010071,UL-000171,Electronics item UL-000171,Electronics,Active,ShopGoodwill,EMP-1001,34.99,1,6/6/2026 5:23:59 PM,6/6/2026 5:35:59 PM,,,3
7010072,UL-000172,Home Decor item UL-000172,Home Decor,Active,Mercari,EMP-1006,9.99,1,6/7/2026 10:39:58 AM,6/7/2026 10:51:58 AM,,,3
7010073,UL-000173,Electronics item UL-000173,Electronics,Active,ShopGoodwill,EMP-1005,18.99,1,6/7/2026 5:31:37 PM,6/7/2026 5:43:37 PM,,,3
7010074,UL-000174,Home Decor item UL-000174,Home Decor,Active,eBay,EMP-1002,15.99,1,6/7/2026 1:05:52 PM,6/7/2026 1:17:52 PM,,,3
7010075,UL-000175,Shoes item UL-000175,Shoes,Active,Amazon,EMP-1003,38.99,1,6/7/2026 5:11:43 PM,6/7/2026 5:23:43 PM,,,3
7010076,UL-000176,Clothing item UL-000176,Clothing,Active,ShopGoodwill,EMP-1004,6.99,1,6/8/2026 2:54:40 PM,6/8/2026 3:06:40 PM,,,3
7010077,UL-000177,Home Decor item UL-000177,Home Decor,Active,ShopGoodwill,EMP-1001,17.99,1,6/8/2026 1:48:45 PM,6/8/2026 2:00:45 PM,,,3
7010078,UL-000178,Clothing item UL-000178,Clothing,Active,eBay,EMP-1006,20.99,1,6/8/2026 10:41:37 AM,6/8/2026 10:53:37 AM,,,3
7010079,UL-000179,Clothing item UL-000179,Clothing,Active,ShopGoodwill,EMP-1001,10.99,1,6/8/2026 8:57:46 AM,6/8/2026 9:09:46 AM,,,3
7010080,UL-000180,Clothing item UL-000180,Clothing,Active,Amazon,EMP-1003,34.99,1,6/8/2026 5:23:59 PM,6/8/2026 5:35:59 PM,,,3
7010081,UL-000181,Clothing item UL-000181,Clothing,Active,Amazon,EMP-1006,40.99,1,6/8/2026 5:18:44 PM,6/8/2026 5:30:44 PM,,,3
7010082,UL-000182,Kitchen item UL-000182,Kitchen,Active,eBay,EMP-1005,37.99,1,6/8/2026 4:30:44 PM,6/8/2026 4:42:44 PM,,,3
7010083,UL-000183,Collectibles item UL-000183,Collectibles,Active,Mercari,EMP-1002,26.99,1,6/8/2026 10:20:12 AM,6/8/2026 10:32:12 AM,,,3
7010084,UL-000184,Electronics item UL-000184,Electronics,Active,eBay,EMP-1002,17.99,1,6/8/2026 8:13:42 AM,6/8/2026 8:25:42 AM,,,3
7010085,UL-000185,Clothing item UL-000185,Clothing,Active,eBay,EMP-1004,28.99,1,6/8/2026 11:22:48 AM,6/8/2026 11:34:48 AM,,,3
7010086,UL-000186,Home Decor item UL-000186,Home Decor,Active,ShopGoodwill,EMP-1004,31.99,1,6/9/2026 3:47:27 PM,6/9/2026 3:59:27 PM,,,3
7010087,UL-000187,Clothing item UL-000187,Clothing,Active,Amazon,EMP-1004,31.99,1,6/9/2026 12:55:34 PM,6/9/2026 1:07:34 PM,,,3
7010088,UL-000188,Clothing item UL-000188,Clothing,Active,Amazon,EMP-1002,20.99,1,6/10/2026 10:47:10 AM,6/10/2026 10:59:10 AM,,,3
7010089,UL-000189,Collectibles item UL-000189,Collectibles,Active,ShopGoodwill,EMP-1002,40.99,1,6/10/2026 1:45:30 PM,6/10/2026 1:57:30 PM,,,3
7010090,UL-000190,Electronics item UL-000190,Electronics,Active,Amazon,EMP-1002,33.99,1,6/10/2026 11:24:43 AM,6/10/2026 11:36:43 AM,,,3
7010091,UL-000191,Clothing item UL-000191,Clothing,Active,eBay,EMP-1001,12.99,1,6/10/2026 9:34:36 AM,6/10/2026 9:46:36 AM,,,3
7010092,UL-000192,Collectibles item UL-000192,Collectibles,Active,Mercari,EMP-1001,45.99,1,6/10/2026 3:39:14 PM,6/10/2026 3:51:14 PM,,,3
7010093,UL-000193,Kitchen item UL-000193,Kitchen,Active,ShopGoodwill,EMP-1003,29.99,1,6/10/2026 9:35:06 AM,6/10/2026 9:47:06 AM,,,3
7010094,UL-000194,Home Decor item UL-000194,Home Decor,Active,ShopGoodwill,EMP-1001,5.99,1,6/10/2026 12:38:13 PM,6/10/2026 12:50:13 PM,,,3
7010095,UL-000195,Electronics item UL-000195,Electronics,Active,Amazon,EMP-1002,22.99,1,6/10/2026 11:35:16 AM,6/10/2026 11:47:16 AM,,,3
7010096,UL-000196,Sporting Goods item UL-000196,Sporting Goods,Active,eBay,EMP-1006,48.99,1,6/10/2026 10:27:53 AM,6/10/2026 10:39:53 AM,,,3
7010097,UL-000197,Clothing item UL-000197,Clothing,Active,Amazon,EMP-1004,17.99,1,6/11/2026 9:28:18 AM,6/11/2026 9:40:18 AM,,,3
7010098,UL-000198,Electronics item UL-000198,Electronics,Active,Mercari,EMP-1002,17.99,1,6/11/2026 3:18:07 PM,6/11/2026 3:30:07 PM,,,3
7010099,UL-000199,Kitchen item UL-000199,Kitchen,Active,eBay,EMP-1003,11.99,1,6/11/2026 1:11:13 PM,6/11/2026 1:23:13 PM,,,3
7010100,UL-000200,Media item UL-000200,Media,Active,ShopGoodwill,EMP-1001,65.99,1,6/11/2026 10:17:30 AM,6/11/2026 10:29:30 AM,,,3
7010101,UL-000201,Shoes item UL-000201,Shoes,Active,eBay,EMP-1005,20.99,1,6/11/2026 8:56:32 AM,6/11/2026 9:08:32 AM,,,3
7010102,UL-000202,Electronics item UL-000202,Electronics,Active,Mercari,EMP-1004,26.99,1,6/11/2026 4:59:51 PM,6/11/2026 5:11:51 PM,,,3
7010103,UL-000203,Shoes item UL-000203,Shoes,Active,Mercari,EMP-1004,54.99,1,6/11/2026 11:42:23 AM,6/11/2026 11:54:23 AM,,,3
7010104,UL-000204,Books item UL-000204,Books,Active,ShopGoodwill,EMP-1005,33.99,1,6/12/2026 11:27:35 AM,6/12/2026 11:39:35 AM,,,3
7010105,UL-000205,Collectibles item UL-000205,Collectibles,Active,ShopGoodwill,EMP-1002,27.99,1,6/12/2026 12:01:59 PM,6/12/2026 12:13:59 PM,,,3
7010106,UL-000206,Shoes item UL-000206,Shoes,Active,Amazon,EMP-1005,42.99,1,6/12/2026 9:51:20 AM,6/12/2026 10:03:20 AM,,,3
7010107,UL-000207,Clothing item UL-000207,Clothing,Active,Amazon,EMP-1006,32.99,1,6/12/2026 11:20:58 AM,6/12/2026 11:32:58 AM,,,3
7010108,UL-000208,Handbags item UL-000208,Handbags,Active,Amazon,EMP-1004,29.99,1,6/12/2026 1:20:40 PM,6/12/2026 1:32:40 PM,,,3
7010109,UL-000209,Clothing item UL-000209,Clothing,Active,ShopGoodwill,EMP-1002,17.99,1,6/12/2026 11:36:16 AM,6/12/2026 11:48:16 AM,,,3
7010110,UL-000210,Electronics item UL-000210,Electronics,Active,Amazon,EMP-1004,24.99,1,6/12/2026 9:28:37 AM,6/12/2026 9:40:37 AM,,,3
7010111,UL-000211,Clothing item UL-000211,Clothing,Active,Amazon,EMP-1001,29.99,1,6/12/2026 5:07:49 PM,6/12/2026 5:19:49 PM,,,3
7010112,UL-000212,Media item UL-000212,Media,Active,Mercari,EMP-1002,11.99,1,6/12/2026 12:49:36 PM,6/12/2026 1:01:36 PM,,,3
7010113,UL-000213,Books item UL-000213,Books,Active,ShopGoodwill,EMP-1004,34.99,1,6/13/2026 3:54:14 PM,6/13/2026 4:06:14 PM,,,3
7010114,UL-000214,Books item UL-000214,Books,Active,ShopGoodwill,EMP-1004,20.99,1,6/13/2026 2:00:53 PM,6/13/2026 2:12:53 PM,,,3
7010115,UL-000215,Shoes item UL-000215,Shoes,Active,Amazon,EMP-1004,12.99,1,6/13/2026 3:41:05 PM,6/13/2026 3:53:05 PM,,,3
7010116,UL-000216,Media item UL-000216,Media,Active,Mercari,EMP-1003,66.99,1,6/13/2026 8:32:19 AM,6/13/2026 8:44:19 AM,,,3
7010117,UL-000217,Books item UL-000217,Books,Active,ShopGoodwill,EMP-1002,15.99,1,6/13/2026 10:42:57 AM,6/13/2026 10:54:57 AM,,,3
7010118,UL-000218,Sporting Goods item UL-000218,Sporting Goods,Active,eBay,EMP-1006,29.99,1,6/14/2026 11:16:29 AM,6/14/2026 11:28:29 AM,,,3
7010119,UL-000219,Clothing item UL-000219,Clothing,Active,Amazon,EMP-1001,119.99,1,6/14/2026 8:36:47 AM,6/14/2026 8:48:47 AM,,,3
7010120,UL-000220,Clothing item UL-000220,Clothing,Active,Amazon,EMP-1002,11.99,1,6/14/2026 1:19:52 PM,6/14/2026 1:31:52 PM,,,3
7010121,UL-000221,Clothing item UL-000221,Clothing,Active,ShopGoodwill,EMP-1001,55.99,1,6/14/2026 1:41:31 PM,6/14/2026 1:53:31 PM,,,3
7010122,UL-000222,Electronics item UL-000222,Electronics,Active,Amazon,EMP-1003,58.99,1,6/14/2026 9:39:12 AM,6/14/2026 9:51:12 AM,,,3
7010123,UL-000223,Jewelry item UL-000223,Jewelry,Active,Mercari,EMP-1004,19.99,1,6/14/2026 2:59:53 PM,6/14/2026 3:11:53 PM,,,3
7010124,UL-000224,Toys item UL-000224,Toys,Active,ShopGoodwill,EMP-1003,19.99,1,6/14/2026 11:26:28 AM,6/14/2026 11:38:28 AM,,,3
7010125,UL-000225,Books item UL-000225,Books,Active,Mercari,EMP-1006,17.99,1,6/14/2026 1:46:50 PM,6/14/2026 1:58:50 PM,,,3
7010126,UL-000226,Books item UL-000226,Books,Active,ShopGoodwill,EMP-1002,29.99,1,6/15/2026 3:25:42 PM,6/15/2026 3:37:42 PM,,,3
7010127,UL-000227,Books item UL-000227,Books,Active,ShopGoodwill,EMP-1001,87.99,1,6/15/2026 2:13:22 PM,6/15/2026 2:25:22 PM,,,3
7010128,UL-000228,Books item UL-000228,Books,Active,Mercari,EMP-1003,16.99,1,6/15/2026 12:52:54 PM,6/15/2026 1:04:54 PM,,,3
7010129,UL-000229,Books item UL-000229,Books,Active,Amazon,EMP-1006,32.99,1,6/15/2026 10:53:18 AM,6/15/2026 11:05:18 AM,,,3
7010130,UL-000230,Collectibles item UL-000230,Collectibles,Active,eBay,EMP-1004,22.99,1,6/15/2026 4:49:14 PM,6/15/2026 5:01:14 PM,,,3
7010131,UL-000231,Kitchen item UL-000231,Kitchen,Active,Amazon,EMP-1003,42.99,1,6/15/2026 11:49:56 AM,6/15/2026 12:01:56 PM,,,3
7010132,UL-000232,Electronics item UL-000232,Electronics,Active,ShopGoodwill,EMP-1006,22.99,1,6/15/2026 2:27:27 PM,6/15/2026 2:39:27 PM,,,3
7010133,UL-000233,Electronics item UL-000233,Electronics,Active,Mercari,EMP-1002,29.99,1,6/16/2026 2:07:57 PM,6/16/2026 2:19:57 PM,,,3
7010134,UL-000234,Collectibles item UL-000234,Collectibles,Active,ShopGoodwill,EMP-1006,26.99,1,6/16/2026 9:34:52 AM,6/16/2026 9:46:52 AM,,,3
7010135,UL-000235,Electronics item UL-000235,Electronics,Active,ShopGoodwill,EMP-1003,10.99,1,6/16/2026 8:23:40 AM,6/16/2026 8:35:40 AM,,,3
7010136,UL-000236,Books item UL-000236,Books,Active,ShopGoodwill,EMP-1006,15.99,1,6/16/2026 9:25:08 AM,6/16/2026 9:37:08 AM,,,3
7010137,UL-000237,Home Decor item UL-000237,Home Decor,Active,eBay,EMP-1003,28.99,1,6/16/2026 8:49:03 AM,6/16/2026 9:01:03 AM,,,3
7010138,UL-000238,Media item UL-000238,Media,Active,ShopGoodwill,EMP-1005,35.99,1,6/16/2026 2:22:59 PM,6/16/2026 2:34:59 PM,,,3
7010139,UL-000239,Electronics item UL-000239,Electronics,Active,Amazon,EMP-1005,25.99,1,6/16/2026 8:36:57 AM,6/16/2026 8:48:57 AM,,,3
7010140,UL-000240,Clothing item UL-000240,Clothing,Active,Amazon,EMP-1006,23.99,1,6/16/2026 1:23:03 PM,6/16/2026 1:35:03 PM,,,3
7010141,UL-000241,Electronics item UL-000241,Electronics,Active,ShopGoodwill,EMP-1006,33.99,1,6/16/2026 11:13:05 AM,6/16/2026 11:25:05 AM,,,3
7010142,UL-000242,Books item UL-000242,Books,Active,ShopGoodwill,EMP-1002,51.99,1,6/17/2026 12:43:57 PM,6/17/2026 12:55:57 PM,,,3
7010143,UL-000243,Books item UL-000243,Books,Active,Mercari,EMP-1001,14.99,1,6/17/2026 9:53:51 AM,6/17/2026 10:05:51 AM,,,3
7010144,UL-000244,Media item UL-000244,Media,Active,ShopGoodwill,EMP-1002,26.99,1,6/17/2026 11:37:35 AM,6/17/2026 11:49:35 AM,,,3
7010145,UL-000245,Watches item UL-000245,Watches,Active,Amazon,EMP-1001,48.99,1,6/17/2026 4:17:29 PM,6/17/2026 4:29:29 PM,,,3
7010146,UL-000246,Jewelry item UL-000246,Jewelry,Active,ShopGoodwill,EMP-1001,46.99,1,6/17/2026 9:58:19 AM,6/17/2026 10:10:19 AM,,,3
7010147,UL-000247,Collectibles item UL-000247,Collectibles,Active,ShopGoodwill,EMP-1005,12.99,1,6/17/2026 8:05:45 AM,6/17/2026 8:17:45 AM,,,3
7010148,UL-000248,Handbags item UL-000248,Handbags,Active,ShopGoodwill,EMP-1003,90.99,1,6/17/2026 11:30:26 AM,6/17/2026 11:42:26 AM,,,3
7010149,UL-000249,Art item UL-000249,Art,Active,ShopGoodwill,EMP-1005,18.99,1,6/17/2026 2:35:10 PM,6/17/2026 2:47:10 PM,,,3
7010150,UL-000250,Books item UL-000250,Books,Active,ShopGoodwill,EMP-1006,18.99,1,6/17/2026 5:29:30 PM,6/17/2026 5:41:30 PM,,,3
7010151,UL-000251,Clothing item UL-000251,Clothing,Active,ShopGoodwill,EMP-1003,108.99,1,6/17/2026 2:34:23 PM,6/17/2026 2:46:23 PM,,,3
7010152,UL-000252,Art item UL-000252,Art,Active,Amazon,EMP-1003,35.99,1,6/17/2026 2:55:24 PM,6/17/2026 3:07:24 PM,,,3
7010153,UL-000253,Electronics item UL-000253,Electronics,Active,ShopGoodwill,EMP-1006,33.99,1,6/17/2026 12:42:04 PM,6/17/2026 12:54:04 PM,,,3
7010154,UL-000254,Jewelry item UL-000254,Jewelry,Active,eBay,EMP-1003,53.99,1,6/17/2026 5:16:20 PM,6/17/2026 5:28:20 PM,,,3
7010155,UL-000255,Jewelry item UL-000255,Jewelry,Active,ShopGoodwill,EMP-1006,70.99,1,6/18/2026 12:48:04 PM,6/18/2026 1:00:04 PM,,,3
7010156,UL-000256,Clothing item UL-000256,Clothing,Active,ShopGoodwill,EMP-1004,37.99,1,6/18/2026 5:36:56 PM,6/18/2026 5:48:56 PM,,,3
7010157,UL-000257,Media item UL-000257,Media,Active,eBay,EMP-1004,13.99,1,6/18/2026 10:16:26 AM,6/18/2026 10:28:26 AM,,,3
7010158,UL-000258,Home Decor item UL-000258,Home Decor,Active,ShopGoodwill,EMP-1004,25.99,1,6/18/2026 11:20:21 AM,6/18/2026 11:32:21 AM,,,3
7010159,UL-000259,Books item UL-000259,Books,Active,ShopGoodwill,EMP-1001,15.99,1,6/18/2026 9:21:39 AM,6/18/2026 9:33:39 AM,,,3
7010160,UL-000260,Watches item UL-000260,Watches,Active,Amazon,EMP-1006,15.99,1,6/18/2026 8:40:47 AM,6/18/2026 8:52:47 AM,,,3
7010161,UL-000261,Jewelry item UL-000261,Jewelry,Active,Amazon,EMP-1003,29.99,1,6/18/2026 4:39:18 PM,6/18/2026 4:51:18 PM,,,3
7010162,UL-000262,Clothing item UL-000262,Clothing,Active,eBay,EMP-1005,22.99,1,6/18/2026 11:07:33 AM,6/18/2026 11:19:33 AM,,,3
7010163,UL-000263,Home Decor item UL-000263,Home Decor,Active,ShopGoodwill,EMP-1002,3.99,1,6/18/2026 4:01:46 PM,6/18/2026 4:13:46 PM,,,3
7010164,UL-000264,Handbags item UL-000264,Handbags,Active,Amazon,EMP-1003,26.99,1,6/18/2026 3:34:13 PM,6/18/2026 3:46:13 PM,,,3
7010165,UL-000265,Clothing item UL-000265,Clothing,Active,ShopGoodwill,EMP-1001,39.99,1,6/18/2026 2:31:44 PM,6/18/2026 2:43:44 PM,,,3
7010166,UL-000266,Media item UL-000266,Media,Active,ShopGoodwill,EMP-1004,41.99,1,6/19/2026 1:18:26 PM,6/19/2026 1:30:26 PM,,,3
7010167,UL-000267,Books item UL-000267,Books,Active,Amazon,EMP-1003,19.99,1,6/19/2026 9:11:09 AM,6/19/2026 9:23:09 AM,,,3
7010168,UL-000268,Books item UL-000268,Books,Active,Amazon,EMP-1001,12.99,1,6/19/2026 1:16:09 PM,6/19/2026 1:28:09 PM,,,3
7010169,UL-000269,Clothing item UL-000269,Clothing,Active,ShopGoodwill,EMP-1005,11.99,1,6/19/2026 4:03:12 PM,6/19/2026 4:15:12 PM,,,3
7010170,UL-000270,Kitchen item UL-000270,Kitchen,Active,ShopGoodwill,EMP-1003,17.99,1,6/19/2026 12:59:09 PM,6/19/2026 1:11:09 PM,,,3
7010171,UL-000271,Collectibles item UL-000271,Collectibles,Active,ShopGoodwill,EMP-1006,10.99,1,6/19/2026 8:25:33 AM,6/19/2026 8:37:33 AM,,,3
7010172,UL-000272,Clothing item UL-000272,Clothing,Active,ShopGoodwill,EMP-1004,11.99,1,6/19/2026 11:18:04 AM,6/19/2026 11:30:04 AM,,,3
7010173,UL-000273,Home Decor item UL-000273,Home Decor,Active,ShopGoodwill,EMP-1002,7.99,1,6/19/2026 1:15:49 PM,6/19/2026 1:27:49 PM,,,3
7010174,UL-000274,Books item UL-000274,Books,Active,ShopGoodwill,EMP-1002,38.99,1,6/19/2026 9:13:05 AM,6/19/2026 9:25:05 AM,,,3
7010175,UL-000275,Books item UL-000275,Books,Active,eBay,EMP-1006,30.99,1,6/19/2026 4:05:31 PM,6/19/2026 4:17:31 PM,,,3
7010176,UL-000276,Media item UL-000276,Media,Active,ShopGoodwill,EMP-1004,23.99,1,6/19/2026 8:08:36 AM,6/19/2026 8:20:36 AM,,,3
7010177,UL-000277,Clothing item UL-000277,Clothing,Active,ShopGoodwill,EMP-1002,38.99,1,6/19/2026 1:04:12 PM,6/19/2026 1:16:12 PM,,,3
7010178,UL-000278,Toys item UL-000278,Toys,Active,Amazon,EMP-1002,19.99,1,6/19/2026 12:28:26 PM,6/19/2026 12:40:26 PM,,,3
7010179,UL-000279,Books item UL-000279,Books,Active,ShopGoodwill,EMP-1002,42.99,1,6/19/2026 9:13:14 AM,6/19/2026 9:25:14 AM,,,3
7010180,UL-000280,Electronics item UL-000280,Electronics,Active,Mercari,EMP-1006,18.99,1,6/19/2026 3:27:05 PM,6/19/2026 3:39:05 PM,,,3
7010181,UL-000281,Clothing item UL-000281,Clothing,Active,Amazon,EMP-1005,19.99,1,6/20/2026 8:37:18 AM,6/20/2026 8:49:18 AM,,,3
7010182,UL-000282,Collectibles item UL-000282,Collectibles,Active,eBay,EMP-1003,30.99,1,6/20/2026 2:39:22 PM,6/20/2026 2:51:22 PM,,,3
7010183,UL-000283,Media item UL-000283,Media,Active,ShopGoodwill,EMP-1006,58.99,1,6/20/2026 9:28:58 AM,6/20/2026 9:40:58 AM,,,3
7010184,UL-000284,Books item UL-000284,Books,Active,Amazon,EMP-1002,31.99,1,6/20/2026 5:44:46 PM,6/20/2026 5:56:46 PM,,,3
7010185,UL-000285,Electronics item UL-000285,Electronics,Active,Amazon,EMP-1004,16.99,1,6/20/2026 7:57:28 AM,6/20/2026 8:09:28 AM,,,3
7010186,UL-000286,Kitchen item UL-000286,Kitchen,Active,ShopGoodwill,EMP-1004,24.99,1,6/20/2026 4:05:23 PM,6/20/2026 4:17:23 PM,,,3
7010187,UL-000287,Media item UL-000287,Media,Active,Mercari,EMP-1003,88.99,1,6/20/2026 1:00:25 PM,6/20/2026 1:12:25 PM,,,3
7010188,UL-000288,Toys item UL-000288,Toys,Active,Amazon,EMP-1006,28.99,1,6/21/2026 11:53:21 AM,6/21/2026 12:05:21 PM,,,3
7010189,UL-000289,Kitchen item UL-000289,Kitchen,Active,Amazon,EMP-1003,38.99,1,6/21/2026 4:59:33 PM,6/21/2026 5:11:33 PM,,,3
7010190,UL-000290,Home Decor item UL-000290,Home Decor,Active,Amazon,EMP-1006,21.99,1,6/21/2026 10:49:18 AM,6/21/2026 11:01:18 AM,,,3
7010191,UL-000291,Books item UL-000291,Books,Active,eBay,EMP-1004,50.99,1,6/21/2026 11:04:10 AM,6/21/2026 11:16:10 AM,,,3
7010192,UL-000292,Clothing item UL-000292,Clothing,Active,ShopGoodwill,EMP-1001,12.99,1,6/21/2026 9:34:01 AM,6/21/2026 9:46:01 AM,,,3
7010193,UL-000293,Jewelry item UL-000293,Jewelry,Active,Amazon,EMP-1003,30.99,1,6/21/2026 9:02:27 AM,6/21/2026 9:14:27 AM,,,3
7010194,UL-000294,Media item UL-000294,Media,Active,Amazon,EMP-1001,17.99,1,6/21/2026 5:43:41 PM,6/21/2026 5:55:41 PM,,,3
7010195,UL-000295,Clothing item UL-000295,Clothing,Active,ShopGoodwill,EMP-1002,50.99,1,6/21/2026 4:59:59 PM,6/21/2026 5:11:59 PM,,,3
7010196,UL-000296,Books item UL-000296,Books,Active,ShopGoodwill,EMP-1005,21.99,1,6/21/2026 10:10:45 AM,6/21/2026 10:22:45 AM,,,3
7010197,UL-000297,Kitchen item UL-000297,Kitchen,Active,Amazon,EMP-1004,47.99,1,6/21/2026 1:45:16 PM,6/21/2026 1:57:16 PM,,,3
7010198,UL-000298,Electronics item UL-000298,Electronics,Active,ShopGoodwill,EMP-1006,21.99,1,6/22/2026 5:42:03 PM,6/22/2026 5:54:03 PM,,,3
7010199,UL-000299,Jewelry item UL-000299,Jewelry,Active,ShopGoodwill,EMP-1002,36.99,1,6/22/2026 3:38:38 PM,6/22/2026 3:50:38 PM,,,3
7010200,UL-000300,Shoes item UL-000300,Shoes,Active,ShopGoodwill,EMP-1006,105.99,1,6/22/2026 1:04:50 PM,6/22/2026 1:16:50 PM,,,3
7010201,UL-000301,Electronics item UL-000301,Electronics,Active,ShopGoodwill,EMP-1002,22.99,1,6/22/2026 10:34:45 AM,6/22/2026 10:46:45 AM,,,3
7010202,UL-000302,Jewelry item UL-000302,Jewelry,Active,Amazon,EMP-1002,34.99,1,6/22/2026 2:16:03 PM,6/22/2026 2:28:03 PM,,,3
7010203,UL-000303,Shoes item UL-000303,Shoes,Active,eBay,EMP-1003,30.99,1,6/22/2026 2:42:44 PM,6/22/2026 2:54:44 PM,,,3
7010204,UL-000304,Clothing item UL-000304,Clothing,Active,ShopGoodwill,EMP-1004,34.99,1,6/22/2026 11:24:22 AM,6/22/2026 11:36:22 AM,,,3
7010205,UL-000305,Watches item UL-000305,Watches,Active,ShopGoodwill,EMP-1002,35.99,1,6/22/2026 8:10:46 AM,6/22/2026 8:22:46 AM,,,3
7010206,UL-000306,Collectibles item UL-000306,Collectibles,Active,Amazon,EMP-1004,52.99,1,6/22/2026 3:49:48 PM,6/22/2026 4:01:48 PM,,,3
7010207,UL-000307,Books item UL-000307,Books,Active,Amazon,EMP-1004,21.99,1,6/22/2026 11:02:35 AM,6/22/2026 11:14:35 AM,,,3
7010208,UL-000308,Jewelry item UL-000308,Jewelry,Active,eBay,EMP-1006,44.99,1,6/23/2026 12:50:16 PM,6/23/2026 1:02:16 PM,,,3
7010209,UL-000309,Clothing item UL-000309,Clothing,Active,Amazon,EMP-1001,43.99,1,6/23/2026 5:39:29 PM,6/23/2026 5:51:29 PM,,,3
7010210,UL-000310,Clothing item UL-000310,Clothing,Active,ShopGoodwill,EMP-1005,36.99,1,6/23/2026 11:35:42 AM,6/23/2026 11:47:42 AM,,,3
7010211,UL-000311,Watches item UL-000311,Watches,Active,ShopGoodwill,EMP-1003,22.99,1,6/23/2026 5:37:46 PM,6/23/2026 5:49:46 PM,,,3
7010212,UL-000312,Books item UL-000312,Books,Active,eBay,EMP-1003,32.99,1,6/23/2026 3:21:41 PM,6/23/2026 3:33:41 PM,,,3
7010213,UL-000313,Clothing item UL-000313,Clothing,Active,ShopGoodwill,EMP-1003,38.99,1,6/23/2026 1:11:54 PM,6/23/2026 1:23:54 PM,,,3
7010214,UL-000314,Clothing item UL-000314,Clothing,Active,ShopGoodwill,EMP-1005,8.99,1,6/23/2026 9:35:17 AM,6/23/2026 9:47:17 AM,,,3
7010215,UL-000315,Books item UL-000315,Books,Active,eBay,EMP-1001,32.99,1,6/23/2026 11:19:51 AM,6/23/2026 11:31:51 AM,,,3
7010216,UL-000316,Media item UL-000316,Media,Active,eBay,EMP-1005,52.99,1,6/24/2026 11:24:00 AM,6/24/2026 11:36:00 AM,,,3
7010217,UL-000317,Clothing item UL-000317,Clothing,Active,Amazon,EMP-1005,10.99,1,6/24/2026 1:17:05 PM,6/24/2026 1:29:05 PM,,,3
7010218,UL-000318,Shoes item UL-000318,Shoes,Active,Mercari,EMP-1002,16.99,1,6/24/2026 3:05:38 PM,6/24/2026 3:17:38 PM,,,3
7010219,UL-000319,Home Decor item UL-000319,Home Decor,Active,ShopGoodwill,EMP-1001,9.99,1,6/24/2026 3:13:11 PM,6/24/2026 3:25:11 PM,,,3
7010220,UL-000320,Jewelry item UL-000320,Jewelry,Active,ShopGoodwill,EMP-1003,11.99,1,6/24/2026 7:59:00 AM,6/24/2026 8:11:00 AM,,,3
7010221,UL-000321,Home Decor item UL-000321,Home Decor,Active,Amazon,EMP-1005,16.99,1,6/25/2026 1:17:16 PM,6/25/2026 1:29:16 PM,,,3
7010222,UL-000322,Clothing item UL-000322,Clothing,Active,ShopGoodwill,EMP-1006,18.99,1,6/25/2026 10:12:02 AM,6/25/2026 10:24:02 AM,,,3
7010223,UL-000323,Clothing item UL-000323,Clothing,Active,eBay,EMP-1002,20.99,1,6/25/2026 3:51:34 PM,6/25/2026 4:03:34 PM,,,3
7010224,UL-000324,Clothing item UL-000324,Clothing,Active,eBay,EMP-1002,13.99,1,6/25/2026 1:17:24 PM,6/25/2026 1:29:24 PM,,,3
7010225,UL-000325,Media item UL-000325,Media,Active,Mercari,EMP-1006,17.99,1,6/25/2026 12:32:22 PM,6/25/2026 12:44:22 PM,,,3
7010226,UL-000326,Collectibles item UL-000326,Collectibles,Active,eBay,EMP-1006,11.99,1,6/25/2026 2:59:27 PM,6/25/2026 3:11:27 PM,,,3
7010227,UL-000327,Collectibles item UL-000327,Collectibles,Active,ShopGoodwill,EMP-1004,52.99,1,6/25/2026 10:24:03 AM,6/25/2026 10:36:03 AM,,,3
7010228,UL-000328,Books item UL-000328,Books,Active,ShopGoodwill,EMP-1002,27.99,1,6/25/2026 7:51:00 AM,6/25/2026 8:03:00 AM,,,3
7010229,UL-000329,Media item UL-000329,Media,Active,Mercari,EMP-1001,28.99,1,6/25/2026 11:46:41 AM,6/25/2026 11:58:41 AM,,,3
7010230,UL-000330,Shoes item UL-000330,Shoes,Active,eBay,EMP-1004,70.99,1,6/25/2026 8:30:06 AM,6/25/2026 8:42:06 AM,,,3
7010231,UL-000331,Clothing item UL-000331,Clothing,Active,Amazon,EMP-1002,19.99,1,6/25/2026 8:46:55 AM,6/25/2026 8:58:55 AM,,,3
7010232,UL-000332,Books item UL-000332,Books,Active,ShopGoodwill,EMP-1006,15.99,1,6/25/2026 1:23:23 PM,6/25/2026 1:35:23 PM,,,3
7010233,UL-000333,Clothing item UL-000333,Clothing,Active,Amazon,EMP-1004,58.99,1,6/25/2026 11:36:37 AM,6/25/2026 11:48:37 AM,,,3
7010234,UL-000334,Sporting Goods item UL-000334,Sporting Goods,Active,ShopGoodwill,EMP-1006,17.99,1,6/25/2026 10:29:39 AM,6/25/2026 10:41:39 AM,,,3
7010235,UL-000335,Home Decor item UL-000335,Home Decor,Active,eBay,EMP-1004,115.99,1,6/25/2026 2:12:02 PM,6/25/2026 2:24:02 PM,,,3
7010236,UL-000336,Books item UL-000336,Books,Active,ShopGoodwill,EMP-1006,24.99,1,6/26/2026 9:36:53 AM,6/26/2026 9:48:53 AM,,,3
7010237,UL-000337,Clothing item UL-000337,Clothing,Active,Mercari,EMP-1002,47.99,1,6/26/2026 1:17:11 PM,6/26/2026 1:29:11 PM,,,3
7010238,UL-000338,Books item UL-000338,Books,Active,Amazon,EMP-1002,30.99,1,6/26/2026 5:16:11 PM,6/26/2026 5:28:11 PM,,,3
7010239,UL-000339,Home Decor item UL-000339,Home Decor,Active,ShopGoodwill,EMP-1001,20.99,1,6/26/2026 1:44:23 PM,6/26/2026 1:56:23 PM,,,3
7010240,UL-000340,Electronics item UL-000340,Electronics,Active,ShopGoodwill,EMP-1003,15.99,1,6/26/2026 12:03:51 PM,6/26/2026 12:15:51 PM,,,3
7010241,UL-000341,Jewelry item UL-000341,Jewelry,Active,ShopGoodwill,EMP-1003,21.99,1,6/26/2026 2:20:49 PM,6/26/2026 2:32:49 PM,,,3
7010242,UL-000342,Handbags item UL-000342,Handbags,Active,ShopGoodwill,EMP-1005,19.99,1,6/26/2026 2:31:07 PM,6/26/2026 2:43:07 PM,,,3
7010243,UL-000343,Handbags item UL-000343,Handbags,Active,ShopGoodwill,EMP-1005,61.99,1,6/26/2026 1:23:40 PM,6/26/2026 1:35:40 PM,,,3
7010244,UL-000344,Jewelry item UL-000344,Jewelry,Active,ShopGoodwill,EMP-1004,47.99,1,6/26/2026 2:01:04 PM,6/26/2026 2:13:04 PM,,,3
7010245,UL-000345,Electronics item UL-000345,Electronics,Active,Amazon,EMP-1001,40.99,1,6/26/2026 4:15:50 PM,6/26/2026 4:27:50 PM,,,3
7010246,UL-000346,Kitchen item UL-000346,Kitchen,Active,ShopGoodwill,EMP-1004,48.99,1,6/26/2026 12:12:13 PM,6/26/2026 12:24:13 PM,,,3
7010247,UL-000347,Home Decor item UL-000347,Home Decor,Active,Mercari,EMP-1001,32.99,1,6/27/2026 1:38:33 PM,6/27/2026 1:50:33 PM,,,3
7010248,UL-000348,Shoes item UL-000348,Shoes,Active,eBay,EMP-1004,51.99,1,6/27/2026 4:29:07 PM,6/27/2026 4:41:07 PM,,,3
7010249,UL-000349,Jewelry item UL-000349,Jewelry,Active,Amazon,EMP-1004,17.99,1,6/27/2026 12:32:21 PM,6/27/2026 12:44:21 PM,,,3
7010250,UL-000350,Clothing item UL-000350,Clothing,Active,ShopGoodwill,EMP-1006,34.99,1,6/27/2026 5:30:52 PM,6/27/2026 5:42:52 PM,,,3
7010251,UL-000351,Handbags item UL-000351,Handbags,Active,Amazon,EMP-1003,109.99,1,6/27/2026 11:25:04 AM,6/27/2026 11:37:04 AM,,,3
7010252,UL-000352,Books item UL-000352,Books,Active,Amazon,EMP-1004,35.99,1,6/27/2026 10:34:49 AM,6/27/2026 10:46:49 AM,,,3
7010253,UL-000353,Watches item UL-000353,Watches,Active,Amazon,EMP-1002,23.99,1,6/27/2026 1:37:02 PM,6/27/2026 1:49:02 PM,,,3
7010254,UL-000354,Books item UL-000354,Books,Active,ShopGoodwill,EMP-1004,10.99,1,6/27/2026 2:13:48 PM,6/27/2026 2:25:48 PM,,,3
7010255,UL-000355,Watches item UL-000355,Watches,Active,Amazon,EMP-1004,72.99,1,6/27/2026 5:17:16 PM,6/27/2026 5:29:16 PM,,,3
7010256,UL-000356,Clothing item UL-000356,Clothing,Active,ShopGoodwill,EMP-1002,8.99,1,6/27/2026 9:22:49 AM,6/27/2026 9:34:49 AM,,,3
7010257,UL-000357,Handbags item UL-000357,Handbags,Active,Amazon,EMP-1003,82.99,1,6/28/2026 10:17:42 AM,6/28/2026 10:29:42 AM,,,3
7010258,UL-000358,Collectibles item UL-000358,Collectibles,Active,ShopGoodwill,EMP-1006,11.99,1,6/28/2026 3:08:41 PM,6/28/2026 3:20:41 PM,,,3
7010259,UL-000359,Kitchen item UL-000359,Kitchen,Active,Mercari,EMP-1006,21.99,1,6/28/2026 9:08:42 AM,6/28/2026 9:20:42 AM,,,3
7010260,UL-000360,Clothing item UL-000360,Clothing,Active,ShopGoodwill,EMP-1005,15.99,1,6/28/2026 3:35:19 PM,6/28/2026 3:47:19 PM,,,3
7010261,UL-000361,Media item UL-000361,Media,Active,ShopGoodwill,EMP-1005,16.99,1,6/28/2026 12:33:08 PM,6/28/2026 12:45:08 PM,,,3
7010262,UL-000362,Media item UL-000362,Media,Active,ShopGoodwill,EMP-1003,57.99,1,6/28/2026 5:33:09 PM,6/28/2026 5:45:09 PM,,,3
7010263,UL-000363,Clothing item UL-000363,Clothing,Active,eBay,EMP-1004,8.99,1,6/28/2026 4:00:57 PM,6/28/2026 4:12:57 PM,,,3
7010264,UL-000364,Books item UL-000364,Books,Active,eBay,EMP-1006,16.99,1,6/28/2026 11:55:15 AM,6/28/2026 12:07:15 PM,,,3
7010265,UL-000365,Handbags item UL-000365,Handbags,Active,ShopGoodwill,EMP-1005,29.99,1,6/28/2026 8:49:03 AM,6/28/2026 9:01:03 AM,,,3
7010266,UL-000366,Shoes item UL-000366,Shoes,Active,ShopGoodwill,EMP-1005,46.99,1,6/28/2026 8:03:56 AM,6/28/2026 8:15:56 AM,,,3
7010267,UL-000367,Home Decor item UL-000367,Home Decor,Active,ShopGoodwill,EMP-1005,19.99,1,6/28/2026 3:01:50 PM,6/28/2026 3:13:50 PM,,,3
7010268,UL-000368,Clothing item UL-000368,Clothing,Active,ShopGoodwill,EMP-1006,8.99,1,6/28/2026 8:16:12 AM,6/28/2026 8:28:12 AM,,,3
7010269,UL-000369,Clothing item UL-000369,Clothing,Active,eBay,EMP-1004,32.99,1,6/28/2026 2:54:03 PM,6/28/2026 3:06:03 PM,,,3
7010270,UL-000370,Shoes item UL-000370,Shoes,Active,Amazon,EMP-1005,30.99,1,6/28/2026 8:06:44 AM,6/28/2026 8:18:44 AM,,,3
7010271,UL-000371,Books item UL-000371,Books,Active,eBay,EMP-1005,14.99,1,6/29/2026 9:09:17 AM,6/29/2026 9:21:17 AM,,,3
7010272,UL-000372,Books item UL-000372,Books,Active,ShopGoodwill,EMP-1005,14.99,1,6/29/2026 8:55:15 AM,6/29/2026 9:07:15 AM,,,3
7010273,UL-000373,Books item UL-000373,Books,Active,Mercari,EMP-1003,12.99,1,6/29/2026 9:47:00 AM,6/29/2026 9:59:00 AM,,,3
7010274,UL-000374,Clothing item UL-000374,Clothing,Active,ShopGoodwill,EMP-1003,9.99,1,6/29/2026 5:46:38 PM,6/29/2026 5:58:38 PM,,,3
7010275,UL-000375,Shoes item UL-000375,Shoes,Active,Amazon,EMP-1006,10.99,1,6/29/2026 4:06:27 PM,6/29/2026 4:18:27 PM,,,3
7010276,UL-000376,Media item UL-000376,Media,Active,eBay,EMP-1005,24.99,1,6/29/2026 8:11:49 AM,6/29/2026 8:23:49 AM,,,3
7010277,UL-000377,Electronics item UL-000377,Electronics,Active,eBay,EMP-1002,54.99,1,6/29/2026 12:23:13 PM,6/29/2026 12:35:13 PM,,,3
7010278,UL-000378,Books item UL-000378,Books,Active,ShopGoodwill,EMP-1004,42.99,1,6/29/2026 1:13:59 PM,6/29/2026 1:25:59 PM,,,3
7010279,UL-000379,Jewelry item UL-000379,Jewelry,Active,ShopGoodwill,EMP-1004,52.99,1,6/29/2026 10:18:30 AM,6/29/2026 10:30:30 AM,,,3
7010280,UL-000380,Collectibles item UL-000380,Collectibles,Active,eBay,EMP-1004,13.99,1,6/29/2026 5:34:08 PM,6/29/2026 5:46:08 PM,,,3
7010281,UL-000381,Kitchen item UL-000381,Kitchen,Active,ShopGoodwill,EMP-1005,26.99,1,6/29/2026 12:37:44 PM,6/29/2026 12:49:44 PM,,,3
7010282,UL-000382,Clothing item UL-000382,Clothing,Active,ShopGoodwill,EMP-1001,40.99,1,6/29/2026 12:47:31 PM,6/29/2026 12:59:31 PM,,,3
7010283,UL-000383,Collectibles item UL-000383,Collectibles,Active,ShopGoodwill,EMP-1004,38.99,1,6/30/2026 9:03:38 AM,6/30/2026 9:15:38 AM,,,3
7010284,UL-000384,Handbags item UL-000384,Handbags,Active,ShopGoodwill,EMP-1004,14.99,1,6/30/2026 9:38:03 AM,6/30/2026 9:50:03 AM,,,3
7010285,UL-000385,Clothing item UL-000385,Clothing,Active,ShopGoodwill,EMP-1006,17.99,1,6/30/2026 2:13:30 PM,6/30/2026 2:25:30 PM,,,3
7010286,UL-000386,Books item UL-000386,Books,Active,Amazon,EMP-1005,32.99,1,6/30/2026 11:14:28 AM,6/30/2026 11:26:28 AM,,,3
7010287,UL-000387,Collectibles item UL-000387,Collectibles,Active,Amazon,EMP-1005,38.99,1,6/30/2026 8:30:06 AM,6/30/2026 8:42:06 AM,,,3
7010288,UL-000388,Clothing item UL-000388,Clothing,Active,ShopGoodwill,EMP-1004,27.99,1,6/30/2026 9:04:01 AM,6/30/2026 9:16:01 AM,,,3
7010289,UL-000389,Books item UL-000389,Books,Active,Amazon,EMP-1002,13.99,1,6/30/2026 12:15:17 PM,6/30/2026 12:27:17 PM,,,3
7010290,UL-000390,Watches item UL-000390,Watches,Active,eBay,EMP-1003,15.99,1,6/30/2026 12:35:49 PM,6/30/2026 12:47:49 PM,,,3
7010291,UL-000391,Electronics item UL-000391,Electronics,Active,ShopGoodwill,EMP-1002,21.99,1,6/30/2026 3:48:44 PM,6/30/2026 4:00:44 PM,,,3
7010292,UL-000392,Electronics item UL-000392,Electronics,Active,eBay,EMP-1006,24.99,1,6/30/2026 4:30:14 PM,6/30/2026 4:42:14 PM,,,3
7010293,UL-000393,Collectibles item UL-000393,Collectibles,Active,ShopGoodwill,EMP-1006,29.99,1,6/30/2026 11:03:57 AM,6/30/2026 11:15:57 AM,,,3
7010294,UL-000394,Books item UL-000394,Books,Active,ShopGoodwill,EMP-1006,27.99,1,7/1/2026 4:56:56 PM,7/1/2026 5:08:56 PM,,,3
7010295,UL-000395,Media item UL-000395,Media,Active,ShopGoodwill,EMP-1005,10.99,1,7/1/2026 9:41:51 AM,7/1/2026 9:53:51 AM,,,3
7010296,UL-000396,Books item UL-000396,Books,Active,ShopGoodwill,EMP-1004,26.99,1,7/1/2026 5:39:05 PM,7/1/2026 5:51:05 PM,,,3
7010297,UL-000397,Electronics item UL-000397,Electronics,Active,Amazon,EMP-1006,24.99,1,7/1/2026 10:33:44 AM,7/1/2026 10:45:44 AM,,,3
7010298,UL-000398,Books item UL-000398,Books,Active,ShopGoodwill,EMP-1005,40.99,1,7/1/2026 8:30:25 AM,7/1/2026 8:42:25 AM,,,3
7010299,UL-000399,Books item UL-000399,Books,Active,ShopGoodwill,EMP-1006,53.99,1,7/1/2026 12:15:12 PM,7/1/2026 12:27:12 PM,,,3
7010300,UL-000400,Watches item UL-000400,Watches,Active,ShopGoodwill,EMP-1001,18.99,1,7/1/2026 9:03:03 AM,7/1/2026 9:15:03 AM,,,3
7010301,UL-000401,Electronics item UL-000401,Electronics,Active,eBay,EMP-1002,9.99,1,7/1/2026 12:06:43 PM,7/1/2026 12:18:43 PM,,,3
7010302,UL-000402,Home Decor item UL-000402,Home Decor,Active,eBay,EMP-1001,18.99,1,7/2/2026 4:56:32 PM,7/2/2026 5:08:32 PM,,,3
7010303,UL-000403,Electronics item UL-000403,Electronics,Active,Amazon,EMP-1003,44.99,1,7/2/2026 1:17:06 PM,7/2/2026 1:29:06 PM,,,3
7010304,UL-000404,Clothing item UL-000404,Clothing,Active,ShopGoodwill,EMP-1001,15.99,1,7/2/2026 3:23:52 PM,7/2/2026 3:35:52 PM,,,3
7010305,UL-000405,Clothing item UL-000405,Clothing,Active,Amazon,EMP-1002,13.99,1,7/2/2026 3:03:06 PM,7/2/2026 3:15:06 PM,,,3
7010306,UL-000406,Sporting Goods item UL-000406,Sporting Goods,Active,Amazon,EMP-1006,29.99,1,7/2/2026 3:31:28 PM,7/2/2026 3:43:28 PM,,,3
7010307,UL-000407,Clothing item UL-000407,Clothing,Active,ShopGoodwill,EMP-1004,12.99,1,7/2/2026 5:07:23 PM,7/2/2026 5:19:23 PM,,,3
7010308,UL-000408,Books item UL-000408,Books,Active,eBay,EMP-1001,49.99,1,7/2/2026 3:43:17 PM,7/2/2026 3:55:17 PM,,,3
7010309,UL-000409,Media item UL-000409,Media,Active,Mercari,EMP-1002,25.99,1,7/2/2026 8:33:43 AM,7/2/2026 8:45:43 AM,,,3
7010310,UL-000410,Books item UL-000410,Books,Active,ShopGoodwill,EMP-1006,37.99,1,7/2/2026 1:36:05 PM,7/2/2026 1:48:05 PM,,,3
7010311,UL-000411,Books item UL-000411,Books,Active,eBay,EMP-1003,14.99,1,7/2/2026 8:17:55 AM,7/2/2026 8:29:55 AM,,,3
7010312,UL-000412,Clothing item UL-000412,Clothing,Active,Amazon,EMP-1005,26.99,1,7/2/2026 2:13:44 PM,7/2/2026 2:25:44 PM,,,3
7010313,UL-000413,Toys item UL-000413,Toys,Active,Amazon,EMP-1005,67.99,1,7/3/2026 3:09:10 PM,7/3/2026 3:21:10 PM,,,3
7010314,UL-000414,Electronics item UL-000414,Electronics,Active,Amazon,EMP-1003,28.99,1,7/3/2026 9:12:04 AM,7/3/2026 9:24:04 AM,,,3
7010315,UL-000415,Electronics item UL-000415,Electronics,Active,ShopGoodwill,EMP-1003,22.99,1,7/3/2026 8:03:38 AM,7/3/2026 8:15:38 AM,,,3
7010316,UL-000416,Books item UL-000416,Books,Active,ShopGoodwill,EMP-1004,27.99,1,7/3/2026 10:27:26 AM,7/3/2026 10:39:26 AM,,,3
7010317,UL-000417,Books item UL-000417,Books,Active,ShopGoodwill,EMP-1005,18.99,1,7/3/2026 10:09:28 AM,7/3/2026 10:21:28 AM,,,3
7010318,UL-000418,Books item UL-000418,Books,Active,ShopGoodwill,EMP-1003,12.99,1,7/4/2026 2:25:47 PM,7/4/2026 2:37:47 PM,,,3
7010319,UL-000419,Clothing item UL-000419,Clothing,Active,ShopGoodwill,EMP-1004,20.99,1,7/4/2026 12:03:54 PM,7/4/2026 12:15:54 PM,,,3
7010320,UL-000420,Home Decor item UL-000420,Home Decor,Active,Amazon,EMP-1004,30.99,1,7/4/2026 11:44:36 AM,7/4/2026 11:56:36 AM,,,3
7010321,UL-000421,Home Decor item UL-000421,Home Decor,Active,eBay,EMP-1002,19.99,1,7/4/2026 2:49:48 PM,7/4/2026 3:01:48 PM,,,3
7010322,UL-000422,Sporting Goods item UL-000422,Sporting Goods,Active,ShopGoodwill,EMP-1005,13.99,1,7/4/2026 9:57:33 AM,7/4/2026 10:09:33 AM,,,3
7010323,UL-000423,Collectibles item UL-000423,Collectibles,Active,ShopGoodwill,EMP-1005,36.99,1,7/4/2026 7:49:23 AM,7/4/2026 8:01:23 AM,,,3
7010324,UL-000424,Electronics item UL-000424,Electronics,Active,ShopGoodwill,EMP-1002,28.99,1,7/4/2026 12:03:50 PM,7/4/2026 12:15:50 PM,,,3
7010325,UL-000425,Shoes item UL-000425,Shoes,Active,ShopGoodwill,EMP-1005,45.99,1,7/4/2026 3:42:18 PM,7/4/2026 3:54:18 PM,,,3
7010326,UL-000426,Books item UL-000426,Books,Active,ShopGoodwill,EMP-1005,34.99,1,7/4/2026 3:42:37 PM,7/4/2026 3:54:37 PM,,,3
7010327,UL-000427,Handbags item UL-000427,Handbags,Active,ShopGoodwill,EMP-1006,35.99,1,7/4/2026 2:18:51 PM,7/4/2026 2:30:51 PM,,,3
7010328,UL-000428,Home Decor item UL-000428,Home Decor,Active,Mercari,EMP-1004,25.99,1,7/4/2026 11:22:27 AM,7/4/2026 11:34:27 AM,,,3
7010329,UL-000429,Clothing item UL-000429,Clothing,Active,Amazon,EMP-1002,25.99,1,7/4/2026 3:33:50 PM,7/4/2026 3:45:50 PM,,,3
7010330,UL-000430,Media item UL-000430,Media,Active,Amazon,EMP-1002,13.99,1,7/4/2026 5:02:57 PM,7/4/2026 5:14:57 PM,,,3
7010331,UL-000431,Media item UL-000431,Media,Active,ShopGoodwill,EMP-1001,31.99,1,7/4/2026 8:17:55 AM,7/4/2026 8:29:55 AM,,,3
7010332,UL-000432,Books item UL-000432,Books,Active,Amazon,EMP-1005,55.99,1,7/4/2026 9:03:05 AM,7/4/2026 9:15:05 AM,,,3
7010333,UL-000433,Electronics item UL-000433,Electronics,Active,ShopGoodwill,EMP-1005,91.99,1,7/4/2026 9:27:49 AM,7/4/2026 9:39:49 AM,,,3
7010334,UL-000434,Clothing item UL-000434,Clothing,Active,eBay,EMP-1005,15.99,1,7/4/2026 12:28:32 PM,7/4/2026 12:40:32 PM,,,3
7010335,UL-000435,Books item UL-000435,Books,Active,Amazon,EMP-1004,29.99,1,7/4/2026 12:03:12 PM,7/4/2026 12:15:12 PM,,,3
7010336,UL-000436,Books item UL-000436,Books,Active,eBay,EMP-1004,55.99,1,7/5/2026 1:43:28 PM,7/5/2026 1:55:28 PM,,,3
7010337,UL-000437,Kitchen item UL-000437,Kitchen,Active,eBay,EMP-1003,12.99,1,7/5/2026 4:11:23 PM,7/5/2026 4:23:23 PM,,,3
7010338,UL-000438,Handbags item UL-000438,Handbags,Active,ShopGoodwill,EMP-1005,23.99,1,7/5/2026 4:11:43 PM,7/5/2026 4:23:43 PM,,,3
7010339,UL-000439,Shoes item UL-000439,Shoes,Active,eBay,EMP-1003,59.99,1,7/5/2026 3:07:45 PM,7/5/2026 3:19:45 PM,,,3
7010340,UL-000440,Books item UL-000440,Books,Active,ShopGoodwill,EMP-1003,75.99,1,7/5/2026 8:46:21 AM,7/5/2026 8:58:21 AM,,,3
7010341,UL-000441,Books item UL-000441,Books,Active,ShopGoodwill,EMP-1002,34.99,1,7/5/2026 5:32:50 PM,7/5/2026 5:44:50 PM,,,3
7010342,UL-000442,Clothing item UL-000442,Clothing,Active,Amazon,EMP-1003,36.99,1,7/5/2026 2:38:57 PM,7/5/2026 2:50:57 PM,,,3
7010343,UL-000443,Electronics item UL-000443,Electronics,Active,ShopGoodwill,EMP-1004,18.99,1,7/5/2026 9:10:18 AM,7/5/2026 9:22:18 AM,,,3
7010344,UL-000444,Clothing item UL-000444,Clothing,Active,ShopGoodwill,EMP-1002,33.99,1,7/5/2026 3:38:53 PM,7/5/2026 3:50:53 PM,,,3
7010345,UL-000445,Books item UL-000445,Books,Active,eBay,EMP-1003,14.99,1,7/5/2026 12:23:28 PM,7/5/2026 12:35:28 PM,,,3
7010346,UL-000446,Home Decor item UL-000446,Home Decor,Active,ShopGoodwill,EMP-1004,14.99,1,7/5/2026 4:23:56 PM,7/5/2026 4:35:56 PM,,,3
7010347,UL-000447,Books item UL-000447,Books,Active,eBay,EMP-1004,18.99,1,7/5/2026 9:37:17 AM,7/5/2026 9:49:17 AM,,,3
7010348,UL-000448,Books item UL-000448,Books,Active,Amazon,EMP-1005,47.99,1,7/5/2026 2:51:41 PM,7/5/2026 3:03:41 PM,,,3
7010349,UL-000449,Electronics item UL-000449,Electronics,Active,Amazon,EMP-1003,55.99,1,7/5/2026 8:53:09 AM,7/5/2026 9:05:09 AM,,,3
7010350,UL-000450,Books item UL-000450,Books,Active,Amazon,EMP-1003,34.99,1,7/5/2026 12:30:22 PM,7/5/2026 12:42:22 PM,,,3
7010351,UL-000451,Kitchen item UL-000451,Kitchen,Active,eBay,EMP-1005,102.99,1,7/5/2026 5:38:30 PM,7/5/2026 5:50:30 PM,,,3
7010352,UL-000452,Kitchen item UL-000452,Kitchen,Active,Amazon,EMP-1005,9.99,1,7/6/2026 8:43:29 AM,7/6/2026 8:55:29 AM,,,2
7010353,UL-000453,Shoes item UL-000453,Shoes,Active,ShopGoodwill,EMP-1003,23.99,1,7/6/2026 9:25:15 AM,7/6/2026 9:37:15 AM,,,2
7010354,UL-000454,Collectibles item UL-000454,Collectibles,Active,ShopGoodwill,EMP-1005,37.99,1,7/6/2026 10:25:51 AM,7/6/2026 10:37:51 AM,,,2
7010355,UL-000455,Clothing item UL-000455,Clothing,Active,ShopGoodwill,EMP-1004,43.99,1,7/6/2026 12:12:54 PM,7/6/2026 12:24:54 PM,,,2
7010356,UL-000456,Clothing item UL-000456,Clothing,Active,ShopGoodwill,EMP-1004,33.99,1,7/6/2026 2:02:02 PM,7/6/2026 2:14:02 PM,,,2
7010357,UL-000457,Media item UL-000457,Media,Active,Amazon,EMP-1005,36.99,1,7/6/2026 3:31:52 PM,7/6/2026 3:43:52 PM,,,2
7010358,UL-000458,Electronics item UL-000458,Electronics,Active,ShopGoodwill,EMP-1005,41.99,1,7/6/2026 3:29:06 PM,7/6/2026 3:41:06 PM,,,2
7010359,UL-000459,Toys item UL-000459,Toys,Active,ShopGoodwill,EMP-1002,14.99,1,7/6/2026 11:31:14 AM,7/6/2026 11:43:14 AM,,,2
7010360,UL-000460,Home Decor item UL-000460,Home Decor,Active,Amazon,EMP-1006,11.99,1,7/6/2026 11:34:03 AM,7/6/2026 11:46:03 AM,,,2
7010361,UL-000461,Electronics item UL-000461,Electronics,Active,eBay,EMP-1006,16.99,1,7/6/2026 3:07:26 PM,7/6/2026 3:19:26 PM,,,2
7010362,UL-000462,Toys item UL-000462,Toys,Active,Mercari,EMP-1004,52.99,1,7/6/2026 10:12:41 AM,7/6/2026 10:24:41 AM,,,2
7010363,UL-000463,Media item UL-000463,Media,Active,eBay,EMP-1003,51.99,1,7/6/2026 3:23:38 PM,7/6/2026 3:35:38 PM,,,2
7010364,UL-000464,Jewelry item UL-000464,Jewelry,Active,ShopGoodwill,EMP-1003,10.99,1,7/6/2026 11:06:29 AM,7/6/2026 11:18:29 AM,,,2
7010365,UL-000465,Electronics item UL-000465,Electronics,Active,eBay,EMP-1005,24.99,1,7/6/2026 8:34:58 AM,7/6/2026 8:46:58 AM,,,2
7010366,UL-000466,Collectibles item UL-000466,Collectibles,Active,Amazon,EMP-1006,22.99,1,7/6/2026 1:38:45 PM,7/6/2026 1:50:45 PM,,,2
7010367,UL-000467,Electronics item UL-000467,Electronics,Active,ShopGoodwill,EMP-1006,82.99,1,7/7/2026 2:18:50 PM,7/7/2026 2:30:50 PM,,,2
7010368,UL-000468,Home Decor item UL-000468,Home Decor,Active,ShopGoodwill,EMP-1003,17.99,1,7/7/2026 2:45:16 PM,7/7/2026 2:57:16 PM,,,2
7010369,UL-000469,Kitchen item UL-000469,Kitchen,Active,Amazon,EMP-1003,11.99,1,7/7/2026 3:05:35 PM,7/7/2026 3:17:35 PM,,,2
7010370,UL-000470,Shoes item UL-000470,Shoes,Active,ShopGoodwill,EMP-1006,30.99,1,7/7/2026 2:36:19 PM,7/7/2026 2:48:19 PM,,,2
7010371,UL-000471,Collectibles item UL-000471,Collectibles,Active,Amazon,EMP-1001,92.99,1,7/7/2026 4:11:38 PM,7/7/2026 4:23:38 PM,,,2
7010372,UL-000472,Jewelry item UL-000472,Jewelry,Active,ShopGoodwill,EMP-1001,6.99,1,7/7/2026 9:35:43 AM,7/7/2026 9:47:43 AM,,,2
7010373,UL-000473,Home Decor item UL-000473,Home Decor,Active,ShopGoodwill,EMP-1003,16.99,1,7/7/2026 12:15:09 PM,7/7/2026 12:27:09 PM,,,2
7010374,UL-000474,Books item UL-000474,Books,Active,Mercari,EMP-1004,21.99,1,7/7/2026 3:54:27 PM,7/7/2026 4:06:27 PM,,,2
7010375,UL-000475,Media item UL-000475,Media,Active,Amazon,EMP-1004,27.99,1,7/7/2026 9:25:20 AM,7/7/2026 9:37:20 AM,,,2
7010376,UL-000476,Art item UL-000476,Art,Active,Amazon,EMP-1002,32.99,1,7/7/2026 8:43:11 AM,7/7/2026 8:55:11 AM,,,2
7010377,UL-000477,Home Decor item UL-000477,Home Decor,Active,eBay,EMP-1004,12.99,1,7/7/2026 11:50:14 AM,7/7/2026 12:02:14 PM,,,2
7010378,UL-000478,Collectibles item UL-000478,Collectibles,Active,Amazon,EMP-1004,32.99,1,7/7/2026 1:19:53 PM,7/7/2026 1:31:53 PM,,,2
7010379,UL-000479,Clothing item UL-000479,Clothing,Active,ShopGoodwill,EMP-1002,16.99,1,7/7/2026 1:02:08 PM,7/7/2026 1:14:08 PM,,,2
7010380,UL-000480,Books item UL-000480,Books,Active,eBay,EMP-1002,10.99,1,7/8/2026 10:04:02 AM,7/8/2026 10:16:02 AM,,,2
7010381,UL-000481,Books item UL-000481,Books,Active,Mercari,EMP-1002,17.99,1,7/8/2026 9:35:37 AM,7/8/2026 9:47:37 AM,,,2
7010382,UL-000482,Electronics item UL-000482,Electronics,Active,Amazon,EMP-1003,19.99,1,7/8/2026 2:13:29 PM,7/8/2026 2:25:29 PM,,,2
7010383,UL-000483,Books item UL-000483,Books,Active,eBay,EMP-1005,79.99,1,7/9/2026 10:25:14 AM,7/9/2026 10:37:14 AM,,,2
7010384,UL-000484,Collectibles item UL-000484,Collectibles,Active,ShopGoodwill,EMP-1004,24.99,1,7/9/2026 1:48:04 PM,7/9/2026 2:00:04 PM,,,2
7010385,UL-000485,Media item UL-000485,Media,Active,ShopGoodwill,EMP-1005,20.99,1,7/9/2026 10:09:37 AM,7/9/2026 10:21:37 AM,,,2
7010386,UL-000486,Kitchen item UL-000486,Kitchen,Active,eBay,EMP-1006,33.99,1,7/9/2026 8:54:46 AM,7/9/2026 9:06:46 AM,,,2
7010387,UL-000487,Books item UL-000487,Books,Active,eBay,EMP-1006,17.99,1,7/9/2026 7:55:35 AM,7/9/2026 8:07:35 AM,,,2
7010388,UL-000488,Home Decor item UL-000488,Home Decor,Active,Amazon,EMP-1003,42.99,1,7/9/2026 3:52:07 PM,7/9/2026 4:04:07 PM,,,2
7010389,UL-000489,Home Decor item UL-000489,Home Decor,Active,Amazon,EMP-1005,69.99,1,7/9/2026 3:57:32 PM,7/9/2026 4:09:32 PM,,,2
7010390,UL-000490,Toys item UL-000490,Toys,Active,ShopGoodwill,EMP-1003,36.99,1,7/9/2026 8:27:45 AM,7/9/2026 8:39:45 AM,,,2
7010391,UL-000491,Collectibles item UL-000491,Collectibles,Active,Amazon,EMP-1003,27.99,1,7/9/2026 1:05:56 PM,7/9/2026 1:17:56 PM,,,2
7010392,UL-000492,Kitchen item UL-000492,Kitchen,Active,Mercari,EMP-1005,18.99,1,7/10/2026 2:05:14 PM,7/10/2026 2:17:14 PM,,,2
7010393,UL-000493,Clothing item UL-000493,Clothing,Active,ShopGoodwill,EMP-1001,4.99,1,7/10/2026 1:14:45 PM,7/10/2026 1:26:45 PM,,,2
7010394,UL-000494,Collectibles item UL-000494,Collectibles,Active,ShopGoodwill,EMP-1001,40.99,1,7/10/2026 5:12:05 PM,7/10/2026 5:24:05 PM,,,2
7010395,UL-000495,Home Decor item UL-000495,Home Decor,Active,ShopGoodwill,EMP-1001,15.99,1,7/10/2026 2:01:47 PM,7/10/2026 2:13:47 PM,,,2
7010396,UL-000496,Media item UL-000496,Media,Active,Amazon,EMP-1006,43.99,1,7/10/2026 4:26:36 PM,7/10/2026 4:38:36 PM,,,2
7010397,UL-000497,Media item UL-000497,Media,Active,eBay,EMP-1004,31.99,1,7/10/2026 10:46:40 AM,7/10/2026 10:58:40 AM,,,2
7010398,UL-000498,Electronics item UL-000498,Electronics,Active,Mercari,EMP-1001,6.99,1,7/10/2026 8:35:17 AM,7/10/2026 8:47:17 AM,,,2
7010399,UL-000499,Clothing item UL-000499,Clothing,Active,ShopGoodwill,EMP-1001,11.99,1,7/10/2026 1:01:09 PM,7/10/2026 1:13:09 PM,,,2
7010400,UL-000500,Handbags item UL-000500,Handbags,Active,ShopGoodwill,EMP-1001,30.99,1,7/10/2026 9:23:36 AM,7/10/2026 9:35:36 AM,,,2
7010401,UL-000501,Kitchen item UL-000501,Kitchen,Active,Amazon,EMP-1005,25.99,1,7/10/2026 1:44:50 PM,7/10/2026 1:56:50 PM,,,2
7010402,UL-000502,Shoes item UL-000502,Shoes,Active,eBay,EMP-1003,11.99,1,7/10/2026 12:43:54 PM,7/10/2026 12:55:54 PM,,,2
7010403,UL-000503,Books item UL-000503,Books,Active,ShopGoodwill,EMP-1001,16.99,1,7/10/2026 3:18:58 PM,7/10/2026 3:30:58 PM,,,2
7010404,UL-000504,Kitchen item UL-000504,Kitchen,Active,eBay,EMP-1004,18.99,1,7/10/2026 2:35:52 PM,7/10/2026 2:47:52 PM,,,2
7010405,UL-000505,Books item UL-000505,Books,Active,ShopGoodwill,EMP-1004,18.99,1,7/10/2026 5:42:49 PM,7/10/2026 5:54:49 PM,,,2
7010406,UL-000506,Clothing item UL-000506,Clothing,Active,Mercari,EMP-1006,24.99,1,7/10/2026 5:16:53 PM,7/10/2026 5:28:53 PM,,,2
7010407,UL-000507,Books item UL-000507,Books,Active,Mercari,EMP-1003,49.99,1,7/10/2026 8:02:10 AM,7/10/2026 8:14:10 AM,,,2
7010408,UL-000508,Books item UL-000508,Books,Active,Amazon,EMP-1003,40.99,1,7/11/2026 4:13:56 PM,7/11/2026 4:25:56 PM,,,2
7010409,UL-000509,Collectibles item UL-000509,Collectibles,Active,Amazon,EMP-1005,49.99,1,7/11/2026 3:46:22 PM,7/11/2026 3:58:22 PM,,,2
7010410,UL-000510,Collectibles item UL-000510,Collectibles,Active,Amazon,EMP-1002,20.99,1,7/11/2026 4:20:09 PM,7/11/2026 4:32:09 PM,,,2
7010411,UL-000511,Jewelry item UL-000511,Jewelry,Active,eBay,EMP-1003,29.99,1,7/11/2026 2:11:00 PM,7/11/2026 2:23:00 PM,,,2
7010412,UL-000512,Jewelry item UL-000512,Jewelry,Active,ShopGoodwill,EMP-1001,23.99,1,7/11/2026 4:26:10 PM,7/11/2026 4:38:10 PM,,,2
7010413,UL-000513,Collectibles item UL-000513,Collectibles,Active,Amazon,EMP-1001,12.99,1,7/11/2026 4:45:54 PM,7/11/2026 4:57:54 PM,,,2
7010414,UL-000514,Clothing item UL-000514,Clothing,Active,ShopGoodwill,EMP-1001,15.99,1,7/11/2026 9:24:13 AM,7/11/2026 9:36:13 AM,,,2
7010415,UL-000515,Media item UL-000515,Media,Active,eBay,EMP-1006,17.99,1,7/11/2026 3:19:15 PM,7/11/2026 3:31:15 PM,,,2
7010416,UL-000516,Shoes item UL-000516,Shoes,Active,Mercari,EMP-1005,27.99,1,7/11/2026 9:36:30 AM,7/11/2026 9:48:30 AM,,,2
7010417,UL-000517,Clothing item UL-000517,Clothing,Active,ShopGoodwill,EMP-1002,10.99,1,7/11/2026 12:34:47 PM,7/11/2026 12:46:47 PM,,,2
7010418,UL-000518,Books item UL-000518,Books,Active,Amazon,EMP-1006,54.99,1,7/11/2026 8:20:16 AM,7/11/2026 8:32:16 AM,,,2
7010419,UL-000519,Electronics item UL-000519,Electronics,Active,eBay,EMP-1004,13.99,1,7/11/2026 2:28:54 PM,7/11/2026 2:40:54 PM,,,2
7010420,UL-000520,Home Decor item UL-000520,Home Decor,Active,Amazon,EMP-1001,34.99,1,7/11/2026 8:26:05 AM,7/11/2026 8:38:05 AM,,,2
7010421,UL-000521,Clothing item UL-000521,Clothing,Active,eBay,EMP-1006,15.99,1,7/11/2026 9:21:02 AM,7/11/2026 9:33:02 AM,,,2
7010422,UL-000522,Clothing item UL-000522,Clothing,Active,ShopGoodwill,EMP-1005,39.99,1,7/11/2026 3:05:11 PM,7/11/2026 3:17:11 PM,,,2
7010423,UL-000523,Books item UL-000523,Books,Active,Mercari,EMP-1001,41.99,1,7/11/2026 11:12:23 AM,7/11/2026 11:24:23 AM,,,2
7010424,UL-000524,Media item UL-000524,Media,Active,eBay,EMP-1003,50.99,1,7/12/2026 8:43:22 AM,7/12/2026 8:55:22 AM,,,2
7010425,UL-000525,Home Decor item UL-000525,Home Decor,Active,Mercari,EMP-1001,38.99,1,7/12/2026 2:42:24 PM,7/12/2026 2:54:24 PM,,,2
7010426,UL-000526,Books item UL-000526,Books,Active,ShopGoodwill,EMP-1002,4.99,1,7/12/2026 2:28:35 PM,7/12/2026 2:40:35 PM,,,2
7010427,UL-000527,Media item UL-000527,Media,Active,eBay,EMP-1004,17.99,1,7/12/2026 8:42:03 AM,7/12/2026 8:54:03 AM,,,2
7010428,UL-000528,Jewelry item UL-000528,Jewelry,Active,ShopGoodwill,EMP-1006,65.99,1,7/12/2026 1:34:08 PM,7/12/2026 1:46:08 PM,,,2
7010429,UL-000529,Books item UL-000529,Books,Active,ShopGoodwill,EMP-1003,27.99,1,7/12/2026 8:53:26 AM,7/12/2026 9:05:26 AM,,,2
7010430,UL-000530,Clothing item UL-000530,Clothing,Active,Amazon,EMP-1003,25.99,1,7/12/2026 9:06:04 AM,7/12/2026 9:18:04 AM,,,2
7010431,UL-000531,Media item UL-000531,Media,Active,ShopGoodwill,EMP-1003,30.99,1,7/12/2026 8:46:11 AM,7/12/2026 8:58:11 AM,,,2
7010432,UL-000532,Clothing item UL-000532,Clothing,Active,Mercari,EMP-1006,15.99,1,7/12/2026 9:47:06 AM,7/12/2026 9:59:06 AM,,,2
7010433,UL-000533,Books item UL-000533,Books,Active,Mercari,EMP-1006,15.99,1,7/12/2026 4:53:41 PM,7/12/2026 5:05:41 PM,,,2
7010434,UL-000534,Home Decor item UL-000534,Home Decor,Active,eBay,EMP-1002,36.99,1,7/12/2026 4:04:34 PM,7/12/2026 4:16:34 PM,,,2
7010435,UL-000535,Books item UL-000535,Books,Active,Amazon,EMP-1002,26.99,1,7/12/2026 11:17:49 AM,7/12/2026 11:29:49 AM,,,2
7010436,UL-000536,Collectibles item UL-000536,Collectibles,Active,eBay,EMP-1005,35.99,1,7/12/2026 4:57:55 PM,7/12/2026 5:09:55 PM,,,2
7010437,UL-000537,Jewelry item UL-000537,Jewelry,Active,Amazon,EMP-1005,64.99,1,7/12/2026 10:18:25 AM,7/12/2026 10:30:25 AM,,,2
7010438,UL-000538,Clothing item UL-000538,Clothing,Active,ShopGoodwill,EMP-1003,15.99,1,7/12/2026 4:48:08 PM,7/12/2026 5:00:08 PM,,,2
7010439,UL-000539,Books item UL-000539,Books,Active,Mercari,EMP-1001,49.99,1,7/12/2026 10:21:23 AM,7/12/2026 10:33:23 AM,,,2
7010440,UL-000540,Collectibles item UL-000540,Collectibles,Active,Amazon,EMP-1003,54.99,1,7/12/2026 11:57:02 AM,7/12/2026 12:09:02 PM,,,2
7010441,UL-000541,Media item UL-000541,Media,Active,eBay,EMP-1005,10.99,1,7/12/2026 1:10:23 PM,7/12/2026 1:22:23 PM,,,2
7010442,UL-000542,Collectibles item UL-000542,Collectibles,Active,Amazon,EMP-1002,23.99,1,7/12/2026 2:00:03 PM,7/12/2026 2:12:03 PM,,,2
7010443,UL-000543,Collectibles item UL-000543,Collectibles,Active,ShopGoodwill,EMP-1003,14.99,1,7/12/2026 10:41:46 AM,7/12/2026 10:53:46 AM,,,2
7010444,UL-000544,Toys item UL-000544,Toys,Active,ShopGoodwill,EMP-1001,15.99,1,7/12/2026 3:59:58 PM,7/12/2026 4:11:58 PM,,,2
7010445,UL-000545,Books item UL-000545,Books,Active,Amazon,EMP-1005,9.99,1,7/13/2026 1:22:06 PM,7/13/2026 1:34:06 PM,,,2
7010446,UL-000546,Books item UL-000546,Books,Active,ShopGoodwill,EMP-1003,15.99,1,7/13/2026 12:34:55 PM,7/13/2026 12:46:55 PM,,,2
7010447,UL-000547,Electronics item UL-000547,Electronics,Active,ShopGoodwill,EMP-1005,57.99,1,7/13/2026 4:37:24 PM,7/13/2026 4:49:24 PM,,,2
7010448,UL-000548,Jewelry item UL-000548,Jewelry,Active,Amazon,EMP-1005,28.99,1,7/13/2026 3:49:11 PM,7/13/2026 4:01:11 PM,,,2
7010449,UL-000549,Media item UL-000549,Media,Active,ShopGoodwill,EMP-1006,19.99,1,7/13/2026 2:57:55 PM,7/13/2026 3:09:55 PM,,,2
7010450,UL-000550,Media item UL-000550,Media,Active,eBay,EMP-1005,51.99,1,7/13/2026 4:38:18 PM,7/13/2026 4:50:18 PM,,,2
7010451,UL-000551,Books item UL-000551,Books,Active,Amazon,EMP-1004,19.99,1,7/13/2026 2:30:00 PM,7/13/2026 2:42:00 PM,,,2
7010452,UL-000552,Toys item UL-000552,Toys,Active,Amazon,EMP-1003,27.99,1,7/13/2026 7:55:27 AM,7/13/2026 8:07:27 AM,,,2
7010453,UL-000553,Home Decor item UL-000553,Home Decor,Active,ShopGoodwill,EMP-1005,29.99,1,7/13/2026 9:28:19 AM,7/13/2026 9:40:19 AM,,,2
7010454,UL-000554,Media item UL-000554,Media,Active,ShopGoodwill,EMP-1001,10.99,1,7/13/2026 10:58:45 AM,7/13/2026 11:10:45 AM,,,2
7010455,UL-000555,Home Decor item UL-000555,Home Decor,Active,ShopGoodwill,EMP-1006,29.99,1,7/13/2026 10:07:57 AM,7/13/2026 10:19:57 AM,,,2
7010456,UL-000556,Shoes item UL-000556,Shoes,Active,Amazon,EMP-1003,78.99,1,7/13/2026 2:06:38 PM,7/13/2026 2:18:38 PM,,,2
7010457,UL-000557,Books item UL-000557,Books,Active,ShopGoodwill,EMP-1004,78.99,1,7/14/2026 12:32:36 PM,7/14/2026 12:44:36 PM,,,2
7010458,UL-000558,Books item UL-000558,Books,Active,Amazon,EMP-1004,23.99,1,7/14/2026 2:20:31 PM,7/14/2026 2:32:31 PM,,,2
7010459,UL-000559,Books item UL-000559,Books,Active,ShopGoodwill,EMP-1001,24.99,1,7/14/2026 9:31:50 AM,7/14/2026 9:43:50 AM,,,2
7010460,UL-000560,Electronics item UL-000560,Electronics,Active,eBay,EMP-1005,26.99,1,7/14/2026 1:49:58 PM,7/14/2026 2:01:58 PM,,,2
7010461,UL-000561,Collectibles item UL-000561,Collectibles,Active,Amazon,EMP-1004,18.99,1,7/14/2026 8:30:39 AM,7/14/2026 8:42:39 AM,,,2
7010462,UL-000562,Books item UL-000562,Books,Active,Amazon,EMP-1005,39.99,1,7/14/2026 10:55:40 AM,7/14/2026 11:07:40 AM,,,2
7010463,UL-000563,Clothing item UL-000563,Clothing,Active,ShopGoodwill,EMP-1001,33.99,1,7/14/2026 11:34:25 AM,7/14/2026 11:46:25 AM,,,2
7010464,UL-000564,Clothing item UL-000564,Clothing,Active,ShopGoodwill,EMP-1001,12.99,1,7/14/2026 4:16:00 PM,7/14/2026 4:28:00 PM,,,2
7010465,UL-000565,Home Decor item UL-000565,Home Decor,Active,ShopGoodwill,EMP-1002,62.99,1,7/14/2026 8:23:26 AM,7/14/2026 8:35:26 AM,,,2
7010466,UL-000566,Toys item UL-000566,Toys,Active,ShopGoodwill,EMP-1005,15.99,1,7/14/2026 11:24:40 AM,7/14/2026 11:36:40 AM,,,2
7010467,UL-000567,Kitchen item UL-000567,Kitchen,Active,ShopGoodwill,EMP-1003,47.99,1,7/14/2026 1:58:38 PM,7/14/2026 2:10:38 PM,,,2
7010468,UL-000568,Clothing item UL-000568,Clothing,Active,ShopGoodwill,EMP-1004,29.99,1,7/14/2026 12:02:06 PM,7/14/2026 12:14:06 PM,,,2
7010469,UL-000569,Collectibles item UL-000569,Collectibles,Active,Amazon,EMP-1006,14.99,1,7/15/2026 5:27:45 PM,7/15/2026 5:39:45 PM,,,2
7010470,UL-000570,Collectibles item UL-000570,Collectibles,Active,eBay,EMP-1002,105.99,1,7/15/2026 3:40:35 PM,7/15/2026 3:52:35 PM,,,2
7010471,UL-000571,Watches item UL-000571,Watches,Active,Amazon,EMP-1001,16.99,1,7/15/2026 5:21:57 PM,7/15/2026 5:33:57 PM,,,2
7010472,UL-000572,Clothing item UL-000572,Clothing,Active,Amazon,EMP-1002,54.99,1,7/15/2026 3:17:20 PM,7/15/2026 3:29:20 PM,,,2
7010473,UL-000573,Clothing item UL-000573,Clothing,Active,eBay,EMP-1002,26.99,1,7/15/2026 1:49:10 PM,7/15/2026 2:01:10 PM,,,2
7010474,UL-000574,Sporting Goods item UL-000574,Sporting Goods,Active,Amazon,EMP-1002,23.99,1,7/15/2026 9:53:27 AM,7/15/2026 10:05:27 AM,,,2
7010475,UL-000575,Clothing item UL-000575,Clothing,Active,ShopGoodwill,EMP-1003,24.99,1,7/15/2026 3:13:04 PM,7/15/2026 3:25:04 PM,,,2
7010476,UL-000576,Sporting Goods item UL-000576,Sporting Goods,Active,Amazon,EMP-1004,25.99,1,7/15/2026 11:28:01 AM,7/15/2026 11:40:01 AM,,,2
7010477,UL-000577,Clothing item UL-000577,Clothing,Active,Mercari,EMP-1001,18.99,1,7/16/2026 2:54:01 PM,7/16/2026 3:06:01 PM,,,2
7010478,UL-000578,Media item UL-000578,Media,Active,ShopGoodwill,EMP-1002,32.99,1,7/16/2026 12:09:00 PM,7/16/2026 12:21:00 PM,,,2
7010479,UL-000579,Books item UL-000579,Books,Active,Amazon,EMP-1004,12.99,1,7/16/2026 1:55:08 PM,7/16/2026 2:07:08 PM,,,2
7010480,UL-000580,Handbags item UL-000580,Handbags,Active,ShopGoodwill,EMP-1003,27.99,1,7/16/2026 5:32:17 PM,7/16/2026 5:44:17 PM,,,2
7010481,UL-000581,Books item UL-000581,Books,Active,Amazon,EMP-1004,54.99,1,7/16/2026 8:39:19 AM,7/16/2026 8:51:19 AM,,,2
7010482,UL-000582,Handbags item UL-000582,Handbags,Active,Amazon,EMP-1004,20.99,1,7/16/2026 8:11:12 AM,7/16/2026 8:23:12 AM,,,2
7010483,UL-000583,Jewelry item UL-000583,Jewelry,Active,Mercari,EMP-1003,12.99,1,7/16/2026 9:32:57 AM,7/16/2026 9:44:57 AM,,,2
7010484,UL-000584,Books item UL-000584,Books,Active,eBay,EMP-1003,55.99,1,7/16/2026 4:12:58 PM,7/16/2026 4:24:58 PM,,,2
7010485,UL-000585,Toys item UL-000585,Toys,Active,eBay,EMP-1003,51.99,1,7/16/2026 8:23:34 AM,7/16/2026 8:35:34 AM,,,2
7010486,UL-000586,Home Decor item UL-000586,Home Decor,Active,eBay,EMP-1002,31.99,1,7/16/2026 2:56:02 PM,7/16/2026 3:08:02 PM,,,2
7010487,UL-000587,Electronics item UL-000587,Electronics,Active,ShopGoodwill,EMP-1005,44.99,1,7/16/2026 2:41:09 PM,7/16/2026 2:53:09 PM,,,2
7010488,UL-000588,Home Decor item UL-000588,Home Decor,Active,eBay,EMP-1006,33.99,1,7/16/2026 1:10:14 PM,7/16/2026 1:22:14 PM,,,2
7010489,UL-000589,Clothing item UL-000589,Clothing,Active,Amazon,EMP-1006,21.99,1,7/17/2026 9:43:21 AM,7/17/2026 9:55:21 AM,,,2
7010490,UL-000590,Collectibles item UL-000590,Collectibles,Active,eBay,EMP-1005,28.99,1,7/17/2026 4:07:59 PM,7/17/2026 4:19:59 PM,,,2
7010491,UL-000591,Books item UL-000591,Books,Active,ShopGoodwill,EMP-1002,19.99,1,7/17/2026 3:16:25 PM,7/17/2026 3:28:25 PM,,,2
7010492,UL-000592,Books item UL-000592,Books,Active,Amazon,EMP-1003,8.99,1,7/17/2026 8:13:24 AM,7/17/2026 8:25:24 AM,,,2
7010493,UL-000593,Watches item UL-000593,Watches,Active,eBay,EMP-1004,11.99,1,7/17/2026 4:10:51 PM,7/17/2026 4:22:51 PM,,,2
7010494,UL-000594,Books item UL-000594,Books,Active,ShopGoodwill,EMP-1001,94.99,1,7/18/2026 11:22:39 AM,7/18/2026 11:34:39 AM,,,2
7010495,UL-000595,Books item UL-000595,Books,Active,ShopGoodwill,EMP-1002,19.99,1,7/18/2026 9:45:35 AM,7/18/2026 9:57:35 AM,,,2
7010496,UL-000596,Collectibles item UL-000596,Collectibles,Active,Mercari,EMP-1004,23.99,1,7/18/2026 5:22:22 PM,7/18/2026 5:34:22 PM,,,2
7010497,UL-000597,Watches item UL-000597,Watches,Active,Amazon,EMP-1005,12.99,1,7/18/2026 5:19:35 PM,7/18/2026 5:31:35 PM,,,2
7010498,UL-000598,Media item UL-000598,Media,Active,ShopGoodwill,EMP-1004,34.99,1,7/18/2026 3:14:58 PM,7/18/2026 3:26:58 PM,,,2
7010499,UL-000599,Books item UL-000599,Books,Active,eBay,EMP-1006,16.99,1,7/18/2026 8:37:18 AM,7/18/2026 8:49:18 AM,,,2
7010500,UL-000600,Electronics item UL-000600,Electronics,Active,Amazon,EMP-1005,24.99,1,7/18/2026 12:56:34 PM,7/18/2026 1:08:34 PM,,,2
7010501,UL-000601,Sporting Goods item UL-000601,Sporting Goods,Active,Amazon,EMP-1005,47.99,1,7/18/2026 1:25:09 PM,7/18/2026 1:37:09 PM,,,2
7010502,UL-000602,Books item UL-000602,Books,Active,Amazon,EMP-1001,14.99,1,7/18/2026 8:22:26 AM,7/18/2026 8:34:26 AM,,,2
7010503,UL-000603,Jewelry item UL-000603,Jewelry,Active,ShopGoodwill,EMP-1002,19.99,1,7/18/2026 10:01:53 AM,7/18/2026 10:13:53 AM,,,2
7010504,UL-000604,Electronics item UL-000604,Electronics,Active,ShopGoodwill,EMP-1004,18.99,1,7/18/2026 1:37:15 PM,7/18/2026 1:49:15 PM,,,2
7010505,UL-000605,Handbags item UL-000605,Handbags,Active,Amazon,EMP-1006,25.99,1,7/18/2026 2:58:06 PM,7/18/2026 3:10:06 PM,,,2
7010506,UL-000606,Electronics item UL-000606,Electronics,Active,eBay,EMP-1006,27.99,1,7/19/2026 11:02:48 AM,7/19/2026 11:14:48 AM,,,2
7010507,UL-000607,Shoes item UL-000607,Shoes,Active,eBay,EMP-1004,19.99,1,7/19/2026 9:00:38 AM,7/19/2026 9:12:38 AM,,,2
7010508,UL-000608,Collectibles item UL-000608,Collectibles,Active,ShopGoodwill,EMP-1002,62.99,1,7/19/2026 5:17:49 PM,7/19/2026 5:29:49 PM,,,2
7010509,UL-000609,Art item UL-000609,Art,Active,eBay,EMP-1002,13.99,1,7/19/2026 5:41:06 PM,7/19/2026 5:53:06 PM,,,2
7010510,UL-000610,Clothing item UL-000610,Clothing,Active,Amazon,EMP-1003,33.99,1,7/19/2026 2:10:07 PM,7/19/2026 2:22:07 PM,,,2
7010511,UL-000611,Books item UL-000611,Books,Active,ShopGoodwill,EMP-1004,21.99,1,7/19/2026 12:06:20 PM,7/19/2026 12:18:20 PM,,,2
7010512,UL-000612,Watches item UL-000612,Watches,Active,ShopGoodwill,EMP-1001,83.99,1,7/19/2026 10:26:17 AM,7/19/2026 10:38:17 AM,,,2
7010513,UL-000613,Books item UL-000613,Books,Active,ShopGoodwill,EMP-1001,63.99,1,7/19/2026 1:01:41 PM,7/19/2026 1:13:41 PM,,,2
7010514,UL-000614,Toys item UL-000614,Toys,Active,Amazon,EMP-1004,21.99,1,7/19/2026 8:56:08 AM,7/19/2026 9:08:08 AM,,,2
7010515,UL-000615,Watches item UL-000615,Watches,Active,eBay,EMP-1004,14.99,1,7/19/2026 4:53:32 PM,7/19/2026 5:05:32 PM,,,2
7010516,UL-000616,Watches item UL-000616,Watches,Active,eBay,EMP-1003,27.99,1,7/19/2026 10:33:14 AM,7/19/2026 10:45:14 AM,,,2
7010517,UL-000617,Shoes item UL-000617,Shoes,Active,ShopGoodwill,EMP-1002,29.99,1,7/19/2026 10:50:31 AM,7/19/2026 11:02:31 AM,,,2
7010518,UL-000618,Electronics item UL-000618,Electronics,Active,ShopGoodwill,EMP-1005,20.99,1,7/19/2026 1:38:33 PM,7/19/2026 1:50:33 PM,,,2
7010519,UL-000619,Books item UL-000619,Books,Active,eBay,EMP-1005,14.99,1,7/19/2026 9:05:22 AM,7/19/2026 9:17:22 AM,,,2
7010520,UL-000620,Collectibles item UL-000620,Collectibles,Active,eBay,EMP-1002,16.99,1,7/20/2026 3:11:49 PM,7/20/2026 3:23:49 PM,,,2
7010521,UL-000621,Books item UL-000621,Books,Active,Amazon,EMP-1006,26.99,1,7/20/2026 3:45:10 PM,7/20/2026 3:57:10 PM,,,2
7010522,UL-000622,Books item UL-000622,Books,Active,Mercari,EMP-1002,47.99,1,7/20/2026 10:24:26 AM,7/20/2026 10:36:26 AM,,,2
7010523,UL-000623,Electronics item UL-000623,Electronics,Active,ShopGoodwill,EMP-1002,14.99,1,7/20/2026 3:58:21 PM,7/20/2026 4:10:21 PM,,,2
7010524,UL-000624,Toys item UL-000624,Toys,Active,ShopGoodwill,EMP-1004,8.99,1,7/20/2026 3:22:25 PM,7/20/2026 3:34:25 PM,,,2
7010525,UL-000625,Shoes item UL-000625,Shoes,Active,Amazon,EMP-1004,21.99,1,7/20/2026 8:34:03 AM,7/20/2026 8:46:03 AM,,,2
7010526,UL-000626,Clothing item UL-000626,Clothing,Active,Amazon,EMP-1003,8.99,1,7/20/2026 11:27:42 AM,7/20/2026 11:39:42 AM,,,2
7010527,UL-000627,Books item UL-000627,Books,Active,Amazon,EMP-1004,25.99,1,7/20/2026 1:00:48 PM,7/20/2026 1:12:48 PM,,,2
7010528,UL-000628,Watches item UL-000628,Watches,Active,ShopGoodwill,EMP-1005,24.99,1,7/20/2026 12:44:52 PM,7/20/2026 12:56:52 PM,,,2
7010529,UL-000629,Electronics item UL-000629,Electronics,Active,Amazon,EMP-1005,18.99,1,7/20/2026 12:54:53 PM,7/20/2026 1:06:53 PM,,,2
7010530,UL-000630,Media item UL-000630,Media,Active,eBay,EMP-1006,16.99,1,7/20/2026 9:11:32 AM,7/20/2026 9:23:32 AM,,,2
7010531,UL-000631,Clothing item UL-000631,Clothing,Active,Amazon,EMP-1001,10.99,1,7/20/2026 9:57:03 AM,7/20/2026 10:09:03 AM,,,2
7010532,UL-000632,Books item UL-000632,Books,Active,eBay,EMP-1003,19.99,1,7/20/2026 4:21:55 PM,7/20/2026 4:33:55 PM,,,2
7010533,UL-000633,Watches item UL-000633,Watches,Active,ShopGoodwill,EMP-1003,23.99,1,7/20/2026 12:31:06 PM,7/20/2026 12:43:06 PM,,,2
7010534,UL-000634,Art item UL-000634,Art,Active,ShopGoodwill,EMP-1005,52.99,1,7/20/2026 9:12:10 AM,7/20/2026 9:24:10 AM,,,2
7010535,UL-000635,Books item UL-000635,Books,Active,Mercari,EMP-1003,35.99,1,7/20/2026 9:48:02 AM,7/20/2026 10:00:02 AM,,,2
7010536,UL-000636,Collectibles item UL-000636,Collectibles,Active,ShopGoodwill,EMP-1001,33.99,1,7/20/2026 7:51:34 AM,7/20/2026 8:03:34 AM,,,2
7010537,UL-000637,Books item UL-000637,Books,Active,Amazon,EMP-1006,32.99,1,7/20/2026 11:47:11 AM,7/20/2026 11:59:11 AM,,,2
7010538,UL-000638,Clothing item UL-000638,Clothing,Active,Amazon,EMP-1006,14.99,1,7/21/2026 1:41:22 PM,7/21/2026 1:53:22 PM,,,2
7010539,UL-000639,Books item UL-000639,Books,Active,eBay,EMP-1002,18.99,1,7/21/2026 4:43:34 PM,7/21/2026 4:55:34 PM,,,2
7010540,UL-000640,Collectibles item UL-000640,Collectibles,Active,Amazon,EMP-1006,13.99,1,7/21/2026 11:05:55 AM,7/21/2026 11:17:55 AM,,,2
7010541,UL-000641,Shoes item UL-000641,Shoes,Active,Amazon,EMP-1003,59.99,1,7/21/2026 3:34:24 PM,7/21/2026 3:46:24 PM,,,2
7010542,UL-000642,Clothing item UL-000642,Clothing,Active,eBay,EMP-1003,26.99,1,7/21/2026 12:53:03 PM,7/21/2026 1:05:03 PM,,,2
7010543,UL-000643,Electronics item UL-000643,Electronics,Active,ShopGoodwill,EMP-1001,22.99,1,7/21/2026 4:02:55 PM,7/21/2026 4:14:55 PM,,,2
7010544,UL-000644,Media item UL-000644,Media,Active,eBay,EMP-1002,43.99,1,7/21/2026 5:21:51 PM,7/21/2026 5:33:51 PM,,,2
7010545,UL-000645,Collectibles item UL-000645,Collectibles,Active,Amazon,EMP-1005,16.99,1,7/21/2026 11:14:48 AM,7/21/2026 11:26:48 AM,,,2
7010546,UL-000646,Books item UL-000646,Books,Active,ShopGoodwill,EMP-1002,16.99,1,7/21/2026 2:33:40 PM,7/21/2026 2:45:40 PM,,,2
7010547,UL-000647,Collectibles item UL-000647,Collectibles,Active,Amazon,EMP-1003,9.99,1,7/21/2026 9:07:50 AM,7/21/2026 9:19:50 AM,,,2
7010548,UL-000648,Media item UL-000648,Media,Active,ShopGoodwill,EMP-1001,14.99,1,7/21/2026 12:37:18 PM,7/21/2026 12:49:18 PM,,,2
7010549,UL-000649,Handbags item UL-000649,Handbags,Active,ShopGoodwill,EMP-1006,11.99,1,7/22/2026 10:14:30 AM,7/22/2026 10:26:30 AM,,,2
7010550,UL-000650,Shoes item UL-000650,Shoes,Active,ShopGoodwill,EMP-1001,130.99,1,7/22/2026 9:36:16 AM,7/22/2026 9:48:16 AM,,,2
7010551,UL-000651,Books item UL-000651,Books,Active,ShopGoodwill,EMP-1005,10.99,1,7/22/2026 10:01:26 AM,7/22/2026 10:13:26 AM,,,2
7010552,UL-000652,Home Decor item UL-000652,Home Decor,Active,ShopGoodwill,EMP-1004,10.99,1,7/22/2026 11:18:47 AM,7/22/2026 11:30:47 AM,,,2
7010553,UL-000653,Books item UL-000653,Books,Active,eBay,EMP-1006,28.99,1,7/22/2026 2:10:45 PM,7/22/2026 2:22:45 PM,,,2
7010554,UL-000654,Books item UL-000654,Books,Active,eBay,EMP-1002,20.99,1,7/22/2026 2:32:11 PM,7/22/2026 2:44:11 PM,,,2
7010555,UL-000655,Electronics item UL-000655,Electronics,Active,Amazon,EMP-1005,31.99,1,7/22/2026 2:47:08 PM,7/22/2026 2:59:08 PM,,,2
7010556,UL-000656,Collectibles item UL-000656,Collectibles,Active,eBay,EMP-1006,22.99,1,7/22/2026 1:49:25 PM,7/22/2026 2:01:25 PM,,,2
7010557,UL-000657,Books item UL-000657,Books,Active,ShopGoodwill,EMP-1003,37.99,1,7/22/2026 11:04:54 AM,7/22/2026 11:16:54 AM,,,2
7010558,UL-000658,Collectibles item UL-000658,Collectibles,Active,ShopGoodwill,EMP-1004,31.99,1,7/22/2026 3:02:40 PM,7/22/2026 3:14:40 PM,,,2
7010559,UL-000659,Sporting Goods item UL-000659,Sporting Goods,Active,Amazon,EMP-1004,16.99,1,7/22/2026 9:13:13 AM,7/22/2026 9:25:13 AM,,,2
7010560,UL-000660,Books item UL-000660,Books,Active,Amazon,EMP-1001,24.99,1,7/22/2026 5:42:11 PM,7/22/2026 5:54:11 PM,,,2
7010561,UL-000661,Electronics item UL-000661,Electronics,Active,eBay,EMP-1003,54.99,1,7/22/2026 5:33:12 PM,7/22/2026 5:45:12 PM,,,2
7010562,UL-000662,Jewelry item UL-000662,Jewelry,Active,Amazon,EMP-1004,37.99,1,7/22/2026 4:48:11 PM,7/22/2026 5:00:11 PM,,,2
7010563,UL-000663,Books item UL-000663,Books,Active,eBay,EMP-1001,32.99,1,7/22/2026 9:30:03 AM,7/22/2026 9:42:03 AM,,,2
7010564,UL-000664,Books item UL-000664,Books,Active,ShopGoodwill,EMP-1002,47.99,1,7/22/2026 8:24:02 AM,7/22/2026 8:36:02 AM,,,2
7010565,UL-000665,Clothing item UL-000665,Clothing,Active,Amazon,EMP-1005,20.99,1,7/22/2026 8:46:30 AM,7/22/2026 8:58:30 AM,,,2
7010566,UL-000666,Kitchen item UL-000666,Kitchen,Active,Amazon,EMP-1003,16.99,1,7/22/2026 5:46:58 PM,7/22/2026 5:58:58 PM,,,2
7010567,UL-000667,Electronics item UL-000667,Electronics,Active,ShopGoodwill,EMP-1003,15.99,1,7/23/2026 11:35:58 AM,7/23/2026 11:47:58 AM,,,2
7010568,UL-000668,Kitchen item UL-000668,Kitchen,Active,Amazon,EMP-1003,7.99,1,7/23/2026 9:10:28 AM,7/23/2026 9:22:28 AM,,,2
7010569,UL-000669,Handbags item UL-000669,Handbags,Active,eBay,EMP-1005,33.99,1,7/23/2026 2:57:34 PM,7/23/2026 3:09:34 PM,,,2
7010570,UL-000670,Books item UL-000670,Books,Active,ShopGoodwill,EMP-1006,52.99,1,7/23/2026 5:41:10 PM,7/23/2026 5:53:10 PM,,,2
7010571,UL-000671,Jewelry item UL-000671,Jewelry,Active,eBay,EMP-1005,36.99,1,7/23/2026 11:37:32 AM,7/23/2026 11:49:32 AM,,,2
7010572,UL-000672,Art item UL-000672,Art,Active,ShopGoodwill,EMP-1004,41.99,1,7/23/2026 11:19:45 AM,7/23/2026 11:31:45 AM,,,2
7010573,UL-000673,Books item UL-000673,Books,Active,Amazon,EMP-1006,11.99,1,7/23/2026 1:44:08 PM,7/23/2026 1:56:08 PM,,,2
7010574,UL-000674,Books item UL-000674,Books,Active,ShopGoodwill,EMP-1005,33.99,1,7/23/2026 7:58:46 AM,7/23/2026 8:10:46 AM,,,2
7010575,UL-000675,Clothing item UL-000675,Clothing,Active,Mercari,EMP-1006,35.99,1,7/23/2026 3:28:58 PM,7/23/2026 3:40:58 PM,,,2
7010576,UL-000676,Watches item UL-000676,Watches,Active,eBay,EMP-1001,12.99,1,7/23/2026 8:47:19 AM,7/23/2026 8:59:19 AM,,,2
7010577,UL-000677,Kitchen item UL-000677,Kitchen,Active,Amazon,EMP-1006,47.99,1,7/23/2026 9:25:39 AM,7/23/2026 9:37:39 AM,,,2
7010578,UL-000678,Handbags item UL-000678,Handbags,Active,Mercari,EMP-1003,65.99,1,7/23/2026 11:17:08 AM,7/23/2026 11:29:08 AM,,,2
7010579,UL-000679,Clothing item UL-000679,Clothing,Active,eBay,EMP-1002,37.99,1,7/24/2026 3:13:02 PM,7/24/2026 3:25:02 PM,,,2
7010580,UL-000680,Home Decor item UL-000680,Home Decor,Active,ShopGoodwill,EMP-1005,30.99,1,7/24/2026 2:58:30 PM,7/24/2026 3:10:30 PM,,,2
7010581,UL-000681,Collectibles item UL-000681,Collectibles,Active,ShopGoodwill,EMP-1003,22.99,1,7/24/2026 4:42:30 PM,7/24/2026 4:54:30 PM,,,2
7010582,UL-000682,Collectibles item UL-000682,Collectibles,Active,Mercari,EMP-1003,14.99,1,7/24/2026 4:00:26 PM,7/24/2026 4:12:26 PM,,,2
7010583,UL-000683,Clothing item UL-000683,Clothing,Active,ShopGoodwill,EMP-1004,31.99,1,7/24/2026 12:27:12 PM,7/24/2026 12:39:12 PM,,,2
7010584,UL-000684,Kitchen item UL-000684,Kitchen,Active,ShopGoodwill,EMP-1006,15.99,1,7/24/2026 1:33:04 PM,7/24/2026 1:45:04 PM,,,2
7010585,UL-000685,Books item UL-000685,Books,Active,ShopGoodwill,EMP-1002,65.99,1,7/24/2026 1:23:35 PM,7/24/2026 1:35:35 PM,,,2
7010586,UL-000686,Electronics item UL-000686,Electronics,Active,Mercari,EMP-1006,13.99,1,7/24/2026 2:57:38 PM,7/24/2026 3:09:38 PM,,,2
7010587,UL-000687,Books item UL-000687,Books,Active,Amazon,EMP-1006,26.99,1,7/24/2026 9:04:48 AM,7/24/2026 9:16:48 AM,,,2
7010588,UL-000688,Media item UL-000688,Media,Active,ShopGoodwill,EMP-1006,17.99,1,7/24/2026 9:36:04 AM,7/24/2026 9:48:04 AM,,,2
7010589,UL-000689,Art item UL-000689,Art,Active,Mercari,EMP-1001,39.99,1,7/24/2026 9:24:53 AM,7/24/2026 9:36:53 AM,,,2
7010590,UL-000690,Collectibles item UL-000690,Collectibles,Active,ShopGoodwill,EMP-1001,6.99,1,7/24/2026 8:04:07 AM,7/24/2026 8:16:07 AM,,,2
7010591,UL-000691,Electronics item UL-000691,Electronics,Active,eBay,EMP-1003,34.99,1,7/24/2026 5:00:20 PM,7/24/2026 5:12:20 PM,,,2
7010592,UL-000692,Media item UL-000692,Media,Active,Amazon,EMP-1005,23.99,1,7/24/2026 3:18:45 PM,7/24/2026 3:30:45 PM,,,2
7010593,UL-000693,Clothing item UL-000693,Clothing,Active,Amazon,EMP-1006,30.99,1,7/24/2026 10:29:45 AM,7/24/2026 10:41:45 AM,,,2
7010594,UL-000694,Books item UL-000694,Books,Active,ShopGoodwill,EMP-1001,34.99,1,7/24/2026 8:09:21 AM,7/24/2026 8:21:21 AM,,,2
7010595,UL-000695,Collectibles item UL-000695,Collectibles,Active,Amazon,EMP-1004,7.99,1,7/24/2026 5:40:04 PM,7/24/2026 5:52:04 PM,,,2
7010596,UL-000696,Watches item UL-000696,Watches,Active,ShopGoodwill,EMP-1005,11.99,1,7/24/2026 3:03:42 PM,7/24/2026 3:15:42 PM,,,2
7010597,UL-000697,Books item UL-000697,Books,Active,eBay,EMP-1006,60.99,1,7/24/2026 1:27:48 PM,7/24/2026 1:39:48 PM,,,2
7010598,UL-000698,Collectibles item UL-000698,Collectibles,Active,Amazon,EMP-1001,29.99,1,7/24/2026 10:17:30 AM,7/24/2026 10:29:30 AM,,,2
7010599,UL-000699,Toys item UL-000699,Toys,Active,Mercari,EMP-1003,37.99,1,7/24/2026 3:40:40 PM,7/24/2026 3:52:40 PM,,,2
7010600,UL-000700,Kitchen item UL-000700,Kitchen,Active,ShopGoodwill,EMP-1001,34.99,1,7/25/2026 11:43:28 AM,7/25/2026 11:55:28 AM,,,2
7010601,UL-000701,Books item UL-000701,Books,Active,ShopGoodwill,EMP-1002,20.99,1,7/25/2026 12:43:41 PM,7/25/2026 12:55:41 PM,,,2
7010602,UL-000702,Books item UL-000702,Books,Active,ShopGoodwill,EMP-1003,78.99,1,7/25/2026 1:44:32 PM,7/25/2026 1:56:32 PM,,,2
7010603,UL-000703,Toys item UL-000703,Toys,Active,ShopGoodwill,EMP-1004,14.99,1,7/25/2026 11:00:03 AM,7/25/2026 11:12:03 AM,,,2
7010604,UL-000704,Books item UL-000704,Books,Active,Amazon,EMP-1003,18.99,1,7/25/2026 12:30:05 PM,7/25/2026 12:42:05 PM,,,2
7010605,UL-000705,Electronics item UL-000705,Electronics,Active,eBay,EMP-1001,18.99,1,7/25/2026 10:03:22 AM,7/25/2026 10:15:22 AM,,,2
7010606,UL-000706,Books item UL-000706,Books,Active,ShopGoodwill,EMP-1006,33.99,1,7/25/2026 8:03:29 AM,7/25/2026 8:15:29 AM,,,2
7010607,UL-000707,Books item UL-000707,Books,Active,Mercari,EMP-1002,65.99,1,7/25/2026 9:39:42 AM,7/25/2026 9:51:42 AM,,,2
7010608,UL-000708,Books item UL-000708,Books,Active,eBay,EMP-1001,26.99,1,7/25/2026 2:45:08 PM,7/25/2026 2:57:08 PM,,,2
7010609,UL-000709,Books item UL-000709,Books,Active,Mercari,EMP-1004,16.99,1,7/25/2026 12:58:36 PM,7/25/2026 1:10:36 PM,,,2
7010610,UL-000710,Books item UL-000710,Books,Active,ShopGoodwill,EMP-1004,12.99,1,7/25/2026 9:54:49 AM,7/25/2026 10:06:49 AM,,,2
7010611,UL-000711,Books item UL-000711,Books,Active,eBay,EMP-1003,17.99,1,7/25/2026 1:58:56 PM,7/25/2026 2:10:56 PM,,,2
7010612,UL-000712,Media item UL-000712,Media,Active,ShopGoodwill,EMP-1006,24.99,1,7/25/2026 3:38:14 PM,7/25/2026 3:50:14 PM,,,2
7010613,UL-000713,Collectibles item UL-000713,Collectibles,Active,ShopGoodwill,EMP-1001,11.99,1,7/25/2026 9:41:52 AM,7/25/2026 9:53:52 AM,,,2
7010614,UL-000714,Watches item UL-000714,Watches,Active,Amazon,EMP-1003,16.99,1,7/25/2026 2:58:36 PM,7/25/2026 3:10:36 PM,,,2
7010615,UL-000715,Handbags item UL-000715,Handbags,Active,Amazon,EMP-1004,25.99,1,7/25/2026 8:36:07 AM,7/25/2026 8:48:07 AM,,,2
7010616,UL-000716,Media item UL-000716,Media,Active,ShopGoodwill,EMP-1006,42.99,1,7/25/2026 2:22:45 PM,7/25/2026 2:34:45 PM,,,2
7010617,UL-000717,Books item UL-000717,Books,Active,Mercari,EMP-1005,25.99,1,7/26/2026 1:50:38 PM,7/26/2026 2:02:38 PM,,,2
7010618,UL-000718,Collectibles item UL-000718,Collectibles,Active,ShopGoodwill,EMP-1006,44.99,1,7/26/2026 7:50:49 AM,7/26/2026 8:02:49 AM,,,2
7010619,UL-000719,Clothing item UL-000719,Clothing,Active,ShopGoodwill,EMP-1003,4.99,1,7/26/2026 12:12:23 PM,7/26/2026 12:24:23 PM,,,2
7010620,UL-000720,Shoes item UL-000720,Shoes,Active,Amazon,EMP-1006,17.99,1,7/26/2026 10:00:01 AM,7/26/2026 10:12:01 AM,,,2
7010621,UL-000721,Clothing item UL-000721,Clothing,Active,ShopGoodwill,EMP-1005,11.99,1,7/26/2026 10:27:21 AM,7/26/2026 10:39:21 AM,,,2
7010622,UL-000722,Books item UL-000722,Books,Active,ShopGoodwill,EMP-1006,26.99,1,7/26/2026 2:24:47 PM,7/26/2026 2:36:47 PM,,,2
7010623,UL-000723,Collectibles item UL-000723,Collectibles,Active,Amazon,EMP-1005,15.99,1,7/26/2026 12:43:21 PM,7/26/2026 12:55:21 PM,,,2
7010624,UL-000724,Collectibles item UL-000724,Collectibles,Active,ShopGoodwill,EMP-1002,34.99,1,7/26/2026 1:07:07 PM,7/26/2026 1:19:07 PM,,,2
7010625,UL-000725,Electronics item UL-000725,Electronics,Active,Amazon,EMP-1002,8.99,1,7/26/2026 11:45:34 AM,7/26/2026 11:57:34 AM,,,2
7010626,UL-000726,Books item UL-000726,Books,Active,ShopGoodwill,EMP-1004,28.99,1,7/26/2026 5:28:40 PM,7/26/2026 5:40:40 PM,,,2
7010627,UL-000727,Watches item UL-000727,Watches,Active,Amazon,EMP-1001,23.99,1,7/26/2026 4:33:02 PM,7/26/2026 4:45:02 PM,,,2
7010628,UL-000728,Home Decor item UL-000728,Home Decor,Active,Amazon,EMP-1002,36.99,1,7/26/2026 9:22:14 AM,7/26/2026 9:34:14 AM,,,2
7010629,UL-000729,Home Decor item UL-000729,Home Decor,Active,ShopGoodwill,EMP-1005,45.99,1,7/26/2026 2:28:56 PM,7/26/2026 2:40:56 PM,,,2
7010630,UL-000730,Collectibles item UL-000730,Collectibles,Active,ShopGoodwill,EMP-1002,29.99,1,7/26/2026 10:29:14 AM,7/26/2026 10:41:14 AM,,,2
7010631,UL-000731,Shoes item UL-000731,Shoes,Active,Mercari,EMP-1003,26.99,1,7/26/2026 11:50:26 AM,7/26/2026 12:02:26 PM,,,2
7010632,UL-000732,Electronics item UL-000732,Electronics,Active,Amazon,EMP-1005,25.99,1,7/26/2026 12:13:49 PM,7/26/2026 12:25:49 PM,,,2
7010633,UL-000733,Books item UL-000733,Books,Active,ShopGoodwill,EMP-1001,21.99,1,7/26/2026 3:07:27 PM,7/26/2026 3:19:27 PM,,,2
7010634,UL-000734,Home Decor item UL-000734,Home Decor,Active,eBay,EMP-1001,19.99,1,7/26/2026 11:43:27 AM,7/26/2026 11:55:27 AM,,,2
7010635,UL-000735,Art item UL-000735,Art,Active,Mercari,EMP-1003,35.99,1,7/26/2026 8:13:03 AM,7/26/2026 8:25:03 AM,,,2
7010636,UL-000736,Clothing item UL-000736,Clothing,Active,eBay,EMP-1002,18.99,1,7/26/2026 12:58:15 PM,7/26/2026 1:10:15 PM,,,2
7010637,UL-000737,Media item UL-000737,Media,Active,ShopGoodwill,EMP-1005,16.99,1,7/26/2026 4:03:29 PM,7/26/2026 4:15:29 PM,,,2
7010638,UL-000738,Media item UL-000738,Media,Active,Amazon,EMP-1005,15.99,1,7/27/2026 8:41:09 AM,7/27/2026 8:53:09 AM,,,2
7010639,UL-000739,Media item UL-000739,Media,Active,ShopGoodwill,EMP-1002,19.99,1,7/27/2026 8:14:40 AM,7/27/2026 8:26:40 AM,,,2
7010640,UL-000740,Home Decor item UL-000740,Home Decor,Active,ShopGoodwill,EMP-1006,27.99,1,7/27/2026 1:55:42 PM,7/27/2026 2:07:42 PM,,,2
7010641,UL-000741,Shoes item UL-000741,Shoes,Active,Amazon,EMP-1003,21.99,1,7/27/2026 4:16:01 PM,7/27/2026 4:28:01 PM,,,2
7010642,UL-000742,Shoes item UL-000742,Shoes,Active,ShopGoodwill,EMP-1004,52.99,1,7/27/2026 12:08:51 PM,7/27/2026 12:20:51 PM,,,2
7010643,UL-000743,Collectibles item UL-000743,Collectibles,Active,eBay,EMP-1006,26.99,1,7/27/2026 1:50:16 PM,7/27/2026 2:02:16 PM,,,2
7010644,UL-000744,Toys item UL-000744,Toys,Active,eBay,EMP-1005,14.99,1,7/27/2026 10:33:40 AM,7/27/2026 10:45:40 AM,,,2
7010645,UL-000745,Books item UL-000745,Books,Active,eBay,EMP-1004,9.99,1,7/27/2026 10:24:17 AM,7/27/2026 10:36:17 AM,,,2
7010646,UL-000746,Books item UL-000746,Books,Active,Mercari,EMP-1006,30.99,1,7/27/2026 5:18:20 PM,7/27/2026 5:30:20 PM,,,2
7010647,UL-000747,Books item UL-000747,Books,Active,Amazon,EMP-1004,16.99,1,7/27/2026 3:43:23 PM,7/27/2026 3:55:23 PM,,,2
7010648,UL-000748,Home Decor item UL-000748,Home Decor,Active,eBay,EMP-1004,7.99,1,7/27/2026 9:04:27 AM,7/27/2026 9:16:27 AM,,,2
7010649,UL-000749,Books item UL-000749,Books,Active,ShopGoodwill,EMP-1002,23.99,1,7/27/2026 10:00:47 AM,7/27/2026 10:12:47 AM,,,2
7010650,UL-000750,Books item UL-000750,Books,Active,Amazon,EMP-1004,9.99,1,7/27/2026 2:21:17 PM,7/27/2026 2:33:17 PM,,,2
7010651,UL-000751,Books item UL-000751,Books,Active,ShopGoodwill,EMP-1003,29.99,1,7/27/2026 4:00:57 PM,7/27/2026 4:12:57 PM,,,2
7010652,UL-000752,Books item UL-000752,Books,Active,ShopGoodwill,EMP-1004,23.99,1,7/27/2026 8:25:05 AM,7/27/2026 8:37:05 AM,,,2
7010653,UL-000753,Jewelry item UL-000753,Jewelry,Active,ShopGoodwill,EMP-1004,28.99,1,7/27/2026 8:51:12 AM,7/27/2026 9:03:12 AM,,,2
7010654,UL-000754,Electronics item UL-000754,Electronics,Active,ShopGoodwill,EMP-1005,16.99,1,7/27/2026 4:36:32 PM,7/27/2026 4:48:32 PM,,,2
7010655,UL-000755,Books item UL-000755,Books,Active,Amazon,EMP-1005,54.99,1,7/27/2026 12:55:22 PM,7/27/2026 1:07:22 PM,,,2
7010656,UL-000756,Clothing item UL-000756,Clothing,Active,Amazon,EMP-1005,41.99,1,7/27/2026 9:33:42 AM,7/27/2026 9:45:42 AM,,,2
7010657,UL-000757,Handbags item UL-000757,Handbags,Active,ShopGoodwill,EMP-1004,54.99,1,7/28/2026 10:15:22 AM,7/28/2026 10:27:22 AM,,,2
7010658,UL-000758,Books item UL-000758,Books,Active,ShopGoodwill,EMP-1003,40.99,1,7/28/2026 4:25:24 PM,7/28/2026 4:37:24 PM,,,2
7010659,UL-000759,Toys item UL-000759,Toys,Active,ShopGoodwill,EMP-1003,16.99,1,7/28/2026 9:10:08 AM,7/28/2026 9:22:08 AM,,,2
7010660,UL-000760,Electronics item UL-000760,Electronics,Active,ShopGoodwill,EMP-1005,25.99,1,7/28/2026 3:04:59 PM,7/28/2026 3:16:59 PM,,,2
7010661,UL-000761,Collectibles item UL-000761,Collectibles,Active,eBay,EMP-1005,34.99,1,7/28/2026 9:14:03 AM,7/28/2026 9:26:03 AM,,,2
7010662,UL-000762,Kitchen item UL-000762,Kitchen,Active,eBay,EMP-1005,16.99,1,7/28/2026 10:00:58 AM,7/28/2026 10:12:58 AM,,,2
7010663,UL-000763,Media item UL-000763,Media,Active,Amazon,EMP-1002,19.99,1,7/28/2026 9:16:03 AM,7/28/2026 9:28:03 AM,,,2
7010664,UL-000764,Sporting Goods item UL-000764,Sporting Goods,Active,ShopGoodwill,EMP-1006,19.99,1,7/28/2026 2:12:46 PM,7/28/2026 2:24:46 PM,,,2
7010665,UL-000765,Books item UL-000765,Books,Active,ShopGoodwill,EMP-1002,13.99,1,7/28/2026 1:22:18 PM,7/28/2026 1:34:18 PM,,,2
7010666,UL-000766,Shoes item UL-000766,Shoes,Active,ShopGoodwill,EMP-1004,24.99,1,7/28/2026 9:15:57 AM,7/28/2026 9:27:57 AM,,,2
7010667,UL-000767,Clothing item UL-000767,Clothing,Active,ShopGoodwill,EMP-1005,16.99,1,7/28/2026 3:47:11 PM,7/28/2026 3:59:11 PM,,,2
7010668,UL-000768,Electronics item UL-000768,Electronics,Active,ShopGoodwill,EMP-1006,6.99,1,7/28/2026 12:18:24 PM,7/28/2026 12:30:24 PM,,,2
7010669,UL-000769,Kitchen item UL-000769,Kitchen,Active,eBay,EMP-1001,14.99,1,7/28/2026 10:27:29 AM,7/28/2026 10:39:29 AM,,,2
7010670,UL-000770,Home Decor item UL-000770,Home Decor,Active,ShopGoodwill,EMP-1003,25.99,1,7/28/2026 11:13:44 AM,7/28/2026 11:25:44 AM,,,2
7010671,UL-000771,Clothing item UL-000771,Clothing,Active,Amazon,EMP-1001,16.99,1,7/28/2026 12:04:45 PM,7/28/2026 12:16:45 PM,,,2
7010672,UL-000772,Electronics item UL-000772,Electronics,Active,Mercari,EMP-1006,44.99,1,7/28/2026 11:56:20 AM,7/28/2026 12:08:20 PM,,,2
7010673,UL-000773,Media item UL-000773,Media,Active,ShopGoodwill,EMP-1005,46.99,1,7/28/2026 11:51:47 AM,7/28/2026 12:03:47 PM,,,2
7010674,UL-000774,Clothing item UL-000774,Clothing,Active,ShopGoodwill,EMP-1004,31.99,1,7/28/2026 3:57:05 PM,7/28/2026 4:09:05 PM,,,2
7010675,UL-000775,Jewelry item UL-000775,Jewelry,Active,Mercari,EMP-1001,12.99,1,7/28/2026 4:51:30 PM,7/28/2026 5:03:30 PM,,,2
7010676,UL-000776,Home Decor item UL-000776,Home Decor,Active,ShopGoodwill,EMP-1005,61.99,1,7/28/2026 2:28:36 PM,7/28/2026 2:40:36 PM,,,2
7010677,UL-000777,Books item UL-000777,Books,Active,ShopGoodwill,EMP-1001,21.99,1,7/28/2026 10:24:47 AM,7/28/2026 10:36:47 AM,,,2
7010678,UL-000778,Shoes item UL-000778,Shoes,Active,Amazon,EMP-1005,21.99,1,7/29/2026 10:13:00 AM,7/29/2026 10:25:00 AM,,,2
7010679,UL-000779,Electronics item UL-000779,Electronics,Active,ShopGoodwill,EMP-1004,22.99,1,7/29/2026 8:04:29 AM,7/29/2026 8:16:29 AM,,,2
7010680,UL-000780,Books item UL-000780,Books,Active,Amazon,EMP-1004,14.99,1,7/29/2026 10:51:23 AM,7/29/2026 11:03:23 AM,,,2
7010681,UL-000781,Jewelry item UL-000781,Jewelry,Active,Amazon,EMP-1005,36.99,1,7/29/2026 9:43:41 AM,7/29/2026 9:55:41 AM,,,2
7010682,UL-000782,Books item UL-000782,Books,Active,ShopGoodwill,EMP-1001,38.99,1,7/29/2026 5:01:56 PM,7/29/2026 5:13:56 PM,,,2
7010683,UL-000783,Electronics item UL-000783,Electronics,Active,eBay,EMP-1006,38.99,1,7/29/2026 2:33:10 PM,7/29/2026 2:45:10 PM,,,2
7010684,UL-000784,Books item UL-000784,Books,Active,Amazon,EMP-1004,18.99,1,7/29/2026 8:44:37 AM,7/29/2026 8:56:37 AM,,,2
7010685,UL-000785,Electronics item UL-000785,Electronics,Active,ShopGoodwill,EMP-1005,17.99,1,7/29/2026 11:18:36 AM,7/29/2026 11:30:36 AM,,,2
7010686,UL-000786,Collectibles item UL-000786,Collectibles,Active,Amazon,EMP-1006,14.99,1,7/29/2026 5:37:40 PM,7/29/2026 5:49:40 PM,,,2
7010687,UL-000787,Electronics item UL-000787,Electronics,Active,Amazon,EMP-1001,37.99,1,7/29/2026 2:06:49 PM,7/29/2026 2:18:49 PM,,,2
7010688,UL-000788,Collectibles item UL-000788,Collectibles,Active,ShopGoodwill,EMP-1004,28.99,1,7/29/2026 9:24:28 AM,7/29/2026 9:36:28 AM,,,2
7010689,UL-000789,Books item UL-000789,Books,Active,Amazon,EMP-1001,34.99,1,7/29/2026 11:33:21 AM,7/29/2026 11:45:21 AM,,,2
7010690,UL-000790,Collectibles item UL-000790,Collectibles,Active,Amazon,EMP-1003,9.99,1,7/29/2026 8:59:11 AM,7/29/2026 9:11:11 AM,,,2
7010691,UL-000791,Clothing item UL-000791,Clothing,Active,ShopGoodwill,EMP-1002,29.99,1,7/29/2026 9:20:20 AM,7/29/2026 9:32:20 AM,,,2
7010692,UL-000792,Clothing item UL-000792,Clothing,Active,eBay,EMP-1005,41.99,1,7/29/2026 3:10:51 PM,7/29/2026 3:22:51 PM,,,2
7010693,UL-000793,Media item UL-000793,Media,Active,Amazon,EMP-1003,37.99,1,7/29/2026 2:36:30 PM,7/29/2026 2:48:30 PM,,,2
7010694,UL-000794,Books item UL-000794,Books,Active,Mercari,EMP-1004,27.99,1,7/29/2026 11:48:45 AM,7/29/2026 12:00:45 PM,,,2
7010695,UL-000795,Books item UL-000795,Books,Active,Mercari,EMP-1001,35.99,1,7/29/2026 5:44:08 PM,7/29/2026 5:56:08 PM,,,2
7010696,UL-000796,Books item UL-000796,Books,Active,Mercari,EMP-1001,8.99,1,7/29/2026 1:09:03 PM,7/29/2026 1:21:03 PM,,,2
7010697,UL-000797,Toys item UL-000797,Toys,Active,Amazon,EMP-1001,47.99,1,7/29/2026 12:24:08 PM,7/29/2026 12:36:08 PM,,,2
7010698,UL-000798,Books item UL-000798,Books,Active,ShopGoodwill,EMP-1005,11.99,1,7/30/2026 12:09:35 PM,7/30/2026 12:21:35 PM,,,2
7010699,UL-000799,Jewelry item UL-000799,Jewelry,Active,Amazon,EMP-1005,70.99,1,7/30/2026 11:31:56 AM,7/30/2026 11:43:56 AM,,,2
7010700,UL-000800,Clothing item UL-000800,Clothing,Active,Mercari,EMP-1003,25.99,1,7/30/2026 8:14:26 AM,7/30/2026 8:26:26 AM,,,2
7010701,UL-000801,Clothing item UL-000801,Clothing,Active,Amazon,EMP-1001,17.99,1,7/30/2026 5:23:49 PM,7/30/2026 5:35:49 PM,,,2
7010702,UL-000802,Home Decor item UL-000802,Home Decor,Active,ShopGoodwill,EMP-1001,29.99,1,7/30/2026 2:31:08 PM,7/30/2026 2:43:08 PM,,,2
7010703,UL-000803,Clothing item UL-000803,Clothing,Active,Amazon,EMP-1004,21.99,1,7/30/2026 12:43:27 PM,7/30/2026 12:55:27 PM,,,2
7010704,UL-000804,Clothing item UL-000804,Clothing,Active,Amazon,EMP-1003,12.99,1,7/30/2026 9:27:00 AM,7/30/2026 9:39:00 AM,,,2
7010705,UL-000805,Books item UL-000805,Books,Active,Amazon,EMP-1005,28.99,1,7/30/2026 10:34:40 AM,7/30/2026 10:46:40 AM,,,2
7010706,UL-000806,Books item UL-000806,Books,Active,ShopGoodwill,EMP-1006,45.99,1,7/30/2026 9:11:51 AM,7/30/2026 9:23:51 AM,,,2
7010707,UL-000807,Media item UL-000807,Media,Active,eBay,EMP-1001,17.99,1,7/30/2026 2:02:45 PM,7/30/2026 2:14:45 PM,,,2
7010708,UL-000808,Collectibles item UL-000808,Collectibles,Active,eBay,EMP-1005,41.99,1,7/30/2026 3:08:22 PM,7/30/2026 3:20:22 PM,,,2
7010709,UL-000809,Home Decor item UL-000809,Home Decor,Active,ShopGoodwill,EMP-1001,27.99,1,7/30/2026 4:22:21 PM,7/30/2026 4:34:21 PM,,,2
7010710,UL-000810,Kitchen item UL-000810,Kitchen,Active,Amazon,EMP-1006,21.99,1,7/30/2026 10:38:24 AM,7/30/2026 10:50:24 AM,,,2
7010711,UL-000811,Books item UL-000811,Books,Active,ShopGoodwill,EMP-1002,26.99,1,7/30/2026 11:19:44 AM,7/30/2026 11:31:44 AM,,,2
7010712,UL-000812,Books item UL-000812,Books,Active,Mercari,EMP-1006,14.99,1,7/30/2026 12:56:14 PM,7/30/2026 1:08:14 PM,,,2
7010713,UL-000813,Electronics item UL-000813,Electronics,Active,eBay,EMP-1006,25.99,1,7/30/2026 12:33:53 PM,7/30/2026 12:45:53 PM,,,2
7010714,UL-000814,Electronics item UL-000814,Electronics,Active,ShopGoodwill,EMP-1004,30.99,1,7/30/2026 2:53:42 PM,7/30/2026 3:05:42 PM,,,2
7010715,UL-000815,Books item UL-000815,Books,Active,eBay,EMP-1005,24.99,1,7/30/2026 9:13:02 AM,7/30/2026 9:25:02 AM,,,2
7010716,UL-000816,Shoes item UL-000816,Shoes,Active,eBay,EMP-1006,15.99,1,7/31/2026 11:58:02 AM,7/31/2026 12:10:02 PM,,,2
7010717,UL-000817,Electronics item UL-000817,Electronics,Active,Mercari,EMP-1006,22.99,1,7/31/2026 1:07:49 PM,7/31/2026 1:19:49 PM,,,2
7010718,UL-000818,Clothing item UL-000818,Clothing,Active,ShopGoodwill,EMP-1001,17.99,1,7/31/2026 10:55:41 AM,7/31/2026 11:07:41 AM,,,2
7010719,UL-000819,Kitchen item UL-000819,Kitchen,Active,Amazon,EMP-1001,45.99,1,7/31/2026 2:06:20 PM,7/31/2026 2:18:20 PM,,,2
7010720,UL-000820,Home Decor item UL-000820,Home Decor,Active,Mercari,EMP-1005,42.99,1,7/31/2026 4:59:22 PM,7/31/2026 5:11:22 PM,,,2
7010721,UL-000821,Sporting Goods item UL-000821,Sporting Goods,Active,Mercari,EMP-1004,25.99,1,7/31/2026 11:29:38 AM,7/31/2026 11:41:38 AM,,,2
7010722,UL-000822,Jewelry item UL-000822,Jewelry,Active,Amazon,EMP-1003,20.99,1,7/31/2026 1:52:07 PM,7/31/2026 2:04:07 PM,,,2
7010723,UL-000823,Collectibles item UL-000823,Collectibles,Active,Amazon,EMP-1001,18.99,1,7/31/2026 2:18:17 PM,7/31/2026 2:30:17 PM,,,2
7010724,UL-000824,Jewelry item UL-000824,Jewelry,Active,ShopGoodwill,EMP-1001,41.99,1,7/31/2026 8:27:06 AM,7/31/2026 8:39:06 AM,,,2
7010725,UL-000825,Books item UL-000825,Books,Active,ShopGoodwill,EMP-1003,25.99,1,7/31/2026 4:35:14 PM,7/31/2026 4:47:14 PM,,,2
7010726,UL-000826,Home Decor item UL-000826,Home Decor,Active,eBay,EMP-1002,38.99,1,7/31/2026 8:30:35 AM,7/31/2026 8:42:35 AM,,,2
7010727,UL-000827,Books item UL-000827,Books,Active,ShopGoodwill,EMP-1006,58.99,1,7/31/2026 4:21:01 PM,7/31/2026 4:33:01 PM,,,2
7010728,UL-000828,Collectibles item UL-000828,Collectibles,Active,ShopGoodwill,EMP-1004,13.99,1,7/31/2026 9:37:02 AM,7/31/2026 9:49:02 AM,,,2
7010729,UL-000829,Kitchen item UL-000829,Kitchen,Active,eBay,EMP-1001,23.99,1,7/31/2026 1:47:52 PM,7/31/2026 1:59:52 PM,,,2
7010730,UL-000830,Toys item UL-000830,Toys,Active,ShopGoodwill,EMP-1004,59.99,1,7/31/2026 3:47:16 PM,7/31/2026 3:59:16 PM,,,2
7010731,UL-000831,Clothing item UL-000831,Clothing,Active,ShopGoodwill,EMP-1003,29.99,1,7/31/2026 2:50:13 PM,7/31/2026 3:02:13 PM,,,2
7010732,UL-000832,Clothing item UL-000832,Clothing,Active,ShopGoodwill,EMP-1005,18.99,1,7/31/2026 4:47:28 PM,7/31/2026 4:59:28 PM,,,2
7010733,UL-000833,Jewelry item UL-000833,Jewelry,Active,eBay,EMP-1004,38.99,1,7/31/2026 12:57:33 PM,7/31/2026 1:09:33 PM,,,2
7010734,UL-000834,Home Decor item UL-000834,Home Decor,Active,Amazon,EMP-1003,19.99,1,7/31/2026 4:07:53 PM,7/31/2026 4:19:53 PM,,,2
7010735,UL-000835,Books item UL-000835,Books,Active,Amazon,EMP-1004,20.99,1,7/31/2026 8:56:05 AM,7/31/2026 9:08:05 AM,,,2
7010736,UL-000836,Clothing item UL-000836,Clothing,Active,Amazon,EMP-1004,20.99,1,7/31/2026 4:52:55 PM,7/31/2026 5:04:55 PM,,,2
7010737,UL-000837,Books item UL-000837,Books,Active,Amazon,EMP-1003,17.99,1,7/31/2026 7:56:32 AM,7/31/2026 8:08:32 AM,,,2
7010738,UL-000838,Media item UL-000838,Media,Active,ShopGoodwill,EMP-1004,27.99,1,7/31/2026 4:02:54 PM,7/31/2026 4:14:54 PM,,,2
7010739,UL-000839,Clothing item UL-000839,Clothing,Active,Mercari,EMP-1004,42.99,1,7/31/2026 11:08:48 AM,7/31/2026 11:20:48 AM,,,2
7010740,UL-000840,Jewelry item UL-000840,Jewelry,Active,ShopGoodwill,EMP-1003,13.99,1,7/31/2026 9:35:07 AM,7/31/2026 9:47:07 AM,,,2
7010741,UL-000841,Books item UL-000841,Books,Active,Amazon,EMP-1005,24.99,1,7/31/2026 4:16:33 PM,7/31/2026 4:28:33 PM,,,2
7010742,UL-000842,Jewelry item UL-000842,Jewelry,Active,ShopGoodwill,EMP-1001,45.99,1,7/31/2026 10:18:30 AM,7/31/2026 10:30:30 AM,,,2
7010743,UL-000843,Media item UL-000843,Media,Active,eBay,EMP-1001,5.99,1,7/31/2026 10:50:42 AM,7/31/2026 11:02:42 AM,,,2
7010744,UL-000844,Clothing item UL-000844,Clothing,Active,Amazon,EMP-1006,19.99,1,8/1/2026 7:48:32 AM,8/1/2026 8:00:32 AM,,,2
7010745,UL-000845,Collectibles item UL-000845,Collectibles,Active,Amazon,EMP-1001,18.99,1,8/1/2026 1:01:34 PM,8/1/2026 1:13:34 PM,,,2
7010746,UL-000846,Jewelry item UL-000846,Jewelry,Active,Amazon,EMP-1001,27.99,1,8/1/2026 1:44:13 PM,8/1/2026 1:56:13 PM,,,2
7010747,UL-000847,Handbags item UL-000847,Handbags,Active,ShopGoodwill,EMP-1001,20.99,1,8/1/2026 2:10:44 PM,8/1/2026 2:22:44 PM,,,2
7010748,UL-000848,Media item UL-000848,Media,Active,ShopGoodwill,EMP-1003,11.99,1,8/1/2026 8:37:02 AM,8/1/2026 8:49:02 AM,,,2
7010749,UL-000849,Books item UL-000849,Books,Active,ShopGoodwill,EMP-1002,39.99,1,8/1/2026 3:35:24 PM,8/1/2026 3:47:24 PM,,,2
7010750,UL-000850,Clothing item UL-000850,Clothing,Active,Amazon,EMP-1006,62.99,1,8/1/2026 9:38:13 AM,8/1/2026 9:50:13 AM,,,2
7010751,UL-000851,Books item UL-000851,Books,Active,Mercari,EMP-1001,19.99,1,8/1/2026 3:46:53 PM,8/1/2026 3:58:53 PM,,,2
7010752,UL-000852,Electronics item UL-000852,Electronics,Active,Amazon,EMP-1001,23.99,1,8/1/2026 11:11:19 AM,8/1/2026 11:23:19 AM,,,2
7010753,UL-000853,Jewelry item UL-000853,Jewelry,Active,Amazon,EMP-1002,67.99,1,8/1/2026 1:07:48 PM,8/1/2026 1:19:48 PM,,,2
7010754,UL-000854,Books item UL-000854,Books,Active,ShopGoodwill,EMP-1001,48.99,1,8/1/2026 12:50:54 PM,8/1/2026 1:02:54 PM,,,2
7010755,UL-000855,Collectibles item UL-000855,Collectibles,Active,Amazon,EMP-1002,50.99,1,8/1/2026 11:27:14 AM,8/1/2026 11:39:14 AM,,,2
7010756,UL-000856,Jewelry item UL-000856,Jewelry,Active,ShopGoodwill,EMP-1001,8.99,1,8/1/2026 5:07:17 PM,8/1/2026 5:19:17 PM,,,2
7010757,UL-000857,Books item UL-000857,Books,Active,eBay,EMP-1005,44.99,1,8/1/2026 9:28:51 AM,8/1/2026 9:40:51 AM,,,2
7010758,UL-000858,Clothing item UL-000858,Clothing,Active,Amazon,EMP-1006,18.99,1,8/1/2026 2:49:51 PM,8/1/2026 3:01:51 PM,,,2
7010759,UL-000859,Home Decor item UL-000859,Home Decor,Active,eBay,EMP-1005,24.99,1,8/1/2026 9:11:43 AM,8/1/2026 9:23:43 AM,,,2
7010760,UL-000860,Books item UL-000860,Books,Active,Amazon,EMP-1005,11.99,1,8/1/2026 5:35:12 PM,8/1/2026 5:47:12 PM,,,2
7010761,UL-000861,Sporting Goods item UL-000861,Sporting Goods,Active,Amazon,EMP-1003,31.99,1,8/2/2026 3:01:49 PM,8/2/2026 3:13:49 PM,,,2
7010762,UL-000862,Kitchen item UL-000862,Kitchen,Active,ShopGoodwill,EMP-1006,20.99,1,8/2/2026 1:07:34 PM,8/2/2026 1:19:34 PM,,,2
7010763,UL-000863,Collectibles item UL-000863,Collectibles,Active,Amazon,EMP-1003,10.99,1,8/2/2026 11:43:35 AM,8/2/2026 11:55:35 AM,,,2
7010764,UL-000864,Clothing item UL-000864,Clothing,Active,Amazon,EMP-1006,30.99,1,8/2/2026 8:43:23 AM,8/2/2026 8:55:23 AM,,,2
7010765,UL-000865,Electronics item UL-000865,Electronics,Active,ShopGoodwill,EMP-1005,4.99,1,8/2/2026 12:01:24 PM,8/2/2026 12:13:24 PM,,,2
7010766,UL-000866,Clothing item UL-000866,Clothing,Active,Amazon,EMP-1002,53.99,1,8/2/2026 3:47:12 PM,8/2/2026 3:59:12 PM,,,2
7010767,UL-000867,Toys item UL-000867,Toys,Active,ShopGoodwill,EMP-1001,11.99,1,8/2/2026 2:37:23 PM,8/2/2026 2:49:23 PM,,,2
7010768,UL-000868,Collectibles item UL-000868,Collectibles,Active,ShopGoodwill,EMP-1004,48.99,1,8/2/2026 5:03:30 PM,8/2/2026 5:15:30 PM,,,2
7010769,UL-000869,Watches item UL-000869,Watches,Active,Amazon,EMP-1004,40.99,1,8/2/2026 5:30:56 PM,8/2/2026 5:42:56 PM,,,2
7010770,UL-000870,Books item UL-000870,Books,Active,ShopGoodwill,EMP-1006,19.99,1,8/2/2026 9:59:33 AM,8/2/2026 10:11:33 AM,,,2
7010771,UL-000871,Home Decor item UL-000871,Home Decor,Active,ShopGoodwill,EMP-1004,32.99,1,8/2/2026 12:35:31 PM,8/2/2026 12:47:31 PM,,,2
7010772,UL-000872,Books item UL-000872,Books,Active,ShopGoodwill,EMP-1005,23.99,1,8/2/2026 1:58:13 PM,8/2/2026 2:10:13 PM,,,2
7010773,UL-000873,Books item UL-000873,Books,Active,ShopGoodwill,EMP-1001,32.99,1,8/2/2026 11:32:45 AM,8/2/2026 11:44:45 AM,,,2
7010774,UL-000874,Clothing item UL-000874,Clothing,Active,Amazon,EMP-1003,17.99,1,8/2/2026 9:28:21 AM,8/2/2026 9:40:21 AM,,,2
7010775,UL-000875,Clothing item UL-000875,Clothing,Active,ShopGoodwill,EMP-1002,106.99,1,8/2/2026 3:16:55 PM,8/2/2026 3:28:55 PM,,,2
7010776,UL-000876,Collectibles item UL-000876,Collectibles,Active,ShopGoodwill,EMP-1004,22.99,1,8/3/2026 1:00:38 PM,8/3/2026 1:12:38 PM,,,2
7010777,UL-000877,Kitchen item UL-000877,Kitchen,Active,Amazon,EMP-1001,44.99,1,8/3/2026 12:30:15 PM,8/3/2026 12:42:15 PM,,,2
7010778,UL-000878,Books item UL-000878,Books,Active,ShopGoodwill,EMP-1001,31.99,1,8/3/2026 11:18:09 AM,8/3/2026 11:30:09 AM,,,2
7010779,UL-000879,Media item UL-000879,Media,Active,ShopGoodwill,EMP-1006,46.99,1,8/3/2026 3:02:31 PM,8/3/2026 3:14:31 PM,,,2
7010780,UL-000880,Books item UL-000880,Books,Active,Amazon,EMP-1005,10.99,1,8/3/2026 9:43:24 AM,8/3/2026 9:55:24 AM,,,2
7010781,UL-000881,Books item UL-000881,Books,Active,eBay,EMP-1006,7.99,1,8/3/2026 10:06:43 AM,8/3/2026 10:18:43 AM,,,2
7010782,UL-000882,Handbags item UL-000882,Handbags,Active,Amazon,EMP-1006,19.99,1,8/3/2026 8:45:46 AM,8/3/2026 8:57:46 AM,,,2
7010783,UL-000883,Collectibles item UL-000883,Collectibles,Active,eBay,EMP-1006,26.99,1,8/3/2026 12:07:20 PM,8/3/2026 12:19:20 PM,,,2
7010784,UL-000884,Books item UL-000884,Books,Active,Amazon,EMP-1003,33.99,1,8/3/2026 8:28:18 AM,8/3/2026 8:40:18 AM,,,2
7010785,UL-000885,Books item UL-000885,Books,Active,ShopGoodwill,EMP-1001,64.99,1,8/3/2026 1:13:14 PM,8/3/2026 1:25:14 PM,,,2
7010786,UL-000886,Clothing item UL-000886,Clothing,Active,eBay,EMP-1005,23.99,1,8/3/2026 3:29:52 PM,8/3/2026 3:41:52 PM,,,2
7010787,UL-000887,Electronics item UL-000887,Electronics,Active,ShopGoodwill,EMP-1004,20.99,1,8/3/2026 8:58:45 AM,8/3/2026 9:10:45 AM,,,2
7010788,UL-000888,Clothing item UL-000888,Clothing,Active,eBay,EMP-1005,7.99,1,8/3/2026 2:48:22 PM,8/3/2026 3:00:22 PM,,,2
7010789,UL-000889,Clothing item UL-000889,Clothing,Active,Amazon,EMP-1002,17.99,1,8/3/2026 12:28:00 PM,8/3/2026 12:40:00 PM,,,2
7010790,UL-000890,Handbags item UL-000890,Handbags,Active,ShopGoodwill,EMP-1005,8.99,1,8/3/2026 5:45:57 PM,8/3/2026 5:57:57 PM,,,2
7010791,UL-000891,Home Decor item UL-000891,Home Decor,Active,Amazon,EMP-1002,22.99,1,8/3/2026 9:07:30 AM,8/3/2026 9:19:30 AM,,,2
7010792,UL-000892,Electronics item UL-000892,Electronics,Active,Amazon,EMP-1005,19.99,1,8/3/2026 8:27:02 AM,8/3/2026 8:39:02 AM,,,2
7010793,UL-000893,Books item UL-000893,Books,Active,eBay,EMP-1002,13.99,1,8/3/2026 12:17:11 PM,8/3/2026 12:29:11 PM,,,2
7010794,UL-000894,Watches item UL-000894,Watches,Active,ShopGoodwill,EMP-1004,35.99,1,8/3/2026 5:16:37 PM,8/3/2026 5:28:37 PM,,,2
7010795,UL-000895,Collectibles item UL-000895,Collectibles,Active,Amazon,EMP-1004,85.99,1,8/3/2026 4:09:30 PM,8/3/2026 4:21:30 PM,,,2
7010796,UL-000896,Clothing item UL-000896,Clothing,Active,ShopGoodwill,EMP-1005,21.99,1,8/3/2026 9:13:22 AM,8/3/2026 9:25:22 AM,,,2
7010797,UL-000897,Handbags item UL-000897,Handbags,Active,Amazon,EMP-1004,12.99,1,8/3/2026 7:54:00 AM,8/3/2026 8:06:00 AM,,,2
7010798,UL-000898,Books item UL-000898,Books,Active,ShopGoodwill,EMP-1006,17.99,1,8/3/2026 4:43:55 PM,8/3/2026 4:55:55 PM,,,2
7010799,UL-000899,Clothing item UL-000899,Clothing,Active,Mercari,EMP-1004,11.99,1,8/3/2026 2:21:55 PM,8/3/2026 2:33:55 PM,,,2
7010800,UL-000900,Watches item UL-000900,Watches,Active,ShopGoodwill,EMP-1002,16.99,1,8/4/2026 3:02:34 PM,8/4/2026 3:14:34 PM,,,2
7010801,UL-000901,Media item UL-000901,Media,Active,ShopGoodwill,EMP-1006,11.99,1,8/4/2026 8:25:01 AM,8/4/2026 8:37:01 AM,,,2
7010802,UL-000902,Home Decor item UL-000902,Home Decor,Active,Amazon,EMP-1003,38.99,1,8/4/2026 5:01:10 PM,8/4/2026 5:13:10 PM,,,2
7010803,UL-000903,Clothing item UL-000903,Clothing,Active,Amazon,EMP-1006,36.99,1,8/4/2026 11:15:50 AM,8/4/2026 11:27:50 AM,,,2
7010804,UL-000904,Clothing item UL-000904,Clothing,Active,Amazon,EMP-1004,52.99,1,8/4/2026 4:00:02 PM,8/4/2026 4:12:02 PM,,,2
7010805,UL-000905,Toys item UL-000905,Toys,Active,Amazon,EMP-1005,29.99,1,8/4/2026 3:32:13 PM,8/4/2026 3:44:13 PM,,,2
7010806,UL-000906,Collectibles item UL-000906,Collectibles,Active,ShopGoodwill,EMP-1003,24.99,1,8/4/2026 8:39:08 AM,8/4/2026 8:51:08 AM,,,2
7010807,UL-000907,Home Decor item UL-000907,Home Decor,Active,eBay,EMP-1001,36.99,1,8/4/2026 4:04:29 PM,8/4/2026 4:16:29 PM,,,2
7010808,UL-000908,Electronics item UL-000908,Electronics,Active,ShopGoodwill,EMP-1004,47.99,1,8/4/2026 4:53:34 PM,8/4/2026 5:05:34 PM,,,2
7010809,UL-000909,Clothing item UL-000909,Clothing,Active,Amazon,EMP-1004,32.99,1,8/4/2026 5:09:41 PM,8/4/2026 5:21:41 PM,,,2
7010810,UL-000910,Toys item UL-000910,Toys,Active,Mercari,EMP-1004,14.99,1,8/4/2026 3:48:12 PM,8/4/2026 4:00:12 PM,,,2
7010811,UL-000911,Clothing item UL-000911,Clothing,Active,ShopGoodwill,EMP-1001,52.99,1,8/4/2026 7:55:37 AM,8/4/2026 8:07:37 AM,,,2
7010812,UL-000912,Shoes item UL-000912,Shoes,Active,eBay,EMP-1001,14.99,1,8/4/2026 11:26:59 AM,8/4/2026 11:38:59 AM,,,2
7010813,UL-000913,Collectibles item UL-000913,Collectibles,Active,Amazon,EMP-1005,36.99,1,8/4/2026 4:55:12 PM,8/4/2026 5:07:12 PM,,,2
7010814,UL-000914,Books item UL-000914,Books,Active,Amazon,EMP-1005,15.99,1,8/4/2026 5:40:26 PM,8/4/2026 5:52:26 PM,,,2
7010815,UL-000915,Watches item UL-000915,Watches,Active,Amazon,EMP-1001,20.99,1,8/4/2026 11:33:50 AM,8/4/2026 11:45:50 AM,,,2
7010816,UL-000916,Clothing item UL-000916,Clothing,Active,eBay,EMP-1004,30.99,1,8/4/2026 5:09:25 PM,8/4/2026 5:21:25 PM,,,2
7010817,UL-000917,Media item UL-000917,Media,Active,ShopGoodwill,EMP-1003,33.99,1,8/4/2026 11:16:41 AM,8/4/2026 11:28:41 AM,,,2
7010818,UL-000918,Shoes item UL-000918,Shoes,Active,Amazon,EMP-1005,11.99,1,8/4/2026 12:21:35 PM,8/4/2026 12:33:35 PM,,,2
7010819,UL-000919,Media item UL-000919,Media,Active,ShopGoodwill,EMP-1005,17.99,1,8/4/2026 12:36:15 PM,8/4/2026 12:48:15 PM,,,2
7010820,UL-000920,Clothing item UL-000920,Clothing,Active,Amazon,EMP-1005,17.99,1,8/4/2026 1:50:28 PM,8/4/2026 2:02:28 PM,,,2
7010821,UL-000921,Handbags item UL-000921,Handbags,Active,ShopGoodwill,EMP-1001,19.99,1,8/4/2026 10:51:16 AM,8/4/2026 11:03:16 AM,,,2
7010822,UL-000922,Books item UL-000922,Books,Active,Amazon,EMP-1001,11.99,1,8/4/2026 2:40:46 PM,8/4/2026 2:52:46 PM,,,2
7010823,UL-000923,Jewelry item UL-000923,Jewelry,Active,ShopGoodwill,EMP-1002,55.99,1,8/4/2026 12:37:28 PM,8/4/2026 12:49:28 PM,,,2
7010824,UL-000924,Electronics item UL-000924,Electronics,Active,Mercari,EMP-1003,10.99,1,8/5/2026 1:53:41 PM,8/5/2026 2:05:41 PM,,,1
7010825,UL-000925,Books item UL-000925,Books,Active,Amazon,EMP-1003,50.99,1,8/5/2026 2:43:45 PM,8/5/2026 2:55:45 PM,,,1
7010826,UL-000926,Kitchen item UL-000926,Kitchen,Active,eBay,EMP-1005,24.99,1,8/5/2026 5:25:59 PM,8/5/2026 5:37:59 PM,,,1
7010827,UL-000927,Media item UL-000927,Media,Active,ShopGoodwill,EMP-1005,10.99,1,8/5/2026 9:04:19 AM,8/5/2026 9:16:19 AM,,,1
7010828,UL-000928,Media item UL-000928,Media,Active,eBay,EMP-1001,39.99,1,8/5/2026 11:05:34 AM,8/5/2026 11:17:34 AM,,,1
7010829,UL-000929,Books item UL-000929,Books,Active,Amazon,EMP-1006,70.99,1,8/5/2026 9:12:12 AM,8/5/2026 9:24:12 AM,,,1
7010830,UL-000930,Collectibles item UL-000930,Collectibles,Active,ShopGoodwill,EMP-1002,19.99,1,8/5/2026 9:18:18 AM,8/5/2026 9:30:18 AM,,,1
7010831,UL-000931,Collectibles item UL-000931,Collectibles,Active,Mercari,EMP-1005,13.99,1,8/5/2026 8:01:59 AM,8/5/2026 8:13:59 AM,,,1
7010832,UL-000932,Home Decor item UL-000932,Home Decor,Active,Amazon,EMP-1006,18.99,1,8/5/2026 4:02:09 PM,8/5/2026 4:14:09 PM,,,1
7010833,UL-000933,Books item UL-000933,Books,Active,Amazon,EMP-1004,10.99,1,8/5/2026 2:46:31 PM,8/5/2026 2:58:31 PM,,,1
7010834,UL-000934,Jewelry item UL-000934,Jewelry,Active,ShopGoodwill,EMP-1002,36.99,1,8/5/2026 11:21:04 AM,8/5/2026 11:33:04 AM,,,1
7010835,UL-000935,Electronics item UL-000935,Electronics,Active,ShopGoodwill,EMP-1006,25.99,1,8/5/2026 5:41:42 PM,8/5/2026 5:53:42 PM,,,1
7010836,UL-000936,Kitchen item UL-000936,Kitchen,Active,Amazon,EMP-1006,57.99,1,8/5/2026 5:28:59 PM,8/5/2026 5:40:59 PM,,,1
7010837,UL-000937,Toys item UL-000937,Toys,Active,ShopGoodwill,EMP-1006,15.99,1,8/5/2026 1:59:16 PM,8/5/2026 2:11:16 PM,,,1
7010838,UL-000938,Toys item UL-000938,Toys,Active,ShopGoodwill,EMP-1002,31.99,1,8/5/2026 8:14:54 AM,8/5/2026 8:26:54 AM,,,1
7010839,UL-000939,Handbags item UL-000939,Handbags,Active,ShopGoodwill,EMP-1003,23.99,1,8/5/2026 8:17:01 AM,8/5/2026 8:29:01 AM,,,1
7010840,UL-000940,Art item UL-000940,Art,Active,Amazon,EMP-1005,26.99,1,8/5/2026 10:54:56 AM,8/5/2026 11:06:56 AM,,,1
7010841,UL-000941,Media item UL-000941,Media,Active,Mercari,EMP-1004,32.99,1,8/5/2026 9:09:21 AM,8/5/2026 9:21:21 AM,,,1
7010842,UL-000942,Media item UL-000942,Media,Active,ShopGoodwill,EMP-1003,8.99,1,8/5/2026 8:39:30 AM,8/5/2026 8:51:30 AM,,,1
7010843,UL-000943,Electronics item UL-000943,Electronics,Active,ShopGoodwill,EMP-1006,6.99,1,8/5/2026 8:15:47 AM,8/5/2026 8:27:47 AM,,,1
7010844,UL-000944,Collectibles item UL-000944,Collectibles,Active,Amazon,EMP-1006,14.99,1,8/5/2026 2:52:18 PM,8/5/2026 3:04:18 PM,,,1
7010845,UL-000945,Books item UL-000945,Books,Active,ShopGoodwill,EMP-1001,26.99,1,8/5/2026 9:14:02 AM,8/5/2026 9:26:02 AM,,,1
7010846,UL-000946,Handbags item UL-000946,Handbags,Active,eBay,EMP-1002,18.99,1,8/5/2026 8:28:15 AM,8/5/2026 8:40:15 AM,,,1
7010847,UL-000947,Clothing item UL-000947,Clothing,Active,ShopGoodwill,EMP-1003,28.99,1,8/5/2026 11:43:38 AM,8/5/2026 11:55:38 AM,,,1
7010848,UL-000948,Media item UL-000948,Media,Active,eBay,EMP-1005,63.99,1,8/5/2026 3:52:56 PM,8/5/2026 4:04:56 PM,,,1
7010849,UL-000949,Shoes item UL-000949,Shoes,Active,Amazon,EMP-1002,20.99,1,8/6/2026 12:52:55 PM,8/6/2026 1:04:55 PM,,,1
7010850,UL-000950,Collectibles item UL-000950,Collectibles,Active,ShopGoodwill,EMP-1006,18.99,1,8/6/2026 8:03:11 AM,8/6/2026 8:15:11 AM,,,1
7010851,UL-000951,Home Decor item UL-000951,Home Decor,Active,Amazon,EMP-1005,100.99,1,8/6/2026 12:15:00 PM,8/6/2026 12:27:00 PM,,,1
7010852,UL-000952,Watches item UL-000952,Watches,Active,ShopGoodwill,EMP-1005,40.99,1,8/6/2026 2:20:05 PM,8/6/2026 2:32:05 PM,,,1
7010853,UL-000953,Shoes item UL-000953,Shoes,Active,eBay,EMP-1003,19.99,1,8/6/2026 1:06:36 PM,8/6/2026 1:18:36 PM,,,1
7010854,UL-000954,Books item UL-000954,Books,Active,Amazon,EMP-1002,32.99,1,8/6/2026 2:19:22 PM,8/6/2026 2:31:22 PM,,,1
7010855,UL-000955,Shoes item UL-000955,Shoes,Active,Mercari,EMP-1003,12.99,1,8/6/2026 3:39:38 PM,8/6/2026 3:51:38 PM,,,1
7010856,UL-000956,Books item UL-000956,Books,Active,Amazon,EMP-1003,26.99,1,8/6/2026 10:13:03 AM,8/6/2026 10:25:03 AM,,,1
7010857,UL-000957,Kitchen item UL-000957,Kitchen,Active,ShopGoodwill,EMP-1001,17.99,1,8/6/2026 2:49:44 PM,8/6/2026 3:01:44 PM,,,1
7010858,UL-000958,Electronics item UL-000958,Electronics,Active,Mercari,EMP-1006,13.99,1,8/6/2026 8:32:46 AM,8/6/2026 8:44:46 AM,,,1
7010859,UL-000959,Electronics item UL-000959,Electronics,Active,Mercari,EMP-1006,23.99,1,8/6/2026 1:10:15 PM,8/6/2026 1:22:15 PM,,,1
7010860,UL-000960,Media item UL-000960,Media,Active,ShopGoodwill,EMP-1006,20.99,1,8/6/2026 8:34:40 AM,8/6/2026 8:46:40 AM,,,1
7010861,UL-000961,Electronics item UL-000961,Electronics,Active,Amazon,EMP-1002,42.99,1,8/6/2026 2:57:14 PM,8/6/2026 3:09:14 PM,,,1
7010862,UL-000962,Collectibles item UL-000962,Collectibles,Active,Amazon,EMP-1004,17.99,1,8/6/2026 12:29:32 PM,8/6/2026 12:41:32 PM,,,1
7010863,UL-000963,Clothing item UL-000963,Clothing,Active,ShopGoodwill,EMP-1003,22.99,1,8/6/2026 12:22:57 PM,8/6/2026 12:34:57 PM,,,1
7010864,UL-000964,Collectibles item UL-000964,Collectibles,Active,Amazon,EMP-1006,21.99,1,8/6/2026 4:09:01 PM,8/6/2026 4:21:01 PM,,,1
7010865,UL-000965,Jewelry item UL-000965,Jewelry,Active,Mercari,EMP-1001,39.99,1,8/6/2026 10:20:41 AM,8/6/2026 10:32:41 AM,,,1
7010866,UL-000966,Collectibles item UL-000966,Collectibles,Active,Amazon,EMP-1003,9.99,1,8/6/2026 1:43:44 PM,8/6/2026 1:55:44 PM,,,1
7010867,UL-000967,Kitchen item UL-000967,Kitchen,Active,Mercari,EMP-1006,65.99,1,8/7/2026 9:18:11 AM,8/7/2026 9:30:11 AM,,,1
7010868,UL-000968,Clothing item UL-000968,Clothing,Active,ShopGoodwill,EMP-1004,25.99,1,8/7/2026 2:09:30 PM,8/7/2026 2:21:30 PM,,,1
7010869,UL-000969,Clothing item UL-000969,Clothing,Active,eBay,EMP-1005,11.99,1,8/7/2026 9:41:31 AM,8/7/2026 9:53:31 AM,,,1
7010870,UL-000970,Clothing item UL-000970,Clothing,Active,Amazon,EMP-1006,102.99,1,8/7/2026 4:30:06 PM,8/7/2026 4:42:06 PM,,,1
7010871,UL-000971,Books item UL-000971,Books,Active,Amazon,EMP-1006,34.99,1,8/7/2026 4:13:12 PM,8/7/2026 4:25:12 PM,,,1
7010872,UL-000972,Home Decor item UL-000972,Home Decor,Active,eBay,EMP-1003,11.99,1,8/7/2026 7:48:46 AM,8/7/2026 8:00:46 AM,,,1
7010873,UL-000973,Media item UL-000973,Media,Active,ShopGoodwill,EMP-1004,45.99,1,8/7/2026 3:32:47 PM,8/7/2026 3:44:47 PM,,,1
7010874,UL-000974,Electronics item UL-000974,Electronics,Active,ShopGoodwill,EMP-1006,39.99,1,8/7/2026 11:25:32 AM,8/7/2026 11:37:32 AM,,,1
7010875,UL-000975,Books item UL-000975,Books,Active,Mercari,EMP-1001,45.99,1,8/7/2026 2:28:23 PM,8/7/2026 2:40:23 PM,,,1
7010876,UL-000976,Media item UL-000976,Media,Active,eBay,EMP-1006,48.99,1,8/7/2026 3:55:36 PM,8/7/2026 4:07:36 PM,,,1
7010877,UL-000977,Home Decor item UL-000977,Home Decor,Active,ShopGoodwill,EMP-1001,14.99,1,8/7/2026 2:56:06 PM,8/7/2026 3:08:06 PM,,,1
7010878,UL-000978,Books item UL-000978,Books,Active,eBay,EMP-1005,32.99,1,8/7/2026 8:08:32 AM,8/7/2026 8:20:32 AM,,,1
7010879,UL-000979,Electronics item UL-000979,Electronics,Active,ShopGoodwill,EMP-1003,72.99,1,8/7/2026 1:04:48 PM,8/7/2026 1:16:48 PM,,,1
7010880,UL-000980,Books item UL-000980,Books,Active,ShopGoodwill,EMP-1001,28.99,1,8/7/2026 5:37:39 PM,8/7/2026 5:49:39 PM,,,1
7010881,UL-000981,Sporting Goods item UL-000981,Sporting Goods,Active,Mercari,EMP-1005,69.99,1,8/7/2026 11:57:09 AM,8/7/2026 12:09:09 PM,,,1
7010882,UL-000982,Books item UL-000982,Books,Active,ShopGoodwill,EMP-1005,21.99,1,8/7/2026 9:13:23 AM,8/7/2026 9:25:23 AM,,,1
7010883,UL-000983,Books item UL-000983,Books,Active,eBay,EMP-1005,19.99,1,8/7/2026 2:01:18 PM,8/7/2026 2:13:18 PM,,,1
7010884,UL-000984,Electronics item UL-000984,Electronics,Active,ShopGoodwill,EMP-1005,10.99,1,8/7/2026 3:33:19 PM,8/7/2026 3:45:19 PM,,,1
7010885,UL-000985,Home Decor item UL-000985,Home Decor,Active,Amazon,EMP-1003,26.99,1,8/7/2026 5:46:24 PM,8/7/2026 5:58:24 PM,,,1
7010886,UL-000986,Handbags item UL-000986,Handbags,Active,Amazon,EMP-1003,24.99,1,8/7/2026 12:33:44 PM,8/7/2026 12:45:44 PM,,,1
7010887,UL-000987,Media item UL-000987,Media,Active,Amazon,EMP-1006,57.99,1,8/7/2026 2:18:28 PM,8/7/2026 2:30:28 PM,,,1
7010888,UL-000988,Collectibles item UL-000988,Collectibles,Active,eBay,EMP-1002,22.99,1,8/7/2026 2:47:50 PM,8/7/2026 2:59:50 PM,,,1
7010889,UL-000989,Clothing item UL-000989,Clothing,Active,eBay,EMP-1002,23.99,1,8/7/2026 1:46:06 PM,8/7/2026 1:58:06 PM,,,1
7010890,UL-000990,Media item UL-000990,Media,Active,Amazon,EMP-1005,35.99,1,8/7/2026 10:33:18 AM,8/7/2026 10:45:18 AM,,,1
7010891,UL-000991,Clothing item UL-000991,Clothing,Active,ShopGoodwill,EMP-1005,7.99,1,8/7/2026 2:42:12 PM,8/7/2026 2:54:12 PM,,,1
7010892,UL-000992,Clothing item UL-000992,Clothing,Active,Amazon,EMP-1005,35.99,1,8/7/2026 1:05:42 PM,8/7/2026 1:17:42 PM,,,1
7010893,UL-000993,Toys item UL-000993,Toys,Active,eBay,EMP-1002,119.99,1,8/7/2026 10:04:26 AM,8/7/2026 10:16:26 AM,,,1
7010894,UL-000994,Books item UL-000994,Books,Active,ShopGoodwill,EMP-1005,29.99,1,8/7/2026 4:02:05 PM,8/7/2026 4:14:05 PM,,,1
7010895,UL-000995,Kitchen item UL-000995,Kitchen,Active,Amazon,EMP-1001,23.99,1,8/7/2026 12:38:07 PM,8/7/2026 12:50:07 PM,,,1
7010896,UL-000996,Shoes item UL-000996,Shoes,Active,ShopGoodwill,EMP-1004,20.99,1,8/7/2026 3:40:59 PM,8/7/2026 3:52:59 PM,,,1
7010897,UL-000997,Home Decor item UL-000997,Home Decor,Active,Mercari,EMP-1006,59.99,1,8/7/2026 2:43:33 PM,8/7/2026 2:55:33 PM,,,1
7010898,UL-000998,Toys item UL-000998,Toys,Active,ShopGoodwill,EMP-1004,33.99,1,8/7/2026 10:55:09 AM,8/7/2026 11:07:09 AM,,,1
7010899,UL-000999,Kitchen item UL-000999,Kitchen,Active,ShopGoodwill,EMP-1001,18.99,1,8/8/2026 5:39:56 PM,8/8/2026 5:51:56 PM,,,1
7010900,UL-001000,Media item UL-001000,Media,Active,Amazon,EMP-1001,52.99,1,8/8/2026 11:36:23 AM,8/8/2026 11:48:23 AM,,,1
7010901,UL-001001,Toys item UL-001001,Toys,Active,Mercari,EMP-1002,14.99,1,8/8/2026 10:26:18 AM,8/8/2026 10:38:18 AM,,,1
7010902,UL-001002,Home Decor item UL-001002,Home Decor,Active,eBay,EMP-1003,34.99,1,8/8/2026 11:29:39 AM,8/8/2026 11:41:39 AM,,,1
7010903,UL-001003,Clothing item UL-001003,Clothing,Active,ShopGoodwill,EMP-1006,30.99,1,8/8/2026 4:20:27 PM,8/8/2026 4:32:27 PM,,,1
7010904,UL-001004,Collectibles item UL-001004,Collectibles,Active,Amazon,EMP-1006,15.99,1,8/8/2026 11:53:11 AM,8/8/2026 12:05:11 PM,,,1
7010905,UL-001005,Books item UL-001005,Books,Active,Amazon,EMP-1001,22.99,1,8/8/2026 2:17:56 PM,8/8/2026 2:29:56 PM,,,1
7010906,UL-001006,Kitchen item UL-001006,Kitchen,Active,eBay,EMP-1001,15.99,1,8/8/2026 9:35:10 AM,8/8/2026 9:47:10 AM,,,1
7010907,UL-001007,Sporting Goods item UL-001007,Sporting Goods,Active,Amazon,EMP-1006,38.99,1,8/8/2026 4:06:23 PM,8/8/2026 4:18:23 PM,,,1
7010908,UL-001008,Clothing item UL-001008,Clothing,Active,Mercari,EMP-1002,7.99,1,8/8/2026 9:40:23 AM,8/8/2026 9:52:23 AM,,,1
7010909,UL-001009,Collectibles item UL-001009,Collectibles,Active,eBay,EMP-1004,6.99,1,8/8/2026 3:44:27 PM,8/8/2026 3:56:27 PM,,,1
7010910,UL-001010,Books item UL-001010,Books,Active,eBay,EMP-1003,51.99,1,8/8/2026 4:05:16 PM,8/8/2026 4:17:16 PM,,,1
7010911,UL-001011,Watches item UL-001011,Watches,Active,Amazon,EMP-1001,18.99,1,8/8/2026 4:27:09 PM,8/8/2026 4:39:09 PM,,,1
7010912,UL-001012,Clothing item UL-001012,Clothing,Active,Amazon,EMP-1006,25.99,1,8/8/2026 7:57:54 AM,8/8/2026 8:09:54 AM,,,1
7010913,UL-001013,Sporting Goods item UL-001013,Sporting Goods,Active,Mercari,EMP-1006,37.99,1,8/8/2026 12:31:18 PM,8/8/2026 12:43:18 PM,,,1
7010914,UL-001014,Electronics item UL-001014,Electronics,Active,ShopGoodwill,EMP-1005,39.99,1,8/8/2026 1:58:06 PM,8/8/2026 2:10:06 PM,,,1
7010915,UL-001015,Books item UL-001015,Books,Active,ShopGoodwill,EMP-1006,12.99,1,8/8/2026 10:51:14 AM,8/8/2026 11:03:14 AM,,,1
7010916,UL-001016,Art item UL-001016,Art,Active,ShopGoodwill,EMP-1005,56.99,1,8/8/2026 2:25:15 PM,8/8/2026 2:37:15 PM,,,1
7010917,UL-001017,Collectibles item UL-001017,Collectibles,Active,Mercari,EMP-1002,78.99,1,8/8/2026 5:30:48 PM,8/8/2026 5:42:48 PM,,,1
7010918,UL-001018,Books item UL-001018,Books,Active,Mercari,EMP-1001,19.99,1,8/8/2026 1:32:19 PM,8/8/2026 1:44:19 PM,,,1
7010919,UL-001019,Books item UL-001019,Books,Active,ShopGoodwill,EMP-1002,32.99,1,8/8/2026 1:34:59 PM,8/8/2026 1:46:59 PM,,,1
7010920,UL-001020,Watches item UL-001020,Watches,Active,eBay,EMP-1006,21.99,1,8/8/2026 8:25:33 AM,8/8/2026 8:37:33 AM,,,1
7010921,UL-001021,Kitchen item UL-001021,Kitchen,Active,Amazon,EMP-1004,9.99,1,8/8/2026 5:46:08 PM,8/8/2026 5:58:08 PM,,,1
7010922,UL-001022,Books item UL-001022,Books,Active,ShopGoodwill,EMP-1006,35.99,1,8/8/2026 12:03:58 PM,8/8/2026 12:15:58 PM,,,1
7010923,UL-001023,Books item UL-001023,Books,Active,ShopGoodwill,EMP-1006,60.99,1,8/8/2026 5:34:47 PM,8/8/2026 5:46:47 PM,,,1
7010924,UL-001024,Handbags item UL-001024,Handbags,Active,ShopGoodwill,EMP-1003,16.99,1,8/9/2026 10:21:35 AM,8/9/2026 10:33:35 AM,,,1
7010925,UL-001025,Home Decor item UL-001025,Home Decor,Active,eBay,EMP-1006,35.99,1,8/9/2026 4:11:15 PM,8/9/2026 4:23:15 PM,,,1
7010926,UL-001026,Kitchen item UL-001026,Kitchen,Active,eBay,EMP-1001,31.99,1,8/9/2026 10:08:14 AM,8/9/2026 10:20:14 AM,,,1
7010927,UL-001027,Clothing item UL-001027,Clothing,Active,ShopGoodwill,EMP-1004,27.99,1,8/9/2026 11:05:46 AM,8/9/2026 11:17:46 AM,,,1
7010928,UL-001028,Toys item UL-001028,Toys,Active,ShopGoodwill,EMP-1003,17.99,1,8/9/2026 4:57:08 PM,8/9/2026 5:09:08 PM,,,1
7010929,UL-001029,Books item UL-001029,Books,Active,Mercari,EMP-1006,51.99,1,8/9/2026 12:43:16 PM,8/9/2026 12:55:16 PM,,,1
7010930,UL-001030,Books item UL-001030,Books,Active,ShopGoodwill,EMP-1003,9.99,1,8/9/2026 2:35:50 PM,8/9/2026 2:47:50 PM,,,1
7010931,UL-001031,Handbags item UL-001031,Handbags,Active,eBay,EMP-1001,46.99,1,8/9/2026 1:03:48 PM,8/9/2026 1:15:48 PM,,,1
7010932,UL-001032,Media item UL-001032,Media,Active,eBay,EMP-1003,18.99,1,8/9/2026 12:17:39 PM,8/9/2026 12:29:39 PM,,,1
7010933,UL-001033,Jewelry item UL-001033,Jewelry,Active,ShopGoodwill,EMP-1001,12.99,1,8/10/2026 12:04:46 PM,8/10/2026 12:16:46 PM,,,1
7010934,UL-001034,Books item UL-001034,Books,Active,Amazon,EMP-1004,8.99,1,8/10/2026 10:00:54 AM,8/10/2026 10:12:54 AM,,,1
7010935,UL-001035,Shoes item UL-001035,Shoes,Active,Amazon,EMP-1006,17.99,1,8/10/2026 1:59:19 PM,8/10/2026 2:11:19 PM,,,1
7010936,UL-001036,Shoes item UL-001036,Shoes,Active,Mercari,EMP-1005,28.99,1,8/10/2026 4:07:32 PM,8/10/2026 4:19:32 PM,,,1
7010937,UL-001037,Handbags item UL-001037,Handbags,Active,Amazon,EMP-1002,27.99,1,8/10/2026 9:55:03 AM,8/10/2026 10:07:03 AM,,,1
7010938,UL-001038,Clothing item UL-001038,Clothing,Active,ShopGoodwill,EMP-1003,31.99,1,8/10/2026 1:19:37 PM,8/10/2026 1:31:37 PM,,,1
7010939,UL-001039,Collectibles item UL-001039,Collectibles,Active,ShopGoodwill,EMP-1001,44.99,1,8/10/2026 12:24:29 PM,8/10/2026 12:36:29 PM,,,1
7010940,UL-001040,Books item UL-001040,Books,Active,ShopGoodwill,EMP-1004,30.99,1,8/10/2026 10:10:17 AM,8/10/2026 10:22:17 AM,,,1
7010941,UL-001041,Books item UL-001041,Books,Active,Mercari,EMP-1001,70.99,1,8/10/2026 10:04:20 AM,8/10/2026 10:16:20 AM,,,1
7010942,UL-001042,Books item UL-001042,Books,Active,ShopGoodwill,EMP-1001,18.99,1,8/10/2026 11:58:32 AM,8/10/2026 12:10:32 PM,,,1
7010943,UL-001043,Jewelry item UL-001043,Jewelry,Active,ShopGoodwill,EMP-1005,27.99,1,8/10/2026 8:48:07 AM,8/10/2026 9:00:07 AM,,,1
7010944,UL-001044,Jewelry item UL-001044,Jewelry,Active,Amazon,EMP-1002,18.99,1,8/10/2026 5:04:57 PM,8/10/2026 5:16:57 PM,,,1
7010945,UL-001045,Clothing item UL-001045,Clothing,Active,ShopGoodwill,EMP-1005,15.99,1,8/10/2026 8:45:54 AM,8/10/2026 8:57:54 AM,,,1
7010946,UL-001046,Toys item UL-001046,Toys,Active,eBay,EMP-1005,22.99,1,8/10/2026 2:34:00 PM,8/10/2026 2:46:00 PM,,,1
7010947,UL-001047,Collectibles item UL-001047,Collectibles,Active,ShopGoodwill,EMP-1006,27.99,1,8/10/2026 11:53:42 AM,8/10/2026 12:05:42 PM,,,1
7010948,UL-001048,Home Decor item UL-001048,Home Decor,Active,eBay,EMP-1005,47.99,1,8/10/2026 5:35:42 PM,8/10/2026 5:47:42 PM,,,1
7010949,UL-001049,Books item UL-001049,Books,Active,eBay,EMP-1005,50.99,1,8/10/2026 8:37:08 AM,8/10/2026 8:49:08 AM,,,1
7010950,UL-001050,Books item UL-001050,Books,Active,Amazon,EMP-1002,29.99,1,8/10/2026 3:15:56 PM,8/10/2026 3:27:56 PM,,,1
7010951,UL-001051,Clothing item UL-001051,Clothing,Active,Amazon,EMP-1001,40.99,1,8/10/2026 8:54:48 AM,8/10/2026 9:06:48 AM,,,1
7010952,UL-001052,Jewelry item UL-001052,Jewelry,Active,Amazon,EMP-1001,23.99,1,8/10/2026 3:07:57 PM,8/10/2026 3:19:57 PM,,,1
7010953,UL-001053,Jewelry item UL-001053,Jewelry,Active,Amazon,EMP-1004,61.99,1,8/10/2026 2:29:11 PM,8/10/2026 2:41:11 PM,,,1
7010954,UL-001054,Watches item UL-001054,Watches,Active,Amazon,EMP-1001,26.99,1,8/11/2026 5:46:03 PM,8/11/2026 5:58:03 PM,,,1
7010955,UL-001055,Home Decor item UL-001055,Home Decor,Active,Amazon,EMP-1005,19.99,1,8/11/2026 7:59:18 AM,8/11/2026 8:11:18 AM,,,1
7010956,UL-001056,Media item UL-001056,Media,Active,eBay,EMP-1005,31.99,1,8/11/2026 4:06:01 PM,8/11/2026 4:18:01 PM,,,1
7010957,UL-001057,Shoes item UL-001057,Shoes,Active,ShopGoodwill,EMP-1005,33.99,1,8/11/2026 5:43:46 PM,8/11/2026 5:55:46 PM,,,1
7010958,UL-001058,Shoes item UL-001058,Shoes,Active,ShopGoodwill,EMP-1005,16.99,1,8/11/2026 9:40:52 AM,8/11/2026 9:52:52 AM,,,1
7010959,UL-001059,Collectibles item UL-001059,Collectibles,Active,Amazon,EMP-1003,22.99,1,8/11/2026 10:28:19 AM,8/11/2026 10:40:19 AM,,,1
7010960,UL-001060,Clothing item UL-001060,Clothing,Active,Amazon,EMP-1004,13.99,1,8/11/2026 12:37:36 PM,8/11/2026 12:49:36 PM,,,1
7010961,UL-001061,Books item UL-001061,Books,Active,ShopGoodwill,EMP-1005,39.99,1,8/11/2026 7:53:59 AM,8/11/2026 8:05:59 AM,,,1
7010962,UL-001062,Clothing item UL-001062,Clothing,Active,Amazon,EMP-1002,56.99,1,8/11/2026 11:09:49 AM,8/11/2026 11:21:49 AM,,,1
7010963,UL-001063,Books item UL-001063,Books,Active,Amazon,EMP-1005,28.99,1,8/11/2026 11:44:35 AM,8/11/2026 11:56:35 AM,,,1
7010964,UL-001064,Books item UL-001064,Books,Active,Amazon,EMP-1003,8.99,1,8/11/2026 12:11:20 PM,8/11/2026 12:23:20 PM,,,1
7010965,UL-001065,Clothing item UL-001065,Clothing,Active,eBay,EMP-1002,15.99,1,8/11/2026 2:23:40 PM,8/11/2026 2:35:40 PM,,,1
7010966,UL-001066,Books item UL-001066,Books,Active,eBay,EMP-1006,12.99,1,8/11/2026 8:05:11 AM,8/11/2026 8:17:11 AM,,,1
7010967,UL-001067,Home Decor item UL-001067,Home Decor,Active,Amazon,EMP-1003,28.99,1,8/11/2026 1:21:23 PM,8/11/2026 1:33:23 PM,,,1
7010968,UL-001068,Media item UL-001068,Media,Active,ShopGoodwill,EMP-1002,32.99,1,8/11/2026 8:29:37 AM,8/11/2026 8:41:37 AM,,,1
7010969,UL-001069,Books item UL-001069,Books,Active,ShopGoodwill,EMP-1002,47.99,1,8/11/2026 4:54:09 PM,8/11/2026 5:06:09 PM,,,1
7010970,UL-001070,Kitchen item UL-001070,Kitchen,Active,Amazon,EMP-1003,6.99,1,8/11/2026 8:57:29 AM,8/11/2026 9:09:29 AM,,,1
7010971,UL-001071,Electronics item UL-001071,Electronics,Active,eBay,EMP-1002,26.99,1,8/11/2026 3:39:29 PM,8/11/2026 3:51:29 PM,,,1
7010972,UL-001072,Books item UL-001072,Books,Active,ShopGoodwill,EMP-1006,68.99,1,8/11/2026 1:36:50 PM,8/11/2026 1:48:50 PM,,,1
7010973,UL-001073,Toys item UL-001073,Toys,Active,ShopGoodwill,EMP-1001,19.99,1,8/11/2026 2:22:50 PM,8/11/2026 2:34:50 PM,,,1
7010974,UL-001074,Clothing item UL-001074,Clothing,Active,eBay,EMP-1002,21.99,1,8/11/2026 7:48:23 AM,8/11/2026 8:00:23 AM,,,1
7010975,UL-001075,Art item UL-001075,Art,Active,ShopGoodwill,EMP-1004,33.99,1,8/11/2026 11:25:14 AM,8/11/2026 11:37:14 AM,,,1
7010976,UL-001076,Kitchen item UL-001076,Kitchen,Active,eBay,EMP-1001,8.99,1,8/11/2026 1:03:55 PM,8/11/2026 1:15:55 PM,,,1
7010977,UL-001077,Collectibles item UL-001077,Collectibles,Active,Amazon,EMP-1001,18.99,1,8/11/2026 1:32:52 PM,8/11/2026 1:44:52 PM,,,1
7010978,UL-001078,Books item UL-001078,Books,Active,eBay,EMP-1003,25.99,1,8/11/2026 2:17:46 PM,8/11/2026 2:29:46 PM,,,1
7010979,UL-001079,Kitchen item UL-001079,Kitchen,Active,Amazon,EMP-1004,27.99,1,8/12/2026 1:52:42 PM,8/12/2026 2:04:42 PM,,,1
7010980,UL-001080,Books item UL-001080,Books,Active,Mercari,EMP-1002,67.99,1,8/12/2026 1:03:13 PM,8/12/2026 1:15:13 PM,,,1
7010981,UL-001081,Books item UL-001081,Books,Active,ShopGoodwill,EMP-1001,11.99,1,8/12/2026 1:49:16 PM,8/12/2026 2:01:16 PM,,,1
7010982,UL-001082,Books item UL-001082,Books,Active,eBay,EMP-1006,44.99,1,8/12/2026 8:25:57 AM,8/12/2026 8:37:57 AM,,,1
7010983,UL-001083,Clothing item UL-001083,Clothing,Active,Amazon,EMP-1006,74.99,1,8/12/2026 10:14:28 AM,8/12/2026 10:26:28 AM,,,1
7010984,UL-001084,Handbags item UL-001084,Handbags,Active,ShopGoodwill,EMP-1004,39.99,1,8/12/2026 9:17:55 AM,8/12/2026 9:29:55 AM,,,1
7010985,UL-001085,Home Decor item UL-001085,Home Decor,Active,eBay,EMP-1004,51.99,1,8/12/2026 11:36:26 AM,8/12/2026 11:48:26 AM,,,1
7010986,UL-001086,Jewelry item UL-001086,Jewelry,Active,ShopGoodwill,EMP-1005,14.99,1,8/12/2026 2:57:39 PM,8/12/2026 3:09:39 PM,,,1
7010987,UL-001087,Kitchen item UL-001087,Kitchen,Active,eBay,EMP-1003,4.99,1,8/12/2026 12:48:55 PM,8/12/2026 1:00:55 PM,,,1
7010988,UL-001088,Handbags item UL-001088,Handbags,Active,ShopGoodwill,EMP-1001,29.99,1,8/12/2026 4:43:27 PM,8/12/2026 4:55:27 PM,,,1
7010989,UL-001089,Home Decor item UL-001089,Home Decor,Active,ShopGoodwill,EMP-1004,53.99,1,8/12/2026 4:14:32 PM,8/12/2026 4:26:32 PM,,,1
7010990,UL-001090,Collectibles item UL-001090,Collectibles,Active,eBay,EMP-1004,29.99,1,8/12/2026 2:55:46 PM,8/12/2026 3:07:46 PM,,,1
7010991,UL-001091,Electronics item UL-001091,Electronics,Active,Amazon,EMP-1001,50.99,1,8/12/2026 10:03:32 AM,8/12/2026 10:15:32 AM,,,1
7010992,UL-001092,Shoes item UL-001092,Shoes,Active,Amazon,EMP-1003,18.99,1,8/12/2026 10:25:17 AM,8/12/2026 10:37:17 AM,,,1
7010993,UL-001093,Clothing item UL-001093,Clothing,Active,eBay,EMP-1006,21.99,1,8/12/2026 8:33:41 AM,8/12/2026 8:45:41 AM,,,1
7010994,UL-001094,Clothing item UL-001094,Clothing,Active,Amazon,EMP-1001,16.99,1,8/12/2026 12:52:43 PM,8/12/2026 1:04:43 PM,,,1
7010995,UL-001095,Electronics item UL-001095,Electronics,Active,Amazon,EMP-1005,9.99,1,8/12/2026 12:44:35 PM,8/12/2026 12:56:35 PM,,,1
7010996,UL-001096,Collectibles item UL-001096,Collectibles,Active,Amazon,EMP-1003,38.99,1,8/12/2026 9:00:40 AM,8/12/2026 9:12:40 AM,,,1
7010997,UL-001097,Books item UL-001097,Books,Active,eBay,EMP-1001,8.99,1,8/12/2026 8:50:45 AM,8/12/2026 9:02:45 AM,,,1
7010998,UL-001098,Books item UL-001098,Books,Active,Amazon,EMP-1001,37.99,1,8/12/2026 2:34:37 PM,8/12/2026 2:46:37 PM,,,1
7010999,UL-001099,Kitchen item UL-001099,Kitchen,Active,eBay,EMP-1005,15.99,1,8/12/2026 11:39:43 AM,8/12/2026 11:51:43 AM,,,1
7011000,UL-001100,Shoes item UL-001100,Shoes,Active,eBay,EMP-1006,15.99,1,8/13/2026 10:39:27 AM,8/13/2026 10:51:27 AM,,,1
7011001,UL-001101,Books item UL-001101,Books,Active,ShopGoodwill,EMP-1003,13.99,1,8/13/2026 9:43:20 AM,8/13/2026 9:55:20 AM,,,1
7011002,UL-001102,Jewelry item UL-001102,Jewelry,Active,ShopGoodwill,EMP-1005,24.99,1,8/13/2026 3:24:18 PM,8/13/2026 3:36:18 PM,,,1
7011003,UL-001103,Art item UL-001103,Art,Active,Amazon,EMP-1002,21.99,1,8/13/2026 12:42:11 PM,8/13/2026 12:54:11 PM,,,1
7011004,UL-001104,Collectibles item UL-001104,Collectibles,Active,ShopGoodwill,EMP-1003,13.99,1,8/13/2026 11:35:01 AM,8/13/2026 11:47:01 AM,,,1
7011005,UL-001105,Handbags item UL-001105,Handbags,Active,ShopGoodwill,EMP-1001,31.99,1,8/13/2026 11:08:12 AM,8/13/2026 11:20:12 AM,,,1
7011006,UL-001106,Home Decor item UL-001106,Home Decor,Active,Amazon,EMP-1002,76.99,1,8/13/2026 3:27:53 PM,8/13/2026 3:39:53 PM,,,1
7011007,UL-001107,Shoes item UL-001107,Shoes,Active,eBay,EMP-1004,25.99,1,8/13/2026 11:51:52 AM,8/13/2026 12:03:52 PM,,,1
7011008,UL-001108,Books item UL-001108,Books,Active,Amazon,EMP-1003,13.99,1,8/13/2026 8:41:04 AM,8/13/2026 8:53:04 AM,,,1
7011009,UL-001109,Media item UL-001109,Media,Active,ShopGoodwill,EMP-1001,41.99,1,8/13/2026 9:48:06 AM,8/13/2026 10:00:06 AM,,,1
7011010,UL-001110,Clothing item UL-001110,Clothing,Active,ShopGoodwill,EMP-1001,63.99,1,8/13/2026 9:59:34 AM,8/13/2026 10:11:34 AM,,,1
7011011,UL-001111,Jewelry item UL-001111,Jewelry,Active,Amazon,EMP-1005,20.99,1,8/13/2026 10:06:01 AM,8/13/2026 10:18:01 AM,,,1
7011012,UL-001112,Collectibles item UL-001112,Collectibles,Active,ShopGoodwill,EMP-1003,33.99,1,8/13/2026 8:59:27 AM,8/13/2026 9:11:27 AM,,,1
7011013,UL-001113,Collectibles item UL-001113,Collectibles,Active,eBay,EMP-1002,26.99,1,8/13/2026 1:07:07 PM,8/13/2026 1:19:07 PM,,,1
7011014,UL-001114,Electronics item UL-001114,Electronics,Active,ShopGoodwill,EMP-1003,15.99,1,8/13/2026 9:38:48 AM,8/13/2026 9:50:48 AM,,,1
7011015,UL-001115,Collectibles item UL-001115,Collectibles,Active,Amazon,EMP-1002,24.99,1,8/13/2026 12:31:13 PM,8/13/2026 12:43:13 PM,,,1
7011016,UL-001116,Collectibles item UL-001116,Collectibles,Active,Amazon,EMP-1002,13.99,1,8/13/2026 1:38:38 PM,8/13/2026 1:50:38 PM,,,1
7011017,UL-001117,Books item UL-001117,Books,Active,ShopGoodwill,EMP-1001,31.99,1,8/13/2026 7:50:00 AM,8/13/2026 8:02:00 AM,,,1
7011018,UL-001118,Toys item UL-001118,Toys,Active,ShopGoodwill,EMP-1002,21.99,1,8/13/2026 9:48:49 AM,8/13/2026 10:00:49 AM,,,1
7011019,UL-001119,Clothing item UL-001119,Clothing,Active,Amazon,EMP-1004,64.99,1,8/13/2026 2:30:26 PM,8/13/2026 2:42:26 PM,,,1
7011020,UL-001120,Electronics item UL-001120,Electronics,Active,ShopGoodwill,EMP-1003,31.99,1,8/13/2026 12:10:40 PM,8/13/2026 12:22:40 PM,,,1
7011021,UL-001121,Electronics item UL-001121,Electronics,Active,eBay,EMP-1006,46.99,1,8/13/2026 1:19:20 PM,8/13/2026 1:31:20 PM,,,1
7011022,UL-001122,Kitchen item UL-001122,Kitchen,Active,ShopGoodwill,EMP-1004,33.99,1,8/13/2026 11:20:25 AM,8/13/2026 11:32:25 AM,,,1
7011023,UL-001123,Clothing item UL-001123,Clothing,Active,eBay,EMP-1001,37.99,1,8/13/2026 5:19:09 PM,8/13/2026 5:31:09 PM,,,1
7011024,UL-001124,Collectibles item UL-001124,Collectibles,Active,ShopGoodwill,EMP-1003,44.99,1,8/13/2026 8:15:02 AM,8/13/2026 8:27:02 AM,,,1
7011025,UL-001125,Home Decor item UL-001125,Home Decor,Active,eBay,EMP-1005,18.99,1,8/13/2026 12:39:18 PM,8/13/2026 12:51:18 PM,,,1
7011026,UL-001126,Home Decor item UL-001126,Home Decor,Active,eBay,EMP-1003,16.99,1,8/13/2026 2:06:19 PM,8/13/2026 2:18:19 PM,,,1
7011027,UL-001127,Books item UL-001127,Books,Active,eBay,EMP-1003,26.99,1,8/13/2026 11:21:29 AM,8/13/2026 11:33:29 AM,,,1
7011028,UL-001128,Books item UL-001128,Books,Active,Amazon,EMP-1002,11.99,1,8/13/2026 12:32:21 PM,8/13/2026 12:44:21 PM,,,1
7011029,UL-001129,Books item UL-001129,Books,Active,eBay,EMP-1002,28.99,1,8/13/2026 9:00:59 AM,8/13/2026 9:12:59 AM,,,1
7011030,UL-001130,Media item UL-001130,Media,Active,Amazon,EMP-1003,21.99,1,8/13/2026 4:31:05 PM,8/13/2026 4:43:05 PM,,,1
7011031,UL-001131,Books item UL-001131,Books,Active,Amazon,EMP-1002,26.99,1,8/14/2026 4:39:11 PM,8/14/2026 4:51:11 PM,,,1
7011032,UL-001132,Collectibles item UL-001132,Collectibles,Active,Mercari,EMP-1002,21.99,1,8/14/2026 3:04:46 PM,8/14/2026 3:16:46 PM,,,1
7011033,UL-001133,Collectibles item UL-001133,Collectibles,Active,ShopGoodwill,EMP-1003,29.99,1,8/14/2026 12:08:49 PM,8/14/2026 12:20:49 PM,,,1
7011034,UL-001134,Books item UL-001134,Books,Active,eBay,EMP-1003,31.99,1,8/14/2026 4:20:12 PM,8/14/2026 4:32:12 PM,,,1
7011035,UL-001135,Kitchen item UL-001135,Kitchen,Active,Amazon,EMP-1002,20.99,1,8/14/2026 11:37:31 AM,8/14/2026 11:49:31 AM,,,1
7011036,UL-001136,Clothing item UL-001136,Clothing,Active,ShopGoodwill,EMP-1006,24.99,1,8/14/2026 8:52:08 AM,8/14/2026 9:04:08 AM,,,1
7011037,UL-001137,Jewelry item UL-001137,Jewelry,Active,ShopGoodwill,EMP-1004,40.99,1,8/14/2026 5:01:33 PM,8/14/2026 5:13:33 PM,,,1
7011038,UL-001138,Jewelry item UL-001138,Jewelry,Active,ShopGoodwill,EMP-1002,46.99,1,8/14/2026 9:02:01 AM,8/14/2026 9:14:01 AM,,,1
7011039,UL-001139,Collectibles item UL-001139,Collectibles,Active,eBay,EMP-1006,19.99,1,8/14/2026 12:47:38 PM,8/14/2026 12:59:38 PM,,,1
7011040,UL-001140,Collectibles item UL-001140,Collectibles,Active,Amazon,EMP-1006,13.99,1,8/14/2026 12:26:14 PM,8/14/2026 12:38:14 PM,,,1
7011041,UL-001141,Books item UL-001141,Books,Active,ShopGoodwill,EMP-1004,47.99,1,8/14/2026 4:22:10 PM,8/14/2026 4:34:10 PM,,,1
7011042,UL-001142,Media item UL-001142,Media,Active,ShopGoodwill,EMP-1002,27.99,1,8/14/2026 8:33:47 AM,8/14/2026 8:45:47 AM,,,1
7011043,UL-001143,Media item UL-001143,Media,Active,Amazon,EMP-1006,22.99,1,8/14/2026 12:47:27 PM,8/14/2026 12:59:27 PM,,,1
7011044,UL-001144,Books item UL-001144,Books,Active,ShopGoodwill,EMP-1001,5.99,1,8/14/2026 1:42:29 PM,8/14/2026 1:54:29 PM,,,1
7011045,UL-001145,Home Decor item UL-001145,Home Decor,Active,eBay,EMP-1005,54.99,1,8/14/2026 8:41:22 AM,8/14/2026 8:53:22 AM,,,1
7011046,UL-001146,Clothing item UL-001146,Clothing,Active,ShopGoodwill,EMP-1003,30.99,1,8/14/2026 8:15:23 AM,8/14/2026 8:27:23 AM,,,1
7011047,UL-001147,Collectibles item UL-001147,Collectibles,Active,Amazon,EMP-1002,35.99,1,8/14/2026 3:37:14 PM,8/14/2026 3:49:14 PM,,,1
7011048,UL-001148,Shoes item UL-001148,Shoes,Active,ShopGoodwill,EMP-1003,41.99,1,8/14/2026 10:34:04 AM,8/14/2026 10:46:04 AM,,,1
7011049,UL-001149,Books item UL-001149,Books,Active,ShopGoodwill,EMP-1005,18.99,1,8/14/2026 10:10:24 AM,8/14/2026 10:22:24 AM,,,1
7011050,UL-001150,Electronics item UL-001150,Electronics,Active,Amazon,EMP-1003,28.99,1,8/14/2026 9:53:31 AM,8/14/2026 10:05:31 AM,,,1
7011051,UL-001151,Sporting Goods item UL-001151,Sporting Goods,Active,Amazon,EMP-1006,29.99,1,8/14/2026 1:04:44 PM,8/14/2026 1:16:44 PM,,,1
7011052,UL-001152,Media item UL-001152,Media,Active,ShopGoodwill,EMP-1006,89.99,1,8/14/2026 4:02:28 PM,8/14/2026 4:14:28 PM,,,1
7011053,UL-001153,Books item UL-001153,Books,Active,eBay,EMP-1003,35.99,1,8/14/2026 11:59:08 AM,8/14/2026 12:11:08 PM,,,1
7011054,UL-001154,Books item UL-001154,Books,Active,eBay,EMP-1004,45.99,1,8/14/2026 3:57:00 PM,8/14/2026 4:09:00 PM,,,1
7011055,UL-001155,Books item UL-001155,Books,Active,eBay,EMP-1002,9.99,1,8/14/2026 2:48:59 PM,8/14/2026 3:00:59 PM,,,1
7011056,UL-001156,Handbags item UL-001156,Handbags,Active,Amazon,EMP-1006,36.99,1,8/14/2026 1:07:26 PM,8/14/2026 1:19:26 PM,,,1
7011057,UL-001157,Collectibles item UL-001157,Collectibles,Active,ShopGoodwill,EMP-1004,50.99,1,8/14/2026 3:53:56 PM,8/14/2026 4:05:56 PM,,,1
7011058,UL-001158,Clothing item UL-001158,Clothing,Active,ShopGoodwill,EMP-1002,54.99,1,8/14/2026 10:27:23 AM,8/14/2026 10:39:23 AM,,,1
7011059,UL-001159,Collectibles item UL-001159,Collectibles,Active,Amazon,EMP-1005,26.99,1,8/14/2026 1:32:40 PM,8/14/2026 1:44:40 PM,,,1
7011060,UL-001160,Electronics item UL-001160,Electronics,Active,ShopGoodwill,EMP-1003,53.99,1,8/14/2026 5:39:49 PM,8/14/2026 5:51:49 PM,,,1
7011061,UL-001161,Collectibles item UL-001161,Collectibles,Active,Amazon,EMP-1006,45.99,1,8/14/2026 2:35:07 PM,8/14/2026 2:47:07 PM,,,1
7011062,UL-001162,Toys item UL-001162,Toys,Active,ShopGoodwill,EMP-1002,68.99,1,8/14/2026 1:25:10 PM,8/14/2026 1:37:10 PM,,,1
7011063,UL-001163,Clothing item UL-001163,Clothing,Active,eBay,EMP-1001,25.99,1,8/14/2026 8:56:55 AM,8/14/2026 9:08:55 AM,,,1
7011064,UL-001164,Books item UL-001164,Books,Active,ShopGoodwill,EMP-1006,21.99,1,8/14/2026 1:54:09 PM,8/14/2026 2:06:09 PM,,,1
7011065,UL-001165,Shoes item UL-001165,Shoes,Active,Mercari,EMP-1005,19.99,1,8/14/2026 11:39:10 AM,8/14/2026 11:51:10 AM,,,1
7011066,UL-001166,Books item UL-001166,Books,Active,Amazon,EMP-1003,27.99,1,8/15/2026 12:24:15 PM,8/15/2026 12:36:15 PM,,,1
7011067,UL-001167,Handbags item UL-001167,Handbags,Active,eBay,EMP-1001,29.99,1,8/15/2026 9:01:00 AM,8/15/2026 9:13:00 AM,,,1
7011068,UL-001168,Collectibles item UL-001168,Collectibles,Active,eBay,EMP-1001,28.99,1,8/15/2026 11:06:31 AM,8/15/2026 11:18:31 AM,,,1
7011069,UL-001169,Electronics item UL-001169,Electronics,Active,Mercari,EMP-1006,16.99,1,8/15/2026 10:58:20 AM,8/15/2026 11:10:20 AM,,,1
7011070,UL-001170,Collectibles item UL-001170,Collectibles,Active,ShopGoodwill,EMP-1004,14.99,1,8/15/2026 5:17:15 PM,8/15/2026 5:29:15 PM,,,1
7011071,UL-001171,Shoes item UL-001171,Shoes,Active,ShopGoodwill,EMP-1004,13.99,1,8/15/2026 2:42:49 PM,8/15/2026 2:54:49 PM,,,1
7011072,UL-001172,Shoes item UL-001172,Shoes,Active,Amazon,EMP-1003,23.99,1,8/15/2026 2:05:46 PM,8/15/2026 2:17:46 PM,,,1
7011073,UL-001173,Collectibles item UL-001173,Collectibles,Active,ShopGoodwill,EMP-1006,25.99,1,8/15/2026 11:06:20 AM,8/15/2026 11:18:20 AM,,,1
7011074,UL-001174,Books item UL-001174,Books,Active,eBay,EMP-1004,16.99,1,8/15/2026 10:30:20 AM,8/15/2026 10:42:20 AM,,,1
7011075,UL-001175,Home Decor item UL-001175,Home Decor,Active,Amazon,EMP-1005,40.99,1,8/15/2026 11:13:22 AM,8/15/2026 11:25:22 AM,,,1
7011076,UL-001176,Electronics item UL-001176,Electronics,Active,Amazon,EMP-1005,33.99,1,8/15/2026 10:14:32 AM,8/15/2026 10:26:32 AM,,,1
7011077,UL-001177,Art item UL-001177,Art,Active,ShopGoodwill,EMP-1005,80.99,1,8/15/2026 12:22:54 PM,8/15/2026 12:34:54 PM,,,1
7011078,UL-001178,Shoes item UL-001178,Shoes,Active,Amazon,EMP-1005,21.99,1,8/15/2026 8:35:18 AM,8/15/2026 8:47:18 AM,,,1
7011079,UL-001179,Books item UL-001179,Books,Active,eBay,EMP-1001,25.99,1,8/15/2026 5:25:56 PM,8/15/2026 5:37:56 PM,,,1
7011080,UL-001180,Clothing item UL-001180,Clothing,Active,ShopGoodwill,EMP-1004,21.99,1,8/16/2026 4:55:54 PM,8/16/2026 5:07:54 PM,,,1
7011081,UL-001181,Kitchen item UL-001181,Kitchen,Active,Amazon,EMP-1006,9.99,1,8/16/2026 1:22:42 PM,8/16/2026 1:34:42 PM,,,1
7011082,UL-001182,Home Decor item UL-001182,Home Decor,Active,ShopGoodwill,EMP-1002,31.99,1,8/16/2026 10:03:47 AM,8/16/2026 10:15:47 AM,,,1
7011083,UL-001183,Media item UL-001183,Media,Active,ShopGoodwill,EMP-1005,22.99,1,8/16/2026 1:32:28 PM,8/16/2026 1:44:28 PM,,,1
7011084,UL-001184,Books item UL-001184,Books,Active,eBay,EMP-1005,18.99,1,8/16/2026 10:35:04 AM,8/16/2026 10:47:04 AM,,,1
7011085,UL-001185,Books item UL-001185,Books,Active,Mercari,EMP-1001,21.99,1,8/16/2026 5:27:11 PM,8/16/2026 5:39:11 PM,,,1
7011086,UL-001186,Clothing item UL-001186,Clothing,Active,ShopGoodwill,EMP-1005,66.99,1,8/16/2026 10:46:58 AM,8/16/2026 10:58:58 AM,,,1
7011087,UL-001187,Collectibles item UL-001187,Collectibles,Active,Mercari,EMP-1006,44.99,1,8/16/2026 10:40:31 AM,8/16/2026 10:52:31 AM,,,1
7011088,UL-001188,Collectibles item UL-001188,Collectibles,Active,ShopGoodwill,EMP-1005,49.99,1,8/16/2026 12:53:36 PM,8/16/2026 1:05:36 PM,,,1
7011089,UL-001189,Clothing item UL-001189,Clothing,Active,Mercari,EMP-1002,30.99,1,8/16/2026 11:21:34 AM,8/16/2026 11:33:34 AM,,,1
7011090,UL-001190,Art item UL-001190,Art,Active,ShopGoodwill,EMP-1005,19.99,1,8/16/2026 4:33:43 PM,8/16/2026 4:45:43 PM,,,1
7011091,UL-001191,Books item UL-001191,Books,Active,Mercari,EMP-1001,19.99,1,8/16/2026 10:04:38 AM,8/16/2026 10:16:38 AM,,,1
7011092,UL-001192,Sporting Goods item UL-001192,Sporting Goods,Active,ShopGoodwill,EMP-1006,14.99,1,8/16/2026 7:59:08 AM,8/16/2026 8:11:08 AM,,,1
7011093,UL-001193,Books item UL-001193,Books,Active,Amazon,EMP-1003,23.99,1,8/16/2026 10:32:30 AM,8/16/2026 10:44:30 AM,,,1
7011094,UL-001194,Home Decor item UL-001194,Home Decor,Active,Amazon,EMP-1005,28.99,1,8/16/2026 8:01:33 AM,8/16/2026 8:13:33 AM,,,1
7011095,UL-001195,Books item UL-001195,Books,Active,Mercari,EMP-1003,14.99,1,8/16/2026 8:21:42 AM,8/16/2026 8:33:42 AM,,,1
7011096,UL-001196,Clothing item UL-001196,Clothing,Active,eBay,EMP-1003,20.99,1,8/16/2026 1:21:44 PM,8/16/2026 1:33:44 PM,,,1
7011097,UL-001197,Electronics item UL-001197,Electronics,Active,eBay,EMP-1006,18.99,1,8/16/2026 8:25:18 AM,8/16/2026 8:37:18 AM,,,1
7011098,UL-001198,Kitchen item UL-001198,Kitchen,Active,ShopGoodwill,EMP-1001,93.99,1,8/16/2026 3:05:28 PM,8/16/2026 3:17:28 PM,,,1
7011099,UL-001199,Jewelry item UL-001199,Jewelry,Active,ShopGoodwill,EMP-1006,11.99,1,8/16/2026 3:10:27 PM,8/16/2026 3:22:27 PM,,,1
7011100,UL-001200,Watches item UL-001200,Watches,Active,ShopGoodwill,EMP-1001,31.99,1,8/16/2026 9:16:59 AM,8/16/2026 9:28:59 AM,,,1
7011101,UL-001201,Electronics item UL-001201,Electronics,Active,eBay,EMP-1001,36.99,1,8/16/2026 3:07:43 PM,8/16/2026 3:19:43 PM,,,1
7011102,UL-001202,Home Decor item UL-001202,Home Decor,Active,eBay,EMP-1001,10.99,1,8/16/2026 9:37:59 AM,8/16/2026 9:49:59 AM,,,1
7011103,UL-001203,Books item UL-001203,Books,Active,Amazon,EMP-1004,72.99,1,8/16/2026 2:18:45 PM,8/16/2026 2:30:45 PM,,,1
7011104,UL-001204,Books item UL-001204,Books,Active,eBay,EMP-1002,27.99,1,8/17/2026 8:48:07 AM,8/17/2026 9:00:07 AM,,,1
7011105,UL-001205,Art item UL-001205,Art,Active,ShopGoodwill,EMP-1001,39.99,1,8/17/2026 2:49:56 PM,8/17/2026 3:01:56 PM,,,1
7011106,UL-001206,Books item UL-001206,Books,Active,Amazon,EMP-1006,71.99,1,8/17/2026 4:15:46 PM,8/17/2026 4:27:46 PM,,,1
7011107,UL-001207,Books item UL-001207,Books,Active,Amazon,EMP-1003,20.99,1,8/17/2026 9:08:23 AM,8/17/2026 9:20:23 AM,,,1
7011108,UL-001208,Books item UL-001208,Books,Active,eBay,EMP-1004,10.99,1,8/17/2026 2:55:01 PM,8/17/2026 3:07:01 PM,,,1
7011109,UL-001209,Media item UL-001209,Media,Active,eBay,EMP-1004,13.99,1,8/17/2026 8:25:05 AM,8/17/2026 8:37:05 AM,,,1
7011110,UL-001210,Media item UL-001210,Media,Active,ShopGoodwill,EMP-1004,48.99,1,8/17/2026 1:19:13 PM,8/17/2026 1:31:13 PM,,,1
7011111,UL-001211,Electronics item UL-001211,Electronics,Active,ShopGoodwill,EMP-1005,62.99,1,8/17/2026 11:04:16 AM,8/17/2026 11:16:16 AM,,,1
7011112,UL-001212,Jewelry item UL-001212,Jewelry,Active,ShopGoodwill,EMP-1001,67.99,1,8/17/2026 11:54:13 AM,8/17/2026 12:06:13 PM,,,1
7011113,UL-001213,Handbags item UL-001213,Handbags,Active,ShopGoodwill,EMP-1004,25.99,1,8/17/2026 8:37:38 AM,8/17/2026 8:49:38 AM,,,1
7011114,UL-001214,Home Decor item UL-001214,Home Decor,Active,Mercari,EMP-1003,17.99,1,8/17/2026 10:50:15 AM,8/17/2026 11:02:15 AM,,,1
7011115,UL-001215,Media item UL-001215,Media,Active,Amazon,EMP-1004,41.99,1,8/17/2026 3:42:57 PM,8/17/2026 3:54:57 PM,,,1
7011116,UL-001216,Books item UL-001216,Books,Active,Amazon,EMP-1002,57.99,1,8/17/2026 1:27:12 PM,8/17/2026 1:39:12 PM,,,1
7011117,UL-001217,Clothing item UL-001217,Clothing,Active,eBay,EMP-1005,30.99,1,8/17/2026 12:48:08 PM,8/17/2026 1:00:08 PM,,,1
7011118,UL-001218,Books item UL-001218,Books,Active,ShopGoodwill,EMP-1003,29.99,1,8/17/2026 10:27:59 AM,8/17/2026 10:39:59 AM,,,1
7011119,UL-001219,Clothing item UL-001219,Clothing,Active,Amazon,EMP-1006,86.99,1,8/17/2026 11:27:11 AM,8/17/2026 11:39:11 AM,,,1
7011120,UL-001220,Home Decor item UL-001220,Home Decor,Active,ShopGoodwill,EMP-1003,25.99,1,8/17/2026 11:30:31 AM,8/17/2026 11:42:31 AM,,,1
7011121,UL-001221,Kitchen item UL-001221,Kitchen,Active,eBay,EMP-1005,17.99,1,8/17/2026 9:06:40 AM,8/17/2026 9:18:40 AM,,,1
7011122,UL-001222,Books item UL-001222,Books,Active,Amazon,EMP-1003,18.99,1,8/17/2026 11:40:59 AM,8/17/2026 11:52:59 AM,,,1
7011123,UL-001223,Art item UL-001223,Art,Active,Amazon,EMP-1001,10.99,1,8/17/2026 8:02:53 AM,8/17/2026 8:14:53 AM,,,1
7011124,UL-001224,Shoes item UL-001224,Shoes,Active,ShopGoodwill,EMP-1004,8.99,1,8/17/2026 12:08:44 PM,8/17/2026 12:20:44 PM,,,1
7011125,UL-001225,Books item UL-001225,Books,Active,eBay,EMP-1001,14.99,1,8/17/2026 4:15:19 PM,8/17/2026 4:27:19 PM,,,1
7011126,UL-001226,Shoes item UL-001226,Shoes,Active,ShopGoodwill,EMP-1002,28.99,1,8/18/2026 3:38:29 PM,8/18/2026 3:50:29 PM,,,1
7011127,UL-001227,Books item UL-001227,Books,Active,Amazon,EMP-1001,9.99,1,8/18/2026 8:10:27 AM,8/18/2026 8:22:27 AM,,,1
7011128,UL-001228,Art item UL-001228,Art,Active,ShopGoodwill,EMP-1005,21.99,1,8/18/2026 10:15:48 AM,8/18/2026 10:27:48 AM,,,1
7011129,UL-001229,Books item UL-001229,Books,Active,ShopGoodwill,EMP-1001,17.99,1,8/18/2026 4:27:18 PM,8/18/2026 4:39:18 PM,,,1
7011130,UL-001230,Books item UL-001230,Books,Active,eBay,EMP-1002,57.99,1,8/18/2026 10:39:26 AM,8/18/2026 10:51:26 AM,,,1
7011131,UL-001231,Media item UL-001231,Media,Active,Amazon,EMP-1002,46.99,1,8/18/2026 4:08:04 PM,8/18/2026 4:20:04 PM,,,1
7011132,UL-001232,Jewelry item UL-001232,Jewelry,Active,ShopGoodwill,EMP-1001,20.99,1,8/18/2026 9:23:12 AM,8/18/2026 9:35:12 AM,,,1
7011133,UL-001233,Electronics item UL-001233,Electronics,Active,Amazon,EMP-1006,4.99,1,8/18/2026 12:40:33 PM,8/18/2026 12:52:33 PM,,,1
7011134,UL-001234,Shoes item UL-001234,Shoes,Active,ShopGoodwill,EMP-1004,25.99,1,8/18/2026 1:46:13 PM,8/18/2026 1:58:13 PM,,,1
7011135,UL-001235,Books item UL-001235,Books,Active,Amazon,EMP-1004,85.99,1,8/18/2026 9:16:38 AM,8/18/2026 9:28:38 AM,,,1
7011136,UL-001236,Clothing item UL-001236,Clothing,Active,ShopGoodwill,EMP-1003,27.99,1,8/18/2026 10:13:41 AM,8/18/2026 10:25:41 AM,,,1
7011137,UL-001237,Media item UL-001237,Media,Active,Amazon,EMP-1006,11.99,1,8/18/2026 2:29:01 PM,8/18/2026 2:41:01 PM,,,1
7011138,UL-001238,Clothing item UL-001238,Clothing,Active,Amazon,EMP-1001,33.99,1,8/18/2026 10:44:00 AM,8/18/2026 10:56:00 AM,,,1
7011139,UL-001239,Books item UL-001239,Books,Active,ShopGoodwill,EMP-1001,41.99,1,8/18/2026 1:01:58 PM,8/18/2026 1:13:58 PM,,,1
7011140,UL-001240,Books item UL-001240,Books,Active,ShopGoodwill,EMP-1005,50.99,1,8/18/2026 3:56:01 PM,8/18/2026 4:08:01 PM,,,1
7011141,UL-001241,Collectibles item UL-001241,Collectibles,Active,ShopGoodwill,EMP-1004,19.99,1,8/18/2026 7:51:41 AM,8/18/2026 8:03:41 AM,,,1
7011142,UL-001242,Clothing item UL-001242,Clothing,Active,Amazon,EMP-1006,13.99,1,8/18/2026 11:54:42 AM,8/18/2026 12:06:42 PM,,,1
7011143,UL-001243,Clothing item UL-001243,Clothing,Active,eBay,EMP-1002,42.99,1,8/18/2026 9:49:34 AM,8/18/2026 10:01:34 AM,,,1
7011144,UL-001244,Media item UL-001244,Media,Active,Mercari,EMP-1006,24.99,1,8/18/2026 4:17:16 PM,8/18/2026 4:29:16 PM,,,1
7011145,UL-001245,Books item UL-001245,Books,Active,Amazon,EMP-1005,22.99,1,8/18/2026 9:43:32 AM,8/18/2026 9:55:32 AM,,,1
7011146,UL-001246,Handbags item UL-001246,Handbags,Active,ShopGoodwill,EMP-1001,65.99,1,8/18/2026 8:43:16 AM,8/18/2026 8:55:16 AM,,,1
7011147,UL-001247,Kitchen item UL-001247,Kitchen,Active,ShopGoodwill,EMP-1004,43.99,1,8/18/2026 9:48:38 AM,8/18/2026 10:00:38 AM,,,1
7011148,UL-001248,Books item UL-001248,Books,Active,Amazon,EMP-1004,43.99,1,8/19/2026 8:08:43 AM,8/19/2026 8:20:43 AM,,,1
7011149,UL-001249,Toys item UL-001249,Toys,Active,eBay,EMP-1003,25.99,1,8/19/2026 11:48:02 AM,8/19/2026 12:00:02 PM,,,1
7011150,UL-001250,Jewelry item UL-001250,Jewelry,Active,eBay,EMP-1001,63.99,1,8/19/2026 1:22:13 PM,8/19/2026 1:34:13 PM,,,1
7011151,UL-001251,Electronics item UL-001251,Electronics,Active,Mercari,EMP-1003,19.99,1,8/19/2026 3:03:11 PM,8/19/2026 3:15:11 PM,,,1
7011152,UL-001252,Sporting Goods item UL-001252,Sporting Goods,Active,Amazon,EMP-1003,21.99,1,8/19/2026 4:12:15 PM,8/19/2026 4:24:15 PM,,,1
7011153,UL-001253,Electronics item UL-001253,Electronics,Active,eBay,EMP-1004,44.99,1,8/19/2026 2:20:35 PM,8/19/2026 2:32:35 PM,,,1
7011154,UL-001254,Shoes item UL-001254,Shoes,Active,Amazon,EMP-1004,64.99,1,8/19/2026 12:45:44 PM,8/19/2026 12:57:44 PM,,,1
7011155,UL-001255,Media item UL-001255,Media,Active,ShopGoodwill,EMP-1002,114.99,1,8/19/2026 1:19:01 PM,8/19/2026 1:31:01 PM,,,1
7011156,UL-001256,Shoes item UL-001256,Shoes,Active,ShopGoodwill,EMP-1003,35.99,1,8/19/2026 12:04:31 PM,8/19/2026 12:16:31 PM,,,1
7011157,UL-001257,Books item UL-001257,Books,Active,ShopGoodwill,EMP-1003,24.99,1,8/19/2026 10:42:39 AM,8/19/2026 10:54:39 AM,,,1
7011158,UL-001258,Books item UL-001258,Books,Active,ShopGoodwill,EMP-1004,22.99,1,8/19/2026 9:42:14 AM,8/19/2026 9:54:14 AM,,,1
7011159,UL-001259,Handbags item UL-001259,Handbags,Active,ShopGoodwill,EMP-1006,35.99,1,8/19/2026 12:18:38 PM,8/19/2026 12:30:38 PM,,,1
7011160,UL-001260,Jewelry item UL-001260,Jewelry,Active,eBay,EMP-1005,34.99,1,8/19/2026 10:40:15 AM,8/19/2026 10:52:15 AM,,,1
7011161,UL-001261,Electronics item UL-001261,Electronics,Active,ShopGoodwill,EMP-1001,24.99,1,8/19/2026 2:52:27 PM,8/19/2026 3:04:27 PM,,,1
7011162,UL-001262,Books item UL-001262,Books,Active,eBay,EMP-1005,18.99,1,8/19/2026 11:57:59 AM,8/19/2026 12:09:59 PM,,,1
7011163,UL-001263,Clothing item UL-001263,Clothing,Active,eBay,EMP-1002,27.99,1,8/19/2026 8:03:03 AM,8/19/2026 8:15:03 AM,,,1
7011164,UL-001264,Electronics item UL-001264,Electronics,Active,Amazon,EMP-1006,36.99,1,8/19/2026 4:50:54 PM,8/19/2026 5:02:54 PM,,,1
7011165,UL-001265,Books item UL-001265,Books,Active,eBay,EMP-1006,11.99,1,8/19/2026 1:46:14 PM,8/19/2026 1:58:14 PM,,,1
7011166,UL-001266,Books item UL-001266,Books,Active,ShopGoodwill,EMP-1002,39.99,1,8/19/2026 8:38:46 AM,8/19/2026 8:50:46 AM,,,1
7011167,UL-001267,Media item UL-001267,Media,Active,eBay,EMP-1005,12.99,1,8/19/2026 4:52:30 PM,8/19/2026 5:04:30 PM,,,1
7011168,UL-001268,Shoes item UL-001268,Shoes,Active,eBay,EMP-1003,23.99,1,8/19/2026 2:08:17 PM,8/19/2026 2:20:17 PM,,,1
7011169,UL-001269,Jewelry item UL-001269,Jewelry,Active,eBay,EMP-1006,44.99,1,8/19/2026 4:15:22 PM,8/19/2026 4:27:22 PM,,,1
7011170,UL-001270,Jewelry item UL-001270,Jewelry,Active,ShopGoodwill,EMP-1002,51.99,1,8/19/2026 11:08:19 AM,8/19/2026 11:20:19 AM,,,1
7011171,UL-001271,Media item UL-001271,Media,Active,Amazon,EMP-1003,47.99,1,8/19/2026 12:41:41 PM,8/19/2026 12:53:41 PM,,,1
7011172,UL-001272,Sporting Goods item UL-001272,Sporting Goods,Active,ShopGoodwill,EMP-1006,15.99,1,8/19/2026 8:28:55 AM,8/19/2026 8:40:55 AM,,,1
7011173,UL-001273,Clothing item UL-001273,Clothing,Active,ShopGoodwill,EMP-1005,35.99,1,8/20/2026 9:18:23 AM,8/20/2026 9:30:23 AM,,,1
7011174,UL-001274,Collectibles item UL-001274,Collectibles,Active,Amazon,EMP-1005,13.99,1,8/20/2026 9:58:41 AM,8/20/2026 10:10:41 AM,,,1
7011175,UL-001275,Home Decor item UL-001275,Home Decor,Active,ShopGoodwill,EMP-1003,16.99,1,8/20/2026 3:14:17 PM,8/20/2026 3:26:17 PM,,,1
7011176,UL-001276,Media item UL-001276,Media,Active,Mercari,EMP-1001,37.99,1,8/20/2026 4:00:48 PM,8/20/2026 4:12:48 PM,,,1
7011177,UL-001277,Books item UL-001277,Books,Active,ShopGoodwill,EMP-1004,65.99,1,8/20/2026 1:49:40 PM,8/20/2026 2:01:40 PM,,,1
7011178,UL-001278,Books item UL-001278,Books,Active,Amazon,EMP-1005,25.99,1,8/20/2026 12:20:31 PM,8/20/2026 12:32:31 PM,,,1
7011179,UL-001279,Jewelry item UL-001279,Jewelry,Active,eBay,EMP-1006,35.99,1,8/20/2026 5:44:31 PM,8/20/2026 5:56:31 PM,,,1
7011180,UL-001280,Electronics item UL-001280,Electronics,Active,ShopGoodwill,EMP-1004,33.99,1,8/20/2026 9:31:43 AM,8/20/2026 9:43:43 AM,,,1
7011181,UL-001281,Handbags item UL-001281,Handbags,Active,eBay,EMP-1003,60.99,1,8/20/2026 10:50:27 AM,8/20/2026 11:02:27 AM,,,1
7011182,UL-001282,Shoes item UL-001282,Shoes,Active,Mercari,EMP-1005,65.99,1,8/20/2026 8:35:36 AM,8/20/2026 8:47:36 AM,,,1
7011183,UL-001283,Electronics item UL-001283,Electronics,Active,ShopGoodwill,EMP-1002,20.99,1,8/20/2026 2:19:29 PM,8/20/2026 2:31:29 PM,,,1
7011184,UL-001284,Home Decor item UL-001284,Home Decor,Active,Amazon,EMP-1002,5.99,1,8/20/2026 3:16:53 PM,8/20/2026 3:28:53 PM,,,1
7011185,UL-001285,Electronics item UL-001285,Electronics,Active,ShopGoodwill,EMP-1002,24.99,1,8/20/2026 10:34:20 AM,8/20/2026 10:46:20 AM,,,1
7011186,UL-001286,Collectibles item UL-001286,Collectibles,Active,eBay,EMP-1002,32.99,1,8/20/2026 3:17:24 PM,8/20/2026 3:29:24 PM,,,1
7011187,UL-001287,Books item UL-001287,Books,Active,eBay,EMP-1002,50.99,1,8/20/2026 9:35:05 AM,8/20/2026 9:47:05 AM,,,1
7011188,UL-001288,Books item UL-001288,Books,Active,eBay,EMP-1003,14.99,1,8/20/2026 2:27:08 PM,8/20/2026 2:39:08 PM,,,1
7011189,UL-001289,Home Decor item UL-001289,Home Decor,Active,Mercari,EMP-1006,15.99,1,8/20/2026 8:43:20 AM,8/20/2026 8:55:20 AM,,,1
7011190,UL-001290,Jewelry item UL-001290,Jewelry,Active,eBay,EMP-1005,83.99,1,8/20/2026 12:48:22 PM,8/20/2026 1:00:22 PM,,,1
7011191,UL-001291,Books item UL-001291,Books,Active,Amazon,EMP-1001,35.99,1,8/20/2026 2:33:53 PM,8/20/2026 2:45:53 PM,,,1
7011192,UL-001292,Kitchen item UL-001292,Kitchen,Active,Amazon,EMP-1001,38.99,1,8/20/2026 12:23:04 PM,8/20/2026 12:35:04 PM,,,1
7011193,UL-001293,Books item UL-001293,Books,Active,Mercari,EMP-1002,43.99,1,8/20/2026 4:06:46 PM,8/20/2026 4:18:46 PM,,,1
7011194,UL-001294,Clothing item UL-001294,Clothing,Active,eBay,EMP-1003,55.99,1,8/20/2026 4:09:53 PM,8/20/2026 4:21:53 PM,,,1
7011195,UL-001295,Media item UL-001295,Media,Active,eBay,EMP-1001,14.99,1,8/20/2026 2:51:27 PM,8/20/2026 3:03:27 PM,,,1
7011196,UL-001296,Home Decor item UL-001296,Home Decor,Active,eBay,EMP-1005,59.99,1,8/20/2026 1:18:49 PM,8/20/2026 1:30:49 PM,,,1
7011197,UL-001297,Electronics item UL-001297,Electronics,Active,eBay,EMP-1006,32.99,1,8/21/2026 1:02:56 PM,8/21/2026 1:14:56 PM,,,1
7011198,UL-001298,Handbags item UL-001298,Handbags,Active,Amazon,EMP-1002,29.99,1,8/21/2026 3:21:32 PM,8/21/2026 3:33:32 PM,,,1
7011199,UL-001299,Collectibles item UL-001299,Collectibles,Active,ShopGoodwill,EMP-1006,36.99,1,8/21/2026 12:54:16 PM,8/21/2026 1:06:16 PM,,,1
7011200,UL-001300,Sporting Goods item UL-001300,Sporting Goods,Active,Amazon,EMP-1006,71.99,1,8/21/2026 4:25:41 PM,8/21/2026 4:37:41 PM,,,1
7011201,UL-001301,Art item UL-001301,Art,Active,Mercari,EMP-1001,16.99,1,8/21/2026 9:42:17 AM,8/21/2026 9:54:17 AM,,,1
7011202,UL-001302,Home Decor item UL-001302,Home Decor,Active,Amazon,EMP-1001,13.99,1,8/21/2026 8:23:39 AM,8/21/2026 8:35:39 AM,,,1
7011203,UL-001303,Home Decor item UL-001303,Home Decor,Active,Amazon,EMP-1003,26.99,1,8/21/2026 11:32:53 AM,8/21/2026 11:44:53 AM,,,1
7011204,UL-001304,Media item UL-001304,Media,Active,eBay,EMP-1005,19.99,1,8/21/2026 11:29:09 AM,8/21/2026 11:41:09 AM,,,1
7011205,UL-001305,Books item UL-001305,Books,Active,ShopGoodwill,EMP-1006,13.99,1,8/21/2026 8:12:12 AM,8/21/2026 8:24:12 AM,,,1
7011206,UL-001306,Electronics item UL-001306,Electronics,Active,Amazon,EMP-1003,9.99,1,8/21/2026 11:54:10 AM,8/21/2026 12:06:10 PM,,,1
7011207,UL-001307,Collectibles item UL-001307,Collectibles,Active,ShopGoodwill,EMP-1006,23.99,1,8/21/2026 5:28:32 PM,8/21/2026 5:40:32 PM,,,1
7011208,UL-001308,Clothing item UL-001308,Clothing,Active,ShopGoodwill,EMP-1006,22.99,1,8/21/2026 3:40:15 PM,8/21/2026 3:52:15 PM,,,1
7011209,UL-001309,Home Decor item UL-001309,Home Decor,Active,ShopGoodwill,EMP-1004,15.99,1,8/21/2026 8:33:15 AM,8/21/2026 8:45:15 AM,,,1
7011210,UL-001310,Home Decor item UL-001310,Home Decor,Active,ShopGoodwill,EMP-1005,28.99,1,8/21/2026 10:58:20 AM,8/21/2026 11:10:20 AM,,,1
7011211,UL-001311,Watches item UL-001311,Watches,Active,ShopGoodwill,EMP-1005,39.99,1,8/21/2026 9:40:43 AM,8/21/2026 9:52:43 AM,,,1
7011212,UL-001312,Electronics item UL-001312,Electronics,Active,ShopGoodwill,EMP-1001,63.99,1,8/21/2026 3:09:09 PM,8/21/2026 3:21:09 PM,,,1
7011213,UL-001313,Books item UL-001313,Books,Active,eBay,EMP-1003,10.99,1,8/21/2026 2:48:53 PM,8/21/2026 3:00:53 PM,,,1
7011214,UL-001314,Kitchen item UL-001314,Kitchen,Active,eBay,EMP-1004,27.99,1,8/21/2026 5:16:14 PM,8/21/2026 5:28:14 PM,,,1
7011215,UL-001315,Books item UL-001315,Books,Active,ShopGoodwill,EMP-1005,87.99,1,8/21/2026 5:34:36 PM,8/21/2026 5:46:36 PM,,,1
7011216,UL-001316,Books item UL-001316,Books,Active,ShopGoodwill,EMP-1004,14.99,1,8/21/2026 3:21:58 PM,8/21/2026 3:33:58 PM,,,1
7011217,UL-001317,Clothing item UL-001317,Clothing,Active,Amazon,EMP-1003,47.99,1,8/21/2026 4:20:23 PM,8/21/2026 4:32:23 PM,,,1
7011218,UL-001318,Handbags item UL-001318,Handbags,Active,eBay,EMP-1003,13.99,1,8/21/2026 4:55:04 PM,8/21/2026 5:07:04 PM,,,1
7011219,UL-001319,Collectibles item UL-001319,Collectibles,Active,ShopGoodwill,EMP-1005,44.99,1,8/21/2026 3:29:44 PM,8/21/2026 3:41:44 PM,,,1
7011220,UL-001320,Books item UL-001320,Books,Active,Mercari,EMP-1004,9.99,1,8/21/2026 1:15:01 PM,8/21/2026 1:27:01 PM,,,1
7011221,UL-001321,Media item UL-001321,Media,Active,ShopGoodwill,EMP-1003,18.99,1,8/21/2026 2:50:27 PM,8/21/2026 3:02:27 PM,,,1
7011222,UL-001322,Shoes item UL-001322,Shoes,Active,ShopGoodwill,EMP-1005,12.99,1,8/21/2026 5:02:14 PM,8/21/2026 5:14:14 PM,,,1
7011223,UL-001323,Collectibles item UL-001323,Collectibles,Active,Amazon,EMP-1002,14.99,1,8/22/2026 11:48:50 AM,8/22/2026 12:00:50 PM,,,1
7011224,UL-001324,Jewelry item UL-001324,Jewelry,Active,ShopGoodwill,EMP-1001,38.99,1,8/22/2026 12:00:51 PM,8/22/2026 12:12:51 PM,,,1
7011225,UL-001325,Clothing item UL-001325,Clothing,Active,ShopGoodwill,EMP-1005,15.99,1,8/22/2026 11:15:20 AM,8/22/2026 11:27:20 AM,,,1
7011226,UL-001326,Sporting Goods item UL-001326,Sporting Goods,Active,Amazon,EMP-1005,40.99,1,8/22/2026 1:22:45 PM,8/22/2026 1:34:45 PM,,,1
7011227,UL-001327,Books item UL-001327,Books,Active,eBay,EMP-1005,8.99,1,8/22/2026 10:30:29 AM,8/22/2026 10:42:29 AM,,,1
7011228,UL-001328,Kitchen item UL-001328,Kitchen,Active,ShopGoodwill,EMP-1004,48.99,1,8/22/2026 8:23:37 AM,8/22/2026 8:35:37 AM,,,1
7011229,UL-001329,Electronics item UL-001329,Electronics,Active,Mercari,EMP-1003,24.99,1,8/22/2026 1:04:04 PM,8/22/2026 1:16:04 PM,,,1
7011230,UL-001330,Collectibles item UL-001330,Collectibles,Active,Amazon,EMP-1003,17.99,1,8/22/2026 4:52:54 PM,8/22/2026 5:04:54 PM,,,1
7011231,UL-001331,Shoes item UL-001331,Shoes,Active,eBay,EMP-1006,159.99,1,8/22/2026 2:53:53 PM,8/22/2026 3:05:53 PM,,,1
7011232,UL-001332,Collectibles item UL-001332,Collectibles,Active,Amazon,EMP-1001,11.99,1,8/22/2026 12:34:43 PM,8/22/2026 12:46:43 PM,,,1
7011233,UL-001333,Books item UL-001333,Books,Active,ShopGoodwill,EMP-1003,19.99,1,8/22/2026 11:17:20 AM,8/22/2026 11:29:20 AM,,,1
7011234,UL-001334,Collectibles item UL-001334,Collectibles,Active,Amazon,EMP-1005,48.99,1,8/22/2026 8:16:17 AM,8/22/2026 8:28:17 AM,,,1
7011235,UL-001335,Media item UL-001335,Media,Active,ShopGoodwill,EMP-1001,16.99,1,8/22/2026 10:14:23 AM,8/22/2026 10:26:23 AM,,,1
7011236,UL-001336,Home Decor item UL-001336,Home Decor,Active,ShopGoodwill,EMP-1006,19.99,1,8/22/2026 12:06:27 PM,8/22/2026 12:18:27 PM,,,1
7011237,UL-001337,Clothing item UL-001337,Clothing,Active,Amazon,EMP-1004,49.99,1,8/22/2026 9:41:09 AM,8/22/2026 9:53:09 AM,,,1
7011238,UL-001338,Books item UL-001338,Books,Active,ShopGoodwill,EMP-1003,12.99,1,8/22/2026 1:31:42 PM,8/22/2026 1:43:42 PM,,,1
7011239,UL-001339,Jewelry item UL-001339,Jewelry,Active,Mercari,EMP-1006,17.99,1,8/22/2026 5:47:51 PM,8/22/2026 5:59:51 PM,,,1
7011240,UL-001340,Media item UL-001340,Media,Active,Mercari,EMP-1002,26.99,1,8/22/2026 1:18:16 PM,8/22/2026 1:30:16 PM,,,1
7011241,UL-001341,Collectibles item UL-001341,Collectibles,Active,ShopGoodwill,EMP-1005,32.99,1,8/22/2026 11:53:06 AM,8/22/2026 12:05:06 PM,,,1
7011242,UL-001342,Books item UL-001342,Books,Active,ShopGoodwill,EMP-1003,18.99,1,8/22/2026 2:57:43 PM,8/22/2026 3:09:43 PM,,,1
7011243,UL-001343,Electronics item UL-001343,Electronics,Active,Mercari,EMP-1006,32.99,1,8/22/2026 10:40:17 AM,8/22/2026 10:52:17 AM,,,1
7011244,UL-001344,Art item UL-001344,Art,Active,ShopGoodwill,EMP-1006,15.99,1,8/22/2026 10:55:25 AM,8/22/2026 11:07:25 AM,,,1
7011245,UL-001345,Books item UL-001345,Books,Active,Amazon,EMP-1002,41.99,1,8/22/2026 2:28:53 PM,8/22/2026 2:40:53 PM,,,1
7011246,UL-001346,Books item UL-001346,Books,Active,Mercari,EMP-1002,12.99,1,8/22/2026 7:54:58 AM,8/22/2026 8:06:58 AM,,,1
7011247,UL-001347,Collectibles item UL-001347,Collectibles,Active,ShopGoodwill,EMP-1006,38.99,1,8/22/2026 4:33:22 PM,8/22/2026 4:45:22 PM,,,1
7011248,UL-001348,Books item UL-001348,Books,Active,Amazon,EMP-1006,37.99,1,8/22/2026 3:43:28 PM,8/22/2026 3:55:28 PM,,,1
7011249,UL-001349,Clothing item UL-001349,Clothing,Active,Mercari,EMP-1001,20.99,1,8/22/2026 3:34:49 PM,8/22/2026 3:46:49 PM,,,1
7011250,UL-001350,Toys item UL-001350,Toys,Active,ShopGoodwill,EMP-1006,11.99,1,8/22/2026 9:33:01 AM,8/22/2026 9:45:01 AM,,,1
7011251,UL-001351,Clothing item UL-001351,Clothing,Active,ShopGoodwill,EMP-1006,15.99,1,8/22/2026 4:04:31 PM,8/22/2026 4:16:31 PM,,,1
7011252,UL-001352,Shoes item UL-001352,Shoes,Active,eBay,EMP-1004,34.99,1,8/22/2026 7:56:47 AM,8/22/2026 8:08:47 AM,,,1
7011253,UL-001353,Watches item UL-001353,Watches,Active,Amazon,EMP-1004,9.99,1,8/22/2026 11:02:10 AM,8/22/2026 11:14:10 AM,,,1
7011254,UL-001354,Watches item UL-001354,Watches,Active,Amazon,EMP-1006,38.99,1,8/22/2026 11:30:01 AM,8/22/2026 11:42:01 AM,,,1
7011255,UL-001355,Kitchen item UL-001355,Kitchen,Active,ShopGoodwill,EMP-1004,11.99,1,8/22/2026 5:02:45 PM,8/22/2026 5:14:45 PM,,,1
7011256,UL-001356,Shoes item UL-001356,Shoes,Active,eBay,EMP-1001,23.99,1,8/22/2026 4:56:05 PM,8/22/2026 5:08:05 PM,,,1
7011257,UL-001357,Handbags item UL-001357,Handbags,Active,ShopGoodwill,EMP-1005,42.99,1,8/22/2026 3:30:28 PM,8/22/2026 3:42:28 PM,,,1
7011258,UL-001358,Shoes item UL-001358,Shoes,Active,ShopGoodwill,EMP-1003,33.99,1,8/22/2026 3:09:03 PM,8/22/2026 3:21:03 PM,,,1
7011259,UL-001359,Books item UL-001359,Books,Active,ShopGoodwill,EMP-1001,24.99,1,8/22/2026 8:53:00 AM,8/22/2026 9:05:00 AM,,,1
7011260,UL-001360,Handbags item UL-001360,Handbags,Active,Amazon,EMP-1002,24.99,1,8/22/2026 1:40:34 PM,8/22/2026 1:52:34 PM,,,1
7011261,UL-001361,Collectibles item UL-001361,Collectibles,Active,ShopGoodwill,EMP-1001,23.99,1,8/23/2026 8:54:56 AM,8/23/2026 9:06:56 AM,,,1
7011262,UL-001362,Clothing item UL-001362,Clothing,Active,ShopGoodwill,EMP-1002,11.99,1,8/23/2026 4:37:06 PM,8/23/2026 4:49:06 PM,,,1
7011263,UL-001363,Books item UL-001363,Books,Active,Mercari,EMP-1001,22.99,1,8/23/2026 9:26:36 AM,8/23/2026 9:38:36 AM,,,1
7011264,UL-001364,Jewelry item UL-001364,Jewelry,Active,Mercari,EMP-1002,16.99,1,8/23/2026 2:56:04 PM,8/23/2026 3:08:04 PM,,,1
7011265,UL-001365,Electronics item UL-001365,Electronics,Active,Mercari,EMP-1002,19.99,1,8/23/2026 2:55:08 PM,8/23/2026 3:07:08 PM,,,1
7011266,UL-001366,Books item UL-001366,Books,Active,ShopGoodwill,EMP-1003,52.99,1,8/23/2026 2:52:06 PM,8/23/2026 3:04:06 PM,,,1
7011267,UL-001367,Shoes item UL-001367,Shoes,Active,Mercari,EMP-1002,21.99,1,8/23/2026 3:13:11 PM,8/23/2026 3:25:11 PM,,,1
7011268,UL-001368,Clothing item UL-001368,Clothing,Active,ShopGoodwill,EMP-1004,28.99,1,8/23/2026 1:23:25 PM,8/23/2026 1:35:25 PM,,,1
7011269,UL-001369,Electronics item UL-001369,Electronics,Active,Amazon,EMP-1006,17.99,1,8/23/2026 9:07:58 AM,8/23/2026 9:19:58 AM,,,1
7011270,UL-001370,Media item UL-001370,Media,Active,ShopGoodwill,EMP-1003,10.99,1,8/23/2026 4:48:59 PM,8/23/2026 5:00:59 PM,,,1
7011271,UL-001371,Collectibles item UL-001371,Collectibles,Active,ShopGoodwill,EMP-1002,16.99,1,8/23/2026 10:49:23 AM,8/23/2026 11:01:23 AM,,,1
7011272,UL-001372,Books item UL-001372,Books,Active,Amazon,EMP-1005,39.99,1,8/23/2026 2:06:45 PM,8/23/2026 2:18:45 PM,,,1
7011273,UL-001373,Books item UL-001373,Books,Active,eBay,EMP-1006,28.99,1,8/23/2026 9:47:40 AM,8/23/2026 9:59:40 AM,,,1
7011274,UL-001374,Collectibles item UL-001374,Collectibles,Active,Amazon,EMP-1006,8.99,1,8/23/2026 4:34:08 PM,8/23/2026 4:46:08 PM,,,1
7011275,UL-001375,Kitchen item UL-001375,Kitchen,Active,eBay,EMP-1002,12.99,1,8/23/2026 10:41:01 AM,8/23/2026 10:53:01 AM,,,1
7011276,UL-001376,Books item UL-001376,Books,Active,Amazon,EMP-1004,32.99,1,8/23/2026 9:02:11 AM,8/23/2026 9:14:11 AM,,,1
7011277,UL-001377,Electronics item UL-001377,Electronics,Active,eBay,EMP-1002,32.99,1,8/23/2026 10:08:20 AM,8/23/2026 10:20:20 AM,,,1
7011278,UL-001378,Shoes item UL-001378,Shoes,Active,ShopGoodwill,EMP-1004,37.99,1,8/23/2026 4:00:05 PM,8/23/2026 4:12:05 PM,,,1
7011279,UL-001379,Media item UL-001379,Media,Active,eBay,EMP-1006,23.99,1,8/23/2026 11:33:34 AM,8/23/2026 11:45:34 AM,,,1
7011280,UL-001380,Home Decor item UL-001380,Home Decor,Active,ShopGoodwill,EMP-1003,25.99,1,8/23/2026 9:18:30 AM,8/23/2026 9:30:30 AM,,,1
7011281,UL-001381,Books item UL-001381,Books,Active,Amazon,EMP-1003,8.99,1,8/23/2026 4:32:41 PM,8/23/2026 4:44:41 PM,,,1
7011282,UL-001382,Shoes item UL-001382,Shoes,Active,eBay,EMP-1002,23.99,1,8/23/2026 1:24:44 PM,8/23/2026 1:36:44 PM,,,1
7011283,UL-001383,Jewelry item UL-001383,Jewelry,Active,ShopGoodwill,EMP-1004,23.99,1,8/23/2026 12:52:01 PM,8/23/2026 1:04:01 PM,,,1
7011284,UL-001384,Books item UL-001384,Books,Active,ShopGoodwill,EMP-1006,35.99,1,8/23/2026 5:10:18 PM,8/23/2026 5:22:18 PM,,,1
7011285,UL-001385,Home Decor item UL-001385,Home Decor,Active,eBay,EMP-1002,18.99,1,8/23/2026 1:40:48 PM,8/23/2026 1:52:48 PM,,,1
7011286,UL-001386,Media item UL-001386,Media,Active,Amazon,EMP-1006,21.99,1,8/23/2026 1:52:28 PM,8/23/2026 2:04:28 PM,,,1
7011287,UL-001387,Shoes item UL-001387,Shoes,Active,ShopGoodwill,EMP-1004,19.99,1,8/23/2026 9:00:11 AM,8/23/2026 9:12:11 AM,,,1
7011288,UL-001388,Media item UL-001388,Media,Active,Amazon,EMP-1006,11.99,1,8/23/2026 10:37:17 AM,8/23/2026 10:49:17 AM,,,1
7011289,UL-001389,Electronics item UL-001389,Electronics,Active,Amazon,EMP-1002,34.99,1,8/23/2026 3:38:02 PM,8/23/2026 3:50:02 PM,,,1
7011290,UL-001390,Art item UL-001390,Art,Active,Amazon,EMP-1002,33.99,1,8/23/2026 8:03:04 AM,8/23/2026 8:15:04 AM,,,1
7011291,UL-001391,Books item UL-001391,Books,Active,Amazon,EMP-1002,62.99,1,8/23/2026 12:39:31 PM,8/23/2026 12:51:31 PM,,,1
7011292,UL-001392,Collectibles item UL-001392,Collectibles,Active,ShopGoodwill,EMP-1004,65.99,1,8/23/2026 3:53:07 PM,8/23/2026 4:05:07 PM,,,1
7011293,UL-001393,Media item UL-001393,Media,Active,eBay,EMP-1006,26.99,1,8/23/2026 1:03:37 PM,8/23/2026 1:15:37 PM,,,1
7011294,UL-001394,Handbags item UL-001394,Handbags,Active,Mercari,EMP-1006,7.99,1,8/24/2026 9:45:06 AM,8/24/2026 9:57:06 AM,,,1
7011295,UL-001395,Media item UL-001395,Media,Active,ShopGoodwill,EMP-1003,17.99,1,8/24/2026 3:29:59 PM,8/24/2026 3:41:59 PM,,,1
7011296,UL-001396,Collectibles item UL-001396,Collectibles,Active,ShopGoodwill,EMP-1005,14.99,1,8/24/2026 4:42:26 PM,8/24/2026 4:54:26 PM,,,1
7011297,UL-001397,Electronics item UL-001397,Electronics,Active,Mercari,EMP-1005,13.99,1,8/24/2026 4:28:26 PM,8/24/2026 4:40:26 PM,,,1
7011298,UL-001398,Handbags item UL-001398,Handbags,Active,Mercari,EMP-1002,26.99,1,8/24/2026 12:05:25 PM,8/24/2026 12:17:25 PM,,,1
7011299,UL-001399,Books item UL-001399,Books,Active,ShopGoodwill,EMP-1004,61.99,1,8/24/2026 5:44:40 PM,8/24/2026 5:56:40 PM,,,1
7011300,UL-001400,Media item UL-001400,Media,Active,eBay,EMP-1002,67.99,1,8/24/2026 10:01:11 AM,8/24/2026 10:13:11 AM,,,1
7011301,UL-001401,Clothing item UL-001401,Clothing,Active,eBay,EMP-1003,8.99,1,8/24/2026 10:38:38 AM,8/24/2026 10:50:38 AM,,,1
7011302,UL-001402,Collectibles item UL-001402,Collectibles,Active,eBay,EMP-1005,24.99,1,8/24/2026 11:00:47 AM,8/24/2026 11:12:47 AM,,,1
7011303,UL-001403,Collectibles item UL-001403,Collectibles,Active,ShopGoodwill,EMP-1001,27.99,1,8/24/2026 8:53:21 AM,8/24/2026 9:05:21 AM,,,1
7011304,UL-001404,Clothing item UL-001404,Clothing,Active,ShopGoodwill,EMP-1001,9.99,1,8/24/2026 2:56:22 PM,8/24/2026 3:08:22 PM,,,1
7011305,UL-001405,Books item UL-001405,Books,Active,Amazon,EMP-1004,23.99,1,8/24/2026 2:46:23 PM,8/24/2026 2:58:23 PM,,,1
7011306,UL-001406,Books item UL-001406,Books,Active,eBay,EMP-1001,17.99,1,8/24/2026 11:11:20 AM,8/24/2026 11:23:20 AM,,,1
7011307,UL-001407,Books item UL-001407,Books,Active,Amazon,EMP-1004,8.99,1,8/24/2026 8:26:31 AM,8/24/2026 8:38:31 AM,,,1
7011308,UL-001408,Jewelry item UL-001408,Jewelry,Active,ShopGoodwill,EMP-1001,23.99,1,8/24/2026 10:34:06 AM,8/24/2026 10:46:06 AM,,,1
7011309,UL-001409,Books item UL-001409,Books,Active,eBay,EMP-1004,63.99,1,8/24/2026 8:57:14 AM,8/24/2026 9:09:14 AM,,,1
7011310,UL-001410,Kitchen item UL-001410,Kitchen,Active,Amazon,EMP-1005,29.99,1,8/24/2026 5:39:35 PM,8/24/2026 5:51:35 PM,,,1
7011311,UL-001411,Electronics item UL-001411,Electronics,Active,eBay,EMP-1003,26.99,1,8/24/2026 9:17:35 AM,8/24/2026 9:29:35 AM,,,1
7011312,UL-001412,Books item UL-001412,Books,Active,ShopGoodwill,EMP-1003,16.99,1,8/24/2026 4:19:44 PM,8/24/2026 4:31:44 PM,,,1
7011313,UL-001413,Art item UL-001413,Art,Active,ShopGoodwill,EMP-1002,28.99,1,8/24/2026 9:14:18 AM,8/24/2026 9:26:18 AM,,,1
7011314,UL-001414,Media item UL-001414,Media,Active,Mercari,EMP-1005,21.99,1,8/24/2026 5:29:04 PM,8/24/2026 5:41:04 PM,,,1
7011315,UL-001415,Handbags item UL-001415,Handbags,Active,Amazon,EMP-1003,10.99,1,8/24/2026 1:03:07 PM,8/24/2026 1:15:07 PM,,,1
7011316,UL-001416,Sporting Goods item UL-001416,Sporting Goods,Active,eBay,EMP-1004,9.99,1,8/24/2026 3:09:11 PM,8/24/2026 3:21:11 PM,,,1
7011317,UL-001417,Sporting Goods item UL-001417,Sporting Goods,Active,Mercari,EMP-1004,9.99,1,8/24/2026 9:31:26 AM,8/24/2026 9:43:26 AM,,,1
7011318,UL-001418,Books item UL-001418,Books,Active,ShopGoodwill,EMP-1004,6.99,1,8/24/2026 12:05:32 PM,8/24/2026 12:17:32 PM,,,1
7011319,UL-001419,Clothing item UL-001419,Clothing,Active,ShopGoodwill,EMP-1002,19.99,1,8/24/2026 5:42:28 PM,8/24/2026 5:54:28 PM,,,1
7011320,UL-001420,Kitchen item UL-001420,Kitchen,Active,Mercari,EMP-1003,32.99,1,8/24/2026 9:41:57 AM,8/24/2026 9:53:57 AM,,,1
7011321,UL-001421,Books item UL-001421,Books,Active,Amazon,EMP-1001,37.99,1,8/24/2026 2:44:36 PM,8/24/2026 2:56:36 PM,,,1
7011322,UL-001422,Kitchen item UL-001422,Kitchen,Active,ShopGoodwill,EMP-1002,14.99,1,8/25/2026 1:24:55 PM,8/25/2026 1:36:55 PM,,,1
7011323,UL-001423,Media item UL-001423,Media,Active,ShopGoodwill,EMP-1003,59.99,1,8/25/2026 12:10:02 PM,8/25/2026 12:22:02 PM,,,1
7011324,UL-001424,Electronics item UL-001424,Electronics,Active,ShopGoodwill,EMP-1003,55.99,1,8/25/2026 12:33:37 PM,8/25/2026 12:45:37 PM,,,1
7011325,UL-001425,Books item UL-001425,Books,Active,ShopGoodwill,EMP-1006,11.99,1,8/25/2026 1:41:32 PM,8/25/2026 1:53:32 PM,,,1
7011326,UL-001426,Electronics item UL-001426,Electronics,Active,Amazon,EMP-1006,4.99,1,8/25/2026 5:12:42 PM,8/25/2026 5:24:42 PM,,,1
7011327,UL-001427,Electronics item UL-001427,Electronics,Active,ShopGoodwill,EMP-1005,38.99,1,8/25/2026 10:43:34 AM,8/25/2026 10:55:34 AM,,,1
7011328,UL-001428,Media item UL-001428,Media,Active,ShopGoodwill,EMP-1004,20.99,1,8/25/2026 11:44:10 AM,8/25/2026 11:56:10 AM,,,1
7011329,UL-001429,Media item UL-001429,Media,Active,eBay,EMP-1006,19.99,1,8/25/2026 2:22:56 PM,8/25/2026 2:34:56 PM,,,1
7011330,UL-001430,Jewelry item UL-001430,Jewelry,Active,Amazon,EMP-1001,25.99,1,8/25/2026 11:23:43 AM,8/25/2026 11:35:43 AM,,,1
7011331,UL-001431,Clothing item UL-001431,Clothing,Active,Mercari,EMP-1002,15.99,1,8/25/2026 10:45:52 AM,8/25/2026 10:57:52 AM,,,1
7011332,UL-001432,Art item UL-001432,Art,Active,eBay,EMP-1002,31.99,1,8/25/2026 11:22:03 AM,8/25/2026 11:34:03 AM,,,1
7011333,UL-001433,Books item UL-001433,Books,Active,eBay,EMP-1003,35.99,1,8/25/2026 10:22:00 AM,8/25/2026 10:34:00 AM,,,1
7011334,UL-001434,Electronics item UL-001434,Electronics,Active,eBay,EMP-1003,31.99,1,8/25/2026 2:56:59 PM,8/25/2026 3:08:59 PM,,,1
7011335,UL-001435,Media item UL-001435,Media,Active,eBay,EMP-1002,32.99,1,8/25/2026 5:28:25 PM,8/25/2026 5:40:25 PM,,,1
7011336,UL-001436,Clothing item UL-001436,Clothing,Active,Amazon,EMP-1001,55.99,1,8/25/2026 3:09:56 PM,8/25/2026 3:21:56 PM,,,1
7011337,UL-001437,Electronics item UL-001437,Electronics,Active,eBay,EMP-1003,7.99,1,8/25/2026 4:06:06 PM,8/25/2026 4:18:06 PM,,,1
7011338,UL-001438,Electronics item UL-001438,Electronics,Active,ShopGoodwill,EMP-1002,10.99,1,8/25/2026 9:17:54 AM,8/25/2026 9:29:54 AM,,,1
7011339,UL-001439,Art item UL-001439,Art,Active,ShopGoodwill,EMP-1005,22.99,1,8/25/2026 8:14:23 AM,8/25/2026 8:26:23 AM,,,1
7011340,UL-001440,Electronics item UL-001440,Electronics,Active,ShopGoodwill,EMP-1004,32.99,1,8/25/2026 4:31:32 PM,8/25/2026 4:43:32 PM,,,1
7011341,UL-001441,Toys item UL-001441,Toys,Active,Amazon,EMP-1005,13.99,1,8/25/2026 2:56:58 PM,8/25/2026 3:08:58 PM,,,1
7011342,UL-001442,Collectibles item UL-001442,Collectibles,Active,ShopGoodwill,EMP-1005,13.99,1,8/25/2026 11:15:52 AM,8/25/2026 11:27:52 AM,,,1
7011343,UL-001443,Collectibles item UL-001443,Collectibles,Active,Amazon,EMP-1004,26.99,1,8/26/2026 12:05:04 PM,8/26/2026 12:17:04 PM,,,1
7011344,UL-001444,Books item UL-001444,Books,Active,Mercari,EMP-1003,27.99,1,8/26/2026 8:05:26 AM,8/26/2026 8:17:26 AM,,,1
7011345,UL-001445,Art item UL-001445,Art,Active,eBay,EMP-1004,15.99,1,8/26/2026 2:03:05 PM,8/26/2026 2:15:05 PM,,,1
7011346,UL-001446,Shoes item UL-001446,Shoes,Active,Mercari,EMP-1006,25.99,1,8/26/2026 4:28:48 PM,8/26/2026 4:40:48 PM,,,1
7011347,UL-001447,Sporting Goods item UL-001447,Sporting Goods,Active,eBay,EMP-1005,24.99,1,8/26/2026 2:47:45 PM,8/26/2026 2:59:45 PM,,,1
7011348,UL-001448,Clothing item UL-001448,Clothing,Active,ShopGoodwill,EMP-1004,24.99,1,8/26/2026 1:44:58 PM,8/26/2026 1:56:58 PM,,,1
7011349,UL-001449,Electronics item UL-001449,Electronics,Active,Amazon,EMP-1004,34.99,1,8/26/2026 2:55:15 PM,8/26/2026 3:07:15 PM,,,1
7011350,UL-001450,Electronics item UL-001450,Electronics,Active,Mercari,EMP-1006,25.99,1,8/26/2026 12:29:07 PM,8/26/2026 12:41:07 PM,,,1
7011351,UL-001451,Collectibles item UL-001451,Collectibles,Active,eBay,EMP-1006,16.99,1,8/26/2026 11:03:17 AM,8/26/2026 11:15:17 AM,,,1
7011352,UL-001452,Books item UL-001452,Books,Active,ShopGoodwill,EMP-1004,16.99,1,8/26/2026 2:24:44 PM,8/26/2026 2:36:44 PM,,,1
7011353,UL-001453,Watches item UL-001453,Watches,Active,Mercari,EMP-1001,21.99,1,8/26/2026 4:11:28 PM,8/26/2026 4:23:28 PM,,,1
7011354,UL-001454,Books item UL-001454,Books,Active,eBay,EMP-1005,9.99,1,8/26/2026 4:45:28 PM,8/26/2026 4:57:28 PM,,,1
7011355,UL-001455,Kitchen item UL-001455,Kitchen,Active,ShopGoodwill,EMP-1001,9.99,1,8/26/2026 9:14:00 AM,8/26/2026 9:26:00 AM,,,1
7011356,UL-001456,Toys item UL-001456,Toys,Active,Amazon,EMP-1004,8.99,1,8/26/2026 2:17:18 PM,8/26/2026 2:29:18 PM,,,1
7011357,UL-001457,Books item UL-001457,Books,Active,eBay,EMP-1004,11.99,1,8/26/2026 7:54:01 AM,8/26/2026 8:06:01 AM,,,1
7011358,UL-001458,Clothing item UL-001458,Clothing,Active,Amazon,EMP-1005,58.99,1,8/26/2026 2:53:12 PM,8/26/2026 3:05:12 PM,,,1
7011359,UL-001459,Media item UL-001459,Media,Active,eBay,EMP-1004,28.99,1,8/26/2026 5:42:34 PM,8/26/2026 5:54:34 PM,,,1
7011360,UL-001460,Collectibles item UL-001460,Collectibles,Active,ShopGoodwill,EMP-1001,13.99,1,8/26/2026 2:46:30 PM,8/26/2026 2:58:30 PM,,,1
7011361,UL-001461,Books item UL-001461,Books,Active,Amazon,EMP-1001,63.99,1,8/26/2026 12:46:11 PM,8/26/2026 12:58:11 PM,,,1
7011362,UL-001462,Shoes item UL-001462,Shoes,Active,ShopGoodwill,EMP-1001,61.99,1,8/26/2026 2:10:12 PM,8/26/2026 2:22:12 PM,,,1
7011363,UL-001463,Toys item UL-001463,Toys,Active,ShopGoodwill,EMP-1003,65.99,1,8/26/2026 10:39:26 AM,8/26/2026 10:51:26 AM,,,1
7011364,UL-001464,Media item UL-001464,Media,Active,ShopGoodwill,EMP-1001,11.99,1,8/26/2026 11:53:20 AM,8/26/2026 12:05:20 PM,,,1
7011365,UL-001465,Books item UL-001465,Books,Active,Amazon,EMP-1001,28.99,1,8/26/2026 2:52:08 PM,8/26/2026 3:04:08 PM,,,1
7011366,UL-001466,Collectibles item UL-001466,Collectibles,Active,ShopGoodwill,EMP-1005,34.99,1,8/26/2026 1:11:51 PM,8/26/2026 1:23:51 PM,,,1
7011367,UL-001467,Clothing item UL-001467,Clothing,Active,ShopGoodwill,EMP-1001,6.99,1,8/26/2026 10:57:23 AM,8/26/2026 11:09:23 AM,,,1
7011368,UL-001468,Home Decor item UL-001468,Home Decor,Active,Amazon,EMP-1002,9.99,1,8/26/2026 1:51:04 PM,8/26/2026 2:03:04 PM,,,1
7011369,UL-001469,Media item UL-001469,Media,Active,ShopGoodwill,EMP-1001,23.99,1,8/26/2026 4:24:43 PM,8/26/2026 4:36:43 PM,,,1
7011370,UL-001470,Toys item UL-001470,Toys,Active,ShopGoodwill,EMP-1006,8.99,1,8/26/2026 4:31:23 PM,8/26/2026 4:43:23 PM,,,1
7011371,UL-001471,Jewelry item UL-001471,Jewelry,Active,Mercari,EMP-1002,19.99,1,8/26/2026 8:19:47 AM,8/26/2026 8:31:47 AM,,,1
7011372,UL-001472,Shoes item UL-001472,Shoes,Active,ShopGoodwill,EMP-1005,24.99,1,8/26/2026 1:26:16 PM,8/26/2026 1:38:16 PM,,,1
7011373,UL-001473,Collectibles item UL-001473,Collectibles,Active,ShopGoodwill,EMP-1003,56.99,1,8/26/2026 12:29:31 PM,8/26/2026 12:41:31 PM,,,1
7011374,UL-001474,Home Decor item UL-001474,Home Decor,Active,ShopGoodwill,EMP-1005,12.99,1,8/26/2026 11:01:58 AM,8/26/2026 11:13:58 AM,,,1
7011375,UL-001475,Shoes item UL-001475,Shoes,Active,Mercari,EMP-1003,26.99,1,8/26/2026 1:28:14 PM,8/26/2026 1:40:14 PM,,,1
7011376,UL-001476,Jewelry item UL-001476,Jewelry,Active,Amazon,EMP-1006,23.99,1,8/26/2026 12:23:40 PM,8/26/2026 12:35:40 PM,,,1
7011377,UL-001477,Books item UL-001477,Books,Active,Amazon,EMP-1004,39.99,1,8/26/2026 12:16:11 PM,8/26/2026 12:28:11 PM,,,1
7011378,UL-001478,Books item UL-001478,Books,Active,eBay,EMP-1006,48.99,1,8/26/2026 3:59:11 PM,8/26/2026 4:11:11 PM,,,1
7011379,UL-001479,Watches item UL-001479,Watches,Active,Amazon,EMP-1005,30.99,1,8/26/2026 2:00:36 PM,8/26/2026 2:12:36 PM,,,1
7011380,UL-001480,Electronics item UL-001480,Electronics,Active,Mercari,EMP-1001,23.99,1,8/26/2026 4:18:28 PM,8/26/2026 4:30:28 PM,,,1
7011381,UL-001481,Media item UL-001481,Media,Active,ShopGoodwill,EMP-1004,68.99,1,8/27/2026 1:01:18 PM,8/27/2026 1:13:18 PM,,,1
7011382,UL-001482,Books item UL-001482,Books,Active,Amazon,EMP-1004,33.99,1,8/27/2026 9:17:17 AM,8/27/2026 9:29:17 AM,,,1
7011383,UL-001483,Handbags item UL-001483,Handbags,Active,Amazon,EMP-1003,44.99,1,8/27/2026 5:36:19 PM,8/27/2026 5:48:19 PM,,,1
7011384,UL-001484,Collectibles item UL-001484,Collectibles,Active,Amazon,EMP-1004,65.99,1,8/27/2026 3:28:19 PM,8/27/2026 3:40:19 PM,,,1
7011385,UL-001485,Books item UL-001485,Books,Active,eBay,EMP-1004,41.99,1,8/27/2026 10:36:25 AM,8/27/2026 10:48:25 AM,,,1
7011386,UL-001486,Books item UL-001486,Books,Active,eBay,EMP-1004,11.99,1,8/27/2026 10:40:15 AM,8/27/2026 10:52:15 AM,,,1
7011387,UL-001487,Books item UL-001487,Books,Active,ShopGoodwill,EMP-1005,40.99,1,8/27/2026 4:51:06 PM,8/27/2026 5:03:06 PM,,,1
7011388,UL-001488,Toys item UL-001488,Toys,Active,Mercari,EMP-1003,62.99,1,8/27/2026 3:49:53 PM,8/27/2026 4:01:53 PM,,,1
7011389,UL-001489,Home Decor item UL-001489,Home Decor,Active,Amazon,EMP-1006,15.99,1,8/27/2026 11:46:54 AM,8/27/2026 11:58:54 AM,,,1
7011390,UL-001490,Home Decor item UL-001490,Home Decor,Active,ShopGoodwill,EMP-1003,11.99,1,8/27/2026 8:05:03 AM,8/27/2026 8:17:03 AM,,,1
7011391,UL-001491,Books item UL-001491,Books,Active,Amazon,EMP-1003,22.99,1,8/27/2026 11:11:49 AM,8/27/2026 11:23:49 AM,,,1
7011392,UL-001492,Clothing item UL-001492,Clothing,Active,Amazon,EMP-1005,82.99,1,8/27/2026 4:01:08 PM,8/27/2026 4:13:08 PM,,,1
7011393,UL-001493,Electronics item UL-001493,Electronics,Active,ShopGoodwill,EMP-1004,12.99,1,8/27/2026 3:23:00 PM,8/27/2026 3:35:00 PM,,,1
7011394,UL-001494,Books item UL-001494,Books,Active,Amazon,EMP-1004,40.99,1,8/27/2026 12:27:55 PM,8/27/2026 12:39:55 PM,,,1
7011395,UL-001495,Sporting Goods item UL-001495,Sporting Goods,Active,eBay,EMP-1006,6.99,1,8/27/2026 2:49:56 PM,8/27/2026 3:01:56 PM,,,1
7011396,UL-001496,Jewelry item UL-001496,Jewelry,Active,ShopGoodwill,EMP-1006,22.99,1,8/27/2026 1:16:15 PM,8/27/2026 1:28:15 PM,,,1
7011397,UL-001497,Clothing item UL-001497,Clothing,Active,Amazon,EMP-1004,6.99,1,8/27/2026 4:22:17 PM,8/27/2026 4:34:17 PM,,,1
7011398,UL-001498,Home Decor item UL-001498,Home Decor,Active,Amazon,EMP-1001,11.99,1,8/27/2026 12:14:04 PM,8/27/2026 12:26:04 PM,,,1
7011399,UL-001499,Collectibles item UL-001499,Collectibles,Active,ShopGoodwill,EMP-1002,17.99,1,8/27/2026 8:05:18 AM,8/27/2026 8:17:18 AM,,,1
7011400,UL-001500,Books item UL-001500,Books,Active,Mercari,EMP-1001,14.99,1,8/27/2026 12:55:38 PM,8/27/2026 1:07:38 PM,,,1
7011401,UL-001501,Watches item UL-001501,Watches,Active,Mercari,EMP-1004,18.99,1,8/27/2026 3:11:44 PM,8/27/2026 3:23:44 PM,,,1
7011402,UL-001502,Clothing item UL-001502,Clothing,Active,Mercari,EMP-1003,36.99,1,8/27/2026 10:26:27 AM,8/27/2026 10:38:27 AM,,,1
7011403,UL-001503,Shoes item UL-001503,Shoes,Active,Amazon,EMP-1006,57.99,1,8/27/2026 9:53:45 AM,8/27/2026 10:05:45 AM,,,1
7011404,UL-001504,Books item UL-001504,Books,Active,ShopGoodwill,EMP-1003,33.99,1,8/27/2026 5:07:36 PM,8/27/2026 5:19:36 PM,,,1
7011405,UL-001505,Home Decor item UL-001505,Home Decor,Active,Mercari,EMP-1005,12.99,1,8/27/2026 8:43:56 AM,8/27/2026 8:55:56 AM,,,1
7011406,UL-001506,Media item UL-001506,Media,Active,ShopGoodwill,EMP-1003,40.99,1,8/28/2026 1:42:54 PM,8/28/2026 1:54:54 PM,,,1
7011407,UL-001507,Kitchen item UL-001507,Kitchen,Active,ShopGoodwill,EMP-1002,18.99,1,8/28/2026 3:32:15 PM,8/28/2026 3:44:15 PM,,,1
7011408,UL-001508,Books item UL-001508,Books,Active,ShopGoodwill,EMP-1003,24.99,1,8/28/2026 4:51:58 PM,8/28/2026 5:03:58 PM,,,1
7011409,UL-001509,Collectibles item UL-001509,Collectibles,Active,ShopGoodwill,EMP-1002,11.99,1,8/28/2026 3:24:16 PM,8/28/2026 3:36:16 PM,,,1
7011410,UL-001510,Collectibles item UL-001510,Collectibles,Active,ShopGoodwill,EMP-1005,8.99,1,8/28/2026 8:40:01 AM,8/28/2026 8:52:01 AM,,,1
7011411,UL-001511,Jewelry item UL-001511,Jewelry,Active,ShopGoodwill,EMP-1001,44.99,1,8/28/2026 5:22:13 PM,8/28/2026 5:34:13 PM,,,1
7011412,UL-001512,Media item UL-001512,Media,Active,Mercari,EMP-1001,25.99,1,8/28/2026 5:07:29 PM,8/28/2026 5:19:29 PM,,,1
7011413,UL-001513,Shoes item UL-001513,Shoes,Active,ShopGoodwill,EMP-1005,7.99,1,8/28/2026 8:19:31 AM,8/28/2026 8:31:31 AM,,,1
7011414,UL-001514,Media item UL-001514,Media,Active,Amazon,EMP-1004,48.99,1,8/28/2026 2:14:44 PM,8/28/2026 2:26:44 PM,,,1
7011415,UL-001515,Books item UL-001515,Books,Active,ShopGoodwill,EMP-1004,16.99,1,8/28/2026 4:00:08 PM,8/28/2026 4:12:08 PM,,,1
7011416,UL-001516,Books item UL-001516,Books,Active,eBay,EMP-1003,17.99,1,8/28/2026 8:45:35 AM,8/28/2026 8:57:35 AM,,,1
7011417,UL-001517,Art item UL-001517,Art,Active,ShopGoodwill,EMP-1005,6.99,1,8/28/2026 3:01:13 PM,8/28/2026 3:13:13 PM,,,1
7011418,UL-001518,Collectibles item UL-001518,Collectibles,Active,ShopGoodwill,EMP-1006,76.99,1,8/28/2026 3:25:20 PM,8/28/2026 3:37:20 PM,,,1
7011419,UL-001519,Home Decor item UL-001519,Home Decor,Active,Amazon,EMP-1004,6.99,1,8/28/2026 9:37:22 AM,8/28/2026 9:49:22 AM,,,1
7011420,UL-001520,Media item UL-001520,Media,Active,Amazon,EMP-1004,19.99,1,8/28/2026 5:36:21 PM,8/28/2026 5:48:21 PM,,,1
7011421,UL-001521,Toys item UL-001521,Toys,Active,eBay,EMP-1003,9.99,1,8/28/2026 9:11:04 AM,8/28/2026 9:23:04 AM,,,1
7011422,UL-001522,Books item UL-001522,Books,Active,Mercari,EMP-1002,20.99,1,8/28/2026 5:26:47 PM,8/28/2026 5:38:47 PM,,,1
7011423,UL-001523,Handbags item UL-001523,Handbags,Active,ShopGoodwill,EMP-1003,20.99,1,8/28/2026 3:08:38 PM,8/28/2026 3:20:38 PM,,,1
7011424,UL-001524,Collectibles item UL-001524,Collectibles,Active,eBay,EMP-1005,61.99,1,8/28/2026 2:03:34 PM,8/28/2026 2:15:34 PM,,,1
7011425,UL-001525,Books item UL-001525,Books,Active,ShopGoodwill,EMP-1006,41.99,1,8/28/2026 2:58:10 PM,8/28/2026 3:10:10 PM,,,1
7011426,UL-001526,Jewelry item UL-001526,Jewelry,Active,ShopGoodwill,EMP-1005,64.99,1,8/28/2026 12:49:31 PM,8/28/2026 1:01:31 PM,,,1
7011427,UL-001527,Books item UL-001527,Books,Active,eBay,EMP-1002,20.99,1,8/28/2026 9:06:54 AM,8/28/2026 9:18:54 AM,,,1
7011428,UL-001528,Home Decor item UL-001528,Home Decor,Active,ShopGoodwill,EMP-1001,17.99,1,8/28/2026 4:49:03 PM,8/28/2026 5:01:03 PM,,,1
7011429,UL-001529,Watches item UL-001529,Watches,Active,Amazon,EMP-1002,55.99,1,8/28/2026 1:59:38 PM,8/28/2026 2:11:38 PM,,,1
7011430,UL-001530,Books item UL-001530,Books,Active,ShopGoodwill,EMP-1006,37.99,1,8/28/2026 9:02:57 AM,8/28/2026 9:14:57 AM,,,1
7011431,UL-001531,Home Decor item UL-001531,Home Decor,Active,ShopGoodwill,EMP-1006,15.99,1,8/28/2026 10:39:17 AM,8/28/2026 10:51:17 AM,,,1
7011432,UL-001532,Watches item UL-001532,Watches,Active,Mercari,EMP-1001,53.99,1,8/28/2026 11:49:03 AM,8/28/2026 12:01:03 PM,,,1
7011433,UL-001533,Collectibles item UL-001533,Collectibles,Active,eBay,EMP-1004,97.99,1,8/28/2026 8:26:15 AM,8/28/2026 8:38:15 AM,,,1
7011434,UL-001534,Books item UL-001534,Books,Active,eBay,EMP-1004,39.99,1,8/28/2026 11:56:17 AM,8/28/2026 12:08:17 PM,,,1
7011435,UL-001535,Kitchen item UL-001535,Kitchen,Active,eBay,EMP-1005,28.99,1,8/28/2026 5:16:14 PM,8/28/2026 5:28:14 PM,,,1
7011436,UL-001536,Collectibles item UL-001536,Collectibles,Active,Amazon,EMP-1001,29.99,1,8/28/2026 10:50:52 AM,8/28/2026 11:02:52 AM,,,1
7011437,UL-001537,Clothing item UL-001537,Clothing,Active,Amazon,EMP-1005,9.99,1,8/29/2026 1:21:53 PM,8/29/2026 1:33:53 PM,,,1
7011438,UL-001538,Collectibles item UL-001538,Collectibles,Active,ShopGoodwill,EMP-1004,50.99,1,8/29/2026 10:06:04 AM,8/29/2026 10:18:04 AM,,,1
7011439,UL-001539,Books item UL-001539,Books,Active,Amazon,EMP-1001,10.99,1,8/29/2026 1:57:49 PM,8/29/2026 2:09:49 PM,,,1
7011440,UL-001540,Books item UL-001540,Books,Active,Amazon,EMP-1006,17.99,1,8/29/2026 4:15:59 PM,8/29/2026 4:27:59 PM,,,1
7011441,UL-001541,Home Decor item UL-001541,Home Decor,Active,eBay,EMP-1004,23.99,1,8/29/2026 8:05:40 AM,8/29/2026 8:17:40 AM,,,1
7011442,UL-001542,Jewelry item UL-001542,Jewelry,Active,eBay,EMP-1004,40.99,1,8/29/2026 1:00:34 PM,8/29/2026 1:12:34 PM,,,1
7011443,UL-001543,Books item UL-001543,Books,Active,ShopGoodwill,EMP-1001,16.99,1,8/29/2026 5:38:43 PM,8/29/2026 5:50:43 PM,,,1
7011444,UL-001544,Clothing item UL-001544,Clothing,Active,ShopGoodwill,EMP-1004,48.99,1,8/29/2026 5:34:21 PM,8/29/2026 5:46:21 PM,,,1
7011445,UL-001545,Clothing item UL-001545,Clothing,Active,eBay,EMP-1006,31.99,1,8/29/2026 2:47:55 PM,8/29/2026 2:59:55 PM,,,1
7011446,UL-001546,Books item UL-001546,Books,Active,ShopGoodwill,EMP-1002,20.99,1,8/29/2026 4:10:57 PM,8/29/2026 4:22:57 PM,,,1
7011447,UL-001547,Clothing item UL-001547,Clothing,Active,Amazon,EMP-1004,7.99,1,8/29/2026 4:19:01 PM,8/29/2026 4:31:01 PM,,,1
7011448,UL-001548,Collectibles item UL-001548,Collectibles,Active,eBay,EMP-1002,27.99,1,8/29/2026 3:32:23 PM,8/29/2026 3:44:23 PM,,,1
7011449,UL-001549,Clothing item UL-001549,Clothing,Active,Mercari,EMP-1002,19.99,1,8/29/2026 11:05:40 AM,8/29/2026 11:17:40 AM,,,1
7011450,UL-001550,Toys item UL-001550,Toys,Active,Mercari,EMP-1006,13.99,1,8/29/2026 9:55:41 AM,8/29/2026 10:07:41 AM,,,1
7011451,UL-001551,Clothing item UL-001551,Clothing,Active,ShopGoodwill,EMP-1002,21.99,1,8/29/2026 4:43:12 PM,8/29/2026 4:55:12 PM,,,1
7011452,UL-001552,Books item UL-001552,Books,Active,Amazon,EMP-1005,4.99,1,8/29/2026 10:35:42 AM,8/29/2026 10:47:42 AM,,,1
7011453,UL-001553,Handbags item UL-001553,Handbags,Active,ShopGoodwill,EMP-1004,14.99,1,8/29/2026 4:45:29 PM,8/29/2026 4:57:29 PM,,,1
7011454,UL-001554,Media item UL-001554,Media,Active,ShopGoodwill,EMP-1006,7.99,1,8/29/2026 12:19:13 PM,8/29/2026 12:31:13 PM,,,1
7011455,UL-001555,Collectibles item UL-001555,Collectibles,Active,eBay,EMP-1005,12.99,1,8/29/2026 10:24:57 AM,8/29/2026 10:36:57 AM,,,1
7011456,UL-001556,Clothing item UL-001556,Clothing,Active,ShopGoodwill,EMP-1002,30.99,1,8/29/2026 10:45:07 AM,8/29/2026 10:57:07 AM,,,1
7011457,UL-001557,Collectibles item UL-001557,Collectibles,Active,Amazon,EMP-1003,13.99,1,8/29/2026 3:03:34 PM,8/29/2026 3:15:34 PM,,,1
7011458,UL-001558,Clothing item UL-001558,Clothing,Active,ShopGoodwill,EMP-1002,19.99,1,8/29/2026 5:44:42 PM,8/29/2026 5:56:42 PM,,,1
7011459,UL-001559,Clothing item UL-001559,Clothing,Active,ShopGoodwill,EMP-1004,28.99,1,8/29/2026 4:51:02 PM,8/29/2026 5:03:02 PM,,,1
7011460,UL-001560,Books item UL-001560,Books,Active,Amazon,EMP-1005,24.99,1,8/29/2026 1:25:49 PM,8/29/2026 1:37:49 PM,,,1
7011461,UL-001561,Electronics item UL-001561,Electronics,Active,Amazon,EMP-1004,55.99,1,8/29/2026 5:42:31 PM,8/29/2026 5:54:31 PM,,,1
7011462,UL-001562,Watches item UL-001562,Watches,Active,eBay,EMP-1006,33.99,1,8/29/2026 3:25:26 PM,8/29/2026 3:37:26 PM,,,1
7011463,UL-001563,Shoes item UL-001563,Shoes,Active,Amazon,EMP-1005,18.99,1,8/29/2026 2:24:14 PM,8/29/2026 2:36:14 PM,,,1
7011464,UL-001564,Electronics item UL-001564,Electronics,Active,Mercari,EMP-1002,76.99,1,8/29/2026 4:34:19 PM,8/29/2026 4:46:19 PM,,,1
7011465,UL-001565,Media item UL-001565,Media,Active,ShopGoodwill,EMP-1005,62.99,1,8/29/2026 12:47:29 PM,8/29/2026 12:59:29 PM,,,1
7011466,UL-001566,Media item UL-001566,Media,Active,ShopGoodwill,EMP-1006,11.99,1,8/29/2026 9:54:44 AM,8/29/2026 10:06:44 AM,,,1
7011467,UL-001567,Sporting Goods item UL-001567,Sporting Goods,Active,Amazon,EMP-1005,8.99,1,8/29/2026 12:05:04 PM,8/29/2026 12:17:04 PM,,,1
7011468,UL-001568,Home Decor item UL-001568,Home Decor,Active,ShopGoodwill,EMP-1003,34.99,1,8/29/2026 2:31:47 PM,8/29/2026 2:43:47 PM,,,1
7011469,UL-001569,Collectibles item UL-001569,Collectibles,Active,ShopGoodwill,EMP-1005,31.99,1,8/29/2026 1:12:11 PM,8/29/2026 1:24:11 PM,,,1
7011470,UL-001570,Home Decor item UL-001570,Home Decor,Active,Amazon,EMP-1005,9.99,1,8/29/2026 12:12:05 PM,8/29/2026 12:24:05 PM,,,1
7011471,UL-001571,Toys item UL-001571,Toys,Active,ShopGoodwill,EMP-1002,35.99,1,8/30/2026 4:01:45 PM,8/30/2026 4:13:45 PM,,,1
7011472,UL-001572,Clothing item UL-001572,Clothing,Active,Mercari,EMP-1006,17.99,1,8/30/2026 4:36:15 PM,8/30/2026 4:48:15 PM,,,1
7011473,UL-001573,Home Decor item UL-001573,Home Decor,Active,Amazon,EMP-1003,9.99,1,8/30/2026 10:16:49 AM,8/30/2026 10:28:49 AM,,,1
7011474,UL-001574,Books item UL-001574,Books,Active,eBay,EMP-1003,28.99,1,8/30/2026 11:27:26 AM,8/30/2026 11:39:26 AM,,,1
7011475,UL-001575,Books item UL-001575,Books,Active,Amazon,EMP-1004,16.99,1,8/30/2026 9:03:13 AM,8/30/2026 9:15:13 AM,,,1
7011476,UL-001576,Clothing item UL-001576,Clothing,Active,Amazon,EMP-1004,49.99,1,8/30/2026 8:05:16 AM,8/30/2026 8:17:16 AM,,,1
7011477,UL-001577,Media item UL-001577,Media,Active,eBay,EMP-1005,34.99,1,8/30/2026 2:30:36 PM,8/30/2026 2:42:36 PM,,,1
7011478,UL-001578,Shoes item UL-001578,Shoes,Active,Mercari,EMP-1005,39.99,1,8/30/2026 1:38:08 PM,8/30/2026 1:50:08 PM,,,1
7011479,UL-001579,Shoes item UL-001579,Shoes,Active,ShopGoodwill,EMP-1006,43.99,1,8/30/2026 5:05:10 PM,8/30/2026 5:17:10 PM,,,1
7011480,UL-001580,Books item UL-001580,Books,Active,Amazon,EMP-1006,13.99,1,8/30/2026 1:54:40 PM,8/30/2026 2:06:40 PM,,,1
7011481,UL-001581,Books item UL-001581,Books,Active,ShopGoodwill,EMP-1002,41.99,1,8/30/2026 4:48:10 PM,8/30/2026 5:00:10 PM,,,1
7011482,UL-001582,Books item UL-001582,Books,Active,Amazon,EMP-1006,34.99,1,8/30/2026 3:44:33 PM,8/30/2026 3:56:33 PM,,,1
7011483,UL-001583,Sporting Goods item UL-001583,Sporting Goods,Active,Amazon,EMP-1006,34.99,1,8/30/2026 11:52:36 AM,8/30/2026 12:04:36 PM,,,1
7011484,UL-001584,Clothing item UL-001584,Clothing,Active,eBay,EMP-1003,37.99,1,8/30/2026 11:50:39 AM,8/30/2026 12:02:39 PM,,,1
7011485,UL-001585,Media item UL-001585,Media,Active,Amazon,EMP-1006,89.99,1,8/30/2026 2:59:15 PM,8/30/2026 3:11:15 PM,,,1
7011486,UL-001586,Kitchen item UL-001586,Kitchen,Active,Amazon,EMP-1003,14.99,1,8/30/2026 8:49:05 AM,8/30/2026 9:01:05 AM,,,1
7011487,UL-001587,Clothing item UL-001587,Clothing,Active,Amazon,EMP-1002,45.99,1,8/30/2026 5:16:08 PM,8/30/2026 5:28:08 PM,,,1
7011488,UL-001588,Home Decor item UL-001588,Home Decor,Active,ShopGoodwill,EMP-1006,81.99,1,8/30/2026 9:31:14 AM,8/30/2026 9:43:14 AM,,,1
7011489,UL-001589,Clothing item UL-001589,Clothing,Active,Amazon,EMP-1003,38.99,1,8/30/2026 4:58:55 PM,8/30/2026 5:10:55 PM,,,1
7011490,UL-001590,Books item UL-001590,Books,Active,Amazon,EMP-1002,27.99,1,8/30/2026 11:46:33 AM,8/30/2026 11:58:33 AM,,,1
7011491,UL-001591,Home Decor item UL-001591,Home Decor,Active,ShopGoodwill,EMP-1006,18.99,1,8/30/2026 12:04:01 PM,8/30/2026 12:16:01 PM,,,1
7011492,UL-001592,Electronics item UL-001592,Electronics,Active,ShopGoodwill,EMP-1002,49.99,1,8/30/2026 8:33:36 AM,8/30/2026 8:45:36 AM,,,1
7011493,UL-001593,Books item UL-001593,Books,Active,ShopGoodwill,EMP-1006,21.99,1,8/30/2026 4:30:50 PM,8/30/2026 4:42:50 PM,,,1
7011494,UL-001594,Books item UL-001594,Books,Active,eBay,EMP-1004,65.99,1,8/30/2026 4:01:44 PM,8/30/2026 4:13:44 PM,,,1
7011495,UL-001595,Handbags item UL-001595,Handbags,Active,Mercari,EMP-1006,20.99,1,8/30/2026 3:07:03 PM,8/30/2026 3:19:03 PM,,,1
7011496,UL-001596,Books item UL-001596,Books,Active,ShopGoodwill,EMP-1003,12.99,1,8/30/2026 1:07:00 PM,8/30/2026 1:19:00 PM,,,1
7011497,UL-001597,Clothing item UL-001597,Clothing,Active,Mercari,EMP-1004,55.99,1,8/30/2026 8:24:08 AM,8/30/2026 8:36:08 AM,,,1
7011498,UL-001598,Clothing item UL-001598,Clothing,Active,ShopGoodwill,EMP-1005,16.99,1,8/30/2026 2:13:22 PM,8/30/2026 2:25:22 PM,,,1
7011499,UL-001599,Clothing item UL-001599,Clothing,Active,Mercari,EMP-1006,17.99,1,8/30/2026 2:59:17 PM,8/30/2026 3:11:17 PM,,,1
7011500,UL-001600,Electronics item UL-001600,Electronics,Active,Amazon,EMP-1005,23.99,1,8/30/2026 3:17:14 PM,8/30/2026 3:29:14 PM,,,1
7011501,UL-001601,Kitchen item UL-001601,Kitchen,Active,Mercari,EMP-1005,35.99,1,8/30/2026 3:58:02 PM,8/30/2026 4:10:02 PM,,,1
7011502,UL-001602,Books item UL-001602,Books,Active,Amazon,EMP-1001,7.99,1,8/30/2026 5:34:42 PM,8/30/2026 5:46:42 PM,,,1
7011503,UL-001603,Clothing item UL-001603,Clothing,Active,ShopGoodwill,EMP-1006,19.99,1,8/30/2026 3:00:08 PM,8/30/2026 3:12:08 PM,,,1
7011504,UL-001604,Home Decor item UL-001604,Home Decor,Active,Amazon,EMP-1004,33.99,1,8/30/2026 1:00:43 PM,8/30/2026 1:12:43 PM,,,1
7011505,UL-001605,Books item UL-001605,Books,Active,eBay,EMP-1001,42.99,1,8/30/2026 12:54:04 PM,8/30/2026 1:06:04 PM,,,1
7011506,UL-001606,Collectibles item UL-001606,Collectibles,Active,Amazon,EMP-1005,25.99,1,8/30/2026 1:09:12 PM,8/30/2026 1:21:12 PM,,,1
7011507,UL-001607,Shoes item UL-001607,Shoes,Active,eBay,EMP-1005,15.99,1,8/31/2026 5:03:29 PM,8/31/2026 5:15:29 PM,,,1
7011508,UL-001608,Handbags item UL-001608,Handbags,Active,ShopGoodwill,EMP-1005,59.99,1,8/31/2026 5:20:33 PM,8/31/2026 5:32:33 PM,,,1
7011509,UL-001609,Clothing item UL-001609,Clothing,Active,Mercari,EMP-1003,44.99,1,8/31/2026 9:45:08 AM,8/31/2026 9:57:08 AM,,,1
7011510,UL-001610,Clothing item UL-001610,Clothing,Active,Amazon,EMP-1001,57.99,1,8/31/2026 8:41:57 AM,8/31/2026 8:53:57 AM,,,1
7011511,UL-001611,Shoes item UL-001611,Shoes,Active,Amazon,EMP-1002,25.99,1,8/31/2026 10:36:01 AM,8/31/2026 10:48:01 AM,,,1
7011512,UL-001612,Collectibles item UL-001612,Collectibles,Active,ShopGoodwill,EMP-1001,31.99,1,8/31/2026 4:44:47 PM,8/31/2026 4:56:47 PM,,,1
7011513,UL-001613,Books item UL-001613,Books,Active,Mercari,EMP-1003,64.99,1,8/31/2026 8:33:29 AM,8/31/2026 8:45:29 AM,,,1
7011514,UL-001614,Books item UL-001614,Books,Active,ShopGoodwill,EMP-1004,22.99,1,8/31/2026 8:39:09 AM,8/31/2026 8:51:09 AM,,,1
7011515,UL-001615,Books item UL-001615,Books,Active,ShopGoodwill,EMP-1006,56.99,1,8/31/2026 4:33:09 PM,8/31/2026 4:45:09 PM,,,1
7011516,UL-001616,Shoes item UL-001616,Shoes,Active,Amazon,EMP-1005,25.99,1,8/31/2026 12:03:20 PM,8/31/2026 12:15:20 PM,,,1
7011517,UL-001617,Books item UL-001617,Books,Active,Amazon,EMP-1005,37.99,1,8/31/2026 11:27:27 AM,8/31/2026 11:39:27 AM,,,1
7011518,UL-001618,Books item UL-001618,Books,Active,ShopGoodwill,EMP-1005,57.99,1,8/31/2026 8:03:52 AM,8/31/2026 8:15:52 AM,,,1
7011519,UL-001619,Art item UL-001619,Art,Active,eBay,EMP-1004,8.99,1,8/31/2026 3:12:36 PM,8/31/2026 3:24:36 PM,,,1
7011520,UL-001620,Books item UL-001620,Books,Active,eBay,EMP-1004,26.99,1,8/31/2026 1:09:51 PM,8/31/2026 1:21:51 PM,,,1
7011521,UL-001621,Jewelry item UL-001621,Jewelry,Active,ShopGoodwill,EMP-1004,25.99,1,8/31/2026 4:55:57 PM,8/31/2026 5:07:57 PM,,,1
7011522,UL-001622,Clothing item UL-001622,Clothing,Active,Amazon,EMP-1005,25.99,1,8/31/2026 9:09:11 AM,8/31/2026 9:21:11 AM,,,1
7011523,UL-001623,Books item UL-001623,Books,Active,eBay,EMP-1002,15.99,1,8/31/2026 8:31:41 AM,8/31/2026 8:43:41 AM,,,1
7011524,UL-001624,Media item UL-001624,Media,Active,ShopGoodwill,EMP-1006,31.99,1,8/31/2026 9:20:45 AM,8/31/2026 9:32:45 AM,,,1
7011525,UL-001625,Clothing item UL-001625,Clothing,Active,ShopGoodwill,EMP-1003,19.99,1,8/31/2026 4:24:21 PM,8/31/2026 4:36:21 PM,,,1
7011526,UL-001626,Electronics item UL-001626,Electronics,Active,Amazon,EMP-1006,25.99,1,8/31/2026 3:19:59 PM,8/31/2026 3:31:59 PM,,,1
7011527,UL-001627,Books item UL-001627,Books,Active,ShopGoodwill,EMP-1004,12.99,1,8/31/2026 12:24:39 PM,8/31/2026 12:36:39 PM,,,1
7011528,UL-001628,Books item UL-001628,Books,Active,Amazon,EMP-1002,31.99,1,8/31/2026 3:05:02 PM,8/31/2026 3:17:02 PM,,,1
7011529,UL-001629,Electronics item UL-001629,Electronics,Active,Mercari,EMP-1001,38.99,1,8/31/2026 10:29:57 AM,8/31/2026 10:41:57 AM,,,1
7011530,UL-001630,Media item UL-001630,Media,Active,ShopGoodwill,EMP-1004,20.99,1,8/31/2026 8:25:39 AM,8/31/2026 8:37:39 AM,,,1
7011531,UL-001631,Clothing item UL-001631,Clothing,Active,Amazon,EMP-1002,60.99,1,8/31/2026 8:07:35 AM,8/31/2026 8:19:35 AM,,,1
7011532,UL-001632,Collectibles item UL-001632,Collectibles,Active,eBay,EMP-1004,32.99,1,8/31/2026 1:07:23 PM,8/31/2026 1:19:23 PM,,,1
7011533,UL-001633,Toys item UL-001633,Toys,Active,ShopGoodwill,EMP-1005,23.99,1,8/31/2026 1:23:11 PM,8/31/2026 1:35:11 PM,,,1
7011534,UL-001634,Electronics item UL-001634,Electronics,Active,Amazon,EMP-1005,31.99,1,8/31/2026 2:30:53 PM,8/31/2026 2:42:53 PM,,,1
7011535,UL-001635,Media item UL-001635,Media,Active,eBay,EMP-1005,10.99,1,8/31/2026 3:10:06 PM,8/31/2026 3:22:06 PM,,,1
7011536,UL-001636,Books item UL-001636,Books,Active,Mercari,EMP-1003,20.99,1,8/31/2026 10:30:25 AM,8/31/2026 10:42:25 AM,,,1
7011537,UL-001637,Clothing item UL-001637,Clothing,Active,Amazon,EMP-1002,42.99,1,8/31/2026 9:12:25 AM,8/31/2026 9:24:25 AM,,,1
7011538,UL-001638,Clothing item UL-001638,Clothing,Active,ShopGoodwill,EMP-1002,41.99,1,8/31/2026 2:10:10 PM,8/31/2026 2:22:10 PM,,,1
7011539,UL-001639,Clothing item UL-001639,Clothing,Active,ShopGoodwill,EMP-1005,37.99,1,9/1/2026 8:18:00 AM,9/1/2026 8:30:00 AM,,,1
7011540,UL-001640,Books item UL-001640,Books,Active,Amazon,EMP-1004,31.99,1,9/1/2026 11:08:29 AM,9/1/2026 11:20:29 AM,,,1
7011541,UL-001641,Books item UL-001641,Books,Active,ShopGoodwill,EMP-1003,37.99,1,9/1/2026 10:53:24 AM,9/1/2026 11:05:24 AM,,,1
7011542,UL-001642,Home Decor item UL-001642,Home Decor,Active,ShopGoodwill,EMP-1002,13.99,1,9/1/2026 9:48:33 AM,9/1/2026 10:00:33 AM,,,1
7011543,UL-001643,Shoes item UL-001643,Shoes,Active,Amazon,EMP-1002,61.99,1,9/1/2026 2:33:55 PM,9/1/2026 2:45:55 PM,,,1
7011544,UL-001644,Jewelry item UL-001644,Jewelry,Active,Mercari,EMP-1003,33.99,1,9/1/2026 9:15:51 AM,9/1/2026 9:27:51 AM,,,1
7011545,UL-001645,Clothing item UL-001645,Clothing,Active,Amazon,EMP-1006,32.99,1,9/1/2026 8:43:02 AM,9/1/2026 8:55:02 AM,,,1
7011546,UL-001646,Shoes item UL-001646,Shoes,Active,ShopGoodwill,EMP-1005,32.99,1,9/1/2026 8:54:24 AM,9/1/2026 9:06:24 AM,,,1
7011547,UL-001647,Clothing item UL-001647,Clothing,Active,Amazon,EMP-1001,18.99,1,9/1/2026 1:14:23 PM,9/1/2026 1:26:23 PM,,,1
7011548,UL-001648,Electronics item UL-001648,Electronics,Active,Amazon,EMP-1003,17.99,1,9/1/2026 2:57:12 PM,9/1/2026 3:09:12 PM,,,1
7011549,UL-001649,Books item UL-001649,Books,Active,ShopGoodwill,EMP-1002,22.99,1,9/1/2026 3:11:07 PM,9/1/2026 3:23:07 PM,,,1
7011550,UL-001650,Electronics item UL-001650,Electronics,Active,Mercari,EMP-1005,23.99,1,9/1/2026 2:17:12 PM,9/1/2026 2:29:12 PM,,,1
7011551,UL-001651,Toys item UL-001651,Toys,Active,eBay,EMP-1006,10.99,1,9/1/2026 8:17:38 AM,9/1/2026 8:29:38 AM,,,1
7011552,UL-001652,Books item UL-001652,Books,Active,Mercari,EMP-1002,19.99,1,9/1/2026 3:43:16 PM,9/1/2026 3:55:16 PM,,,1
7011553,UL-001653,Books item UL-001653,Books,Active,Amazon,EMP-1006,26.99,1,9/1/2026 4:55:49 PM,9/1/2026 5:07:49 PM,,,1
7011554,UL-001654,Books item UL-001654,Books,Active,ShopGoodwill,EMP-1003,8.99,1,9/1/2026 4:32:34 PM,9/1/2026 4:44:34 PM,,,1
7011555,UL-001655,Books item UL-001655,Books,Active,eBay,EMP-1001,20.99,1,9/1/2026 8:52:39 AM,9/1/2026 9:04:39 AM,,,1
7011556,UL-001656,Handbags item UL-001656,Handbags,Active,ShopGoodwill,EMP-1005,18.99,1,9/1/2026 10:12:01 AM,9/1/2026 10:24:01 AM,,,1
7011557,UL-001657,Toys item UL-001657,Toys,Active,Amazon,EMP-1002,36.99,1,9/1/2026 2:16:53 PM,9/1/2026 2:28:53 PM,,,1
7011558,UL-001658,Clothing item UL-001658,Clothing,Active,eBay,EMP-1006,44.99,1,9/1/2026 1:01:16 PM,9/1/2026 1:13:16 PM,,,1
7011559,UL-001659,Books item UL-001659,Books,Active,ShopGoodwill,EMP-1006,43.99,1,9/1/2026 11:22:36 AM,9/1/2026 11:34:36 AM,,,1
7011560,UL-001660,Jewelry item UL-001660,Jewelry,Active,ShopGoodwill,EMP-1001,51.99,1,9/1/2026 8:18:16 AM,9/1/2026 8:30:16 AM,,,1
7011561,UL-001661,Art item UL-001661,Art,Active,ShopGoodwill,EMP-1003,27.99,1,9/1/2026 5:28:20 PM,9/1/2026 5:40:20 PM,,,1
7011562,UL-001662,Watches item UL-001662,Watches,Active,Amazon,EMP-1001,21.99,1,9/1/2026 5:44:10 PM,9/1/2026 5:56:10 PM,,,1
7011563,UL-001663,Kitchen item UL-001663,Kitchen,Active,eBay,EMP-1004,33.99,1,9/1/2026 11:51:54 AM,9/1/2026 12:03:54 PM,,,1
7011564,UL-001664,Media item UL-001664,Media,Active,ShopGoodwill,EMP-1003,38.99,1,9/1/2026 5:43:55 PM,9/1/2026 5:55:55 PM,,,1
7011565,UL-001665,Books item UL-001665,Books,Active,ShopGoodwill,EMP-1005,24.99,1,9/1/2026 3:19:56 PM,9/1/2026 3:31:56 PM,,,1
7011566,UL-001666,Books item UL-001666,Books,Active,Mercari,EMP-1004,15.99,1,9/1/2026 11:55:44 AM,9/1/2026 12:07:44 PM,,,1
7011567,UL-001667,Sporting Goods item UL-001667,Sporting Goods,Active,ShopGoodwill,EMP-1006,19.99,1,9/1/2026 4:17:19 PM,9/1/2026 4:29:19 PM,,,1
7011568,UL-001668,Handbags item UL-001668,Handbags,Active,ShopGoodwill,EMP-1001,42.99,1,9/1/2026 1:17:36 PM,9/1/2026 1:29:36 PM,,,1
7011569,UL-001669,Clothing item UL-001669,Clothing,Active,Mercari,EMP-1001,13.99,1,9/1/2026 1:26:23 PM,9/1/2026 1:38:23 PM,,,1
7011570,UL-001670,Clothing item UL-001670,Clothing,Active,ShopGoodwill,EMP-1004,39.99,1,9/1/2026 8:24:38 AM,9/1/2026 8:36:38 AM,,,1
7011571,UL-001671,Sporting Goods item UL-001671,Sporting Goods,Active,ShopGoodwill,EMP-1004,17.99,1,9/1/2026 1:10:49 PM,9/1/2026 1:22:49 PM,,,1
7011572,UL-001672,Books item UL-001672,Books,Active,Mercari,EMP-1005,19.99,1,9/1/2026 1:51:24 PM,9/1/2026 2:03:24 PM,,,1
7011573,UL-001673,Home Decor item UL-001673,Home Decor,Active,eBay,EMP-1005,10.99,1,9/1/2026 12:23:37 PM,9/1/2026 12:35:37 PM,,,1
7011574,UL-001674,Clothing item UL-001674,Clothing,Active,eBay,EMP-1002,68.99,1,9/1/2026 3:52:50 PM,9/1/2026 4:04:50 PM,,,1
7011575,UL-001675,Jewelry item UL-001675,Jewelry,Active,ShopGoodwill,EMP-1003,22.99,1,9/1/2026 4:29:11 PM,9/1/2026 4:41:11 PM,,,1
7011576,UL-001676,Jewelry item UL-001676,Jewelry,Active,ShopGoodwill,EMP-1005,9.99,1,9/1/2026 4:20:08 PM,9/1/2026 4:32:08 PM,,,1
7011577,UL-001677,Media item UL-001677,Media,Active,Amazon,EMP-1005,13.99,1,9/2/2026 8:12:59 AM,9/2/2026 8:24:59 AM,,,1
7011578,UL-001678,Books item UL-001678,Books,Active,ShopGoodwill,EMP-1004,35.99,1,9/2/2026 10:08:07 AM,9/2/2026 10:20:07 AM,,,1
7011579,UL-001679,Books item UL-001679,Books,Active,ShopGoodwill,EMP-1001,23.99,1,9/2/2026 3:09:02 PM,9/2/2026 3:21:02 PM,,,1
7011580,UL-001680,Collectibles item UL-001680,Collectibles,Active,ShopGoodwill,EMP-1005,27.99,1,9/2/2026 9:18:19 AM,9/2/2026 9:30:19 AM,,,1
7011581,UL-001681,Books item UL-001681,Books,Active,Amazon,EMP-1005,18.99,1,9/2/2026 10:16:55 AM,9/2/2026 10:28:55 AM,,,1
7011582,UL-001682,Toys item UL-001682,Toys,Active,Amazon,EMP-1003,26.99,1,9/2/2026 10:51:56 AM,9/2/2026 11:03:56 AM,,,1
7011583,UL-001683,Collectibles item UL-001683,Collectibles,Active,ShopGoodwill,EMP-1001,32.99,1,9/2/2026 11:06:21 AM,9/2/2026 11:18:21 AM,,,1
7011584,UL-001684,Collectibles item UL-001684,Collectibles,Active,ShopGoodwill,EMP-1002,10.99,1,9/2/2026 2:44:58 PM,9/2/2026 2:56:58 PM,,,1
7011585,UL-001685,Books item UL-001685,Books,Active,Amazon,EMP-1003,9.99,1,9/2/2026 1:31:09 PM,9/2/2026 1:43:09 PM,,,1
7011586,UL-001686,Kitchen item UL-001686,Kitchen,Active,Amazon,EMP-1002,22.99,1,9/2/2026 2:30:11 PM,9/2/2026 2:42:11 PM,,,1
7011587,UL-001687,Jewelry item UL-001687,Jewelry,Active,ShopGoodwill,EMP-1002,67.99,1,9/2/2026 2:16:37 PM,9/2/2026 2:28:37 PM,,,1
7011588,UL-001688,Clothing item UL-001688,Clothing,Active,ShopGoodwill,EMP-1003,70.99,1,9/2/2026 8:47:31 AM,9/2/2026 8:59:31 AM,,,1
7011589,UL-001689,Electronics item UL-001689,Electronics,Active,eBay,EMP-1002,22.99,1,9/2/2026 1:50:01 PM,9/2/2026 2:02:01 PM,,,1
7011590,UL-001690,Home Decor item UL-001690,Home Decor,Active,eBay,EMP-1006,23.99,1,9/2/2026 3:38:23 PM,9/2/2026 3:50:23 PM,,,1
7011591,UL-001691,Watches item UL-001691,Watches,Active,ShopGoodwill,EMP-1002,28.99,1,9/2/2026 10:18:16 AM,9/2/2026 10:30:16 AM,,,1
7011592,UL-001692,Sporting Goods item UL-001692,Sporting Goods,Active,eBay,EMP-1005,15.99,1,9/2/2026 4:21:46 PM,9/2/2026 4:33:46 PM,,,1
7011593,UL-001693,Media item UL-001693,Media,Active,ShopGoodwill,EMP-1002,9.99,1,9/2/2026 10:11:31 AM,9/2/2026 10:23:31 AM,,,1
7011594,UL-001694,Media item UL-001694,Media,Active,ShopGoodwill,EMP-1005,32.99,1,9/2/2026 11:57:16 AM,9/2/2026 12:09:16 PM,,,1
7011595,UL-001695,Books item UL-001695,Books,Active,ShopGoodwill,EMP-1003,54.99,1,9/2/2026 2:13:50 PM,9/2/2026 2:25:50 PM,,,1
7011596,UL-001696,Media item UL-001696,Media,Active,ShopGoodwill,EMP-1004,21.99,1,9/2/2026 1:48:01 PM,9/2/2026 2:00:01 PM,,,1
7011597,UL-001697,Books item UL-001697,Books,Active,ShopGoodwill,EMP-1004,44.99,1,9/2/2026 9:04:11 AM,9/2/2026 9:16:11 AM,,,1
7011598,UL-001698,Watches item UL-001698,Watches,Active,ShopGoodwill,EMP-1004,34.99,1,9/2/2026 12:45:26 PM,9/2/2026 12:57:26 PM,,,1
7011599,UL-001699,Media item UL-001699,Media,Active,ShopGoodwill,EMP-1003,13.99,1,9/2/2026 11:30:01 AM,9/2/2026 11:42:01 AM,,,1
7011600,UL-001700,Clothing item UL-001700,Clothing,Active,ShopGoodwill,EMP-1004,16.99,1,9/2/2026 8:59:52 AM,9/2/2026 9:11:52 AM,,,1
7011601,UL-001701,Jewelry item UL-001701,Jewelry,Active,ShopGoodwill,EMP-1002,13.99,1,9/2/2026 2:06:05 PM,9/2/2026 2:18:05 PM,,,1
7011602,UL-001702,Books item UL-001702,Books,Active,Amazon,EMP-1002,53.99,1,9/2/2026 12:07:21 PM,9/2/2026 12:19:21 PM,,,1
7011603,UL-001703,Clothing item UL-001703,Clothing,Active,Amazon,EMP-1002,12.99,1,9/2/2026 11:00:44 AM,9/2/2026 11:12:44 AM,,,1
7011604,UL-001704,Books item UL-001704,Books,Active,ShopGoodwill,EMP-1001,8.99,1,9/2/2026 12:42:09 PM,9/2/2026 12:54:09 PM,,,1
7011605,UL-001705,Books item UL-001705,Books,Active,Amazon,EMP-1002,74.99,1,9/2/2026 9:50:52 AM,9/2/2026 10:02:52 AM,,,1
7011606,UL-001706,Books item UL-001706,Books,Active,ShopGoodwill,EMP-1005,15.99,1,9/2/2026 1:30:08 PM,9/2/2026 1:42:08 PM,,,1
7011607,UL-001707,Books item UL-001707,Books,Active,ShopGoodwill,EMP-1002,14.99,1,9/2/2026 5:37:35 PM,9/2/2026 5:49:35 PM,,,1
7011608,UL-001708,Kitchen item UL-001708,Kitchen,Active,ShopGoodwill,EMP-1003,27.99,1,9/2/2026 4:06:28 PM,9/2/2026 4:18:28 PM,,,1
7011609,UL-001709,Media item UL-001709,Media,Active,Mercari,EMP-1004,25.99,1,9/2/2026 11:28:11 AM,9/2/2026 11:40:11 AM,,,1
7011610,UL-001710,Books item UL-001710,Books,Active,ShopGoodwill,EMP-1003,10.99,1,9/2/2026 9:58:17 AM,9/2/2026 10:10:17 AM,,,1
7011611,UL-001711,Shoes item UL-001711,Shoes,Active,ShopGoodwill,EMP-1001,18.99,1,9/2/2026 7:49:41 AM,9/2/2026 8:01:41 AM,,,1
7011612,UL-001712,Books item UL-001712,Books,Active,ShopGoodwill,EMP-1002,26.99,1,9/2/2026 5:31:13 PM,9/2/2026 5:43:13 PM,,,1
7011613,UL-001713,Kitchen item UL-001713,Kitchen,Active,Amazon,EMP-1004,5.99,1,9/2/2026 11:50:56 AM,9/2/2026 12:02:56 PM,,,1
7011614,UL-001714,Shoes item UL-001714,Shoes,Active,ShopGoodwill,EMP-1001,78.99,1,9/2/2026 4:49:05 PM,9/2/2026 5:01:05 PM,,,1
7011615,UL-001715,Home Decor item UL-001715,Home Decor,Active,ShopGoodwill,EMP-1005,61.99,1,9/2/2026 11:56:02 AM,9/2/2026 12:08:02 PM,,,1
7011616,UL-001716,Media item UL-001716,Media,Active,Amazon,EMP-1005,10.99,1,9/2/2026 11:41:11 AM,9/2/2026 11:53:11 AM,,,1
7011617,UL-001717,Clothing item UL-001717,Clothing,Active,Mercari,EMP-1006,35.99,1,9/2/2026 11:23:59 AM,9/2/2026 11:35:59 AM,,,1
7011618,UL-001718,Shoes item UL-001718,Shoes,Active,eBay,EMP-1004,21.99,1,9/2/2026 3:29:24 PM,9/2/2026 3:41:24 PM,,,1
7011619,UL-001719,Clothing item UL-001719,Clothing,Active,eBay,EMP-1005,56.99,1,9/3/2026 8:13:01 AM,9/3/2026 8:25:01 AM,,,1
7011620,UL-001720,Books item UL-001720,Books,Active,Amazon,EMP-1001,19.99,1,9/3/2026 5:25:22 PM,9/3/2026 5:37:22 PM,,,1
7011621,UL-001721,Electronics item UL-001721,Electronics,Active,eBay,EMP-1002,25.99,1,9/3/2026 4:35:55 PM,9/3/2026 4:47:55 PM,,,1
7011622,UL-001722,Collectibles item UL-001722,Collectibles,Active,eBay,EMP-1005,12.99,1,9/3/2026 11:41:35 AM,9/3/2026 11:53:35 AM,,,1
7011623,UL-001723,Books item UL-001723,Books,Active,Amazon,EMP-1003,62.99,1,9/3/2026 12:59:02 PM,9/3/2026 1:11:02 PM,,,1
7011624,UL-001724,Collectibles item UL-001724,Collectibles,Active,Amazon,EMP-1005,24.99,1,9/3/2026 3:47:07 PM,9/3/2026 3:59:07 PM,,,1
7011625,UL-001725,Media item UL-001725,Media,Active,ShopGoodwill,EMP-1002,17.99,1,9/3/2026 8:15:08 AM,9/3/2026 8:27:08 AM,,,1
7011626,UL-001726,Electronics item UL-001726,Electronics,Active,Mercari,EMP-1006,17.99,1,9/3/2026 2:44:01 PM,9/3/2026 2:56:01 PM,,,1
7011627,UL-001727,Collectibles item UL-001727,Collectibles,Active,Amazon,EMP-1002,43.99,1,9/3/2026 3:24:10 PM,9/3/2026 3:36:10 PM,,,1
7011628,UL-001728,Home Decor item UL-001728,Home Decor,Active,eBay,EMP-1003,29.99,1,9/3/2026 8:52:07 AM,9/3/2026 9:04:07 AM,,,1
7011629,UL-001729,Home Decor item UL-001729,Home Decor,Active,Amazon,EMP-1006,14.99,1,9/3/2026 1:10:22 PM,9/3/2026 1:22:22 PM,,,1
7011630,UL-001730,Art item UL-001730,Art,Active,Amazon,EMP-1005,40.99,1,9/3/2026 12:16:43 PM,9/3/2026 12:28:43 PM,,,1
7011631,UL-001731,Clothing item UL-001731,Clothing,Active,Amazon,EMP-1003,30.99,1,9/3/2026 3:08:47 PM,9/3/2026 3:20:47 PM,,,1
7011632,UL-001732,Electronics item UL-001732,Electronics,Active,Amazon,EMP-1002,16.99,1,9/3/2026 1:11:40 PM,9/3/2026 1:23:40 PM,,,1
7011633,UL-001733,Clothing item UL-001733,Clothing,Active,ShopGoodwill,EMP-1005,23.99,1,9/3/2026 5:32:29 PM,9/3/2026 5:44:29 PM,,,1
7011634,UL-001734,Books item UL-001734,Books,Active,Amazon,EMP-1002,20.99,1,9/3/2026 5:17:54 PM,9/3/2026 5:29:54 PM,,,1
7011635,UL-001735,Kitchen item UL-001735,Kitchen,Active,eBay,EMP-1004,20.99,1,9/3/2026 9:34:31 AM,9/3/2026 9:46:31 AM,,,1
7011636,UL-001736,Electronics item UL-001736,Electronics,Active,Amazon,EMP-1001,38.99,1,9/3/2026 2:20:56 PM,9/3/2026 2:32:56 PM,,,1
7011637,UL-001737,Electronics item UL-001737,Electronics,Active,Amazon,EMP-1002,85.99,1,9/3/2026 11:18:38 AM,9/3/2026 11:30:38 AM,,,1
7011638,UL-001738,Media item UL-001738,Media,Active,Mercari,EMP-1005,23.99,1,9/3/2026 10:20:43 AM,9/3/2026 10:32:43 AM,,,1
7011639,UL-001739,Media item UL-001739,Media,Active,eBay,EMP-1003,19.99,1,9/3/2026 5:15:26 PM,9/3/2026 5:27:26 PM,,,1
7011640,UL-001740,Shoes item UL-001740,Shoes,Active,ShopGoodwill,EMP-1003,107.99,1,9/3/2026 4:38:21 PM,9/3/2026 4:50:21 PM,,,1
7011641,UL-001741,Media item UL-001741,Media,Active,ShopGoodwill,EMP-1001,27.99,1,9/3/2026 2:49:58 PM,9/3/2026 3:01:58 PM,,,1
7011642,UL-001742,Electronics item UL-001742,Electronics,Active,Amazon,EMP-1002,52.99,1,9/3/2026 8:56:15 AM,9/3/2026 9:08:15 AM,,,1
7011643,UL-001743,Clothing item UL-001743,Clothing,Active,ShopGoodwill,EMP-1004,23.99,1,9/3/2026 9:49:44 AM,9/3/2026 10:01:44 AM,,,1
7011644,UL-001744,Books item UL-001744,Books,Active,Amazon,EMP-1005,23.99,1,9/3/2026 10:19:48 AM,9/3/2026 10:31:48 AM,,,1
7011645,UL-001745,Books item UL-001745,Books,Active,ShopGoodwill,EMP-1006,30.99,1,9/3/2026 10:09:59 AM,9/3/2026 10:21:59 AM,,,1
7011646,UL-001746,Books item UL-001746,Books,Active,ShopGoodwill,EMP-1004,19.99,1,9/3/2026 11:20:11 AM,9/3/2026 11:32:11 AM,,,1
7011647,UL-001747,Shoes item UL-001747,Shoes,Active,ShopGoodwill,EMP-1003,34.99,1,9/3/2026 2:20:43 PM,9/3/2026 2:32:43 PM,,,1
7011648,UL-001748,Watches item UL-001748,Watches,Active,ShopGoodwill,EMP-1003,36.99,1,9/3/2026 2:25:36 PM,9/3/2026 2:37:36 PM,,,1
7011649,UL-001749,Home Decor item UL-001749,Home Decor,Active,ShopGoodwill,EMP-1006,24.99,1,9/3/2026 2:50:57 PM,9/3/2026 3:02:57 PM,,,1
7011650,UL-001750,Clothing item UL-001750,Clothing,Active,Amazon,EMP-1002,24.99,1,9/3/2026 2:29:38 PM,9/3/2026 2:41:38 PM,,,1
7011651,UL-001751,Electronics item UL-001751,Electronics,Active,Amazon,EMP-1005,19.99,1,9/3/2026 11:13:33 AM,9/3/2026 11:25:33 AM,,,1
7011652,UL-001752,Clothing item UL-001752,Clothing,Active,ShopGoodwill,EMP-1001,7.99,1,9/3/2026 10:28:05 AM,9/3/2026 10:40:05 AM,,,1
7011653,UL-001753,Shoes item UL-001753,Shoes,Active,eBay,EMP-1004,7.99,1,9/3/2026 3:05:13 PM,9/3/2026 3:17:13 PM,,,1
7011654,UL-001754,Electronics item UL-001754,Electronics,Active,eBay,EMP-1005,24.99,1,9/3/2026 12:47:18 PM,9/3/2026 12:59:18 PM,,,1
7011655,UL-001755,Books item UL-001755,Books,Active,Amazon,EMP-1006,34.99,1,9/4/2026 12:16:36 PM,9/4/2026 12:28:36 PM,,,0
7011656,UL-001756,Clothing item UL-001756,Clothing,Active,ShopGoodwill,EMP-1001,8.99,1,9/4/2026 4:05:17 PM,9/4/2026 4:17:17 PM,,,0
7011657,UL-001757,Books item UL-001757,Books,Active,eBay,EMP-1003,25.99,1,9/4/2026 8:16:08 AM,9/4/2026 8:28:08 AM,,,0
7011658,UL-001758,Jewelry item UL-001758,Jewelry,Active,Amazon,EMP-1005,28.99,1,9/4/2026 10:41:47 AM,9/4/2026 10:53:47 AM,,,0
7011659,UL-001759,Shoes item UL-001759,Shoes,Active,Amazon,EMP-1004,15.99,1,9/4/2026 12:38:05 PM,9/4/2026 12:50:05 PM,,,0
7011660,UL-001760,Clothing item UL-001760,Clothing,Active,ShopGoodwill,EMP-1006,42.99,1,9/4/2026 5:00:50 PM,9/4/2026 5:12:50 PM,,,0
7011661,UL-001761,Electronics item UL-001761,Electronics,Active,Amazon,EMP-1002,69.99,1,9/4/2026 11:49:26 AM,9/4/2026 12:01:26 PM,,,0
7011662,UL-001762,Handbags item UL-001762,Handbags,Active,ShopGoodwill,EMP-1002,13.99,1,9/4/2026 10:36:53 AM,9/4/2026 10:48:53 AM,,,0
7011663,UL-001763,Sporting Goods item UL-001763,Sporting Goods,Active,ShopGoodwill,EMP-1001,31.99,1,9/4/2026 11:55:23 AM,9/4/2026 12:07:23 PM,,,0
7011664,UL-001764,Books item UL-001764,Books,Active,Amazon,EMP-1003,44.99,1,9/4/2026 12:54:17 PM,9/4/2026 1:06:17 PM,,,0
7011665,UL-001765,Watches item UL-001765,Watches,Active,Amazon,EMP-1001,18.99,1,9/4/2026 10:59:49 AM,9/4/2026 11:11:49 AM,,,0
7011666,UL-001766,Shoes item UL-001766,Shoes,Active,ShopGoodwill,EMP-1005,8.99,1,9/4/2026 1:38:18 PM,9/4/2026 1:50:18 PM,,,0
7011667,UL-001767,Home Decor item UL-001767,Home Decor,Active,ShopGoodwill,EMP-1002,42.99,1,9/4/2026 1:48:58 PM,9/4/2026 2:00:58 PM,,,0
7011668,UL-001768,Shoes item UL-001768,Shoes,Active,ShopGoodwill,EMP-1002,29.99,1,9/4/2026 5:29:27 PM,9/4/2026 5:41:27 PM,,,0
7011669,UL-001769,Clothing item UL-001769,Clothing,Active,eBay,EMP-1004,14.99,1,9/4/2026 11:01:38 AM,9/4/2026 11:13:38 AM,,,0
7011670,UL-001770,Media item UL-001770,Media,Active,Amazon,EMP-1004,33.99,1,9/4/2026 10:42:56 AM,9/4/2026 10:54:56 AM,,,0
7011671,UL-001771,Electronics item UL-001771,Electronics,Active,eBay,EMP-1005,55.99,1,9/4/2026 8:26:51 AM,9/4/2026 8:38:51 AM,,,0
7011672,UL-001772,Electronics item UL-001772,Electronics,Active,Amazon,EMP-1002,16.99,1,9/4/2026 9:54:30 AM,9/4/2026 10:06:30 AM,,,0
7011673,UL-001773,Handbags item UL-001773,Handbags,Active,ShopGoodwill,EMP-1002,29.99,1,9/4/2026 10:05:25 AM,9/4/2026 10:17:25 AM,,,0
7011674,UL-001774,Toys item UL-001774,Toys,Active,eBay,EMP-1004,35.99,1,9/4/2026 3:44:08 PM,9/4/2026 3:56:08 PM,,,0
7011675,UL-001775,Jewelry item UL-001775,Jewelry,Active,Amazon,EMP-1002,30.99,1,9/4/2026 2:47:49 PM,9/4/2026 2:59:49 PM,,,0
7011676,UL-001776,Collectibles item UL-001776,Collectibles,Active,Amazon,EMP-1001,48.99,1,9/4/2026 2:34:25 PM,9/4/2026 2:46:25 PM,,,0
7011677,UL-001777,Clothing item UL-001777,Clothing,Active,Mercari,EMP-1005,24.99,1,9/4/2026 11:13:03 AM,9/4/2026 11:25:03 AM,,,0
7011678,UL-001778,Kitchen item UL-001778,Kitchen,Active,Amazon,EMP-1002,34.99,1,9/4/2026 1:27:25 PM,9/4/2026 1:39:25 PM,,,0
7011679,UL-001779,Books item UL-001779,Books,Active,ShopGoodwill,EMP-1002,23.99,1,9/4/2026 10:05:16 AM,9/4/2026 10:17:16 AM,,,0
7011680,UL-001780,Jewelry item UL-001780,Jewelry,Active,Mercari,EMP-1006,12.99,1,9/4/2026 8:15:17 AM,9/4/2026 8:27:17 AM,,,0
7011681,UL-001781,Media item UL-001781,Media,Active,Amazon,EMP-1003,24.99,1,9/4/2026 9:41:38 AM,9/4/2026 9:53:38 AM,,,0
7011682,UL-001782,Books item UL-001782,Books,Active,ShopGoodwill,EMP-1003,9.99,1,9/4/2026 1:59:45 PM,9/4/2026 2:11:45 PM,,,0
7011683,UL-001783,Clothing item UL-001783,Clothing,Active,ShopGoodwill,EMP-1003,39.99,1,9/4/2026 3:43:00 PM,9/4/2026 3:55:00 PM,,,0
7011684,UL-001784,Clothing item UL-001784,Clothing,Active,ShopGoodwill,EMP-1006,21.99,1,9/4/2026 10:58:34 AM,9/4/2026 11:10:34 AM,,,0
7011685,UL-001785,Electronics item UL-001785,Electronics,Active,ShopGoodwill,EMP-1003,22.99,1,9/4/2026 10:10:02 AM,9/4/2026 10:22:02 AM,,,0
7011686,UL-001786,Collectibles item UL-001786,Collectibles,Active,eBay,EMP-1002,54.99,1,9/4/2026 2:51:27 PM,9/4/2026 3:03:27 PM,,,0
7011687,UL-001787,Toys item UL-001787,Toys,Active,eBay,EMP-1005,27.99,1,9/4/2026 9:37:36 AM,9/4/2026 9:49:36 AM,,,0
7011688,UL-001788,Books item UL-001788,Books,Active,ShopGoodwill,EMP-1006,16.99,1,9/4/2026 3:40:36 PM,9/4/2026 3:52:36 PM,,,0
7011689,UL-001789,Jewelry item UL-001789,Jewelry,Active,eBay,EMP-1005,14.99,1,9/5/2026 8:41:23 AM,9/5/2026 8:53:23 AM,,,0
7011690,UL-001790,Collectibles item UL-001790,Collectibles,Active,ShopGoodwill,EMP-1002,24.99,1,9/5/2026 3:24:05 PM,9/5/2026 3:36:05 PM,,,0
7011691,UL-001791,Jewelry item UL-001791,Jewelry,Active,Mercari,EMP-1003,19.99,1,9/5/2026 8:11:10 AM,9/5/2026 8:23:10 AM,,,0
7011692,UL-001792,Shoes item UL-001792,Shoes,Active,Mercari,EMP-1003,14.99,1,9/5/2026 1:15:52 PM,9/5/2026 1:27:52 PM,,,0
7011693,UL-001793,Jewelry item UL-001793,Jewelry,Active,ShopGoodwill,EMP-1001,22.99,1,9/5/2026 10:24:26 AM,9/5/2026 10:36:26 AM,,,0
7011694,UL-001794,Home Decor item UL-001794,Home Decor,Active,eBay,EMP-1002,24.99,1,9/5/2026 5:11:54 PM,9/5/2026 5:23:54 PM,,,0
7011695,UL-001795,Clothing item UL-001795,Clothing,Active,Mercari,EMP-1003,53.99,1,9/5/2026 3:28:32 PM,9/5/2026 3:40:32 PM,,,0
7011696,UL-001796,Clothing item UL-001796,Clothing,Active,ShopGoodwill,EMP-1003,19.99,1,9/5/2026 1:57:42 PM,9/5/2026 2:09:42 PM,,,0
7011697,UL-001797,Collectibles item UL-001797,Collectibles,Active,Amazon,EMP-1006,30.99,1,9/5/2026 3:23:00 PM,9/5/2026 3:35:00 PM,,,0
7011698,UL-001798,Art item UL-001798,Art,Active,ShopGoodwill,EMP-1003,9.99,1,9/5/2026 5:29:48 PM,9/5/2026 5:41:48 PM,,,0
7011699,UL-001799,Collectibles item UL-001799,Collectibles,Active,Amazon,EMP-1005,21.99,1,9/5/2026 8:00:43 AM,9/5/2026 8:12:43 AM,,,0
7011700,UL-001800,Books item UL-001800,Books,Active,Amazon,EMP-1005,51.99,1,9/5/2026 11:56:48 AM,9/5/2026 12:08:48 PM,,,0
7011701,UL-001801,Books item UL-001801,Books,Active,Amazon,EMP-1006,35.99,1,9/5/2026 12:57:00 PM,9/5/2026 1:09:00 PM,,,0
7011702,UL-001802,Clothing item UL-001802,Clothing,Active,Amazon,EMP-1006,55.99,1,9/5/2026 5:01:53 PM,9/5/2026 5:13:53 PM,,,0
7011703,UL-001803,Handbags item UL-001803,Handbags,Active,ShopGoodwill,EMP-1005,31.99,1,9/5/2026 4:55:20 PM,9/5/2026 5:07:20 PM,,,0
7011704,UL-001804,Sporting Goods item UL-001804,Sporting Goods,Active,ShopGoodwill,EMP-1003,16.99,1,9/5/2026 8:09:59 AM,9/5/2026 8:21:59 AM,,,0
7011705,UL-001805,Books item UL-001805,Books,Active,ShopGoodwill,EMP-1001,37.99,1,9/5/2026 4:46:05 PM,9/5/2026 4:58:05 PM,,,0
7011706,UL-001806,Art item UL-001806,Art,Active,ShopGoodwill,EMP-1003,12.99,1,9/5/2026 1:04:52 PM,9/5/2026 1:16:52 PM,,,0
7011707,UL-001807,Books item UL-001807,Books,Active,Mercari,EMP-1005,21.99,1,9/5/2026 9:02:03 AM,9/5/2026 9:14:03 AM,,,0
7011708,UL-001808,Books item UL-001808,Books,Active,ShopGoodwill,EMP-1004,19.99,1,9/5/2026 2:15:43 PM,9/5/2026 2:27:43 PM,,,0
7011709,UL-001809,Clothing item UL-001809,Clothing,Active,eBay,EMP-1001,14.99,1,9/5/2026 1:45:48 PM,9/5/2026 1:57:48 PM,,,0
7011710,UL-001810,Media item UL-001810,Media,Active,ShopGoodwill,EMP-1006,49.99,1,9/5/2026 4:40:10 PM,9/5/2026 4:52:10 PM,,,0
7011711,UL-001811,Jewelry item UL-001811,Jewelry,Active,eBay,EMP-1002,11.99,1,9/5/2026 9:31:24 AM,9/5/2026 9:43:24 AM,,,0
7011712,UL-001812,Media item UL-001812,Media,Active,ShopGoodwill,EMP-1004,19.99,1,9/5/2026 1:18:58 PM,9/5/2026 1:30:58 PM,,,0
7011713,UL-001813,Home Decor item UL-001813,Home Decor,Active,ShopGoodwill,EMP-1001,12.99,1,9/5/2026 8:15:57 AM,9/5/2026 8:27:57 AM,,,0
7011714,UL-001814,Clothing item UL-001814,Clothing,Active,Amazon,EMP-1004,33.99,1,9/5/2026 9:10:20 AM,9/5/2026 9:22:20 AM,,,0
7011715,UL-001815,Kitchen item UL-001815,Kitchen,Active,ShopGoodwill,EMP-1006,27.99,1,9/5/2026 10:11:21 AM,9/5/2026 10:23:21 AM,,,0
7011716,UL-001816,Books item UL-001816,Books,Active,ShopGoodwill,EMP-1004,19.99,1,9/5/2026 11:22:41 AM,9/5/2026 11:34:41 AM,,,0
7011717,UL-001817,Toys item UL-001817,Toys,Active,ShopGoodwill,EMP-1001,17.99,1,9/5/2026 9:19:47 AM,9/5/2026 9:31:47 AM,,,0
7011718,UL-001818,Electronics item UL-001818,Electronics,Active,ShopGoodwill,EMP-1005,32.99,1,9/5/2026 12:47:14 PM,9/5/2026 12:59:14 PM,,,0
7011719,UL-001819,Clothing item UL-001819,Clothing,Active,eBay,EMP-1005,79.99,1,9/5/2026 4:10:28 PM,9/5/2026 4:22:28 PM,,,0
7011720,UL-001820,Home Decor item UL-001820,Home Decor,Active,Amazon,EMP-1001,33.99,1,9/5/2026 4:08:33 PM,9/5/2026 4:20:33 PM,,,0
7011721,UL-001821,Books item UL-001821,Books,Active,Amazon,EMP-1004,36.99,1,9/5/2026 8:44:57 AM,9/5/2026 8:56:57 AM,,,0
7011722,UL-001822,Collectibles item UL-001822,Collectibles,Active,ShopGoodwill,EMP-1005,55.99,1,9/5/2026 2:00:47 PM,9/5/2026 2:12:47 PM,,,0
7011723,UL-001823,Kitchen item UL-001823,Kitchen,Active,Mercari,EMP-1001,5.99,1,9/5/2026 3:09:19 PM,9/5/2026 3:21:19 PM,,,0
7011724,UL-001824,Clothing item UL-001824,Clothing,Active,Mercari,EMP-1004,32.99,1,9/5/2026 11:12:03 AM,9/5/2026 11:24:03 AM,,,0
7011725,UL-001825,Clothing item UL-001825,Clothing,Active,ShopGoodwill,EMP-1006,24.99,1,9/5/2026 2:31:51 PM,9/5/2026 2:43:51 PM,,,0
7011726,UL-001826,Sporting Goods item UL-001826,Sporting Goods,Active,Amazon,EMP-1001,32.99,1,9/5/2026 11:32:02 AM,9/5/2026 11:44:02 AM,,,0
7011727,UL-001827,Toys item UL-001827,Toys,Active,eBay,EMP-1005,83.99,1,9/5/2026 5:10:28 PM,9/5/2026 5:22:28 PM,,,0
7011728,UL-001828,Books item UL-001828,Books,Active,Amazon,EMP-1002,11.99,1,9/5/2026 2:25:22 PM,9/5/2026 2:37:22 PM,,,0
7011729,UL-001829,Clothing item UL-001829,Clothing,Active,ShopGoodwill,EMP-1004,25.99,1,9/5/2026 3:31:43 PM,9/5/2026 3:43:43 PM,,,0
7011730,UL-001830,Books item UL-001830,Books,Active,ShopGoodwill,EMP-1006,42.99,1,9/6/2026 4:47:27 PM,9/6/2026 4:59:27 PM,,,0
7011731,UL-001831,Home Decor item UL-001831,Home Decor,Active,ShopGoodwill,EMP-1003,26.99,1,9/6/2026 9:27:14 AM,9/6/2026 9:39:14 AM,,,0
7011732,UL-001832,Electronics item UL-001832,Electronics,Active,eBay,EMP-1006,36.99,1,9/6/2026 12:29:17 PM,9/6/2026 12:41:17 PM,,,0
7011733,UL-001833,Books item UL-001833,Books,Active,eBay,EMP-1002,27.99,1,9/6/2026 10:15:33 AM,9/6/2026 10:27:33 AM,,,0
7011734,UL-001834,Books item UL-001834,Books,Active,Mercari,EMP-1001,28.99,1,9/6/2026 3:21:10 PM,9/6/2026 3:33:10 PM,,,0
7011735,UL-001835,Electronics item UL-001835,Electronics,Active,ShopGoodwill,EMP-1003,11.99,1,9/6/2026 9:40:25 AM,9/6/2026 9:52:25 AM,,,0
7011736,UL-001836,Books item UL-001836,Books,Active,eBay,EMP-1001,15.99,1,9/6/2026 12:41:34 PM,9/6/2026 12:53:34 PM,,,0
7011737,UL-001837,Collectibles item UL-001837,Collectibles,Active,ShopGoodwill,EMP-1006,45.99,1,9/6/2026 2:02:59 PM,9/6/2026 2:14:59 PM,,,0
7011738,UL-001838,Books item UL-001838,Books,Active,eBay,EMP-1004,106.99,1,9/6/2026 2:43:57 PM,9/6/2026 2:55:57 PM,,,0
7011739,UL-001839,Home Decor item UL-001839,Home Decor,Active,Amazon,EMP-1005,47.99,1,9/6/2026 10:50:19 AM,9/6/2026 11:02:19 AM,,,0
7011740,UL-001840,Media item UL-001840,Media,Active,eBay,EMP-1002,44.99,1,9/6/2026 3:11:35 PM,9/6/2026 3:23:35 PM,,,0
7011741,UL-001841,Books item UL-001841,Books,Active,ShopGoodwill,EMP-1001,30.99,1,9/6/2026 3:32:02 PM,9/6/2026 3:44:02 PM,,,0
7011742,UL-001842,Home Decor item UL-001842,Home Decor,Active,Amazon,EMP-1002,7.99,1,9/6/2026 1:17:23 PM,9/6/2026 1:29:23 PM,,,0
7011743,UL-001843,Books item UL-001843,Books,Active,Amazon,EMP-1002,13.99,1,9/6/2026 9:10:52 AM,9/6/2026 9:22:52 AM,,,0
7011744,UL-001844,Home Decor item UL-001844,Home Decor,Active,Amazon,EMP-1004,32.99,1,9/6/2026 12:48:35 PM,9/6/2026 1:00:35 PM,,,0
7011745,UL-001845,Jewelry item UL-001845,Jewelry,Active,ShopGoodwill,EMP-1003,19.99,1,9/6/2026 10:19:46 AM,9/6/2026 10:31:46 AM,,,0
7011746,UL-001846,Media item UL-001846,Media,Active,eBay,EMP-1005,74.99,1,9/6/2026 11:57:33 AM,9/6/2026 12:09:33 PM,,,0
7011747,UL-001847,Clothing item UL-001847,Clothing,Active,ShopGoodwill,EMP-1001,18.99,1,9/6/2026 4:41:38 PM,9/6/2026 4:53:38 PM,,,0
7011748,UL-001848,Books item UL-001848,Books,Active,Amazon,EMP-1001,16.99,1,9/6/2026 8:26:22 AM,9/6/2026 8:38:22 AM,,,0
7011749,UL-001849,Clothing item UL-001849,Clothing,Active,ShopGoodwill,EMP-1001,24.99,1,9/6/2026 1:11:42 PM,9/6/2026 1:23:42 PM,,,0
7011750,UL-001850,Home Decor item UL-001850,Home Decor,Active,ShopGoodwill,EMP-1006,23.99,1,9/6/2026 11:42:20 AM,9/6/2026 11:54:20 AM,,,0
7011751,UL-001851,Home Decor item UL-001851,Home Decor,Active,Mercari,EMP-1005,12.99,1,9/6/2026 3:29:10 PM,9/6/2026 3:41:10 PM,,,0
7011752,UL-001852,Clothing item UL-001852,Clothing,Active,Mercari,EMP-1005,20.99,1,9/6/2026 9:50:13 AM,9/6/2026 10:02:13 AM,,,0
7011753,UL-001853,Home Decor item UL-001853,Home Decor,Active,eBay,EMP-1002,120.99,1,9/6/2026 1:28:02 PM,9/6/2026 1:40:02 PM,,,0
7011754,UL-001854,Books item UL-001854,Books,Active,Amazon,EMP-1003,49.99,1,9/6/2026 4:03:45 PM,9/6/2026 4:15:45 PM,,,0
7011755,UL-001855,Kitchen item UL-001855,Kitchen,Active,Amazon,EMP-1005,14.99,1,9/6/2026 11:28:20 AM,9/6/2026 11:40:20 AM,,,0
7011756,UL-001856,Electronics item UL-001856,Electronics,Active,Amazon,EMP-1005,35.99,1,9/6/2026 4:46:55 PM,9/6/2026 4:58:55 PM,,,0
7011757,UL-001857,Books item UL-001857,Books,Active,ShopGoodwill,EMP-1005,16.99,1,9/6/2026 3:23:03 PM,9/6/2026 3:35:03 PM,,,0
7011758,UL-001858,Kitchen item UL-001858,Kitchen,Active,eBay,EMP-1001,17.99,1,9/6/2026 10:14:42 AM,9/6/2026 10:26:42 AM,,,0
7011759,UL-001859,Electronics item UL-001859,Electronics,Active,ShopGoodwill,EMP-1005,7.99,1,9/6/2026 3:07:39 PM,9/6/2026 3:19:39 PM,,,0
7011760,UL-001860,Media item UL-001860,Media,Active,eBay,EMP-1005,8.99,1,9/6/2026 10:13:27 AM,9/6/2026 10:25:27 AM,,,0
7011761,UL-001861,Home Decor item UL-001861,Home Decor,Active,Mercari,EMP-1006,11.99,1,9/6/2026 1:11:14 PM,9/6/2026 1:23:14 PM,,,0
7011762,UL-001862,Collectibles item UL-001862,Collectibles,Active,Amazon,EMP-1005,42.99,1,9/6/2026 3:09:30 PM,9/6/2026 3:21:30 PM,,,0
7011763,UL-001863,Toys item UL-001863,Toys,Active,eBay,EMP-1001,20.99,1,9/6/2026 2:14:51 PM,9/6/2026 2:26:51 PM,,,0
7011764,UL-001864,Shoes item UL-001864,Shoes,Active,ShopGoodwill,EMP-1002,46.99,1,9/6/2026 4:45:42 PM,9/6/2026 4:57:42 PM,,,0
7011765,UL-001865,Media item UL-001865,Media,Active,ShopGoodwill,EMP-1006,21.99,1,9/7/2026 4:25:46 PM,9/7/2026 4:37:46 PM,,,0
7011766,UL-001866,Books item UL-001866,Books,Active,Amazon,EMP-1004,14.99,1,9/7/2026 11:04:07 AM,9/7/2026 11:16:07 AM,,,0
7011767,UL-001867,Shoes item UL-001867,Shoes,Active,Amazon,EMP-1006,38.99,1,9/7/2026 2:58:13 PM,9/7/2026 3:10:13 PM,,,0
7011768,UL-001868,Sporting Goods item UL-001868,Sporting Goods,Active,Amazon,EMP-1006,68.99,1,9/7/2026 12:16:38 PM,9/7/2026 12:28:38 PM,,,0
7011769,UL-001869,Books item UL-001869,Books,Active,eBay,EMP-1002,6.99,1,9/7/2026 8:56:21 AM,9/7/2026 9:08:21 AM,,,0
7011770,UL-001870,Home Decor item UL-001870,Home Decor,Active,Amazon,EMP-1004,26.99,1,9/7/2026 8:35:29 AM,9/7/2026 8:47:29 AM,,,0
7011771,UL-001871,Books item UL-001871,Books,Active,ShopGoodwill,EMP-1003,40.99,1,9/7/2026 3:00:42 PM,9/7/2026 3:12:42 PM,,,0
7011772,UL-001872,Jewelry item UL-001872,Jewelry,Active,ShopGoodwill,EMP-1006,30.99,1,9/7/2026 12:31:03 PM,9/7/2026 12:43:03 PM,,,0
7011773,UL-001873,Art item UL-001873,Art,Active,eBay,EMP-1001,22.99,1,9/7/2026 12:13:03 PM,9/7/2026 12:25:03 PM,,,0
7011774,UL-001874,Shoes item UL-001874,Shoes,Active,Amazon,EMP-1004,17.99,1,9/7/2026 5:29:02 PM,9/7/2026 5:41:02 PM,,,0
7011775,UL-001875,Books item UL-001875,Books,Active,Amazon,EMP-1004,15.99,1,9/7/2026 3:39:21 PM,9/7/2026 3:51:21 PM,,,0
7011776,UL-001876,Handbags item UL-001876,Handbags,Active,Mercari,EMP-1005,19.99,1,9/7/2026 4:49:54 PM,9/7/2026 5:01:54 PM,,,0
7011777,UL-001877,Books item UL-001877,Books,Active,Amazon,EMP-1004,19.99,1,9/7/2026 3:35:45 PM,9/7/2026 3:47:45 PM,,,0
7011778,UL-001878,Media item UL-001878,Media,Active,eBay,EMP-1003,21.99,1,9/7/2026 11:00:40 AM,9/7/2026 11:12:40 AM,,,0
7011779,UL-001879,Jewelry item UL-001879,Jewelry,Active,Amazon,EMP-1006,28.99,1,9/7/2026 8:34:32 AM,9/7/2026 8:46:32 AM,,,0
7011780,UL-001880,Watches item UL-001880,Watches,Active,ShopGoodwill,EMP-1004,12.99,1,9/7/2026 10:50:54 AM,9/7/2026 11:02:54 AM,,,0
7011781,UL-001881,Home Decor item UL-001881,Home Decor,Active,ShopGoodwill,EMP-1005,29.99,1,9/7/2026 4:13:18 PM,9/7/2026 4:25:18 PM,,,0
7011782,UL-001882,Media item UL-001882,Media,Active,ShopGoodwill,EMP-1003,18.99,1,9/7/2026 2:10:05 PM,9/7/2026 2:22:05 PM,,,0
7011783,UL-001883,Books item UL-001883,Books,Active,Amazon,EMP-1005,17.99,1,9/7/2026 11:39:02 AM,9/7/2026 11:51:02 AM,,,0
7011784,UL-001884,Collectibles item UL-001884,Collectibles,Active,Mercari,EMP-1003,28.99,1,9/7/2026 10:43:10 AM,9/7/2026 10:55:10 AM,,,0
7011785,UL-001885,Watches item UL-001885,Watches,Active,eBay,EMP-1003,14.99,1,9/7/2026 1:42:40 PM,9/7/2026 1:54:40 PM,,,0
7011786,UL-001886,Books item UL-001886,Books,Active,ShopGoodwill,EMP-1006,14.99,1,9/7/2026 12:39:04 PM,9/7/2026 12:51:04 PM,,,0
7011787,UL-001887,Books item UL-001887,Books,Active,eBay,EMP-1005,22.99,1,9/7/2026 3:44:54 PM,9/7/2026 3:56:54 PM,,,0
7011788,UL-001888,Clothing item UL-001888,Clothing,Active,ShopGoodwill,EMP-1001,31.99,1,9/7/2026 3:22:21 PM,9/7/2026 3:34:21 PM,,,0
7011789,UL-001889,Books item UL-001889,Books,Active,Mercari,EMP-1001,21.99,1,9/7/2026 3:57:21 PM,9/7/2026 4:09:21 PM,,,0
7011790,UL-001890,Kitchen item UL-001890,Kitchen,Active,Amazon,EMP-1005,47.99,1,9/7/2026 2:09:11 PM,9/7/2026 2:21:11 PM,,,0
7011791,UL-001891,Art item UL-001891,Art,Active,Amazon,EMP-1001,37.99,1,9/7/2026 2:15:56 PM,9/7/2026 2:27:56 PM,,,0
7011792,UL-001892,Books item UL-001892,Books,Active,eBay,EMP-1005,23.99,1,9/7/2026 12:53:57 PM,9/7/2026 1:05:57 PM,,,0
7011793,UL-001893,Clothing item UL-001893,Clothing,Active,eBay,EMP-1004,49.99,1,9/7/2026 12:26:08 PM,9/7/2026 12:38:08 PM,,,0
7011794,UL-001894,Clothing item UL-001894,Clothing,Active,ShopGoodwill,EMP-1002,12.99,1,9/7/2026 10:05:58 AM,9/7/2026 10:17:58 AM,,,0
7011795,UL-001895,Books item UL-001895,Books,Active,Amazon,EMP-1006,22.99,1,9/7/2026 2:31:01 PM,9/7/2026 2:43:01 PM,,,0
7011796,UL-001896,Clothing item UL-001896,Clothing,Active,ShopGoodwill,EMP-1001,27.99,1,9/7/2026 10:23:50 AM,9/7/2026 10:35:50 AM,,,0
7011797,UL-001897,Handbags item UL-001897,Handbags,Active,eBay,EMP-1003,73.99,1,9/7/2026 1:07:37 PM,9/7/2026 1:19:37 PM,,,0
7011798,UL-001898,Books item UL-001898,Books,Active,ShopGoodwill,EMP-1004,10.99,1,9/7/2026 11:47:40 AM,9/7/2026 11:59:40 AM,,,0
7011799,UL-001899,Clothing item UL-001899,Clothing,Active,ShopGoodwill,EMP-1006,23.99,1,9/7/2026 10:30:08 AM,9/7/2026 10:42:08 AM,,,0
7011800,UL-001900,Books item UL-001900,Books,Active,eBay,EMP-1004,40.99,1,9/7/2026 10:36:17 AM,9/7/2026 10:48:17 AM,,,0
7011801,UL-001901,Electronics item UL-001901,Electronics,Active,ShopGoodwill,EMP-1006,24.99,1,9/7/2026 7:49:13 AM,9/7/2026 8:01:13 AM,,,0
7011802,UL-001902,Electronics item UL-001902,Electronics,Active,eBay,EMP-1005,6.99,1,9/7/2026 11:21:47 AM,9/7/2026 11:33:47 AM,,,0
7011803,UL-001903,Collectibles item UL-001903,Collectibles,Active,eBay,EMP-1002,10.99,1,9/7/2026 11:05:52 AM,9/7/2026 11:17:52 AM,,,0
7011804,UL-001904,Watches item UL-001904,Watches,Active,eBay,EMP-1002,31.99,1,9/7/2026 4:39:22 PM,9/7/2026 4:51:22 PM,,,0
7011805,UL-001905,Clothing item UL-001905,Clothing,Active,ShopGoodwill,EMP-1002,11.99,1,9/8/2026 12:24:52 PM,9/8/2026 12:36:52 PM,,,0
7011806,UL-001906,Books item UL-001906,Books,Active,Amazon,EMP-1001,16.99,1,9/8/2026 2:09:27 PM,9/8/2026 2:21:27 PM,,,0
7011807,UL-001907,Watches item UL-001907,Watches,Active,eBay,EMP-1003,38.99,1,9/8/2026 3:14:27 PM,9/8/2026 3:26:27 PM,,,0
7011808,UL-001908,Home Decor item UL-001908,Home Decor,Active,ShopGoodwill,EMP-1005,9.99,1,9/8/2026 8:06:45 AM,9/8/2026 8:18:45 AM,,,0
7011809,UL-001909,Clothing item UL-001909,Clothing,Active,Amazon,EMP-1006,12.99,1,9/8/2026 3:14:24 PM,9/8/2026 3:26:24 PM,,,0
7011810,UL-001910,Clothing item UL-001910,Clothing,Active,ShopGoodwill,EMP-1006,33.99,1,9/8/2026 1:15:24 PM,9/8/2026 1:27:24 PM,,,0
7011811,UL-001911,Watches item UL-001911,Watches,Active,ShopGoodwill,EMP-1001,26.99,1,9/8/2026 4:16:35 PM,9/8/2026 4:28:35 PM,,,0
7011812,UL-001912,Home Decor item UL-001912,Home Decor,Active,ShopGoodwill,EMP-1003,26.99,1,9/8/2026 9:57:06 AM,9/8/2026 10:09:06 AM,,,0
7011813,UL-001913,Books item UL-001913,Books,Active,eBay,EMP-1002,24.99,1,9/8/2026 4:43:09 PM,9/8/2026 4:55:09 PM,,,0
7011814,UL-001914,Collectibles item UL-001914,Collectibles,Active,Mercari,EMP-1004,45.99,1,9/8/2026 5:32:04 PM,9/8/2026 5:44:04 PM,,,0
7011815,UL-001915,Kitchen item UL-001915,Kitchen,Active,eBay,EMP-1003,11.99,1,9/8/2026 4:08:00 PM,9/8/2026 4:20:00 PM,,,0
7011816,UL-001916,Clothing item UL-001916,Clothing,Active,Amazon,EMP-1005,29.99,1,9/8/2026 11:28:43 AM,9/8/2026 11:40:43 AM,,,0
7011817,UL-001917,Media item UL-001917,Media,Active,ShopGoodwill,EMP-1001,8.99,1,9/8/2026 4:14:56 PM,9/8/2026 4:26:56 PM,,,0
7011818,UL-001918,Collectibles item UL-001918,Collectibles,Active,eBay,EMP-1004,28.99,1,9/8/2026 11:38:42 AM,9/8/2026 11:50:42 AM,,,0
7011819,UL-001919,Toys item UL-001919,Toys,Active,ShopGoodwill,EMP-1003,31.99,1,9/8/2026 11:43:22 AM,9/8/2026 11:55:22 AM,,,0
7011820,UL-001920,Kitchen item UL-001920,Kitchen,Active,Mercari,EMP-1006,13.99,1,9/8/2026 12:42:08 PM,9/8/2026 12:54:08 PM,,,0
7011821,UL-001921,Toys item UL-001921,Toys,Active,eBay,EMP-1003,37.99,1,9/8/2026 10:39:24 AM,9/8/2026 10:51:24 AM,,,0
7011822,UL-001922,Home Decor item UL-001922,Home Decor,Active,eBay,EMP-1006,36.99,1,9/8/2026 11:02:47 AM,9/8/2026 11:14:47 AM,,,0
7011823,UL-001923,Books item UL-001923,Books,Active,Mercari,EMP-1001,23.99,1,9/8/2026 3:49:28 PM,9/8/2026 4:01:28 PM,,,0
7011824,UL-001924,Collectibles item UL-001924,Collectibles,Active,Mercari,EMP-1003,27.99,1,9/8/2026 8:40:10 AM,9/8/2026 8:52:10 AM,,,0
7011825,UL-001925,Toys item UL-001925,Toys,Active,Amazon,EMP-1005,22.99,1,9/8/2026 9:03:45 AM,9/8/2026 9:15:45 AM,,,0
7011826,UL-001926,Media item UL-001926,Media,Active,Amazon,EMP-1001,18.99,1,9/8/2026 2:21:42 PM,9/8/2026 2:33:42 PM,,,0
7011827,UL-001927,Books item UL-001927,Books,Active,eBay,EMP-1001,13.99,1,9/8/2026 3:39:26 PM,9/8/2026 3:51:26 PM,,,0
7011828,UL-001928,Media item UL-001928,Media,Active,ShopGoodwill,EMP-1005,19.99,1,9/8/2026 4:21:14 PM,9/8/2026 4:33:14 PM,,,0
7011829,UL-001929,Jewelry item UL-001929,Jewelry,Active,eBay,EMP-1002,11.99,1,9/8/2026 12:34:56 PM,9/8/2026 12:46:56 PM,,,0
7011830,UL-001930,Clothing item UL-001930,Clothing,Active,eBay,EMP-1006,47.99,1,9/8/2026 2:42:42 PM,9/8/2026 2:54:42 PM,,,0
7011831,UL-001931,Media item UL-001931,Media,Active,ShopGoodwill,EMP-1004,24.99,1,9/8/2026 4:06:40 PM,9/8/2026 4:18:40 PM,,,0
7011832,UL-001932,Jewelry item UL-001932,Jewelry,Active,Mercari,EMP-1001,46.99,1,9/8/2026 12:17:58 PM,9/8/2026 12:29:58 PM,,,0
7011833,UL-001933,Books item UL-001933,Books,Active,Amazon,EMP-1004,14.99,1,9/8/2026 1:41:50 PM,9/8/2026 1:53:50 PM,,,0
7011834,UL-001934,Home Decor item UL-001934,Home Decor,Active,Mercari,EMP-1005,24.99,1,9/8/2026 10:11:16 AM,9/8/2026 10:23:16 AM,,,0
7011835,UL-001935,Collectibles item UL-001935,Collectibles,Active,Amazon,EMP-1002,53.99,1,9/8/2026 4:00:29 PM,9/8/2026 4:12:29 PM,,,0
7011836,UL-001936,Collectibles item UL-001936,Collectibles,Active,ShopGoodwill,EMP-1004,17.99,1,9/8/2026 3:03:39 PM,9/8/2026 3:15:39 PM,,,0
7011837,UL-001937,Handbags item UL-001937,Handbags,Active,Mercari,EMP-1003,37.99,1,9/8/2026 10:53:03 AM,9/8/2026 11:05:03 AM,,,0
7011838,UL-001938,Electronics item UL-001938,Electronics,Active,eBay,EMP-1006,70.99,1,9/8/2026 4:27:50 PM,9/8/2026 4:39:50 PM,,,0
7011839,UL-001939,Handbags item UL-001939,Handbags,Active,eBay,EMP-1001,35.99,1,9/9/2026 8:05:42 AM,9/9/2026 8:17:42 AM,,,0
7011840,UL-001940,Clothing item UL-001940,Clothing,Active,Amazon,EMP-1002,25.99,1,9/9/2026 1:56:56 PM,9/9/2026 2:08:56 PM,,,0
7011841,UL-001941,Books item UL-001941,Books,Active,Amazon,EMP-1001,19.99,1,9/9/2026 11:09:12 AM,9/9/2026 11:21:12 AM,,,0
7011842,UL-001942,Handbags item UL-001942,Handbags,Active,Amazon,EMP-1003,25.99,1,9/9/2026 5:45:57 PM,9/9/2026 5:57:57 PM,,,0
7011843,UL-001943,Collectibles item UL-001943,Collectibles,Active,eBay,EMP-1002,14.99,1,9/9/2026 12:43:33 PM,9/9/2026 12:55:33 PM,,,0
7011844,UL-001944,Clothing item UL-001944,Clothing,Active,Amazon,EMP-1002,36.99,1,9/9/2026 11:42:38 AM,9/9/2026 11:54:38 AM,,,0
7011845,UL-001945,Media item UL-001945,Media,Active,ShopGoodwill,EMP-1001,28.99,1,9/9/2026 10:39:55 AM,9/9/2026 10:51:55 AM,,,0
7011846,UL-001946,Kitchen item UL-001946,Kitchen,Active,ShopGoodwill,EMP-1001,12.99,1,9/9/2026 1:39:13 PM,9/9/2026 1:51:13 PM,,,0
7011847,UL-001947,Clothing item UL-001947,Clothing,Active,eBay,EMP-1002,48.99,1,9/9/2026 1:36:44 PM,9/9/2026 1:48:44 PM,,,0
7011848,UL-001948,Books item UL-001948,Books,Active,Amazon,EMP-1002,28.99,1,9/9/2026 12:32:59 PM,9/9/2026 12:44:59 PM,,,0
7011849,UL-001949,Clothing item UL-001949,Clothing,Active,ShopGoodwill,EMP-1002,34.99,1,9/9/2026 10:45:32 AM,9/9/2026 10:57:32 AM,,,0
7011850,UL-001950,Clothing item UL-001950,Clothing,Active,Amazon,EMP-1003,21.99,1,9/9/2026 2:39:04 PM,9/9/2026 2:51:04 PM,,,0
7011851,UL-001951,Books item UL-001951,Books,Active,eBay,EMP-1003,17.99,1,9/9/2026 12:48:17 PM,9/9/2026 1:00:17 PM,,,0
7011852,UL-001952,Home Decor item UL-001952,Home Decor,Active,ShopGoodwill,EMP-1006,8.99,1,9/9/2026 11:43:32 AM,9/9/2026 11:55:32 AM,,,0
7011853,UL-001953,Electronics item UL-001953,Electronics,Active,eBay,EMP-1004,22.99,1,9/9/2026 5:05:41 PM,9/9/2026 5:17:41 PM,,,0
7011854,UL-001954,Jewelry item UL-001954,Jewelry,Active,Amazon,EMP-1003,16.99,1,9/9/2026 1:49:19 PM,9/9/2026 2:01:19 PM,,,0
7011855,UL-001955,Books item UL-001955,Books,Active,Amazon,EMP-1003,49.99,1,9/9/2026 1:03:53 PM,9/9/2026 1:15:53 PM,,,0
7011856,UL-001956,Home Decor item UL-001956,Home Decor,Active,Amazon,EMP-1001,37.99,1,9/9/2026 5:38:44 PM,9/9/2026 5:50:44 PM,,,0
7011857,UL-001957,Clothing item UL-001957,Clothing,Active,eBay,EMP-1004,46.99,1,9/9/2026 10:51:28 AM,9/9/2026 11:03:28 AM,,,0
7011858,UL-001958,Jewelry item UL-001958,Jewelry,Active,ShopGoodwill,EMP-1005,14.99,1,9/9/2026 12:16:38 PM,9/9/2026 12:28:38 PM,,,0
7011859,UL-001959,Kitchen item UL-001959,Kitchen,Active,eBay,EMP-1002,38.99,1,9/9/2026 1:57:00 PM,9/9/2026 2:09:00 PM,,,0
7011860,UL-001960,Clothing item UL-001960,Clothing,Active,Amazon,EMP-1001,63.99,1,9/9/2026 11:15:17 AM,9/9/2026 11:27:17 AM,,,0
7011861,UL-001961,Books item UL-001961,Books,Active,eBay,EMP-1005,26.99,1,9/9/2026 9:15:44 AM,9/9/2026 9:27:44 AM,,,0
7011862,UL-001962,Handbags item UL-001962,Handbags,Active,Amazon,EMP-1003,41.99,1,9/9/2026 8:45:50 AM,9/9/2026 8:57:50 AM,,,0
7011863,UL-001963,Handbags item UL-001963,Handbags,Active,Amazon,EMP-1005,22.99,1,9/9/2026 2:00:47 PM,9/9/2026 2:12:47 PM,,,0
7011864,UL-001964,Electronics item UL-001964,Electronics,Active,ShopGoodwill,EMP-1006,32.99,1,9/9/2026 4:02:34 PM,9/9/2026 4:14:34 PM,,,0
7011865,UL-001965,Sporting Goods item UL-001965,Sporting Goods,Active,Amazon,EMP-1003,27.99,1,9/9/2026 1:39:44 PM,9/9/2026 1:51:44 PM,,,0
7011866,UL-001966,Books item UL-001966,Books,Active,Amazon,EMP-1006,19.99,1,9/9/2026 12:21:07 PM,9/9/2026 12:33:07 PM,,,0
7011867,UL-001967,Media item UL-001967,Media,Active,ShopGoodwill,EMP-1005,21.99,1,9/9/2026 4:19:55 PM,9/9/2026 4:31:55 PM,,,0
7011868,UL-001968,Collectibles item UL-001968,Collectibles,Active,eBay,EMP-1003,19.99,1,9/9/2026 4:44:12 PM,9/9/2026 4:56:12 PM,,,0
7011869,UL-001969,Books item UL-001969,Books,Active,ShopGoodwill,EMP-1002,35.99,1,9/9/2026 3:36:51 PM,9/9/2026 3:48:51 PM,,,0
7011870,UL-001970,Books item UL-001970,Books,Active,ShopGoodwill,EMP-1003,57.99,1,9/9/2026 4:52:52 PM,9/9/2026 5:04:52 PM,,,0
7011871,UL-001971,Shoes item UL-001971,Shoes,Active,ShopGoodwill,EMP-1002,25.99,1,9/9/2026 4:21:58 PM,9/9/2026 4:33:58 PM,,,0
7011872,UL-001972,Collectibles item UL-001972,Collectibles,Active,Amazon,EMP-1005,38.99,1,9/9/2026 8:01:07 AM,9/9/2026 8:13:07 AM,,,0
7011873,UL-001973,Handbags item UL-001973,Handbags,Active,ShopGoodwill,EMP-1002,35.99,1,9/9/2026 9:51:01 AM,9/9/2026 10:03:01 AM,,,0
7011874,UL-001974,Shoes item UL-001974,Shoes,Active,ShopGoodwill,EMP-1006,15.99,1,9/9/2026 3:49:09 PM,9/9/2026 4:01:09 PM,,,0
7011875,UL-001975,Art item UL-001975,Art,Active,ShopGoodwill,EMP-1004,84.99,1,9/9/2026 8:17:51 AM,9/9/2026 8:29:51 AM,,,0
7011876,UL-001976,Clothing item UL-001976,Clothing,Active,Amazon,EMP-1004,22.99,1,9/9/2026 4:48:39 PM,9/9/2026 5:00:39 PM,,,0
7011877,UL-001977,Home Decor item UL-001977,Home Decor,Active,Mercari,EMP-1005,59.99,1,9/9/2026 1:12:15 PM,9/9/2026 1:24:15 PM,,,0
7011878,UL-001978,Media item UL-001978,Media,Active,ShopGoodwill,EMP-1005,66.99,1,9/9/2026 2:43:22 PM,9/9/2026 2:55:22 PM,,,0
7011879,UL-001979,Clothing item UL-001979,Clothing,Active,ShopGoodwill,EMP-1002,39.99,1,9/9/2026 3:05:30 PM,9/9/2026 3:17:30 PM,,,0
7011880,UL-001980,Media item UL-001980,Media,Active,Amazon,EMP-1005,42.99,1,9/9/2026 1:03:37 PM,9/9/2026 1:15:37 PM,,,0
7011881,UL-001981,Media item UL-001981,Media,Active,Amazon,EMP-1002,52.99,1,9/9/2026 2:41:51 PM,9/9/2026 2:53:51 PM,,,0
7011882,UL-001982,Sporting Goods item UL-001982,Sporting Goods,Active,ShopGoodwill,EMP-1004,13.99,1,9/9/2026 8:19:20 AM,9/9/2026 8:31:20 AM,,,0
7011883,UL-001983,Art item UL-001983,Art,Active,eBay,EMP-1003,35.99,1,9/9/2026 9:05:25 AM,9/9/2026 9:17:25 AM,,,0
7011884,UL-001984,Collectibles item UL-001984,Collectibles,Active,eBay,EMP-1005,36.99,1,9/9/2026 3:47:51 PM,9/9/2026 3:59:51 PM,,,0
7011885,UL-001985,Kitchen item UL-001985,Kitchen,Active,ShopGoodwill,EMP-1001,18.99,1,9/10/2026 9:39:22 AM,9/10/2026 9:51:22 AM,,,0
7011886,UL-001986,Toys item UL-001986,Toys,Active,Amazon,EMP-1001,40.99,1,9/10/2026 11:18:04 AM,9/10/2026 11:30:04 AM,,,0
7011887,UL-001987,Shoes item UL-001987,Shoes,Active,Mercari,EMP-1006,18.99,1,9/10/2026 8:54:05 AM,9/10/2026 9:06:05 AM,,,0
7011888,UL-001988,Watches item UL-001988,Watches,Active,ShopGoodwill,EMP-1001,29.99,1,9/10/2026 10:54:35 AM,9/10/2026 11:06:35 AM,,,0
7011889,UL-001989,Handbags item UL-001989,Handbags,Active,eBay,EMP-1002,23.99,1,9/10/2026 10:01:19 AM,9/10/2026 10:13:19 AM,,,0
7011890,UL-001990,Toys item UL-001990,Toys,Active,ShopGoodwill,EMP-1006,118.99,1,9/10/2026 2:07:14 PM,9/10/2026 2:19:14 PM,,,0
7011891,UL-001991,Home Decor item UL-001991,Home Decor,Active,ShopGoodwill,EMP-1001,16.99,1,9/10/2026 12:00:56 PM,9/10/2026 12:12:56 PM,,,0
7011892,UL-001992,Media item UL-001992,Media,Active,Amazon,EMP-1004,12.99,1,9/10/2026 12:15:17 PM,9/10/2026 12:27:17 PM,,,0
7011893,UL-001993,Toys item UL-001993,Toys,Active,ShopGoodwill,EMP-1005,20.99,1,9/10/2026 1:35:57 PM,9/10/2026 1:47:57 PM,,,0
7011894,UL-001994,Media item UL-001994,Media,Active,Amazon,EMP-1001,26.99,1,9/10/2026 9:24:31 AM,9/10/2026 9:36:31 AM,,,0
7011895,UL-001995,Handbags item UL-001995,Handbags,Active,Amazon,EMP-1003,10.99,1,9/10/2026 12:46:03 PM,9/10/2026 12:58:03 PM,,,0
7011896,UL-001996,Media item UL-001996,Media,Active,Amazon,EMP-1001,49.99,1,9/10/2026 12:08:16 PM,9/10/2026 12:20:16 PM,,,0
7011897,UL-001997,Collectibles item UL-001997,Collectibles,Active,Amazon,EMP-1001,22.99,1,9/10/2026 1:52:30 PM,9/10/2026 2:04:30 PM,,,0
7011898,UL-001998,Media item UL-001998,Media,Active,Amazon,EMP-1004,15.99,1,9/10/2026 3:03:48 PM,9/10/2026 3:15:48 PM,,,0
7011899,UL-001999,Clothing item UL-001999,Clothing,Active,ShopGoodwill,EMP-1001,54.99,1,9/10/2026 2:41:36 PM,9/10/2026 2:53:36 PM,,,0
7011900,UL-002000,Handbags item UL-002000,Handbags,Active,Amazon,EMP-1006,32.99,1,9/10/2026 9:43:17 AM,9/10/2026 9:55:17 AM,,,0
7011901,UL-002001,Electronics item UL-002001,Electronics,Active,eBay,EMP-1002,20.99,1,9/10/2026 11:19:24 AM,9/10/2026 11:31:24 AM,,,0
7011902,UL-002002,Clothing item UL-002002,Clothing,Active,Amazon,EMP-1004,70.99,1,9/10/2026 9:09:39 AM,9/10/2026 9:21:39 AM,,,0
7011903,UL-002003,Home Decor item UL-002003,Home Decor,Active,eBay,EMP-1006,33.99,1,9/10/2026 1:41:34 PM,9/10/2026 1:53:34 PM,,,0
7011904,UL-002004,Clothing item UL-002004,Clothing,Active,Amazon,EMP-1006,19.99,1,9/10/2026 2:06:27 PM,9/10/2026 2:18:27 PM,,,0
7011905,UL-002005,Media item UL-002005,Media,Active,ShopGoodwill,EMP-1006,32.99,1,9/10/2026 9:36:22 AM,9/10/2026 9:48:22 AM,,,0
7011906,UL-002006,Electronics item UL-002006,Electronics,Active,ShopGoodwill,EMP-1002,17.99,1,9/10/2026 3:40:32 PM,9/10/2026 3:52:32 PM,,,0
7011907,UL-002007,Books item UL-002007,Books,Active,Amazon,EMP-1006,38.99,1,9/10/2026 8:03:55 AM,9/10/2026 8:15:55 AM,,,0
7011908,UL-002008,Media item UL-002008,Media,Active,eBay,EMP-1005,31.99,1,9/10/2026 12:04:57 PM,9/10/2026 12:16:57 PM,,,0
7011909,UL-002009,Media item UL-002009,Media,Active,eBay,EMP-1002,43.99,1,9/10/2026 2:41:42 PM,9/10/2026 2:53:42 PM,,,0
7011910,UL-002010,Media item UL-002010,Media,Active,ShopGoodwill,EMP-1006,19.99,1,9/10/2026 10:46:58 AM,9/10/2026 10:58:58 AM,,,0
7011911,UL-002011,Kitchen item UL-002011,Kitchen,Active,ShopGoodwill,EMP-1004,28.99,1,9/10/2026 3:58:15 PM,9/10/2026 4:10:15 PM,,,0
7011912,UL-002012,Books item UL-002012,Books,Active,ShopGoodwill,EMP-1004,67.99,1,9/10/2026 1:19:33 PM,9/10/2026 1:31:33 PM,,,0
7011913,UL-002013,Clothing item UL-002013,Clothing,Active,eBay,EMP-1005,48.99,1,9/10/2026 8:21:13 AM,9/10/2026 8:33:13 AM,,,0
7011914,UL-002014,Shoes item UL-002014,Shoes,Active,Amazon,EMP-1005,44.99,1,9/10/2026 3:13:34 PM,9/10/2026 3:25:34 PM,,,0
7011915,UL-002015,Books item UL-002015,Books,Active,Amazon,EMP-1002,7.99,1,9/10/2026 2:40:53 PM,9/10/2026 2:52:53 PM,,,0
7011916,UL-002016,Clothing item UL-002016,Clothing,Active,Mercari,EMP-1006,68.99,1,9/10/2026 3:27:28 PM,9/10/2026 3:39:28 PM,,,0
7011917,UL-002017,Books item UL-002017,Books,Active,Mercari,EMP-1001,55.99,1,9/10/2026 10:06:28 AM,9/10/2026 10:18:28 AM,,,0
7011918,UL-002018,Toys item UL-002018,Toys,Active,Amazon,EMP-1005,39.99,1,9/10/2026 2:49:42 PM,9/10/2026 3:01:42 PM,,,0
7011919,UL-002019,Books item UL-002019,Books,Active,Amazon,EMP-1003,9.99,1,9/10/2026 11:04:42 AM,9/10/2026 11:16:42 AM,,,0
7011920,UL-002020,Home Decor item UL-002020,Home Decor,Active,ShopGoodwill,EMP-1006,39.99,1,9/10/2026 1:52:34 PM,9/10/2026 2:04:34 PM,,,0
7011921,UL-002021,Books item UL-002021,Books,Active,ShopGoodwill,EMP-1001,84.99,1,9/10/2026 1:13:58 PM,9/10/2026 1:25:58 PM,,,0
7011922,UL-002022,Books item UL-002022,Books,Active,ShopGoodwill,EMP-1006,30.99,1,9/10/2026 12:52:30 PM,9/10/2026 1:04:30 PM,,,0
7011923,UL-002023,Clothing item UL-002023,Clothing,Active,Mercari,EMP-1005,55.99,1,9/10/2026 10:19:03 AM,9/10/2026 10:31:03 AM,,,0
7011924,UL-002024,Books item UL-002024,Books,Active,ShopGoodwill,EMP-1001,44.99,1,9/10/2026 12:12:05 PM,9/10/2026 12:24:05 PM,,,0
7011925,UL-002025,Clothing item UL-002025,Clothing,Active,Amazon,EMP-1004,11.99,1,9/10/2026 2:07:57 PM,9/10/2026 2:19:57 PM,,,0
7011926,UL-002026,Clothing item UL-002026,Clothing,Active,Mercari,EMP-1006,13.99,1,9/10/2026 4:42:47 PM,9/10/2026 4:54:47 PM,,,0
7011927,UL-002027,Books item UL-002027,Books,Active,Mercari,EMP-1001,10.99,1,9/10/2026 1:55:49 PM,9/10/2026 2:07:49 PM,,,0
7011928,UL-002028,Books item UL-002028,Books,Active,Amazon,EMP-1005,124.99,1,9/10/2026 4:00:36 PM,9/10/2026 4:12:36 PM,,,0
7011929,UL-002029,Jewelry item UL-002029,Jewelry,Active,Amazon,EMP-1006,63.99,1,9/10/2026 11:56:20 AM,9/10/2026 12:08:20 PM,,,0
7011930,UL-002030,Home Decor item UL-002030,Home Decor,Active,ShopGoodwill,EMP-1006,89.99,1,9/11/2026 4:12:39 PM,9/11/2026 4:24:39 PM,,,0
7011931,UL-002031,Art item UL-002031,Art,Active,Amazon,EMP-1004,24.99,1,9/11/2026 10:46:15 AM,9/11/2026 10:58:15 AM,,,0
7011932,UL-002032,Clothing item UL-002032,Clothing,Active,ShopGoodwill,EMP-1002,46.99,1,9/11/2026 9:28:21 AM,9/11/2026 9:40:21 AM,,,0
7011933,UL-002033,Books item UL-002033,Books,Active,eBay,EMP-1003,25.99,1,9/11/2026 11:50:25 AM,9/11/2026 12:02:25 PM,,,0
7011934,UL-002034,Kitchen item UL-002034,Kitchen,Active,ShopGoodwill,EMP-1006,16.99,1,9/11/2026 8:54:47 AM,9/11/2026 9:06:47 AM,,,0
7011935,UL-002035,Home Decor item UL-002035,Home Decor,Active,eBay,EMP-1005,11.99,1,9/11/2026 10:45:27 AM,9/11/2026 10:57:27 AM,,,0
7011936,UL-002036,Books item UL-002036,Books,Active,Amazon,EMP-1005,52.99,1,9/11/2026 11:22:59 AM,9/11/2026 11:34:59 AM,,,0
7011937,UL-002037,Collectibles item UL-002037,Collectibles,Active,ShopGoodwill,EMP-1006,33.99,1,9/11/2026 8:41:34 AM,9/11/2026 8:53:34 AM,,,0
7011938,UL-002038,Toys item UL-002038,Toys,Active,Amazon,EMP-1005,67.99,1,9/11/2026 5:47:39 PM,9/11/2026 5:59:39 PM,,,0
7011939,UL-002039,Handbags item UL-002039,Handbags,Active,ShopGoodwill,EMP-1004,14.99,1,9/11/2026 2:39:42 PM,9/11/2026 2:51:42 PM,,,0
7011940,UL-002040,Handbags item UL-002040,Handbags,Active,ShopGoodwill,EMP-1005,11.99,1,9/11/2026 1:46:11 PM,9/11/2026 1:58:11 PM,,,0
7011941,UL-002041,Collectibles item UL-002041,Collectibles,Active,Amazon,EMP-1003,39.99,1,9/11/2026 1:54:24 PM,9/11/2026 2:06:24 PM,,,0
7011942,UL-002042,Collectibles item UL-002042,Collectibles,Active,eBay,EMP-1001,7.99,1,9/11/2026 1:21:01 PM,9/11/2026 1:33:01 PM,,,0
7011943,UL-002043,Books item UL-002043,Books,Active,eBay,EMP-1004,9.99,1,9/11/2026 12:40:06 PM,9/11/2026 12:52:06 PM,,,0
7011944,UL-002044,Media item UL-002044,Media,Active,Amazon,EMP-1004,25.99,1,9/11/2026 5:33:14 PM,9/11/2026 5:45:14 PM,,,0
7011945,UL-002045,Handbags item UL-002045,Handbags,Active,ShopGoodwill,EMP-1005,30.99,1,9/11/2026 1:27:56 PM,9/11/2026 1:39:56 PM,,,0
7011946,UL-002046,Home Decor item UL-002046,Home Decor,Active,Amazon,EMP-1003,29.99,1,9/11/2026 2:31:26 PM,9/11/2026 2:43:26 PM,,,0
7011947,UL-002047,Books item UL-002047,Books,Active,eBay,EMP-1006,17.99,1,9/11/2026 10:10:22 AM,9/11/2026 10:22:22 AM,,,0
7011948,UL-002048,Collectibles item UL-002048,Collectibles,Active,eBay,EMP-1001,22.99,1,9/11/2026 12:14:07 PM,9/11/2026 12:26:07 PM,,,0
7011949,UL-002049,Books item UL-002049,Books,Active,Mercari,EMP-1001,11.99,1,9/11/2026 5:14:59 PM,9/11/2026 5:26:59 PM,,,0
7011950,UL-002050,Media item UL-002050,Media,Active,ShopGoodwill,EMP-1001,27.99,1,9/11/2026 1:51:00 PM,9/11/2026 2:03:00 PM,,,0
7011951,UL-002051,Clothing item UL-002051,Clothing,Active,eBay,EMP-1003,52.99,1,9/11/2026 11:56:11 AM,9/11/2026 12:08:11 PM,,,0
7011952,UL-002052,Sporting Goods item UL-002052,Sporting Goods,Active,eBay,EMP-1006,32.99,1,9/11/2026 10:59:58 AM,9/11/2026 11:11:58 AM,,,0
7011953,UL-002053,Books item UL-002053,Books,Active,ShopGoodwill,EMP-1002,43.99,1,9/11/2026 10:00:04 AM,9/11/2026 10:12:04 AM,,,0
7011954,UL-002054,Electronics item UL-002054,Electronics,Active,eBay,EMP-1006,28.99,1,9/11/2026 2:02:12 PM,9/11/2026 2:14:12 PM,,,0
7011955,UL-002055,Books item UL-002055,Books,Active,Amazon,EMP-1004,74.99,1,9/11/2026 9:13:15 AM,9/11/2026 9:25:15 AM,,,0
7011956,UL-002056,Books item UL-002056,Books,Active,ShopGoodwill,EMP-1005,11.99,1,9/11/2026 12:30:18 PM,9/11/2026 12:42:18 PM,,,0
7011957,UL-002057,Kitchen item UL-002057,Kitchen,Active,Amazon,EMP-1006,41.99,1,9/11/2026 3:24:48 PM,9/11/2026 3:36:48 PM,,,0
7011958,UL-002058,Media item UL-002058,Media,Active,Mercari,EMP-1002,20.99,1,9/11/2026 2:46:30 PM,9/11/2026 2:58:30 PM,,,0
7011959,UL-002059,Clothing item UL-002059,Clothing,Active,ShopGoodwill,EMP-1004,13.99,1,9/11/2026 1:15:09 PM,9/11/2026 1:27:09 PM,,,0
7011960,UL-002060,Books item UL-002060,Books,Active,Amazon,EMP-1003,28.99,1,9/11/2026 4:51:58 PM,9/11/2026 5:03:58 PM,,,0
7011961,UL-002061,Clothing item UL-002061,Clothing,Active,Amazon,EMP-1006,30.99,1,9/11/2026 9:19:06 AM,9/11/2026 9:31:06 AM,,,0
7011962,UL-002062,Books item UL-002062,Books,Active,Amazon,EMP-1004,15.99,1,9/11/2026 3:36:59 PM,9/11/2026 3:48:59 PM,,,0
7011963,UL-002063,Books item UL-002063,Books,Active,ShopGoodwill,EMP-1004,19.99,1,9/11/2026 9:05:39 AM,9/11/2026 9:17:39 AM,,,0
7011964,UL-002064,Home Decor item UL-002064,Home Decor,Active,ShopGoodwill,EMP-1004,7.99,1,9/11/2026 11:12:54 AM,9/11/2026 11:24:54 AM,,,0
7011965,UL-002065,Books item UL-002065,Books,Active,Mercari,EMP-1004,25.99,1,9/11/2026 9:36:23 AM,9/11/2026 9:48:23 AM,,,0
7011966,UL-002066,Home Decor item UL-002066,Home Decor,Active,Amazon,EMP-1002,33.99,1,9/11/2026 3:50:24 PM,9/11/2026 4:02:24 PM,,,0
7011967,UL-002067,Books item UL-002067,Books,Active,ShopGoodwill,EMP-1006,77.99,1,9/11/2026 2:23:40 PM,9/11/2026 2:35:40 PM,,,0
7011968,UL-002068,Books item UL-002068,Books,Active,Mercari,EMP-1003,47.99,1,9/11/2026 11:57:44 AM,9/11/2026 12:09:44 PM,,,0
7011969,UL-002069,Clothing item UL-002069,Clothing,Active,ShopGoodwill,EMP-1002,30.99,1,9/11/2026 5:30:18 PM,9/11/2026 5:42:18 PM,,,0
7011970,UL-002070,Shoes item UL-002070,Shoes,Active,ShopGoodwill,EMP-1006,80.99,1,9/11/2026 1:31:43 PM,9/11/2026 1:43:43 PM,,,0
7011971,UL-002071,Collectibles item UL-002071,Collectibles,Active,ShopGoodwill,EMP-1003,14.99,1,9/12/2026 10:36:38 AM,9/12/2026 10:48:38 AM,,,0
7011972,UL-002072,Kitchen item UL-002072,Kitchen,Active,ShopGoodwill,EMP-1005,17.99,1,9/12/2026 2:26:15 PM,9/12/2026 2:38:15 PM,,,0
7011973,UL-002073,Clothing item UL-002073,Clothing,Active,ShopGoodwill,EMP-1004,34.99,1,9/12/2026 2:24:53 PM,9/12/2026 2:36:53 PM,,,0
7011974,UL-002074,Shoes item UL-002074,Shoes,Active,ShopGoodwill,EMP-1006,58.99,1,9/12/2026 3:19:51 PM,9/12/2026 3:31:51 PM,,,0
7011975,UL-002075,Books item UL-002075,Books,Active,Amazon,EMP-1005,20.99,1,9/12/2026 8:10:26 AM,9/12/2026 8:22:26 AM,,,0
7011976,UL-002076,Books item UL-002076,Books,Active,Amazon,EMP-1005,18.99,1,9/12/2026 5:04:09 PM,9/12/2026 5:16:09 PM,,,0
7011977,UL-002077,Collectibles item UL-002077,Collectibles,Active,Amazon,EMP-1004,15.99,1,9/12/2026 10:40:47 AM,9/12/2026 10:52:47 AM,,,0
7011978,UL-002078,Collectibles item UL-002078,Collectibles,Active,eBay,EMP-1004,16.99,1,9/12/2026 5:33:55 PM,9/12/2026 5:45:55 PM,,,0
7011979,UL-002079,Jewelry item UL-002079,Jewelry,Active,Amazon,EMP-1005,21.99,1,9/12/2026 12:02:36 PM,9/12/2026 12:14:36 PM,,,0
7011980,UL-002080,Shoes item UL-002080,Shoes,Active,Amazon,EMP-1003,35.99,1,9/12/2026 7:54:44 AM,9/12/2026 8:06:44 AM,,,0
7011981,UL-002081,Collectibles item UL-002081,Collectibles,Active,eBay,EMP-1004,17.99,1,9/12/2026 5:24:10 PM,9/12/2026 5:36:10 PM,,,0
7011982,UL-002082,Art item UL-002082,Art,Active,Mercari,EMP-1003,53.99,1,9/12/2026 12:14:04 PM,9/12/2026 12:26:04 PM,,,0
7011983,UL-002083,Media item UL-002083,Media,Active,ShopGoodwill,EMP-1002,39.99,1,9/12/2026 1:46:10 PM,9/12/2026 1:58:10 PM,,,0
7011984,UL-002084,Books item UL-002084,Books,Active,Amazon,EMP-1001,53.99,1,9/12/2026 1:43:54 PM,9/12/2026 1:55:54 PM,,,0
7011985,UL-002085,Home Decor item UL-002085,Home Decor,Active,ShopGoodwill,EMP-1004,13.99,1,9/12/2026 11:18:54 AM,9/12/2026 11:30:54 AM,,,0
7011986,UL-002086,Watches item UL-002086,Watches,Active,ShopGoodwill,EMP-1001,24.99,1,9/12/2026 10:13:01 AM,9/12/2026 10:25:01 AM,,,0
7011987,UL-002087,Handbags item UL-002087,Handbags,Active,ShopGoodwill,EMP-1005,11.99,1,9/12/2026 11:30:54 AM,9/12/2026 11:42:54 AM,,,0
7011988,UL-002088,Clothing item UL-002088,Clothing,Active,Mercari,EMP-1004,27.99,1,9/12/2026 2:09:50 PM,9/12/2026 2:21:50 PM,,,0
7011989,UL-002089,Electronics item UL-002089,Electronics,Active,Amazon,EMP-1005,39.99,1,9/12/2026 9:08:26 AM,9/12/2026 9:20:26 AM,,,0
7011990,UL-002090,Sporting Goods item UL-002090,Sporting Goods,Active,ShopGoodwill,EMP-1006,30.99,1,9/12/2026 9:42:59 AM,9/12/2026 9:54:59 AM,,,0
7011991,UL-002091,Collectibles item UL-002091,Collectibles,Active,Amazon,EMP-1004,37.99,1,9/12/2026 1:31:37 PM,9/12/2026 1:43:37 PM,,,0
7011992,UL-002092,Books item UL-002092,Books,Active,ShopGoodwill,EMP-1003,29.99,1,9/12/2026 5:02:37 PM,9/12/2026 5:14:37 PM,,,0
7011993,UL-002093,Electronics item UL-002093,Electronics,Active,Amazon,EMP-1001,24.99,1,9/12/2026 10:13:54 AM,9/12/2026 10:25:54 AM,,,0
7011994,UL-002094,Media item UL-002094,Media,Active,Amazon,EMP-1004,46.99,1,9/12/2026 2:08:27 PM,9/12/2026 2:20:27 PM,,,0
7011995,UL-002095,Media item UL-002095,Media,Active,ShopGoodwill,EMP-1004,15.99,1,9/12/2026 4:34:18 PM,9/12/2026 4:46:18 PM,,,0
7011996,UL-002096,Kitchen item UL-002096,Kitchen,Active,Amazon,EMP-1006,12.99,1,9/12/2026 2:56:50 PM,9/12/2026 3:08:50 PM,,,0
7011997,UL-002097,Art item UL-002097,Art,Active,eBay,EMP-1002,27.99,1,9/12/2026 3:55:11 PM,9/12/2026 4:07:11 PM,,,0
7011998,UL-002098,Collectibles item UL-002098,Collectibles,Active,ShopGoodwill,EMP-1001,16.99,1,9/12/2026 1:16:15 PM,9/12/2026 1:28:15 PM,,,0
7011999,UL-002099,Electronics item UL-002099,Electronics,Active,ShopGoodwill,EMP-1004,19.99,1,9/12/2026 1:30:26 PM,9/12/2026 1:42:26 PM,,,0
7012000,UL-002100,Jewelry item UL-002100,Jewelry,Active,eBay,EMP-1005,33.99,1,9/12/2026 8:57:19 AM,9/12/2026 9:09:19 AM,,,0
7012001,UL-002101,Home Decor item UL-002101,Home Decor,Active,ShopGoodwill,EMP-1005,7.99,1,9/12/2026 1:52:18 PM,9/12/2026 2:04:18 PM,,,0
7012002,UL-002102,Collectibles item UL-002102,Collectibles,Active,Amazon,EMP-1001,19.99,1,9/12/2026 12:35:34 PM,9/12/2026 12:47:34 PM,,,0
7012003,UL-002103,Shoes item UL-002103,Shoes,Active,Amazon,EMP-1006,9.99,1,9/12/2026 3:40:59 PM,9/12/2026 3:52:59 PM,,,0
7012004,UL-002104,Clothing item UL-002104,Clothing,Active,eBay,EMP-1002,43.99,1,9/12/2026 9:08:19 AM,9/12/2026 9:20:19 AM,,,0
7012005,UL-002105,Kitchen item UL-002105,Kitchen,Active,ShopGoodwill,EMP-1005,22.99,1,9/12/2026 11:15:22 AM,9/12/2026 11:27:22 AM,,,0
7012006,UL-002106,Electronics item UL-002106,Electronics,Active,Mercari,EMP-1003,14.99,1,9/12/2026 12:29:59 PM,9/12/2026 12:41:59 PM,,,0
7012007,UL-002107,Jewelry item UL-002107,Jewelry,Active,ShopGoodwill,EMP-1004,36.99,1,9/13/2026 8:18:47 AM,9/13/2026 8:30:47 AM,,,0
7012008,UL-002108,Clothing item UL-002108,Clothing,Active,Amazon,EMP-1006,25.99,1,9/13/2026 9:36:25 AM,9/13/2026 9:48:25 AM,,,0
7012009,UL-002109,Books item UL-002109,Books,Active,eBay,EMP-1002,50.99,1,9/13/2026 2:32:32 PM,9/13/2026 2:44:32 PM,,,0
7012010,UL-002110,Toys item UL-002110,Toys,Active,Mercari,EMP-1006,40.99,1,9/13/2026 9:23:58 AM,9/13/2026 9:35:58 AM,,,0
7012011,UL-002111,Collectibles item UL-002111,Collectibles,Active,ShopGoodwill,EMP-1006,65.99,1,9/13/2026 9:58:25 AM,9/13/2026 10:10:25 AM,,,0
7012012,UL-002112,Clothing item UL-002112,Clothing,Active,Amazon,EMP-1005,73.99,1,9/13/2026 1:51:28 PM,9/13/2026 2:03:28 PM,,,0
7012013,UL-002113,Clothing item UL-002113,Clothing,Active,Amazon,EMP-1002,12.99,1,9/13/2026 3:19:51 PM,9/13/2026 3:31:51 PM,,,0
7012014,UL-002114,Electronics item UL-002114,Electronics,Active,eBay,EMP-1001,17.99,1,9/13/2026 2:28:50 PM,9/13/2026 2:40:50 PM,,,0
7012015,UL-002115,Sporting Goods item UL-002115,Sporting Goods,Active,ShopGoodwill,EMP-1003,16.99,1,9/13/2026 4:40:01 PM,9/13/2026 4:52:01 PM,,,0
7012016,UL-002116,Books item UL-002116,Books,Active,ShopGoodwill,EMP-1002,17.99,1,9/13/2026 10:40:26 AM,9/13/2026 10:52:26 AM,,,0
7012017,UL-002117,Sporting Goods item UL-002117,Sporting Goods,Active,Amazon,EMP-1004,18.99,1,9/13/2026 2:18:52 PM,9/13/2026 2:30:52 PM,,,0
7012018,UL-002118,Books item UL-002118,Books,Active,ShopGoodwill,EMP-1003,22.99,1,9/13/2026 8:31:53 AM,9/13/2026 8:43:53 AM,,,0
7012019,UL-002119,Art item UL-002119,Art,Active,Amazon,EMP-1004,21.99,1,9/13/2026 1:13:13 PM,9/13/2026 1:25:13 PM,,,0
7012020,UL-002120,Books item UL-002120,Books,Active,ShopGoodwill,EMP-1006,17.99,1,9/13/2026 12:25:56 PM,9/13/2026 12:37:56 PM,,,0
7012021,UL-002121,Clothing item UL-002121,Clothing,Active,eBay,EMP-1004,16.99,1,9/13/2026 11:22:40 AM,9/13/2026 11:34:40 AM,,,0
7012022,UL-002122,Books item UL-002122,Books,Active,Amazon,EMP-1003,60.99,1,9/13/2026 3:15:47 PM,9/13/2026 3:27:47 PM,,,0
7012023,UL-002123,Collectibles item UL-002123,Collectibles,Active,ShopGoodwill,EMP-1004,27.99,1,9/13/2026 5:33:51 PM,9/13/2026 5:45:51 PM,,,0
7012024,UL-002124,Sporting Goods item UL-002124,Sporting Goods,Active,eBay,EMP-1003,37.99,1,9/13/2026 10:05:50 AM,9/13/2026 10:17:50 AM,,,0
7012025,UL-002125,Jewelry item UL-002125,Jewelry,Active,Mercari,EMP-1002,38.99,1,9/13/2026 4:52:36 PM,9/13/2026 5:04:36 PM,,,0
7012026,UL-002126,Books item UL-002126,Books,Active,Amazon,EMP-1002,38.99,1,9/13/2026 5:25:19 PM,9/13/2026 5:37:19 PM,,,0
7012027,UL-002127,Electronics item UL-002127,Electronics,Active,ShopGoodwill,EMP-1001,11.99,1,9/13/2026 12:17:31 PM,9/13/2026 12:29:31 PM,,,0
7012028,UL-002128,Books item UL-002128,Books,Active,Amazon,EMP-1002,7.99,1,9/13/2026 2:36:18 PM,9/13/2026 2:48:18 PM,,,0
7012029,UL-002129,Shoes item UL-002129,Shoes,Active,ShopGoodwill,EMP-1004,49.99,1,9/13/2026 11:26:22 AM,9/13/2026 11:38:22 AM,,,0
7012030,UL-002130,Jewelry item UL-002130,Jewelry,Active,ShopGoodwill,EMP-1003,45.99,1,9/13/2026 11:23:42 AM,9/13/2026 11:35:42 AM,,,0
7012031,UL-002131,Books item UL-002131,Books,Active,Amazon,EMP-1004,26.99,1,9/13/2026 10:13:57 AM,9/13/2026 10:25:57 AM,,,0
7012032,UL-002132,Electronics item UL-002132,Electronics,Active,ShopGoodwill,EMP-1006,61.99,1,9/13/2026 11:18:11 AM,9/13/2026 11:30:11 AM,,,0
7012033,UL-002133,Books item UL-002133,Books,Active,ShopGoodwill,EMP-1003,20.99,1,9/13/2026 3:41:04 PM,9/13/2026 3:53:04 PM,,,0
7012034,UL-002134,Electronics item UL-002134,Electronics,Active,ShopGoodwill,EMP-1005,23.99,1,9/13/2026 3:09:15 PM,9/13/2026 3:21:15 PM,,,0
7012035,UL-002135,Sporting Goods item UL-002135,Sporting Goods,Active,eBay,EMP-1002,16.99,1,9/13/2026 9:42:12 AM,9/13/2026 9:54:12 AM,,,0
7012036,UL-002136,Books item UL-002136,Books,Active,ShopGoodwill,EMP-1004,25.99,1,9/13/2026 10:42:28 AM,9/13/2026 10:54:28 AM,,,0
7012037,UL-002137,Collectibles item UL-002137,Collectibles,Active,eBay,EMP-1001,48.99,1,9/13/2026 9:27:11 AM,9/13/2026 9:39:11 AM,,,0
7012038,UL-002138,Books item UL-002138,Books,Active,ShopGoodwill,EMP-1004,22.99,1,9/13/2026 9:02:37 AM,9/13/2026 9:14:37 AM,,,0
7012039,UL-002139,Books item UL-002139,Books,Active,eBay,EMP-1003,20.99,1,9/13/2026 11:41:49 AM,9/13/2026 11:53:49 AM,,,0
7012040,UL-002140,Clothing item UL-002140,Clothing,Active,Amazon,EMP-1005,16.99,1,9/13/2026 3:52:29 PM,9/13/2026 4:04:29 PM,,,0
7012041,UL-002141,Shoes item UL-002141,Shoes,Active,Mercari,EMP-1003,13.99,1,9/13/2026 1:20:53 PM,9/13/2026 1:32:53 PM,,,0
7012042,UL-002142,Books item UL-002142,Books,Active,eBay,EMP-1002,21.99,1,9/13/2026 1:10:55 PM,9/13/2026 1:22:55 PM,,,0
7012043,UL-002143,Books item UL-002143,Books,Active,Amazon,EMP-1002,46.99,1,9/13/2026 5:08:59 PM,9/13/2026 5:20:59 PM,,,0
7012044,UL-002144,Books item UL-002144,Books,Active,eBay,EMP-1006,80.99,1,9/13/2026 11:54:44 AM,9/13/2026 12:06:44 PM,,,0
7012045,UL-002145,Clothing item UL-002145,Clothing,Active,ShopGoodwill,EMP-1002,16.99,1,9/13/2026 7:51:52 AM,9/13/2026 8:03:52 AM,,,0
7012046,UL-002146,Collectibles item UL-002146,Collectibles,Active,Mercari,EMP-1005,12.99,1,9/13/2026 5:06:58 PM,9/13/2026 5:18:58 PM,,,0
7012047,UL-002147,Media item UL-002147,Media,Active,Amazon,EMP-1004,28.99,1,9/13/2026 11:39:47 AM,9/13/2026 11:51:47 AM,,,0
7012048,UL-002148,Jewelry item UL-002148,Jewelry,Active,ShopGoodwill,EMP-1004,24.99,1,9/13/2026 9:49:24 AM,9/13/2026 10:01:24 AM,,,0
7012049,UL-002149,Collectibles item UL-002149,Collectibles,Active,Amazon,EMP-1006,29.99,1,9/13/2026 12:16:48 PM,9/13/2026 12:28:48 PM,,,0
7012050,UL-002150,Books item UL-002150,Books,Active,eBay,EMP-1001,16.99,1,9/13/2026 8:58:14 AM,9/13/2026 9:10:14 AM,,,0
7012051,UL-002151,Books item UL-002151,Books,Active,Amazon,EMP-1001,16.99,1,9/13/2026 9:38:59 AM,9/13/2026 9:50:59 AM,,,0
7012052,UL-002152,Toys item UL-002152,Toys,Active,Amazon,EMP-1002,8.99,1,9/13/2026 9:39:05 AM,9/13/2026 9:51:05 AM,,,0
7012053,UL-002153,Books item UL-002153,Books,Active,eBay,EMP-1006,27.99,1,9/13/2026 5:15:03 PM,9/13/2026 5:27:03 PM,,,0
7012054,UL-002154,Collectibles item UL-002154,Collectibles,Active,ShopGoodwill,EMP-1004,9.99,1,9/13/2026 10:18:50 AM,9/13/2026 10:30:50 AM,,,0
7012055,UL-002155,Books item UL-002155,Books,Active,ShopGoodwill,EMP-1006,34.99,1,9/13/2026 4:27:41 PM,9/13/2026 4:39:41 PM,,,0
7012056,UL-002156,Electronics item UL-002156,Electronics,Active,ShopGoodwill,EMP-1003,23.99,1,9/13/2026 1:21:01 PM,9/13/2026 1:33:01 PM,,,0
7012057,UL-002157,Clothing item UL-002157,Clothing,Active,ShopGoodwill,EMP-1004,17.99,1,9/14/2026 9:50:45 AM,9/14/2026 10:02:45 AM,,,0
7012058,UL-002158,Books item UL-002158,Books,Active,ShopGoodwill,EMP-1002,9.99,1,9/14/2026 11:16:26 AM,9/14/2026 11:28:26 AM,,,0
7012059,UL-002159,Sporting Goods item UL-002159,Sporting Goods,Active,ShopGoodwill,EMP-1001,20.99,1,9/14/2026 2:48:21 PM,9/14/2026 3:00:21 PM,,,0
7012060,UL-002160,Jewelry item UL-002160,Jewelry,Active,ShopGoodwill,EMP-1005,52.99,1,9/14/2026 3:57:41 PM,9/14/2026 4:09:41 PM,,,0
7012061,UL-002161,Books item UL-002161,Books,Active,eBay,EMP-1004,31.99,1,9/14/2026 5:41:20 PM,9/14/2026 5:53:20 PM,,,0
7012062,UL-002162,Clothing item UL-002162,Clothing,Active,Amazon,EMP-1005,20.99,1,9/14/2026 12:51:48 PM,9/14/2026 1:03:48 PM,,,0
7012063,UL-002163,Clothing item UL-002163,Clothing,Active,ShopGoodwill,EMP-1006,29.99,1,9/14/2026 9:02:09 AM,9/14/2026 9:14:09 AM,,,0
7012064,UL-002164,Media item UL-002164,Media,Active,ShopGoodwill,EMP-1003,20.99,1,9/14/2026 8:43:36 AM,9/14/2026 8:55:36 AM,,,0
7012065,UL-002165,Sporting Goods item UL-002165,Sporting Goods,Active,Amazon,EMP-1002,31.99,1,9/14/2026 3:19:12 PM,9/14/2026 3:31:12 PM,,,0
7012066,UL-002166,Kitchen item UL-002166,Kitchen,Active,Amazon,EMP-1005,49.99,1,9/14/2026 5:10:45 PM,9/14/2026 5:22:45 PM,,,0
7012067,UL-002167,Electronics item UL-002167,Electronics,Active,ShopGoodwill,EMP-1002,33.99,1,9/14/2026 5:15:10 PM,9/14/2026 5:27:10 PM,,,0
7012068,UL-002168,Media item UL-002168,Media,Active,Amazon,EMP-1002,44.99,1,9/14/2026 3:12:13 PM,9/14/2026 3:24:13 PM,,,0
7012069,UL-002169,Collectibles item UL-002169,Collectibles,Active,eBay,EMP-1006,29.99,1,9/14/2026 3:46:23 PM,9/14/2026 3:58:23 PM,,,0
7012070,UL-002170,Media item UL-002170,Media,Active,ShopGoodwill,EMP-1003,28.99,1,9/14/2026 4:11:47 PM,9/14/2026 4:23:47 PM,,,0
7012071,UL-002171,Jewelry item UL-002171,Jewelry,Active,ShopGoodwill,EMP-1005,66.99,1,9/14/2026 8:26:15 AM,9/14/2026 8:38:15 AM,,,0
7012072,UL-002172,Clothing item UL-002172,Clothing,Active,ShopGoodwill,EMP-1005,50.99,1,9/14/2026 9:55:32 AM,9/14/2026 10:07:32 AM,,,0
7012073,UL-002173,Media item UL-002173,Media,Active,ShopGoodwill,EMP-1002,19.99,1,9/14/2026 8:54:48 AM,9/14/2026 9:06:48 AM,,,0
7012074,UL-002174,Handbags item UL-002174,Handbags,Active,eBay,EMP-1006,7.99,1,9/14/2026 10:46:35 AM,9/14/2026 10:58:35 AM,,,0
7012075,UL-002175,Kitchen item UL-002175,Kitchen,Active,eBay,EMP-1001,18.99,1,9/14/2026 8:14:50 AM,9/14/2026 8:26:50 AM,,,0
7012076,UL-002176,Media item UL-002176,Media,Active,Amazon,EMP-1002,20.99,1,9/14/2026 7:48:33 AM,9/14/2026 8:00:33 AM,,,0
7012077,UL-002177,Clothing item UL-002177,Clothing,Active,ShopGoodwill,EMP-1006,21.99,1,9/14/2026 3:30:55 PM,9/14/2026 3:42:55 PM,,,0
7012078,UL-002178,Books item UL-002178,Books,Active,Amazon,EMP-1006,33.99,1,9/14/2026 7:54:53 AM,9/14/2026 8:06:53 AM,,,0
7012079,UL-002179,Toys item UL-002179,Toys,Active,Amazon,EMP-1003,23.99,1,9/14/2026 10:50:55 AM,9/14/2026 11:02:55 AM,,,0
7012080,UL-002180,Books item UL-002180,Books,Active,eBay,EMP-1004,62.99,1,9/14/2026 8:46:50 AM,9/14/2026 8:58:50 AM,,,0
7012081,UL-002181,Sporting Goods item UL-002181,Sporting Goods,Active,ShopGoodwill,EMP-1002,12.99,1,9/14/2026 8:38:18 AM,9/14/2026 8:50:18 AM,,,0
7012082,UL-002182,Clothing item UL-002182,Clothing,Active,ShopGoodwill,EMP-1006,5.99,1,9/14/2026 11:58:01 AM,9/14/2026 12:10:01 PM,,,0
7012083,UL-002183,Clothing item UL-002183,Clothing,Active,ShopGoodwill,EMP-1001,39.99,1,9/14/2026 8:37:40 AM,9/14/2026 8:49:40 AM,,,0
7012084,UL-002184,Clothing item UL-002184,Clothing,Active,ShopGoodwill,EMP-1001,15.99,1,9/14/2026 2:28:32 PM,9/14/2026 2:40:32 PM,,,0
7012085,UL-002185,Electronics item UL-002185,Electronics,Active,ShopGoodwill,EMP-1006,25.99,1,9/14/2026 3:29:31 PM,9/14/2026 3:41:31 PM,,,0
7012086,UL-002186,Jewelry item UL-002186,Jewelry,Active,Amazon,EMP-1005,127.99,1,9/14/2026 11:55:13 AM,9/14/2026 12:07:13 PM,,,0
7012087,UL-002187,Home Decor item UL-002187,Home Decor,Active,ShopGoodwill,EMP-1004,23.99,1,9/14/2026 10:02:38 AM,9/14/2026 10:14:38 AM,,,0
7012088,UL-002188,Clothing item UL-002188,Clothing,Active,eBay,EMP-1003,44.99,1,9/14/2026 8:48:06 AM,9/14/2026 9:00:06 AM,,,0
7012089,UL-002189,Media item UL-002189,Media,Active,ShopGoodwill,EMP-1006,27.99,1,9/14/2026 12:51:41 PM,9/14/2026 1:03:41 PM,,,0
7012090,UL-002190,Clothing item UL-002190,Clothing,Active,eBay,EMP-1004,89.99,1,9/14/2026 1:13:45 PM,9/14/2026 1:25:45 PM,,,0
7012091,UL-002191,Clothing item UL-002191,Clothing,Active,ShopGoodwill,EMP-1002,37.99,1,9/14/2026 1:02:07 PM,9/14/2026 1:14:07 PM,,,0
7012092,UL-002192,Books item UL-002192,Books,Active,ShopGoodwill,EMP-1002,83.99,1,9/14/2026 10:03:54 AM,9/14/2026 10:15:54 AM,,,0
7012093,UL-002193,Jewelry item UL-002193,Jewelry,Active,ShopGoodwill,EMP-1003,17.99,1,9/14/2026 10:29:17 AM,9/14/2026 10:41:17 AM,,,0
7012094,UL-002194,Handbags item UL-002194,Handbags,Active,eBay,EMP-1003,36.99,1,9/14/2026 10:01:08 AM,9/14/2026 10:13:08 AM,,,0
7012095,UL-002195,Home Decor item UL-002195,Home Decor,Active,ShopGoodwill,EMP-1002,8.99,1,9/14/2026 1:19:51 PM,9/14/2026 1:31:51 PM,,,0
7012096,UL-002196,Books item UL-002196,Books,Active,ShopGoodwill,EMP-1003,8.99,1,9/14/2026 4:40:16 PM,9/14/2026 4:52:16 PM,,,0
7012097,UL-002197,Books item UL-002197,Books,Active,Amazon,EMP-1001,39.99,1,9/14/2026 5:12:56 PM,9/14/2026 5:24:56 PM,,,0
7012098,UL-002198,Art item UL-002198,Art,Active,Amazon,EMP-1005,16.99,1,9/14/2026 2:06:27 PM,9/14/2026 2:18:27 PM,,,0
7012099,UL-002199,Home Decor item UL-002199,Home Decor,Active,Mercari,EMP-1004,38.99,1,9/14/2026 10:20:28 AM,9/14/2026 10:32:28 AM,,,0
7012100,UL-002200,Books item UL-002200,Books,Active,Amazon,EMP-1001,27.99,1,9/14/2026 1:35:48 PM,9/14/2026 1:47:48 PM,,,0
7012101,UL-002201,Media item UL-002201,Media,Active,Amazon,EMP-1005,28.99,1,9/14/2026 5:18:08 PM,9/14/2026 5:30:08 PM,,,0
7012102,UL-002202,Jewelry item UL-002202,Jewelry,Active,eBay,EMP-1005,59.99,1,9/14/2026 9:40:22 AM,9/14/2026 9:52:22 AM,,,0
7012103,UL-002203,Handbags item UL-002203,Handbags,Active,Mercari,EMP-1003,16.99,1,9/14/2026 1:59:26 PM,9/14/2026 2:11:26 PM,,,0
7012104,UL-002204,Home Decor item UL-002204,Home Decor,Active,Amazon,EMP-1006,21.99,1,9/14/2026 10:24:00 AM,9/14/2026 10:36:00 AM,,,0
7012105,UL-002205,Books item UL-002205,Books,Active,ShopGoodwill,EMP-1002,23.99,1,9/14/2026 7:58:17 AM,9/14/2026 8:10:17 AM,,,0
7012106,UL-002206,Collectibles item UL-002206,Collectibles,Active,eBay,EMP-1005,28.99,1,9/14/2026 2:09:25 PM,9/14/2026 2:21:25 PM,,,0
7012107,UL-002207,Books item UL-002207,Books,Active,Mercari,EMP-1003,26.99,1,9/14/2026 11:38:04 AM,9/14/2026 11:50:04 AM,,,0
7012108,UL-002208,Jewelry item UL-002208,Jewelry,Active,ShopGoodwill,EMP-1004,27.99,1,9/14/2026 9:57:20 AM,9/14/2026 10:09:20 AM,,,0
7012109,UL-002209,Home Decor item UL-002209,Home Decor,Active,ShopGoodwill,EMP-1006,57.99,1,9/14/2026 11:03:17 AM,9/14/2026 11:15:17 AM,,,0
7012110,UL-002210,Home Decor item UL-002210,Home Decor,Active,ShopGoodwill,EMP-1001,6.99,1,9/14/2026 2:15:56 PM,9/14/2026 2:27:56 PM,,,0
7012111,UL-002211,Clothing item UL-002211,Clothing,Active,Amazon,EMP-1002,23.99,1,9/14/2026 9:43:41 AM,9/14/2026 9:55:41 AM,,,0
7012112,UL-002212,Electronics item UL-002212,Electronics,Active,Amazon,EMP-1005,42.99,1,9/15/2026 11:56:49 AM,9/15/2026 12:08:49 PM,,,0
7012113,UL-002213,Watches item UL-002213,Watches,Active,Mercari,EMP-1005,12.99,1,9/15/2026 9:02:52 AM,9/15/2026 9:14:52 AM,,,0
7012114,UL-002214,Jewelry item UL-002214,Jewelry,Active,eBay,EMP-1002,29.99,1,9/15/2026 10:25:31 AM,9/15/2026 10:37:31 AM,,,0
7012115,UL-002215,Toys item UL-002215,Toys,Active,Amazon,EMP-1004,30.99,1,9/15/2026 2:57:48 PM,9/15/2026 3:09:48 PM,,,0
7012116,UL-002216,Clothing item UL-002216,Clothing,Active,ShopGoodwill,EMP-1006,34.99,1,9/15/2026 11:21:59 AM,9/15/2026 11:33:59 AM,,,0
7012117,UL-002217,Home Decor item UL-002217,Home Decor,Active,Mercari,EMP-1001,35.99,1,9/15/2026 3:24:42 PM,9/15/2026 3:36:42 PM,,,0
7012118,UL-002218,Handbags item UL-002218,Handbags,Active,Amazon,EMP-1001,29.99,1,9/15/2026 3:12:49 PM,9/15/2026 3:24:49 PM,,,0
7012119,UL-002219,Media item UL-002219,Media,Active,eBay,EMP-1002,40.99,1,9/15/2026 9:29:09 AM,9/15/2026 9:41:09 AM,,,0
7012120,UL-002220,Jewelry item UL-002220,Jewelry,Active,ShopGoodwill,EMP-1005,21.99,1,9/15/2026 11:05:25 AM,9/15/2026 11:17:25 AM,,,0
7012121,UL-002221,Handbags item UL-002221,Handbags,Active,Mercari,EMP-1006,65.99,1,9/15/2026 10:35:35 AM,9/15/2026 10:47:35 AM,,,0
7012122,UL-002222,Jewelry item UL-002222,Jewelry,Active,ShopGoodwill,EMP-1002,10.99,1,9/15/2026 11:39:59 AM,9/15/2026 11:51:59 AM,,,0
7012123,UL-002223,Toys item UL-002223,Toys,Active,Amazon,EMP-1003,31.99,1,9/15/2026 9:33:32 AM,9/15/2026 9:45:32 AM,,,0
7012124,UL-002224,Books item UL-002224,Books,Active,eBay,EMP-1001,16.99,1,9/15/2026 4:09:18 PM,9/15/2026 4:21:18 PM,,,0
7012125,UL-002225,Clothing item UL-002225,Clothing,Active,Amazon,EMP-1002,13.99,1,9/15/2026 2:41:12 PM,9/15/2026 2:53:12 PM,,,0
7012126,UL-002226,Books item UL-002226,Books,Active,ShopGoodwill,EMP-1003,40.99,1,9/15/2026 4:57:41 PM,9/15/2026 5:09:41 PM,,,0
7012127,UL-002227,Shoes item UL-002227,Shoes,Active,ShopGoodwill,EMP-1002,13.99,1,9/15/2026 10:04:49 AM,9/15/2026 10:16:49 AM,,,0
7012128,UL-002228,Books item UL-002228,Books,Active,ShopGoodwill,EMP-1006,35.99,1,9/15/2026 12:43:37 PM,9/15/2026 12:55:37 PM,,,0
7012129,UL-002229,Electronics item UL-002229,Electronics,Active,Mercari,EMP-1006,59.99,1,9/15/2026 2:57:42 PM,9/15/2026 3:09:42 PM,,,0
7012130,UL-002230,Jewelry item UL-002230,Jewelry,Active,eBay,EMP-1003,10.99,1,9/15/2026 11:51:22 AM,9/15/2026 12:03:22 PM,,,0
7012131,UL-002231,Clothing item UL-002231,Clothing,Active,Amazon,EMP-1002,46.99,1,9/15/2026 7:55:29 AM,9/15/2026 8:07:29 AM,,,0
7012132,UL-002232,Books item UL-002232,Books,Active,eBay,EMP-1006,21.99,1,9/15/2026 11:20:26 AM,9/15/2026 11:32:26 AM,,,0
7012133,UL-002233,Clothing item UL-002233,Clothing,Active,ShopGoodwill,EMP-1005,96.99,1,9/15/2026 4:40:25 PM,9/15/2026 4:52:25 PM,,,0
7012134,UL-002234,Books item UL-002234,Books,Active,ShopGoodwill,EMP-1006,31.99,1,9/15/2026 2:37:43 PM,9/15/2026 2:49:43 PM,,,0
7012135,UL-002235,Clothing item UL-002235,Clothing,Active,ShopGoodwill,EMP-1003,32.99,1,9/15/2026 1:37:37 PM,9/15/2026 1:49:37 PM,,,0
7012136,UL-002236,Home Decor item UL-002236,Home Decor,Active,Amazon,EMP-1004,23.99,1,9/15/2026 8:20:16 AM,9/15/2026 8:32:16 AM,,,0
7012137,UL-002237,Home Decor item UL-002237,Home Decor,Active,Mercari,EMP-1005,14.99,1,9/15/2026 8:53:37 AM,9/15/2026 9:05:37 AM,,,0
7012138,UL-002238,Collectibles item UL-002238,Collectibles,Active,Amazon,EMP-1005,26.99,1,9/15/2026 9:42:41 AM,9/15/2026 9:54:41 AM,,,0
7012139,UL-002239,Toys item UL-002239,Toys,Active,ShopGoodwill,EMP-1002,15.99,1,9/15/2026 4:32:04 PM,9/15/2026 4:44:04 PM,,,0
7012140,UL-002240,Collectibles item UL-002240,Collectibles,Active,ShopGoodwill,EMP-1004,23.99,1,9/15/2026 2:14:34 PM,9/15/2026 2:26:34 PM,,,0
7012141,UL-002241,Kitchen item UL-002241,Kitchen,Active,eBay,EMP-1005,14.99,1,9/15/2026 1:22:59 PM,9/15/2026 1:34:59 PM,,,0
7012142,UL-002242,Electronics item UL-002242,Electronics,Active,eBay,EMP-1005,25.99,1,9/15/2026 3:58:29 PM,9/15/2026 4:10:29 PM,,,0
7012143,UL-002243,Art item UL-002243,Art,Active,ShopGoodwill,EMP-1002,37.99,1,9/15/2026 8:28:59 AM,9/15/2026 8:40:59 AM,,,0
7012144,UL-002244,Clothing item UL-002244,Clothing,Active,ShopGoodwill,EMP-1003,34.99,1,9/15/2026 2:39:32 PM,9/15/2026 2:51:32 PM,,,0
7012145,UL-002245,Home Decor item UL-002245,Home Decor,Active,Mercari,EMP-1002,18.99,1,9/15/2026 3:25:56 PM,9/15/2026 3:37:56 PM,,,0
7012146,UL-002246,Toys item UL-002246,Toys,Active,Amazon,EMP-1003,51.99,1,9/15/2026 10:49:24 AM,9/15/2026 11:01:24 AM,,,0
7012147,UL-002247,Jewelry item UL-002247,Jewelry,Active,Amazon,EMP-1001,18.99,1,9/15/2026 5:28:07 PM,9/15/2026 5:40:07 PM,,,0
7012148,UL-002248,Jewelry item UL-002248,Jewelry,Active,Amazon,EMP-1005,19.99,1,9/15/2026 11:46:14 AM,9/15/2026 11:58:14 AM,,,0
7012149,UL-002249,Books item UL-002249,Books,Active,Amazon,EMP-1005,37.99,1,9/15/2026 8:07:17 AM,9/15/2026 8:19:17 AM,,,0
7012150,UL-002250,Books item UL-002250,Books,Active,ShopGoodwill,EMP-1006,11.99,1,9/15/2026 9:23:54 AM,9/15/2026 9:35:54 AM,,,0
7012151,UL-002251,Home Decor item UL-002251,Home Decor,Active,Amazon,EMP-1006,15.99,1,9/15/2026 1:20:43 PM,9/15/2026 1:32:43 PM,,,0
7012152,UL-002252,Books item UL-002252,Books,Active,eBay,EMP-1001,41.99,1,9/15/2026 3:40:57 PM,9/15/2026 3:52:57 PM,,,0
7012153,UL-002253,Clothing item UL-002253,Clothing,Active,ShopGoodwill,EMP-1005,24.99,1,9/15/2026 12:13:48 PM,9/15/2026 12:25:48 PM,,,0
7012154,UL-002254,Kitchen item UL-002254,Kitchen,Active,Amazon,EMP-1005,39.99,1,9/15/2026 1:47:56 PM,9/15/2026 1:59:56 PM,,,0
7012155,UL-002255,Electronics item UL-002255,Electronics,Active,Amazon,EMP-1006,34.99,1,9/15/2026 11:24:52 AM,9/15/2026 11:36:52 AM,,,0
7012156,UL-002256,Handbags item UL-002256,Handbags,Active,ShopGoodwill,EMP-1003,27.99,1,9/15/2026 3:23:13 PM,9/15/2026 3:35:13 PM,,,0
7012157,UL-002257,Shoes item UL-002257,Shoes,Active,eBay,EMP-1001,96.99,1,9/15/2026 9:39:39 AM,9/15/2026 9:51:39 AM,,,0
7012158,UL-002258,Media item UL-002258,Media,Active,ShopGoodwill,EMP-1002,51.99,1,9/15/2026 11:12:03 AM,9/15/2026 11:24:03 AM,,,0
7012159,UL-002259,Electronics item UL-002259,Electronics,Active,ShopGoodwill,EMP-1006,50.99,1,9/15/2026 10:46:30 AM,9/15/2026 10:58:30 AM,,,0
7012160,UL-002260,Collectibles item UL-002260,Collectibles,Active,Mercari,EMP-1002,20.99,1,9/15/2026 8:35:21 AM,9/15/2026 8:47:21 AM,,,0
7012161,UL-002261,Books item UL-002261,Books,Active,eBay,EMP-1001,16.99,1,9/15/2026 1:21:37 PM,9/15/2026 1:33:37 PM,,,0
7012162,UL-002262,Clothing item UL-002262,Clothing,Active,Amazon,EMP-1002,22.99,1,9/15/2026 1:02:28 PM,9/15/2026 1:14:28 PM,,,0
7012163,UL-002263,Collectibles item UL-002263,Collectibles,Active,ShopGoodwill,EMP-1001,6.99,1,9/15/2026 3:01:45 PM,9/15/2026 3:13:45 PM,,,0
7012164,UL-002264,Handbags item UL-002264,Handbags,Active,ShopGoodwill,EMP-1004,25.99,1,9/15/2026 11:19:32 AM,9/15/2026 11:31:32 AM,,,0
7012165,UL-002265,Handbags item UL-002265,Handbags,Active,Amazon,EMP-1004,11.99,1,9/15/2026 1:42:29 PM,9/15/2026 1:54:29 PM,,,0
7012166,UL-002266,Kitchen item UL-002266,Kitchen,Active,ShopGoodwill,EMP-1004,25.99,1,9/16/2026 1:00:12 PM,9/16/2026 1:12:12 PM,,,0
7012167,UL-002267,Books item UL-002267,Books,Active,ShopGoodwill,EMP-1002,52.99,1,9/16/2026 9:14:32 AM,9/16/2026 9:26:32 AM,,,0
7012168,UL-002268,Electronics item UL-002268,Electronics,Active,ShopGoodwill,EMP-1003,19.99,1,9/16/2026 10:43:27 AM,9/16/2026 10:55:27 AM,,,0
7012169,UL-002269,Collectibles item UL-002269,Collectibles,Active,ShopGoodwill,EMP-1005,37.99,1,9/16/2026 11:48:36 AM,9/16/2026 12:00:36 PM,,,0
7012170,UL-002270,Art item UL-002270,Art,Active,ShopGoodwill,EMP-1002,18.99,1,9/16/2026 5:14:01 PM,9/16/2026 5:26:01 PM,,,0
7012171,UL-002271,Electronics item UL-002271,Electronics,Active,Amazon,EMP-1006,18.99,1,9/16/2026 12:53:15 PM,9/16/2026 1:05:15 PM,,,0
7012172,UL-002272,Media item UL-002272,Media,Active,ShopGoodwill,EMP-1005,25.99,1,9/16/2026 2:36:06 PM,9/16/2026 2:48:06 PM,,,0
7012173,UL-002273,Jewelry item UL-002273,Jewelry,Active,Mercari,EMP-1003,23.99,1,9/16/2026 12:47:39 PM,9/16/2026 12:59:39 PM,,,0
7012174,UL-002274,Clothing item UL-002274,Clothing,Active,ShopGoodwill,EMP-1006,11.99,1,9/16/2026 8:07:55 AM,9/16/2026 8:19:55 AM,,,0
7012175,UL-002275,Sporting Goods item UL-002275,Sporting Goods,Active,ShopGoodwill,EMP-1005,8.99,1,9/16/2026 4:14:32 PM,9/16/2026 4:26:32 PM,,,0
7012176,UL-002276,Media item UL-002276,Media,Active,Amazon,EMP-1001,37.99,1,9/16/2026 11:04:39 AM,9/16/2026 11:16:39 AM,,,0
7012177,UL-002277,Books item UL-002277,Books,Active,ShopGoodwill,EMP-1002,21.99,1,9/16/2026 3:15:40 PM,9/16/2026 3:27:40 PM,,,0
7012178,UL-002278,Books item UL-002278,Books,Active,ShopGoodwill,EMP-1003,15.99,1,9/16/2026 2:31:31 PM,9/16/2026 2:43:31 PM,,,0
7012179,UL-002279,Media item UL-002279,Media,Active,eBay,EMP-1006,51.99,1,9/16/2026 11:12:19 AM,9/16/2026 11:24:19 AM,,,0
7012180,UL-002280,Books item UL-002280,Books,Active,Amazon,EMP-1003,41.99,1,9/16/2026 11:40:16 AM,9/16/2026 11:52:16 AM,,,0
7012181,UL-002281,Books item UL-002281,Books,Active,Amazon,EMP-1006,28.99,1,9/16/2026 8:43:19 AM,9/16/2026 8:55:19 AM,,,0
7012182,UL-002282,Collectibles item UL-002282,Collectibles,Active,Mercari,EMP-1006,17.99,1,9/16/2026 12:16:50 PM,9/16/2026 12:28:50 PM,,,0
7012183,UL-002283,Clothing item UL-002283,Clothing,Active,Mercari,EMP-1005,15.99,1,9/16/2026 3:44:32 PM,9/16/2026 3:56:32 PM,,,0
7012184,UL-002284,Collectibles item UL-002284,Collectibles,Active,eBay,EMP-1004,50.99,1,9/16/2026 11:29:10 AM,9/16/2026 11:41:10 AM,,,0
7012185,UL-002285,Clothing item UL-002285,Clothing,Active,Amazon,EMP-1003,14.99,1,9/16/2026 2:55:09 PM,9/16/2026 3:07:09 PM,,,0
7012186,UL-002286,Clothing item UL-002286,Clothing,Active,Amazon,EMP-1001,39.99,1,9/16/2026 2:28:38 PM,9/16/2026 2:40:38 PM,,,0
7012187,UL-002287,Collectibles item UL-002287,Collectibles,Active,Amazon,EMP-1001,9.99,1,9/16/2026 4:09:28 PM,9/16/2026 4:21:28 PM,,,0
7012188,UL-002288,Clothing item UL-002288,Clothing,Active,Amazon,EMP-1005,86.99,1,9/16/2026 5:14:27 PM,9/16/2026 5:26:27 PM,,,0
7012189,UL-002289,Clothing item UL-002289,Clothing,Active,Amazon,EMP-1004,36.99,1,9/16/2026 9:13:20 AM,9/16/2026 9:25:20 AM,,,0
7012190,UL-002290,Books item UL-002290,Books,Active,ShopGoodwill,EMP-1006,11.99,1,9/16/2026 7:56:40 AM,9/16/2026 8:08:40 AM,,,0
7012191,UL-002291,Books item UL-002291,Books,Active,eBay,EMP-1003,29.99,1,9/16/2026 4:58:02 PM,9/16/2026 5:10:02 PM,,,0
7012192,UL-002292,Clothing item UL-002292,Clothing,Active,Amazon,EMP-1004,14.99,1,9/16/2026 12:18:49 PM,9/16/2026 12:30:49 PM,,,0
7012193,UL-002293,Books item UL-002293,Books,Active,ShopGoodwill,EMP-1002,22.99,1,9/16/2026 3:19:16 PM,9/16/2026 3:31:16 PM,,,0
7012194,UL-002294,Clothing item UL-002294,Clothing,Active,ShopGoodwill,EMP-1002,64.99,1,9/16/2026 11:45:40 AM,9/16/2026 11:57:40 AM,,,0
7012195,UL-002295,Books item UL-002295,Books,Active,ShopGoodwill,EMP-1004,8.99,1,9/16/2026 5:47:20 PM,9/16/2026 5:59:20 PM,,,0
7012196,UL-002296,Home Decor item UL-002296,Home Decor,Active,ShopGoodwill,EMP-1005,22.99,1,9/16/2026 4:31:32 PM,9/16/2026 4:43:32 PM,,,0
7012197,UL-002297,Handbags item UL-002297,Handbags,Active,ShopGoodwill,EMP-1005,119.99,1,9/16/2026 10:50:38 AM,9/16/2026 11:02:38 AM,,,0
7012198,UL-002298,Clothing item UL-002298,Clothing,Active,ShopGoodwill,EMP-1002,56.99,1,9/16/2026 4:52:07 PM,9/16/2026 5:04:07 PM,,,0
7012199,UL-002299,Books item UL-002299,Books,Active,Amazon,EMP-1005,10.99,1,9/16/2026 12:57:18 PM,9/16/2026 1:09:18 PM,,,0
7012200,UL-002300,Clothing item UL-002300,Clothing,Active,ShopGoodwill,EMP-1006,24.99,1,9/16/2026 2:06:21 PM,9/16/2026 2:18:21 PM,,,0
7012201,UL-002301,Media item UL-002301,Media,Active,ShopGoodwill,EMP-1004,52.99,1,9/16/2026 2:36:32 PM,9/16/2026 2:48:32 PM,,,0
7012202,UL-002302,Books item UL-002302,Books,Active,Amazon,EMP-1002,15.99,1,9/16/2026 3:02:29 PM,9/16/2026 3:14:29 PM,,,0
7012203,UL-002303,Books item UL-002303,Books,Active,Amazon,EMP-1004,13.99,1,9/16/2026 9:21:18 AM,9/16/2026 9:33:18 AM,,,0
7012204,UL-002304,Collectibles item UL-002304,Collectibles,Active,Amazon,EMP-1001,48.99,1,9/16/2026 2:36:12 PM,9/16/2026 2:48:12 PM,,,0
7012205,UL-002305,Media item UL-002305,Media,Active,ShopGoodwill,EMP-1005,21.99,1,9/16/2026 5:35:35 PM,9/16/2026 5:47:35 PM,,,0
7012206,UL-002306,Books item UL-002306,Books,Active,ShopGoodwill,EMP-1002,52.99,1,9/16/2026 3:52:29 PM,9/16/2026 4:04:29 PM,,,0
7012207,UL-002307,Electronics item UL-002307,Electronics,Active,ShopGoodwill,EMP-1002,10.99,1,9/16/2026 12:52:03 PM,9/16/2026 1:04:03 PM,,,0
7012208,UL-002308,Electronics item UL-002308,Electronics,Active,ShopGoodwill,EMP-1003,40.99,1,9/16/2026 11:06:33 AM,9/16/2026 11:18:33 AM,,,0
7012209,UL-002309,Home Decor item UL-002309,Home Decor,Active,Mercari,EMP-1006,26.99,1,9/16/2026 10:40:01 AM,9/16/2026 10:52:01 AM,,,0
7012210,UL-002310,Home Decor item UL-002310,Home Decor,Active,eBay,EMP-1001,6.99,1,9/16/2026 8:55:26 AM,9/16/2026 9:07:26 AM,,,0
7012211,UL-002311,Home Decor item UL-002311,Home Decor,Active,eBay,EMP-1001,36.99,1,9/16/2026 4:59:54 PM,9/16/2026 5:11:54 PM,,,0
7012212,UL-002312,Jewelry item UL-002312,Jewelry,Active,Amazon,EMP-1004,128.99,1,9/17/2026 9:06:13 AM,9/17/2026 9:18:13 AM,,,0
7012213,UL-002313,Watches item UL-002313,Watches,Active,Amazon,EMP-1004,60.99,1,9/17/2026 11:29:16 AM,9/17/2026 11:41:16 AM,,,0
7012214,UL-002314,Home Decor item UL-002314,Home Decor,Active,ShopGoodwill,EMP-1005,15.99,1,9/17/2026 8:35:58 AM,9/17/2026 8:47:58 AM,,,0
7012215,UL-002315,Handbags item UL-002315,Handbags,Active,ShopGoodwill,EMP-1005,39.99,1,9/17/2026 3:54:07 PM,9/17/2026 4:06:07 PM,,,0
7012216,UL-002316,Clothing item UL-002316,Clothing,Active,Amazon,EMP-1003,6.99,1,9/17/2026 4:43:34 PM,9/17/2026 4:55:34 PM,,,0
7012217,UL-002317,Media item UL-002317,Media,Active,ShopGoodwill,EMP-1001,49.99,1,9/17/2026 9:26:44 AM,9/17/2026 9:38:44 AM,,,0
7012218,UL-002318,Collectibles item UL-002318,Collectibles,Active,eBay,EMP-1005,14.99,1,9/17/2026 2:12:03 PM,9/17/2026 2:24:03 PM,,,0
7012219,UL-002319,Clothing item UL-002319,Clothing,Active,Amazon,EMP-1005,20.99,1,9/17/2026 2:17:26 PM,9/17/2026 2:29:26 PM,,,0
7012220,UL-002320,Electronics item UL-002320,Electronics,Active,Mercari,EMP-1006,17.99,1,9/17/2026 10:13:14 AM,9/17/2026 10:25:14 AM,,,0
7012221,UL-002321,Collectibles item UL-002321,Collectibles,Active,ShopGoodwill,EMP-1006,15.99,1,9/17/2026 11:24:15 AM,9/17/2026 11:36:15 AM,,,0
7012222,UL-002322,Electronics item UL-002322,Electronics,Active,ShopGoodwill,EMP-1004,15.99,1,9/17/2026 11:22:05 AM,9/17/2026 11:34:05 AM,,,0
7012223,UL-002323,Shoes item UL-002323,Shoes,Active,eBay,EMP-1002,18.99,1,9/17/2026 12:05:54 PM,9/17/2026 12:17:54 PM,,,0
7012224,UL-002324,Collectibles item UL-002324,Collectibles,Active,eBay,EMP-1005,61.99,1,9/17/2026 8:03:32 AM,9/17/2026 8:15:32 AM,,,0
7012225,UL-002325,Home Decor item UL-002325,Home Decor,Active,Amazon,EMP-1003,17.99,1,9/17/2026 5:39:47 PM,9/17/2026 5:51:47 PM,,,0
7012226,UL-002326,Clothing item UL-002326,Clothing,Active,ShopGoodwill,EMP-1005,29.99,1,9/17/2026 11:26:17 AM,9/17/2026 11:38:17 AM,,,0
7012227,UL-002327,Electronics item UL-002327,Electronics,Active,Amazon,EMP-1002,17.99,1,9/17/2026 1:32:06 PM,9/17/2026 1:44:06 PM,,,0
7012228,UL-002328,Kitchen item UL-002328,Kitchen,Active,Amazon,EMP-1002,22.99,1,9/17/2026 2:25:41 PM,9/17/2026 2:37:41 PM,,,0
7012229,UL-002329,Books item UL-002329,Books,Active,ShopGoodwill,EMP-1002,12.99,1,9/17/2026 1:27:25 PM,9/17/2026 1:39:25 PM,,,0
7012230,UL-002330,Media item UL-002330,Media,Active,Mercari,EMP-1002,62.99,1,9/17/2026 1:22:52 PM,9/17/2026 1:34:52 PM,,,0
7012231,UL-002331,Clothing item UL-002331,Clothing,Active,eBay,EMP-1001,15.99,1,9/17/2026 11:34:40 AM,9/17/2026 11:46:40 AM,,,0
7012232,UL-002332,Watches item UL-002332,Watches,Active,Mercari,EMP-1006,19.99,1,9/17/2026 9:50:46 AM,9/17/2026 10:02:46 AM,,,0
7012233,UL-002333,Clothing item UL-002333,Clothing,Active,eBay,EMP-1003,17.99,1,9/17/2026 9:48:01 AM,9/17/2026 10:00:01 AM,,,0
7012234,UL-002334,Books item UL-002334,Books,Active,ShopGoodwill,EMP-1003,12.99,1,9/17/2026 10:01:13 AM,9/17/2026 10:13:13 AM,,,0
7012235,UL-002335,Clothing item UL-002335,Clothing,Active,Amazon,EMP-1004,8.99,1,9/17/2026 10:47:13 AM,9/17/2026 10:59:13 AM,,,0
7012236,UL-002336,Books item UL-002336,Books,Active,eBay,EMP-1003,10.99,1,9/17/2026 3:04:00 PM,9/17/2026 3:16:00 PM,,,0
7012237,UL-002337,Clothing item UL-002337,Clothing,Active,ShopGoodwill,EMP-1002,39.99,1,9/17/2026 1:12:23 PM,9/17/2026 1:24:23 PM,,,0
7012238,UL-002338,Books item UL-002338,Books,Active,eBay,EMP-1003,14.99,1,9/17/2026 12:45:36 PM,9/17/2026 12:57:36 PM,,,0
7012239,UL-002339,Books item UL-002339,Books,Active,ShopGoodwill,EMP-1005,10.99,1,9/17/2026 4:17:10 PM,9/17/2026 4:29:10 PM,,,0
7012240,UL-002340,Electronics item UL-002340,Electronics,Active,Amazon,EMP-1003,46.99,1,9/17/2026 5:45:06 PM,9/17/2026 5:57:06 PM,,,0
7012241,UL-002341,Toys item UL-002341,Toys,Active,Amazon,EMP-1003,41.99,1,9/17/2026 12:41:52 PM,9/17/2026 12:53:52 PM,,,0
7012242,UL-002342,Collectibles item UL-002342,Collectibles,Active,Amazon,EMP-1004,19.99,1,9/17/2026 1:11:17 PM,9/17/2026 1:23:17 PM,,,0
7012243,UL-002343,Clothing item UL-002343,Clothing,Active,ShopGoodwill,EMP-1004,25.99,1,9/17/2026 9:22:26 AM,9/17/2026 9:34:26 AM,,,0
7012244,UL-002344,Art item UL-002344,Art,Active,Amazon,EMP-1005,34.99,1,9/17/2026 10:45:41 AM,9/17/2026 10:57:41 AM,,,0
7012245,UL-002345,Media item UL-002345,Media,Active,ShopGoodwill,EMP-1002,15.99,1,9/17/2026 8:11:52 AM,9/17/2026 8:23:52 AM,,,0
7012246,UL-002346,Shoes item UL-002346,Shoes,Active,Amazon,EMP-1003,16.99,1,9/17/2026 3:57:58 PM,9/17/2026 4:09:58 PM,,,0
7012247,UL-002347,Home Decor item UL-002347,Home Decor,Active,Amazon,EMP-1003,49.99,1,9/17/2026 10:14:24 AM,9/17/2026 10:26:24 AM,,,0
7012248,UL-002348,Books item UL-002348,Books,Active,eBay,EMP-1003,34.99,1,9/17/2026 5:32:57 PM,9/17/2026 5:44:57 PM,,,0
7012249,UL-002349,Collectibles item UL-002349,Collectibles,Active,ShopGoodwill,EMP-1004,39.99,1,9/17/2026 9:04:24 AM,9/17/2026 9:16:24 AM,,,0
7012250,UL-002350,Clothing item UL-002350,Clothing,Active,ShopGoodwill,EMP-1006,29.99,1,9/17/2026 3:29:41 PM,9/17/2026 3:41:41 PM,,,0
7012251,UL-002351,Books item UL-002351,Books,Active,Amazon,EMP-1002,33.99,1,9/17/2026 4:13:35 PM,9/17/2026 4:25:35 PM,,,0
7012252,UL-002352,Watches item UL-002352,Watches,Active,ShopGoodwill,EMP-1003,26.99,1,9/17/2026 3:04:31 PM,9/17/2026 3:16:31 PM,,,0
7012253,UL-002353,Shoes item UL-002353,Shoes,Active,Mercari,EMP-1006,10.99,1,9/17/2026 4:15:57 PM,9/17/2026 4:27:57 PM,,,0
7012254,UL-002354,Jewelry item UL-002354,Jewelry,Active,eBay,EMP-1006,21.99,1,9/17/2026 11:12:50 AM,9/17/2026 11:24:50 AM,,,0
7012255,UL-002355,Collectibles item UL-002355,Collectibles,Active,Amazon,EMP-1006,54.99,1,9/17/2026 10:37:00 AM,9/17/2026 10:49:00 AM,,,0
7012256,UL-002356,Clothing item UL-002356,Clothing,Active,ShopGoodwill,EMP-1006,34.99,1,9/17/2026 3:02:23 PM,9/17/2026 3:14:23 PM,,,0
7012257,UL-002357,Handbags item UL-002357,Handbags,Active,Amazon,EMP-1003,62.99,1,9/17/2026 9:22:32 AM,9/17/2026 9:34:32 AM,,,0
7012258,UL-002358,Media item UL-002358,Media,Active,ShopGoodwill,EMP-1001,7.99,1,9/17/2026 9:30:36 AM,9/17/2026 9:42:36 AM,,,0
7012259,UL-002359,Jewelry item UL-002359,Jewelry,Active,ShopGoodwill,EMP-1001,12.99,1,9/17/2026 1:24:29 PM,9/17/2026 1:36:29 PM,,,0
7012260,UL-002360,Toys item UL-002360,Toys,Active,Amazon,EMP-1004,9.99,1,9/17/2026 12:37:46 PM,9/17/2026 12:49:46 PM,,,0
7012261,UL-002361,Jewelry item UL-002361,Jewelry,Active,eBay,EMP-1002,73.99,1,9/18/2026 11:47:35 AM,9/18/2026 11:59:35 AM,,,0
7012262,UL-002362,Clothing item UL-002362,Clothing,Active,ShopGoodwill,EMP-1006,40.99,1,9/18/2026 2:45:18 PM,9/18/2026 2:57:18 PM,,,0
7012263,UL-002363,Electronics item UL-002363,Electronics,Active,ShopGoodwill,EMP-1002,69.99,1,9/18/2026 9:47:42 AM,9/18/2026 9:59:42 AM,,,0
7012264,UL-002364,Collectibles item UL-002364,Collectibles,Active,eBay,EMP-1003,7.99,1,9/18/2026 5:00:23 PM,9/18/2026 5:12:23 PM,,,0
7012265,UL-002365,Shoes item UL-002365,Shoes,Active,Amazon,EMP-1005,11.99,1,9/18/2026 8:50:34 AM,9/18/2026 9:02:34 AM,,,0
7012266,UL-002366,Media item UL-002366,Media,Active,Amazon,EMP-1001,32.99,1,9/18/2026 10:42:31 AM,9/18/2026 10:54:31 AM,,,0
7012267,UL-002367,Art item UL-002367,Art,Active,Amazon,EMP-1004,17.99,1,9/18/2026 2:42:55 PM,9/18/2026 2:54:55 PM,,,0
7012268,UL-002368,Media item UL-002368,Media,Active,eBay,EMP-1003,48.99,1,9/18/2026 10:21:46 AM,9/18/2026 10:33:46 AM,,,0
7012269,UL-002369,Jewelry item UL-002369,Jewelry,Active,Amazon,EMP-1003,41.99,1,9/18/2026 12:07:27 PM,9/18/2026 12:19:27 PM,,,0
7012270,UL-002370,Clothing item UL-002370,Clothing,Active,Amazon,EMP-1005,14.99,1,9/18/2026 5:41:03 PM,9/18/2026 5:53:03 PM,,,0
7012271,UL-002371,Shoes item UL-002371,Shoes,Active,Mercari,EMP-1003,44.99,1,9/18/2026 12:44:56 PM,9/18/2026 12:56:56 PM,,,0
7012272,UL-002372,Collectibles item UL-002372,Collectibles,Active,ShopGoodwill,EMP-1001,13.99,1,9/18/2026 10:15:41 AM,9/18/2026 10:27:41 AM,,,0
7012273,UL-002373,Books item UL-002373,Books,Active,Amazon,EMP-1004,28.99,1,9/18/2026 12:57:07 PM,9/18/2026 1:09:07 PM,,,0
7012274,UL-002374,Books item UL-002374,Books,Active,Amazon,EMP-1001,17.99,1,9/18/2026 3:15:30 PM,9/18/2026 3:27:30 PM,,,0
7012275,UL-002375,Handbags item UL-002375,Handbags,Active,ShopGoodwill,EMP-1004,59.99,1,9/18/2026 4:29:24 PM,9/18/2026 4:41:24 PM,,,0
7012276,UL-002376,Electronics item UL-002376,Electronics,Active,eBay,EMP-1005,64.99,1,9/18/2026 11:11:58 AM,9/18/2026 11:23:58 AM,,,0
7012277,UL-002377,Books item UL-002377,Books,Active,eBay,EMP-1002,43.99,1,9/18/2026 3:08:51 PM,9/18/2026 3:20:51 PM,,,0
7012278,UL-002378,Collectibles item UL-002378,Collectibles,Active,ShopGoodwill,EMP-1001,25.99,1,9/18/2026 9:43:59 AM,9/18/2026 9:55:59 AM,,,0
7012279,UL-002379,Collectibles item UL-002379,Collectibles,Active,Amazon,EMP-1006,13.99,1,9/18/2026 11:39:12 AM,9/18/2026 11:51:12 AM,,,0
7012280,UL-002380,Art item UL-002380,Art,Active,Amazon,EMP-1002,18.99,1,9/18/2026 5:10:09 PM,9/18/2026 5:22:09 PM,,,0
7012281,UL-002381,Electronics item UL-002381,Electronics,Active,eBay,EMP-1005,7.99,1,9/18/2026 1:45:11 PM,9/18/2026 1:57:11 PM,,,0
7012282,UL-002382,Collectibles item UL-002382,Collectibles,Active,ShopGoodwill,EMP-1002,53.99,1,9/18/2026 3:38:57 PM,9/18/2026 3:50:57 PM,,,0
7012283,UL-002383,Clothing item UL-002383,Clothing,Active,eBay,EMP-1002,34.99,1,9/18/2026 10:50:21 AM,9/18/2026 11:02:21 AM,,,0
7012284,UL-002384,Home Decor item UL-002384,Home Decor,Active,Amazon,EMP-1006,42.99,1,9/18/2026 5:15:31 PM,9/18/2026 5:27:31 PM,,,0
7012285,UL-002385,Collectibles item UL-002385,Collectibles,Active,Amazon,EMP-1004,24.99,1,9/18/2026 9:45:38 AM,9/18/2026 9:57:38 AM,,,0
7012286,UL-002386,Kitchen item UL-002386,Kitchen,Active,Amazon,EMP-1001,61.99,1,9/18/2026 5:37:05 PM,9/18/2026 5:49:05 PM,,,0
7012287,UL-002387,Electronics item UL-002387,Electronics,Active,eBay,EMP-1001,10.99,1,9/18/2026 5:12:53 PM,9/18/2026 5:24:53 PM,,,0
7012288,UL-002388,Books item UL-002388,Books,Active,Amazon,EMP-1005,47.99,1,9/18/2026 12:49:04 PM,9/18/2026 1:01:04 PM,,,0
7012289,UL-002389,Home Decor item UL-002389,Home Decor,Active,eBay,EMP-1006,92.99,1,9/18/2026 8:08:11 AM,9/18/2026 8:20:11 AM,,,0
7012290,UL-002390,Toys item UL-002390,Toys,Active,Amazon,EMP-1003,22.99,1,9/18/2026 5:22:43 PM,9/18/2026 5:34:43 PM,,,0
7012291,UL-002391,Art item UL-002391,Art,Active,ShopGoodwill,EMP-1006,24.99,1,9/18/2026 8:51:02 AM,9/18/2026 9:03:02 AM,,,0
7012292,UL-002392,Media item UL-002392,Media,Active,eBay,EMP-1006,12.99,1,9/18/2026 11:36:55 AM,9/18/2026 11:48:55 AM,,,0
7012293,UL-002393,Shoes item UL-002393,Shoes,Active,eBay,EMP-1005,41.99,1,9/18/2026 8:26:22 AM,9/18/2026 8:38:22 AM,,,0
7012294,UL-002394,Collectibles item UL-002394,Collectibles,Active,Amazon,EMP-1005,20.99,1,9/18/2026 3:46:16 PM,9/18/2026 3:58:16 PM,,,0
7012295,UL-002395,Electronics item UL-002395,Electronics,Active,ShopGoodwill,EMP-1004,24.99,1,9/18/2026 8:53:57 AM,9/18/2026 9:05:57 AM,,,0
7012296,UL-002396,Clothing item UL-002396,Clothing,Active,ShopGoodwill,EMP-1002,38.99,1,9/18/2026 5:29:47 PM,9/18/2026 5:41:47 PM,,,0
7012297,UL-002397,Clothing item UL-002397,Clothing,Active,Amazon,EMP-1006,28.99,1,9/18/2026 2:36:35 PM,9/18/2026 2:48:35 PM,,,0
7012298,UL-002398,Media item UL-002398,Media,Active,eBay,EMP-1004,16.99,1,9/18/2026 12:13:03 PM,9/18/2026 12:25:03 PM,,,0
7012299,UL-002399,Kitchen item UL-002399,Kitchen,Active,Amazon,EMP-1003,23.99,1,9/18/2026 12:52:37 PM,9/18/2026 1:04:37 PM,,,0
7012300,UL-002400,Books item UL-002400,Books,Active,Amazon,EMP-1002,22.99,1,9/18/2026 8:49:56 AM,9/18/2026 9:01:56 AM,,,0
7012301,UL-002401,Clothing item UL-002401,Clothing,Active,Amazon,EMP-1005,23.99,1,9/18/2026 12:02:44 PM,9/18/2026 12:14:44 PM,,,0
7012302,UL-002402,Home Decor item UL-002402,Home Decor,Active,Amazon,EMP-1001,7.99,1,9/18/2026 2:31:51 PM,9/18/2026 2:43:51 PM,,,0
7012303,UL-002403,Books item UL-002403,Books,Active,ShopGoodwill,EMP-1002,44.99,1,9/18/2026 11:16:06 AM,9/18/2026 11:28:06 AM,,,0
7012304,UL-002404,Shoes item UL-002404,Shoes,Active,ShopGoodwill,EMP-1006,28.99,1,9/18/2026 9:55:59 AM,9/18/2026 10:07:59 AM,,,0
7012305,UL-002405,Books item UL-002405,Books,Active,ShopGoodwill,EMP-1006,10.99,1,9/18/2026 12:21:09 PM,9/18/2026 12:33:09 PM,,,0
7012306,UL-002406,Shoes item UL-002406,Shoes,Active,Amazon,EMP-1004,20.99,1,9/18/2026 1:23:17 PM,9/18/2026 1:35:17 PM,,,0
7012307,UL-002407,Sporting Goods item UL-002407,Sporting Goods,Active,Mercari,EMP-1004,15.99,1,9/18/2026 2:46:23 PM,9/18/2026 2:58:23 PM,,,0
7012308,UL-002408,Media item UL-002408,Media,Active,ShopGoodwill,EMP-1005,19.99,1,9/19/2026 5:21:55 PM,9/19/2026 5:33:55 PM,,,0
7012309,UL-002409,Shoes item UL-002409,Shoes,Active,Amazon,EMP-1001,31.99,1,9/19/2026 2:32:20 PM,9/19/2026 2:44:20 PM,,,0
7012310,UL-002410,Clothing item UL-002410,Clothing,Active,Mercari,EMP-1005,7.99,1,9/19/2026 2:04:35 PM,9/19/2026 2:16:35 PM,,,0
7012311,UL-002411,Clothing item UL-002411,Clothing,Active,eBay,EMP-1005,28.99,1,9/19/2026 3:37:40 PM,9/19/2026 3:49:40 PM,,,0
7012312,UL-002412,Collectibles item UL-002412,Collectibles,Active,Mercari,EMP-1003,36.99,1,9/19/2026 3:40:17 PM,9/19/2026 3:52:17 PM,,,0
7012313,UL-002413,Clothing item UL-002413,Clothing,Active,Mercari,EMP-1003,31.99,1,9/19/2026 11:01:27 AM,9/19/2026 11:13:27 AM,,,0
7012314,UL-002414,Media item UL-002414,Media,Active,eBay,EMP-1001,19.99,1,9/19/2026 1:32:52 PM,9/19/2026 1:44:52 PM,,,0
7012315,UL-002415,Kitchen item UL-002415,Kitchen,Active,eBay,EMP-1004,28.99,1,9/19/2026 3:58:26 PM,9/19/2026 4:10:26 PM,,,0
7012316,UL-002416,Electronics item UL-002416,Electronics,Active,Mercari,EMP-1003,28.99,1,9/19/2026 8:03:45 AM,9/19/2026 8:15:45 AM,,,0
7012317,UL-002417,Media item UL-002417,Media,Active,Amazon,EMP-1005,20.99,1,9/19/2026 8:04:13 AM,9/19/2026 8:16:13 AM,,,0
7012318,UL-002418,Home Decor item UL-002418,Home Decor,Active,eBay,EMP-1005,78.99,1,9/19/2026 11:59:03 AM,9/19/2026 12:11:03 PM,,,0
7012319,UL-002419,Electronics item UL-002419,Electronics,Active,ShopGoodwill,EMP-1003,7.99,1,9/19/2026 2:49:39 PM,9/19/2026 3:01:39 PM,,,0
7012320,UL-002420,Books item UL-002420,Books,Active,Amazon,EMP-1004,33.99,1,9/19/2026 11:44:13 AM,9/19/2026 11:56:13 AM,,,0
7012321,UL-002421,Media item UL-002421,Media,Active,Amazon,EMP-1005,6.99,1,9/19/2026 2:55:05 PM,9/19/2026 3:07:05 PM,,,0
7012322,UL-002422,Watches item UL-002422,Watches,Active,Amazon,EMP-1006,31.99,1,9/19/2026 7:52:22 AM,9/19/2026 8:04:22 AM,,,0
7012323,UL-002423,Books item UL-002423,Books,Active,eBay,EMP-1005,16.99,1,9/19/2026 10:23:18 AM,9/19/2026 10:35:18 AM,,,0
7012324,UL-002424,Clothing item UL-002424,Clothing,Active,Amazon,EMP-1006,40.99,1,9/19/2026 12:14:41 PM,9/19/2026 12:26:41 PM,,,0
7012325,UL-002425,Home Decor item UL-002425,Home Decor,Active,ShopGoodwill,EMP-1001,20.99,1,9/19/2026 10:42:20 AM,9/19/2026 10:54:20 AM,,,0
7012326,UL-002426,Media item UL-002426,Media,Active,Amazon,EMP-1001,24.99,1,9/19/2026 3:46:35 PM,9/19/2026 3:58:35 PM,,,0
7012327,UL-002427,Collectibles item UL-002427,Collectibles,Active,eBay,EMP-1003,74.99,1,9/19/2026 1:37:43 PM,9/19/2026 1:49:43 PM,,,0
7012328,UL-002428,Jewelry item UL-002428,Jewelry,Active,ShopGoodwill,EMP-1003,58.99,1,9/19/2026 9:37:21 AM,9/19/2026 9:49:21 AM,,,0
7012329,UL-002429,Handbags item UL-002429,Handbags,Active,ShopGoodwill,EMP-1003,23.99,1,9/19/2026 8:02:40 AM,9/19/2026 8:14:40 AM,,,0
7012330,UL-002430,Books item UL-002430,Books,Active,Amazon,EMP-1001,34.99,1,9/19/2026 10:06:20 AM,9/19/2026 10:18:20 AM,,,0
7012331,UL-002431,Books item UL-002431,Books,Active,Amazon,EMP-1004,25.99,1,9/19/2026 5:29:13 PM,9/19/2026 5:41:13 PM,,,0
7012332,UL-002432,Media item UL-002432,Media,Active,eBay,EMP-1001,12.99,1,9/19/2026 10:59:53 AM,9/19/2026 11:11:53 AM,,,0
7012333,UL-002433,Clothing item UL-002433,Clothing,Active,ShopGoodwill,EMP-1004,12.99,1,9/19/2026 3:52:33 PM,9/19/2026 4:04:33 PM,,,0
7012334,UL-002434,Collectibles item UL-002434,Collectibles,Active,ShopGoodwill,EMP-1002,38.99,1,9/19/2026 4:17:58 PM,9/19/2026 4:29:58 PM,,,0
7012335,UL-002435,Media item UL-002435,Media,Active,eBay,EMP-1003,26.99,1,9/19/2026 8:07:33 AM,9/19/2026 8:19:33 AM,,,0
7012336,UL-002436,Clothing item UL-002436,Clothing,Active,Amazon,EMP-1003,39.99,1,9/19/2026 11:10:40 AM,9/19/2026 11:22:40 AM,,,0
7012337,UL-002437,Jewelry item UL-002437,Jewelry,Active,Amazon,EMP-1004,12.99,1,9/19/2026 5:38:44 PM,9/19/2026 5:50:44 PM,,,0
7012338,UL-002438,Collectibles item UL-002438,Collectibles,Active,Mercari,EMP-1001,68.99,1,9/19/2026 4:08:53 PM,9/19/2026 4:20:53 PM,,,0
7012339,UL-002439,Books item UL-002439,Books,Active,Amazon,EMP-1002,21.99,1,9/19/2026 1:47:25 PM,9/19/2026 1:59:25 PM,,,0
7012340,UL-002440,Media item UL-002440,Media,Active,Amazon,EMP-1004,24.99,1,9/19/2026 12:28:44 PM,9/19/2026 12:40:44 PM,,,0
7012341,UL-002441,Clothing item UL-002441,Clothing,Active,Amazon,EMP-1001,13.99,1,9/19/2026 2:12:07 PM,9/19/2026 2:24:07 PM,,,0
7012342,UL-002442,Books item UL-002442,Books,Active,Amazon,EMP-1003,16.99,1,9/19/2026 4:30:18 PM,9/19/2026 4:42:18 PM,,,0
7012343,UL-002443,Electronics item UL-002443,Electronics,Active,ShopGoodwill,EMP-1002,51.99,1,9/19/2026 9:21:16 AM,9/19/2026 9:33:16 AM,,,0
7012344,UL-002444,Books item UL-002444,Books,Active,ShopGoodwill,EMP-1005,20.99,1,9/19/2026 11:05:12 AM,9/19/2026 11:17:12 AM,,,0
7012345,UL-002445,Books item UL-002445,Books,Active,eBay,EMP-1004,67.99,1,9/19/2026 9:05:16 AM,9/19/2026 9:17:16 AM,,,0
7012346,UL-002446,Collectibles item UL-002446,Collectibles,Active,ShopGoodwill,EMP-1002,15.99,1,9/19/2026 9:38:00 AM,9/19/2026 9:50:00 AM,,,0
7012347,UL-002447,Clothing item UL-002447,Clothing,Active,ShopGoodwill,EMP-1002,56.99,1,9/19/2026 10:42:56 AM,9/19/2026 10:54:56 AM,,,0
7012348,UL-002448,Watches item UL-002448,Watches,Active,Mercari,EMP-1006,32.99,1,9/19/2026 2:56:51 PM,9/19/2026 3:08:51 PM,,,0
7012349,UL-002449,Electronics item UL-002449,Electronics,Active,Amazon,EMP-1004,25.99,1,9/19/2026 1:11:53 PM,9/19/2026 1:23:53 PM,,,0
7012350,UL-002450,Media item UL-002450,Media,Active,ShopGoodwill,EMP-1001,31.99,1,9/19/2026 4:20:52 PM,9/19/2026 4:32:52 PM,,,0
7012351,UL-002451,Toys item UL-002451,Toys,Active,eBay,EMP-1005,17.99,1,9/19/2026 5:28:08 PM,9/19/2026 5:40:08 PM,,,0
7012352,UL-002452,Sporting Goods item UL-002452,Sporting Goods,Active,ShopGoodwill,EMP-1002,34.99,1,9/19/2026 9:13:06 AM,9/19/2026 9:25:06 AM,,,0
7012353,UL-002453,Books item UL-002453,Books,Active,Amazon,EMP-1005,33.99,1,9/19/2026 3:13:57 PM,9/19/2026 3:25:57 PM,,,0
7012354,UL-002454,Jewelry item UL-002454,Jewelry,Active,Mercari,EMP-1003,15.99,1,9/19/2026 7:51:03 AM,9/19/2026 8:03:03 AM,,,0
7012355,UL-002455,Home Decor item UL-002455,Home Decor,Active,ShopGoodwill,EMP-1001,29.99,1,9/19/2026 10:29:42 AM,9/19/2026 10:41:42 AM,,,0
7012356,UL-002456,Sporting Goods item UL-002456,Sporting Goods,Active,eBay,EMP-1003,15.99,1,9/19/2026 5:45:24 PM,9/19/2026 5:57:24 PM,,,0
7012357,UL-002457,Clothing item UL-002457,Clothing,Active,ShopGoodwill,EMP-1002,11.99,1,9/19/2026 12:51:01 PM,9/19/2026 1:03:01 PM,,,0
7012358,UL-002458,Books item UL-002458,Books,Active,eBay,EMP-1002,16.99,1,9/19/2026 4:36:16 PM,9/19/2026 4:48:16 PM,,,0
7012359,UL-002459,Jewelry item UL-002459,Jewelry,Active,ShopGoodwill,EMP-1004,39.99,1,9/19/2026 12:55:39 PM,9/19/2026 1:07:39 PM,,,0
7012360,UL-002460,Books item UL-002460,Books,Active,ShopGoodwill,EMP-1005,74.99,1,9/20/2026 1:51:18 PM,9/20/2026 2:03:18 PM,,,0
7012361,UL-002461,Books item UL-002461,Books,Active,Amazon,EMP-1001,27.99,1,9/20/2026 11:59:07 AM,9/20/2026 12:11:07 PM,,,0
7012362,UL-002462,Books item UL-002462,Books,Active,Mercari,EMP-1004,62.99,1,9/20/2026 7:56:12 AM,9/20/2026 8:08:12 AM,,,0
7012363,UL-002463,Clothing item UL-002463,Clothing,Active,ShopGoodwill,EMP-1001,27.99,1,9/20/2026 10:28:50 AM,9/20/2026 10:40:50 AM,,,0
7012364,UL-002464,Collectibles item UL-002464,Collectibles,Active,Amazon,EMP-1003,22.99,1,9/20/2026 8:58:24 AM,9/20/2026 9:10:24 AM,,,0
7012365,UL-002465,Clothing item UL-002465,Clothing,Active,ShopGoodwill,EMP-1006,19.99,1,9/20/2026 1:08:51 PM,9/20/2026 1:20:51 PM,,,0
7012366,UL-002466,Kitchen item UL-002466,Kitchen,Active,Amazon,EMP-1001,32.99,1,9/20/2026 8:56:51 AM,9/20/2026 9:08:51 AM,,,0
7012367,UL-002467,Clothing item UL-002467,Clothing,Active,ShopGoodwill,EMP-1002,26.99,1,9/20/2026 3:47:46 PM,9/20/2026 3:59:46 PM,,,0
7012368,UL-002468,Jewelry item UL-002468,Jewelry,Active,ShopGoodwill,EMP-1003,11.99,1,9/20/2026 4:07:27 PM,9/20/2026 4:19:27 PM,,,0
7012369,UL-002469,Media item UL-002469,Media,Active,Mercari,EMP-1006,47.99,1,9/20/2026 10:52:45 AM,9/20/2026 11:04:45 AM,,,0
7012370,UL-002470,Electronics item UL-002470,Electronics,Active,Amazon,EMP-1004,34.99,1,9/20/2026 2:59:23 PM,9/20/2026 3:11:23 PM,,,0
7012371,UL-002471,Books item UL-002471,Books,Active,ShopGoodwill,EMP-1004,20.99,1,9/20/2026 1:15:00 PM,9/20/2026 1:27:00 PM,,,0
7012372,UL-002472,Books item UL-002472,Books,Active,eBay,EMP-1002,28.99,1,9/20/2026 4:06:48 PM,9/20/2026 4:18:48 PM,,,0
7012373,UL-002473,Toys item UL-002473,Toys,Active,Amazon,EMP-1001,17.99,1,9/20/2026 5:10:21 PM,9/20/2026 5:22:21 PM,,,0
7012374,UL-002474,Electronics item UL-002474,Electronics,Active,ShopGoodwill,EMP-1005,35.99,1,9/20/2026 5:45:29 PM,9/20/2026 5:57:29 PM,,,0
7012375,UL-002475,Books item UL-002475,Books,Active,eBay,EMP-1005,9.99,1,9/20/2026 8:24:40 AM,9/20/2026 8:36:40 AM,,,0
7012376,UL-002476,Media item UL-002476,Media,Active,eBay,EMP-1005,22.99,1,9/20/2026 10:15:27 AM,9/20/2026 10:27:27 AM,,,0
7012377,UL-002477,Toys item UL-002477,Toys,Active,Amazon,EMP-1006,31.99,1,9/20/2026 1:47:46 PM,9/20/2026 1:59:46 PM,,,0
7012378,UL-002478,Shoes item UL-002478,Shoes,Active,eBay,EMP-1006,26.99,1,9/20/2026 12:09:35 PM,9/20/2026 12:21:35 PM,,,0
7012379,UL-002479,Books item UL-002479,Books,Active,Amazon,EMP-1002,12.99,1,9/20/2026 1:08:07 PM,9/20/2026 1:20:07 PM,,,0
7012380,UL-002480,Home Decor item UL-002480,Home Decor,Active,Amazon,EMP-1006,36.99,1,9/20/2026 12:25:04 PM,9/20/2026 12:37:04 PM,,,0
7012381,UL-002481,Kitchen item UL-002481,Kitchen,Active,eBay,EMP-1006,19.99,1,9/20/2026 11:11:34 AM,9/20/2026 11:23:34 AM,,,0
7012382,UL-002482,Books item UL-002482,Books,Active,Amazon,EMP-1005,14.99,1,9/20/2026 1:15:41 PM,9/20/2026 1:27:41 PM,,,0
7012383,UL-002483,Books item UL-002483,Books,Active,Amazon,EMP-1005,30.99,1,9/20/2026 3:09:21 PM,9/20/2026 3:21:21 PM,,,0
7012384,UL-002484,Shoes item UL-002484,Shoes,Active,ShopGoodwill,EMP-1004,42.99,1,9/20/2026 9:59:22 AM,9/20/2026 10:11:22 AM,,,0
7012385,UL-002485,Home Decor item UL-002485,Home Decor,Active,Amazon,EMP-1001,11.99,1,9/20/2026 1:08:21 PM,9/20/2026 1:20:21 PM,,,0
7012386,UL-002486,Books item UL-002486,Books,Active,Amazon,EMP-1001,22.99,1,9/20/2026 1:30:58 PM,9/20/2026 1:42:58 PM,,,0
7012387,UL-002487,Books item UL-002487,Books,Active,ShopGoodwill,EMP-1006,24.99,1,9/20/2026 9:19:10 AM,9/20/2026 9:31:10 AM,,,0
7012388,UL-002488,Collectibles item UL-002488,Collectibles,Active,Amazon,EMP-1002,17.99,1,9/20/2026 12:32:06 PM,9/20/2026 12:44:06 PM,,,0
7012389,UL-002489,Jewelry item UL-002489,Jewelry,Active,Amazon,EMP-1003,51.99,1,9/20/2026 2:25:13 PM,9/20/2026 2:37:13 PM,,,0
7012390,UL-002490,Books item UL-002490,Books,Active,ShopGoodwill,EMP-1004,20.99,1,9/20/2026 2:45:47 PM,9/20/2026 2:57:47 PM,,,0
7012391,UL-002491,Media item UL-002491,Media,Active,Mercari,EMP-1006,21.99,1,9/20/2026 4:19:28 PM,9/20/2026 4:31:28 PM,,,0
7012392,UL-002492,Toys item UL-002492,Toys,Active,Amazon,EMP-1003,12.99,1,9/20/2026 12:04:22 PM,9/20/2026 12:16:22 PM,,,0
7012393,UL-002493,Electronics item UL-002493,Electronics,Active,eBay,EMP-1005,64.99,1,9/20/2026 4:13:07 PM,9/20/2026 4:25:07 PM,,,0
7012394,UL-002494,Media item UL-002494,Media,Active,Amazon,EMP-1002,16.99,1,9/20/2026 12:07:48 PM,9/20/2026 12:19:48 PM,,,0
7012395,UL-002495,Toys item UL-002495,Toys,Active,eBay,EMP-1003,21.99,1,9/20/2026 11:39:49 AM,9/20/2026 11:51:49 AM,,,0
7012396,UL-002496,Jewelry item UL-002496,Jewelry,Active,eBay,EMP-1005,38.99,1,9/20/2026 11:53:53 AM,9/20/2026 12:05:53 PM,,,0
7012397,UL-002497,Clothing item UL-002497,Clothing,Active,Amazon,EMP-1001,32.99,1,9/20/2026 3:58:25 PM,9/20/2026 4:10:25 PM,,,0
7012398,UL-002498,Handbags item UL-002498,Handbags,Active,Amazon,EMP-1006,13.99,1,9/20/2026 12:41:21 PM,9/20/2026 12:53:21 PM,,,0
7012399,UL-002499,Media item UL-002499,Media,Active,Amazon,EMP-1002,34.99,1,9/20/2026 10:42:21 AM,9/20/2026 10:54:21 AM,,,0
7012400,UL-002500,Media item UL-002500,Media,Active,Mercari,EMP-1005,46.99,1,9/20/2026 11:51:52 AM,9/20/2026 12:03:52 PM,,,0
7012401,UL-002501,Handbags item UL-002501,Handbags,Active,Amazon,EMP-1005,46.99,1,9/20/2026 2:44:44 PM,9/20/2026 2:56:44 PM,,,0
7012402,UL-002502,Art item UL-002502,Art,Active,eBay,EMP-1002,67.99,1,9/20/2026 12:03:00 PM,9/20/2026 12:15:00 PM,,,0
7012403,UL-002503,Clothing item UL-002503,Clothing,Active,eBay,EMP-1004,35.99,1,9/20/2026 2:31:26 PM,9/20/2026 2:43:26 PM,,,0
7012404,UL-002504,Watches item UL-002504,Watches,Active,Amazon,EMP-1006,81.99,1,9/20/2026 1:29:35 PM,9/20/2026 1:41:35 PM,,,0
7012405,UL-002505,Shoes item UL-002505,Shoes,Active,ShopGoodwill,EMP-1005,35.99,1,9/20/2026 11:53:52 AM,9/20/2026 12:05:52 PM,,,0
7012406,UL-002506,Home Decor item UL-002506,Home Decor,Active,Amazon,EMP-1003,17.99,1,9/20/2026 11:47:01 AM,9/20/2026 11:59:01 AM,,,0
7012407,UL-002507,Books item UL-002507,Books,Active,ShopGoodwill,EMP-1001,49.99,1,9/20/2026 3:51:38 PM,9/20/2026 4:03:38 PM,,,0
7012408,UL-002508,Books item UL-002508,Books,Active,Mercari,EMP-1005,56.99,1,9/20/2026 4:04:04 PM,9/20/2026 4:16:04 PM,,,0
7012409,UL-002509,Watches item UL-002509,Watches,Active,ShopGoodwill,EMP-1002,16.99,1,9/20/2026 8:09:49 AM,9/20/2026 8:21:49 AM,,,0
7012410,UL-002510,Books item UL-002510,Books,Active,eBay,EMP-1001,14.99,1,9/20/2026 7:50:00 AM,9/20/2026 8:02:00 AM,,,0
7012411,UL-002511,Books item UL-002511,Books,Active,Mercari,EMP-1001,14.99,1,9/20/2026 4:16:21 PM,9/20/2026 4:28:21 PM,,,0
7012412,UL-002512,Toys item UL-002512,Toys,Active,eBay,EMP-1005,19.99,1,9/20/2026 3:35:03 PM,9/20/2026 3:47:03 PM,,,0
7012413,UL-002513,Clothing item UL-002513,Clothing,Active,ShopGoodwill,EMP-1005,14.99,1,9/20/2026 3:54:22 PM,9/20/2026 4:06:22 PM,,,0
7012414,UL-002514,Collectibles item UL-002514,Collectibles,Active,ShopGoodwill,EMP-1004,12.99,1,9/20/2026 12:40:28 PM,9/20/2026 12:52:28 PM,,,0
7012415,UL-002515,Electronics item UL-002515,Electronics,Active,Mercari,EMP-1003,48.99,1,9/20/2026 9:32:43 AM,9/20/2026 9:44:43 AM,,,0
7012416,UL-002516,Books item UL-002516,Books,Active,eBay,EMP-1003,40.99,1,9/20/2026 9:16:54 AM,9/20/2026 9:28:54 AM,,,0
7012417,UL-002517,Jewelry item UL-002517,Jewelry,Active,eBay,EMP-1001,18.99,1,9/20/2026 12:54:18 PM,9/20/2026 1:06:18 PM,,,0
7012418,UL-002518,Clothing item UL-002518,Clothing,Active,Mercari,EMP-1001,47.99,1,9/21/2026 2:44:26 PM,9/21/2026 2:56:26 PM,,,0
7012419,UL-002519,Books item UL-002519,Books,Active,Amazon,EMP-1005,69.99,1,9/21/2026 2:30:03 PM,9/21/2026 2:42:03 PM,,,0
7012420,UL-002520,Books item UL-002520,Books,Active,Amazon,EMP-1005,44.99,1,9/21/2026 5:21:49 PM,9/21/2026 5:33:49 PM,,,0
7012421,UL-002521,Watches item UL-002521,Watches,Active,ShopGoodwill,EMP-1004,50.99,1,9/21/2026 8:12:05 AM,9/21/2026 8:24:05 AM,,,0
7012422,UL-002522,Books item UL-002522,Books,Active,ShopGoodwill,EMP-1005,42.99,1,9/21/2026 12:09:54 PM,9/21/2026 12:21:54 PM,,,0
7012423,UL-002523,Watches item UL-002523,Watches,Active,ShopGoodwill,EMP-1004,5.99,1,9/21/2026 2:51:14 PM,9/21/2026 3:03:14 PM,,,0
7012424,UL-002524,Clothing item UL-002524,Clothing,Active,eBay,EMP-1001,82.99,1,9/21/2026 12:36:06 PM,9/21/2026 12:48:06 PM,,,0
7012425,UL-002525,Jewelry item UL-002525,Jewelry,Active,ShopGoodwill,EMP-1003,49.99,1,9/21/2026 12:00:04 PM,9/21/2026 12:12:04 PM,,,0
7012426,UL-002526,Collectibles item UL-002526,Collectibles,Active,Amazon,EMP-1004,40.99,1,9/21/2026 8:16:42 AM,9/21/2026 8:28:42 AM,,,0
7012427,UL-002527,Electronics item UL-002527,Electronics,Active,eBay,EMP-1004,41.99,1,9/21/2026 9:54:45 AM,9/21/2026 10:06:45 AM,,,0
7012428,UL-002528,Media item UL-002528,Media,Active,ShopGoodwill,EMP-1003,28.99,1,9/21/2026 4:19:12 PM,9/21/2026 4:31:12 PM,,,0
7012429,UL-002529,Art item UL-002529,Art,Active,ShopGoodwill,EMP-1003,42.99,1,9/21/2026 1:52:00 PM,9/21/2026 2:04:00 PM,,,0
7012430,UL-002530,Clothing item UL-002530,Clothing,Active,Amazon,EMP-1006,10.99,1,9/21/2026 12:43:39 PM,9/21/2026 12:55:39 PM,,,0
7012431,UL-002531,Jewelry item UL-002531,Jewelry,Active,Amazon,EMP-1004,21.99,1,9/21/2026 1:48:51 PM,9/21/2026 2:00:51 PM,,,0
7012432,UL-002532,Clothing item UL-002532,Clothing,Active,Amazon,EMP-1005,28.99,1,9/21/2026 11:35:31 AM,9/21/2026 11:47:31 AM,,,0
7012433,UL-002533,Electronics item UL-002533,Electronics,Active,ShopGoodwill,EMP-1001,19.99,1,9/21/2026 10:04:47 AM,9/21/2026 10:16:47 AM,,,0
7012434,UL-002534,Media item UL-002534,Media,Active,ShopGoodwill,EMP-1004,15.99,1,9/21/2026 1:49:17 PM,9/21/2026 2:01:17 PM,,,0
7012435,UL-002535,Media item UL-002535,Media,Active,Amazon,EMP-1005,18.99,1,9/21/2026 3:21:39 PM,9/21/2026 3:33:39 PM,,,0
7012436,UL-002536,Books item UL-002536,Books,Active,Mercari,EMP-1004,18.99,1,9/21/2026 12:38:02 PM,9/21/2026 12:50:02 PM,,,0
7012437,UL-002537,Electronics item UL-002537,Electronics,Active,eBay,EMP-1004,9.99,1,9/21/2026 7:56:48 AM,9/21/2026 8:08:48 AM,,,0
7012438,UL-002538,Collectibles item UL-002538,Collectibles,Active,ShopGoodwill,EMP-1004,7.99,1,9/21/2026 11:41:13 AM,9/21/2026 11:53:13 AM,,,0
7012439,UL-002539,Jewelry item UL-002539,Jewelry,Active,Amazon,EMP-1002,39.99,1,9/21/2026 4:05:49 PM,9/21/2026 4:17:49 PM,,,0
7012440,UL-002540,Jewelry item UL-002540,Jewelry,Active,Amazon,EMP-1006,9.99,1,9/21/2026 5:38:17 PM,9/21/2026 5:50:17 PM,,,0
7012441,UL-002541,Collectibles item UL-002541,Collectibles,Active,Amazon,EMP-1001,47.99,1,9/21/2026 5:22:08 PM,9/21/2026 5:34:08 PM,,,0
7012442,UL-002542,Books item UL-002542,Books,Active,eBay,EMP-1001,39.99,1,9/21/2026 12:33:58 PM,9/21/2026 12:45:58 PM,,,0
7012443,UL-002543,Clothing item UL-002543,Clothing,Active,ShopGoodwill,EMP-1001,29.99,1,9/21/2026 1:05:20 PM,9/21/2026 1:17:20 PM,,,0
7012444,UL-002544,Jewelry item UL-002544,Jewelry,Active,Mercari,EMP-1006,19.99,1,9/21/2026 3:15:20 PM,9/21/2026 3:27:20 PM,,,0
7012445,UL-002545,Electronics item UL-002545,Electronics,Active,eBay,EMP-1004,21.99,1,9/21/2026 10:19:57 AM,9/21/2026 10:31:57 AM,,,0
7012446,UL-002546,Books item UL-002546,Books,Active,ShopGoodwill,EMP-1006,20.99,1,9/21/2026 4:25:41 PM,9/21/2026 4:37:41 PM,,,0
7012447,UL-002547,Books item UL-002547,Books,Active,eBay,EMP-1004,34.99,1,9/21/2026 2:49:02 PM,9/21/2026 3:01:02 PM,,,0
7012448,UL-002548,Media item UL-002548,Media,Active,eBay,EMP-1005,50.99,1,9/21/2026 9:24:53 AM,9/21/2026 9:36:53 AM,,,0
7012449,UL-002549,Electronics item UL-002549,Electronics,Active,eBay,EMP-1005,40.99,1,9/21/2026 9:23:16 AM,9/21/2026 9:35:16 AM,,,0
7012450,UL-002550,Books item UL-002550,Books,Active,ShopGoodwill,EMP-1005,37.99,1,9/21/2026 2:04:31 PM,9/21/2026 2:16:31 PM,,,0
7012451,UL-002551,Jewelry item UL-002551,Jewelry,Active,Mercari,EMP-1004,78.99,1,9/21/2026 10:17:32 AM,9/21/2026 10:29:32 AM,,,0
7012452,UL-002552,Books item UL-002552,Books,Active,Amazon,EMP-1002,10.99,1,9/21/2026 4:45:50 PM,9/21/2026 4:57:50 PM,,,0
7012453,UL-002553,Toys item UL-002553,Toys,Active,ShopGoodwill,EMP-1001,49.99,1,9/21/2026 4:02:04 PM,9/21/2026 4:14:04 PM,,,0
7012454,UL-002554,Shoes item UL-002554,Shoes,Active,eBay,EMP-1005,16.99,1,9/21/2026 11:42:45 AM,9/21/2026 11:54:45 AM,,,0
7012455,UL-002555,Jewelry item UL-002555,Jewelry,Active,ShopGoodwill,EMP-1006,64.99,1,9/21/2026 3:19:08 PM,9/21/2026 3:31:08 PM,,,0
7012456,UL-002556,Clothing item UL-002556,Clothing,Active,eBay,EMP-1004,33.99,1,9/21/2026 1:31:47 PM,9/21/2026 1:43:47 PM,,,0
7012457,UL-002557,Electronics item UL-002557,Electronics,Active,Mercari,EMP-1005,14.99,1,9/21/2026 9:08:09 AM,9/21/2026 9:20:09 AM,,,0
7012458,UL-002558,Books item UL-002558,Books,Active,Amazon,EMP-1003,33.99,1,9/21/2026 5:32:39 PM,9/21/2026 5:44:39 PM,,,0
7012459,UL-002559,Books item UL-002559,Books,Active,ShopGoodwill,EMP-1004,27.99,1,9/21/2026 4:53:09 PM,9/21/2026 5:05:09 PM,,,0
7012460,UL-002560,Home Decor item UL-002560,Home Decor,Active,ShopGoodwill,EMP-1002,10.99,1,9/21/2026 2:16:12 PM,9/21/2026 2:28:12 PM,,,0
7012461,UL-002561,Books item UL-002561,Books,Active,ShopGoodwill,EMP-1005,19.99,1,9/21/2026 11:49:17 AM,9/21/2026 12:01:17 PM,,,0
7012462,UL-002562,Books item UL-002562,Books,Active,eBay,EMP-1004,20.99,1,9/21/2026 9:52:04 AM,9/21/2026 10:04:04 AM,,,0
7012463,UL-002563,Clothing item UL-002563,Clothing,Active,eBay,EMP-1003,25.99,1,9/21/2026 10:47:53 AM,9/21/2026 10:59:53 AM,,,0
7012464,UL-002564,Books item UL-002564,Books,Active,Amazon,EMP-1004,16.99,1,9/21/2026 8:42:14 AM,9/21/2026 8:54:14 AM,,,0
7012465,UL-002565,Shoes item UL-002565,Shoes,Active,ShopGoodwill,EMP-1001,31.99,1,9/22/2026 3:19:12 PM,9/22/2026 3:31:12 PM,,,0
7012466,UL-002566,Collectibles item UL-002566,Collectibles,Active,ShopGoodwill,EMP-1003,29.99,1,9/22/2026 5:36:25 PM,9/22/2026 5:48:25 PM,,,0
7012467,UL-002567,Collectibles item UL-002567,Collectibles,Active,Amazon,EMP-1003,15.99,1,9/22/2026 8:39:30 AM,9/22/2026 8:51:30 AM,,,0
7012468,UL-002568,Clothing item UL-002568,Clothing,Active,ShopGoodwill,EMP-1002,26.99,1,9/22/2026 1:04:16 PM,9/22/2026 1:16:16 PM,,,0
7012469,UL-002569,Electronics item UL-002569,Electronics,Active,eBay,EMP-1001,31.99,1,9/22/2026 2:57:34 PM,9/22/2026 3:09:34 PM,,,0
7012470,UL-002570,Clothing item UL-002570,Clothing,Active,Amazon,EMP-1006,28.99,1,9/22/2026 10:12:33 AM,9/22/2026 10:24:33 AM,,,0
7012471,UL-002571,Electronics item UL-002571,Electronics,Active,ShopGoodwill,EMP-1006,14.99,1,9/22/2026 12:13:21 PM,9/22/2026 12:25:21 PM,,,0
7012472,UL-002572,Handbags item UL-002572,Handbags,Active,Amazon,EMP-1001,49.99,1,9/22/2026 10:54:29 AM,9/22/2026 11:06:29 AM,,,0
7012473,UL-002573,Clothing item UL-002573,Clothing,Active,ShopGoodwill,EMP-1002,18.99,1,9/22/2026 9:24:26 AM,9/22/2026 9:36:26 AM,,,0
7012474,UL-002574,Home Decor item UL-002574,Home Decor,Active,Amazon,EMP-1005,25.99,1,9/22/2026 5:23:02 PM,9/22/2026 5:35:02 PM,,,0
7012475,UL-002575,Handbags item UL-002575,Handbags,Active,eBay,EMP-1004,27.99,1,9/22/2026 12:33:31 PM,9/22/2026 12:45:31 PM,,,0
7012476,UL-002576,Clothing item UL-002576,Clothing,Active,ShopGoodwill,EMP-1002,8.99,1,9/22/2026 2:25:49 PM,9/22/2026 2:37:49 PM,,,0
7012477,UL-002577,Watches item UL-002577,Watches,Active,ShopGoodwill,EMP-1005,31.99,1,9/22/2026 1:41:07 PM,9/22/2026 1:53:07 PM,,,0
7012478,UL-002578,Electronics item UL-002578,Electronics,Active,eBay,EMP-1004,15.99,1,9/22/2026 4:24:42 PM,9/22/2026 4:36:42 PM,,,0
7012479,UL-002579,Clothing item UL-002579,Clothing,Active,ShopGoodwill,EMP-1001,52.99,1,9/22/2026 3:56:43 PM,9/22/2026 4:08:43 PM,,,0
7012480,UL-002580,Electronics item UL-002580,Electronics,Active,eBay,EMP-1006,21.99,1,9/22/2026 12:45:53 PM,9/22/2026 12:57:53 PM,,,0
7012481,UL-002581,Books item UL-002581,Books,Active,eBay,EMP-1005,57.99,1,9/22/2026 5:24:57 PM,9/22/2026 5:36:57 PM,,,0
7012482,UL-002582,Shoes item UL-002582,Shoes,Active,ShopGoodwill,EMP-1006,9.99,1,9/22/2026 2:00:38 PM,9/22/2026 2:12:38 PM,,,0
7012483,UL-002583,Clothing item UL-002583,Clothing,Active,Mercari,EMP-1002,13.99,1,9/22/2026 12:20:43 PM,9/22/2026 12:32:43 PM,,,0
7012484,UL-002584,Jewelry item UL-002584,Jewelry,Active,Amazon,EMP-1003,16.99,1,9/22/2026 8:04:20 AM,9/22/2026 8:16:20 AM,,,0
7012485,UL-002585,Clothing item UL-002585,Clothing,Active,Mercari,EMP-1004,34.99,1,9/22/2026 5:25:11 PM,9/22/2026 5:37:11 PM,,,0
7012486,UL-002586,Kitchen item UL-002586,Kitchen,Active,ShopGoodwill,EMP-1001,67.99,1,9/22/2026 8:21:37 AM,9/22/2026 8:33:37 AM,,,0
7012487,UL-002587,Clothing item UL-002587,Clothing,Active,Amazon,EMP-1001,18.99,1,9/22/2026 2:29:42 PM,9/22/2026 2:41:42 PM,,,0
7012488,UL-002588,Electronics item UL-002588,Electronics,Active,Amazon,EMP-1005,26.99,1,9/22/2026 9:04:22 AM,9/22/2026 9:16:22 AM,,,0
7012489,UL-002589,Clothing item UL-002589,Clothing,Active,ShopGoodwill,EMP-1003,31.99,1,9/22/2026 12:10:40 PM,9/22/2026 12:22:40 PM,,,0
7012490,UL-002590,Shoes item UL-002590,Shoes,Active,eBay,EMP-1002,20.99,1,9/22/2026 2:42:03 PM,9/22/2026 2:54:03 PM,,,0
7012491,UL-002591,Shoes item UL-002591,Shoes,Active,ShopGoodwill,EMP-1001,50.99,1,9/22/2026 2:02:36 PM,9/22/2026 2:14:36 PM,,,0
7012492,UL-002592,Clothing item UL-002592,Clothing,Active,ShopGoodwill,EMP-1003,13.99,1,9/22/2026 9:08:17 AM,9/22/2026 9:20:17 AM,,,0
7012493,UL-002593,Electronics item UL-002593,Electronics,Active,ShopGoodwill,EMP-1001,39.99,1,9/22/2026 12:06:21 PM,9/22/2026 12:18:21 PM,,,0
7012494,UL-002594,Clothing item UL-002594,Clothing,Active,eBay,EMP-1003,17.99,1,9/22/2026 9:10:20 AM,9/22/2026 9:22:20 AM,,,0
7012495,UL-002595,Media item UL-002595,Media,Active,Amazon,EMP-1005,31.99,1,9/22/2026 5:29:48 PM,9/22/2026 5:41:48 PM,,,0
7012496,UL-002596,Clothing item UL-002596,Clothing,Active,eBay,EMP-1002,22.99,1,9/22/2026 5:13:52 PM,9/22/2026 5:25:52 PM,,,0
7012497,UL-002597,Electronics item UL-002597,Electronics,Active,ShopGoodwill,EMP-1001,84.99,1,9/22/2026 4:00:19 PM,9/22/2026 4:12:19 PM,,,0
7012498,UL-002598,Collectibles item UL-002598,Collectibles,Active,eBay,EMP-1001,17.99,1,9/22/2026 8:44:19 AM,9/22/2026 8:56:19 AM,,,0
7012499,UL-002599,Books item UL-002599,Books,Active,Mercari,EMP-1001,36.99,1,9/22/2026 12:24:52 PM,9/22/2026 12:36:52 PM,,,0
7012500,UL-002600,Collectibles item UL-002600,Collectibles,Active,eBay,EMP-1006,45.99,1,9/22/2026 8:21:34 AM,9/22/2026 8:33:34 AM,,,0
7012501,UL-002601,Clothing item UL-002601,Clothing,Active,ShopGoodwill,EMP-1003,18.99,1,9/22/2026 12:19:41 PM,9/22/2026 12:31:41 PM,,,0
7012502,UL-002602,Collectibles item UL-002602,Collectibles,Active,Mercari,EMP-1005,14.99,1,9/22/2026 9:31:32 AM,9/22/2026 9:43:32 AM,,,0
7012503,UL-002603,Jewelry item UL-002603,Jewelry,Active,ShopGoodwill,EMP-1004,11.99,1,9/22/2026 1:45:56 PM,9/22/2026 1:57:56 PM,,,0
7012504,UL-002604,Home Decor item UL-002604,Home Decor,Active,ShopGoodwill,EMP-1001,16.99,1,9/22/2026 10:44:04 AM,9/22/2026 10:56:04 AM,,,0
7012505,UL-002605,Books item UL-002605,Books,Active,eBay,EMP-1006,58.99,1,9/22/2026 9:46:29 AM,9/22/2026 9:58:29 AM,,,0
7012506,UL-002606,Clothing item UL-002606,Clothing,Active,ShopGoodwill,EMP-1003,35.99,1,9/22/2026 10:56:10 AM,9/22/2026 11:08:10 AM,,,0
7012507,UL-002607,Collectibles item UL-002607,Collectibles,Active,ShopGoodwill,EMP-1002,20.99,1,9/22/2026 8:16:37 AM,9/22/2026 8:28:37 AM,,,0
7012508,UL-002608,Clothing item UL-002608,Clothing,Active,Amazon,EMP-1005,10.99,1,9/22/2026 11:17:58 AM,9/22/2026 11:29:58 AM,,,0
7012509,UL-002609,Media item UL-002609,Media,Active,Amazon,EMP-1006,68.99,1,9/22/2026 2:12:29 PM,9/22/2026 2:24:29 PM,,,0
7012510,UL-002610,Jewelry item UL-002610,Jewelry,Active,eBay,EMP-1002,61.99,1,9/22/2026 1:13:29 PM,9/22/2026 1:25:29 PM,,,0
7012511,UL-002611,Clothing item UL-002611,Clothing,Active,Amazon,EMP-1002,30.99,1,9/22/2026 11:39:12 AM,9/22/2026 11:51:12 AM,,,0
7012512,UL-002612,Shoes item UL-002612,Shoes,Active,eBay,EMP-1003,25.99,1,9/22/2026 2:41:20 PM,9/22/2026 2:53:20 PM,,,0
7012513,UL-002613,Books item UL-002613,Books,Active,ShopGoodwill,EMP-1005,30.99,1,9/22/2026 3:02:52 PM,9/22/2026 3:14:52 PM,,,0
7012514,UL-002614,Books item UL-002614,Books,Active,Mercari,EMP-1006,48.99,1,9/22/2026 3:13:31 PM,9/22/2026 3:25:31 PM,,,0
7012515,UL-002615,Electronics item UL-002615,Electronics,Active,ShopGoodwill,EMP-1004,44.99,1,9/22/2026 11:46:52 AM,9/22/2026 11:58:52 AM,,,0
7012516,UL-002616,Kitchen item UL-002616,Kitchen,Active,ShopGoodwill,EMP-1005,14.99,1,9/22/2026 2:46:30 PM,9/22/2026 2:58:30 PM,,,0
7012517,UL-002617,Collectibles item UL-002617,Collectibles,Active,ShopGoodwill,EMP-1006,26.99,1,9/22/2026 11:12:19 AM,9/22/2026 11:24:19 AM,,,0
7012518,UL-002618,Jewelry item UL-002618,Jewelry,Active,Amazon,EMP-1002,14.99,1,9/22/2026 10:49:27 AM,9/22/2026 11:01:27 AM,,,0
7012519,UL-002619,Jewelry item UL-002619,Jewelry,Active,eBay,EMP-1004,19.99,1,9/23/2026 9:55:58 AM,9/23/2026 10:07:58 AM,,,0
7012520,UL-002620,Clothing item UL-002620,Clothing,Active,ShopGoodwill,EMP-1001,56.99,1,9/23/2026 11:14:28 AM,9/23/2026 11:26:28 AM,,,0
7012521,UL-002621,Collectibles item UL-002621,Collectibles,Active,Mercari,EMP-1005,13.99,1,9/23/2026 4:50:29 PM,9/23/2026 5:02:29 PM,,,0
7012522,UL-002622,Collectibles item UL-002622,Collectibles,Active,Amazon,EMP-1004,24.99,1,9/23/2026 11:22:44 AM,9/23/2026 11:34:44 AM,,,0
7012523,UL-002623,Electronics item UL-002623,Electronics,Active,Amazon,EMP-1004,8.99,1,9/23/2026 9:11:21 AM,9/23/2026 9:23:21 AM,,,0
7012524,UL-002624,Watches item UL-002624,Watches,Active,ShopGoodwill,EMP-1001,33.99,1,9/23/2026 12:01:23 PM,9/23/2026 12:13:23 PM,,,0
7012525,UL-002625,Collectibles item UL-002625,Collectibles,Active,ShopGoodwill,EMP-1004,19.99,1,9/23/2026 8:54:28 AM,9/23/2026 9:06:28 AM,,,0
7012526,UL-002626,Electronics item UL-002626,Electronics,Active,Amazon,EMP-1001,12.99,1,9/23/2026 9:07:46 AM,9/23/2026 9:19:46 AM,,,0
7012527,UL-002627,Shoes item UL-002627,Shoes,Active,ShopGoodwill,EMP-1004,31.99,1,9/23/2026 3:18:10 PM,9/23/2026 3:30:10 PM,,,0
7012528,UL-002628,Electronics item UL-002628,Electronics,Active,ShopGoodwill,EMP-1005,17.99,1,9/23/2026 12:02:38 PM,9/23/2026 12:14:38 PM,,,0
7012529,UL-002629,Clothing item UL-002629,Clothing,Active,ShopGoodwill,EMP-1004,73.99,1,9/23/2026 2:41:18 PM,9/23/2026 2:53:18 PM,,,0
7012530,UL-002630,Art item UL-002630,Art,Active,ShopGoodwill,EMP-1005,67.99,1,9/23/2026 10:18:28 AM,9/23/2026 10:30:28 AM,,,0
7012531,UL-002631,Books item UL-002631,Books,Active,ShopGoodwill,EMP-1006,80.99,1,9/23/2026 5:27:12 PM,9/23/2026 5:39:12 PM,,,0
7012532,UL-002632,Books item UL-002632,Books,Active,Amazon,EMP-1003,27.99,1,9/23/2026 5:12:27 PM,9/23/2026 5:24:27 PM,,,0
7012533,UL-002633,Electronics item UL-002633,Electronics,Active,Mercari,EMP-1001,37.99,1,9/23/2026 2:09:01 PM,9/23/2026 2:21:01 PM,,,0
7012534,UL-002634,Electronics item UL-002634,Electronics,Active,Mercari,EMP-1003,25.99,1,9/23/2026 11:28:08 AM,9/23/2026 11:40:08 AM,,,0
7012535,UL-002635,Collectibles item UL-002635,Collectibles,Active,eBay,EMP-1003,47.99,1,9/23/2026 12:31:47 PM,9/23/2026 12:43:47 PM,,,0
7012536,UL-002636,Toys item UL-002636,Toys,Active,ShopGoodwill,EMP-1006,32.99,1,9/23/2026 4:39:57 PM,9/23/2026 4:51:57 PM,,,0
7012537,UL-002637,Media item UL-002637,Media,Active,ShopGoodwill,EMP-1001,23.99,1,9/23/2026 1:15:49 PM,9/23/2026 1:27:49 PM,,,0
7012538,UL-002638,Jewelry item UL-002638,Jewelry,Active,eBay,EMP-1003,26.99,1,9/23/2026 1:41:26 PM,9/23/2026 1:53:26 PM,,,0
7012539,UL-002639,Media item UL-002639,Media,Active,ShopGoodwill,EMP-1006,130.99,1,9/23/2026 5:00:54 PM,9/23/2026 5:12:54 PM,,,0
7012540,UL-002640,Electronics item UL-002640,Electronics,Active,Mercari,EMP-1006,26.99,1,9/23/2026 10:43:53 AM,9/23/2026 10:55:53 AM,,,0
7012541,UL-002641,Watches item UL-002641,Watches,Active,eBay,EMP-1004,21.99,1,9/23/2026 12:11:48 PM,9/23/2026 12:23:48 PM,,,0
7012542,UL-002642,Books item UL-002642,Books,Active,Mercari,EMP-1004,12.99,1,9/23/2026 11:49:57 AM,9/23/2026 12:01:57 PM,,,0
7012543,UL-002643,Collectibles item UL-002643,Collectibles,Active,Amazon,EMP-1003,45.99,1,9/23/2026 10:24:24 AM,9/23/2026 10:36:24 AM,,,0
7012544,UL-002644,Books item UL-002644,Books,Active,Amazon,EMP-1006,55.99,1,9/23/2026 12:59:17 PM,9/23/2026 1:11:17 PM,,,0
7012545,UL-002645,Books item UL-002645,Books,Active,Amazon,EMP-1004,43.99,1,9/23/2026 8:03:15 AM,9/23/2026 8:15:15 AM,,,0
7012546,UL-002646,Home Decor item UL-002646,Home Decor,Active,Amazon,EMP-1005,31.99,1,9/23/2026 4:19:56 PM,9/23/2026 4:31:56 PM,,,0
7012547,UL-002647,Electronics item UL-002647,Electronics,Active,ShopGoodwill,EMP-1003,104.99,1,9/23/2026 4:20:58 PM,9/23/2026 4:32:58 PM,,,0
7012548,UL-002648,Electronics item UL-002648,Electronics,Active,ShopGoodwill,EMP-1006,22.99,1,9/23/2026 2:35:47 PM,9/23/2026 2:47:47 PM,,,0
7012549,UL-002649,Electronics item UL-002649,Electronics,Active,ShopGoodwill,EMP-1001,5.99,1,9/23/2026 2:42:01 PM,9/23/2026 2:54:01 PM,,,0
7012550,UL-002650,Clothing item UL-002650,Clothing,Active,ShopGoodwill,EMP-1006,29.99,1,9/23/2026 2:15:30 PM,9/23/2026 2:27:30 PM,,,0
7012551,UL-002651,Books item UL-002651,Books,Active,Amazon,EMP-1005,51.99,1,9/23/2026 3:58:25 PM,9/23/2026 4:10:25 PM,,,0
7012552,UL-002652,Clothing item UL-002652,Clothing,Active,eBay,EMP-1005,22.99,1,9/23/2026 11:24:38 AM,9/23/2026 11:36:38 AM,,,0
7012553,UL-002653,Home Decor item UL-002653,Home Decor,Active,eBay,EMP-1005,39.99,1,9/23/2026 12:01:30 PM,9/23/2026 12:13:30 PM,,,0
7012554,UL-002654,Clothing item UL-002654,Clothing,Active,ShopGoodwill,EMP-1005,16.99,1,9/23/2026 3:44:24 PM,9/23/2026 3:56:24 PM,,,0
7012555,UL-002655,Clothing item UL-002655,Clothing,Active,Amazon,EMP-1005,20.99,1,9/23/2026 3:22:34 PM,9/23/2026 3:34:34 PM,,,0
7012556,UL-002656,Books item UL-002656,Books,Active,ShopGoodwill,EMP-1002,65.99,1,9/23/2026 9:40:18 AM,9/23/2026 9:52:18 AM,,,0
7012557,UL-002657,Media item UL-002657,Media,Active,ShopGoodwill,EMP-1004,19.99,1,9/23/2026 12:38:36 PM,9/23/2026 12:50:36 PM,,,0
7012558,UL-002658,Electronics item UL-002658,Electronics,Active,Amazon,EMP-1003,15.99,1,9/23/2026 2:30:32 PM,9/23/2026 2:42:32 PM,,,0
7012559,UL-002659,Kitchen item UL-002659,Kitchen,Active,Amazon,EMP-1003,23.99,1,9/23/2026 9:16:10 AM,9/23/2026 9:28:10 AM,,,0
7012560,UL-002660,Shoes item UL-002660,Shoes,Active,ShopGoodwill,EMP-1005,43.99,1,9/23/2026 5:27:13 PM,9/23/2026 5:39:13 PM,,,0
7012561,UL-002661,Sporting Goods item UL-002661,Sporting Goods,Active,ShopGoodwill,EMP-1002,14.99,1,9/23/2026 8:56:20 AM,9/23/2026 9:08:20 AM,,,0
7012562,UL-002662,Electronics item UL-002662,Electronics,Active,Amazon,EMP-1004,20.99,1,9/23/2026 11:00:53 AM,9/23/2026 11:12:53 AM,,,0
7012563,UL-002663,Books item UL-002663,Books,Active,Amazon,EMP-1006,18.99,1,9/23/2026 5:43:55 PM,9/23/2026 5:55:55 PM,,,0
7012564,UL-002664,Electronics item UL-002664,Electronics,Active,Amazon,EMP-1006,22.99,1,9/23/2026 11:55:44 AM,9/23/2026 12:07:44 PM,,,0
7012565,UL-002665,Clothing item UL-002665,Clothing,Active,Amazon,EMP-1003,28.99,1,9/23/2026 2:39:41 PM,9/23/2026 2:51:41 PM,,,0
7012566,UL-002666,Books item UL-002666,Books,Active,ShopGoodwill,EMP-1005,38.99,1,9/23/2026 9:56:56 AM,9/23/2026 10:08:56 AM,,,0
7012567,UL-002667,Media item UL-002667,Media,Active,Amazon,EMP-1003,15.99,1,9/23/2026 12:30:39 PM,9/23/2026 12:42:39 PM,,,0
7012568,UL-002668,Jewelry item UL-002668,Jewelry,Active,Amazon,EMP-1005,17.99,1,9/23/2026 2:29:12 PM,9/23/2026 2:41:12 PM,,,0
7012569,UL-002669,Collectibles item UL-002669,Collectibles,Active,ShopGoodwill,EMP-1001,9.99,1,9/23/2026 3:54:19 PM,9/23/2026 4:06:19 PM,,,0
7012570,UL-002670,Clothing item UL-002670,Clothing,Active,Mercari,EMP-1005,42.99,1,9/23/2026 9:56:59 AM,9/23/2026 10:08:59 AM,,,0
7012571,UL-002671,Books item UL-002671,Books,Active,Mercari,EMP-1002,13.99,1,9/23/2026 3:05:29 PM,9/23/2026 3:17:29 PM,,,0
7012572,UL-002672,Electronics item UL-002672,Electronics,Active,Mercari,EMP-1006,33.99,1,9/23/2026 9:34:31 AM,9/23/2026 9:46:31 AM,,,0
7012573,UL-002673,Electronics item UL-002673,Electronics,Active,eBay,EMP-1001,21.99,1,9/23/2026 5:05:35 PM,9/23/2026 5:17:35 PM,,,0
7012574,UL-002674,Watches item UL-002674,Watches,Active,ShopGoodwill,EMP-1004,8.99,1,9/23/2026 8:17:55 AM,9/23/2026 8:29:55 AM,,,0
7012575,UL-002675,Jewelry item UL-002675,Jewelry,Active,eBay,EMP-1004,39.99,1,9/24/2026 5:34:41 PM,9/24/2026 5:46:41 PM,,,0
7012576,UL-002676,Books item UL-002676,Books,Active,Amazon,EMP-1005,31.99,1,9/24/2026 3:25:11 PM,9/24/2026 3:37:11 PM,,,0
7012577,UL-002677,Handbags item UL-002677,Handbags,Active,Mercari,EMP-1003,55.99,1,9/24/2026 12:25:47 PM,9/24/2026 12:37:47 PM,,,0
7012578,UL-002678,Media item UL-002678,Media,Active,ShopGoodwill,EMP-1002,54.99,1,9/24/2026 8:21:49 AM,9/24/2026 8:33:49 AM,,,0
7012579,UL-002679,Books item UL-002679,Books,Active,Mercari,EMP-1002,43.99,1,9/24/2026 8:33:47 AM,9/24/2026 8:45:47 AM,,,0
7012580,UL-002680,Collectibles item UL-002680,Collectibles,Active,Amazon,EMP-1005,6.99,1,9/24/2026 8:24:43 AM,9/24/2026 8:36:43 AM,,,0
7012581,UL-002681,Shoes item UL-002681,Shoes,Active,Amazon,EMP-1004,14.99,1,9/24/2026 10:54:06 AM,9/24/2026 11:06:06 AM,,,0
7012582,UL-002682,Books item UL-002682,Books,Active,eBay,EMP-1004,27.99,1,9/24/2026 11:42:24 AM,9/24/2026 11:54:24 AM,,,0
7012583,UL-002683,Media item UL-002683,Media,Active,eBay,EMP-1001,6.99,1,9/24/2026 2:12:56 PM,9/24/2026 2:24:56 PM,,,0
7012584,UL-002684,Books item UL-002684,Books,Active,ShopGoodwill,EMP-1004,100.99,1,9/24/2026 10:39:27 AM,9/24/2026 10:51:27 AM,,,0
7012585,UL-002685,Jewelry item UL-002685,Jewelry,Active,eBay,EMP-1002,36.99,1,9/24/2026 1:57:45 PM,9/24/2026 2:09:45 PM,,,0
7012586,UL-002686,Electronics item UL-002686,Electronics,Active,ShopGoodwill,EMP-1002,46.99,1,9/24/2026 3:22:50 PM,9/24/2026 3:34:50 PM,,,0
7012587,UL-002687,Home Decor item UL-002687,Home Decor,Active,ShopGoodwill,EMP-1001,26.99,1,9/24/2026 12:35:38 PM,9/24/2026 12:47:38 PM,,,0
7012588,UL-002688,Books item UL-002688,Books,Active,ShopGoodwill,EMP-1001,18.99,1,9/24/2026 12:13:29 PM,9/24/2026 12:25:29 PM,,,0
7012589,UL-002689,Handbags item UL-002689,Handbags,Active,ShopGoodwill,EMP-1006,38.99,1,9/24/2026 2:37:18 PM,9/24/2026 2:49:18 PM,,,0
7012590,UL-002690,Electronics item UL-002690,Electronics,Active,ShopGoodwill,EMP-1002,13.99,1,9/24/2026 10:58:00 AM,9/24/2026 11:10:00 AM,,,0
7012591,UL-002691,Media item UL-002691,Media,Active,Amazon,EMP-1006,11.99,1,9/24/2026 2:16:18 PM,9/24/2026 2:28:18 PM,,,0
7012592,UL-002692,Collectibles item UL-002692,Collectibles,Active,ShopGoodwill,EMP-1005,45.99,1,9/24/2026 4:45:23 PM,9/24/2026 4:57:23 PM,,,0
7012593,UL-002693,Collectibles item UL-002693,Collectibles,Active,ShopGoodwill,EMP-1001,18.99,1,9/24/2026 12:53:37 PM,9/24/2026 1:05:37 PM,,,0
7012594,UL-002694,Watches item UL-002694,Watches,Active,Amazon,EMP-1004,18.99,1,9/24/2026 3:19:09 PM,9/24/2026 3:31:09 PM,,,0
7012595,UL-002695,Books item UL-002695,Books,Active,Amazon,EMP-1004,20.99,1,9/24/2026 7:55:59 AM,9/24/2026 8:07:59 AM,,,0
7012596,UL-002696,Media item UL-002696,Media,Active,Amazon,EMP-1004,15.99,1,9/24/2026 5:06:15 PM,9/24/2026 5:18:15 PM,,,0
7012597,UL-002697,Clothing item UL-002697,Clothing,Active,Amazon,EMP-1004,17.99,1,9/24/2026 2:59:24 PM,9/24/2026 3:11:24 PM,,,0
7012598,UL-002698,Media item UL-002698,Media,Active,Amazon,EMP-1001,29.99,1,9/24/2026 12:21:37 PM,9/24/2026 12:33:37 PM,,,0
7012599,UL-002699,Collectibles item UL-002699,Collectibles,Active,eBay,EMP-1003,25.99,1,9/24/2026 10:34:10 AM,9/24/2026 10:46:10 AM,,,0
7012600,UL-002700,Clothing item UL-002700,Clothing,Active,Mercari,EMP-1006,61.99,1,9/24/2026 8:11:13 AM,9/24/2026 8:23:13 AM,,,0
7012601,UL-002701,Electronics item UL-002701,Electronics,Active,Amazon,EMP-1005,6.99,1,9/24/2026 12:28:54 PM,9/24/2026 12:40:54 PM,,,0
7012602,UL-002702,Electronics item UL-002702,Electronics,Active,eBay,EMP-1003,11.99,1,9/24/2026 9:42:23 AM,9/24/2026 9:54:23 AM,,,0
7012603,UL-002703,Media item UL-002703,Media,Active,eBay,EMP-1003,37.99,1,9/24/2026 10:14:41 AM,9/24/2026 10:26:41 AM,,,0
7012604,UL-002704,Books item UL-002704,Books,Active,ShopGoodwill,EMP-1003,48.99,1,9/24/2026 7:55:17 AM,9/24/2026 8:07:17 AM,,,0
7012605,UL-002705,Books item UL-002705,Books,Active,ShopGoodwill,EMP-1001,9.99,1,9/24/2026 8:09:15 AM,9/24/2026 8:21:15 AM,,,0
7012606,UL-002706,Electronics item UL-002706,Electronics,Active,ShopGoodwill,EMP-1004,27.99,1,9/24/2026 10:26:58 AM,9/24/2026 10:38:58 AM,,,0
7012607,UL-002707,Books item UL-002707,Books,Active,ShopGoodwill,EMP-1004,34.99,1,9/24/2026 12:43:12 PM,9/24/2026 12:55:12 PM,,,0
7012608,UL-002708,Books item UL-002708,Books,Active,ShopGoodwill,EMP-1001,36.99,1,9/24/2026 10:16:30 AM,9/24/2026 10:28:30 AM,,,0
7012609,UL-002709,Books item UL-002709,Books,Active,ShopGoodwill,EMP-1002,15.99,1,9/24/2026 12:24:29 PM,9/24/2026 12:36:29 PM,,,0
7012610,UL-002710,Clothing item UL-002710,Clothing,Active,Amazon,EMP-1002,76.99,1,9/24/2026 12:41:58 PM,9/24/2026 12:53:58 PM,,,0
7012611,UL-002711,Media item UL-002711,Media,Active,Amazon,EMP-1005,11.99,1,9/24/2026 9:24:29 AM,9/24/2026 9:36:29 AM,,,0
7012612,UL-002712,Media item UL-002712,Media,Active,Amazon,EMP-1004,42.99,1,9/24/2026 3:05:32 PM,9/24/2026 3:17:32 PM,,,0
7012613,UL-002713,Art item UL-002713,Art,Active,eBay,EMP-1006,16.99,1,9/24/2026 8:20:21 AM,9/24/2026 8:32:21 AM,,,0
7012614,UL-002714,Home Decor item UL-002714,Home Decor,Active,Amazon,EMP-1006,22.99,1,9/24/2026 10:35:01 AM,9/24/2026 10:47:01 AM,,,0
7012615,UL-002715,Books item UL-002715,Books,Active,ShopGoodwill,EMP-1006,8.99,1,9/24/2026 5:20:55 PM,9/24/2026 5:32:55 PM,,,0
7012616,UL-002716,Books item UL-002716,Books,Active,eBay,EMP-1002,11.99,1,9/24/2026 8:02:30 AM,9/24/2026 8:14:30 AM,,,0
7012617,UL-002717,Books item UL-002717,Books,Active,ShopGoodwill,EMP-1003,30.99,1,9/24/2026 10:44:57 AM,9/24/2026 10:56:57 AM,,,0
7012618,UL-002718,Books item UL-002718,Books,Active,Amazon,EMP-1002,32.99,1,9/24/2026 9:22:43 AM,9/24/2026 9:34:43 AM,,,0
7012619,UL-002719,Clothing item UL-002719,Clothing,Active,Mercari,EMP-1005,20.99,1,9/24/2026 9:32:12 AM,9/24/2026 9:44:12 AM,,,0
7012620,UL-002720,Clothing item UL-002720,Clothing,Active,ShopGoodwill,EMP-1005,46.99,1,9/24/2026 8:43:01 AM,9/24/2026 8:55:01 AM,,,0
7012621,UL-002721,Toys item UL-002721,Toys,Active,ShopGoodwill,EMP-1004,22.99,1,9/24/2026 10:07:55 AM,9/24/2026 10:19:55 AM,,,0
7012622,UL-002722,Shoes item UL-002722,Shoes,Active,Amazon,EMP-1004,13.99,1,9/24/2026 9:37:16 AM,9/24/2026 9:49:16 AM,,,0
7012623,UL-002723,Collectibles item UL-002723,Collectibles,Active,eBay,EMP-1006,41.99,1,9/24/2026 1:35:04 PM,9/24/2026 1:47:04 PM,,,0
7012624,UL-002724,Collectibles item UL-002724,Collectibles,Active,ShopGoodwill,EMP-1004,17.99,1,9/24/2026 2:37:51 PM,9/24/2026 2:49:51 PM,,,0
7012625,UL-002725,Books item UL-002725,Books,Active,ShopGoodwill,EMP-1005,15.99,1,9/24/2026 11:54:29 AM,9/24/2026 12:06:29 PM,,,0
7012626,UL-002726,Shoes item UL-002726,Shoes,Active,eBay,EMP-1001,53.99,1,9/24/2026 2:30:12 PM,9/24/2026 2:42:12 PM,,,0
7012627,UL-002727,Clothing item UL-002727,Clothing,Active,eBay,EMP-1006,22.99,1,9/24/2026 8:23:38 AM,9/24/2026 8:35:38 AM,,,0
7012628,UL-002728,Books item UL-002728,Books,Active,ShopGoodwill,EMP-1004,23.99,1,9/24/2026 3:21:21 PM,9/24/2026 3:33:21 PM,,,0
7012629,UL-002729,Books item UL-002729,Books,Active,eBay,EMP-1002,34.99,1,9/24/2026 9:14:17 AM,9/24/2026 9:26:17 AM,,,0
7012630,UL-002730,Collectibles item UL-002730,Collectibles,Active,ShopGoodwill,EMP-1002,43.99,1,9/24/2026 8:05:48 AM,9/24/2026 8:17:48 AM,,,0
7012631,UL-002731,Media item UL-002731,Media,Active,eBay,EMP-1003,41.99,1,9/24/2026 11:18:13 AM,9/24/2026 11:30:13 AM,,,0
7012632,UL-002732,Books item UL-002732,Books,Active,eBay,EMP-1002,56.99,1,9/24/2026 11:09:45 AM,9/24/2026 11:21:45 AM,,,0
7012633,UL-002733,Books item UL-002733,Books,Active,Amazon,EMP-1001,7.99,1,9/24/2026 9:39:18 AM,9/24/2026 9:51:18 AM,,,0
7012634,UL-002734,Electronics item UL-002734,Electronics,Active,ShopGoodwill,EMP-1001,23.99,1,9/24/2026 1:54:40 PM,9/24/2026 2:06:40 PM,,,0
7012635,UL-002735,Books item UL-002735,Books,Active,Amazon,EMP-1004,8.99,1,9/24/2026 4:31:29 PM,9/24/2026 4:43:29 PM,,,0
7012636,UL-002736,Collectibles item UL-002736,Collectibles,Active,ShopGoodwill,EMP-1002,35.99,1,9/24/2026 2:01:37 PM,9/24/2026 2:13:37 PM,,,0
7012637,UL-002737,Books item UL-002737,Books,Active,ShopGoodwill,EMP-1004,47.99,1,9/24/2026 5:24:10 PM,9/24/2026 5:36:10 PM,,,0
7012638,UL-002738,Electronics item UL-002738,Electronics,Active,ShopGoodwill,EMP-1005,28.99,1,9/25/2026 8:02:55 AM,9/25/2026 8:14:55 AM,,,0
7012639,UL-002739,Sporting Goods item UL-002739,Sporting Goods,Active,Amazon,EMP-1006,11.99,1,9/25/2026 12:25:16 PM,9/25/2026 12:37:16 PM,,,0
7012640,UL-002740,Media item UL-002740,Media,Active,Amazon,EMP-1002,15.99,1,9/25/2026 12:25:53 PM,9/25/2026 12:37:53 PM,,,0
7012641,UL-002741,Clothing item UL-002741,Clothing,Active,eBay,EMP-1003,18.99,1,9/25/2026 2:20:26 PM,9/25/2026 2:32:26 PM,,,0
7012642,UL-002742,Shoes item UL-002742,Shoes,Active,Amazon,EMP-1003,31.99,1,9/25/2026 12:59:31 PM,9/25/2026 1:11:31 PM,,,0
7012643,UL-002743,Electronics item UL-002743,Electronics,Active,ShopGoodwill,EMP-1001,15.99,1,9/25/2026 8:16:34 AM,9/25/2026 8:28:34 AM,,,0
7012644,UL-002744,Clothing item UL-002744,Clothing,Active,Amazon,EMP-1003,59.99,1,9/25/2026 11:16:09 AM,9/25/2026 11:28:09 AM,,,0
7012645,UL-002745,Jewelry item UL-002745,Jewelry,Active,eBay,EMP-1002,18.99,1,9/25/2026 3:13:13 PM,9/25/2026 3:25:13 PM,,,0
7012646,UL-002746,Shoes item UL-002746,Shoes,Active,ShopGoodwill,EMP-1006,11.99,1,9/25/2026 12:20:33 PM,9/25/2026 12:32:33 PM,,,0
7012647,UL-002747,Art item UL-002747,Art,Active,eBay,EMP-1006,52.99,1,9/25/2026 12:59:11 PM,9/25/2026 1:11:11 PM,,,0
7012648,UL-002748,Books item UL-002748,Books,Active,ShopGoodwill,EMP-1001,10.99,1,9/25/2026 1:32:57 PM,9/25/2026 1:44:57 PM,,,0
7012649,UL-002749,Shoes item UL-002749,Shoes,Active,Amazon,EMP-1002,51.99,1,9/25/2026 11:28:36 AM,9/25/2026 11:40:36 AM,,,0
7012650,UL-002750,Clothing item UL-002750,Clothing,Active,Amazon,EMP-1003,13.99,1,9/25/2026 4:31:53 PM,9/25/2026 4:43:53 PM,,,0
7012651,UL-002751,Home Decor item UL-002751,Home Decor,Active,Amazon,EMP-1004,24.99,1,9/25/2026 4:49:47 PM,9/25/2026 5:01:47 PM,,,0
7012652,UL-002752,Electronics item UL-002752,Electronics,Active,ShopGoodwill,EMP-1002,7.99,1,9/25/2026 1:29:01 PM,9/25/2026 1:41:01 PM,,,0
7012653,UL-002753,Clothing item UL-002753,Clothing,Active,ShopGoodwill,EMP-1003,87.99,1,9/25/2026 10:50:53 AM,9/25/2026 11:02:53 AM,,,0
7012654,UL-002754,Jewelry item UL-002754,Jewelry,Active,ShopGoodwill,EMP-1001,29.99,1,9/25/2026 5:35:09 PM,9/25/2026 5:47:09 PM,,,0
7012655,UL-002755,Handbags item UL-002755,Handbags,Active,Amazon,EMP-1003,23.99,1,9/25/2026 4:26:35 PM,9/25/2026 4:38:35 PM,,,0
7012656,UL-002756,Jewelry item UL-002756,Jewelry,Active,eBay,EMP-1003,59.99,1,9/25/2026 10:40:27 AM,9/25/2026 10:52:27 AM,,,0
7012657,UL-002757,Shoes item UL-002757,Shoes,Active,ShopGoodwill,EMP-1005,42.99,1,9/25/2026 3:10:26 PM,9/25/2026 3:22:26 PM,,,0
7012658,UL-002758,Collectibles item UL-002758,Collectibles,Active,ShopGoodwill,EMP-1004,22.99,1,9/25/2026 11:24:37 AM,9/25/2026 11:36:37 AM,,,0
7012659,UL-002759,Watches item UL-002759,Watches,Active,ShopGoodwill,EMP-1004,22.99,1,9/25/2026 12:33:20 PM,9/25/2026 12:45:20 PM,,,0
7012660,UL-002760,Handbags item UL-002760,Handbags,Active,ShopGoodwill,EMP-1004,30.99,1,9/25/2026 9:07:21 AM,9/25/2026 9:19:21 AM,,,0
7012661,UL-002761,Kitchen item UL-002761,Kitchen,Active,ShopGoodwill,EMP-1003,16.99,1,9/25/2026 11:19:49 AM,9/25/2026 11:31:49 AM,,,0
7012662,UL-002762,Media item UL-002762,Media,Active,Amazon,EMP-1005,69.99,1,9/25/2026 9:14:42 AM,9/25/2026 9:26:42 AM,,,0
7012663,UL-002763,Collectibles item UL-002763,Collectibles,Active,Amazon,EMP-1002,18.99,1,9/25/2026 3:53:19 PM,9/25/2026 4:05:19 PM,,,0
7012664,UL-002764,Toys item UL-002764,Toys,Active,Mercari,EMP-1004,47.99,1,9/25/2026 2:46:04 PM,9/25/2026 2:58:04 PM,,,0
7012665,UL-002765,Clothing item UL-002765,Clothing,Active,ShopGoodwill,EMP-1006,66.99,1,9/25/2026 9:05:49 AM,9/25/2026 9:17:49 AM,,,0
7012666,UL-002766,Electronics item UL-002766,Electronics,Active,ShopGoodwill,EMP-1001,19.99,1,9/25/2026 3:27:34 PM,9/25/2026 3:39:34 PM,,,0
7012667,UL-002767,Media item UL-002767,Media,Active,Mercari,EMP-1004,13.99,1,9/25/2026 10:07:03 AM,9/25/2026 10:19:03 AM,,,0
7012668,UL-002768,Watches item UL-002768,Watches,Active,ShopGoodwill,EMP-1002,33.99,1,9/25/2026 9:10:29 AM,9/25/2026 9:22:29 AM,,,0
7012669,UL-002769,Jewelry item UL-002769,Jewelry,Active,eBay,EMP-1003,13.99,1,9/25/2026 11:25:01 AM,9/25/2026 11:37:01 AM,,,0
7012670,UL-002770,Books item UL-002770,Books,Active,Mercari,EMP-1002,44.99,1,9/25/2026 12:26:35 PM,9/25/2026 12:38:35 PM,,,0
7012671,UL-002771,Home Decor item UL-002771,Home Decor,Active,ShopGoodwill,EMP-1005,45.99,1,9/25/2026 11:43:18 AM,9/25/2026 11:55:18 AM,,,0
7012672,UL-002772,Books item UL-002772,Books,Active,eBay,EMP-1004,59.99,1,9/25/2026 5:30:23 PM,9/25/2026 5:42:23 PM,,,0
7012673,UL-002773,Home Decor item UL-002773,Home Decor,Active,eBay,EMP-1006,21.99,1,9/25/2026 11:49:23 AM,9/25/2026 12:01:23 PM,,,0
7012674,UL-002774,Collectibles item UL-002774,Collectibles,Active,Amazon,EMP-1005,12.99,1,9/25/2026 2:54:54 PM,9/25/2026 3:06:54 PM,,,0
7012675,UL-002775,Books item UL-002775,Books,Active,eBay,EMP-1006,26.99,1,9/25/2026 11:34:18 AM,9/25/2026 11:46:18 AM,,,0
7012676,UL-002776,Kitchen item UL-002776,Kitchen,Active,eBay,EMP-1003,44.99,1,9/25/2026 9:55:53 AM,9/25/2026 10:07:53 AM,,,0
7012677,UL-002777,Books item UL-002777,Books,Active,Amazon,EMP-1005,35.99,1,9/25/2026 3:02:36 PM,9/25/2026 3:14:36 PM,,,0
7012678,UL-002778,Clothing item UL-002778,Clothing,Active,ShopGoodwill,EMP-1001,45.99,1,9/25/2026 4:50:08 PM,9/25/2026 5:02:08 PM,,,0
7012679,UL-002779,Sporting Goods item UL-002779,Sporting Goods,Active,eBay,EMP-1001,20.99,1,9/25/2026 3:01:40 PM,9/25/2026 3:13:40 PM,,,0
7012680,UL-002780,Toys item UL-002780,Toys,Active,ShopGoodwill,EMP-1002,50.99,1,9/25/2026 12:16:31 PM,9/25/2026 12:28:31 PM,,,0
7012681,UL-002781,Shoes item UL-002781,Shoes,Active,eBay,EMP-1005,37.99,1,9/25/2026 10:28:06 AM,9/25/2026 10:40:06 AM,,,0
7012682,UL-002782,Books item UL-002782,Books,Active,ShopGoodwill,EMP-1002,49.99,1,9/25/2026 10:17:37 AM,9/25/2026 10:29:37 AM,,,0
7012683,UL-002783,Collectibles item UL-002783,Collectibles,Active,Amazon,EMP-1004,21.99,1,9/25/2026 4:26:01 PM,9/25/2026 4:38:01 PM,,,0
7012684,UL-002784,Jewelry item UL-002784,Jewelry,Active,eBay,EMP-1001,15.99,1,9/25/2026 3:06:45 PM,9/25/2026 3:18:45 PM,,,0
7012685,UL-002785,Sporting Goods item UL-002785,Sporting Goods,Active,ShopGoodwill,EMP-1002,19.99,1,9/25/2026 10:20:32 AM,9/25/2026 10:32:32 AM,,,0
7012686,UL-002786,Clothing item UL-002786,Clothing,Active,eBay,EMP-1002,36.99,1,9/25/2026 5:44:19 PM,9/25/2026 5:56:19 PM,,,0
7012687,UL-002787,Media item UL-002787,Media,Active,Amazon,EMP-1006,10.99,1,9/25/2026 11:07:25 AM,9/25/2026 11:19:25 AM,,,0
7012688,UL-002788,Kitchen item UL-002788,Kitchen,Active,Amazon,EMP-1001,16.99,1,9/25/2026 10:40:27 AM,9/25/2026 10:52:27 AM,,,0
7012689,UL-002789,Home Decor item UL-002789,Home Decor,Active,Amazon,EMP-1002,14.99,1,9/25/2026 1:33:14 PM,9/25/2026 1:45:14 PM,,,0
7012690,UL-002790,Books item UL-002790,Books,Active,ShopGoodwill,EMP-1004,24.99,1,9/25/2026 3:48:42 PM,9/25/2026 4:00:42 PM,,,0
7012691,UL-002791,Books item UL-002791,Books,Active,ShopGoodwill,EMP-1005,40.99,1,9/26/2026 8:24:14 AM,9/26/2026 8:36:14 AM,,,0
7012692,UL-002792,Clothing item UL-002792,Clothing,Active,eBay,EMP-1003,55.99,1,9/26/2026 4:47:50 PM,9/26/2026 4:59:50 PM,,,0
7012693,UL-002793,Watches item UL-002793,Watches,Active,Mercari,EMP-1002,19.99,1,9/26/2026 4:35:54 PM,9/26/2026 4:47:54 PM,,,0
7012694,UL-002794,Home Decor item UL-002794,Home Decor,Active,Amazon,EMP-1005,23.99,1,9/26/2026 12:32:29 PM,9/26/2026 12:44:29 PM,,,0
7012695,UL-002795,Kitchen item UL-002795,Kitchen,Active,ShopGoodwill,EMP-1003,17.99,1,9/26/2026 12:34:32 PM,9/26/2026 12:46:32 PM,,,0
7012696,UL-002796,Clothing item UL-002796,Clothing,Active,Amazon,EMP-1005,24.99,1,9/26/2026 3:34:08 PM,9/26/2026 3:46:08 PM,,,0
7012697,UL-002797,Books item UL-002797,Books,Active,Mercari,EMP-1006,37.99,1,9/26/2026 11:34:52 AM,9/26/2026 11:46:52 AM,,,0
7012698,UL-002798,Media item UL-002798,Media,Active,Amazon,EMP-1002,19.99,1,9/26/2026 8:41:00 AM,9/26/2026 8:53:00 AM,,,0
7012699,UL-002799,Clothing item UL-002799,Clothing,Active,eBay,EMP-1003,22.99,1,9/26/2026 5:20:28 PM,9/26/2026 5:32:28 PM,,,0
7012700,UL-002800,Home Decor item UL-002800,Home Decor,Active,Amazon,EMP-1006,22.99,1,9/26/2026 2:35:17 PM,9/26/2026 2:47:17 PM,,,0
7012701,UL-002801,Books item UL-002801,Books,Active,Amazon,EMP-1002,23.99,1,9/26/2026 11:22:42 AM,9/26/2026 11:34:42 AM,,,0
7012702,UL-002802,Home Decor item UL-002802,Home Decor,Active,eBay,EMP-1004,27.99,1,9/26/2026 8:55:18 AM,9/26/2026 9:07:18 AM,,,0
7012703,UL-002803,Watches item UL-002803,Watches,Active,Amazon,EMP-1004,24.99,1,9/26/2026 12:33:58 PM,9/26/2026 12:45:58 PM,,,0
7012704,UL-002804,Books item UL-002804,Books,Active,ShopGoodwill,EMP-1003,55.99,1,9/26/2026 2:28:53 PM,9/26/2026 2:40:53 PM,,,0
7012705,UL-002805,Handbags item UL-002805,Handbags,Active,Amazon,EMP-1006,35.99,1,9/26/2026 3:13:26 PM,9/26/2026 3:25:26 PM,,,0
7012706,UL-002806,Home Decor item UL-002806,Home Decor,Active,Amazon,EMP-1001,21.99,1,9/26/2026 11:18:27 AM,9/26/2026 11:30:27 AM,,,0
7012707,UL-002807,Jewelry item UL-002807,Jewelry,Active,Amazon,EMP-1003,45.99,1,9/26/2026 12:11:20 PM,9/26/2026 12:23:20 PM,,,0
7012708,UL-002808,Shoes item UL-002808,Shoes,Active,ShopGoodwill,EMP-1005,79.99,1,9/26/2026 9:46:31 AM,9/26/2026 9:58:31 AM,,,0
7012709,UL-002809,Jewelry item UL-002809,Jewelry,Active,Amazon,EMP-1004,19.99,1,9/26/2026 10:32:39 AM,9/26/2026 10:44:39 AM,,,0
7012710,UL-002810,Books item UL-002810,Books,Active,eBay,EMP-1006,20.99,1,9/26/2026 8:11:33 AM,9/26/2026 8:23:33 AM,,,0
7012711,UL-002811,Books item UL-002811,Books,Active,ShopGoodwill,EMP-1001,12.99,1,9/26/2026 3:21:20 PM,9/26/2026 3:33:20 PM,,,0
7012712,UL-002812,Media item UL-002812,Media,Active,ShopGoodwill,EMP-1002,159.99,1,9/26/2026 12:21:29 PM,9/26/2026 12:33:29 PM,,,0
7012713,UL-002813,Collectibles item UL-002813,Collectibles,Active,eBay,EMP-1005,17.99,1,9/26/2026 10:39:11 AM,9/26/2026 10:51:11 AM,,,0
7012714,UL-002814,Media item UL-002814,Media,Active,ShopGoodwill,EMP-1002,19.99,1,9/26/2026 10:13:16 AM,9/26/2026 10:25:16 AM,,,0
7012715,UL-002815,Clothing item UL-002815,Clothing,Active,Amazon,EMP-1006,27.99,1,9/26/2026 12:38:55 PM,9/26/2026 12:50:55 PM,,,0
7012716,UL-002816,Books item UL-002816,Books,Active,ShopGoodwill,EMP-1001,38.99,1,9/26/2026 9:18:04 AM,9/26/2026 9:30:04 AM,,,0
7012717,UL-002817,Toys item UL-002817,Toys,Active,Amazon,EMP-1003,21.99,1,9/26/2026 5:45:06 PM,9/26/2026 5:57:06 PM,,,0
7012718,UL-002818,Watches item UL-002818,Watches,Active,ShopGoodwill,EMP-1004,61.99,1,9/26/2026 5:29:10 PM,9/26/2026 5:41:10 PM,,,0
7012719,UL-002819,Clothing item UL-002819,Clothing,Active,ShopGoodwill,EMP-1003,25.99,1,9/26/2026 11:36:36 AM,9/26/2026 11:48:36 AM,,,0
7012720,UL-002820,Shoes item UL-002820,Shoes,Active,ShopGoodwill,EMP-1003,32.99,1,9/26/2026 11:10:52 AM,9/26/2026 11:22:52 AM,,,0
7012721,UL-002821,Clothing item UL-002821,Clothing,Active,eBay,EMP-1001,52.99,1,9/26/2026 3:34:25 PM,9/26/2026 3:46:25 PM,,,0
7012722,UL-002822,Books item UL-002822,Books,Active,Amazon,EMP-1004,86.99,1,9/26/2026 4:54:44 PM,9/26/2026 5:06:44 PM,,,0
7012723,UL-002823,Books item UL-002823,Books,Active,Amazon,EMP-1001,9.99,1,9/26/2026 8:48:46 AM,9/26/2026 9:00:46 AM,,,0
7012724,UL-002824,Clothing item UL-002824,Clothing,Active,Mercari,EMP-1004,26.99,1,9/26/2026 12:14:52 PM,9/26/2026 12:26:52 PM,,,0
7012725,UL-002825,Shoes item UL-002825,Shoes,Active,ShopGoodwill,EMP-1005,9.99,1,9/26/2026 4:19:00 PM,9/26/2026 4:31:00 PM,,,0
7012726,UL-002826,Handbags item UL-002826,Handbags,Active,ShopGoodwill,EMP-1002,55.99,1,9/26/2026 1:59:51 PM,9/26/2026 2:11:51 PM,,,0
7012727,UL-002827,Clothing item UL-002827,Clothing,Active,Amazon,EMP-1006,50.99,1,9/26/2026 4:01:30 PM,9/26/2026 4:13:30 PM,,,0
7012728,UL-002828,Kitchen item UL-002828,Kitchen,Active,Amazon,EMP-1004,16.99,1,9/26/2026 12:58:46 PM,9/26/2026 1:10:46 PM,,,0
7012729,UL-002829,Electronics item UL-002829,Electronics,Active,ShopGoodwill,EMP-1002,32.99,1,9/26/2026 3:12:27 PM,9/26/2026 3:24:27 PM,,,0
7012730,UL-002830,Home Decor item UL-002830,Home Decor,Active,ShopGoodwill,EMP-1005,45.99,1,9/26/2026 9:00:09 AM,9/26/2026 9:12:09 AM,,,0
7012731,UL-002831,Books item UL-002831,Books,Active,ShopGoodwill,EMP-1006,55.99,1,9/26/2026 3:06:41 PM,9/26/2026 3:18:41 PM,,,0
7012732,UL-002832,Clothing item UL-002832,Clothing,Active,ShopGoodwill,EMP-1006,30.99,1,9/26/2026 5:27:26 PM,9/26/2026 5:39:26 PM,,,0
7012733,UL-002833,Electronics item UL-002833,Electronics,Active,Mercari,EMP-1004,12.99,1,9/26/2026 9:37:21 AM,9/26/2026 9:49:21 AM,,,0
7012734,UL-002834,Jewelry item UL-002834,Jewelry,Active,ShopGoodwill,EMP-1004,32.99,1,9/26/2026 3:43:32 PM,9/26/2026 3:55:32 PM,,,0
7012735,UL-002835,Shoes item UL-002835,Shoes,Active,eBay,EMP-1005,18.99,1,9/26/2026 9:48:15 AM,9/26/2026 10:00:15 AM,,,0
7012736,UL-002836,Books item UL-002836,Books,Active,ShopGoodwill,EMP-1004,32.99,1,9/26/2026 5:46:23 PM,9/26/2026 5:58:23 PM,,,0
7012737,UL-002837,Clothing item UL-002837,Clothing,Active,ShopGoodwill,EMP-1006,13.99,1,9/26/2026 9:34:58 AM,9/26/2026 9:46:58 AM,,,0
7012738,UL-002838,Shoes item UL-002838,Shoes,Active,Mercari,EMP-1002,24.99,1,9/26/2026 3:32:06 PM,9/26/2026 3:44:06 PM,,,0
7012739,UL-002839,Handbags item UL-002839,Handbags,Active,ShopGoodwill,EMP-1005,46.99,1,9/26/2026 1:35:45 PM,9/26/2026 1:47:45 PM,,,0
7012740,UL-002840,Jewelry item UL-002840,Jewelry,Active,ShopGoodwill,EMP-1005,23.99,1,9/26/2026 8:05:44 AM,9/26/2026 8:17:44 AM,,,0
7012741,UL-002841,Media item UL-002841,Media,Active,eBay,EMP-1006,29.99,1,9/26/2026 4:41:48 PM,9/26/2026 4:53:48 PM,,,0
7012742,UL-002842,Home Decor item UL-002842,Home Decor,Active,Amazon,EMP-1002,35.99,1,9/26/2026 3:48:10 PM,9/26/2026 4:00:10 PM,,,0
7012743,UL-002843,Books item UL-002843,Books,Active,ShopGoodwill,EMP-1005,34.99,1,9/26/2026 12:19:10 PM,9/26/2026 12:31:10 PM,,,0
7012744,UL-002844,Books item UL-002844,Books,Active,eBay,EMP-1003,17.99,1,9/26/2026 8:37:27 AM,9/26/2026 8:49:27 AM,,,0
7012745,UL-002845,Jewelry item UL-002845,Jewelry,Active,eBay,EMP-1003,14.99,1,9/26/2026 8:42:11 AM,9/26/2026 8:54:11 AM,,,0
7012746,UL-002846,Clothing item UL-002846,Clothing,Active,Amazon,EMP-1006,85.99,1,9/26/2026 11:31:28 AM,9/26/2026 11:43:28 AM,,,0
7012747,UL-002847,Home Decor item UL-002847,Home Decor,Active,ShopGoodwill,EMP-1006,53.99,1,9/26/2026 4:20:34 PM,9/26/2026 4:32:34 PM,,,0
7012748,UL-002848,Clothing item UL-002848,Clothing,Active,Amazon,EMP-1003,21.99,1,9/26/2026 3:19:00 PM,9/26/2026 3:31:00 PM,,,0
7012749,UL-002849,Sporting Goods item UL-002849,Sporting Goods,Active,ShopGoodwill,EMP-1005,27.99,1,9/26/2026 11:52:12 AM,9/26/2026 12:04:12 PM,,,0
7012750,UL-002850,Media item UL-002850,Media,Active,Mercari,EMP-1002,7.99,1,9/26/2026 12:02:13 PM,9/26/2026 12:14:13 PM,,,0
7012751,UL-002851,Sporting Goods item UL-002851,Sporting Goods,Active,Amazon,EMP-1002,19.99,1,9/26/2026 1:57:42 PM,9/26/2026 2:09:42 PM,,,0
7012752,UL-002852,Electronics item UL-002852,Electronics,Active,ShopGoodwill,EMP-1006,38.99,1,9/26/2026 10:32:55 AM,9/26/2026 10:44:55 AM,,,0
7012753,UL-002853,Jewelry item UL-002853,Jewelry,Active,ShopGoodwill,EMP-1006,4.99,1,9/26/2026 4:29:42 PM,9/26/2026 4:41:42 PM,,,0
7012754,UL-002854,Clothing item UL-002854,Clothing,Active,ShopGoodwill,EMP-1006,24.99,1,9/26/2026 3:07:37 PM,9/26/2026 3:19:37 PM,,,0
7012755,UL-002855,Media item UL-002855,Media,Active,Mercari,EMP-1004,117.99,1,9/26/2026 9:47:26 AM,9/26/2026 9:59:26 AM,,,0
7012756,UL-002856,Clothing item UL-002856,Clothing,Active,ShopGoodwill,EMP-1006,48.99,1,9/26/2026 5:33:03 PM,9/26/2026 5:45:03 PM,,,0
7012757,UL-002857,Clothing item UL-002857,Clothing,Active,ShopGoodwill,EMP-1004,31.99,1,9/27/2026 9:48:27 AM,9/27/2026 10:00:27 AM,,,0
7012758,UL-002858,Handbags item UL-002858,Handbags,Active,Amazon,EMP-1003,54.99,1,9/27/2026 2:38:16 PM,9/27/2026 2:50:16 PM,,,0
7012759,UL-002859,Clothing item UL-002859,Clothing,Active,ShopGoodwill,EMP-1004,23.99,1,9/27/2026 11:41:12 AM,9/27/2026 11:53:12 AM,,,0
7012760,UL-002860,Home Decor item UL-002860,Home Decor,Active,ShopGoodwill,EMP-1005,72.99,1,9/27/2026 4:29:12 PM,9/27/2026 4:41:12 PM,,,0
7012761,UL-002861,Clothing item UL-002861,Clothing,Active,ShopGoodwill,EMP-1003,21.99,1,9/27/2026 8:02:58 AM,9/27/2026 8:14:58 AM,,,0
7012762,UL-002862,Books item UL-002862,Books,Active,ShopGoodwill,EMP-1004,52.99,1,9/27/2026 12:26:54 PM,9/27/2026 12:38:54 PM,,,0
7012763,UL-002863,Books item UL-002863,Books,Active,ShopGoodwill,EMP-1002,48.99,1,9/27/2026 10:58:44 AM,9/27/2026 11:10:44 AM,,,0
7012764,UL-002864,Books item UL-002864,Books,Active,Mercari,EMP-1001,11.99,1,9/27/2026 11:43:13 AM,9/27/2026 11:55:13 AM,,,0
7012765,UL-002865,Clothing item UL-002865,Clothing,Active,Amazon,EMP-1004,48.99,1,9/27/2026 5:17:11 PM,9/27/2026 5:29:11 PM,,,0
7012766,UL-002866,Kitchen item UL-002866,Kitchen,Active,Amazon,EMP-1001,33.99,1,9/27/2026 8:58:17 AM,9/27/2026 9:10:17 AM,,,0
7012767,UL-002867,Handbags item UL-002867,Handbags,Active,Mercari,EMP-1005,39.99,1,9/27/2026 8:30:34 AM,9/27/2026 8:42:34 AM,,,0
7012768,UL-002868,Clothing item UL-002868,Clothing,Active,Mercari,EMP-1005,34.99,1,9/27/2026 8:36:28 AM,9/27/2026 8:48:28 AM,,,0
7012769,UL-002869,Media item UL-002869,Media,Active,Amazon,EMP-1002,29.99,1,9/27/2026 9:03:15 AM,9/27/2026 9:15:15 AM,,,0
7012770,UL-002870,Books item UL-002870,Books,Active,ShopGoodwill,EMP-1006,47.99,1,9/27/2026 11:16:04 AM,9/27/2026 11:28:04 AM,,,0
7012771,UL-002871,Handbags item UL-002871,Handbags,Active,ShopGoodwill,EMP-1001,7.99,1,9/27/2026 12:29:40 PM,9/27/2026 12:41:40 PM,,,0
7012772,UL-002872,Shoes item UL-002872,Shoes,Active,Amazon,EMP-1002,7.99,1,9/27/2026 8:51:01 AM,9/27/2026 9:03:01 AM,,,0
7012773,UL-002873,Books item UL-002873,Books,Active,ShopGoodwill,EMP-1005,72.99,1,9/27/2026 8:02:59 AM,9/27/2026 8:14:59 AM,,,0
7012774,UL-002874,Shoes item UL-002874,Shoes,Active,ShopGoodwill,EMP-1004,39.99,1,9/27/2026 7:49:32 AM,9/27/2026 8:01:32 AM,,,0
7012775,UL-002875,Books item UL-002875,Books,Active,Amazon,EMP-1005,41.99,1,9/27/2026 11:02:55 AM,9/27/2026 11:14:55 AM,,,0
7012776,UL-002876,Clothing item UL-002876,Clothing,Active,eBay,EMP-1004,25.99,1,9/27/2026 12:34:44 PM,9/27/2026 12:46:44 PM,,,0
7012777,UL-002877,Books item UL-002877,Books,Active,Amazon,EMP-1002,9.99,1,9/27/2026 9:32:35 AM,9/27/2026 9:44:35 AM,,,0
7012778,UL-002878,Clothing item UL-002878,Clothing,Active,ShopGoodwill,EMP-1006,10.99,1,9/27/2026 5:12:29 PM,9/27/2026 5:24:29 PM,,,0
7012779,UL-002879,Books item UL-002879,Books,Active,ShopGoodwill,EMP-1004,45.99,1,9/27/2026 4:10:53 PM,9/27/2026 4:22:53 PM,,,0
7012780,UL-002880,Jewelry item UL-002880,Jewelry,Active,Amazon,EMP-1001,20.99,1,9/27/2026 11:10:53 AM,9/27/2026 11:22:53 AM,,,0
7012781,UL-002881,Jewelry item UL-002881,Jewelry,Active,ShopGoodwill,EMP-1004,8.99,1,9/27/2026 2:41:24 PM,9/27/2026 2:53:24 PM,,,0
7012782,UL-002882,Jewelry item UL-002882,Jewelry,Active,ShopGoodwill,EMP-1002,23.99,1,9/27/2026 12:33:01 PM,9/27/2026 12:45:01 PM,,,0
7012783,UL-002883,Clothing item UL-002883,Clothing,Active,ShopGoodwill,EMP-1003,68.99,1,9/27/2026 10:46:40 AM,9/27/2026 10:58:40 AM,,,0
7012784,UL-002884,Collectibles item UL-002884,Collectibles,Active,ShopGoodwill,EMP-1006,25.99,1,9/27/2026 11:00:33 AM,9/27/2026 11:12:33 AM,,,0
7012785,UL-002885,Books item UL-002885,Books,Active,ShopGoodwill,EMP-1003,26.99,1,9/27/2026 10:42:50 AM,9/27/2026 10:54:50 AM,,,0
7012786,UL-002886,Collectibles item UL-002886,Collectibles,Active,eBay,EMP-1006,73.99,1,9/27/2026 10:10:12 AM,9/27/2026 10:22:12 AM,,,0
7012787,UL-002887,Collectibles item UL-002887,Collectibles,Active,eBay,EMP-1001,39.99,1,9/27/2026 3:44:53 PM,9/27/2026 3:56:53 PM,,,0
7012788,UL-002888,Home Decor item UL-002888,Home Decor,Active,ShopGoodwill,EMP-1006,15.99,1,9/27/2026 3:00:23 PM,9/27/2026 3:12:23 PM,,,0
7012789,UL-002889,Clothing item UL-002889,Clothing,Active,Amazon,EMP-1005,39.99,1,9/27/2026 12:56:54 PM,9/27/2026 1:08:54 PM,,,0
7012790,UL-002890,Jewelry item UL-002890,Jewelry,Active,ShopGoodwill,EMP-1001,30.99,1,9/27/2026 9:31:36 AM,9/27/2026 9:43:36 AM,,,0
7012791,UL-002891,Books item UL-002891,Books,Active,ShopGoodwill,EMP-1006,30.99,1,9/27/2026 11:57:44 AM,9/27/2026 12:09:44 PM,,,0
7012792,UL-002892,Electronics item UL-002892,Electronics,Active,Amazon,EMP-1001,19.99,1,9/27/2026 8:29:12 AM,9/27/2026 8:41:12 AM,,,0
7012793,UL-002893,Electronics item UL-002893,Electronics,Active,Amazon,EMP-1003,25.99,1,9/27/2026 4:01:05 PM,9/27/2026 4:13:05 PM,,,0
7012794,UL-002894,Collectibles item UL-002894,Collectibles,Active,eBay,EMP-1004,31.99,1,9/27/2026 12:34:28 PM,9/27/2026 12:46:28 PM,,,0
7012795,UL-002895,Collectibles item UL-002895,Collectibles,Active,eBay,EMP-1003,25.99,1,9/27/2026 1:49:44 PM,9/27/2026 2:01:44 PM,,,0
7012796,UL-002896,Media item UL-002896,Media,Active,eBay,EMP-1006,76.99,1,9/27/2026 1:28:30 PM,9/27/2026 1:40:30 PM,,,0
7012797,UL-002897,Clothing item UL-002897,Clothing,Active,ShopGoodwill,EMP-1006,16.99,1,9/27/2026 4:46:20 PM,9/27/2026 4:58:20 PM,,,0
7012798,UL-002898,Clothing item UL-002898,Clothing,Active,Amazon,EMP-1001,20.99,1,9/27/2026 3:45:07 PM,9/27/2026 3:57:07 PM,,,0
7012799,UL-002899,Books item UL-002899,Books,Active,ShopGoodwill,EMP-1006,57.99,1,9/27/2026 9:02:58 AM,9/27/2026 9:14:58 AM,,,0
7012800,UL-002900,Clothing item UL-002900,Clothing,Active,ShopGoodwill,EMP-1005,28.99,1,9/27/2026 2:16:03 PM,9/27/2026 2:28:03 PM,,,0
7012801,UL-002901,Collectibles item UL-002901,Collectibles,Active,ShopGoodwill,EMP-1002,58.99,1,9/27/2026 4:25:11 PM,9/27/2026 4:37:11 PM,,,0
7012802,UL-002902,Collectibles item UL-002902,Collectibles,Active,Amazon,EMP-1003,62.99,1,9/27/2026 9:12:02 AM,9/27/2026 9:24:02 AM,,,0
7012803,UL-002903,Books item UL-002903,Books,Active,ShopGoodwill,EMP-1005,14.99,1,9/27/2026 10:09:54 AM,9/27/2026 10:21:54 AM,,,0
7012804,UL-002904,Books item UL-002904,Books,Active,Amazon,EMP-1003,74.99,1,9/27/2026 9:58:07 AM,9/27/2026 10:10:07 AM,,,0
7012805,UL-002905,Kitchen item UL-002905,Kitchen,Active,Amazon,EMP-1003,33.99,1,9/27/2026 2:33:05 PM,9/27/2026 2:45:05 PM,,,0
7012806,UL-002906,Books item UL-002906,Books,Active,Amazon,EMP-1005,19.99,1,9/27/2026 8:20:02 AM,9/27/2026 8:32:02 AM,,,0
7012807,UL-002907,Books item UL-002907,Books,Active,Amazon,EMP-1004,13.99,1,9/27/2026 8:57:44 AM,9/27/2026 9:09:44 AM,,,0
7012808,UL-002908,Books item UL-002908,Books,Active,Amazon,EMP-1002,44.99,1,9/27/2026 1:44:08 PM,9/27/2026 1:56:08 PM,,,0
7012809,UL-002909,Books item UL-002909,Books,Active,ShopGoodwill,EMP-1003,19.99,1,9/27/2026 2:06:13 PM,9/27/2026 2:18:13 PM,,,0
7012810,UL-002910,Books item UL-002910,Books,Active,Amazon,EMP-1001,13.99,1,9/27/2026 9:14:05 AM,9/27/2026 9:26:05 AM,,,0
7012811,UL-002911,Toys item UL-002911,Toys,Active,Amazon,EMP-1002,24.99,1,9/27/2026 2:01:17 PM,9/27/2026 2:13:17 PM,,,0
7012812,UL-002912,Kitchen item UL-002912,Kitchen,Active,ShopGoodwill,EMP-1004,40.99,1,9/27/2026 11:21:28 AM,9/27/2026 11:33:28 AM,,,0
7012813,UL-002913,Books item UL-002913,Books,Active,eBay,EMP-1001,43.99,1,9/27/2026 2:13:45 PM,9/27/2026 2:25:45 PM,,,0
7012814,UL-002914,Art item UL-002914,Art,Active,eBay,EMP-1004,31.99,1,9/27/2026 9:22:07 AM,9/27/2026 9:34:07 AM,,,0
7012815,UL-002915,Books item UL-002915,Books,Active,ShopGoodwill,EMP-1002,34.99,1,9/27/2026 1:33:14 PM,9/27/2026 1:45:14 PM,,,0
7012816,UL-002916,Clothing item UL-002916,Clothing,Active,Amazon,EMP-1001,18.99,1,9/27/2026 4:24:45 PM,9/27/2026 4:36:45 PM,,,0
7012817,UL-002917,Clothing item UL-002917,Clothing,Active,ShopGoodwill,EMP-1006,54.99,1,9/27/2026 10:58:21 AM,9/27/2026 11:10:21 AM,,,0
7012818,UL-002918,Clothing item UL-002918,Clothing,Active,eBay,EMP-1006,20.99,1,9/27/2026 12:31:26 PM,9/27/2026 12:43:26 PM,,,0
7012819,UL-002919,Electronics item UL-002919,Electronics,Active,Amazon,EMP-1005,57.99,1,9/27/2026 11:59:59 AM,9/27/2026 12:11:59 PM,,,0
7012820,UL-002920,Media item UL-002920,Media,Active,ShopGoodwill,EMP-1004,15.99,1,9/27/2026 5:32:42 PM,9/27/2026 5:44:42 PM,,,0
7012821,UL-002921,Electronics item UL-002921,Electronics,Active,ShopGoodwill,EMP-1005,62.99,1,9/27/2026 12:45:29 PM,9/27/2026 12:57:29 PM,,,0
7012822,UL-002922,Shoes item UL-002922,Shoes,Active,eBay,EMP-1006,81.99,1,9/28/2026 1:58:25 PM,9/28/2026 2:10:25 PM,,,0
7012823,UL-002923,Clothing item UL-002923,Clothing,Active,ShopGoodwill,EMP-1003,25.99,1,9/28/2026 4:57:36 PM,9/28/2026 5:09:36 PM,,,0
7012824,UL-002924,Electronics item UL-002924,Electronics,Active,Amazon,EMP-1001,42.99,1,9/28/2026 11:17:35 AM,9/28/2026 11:29:35 AM,,,0
7012825,UL-002925,Shoes item UL-002925,Shoes,Active,eBay,EMP-1001,12.99,1,9/28/2026 1:46:31 PM,9/28/2026 1:58:31 PM,,,0
7012826,UL-002926,Clothing item UL-002926,Clothing,Active,ShopGoodwill,EMP-1005,13.99,1,9/28/2026 11:48:37 AM,9/28/2026 12:00:37 PM,,,0
7012827,UL-002927,Jewelry item UL-002927,Jewelry,Active,eBay,EMP-1001,11.99,1,9/28/2026 3:32:56 PM,9/28/2026 3:44:56 PM,,,0
7012828,UL-002928,Media item UL-002928,Media,Active,ShopGoodwill,EMP-1005,8.99,1,9/28/2026 10:54:13 AM,9/28/2026 11:06:13 AM,,,0
7012829,UL-002929,Jewelry item UL-002929,Jewelry,Active,Mercari,EMP-1003,99.99,1,9/28/2026 2:35:50 PM,9/28/2026 2:47:50 PM,,,0
7012830,UL-002930,Sporting Goods item UL-002930,Sporting Goods,Active,ShopGoodwill,EMP-1006,82.99,1,9/28/2026 3:14:42 PM,9/28/2026 3:26:42 PM,,,0
7012831,UL-002931,Books item UL-002931,Books,Active,Mercari,EMP-1001,23.99,1,9/28/2026 5:45:04 PM,9/28/2026 5:57:04 PM,,,0
7012832,UL-002932,Home Decor item UL-002932,Home Decor,Active,ShopGoodwill,EMP-1006,11.99,1,9/28/2026 11:52:30 AM,9/28/2026 12:04:30 PM,,,0
7012833,UL-002933,Books item UL-002933,Books,Active,eBay,EMP-1003,13.99,1,9/28/2026 10:44:41 AM,9/28/2026 10:56:41 AM,,,0
7012834,UL-002934,Books item UL-002934,Books,Active,ShopGoodwill,EMP-1004,21.99,1,9/28/2026 8:08:31 AM,9/28/2026 8:20:31 AM,,,0
7012835,UL-002935,Shoes item UL-002935,Shoes,Active,Amazon,EMP-1004,18.99,1,9/28/2026 1:36:49 PM,9/28/2026 1:48:49 PM,,,0
7012836,UL-002936,Media item UL-002936,Media,Active,ShopGoodwill,EMP-1001,39.99,1,9/28/2026 7:56:24 AM,9/28/2026 8:08:24 AM,,,0
7012837,UL-002937,Home Decor item UL-002937,Home Decor,Active,Mercari,EMP-1005,27.99,1,9/28/2026 4:54:29 PM,9/28/2026 5:06:29 PM,,,0
7012838,UL-002938,Media item UL-002938,Media,Active,eBay,EMP-1002,16.99,1,9/28/2026 7:55:36 AM,9/28/2026 8:07:36 AM,,,0
7012839,UL-002939,Media item UL-002939,Media,Active,ShopGoodwill,EMP-1003,19.99,1,9/28/2026 3:12:50 PM,9/28/2026 3:24:50 PM,,,0
7012840,UL-002940,Clothing item UL-002940,Clothing,Active,Amazon,EMP-1001,10.99,1,9/28/2026 8:13:50 AM,9/28/2026 8:25:50 AM,,,0
7012841,UL-002941,Kitchen item UL-002941,Kitchen,Active,ShopGoodwill,EMP-1003,44.99,1,9/28/2026 10:31:27 AM,9/28/2026 10:43:27 AM,,,0
7012842,UL-002942,Books item UL-002942,Books,Active,ShopGoodwill,EMP-1005,49.99,1,9/28/2026 2:10:02 PM,9/28/2026 2:22:02 PM,,,0
7012843,UL-002943,Home Decor item UL-002943,Home Decor,Active,ShopGoodwill,EMP-1001,21.99,1,9/28/2026 3:42:01 PM,9/28/2026 3:54:01 PM,,,0
7012844,UL-002944,Art item UL-002944,Art,Active,Amazon,EMP-1006,4.99,1,9/28/2026 9:31:31 AM,9/28/2026 9:43:31 AM,,,0
7012845,UL-002945,Books item UL-002945,Books,Active,ShopGoodwill,EMP-1005,15.99,1,9/28/2026 8:52:48 AM,9/28/2026 9:04:48 AM,,,0
7012846,UL-002946,Jewelry item UL-002946,Jewelry,Active,Amazon,EMP-1003,21.99,1,9/28/2026 2:23:43 PM,9/28/2026 2:35:43 PM,,,0
7012847,UL-002947,Books item UL-002947,Books,Active,Amazon,EMP-1003,75.99,1,9/28/2026 4:27:40 PM,9/28/2026 4:39:40 PM,,,0
7012848,UL-002948,Clothing item UL-002948,Clothing,Active,ShopGoodwill,EMP-1001,86.99,1,9/28/2026 4:45:19 PM,9/28/2026 4:57:19 PM,,,0
7012849,UL-002949,Clothing item UL-002949,Clothing,Active,Mercari,EMP-1003,29.99,1,9/28/2026 2:44:15 PM,9/28/2026 2:56:15 PM,,,0
7012850,UL-002950,Collectibles item UL-002950,Collectibles,Active,eBay,EMP-1002,38.99,1,9/28/2026 5:16:10 PM,9/28/2026 5:28:10 PM,,,0
7012851,UL-002951,Electronics item UL-002951,Electronics,Active,Amazon,EMP-1002,13.99,1,9/28/2026 1:25:52 PM,9/28/2026 1:37:52 PM,,,0
7012852,UL-002952,Clothing item UL-002952,Clothing,Active,eBay,EMP-1005,41.99,1,9/28/2026 11:47:46 AM,9/28/2026 11:59:46 AM,,,0
7012853,UL-002953,Home Decor item UL-002953,Home Decor,Active,ShopGoodwill,EMP-1005,16.99,1,9/28/2026 11:20:09 AM,9/28/2026 11:32:09 AM,,,0
7012854,UL-002954,Jewelry item UL-002954,Jewelry,Active,ShopGoodwill,EMP-1004,22.99,1,9/28/2026 8:32:48 AM,9/28/2026 8:44:48 AM,,,0
7012855,UL-002955,Media item UL-002955,Media,Active,ShopGoodwill,EMP-1001,11.99,1,9/28/2026 3:24:14 PM,9/28/2026 3:36:14 PM,,,0
7012856,UL-002956,Media item UL-002956,Media,Active,ShopGoodwill,EMP-1005,15.99,1,9/28/2026 2:44:34 PM,9/28/2026 2:56:34 PM,,,0
7012857,UL-002957,Electronics item UL-002957,Electronics,Active,Amazon,EMP-1004,18.99,1,9/28/2026 8:48:05 AM,9/28/2026 9:00:05 AM,,,0
7012858,UL-002958,Electronics item UL-002958,Electronics,Active,Mercari,EMP-1004,61.99,1,9/28/2026 8:33:50 AM,9/28/2026 8:45:50 AM,,,0
7012859,UL-002959,Clothing item UL-002959,Clothing,Active,eBay,EMP-1006,17.99,1,9/28/2026 2:56:37 PM,9/28/2026 3:08:37 PM,,,0
7012860,UL-002960,Kitchen item UL-002960,Kitchen,Active,eBay,EMP-1003,13.99,1,9/28/2026 3:37:47 PM,9/28/2026 3:49:47 PM,,,0
7012861,UL-002961,Clothing item UL-002961,Clothing,Active,Amazon,EMP-1003,29.99,1,9/28/2026 8:50:38 AM,9/28/2026 9:02:38 AM,,,0
7012862,UL-002962,Books item UL-002962,Books,Active,Amazon,EMP-1006,21.99,1,9/28/2026 2:22:12 PM,9/28/2026 2:34:12 PM,,,0
7012863,UL-002963,Clothing item UL-002963,Clothing,Active,Amazon,EMP-1005,9.99,1,9/28/2026 12:51:33 PM,9/28/2026 1:03:33 PM,,,0
7012864,UL-002964,Books item UL-002964,Books,Active,ShopGoodwill,EMP-1003,63.99,1,9/28/2026 3:46:13 PM,9/28/2026 3:58:13 PM,,,0
7012865,UL-002965,Electronics item UL-002965,Electronics,Active,eBay,EMP-1003,32.99,1,9/28/2026 2:37:42 PM,9/28/2026 2:49:42 PM,,,0
7012866,UL-002966,Shoes item UL-002966,Shoes,Active,Amazon,EMP-1005,13.99,1,9/28/2026 5:13:29 PM,9/28/2026 5:25:29 PM,,,0
7012867,UL-002967,Jewelry item UL-002967,Jewelry,Active,eBay,EMP-1002,24.99,1,9/28/2026 1:50:32 PM,9/28/2026 2:02:32 PM,,,0
7012868,UL-002968,Clothing item UL-002968,Clothing,Active,eBay,EMP-1002,33.99,1,9/28/2026 5:32:57 PM,9/28/2026 5:44:57 PM,,,0
7012869,UL-002969,Collectibles item UL-002969,Collectibles,Active,ShopGoodwill,EMP-1006,47.99,1,9/28/2026 4:38:19 PM,9/28/2026 4:50:19 PM,,,0
7012870,UL-002970,Home Decor item UL-002970,Home Decor,Active,eBay,EMP-1006,43.99,1,9/28/2026 2:32:20 PM,9/28/2026 2:44:20 PM,,,0
7012871,UL-002971,Books item UL-002971,Books,Active,ShopGoodwill,EMP-1001,13.99,1,9/28/2026 2:05:22 PM,9/28/2026 2:17:22 PM,,,0
7012872,UL-002972,Handbags item UL-002972,Handbags,Active,ShopGoodwill,EMP-1001,13.99,1,9/28/2026 9:48:16 AM,9/28/2026 10:00:16 AM,,,0
7012873,UL-002973,Books item UL-002973,Books,Active,eBay,EMP-1005,34.99,1,9/28/2026 8:45:35 AM,9/28/2026 8:57:35 AM,,,0
7012874,UL-002974,Collectibles item UL-002974,Collectibles,Active,ShopGoodwill,EMP-1004,56.99,1,9/28/2026 9:28:01 AM,9/28/2026 9:40:01 AM,,,0
7012875,UL-002975,Clothing item UL-002975,Clothing,Active,ShopGoodwill,EMP-1001,63.99,1,9/28/2026 11:15:00 AM,9/28/2026 11:27:00 AM,,,0
7012876,UL-002976,Handbags item UL-002976,Handbags,Active,ShopGoodwill,EMP-1004,32.99,1,9/28/2026 12:43:19 PM,9/28/2026 12:55:19 PM,,,0
7012877,UL-002977,Clothing item UL-002977,Clothing,Active,ShopGoodwill,EMP-1005,17.99,1,9/28/2026 8:16:29 AM,9/28/2026 8:28:29 AM,,,0
7012878,UL-002978,Jewelry item UL-002978,Jewelry,Active,ShopGoodwill,EMP-1006,36.99,1,9/28/2026 9:06:58 AM,9/28/2026 9:18:58 AM,,,0
7012879,UL-002979,Books item UL-002979,Books,Active,ShopGoodwill,EMP-1002,11.99,1,9/28/2026 4:29:29 PM,9/28/2026 4:41:29 PM,,,0
7012880,UL-002980,Books item UL-002980,Books,Active,Mercari,EMP-1001,28.99,1,9/28/2026 1:17:00 PM,9/28/2026 1:29:00 PM,,,0
7012881,UL-002981,Collectibles item UL-002981,Collectibles,Active,ShopGoodwill,EMP-1001,48.99,1,9/28/2026 10:10:55 AM,9/28/2026 10:22:55 AM,,,0
7012882,UL-002982,Kitchen item UL-002982,Kitchen,Active,Amazon,EMP-1005,14.99,1,9/28/2026 7:58:33 AM,9/28/2026 8:10:33 AM,,,0
7012883,UL-002983,Kitchen item UL-002983,Kitchen,Active,eBay,EMP-1002,23.99,1,9/28/2026 3:34:44 PM,9/28/2026 3:46:44 PM,,,0
7012884,UL-002984,Collectibles item UL-002984,Collectibles,Active,ShopGoodwill,EMP-1002,29.99,1,9/28/2026 2:49:33 PM,9/28/2026 3:01:33 PM,,,0
7012885,UL-002985,Home Decor item UL-002985,Home Decor,Active,eBay,EMP-1004,79.99,1,9/28/2026 2:39:48 PM,9/28/2026 2:51:48 PM,,,0
7012886,UL-002986,Books item UL-002986,Books,Active,Mercari,EMP-1006,21.99,1,9/28/2026 8:42:24 AM,9/28/2026 8:54:24 AM,,,0
7012887,UL-002987,Home Decor item UL-002987,Home Decor,Active,Amazon,EMP-1001,101.99,1,9/28/2026 9:06:00 AM,9/28/2026 9:18:00 AM,,,0
7012888,UL-002988,Electronics item UL-002988,Electronics,Active,ShopGoodwill,EMP-1006,72.99,1,9/28/2026 11:16:41 AM,9/28/2026 11:28:41 AM,,,0
7012889,UL-002989,Jewelry item UL-002989,Jewelry,Active,ShopGoodwill,EMP-1005,14.99,1,9/28/2026 2:18:45 PM,9/28/2026 2:30:45 PM,,,0
7012890,UL-002990,Jewelry item UL-002990,Jewelry,Active,ShopGoodwill,EMP-1006,48.99,1,9/28/2026 5:29:01 PM,9/28/2026 5:41:01 PM,,,0
7012891,UL-002991,Books item UL-002991,Books,Active,eBay,EMP-1006,39.99,1,9/28/2026 5:30:38 PM,9/28/2026 5:42:38 PM,,,0
7012892,UL-002992,Electronics item UL-002992,Electronics,Active,Amazon,EMP-1001,63.99,1,9/28/2026 5:05:36 PM,9/28/2026 5:17:36 PM,,,0
7012893,UL-002993,Jewelry item UL-002993,Jewelry,Active,eBay,EMP-1001,21.99,1,9/28/2026 10:01:28 AM,9/28/2026 10:13:28 AM,,,0
7012894,UL-002994,Media item UL-002994,Media,Active,Amazon,EMP-1001,14.99,1,9/28/2026 1:08:37 PM,9/28/2026 1:20:37 PM,,,0
7012895,UL-002995,Collectibles item UL-002995,Collectibles,Active,Amazon,EMP-1002,52.99,1,9/29/2026 4:23:25 PM,9/29/2026 4:35:25 PM,,,0
7012896,UL-002996,Books item UL-002996,Books,Active,Mercari,EMP-1001,31.99,1,9/29/2026 11:54:03 AM,9/29/2026 12:06:03 PM,,,0
7012897,UL-002997,Clothing item UL-002997,Clothing,Active,ShopGoodwill,EMP-1003,7.99,1,9/29/2026 3:38:40 PM,9/29/2026 3:50:40 PM,,,0
7012898,UL-002998,Sporting Goods item UL-002998,Sporting Goods,Active,Amazon,EMP-1003,27.99,1,9/29/2026 3:37:29 PM,9/29/2026 3:49:29 PM,,,0
7012899,UL-002999,Books item UL-002999,Books,Active,Amazon,EMP-1006,39.99,1,9/29/2026 11:29:14 AM,9/29/2026 11:41:14 AM,,,0
7012900,UL-003000,Books item UL-003000,Books,Active,Mercari,EMP-1004,62.99,1,9/29/2026 9:55:45 AM,9/29/2026 10:07:45 AM,,,0
7012901,UL-003001,Clothing item UL-003001,Clothing,Active,ShopGoodwill,EMP-1005,28.99,1,9/29/2026 11:22:06 AM,9/29/2026 11:34:06 AM,,,0
7012902,UL-003002,Electronics item UL-003002,Electronics,Active,ShopGoodwill,EMP-1005,54.99,1,9/29/2026 1:27:02 PM,9/29/2026 1:39:02 PM,,,0
7012903,UL-003003,Books item UL-003003,Books,Active,ShopGoodwill,EMP-1001,34.99,1,9/29/2026 8:36:46 AM,9/29/2026 8:48:46 AM,,,0
7012904,UL-003004,Handbags item UL-003004,Handbags,Active,eBay,EMP-1006,65.99,1,9/29/2026 9:38:16 AM,9/29/2026 9:50:16 AM,,,0
7012905,UL-003005,Jewelry item UL-003005,Jewelry,Active,ShopGoodwill,EMP-1001,26.99,1,9/29/2026 1:10:50 PM,9/29/2026 1:22:50 PM,,,0
7012906,UL-003006,Books item UL-003006,Books,Active,Amazon,EMP-1001,29.99,1,9/29/2026 9:21:09 AM,9/29/2026 9:33:09 AM,,,0
7012907,UL-003007,Home Decor item UL-003007,Home Decor,Active,Mercari,EMP-1005,32.99,1,9/29/2026 11:25:03 AM,9/29/2026 11:37:03 AM,,,0
7012908,UL-003008,Books item UL-003008,Books,Active,Amazon,EMP-1001,10.99,1,9/29/2026 5:23:12 PM,9/29/2026 5:35:12 PM,,,0
7012909,UL-003009,Shoes item UL-003009,Shoes,Active,eBay,EMP-1003,23.99,1,9/29/2026 10:11:35 AM,9/29/2026 10:23:35 AM,,,0
7012910,UL-003010,Clothing item UL-003010,Clothing,Active,eBay,EMP-1004,67.99,1,9/29/2026 8:30:06 AM,9/29/2026 8:42:06 AM,,,0
7012911,UL-003011,Media item UL-003011,Media,Active,Mercari,EMP-1002,22.99,1,9/29/2026 11:47:10 AM,9/29/2026 11:59:10 AM,,,0
7012912,UL-003012,Toys item UL-003012,Toys,Active,Amazon,EMP-1005,57.99,1,9/29/2026 3:40:09 PM,9/29/2026 3:52:09 PM,,,0
7012913,UL-003013,Jewelry item UL-003013,Jewelry,Active,ShopGoodwill,EMP-1003,9.99,1,9/29/2026 2:50:54 PM,9/29/2026 3:02:54 PM,,,0
7012914,UL-003014,Collectibles item UL-003014,Collectibles,Active,eBay,EMP-1002,14.99,1,9/29/2026 2:04:13 PM,9/29/2026 2:16:13 PM,,,0
7012915,UL-003015,Jewelry item UL-003015,Jewelry,Active,Amazon,EMP-1006,23.99,1,9/29/2026 4:53:51 PM,9/29/2026 5:05:51 PM,,,0
7012916,UL-003016,Sporting Goods item UL-003016,Sporting Goods,Active,Amazon,EMP-1003,17.99,1,9/29/2026 1:03:03 PM,9/29/2026 1:15:03 PM,,,0
7012917,UL-003017,Sporting Goods item UL-003017,Sporting Goods,Active,Amazon,EMP-1005,11.99,1,9/29/2026 1:35:42 PM,9/29/2026 1:47:42 PM,,,0
7012918,UL-003018,Media item UL-003018,Media,Active,ShopGoodwill,EMP-1001,27.99,1,9/29/2026 2:25:51 PM,9/29/2026 2:37:51 PM,,,0
7012919,UL-003019,Clothing item UL-003019,Clothing,Active,Amazon,EMP-1001,16.99,1,9/29/2026 11:31:59 AM,9/29/2026 11:43:59 AM,,,0
7012920,UL-003020,Collectibles item UL-003020,Collectibles,Active,ShopGoodwill,EMP-1005,31.99,1,9/29/2026 5:28:13 PM,9/29/2026 5:40:13 PM,,,0
7012921,UL-003021,Collectibles item UL-003021,Collectibles,Active,Amazon,EMP-1003,25.99,1,9/29/2026 8:50:18 AM,9/29/2026 9:02:18 AM,,,0
7012922,UL-003022,Clothing item UL-003022,Clothing,Active,ShopGoodwill,EMP-1003,149.99,1,9/29/2026 8:28:13 AM,9/29/2026 8:40:13 AM,,,0
7012923,UL-003023,Clothing item UL-003023,Clothing,Active,eBay,EMP-1003,13.99,1,9/29/2026 5:04:58 PM,9/29/2026 5:16:58 PM,,,0
7012924,UL-003024,Books item UL-003024,Books,Active,ShopGoodwill,EMP-1003,54.99,1,9/29/2026 3:17:51 PM,9/29/2026 3:29:51 PM,,,0
7012925,UL-003025,Books item UL-003025,Books,Active,Amazon,EMP-1005,18.99,1,9/29/2026 11:23:58 AM,9/29/2026 11:35:58 AM,,,0
7012926,UL-003026,Home Decor item UL-003026,Home Decor,Active,eBay,EMP-1006,20.99,1,9/29/2026 10:12:18 AM,9/29/2026 10:24:18 AM,,,0
7012927,UL-003027,Electronics item UL-003027,Electronics,Active,Amazon,EMP-1002,27.99,1,9/29/2026 3:51:31 PM,9/29/2026 4:03:31 PM,,,0
7012928,UL-003028,Books item UL-003028,Books,Active,Amazon,EMP-1005,52.99,1,9/29/2026 11:50:45 AM,9/29/2026 12:02:45 PM,,,0
7012929,UL-003029,Clothing item UL-003029,Clothing,Active,Amazon,EMP-1002,31.99,1,9/29/2026 1:45:56 PM,9/29/2026 1:57:56 PM,,,0
7012930,UL-003030,Kitchen item UL-003030,Kitchen,Active,eBay,EMP-1005,15.99,1,9/29/2026 9:53:00 AM,9/29/2026 10:05:00 AM,,,0
7012931,UL-003031,Home Decor item UL-003031,Home Decor,Active,eBay,EMP-1004,41.99,1,9/29/2026 11:28:43 AM,9/29/2026 11:40:43 AM,,,0
7012932,UL-003032,Media item UL-003032,Media,Active,Mercari,EMP-1003,34.99,1,9/29/2026 3:24:32 PM,9/29/2026 3:36:32 PM,,,0
7012933,UL-003033,Shoes item UL-003033,Shoes,Active,ShopGoodwill,EMP-1001,36.99,1,9/29/2026 10:04:07 AM,9/29/2026 10:16:07 AM,,,0
7012934,UL-003034,Jewelry item UL-003034,Jewelry,Active,ShopGoodwill,EMP-1001,36.99,1,9/29/2026 3:53:38 PM,9/29/2026 4:05:38 PM,,,0
7012935,UL-003035,Clothing item UL-003035,Clothing,Active,eBay,EMP-1005,7.99,1,9/29/2026 11:29:01 AM,9/29/2026 11:41:01 AM,,,0
7012936,UL-003036,Books item UL-003036,Books,Active,ShopGoodwill,EMP-1002,63.99,1,9/29/2026 8:30:53 AM,9/29/2026 8:42:53 AM,,,0
7012937,UL-003037,Shoes item UL-003037,Shoes,Active,ShopGoodwill,EMP-1005,11.99,1,9/29/2026 4:27:52 PM,9/29/2026 4:39:52 PM,,,0
7012938,UL-003038,Home Decor item UL-003038,Home Decor,Active,Mercari,EMP-1003,38.99,1,9/29/2026 4:52:07 PM,9/29/2026 5:04:07 PM,,,0
7012939,UL-003039,Electronics item UL-003039,Electronics,Active,Mercari,EMP-1006,34.99,1,9/29/2026 8:22:43 AM,9/29/2026 8:34:43 AM,,,0
7012940,UL-003040,Clothing item UL-003040,Clothing,Active,Amazon,EMP-1005,78.99,1,9/29/2026 5:08:53 PM,9/29/2026 5:20:53 PM,,,0
7012941,UL-003041,Clothing item UL-003041,Clothing,Active,Amazon,EMP-1002,57.99,1,9/29/2026 11:06:00 AM,9/29/2026 11:18:00 AM,,,0
7012942,UL-003042,Clothing item UL-003042,Clothing,Active,Amazon,EMP-1005,22.99,1,9/29/2026 4:51:09 PM,9/29/2026 5:03:09 PM,,,0
7012943,UL-003043,Clothing item UL-003043,Clothing,Active,ShopGoodwill,EMP-1004,20.99,1,9/29/2026 3:17:50 PM,9/29/2026 3:29:50 PM,,,0
7012944,UL-003044,Jewelry item UL-003044,Jewelry,Active,ShopGoodwill,EMP-1001,39.99,1,9/29/2026 8:32:15 AM,9/29/2026 8:44:15 AM,,,0
7012945,UL-003045,Clothing item UL-003045,Clothing,Active,ShopGoodwill,EMP-1004,62.99,1,9/29/2026 11:52:54 AM,9/29/2026 12:04:54 PM,,,0
7012946,UL-003046,Books item UL-003046,Books,Active,Amazon,EMP-1005,29.99,1,9/29/2026 3:53:23 PM,9/29/2026 4:05:23 PM,,,0
7012947,UL-003047,Clothing item UL-003047,Clothing,Active,eBay,EMP-1005,106.99,1,9/29/2026 12:03:17 PM,9/29/2026 12:15:17 PM,,,0
7012948,UL-003048,Collectibles item UL-003048,Collectibles,Active,eBay,EMP-1001,17.99,1,9/29/2026 5:05:55 PM,9/29/2026 5:17:55 PM,,,0
7012949,UL-003049,Watches item UL-003049,Watches,Active,Amazon,EMP-1004,41.99,1,9/29/2026 11:41:23 AM,9/29/2026 11:53:23 AM,,,0
7012950,UL-003050,Toys item UL-003050,Toys,Active,eBay,EMP-1005,13.99,1,9/29/2026 8:30:10 AM,9/29/2026 8:42:10 AM,,,0
7012951,UL-003051,Clothing item UL-003051,Clothing,Active,Amazon,EMP-1004,8.99,1,9/29/2026 12:31:32 PM,9/29/2026 12:43:32 PM,,,0
7012952,UL-003052,Books item UL-003052,Books,Active,Amazon,EMP-1003,36.99,1,9/29/2026 11:11:20 AM,9/29/2026 11:23:20 AM,,,0
7012953,UL-003053,Jewelry item UL-003053,Jewelry,Active,ShopGoodwill,EMP-1003,12.99,1,9/29/2026 2:36:38 PM,9/29/2026 2:48:38 PM,,,0
7012954,UL-003054,Collectibles item UL-003054,Collectibles,Active,ShopGoodwill,EMP-1001,15.99,1,9/29/2026 1:25:26 PM,9/29/2026 1:37:26 PM,,,0
7012955,UL-003055,Collectibles item UL-003055,Collectibles,Active,ShopGoodwill,EMP-1003,43.99,1,9/29/2026 12:41:50 PM,9/29/2026 12:53:50 PM,,,0
7012956,UL-003056,Jewelry item UL-003056,Jewelry,Active,Amazon,EMP-1001,85.99,1,9/29/2026 2:59:11 PM,9/29/2026 3:11:11 PM,,,0
7012957,UL-003057,Books item UL-003057,Books,Active,Amazon,EMP-1005,35.99,1,9/29/2026 2:05:47 PM,9/29/2026 2:17:47 PM,,,0
7012958,UL-003058,Collectibles item UL-003058,Collectibles,Active,Amazon,EMP-1005,24.99,1,9/29/2026 9:44:38 AM,9/29/2026 9:56:38 AM,,,0
7012959,UL-003059,Jewelry item UL-003059,Jewelry,Active,Amazon,EMP-1005,43.99,1,9/30/2026 3:56:14 PM,9/30/2026 4:08:14 PM,,,0
7012960,UL-003060,Media item UL-003060,Media,Active,eBay,EMP-1003,20.99,1,9/30/2026 10:07:44 AM,9/30/2026 10:19:44 AM,,,0
7012961,UL-003061,Art item UL-003061,Art,Active,ShopGoodwill,EMP-1001,8.99,1,9/30/2026 4:46:33 PM,9/30/2026 4:58:33 PM,,,0
7012962,UL-003062,Watches item UL-003062,Watches,Active,ShopGoodwill,EMP-1004,50.99,1,9/30/2026 9:48:43 AM,9/30/2026 10:00:43 AM,,,0
7012963,UL-003063,Books item UL-003063,Books,Active,ShopGoodwill,EMP-1006,30.99,1,9/30/2026 2:06:16 PM,9/30/2026 2:18:16 PM,,,0
7012964,UL-003064,Kitchen item UL-003064,Kitchen,Active,Mercari,EMP-1004,23.99,1,9/30/2026 10:20:23 AM,9/30/2026 10:32:23 AM,,,0
7012965,UL-003065,Clothing item UL-003065,Clothing,Active,ShopGoodwill,EMP-1004,99.99,1,9/30/2026 11:09:05 AM,9/30/2026 11:21:05 AM,,,0
7012966,UL-003066,Media item UL-003066,Media,Active,Amazon,EMP-1003,8.99,1,9/30/2026 11:04:02 AM,9/30/2026 11:16:02 AM,,,0
7012967,UL-003067,Kitchen item UL-003067,Kitchen,Active,ShopGoodwill,EMP-1003,9.99,1,9/30/2026 2:44:14 PM,9/30/2026 2:56:14 PM,,,0
7012968,UL-003068,Collectibles item UL-003068,Collectibles,Active,ShopGoodwill,EMP-1004,63.99,1,9/30/2026 2:07:33 PM,9/30/2026 2:19:33 PM,,,0
7012969,UL-003069,Clothing item UL-003069,Clothing,Active,Amazon,EMP-1006,31.99,1,9/30/2026 8:26:20 AM,9/30/2026 8:38:20 AM,,,0
7012970,UL-003070,Kitchen item UL-003070,Kitchen,Active,Mercari,EMP-1003,33.99,1,9/30/2026 8:16:58 AM,9/30/2026 8:28:58 AM,,,0
7012971,UL-003071,Books item UL-003071,Books,Active,ShopGoodwill,EMP-1001,30.99,1,9/30/2026 11:39:46 AM,9/30/2026 11:51:46 AM,,,0
7012972,UL-003072,Electronics item UL-003072,Electronics,Active,eBay,EMP-1005,47.99,1,9/30/2026 4:47:55 PM,9/30/2026 4:59:55 PM,,,0
7012973,UL-003073,Collectibles item UL-003073,Collectibles,Active,eBay,EMP-1001,47.99,1,9/30/2026 4:20:13 PM,9/30/2026 4:32:13 PM,,,0
7012974,UL-003074,Electronics item UL-003074,Electronics,Active,Amazon,EMP-1004,22.99,1,9/30/2026 12:41:02 PM,9/30/2026 12:53:02 PM,,,0
7012975,UL-003075,Toys item UL-003075,Toys,Active,eBay,EMP-1003,66.99,1,9/30/2026 9:23:25 AM,9/30/2026 9:35:25 AM,,,0
7012976,UL-003076,Collectibles item UL-003076,Collectibles,Active,Mercari,EMP-1004,11.99,1,9/30/2026 2:44:02 PM,9/30/2026 2:56:02 PM,,,0
7012977,UL-003077,Jewelry item UL-003077,Jewelry,Active,eBay,EMP-1006,60.99,1,9/30/2026 9:50:16 AM,9/30/2026 10:02:16 AM,,,0
7012978,UL-003078,Handbags item UL-003078,Handbags,Active,ShopGoodwill,EMP-1001,3.99,1,9/30/2026 1:07:16 PM,9/30/2026 1:19:16 PM,,,0
7012979,UL-003079,Collectibles item UL-003079,Collectibles,Active,Amazon,EMP-1006,30.99,1,9/30/2026 2:56:40 PM,9/30/2026 3:08:40 PM,,,0
7012980,UL-003080,Clothing item UL-003080,Clothing,Active,ShopGoodwill,EMP-1001,21.99,1,9/30/2026 1:57:15 PM,9/30/2026 2:09:15 PM,,,0
7012981,UL-003081,Art item UL-003081,Art,Active,Amazon,EMP-1002,19.99,1,9/30/2026 10:30:34 AM,9/30/2026 10:42:34 AM,,,0
7012982,UL-003082,Watches item UL-003082,Watches,Active,ShopGoodwill,EMP-1003,46.99,1,9/30/2026 11:37:47 AM,9/30/2026 11:49:47 AM,,,0
7012983,UL-003083,Books item UL-003083,Books,Active,ShopGoodwill,EMP-1005,13.99,1,9/30/2026 9:17:26 AM,9/30/2026 9:29:26 AM,,,0
7012984,UL-003084,Collectibles item UL-003084,Collectibles,Active,ShopGoodwill,EMP-1006,35.99,1,9/30/2026 4:38:08 PM,9/30/2026 4:50:08 PM,,,0
7012985,UL-003085,Jewelry item UL-003085,Jewelry,Active,ShopGoodwill,EMP-1001,15.99,1,9/30/2026 2:20:26 PM,9/30/2026 2:32:26 PM,,,0
7012986,UL-003086,Handbags item UL-003086,Handbags,Active,ShopGoodwill,EMP-1002,23.99,1,9/30/2026 1:26:46 PM,9/30/2026 1:38:46 PM,,,0
7012987,UL-003087,Books item UL-003087,Books,Active,ShopGoodwill,EMP-1001,63.99,1,9/30/2026 8:08:21 AM,9/30/2026 8:20:21 AM,,,0
7012988,UL-003088,Home Decor item UL-003088,Home Decor,Active,eBay,EMP-1003,46.99,1,9/30/2026 8:04:35 AM,9/30/2026 8:16:35 AM,,,0
7012989,UL-003089,Electronics item UL-003089,Electronics,Active,Amazon,EMP-1006,11.99,1,9/30/2026 9:22:09 AM,9/30/2026 9:34:09 AM,,,0
7012990,UL-003090,Home Decor item UL-003090,Home Decor,Active,ShopGoodwill,EMP-1001,63.99,1,9/30/2026 3:51:58 PM,9/30/2026 4:03:58 PM,,,0
7012991,UL-003091,Media item UL-003091,Media,Active,ShopGoodwill,EMP-1002,36.99,1,9/30/2026 5:27:58 PM,9/30/2026 5:39:58 PM,,,0
7012992,UL-003092,Shoes item UL-003092,Shoes,Active,ShopGoodwill,EMP-1001,22.99,1,9/30/2026 5:20:20 PM,9/30/2026 5:32:20 PM,,,0
7012993,UL-003093,Jewelry item UL-003093,Jewelry,Active,ShopGoodwill,EMP-1004,8.99,1,9/30/2026 12:44:52 PM,9/30/2026 12:56:52 PM,,,0
7012994,UL-003094,Books item UL-003094,Books,Active,Amazon,EMP-1001,51.99,1,9/30/2026 12:37:53 PM,9/30/2026 12:49:53 PM,,,0
7012995,UL-003095,Collectibles item UL-003095,Collectibles,Active,ShopGoodwill,EMP-1001,25.99,1,9/30/2026 12:39:18 PM,9/30/2026 12:51:18 PM,,,0
7012996,UL-003096,Media item UL-003096,Media,Active,ShopGoodwill,EMP-1004,24.99,1,9/30/2026 11:06:44 AM,9/30/2026 11:18:44 AM,,,0
7012997,UL-003097,Toys item UL-003097,Toys,Active,ShopGoodwill,EMP-1004,33.99,1,9/30/2026 12:36:20 PM,9/30/2026 12:48:20 PM,,,0
7012998,UL-003098,Clothing item UL-003098,Clothing,Active,eBay,EMP-1001,12.99,1,9/30/2026 8:35:48 AM,9/30/2026 8:47:48 AM,,,0
7012999,UL-003099,Kitchen item UL-003099,Kitchen,Active,eBay,EMP-1005,28.99,1,9/30/2026 8:28:54 AM,9/30/2026 8:40:54 AM,,,0
7013000,UL-003100,Books item UL-003100,Books,Active,eBay,EMP-1003,18.99,1,9/30/2026 9:55:32 AM,9/30/2026 10:07:32 AM,,,0
7013001,UL-003101,Books item UL-003101,Books,Active,Amazon,EMP-1004,17.99,1,9/30/2026 10:35:11 AM,9/30/2026 10:47:11 AM,,,0
7013002,UL-003102,Watches item UL-003102,Watches,Active,eBay,EMP-1003,15.99,1,9/30/2026 2:06:55 PM,9/30/2026 2:18:55 PM,,,0
7013003,UL-003103,Toys item UL-003103,Toys,Active,ShopGoodwill,EMP-1002,53.99,1,9/30/2026 1:40:53 PM,9/30/2026 1:52:53 PM,,,0
7013004,UL-003104,Electronics item UL-003104,Electronics,Active,Mercari,EMP-1002,12.99,1,9/30/2026 12:19:32 PM,9/30/2026 12:31:32 PM,,,0
7013005,UL-003105,Jewelry item UL-003105,Jewelry,Active,Amazon,EMP-1004,40.99,1,9/30/2026 2:18:50 PM,9/30/2026 2:30:50 PM,,,0
7013006,UL-003106,Sporting Goods item UL-003106,Sporting Goods,Active,Amazon,EMP-1001,59.99,1,9/30/2026 4:17:40 PM,9/30/2026 4:29:40 PM,,,0
7013007,UL-003107,Jewelry item UL-003107,Jewelry,Active,eBay,EMP-1003,16.99,1,9/30/2026 3:12:23 PM,9/30/2026 3:24:23 PM,,,0
7013008,UL-003108,Clothing item UL-003108,Clothing,Active,ShopGoodwill,EMP-1002,65.99,1,9/30/2026 11:29:27 AM,9/30/2026 11:41:27 AM,,,0
7013009,UL-003109,Home Decor item UL-003109,Home Decor,Active,ShopGoodwill,EMP-1003,50.99,1,9/30/2026 5:15:51 PM,9/30/2026 5:27:51 PM,,,0
7013010,UL-003110,Home Decor item UL-003110,Home Decor,Active,Mercari,EMP-1005,23.99,1,9/30/2026 11:19:17 AM,9/30/2026 11:31:17 AM,,,0
7013011,UL-003111,Jewelry item UL-003111,Jewelry,Active,Amazon,EMP-1002,48.99,1,9/30/2026 9:27:42 AM,9/30/2026 9:39:42 AM,,,0
7013012,UL-003112,Electronics item UL-003112,Electronics,Active,eBay,EMP-1003,57.99,1,9/30/2026 9:06:18 AM,9/30/2026 9:18:18 AM,,,0
7013013,UL-003113,Home Decor item UL-003113,Home Decor,Active,Amazon,EMP-1004,45.99,1,9/30/2026 7:53:04 AM,9/30/2026 8:05:04 AM,,,0
7013014,UL-003114,Electronics item UL-003114,Electronics,Active,Amazon,EMP-1006,12.99,1,9/30/2026 11:17:41 AM,9/30/2026 11:29:41 AM,,,0
7013015,UL-003115,Electronics item UL-003115,Electronics,Active,eBay,EMP-1001,33.99,1,9/30/2026 9:23:39 AM,9/30/2026 9:35:39 AM,,,0
7013016,UL-003116,Shoes item UL-003116,Shoes,Active,ShopGoodwill,EMP-1003,16.99,1,9/30/2026 1:31:45 PM,9/30/2026 1:43:45 PM,,,0
7013017,UL-003117,Books item UL-003117,Books,Active,eBay,EMP-1002,12.99,1,9/30/2026 12:38:16 PM,9/30/2026 12:50:16 PM,,,0
7013018,UL-003118,Electronics item UL-003118,Electronics,Active,Amazon,EMP-1005,22.99,1,9/30/2026 3:55:45 PM,9/30/2026 4:07:45 PM,,,0
7013019,UL-003119,Handbags item UL-003119,Handbags,Active,Amazon,EMP-1005,13.99,1,9/30/2026 12:24:25 PM,9/30/2026 12:36:25 PM,,,0
7013020,UL-003120,Toys item UL-003120,Toys,Active,ShopGoodwill,EMP-1006,32.99,1,9/30/2026 12:53:37 PM,9/30/2026 1:05:37 PM,,,0
7013021,UL-003121,Home Decor item UL-003121,Home Decor,Active,ShopGoodwill,EMP-1004,11.99,1,9/30/2026 8:57:26 AM,9/30/2026 9:09:26 AM,,,0
7013022,UL-003122,Home Decor item UL-003122,Home Decor,Active,eBay,EMP-1006,20.99,1,9/30/2026 11:02:00 AM,9/30/2026 11:14:00 AM,,,0
7013023,UL-003123,Collectibles item UL-003123,Collectibles,Active,Mercari,EMP-1001,28.99,1,9/30/2026 2:28:14 PM,9/30/2026 2:40:14 PM,,,0
7013024,UL-003124,Books item UL-003124,Books,Active,Mercari,EMP-1004,133.99,1,9/30/2026 4:38:56 PM,9/30/2026 4:50:56 PM,,,0
7013025,UL-003125,Books item UL-003125,Books,Active,Mercari,EMP-1001,94.99,1,9/30/2026 11:40:44 AM,9/30/2026 11:52:44 AM,,,0
7013026,UL-003126,Home Decor item UL-003126,Home Decor,Active,ShopGoodwill,EMP-1002,11.99,1,10/1/2026 2:22:37 PM,10/1/2026 2:34:37 PM,,,0
7013027,UL-003127,Books item UL-003127,Books,Active,Amazon,EMP-1002,25.99,1,10/1/2026 10:46:35 AM,10/1/2026 10:58:35 AM,,,0
7013028,UL-003128,Clothing item UL-003128,Clothing,Active,Amazon,EMP-1002,106.99,1,10/1/2026 4:36:43 PM,10/1/2026 4:48:43 PM,,,0
7013029,UL-003129,Collectibles item UL-003129,Collectibles,Active,Amazon,EMP-1004,16.99,1,10/1/2026 12:59:44 PM,10/1/2026 1:11:44 PM,,,0
7013030,UL-003130,Books item UL-003130,Books,Active,ShopGoodwill,EMP-1005,43.99,1,10/1/2026 2:41:40 PM,10/1/2026 2:53:40 PM,,,0
7013031,UL-003131,Clothing item UL-003131,Clothing,Active,Mercari,EMP-1006,19.99,1,10/1/2026 2:47:00 PM,10/1/2026 2:59:00 PM,,,0
7013032,UL-003132,Jewelry item UL-003132,Jewelry,Active,ShopGoodwill,EMP-1001,12.99,1,10/1/2026 12:28:58 PM,10/1/2026 12:40:58 PM,,,0
7013033,UL-003133,Collectibles item UL-003133,Collectibles,Active,eBay,EMP-1004,28.99,1,10/1/2026 10:35:56 AM,10/1/2026 10:47:56 AM,,,0
7013034,UL-003134,Jewelry item UL-003134,Jewelry,Active,Amazon,EMP-1003,29.99,1,10/1/2026 12:15:10 PM,10/1/2026 12:27:10 PM,,,0
7013035,UL-003135,Toys item UL-003135,Toys,Active,ShopGoodwill,EMP-1002,25.99,1,10/1/2026 10:19:50 AM,10/1/2026 10:31:50 AM,,,0
7013036,UL-003136,Collectibles item UL-003136,Collectibles,Active,ShopGoodwill,EMP-1002,24.99,1,10/1/2026 12:05:04 PM,10/1/2026 12:17:04 PM,,,0
7013037,UL-003137,Collectibles item UL-003137,Collectibles,Active,eBay,EMP-1005,17.99,1,10/1/2026 11:57:48 AM,10/1/2026 12:09:48 PM,,,0
7013038,UL-003138,Electronics item UL-003138,Electronics,Active,ShopGoodwill,EMP-1006,24.99,1,10/1/2026 2:05:10 PM,10/1/2026 2:17:10 PM,,,0
7013039,UL-003139,Books item UL-003139,Books,Active,ShopGoodwill,EMP-1002,14.99,1,10/1/2026 1:12:00 PM,10/1/2026 1:24:00 PM,,,0
7013040,UL-003140,Kitchen item UL-003140,Kitchen,Active,Mercari,EMP-1001,59.99,1,10/1/2026 3:34:01 PM,10/1/2026 3:46:01 PM,,,0
7013041,UL-003141,Art item UL-003141,Art,Active,Amazon,EMP-1006,25.99,1,10/1/2026 3:51:59 PM,10/1/2026 4:03:59 PM,,,0
7013042,UL-003142,Shoes item UL-003142,Shoes,Active,ShopGoodwill,EMP-1001,21.99,1,10/1/2026 5:17:55 PM,10/1/2026 5:29:55 PM,,,0
7013043,UL-003143,Collectibles item UL-003143,Collectibles,Active,Amazon,EMP-1003,29.99,1,10/1/2026 3:27:40 PM,10/1/2026 3:39:40 PM,,,0
7013044,UL-003144,Media item UL-003144,Media,Active,Amazon,EMP-1006,54.99,1,10/1/2026 2:31:38 PM,10/1/2026 2:43:38 PM,,,0
7013045,UL-003145,Shoes item UL-003145,Shoes,Active,ShopGoodwill,EMP-1001,18.99,1,10/1/2026 9:49:42 AM,10/1/2026 10:01:42 AM,,,0
7013046,UL-003146,Handbags item UL-003146,Handbags,Active,Amazon,EMP-1003,14.99,1,10/1/2026 1:42:31 PM,10/1/2026 1:54:31 PM,,,0
7013047,UL-003147,Electronics item UL-003147,Electronics,Active,ShopGoodwill,EMP-1004,9.99,1,10/1/2026 11:13:00 AM,10/1/2026 11:25:00 AM,,,0
7013048,UL-003148,Home Decor item UL-003148,Home Decor,Active,ShopGoodwill,EMP-1003,22.99,1,10/1/2026 4:26:53 PM,10/1/2026 4:38:53 PM,,,0
7013049,UL-003149,Collectibles item UL-003149,Collectibles,Active,Amazon,EMP-1005,36.99,1,10/1/2026 4:09:47 PM,10/1/2026 4:21:47 PM,,,0
7013050,UL-003150,Home Decor item UL-003150,Home Decor,Active,Amazon,EMP-1003,45.99,1,10/1/2026 8:01:56 AM,10/1/2026 8:13:56 AM,,,0
7013051,UL-003151,Kitchen item UL-003151,Kitchen,Active,ShopGoodwill,EMP-1002,18.99,1,10/1/2026 11:55:11 AM,10/1/2026 12:07:11 PM,,,0
7013052,UL-003152,Clothing item UL-003152,Clothing,Active,Amazon,EMP-1003,26.99,1,10/1/2026 5:46:56 PM,10/1/2026 5:58:56 PM,,,0
7013053,UL-003153,Books item UL-003153,Books,Active,Amazon,EMP-1005,38.99,1,10/1/2026 9:18:04 AM,10/1/2026 9:30:04 AM,,,0
7013054,UL-003154,Books item UL-003154,Books,Active,Amazon,EMP-1006,13.99,1,10/1/2026 11:31:05 AM,10/1/2026 11:43:05 AM,,,0
7013055,UL-003155,Books item UL-003155,Books,Active,Mercari,EMP-1003,26.99,1,10/1/2026 9:14:26 AM,10/1/2026 9:26:26 AM,,,0
7013056,UL-003156,Handbags item UL-003156,Handbags,Active,Mercari,EMP-1003,25.99,1,10/1/2026 3:44:16 PM,10/1/2026 3:56:16 PM,,,0
7013057,UL-003157,Clothing item UL-003157,Clothing,Active,Amazon,EMP-1003,10.99,1,10/1/2026 9:25:02 AM,10/1/2026 9:37:02 AM,,,0
7013058,UL-003158,Watches item UL-003158,Watches,Active,Amazon,EMP-1004,40.99,1,10/1/2026 9:56:59 AM,10/1/2026 10:08:59 AM,,,0
7013059,UL-003159,Jewelry item UL-003159,Jewelry,Active,ShopGoodwill,EMP-1003,31.99,1,10/1/2026 10:13:15 AM,10/1/2026 10:25:15 AM,,,0
7013060,UL-003160,Electronics item UL-003160,Electronics,Active,Amazon,EMP-1003,13.99,1,10/1/2026 11:35:40 AM,10/1/2026 11:47:40 AM,,,0
7013061,UL-003161,Kitchen item UL-003161,Kitchen,Active,ShopGoodwill,EMP-1002,16.99,1,10/1/2026 12:14:59 PM,10/1/2026 12:26:59 PM,,,0
7013062,UL-003162,Books item UL-003162,Books,Active,ShopGoodwill,EMP-1004,30.99,1,10/1/2026 3:04:24 PM,10/1/2026 3:16:24 PM,,,0
7013063,UL-003163,Watches item UL-003163,Watches,Active,ShopGoodwill,EMP-1004,33.99,1,10/1/2026 3:03:59 PM,10/1/2026 3:15:59 PM,,,0
7013064,UL-003164,Media item UL-003164,Media,Active,ShopGoodwill,EMP-1003,6.99,1,10/1/2026 9:32:10 AM,10/1/2026 9:44:10 AM,,,0
7013065,UL-003165,Jewelry item UL-003165,Jewelry,Active,eBay,EMP-1003,12.99,1,10/1/2026 11:32:10 AM,10/1/2026 11:44:10 AM,,,0
7013066,UL-003166,Clothing item UL-003166,Clothing,Active,ShopGoodwill,EMP-1003,18.99,1,10/1/2026 8:52:25 AM,10/1/2026 9:04:25 AM,,,0
7013067,UL-003167,Collectibles item UL-003167,Collectibles,Active,ShopGoodwill,EMP-1001,34.99,1,10/1/2026 8:47:07 AM,10/1/2026 8:59:07 AM,,,0
7013068,UL-003168,Electronics item UL-003168,Electronics,Active,ShopGoodwill,EMP-1002,43.99,1,10/1/2026 1:03:52 PM,10/1/2026 1:15:52 PM,,,0
7013069,UL-003169,Shoes item UL-003169,Shoes,Active,Mercari,EMP-1001,12.99,1,10/1/2026 2:14:01 PM,10/1/2026 2:26:01 PM,,,0
7013070,UL-003170,Clothing item UL-003170,Clothing,Active,eBay,EMP-1006,23.99,1,10/1/2026 1:03:39 PM,10/1/2026 1:15:39 PM,,,0
7013071,UL-003171,Sporting Goods item UL-003171,Sporting Goods,Active,eBay,EMP-1005,12.99,1,10/1/2026 9:19:34 AM,10/1/2026 9:31:34 AM,,,0
7013072,UL-003172,Clothing item UL-003172,Clothing,Active,ShopGoodwill,EMP-1005,6.99,1,10/1/2026 5:06:17 PM,10/1/2026 5:18:17 PM,,,0
7013073,UL-003173,Handbags item UL-003173,Handbags,Active,ShopGoodwill,EMP-1001,6.99,1,10/1/2026 3:12:15 PM,10/1/2026 3:24:15 PM,,,0
7013074,UL-003174,Books item UL-003174,Books,Active,ShopGoodwill,EMP-1005,17.99,1,10/1/2026 8:27:33 AM,10/1/2026 8:39:33 AM,,,0
7013075,UL-003175,Clothing item UL-003175,Clothing,Active,Mercari,EMP-1006,22.99,1,10/1/2026 11:49:35 AM,10/1/2026 12:01:35 PM,,,0
7013076,UL-003176,Shoes item UL-003176,Shoes,Active,Mercari,EMP-1001,29.99,1,10/1/2026 5:02:22 PM,10/1/2026 5:14:22 PM,,,0
7013077,UL-003177,Clothing item UL-003177,Clothing,Active,ShopGoodwill,EMP-1006,44.99,1,10/1/2026 4:12:56 PM,10/1/2026 4:24:56 PM,,,0
7013078,UL-003178,Media item UL-003178,Media,Active,ShopGoodwill,EMP-1003,81.99,1,10/1/2026 5:40:01 PM,10/1/2026 5:52:01 PM,,,0
7013079,UL-003179,Electronics item UL-003179,Electronics,Active,ShopGoodwill,EMP-1003,11.99,1,10/1/2026 4:30:31 PM,10/1/2026 4:42:31 PM,,,0
7013080,UL-003180,Books item UL-003180,Books,Active,eBay,EMP-1003,42.99,1,10/1/2026 8:29:36 AM,10/1/2026 8:41:36 AM,,,0
7013081,UL-003181,Clothing item UL-003181,Clothing,Active,ShopGoodwill,EMP-1002,11.99,1,10/1/2026 9:55:24 AM,10/1/2026 10:07:24 AM,,,0
7013082,UL-003182,Books item UL-003182,Books,Active,ShopGoodwill,EMP-1005,56.99,1,10/1/2026 4:54:18 PM,10/1/2026 5:06:18 PM,,,0
7013083,UL-003183,Media item UL-003183,Media,Active,ShopGoodwill,EMP-1003,102.99,1,10/1/2026 12:03:51 PM,10/1/2026 12:15:51 PM,,,0
7013084,UL-003184,Sporting Goods item UL-003184,Sporting Goods,Active,ShopGoodwill,EMP-1003,18.99,1,10/1/2026 5:01:56 PM,10/1/2026 5:13:56 PM,,,0
7013085,UL-003185,Kitchen item UL-003185,Kitchen,Active,Mercari,EMP-1003,24.99,1,10/2/2026 10:07:11 AM,10/2/2026 10:19:11 AM,,,0
7013086,UL-003186,Kitchen item UL-003186,Kitchen,Active,Amazon,EMP-1004,27.99,1,10/2/2026 10:22:53 AM,10/2/2026 10:34:53 AM,,,0
7013087,UL-003187,Jewelry item UL-003187,Jewelry,Active,Amazon,EMP-1006,53.99,1,10/2/2026 11:10:36 AM,10/2/2026 11:22:36 AM,,,0
7013088,UL-003188,Kitchen item UL-003188,Kitchen,Active,Mercari,EMP-1001,53.99,1,10/2/2026 4:26:03 PM,10/2/2026 4:38:03 PM,,,0
7013089,UL-003189,Books item UL-003189,Books,Active,Amazon,EMP-1003,14.99,1,10/2/2026 10:39:23 AM,10/2/2026 10:51:23 AM,,,0
7013090,UL-003190,Books item UL-003190,Books,Active,Amazon,EMP-1004,22.99,1,10/2/2026 1:34:29 PM,10/2/2026 1:46:29 PM,,,0
7013091,UL-003191,Handbags item UL-003191,Handbags,Active,ShopGoodwill,EMP-1005,15.99,1,10/2/2026 1:13:43 PM,10/2/2026 1:25:43 PM,,,0
7013092,UL-003192,Collectibles item UL-003192,Collectibles,Active,eBay,EMP-1002,8.99,1,10/2/2026 10:58:03 AM,10/2/2026 11:10:03 AM,,,0
7013093,UL-003193,Media item UL-003193,Media,Active,Mercari,EMP-1006,31.99,1,10/2/2026 5:34:27 PM,10/2/2026 5:46:27 PM,,,0
7013094,UL-003194,Clothing item UL-003194,Clothing,Active,ShopGoodwill,EMP-1006,47.99,1,10/2/2026 3:31:06 PM,10/2/2026 3:43:06 PM,,,0
7013095,UL-003195,Electronics item UL-003195,Electronics,Active,ShopGoodwill,EMP-1004,19.99,1,10/2/2026 2:09:05 PM,10/2/2026 2:21:05 PM,,,0
7013096,UL-003196,Media item UL-003196,Media,Active,ShopGoodwill,EMP-1001,27.99,1,10/2/2026 11:46:01 AM,10/2/2026 11:58:01 AM,,,0
7013097,UL-003197,Media item UL-003197,Media,Active,ShopGoodwill,EMP-1002,38.99,1,10/2/2026 2:07:51 PM,10/2/2026 2:19:51 PM,,,0
7013098,UL-003198,Books item UL-003198,Books,Active,Amazon,EMP-1004,12.99,1,10/2/2026 5:00:27 PM,10/2/2026 5:12:27 PM,,,0
7013099,UL-003199,Collectibles item UL-003199,Collectibles,Active,ShopGoodwill,EMP-1003,23.99,1,10/2/2026 9:02:14 AM,10/2/2026 9:14:14 AM,,,0
7013100,UL-003200,Kitchen item UL-003200,Kitchen,Active,ShopGoodwill,EMP-1004,17.99,1,10/2/2026 10:02:38 AM,10/2/2026 10:14:38 AM,,,0
7013101,UL-003201,Home Decor item UL-003201,Home Decor,Active,Amazon,EMP-1003,102.99,1,10/2/2026 1:47:55 PM,10/2/2026 1:59:55 PM,,,0
7013102,UL-003202,Books item UL-003202,Books,Active,ShopGoodwill,EMP-1001,10.99,1,10/2/2026 2:37:06 PM,10/2/2026 2:49:06 PM,,,0
7013103,UL-003203,Media item UL-003203,Media,Active,ShopGoodwill,EMP-1002,34.99,1,10/2/2026 4:06:35 PM,10/2/2026 4:18:35 PM,,,0
7013104,UL-003204,Jewelry item UL-003204,Jewelry,Active,ShopGoodwill,EMP-1001,75.99,1,10/2/2026 12:48:17 PM,10/2/2026 1:00:17 PM,,,0
7013105,UL-003205,Kitchen item UL-003205,Kitchen,Active,Mercari,EMP-1004,68.99,1,10/2/2026 5:17:50 PM,10/2/2026 5:29:50 PM,,,0
7013106,UL-003206,Jewelry item UL-003206,Jewelry,Active,Amazon,EMP-1006,46.99,1,10/2/2026 1:18:02 PM,10/2/2026 1:30:02 PM,,,0
7013107,UL-003207,Media item UL-003207,Media,Active,ShopGoodwill,EMP-1005,16.99,1,10/2/2026 3:07:12 PM,10/2/2026 3:19:12 PM,,,0
7013108,UL-003208,Books item UL-003208,Books,Active,Mercari,EMP-1005,19.99,1,10/2/2026 3:53:41 PM,10/2/2026 4:05:41 PM,,,0
7013109,UL-003209,Collectibles item UL-003209,Collectibles,Active,ShopGoodwill,EMP-1001,37.99,1,10/2/2026 3:22:35 PM,10/2/2026 3:34:35 PM,,,0
7013110,UL-003210,Clothing item UL-003210,Clothing,Active,ShopGoodwill,EMP-1003,30.99,1,10/2/2026 5:38:56 PM,10/2/2026 5:50:56 PM,,,0
7013111,UL-003211,Collectibles item UL-003211,Collectibles,Active,Mercari,EMP-1002,26.99,1,10/2/2026 2:55:49 PM,10/2/2026 3:07:49 PM,,,0
7013112,UL-003212,Media item UL-003212,Media,Active,ShopGoodwill,EMP-1006,29.99,1,10/2/2026 1:24:30 PM,10/2/2026 1:36:30 PM,,,0
7013113,UL-003213,Toys item UL-003213,Toys,Active,eBay,EMP-1005,11.99,1,10/2/2026 5:00:00 PM,10/2/2026 5:12:00 PM,,,0
7013114,UL-003214,Electronics item UL-003214,Electronics,Active,ShopGoodwill,EMP-1006,36.99,1,10/2/2026 8:56:44 AM,10/2/2026 9:08:44 AM,,,0
7013115,UL-003215,Books item UL-003215,Books,Active,eBay,EMP-1001,25.99,1,10/2/2026 8:57:04 AM,10/2/2026 9:09:04 AM,,,0
7013116,UL-003216,Books item UL-003216,Books,Active,Amazon,EMP-1002,20.99,1,10/2/2026 3:14:29 PM,10/2/2026 3:26:29 PM,,,0
7013117,UL-003217,Books item UL-003217,Books,Active,Amazon,EMP-1006,21.99,1,10/2/2026 1:10:45 PM,10/2/2026 1:22:45 PM,,,0
7013118,UL-003218,Collectibles item UL-003218,Collectibles,Active,Mercari,EMP-1006,23.99,1,10/2/2026 12:01:15 PM,10/2/2026 12:13:15 PM,,,0
7013119,UL-003219,Collectibles item UL-003219,Collectibles,Active,Amazon,EMP-1001,41.99,1,10/2/2026 3:19:19 PM,10/2/2026 3:31:19 PM,,,0
7013120,UL-003220,Clothing item UL-003220,Clothing,Active,Amazon,EMP-1005,15.99,1,10/2/2026 5:10:54 PM,10/2/2026 5:22:54 PM,,,0
7013121,UL-003221,Clothing item UL-003221,Clothing,Active,ShopGoodwill,EMP-1001,21.99,1,10/2/2026 5:36:36 PM,10/2/2026 5:48:36 PM,,,0
7013122,UL-003222,Books item UL-003222,Books,Active,ShopGoodwill,EMP-1003,43.99,1,10/2/2026 4:28:56 PM,10/2/2026 4:40:56 PM,,,0
7013123,UL-003223,Electronics item UL-003223,Electronics,Active,ShopGoodwill,EMP-1003,18.99,1,10/2/2026 8:43:34 AM,10/2/2026 8:55:34 AM,,,0
7013124,UL-003224,Books item UL-003224,Books,Active,ShopGoodwill,EMP-1005,37.99,1,10/2/2026 3:35:26 PM,10/2/2026 3:47:26 PM,,,0
7013125,UL-003225,Books item UL-003225,Books,Active,ShopGoodwill,EMP-1003,34.99,1,10/2/2026 9:33:47 AM,10/2/2026 9:45:47 AM,,,0
7013126,UL-003226,Books item UL-003226,Books,Active,eBay,EMP-1006,6.99,1,10/2/2026 2:00:18 PM,10/2/2026 2:12:18 PM,,,0
7013127,UL-003227,Watches item UL-003227,Watches,Active,Mercari,EMP-1005,48.99,1,10/2/2026 5:26:39 PM,10/2/2026 5:38:39 PM,,,0
7013128,UL-003228,Shoes item UL-003228,Shoes,Active,eBay,EMP-1002,29.99,1,10/2/2026 10:25:29 AM,10/2/2026 10:37:29 AM,,,0
7013129,UL-003229,Books item UL-003229,Books,Active,Mercari,EMP-1002,17.99,1,10/2/2026 4:54:16 PM,10/2/2026 5:06:16 PM,,,0
7013130,UL-003230,Home Decor item UL-003230,Home Decor,Active,eBay,EMP-1004,57.99,1,10/2/2026 10:34:40 AM,10/2/2026 10:46:40 AM,,,0
7013131,UL-003231,Clothing item UL-003231,Clothing,Active,Mercari,EMP-1005,32.99,1,10/2/2026 8:56:59 AM,10/2/2026 9:08:59 AM,,,0
7013132,UL-003232,Books item UL-003232,Books,Active,Amazon,EMP-1002,8.99,1,10/2/2026 9:02:53 AM,10/2/2026 9:14:53 AM,,,0
7013133,UL-003233,Clothing item UL-003233,Clothing,Active,Amazon,EMP-1001,33.99,1,10/2/2026 8:40:02 AM,10/2/2026 8:52:02 AM,,,0
7013134,UL-003234,Books item UL-003234,Books,Active,Amazon,EMP-1001,91.99,1,10/2/2026 12:10:52 PM,10/2/2026 12:22:52 PM,,,0
7013135,UL-003235,Shoes item UL-003235,Shoes,Active,ShopGoodwill,EMP-1004,55.99,1,10/2/2026 8:22:40 AM,10/2/2026 8:34:40 AM,,,0
7013136,UL-003236,Media item UL-003236,Media,Active,ShopGoodwill,EMP-1006,6.99,1,10/2/2026 8:22:18 AM,10/2/2026 8:34:18 AM,,,0
7013137,UL-003237,Watches item UL-003237,Watches,Active,ShopGoodwill,EMP-1002,24.99,1,10/2/2026 10:15:03 AM,10/2/2026 10:27:03 AM,,,0
7013138,UL-003238,Clothing item UL-003238,Clothing,Active,eBay,EMP-1003,14.99,1,10/2/2026 4:50:37 PM,10/2/2026 5:02:37 PM,,,0
7013139,UL-003239,Jewelry item UL-003239,Jewelry,Active,Mercari,EMP-1006,30.99,1,10/2/2026 10:38:15 AM,10/2/2026 10:50:15 AM,,,0
7013140,UL-003240,Electronics item UL-003240,Electronics,Active,Amazon,EMP-1001,38.99,1,10/2/2026 12:36:32 PM,10/2/2026 12:48:32 PM,,,0
7013141,UL-003241,Handbags item UL-003241,Handbags,Active,Amazon,EMP-1001,28.99,1,10/2/2026 2:24:05 PM,10/2/2026 2:36:05 PM,,,0
7013142,UL-003242,Collectibles item UL-003242,Collectibles,Active,Amazon,EMP-1002,40.99,1,10/2/2026 1:26:46 PM,10/2/2026 1:38:46 PM,,,0
7013143,UL-003243,Home Decor item UL-003243,Home Decor,Active,ShopGoodwill,EMP-1003,28.99,1,10/3/2026 12:53:21 PM,10/3/2026 1:05:21 PM,,,0
7013144,UL-003244,Electronics item UL-003244,Electronics,Active,eBay,EMP-1001,42.99,1,10/3/2026 2:37:58 PM,10/3/2026 2:49:58 PM,,,0
7013145,UL-003245,Clothing item UL-003245,Clothing,Active,ShopGoodwill,EMP-1002,6.99,1,10/3/2026 3:18:06 PM,10/3/2026 3:30:06 PM,,,0
7013146,UL-003246,Handbags item UL-003246,Handbags,Active,Mercari,EMP-1006,20.99,1,10/3/2026 9:41:58 AM,10/3/2026 9:53:58 AM,,,0
7013147,UL-003247,Books item UL-003247,Books,Active,ShopGoodwill,EMP-1001,10.99,1,10/3/2026 12:22:57 PM,10/3/2026 12:34:57 PM,,,0
7013148,UL-003248,Books item UL-003248,Books,Active,ShopGoodwill,EMP-1004,16.99,1,10/3/2026 1:11:55 PM,10/3/2026 1:23:55 PM,,,0
7013149,UL-003249,Collectibles item UL-003249,Collectibles,Active,Mercari,EMP-1006,21.99,1,10/3/2026 12:12:18 PM,10/3/2026 12:24:18 PM,,,0
7013150,UL-003250,Collectibles item UL-003250,Collectibles,Active,ShopGoodwill,EMP-1005,25.99,1,10/3/2026 10:34:13 AM,10/3/2026 10:46:13 AM,,,0
7013151,UL-003251,Electronics item UL-003251,Electronics,Active,ShopGoodwill,EMP-1004,60.99,1,10/3/2026 12:23:19 PM,10/3/2026 12:35:19 PM,,,0
7013152,UL-003252,Clothing item UL-003252,Clothing,Active,Amazon,EMP-1006,17.99,1,10/3/2026 10:12:16 AM,10/3/2026 10:24:16 AM,,,0
7013153,UL-003253,Collectibles item UL-003253,Collectibles,Active,ShopGoodwill,EMP-1002,24.99,1,10/3/2026 11:22:23 AM,10/3/2026 11:34:23 AM,,,0
7013154,UL-003254,Collectibles item UL-003254,Collectibles,Active,Mercari,EMP-1004,48.99,1,10/3/2026 8:21:54 AM,10/3/2026 8:33:54 AM,,,0
7013155,UL-003255,Clothing item UL-003255,Clothing,Active,Amazon,EMP-1004,25.99,1,10/3/2026 10:34:46 AM,10/3/2026 10:46:46 AM,,,0
7013156,UL-003256,Kitchen item UL-003256,Kitchen,Active,Amazon,EMP-1002,45.99,1,10/3/2026 12:59:56 PM,10/3/2026 1:11:56 PM,,,0
7013157,UL-003257,Electronics item UL-003257,Electronics,Active,Amazon,EMP-1003,36.99,1,10/3/2026 2:30:07 PM,10/3/2026 2:42:07 PM,,,0
7013158,UL-003258,Home Decor item UL-003258,Home Decor,Active,Mercari,EMP-1003,25.99,1,10/3/2026 8:40:32 AM,10/3/2026 8:52:32 AM,,,0
7013159,UL-003259,Books item UL-003259,Books,Active,ShopGoodwill,EMP-1001,31.99,1,10/3/2026 10:43:54 AM,10/3/2026 10:55:54 AM,,,0
7013160,UL-003260,Home Decor item UL-003260,Home Decor,Active,ShopGoodwill,EMP-1003,39.99,1,10/3/2026 10:30:16 AM,10/3/2026 10:42:16 AM,,,0
7013161,UL-003261,Books item UL-003261,Books,Active,eBay,EMP-1006,22.99,1,10/3/2026 4:49:46 PM,10/3/2026 5:01:46 PM,,,0
7013162,UL-003262,Electronics item UL-003262,Electronics,Active,eBay,EMP-1002,20.99,1,10/3/2026 9:42:56 AM,10/3/2026 9:54:56 AM,,,0
7013163,UL-003263,Collectibles item UL-003263,Collectibles,Active,ShopGoodwill,EMP-1005,25.99,1,10/3/2026 1:45:26 PM,10/3/2026 1:57:26 PM,,,0
7013164,UL-003264,Clothing item UL-003264,Clothing,Active,eBay,EMP-1006,12.99,1,10/3/2026 1:06:07 PM,10/3/2026 1:18:07 PM,,,0
7013165,UL-003265,Books item UL-003265,Books,Active,Amazon,EMP-1003,18.99,1,10/3/2026 12:41:02 PM,10/3/2026 12:53:02 PM,,,0
7013166,UL-003266,Shoes item UL-003266,Shoes,Active,Amazon,EMP-1006,37.99,1,10/3/2026 12:06:26 PM,10/3/2026 12:18:26 PM,,,0
7013167,UL-003267,Electronics item UL-003267,Electronics,Active,eBay,EMP-1004,43.99,1,10/3/2026 11:53:35 AM,10/3/2026 12:05:35 PM,,,0
7013168,UL-003268,Shoes item UL-003268,Shoes,Active,eBay,EMP-1003,14.99,1,10/3/2026 9:39:35 AM,10/3/2026 9:51:35 AM,,,0
7013169,UL-003269,Books item UL-003269,Books,Active,eBay,EMP-1005,9.99,1,10/3/2026 5:01:04 PM,10/3/2026 5:13:04 PM,,,0
7013170,UL-003270,Kitchen item UL-003270,Kitchen,Active,eBay,EMP-1005,7.99,1,10/3/2026 4:22:03 PM,10/3/2026 4:34:03 PM,,,0
7013171,UL-003271,Collectibles item UL-003271,Collectibles,Active,eBay,EMP-1004,14.99,1,10/3/2026 9:34:12 AM,10/3/2026 9:46:12 AM,,,0
7013172,UL-003272,Collectibles item UL-003272,Collectibles,Active,ShopGoodwill,EMP-1004,62.99,1,10/3/2026 3:29:21 PM,10/3/2026 3:41:21 PM,,,0
7013173,UL-003273,Jewelry item UL-003273,Jewelry,Active,Amazon,EMP-1001,83.99,1,10/3/2026 8:00:55 AM,10/3/2026 8:12:55 AM,,,0
7013174,UL-003274,Clothing item UL-003274,Clothing,Active,ShopGoodwill,EMP-1004,9.99,1,10/3/2026 12:40:12 PM,10/3/2026 12:52:12 PM,,,0
7013175,UL-003275,Watches item UL-003275,Watches,Active,eBay,EMP-1006,24.99,1,10/3/2026 11:35:15 AM,10/3/2026 11:47:15 AM,,,0
7013176,UL-003276,Electronics item UL-003276,Electronics,Active,eBay,EMP-1005,28.99,1,10/3/2026 10:51:35 AM,10/3/2026 11:03:35 AM,,,0
7013177,UL-003277,Books item UL-003277,Books,Active,ShopGoodwill,EMP-1003,18.99,1,10/3/2026 10:18:54 AM,10/3/2026 10:30:54 AM,,,0
7013178,UL-003278,Shoes item UL-003278,Shoes,Active,ShopGoodwill,EMP-1002,17.99,1,10/3/2026 5:33:05 PM,10/3/2026 5:45:05 PM,,,0
7013179,UL-003279,Collectibles item UL-003279,Collectibles,Active,ShopGoodwill,EMP-1004,27.99,1,10/3/2026 10:37:39 AM,10/3/2026 10:49:39 AM,,,0
7013180,UL-003280,Collectibles item UL-003280,Collectibles,Active,ShopGoodwill,EMP-1003,29.99,1,10/3/2026 3:35:54 PM,10/3/2026 3:47:54 PM,,,0
7013181,UL-003281,Toys item UL-003281,Toys,Active,ShopGoodwill,EMP-1005,12.99,1,10/3/2026 8:53:21 AM,10/3/2026 9:05:21 AM,,,0
7013182,UL-003282,Media item UL-003282,Media,Active,Amazon,EMP-1006,34.99,1,10/3/2026 8:22:20 AM,10/3/2026 8:34:20 AM,,,0
7013183,UL-003283,Handbags item UL-003283,Handbags,Active,Amazon,EMP-1003,27.99,1,10/3/2026 4:31:20 PM,10/3/2026 4:43:20 PM,,,0
7013184,UL-003284,Books item UL-003284,Books,Active,eBay,EMP-1006,69.99,1,10/3/2026 9:01:49 AM,10/3/2026 9:13:49 AM,,,0
7013185,UL-003285,Sporting Goods item UL-003285,Sporting Goods,Active,eBay,EMP-1001,6.99,1,10/3/2026 11:37:15 AM,10/3/2026 11:49:15 AM,,,0
7013186,UL-003286,Toys item UL-003286,Toys,Active,ShopGoodwill,EMP-1005,69.99,1,10/3/2026 12:22:44 PM,10/3/2026 12:34:44 PM,,,0
7013187,UL-003287,Clothing item UL-003287,Clothing,Active,Amazon,EMP-1001,8.99,1,10/3/2026 5:42:42 PM,10/3/2026 5:54:42 PM,,,0
7013188,UL-003288,Jewelry item UL-003288,Jewelry,Active,Mercari,EMP-1006,30.99,1,10/3/2026 8:30:17 AM,10/3/2026 8:42:17 AM,,,0
7013189,UL-003289,Media item UL-003289,Media,Active,Amazon,EMP-1005,7.99,1,10/3/2026 9:41:10 AM,10/3/2026 9:53:10 AM,,,0
7013190,UL-003290,Home Decor item UL-003290,Home Decor,Active,eBay,EMP-1005,51.99,1,10/3/2026 10:01:34 AM,10/3/2026 10:13:34 AM,,,0
7013191,UL-003291,Shoes item UL-003291,Shoes,Active,ShopGoodwill,EMP-1001,7.99,1,10/3/2026 3:17:56 PM,10/3/2026 3:29:56 PM,,,0
7013192,UL-003292,Kitchen item UL-003292,Kitchen,Active,Mercari,EMP-1001,15.99,1,10/3/2026 2:50:15 PM,10/3/2026 3:02:15 PM,,,0
7013193,UL-003293,Books item UL-003293,Books,Active,ShopGoodwill,EMP-1006,37.99,1,10/3/2026 4:23:05 PM,10/3/2026 4:35:05 PM,,,0
7013194,UL-003294,Clothing item UL-003294,Clothing,Active,ShopGoodwill,EMP-1004,19.99,1,10/3/2026 10:56:05 AM,10/3/2026 11:08:05 AM,,,0
7013195,UL-003295,Media item UL-003295,Media,Active,Mercari,EMP-1003,13.99,1,10/3/2026 2:18:59 PM,10/3/2026 2:30:59 PM,,,0
7013196,UL-003296,Clothing item UL-003296,Clothing,Active,Amazon,EMP-1005,16.99,1,10/3/2026 3:43:50 PM,10/3/2026 3:55:50 PM,,,0
7013197,UL-003297,Electronics item UL-003297,Electronics,Active,Amazon,EMP-1003,37.99,1,10/3/2026 2:06:34 PM,10/3/2026 2:18:34 PM,,,0
7013198,UL-003298,Clothing item UL-003298,Clothing,Active,ShopGoodwill,EMP-1003,64.99,1,10/3/2026 11:05:35 AM,10/3/2026 11:17:35 AM,,,0
7013199,UL-003299,Electronics item UL-003299,Electronics,Active,Amazon,EMP-1003,59.99,1,10/3/2026 4:43:34 PM,10/3/2026 4:55:34 PM,,,0
7013200,UL-003300,Electronics item UL-003300,Electronics,Active,ShopGoodwill,EMP-1002,19.99,1,10/3/2026 4:43:22 PM,10/3/2026 4:55:22 PM,,,0
7013201,UL-003301,Clothing item UL-003301,Clothing,Active,Amazon,EMP-1001,64.99,1,10/3/2026 10:28:01 AM,10/3/2026 10:40:01 AM,,,0
7013202,UL-003302,Handbags item UL-003302,Handbags,Active,Amazon,EMP-1005,19.99,1,10/3/2026 11:01:33 AM,10/3/2026 11:13:33 AM,,,0
7013203,UL-003303,Shoes item UL-003303,Shoes,Active,ShopGoodwill,EMP-1001,55.99,1,10/3/2026 4:13:54 PM,10/3/2026 4:25:54 PM,,,0
7013204,UL-003304,Toys item UL-003304,Toys,Active,Mercari,EMP-1005,49.99,1,10/3/2026 2:26:05 PM,10/3/2026 2:38:05 PM,,,0
7013205,UL-003305,Media item UL-003305,Media,Active,ShopGoodwill,EMP-1002,23.99,1,10/3/2026 11:15:00 AM,10/3/2026 11:27:00 AM,,,0
7013206,UL-003306,Clothing item UL-003306,Clothing,Active,ShopGoodwill,EMP-1005,21.99,1,10/3/2026 1:22:41 PM,10/3/2026 1:34:41 PM,,,0
7013207,UL-003307,Shoes item UL-003307,Shoes,Active,eBay,EMP-1002,19.99,1,10/3/2026 8:54:03 AM,10/3/2026 9:06:03 AM,,,0
7013208,UL-003308,Media item UL-003308,Media,Active,eBay,EMP-1005,17.99,1,10/3/2026 12:54:36 PM,10/3/2026 1:06:36 PM,,,0
7013209,UL-003309,Jewelry item UL-003309,Jewelry,Active,ShopGoodwill,EMP-1005,21.99,1,10/3/2026 12:44:34 PM,10/3/2026 12:56:34 PM,,,0
