"Includes Amazon Marketplace, Fulfillment by Amazon (FBA), and Amazon Webstore transactions"
"All amounts in USD, unless specified"
"Definitions:"
"Sales tax collected: Includes sales tax collected from buyers for product sales, shipping, and gift wrap."
"Selling fees: Includes variable closing fees and referral fees."
"Other transaction fees: Includes sales tax collection fees."
"Other: Includes non-order transaction amounts. For more details, see the ""Type"" and ""Description"" columns for each order ID."
date/time,settlement id,type,order id,sku,description,quantity,marketplace,fulfillment,order city,order state,order postal,tax collection model,product sales,product sales tax,shipping credits,shipping credits tax,gift wrap credits,giftwrap credits tax,Regulatory Fee,promotional rebates,promotional rebates tax,marketplace withheld tax,selling fees,fba fees,other transaction fees,other,total,Transaction Status,Transaction Release Date
"Sep 30, 2025 9:12:18 PM PDT",18799999978,Order,111-7608478-1536769,BK-008478,Retro Atlas,1,amazon.com,Seller,,,,MarketplaceFacilitator,11.99,0.84,3.99,0.28,0,0,0,0.00,0,-1.12,-3.60,0.00,0.00,0.00,12.38,Released,
"Sep 30, 2025 11:09:36 PM PDT",18799999978,Order,114-2308472-6490585,BK-008472,Used Cookbook,1,amazon.com,Seller,,,,MarketplaceFacilitator,29.99,2.10,3.99,0.28,0,0,0,0.00,0,-2.38,-6.30,0.00,0.00,0.00,27.68,Released,
"Oct 1, 2025 12:40:04 AM PDT",18799999978,Order,112-6408473-4804075,BK-008473,Like New Textbook,1,amazon.com,Seller,,,,MarketplaceFacilitator,4.99,0.35,3.99,0.28,0,0,0,0.00,0,-0.63,-2.55,0.00,0.00,0.00,6.43,Released,
"Oct 1, 2025 1:40:09 AM PDT",18799999978,Order,112-8908455-6162759,BK-008455,Lot of 2 Textbook,1,amazon.com,Seller,,,,MarketplaceFacilitator,50.99,3.57,3.99,0.28,0,0,0,0.00,0,-3.85,-9.45,0.00,0.00,0.00,45.53,Released,
"Oct 1, 2025 1:41:35 AM PDT",18799999978,Order,112-7108468-3273546,BK-008468,Vintage Field Guide,1,amazon.com,Seller,,,,MarketplaceFacilitator,4.99,0.35,3.99,0.28,0,0,0,0.00,0,-0.63,-2.55,0.00,0.00,0.00,6.43,Released,
"Oct 1, 2025 2:52:04 AM PDT",18799999978,Order,112-5408471-8902182,BK-008471,Lot of 2 Atlas,1,amazon.com,Seller,,,,MarketplaceFacilitator,14.99,1.05,3.99,0.28,0,0,0,0.00,0,-1.33,-4.05,0.00,0.00,0.00,14.93,Released,
"Oct 1, 2025 3:09:10 AM PDT",18799999978,Order,111-9408467-6572589,CO-008467,Antique Coin Lot,1,amazon.com,Seller,,,,MarketplaceFacilitator,9.99,0.70,5.99,0.42,0,0,0,0.00,0,-1.12,-1.50,0.00,0.00,0.00,14.48,Released,
"Oct 1, 2025 3:11:25 AM PDT",18799999978,Order,113-4808454-1270786,BK-008454,Pre-owned Biography,1,amazon.com,Seller,,,,MarketplaceFacilitator,6.99,0.49,3.99,0.28,0,0,0,0.00,0,-0.77,-2.85,0.00,0.00,0.00,8.13,Released,
"Oct 1, 2025 4:22:05 AM PDT",18799999978,Order,114-1508446-3558486,BK-008446,Retro Cookbook,1,amazon.com,Seller,,,,MarketplaceFacilitator,10.99,0.77,3.99,0.28,0,0,0,0.00,0,-1.05,-3.45,0.00,0.00,0.00,11.53,Released,
"Oct 1, 2025 4:53:13 AM PDT",18799999978,Order,112-1208451-8387470,BK-008451,Antique Atlas,1,amazon.com,Seller,,,,MarketplaceFacilitator,4.99,0.35,3.99,0.28,0,0,0,0.00,0,-0.63,-2.55,0.00,0.00,0.00,6.43,Released,
"Oct 1, 2025 6:12:18 AM PDT",18799999978,Order,114-2108490-9421212,BK-008490,Mid-Century Atlas,1,amazon.com,Seller,,,,MarketplaceFacilitator,5.99,0.42,3.99,0.28,0,0,0,0.00,0,-0.70,-2.70,0.00,0.00,0.00,7.28,Released,
"Oct 1, 2025 6:46:17 AM PDT",18799999978,Order,112-1808462-2563629,MD-008462,Antique Vinyl Record,1,amazon.com,Seller,,,,MarketplaceFacilitator,30.99,2.17,3.99,0.28,0,0,0,0.00,0,-2.45,-6.45,0.00,0.00,0.00,28.53,Released,
"Oct 1, 2025 7:03:33 AM PDT",18799999978,Order,111-7308470-8366630,BK-008470,Mid-Century Paperback Lot,1,amazon.com,Seller,,,,MarketplaceFacilitator,7.99,0.56,3.99,0.28,0,0,0,0.00,0,-0.84,-3.00,0.00,0.00,0.00,8.98,Released,
"Oct 1, 2025 7:16:47 AM PDT",18799999978,Order,113-7208460-0991401,MD-008460,Mid-Century Audiobook,1,amazon.com,Seller,,,,MarketplaceFacilitator,20.99,1.47,3.99,0.28,0,0,0,0.00,0,-1.75,-4.95,0.00,0.00,0.00,20.03,Released,
"Oct 1, 2025 7:25:52 AM PDT",18799999978,Order,111-4708495-0639016,EL-008495,Pre-owned Portable Radio,1,amazon.com,Seller,,,,MarketplaceFacilitator,33.99,2.38,5.99,0.42,0,0,0,0.00,0,-2.80,-5.10,0.00,0.00,0.00,34.88,Released,
"Oct 1, 2025 7:36:56 AM PDT",18799999978,Order,113-6008475-6037890,TY-008475,Mid-Century Board Game,1,amazon.com,Seller,,,,MarketplaceFacilitator,39.99,2.80,5.99,0.42,0,0,0,0.00,0,-3.22,-6.00,0.00,0.00,0.00,39.98,Released,
"Oct 1, 2025 7:39:20 AM PDT",18799999978,Order,113-5808452-0484946,MD-008452,Antique CD Lot,1,amazon.com,Seller,,,,MarketplaceFacilitator,6.99,0.49,3.99,0.28,0,0,0,0.00,0,-0.77,-2.85,0.00,0.00,0.00,8.13,Released,
"Oct 1, 2025 7:42:43 AM PDT",18799999978,Order,113-9608483-1740474,BK-008483,Lot of 2 Paperback Lot,1,amazon.com,Seller,,,,MarketplaceFacilitator,6.99,0.49,3.99,0.28,0,0,0,0.00,0,-0.77,-2.85,0.00,0.00,0.00,8.13,Released,
"Oct 1, 2025 7:43:08 AM PDT",18799999978,Order,114-2408466-0167039,BK-008466,Mid-Century Field Guide,1,amazon.com,Seller,,,,MarketplaceFacilitator,29.99,2.10,3.99,0.28,0,0,0,0.00,0,-2.38,-6.30,0.00,0.00,0.00,27.68,Released,
"Oct 1, 2025 7:46:11 AM PDT",18799999978,Order,114-7008463-6274052,BK-008463,Pre-owned Cookbook,1,amazon.com,Seller,,,,MarketplaceFacilitator,4.99,0.35,3.99,0.28,0,0,0,0.00,0,-0.63,-2.55,0.00,0.00,0.00,6.43,Released,
"Oct 1, 2025 8:12:35 AM PDT",18799999978,Order,114-5708476-1541997,BK-008476,Pre-owned Atlas,1,amazon.com,Seller,,,,MarketplaceFacilitator,21.99,1.54,3.99,0.28,0,0,0,0.00,0,-1.82,-5.10,0.00,0.00,0.00,20.88,Released,
"Oct 1, 2025 8:31:44 AM PDT",18799999978,Refund,112-1208451-8387470,BK-008451,Antique Atlas,1,amazon.com,Seller,,,,MarketplaceFacilitator,-4.99,-0.35,-3.99,-0.28,0,0,0,0.00,0,0.63,2.04,0.00,0.00,0.00,-6.94,Released,
"Oct 1, 2025 8:37:40 AM PDT",18799999978,Order,114-2008469-4429844,BK-008469,Used Poetry Collection,1,amazon.com,Seller,,,,MarketplaceFacilitator,8.99,0.63,3.99,0.28,0,0,0,0.00,0,-0.91,-3.15,0.00,0.00,0.00,9.83,Released,
"Oct 1, 2025 9:11:32 AM PDT",18799999978,Order,114-6208493-2663324,BK-008493,Antique Textbook,1,amazon.com,Seller,,,,MarketplaceFacilitator,13.99,0.98,3.99,0.28,0,0,0,0.00,0,-1.26,-3.90,0.00,0.00,0.00,14.08,Released,
"Oct 1, 2025 9:31:35 AM PDT",18799999978,Order,112-9208457-8228046,BK-008457,Retro Cookbook,1,amazon.com,Seller,,,,MarketplaceFacilitator,12.99,0.91,3.99,0.28,0,0,0,0.00,0,-1.19,-3.75,0.00,0.00,0.00,13.23,Released,
"Oct 1, 2025 10:15:07 AM PDT",18799999978,Order,113-5708491-3164546,BK-008491,Pre-owned Cookbook,1,amazon.com,Seller,,,,MarketplaceFacilitator,10.99,0.77,3.99,0.28,0,0,0,0.00,0,-1.05,-3.45,0.00,0.00,0.00,11.53,Released,
"Oct 1, 2025 11:18:56 AM PDT",18799999978,Order,114-0208464-2579470,MD-008464,Mid-Century DVD Box Set,1,amazon.com,Seller,,,,MarketplaceFacilitator,8.99,0.63,3.99,0.28,0,0,0,0.00,0,-0.91,-3.15,0.00,0.00,0.00,9.83,Released,
"Oct 1, 2025 12:33:52 PM PDT",18799999978,Order,113-2508489-0730716,BK-008489,Lot of 2 Field Guide,1,amazon.com,Seller,,,,MarketplaceFacilitator,17.99,1.26,3.99,0.28,0,0,0,0.00,0,-1.54,-4.50,0.00,0.00,0.00,17.48,Released,
"Oct 1, 2025 12:45:14 PM PDT",18799999978,Order,112-7008453-2021336,BK-008453,Used Paperback Lot,1,amazon.com,Seller,,,,MarketplaceFacilitator,18.99,1.33,3.99,0.28,0,0,0,0.00,0,-1.61,-4.65,0.00,0.00,0.00,18.33,Released,
"Oct 1, 2025 1:02:43 PM PDT",18799999978,Order,112-5908488-0514680,BK-008488,Antique Textbook,1,amazon.com,Seller,,,,MarketplaceFacilitator,4.99,0.35,3.99,0.28,0,0,0,0.00,0,-0.63,-2.55,0.00,0.00,0.00,6.43,Released,
"Oct 1, 2025 1:17:47 PM PDT",18799999978,Order,114-2408477-9573743,BK-008477,Lot of 2 Paperback Lot,1,amazon.com,Seller,,,,MarketplaceFacilitator,11.99,0.84,3.99,0.28,0,0,0,0.00,0,-1.12,-3.60,0.00,0.00,0.00,12.38,Released,
"Oct 1, 2025 1:23:46 PM PDT",18799999978,Order,112-6608498-1350290,BK-008498,Pre-owned Hardcover Novel,1,amazon.com,Seller,,,,MarketplaceFacilitator,3.99,0.28,3.99,0.28,0,0,0,0.00,0,-0.56,-2.40,0.00,0.00,0.00,5.58,Released,
"Oct 1, 2025 1:33:53 PM PDT",18799999978,Order,113-0908459-4511384,BK-008459,Lot of 2 Poetry Collection,1,amazon.com,Seller,,,,MarketplaceFacilitator,12.99,0.91,3.99,0.28,0,0,0,0.00,0,-1.19,-3.75,0.00,0.00,0.00,13.23,Released,
"Oct 1, 2025 1:42:47 PM PDT",18799999978,Order,111-3808497-8622109,MD-008497,Pre-owned CD Lot,1,amazon.com,Seller,,,,MarketplaceFacilitator,16.99,1.19,3.99,0.28,0,0,0,0.00,0,-1.47,-4.35,0.00,0.00,0.00,16.63,Released,
"Oct 1, 2025 1:51:00 PM PDT",18799999978,Order,113-4108474-5466636,BK-008474,Lot of 2 Cookbook,1,amazon.com,Seller,,,,MarketplaceFacilitator,15.99,1.12,3.99,0.28,0,0,0,0.00,0,-1.40,-4.20,0.00,0.00,0.00,15.78,Released,
"Oct 1, 2025 1:57:05 PM PDT",18799999978,Order,113-0808485-3379157,BK-008485,Like New Textbook,1,amazon.com,Seller,,,,MarketplaceFacilitator,5.99,0.42,3.99,0.28,0,0,0,0.00,0,-0.70,-2.70,0.00,0.00,0.00,7.28,Released,
"Oct 1, 2025 1:58:22 PM PDT",18799999978,Order,113-0708479-2049988,BK-008479,Classic Field Guide,1,amazon.com,Seller,,,,MarketplaceFacilitator,7.99,0.56,3.99,0.28,0,0,0,0.00,0,-0.84,-3.00,0.00,0.00,0.00,8.98,Released,
"Oct 1, 2025 2:04:50 PM PDT",18799999978,Order,114-7208456-9926103,MD-008456,Handmade Audiobook,1,amazon.com,Seller,,,,MarketplaceFacilitator,27.99,1.96,3.99,0.28,0,0,0,0.00,0,-2.24,-6.00,0.00,0.00,0.00,25.98,Released,
"Oct 1, 2025 2:32:11 PM PDT",18799999978,Order,114-8508445-0514715,MD-008445,Retro Audiobook,1,amazon.com,Seller,,,,MarketplaceFacilitator,17.99,1.26,3.99,0.28,0,0,0,0.00,0,-1.54,-4.50,0.00,0.00,0.00,17.48,Released,
"Oct 1, 2025 2:45:39 PM PDT",18799999978,Order,114-3608448-7277574,MD-008448,Mid-Century CD Lot,1,amazon.com,Seller,,,,MarketplaceFacilitator,5.99,0.42,3.99,0.28,0,0,0,0.00,0,-0.70,-2.70,0.00,0.00,0.00,7.28,Released,
"Oct 1, 2025 2:45:43 PM PDT",18799999978,Order,114-0908481-4498693,MD-008481,Lot of 2 CD Lot,1,amazon.com,Seller,,,,MarketplaceFacilitator,7.99,0.56,3.99,0.28,0,0,0,0.00,0,-0.84,-3.00,0.00,0.00,0.00,8.98,Released,
"Oct 1, 2025 3:30:54 PM PDT",18799999978,Order,112-1708492-3635349,BK-008492,Lot of 2 Poetry Collection,1,amazon.com,Seller,,,,MarketplaceFacilitator,16.99,1.19,3.99,0.28,0,0,0,0.00,0,-1.47,-4.35,0.00,0.00,0.00,16.63,Released,
"Oct 1, 2025 3:31:36 PM PDT",18799999978,Order,114-5008480-7790353,BK-008480,Mid-Century Field Guide,1,amazon.com,Seller,,,,MarketplaceFacilitator,6.99,0.49,3.99,0.28,0,0,0,0.00,0,-0.77,-2.85,0.00,0.00,0.00,8.13,Released,
"Oct 1, 2025 3:54:35 PM PDT",18799999978,Order,111-7808484-6693144,EL-008484,Lot of 2 Headphones,1,amazon.com,Seller,,,,MarketplaceFacilitator,27.99,1.96,5.99,0.42,0,0,0,0.00,0,-2.38,-4.20,0.00,0.00,0.00,29.78,Released,
"Oct 1, 2025 4:07:15 PM PDT",18799999978,Order,114-0608461-8537470,BK-008461,Retro Field Guide,1,amazon.com,Seller,,,,MarketplaceFacilitator,12.99,0.91,3.99,0.28,0,0,0,0.00,0,-1.19,-3.75,0.00,0.00,0.00,13.23,Released,
"Oct 1, 2025 4:49:32 PM PDT",18799999978,Order,113-2308482-4252216,MD-008482,Classic DVD Box Set,1,amazon.com,Seller,,,,MarketplaceFacilitator,9.99,0.70,3.99,0.28,0,0,0,0.00,0,-0.98,-3.30,0.00,0.00,0.00,10.68,Released,
"Oct 1, 2025 5:01:59 PM PDT",18799999978,Order,112-6908458-4761325,MD-008458,Pre-owned Audiobook,1,amazon.com,Seller,,,,MarketplaceFacilitator,5.99,0.42,3.99,0.28,0,0,0,0.00,0,-0.70,-2.70,0.00,0.00,0.00,7.28,Released,
"Oct 1, 2025 5:03:45 PM PDT",18799999978,Order,114-7008494-2709297,CO-008494,Retro Pewter Mug,1,amazon.com,Seller,,,,MarketplaceFacilitator,87.99,6.16,5.99,0.42,0,0,0,0.00,0,-6.58,-13.20,0.00,0.00,0.00,80.78,Released,
"Oct 1, 2025 5:36:56 PM PDT",18799999978,Order,111-8508465-5749621,TY-008465,Antique Board Game,1,amazon.com,Seller,,,,MarketplaceFacilitator,26.99,1.89,5.99,0.42,0,0,0,0.00,0,-2.31,-4.05,0.00,0.00,0.00,28.93,Released,
"Oct 1, 2025 6:03:50 PM PDT",18799999978,Order,112-1908486-4483947,TY-008486,Retro Plush Bear,1,amazon.com,Seller,,,,MarketplaceFacilitator,15.99,1.12,5.99,0.42,0,0,0,0.00,0,-1.54,-2.40,0.00,0.00,0.00,19.58,Released,
"Oct 1, 2025 6:06:44 PM PDT",18799999978,Order,113-7308449-0358158,MD-008449,Lot of 2 Vinyl Record,1,amazon.com,Seller,,,,MarketplaceFacilitator,11.99,0.84,3.99,0.28,0,0,0,0.00,0,-1.12,-3.60,0.00,0.00,0.00,12.38,Released,
"Oct 1, 2025 6:16:57 PM PDT",18799999978,Order,112-3308450-9987097,MD-008450,Handmade DVD Box Set,1,amazon.com,Seller,,,,MarketplaceFacilitator,12.99,0.91,3.99,0.28,0,0,0,0.00,0,-1.19,-3.75,0.00,0.00,0.00,13.23,Released,
"Oct 1, 2025 7:24:43 PM PDT",18799999978,Order,113-9108496-0310834,BK-008496,Used Textbook,1,amazon.com,Seller,,,,MarketplaceFacilitator,3.99,0.28,3.99,0.28,0,0,0,0.00,0,-0.56,-2.40,0.00,0.00,0.00,5.58,Released,
"Oct 1, 2025 8:27:01 PM PDT",18799999978,Order,112-5908447-5147690,MD-008447,Retro Vinyl Record,1,amazon.com,Seller,,,,MarketplaceFacilitator,9.99,0.70,3.99,0.28,0,0,0,0.00,0,-0.98,-3.30,0.00,0.00,0.00,10.68,Released,
"Oct 1, 2025 8:49:55 PM PDT",18799999978,Order,112-3708487-4437022,TY-008487,Vintage Model Train,1,amazon.com,Seller,,,,MarketplaceFacilitator,6.99,0.49,5.99,0.42,0,0,0,0.00,0,-0.91,-1.05,0.00,0.00,0.00,11.93,Released,
"Oct 1, 2025 10:19:11 PM PDT",18799999978,Order,112-1408640-6443095,BK-008640,Like New Biography,1,amazon.com,Seller,,,,MarketplaceFacilitator,4.99,0.35,3.99,0.28,0,0,0,0.00,0,-0.63,-2.55,0.00,0.00,0.00,6.43,Released,
"Oct 2, 2025 1:17:26 AM PDT",18799999978,Order,113-9008649-2217803,MD-008649,Lot of 2 Blu-ray Set,1,amazon.com,Seller,,,,MarketplaceFacilitator,8.99,0.63,3.99,0.28,0,0,0,0.00,0,-0.91,-3.15,0.00,0.00,0.00,9.83,Released,
"Oct 2, 2025 2:01:51 AM PDT",18799999978,Order,112-1408637-1056971,BK-008637,Vintage Hardcover Novel,1,amazon.com,Seller,,,,MarketplaceFacilitator,4.99,0.35,3.99,0.28,0,0,0,0.00,0,-0.63,-2.55,0.00,0.00,0.00,6.43,Released,
"Oct 2, 2025 2:11:21 AM PDT",18799999978,Order,111-4308629-6889458,BK-008629,Vintage Poetry Collection,1,amazon.com,Seller,,,,MarketplaceFacilitator,31.99,2.24,3.99,0.28,0,0,0,0.00,0,-2.52,-6.60,0.00,0.00,0.00,29.38,Released,
"Oct 2, 2025 2:17:17 AM PDT",18799999978,Order,113-6308633-3553774,MD-008633,Used Audiobook,1,amazon.com,Seller,,,,MarketplaceFacilitator,1.99,0.14,3.99,0.28,0,0,0,0.00,0,-0.42,-2.10,0.00,0.00,0.00,3.88,Released,
"Oct 2, 2025 2:38:58 AM PDT",18799999978,Order,113-6108613-9029212,MD-008613,Used Blu-ray Set,1,amazon.com,Seller,,,,MarketplaceFacilitator,17.99,1.26,3.99,0.28,0,0,0,0.00,0,-1.54,-4.50,0.00,0.00,0.00,17.48,Released,
"Oct 2, 2025 2:45:50 AM PDT",18799999978,Order,113-5708628-9642140,MD-008628,Like New Blu-ray Set,1,amazon.com,Seller,,,,MarketplaceFacilitator,14.99,1.05,3.99,0.28,0,0,0,0.00,0,-1.33,-4.05,0.00,0.00,0.00,14.93,Released,
"Oct 2, 2025 3:23:08 AM PDT",18799999978,Order,111-0308616-7233134,BK-008616,Retro Poetry Collection,1,amazon.com,Seller,,,,MarketplaceFacilitator,8.99,0.63,3.99,0.28,0,0,0,0.00,0,-0.91,-3.15,0.00,0.00,0.00,9.83,Released,
"Oct 2, 2025 4:11:01 AM PDT",18799999978,Order,111-0208612-5348135,TY-008612,Pre-owned Lego Lot,1,amazon.com,Seller,,,,MarketplaceFacilitator,21.99,1.54,5.99,0.42,0,0,0,0.00,0,-1.96,-3.30,0.00,0.00,0.00,24.68,Released,
"Oct 2, 2025 5:04:05 AM PDT",18799999978,Order,111-7208647-2347387,MD-008647,Used DVD Box Set,1,amazon.com,Seller,,,,MarketplaceFacilitator,9.99,0.70,3.99,0.28,0,0,0,0.00,0,-0.98,-3.30,0.00,0.00,0.00,10.68,Released,
"Oct 2, 2025 5:30:02 AM PDT",18799999978,Order,111-2908641-8658375,EL-008641,Mid-Century Portable Radio,1,amazon.com,Seller,,,,MarketplaceFacilitator,17.99,1.26,5.99,0.42,0,0,0,0.00,0,-1.68,-2.70,0.00,0.00,0.00,21.28,Released,
"Oct 2, 2025 6:33:48 AM PDT",18799999978,Order,114-8708636-9461045,BK-008636,Antique Atlas,1,amazon.com,Seller,,,,MarketplaceFacilitator,7.99,0.56,3.99,0.28,0,0,0,0.00,0,-0.84,-3.00,0.00,0.00,0.00,8.98,Released,
"Oct 2, 2025 6:48:13 AM PDT",18799999978,Order,113-3508632-7527788,CO-008632,Mid-Century Pewter Mug,1,amazon.com,Seller,,,,MarketplaceFacilitator,36.99,2.59,5.99,0.42,0,0,0,0.00,0,-3.01,-5.55,0.00,0.00,0.00,37.43,Released,
"Oct 2, 2025 7:00:22 AM PDT",18799999978,Order,112-6508646-7990967,BK-008646,Like New Poetry Collection,1,amazon.com,Seller,,,,MarketplaceFacilitator,8.99,0.63,3.99,0.28,0,0,0,0.00,0,-0.91,-3.15,0.00,0.00,0.00,9.83,Released,
"Oct 2, 2025 7:43:15 AM PDT",18799999978,Order,111-8108639-2968060,MD-008639,Retro CD Lot,1,amazon.com,Seller,,,,MarketplaceFacilitator,6.99,0.49,3.99,0.28,0,0,0,0.00,0,-0.77,-2.85,0.00,0.00,0.00,8.13,Released,
"Oct 2, 2025 8:24:26 AM PDT",18799999978,Order,111-6708642-6132027,EL-008642,Mid-Century Camera Lens,1,amazon.com,Seller,,,,MarketplaceFacilitator,16.99,1.19,5.99,0.42,0,0,0,0.00,0,-1.61,-2.55,0.00,0.00,0.00,20.43,Released,
"Oct 2, 2025 9:08:52 AM PDT",18799999978,Order,111-7908631-3961969,EL-008631,Mid-Century Headphones,1,amazon.com,Seller,,,,MarketplaceFacilitator,10.99,0.77,5.99,0.42,0,0,0,0.00,0,-1.19,-1.65,0.00,0.00,0.00,15.33,Released,
"Oct 2, 2025 9:31:22 AM PDT",18799999978,Order,111-0708611-3777125,MD-008611,Used CD Lot,1,amazon.com,Seller,,,,MarketplaceFacilitator,13.99,0.98,3.99,0.28,0,0,0,0.00,0,-1.26,-3.90,0.00,0.00,0.00,14.08,Released,
"Oct 2, 2025 9:32:56 AM PDT",18799999978,Order,114-1608621-4965075,BK-008621,Mid-Century Biography,1,amazon.com,Seller,,,,MarketplaceFacilitator,6.99,0.49,3.99,0.28,0,0,0,0.00,0,-0.77,-2.85,0.00,0.00,0.00,8.13,Released,
"Oct 2, 2025 10:16:57 AM PDT",18799999978,Order,114-2608634-2372281,TY-008634,Retro Lego Lot,1,amazon.com,Seller,,,,MarketplaceFacilitator,5.99,0.42,5.99,0.42,0,0,0,0.00,0,-0.84,-0.90,0.00,0.00,0.00,11.08,Released,
"Oct 2, 2025 10:53:01 AM PDT",18799999978,Order,112-9908630-6479755,MD-008630,Retro CD Lot,1,amazon.com,Seller,,,,MarketplaceFacilitator,9.99,0.70,3.99,0.28,0,0,0,0.00,0,-0.98,-3.30,0.00,0.00,0.00,10.68,Released,
"Oct 2, 2025 11:43:24 AM PDT",18799999978,Order,111-0908623-4142442,BK-008623,Classic Biography,1,amazon.com,Seller,,,,MarketplaceFacilitator,7.99,0.56,3.99,0.28,0,0,0,0.00,0,-0.84,-3.00,0.00,0.00,0.00,8.98,Released,
"Oct 2, 2025 12:50:46 PM PDT",18799999978,Order,112-9408619-4025839,BK-008619,Lot of 2 Paperback Lot,1,amazon.com,Seller,,,,MarketplaceFacilitator,10.99,0.77,3.99,0.28,0,0,0,0.00,0,-1.05,-3.45,0.00,0.00,0.00,11.53,Released,
"Oct 2, 2025 12:52:34 PM PDT",18799999978,Order,112-2208615-3164858,MD-008615,Pre-owned Blu-ray Set,1,amazon.com,Seller,,,,MarketplaceFacilitator,5.99,0.42,3.99,0.28,0,0,0,0.00,0,-0.70,-2.70,0.00,0.00,0.00,7.28,Released,
"Oct 2, 2025 1:17:14 PM PDT",18799999978,Order,113-4008620-4341064,BK-008620,Mid-Century Biography,1,amazon.com,Seller,,,,MarketplaceFacilitator,16.99,1.19,3.99,0.28,0,0,0,0.00,0,-1.47,-4.35,0.00,0.00,0.00,16.63,Released,
"Oct 2, 2025 1:17:54 PM PDT",18799999978,Order,114-3908648-4784232,MD-008648,Classic Audiobook,1,amazon.com,Seller,,,,MarketplaceFacilitator,7.99,0.56,3.99,0.28,0,0,0,0.00,0,-0.84,-3.00,0.00,0.00,0.00,8.98,Released,
"Oct 2, 2025 1:58:41 PM PDT",18799999978,Order,113-8008622-0583765,EL-008622,Mid-Century Headphones,1,amazon.com,Seller,,,,MarketplaceFacilitator,22.99,1.61,5.99,0.42,0,0,0,0.00,0,-2.03,-3.45,0.00,0.00,0.00,25.53,Released,
"Oct 2, 2025 2:14:48 PM PDT",18799999978,Order,113-0208627-8216663,EL-008627,Mid-Century Film Camera,1,amazon.com,Seller,,,,MarketplaceFacilitator,30.99,2.17,5.99,0.42,0,0,0,0.00,0,-2.59,-4.65,0.00,0.00,0.00,32.33,Released,
"Oct 2, 2025 3:18:55 PM PDT",18799999978,Order,114-0008638-6940522,BK-008638,Handmade Hardcover Novel,1,amazon.com,Seller,,,,MarketplaceFacilitator,48.99,3.43,3.99,0.28,0,0,0,0.00,0,-3.71,-9.15,0.00,0.00,0.00,43.83,Released,
"Oct 2, 2025 4:49:25 PM PDT",18799999978,Order,113-8008617-4618709,BK-008617,Classic Poetry Collection,1,amazon.com,Seller,,,,MarketplaceFacilitator,11.99,0.84,3.99,0.28,0,0,0,0.00,0,-1.12,-3.60,0.00,0.00,0.00,12.38,Released,
"Oct 2, 2025 5:08:08 PM PDT",18799999978,Order,111-6408614-1420444,MD-008614,Like New CD Lot,1,amazon.com,Seller,,,,MarketplaceFacilitator,20.99,1.47,3.99,0.28,0,0,0,0.00,0,-1.75,-4.95,0.00,0.00,0.00,20.03,Released,
"Oct 2, 2025 5:36:18 PM PDT",18799999978,Order,114-6908644-8042075,CO-008644,Vintage Trading Card Lot,1,amazon.com,Seller,,,,MarketplaceFacilitator,29.99,2.10,5.99,0.42,0,0,0,0.00,0,-2.52,-4.50,0.00,0.00,0.00,31.48,Released,
"Oct 2, 2025 5:38:10 PM PDT",18799999978,Order,114-2408645-9982541,MD-008645,Vintage Vinyl Record,1,amazon.com,Seller,,,,MarketplaceFacilitator,2.99,0.21,3.99,0.28,0,0,0,0.00,0,-0.49,-2.25,0.00,0.00,0.00,4.73,Released,
"Oct 2, 2025 5:45:06 PM PDT",18799999978,Order,114-3608618-8474790,BK-008618,Pre-owned Poetry Collection,1,amazon.com,Seller,,,,MarketplaceFacilitator,18.99,1.33,3.99,0.28,0,0,0,0.00,0,-1.61,-4.65,0.00,0.00,0.00,18.33,Released,
"Oct 2, 2025 6:16:20 PM PDT",18799999978,Order,114-1508643-8011116,BK-008643,Used Field Guide,1,amazon.com,Seller,,,,MarketplaceFacilitator,31.99,2.24,3.99,0.28,0,0,0,0.00,0,-2.52,-6.60,0.00,0.00,0.00,29.38,Released,
"Oct 2, 2025 6:58:08 PM PDT",18799999978,Order,112-8108624-8844498,BK-008624,Retro Paperback Lot,1,amazon.com,Seller,,,,MarketplaceFacilitator,29.99,2.10,3.99,0.28,0,0,0,0.00,0,-2.38,-6.30,0.00,0.00,0.00,27.68,Released,
"Oct 2, 2025 7:27:59 PM PDT",18799999978,Order,111-4008635-0228381,BK-008635,Retro Atlas,1,amazon.com,Seller,,,,MarketplaceFacilitator,28.99,2.03,3.99,0.28,0,0,0,0.00,0,-2.31,-6.15,0.00,0.00,0.00,26.83,Released,
"Oct 2, 2025 7:58:06 PM PDT",18799999978,Order,113-7208626-7670791,EL-008626,Vintage Film Camera,1,amazon.com,Seller,,,,MarketplaceFacilitator,13.99,0.98,5.99,0.42,0,0,0,0.00,0,-1.40,-2.10,0.00,0.00,0.00,17.88,Released,
"Oct 2, 2025 8:02:41 PM PDT",18799999978,Order,112-3308625-8198199,MD-008625,Used CD Lot,1,amazon.com,Seller,,,,MarketplaceFacilitator,15.99,1.12,3.99,0.28,0,0,0,0.00,0,-1.40,-4.20,0.00,0.00,0.00,15.78,Released,
"Oct 2, 2025 9:00:41 PM PDT",18799999979,Order,114-6908778-7024542,BK-008778,Handmade Biography,1,amazon.com,Seller,,,,MarketplaceFacilitator,12.99,0.91,3.99,0.28,0,0,0,0.00,0,-1.19,-3.75,0.00,0.00,0.00,13.23,Released,
"Oct 2, 2025 11:10:34 PM PDT",18799999979,Order,113-1708793-8033654,BK-008793,Vintage Textbook,1,amazon.com,Seller,,,,MarketplaceFacilitator,24.99,1.75,3.99,0.28,0,0,0,0.00,0,-2.03,-5.55,0.00,0.00,0.00,23.43,Released,
"Oct 2, 2025 11:33:32 PM PDT",18799999979,Order,113-3408806-0797952,CO-008806,Vintage Trading Card Lot,1,amazon.com,Seller,,,,MarketplaceFacilitator,40.99,2.87,5.99,0.42,0,0,0,0.00,0,-3.29,-6.15,0.00,0.00,0.00,40.83,Released,
"Oct 3, 2025 12:53:14 AM PDT",18799999979,Order,111-6308805-1616541,BK-008805,Classic Atlas,1,amazon.com,Seller,,,,MarketplaceFacilitator,7.99,0.56,3.99,0.28,0,0,0,0.00,0,-0.84,-3.00,0.00,0.00,0.00,8.98,Released,
"Oct 3, 2025 2:46:06 AM PDT",18799999979,Order,112-4108789-5934661,MD-008789,Mid-Century Vinyl Record,1,amazon.com,Seller,,,,MarketplaceFacilitator,8.99,0.63,3.99,0.28,0,0,0,0.00,0,-0.91,-3.15,0.00,0.00,0.00,9.83,Released,
"Oct 3, 2025 2:52:51 AM PDT",18799999979,Order,114-1108776-5418662,BK-008776,Retro Cookbook,1,amazon.com,Seller,,,,MarketplaceFacilitator,26.99,1.89,3.99,0.28,0,0,0,0.00,0,-2.17,-5.85,0.00,0.00,0.00,25.13,Released,
"Oct 3, 2025 2:57:27 AM PDT",18799999979,Order,114-2308786-2039372,BK-008786,Mid-Century Biography,1,amazon.com,Seller,,,,MarketplaceFacilitator,4.99,0.35,3.99,0.28,0,0,0,0.00,0,-0.63,-2.55,0.00,0.00,0.00,6.43,Released,
"Oct 3, 2025 3:01:59 AM PDT",18799999979,Order,112-6308803-0053366,EL-008803,Retro Camera Lens,1,amazon.com,Seller,,,,MarketplaceFacilitator,42.99,3.01,5.99,0.42,0,0,0,0.00,0,-3.43,-6.45,0.00,0.00,0.00,42.53,Released,
"Oct 3, 2025 4:00:59 AM PDT",18799999979,Order,111-8808791-6652400,CO-008791,Used Pewter Mug,1,amazon.com,Seller,,,,MarketplaceFacilitator,33.99,2.38,5.99,0.42,0,0,0,0.00,0,-2.80,-5.10,0.00,0.00,0.00,34.88,Released,
"Oct 3, 2025 4:29:15 AM PDT",18799999979,Order,114-7508767-6259634,BK-008767,Like New Biography,1,amazon.com,Seller,,,,MarketplaceFacilitator,17.99,1.26,3.99,0.28,0,0,0,0.00,0,-1.54,-4.50,0.00,0.00,0.00,17.48,Released,
"Oct 3, 2025 4:47:37 AM PDT",18799999979,Order,112-6908813-4142395,BK-008813,Mid-Century Cookbook,1,amazon.com,Seller,,,,MarketplaceFacilitator,8.99,0.63,3.99,0.28,0,0,0,0.00,0,-0.91,-3.15,0.00,0.00,0.00,9.83,Released,
"Oct 3, 2025 4:55:39 AM PDT",18799999979,Order,112-9808787-8293281,TY-008787,Pre-owned Board Game,1,amazon.com,Seller,,,,MarketplaceFacilitator,10.99,0.77,5.99,0.42,0,0,0,0.00,0,-1.19,-1.65,0.00,0.00,0.00,15.33,Released,
"Oct 3, 2025 4:56:58 AM PDT",18799999979,Order,113-9508781-1183775,BK-008781,Classic Paperback Lot,1,amazon.com,Seller,,,,MarketplaceFacilitator,13.99,0.98,3.99,0.28,0,0,0,0.00,0,-1.26,-3.90,0.00,0.00,0.00,14.08,Released,
"Oct 3, 2025 5:18:43 AM PDT",18799999979,Order,112-7708765-9893281,BK-008765,Like New Biography,1,amazon.com,Seller,,,,MarketplaceFacilitator,16.99,1.19,3.99,0.28,0,0,0,0.00,0,-1.47,-4.35,0.00,0.00,0.00,16.63,Released,
"Oct 3, 2025 5:40:53 AM PDT",18799999979,Order,112-5908785-8550837,BK-008785,Vintage Cookbook,1,amazon.com,Seller,,,,MarketplaceFacilitator,8.99,0.63,3.99,0.28,0,0,0,0.00,0,-0.91,-3.15,0.00,0.00,0.00,9.83,Released,
"Oct 3, 2025 6:04:23 AM PDT",18799999979,Order,114-7308780-7828164,MD-008780,Handmade Audiobook,1,amazon.com,Seller,,,,MarketplaceFacilitator,12.99,0.91,3.99,0.28,0,0,0,0.00,0,-1.19,-3.75,0.00,0.00,0.00,13.23,Released,
"Oct 3, 2025 6:20:00 AM PDT",18799999978,Transfer,,,To account ending in: 0101,,,,,,,,0.00,0.00,0.00,0.00,0,0,0,0.00,0,0.00,0.00,0.00,0.00,0.00,-5293.21,Released,
"Oct 3, 2025 6:20:11 AM PDT",18799999979,Order,113-1308809-8356936,MD-008809,Classic Blu-ray Set,1,amazon.com,Seller,,,,MarketplaceFacilitator,36.99,2.59,3.99,0.28,0,0,0,0.00,0,-2.87,-7.35,0.00,0.00,0.00,33.63,Released,
"Oct 3, 2025 6:54:41 AM PDT",18799999979,Order,112-3908774-2921373,MD-008774,Classic DVD Box Set,1,amazon.com,Seller,,,,MarketplaceFacilitator,8.99,0.63,3.99,0.28,0,0,0,0.00,0,-0.91,-3.15,0.00,0.00,0.00,9.83,Released,
"Oct 3, 2025 7:24:43 AM PDT",18799999979,Order,114-2008769-2276681,BK-008769,Retro Cookbook,1,amazon.com,Seller,,,,MarketplaceFacilitator,10.99,0.77,3.99,0.28,0,0,0,0.00,0,-1.05,-3.45,0.00,0.00,0.00,11.53,Released,
"Oct 3, 2025 7:39:10 AM PDT",18799999979,Order,114-0208800-0045320,MD-008800,Like New Vinyl Record,1,amazon.com,Seller,,,,MarketplaceFacilitator,21.99,1.54,3.99,0.28,0,0,0,0.00,0,-1.82,-5.10,0.00,0.00,0.00,20.88,Released,
"Oct 3, 2025 7:48:57 AM PDT",18799999979,Order,113-1008773-8099020,BK-008773,Classic Biography,1,amazon.com,Seller,,,,MarketplaceFacilitator,4.99,0.35,3.99,0.28,0,0,0,0.00,0,-0.63,-2.55,0.00,0.00,0.00,6.43,Released,
"Oct 3, 2025 8:05:34 AM PDT",18799999979,Order,114-8508801-5566355,BK-008801,Retro Poetry Collection,1,amazon.com,Seller,,,,MarketplaceFacilitator,20.99,1.47,3.99,0.28,0,0,0,0.00,0,-1.75,-4.95,0.00,0.00,0.00,20.03,Released,
"Oct 3, 2025 8:08:09 AM PDT",18799999979,Order,114-9808762-3497806,BK-008762,Classic Paperback Lot,1,amazon.com,Seller,,,,MarketplaceFacilitator,7.99,0.56,3.99,0.28,0,0,0,0.00,0,-0.84,-3.00,0.00,0.00,0.00,8.98,Released,
"Oct 3, 2025 8:47:56 AM PDT",18799999979,Order,111-7008796-1676134,MD-008796,Handmade Blu-ray Set,1,amazon.com,Seller,,,,MarketplaceFacilitator,17.99,1.26,3.99,0.28,0,0,0,0.00,0,-1.54,-4.50,0.00,0.00,0.00,17.48,Released,
"Oct 3, 2025 8:52:23 AM PDT",18799999979,Order,114-4208779-8523607,BK-008779,Antique Paperback Lot,1,amazon.com,Seller,,,,MarketplaceFacilitator,17.99,1.26,3.99,0.28,0,0,0,0.00,0,-1.54,-4.50,0.00,0.00,0.00,17.48,Released,
"Oct 3, 2025 9:20:03 AM PDT",18799999979,Order,112-9808783-5863963,BK-008783,Classic Textbook,1,amazon.com,Seller,,,,MarketplaceFacilitator,10.99,0.77,3.99,0.28,0,0,0,0.00,0,-1.05,-3.45,0.00,0.00,0.00,11.53,Released,
"Oct 3, 2025 9:26:29 AM PDT",18799999979,Order,114-1608811-4702882,BK-008811,Retro Poetry Collection,1,amazon.com,Seller,,,,MarketplaceFacilitator,3.99,0.28,3.99,0.28,0,0,0,0.00,0,-0.56,-2.40,0.00,0.00,0.00,5.58,Released,
"Oct 3, 2025 9:48:08 AM PDT",18799999979,Order,113-8908799-5731744,BK-008799,Antique Poetry Collection,1,amazon.com,Seller,,,,MarketplaceFacilitator,17.99,1.26,3.99,0.28,0,0,0,0.00,0,-1.54,-4.50,0.00,0.00,0.00,17.48,Released,
"Oct 3, 2025 10:23:07 AM PDT",18799999979,Order,114-9808768-4923590,BK-008768,Like New Field Guide,1,amazon.com,Seller,,,,MarketplaceFacilitator,1.99,0.14,3.99,0.28,0,0,0,0.00,0,-0.42,-2.10,0.00,0.00,0.00,3.88,Released,
"Oct 3, 2025 10:34:55 AM PDT",18799999979,Order,112-4708772-1976459,BK-008772,Antique Biography,1,amazon.com,Seller,,,,MarketplaceFacilitator,14.99,1.05,3.99,0.28,0,0,0,0.00,0,-1.33,-4.05,0.00,0.00,0.00,14.93,Released,
"Oct 3, 2025 10:59:59 AM PDT",18799999979,Order,112-1808788-8803857,BK-008788,Classic Textbook,1,amazon.com,Seller,,,,MarketplaceFacilitator,13.99,0.98,3.99,0.28,0,0,0,0.00,0,-1.26,-3.90,0.00,0.00,0.00,14.08,Released,
"Oct 3, 2025 11:18:05 AM PDT",18799999979,Order,112-2608777-3515012,BK-008777,Mid-Century Textbook,1,amazon.com,Seller,,,,MarketplaceFacilitator,14.99,1.05,3.99,0.28,0,0,0,0.00,0,-1.33,-4.05,0.00,0.00,0.00,14.93,Released,
"Oct 3, 2025 11:46:13 AM PDT",18799999979,Order,113-4308763-4808180,MD-008763,Retro DVD Box Set,1,amazon.com,Seller,,,,MarketplaceFacilitator,33.99,2.38,3.99,0.28,0,0,0,0.00,0,-2.66,-6.90,0.00,0.00,0.00,31.08,Released,
"Oct 3, 2025 12:15:34 PM PDT",18799999979,Order,114-7308790-3600824,EL-008790,Classic Portable Radio,1,amazon.com,Seller,,,,MarketplaceFacilitator,29.99,2.10,5.99,0.42,0,0,0,0.00,0,-2.52,-4.50,0.00,0.00,0.00,31.48,Released,
"Oct 3, 2025 12:25:58 PM PDT",18799999979,Order,114-1808766-4770237,BK-008766,Pre-owned Textbook,1,amazon.com,Seller,,,,MarketplaceFacilitator,8.99,0.63,3.99,0.28,0,0,0,0.00,0,-0.91,-3.15,0.00,0.00,0.00,9.83,Released,
"Oct 3, 2025 12:48:43 PM PDT",18799999979,Order,112-4908775-1787106,MD-008775,Classic Blu-ray Set,1,amazon.com,Seller,,,,MarketplaceFacilitator,2.99,0.21,3.99,0.28,0,0,0,0.00,0,-0.49,-2.25,0.00,0.00,0.00,4.73,Released,
"Oct 3, 2025 1:02:14 PM PDT",18799999979,Order,111-4108797-3503887,MD-008797,Lot of 2 Vinyl Record,1,amazon.com,Seller,,,,MarketplaceFacilitator,16.99,1.19,3.99,0.28,0,0,0,0.00,0,-1.47,-4.35,0.00,0.00,0.00,16.63,Released,
"Oct 3, 2025 1:09:48 PM PDT",18799999979,Order,113-2108771-2993242,BK-008771,Antique Cookbook,1,amazon.com,Seller,,,,MarketplaceFacilitator,9.99,0.70,3.99,0.28,0,0,0,0.00,0,-0.98,-3.30,0.00,0.00,0.00,10.68,Released,
"Oct 3, 2025 2:22:54 PM PDT",18799999979,Order,112-4508802-3928587,BK-008802,Retro Poetry Collection,1,amazon.com,Seller,,,,MarketplaceFacilitator,9.99,0.70,3.99,0.28,0,0,0,0.00,0,-0.98,-3.30,0.00,0.00,0.00,10.68,Released,
"Oct 3, 2025 2:30:13 PM PDT",18799999979,Order,112-9708812-7640231,BK-008812,Classic Field Guide,1,amazon.com,Seller,,,,MarketplaceFacilitator,10.99,0.77,3.99,0.28,0,0,0,0.00,0,-1.05,-3.45,0.00,0.00,0.00,11.53,Released,
"Oct 3, 2025 2:43:03 PM PDT",18799999979,Order,114-4308784-9927027,MD-008784,Classic Blu-ray Set,1,amazon.com,Seller,,,,MarketplaceFacilitator,15.99,1.12,3.99,0.28,0,0,0,0.00,0,-1.40,-4.20,0.00,0.00,0.00,15.78,Released,
"Oct 3, 2025 3:41:18 PM PDT",18799999979,Order,111-8608808-9319266,BK-008808,Mid-Century Biography,1,amazon.com,Seller,,,,MarketplaceFacilitator,12.99,0.91,3.99,0.28,0,0,0,0.00,0,-1.19,-3.75,0.00,0.00,0.00,13.23,Released,
"Oct 3, 2025 3:55:20 PM PDT",18799999979,Order,111-4308794-5199912,BK-008794,Lot of 2 Field Guide,1,amazon.com,Seller,,,,MarketplaceFacilitator,6.99,0.49,3.99,0.28,0,0,0,0.00,0,-0.77,-2.85,0.00,0.00,0.00,8.13,Released,
"Oct 3, 2025 4:10:28 PM PDT",18799999979,Order,112-1608810-5973029,BK-008810,Mid-Century Textbook,1,amazon.com,Seller,,,,MarketplaceFacilitator,13.99,0.98,3.99,0.28,0,0,0,0.00,0,-1.26,-3.90,0.00,0.00,0.00,14.08,Released,
"Oct 3, 2025 5:25:32 PM PDT",18799999979,Order,113-9008782-4439896,MD-008782,Mid-Century Audiobook,1,amazon.com,Seller,,,,MarketplaceFacilitator,6.99,0.49,3.99,0.28,0,0,0,0.00,0,-0.77,-2.85,0.00,0.00,0.00,8.13,Released,
"Oct 3, 2025 5:34:18 PM PDT",18799999979,Order,111-7108770-0737240,BK-008770,Vintage Paperback Lot,1,amazon.com,Seller,,,,MarketplaceFacilitator,19.99,1.40,3.99,0.28,0,0,0,0.00,0,-1.68,-4.80,0.00,0.00,0.00,19.18,Released,
"Oct 3, 2025 5:50:09 PM PDT",18799999979,Refund,111-8608808-9319266,BK-008808,Mid-Century Biography,1,amazon.com,Seller,,,,MarketplaceFacilitator,-12.99,-0.91,-3.99,-0.28,0,0,0,0.00,0,1.19,3.00,0.00,0.00,0.00,-13.98,Released,
"Oct 3, 2025 6:16:37 PM PDT",18799999979,Order,114-6808764-1916319,BK-008764,Retro Atlas,1,amazon.com,Seller,,,,MarketplaceFacilitator,7.99,0.56,3.99,0.28,0,0,0,0.00,0,-0.84,-3.00,0.00,0.00,0.00,8.98,Released,
"Oct 3, 2025 6:56:59 PM PDT",18799999979,Order,112-1108807-6019208,BK-008807,Pre-owned Textbook,1,amazon.com,Seller,,,,MarketplaceFacilitator,9.99,0.70,3.99,0.28,0,0,0,0.00,0,-0.98,-3.30,0.00,0.00,0.00,10.68,Released,
"Oct 3, 2025 7:04:50 PM PDT",18799999979,Order,113-4408804-6557810,EL-008804,Used Game Console,1,amazon.com,Seller,,,,MarketplaceFacilitator,59.99,4.20,5.99,0.42,0,0,0,0.00,0,-4.62,-9.00,0.00,0.00,0.00,56.98,Released,
"Oct 3, 2025 7:13:51 PM PDT",18799999979,Order,114-6708798-3159148,BK-008798,Pre-owned Paperback Lot,1,amazon.com,Seller,,,,MarketplaceFacilitator,21.99,1.54,3.99,0.28,0,0,0,0.00,0,-1.82,-5.10,0.00,0.00,0.00,20.88,Released,
"Oct 3, 2025 7:52:42 PM PDT",18799999979,Order,113-0208792-1636736,BK-008792,Retro Paperback Lot,1,amazon.com,Seller,,,,MarketplaceFacilitator,20.99,1.47,3.99,0.28,0,0,0,0.00,0,-1.75,-4.95,0.00,0.00,0.00,20.03,Released,
"Oct 3, 2025 7:53:36 PM PDT",18799999979,Order,112-0408795-9291400,MD-008795,Like New CD Lot,1,amazon.com,Seller,,,,MarketplaceFacilitator,6.99,0.49,3.99,0.28,0,0,0,0.00,0,-0.77,-2.85,0.00,0.00,0.00,8.13,Released,
"Oct 3, 2025 10:09:17 PM PDT",18799999979,Order,112-0708968-4405581,TY-008968,Vintage Model Train,1,amazon.com,Seller,,,,MarketplaceFacilitator,18.99,1.33,5.99,0.42,0,0,0,0.00,0,-1.75,-2.85,0.00,0.00,0.00,22.13,Released,
"Oct 3, 2025 10:11:53 PM PDT",18799999979,Order,111-9008978-0721274,BK-008978,Antique Paperback Lot,1,amazon.com,Seller,,,,MarketplaceFacilitator,6.99,0.49,3.99,0.28,0,0,0,0.00,0,-0.77,-2.85,0.00,0.00,0.00,8.13,Released,
"Oct 4, 2025 12:11:54 AM PDT",18799999979,Order,111-8608941-2389820,BK-008941,Retro Atlas,1,amazon.com,Seller,,,,MarketplaceFacilitator,8.99,0.63,3.99,0.28,0,0,0,0.00,0,-0.91,-3.15,0.00,0.00,0.00,9.83,Released,
"Oct 4, 2025 12:15:57 AM PDT",18799999979,Order,114-7208967-5707255,BK-008967,Handmade Hardcover Novel,1,amazon.com,Seller,,,,MarketplaceFacilitator,11.99,0.84,3.99,0.28,0,0,0,0.00,0,-1.12,-3.60,0.00,0.00,0.00,12.38,Released,
"Oct 4, 2025 12:22:29 AM PDT",18799999979,Order,113-9008932-9588080,BK-008932,Classic Biography,1,amazon.com,Seller,,,,MarketplaceFacilitator,20.99,1.47,3.99,0.28,0,0,0,0.00,0,-1.75,-4.95,0.00,0.00,0.00,20.03,Released,
"Oct 4, 2025 1:02:41 AM PDT",18799999979,Order,114-0308936-6959063,BK-008936,Antique Cookbook,1,amazon.com,Seller,,,,MarketplaceFacilitator,11.99,0.84,3.99,0.28,0,0,0,0.00,0,-1.12,-3.60,0.00,0.00,0.00,12.38,Released,
"Oct 4, 2025 1:13:35 AM PDT",18799999979,Order,111-2108950-8188193,BK-008950,Handmade Poetry Collection,1,amazon.com,Seller,,,,MarketplaceFacilitator,18.99,1.33,3.99,0.28,0,0,0,0.00,0,-1.61,-4.65,0.00,0.00,0.00,18.33,Released,
"Oct 4, 2025 2:24:54 AM PDT",18799999979,Order,113-0208972-9651025,MD-008972,Pre-owned Audiobook,1,amazon.com,Seller,,,,MarketplaceFacilitator,14.99,1.05,3.99,0.28,0,0,0,0.00,0,-1.33,-4.05,0.00,0.00,0.00,14.93,Released,
"Oct 4, 2025 2:50:08 AM PDT",18799999979,Order,113-4908964-2301833,BK-008964,Antique Poetry Collection,1,amazon.com,Seller,,,,MarketplaceFacilitator,8.99,0.63,3.99,0.28,0,0,0,0.00,0,-0.91,-3.15,0.00,0.00,0.00,9.83,Released,
"Oct 4, 2025 3:02:10 AM PDT",18799999979,Order,114-2108955-9222917,BK-008955,Used Textbook,1,amazon.com,Seller,,,,MarketplaceFacilitator,13.99,0.98,3.99,0.28,0,0,0,0.00,0,-1.26,-3.90,0.00,0.00,0.00,14.08,Released,
"Oct 4, 2025 3:22:39 AM PDT",18799999979,Order,113-4808956-7002318,BK-008956,Pre-owned Paperback Lot,1,amazon.com,Seller,,,,MarketplaceFacilitator,14.99,1.05,3.99,0.28,0,0,0,0.00,0,-1.33,-4.05,0.00,0.00,0.00,14.93,Released,
"Oct 4, 2025 3:38:28 AM PDT",18799999979,Order,113-9908976-8196804,BK-008976,Handmade Paperback Lot,1,amazon.com,Seller,,,,MarketplaceFacilitator,32.99,2.31,3.99,0.28,0,0,0,0.00,0,-2.59,-6.75,0.00,0.00,0.00,30.23,Released,
"Oct 4, 2025 3:49:51 AM PDT",18799999979,Order,113-1808947-8083388,MD-008947,Vintage Blu-ray Set,1,amazon.com,Seller,,,,MarketplaceFacilitator,8.99,0.63,3.99,0.28,0,0,0,0.00,0,-0.91,-3.15,0.00,0.00,0.00,9.83,Released,
"Oct 4, 2025 3:52:11 AM PDT",18799999979,Order,114-6008930-6577179,BK-008930,Handmade Paperback Lot,1,amazon.com,Seller,,,,MarketplaceFacilitator,8.99,0.63,3.99,0.28,0,0,0,0.00,0,-0.91,-3.15,0.00,0.00,0.00,9.83,Released,
"Oct 4, 2025 4:52:52 AM PDT",18799999979,Order,113-0108971-8585521,BK-008971,Retro Poetry Collection,1,amazon.com,Seller,,,,MarketplaceFacilitator,13.99,0.98,3.99,0.28,0,0,0,0.00,0,-1.26,-3.90,0.00,0.00,0.00,14.08,Released,
"Oct 4, 2025 5:17:19 AM PDT",18799999979,Order,112-4908957-8508565,BK-008957,Like New Hardcover Novel,1,amazon.com,Seller,,,,MarketplaceFacilitator,6.99,0.49,3.99,0.28,0,0,0,0.00,0,-0.77,-2.85,0.00,0.00,0.00,8.13,Released,
"Oct 4, 2025 6:35:34 AM PDT",18799999979,Order,114-8108951-8543130,BK-008951,Antique Poetry Collection,1,amazon.com,Seller,,,,MarketplaceFacilitator,18.99,1.33,3.99,0.28,0,0,0,0.00,0,-1.61,-4.65,0.00,0.00,0.00,18.33,Released,
"Oct 4, 2025 6:48:16 AM PDT",18799999979,Order,114-5708963-3801768,BK-008963,Retro Textbook,1,amazon.com,Seller,,,,MarketplaceFacilitator,6.99,0.49,3.99,0.28,0,0,0,0.00,0,-0.77,-2.85,0.00,0.00,0.00,8.13,Released,
"Oct 4, 2025 7:21:47 AM PDT",18799999979,Order,111-2508970-0682711,BK-008970,Used Biography,1,amazon.com,Seller,,,,MarketplaceFacilitator,10.99,0.77,3.99,0.28,0,0,0,0.00,0,-1.05,-3.45,0.00,0.00,0.00,11.53,Released,
"Oct 4, 2025 7:29:35 AM PDT",18799999979,Order,113-7208943-3471059,MD-008943,Pre-owned Vinyl Record,1,amazon.com,Seller,,,,MarketplaceFacilitator,40.99,2.87,3.99,0.28,0,0,0,0.00,0,-3.15,-7.95,0.00,0.00,0.00,37.03,Released,
"Oct 4, 2025 7:42:30 AM PDT",18799999979,Order,114-6708933-3192819,BK-008933,Mid-Century Hardcover Novel,1,amazon.com,Seller,,,,MarketplaceFacilitator,15.99,1.12,3.99,0.28,0,0,0,0.00,0,-1.40,-4.20,0.00,0.00,0.00,15.78,Released,
"Oct 4, 2025 7:53:36 AM PDT",18799999979,Order,111-0708960-1997765,MD-008960,Used Blu-ray Set,1,amazon.com,Seller,,,,MarketplaceFacilitator,11.99,0.84,3.99,0.28,0,0,0,0.00,0,-1.12,-3.60,0.00,0.00,0.00,12.38,Released,
"Oct 4, 2025 7:58:22 AM PDT",18799999979,Order,113-5508939-9875452,MD-008939,Classic CD Lot,1,amazon.com,Seller,,,,MarketplaceFacilitator,6.99,0.49,3.99,0.28,0,0,0,0.00,0,-0.77,-2.85,0.00,0.00,0.00,8.13,Released,
"Oct 4, 2025 8:02:00 AM PDT",18799999979,Order,112-2908937-6856341,BK-008937,Classic Biography,1,amazon.com,Seller,,,,MarketplaceFacilitator,42.99,3.01,3.99,0.28,0,0,0,0.00,0,-3.29,-8.25,0.00,0.00,0.00,38.73,Released,
"Oct 4, 2025 8:03:44 AM PDT",18799999979,Order,114-2008938-8163530,BK-008938,Classic Biography,1,amazon.com,Seller,,,,MarketplaceFacilitator,10.99,0.77,3.99,0.28,0,0,0,0.00,0,-1.05,-3.45,0.00,0.00,0.00,11.53,Released,
"Oct 4, 2025 8:19:35 AM PDT",18799999979,Order,113-8008977-5076369,MD-008977,Mid-Century DVD Box Set,1,amazon.com,Seller,,,,MarketplaceFacilitator,19.99,1.40,3.99,0.28,0,0,0,0.00,0,-1.68,-4.80,0.00,0.00,0.00,19.18,Released,
"Oct 4, 2025 9:12:25 AM PDT",18799999979,Order,114-9108946-5516520,BK-008946,Handmade Biography,1,amazon.com,Seller,,,,MarketplaceFacilitator,7.99,0.56,3.99,0.28,0,0,0,0.00,0,-0.84,-3.00,0.00,0.00,0.00,8.98,Released,
"Oct 4, 2025 9:28:47 AM PDT",18799999979,Order,114-7208959-4045490,MD-008959,Pre-owned Audiobook,1,amazon.com,Seller,,,,MarketplaceFacilitator,11.99,0.84,3.99,0.28,0,0,0,0.00,0,-1.12,-3.60,0.00,0.00,0.00,12.38,Released,
"Oct 4, 2025 10:02:00 AM PDT",18799999979,Order,111-9508942-9221829,TY-008942,Classic Model Train,1,amazon.com,Seller,,,,MarketplaceFacilitator,8.99,0.63,5.99,0.42,0,0,0,0.00,0,-1.05,-1.35,0.00,0.00,0.00,13.63,Released,
"Oct 4, 2025 10:05:57 AM PDT",18799999979,Order,114-1108974-2790245,MD-008974,Used Audiobook,1,amazon.com,Seller,,,,MarketplaceFacilitator,6.99,0.49,3.99,0.28,0,0,0,0.00,0,-0.77,-2.85,0.00,0.00,0.00,8.13,Released,
"Oct 4, 2025 11:12:47 AM PDT",18799999979,Order,112-4408969-0398164,BK-008969,Classic Biography,1,amazon.com,Seller,,,,MarketplaceFacilitator,9.99,0.70,3.99,0.28,0,0,0,0.00,0,-0.98,-3.30,0.00,0.00,0.00,10.68,Released,
"Oct 4, 2025 11:19:27 AM PDT",18799999979,Order,113-1408979-1005544,MD-008979,Retro Audiobook,1,amazon.com,Seller,,,,MarketplaceFacilitator,9.99,0.70,3.99,0.28,0,0,0,0.00,0,-0.98,-3.30,0.00,0.00,0.00,10.68,Released,
"Oct 4, 2025 12:17:14 PM PDT",18799999979,Order,111-2708973-4062860,TY-008973,Retro Puzzle 1000pc,1,amazon.com,Seller,,,,MarketplaceFacilitator,10.99,0.77,5.99,0.42,0,0,0,0.00,0,-1.19,-1.65,0.00,0.00,0.00,15.33,Released,
"Oct 4, 2025 12:26:28 PM PDT",18799999979,Order,111-6708948-1053298,EL-008948,Antique Camera Lens,1,amazon.com,Seller,,,,MarketplaceFacilitator,40.99,2.87,5.99,0.42,0,0,0,0.00,0,-3.29,-6.15,0.00,0.00,0.00,40.83,Released,
"Oct 4, 2025 12:32:06 PM PDT",18799999979,Order,113-3208962-9943418,BK-008962,Used Cookbook,1,amazon.com,Seller,,,,MarketplaceFacilitator,14.99,1.05,3.99,0.28,0,0,0,0.00,0,-1.33,-4.05,0.00,0.00,0.00,14.93,Released,
"Oct 4, 2025 12:32:52 PM PDT",18799999979,Order,112-6908965-1204797,BK-008965,Pre-owned Hardcover Novel,1,amazon.com,Seller,,,,MarketplaceFacilitator,20.99,1.47,3.99,0.28,0,0,0,0.00,0,-1.75,-4.95,0.00,0.00,0.00,20.03,Released,
"Oct 4, 2025 1:06:49 PM PDT",18799999979,Order,113-5708949-2563116,BK-008949,Classic Cookbook,1,amazon.com,Seller,,,,MarketplaceFacilitator,10.99,0.77,3.99,0.28,0,0,0,0.00,0,-1.05,-3.45,0.00,0.00,0.00,11.53,Released,
"Oct 4, 2025 2:32:14 PM PDT",18799999979,Order,111-6308940-9059348,BK-008940,Handmade Atlas,1,amazon.com,Seller,,,,MarketplaceFacilitator,20.99,1.47,3.99,0.28,0,0,0,0.00,0,-1.75,-4.95,0.00,0.00,0.00,20.03,Released,
"Oct 4, 2025 2:54:16 PM PDT",18799999979,Order,112-0508929-9580897,BK-008929,Mid-Century Cookbook,1,amazon.com,Seller,,,,MarketplaceFacilitator,24.99,1.75,3.99,0.28,0,0,0,0.00,0,-2.03,-5.55,0.00,0.00,0.00,23.43,Released,
"Oct 4, 2025 2:57:24 PM PDT",18799999979,Order,113-2708935-4425276,BK-008935,Vintage Cookbook,1,amazon.com,Seller,,,,MarketplaceFacilitator,3.99,0.28,3.99,0.28,0,0,0,0.00,0,-0.56,-2.40,0.00,0.00,0.00,5.58,Released,
"Oct 4, 2025 3:06:38 PM PDT",18799999979,Order,113-2808980-8724222,TY-008980,Used Lego Lot,1,amazon.com,Seller,,,,MarketplaceFacilitator,4.99,0.35,5.99,0.42,0,0,0,0.00,0,-0.77,-0.75,0.00,0.00,0.00,10.23,Released,
"Oct 4, 2025 4:05:14 PM PDT",18799999979,Order,113-7808931-0211912,MD-008931,Antique Audiobook,1,amazon.com,Seller,,,,MarketplaceFacilitator,18.99,1.33,3.99,0.28,0,0,0,0.00,0,-1.61,-4.65,0.00,0.00,0.00,18.33,Released,
"Oct 4, 2025 4:26:29 PM PDT",18799999979,Order,113-0708953-3477529,MD-008953,Used Vinyl Record,1,amazon.com,Seller,,,,MarketplaceFacilitator,32.99,2.31,3.99,0.28,0,0,0,0.00,0,-2.59,-6.75,0.00,0.00,0.00,30.23,Released,
"Oct 4, 2025 4:50:37 PM PDT",18799999979,Order,113-7908982-9889881,BK-008982,Like New Field Guide,1,amazon.com,Seller,,,,MarketplaceFacilitator,7.99,0.56,3.99,0.28,0,0,0,0.00,0,-0.84,-3.00,0.00,0.00,0.00,8.98,Released,
"Oct 4, 2025 4:58:31 PM PDT",18799999979,Order,113-3708961-3869247,BK-008961,Vintage Poetry Collection,1,amazon.com,Seller,,,,MarketplaceFacilitator,17.99,1.26,3.99,0.28,0,0,0,0.00,0,-1.54,-4.50,0.00,0.00,0.00,17.48,Released,
"Oct 4, 2025 5:37:30 PM PDT",18799999979,Order,114-9708966-2805079,BK-008966,Handmade Poetry Collection,1,amazon.com,Seller,,,,MarketplaceFacilitator,14.99,1.05,3.99,0.28,0,0,0,0.00,0,-1.33,-4.05,0.00,0.00,0.00,14.93,Released,
"Oct 4, 2025 5:47:41 PM PDT",18799999979,Order,111-8608954-4332309,BK-008954,Lot of 2 Field Guide,1,amazon.com,Seller,,,,MarketplaceFacilitator,7.99,0.56,3.99,0.28,0,0,0,0.00,0,-0.84,-3.00,0.00,0.00,0.00,8.98,Released,
"Oct 4, 2025 5:49:43 PM PDT",18799999979,Order,113-9808944-6410789,MD-008944,Retro CD Lot,1,amazon.com,Seller,,,,MarketplaceFacilitator,9.99,0.70,3.99,0.28,0,0,0,0.00,0,-0.98,-3.30,0.00,0.00,0.00,10.68,Released,
"Oct 4, 2025 5:54:58 PM PDT",18799999979,Order,113-3008945-7503223,MD-008945,Used CD Lot,1,amazon.com,Seller,,,,MarketplaceFacilitator,14.99,1.05,3.99,0.28,0,0,0,0.00,0,-1.33,-4.05,0.00,0.00,0.00,14.93,Released,
"Oct 4, 2025 6:23:33 PM PDT",18799999979,Order,113-0608934-7124908,BK-008934,Used Atlas,1,amazon.com,Seller,,,,MarketplaceFacilitator,5.99,0.42,3.99,0.28,0,0,0,0.00,0,-0.70,-2.70,0.00,0.00,0.00,7.28,Released,
"Oct 4, 2025 7:03:19 PM PDT",18799999979,Order,114-4508975-0564912,MD-008975,Mid-Century DVD Box Set,1,amazon.com,Seller,,,,MarketplaceFacilitator,4.99,0.35,3.99,0.28,0,0,0,0.00,0,-0.63,-2.55,0.00,0.00,0.00,6.43,Released,
"Oct 4, 2025 7:34:26 PM PDT",18799999979,Order,112-5308983-7480072,BK-008983,Vintage Textbook,1,amazon.com,Seller,,,,MarketplaceFacilitator,13.99,0.98,3.99,0.28,0,0,0,0.00,0,-1.26,-3.90,0.00,0.00,0.00,14.08,Released,
"Oct 4, 2025 7:52:27 PM PDT",18799999979,Order,111-2608981-0204709,BK-008981,Pre-owned Paperback Lot,1,amazon.com,Seller,,,,MarketplaceFacilitator,11.99,0.84,3.99,0.28,0,0,0,0.00,0,-1.12,-3.60,0.00,0.00,0.00,12.38,Released,
"Oct 4, 2025 8:18:10 PM PDT",18799999979,Order,114-0708958-5644199,BK-008958,Used Poetry Collection,1,amazon.com,Seller,,,,MarketplaceFacilitator,13.99,0.98,3.99,0.28,0,0,0,0.00,0,-1.26,-3.90,0.00,0.00,0.00,14.08,Released,
"Oct 4, 2025 8:42:44 PM PDT",18799999979,Order,114-1108952-6259661,BK-008952,Handmade Cookbook,1,amazon.com,Seller,,,,MarketplaceFacilitator,25.99,1.82,3.99,0.28,0,0,0,0.00,0,-2.10,-5.70,0.00,0.00,0.00,24.28,Released,
"Oct 4, 2025 8:53:16 PM PDT",18799999979,Refund,113-0608934-7124908,BK-008934,Used Atlas,1,amazon.com,Seller,,,,MarketplaceFacilitator,-5.99,-0.42,-3.99,-0.28,0,0,0,0.00,0,0.70,2.16,0.00,0.00,0.00,-7.82,Released,
"Oct 4, 2025 8:59:59 PM PDT",18799999979,Refund,114-1108952-6259661,BK-008952,Handmade Cookbook,1,amazon.com,Seller,,,,MarketplaceFacilitator,-25.99,-1.82,-3.99,-0.28,0,0,0,0.00,0,2.10,4.56,0.00,0.00,0.00,-25.42,Released,
"Oct 4, 2025 9:51:08 PM PDT",18799999979,Order,114-4609084-2680510,BK-009084,Vintage Field Guide,1,amazon.com,Seller,,,,MarketplaceFacilitator,10.99,0.77,3.99,0.28,0,0,0,0.00,0,-1.05,-3.45,0.00,0.00,0.00,11.53,Released,
"Oct 4, 2025 10:04:21 PM PDT",18799999979,Order,111-9109133-7295170,MD-009133,Handmade DVD Box Set,1,amazon.com,Seller,,,,MarketplaceFacilitator,13.99,0.98,3.99,0.28,0,0,0,0.00,0,-1.26,-3.90,0.00,0.00,0.00,14.08,Released,
"Oct 4, 2025 10:09:03 PM PDT",18799999979,Order,112-1609080-5151078,EL-009080,Retro Headphones,1,amazon.com,Seller,,,,MarketplaceFacilitator,39.99,2.80,5.99,0.42,0,0,0,0.00,0,-3.22,-6.00,0.00,0.00,0.00,39.98,Released,
"Oct 4, 2025 11:24:18 PM PDT",18799999979,Order,113-6409118-6280680,MD-009118,Mid-Century Audiobook,1,amazon.com,Seller,,,,MarketplaceFacilitator,13.99,0.98,3.99,0.28,0,0,0,0.00,0,-1.26,-3.90,0.00,0.00,0.00,14.08,Released,
"Oct 5, 2025 12:31:34 AM PDT",18799999979,Order,113-3009124-0781846,MD-009124,Handmade Vinyl Record,1,amazon.com,Seller,,,,MarketplaceFacilitator,21.99,1.54,3.99,0.28,0,0,0,0.00,0,-1.82,-5.10,0.00,0.00,0.00,20.88,Released,
"Oct 5, 2025 12:42:36 AM PDT",18799999979,Refund,111-9109133-7295170,MD-009133,Handmade DVD Box Set,1,amazon.com,Seller,,,,MarketplaceFacilitator,-13.99,-0.98,-3.99,-0.28,0,0,0,0.00,0,1.26,3.12,0.00,0.00,0.00,-14.86,Released,
"Oct 5, 2025 1:24:44 AM PDT",18799999979,Order,111-2409114-0377721,BK-009114,Antique Hardcover Novel,1,amazon.com,Seller,,,,MarketplaceFacilitator,21.99,1.54,3.99,0.28,0,0,0,0.00,0,-1.82,-5.10,0.00,0.00,0.00,20.88,Released,
"Oct 5, 2025 1:25:23 AM PDT",18799999979,Order,112-4409097-4914722,EL-009097,Antique Turntable,1,amazon.com,Seller,,,,MarketplaceFacilitator,122.99,8.61,5.99,0.42,0,0,0,0.00,0,-9.03,-18.45,0.00,0.00,0.00,110.53,Released,
"Oct 5, 2025 1:35:40 AM PDT",18799999979,Order,112-5809122-6362363,BK-009122,Mid-Century Paperback Lot,1,amazon.com,Seller,,,,MarketplaceFacilitator,8.99,0.63,3.99,0.28,0,0,0,0.00,0,-0.91,-3.15,0.00,0.00,0.00,9.83,Released,
"Oct 5, 2025 1:44:12 AM PDT",18799999979,Order,113-7409078-9943284,MD-009078,Handmade DVD Box Set,1,amazon.com,Seller,,,,MarketplaceFacilitator,6.99,0.49,3.99,0.28,0,0,0,0.00,0,-0.77,-2.85,0.00,0.00,0.00,8.13,Released,
"Oct 5, 2025 2:53:05 AM PDT",18799999979,Order,112-5009110-4158009,BK-009110,Antique Poetry Collection,1,amazon.com,Seller,,,,MarketplaceFacilitator,8.99,0.63,3.99,0.28,0,0,0,0.00,0,-0.91,-3.15,0.00,0.00,0.00,9.83,Released,
"Oct 5, 2025 3:27:07 AM PDT",18799999979,Order,111-7109103-7568975,MD-009103,Retro Vinyl Record,1,amazon.com,Seller,,,,MarketplaceFacilitator,10.99,0.77,3.99,0.28,0,0,0,0.00,0,-1.05,-3.45,0.00,0.00,0.00,11.53,Released,
"Oct 5, 2025 3:39:13 AM PDT",18799999979,Order,111-5809111-5968590,BK-009111,Like New Poetry Collection,1,amazon.com,Seller,,,,MarketplaceFacilitator,19.99,1.40,3.99,0.28,0,0,0,0.00,0,-1.68,-4.80,0.00,0.00,0.00,19.18,Released,
"Oct 5, 2025 4:09:41 AM PDT",18799999979,Order,111-3509101-0641290,BK-009101,Like New Biography,1,amazon.com,Seller,,,,MarketplaceFacilitator,10.99,0.77,3.99,0.28,0,0,0,0.00,0,-1.05,-3.45,0.00,0.00,0.00,11.53,Released,
"Oct 5, 2025 4:15:47 AM PDT",18799999979,Order,113-7809113-1425478,BK-009113,Like New Hardcover Novel,1,amazon.com,Seller,,,,MarketplaceFacilitator,6.99,0.49,3.99,0.28,0,0,0,0.00,0,-0.77,-2.85,0.00,0.00,0.00,8.13,Released,
"Oct 5, 2025 4:36:45 AM PDT",18799999979,Order,111-6909092-5835037,BK-009092,Vintage Field Guide,1,amazon.com,Seller,,,,MarketplaceFacilitator,13.99,0.98,3.99,0.28,0,0,0,0.00,0,-1.26,-3.90,0.00,0.00,0.00,14.08,Released,
"Oct 5, 2025 4:46:17 AM PDT",18799999979,Order,111-6609106-9097060,MD-009106,Lot of 2 CD Lot,1,amazon.com,Seller,,,,MarketplaceFacilitator,10.99,0.77,3.99,0.28,0,0,0,0.00,0,-1.05,-3.45,0.00,0.00,0.00,11.53,Released,
"Oct 5, 2025 5:10:34 AM PDT",18799999979,Order,112-4109099-7482044,CO-009099,Classic Pewter Mug,1,amazon.com,Seller,,,,MarketplaceFacilitator,115.99,8.12,5.99,0.42,0,0,0,0.00,0,-8.54,-17.40,0.00,0.00,0.00,104.58,Released,
"Oct 5, 2025 5:19:34 AM PDT",18799999979,Order,113-7109138-0162468,BK-009138,Lot of 2 Hardcover Novel,1,amazon.com,Seller,,,,MarketplaceFacilitator,12.99,0.91,3.99,0.28,0,0,0,0.00,0,-1.19,-3.75,0.00,0.00,0.00,13.23,Released,
"Oct 5, 2025 5:44:31 AM PDT",18799999979,Order,114-3909136-7894091,CO-009136,Handmade Pewter Mug,1,amazon.com,Seller,,,,MarketplaceFacilitator,16.99,1.19,5.99,0.42,0,0,0,0.00,0,-1.61,-2.55,0.00,0.00,0.00,20.43,Released,
"Oct 5, 2025 6:19:31 AM PDT",18799999979,Order,114-9509088-6891508,CO-009088,Antique Snow Globe,1,amazon.com,Seller,,,,MarketplaceFacilitator,12.99,0.91,5.99,0.42,0,0,0,0.00,0,-1.33,-1.95,0.00,0.00,0.00,17.03,Released,
"Oct 5, 2025 7:48:38 AM PDT",18799999979,Order,113-3709100-8683534,BK-009100,Pre-owned Field Guide,1,amazon.com,Seller,,,,MarketplaceFacilitator,9.99,0.70,3.99,0.28,0,0,0,0.00,0,-0.98,-3.30,0.00,0.00,0.00,10.68,Released,
"Oct 5, 2025 9:08:52 AM PDT",18799999979,Order,111-0309134-1486842,BK-009134,Mid-Century Field Guide,1,amazon.com,Seller,,,,MarketplaceFacilitator,14.99,1.05,3.99,0.28,0,0,0,0.00,0,-1.33,-4.05,0.00,0.00,0.00,14.93,Released,
"Oct 5, 2025 9:08:57 AM PDT",18799999979,Order,114-0209090-8394650,BK-009090,Like New Field Guide,1,amazon.com,Seller,,,,MarketplaceFacilitator,6.99,0.49,3.99,0.28,0,0,0,0.00,0,-0.77,-2.85,0.00,0.00,0.00,8.13,Released,
"Oct 5, 2025 9:17:29 AM PDT",18799999979,Order,112-3209098-2889782,BK-009098,Classic Poetry Collection,1,amazon.com,Seller,,,,MarketplaceFacilitator,13.99,0.98,3.99,0.28,0,0,0,0.00,0,-1.26,-3.90,0.00,0.00,0.00,14.08,Released,
"Oct 5, 2025 9:23:18 AM PDT",18799999979,Order,113-9309079-7323880,BK-009079,Vintage Paperback Lot,1,amazon.com,Seller,,,,MarketplaceFacilitator,17.99,1.26,3.99,0.28,0,0,0,0.00,0,-1.54,-4.50,0.00,0.00,0.00,17.48,Released,
"Oct 5, 2025 10:35:42 AM PDT",18799999979,Order,112-3909135-1232796,BK-009135,Classic Atlas,1,amazon.com,Seller,,,,MarketplaceFacilitator,18.99,1.33,3.99,0.28,0,0,0,0.00,0,-1.61,-4.65,0.00,0.00,0.00,18.33,Released,
"Oct 5, 2025 10:36:35 AM PDT",18799999979,Order,113-8809086-2125321,BK-009086,Vintage Textbook,1,amazon.com,Seller,,,,MarketplaceFacilitator,9.99,0.70,3.99,0.28,0,0,0,0.00,0,-0.98,-3.30,0.00,0.00,0.00,10.68,Released,
"Oct 5, 2025 10:41:23 AM PDT",18799999979,Order,114-7509093-5215199,MD-009093,Like New Blu-ray Set,1,amazon.com,Seller,,,,MarketplaceFacilitator,11.99,0.84,3.99,0.28,0,0,0,0.00,0,-1.12,-3.60,0.00,0.00,0.00,12.38,Released,
"Oct 5, 2025 11:13:33 AM PDT",18799999979,Order,114-5509105-5108183,BK-009105,Retro Textbook,1,amazon.com,Seller,,,,MarketplaceFacilitator,11.99,0.84,3.99,0.28,0,0,0,0.00,0,-1.12,-3.60,0.00,0.00,0.00,12.38,Released,
"Oct 5, 2025 11:58:50 AM PDT",18799999979,Order,113-4909127-4025521,BK-009127,Retro Atlas,1,amazon.com,Seller,,,,MarketplaceFacilitator,19.99,1.40,3.99,0.28,0,0,0,0.00,0,-1.68,-4.80,0.00,0.00,0.00,19.18,Released,
"Oct 5, 2025 12:50:12 PM PDT",18799999979,Order,113-5009121-3465632,BK-009121,Handmade Cookbook,1,amazon.com,Seller,,,,MarketplaceFacilitator,22.99,1.61,3.99,0.28,0,0,0,0.00,0,-1.89,-5.25,0.00,0.00,0.00,21.73,Released,
"Oct 5, 2025 12:59:13 PM PDT",18799999979,Order,113-0409076-4676993,BK-009076,Handmade Hardcover Novel,1,amazon.com,Seller,,,,MarketplaceFacilitator,23.99,1.68,3.99,0.28,0,0,0,0.00,0,-1.96,-5.40,0.00,0.00,0.00,22.58,Released,
"Oct 5, 2025 1:00:43 PM PDT",18799999979,Refund,112-3209098-2889782,BK-009098,Classic Poetry Collection,1,amazon.com,Seller,,,,MarketplaceFacilitator,-13.99,-0.98,-3.99,-0.28,0,0,0,0.00,0,1.26,3.12,0.00,0.00,0.00,-14.86,Released,
"Oct 5, 2025 1:06:13 PM PDT",18799999979,Order,112-2109130-9675284,BK-009130,Mid-Century Field Guide,1,amazon.com,Seller,,,,MarketplaceFacilitator,12.99,0.91,3.99,0.28,0,0,0,0.00,0,-1.19,-3.75,0.00,0.00,0.00,13.23,Released,
"Oct 5, 2025 1:06:19 PM PDT",18799999979,Order,114-2509094-4695951,MD-009094,Mid-Century DVD Box Set,1,amazon.com,Seller,,,,MarketplaceFacilitator,18.99,1.33,3.99,0.28,0,0,0,0.00,0,-1.61,-4.65,0.00,0.00,0.00,18.33,Released,
"Oct 5, 2025 1:57:53 PM PDT",18799999979,Order,112-8609131-6018193,BK-009131,Handmade Poetry Collection,1,amazon.com,Seller,,,,MarketplaceFacilitator,8.99,0.63,3.99,0.28,0,0,0,0.00,0,-0.91,-3.15,0.00,0.00,0.00,9.83,Released,
"Oct 5, 2025 2:53:51 PM PDT",18799999979,Order,111-0709129-7069340,CO-009129,Pre-owned Pewter Mug,1,amazon.com,Seller,,,,MarketplaceFacilitator,25.99,1.82,5.99,0.42,0,0,0,0.00,0,-2.24,-3.90,0.00,0.00,0.00,28.08,Released,
"Oct 5, 2025 3:05:20 PM PDT",18799999979,Order,111-4209085-8793113,BK-009085,Classic Cookbook,1,amazon.com,Seller,,,,MarketplaceFacilitator,9.99,0.70,3.99,0.28,0,0,0,0.00,0,-0.98,-3.30,0.00,0.00,0.00,10.68,Released,
"Oct 5, 2025 3:20:00 PM PDT",18799999979,Order,112-9709107-6582285,BK-009107,Mid-Century Hardcover Novel,1,amazon.com,Seller,,,,MarketplaceFacilitator,21.99,1.54,3.99,0.28,0,0,0,0.00,0,-1.82,-5.10,0.00,0.00,0.00,20.88,Released,
"Oct 5, 2025 3:21:55 PM PDT",18799999979,Order,111-0909132-1205907,MD-009132,Mid-Century Vinyl Record,1,amazon.com,Seller,,,,MarketplaceFacilitator,25.99,1.82,3.99,0.28,0,0,0,0.00,0,-2.10,-5.70,0.00,0.00,0.00,24.28,Released,
"Oct 5, 2025 3:50:39 PM PDT",18799999979,Order,112-6009117-6436506,BK-009117,Antique Hardcover Novel,1,amazon.com,Seller,,,,MarketplaceFacilitator,12.99,0.91,3.99,0.28,0,0,0,0.00,0,-1.19,-3.75,0.00,0.00,0.00,13.23,Released,
"Oct 5, 2025 3:51:32 PM PDT",18799999979,Order,111-3409096-1330524,CO-009096,Antique Trading Card Lot,1,amazon.com,Seller,,,,MarketplaceFacilitator,63.99,4.48,5.99,0.42,0,0,0,0.00,0,-4.90,-9.60,0.00,0.00,0.00,60.38,Released,
"Oct 5, 2025 3:55:52 PM PDT",18799999979,Order,114-5409137-9454100,BK-009137,Classic Textbook,1,amazon.com,Seller,,,,MarketplaceFacilitator,21.99,1.54,3.99,0.28,0,0,0,0.00,0,-1.82,-5.10,0.00,0.00,0.00,20.88,Released,
"Oct 5, 2025 4:45:25 PM PDT",18799999979,Order,114-4709123-3756525,BK-009123,Handmade Paperback Lot,1,amazon.com,Seller,,,,MarketplaceFacilitator,8.99,0.63,3.99,0.28,0,0,0,0.00,0,-0.91,-3.15,0.00,0.00,0.00,9.83,Released,
"Oct 5, 2025 5:06:36 PM PDT",18799999979,Order,111-5909128-7454077,BK-009128,Vintage Biography,1,amazon.com,Seller,,,,MarketplaceFacilitator,6.99,0.49,3.99,0.28,0,0,0,0.00,0,-0.77,-2.85,0.00,0.00,0.00,8.13,Released,
"Oct 5, 2025 5:15:53 PM PDT",18799999979,Order,112-2009116-6079147,BK-009116,Classic Atlas,1,amazon.com,Seller,,,,MarketplaceFacilitator,19.99,1.40,3.99,0.28,0,0,0,0.00,0,-1.68,-4.80,0.00,0.00,0.00,19.18,Released,
"Oct 5, 2025 5:24:37 PM PDT",18799999979,Order,112-2109109-0137587,BK-009109,Pre-owned Atlas,1,amazon.com,Seller,,,,MarketplaceFacilitator,37.99,2.66,3.99,0.28,0,0,0,0.00,0,-2.94,-7.50,0.00,0.00,0.00,34.48,Released,
"Oct 5, 2025 5:27:43 PM PDT",18799999979,Order,111-0909115-2452496,BK-009115,Mid-Century Textbook,1,amazon.com,Seller,,,,MarketplaceFacilitator,21.99,1.54,3.99,0.28,0,0,0,0.00,0,-1.82,-5.10,0.00,0.00,0.00,20.88,Released,
"Oct 5, 2025 5:48:06 PM PDT",18799999979,Order,112-9309091-0986145,BK-009091,Vintage Cookbook,1,amazon.com,Seller,,,,MarketplaceFacilitator,5.99,0.42,3.99,0.28,0,0,0,0.00,0,-0.70,-2.70,0.00,0.00,0.00,7.28,Released,
"Oct 5, 2025 5:53:15 PM PDT",18799999979,Order,111-6309119-0102463,BK-009119,Used Atlas,1,amazon.com,Seller,,,,MarketplaceFacilitator,10.99,0.77,3.99,0.28,0,0,0,0.00,0,-1.05,-3.45,0.00,0.00,0.00,11.53,Released,
"Oct 5, 2025 6:04:04 PM PDT",18799999979,Refund,111-4209085-8793113,BK-009085,Classic Cookbook,1,amazon.com,Seller,,,,MarketplaceFacilitator,-9.99,-0.70,-3.99,-0.28,0,0,0,0.00,0,0.98,2.64,0.00,0.00,0.00,-11.34,Released,
"Oct 5, 2025 6:10:56 PM PDT",18799999979,Order,114-3409102-1159954,BK-009102,Pre-owned Field Guide,1,amazon.com,Seller,,,,MarketplaceFacilitator,6.99,0.49,3.99,0.28,0,0,0,0.00,0,-0.77,-2.85,0.00,0.00,0.00,8.13,Released,
"Oct 5, 2025 6:15:34 PM PDT",18799999979,Order,113-8109089-7106033,MD-009089,Classic Vinyl Record,1,amazon.com,Seller,,,,MarketplaceFacilitator,12.99,0.91,3.99,0.28,0,0,0,0.00,0,-1.19,-3.75,0.00,0.00,0.00,13.23,Released,
"Oct 5, 2025 6:33:39 PM PDT",18799999979,Order,111-7109087-1911201,BK-009087,Lot of 2 Field Guide,1,amazon.com,Seller,,,,MarketplaceFacilitator,7.99,0.56,3.99,0.28,0,0,0,0.00,0,-0.84,-3.00,0.00,0.00,0.00,8.98,Released,
"Oct 5, 2025 6:44:20 PM PDT",18799999979,Order,112-4509082-5643100,MD-009082,Handmade Audiobook,1,amazon.com,Seller,,,,MarketplaceFacilitator,9.99,0.70,3.99,0.28,0,0,0,0.00,0,-0.98,-3.30,0.00,0.00,0.00,10.68,Released,
"Oct 5, 2025 6:55:57 PM PDT",18799999979,Order,113-7109126-8643224,BK-009126,Handmade Atlas,1,amazon.com,Seller,,,,MarketplaceFacilitator,12.99,0.91,3.99,0.28,0,0,0,0.00,0,-1.19,-3.75,0.00,0.00,0.00,13.23,Released,
"Oct 5, 2025 7:18:34 PM PDT",18799999979,Order,112-0009112-2097222,BK-009112,Classic Hardcover Novel,1,amazon.com,Seller,,,,MarketplaceFacilitator,10.99,0.77,3.99,0.28,0,0,0,0.00,0,-1.05,-3.45,0.00,0.00,0.00,11.53,Released,
"Oct 5, 2025 7:28:39 PM PDT",18799999979,Order,114-1809108-1326746,TY-009108,Retro Lego Lot,1,amazon.com,Seller,,,,MarketplaceFacilitator,11.99,0.84,5.99,0.42,0,0,0,0.00,0,-1.26,-1.80,0.00,0.00,0.00,16.18,Released,
"Oct 5, 2025 7:30:17 PM PDT",18799999979,Order,114-1309120-1642005,BK-009120,Mid-Century Cookbook,1,amazon.com,Seller,,,,MarketplaceFacilitator,7.99,0.56,3.99,0.28,0,0,0,0.00,0,-0.84,-3.00,0.00,0.00,0.00,8.98,Released,
"Oct 5, 2025 7:47:48 PM PDT",18799999979,Order,113-8909077-2674957,BK-009077,Classic Atlas,1,amazon.com,Seller,,,,MarketplaceFacilitator,8.99,0.63,3.99,0.28,0,0,0,0.00,0,-0.91,-3.15,0.00,0.00,0.00,9.83,Released,
"Oct 5, 2025 7:55:10 PM PDT",18799999979,Order,111-8709081-6930679,BK-009081,Used Field Guide,1,amazon.com,Seller,,,,MarketplaceFacilitator,5.99,0.42,3.99,0.28,0,0,0,0.00,0,-0.70,-2.70,0.00,0.00,0.00,7.28,Released,
"Oct 5, 2025 8:23:40 PM PDT",18799999979,Order,112-0509104-7907565,BK-009104,Retro Cookbook,1,amazon.com,Seller,,,,MarketplaceFacilitator,12.99,0.91,3.99,0.28,0,0,0,0.00,0,-1.19,-3.75,0.00,0.00,0.00,13.23,Released,
"Oct 5, 2025 8:37:42 PM PDT",18799999979,Order,114-5509125-7208050,BK-009125,Vintage Poetry Collection,1,amazon.com,Seller,,,,MarketplaceFacilitator,9.99,0.70,3.99,0.28,0,0,0,0.00,0,-0.98,-3.30,0.00,0.00,0.00,10.68,Released,
"Oct 5, 2025 8:40:04 PM PDT",18799999979,Order,111-9709095-4877335,BK-009095,Used Atlas,1,amazon.com,Seller,,,,MarketplaceFacilitator,17.99,1.26,3.99,0.28,0,0,0,0.00,0,-1.54,-4.50,0.00,0.00,0.00,17.48,Released,
"Oct 5, 2025 8:42:09 PM PDT",18799999979,Order,114-9509083-3884023,BK-009083,Mid-Century Poetry Collection,1,amazon.com,Seller,,,,MarketplaceFacilitator,14.99,1.05,3.99,0.28,0,0,0,0.00,0,-1.33,-4.05,0.00,0.00,0.00,14.93,Released,
"Oct 5, 2025 8:59:59 PM PDT",18799999979,Refund,114-1809108-1326746,TY-009108,Retro Lego Lot,1,amazon.com,Seller,,,,MarketplaceFacilitator,-11.99,-0.84,-5.99,-0.42,0,0,0,0.00,0,1.26,1.44,0.00,0.00,0.00,-16.54,Released,
"Oct 5, 2025 9:23:44 PM PDT",18799999979,Order,113-2709254-2003357,BK-009254,Classic Field Guide,1,amazon.com,Seller,,,,MarketplaceFacilitator,6.99,0.49,3.99,0.28,0,0,0,0.00,0,-0.77,-2.85,0.00,0.00,0.00,8.13,Released,
"Oct 5, 2025 11:03:20 PM PDT",18799999979,Order,113-9509252-5876167,MD-009252,Classic CD Lot,1,amazon.com,Seller,,,,MarketplaceFacilitator,30.99,2.17,3.99,0.28,0,0,0,0.00,0,-2.45,-6.45,0.00,0.00,0.00,28.53,Released,
"Oct 5, 2025 11:11:47 PM PDT",18799999979,Order,111-6209243-7901501,BK-009243,Handmade Hardcover Novel,1,amazon.com,Seller,,,,MarketplaceFacilitator,13.99,0.98,3.99,0.28,0,0,0,0.00,0,-1.26,-3.90,0.00,0.00,0.00,14.08,Released,
"Oct 5, 2025 11:20:58 PM PDT",18799999979,Order,112-2409249-6053830,BK-009249,Retro Paperback Lot,1,amazon.com,Seller,,,,MarketplaceFacilitator,28.99,2.03,3.99,0.28,0,0,0,0.00,0,-2.31,-6.15,0.00,0.00,0.00,26.83,Released,
"Oct 5, 2025 11:40:33 PM PDT",18799999979,Order,114-2409246-5341824,BK-009246,Lot of 2 Cookbook,1,amazon.com,Seller,,,,MarketplaceFacilitator,6.99,0.49,3.99,0.28,0,0,0,0.00,0,-0.77,-2.85,0.00,0.00,0.00,8.13,Released,
"Oct 5, 2025 11:52:49 PM PDT",18799999979,Order,112-4009271-8037161,MD-009271,Used Audiobook,1,amazon.com,Seller,,,,MarketplaceFacilitator,21.99,1.54,3.99,0.28,0,0,0,0.00,0,-1.82,-5.10,0.00,0.00,0.00,20.88,Released,
"Oct 5, 2025 11:54:27 PM PDT",18799999979,Order,113-6709235-5459086,BK-009235,Mid-Century Field Guide,1,amazon.com,Seller,,,,MarketplaceFacilitator,17.99,1.26,3.99,0.28,0,0,0,0.00,0,-1.54,-4.50,0.00,0.00,0.00,17.48,Released,
"Oct 6, 2025 2:21:43 AM PDT",18799999979,Order,112-6209255-3185466,MD-009255,Used CD Lot,1,amazon.com,Seller,,,,MarketplaceFacilitator,8.99,0.63,3.99,0.28,0,0,0,0.00,0,-0.91,-3.15,0.00,0.00,0.00,9.83,Released,
"Oct 6, 2025 2:43:59 AM PDT",18799999979,Order,113-9009240-2472788,BK-009240,Classic Hardcover Novel,1,amazon.com,Seller,,,,MarketplaceFacilitator,24.99,1.75,3.99,0.28,0,0,0,0.00,0,-2.03,-5.55,0.00,0.00,0.00,23.43,Released,
"Oct 6, 2025 3:29:35 AM PDT",18799999979,Order,111-8309247-4947035,BK-009247,Lot of 2 Field Guide,1,amazon.com,Seller,,,,MarketplaceFacilitator,8.99,0.63,3.99,0.28,0,0,0,0.00,0,-0.91,-3.15,0.00,0.00,0.00,9.83,Released,
"Oct 6, 2025 4:12:16 AM PDT",18799999979,Order,112-5509241-5206168,BK-009241,Pre-owned Atlas,1,amazon.com,Seller,,,,MarketplaceFacilitator,8.99,0.63,3.99,0.28,0,0,0,0.00,0,-0.91,-3.15,0.00,0.00,0.00,9.83,Released,
"Oct 6, 2025 4:24:36 AM PDT",18799999979,Order,114-5009272-9270065,BK-009272,Antique Biography,1,amazon.com,Seller,,,,MarketplaceFacilitator,12.99,0.91,3.99,0.28,0,0,0,0.00,0,-1.19,-3.75,0.00,0.00,0.00,13.23,Released,
"Oct 6, 2025 7:06:42 AM PDT",18799999979,Order,111-5109259-3672219,BK-009259,Lot of 2 Atlas,1,amazon.com,Seller,,,,MarketplaceFacilitator,10.99,0.77,3.99,0.28,0,0,0,0.00,0,-1.05,-3.45,0.00,0.00,0.00,11.53,Released,
"Oct 6, 2025 7:20:40 AM PDT",18799999979,Order,113-9909237-1100145,MD-009237,Vintage Vinyl Record,1,amazon.com,Seller,,,,MarketplaceFacilitator,7.99,0.56,3.99,0.28,0,0,0,0.00,0,-0.84,-3.00,0.00,0.00,0.00,8.98,Released,
"Oct 6, 2025 7:56:33 AM PDT",18799999979,Order,112-8109269-6091558,BK-009269,Handmade Biography,1,amazon.com,Seller,,,,MarketplaceFacilitator,5.99,0.42,3.99,0.28,0,0,0,0.00,0,-0.70,-2.70,0.00,0.00,0.00,7.28,Released,
"Oct 6, 2025 8:18:27 AM PDT",18799999979,Order,112-6109230-7495129,BK-009230,Antique Textbook,1,amazon.com,Seller,,,,MarketplaceFacilitator,8.99,0.63,3.99,0.28,0,0,0,0.00,0,-0.91,-3.15,0.00,0.00,0.00,9.83,Released,
"Oct 6, 2025 9:07:51 AM PDT",18799999979,Order,112-8809251-6895485,TY-009251,Lot of 2 Puzzle 1000pc,1,amazon.com,Seller,,,,MarketplaceFacilitator,15.99,1.12,5.99,0.42,0,0,0,0.00,0,-1.54,-2.40,0.00,0.00,0.00,19.58,Released,
"Oct 6, 2025 9:23:50 AM PDT",18799999979,Order,112-9309257-2649800,CO-009257,Like New Trading Card Lot,1,amazon.com,Seller,,,,MarketplaceFacilitator,24.99,1.75,5.99,0.42,0,0,0,0.00,0,-2.17,-3.75,0.00,0.00,0.00,27.23,Released,
"Oct 6, 2025 9:35:16 AM PDT",18799999979,Order,113-0609245-1025612,BK-009245,Vintage Cookbook,1,amazon.com,Seller,,,,MarketplaceFacilitator,21.99,1.54,3.99,0.28,0,0,0,0.00,0,-1.82,-5.10,0.00,0.00,0.00,20.88,Released,
"Oct 6, 2025 9:43:23 AM PDT",18799999979,Order,111-9209260-2022277,BK-009260,Retro Biography,1,amazon.com,Seller,,,,MarketplaceFacilitator,6.99,0.49,3.99,0.28,0,0,0,0.00,0,-0.77,-2.85,0.00,0.00,0.00,8.13,Released,
"Oct 6, 2025 10:17:37 AM PDT",18799999979,Order,114-4609270-6028152,BK-009270,Classic Paperback Lot,1,amazon.com,Seller,,,,MarketplaceFacilitator,12.99,0.91,3.99,0.28,0,0,0,0.00,0,-1.19,-3.75,0.00,0.00,0.00,13.23,Released,
"Oct 6, 2025 10:33:58 AM PDT",18799999979,Order,113-9909248-0437966,BK-009248,Antique Hardcover Novel,1,amazon.com,Seller,,,,MarketplaceFacilitator,16.99,1.19,3.99,0.28,0,0,0,0.00,0,-1.47,-4.35,0.00,0.00,0.00,16.63,Released,
"Oct 6, 2025 11:06:14 AM PDT",18799999979,Order,113-6709268-4856376,BK-009268,Vintage Paperback Lot,1,amazon.com,Seller,,,,MarketplaceFacilitator,5.99,0.42,3.99,0.28,0,0,0,0.00,0,-0.70,-2.70,0.00,0.00,0.00,7.28,Released,
"Oct 6, 2025 11:38:33 AM PDT",18799999979,Order,111-0509266-6105058,BK-009266,Handmade Poetry Collection,1,amazon.com,Seller,,,,MarketplaceFacilitator,6.99,0.49,3.99,0.28,0,0,0,0.00,0,-0.77,-2.85,0.00,0.00,0.00,8.13,Released,
"Oct 6, 2025 11:39:58 AM PDT",18799999979,Order,112-9009236-9495855,MD-009236,Retro Vinyl Record,1,amazon.com,Seller,,,,MarketplaceFacilitator,10.99,0.77,3.99,0.28,0,0,0,0.00,0,-1.05,-3.45,0.00,0.00,0.00,11.53,Released,
"Oct 6, 2025 12:15:00 PM PDT",18799999979,Service Fee,,,Cost of Advertising,,,,,,,,0.00,0.00,0.00,0.00,0,0,0,0.00,0,0.00,0.00,0.00,0.00,-18.60,-18.60,Released,
"Oct 6, 2025 1:13:20 PM PDT",18799999979,Order,112-9309253-0963267,BK-009253,Vintage Field Guide,1,amazon.com,Seller,,,,MarketplaceFacilitator,9.99,0.70,3.99,0.28,0,0,0,0.00,0,-0.98,-3.30,0.00,0.00,0.00,10.68,Released,
"Oct 6, 2025 2:06:16 PM PDT",18799999979,Order,114-8209242-0775604,BK-009242,Lot of 2 Textbook,1,amazon.com,Seller,,,,MarketplaceFacilitator,17.99,1.26,3.99,0.28,0,0,0,0.00,0,-1.54,-4.50,0.00,0.00,0.00,17.48,Released,
"Oct 6, 2025 3:20:02 PM PDT",18799999979,Order,111-6409261-8910125,BK-009261,Vintage Poetry Collection,1,amazon.com,Seller,,,,MarketplaceFacilitator,14.99,1.05,3.99,0.28,0,0,0,0.00,0,-1.33,-4.05,0.00,0.00,0.00,14.93,Released,
"Oct 6, 2025 3:44:08 PM PDT",18799999979,Order,114-0009262-8383559,BK-009262,Mid-Century Poetry Collection,1,amazon.com,Seller,,,,MarketplaceFacilitator,8.99,0.63,3.99,0.28,0,0,0,0.00,0,-0.91,-3.15,0.00,0.00,0.00,9.83,Released,
"Oct 6, 2025 4:45:45 PM PDT",18799999979,Order,114-5709234-1669744,BK-009234,Like New Textbook,1,amazon.com,Seller,,,,MarketplaceFacilitator,7.99,0.56,3.99,0.28,0,0,0,0.00,0,-0.84,-3.00,0.00,0.00,0.00,8.98,Released,
"Oct 6, 2025 4:49:23 PM PDT",18799999979,Order,113-8609233-2118831,BK-009233,Pre-owned Atlas,1,amazon.com,Seller,,,,MarketplaceFacilitator,21.99,1.54,3.99,0.28,0,0,0,0.00,0,-1.82,-5.10,0.00,0.00,0.00,20.88,Released,
"Oct 6, 2025 4:51:30 PM PDT",18799999979,Order,112-5409256-7551895,BK-009256,Used Cookbook,1,amazon.com,Seller,,,,MarketplaceFacilitator,6.99,0.49,3.99,0.28,0,0,0,0.00,0,-0.77,-2.85,0.00,0.00,0.00,8.13,Released,
"Oct 6, 2025 5:04:31 PM PDT",18799999979,Order,112-5709258-8527614,CO-009258,Handmade Figurine,1,amazon.com,Seller,,,,MarketplaceFacilitator,25.99,1.82,5.99,0.42,0,0,0,0.00,0,-2.24,-3.90,0.00,0.00,0.00,28.08,Released,
"Oct 6, 2025 5:16:25 PM PDT",18799999979,Refund,114-0009262-8383559,BK-009262,Mid-Century Poetry Collection,1,amazon.com,Seller,,,,MarketplaceFacilitator,-8.99,-0.63,-3.99,-0.28,0,0,0,0.00,0,0.91,2.52,0.00,0.00,0.00,-10.46,Released,
"Oct 6, 2025 5:23:45 PM PDT",18799999979,Order,114-8209264-3343930,TY-009264,Retro Board Game,1,amazon.com,Seller,,,,MarketplaceFacilitator,23.99,1.68,5.99,0.42,0,0,0,0.00,0,-2.10,-3.60,0.00,0.00,0.00,26.38,Released,
"Oct 6, 2025 5:31:54 PM PDT",18799999979,Order,111-5809231-6542729,BK-009231,Antique Biography,1,amazon.com,Seller,,,,MarketplaceFacilitator,7.99,0.56,3.99,0.28,0,0,0,0.00,0,-0.84,-3.00,0.00,0.00,0.00,8.98,Released,
"Oct 6, 2025 5:35:40 PM PDT",18799999979,Order,111-6509250-4425965,TY-009250,Handmade Puzzle 1000pc,1,amazon.com,Seller,,,,MarketplaceFacilitator,49.99,3.50,5.99,0.42,0,0,0,0.00,0,-3.92,-7.50,0.00,0.00,0.00,48.48,Released,
"Oct 6, 2025 5:48:58 PM PDT",18799999979,Order,112-7209265-5382276,BK-009265,Like New Textbook,1,amazon.com,Seller,,,,MarketplaceFacilitator,33.99,2.38,3.99,0.28,0,0,0,0.00,0,-2.66,-6.90,0.00,0.00,0.00,31.08,Released,
"Oct 6, 2025 6:23:07 PM PDT",18799999979,Order,111-2609263-5337958,BK-009263,Pre-owned Atlas,1,amazon.com,Seller,,,,MarketplaceFacilitator,5.99,0.42,3.99,0.28,0,0,0,0.00,0,-0.70,-2.70,0.00,0.00,0.00,7.28,Released,
"Oct 6, 2025 7:31:52 PM PDT",18799999979,Order,113-9309267-5543578,MD-009267,Like New Blu-ray Set,1,amazon.com,Seller,,,,MarketplaceFacilitator,50.99,3.57,3.99,0.28,0,0,0,0.00,0,-3.85,-9.45,0.00,0.00,0.00,45.53,Released,
"Oct 6, 2025 8:06:34 PM PDT",18799999979,Order,114-2209273-3202057,BK-009273,Vintage Poetry Collection,1,amazon.com,Seller,,,,MarketplaceFacilitator,47.99,3.36,3.99,0.28,0,0,0,0.00,0,-3.64,-9.00,0.00,0.00,0.00,42.98,Released,
"Oct 6, 2025 8:09:28 PM PDT",18799999979,Refund,114-8209264-3343930,TY-009264,Retro Board Game,1,amazon.com,Seller,,,,MarketplaceFacilitator,-23.99,-1.68,-5.99,-0.42,0,0,0,0.00,0,2.10,2.88,0.00,0.00,0.00,-27.10,Released,
"Oct 6, 2025 8:14:42 PM PDT",18799999979,Order,114-0709232-6422274,BK-009232,Handmade Textbook,1,amazon.com,Seller,,,,MarketplaceFacilitator,8.99,0.63,3.99,0.28,0,0,0,0.00,0,-0.91,-3.15,0.00,0.00,0.00,9.83,Released,
"Oct 6, 2025 8:34:31 PM PDT",18799999979,Order,114-7809238-6951742,BK-009238,Pre-owned Biography,1,amazon.com,Seller,,,,MarketplaceFacilitator,17.99,1.26,3.99,0.28,0,0,0,0.00,0,-1.54,-4.50,0.00,0.00,0.00,17.48,Released,
"Oct 6, 2025 8:36:11 PM PDT",18799999979,Order,112-3409239-1265626,MD-009239,Antique Blu-ray Set,1,amazon.com,Seller,,,,MarketplaceFacilitator,4.99,0.35,3.99,0.28,0,0,0,0.00,0,-0.63,-2.55,0.00,0.00,0.00,6.43,Released,
"Oct 6, 2025 8:43:31 PM PDT",18799999979,Order,113-9609244-4979381,BK-009244,Mid-Century Poetry Collection,1,amazon.com,Seller,,,,MarketplaceFacilitator,10.99,0.77,3.99,0.28,0,0,0,0.00,0,-1.05,-3.45,0.00,0.00,0.00,11.53,Released,
"Oct 6, 2025 10:09:16 PM PDT",18799999979,Order,114-9009356-2007232,CO-009356,Mid-Century Coin Lot,1,amazon.com,Seller,,,,MarketplaceFacilitator,13.99,0.98,5.99,0.42,0,0,0,0.00,0,-1.40,-2.10,0.00,0.00,0.00,17.88,Released,
"Oct 6, 2025 10:44:27 PM PDT",18799999979,Order,114-1409378-7789892,BK-009378,Retro Biography,1,amazon.com,Seller,,,,MarketplaceFacilitator,5.99,0.42,3.99,0.28,0,0,0,0.00,0,-0.70,-2.70,0.00,0.00,0.00,7.28,Released,
"Oct 7, 2025 12:40:16 AM PDT",18799999979,Order,114-9709388-2971939,BK-009388,Lot of 2 Poetry Collection,1,amazon.com,Seller,,,,MarketplaceFacilitator,3.99,0.28,3.99,0.28,0,0,0,0.00,0,-0.56,-2.40,0.00,0.00,0.00,5.58,Released,
"Oct 7, 2025 2:21:05 AM PDT",18799999979,Order,112-4509371-7272994,MD-009371,Antique CD Lot,1,amazon.com,Seller,,,,MarketplaceFacilitator,37.99,2.66,3.99,0.28,0,0,0,0.00,0,-2.94,-7.50,0.00,0.00,0.00,34.48,Released,
"Oct 7, 2025 4:01:06 AM PDT",18799999979,Order,112-4109391-3539997,MD-009391,Used CD Lot,1,amazon.com,Seller,,,,MarketplaceFacilitator,6.99,0.49,3.99,0.28,0,0,0,0.00,0,-0.77,-2.85,0.00,0.00,0.00,8.13,Released,
"Oct 7, 2025 5:17:42 AM PDT",18799999979,Order,113-8609370-2753823,EL-009370,Classic Camera Lens,1,amazon.com,Seller,,,,MarketplaceFacilitator,53.99,3.78,5.99,0.42,0,0,0,0.00,0,-4.20,-8.10,0.00,0.00,0.00,51.88,Released,
"Oct 7, 2025 5:34:11 AM PDT",18799999979,Order,112-1709361-2217652,BK-009361,Handmade Textbook,1,amazon.com,Seller,,,,MarketplaceFacilitator,22.99,1.61,3.99,0.28,0,0,0,0.00,0,-1.89,-5.25,0.00,0.00,0.00,21.73,Released,
"Oct 7, 2025 6:02:10 AM PDT",18799999979,Order,112-4409377-1893019,TY-009377,Handmade Board Game,1,amazon.com,Seller,,,,MarketplaceFacilitator,54.99,3.85,5.99,0.42,0,0,0,0.00,0,-4.27,-8.25,0.00,0.00,0.00,52.73,Released,
"Oct 7, 2025 6:03:24 AM PDT",18799999979,Order,111-2109384-8781134,BK-009384,Classic Atlas,1,amazon.com,Seller,,,,MarketplaceFacilitator,11.99,0.84,3.99,0.28,0,0,0,0.00,0,-1.12,-3.60,0.00,0.00,0.00,12.38,Released,
"Oct 7, 2025 6:22:06 AM PDT",18799999979,Order,111-0709354-8971447,MD-009354,Used CD Lot,1,amazon.com,Seller,,,,MarketplaceFacilitator,12.99,0.91,3.99,0.28,0,0,0,0.00,0,-1.19,-3.75,0.00,0.00,0.00,13.23,Released,
"Oct 7, 2025 6:43:57 AM PDT",18799999979,Order,112-1509357-1507497,BK-009357,Pre-owned Biography,1,amazon.com,Seller,,,,MarketplaceFacilitator,16.99,1.19,3.99,0.28,0,0,0,0.00,0,-1.47,-4.35,0.00,0.00,0.00,16.63,Released,
"Oct 7, 2025 6:52:07 AM PDT",18799999979,Order,114-2509367-6918871,MD-009367,Lot of 2 Vinyl Record,1,amazon.com,Seller,,,,MarketplaceFacilitator,8.99,0.63,3.99,0.28,0,0,0,0.00,0,-0.91,-3.15,0.00,0.00,0.00,9.83,Released,
"Oct 7, 2025 7:09:55 AM PDT",18799999979,Order,113-8109387-1012546,BK-009387,Classic Poetry Collection,1,amazon.com,Seller,,,,MarketplaceFacilitator,34.99,2.45,3.99,0.28,0,0,0,0.00,0,-2.73,-7.05,0.00,0.00,0.00,31.93,Released,
"Oct 7, 2025 7:37:07 AM PDT",18799999979,Order,112-7309380-4950398,BK-009380,Handmade Paperback Lot,1,amazon.com,Seller,,,,MarketplaceFacilitator,3.99,0.28,3.99,0.28,0,0,0,0.00,0,-0.56,-2.40,0.00,0.00,0.00,5.58,Released,
"Oct 7, 2025 7:59:41 AM PDT",18799999979,Order,111-0909390-7490384,BK-009390,Retro Atlas,1,amazon.com,Seller,,,,MarketplaceFacilitator,4.99,0.35,3.99,0.28,0,0,0,0.00,0,-0.63,-2.55,0.00,0.00,0.00,6.43,Released,
"Oct 7, 2025 8:30:24 AM PDT",18799999979,Order,111-7509383-1648042,BK-009383,Like New Biography,1,amazon.com,Seller,,,,MarketplaceFacilitator,20.99,1.47,3.99,0.28,0,0,0,0.00,0,-1.75,-4.95,0.00,0.00,0.00,20.03,Released,
"Oct 7, 2025 11:06:55 AM PDT",18799999979,Order,111-0909360-3774289,BK-009360,Antique Field Guide,1,amazon.com,Seller,,,,MarketplaceFacilitator,6.99,0.49,3.99,0.28,0,0,0,0.00,0,-0.77,-2.85,0.00,0.00,0.00,8.13,Released,
"Oct 7, 2025 11:31:32 AM PDT",18799999979,Order,112-3909368-3910668,BK-009368,Like New Field Guide,1,amazon.com,Seller,,,,MarketplaceFacilitator,22.99,1.61,3.99,0.28,0,0,0,0.00,0,-1.89,-5.25,0.00,0.00,0.00,21.73,Released,
"Oct 7, 2025 12:26:39 PM PDT",18799999979,Order,113-5609351-3289179,MD-009351,Vintage CD Lot,1,amazon.com,Seller,,,,MarketplaceFacilitator,9.99,0.70,3.99,0.28,0,0,0,0.00,0,-0.98,-3.30,0.00,0.00,0.00,10.68,Released,
"Oct 7, 2025 12:33:19 PM PDT",18799999979,Order,111-9009373-7357949,BK-009373,Retro Field Guide,1,amazon.com,Seller,,,,MarketplaceFacilitator,7.99,0.56,3.99,0.28,0,0,0,0.00,0,-0.84,-3.00,0.00,0.00,0.00,8.98,Released,
"Oct 7, 2025 12:43:36 PM PDT",18799999979,Order,112-1009366-9426471,BK-009366,Handmade Hardcover Novel,1,amazon.com,Seller,,,,MarketplaceFacilitator,8.99,0.63,3.99,0.28,0,0,0,0.00,0,-0.91,-3.15,0.00,0.00,0.00,9.83,Released,
"Oct 7, 2025 1:14:07 PM PDT",18799999979,Order,111-4309374-6221949,MD-009374,Vintage DVD Box Set,1,amazon.com,Seller,,,,MarketplaceFacilitator,4.99,0.35,3.99,0.28,0,0,0,0.00,0,-0.63,-2.55,0.00,0.00,0.00,6.43,Released,
"Oct 7, 2025 1:44:45 PM PDT",18799999979,Order,111-8209362-5935335,BK-009362,Retro Atlas,1,amazon.com,Seller,,,,MarketplaceFacilitator,25.99,1.82,3.99,0.28,0,0,0,0.00,0,-2.10,-5.70,0.00,0.00,0.00,24.28,Released,
"Oct 7, 2025 1:47:51 PM PDT",18799999979,Order,112-2909352-3239076,BK-009352,Classic Field Guide,1,amazon.com,Seller,,,,MarketplaceFacilitator,26.99,1.89,3.99,0.28,0,0,0,0.00,0,-2.17,-5.85,0.00,0.00,0.00,25.13,Released,
"Oct 7, 2025 2:25:25 PM PDT",18799999979,Refund,112-1009366-9426471,BK-009366,Handmade Hardcover Novel,1,amazon.com,Seller,,,,MarketplaceFacilitator,-8.99,-0.63,-3.99,-0.28,0,0,0,0.00,0,0.91,2.52,0.00,0.00,0.00,-10.46,Released,
"Oct 7, 2025 2:39:54 PM PDT",18799999979,Order,114-2709392-0401147,BK-009392,Mid-Century Cookbook,1,amazon.com,Seller,,,,MarketplaceFacilitator,12.99,0.91,3.99,0.28,0,0,0,0.00,0,-1.19,-3.75,0.00,0.00,0.00,13.23,Released,
"Oct 7, 2025 2:54:23 PM PDT",18799999979,Order,114-8209385-9443503,BK-009385,Like New Atlas,1,amazon.com,Seller,,,,MarketplaceFacilitator,4.99,0.35,3.99,0.28,0,0,0,0.00,0,-0.63,-2.55,0.00,0.00,0.00,6.43,Released,
"Oct 7, 2025 3:50:21 PM PDT",18799999979,Order,112-2609386-7329971,BK-009386,Antique Biography,1,amazon.com,Seller,,,,MarketplaceFacilitator,13.99,0.98,3.99,0.28,0,0,0,0.00,0,-1.26,-3.90,0.00,0.00,0.00,14.08,Released,
"Oct 7, 2025 4:22:04 PM PDT",18799999979,Order,112-8809355-2540296,TY-009355,Antique Model Train,1,amazon.com,Seller,,,,MarketplaceFacilitator,15.99,1.12,5.99,0.42,0,0,0,0.00,0,-1.54,-2.40,0.00,0.00,0.00,19.58,Released,
"Oct 7, 2025 4:42:16 PM PDT",18799999979,Order,113-1809376-6987892,BK-009376,Handmade Cookbook,1,amazon.com,Seller,,,,MarketplaceFacilitator,11.99,0.84,3.99,0.28,0,0,0,0.00,0,-1.12,-3.60,0.00,0.00,0.00,12.38,Released,
"Oct 7, 2025 5:07:00 PM PDT",18799999979,Order,112-0009350-6280344,BK-009350,Retro Paperback Lot,1,amazon.com,Seller,,,,MarketplaceFacilitator,8.99,0.63,3.99,0.28,0,0,0,0.00,0,-0.91,-3.15,0.00,0.00,0.00,9.83,Released,
"Oct 7, 2025 5:54:46 PM PDT",18799999979,Order,112-1309379-3808357,MD-009379,Mid-Century CD Lot,1,amazon.com,Seller,,,,MarketplaceFacilitator,5.99,0.42,3.99,0.28,0,0,0,0.00,0,-0.70,-2.70,0.00,0.00,0.00,7.28,Released,
"Oct 7, 2025 6:07:00 PM PDT",18799999979,Order,113-3709359-5546798,BK-009359,Handmade Textbook,1,amazon.com,Seller,,,,MarketplaceFacilitator,5.99,0.42,3.99,0.28,0,0,0,0.00,0,-0.70,-2.70,0.00,0.00,0.00,7.28,Released,
"Oct 7, 2025 6:18:34 PM PDT",18799999979,Order,112-5009375-1112918,EL-009375,Lot of 2 Camera Lens,1,amazon.com,Seller,,,,MarketplaceFacilitator,30.99,2.17,5.99,0.42,0,0,0,0.00,0,-2.59,-4.65,0.00,0.00,0.00,32.33,Released,
"Oct 7, 2025 7:05:49 PM PDT",18799999979,Order,114-1109389-4663221,EL-009389,Pre-owned Portable Radio,1,amazon.com,Seller,,,,MarketplaceFacilitator,62.99,4.41,5.99,0.42,0,0,0,0.00,0,-4.83,-9.45,0.00,0.00,0.00,59.53,Released,
"Oct 7, 2025 7:12:38 PM PDT",18799999979,Order,111-5009363-1825339,MD-009363,Mid-Century Blu-ray Set,1,amazon.com,Seller,,,,MarketplaceFacilitator,19.99,1.40,3.99,0.28,0,0,0,0.00,0,-1.68,-4.80,0.00,0.00,0.00,19.18,Released,
"Oct 7, 2025 7:17:48 PM PDT",18799999979,Order,114-9509365-7364612,BK-009365,Like New Field Guide,1,amazon.com,Seller,,,,MarketplaceFacilitator,4.99,0.35,3.99,0.28,0,0,0,0.00,0,-0.63,-2.55,0.00,0.00,0.00,6.43,Released,
"Oct 7, 2025 7:31:35 PM PDT",18799999979,Order,113-6709381-5921102,BK-009381,Classic Paperback Lot,1,amazon.com,Seller,,,,MarketplaceFacilitator,8.99,0.63,3.99,0.28,0,0,0,0.00,0,-0.91,-3.15,0.00,0.00,0.00,9.83,Released,
"Oct 7, 2025 7:40:22 PM PDT",18799999979,Order,112-3009358-3715271,BK-009358,Like New Textbook,1,amazon.com,Seller,,,,MarketplaceFacilitator,14.99,1.05,3.99,0.28,0,0,0,0.00,0,-1.33,-4.05,0.00,0.00,0.00,14.93,Released,
"Oct 7, 2025 7:42:31 PM PDT",18799999979,Order,113-4109353-1496085,MD-009353,Mid-Century Blu-ray Set,1,amazon.com,Seller,,,,MarketplaceFacilitator,19.99,1.40,3.99,0.28,0,0,0,0.00,0,-1.68,-4.80,0.00,0.00,0.00,19.18,Released,
"Oct 7, 2025 7:44:10 PM PDT",18799999979,Order,114-0809372-6446485,BK-009372,Classic Cookbook,1,amazon.com,Seller,,,,MarketplaceFacilitator,4.99,0.35,3.99,0.28,0,0,0,0.00,0,-0.63,-2.55,0.00,0.00,0.00,6.43,Released,
"Oct 7, 2025 7:56:57 PM PDT",18799999979,Order,114-7209369-4705506,BK-009369,Like New Paperback Lot,1,amazon.com,Seller,,,,MarketplaceFacilitator,5.99,0.42,3.99,0.28,0,0,0,0.00,0,-0.70,-2.70,0.00,0.00,0.00,7.28,Released,
"Oct 7, 2025 8:03:10 PM PDT",18799999979,Order,112-1009364-0365638,BK-009364,Antique Textbook,1,amazon.com,Seller,,,,MarketplaceFacilitator,20.99,1.47,3.99,0.28,0,0,0,0.00,0,-1.75,-4.95,0.00,0.00,0.00,20.03,Released,
"Oct 7, 2025 8:28:34 PM PDT",18799999979,Order,112-0609382-8095112,BK-009382,Handmade Atlas,1,amazon.com,Seller,,,,MarketplaceFacilitator,23.99,1.68,3.99,0.28,0,0,0,0.00,0,-1.96,-5.40,0.00,0.00,0.00,22.58,Released,
"Oct 7, 2025 9:36:46 PM PDT",18799999979,Order,114-0309511-0695321,MD-009511,Lot of 2 Audiobook,1,amazon.com,Seller,,,,MarketplaceFacilitator,14.99,1.05,3.99,0.28,0,0,0,0.00,0,-1.33,-4.05,0.00,0.00,0.00,14.93,Released,
"Oct 7, 2025 9:47:03 PM PDT",18799999979,Order,114-9209541-0690520,MD-009541,Lot of 2 DVD Box Set,1,amazon.com,Seller,,,,MarketplaceFacilitator,6.99,0.49,3.99,0.28,0,0,0,0.00,0,-0.77,-2.85,0.00,0.00,0.00,8.13,Released,
"Oct 8, 2025 12:17:23 AM PDT",18799999979,Order,114-3709500-6619234,MD-009500,Like New CD Lot,1,amazon.com,Seller,,,,MarketplaceFacilitator,4.99,0.35,3.99,0.28,0,0,0,0.00,0,-0.63,-2.55,0.00,0.00,0.00,6.43,Released,
"Oct 8, 2025 1:05:06 AM PDT",18799999979,Order,114-3309515-5807997,MD-009515,Like New Blu-ray Set,1,amazon.com,Seller,,,,MarketplaceFacilitator,7.99,0.56,3.99,0.28,0,0,0,0.00,0,-0.84,-3.00,0.00,0.00,0.00,8.98,Released,
"Oct 8, 2025 1:15:38 AM PDT",18799999979,Order,113-2109528-2830386,BK-009528,Lot of 2 Field Guide,1,amazon.com,Seller,,,,MarketplaceFacilitator,4.99,0.35,3.99,0.28,0,0,0,0.00,0,-0.63,-2.55,0.00,0.00,0.00,6.43,Released,
"Oct 8, 2025 2:18:49 AM PDT",18799999979,Order,113-3109505-3034922,BK-009505,Used Poetry Collection,1,amazon.com,Seller,,,,MarketplaceFacilitator,10.99,0.77,3.99,0.28,0,0,0,0.00,0,-1.05,-3.45,0.00,0.00,0.00,11.53,Released,
"Oct 8, 2025 2:33:25 AM PDT",18799999979,Order,114-6109535-1407046,CO-009535,Pre-owned Snow Globe,1,amazon.com,Seller,,,,MarketplaceFacilitator,11.99,0.84,5.99,0.42,0,0,0,0.00,0,-1.26,-1.80,0.00,0.00,0.00,16.18,Released,
"Oct 8, 2025 3:59:33 AM PDT",18799999979,Order,113-8409527-3867558,BK-009527,Vintage Poetry Collection,1,amazon.com,Seller,,,,MarketplaceFacilitator,5.99,0.42,3.99,0.28,0,0,0,0.00,0,-0.70,-2.70,0.00,0.00,0.00,7.28,Released,
"Oct 8, 2025 4:05:04 AM PDT",18799999979,Order,114-4009544-1620016,BK-009544,Pre-owned Cookbook,1,amazon.com,Seller,,,,MarketplaceFacilitator,13.99,0.98,3.99,0.28,0,0,0,0.00,0,-1.26,-3.90,0.00,0.00,0.00,14.08,Released,
"Oct 8, 2025 4:14:48 AM PDT",18799999979,Order,112-5309506-8690126,EL-009506,Classic Camera Lens,1,amazon.com,Seller,,,,MarketplaceFacilitator,35.99,2.52,5.99,0.42,0,0,0,0.00,0,-2.94,-5.40,0.00,0.00,0.00,36.58,Released,
"Oct 8, 2025 4:38:11 AM PDT",18799999979,Order,111-4009546-0850413,TY-009546,Vintage Plush Bear,1,amazon.com,Seller,,,,MarketplaceFacilitator,37.99,2.66,5.99,0.42,0,0,0,0.00,0,-3.08,-5.70,0.00,0.00,0.00,38.28,Released,
"Oct 8, 2025 4:40:41 AM PDT",18799999979,Order,113-9709514-9232973,BK-009514,Vintage Field Guide,1,amazon.com,Seller,,,,MarketplaceFacilitator,8.99,0.63,3.99,0.28,0,0,0,0.00,0,-0.91,-3.15,0.00,0.00,0.00,9.83,Released,
"Oct 8, 2025 4:58:39 AM PDT",18799999979,Order,111-7009540-9428915,MD-009540,Lot of 2 Blu-ray Set,1,amazon.com,Seller,,,,MarketplaceFacilitator,7.99,0.56,3.99,0.28,0,0,0,0.00,0,-0.84,-3.00,0.00,0.00,0.00,8.98,Released,
"Oct 8, 2025 6:15:17 AM PDT",18799999979,Order,112-6709532-8504534,BK-009532,Handmade Hardcover Novel,1,amazon.com,Seller,,,,MarketplaceFacilitator,30.99,2.17,3.99,0.28,0,0,0,0.00,0,-2.45,-6.45,0.00,0.00,0.00,28.53,Released,
"Oct 8, 2025 6:24:38 AM PDT",18799999979,Order,111-4009501-2327938,EL-009501,Mid-Century Camera Lens,1,amazon.com,Seller,,,,MarketplaceFacilitator,60.99,4.27,5.99,0.42,0,0,0,0.00,0,-4.69,-9.15,0.00,0.00,0.00,57.83,Released,
"Oct 8, 2025 7:05:02 AM PDT",18799999979,Order,113-2109498-6140138,BK-009498,Pre-owned Poetry Collection,1,amazon.com,Seller,,,,MarketplaceFacilitator,10.99,0.77,3.99,0.28,0,0,0,0.00,0,-1.05,-3.45,0.00,0.00,0.00,11.53,Released,
"Oct 8, 2025 7:11:31 AM PDT",18799999979,Order,111-5609533-3639438,MD-009533,Retro Audiobook,1,amazon.com,Seller,,,,MarketplaceFacilitator,16.99,1.19,3.99,0.28,0,0,0,0.00,0,-1.47,-4.35,0.00,0.00,0.00,16.63,Released,
"Oct 8, 2025 7:12:57 AM PDT",18799999979,Order,114-3509547-6886066,MD-009547,Lot of 2 CD Lot,1,amazon.com,Seller,,,,MarketplaceFacilitator,19.99,1.40,3.99,0.28,0,0,0,0.00,0,-1.68,-4.80,0.00,0.00,0.00,19.18,Released,
"Oct 8, 2025 7:25:25 AM PDT",18799999979,Order,114-2509504-4432603,EL-009504,Classic Film Camera,1,amazon.com,Seller,,,,MarketplaceFacilitator,27.99,1.96,5.99,0.42,0,0,0,0.00,0,-2.38,-4.20,0.00,0.00,0.00,29.78,Released,
"Oct 8, 2025 7:38:54 AM PDT",18799999979,Order,113-2309510-9772312,BK-009510,Like New Poetry Collection,1,amazon.com,Seller,,,,MarketplaceFacilitator,4.99,0.35,3.99,0.28,0,0,0,0.00,0,-0.63,-2.55,0.00,0.00,0.00,6.43,Released,
"Oct 8, 2025 8:38:08 AM PDT",18799999979,Order,113-2009526-4409736,BK-009526,Classic Cookbook,1,amazon.com,Seller,,,,MarketplaceFacilitator,17.99,1.26,3.99,0.28,0,0,0,0.00,0,-1.54,-4.50,0.00,0.00,0.00,17.48,Released,
"Oct 8, 2025 8:58:38 AM PDT",18799999979,Order,112-3809503-1297862,MD-009503,Used CD Lot,1,amazon.com,Seller,,,,MarketplaceFacilitator,22.99,1.61,3.99,0.28,0,0,0,0.00,0,-1.89,-5.25,0.00,0.00,0.00,21.73,Released,
"Oct 8, 2025 9:53:03 AM PDT",18799999979,Order,113-8609519-8442680,BK-009519,Lot of 2 Cookbook,1,amazon.com,Seller,,,,MarketplaceFacilitator,17.99,1.26,3.99,0.28,0,0,0,0.00,0,-1.54,-4.50,0.00,0.00,0.00,17.48,Released,
"Oct 8, 2025 9:53:38 AM PDT",18799999979,Order,111-3409537-1260776,BK-009537,Used Paperback Lot,1,amazon.com,Seller,,,,MarketplaceFacilitator,10.99,0.77,3.99,0.28,0,0,0,0.00,0,-1.05,-3.45,0.00,0.00,0.00,11.53,Released,
"Oct 8, 2025 9:53:58 AM PDT",18799999979,Order,112-5109520-4380702,MD-009520,Retro DVD Box Set,1,amazon.com,Seller,,,,MarketplaceFacilitator,15.99,1.12,3.99,0.28,0,0,0,0.00,0,-1.40,-4.20,0.00,0.00,0.00,15.78,Released,
"Oct 8, 2025 9:54:18 AM PDT",18799999979,Order,112-0709521-6096653,TY-009521,Mid-Century Puzzle 1000pc,1,amazon.com,Seller,,,,MarketplaceFacilitator,20.99,1.47,5.99,0.42,0,0,0,0.00,0,-1.89,-3.15,0.00,0.00,0.00,23.83,Released,
"Oct 8, 2025 10:28:53 AM PDT",18799999979,Order,114-0809502-8196233,EL-009502,Like New Game Console,1,amazon.com,Seller,,,,MarketplaceFacilitator,37.99,2.66,5.99,0.42,0,0,0,0.00,0,-3.08,-5.70,0.00,0.00,0.00,38.28,Released,
"Oct 8, 2025 10:57:16 AM PDT",18799999979,Order,114-7809538-8239701,MD-009538,Like New Blu-ray Set,1,amazon.com,Seller,,,,MarketplaceFacilitator,21.99,1.54,3.99,0.28,0,0,0,0.00,0,-1.82,-5.10,0.00,0.00,0.00,20.88,Released,
"Oct 8, 2025 11:04:42 AM PDT",18799999979,Order,112-4509517-7592494,BK-009517,Lot of 2 Paperback Lot,1,amazon.com,Seller,,,,MarketplaceFacilitator,9.99,0.70,3.99,0.28,0,0,0,0.00,0,-0.98,-3.30,0.00,0.00,0.00,10.68,Released,
"Oct 8, 2025 11:38:21 AM PDT",18799999979,Order,111-4909530-4403897,BK-009530,Like New Field Guide,1,amazon.com,Seller,,,,MarketplaceFacilitator,8.99,0.63,3.99,0.28,0,0,0,0.00,0,-0.91,-3.15,0.00,0.00,0.00,9.83,Released,
"Oct 8, 2025 12:05:40 PM PDT",18799999979,Order,111-9709522-8734047,BK-009522,Handmade Cookbook,1,amazon.com,Seller,,,,MarketplaceFacilitator,10.99,0.77,3.99,0.28,0,0,0,0.00,0,-1.05,-3.45,0.00,0.00,0.00,11.53,Released,
"Oct 8, 2025 12:55:53 PM PDT",18799999979,Order,113-1709529-5016316,BK-009529,Like New Poetry Collection,1,amazon.com,Seller,,,,MarketplaceFacilitator,11.99,0.84,3.99,0.28,0,0,0,0.00,0,-1.12,-3.60,0.00,0.00,0.00,12.38,Released,
"Oct 8, 2025 1:17:16 PM PDT",18799999979,Order,111-2209499-8906814,BK-009499,Like New Textbook,1,amazon.com,Seller,,,,MarketplaceFacilitator,22.99,1.61,3.99,0.28,0,0,0,0.00,0,-1.89,-5.25,0.00,0.00,0.00,21.73,Released,
"Oct 8, 2025 1:29:15 PM PDT",18799999979,Order,111-0609536-9669292,BK-009536,Classic Textbook,1,amazon.com,Seller,,,,MarketplaceFacilitator,9.99,0.70,3.99,0.28,0,0,0,0.00,0,-0.98,-3.30,0.00,0.00,0.00,10.68,Released,
"Oct 8, 2025 1:34:34 PM PDT",18799999979,Order,111-5809516-9070938,BK-009516,Lot of 2 Field Guide,1,amazon.com,Seller,,,,MarketplaceFacilitator,4.99,0.35,3.99,0.28,0,0,0,0.00,0,-0.63,-2.55,0.00,0.00,0.00,6.43,Released,
"Oct 8, 2025 2:38:57 PM PDT",18799999979,Order,112-7209542-5225889,BK-009542,Used Poetry Collection,1,amazon.com,Seller,,,,MarketplaceFacilitator,11.99,0.84,3.99,0.28,0,0,0,0.00,0,-1.12,-3.60,0.00,0.00,0.00,12.38,Released,
"Oct 8, 2025 2:50:27 PM PDT",18799999979,Order,114-7909507-1922991,MD-009507,Lot of 2 Blu-ray Set,1,amazon.com,Seller,,,,MarketplaceFacilitator,28.99,2.03,3.99,0.28,0,0,0,0.00,0,-2.31,-6.15,0.00,0.00,0.00,26.83,Released,
"Oct 8, 2025 2:53:04 PM PDT",18799999979,Order,113-0609513-1590418,BK-009513,Like New Cookbook,1,amazon.com,Seller,,,,MarketplaceFacilitator,17.99,1.26,3.99,0.28,0,0,0,0.00,0,-1.54,-4.50,0.00,0.00,0.00,17.48,Released,
"Oct 8, 2025 3:05:14 PM PDT",18799999979,Order,114-4209525-0958875,BK-009525,Used Cookbook,1,amazon.com,Seller,,,,MarketplaceFacilitator,10.99,0.77,3.99,0.28,0,0,0,0.00,0,-1.05,-3.45,0.00,0.00,0.00,11.53,Released,
"Oct 8, 2025 3:16:53 PM PDT",18799999979,Order,112-7809549-2877021,MD-009549,Handmade Audiobook,1,amazon.com,Seller,,,,MarketplaceFacilitator,14.99,1.05,3.99,0.28,0,0,0,0.00,0,-1.33,-4.05,0.00,0.00,0.00,14.93,Released,
"Oct 8, 2025 4:04:44 PM PDT",18799999979,Order,112-8709497-6872437,BK-009497,Vintage Biography,1,amazon.com,Seller,,,,MarketplaceFacilitator,15.99,1.12,3.99,0.28,0,0,0,0.00,0,-1.40,-4.20,0.00,0.00,0.00,15.78,Released,
"Oct 8, 2025 4:21:47 PM PDT",18799999979,Order,111-5709531-5075681,BK-009531,Classic Biography,1,amazon.com,Seller,,,,MarketplaceFacilitator,22.99,1.61,3.99,0.28,0,0,0,0.00,0,-1.89,-5.25,0.00,0.00,0.00,21.73,Released,
"Oct 8, 2025 4:34:35 PM PDT",18799999979,Order,113-6009508-9027556,BK-009508,Like New Field Guide,1,amazon.com,Seller,,,,MarketplaceFacilitator,8.99,0.63,3.99,0.28,0,0,0,0.00,0,-0.91,-3.15,0.00,0.00,0.00,9.83,Released,
"Oct 8, 2025 4:53:30 PM PDT",18799999979,Order,113-1409524-8483047,MD-009524,Like New Blu-ray Set,1,amazon.com,Seller,,,,MarketplaceFacilitator,9.99,0.70,3.99,0.28,0,0,0,0.00,0,-0.98,-3.30,0.00,0.00,0.00,10.68,Released,
"Oct 8, 2025 5:16:01 PM PDT",18799999979,Order,112-8609548-7393811,BK-009548,Handmade Poetry Collection,1,amazon.com,Seller,,,,MarketplaceFacilitator,15.99,1.12,3.99,0.28,0,0,0,0.00,0,-1.40,-4.20,0.00,0.00,0.00,15.78,Released,
"Oct 8, 2025 5:31:51 PM PDT",18799999979,Order,113-8909523-1177620,BK-009523,Lot of 2 Field Guide,1,amazon.com,Seller,,,,MarketplaceFacilitator,7.99,0.56,3.99,0.28,0,0,0,0.00,0,-0.84,-3.00,0.00,0.00,0.00,8.98,Released,
"Oct 8, 2025 5:40:39 PM PDT",18799999979,Order,114-5809534-6879399,EL-009534,Retro Camera Lens,1,amazon.com,Seller,,,,MarketplaceFacilitator,36.99,2.59,5.99,0.42,0,0,0,0.00,0,-3.01,-5.55,0.00,0.00,0.00,37.43,Released,
"Oct 8, 2025 5:41:26 PM PDT",18799999979,Refund,113-6009508-9027556,BK-009508,Like New Field Guide,1,amazon.com,Seller,,,,MarketplaceFacilitator,-8.99,-0.63,-3.99,-0.28,0,0,0,0.00,0,0.91,2.52,0.00,0.00,0.00,-10.46,Released,
"Oct 8, 2025 6:03:17 PM PDT",18799999979,Order,113-8509543-3736295,MD-009543,Mid-Century Vinyl Record,1,amazon.com,Seller,,,,MarketplaceFacilitator,48.99,3.43,3.99,0.28,0,0,0,0.00,0,-3.71,-9.15,0.00,0.00,0.00,43.83,Released,
"Oct 8, 2025 6:36:27 PM PDT",18799999979,Order,112-4709518-8435966,BK-009518,Vintage Paperback Lot,1,amazon.com,Seller,,,,MarketplaceFacilitator,8.99,0.63,3.99,0.28,0,0,0,0.00,0,-0.91,-3.15,0.00,0.00,0.00,9.83,Released,
"Oct 8, 2025 6:45:21 PM PDT",18799999979,Order,114-7109512-4947887,BK-009512,Retro Cookbook,1,amazon.com,Seller,,,,MarketplaceFacilitator,11.99,0.84,3.99,0.28,0,0,0,0.00,0,-1.12,-3.60,0.00,0.00,0.00,12.38,Released,
"Oct 8, 2025 7:05:05 PM PDT",18799999979,Order,111-2009509-8979650,BK-009509,Mid-Century Field Guide,1,amazon.com,Seller,,,,MarketplaceFacilitator,12.99,0.91,3.99,0.28,0,0,0,0.00,0,-1.19,-3.75,0.00,0.00,0.00,13.23,Released,
"Oct 8, 2025 7:50:13 PM PDT",18799999979,Order,114-3509545-2306757,MD-009545,Classic CD Lot,1,amazon.com,Seller,,,,MarketplaceFacilitator,12.99,0.91,3.99,0.28,0,0,0,0.00,0,-1.19,-3.75,0.00,0.00,0.00,13.23,Released,
"Oct 8, 2025 7:55:20 PM PDT",18799999979,Order,112-9909539-9505316,BK-009539,Like New Atlas,1,amazon.com,Seller,,,,MarketplaceFacilitator,11.99,0.84,3.99,0.28,0,0,0,0.00,0,-1.12,-3.60,0.00,0.00,0.00,12.38,Released,
"Oct 8, 2025 10:58:34 PM PDT",18799999979,Order,111-8109692-4049505,BK-009692,Classic Textbook,1,amazon.com,Seller,,,,MarketplaceFacilitator,9.99,0.70,3.99,0.28,0,0,0,0.00,0,-0.98,-3.30,0.00,0.00,0.00,10.68,Released,
"Oct 8, 2025 11:24:58 PM PDT",18799999979,Order,112-5409656-0595614,TY-009656,Antique Lego Lot,1,amazon.com,Seller,,,,MarketplaceFacilitator,29.99,2.10,5.99,0.42,0,0,0,0.00,0,-2.52,-4.50,0.00,0.00,0.00,31.48,Released,
"Oct 8, 2025 11:24:58 PM PDT",18799999979,Order,114-2309676-6910440,BK-009676,Lot of 2 Field Guide,1,amazon.com,Seller,,,,MarketplaceFacilitator,11.99,0.84,3.99,0.28,0,0,0,0.00,0,-1.12,-3.60,0.00,0.00,0.00,12.38,Released,
"Oct 8, 2025 11:41:07 PM PDT",18799999979,Order,112-6909688-1819981,CO-009688,Mid-Century Pewter Mug,1,amazon.com,Seller,,,,MarketplaceFacilitator,45.99,3.22,5.99,0.42,0,0,0,0.00,0,-3.64,-6.90,0.00,0.00,0.00,45.08,Released,
"Oct 8, 2025 11:50:55 PM PDT",18799999979,Order,114-2609691-2190235,TY-009691,Vintage Puzzle 1000pc,1,amazon.com,Seller,,,,MarketplaceFacilitator,20.99,1.47,5.99,0.42,0,0,0,0.00,0,-1.89,-3.15,0.00,0.00,0.00,23.83,Released,
"Oct 9, 2025 12:01:30 AM PDT",18799999979,Order,114-6209690-1261765,BK-009690,Pre-owned Biography,1,amazon.com,Seller,,,,MarketplaceFacilitator,11.99,0.84,3.99,0.28,0,0,0,0.00,0,-1.12,-3.60,0.00,0.00,0.00,12.38,Released,
"Oct 9, 2025 12:32:56 AM PDT",18799999979,Order,113-5209679-6797464,BK-009679,Pre-owned Poetry Collection,1,amazon.com,Seller,,,,MarketplaceFacilitator,5.99,0.42,3.99,0.28,0,0,0,0.00,0,-0.70,-2.70,0.00,0.00,0.00,7.28,Released,
"Oct 9, 2025 12:57:31 AM PDT",18799999979,Order,114-0209670-8662620,BK-009670,Used Paperback Lot,1,amazon.com,Seller,,,,MarketplaceFacilitator,6.99,0.49,3.99,0.28,0,0,0,0.00,0,-0.77,-2.85,0.00,0.00,0.00,8.13,Released,
"Oct 9, 2025 1:12:22 AM PDT",18799999979,Order,111-3509689-2508371,BK-009689,Antique Field Guide,1,amazon.com,Seller,,,,MarketplaceFacilitator,10.99,0.77,3.99,0.28,0,0,0,0.00,0,-1.05,-3.45,0.00,0.00,0.00,11.53,Released,
"Oct 9, 2025 2:17:01 AM PDT",18799999979,Order,114-2009685-8842739,BK-009685,Retro Biography,1,amazon.com,Seller,,,,MarketplaceFacilitator,17.99,1.26,3.99,0.28,0,0,0,0.00,0,-1.54,-4.50,0.00,0.00,0.00,17.48,Released,
"Oct 9, 2025 2:22:59 AM PDT",18799999979,Order,114-8609677-8261688,MD-009677,Vintage CD Lot,1,amazon.com,Seller,,,,MarketplaceFacilitator,6.99,0.49,3.99,0.28,0,0,0,0.00,0,-0.77,-2.85,0.00,0.00,0.00,8.13,Released,
"Oct 9, 2025 3:08:45 AM PDT",18799999979,Order,111-0809654-6587439,BK-009654,Mid-Century Hardcover Novel,1,amazon.com,Seller,,,,MarketplaceFacilitator,6.99,0.49,3.99,0.28,0,0,0,0.00,0,-0.77,-2.85,0.00,0.00,0.00,8.13,Released,
"Oct 9, 2025 4:15:11 AM PDT",18799999979,Order,111-7009674-3035305,BK-009674,Antique Poetry Collection,1,amazon.com,Seller,,,,MarketplaceFacilitator,5.99,0.42,3.99,0.28,0,0,0,0.00,0,-0.70,-2.70,0.00,0.00,0.00,7.28,Released,
"Oct 9, 2025 4:47:57 AM PDT",18799999979,Order,112-2209665-5941794,BK-009665,Classic Hardcover Novel,1,amazon.com,Seller,,,,MarketplaceFacilitator,8.99,0.63,3.99,0.28,0,0,0,0.00,0,-0.91,-3.15,0.00,0.00,0.00,9.83,Released,
"Oct 9, 2025 5:33:45 AM PDT",18799999979,Order,112-0609687-3969771,BK-009687,Mid-Century Hardcover Novel,1,amazon.com,Seller,,,,MarketplaceFacilitator,21.99,1.54,3.99,0.28,0,0,0,0.00,0,-1.82,-5.10,0.00,0.00,0.00,20.88,Released,
"Oct 9, 2025 5:34:59 AM PDT",18799999979,Order,113-1609693-8833488,CO-009693,Antique Snow Globe,1,amazon.com,Seller,,,,MarketplaceFacilitator,30.99,2.17,5.99,0.42,0,0,0,0.00,0,-2.59,-4.65,0.00,0.00,0.00,32.33,Released,
"Oct 9, 2025 7:16:04 AM PDT",18799999979,Order,114-6509669-4794866,MD-009669,Lot of 2 Blu-ray Set,1,amazon.com,Seller,,,,MarketplaceFacilitator,8.99,0.63,3.99,0.28,0,0,0,0.00,0,-0.91,-3.15,0.00,0.00,0.00,9.83,Released,
"Oct 9, 2025 8:17:38 AM PDT",18799999979,Order,111-5709662-1286855,BK-009662,Retro Paperback Lot,1,amazon.com,Seller,,,,MarketplaceFacilitator,11.99,0.84,3.99,0.28,0,0,0,0.00,0,-1.12,-3.60,0.00,0.00,0.00,12.38,Released,
"Oct 9, 2025 8:46:52 AM PDT",18799999979,Order,114-6809675-4706381,MD-009675,Retro Blu-ray Set,1,amazon.com,Seller,,,,MarketplaceFacilitator,10.99,0.77,3.99,0.28,0,0,0,0.00,0,-1.05,-3.45,0.00,0.00,0.00,11.53,Released,
"Oct 9, 2025 8:50:12 AM PDT",18799999979,Order,113-7909678-4221018,BK-009678,Pre-owned Field Guide,1,amazon.com,Seller,,,,MarketplaceFacilitator,20.99,1.47,3.99,0.28,0,0,0,0.00,0,-1.75,-4.95,0.00,0.00,0.00,20.03,Released,
"Oct 9, 2025 8:50:21 AM PDT",18799999979,Order,111-0409680-1491355,BK-009680,Antique Field Guide,1,amazon.com,Seller,,,,MarketplaceFacilitator,15.99,1.12,3.99,0.28,0,0,0,0.00,0,-1.40,-4.20,0.00,0.00,0.00,15.78,Released,
"Oct 9, 2025 9:21:32 AM PDT",18799999979,Order,114-7709653-1507042,CO-009653,Lot of 2 Trading Card Lot,1,amazon.com,Seller,,,,MarketplaceFacilitator,44.99,3.15,5.99,0.42,0,0,0,0.00,0,-3.57,-6.75,0.00,0.00,0.00,44.23,Released,
"Oct 9, 2025 9:27:46 AM PDT",18799999979,Order,114-0109663-4780407,BK-009663,Mid-Century Cookbook,1,amazon.com,Seller,,,,MarketplaceFacilitator,5.99,0.42,3.99,0.28,0,0,0,0.00,0,-0.70,-2.70,0.00,0.00,0.00,7.28,Released,
"Oct 9, 2025 9:28:30 AM PDT",18799999979,Order,113-0709651-6285554,BK-009651,Retro Biography,1,amazon.com,Seller,,,,MarketplaceFacilitator,5.99,0.42,3.99,0.28,0,0,0,0.00,0,-0.70,-2.70,0.00,0.00,0.00,7.28,Released,
"Oct 9, 2025 10:39:05 AM PDT",18799999979,Order,111-1509694-3701396,BK-009694,Vintage Textbook,1,amazon.com,Seller,,,,MarketplaceFacilitator,3.99,0.28,3.99,0.28,0,0,0,0.00,0,-0.56,-2.40,0.00,0.00,0.00,5.58,Released,
"Oct 9, 2025 12:12:17 PM PDT",18799999979,Order,114-2009672-5147734,TY-009672,Mid-Century Plush Bear,1,amazon.com,Seller,,,,MarketplaceFacilitator,22.99,1.61,5.99,0.42,0,0,0,0.00,0,-2.03,-3.45,0.00,0.00,0.00,25.53,Released,
"Oct 9, 2025 12:18:52 PM PDT",18799999979,Order,113-5809698-5952131,BK-009698,Antique Paperback Lot,1,amazon.com,Seller,,,,MarketplaceFacilitator,13.99,0.98,3.99,0.28,0,0,0,0.00,0,-1.26,-3.90,0.00,0.00,0.00,14.08,Released,
"Oct 9, 2025 12:19:08 PM PDT",18799999979,Order,111-2909655-8492331,CO-009655,Mid-Century Trading Card Lot,1,amazon.com,Seller,,,,MarketplaceFacilitator,11.99,0.84,5.99,0.42,0,0,0,0.00,0,-1.26,-1.80,0.00,0.00,0.00,16.18,Released,
"Oct 9, 2025 12:19:48 PM PDT",18799999979,Order,113-5709666-7181822,BK-009666,Like New Hardcover Novel,1,amazon.com,Seller,,,,MarketplaceFacilitator,4.99,0.35,3.99,0.28,0,0,0,0.00,0,-0.63,-2.55,0.00,0.00,0.00,6.43,Released,
"Oct 9, 2025 12:30:41 PM PDT",18799999979,Order,112-3509658-0308059,MD-009658,Pre-owned Blu-ray Set,1,amazon.com,Seller,,,,MarketplaceFacilitator,12.99,0.91,3.99,0.28,0,0,0,0.00,0,-1.19,-3.75,0.00,0.00,0.00,13.23,Released,
"Oct 9, 2025 12:48:43 PM PDT",18799999979,Order,113-3909657-9995084,MD-009657,Classic Vinyl Record,1,amazon.com,Seller,,,,MarketplaceFacilitator,34.99,2.45,3.99,0.28,0,0,0,0.00,0,-2.73,-7.05,0.00,0.00,0.00,31.93,Released,
"Oct 9, 2025 1:15:40 PM PDT",18799999979,Order,112-2109700-7225304,MD-009700,Used Vinyl Record,1,amazon.com,Seller,,,,MarketplaceFacilitator,7.99,0.56,3.99,0.28,0,0,0,0.00,0,-0.84,-3.00,0.00,0.00,0.00,8.98,Released,
"Oct 9, 2025 1:15:55 PM PDT",18799999979,Order,113-5309671-3983621,EL-009671,Like New Headphones,1,amazon.com,Seller,,,,MarketplaceFacilitator,35.99,2.52,5.99,0.42,0,0,0,0.00,0,-2.94,-5.40,0.00,0.00,0.00,36.58,Released,
"Oct 9, 2025 1:50:07 PM PDT",18799999979,Order,114-7309667-2156944,BK-009667,Used Textbook,1,amazon.com,Seller,,,,MarketplaceFacilitator,12.99,0.91,3.99,0.28,0,0,0,0.00,0,-1.19,-3.75,0.00,0.00,0.00,13.23,Released,
"Oct 9, 2025 2:14:27 PM PDT",18799999979,Order,114-2809686-8582380,BK-009686,Antique Biography,1,amazon.com,Seller,,,,MarketplaceFacilitator,29.99,2.10,3.99,0.28,0,0,0,0.00,0,-2.38,-6.30,0.00,0.00,0.00,27.68,Released,
"Oct 9, 2025 3:02:47 PM PDT",18799999979,Order,112-5409652-6665756,BK-009652,Vintage Field Guide,1,amazon.com,Seller,,,,MarketplaceFacilitator,10.99,0.77,3.99,0.28,0,0,0,0.00,0,-1.05,-3.45,0.00,0.00,0.00,11.53,Released,
"Oct 9, 2025 3:18:42 PM PDT",18799999979,Order,114-0809681-9947731,MD-009681,Classic DVD Box Set,1,amazon.com,Seller,,,,MarketplaceFacilitator,11.99,0.84,3.99,0.28,0,0,0,0.00,0,-1.12,-3.60,0.00,0.00,0.00,12.38,Released,
"Oct 9, 2025 3:29:27 PM PDT",18799999979,Order,112-1309659-8979411,BK-009659,Vintage Field Guide,1,amazon.com,Seller,,,,MarketplaceFacilitator,3.99,0.28,3.99,0.28,0,0,0,0.00,0,-0.56,-2.40,0.00,0.00,0.00,5.58,Released,
"Oct 9, 2025 4:06:29 PM PDT",18799999979,Order,114-3109699-3545651,BK-009699,Used Field Guide,1,amazon.com,Seller,,,,MarketplaceFacilitator,12.99,0.91,3.99,0.28,0,0,0,0.00,0,-1.19,-3.75,0.00,0.00,0.00,13.23,Released,
"Oct 9, 2025 4:59:58 PM PDT",18799999979,Order,113-9009661-6742089,BK-009661,Vintage Textbook,1,amazon.com,Seller,,,,MarketplaceFacilitator,3.99,0.28,3.99,0.28,0,0,0,0.00,0,-0.56,-2.40,0.00,0.00,0.00,5.58,Released,
"Oct 9, 2025 6:11:39 PM PDT",18799999979,Order,112-3309684-0860099,BK-009684,Lot of 2 Paperback Lot,1,amazon.com,Seller,,,,MarketplaceFacilitator,16.99,1.19,3.99,0.28,0,0,0,0.00,0,-1.47,-4.35,0.00,0.00,0.00,16.63,Released,
"Oct 9, 2025 6:22:10 PM PDT",18799999979,Order,112-1109664-8339104,BK-009664,Lot of 2 Hardcover Novel,1,amazon.com,Seller,,,,MarketplaceFacilitator,8.99,0.63,3.99,0.28,0,0,0,0.00,0,-0.91,-3.15,0.00,0.00,0.00,9.83,Released,
"Oct 9, 2025 6:25:18 PM PDT",18799999979,Order,112-0309696-4546033,BK-009696,Classic Poetry Collection,1,amazon.com,Seller,,,,MarketplaceFacilitator,11.99,0.84,3.99,0.28,0,0,0,0.00,0,-1.12,-3.60,0.00,0.00,0.00,12.38,Released,
"Oct 9, 2025 6:39:26 PM PDT",18799999979,Order,111-1709697-4696134,TY-009697,Like New Lego Lot,1,amazon.com,Seller,,,,MarketplaceFacilitator,11.99,0.84,5.99,0.42,0,0,0,0.00,0,-1.26,-1.80,0.00,0.00,0.00,16.18,Released,
"Oct 9, 2025 6:43:13 PM PDT",18799999979,Order,111-4209660-3658672,MD-009660,Lot of 2 Blu-ray Set,1,amazon.com,Seller,,,,MarketplaceFacilitator,11.99,0.84,3.99,0.28,0,0,0,0.00,0,-1.12,-3.60,0.00,0.00,0.00,12.38,Released,
"Oct 9, 2025 7:07:24 PM PDT",18799999979,Order,111-5709683-4243196,BK-009683,Handmade Field Guide,1,amazon.com,Seller,,,,MarketplaceFacilitator,27.99,1.96,3.99,0.28,0,0,0,0.00,0,-2.24,-6.00,0.00,0.00,0.00,25.98,Released,
"Oct 9, 2025 7:10:53 PM PDT",18799999979,Order,113-3109682-6150545,BK-009682,Pre-owned Biography,1,amazon.com,Seller,,,,MarketplaceFacilitator,28.99,2.03,3.99,0.28,0,0,0,0.00,0,-2.31,-6.15,0.00,0.00,0.00,26.83,Released,
"Oct 9, 2025 7:47:17 PM PDT",18799999979,Order,114-3109695-6634773,BK-009695,Lot of 2 Paperback Lot,1,amazon.com,Seller,,,,MarketplaceFacilitator,17.99,1.26,3.99,0.28,0,0,0,0.00,0,-1.54,-4.50,0.00,0.00,0.00,17.48,Released,
"Oct 9, 2025 7:56:40 PM PDT",18799999979,Order,114-2409668-4584751,BK-009668,Lot of 2 Atlas,1,amazon.com,Seller,,,,MarketplaceFacilitator,28.99,2.03,3.99,0.28,0,0,0,0.00,0,-2.31,-6.15,0.00,0.00,0.00,26.83,Released,
"Oct 9, 2025 8:53:03 PM PDT",18799999979,Order,113-5809673-9869348,BK-009673,Pre-owned Hardcover Novel,1,amazon.com,Seller,,,,MarketplaceFacilitator,12.99,0.91,3.99,0.28,0,0,0,0.00,0,-1.19,-3.75,0.00,0.00,0.00,13.23,Released,
"Oct 9, 2025 8:59:59 PM PDT",18799999979,Refund,113-3109682-6150545,BK-009682,Pre-owned Biography,1,amazon.com,Seller,,,,MarketplaceFacilitator,-28.99,-2.03,-3.99,-0.28,0,0,0,0.00,0,2.31,4.92,0.00,0.00,0.00,-28.06,Released,
"Oct 9, 2025 8:59:59 PM PDT",18799999979,Refund,114-3109695-6634773,BK-009695,Lot of 2 Paperback Lot,1,amazon.com,Seller,,,,MarketplaceFacilitator,-17.99,-1.26,-3.99,-0.28,0,0,0,0.00,0,1.54,3.60,0.00,0.00,0.00,-18.38,Released,
"Oct 9, 2025 10:25:26 PM PDT",18799999979,Order,112-0109833-7341403,BK-009833,Retro Atlas,1,amazon.com,Seller,,,,MarketplaceFacilitator,7.99,0.56,3.99,0.28,0,0,0,0.00,0,-0.84,-3.00,0.00,0.00,0.00,8.98,Released,
"Oct 10, 2025 12:50:49 AM PDT",18799999979,Order,112-1609819-7487863,CO-009819,Classic Coin Lot,1,amazon.com,Seller,,,,MarketplaceFacilitator,29.99,2.10,5.99,0.42,0,0,0,0.00,0,-2.52,-4.50,0.00,0.00,0.00,31.48,Released,
"Oct 10, 2025 1:30:25 AM PDT",18799999979,Order,113-9909816-0239699,BK-009816,Like New Biography,1,amazon.com,Seller,,,,MarketplaceFacilitator,8.99,0.63,3.99,0.28,0,0,0,0.00,0,-0.91,-3.15,0.00,0.00,0.00,9.83,Released,
"Oct 10, 2025 1:35:47 AM PDT",18799999979,Order,111-2209845-2239101,MD-009845,Antique Audiobook,1,amazon.com,Seller,,,,MarketplaceFacilitator,2.99,0.21,3.99,0.28,0,0,0,0.00,0,-0.49,-2.25,0.00,0.00,0.00,4.73,Released,
"Oct 10, 2025 1:37:22 AM PDT",18799999979,Order,112-7809846-2454266,BK-009846,Handmade Hardcover Novel,1,amazon.com,Seller,,,,MarketplaceFacilitator,16.99,1.19,3.99,0.28,0,0,0,0.00,0,-1.47,-4.35,0.00,0.00,0.00,16.63,Released,
"Oct 10, 2025 3:08:20 AM PDT",18799999979,Order,111-6709830-4637917,MD-009830,Used CD Lot,1,amazon.com,Seller,,,,MarketplaceFacilitator,5.99,0.42,3.99,0.28,0,0,0,0.00,0,-0.70,-2.70,0.00,0.00,0.00,7.28,Released,
"Oct 10, 2025 3:40:25 AM PDT",18799999979,Order,113-7309837-9123468,BK-009837,Classic Biography,1,amazon.com,Seller,,,,MarketplaceFacilitator,17.99,1.26,3.99,0.28,0,0,0,0.00,0,-1.54,-4.50,0.00,0.00,0.00,17.48,Released,
"Oct 10, 2025 4:44:38 AM PDT",18799999979,Order,113-5809843-1645568,BK-009843,Classic Textbook,1,amazon.com,Seller,,,,MarketplaceFacilitator,7.99,0.56,3.99,0.28,0,0,0,0.00,0,-0.84,-3.00,0.00,0.00,0.00,8.98,Released,
"Oct 10, 2025 4:51:17 AM PDT",18799999979,Order,111-0609853-8320066,MD-009853,Retro CD Lot,1,amazon.com,Seller,,,,MarketplaceFacilitator,15.99,1.12,3.99,0.28,0,0,0,0.00,0,-1.40,-4.20,0.00,0.00,0.00,15.78,Released,
"Oct 10, 2025 5:10:37 AM PDT",18799999979,Order,111-9709822-5226064,MD-009822,Retro CD Lot,1,amazon.com,Seller,,,,MarketplaceFacilitator,13.99,0.98,3.99,0.28,0,0,0,0.00,0,-1.26,-3.90,0.00,0.00,0.00,14.08,Released,
"Oct 10, 2025 5:35:58 AM PDT",18799999979,Order,113-9309858-3530974,BK-009858,Mid-Century Cookbook,1,amazon.com,Seller,,,,MarketplaceFacilitator,5.99,0.42,3.99,0.28,0,0,0,0.00,0,-0.70,-2.70,0.00,0.00,0.00,7.28,Released,
"Oct 10, 2025 5:53:31 AM PDT",18799999979,Order,111-7409821-4255182,BK-009821,Antique Poetry Collection,1,amazon.com,Seller,,,,MarketplaceFacilitator,9.99,0.70,3.99,0.28,0,0,0,0.00,0,-0.98,-3.30,0.00,0.00,0.00,10.68,Released,
"Oct 10, 2025 6:46:17 AM PDT",18799999979,Order,114-5709840-2890159,BK-009840,Classic Field Guide,1,amazon.com,Seller,,,,MarketplaceFacilitator,2.99,0.21,3.99,0.28,0,0,0,0.00,0,-0.49,-2.25,0.00,0.00,0.00,4.73,Released,
"Oct 10, 2025 6:47:18 AM PDT",18799999979,Order,111-6709841-5894865,MD-009841,Classic Blu-ray Set,1,amazon.com,Seller,,,,MarketplaceFacilitator,15.99,1.12,3.99,0.28,0,0,0,0.00,0,-1.40,-4.20,0.00,0.00,0.00,15.78,Released,
"Oct 10, 2025 7:21:08 AM PDT",18799999979,Order,111-4109815-4113932,MD-009815,Used Audiobook,1,amazon.com,Seller,,,,MarketplaceFacilitator,19.99,1.40,3.99,0.28,0,0,0,0.00,0,-1.68,-4.80,0.00,0.00,0.00,19.18,Released,
"Oct 10, 2025 8:30:53 AM PDT",18799999979,Order,113-0309827-1571707,BK-009827,Used Atlas,1,amazon.com,Seller,,,,MarketplaceFacilitator,7.99,0.56,3.99,0.28,0,0,0,0.00,0,-0.84,-3.00,0.00,0.00,0.00,8.98,Released,
"Oct 10, 2025 8:58:51 AM PDT",18799999979,Order,113-4609854-3239107,BK-009854,Used Poetry Collection,1,amazon.com,Seller,,,,MarketplaceFacilitator,6.99,0.49,3.99,0.28,0,0,0,0.00,0,-0.77,-2.85,0.00,0.00,0.00,8.13,Released,
"Oct 10, 2025 8:59:17 AM PDT",18799999979,Order,113-5809814-6123058,BK-009814,Used Paperback Lot,1,amazon.com,Seller,,,,MarketplaceFacilitator,19.99,1.40,3.99,0.28,0,0,0,0.00,0,-1.68,-4.80,0.00,0.00,0.00,19.18,Released,
"Oct 10, 2025 9:55:39 AM PDT",18799999979,Order,113-3309848-6889920,BK-009848,Retro Biography,1,amazon.com,Seller,,,,MarketplaceFacilitator,5.99,0.42,3.99,0.28,0,0,0,0.00,0,-0.70,-2.70,0.00,0.00,0.00,7.28,Released,
"Oct 10, 2025 10:22:08 AM PDT",18799999979,Order,113-4809850-3298500,EL-009850,Classic Game Console,1,amazon.com,Seller,,,,MarketplaceFacilitator,19.99,1.40,5.99,0.42,0,0,0,0.00,0,-1.82,-3.00,0.00,0.00,0.00,22.98,Released,
"Oct 10, 2025 10:48:08 AM PDT",18799999979,Order,113-6909849-2742640,MD-009849,Mid-Century Audiobook,1,amazon.com,Seller,,,,MarketplaceFacilitator,21.99,1.54,3.99,0.28,0,0,0,0.00,0,-1.82,-5.10,0.00,0.00,0.00,20.88,Released,
"Oct 10, 2025 11:28:26 AM PDT",18799999979,Order,112-9909824-1325855,BK-009824,Handmade Paperback Lot,1,amazon.com,Seller,,,,MarketplaceFacilitator,4.99,0.35,3.99,0.28,0,0,0,0.00,0,-0.63,-2.55,0.00,0.00,0.00,6.43,Released,
"Oct 10, 2025 11:29:07 AM PDT",18799999979,Order,113-5609828-8885794,BK-009828,Classic Cookbook,1,amazon.com,Seller,,,,MarketplaceFacilitator,10.99,0.77,3.99,0.28,0,0,0,0.00,0,-1.05,-3.45,0.00,0.00,0.00,11.53,Released,
"Oct 10, 2025 11:29:27 AM PDT",18799999979,Order,111-5609820-8016797,BK-009820,Used Atlas,1,amazon.com,Seller,,,,MarketplaceFacilitator,14.99,1.05,3.99,0.28,0,0,0,0.00,0,-1.33,-4.05,0.00,0.00,0.00,14.93,Released,
"Oct 10, 2025 11:51:36 AM PDT",18799999979,Order,112-1309847-9140497,EL-009847,Vintage Headphones,1,amazon.com,Seller,,,,MarketplaceFacilitator,49.99,3.50,5.99,0.42,0,0,0,0.00,0,-3.92,-7.50,0.00,0.00,0.00,48.48,Released,
"Oct 10, 2025 12:21:37 PM PDT",18799999979,Order,113-4809832-3921614,BK-009832,Retro Cookbook,1,amazon.com,Seller,,,,MarketplaceFacilitator,22.99,1.61,3.99,0.28,0,0,0,0.00,0,-1.89,-5.25,0.00,0.00,0.00,21.73,Released,
"Oct 10, 2025 12:30:59 PM PDT",18799999979,Order,113-0309838-3234057,BK-009838,Vintage Poetry Collection,1,amazon.com,Seller,,,,MarketplaceFacilitator,20.99,1.47,3.99,0.28,0,0,0,0.00,0,-1.75,-4.95,0.00,0.00,0.00,20.03,Released,
"Oct 10, 2025 1:06:46 PM PDT",18799999979,Order,113-8609817-4027418,BK-009817,Lot of 2 Cookbook,1,amazon.com,Seller,,,,MarketplaceFacilitator,5.99,0.42,3.99,0.28,0,0,0,0.00,0,-0.70,-2.70,0.00,0.00,0.00,7.28,Released,
"Oct 10, 2025 2:13:21 PM PDT",18799999979,Order,111-0809851-2135970,BK-009851,Classic Biography,1,amazon.com,Seller,,,,MarketplaceFacilitator,5.99,0.42,3.99,0.28,0,0,0,0.00,0,-0.70,-2.70,0.00,0.00,0.00,7.28,Released,
"Oct 10, 2025 2:23:21 PM PDT",18799999979,Order,111-1509842-9776813,MD-009842,Mid-Century Audiobook,1,amazon.com,Seller,,,,MarketplaceFacilitator,18.99,1.33,3.99,0.28,0,0,0,0.00,0,-1.61,-4.65,0.00,0.00,0.00,18.33,Released,
"Oct 10, 2025 2:30:44 PM PDT",18799999979,Order,111-1409834-8537367,MD-009834,Handmade Blu-ray Set,1,amazon.com,Seller,,,,MarketplaceFacilitator,7.99,0.56,3.99,0.28,0,0,0,0.00,0,-0.84,-3.00,0.00,0.00,0.00,8.98,Released,
"Oct 10, 2025 2:53:56 PM PDT",18799999979,Order,111-4209823-8231907,BK-009823,Pre-owned Paperback Lot,1,amazon.com,Seller,,,,MarketplaceFacilitator,27.99,1.96,3.99,0.28,0,0,0,0.00,0,-2.24,-6.00,0.00,0.00,0.00,25.98,Released,
"Oct 10, 2025 3:19:30 PM PDT",18799999979,Order,111-7309839-0429087,BK-009839,Handmade Cookbook,1,amazon.com,Seller,,,,MarketplaceFacilitator,7.99,0.56,3.99,0.28,0,0,0,0.00,0,-0.84,-3.00,0.00,0.00,0.00,8.98,Released,
"Oct 10, 2025 3:22:09 PM PDT",18799999979,Order,111-5209829-2636214,BK-009829,Like New Atlas,1,amazon.com,Seller,,,,MarketplaceFacilitator,14.99,1.05,3.99,0.28,0,0,0,0.00,0,-1.33,-4.05,0.00,0.00,0.00,14.93,Released,
"Oct 10, 2025 3:38:52 PM PDT",18799999979,Order,111-2609825-8063415,BK-009825,Used Textbook,1,amazon.com,Seller,,,,MarketplaceFacilitator,7.99,0.56,3.99,0.28,0,0,0,0.00,0,-0.84,-3.00,0.00,0.00,0.00,8.98,Released,
"Oct 10, 2025 3:42:13 PM PDT",18799999979,Order,111-6909844-7036231,BK-009844,Lot of 2 Textbook,1,amazon.com,Seller,,,,MarketplaceFacilitator,13.99,0.98,3.99,0.28,0,0,0,0.00,0,-1.26,-3.90,0.00,0.00,0.00,14.08,Released,
"Oct 10, 2025 4:20:56 PM PDT",18799999979,Order,114-6009818-7024707,BK-009818,Antique Textbook,1,amazon.com,Seller,,,,MarketplaceFacilitator,5.99,0.42,3.99,0.28,0,0,0,0.00,0,-0.70,-2.70,0.00,0.00,0.00,7.28,Released,
"Oct 10, 2025 4:22:12 PM PDT",18799999979,Order,112-7009826-3178739,BK-009826,Used Textbook,1,amazon.com,Seller,,,,MarketplaceFacilitator,25.99,1.82,3.99,0.28,0,0,0,0.00,0,-2.10,-5.70,0.00,0.00,0.00,24.28,Released,
"Oct 10, 2025 4:33:22 PM PDT",18799999979,Order,114-2609836-3735850,BK-009836,Used Atlas,1,amazon.com,Seller,,,,MarketplaceFacilitator,14.99,1.05,3.99,0.28,0,0,0,0.00,0,-1.33,-4.05,0.00,0.00,0.00,14.93,Released,
"Oct 10, 2025 5:46:00 PM PDT",18799999979,Order,112-9309831-9926844,MD-009831,Vintage CD Lot,1,amazon.com,Seller,,,,MarketplaceFacilitator,9.99,0.70,3.99,0.28,0,0,0,0.00,0,-0.98,-3.30,0.00,0.00,0.00,10.68,Released,
"Oct 10, 2025 5:58:07 PM PDT",18799999979,Order,111-6309856-2795884,BK-009856,Pre-owned Cookbook,1,amazon.com,Seller,,,,MarketplaceFacilitator,14.99,1.05,3.99,0.28,0,0,0,0.00,0,-1.33,-4.05,0.00,0.00,0.00,14.93,Released,
"Oct 10, 2025 6:28:09 PM PDT",18799999979,Order,112-6009857-7552226,BK-009857,Used Atlas,1,amazon.com,Seller,,,,MarketplaceFacilitator,10.99,0.77,3.99,0.28,0,0,0,0.00,0,-1.05,-3.45,0.00,0.00,0.00,11.53,Released,
"Oct 10, 2025 6:43:38 PM PDT",18799999979,Order,114-3109855-2761221,BK-009855,Retro Textbook,1,amazon.com,Seller,,,,MarketplaceFacilitator,8.99,0.63,3.99,0.28,0,0,0,0.00,0,-0.91,-3.15,0.00,0.00,0.00,9.83,Released,
"Oct 10, 2025 8:01:29 PM PDT",18799999979,Order,112-8409852-8806199,BK-009852,Used Cookbook,1,amazon.com,Seller,,,,MarketplaceFacilitator,10.99,0.77,3.99,0.28,0,0,0,0.00,0,-1.05,-3.45,0.00,0.00,0.00,11.53,Released,
"Oct 10, 2025 8:03:04 PM PDT",18799999979,Order,114-0709835-5153806,CO-009835,Lot of 2 Pewter Mug,1,amazon.com,Seller,,,,MarketplaceFacilitator,20.99,1.47,5.99,0.42,0,0,0,0.00,0,-1.89,-3.15,0.00,0.00,0.00,23.83,Released,
"Oct 10, 2025 9:01:12 PM PDT",18799999979,Order,111-7009985-0860178,BK-009985,Like New Poetry Collection,1,amazon.com,Seller,,,,MarketplaceFacilitator,7.99,0.56,3.99,0.28,0,0,0,0.00,0,-0.84,-3.00,0.00,0.00,0.00,8.98,Released,
"Oct 11, 2025 1:39:45 AM PDT",18799999979,Order,114-6609999-1912785,TY-009999,Pre-owned Board Game,1,amazon.com,Seller,,,,MarketplaceFacilitator,61.99,4.34,5.99,0.42,0,0,0,0.00,0,-4.76,-9.30,0.00,0.00,0.00,58.68,Released,
"Oct 11, 2025 1:49:26 AM PDT",18799999979,Order,111-3209975-8865168,BK-009975,Used Field Guide,1,amazon.com,Seller,,,,MarketplaceFacilitator,16.99,1.19,3.99,0.28,0,0,0,0.00,0,-1.47,-4.35,0.00,0.00,0.00,16.63,Released,
"Oct 11, 2025 2:33:43 AM PDT",18799999979,Order,111-3009974-0800269,MD-009974,Pre-owned Audiobook,1,amazon.com,Seller,,,,MarketplaceFacilitator,16.99,1.19,3.99,0.28,0,0,0,0.00,0,-1.47,-4.35,0.00,0.00,0.00,16.63,Released,
"Oct 11, 2025 3:01:55 AM PDT",18799999979,Order,112-5309966-3419783,BK-009966,Antique Poetry Collection,1,amazon.com,Seller,,,,MarketplaceFacilitator,9.99,0.70,3.99,0.28,0,0,0,0.00,0,-0.98,-3.30,0.00,0.00,0.00,10.68,Released,
"Oct 11, 2025 3:14:23 AM PDT",18799999979,Order,114-0509991-8498101,BK-009991,Retro Cookbook,1,amazon.com,Seller,,,,MarketplaceFacilitator,8.99,0.63,3.99,0.28,0,0,0,0.00,0,-0.91,-3.15,0.00,0.00,0.00,9.83,Released,
"Oct 11, 2025 3:43:52 AM PDT",18799999979,Order,113-7009997-4368972,TY-009997,Used Board Game,1,amazon.com,Seller,,,,MarketplaceFacilitator,13.99,0.98,5.99,0.42,0,0,0,0.00,0,-1.40,-2.10,0.00,0.00,0.00,17.88,Released,
"Oct 11, 2025 4:12:00 AM PDT",18799999979,Order,111-2909984-9937459,MD-009984,Lot of 2 Blu-ray Set,1,amazon.com,Seller,,,,MarketplaceFacilitator,12.99,0.91,3.99,0.28,0,0,0,0.00,0,-1.19,-3.75,0.00,0.00,0.00,13.23,Released,
"Oct 11, 2025 5:27:55 AM PDT",18799999979,Order,112-9209986-9361842,MD-009986,Used Audiobook,1,amazon.com,Seller,,,,MarketplaceFacilitator,26.99,1.89,3.99,0.28,0,0,0,0.00,0,-2.17,-5.85,0.00,0.00,0.00,25.13,Released,
"Oct 11, 2025 5:47:34 AM PDT",18799999979,Order,113-1309982-6936055,CO-009982,Used Figurine,1,amazon.com,Seller,,,,MarketplaceFacilitator,26.99,1.89,5.99,0.42,0,0,0,0.00,0,-2.31,-4.05,0.00,0.00,0.00,28.93,Released,
"Oct 11, 2025 5:57:13 AM PDT",18799999979,Order,111-9209983-6855668,BK-009983,Like New Cookbook,1,amazon.com,Seller,,,,MarketplaceFacilitator,21.99,1.54,3.99,0.28,0,0,0,0.00,0,-1.82,-5.10,0.00,0.00,0.00,20.88,Released,
"Oct 11, 2025 6:32:22 AM PDT",18799999979,Order,113-1309989-0960788,BK-009989,Antique Textbook,1,amazon.com,Seller,,,,MarketplaceFacilitator,14.99,1.05,3.99,0.28,0,0,0,0.00,0,-1.33,-4.05,0.00,0.00,0.00,14.93,Released,
"Oct 11, 2025 7:03:46 AM PDT",18799999979,Order,112-0209980-9158574,BK-009980,Retro Cookbook,1,amazon.com,Seller,,,,MarketplaceFacilitator,18.99,1.33,3.99,0.28,0,0,0,0.00,0,-1.61,-4.65,0.00,0.00,0.00,18.33,Released,
"Oct 11, 2025 7:37:19 AM PDT",18799999979,Order,111-5809992-0358484,BK-009992,Like New Field Guide,1,amazon.com,Seller,,,,MarketplaceFacilitator,9.99,0.70,3.99,0.28,0,0,0,0.00,0,-0.98,-3.30,0.00,0.00,0.00,10.68,Released,
"Oct 11, 2025 8:20:16 AM PDT",18799999979,Order,111-9809973-1654482,TY-009973,Antique Board Game,1,amazon.com,Seller,,,,MarketplaceFacilitator,16.99,1.19,5.99,0.42,0,0,0,0.00,0,-1.61,-2.55,0.00,0.00,0.00,20.43,Released,
"Oct 11, 2025 9:08:55 AM PDT",18799999979,Order,113-7009963-3078808,BK-009963,Mid-Century Atlas,1,amazon.com,Seller,,,,MarketplaceFacilitator,7.99,0.56,3.99,0.28,0,0,0,0.00,0,-0.84,-3.00,0.00,0.00,0.00,8.98,Released,
"Oct 11, 2025 9:11:54 AM PDT",18799999979,Order,112-3309960-8147427,BK-009960,Like New Biography,1,amazon.com,Seller,,,,MarketplaceFacilitator,30.99,2.17,3.99,0.28,0,0,0,0.00,0,-2.45,-6.45,0.00,0.00,0.00,28.53,Released,
"Oct 11, 2025 9:42:56 AM PDT",18799999979,Order,113-1609995-8260454,BK-009995,Used Cookbook,1,amazon.com,Seller,,,,MarketplaceFacilitator,12.99,0.91,3.99,0.28,0,0,0,0.00,0,-1.19,-3.75,0.00,0.00,0.00,13.23,Released,
"Oct 11, 2025 9:51:25 AM PDT",18799999979,Order,113-4309956-0781360,BK-009956,Used Poetry Collection,1,amazon.com,Seller,,,,MarketplaceFacilitator,12.99,0.91,3.99,0.28,0,0,0,0.00,0,-1.19,-3.75,0.00,0.00,0.00,13.23,Released,
"Oct 11, 2025 10:17:03 AM PDT",18799999979,Order,113-6409971-3649765,MD-009971,Used CD Lot,1,amazon.com,Seller,,,,MarketplaceFacilitator,9.99,0.70,3.99,0.28,0,0,0,0.00,0,-0.98,-3.30,0.00,0.00,0.00,10.68,Released,
"Oct 11, 2025 10:50:05 AM PDT",18799999979,Order,114-5109961-4806555,BK-009961,Vintage Cookbook,1,amazon.com,Seller,,,,MarketplaceFacilitator,15.99,1.12,3.99,0.28,0,0,0,0.00,0,-1.40,-4.20,0.00,0.00,0.00,15.78,Released,
"Oct 11, 2025 11:54:45 AM PDT",18799999979,Order,113-8309967-6992991,MD-009967,Lot of 2 DVD Box Set,1,amazon.com,Seller,,,,MarketplaceFacilitator,15.99,1.12,3.99,0.28,0,0,0,0.00,0,-1.40,-4.20,0.00,0.00,0.00,15.78,Released,
"Oct 11, 2025 12:56:28 PM PDT",18799999979,Refund,113-1609995-8260454,BK-009995,Used Cookbook,1,amazon.com,Seller,,,,MarketplaceFacilitator,-12.99,-0.91,-3.99,-0.28,0,0,0,0.00,0,1.19,3.00,0.00,0.00,0.00,-13.98,Released,
"Oct 11, 2025 1:05:51 PM PDT",18799999979,Order,111-1009970-5995808,BK-009970,Like New Paperback Lot,1,amazon.com,Seller,,,,MarketplaceFacilitator,18.99,1.33,3.99,0.28,0,0,0,0.00,0,-1.61,-4.65,0.00,0.00,0.00,18.33,Released,
"Oct 11, 2025 1:06:23 PM PDT",18799999979,Order,113-9209962-0269822,BK-009962,Vintage Cookbook,1,amazon.com,Seller,,,,MarketplaceFacilitator,8.99,0.63,3.99,0.28,0,0,0,0.00,0,-0.91,-3.15,0.00,0.00,0.00,9.83,Released,
"Oct 11, 2025 1:08:59 PM PDT",18799999979,Order,112-5609978-3051300,BK-009978,Like New Field Guide,1,amazon.com,Seller,,,,MarketplaceFacilitator,16.99,1.19,3.99,0.28,0,0,0,0.00,0,-1.47,-4.35,0.00,0.00,0.00,16.63,Released,
"Oct 11, 2025 1:20:44 PM PDT",18799999979,Order,113-2509998-3856003,BK-009998,Antique Textbook,1,amazon.com,Seller,,,,MarketplaceFacilitator,13.99,0.98,3.99,0.28,0,0,0,0.00,0,-1.26,-3.90,0.00,0.00,0.00,14.08,Released,
"Oct 11, 2025 1:43:34 PM PDT",18799999979,Order,114-4309981-8656587,MD-009981,Pre-owned Audiobook,1,amazon.com,Seller,,,,MarketplaceFacilitator,13.99,0.98,3.99,0.28,0,0,0,0.00,0,-1.26,-3.90,0.00,0.00,0.00,14.08,Released,
"Oct 11, 2025 1:58:36 PM PDT",18799999979,Order,111-0309969-1384288,BK-009969,Retro Hardcover Novel,1,amazon.com,Seller,,,,MarketplaceFacilitator,4.99,0.35,3.99,0.28,0,0,0,0.00,0,-0.63,-2.55,0.00,0.00,0.00,6.43,Released,
"Oct 11, 2025 2:09:50 PM PDT",18799999979,Order,112-5409964-9611104,BK-009964,Mid-Century Field Guide,1,amazon.com,Seller,,,,MarketplaceFacilitator,13.99,0.98,3.99,0.28,0,0,0,0.00,0,-1.26,-3.90,0.00,0.00,0.00,14.08,Released,
"Oct 11, 2025 2:50:06 PM PDT",18799999979,Order,112-6709965-3651618,EL-009965,Retro Film Camera,1,amazon.com,Seller,,,,MarketplaceFacilitator,38.99,2.73,5.99,0.42,0,0,0,0.00,0,-3.15,-5.85,0.00,0.00,0.00,39.13,Released,
"Oct 11, 2025 3:18:46 PM PDT",18799999979,Order,114-9909996-3176079,BK-009996,Handmade Paperback Lot,1,amazon.com,Seller,,,,MarketplaceFacilitator,16.99,1.19,3.99,0.28,0,0,0,0.00,0,-1.47,-4.35,0.00,0.00,0.00,16.63,Released,
"Oct 11, 2025 3:20:09 PM PDT",18799999979,Order,114-6109957-1376650,EL-009957,Pre-owned Film Camera,1,amazon.com,Seller,,,,MarketplaceFacilitator,20.99,1.47,5.99,0.42,0,0,0,0.00,0,-1.89,-3.15,0.00,0.00,0.00,23.83,Released,
"Oct 11, 2025 4:40:53 PM PDT",18799999979,Order,114-7909987-9876888,BK-009987,Lot of 2 Poetry Collection,1,amazon.com,Seller,,,,MarketplaceFacilitator,7.99,0.56,3.99,0.28,0,0,0,0.00,0,-0.84,-3.00,0.00,0.00,0.00,8.98,Released,
"Oct 11, 2025 6:28:25 PM PDT",18799999979,Order,114-3909994-4543297,BK-009994,Pre-owned Hardcover Novel,1,amazon.com,Seller,,,,MarketplaceFacilitator,9.99,0.70,3.99,0.28,0,0,0,0.00,0,-0.98,-3.30,0.00,0.00,0.00,10.68,Released,
"Oct 11, 2025 6:42:48 PM PDT",18799999979,Order,112-3709968-2290439,BK-009968,Like New Paperback Lot,1,amazon.com,Seller,,,,MarketplaceFacilitator,8.99,0.63,3.99,0.28,0,0,0,0.00,0,-0.91,-3.15,0.00,0.00,0.00,9.83,Released,
"Oct 11, 2025 7:09:22 PM PDT",18799999979,Order,114-9209977-0488500,BK-009977,Vintage Paperback Lot,1,amazon.com,Seller,,,,MarketplaceFacilitator,9.99,0.70,3.99,0.28,0,0,0,0.00,0,-0.98,-3.30,0.00,0.00,0.00,10.68,Released,
"Oct 11, 2025 7:22:20 PM PDT",18799999979,Order,114-1509972-5923501,BK-009972,Antique Atlas,1,amazon.com,Seller,,,,MarketplaceFacilitator,4.99,0.35,3.99,0.28,0,0,0,0.00,0,-0.63,-2.55,0.00,0.00,0.00,6.43,Released,
"Oct 11, 2025 7:39:38 PM PDT",18799999979,Order,113-1109979-5701100,CO-009979,Pre-owned Pewter Mug,1,amazon.com,Seller,,,,MarketplaceFacilitator,16.99,1.19,5.99,0.42,0,0,0,0.00,0,-1.61,-2.55,0.00,0.00,0.00,20.43,Released,
"Oct 11, 2025 8:01:46 PM PDT",18799999979,Order,112-8809976-6074985,MD-009976,Like New Blu-ray Set,1,amazon.com,Seller,,,,MarketplaceFacilitator,11.99,0.84,3.99,0.28,0,0,0,0.00,0,-1.12,-3.60,0.00,0.00,0.00,12.38,Released,
"Oct 11, 2025 8:05:02 PM PDT",18799999979,Order,113-7209958-7183063,BK-009958,Handmade Hardcover Novel,1,amazon.com,Seller,,,,MarketplaceFacilitator,11.99,0.84,3.99,0.28,0,0,0,0.00,0,-1.12,-3.60,0.00,0.00,0.00,12.38,Released,
"Oct 11, 2025 8:19:38 PM PDT",18799999979,Order,112-0509959-5290182,MD-009959,Like New Blu-ray Set,1,amazon.com,Seller,,,,MarketplaceFacilitator,13.99,0.98,3.99,0.28,0,0,0,0.00,0,-1.26,-3.90,0.00,0.00,0.00,14.08,Released,
"Oct 11, 2025 8:33:50 PM PDT",18799999979,Order,113-2009993-2663940,BK-009993,Handmade Paperback Lot,1,amazon.com,Seller,,,,MarketplaceFacilitator,20.99,1.47,3.99,0.28,0,0,0,0.00,0,-1.75,-4.95,0.00,0.00,0.00,20.03,Released,
"Oct 11, 2025 8:54:09 PM PDT",18799999979,Order,112-0009990-0855785,MD-009990,Lot of 2 Audiobook,1,amazon.com,Seller,,,,MarketplaceFacilitator,17.99,1.26,3.99,0.28,0,0,0,0.00,0,-1.54,-4.50,0.00,0.00,0.00,17.48,Released,
"Oct 11, 2025 8:54:46 PM PDT",18799999979,Order,114-8909988-5311822,MD-009988,Classic DVD Box Set,1,amazon.com,Seller,,,,MarketplaceFacilitator,9.99,0.70,3.99,0.28,0,0,0,0.00,0,-0.98,-3.30,0.00,0.00,0.00,10.68,Released,
"Oct 11, 2025 9:40:48 PM PDT",18799999979,Order,114-7910111-5051517,MD-010111,Lot of 2 Audiobook,1,amazon.com,Seller,,,,MarketplaceFacilitator,9.99,0.70,3.99,0.28,0,0,0,0.00,0,-0.98,-3.30,0.00,0.00,0.00,10.68,Released,
"Oct 11, 2025 10:01:45 PM PDT",18799999979,Order,113-2410108-9211179,MD-010108,Classic Vinyl Record,1,amazon.com,Seller,,,,MarketplaceFacilitator,22.99,1.61,3.99,0.28,0,0,0,0.00,0,-1.89,-5.25,0.00,0.00,0.00,21.73,Released,
"Oct 12, 2025 12:09:51 AM PDT",18799999979,Order,114-1010159-1136147,BK-010159,Vintage Field Guide,1,amazon.com,Seller,,,,MarketplaceFacilitator,15.99,1.12,3.99,0.28,0,0,0,0.00,0,-1.40,-4.20,0.00,0.00,0.00,15.78,Released,
"Oct 12, 2025 1:36:17 AM PDT",18799999979,Order,114-4110134-8952499,BK-010134,Handmade Paperback Lot,1,amazon.com,Seller,,,,MarketplaceFacilitator,5.99,0.42,3.99,0.28,0,0,0,0.00,0,-0.70,-2.70,0.00,0.00,0.00,7.28,Released,
"Oct 12, 2025 2:29:14 AM PDT",18799999979,Order,111-2710121-4723533,TY-010121,Antique Plush Bear,1,amazon.com,Seller,,,,MarketplaceFacilitator,25.99,1.82,5.99,0.42,0,0,0,0.00,0,-2.24,-3.90,0.00,0.00,0.00,28.08,Released,
"Oct 12, 2025 2:38:29 AM PDT",18799999979,Order,112-9610164-4165146,MD-010164,Like New Audiobook,1,amazon.com,Seller,,,,MarketplaceFacilitator,20.99,1.47,3.99,0.28,0,0,0,0.00,0,-1.75,-4.95,0.00,0.00,0.00,20.03,Released,
"Oct 12, 2025 3:05:22 AM PDT",18799999979,Order,113-2010160-3906373,BK-010160,Retro Poetry Collection,1,amazon.com,Seller,,,,MarketplaceFacilitator,13.99,0.98,3.99,0.28,0,0,0,0.00,0,-1.26,-3.90,0.00,0.00,0.00,14.08,Released,
"Oct 12, 2025 3:27:03 AM PDT",18799999979,Order,113-1610119-1371260,BK-010119,Used Hardcover Novel,1,amazon.com,Seller,,,,MarketplaceFacilitator,11.99,0.84,3.99,0.28,0,0,0,0.00,0,-1.12,-3.60,0.00,0.00,0.00,12.38,Released,
"Oct 12, 2025 3:49:56 AM PDT",18799999979,Order,111-1410105-3489878,MD-010105,Handmade DVD Box Set,1,amazon.com,Seller,,,,MarketplaceFacilitator,9.99,0.70,3.99,0.28,0,0,0,0.00,0,-0.98,-3.30,0.00,0.00,0.00,10.68,Released,
"Oct 12, 2025 4:15:18 AM PDT",18799999979,Order,114-5710114-9879010,MD-010114,Like New Blu-ray Set,1,amazon.com,Seller,,,,MarketplaceFacilitator,6.99,0.49,3.99,0.28,0,0,0,0.00,0,-0.77,-2.85,0.00,0.00,0.00,8.13,Released,
"Oct 12, 2025 5:46:16 AM PDT",18799999979,Order,113-7510113-1061104,BK-010113,Lot of 2 Paperback Lot,1,amazon.com,Seller,,,,MarketplaceFacilitator,9.99,0.70,3.99,0.28,0,0,0,0.00,0,-0.98,-3.30,0.00,0.00,0.00,10.68,Released,
"Oct 12, 2025 7:45:57 AM PDT",18799999979,Order,113-7710136-6505335,BK-010136,Antique Hardcover Novel,1,amazon.com,Seller,,,,MarketplaceFacilitator,4.99,0.35,3.99,0.28,0,0,0,0.00,0,-0.63,-2.55,0.00,0.00,0.00,6.43,Released,
"Oct 12, 2025 7:54:24 AM PDT",18799999979,Order,114-7310146-9607867,BK-010146,Mid-Century Textbook,1,amazon.com,Seller,,,,MarketplaceFacilitator,8.99,0.63,3.99,0.28,0,0,0,0.00,0,-0.91,-3.15,0.00,0.00,0.00,9.83,Released,
"Oct 12, 2025 7:57:55 AM PDT",18799999979,Order,112-0410144-4183319,BK-010144,Classic Poetry Collection,1,amazon.com,Seller,,,,MarketplaceFacilitator,22.99,1.61,3.99,0.28,0,0,0,0.00,0,-1.89,-5.25,0.00,0.00,0.00,21.73,Released,
"Oct 12, 2025 8:20:09 AM PDT",18799999979,Order,112-6410128-3863428,BK-010128,Classic Textbook,1,amazon.com,Seller,,,,MarketplaceFacilitator,13.99,0.98,3.99,0.28,0,0,0,0.00,0,-1.26,-3.90,0.00,0.00,0.00,14.08,Released,
"Oct 12, 2025 8:22:22 AM PDT",18799999979,Order,112-5110123-1088723,CO-010123,Retro Snow Globe,1,amazon.com,Seller,,,,MarketplaceFacilitator,23.99,1.68,5.99,0.42,0,0,0,0.00,0,-2.10,-3.60,0.00,0.00,0.00,26.38,Released,
"Oct 12, 2025 8:22:43 AM PDT",18799999979,Order,112-6010125-4754717,CO-010125,Vintage Trading Card Lot,1,amazon.com,Seller,,,,MarketplaceFacilitator,43.99,3.08,5.99,0.42,0,0,0,0.00,0,-3.50,-6.60,0.00,0.00,0.00,43.38,Released,
"Oct 12, 2025 8:24:58 AM PDT",18799999979,Order,112-9110162-5349815,MD-010162,Lot of 2 Vinyl Record,1,amazon.com,Seller,,,,MarketplaceFacilitator,12.99,0.91,3.99,0.28,0,0,0,0.00,0,-1.19,-3.75,0.00,0.00,0.00,13.23,Released,
"Oct 12, 2025 8:27:23 AM PDT",18799999979,Order,112-1610156-7939745,MD-010156,Mid-Century Vinyl Record,1,amazon.com,Seller,,,,MarketplaceFacilitator,8.99,0.63,3.99,0.28,0,0,0,0.00,0,-0.91,-3.15,0.00,0.00,0.00,9.83,Released,
"Oct 12, 2025 8:27:50 AM PDT",18799999979,Order,114-6810131-4558200,TY-010131,Used Plush Bear,1,amazon.com,Seller,,,,MarketplaceFacilitator,12.99,0.91,5.99,0.42,0,0,0,0.00,0,-1.33,-1.95,0.00,0.00,0.00,17.03,Released,
"Oct 12, 2025 8:50:51 AM PDT",18799999979,Order,112-3710152-4372273,BK-010152,Pre-owned Field Guide,1,amazon.com,Seller,,,,MarketplaceFacilitator,9.99,0.70,3.99,0.28,0,0,0,0.00,0,-0.98,-3.30,0.00,0.00,0.00,10.68,Released,
"Oct 12, 2025 9:39:19 AM PDT",18799999979,Order,114-3210157-0753345,BK-010157,Mid-Century Hardcover Novel,1,amazon.com,Seller,,,,MarketplaceFacilitator,14.99,1.05,3.99,0.28,0,0,0,0.00,0,-1.33,-4.05,0.00,0.00,0.00,14.93,Released,
"Oct 12, 2025 9:51:23 AM PDT",18799999979,Order,114-0310116-1891697,BK-010116,Handmade Field Guide,1,amazon.com,Seller,,,,MarketplaceFacilitator,9.99,0.70,3.99,0.28,0,0,0,0.00,0,-0.98,-3.30,0.00,0.00,0.00,10.68,Released,
"Oct 12, 2025 11:19:53 AM PDT",18799999979,Order,114-9910126-1521069,TY-010126,Like New Puzzle 1000pc,1,amazon.com,Seller,,,,MarketplaceFacilitator,13.99,0.98,5.99,0.42,0,0,0,0.00,0,-1.40,-2.10,0.00,0.00,0.00,17.88,Released,
"Oct 12, 2025 11:40:45 AM PDT",18799999979,Order,112-2510150-4767732,BK-010150,Retro Poetry Collection,1,amazon.com,Seller,,,,MarketplaceFacilitator,19.99,1.40,3.99,0.28,0,0,0,0.00,0,-1.68,-4.80,0.00,0.00,0.00,19.18,Released,
"Oct 12, 2025 11:51:09 AM PDT",18799999979,Order,111-9810154-0447952,BK-010154,Antique Field Guide,1,amazon.com,Seller,,,,MarketplaceFacilitator,13.99,0.98,3.99,0.28,0,0,0,0.00,0,-1.26,-3.90,0.00,0.00,0.00,14.08,Released,
"Oct 12, 2025 11:53:41 AM PDT",18799999979,Order,112-6110140-8380009,MD-010140,Lot of 2 CD Lot,1,amazon.com,Seller,,,,MarketplaceFacilitator,8.99,0.63,3.99,0.28,0,0,0,0.00,0,-0.91,-3.15,0.00,0.00,0.00,9.83,Released,
"Oct 12, 2025 12:37:09 PM PDT",18799999979,Order,111-2310155-3800258,MD-010155,Pre-owned Blu-ray Set,1,amazon.com,Seller,,,,MarketplaceFacilitator,9.99,0.70,3.99,0.28,0,0,0,0.00,0,-0.98,-3.30,0.00,0.00,0.00,10.68,Released,
"Oct 12, 2025 12:40:17 PM PDT",18799999979,Order,112-7710130-1848520,CO-010130,Handmade Coin Lot,1,amazon.com,Seller,,,,MarketplaceFacilitator,46.99,3.29,5.99,0.42,0,0,0,0.00,0,-3.71,-7.05,0.00,0.00,0.00,45.93,Released,
"Oct 12, 2025 12:42:03 PM PDT",18799999979,Order,112-4910112-6949804,EL-010112,Lot of 2 Headphones,1,amazon.com,Seller,,,,MarketplaceFacilitator,14.99,1.05,5.99,0.42,0,0,0,0.00,0,-1.47,-2.25,0.00,0.00,0.00,18.73,Released,
"Oct 12, 2025 12:49:08 PM PDT",18799999979,Order,114-5010118-1021084,CO-010118,Retro Snow Globe,1,amazon.com,Seller,,,,MarketplaceFacilitator,22.99,1.61,5.99,0.42,0,0,0,0.00,0,-2.03,-3.45,0.00,0.00,0.00,25.53,Released,
"Oct 12, 2025 12:54:25 PM PDT",18799999979,Order,112-7910141-0710117,TY-010141,Pre-owned Puzzle 1000pc,1,amazon.com,Seller,,,,MarketplaceFacilitator,13.99,0.98,5.99,0.42,0,0,0,0.00,0,-1.40,-2.10,0.00,0.00,0.00,17.88,Released,
"Oct 12, 2025 1:20:31 PM PDT",18799999979,Order,111-5010122-5035419,BK-010122,Lot of 2 Field Guide,1,amazon.com,Seller,,,,MarketplaceFacilitator,10.99,0.77,3.99,0.28,0,0,0,0.00,0,-1.05,-3.45,0.00,0.00,0.00,11.53,Released,
"Oct 12, 2025 2:10:47 PM PDT",18799999979,Order,114-8610127-7731301,BK-010127,Vintage Cookbook,1,amazon.com,Seller,,,,MarketplaceFacilitator,6.99,0.49,3.99,0.28,0,0,0,0.00,0,-0.77,-2.85,0.00,0.00,0.00,8.13,Released,
"Oct 12, 2025 2:14:14 PM PDT",18799999979,Refund,114-9910126-1521069,TY-010126,Like New Puzzle 1000pc,1,amazon.com,Seller,,,,MarketplaceFacilitator,-13.99,-0.98,-5.99,-0.42,0,0,0,0.00,0,1.40,1.68,0.00,0.00,0.00,-18.30,Released,
"Oct 12, 2025 2:28:14 PM PDT",18799999979,Order,111-2310109-5482938,CO-010109,Handmade Snow Globe,1,amazon.com,Seller,,,,MarketplaceFacilitator,18.99,1.33,5.99,0.42,0,0,0,0.00,0,-1.75,-2.85,0.00,0.00,0.00,22.13,Released,
"Oct 12, 2025 2:44:05 PM PDT",18799999979,Order,114-0210129-3460914,BK-010129,Pre-owned Atlas,1,amazon.com,Seller,,,,MarketplaceFacilitator,23.99,1.68,3.99,0.28,0,0,0,0.00,0,-1.96,-5.40,0.00,0.00,0.00,22.58,Released,
"Oct 12, 2025 2:46:09 PM PDT",18799999979,Order,113-7710161-2497842,BK-010161,Used Poetry Collection,1,amazon.com,Seller,,,,MarketplaceFacilitator,6.99,0.49,3.99,0.28,0,0,0,0.00,0,-0.77,-2.85,0.00,0.00,0.00,8.13,Released,
"Oct 12, 2025 2:52:22 PM PDT",18799999979,Order,112-7310138-7079907,BK-010138,Used Field Guide,1,amazon.com,Seller,,,,MarketplaceFacilitator,21.99,1.54,3.99,0.28,0,0,0,0.00,0,-1.82,-5.10,0.00,0.00,0.00,20.88,Released,
"Oct 12, 2025 3:42:22 PM PDT",18799999979,Order,113-7310158-1522982,BK-010158,Like New Poetry Collection,1,amazon.com,Seller,,,,MarketplaceFacilitator,27.99,1.96,3.99,0.28,0,0,0,0.00,0,-2.24,-6.00,0.00,0.00,0.00,25.98,Released,
"Oct 12, 2025 3:48:15 PM PDT",18799999979,Order,111-2610107-2109920,BK-010107,Vintage Poetry Collection,1,amazon.com,Seller,,,,MarketplaceFacilitator,9.99,0.70,3.99,0.28,0,0,0,0.00,0,-0.98,-3.30,0.00,0.00,0.00,10.68,Released,
"Oct 12, 2025 3:58:28 PM PDT",18799999979,Order,114-2810163-0701517,BK-010163,Classic Poetry Collection,1,amazon.com,Seller,,,,MarketplaceFacilitator,12.99,0.91,3.99,0.28,0,0,0,0.00,0,-1.19,-3.75,0.00,0.00,0.00,13.23,Released,
"Oct 12, 2025 3:58:45 PM PDT",18799999979,Order,111-1210149-8579375,BK-010149,Pre-owned Cookbook,1,amazon.com,Seller,,,,MarketplaceFacilitator,19.99,1.40,3.99,0.28,0,0,0,0.00,0,-1.68,-4.80,0.00,0.00,0.00,19.18,Released,
"Oct 12, 2025 4:25:27 PM PDT",18799999979,Order,113-7610117-6429043,BK-010117,Handmade Hardcover Novel,1,amazon.com,Seller,,,,MarketplaceFacilitator,7.99,0.56,3.99,0.28,0,0,0,0.00,0,-0.84,-3.00,0.00,0.00,0.00,8.98,Released,
"Oct 12, 2025 4:28:03 PM PDT",18799999979,Order,113-4710142-0323308,BK-010142,Retro Atlas,1,amazon.com,Seller,,,,MarketplaceFacilitator,10.99,0.77,3.99,0.28,0,0,0,0.00,0,-1.05,-3.45,0.00,0.00,0.00,11.53,Released,
"Oct 12, 2025 4:52:05 PM PDT",18799999979,Order,112-4510148-8151536,MD-010148,Like New Audiobook,1,amazon.com,Seller,,,,MarketplaceFacilitator,13.99,0.98,3.99,0.28,0,0,0,0.00,0,-1.26,-3.90,0.00,0.00,0.00,14.08,Released,
"Oct 12, 2025 4:56:27 PM PDT",18799999979,Order,114-8510137-0532611,BK-010137,Lot of 2 Textbook,1,amazon.com,Seller,,,,MarketplaceFacilitator,6.99,0.49,3.99,0.28,0,0,0,0.00,0,-0.77,-2.85,0.00,0.00,0.00,8.13,Released,
"Oct 12, 2025 4:57:07 PM PDT",18799999979,Order,114-4010135-1393020,MD-010135,Like New Blu-ray Set,1,amazon.com,Seller,,,,MarketplaceFacilitator,25.99,1.82,3.99,0.28,0,0,0,0.00,0,-2.10,-5.70,0.00,0.00,0.00,24.28,Released,
"Oct 12, 2025 5:16:57 PM PDT",18799999979,Order,112-4710124-3076042,MD-010124,Mid-Century Audiobook,1,amazon.com,Seller,,,,MarketplaceFacilitator,11.99,0.84,3.99,0.28,0,0,0,0.00,0,-1.12,-3.60,0.00,0.00,0.00,12.38,Released,
"Oct 12, 2025 5:57:33 PM PDT",18799999979,Order,112-3610143-0296600,TY-010143,Retro Plush Bear,1,amazon.com,Seller,,,,MarketplaceFacilitator,13.99,0.98,5.99,0.42,0,0,0,0.00,0,-1.40,-2.10,0.00,0.00,0.00,17.88,Released,
"Oct 12, 2025 6:13:38 PM PDT",18799999979,Order,113-1410147-6232249,BK-010147,Vintage Textbook,1,amazon.com,Seller,,,,MarketplaceFacilitator,21.99,1.54,3.99,0.28,0,0,0,0.00,0,-1.82,-5.10,0.00,0.00,0.00,20.88,Released,
"Oct 12, 2025 6:16:18 PM PDT",18799999979,Order,114-0310133-0110474,MD-010133,Antique DVD Box Set,1,amazon.com,Seller,,,,MarketplaceFacilitator,5.99,0.42,3.99,0.28,0,0,0,0.00,0,-0.70,-2.70,0.00,0.00,0.00,7.28,Released,
"Oct 12, 2025 6:26:15 PM PDT",18799999979,Order,111-0610120-0469740,MD-010120,Classic Blu-ray Set,1,amazon.com,Seller,,,,MarketplaceFacilitator,4.99,0.35,3.99,0.28,0,0,0,0.00,0,-0.63,-2.55,0.00,0.00,0.00,6.43,Released,
"Oct 12, 2025 6:50:28 PM PDT",18799999979,Order,114-8310106-2052123,BK-010106,Retro Paperback Lot,1,amazon.com,Seller,,,,MarketplaceFacilitator,6.99,0.49,3.99,0.28,0,0,0,0.00,0,-0.77,-2.85,0.00,0.00,0.00,8.13,Released,
"Oct 12, 2025 7:05:27 PM PDT",18799999979,Order,113-4910132-8101191,BK-010132,Used Atlas,1,amazon.com,Seller,,,,MarketplaceFacilitator,3.99,0.28,3.99,0.28,0,0,0,0.00,0,-0.56,-2.40,0.00,0.00,0.00,5.58,Released,
"Oct 12, 2025 7:16:42 PM PDT",18799999979,Order,113-9710115-4192898,EL-010115,Used Portable Radio,1,amazon.com,Seller,,,,MarketplaceFacilitator,50.99,3.57,5.99,0.42,0,0,0,0.00,0,-3.99,-7.65,0.00,0.00,0.00,49.33,Released,
"Oct 12, 2025 7:16:54 PM PDT",18799999979,Order,113-5210139-7363624,MD-010139,Like New Audiobook,1,amazon.com,Seller,,,,MarketplaceFacilitator,6.99,0.49,3.99,0.28,0,0,0,0.00,0,-0.77,-2.85,0.00,0.00,0.00,8.13,Released,
"Oct 12, 2025 7:41:46 PM PDT",18799999979,Order,112-7910153-3510835,BK-010153,Retro Textbook,1,amazon.com,Seller,,,,MarketplaceFacilitator,14.99,1.05,3.99,0.28,0,0,0,0.00,0,-1.33,-4.05,0.00,0.00,0.00,14.93,Released,
"Oct 12, 2025 7:43:22 PM PDT",18799999979,Order,114-5110151-6890078,TY-010151,Used Plush Bear,1,amazon.com,Seller,,,,MarketplaceFacilitator,13.99,0.98,5.99,0.42,0,0,0,0.00,0,-1.40,-2.10,0.00,0.00,0.00,17.88,Released,
"Oct 12, 2025 8:21:05 PM PDT",18799999979,Order,114-9510145-0573159,BK-010145,Classic Cookbook,1,amazon.com,Seller,,,,MarketplaceFacilitator,11.99,0.84,3.99,0.28,0,0,0,0.00,0,-1.12,-3.60,0.00,0.00,0.00,12.38,Released,
"Oct 12, 2025 8:34:02 PM PDT",18799999979,Order,114-0410110-9547235,BK-010110,Antique Cookbook,1,amazon.com,Seller,,,,MarketplaceFacilitator,18.99,1.33,3.99,0.28,0,0,0,0.00,0,-1.61,-4.65,0.00,0.00,0.00,18.33,Released,
"Oct 12, 2025 10:08:39 PM PDT",18799999979,Order,114-1510269-4462398,MD-010269,Antique CD Lot,1,amazon.com,Seller,,,,MarketplaceFacilitator,6.99,0.49,3.99,0.28,0,0,0,0.00,0,-0.77,-2.85,0.00,0.00,0.00,8.13,Released,
"Oct 12, 2025 10:34:16 PM PDT",18799999979,Order,112-9010279-6165163,BK-010279,Vintage Biography,1,amazon.com,Seller,,,,MarketplaceFacilitator,6.99,0.49,3.99,0.28,0,0,0,0.00,0,-0.77,-2.85,0.00,0.00,0.00,8.13,Released,
"Oct 12, 2025 10:36:32 PM PDT",18799999979,Order,114-1010267-1659686,BK-010267,Used Poetry Collection,1,amazon.com,Seller,,,,MarketplaceFacilitator,11.99,0.84,3.99,0.28,0,0,0,0.00,0,-1.12,-3.60,0.00,0.00,0.00,12.38,Released,
"Oct 12, 2025 10:42:30 PM PDT",18799999979,Order,112-6510301-1658501,BK-010301,Retro Cookbook,1,amazon.com,Seller,,,,MarketplaceFacilitator,9.99,0.70,3.99,0.28,0,0,0,0.00,0,-0.98,-3.30,0.00,0.00,0.00,10.68,Released,
"Oct 12, 2025 11:26:52 PM PDT",18799999979,Order,111-0310296-6589160,MD-010296,Used CD Lot,1,amazon.com,Seller,,,,MarketplaceFacilitator,21.99,1.54,3.99,0.28,0,0,0,0.00,0,-1.82,-5.10,0.00,0.00,0.00,20.88,Released,
"Oct 12, 2025 11:54:12 PM PDT",18799999979,Order,113-0610273-1500030,MD-010273,Like New Blu-ray Set,1,amazon.com,Seller,,,,MarketplaceFacilitator,5.99,0.42,3.99,0.28,0,0,0,0.00,0,-0.70,-2.70,0.00,0.00,0.00,7.28,Released,
"Oct 13, 2025 12:20:49 AM PDT",18799999979,Order,111-1410289-9174226,CO-010289,Lot of 2 Figurine,1,amazon.com,Seller,,,,MarketplaceFacilitator,41.99,2.94,5.99,0.42,0,0,0,0.00,0,-3.36,-6.30,0.00,0.00,0.00,41.68,Released,
"Oct 13, 2025 12:54:29 AM PDT",18799999979,Order,112-9510305-3373267,BK-010305,Lot of 2 Atlas,1,amazon.com,Seller,,,,MarketplaceFacilitator,28.99,2.03,3.99,0.28,0,0,0,0.00,0,-2.31,-6.15,0.00,0.00,0.00,26.83,Released,
"Oct 13, 2025 1:14:50 AM PDT",18799999979,Order,113-8310275-8778382,BK-010275,Handmade Cookbook,1,amazon.com,Seller,,,,MarketplaceFacilitator,16.99,1.19,3.99,0.28,0,0,0,0.00,0,-1.47,-4.35,0.00,0.00,0.00,16.63,Released,
"Oct 13, 2025 1:47:01 AM PDT",18799999979,Order,111-0810271-2409313,MD-010271,Lot of 2 Vinyl Record,1,amazon.com,Seller,,,,MarketplaceFacilitator,10.99,0.77,3.99,0.28,0,0,0,0.00,0,-1.05,-3.45,0.00,0.00,0.00,11.53,Released,
"Oct 13, 2025 2:18:26 AM PDT",18799999979,Order,112-4710291-1843967,BK-010291,Classic Paperback Lot,1,amazon.com,Seller,,,,MarketplaceFacilitator,11.99,0.84,3.99,0.28,0,0,0,0.00,0,-1.12,-3.60,0.00,0.00,0.00,12.38,Released,
"Oct 13, 2025 2:53:37 AM PDT",18799999979,Order,113-0410284-2839923,MD-010284,Antique Vinyl Record,1,amazon.com,Seller,,,,MarketplaceFacilitator,13.99,0.98,3.99,0.28,0,0,0,0.00,0,-1.26,-3.90,0.00,0.00,0.00,14.08,Released,
"Oct 13, 2025 2:59:00 AM PDT",18799999979,Refund,113-8310275-8778382,BK-010275,Handmade Cookbook,1,amazon.com,Seller,,,,MarketplaceFacilitator,-16.99,-1.19,-3.99,-0.28,0,0,0,0.00,0,1.47,3.48,0.00,0.00,0.00,-17.50,Released,
"Oct 13, 2025 4:15:15 AM PDT",18799999979,Order,113-1710274-6782825,BK-010274,Used Biography,1,amazon.com,Seller,,,,MarketplaceFacilitator,28.99,2.03,3.99,0.28,0,0,0,0.00,0,-2.31,-6.15,0.00,0.00,0.00,26.83,Released,
"Oct 13, 2025 5:23:36 AM PDT",18799999979,Order,114-2110286-9990439,BK-010286,Pre-owned Field Guide,1,amazon.com,Seller,,,,MarketplaceFacilitator,11.99,0.84,3.99,0.28,0,0,0,0.00,0,-1.12,-3.60,0.00,0.00,0.00,12.38,Released,
"Oct 13, 2025 5:31:56 AM PDT",18799999979,Order,113-3510270-6964568,BK-010270,Retro Field Guide,1,amazon.com,Seller,,,,MarketplaceFacilitator,12.99,0.91,3.99,0.28,0,0,0,0.00,0,-1.19,-3.75,0.00,0.00,0.00,13.23,Released,
"Oct 13, 2025 6:20:16 AM PDT",18799999979,Order,111-1210299-0878309,BK-010299,Like New Biography,1,amazon.com,Seller,,,,MarketplaceFacilitator,11.99,0.84,3.99,0.28,0,0,0,0.00,0,-1.12,-3.60,0.00,0.00,0.00,12.38,Released,
"Oct 13, 2025 7:06:44 AM PDT",18799999979,Order,112-4410278-5013589,BK-010278,Used Paperback Lot,1,amazon.com,Seller,,,,MarketplaceFacilitator,13.99,0.98,3.99,0.28,0,0,0,0.00,0,-1.26,-3.90,0.00,0.00,0.00,14.08,Released,
"Oct 13, 2025 8:18:40 AM PDT",18799999979,Order,112-3210297-0284084,MD-010297,Retro Vinyl Record,1,amazon.com,Seller,,,,MarketplaceFacilitator,18.99,1.33,3.99,0.28,0,0,0,0.00,0,-1.61,-4.65,0.00,0.00,0.00,18.33,Released,
"Oct 13, 2025 8:52:10 AM PDT",18799999979,Order,114-8810277-5343994,BK-010277,Used Poetry Collection,1,amazon.com,Seller,,,,MarketplaceFacilitator,11.99,0.84,3.99,0.28,0,0,0,0.00,0,-1.12,-3.60,0.00,0.00,0.00,12.38,Released,
"Oct 13, 2025 8:53:27 AM PDT",18799999979,Order,111-0310268-2178764,BK-010268,Retro Poetry Collection,1,amazon.com,Seller,,,,MarketplaceFacilitator,15.99,1.12,3.99,0.28,0,0,0,0.00,0,-1.40,-4.20,0.00,0.00,0.00,15.78,Released,
"Oct 13, 2025 8:55:05 AM PDT",18799999979,Order,114-8010288-7563993,CO-010288,Retro Trading Card Lot,1,amazon.com,Seller,,,,MarketplaceFacilitator,9.99,0.70,5.99,0.42,0,0,0,0.00,0,-1.12,-1.50,0.00,0.00,0.00,14.48,Released,
"Oct 13, 2025 9:05:02 AM PDT",18799999979,Order,114-1910306-7619247,BK-010306,Used Cookbook,1,amazon.com,Seller,,,,MarketplaceFacilitator,4.99,0.35,3.99,0.28,0,0,0,0.00,0,-0.63,-2.55,0.00,0.00,0.00,6.43,Released,
"Oct 13, 2025 9:14:15 AM PDT",18799999979,Order,114-8210292-0733447,CO-010292,Pre-owned Coin Lot,1,amazon.com,Seller,,,,MarketplaceFacilitator,22.99,1.61,5.99,0.42,0,0,0,0.00,0,-2.03,-3.45,0.00,0.00,0.00,25.53,Released,
"Oct 13, 2025 9:27:53 AM PDT",18799999979,Order,114-8910298-3884354,MD-010298,Handmade DVD Box Set,1,amazon.com,Seller,,,,MarketplaceFacilitator,6.99,0.49,3.99,0.28,0,0,0,0.00,0,-0.77,-2.85,0.00,0.00,0.00,8.13,Released,
"Oct 13, 2025 9:36:08 AM PDT",18799999979,Order,111-0910287-3814557,BK-010287,Handmade Field Guide,1,amazon.com,Seller,,,,MarketplaceFacilitator,9.99,0.70,3.99,0.28,0,0,0,0.00,0,-0.98,-3.30,0.00,0.00,0.00,10.68,Released,
"Oct 13, 2025 9:47:25 AM PDT",18799999979,Order,113-9910282-4531761,BK-010282,Used Atlas,1,amazon.com,Seller,,,,MarketplaceFacilitator,21.99,1.54,3.99,0.28,0,0,0,0.00,0,-1.82,-5.10,0.00,0.00,0.00,20.88,Released,
"Oct 13, 2025 9:50:36 AM PDT",18799999979,Order,112-5310294-1952918,BK-010294,Like New Textbook,1,amazon.com,Seller,,,,MarketplaceFacilitator,16.99,1.19,3.99,0.28,0,0,0,0.00,0,-1.47,-4.35,0.00,0.00,0.00,16.63,Released,
"Oct 13, 2025 10:53:38 AM PDT",18799999979,Order,112-6110283-8970359,BK-010283,Like New Textbook,1,amazon.com,Seller,,,,MarketplaceFacilitator,7.99,0.56,3.99,0.28,0,0,0,0.00,0,-0.84,-3.00,0.00,0.00,0.00,8.98,Released,
"Oct 13, 2025 11:11:00 AM PDT",18799999979,Order,112-5910303-2990895,BK-010303,Vintage Textbook,1,amazon.com,Seller,,,,MarketplaceFacilitator,17.99,1.26,3.99,0.28,0,0,0,0.00,0,-1.54,-4.50,0.00,0.00,0.00,17.48,Released,
"Oct 13, 2025 11:11:35 AM PDT",18799999979,Order,112-8710276-4770222,BK-010276,Lot of 2 Paperback Lot,1,amazon.com,Seller,,,,MarketplaceFacilitator,18.99,1.33,3.99,0.28,0,0,0,0.00,0,-1.61,-4.65,0.00,0.00,0.00,18.33,Released,
"Oct 13, 2025 11:27:43 AM PDT",18799999979,Order,111-7810293-0407552,EL-010293,Classic Headphones,1,amazon.com,Seller,,,,MarketplaceFacilitator,22.99,1.61,5.99,0.42,0,0,0,0.00,0,-2.03,-3.45,0.00,0.00,0.00,25.53,Released,
"Oct 13, 2025 12:00:59 PM PDT",18799999979,Order,111-5710295-5037852,BK-010295,Pre-owned Field Guide,1,amazon.com,Seller,,,,MarketplaceFacilitator,20.99,1.47,3.99,0.28,0,0,0,0.00,0,-1.75,-4.95,0.00,0.00,0.00,20.03,Released,
"Oct 13, 2025 12:15:00 PM PDT",18799999979,Service Fee,,,Cost of Advertising,,,,,,,,0.00,0.00,0.00,0.00,0,0,0,0.00,0,0.00,0.00,0.00,0.00,-12.58,-12.58,Released,
"Oct 13, 2025 1:09:33 PM PDT",18799999979,Order,112-5410281-8840764,BK-010281,Used Hardcover Novel,1,amazon.com,Seller,,,,MarketplaceFacilitator,15.99,1.12,3.99,0.28,0,0,0,0.00,0,-1.40,-4.20,0.00,0.00,0.00,15.78,Released,
"Oct 13, 2025 1:56:53 PM PDT",18799999979,Order,111-4810300-2343239,BK-010300,Like New Hardcover Novel,1,amazon.com,Seller,,,,MarketplaceFacilitator,20.99,1.47,3.99,0.28,0,0,0,0.00,0,-1.75,-4.95,0.00,0.00,0.00,20.03,Released,
"Oct 13, 2025 4:31:52 PM PDT",18799999979,Order,113-9010272-2564319,MD-010272,Classic Vinyl Record,1,amazon.com,Seller,,,,MarketplaceFacilitator,3.99,0.28,3.99,0.28,0,0,0,0.00,0,-0.56,-2.40,0.00,0.00,0.00,5.58,Released,
"Oct 13, 2025 4:32:58 PM PDT",18799999979,Order,112-2510280-1566824,BK-010280,Classic Poetry Collection,1,amazon.com,Seller,,,,MarketplaceFacilitator,12.99,0.91,3.99,0.28,0,0,0,0.00,0,-1.19,-3.75,0.00,0.00,0.00,13.23,Released,
"Oct 13, 2025 6:06:02 PM PDT",18799999979,Order,113-5710290-0282366,MD-010290,Lot of 2 Blu-ray Set,1,amazon.com,Seller,,,,MarketplaceFacilitator,11.99,0.84,3.99,0.28,0,0,0,0.00,0,-1.12,-3.60,0.00,0.00,0.00,12.38,Released,
"Oct 13, 2025 6:12:38 PM PDT",18799999979,Order,112-3510285-4803964,MD-010285,Classic CD Lot,1,amazon.com,Seller,,,,MarketplaceFacilitator,9.99,0.70,3.99,0.28,0,0,0,0.00,0,-0.98,-3.30,0.00,0.00,0.00,10.68,Released,
"Oct 13, 2025 7:47:02 PM PDT",18799999979,Order,111-7810304-1032561,TY-010304,Classic Plush Bear,1,amazon.com,Seller,,,,MarketplaceFacilitator,44.99,3.15,5.99,0.42,0,0,0,0.00,0,-3.57,-6.75,0.00,0.00,0.00,44.23,Released,
"Oct 13, 2025 8:25:41 PM PDT",18799999979,Order,111-1610302-8601463,BK-010302,Retro Poetry Collection,1,amazon.com,Seller,,,,MarketplaceFacilitator,25.99,1.82,3.99,0.28,0,0,0,0.00,0,-2.10,-5.70,0.00,0.00,0.00,24.28,Released,
"Oct 13, 2025 10:20:27 PM PDT",18799999979,Order,112-8310395-8638525,TY-010395,Antique Plush Bear,1,amazon.com,Seller,,,,MarketplaceFacilitator,30.99,2.17,5.99,0.42,0,0,0,0.00,0,-2.59,-4.65,0.00,0.00,0.00,32.33,Released,
"Oct 14, 2025 12:17:49 AM PDT",18799999979,Order,112-4710428-0768325,BK-010428,Classic Poetry Collection,1,amazon.com,Seller,,,,MarketplaceFacilitator,21.99,1.54,3.99,0.28,0,0,0,0.00,0,-1.82,-5.10,0.00,0.00,0.00,20.88,Released,
"Oct 14, 2025 12:46:35 AM PDT",18799999979,Order,111-4510422-0576347,EL-010422,Vintage Game Console,1,amazon.com,Seller,,,,MarketplaceFacilitator,37.99,2.66,5.99,0.42,0,0,0,0.00,0,-3.08,-5.70,0.00,0.00,0.00,38.28,Released,
"Oct 14, 2025 1:05:09 AM PDT",18799999979,Order,111-9210426-7379752,MD-010426,Antique Vinyl Record,1,amazon.com,Seller,,,,MarketplaceFacilitator,16.99,1.19,3.99,0.28,0,0,0,0.00,0,-1.47,-4.35,0.00,0.00,0.00,16.63,Released,
"Oct 14, 2025 1:57:40 AM PDT",18799999979,Order,113-5510427-5779035,TY-010427,Lot of 2 Plush Bear,1,amazon.com,Seller,,,,MarketplaceFacilitator,16.99,1.19,5.99,0.42,0,0,0,0.00,0,-1.61,-2.55,0.00,0.00,0.00,20.43,Released,
"Oct 14, 2025 4:18:13 AM PDT",18799999979,Order,111-1110399-5471287,MD-010399,Used Vinyl Record,1,amazon.com,Seller,,,,MarketplaceFacilitator,16.99,1.19,3.99,0.28,0,0,0,0.00,0,-1.47,-4.35,0.00,0.00,0.00,16.63,Released,
"Oct 14, 2025 4:49:33 AM PDT",18799999979,Order,112-1810421-2067581,BK-010421,Pre-owned Cookbook,1,amazon.com,Seller,,,,MarketplaceFacilitator,11.99,0.84,3.99,0.28,0,0,0,0.00,0,-1.12,-3.60,0.00,0.00,0.00,12.38,Released,
"Oct 14, 2025 5:54:25 AM PDT",18799999979,Order,114-0010414-2710277,BK-010414,Used Hardcover Novel,1,amazon.com,Seller,,,,MarketplaceFacilitator,4.99,0.35,3.99,0.28,0,0,0,0.00,0,-0.63,-2.55,0.00,0.00,0.00,6.43,Released,
"Oct 14, 2025 6:17:16 AM PDT",18799999979,Order,114-6310400-2258272,MD-010400,Handmade CD Lot,1,amazon.com,Seller,,,,MarketplaceFacilitator,18.99,1.33,3.99,0.28,0,0,0,0.00,0,-1.61,-4.65,0.00,0.00,0.00,18.33,Released,
"Oct 14, 2025 6:51:05 AM PDT",18799999979,Order,112-2310402-6214956,BK-010402,Pre-owned Hardcover Novel,1,amazon.com,Seller,,,,MarketplaceFacilitator,5.99,0.42,3.99,0.28,0,0,0,0.00,0,-0.70,-2.70,0.00,0.00,0.00,7.28,Released,
"Oct 14, 2025 7:07:54 AM PDT",18799999979,Order,112-4010396-6740559,BK-010396,Like New Cookbook,1,amazon.com,Seller,,,,MarketplaceFacilitator,16.99,1.19,3.99,0.28,0,0,0,0.00,0,-1.47,-4.35,0.00,0.00,0.00,16.63,Released,
"Oct 14, 2025 8:08:58 AM PDT",18799999979,Order,113-7910397-0727685,BK-010397,Like New Hardcover Novel,1,amazon.com,Seller,,,,MarketplaceFacilitator,10.99,0.77,3.99,0.28,0,0,0,0.00,0,-1.05,-3.45,0.00,0.00,0.00,11.53,Released,
"Oct 14, 2025 10:10:54 AM PDT",18799999979,Order,113-6310407-8580172,BK-010407,Mid-Century Paperback Lot,1,amazon.com,Seller,,,,MarketplaceFacilitator,10.99,0.77,3.99,0.28,0,0,0,0.00,0,-1.05,-3.45,0.00,0.00,0.00,11.53,Released,
"Oct 14, 2025 10:41:56 AM PDT",18799999979,Order,114-0510411-9034532,MD-010411,Vintage Vinyl Record,1,amazon.com,Seller,,,,MarketplaceFacilitator,12.99,0.91,3.99,0.28,0,0,0,0.00,0,-1.19,-3.75,0.00,0.00,0.00,13.23,Released,
"Oct 14, 2025 11:27:55 AM PDT",18799999979,Order,113-0610415-5215873,MD-010415,Like New CD Lot,1,amazon.com,Seller,,,,MarketplaceFacilitator,12.99,0.91,3.99,0.28,0,0,0,0.00,0,-1.19,-3.75,0.00,0.00,0.00,13.23,Released,
"Oct 14, 2025 1:20:42 PM PDT",18799999979,Order,113-0410413-3236515,TY-010413,Retro Lego Lot,1,amazon.com,Seller,,,,MarketplaceFacilitator,5.99,0.42,5.99,0.42,0,0,0,0.00,0,-0.84,-0.90,0.00,0.00,0.00,11.08,Released,
"Oct 14, 2025 1:21:00 PM PDT",18799999979,Order,111-2510419-8230738,BK-010419,Antique Biography,1,amazon.com,Seller,,,,MarketplaceFacilitator,7.99,0.56,3.99,0.28,0,0,0,0.00,0,-0.84,-3.00,0.00,0.00,0.00,8.98,Released,
"Oct 14, 2025 1:22:34 PM PDT",18799999979,Order,114-7410412-3874023,MD-010412,Vintage CD Lot,1,amazon.com,Seller,,,,MarketplaceFacilitator,24.99,1.75,3.99,0.28,0,0,0,0.00,0,-2.03,-5.55,0.00,0.00,0.00,23.43,Released,
"Oct 14, 2025 2:10:34 PM PDT",18799999979,Order,112-5710410-4904504,BK-010410,Lot of 2 Textbook,1,amazon.com,Seller,,,,MarketplaceFacilitator,7.99,0.56,3.99,0.28,0,0,0,0.00,0,-0.84,-3.00,0.00,0.00,0.00,8.98,Released,
"Oct 14, 2025 2:41:42 PM PDT",18799999979,Order,112-2710423-8766887,EL-010423,Vintage Game Console,1,amazon.com,Seller,,,,MarketplaceFacilitator,42.99,3.01,5.99,0.42,0,0,0,0.00,0,-3.43,-6.45,0.00,0.00,0.00,42.53,Released,
"Oct 14, 2025 2:53:45 PM PDT",18799999979,Order,112-4010424-0451431,MD-010424,Handmade Blu-ray Set,1,amazon.com,Seller,,,,MarketplaceFacilitator,18.99,1.33,3.99,0.28,0,0,0,0.00,0,-1.61,-4.65,0.00,0.00,0.00,18.33,Released,
"Oct 14, 2025 3:10:34 PM PDT",18799999979,Order,111-8410418-7692505,MD-010418,Used CD Lot,1,amazon.com,Seller,,,,MarketplaceFacilitator,15.99,1.12,3.99,0.28,0,0,0,0.00,0,-1.40,-4.20,0.00,0.00,0.00,15.78,Released,
"Oct 14, 2025 3:13:31 PM PDT",18799999979,Order,111-2110429-7263028,BK-010429,Used Paperback Lot,1,amazon.com,Seller,,,,MarketplaceFacilitator,7.99,0.56,3.99,0.28,0,0,0,0.00,0,-0.84,-3.00,0.00,0.00,0.00,8.98,Released,
"Oct 14, 2025 3:51:06 PM PDT",18799999979,Refund,113-0410413-3236515,TY-010413,Retro Lego Lot,1,amazon.com,Seller,,,,MarketplaceFacilitator,-5.99,-0.42,-5.99,-0.42,0,0,0,0.00,0,0.84,0.72,0.00,0.00,0.00,-11.26,Released,
"Oct 14, 2025 3:58:38 PM PDT",18799999979,Order,114-1210403-7797206,BK-010403,Vintage Paperback Lot,1,amazon.com,Seller,,,,MarketplaceFacilitator,15.99,1.12,3.99,0.28,0,0,0,0.00,0,-1.40,-4.20,0.00,0.00,0.00,15.78,Released,
"Oct 14, 2025 4:41:03 PM PDT",18799999979,Order,111-9710398-2507073,EL-010398,Vintage Game Console,1,amazon.com,Seller,,,,MarketplaceFacilitator,52.99,3.71,5.99,0.42,0,0,0,0.00,0,-4.13,-7.95,0.00,0.00,0.00,51.03,Released,
"Oct 14, 2025 4:49:07 PM PDT",18799999979,Order,111-5010417-5160686,TY-010417,Used Puzzle 1000pc,1,amazon.com,Seller,,,,MarketplaceFacilitator,13.99,0.98,5.99,0.42,0,0,0,0.00,0,-1.40,-2.10,0.00,0.00,0.00,17.88,Released,
"Oct 14, 2025 5:00:50 PM PDT",18799999979,Order,111-8610406-7473184,MD-010406,Vintage Blu-ray Set,1,amazon.com,Seller,,,,MarketplaceFacilitator,30.99,2.17,3.99,0.28,0,0,0,0.00,0,-2.45,-6.45,0.00,0.00,0.00,28.53,Released,
"Oct 14, 2025 5:38:03 PM PDT",18799999979,Order,113-9110408-0870108,MD-010408,Used DVD Box Set,1,amazon.com,Seller,,,,MarketplaceFacilitator,7.99,0.56,3.99,0.28,0,0,0,0.00,0,-0.84,-3.00,0.00,0.00,0.00,8.98,Released,
"Oct 14, 2025 5:40:59 PM PDT",18799999979,Order,113-9010420-3149354,BK-010420,Like New Field Guide,1,amazon.com,Seller,,,,MarketplaceFacilitator,8.99,0.63,3.99,0.28,0,0,0,0.00,0,-0.91,-3.15,0.00,0.00,0.00,9.83,Released,
"Oct 14, 2025 6:06:11 PM PDT",18799999979,Order,113-8010405-2354417,EL-010405,Used Headphones,1,amazon.com,Seller,,,,MarketplaceFacilitator,14.99,1.05,5.99,0.42,0,0,0,0.00,0,-1.47,-2.25,0.00,0.00,0.00,18.73,Released,
"Oct 14, 2025 6:36:49 PM PDT",18799999979,Order,112-9110409-2975108,BK-010409,Used Textbook,1,amazon.com,Seller,,,,MarketplaceFacilitator,25.99,1.82,3.99,0.28,0,0,0,0.00,0,-2.10,-5.70,0.00,0.00,0.00,24.28,Released,
"Oct 14, 2025 6:40:20 PM PDT",18799999979,Order,114-4010416-7840051,BK-010416,Antique Atlas,1,amazon.com,Seller,,,,MarketplaceFacilitator,16.99,1.19,3.99,0.28,0,0,0,0.00,0,-1.47,-4.35,0.00,0.00,0.00,16.63,Released,
"Oct 14, 2025 7:09:17 PM PDT",18799999979,Order,114-0710425-4966952,BK-010425,Used Biography,1,amazon.com,Seller,,,,MarketplaceFacilitator,7.99,0.56,3.99,0.28,0,0,0,0.00,0,-0.84,-3.00,0.00,0.00,0.00,8.98,Released,
"Oct 14, 2025 7:55:29 PM PDT",18799999979,Order,111-7110404-2115556,CO-010404,Classic Figurine,1,amazon.com,Seller,,,,MarketplaceFacilitator,19.99,1.40,5.99,0.42,0,0,0,0.00,0,-1.82,-3.00,0.00,0.00,0.00,22.98,Released,
"Oct 14, 2025 8:27:48 PM PDT",18799999979,Order,112-7510394-0007784,BK-010394,Mid-Century Field Guide,1,amazon.com,Seller,,,,MarketplaceFacilitator,8.99,0.63,3.99,0.28,0,0,0,0.00,0,-0.91,-3.15,0.00,0.00,0.00,9.83,Released,
"Oct 14, 2025 8:51:35 PM PDT",18799999979,Order,113-2710401-0928276,EL-010401,Antique Game Console,1,amazon.com,Seller,,,,MarketplaceFacilitator,31.99,2.24,5.99,0.42,0,0,0,0.00,0,-2.66,-4.80,0.00,0.00,0.00,33.18,Released,
"Oct 14, 2025 9:30:09 PM PDT",18799999979,Order,114-4310551-0763282,BK-010551,Mid-Century Cookbook,1,amazon.com,Seller,,,,MarketplaceFacilitator,14.99,1.05,3.99,0.28,0,0,0,0.00,0,-1.33,-4.05,0.00,0.00,0.00,14.93,Released,
"Oct 14, 2025 11:09:21 PM PDT",18799999979,Order,111-8110533-9663137,BK-010533,Classic Atlas,1,amazon.com,Seller,,,,MarketplaceFacilitator,1.99,0.14,3.99,0.28,0,0,0,0.00,0,-0.42,-2.10,0.00,0.00,0.00,3.88,Released,
"Oct 15, 2025 12:03:13 AM PDT",18799999979,Order,113-4710539-6099321,BK-010539,Pre-owned Cookbook,1,amazon.com,Seller,,,,MarketplaceFacilitator,10.99,0.77,3.99,0.28,0,0,0,0.00,0,-1.05,-3.45,0.00,0.00,0.00,11.53,Released,
"Oct 15, 2025 12:11:22 AM PDT",18799999979,Order,113-1610563-2004610,BK-010563,Classic Atlas,1,amazon.com,Seller,,,,MarketplaceFacilitator,5.99,0.42,3.99,0.28,0,0,0,0.00,0,-0.70,-2.70,0.00,0.00,0.00,7.28,Released,
"Oct 15, 2025 12:20:02 AM PDT",18799999979,Order,114-7910570-2924456,CO-010570,Classic Trading Card Lot,1,amazon.com,Seller,,,,MarketplaceFacilitator,10.99,0.77,5.99,0.42,0,0,0,0.00,0,-1.19,-1.65,0.00,0.00,0.00,15.33,Released,
"Oct 15, 2025 12:23:59 AM PDT",18799999979,Order,113-2710543-7353395,BK-010543,Vintage Textbook,1,amazon.com,Seller,,,,MarketplaceFacilitator,7.99,0.56,3.99,0.28,0,0,0,0.00,0,-0.84,-3.00,0.00,0.00,0.00,8.98,Released,
"Oct 15, 2025 12:40:57 AM PDT",18799999979,Order,114-3510526-5105592,BK-010526,Vintage Textbook,1,amazon.com,Seller,,,,MarketplaceFacilitator,8.99,0.63,3.99,0.28,0,0,0,0.00,0,-0.91,-3.15,0.00,0.00,0.00,9.83,Released,
"Oct 15, 2025 12:46:20 AM PDT",18799999979,Order,113-4410564-5066808,MD-010564,Like New DVD Box Set,1,amazon.com,Seller,,,,MarketplaceFacilitator,27.99,1.96,3.99,0.28,0,0,0,0.00,0,-2.24,-6.00,0.00,0.00,0.00,25.98,Released,
"Oct 15, 2025 1:14:19 AM PDT",18799999979,Order,112-0010567-9833878,CO-010567,Used Pewter Mug,1,amazon.com,Seller,,,,MarketplaceFacilitator,37.99,2.66,5.99,0.42,0,0,0,0.00,0,-3.08,-5.70,0.00,0.00,0.00,38.28,Released,
"Oct 15, 2025 1:15:51 AM PDT",18799999979,Order,111-1910571-7966351,BK-010571,Handmade Biography,1,amazon.com,Seller,,,,MarketplaceFacilitator,30.99,2.17,3.99,0.28,0,0,0,0.00,0,-2.45,-6.45,0.00,0.00,0.00,28.53,Released,
"Oct 15, 2025 1:47:25 AM PDT",18799999979,Order,111-7910561-9506325,BK-010561,Like New Biography,1,amazon.com,Seller,,,,MarketplaceFacilitator,27.99,1.96,3.99,0.28,0,0,0,0.00,0,-2.24,-6.00,0.00,0.00,0.00,25.98,Released,
"Oct 15, 2025 1:59:02 AM PDT",18799999979,Order,114-9110556-8426195,BK-010556,Classic Atlas,1,amazon.com,Seller,,,,MarketplaceFacilitator,9.99,0.70,3.99,0.28,0,0,0,0.00,0,-0.98,-3.30,0.00,0.00,0.00,10.68,Released,
"Oct 15, 2025 2:59:02 AM PDT",18799999979,Refund,113-4710539-6099321,BK-010539,Pre-owned Cookbook,1,amazon.com,Seller,,,,MarketplaceFacilitator,-10.99,-0.77,-3.99,-0.28,0,0,0,0.00,0,1.05,2.76,0.00,0.00,0.00,-12.22,Released,
"Oct 15, 2025 3:14:23 AM PDT",18799999979,Order,112-7610529-9336227,BK-010529,Mid-Century Textbook,1,amazon.com,Seller,,,,MarketplaceFacilitator,8.99,0.63,3.99,0.28,0,0,0,0.00,0,-0.91,-3.15,0.00,0.00,0.00,9.83,Released,
"Oct 15, 2025 3:32:50 AM PDT",18799999979,Order,112-2010550-6169048,TY-010550,Mid-Century Lego Lot,1,amazon.com,Seller,,,,MarketplaceFacilitator,9.99,0.70,5.99,0.42,0,0,0,0.00,0,-1.12,-1.50,0.00,0.00,0.00,14.48,Released,
"Oct 15, 2025 4:39:47 AM PDT",18799999979,Refund,114-9110556-8426195,BK-010556,Classic Atlas,1,amazon.com,Seller,,,,MarketplaceFacilitator,-9.99,-0.70,-3.99,-0.28,0,0,0,0.00,0,0.98,2.64,0.00,0.00,0.00,-11.34,Released,
"Oct 15, 2025 4:48:14 AM PDT",18799999979,Order,113-1410562-9127829,BK-010562,Like New Field Guide,1,amazon.com,Seller,,,,MarketplaceFacilitator,21.99,1.54,3.99,0.28,0,0,0,0.00,0,-1.82,-5.10,0.00,0.00,0.00,20.88,Released,
"Oct 15, 2025 5:23:14 AM PDT",18799999979,Order,113-7010532-1179176,BK-010532,Retro Field Guide,1,amazon.com,Seller,,,,MarketplaceFacilitator,23.99,1.68,3.99,0.28,0,0,0,0.00,0,-1.96,-5.40,0.00,0.00,0.00,22.58,Released,
"Oct 15, 2025 5:25:53 AM PDT",18799999979,Order,111-1310542-1072525,BK-010542,Classic Hardcover Novel,1,amazon.com,Seller,,,,MarketplaceFacilitator,13.99,0.98,3.99,0.28,0,0,0,0.00,0,-1.26,-3.90,0.00,0.00,0.00,14.08,Released,
"Oct 15, 2025 6:46:10 AM PDT",18799999979,Order,113-5510553-0639059,BK-010553,Pre-owned Biography,1,amazon.com,Seller,,,,MarketplaceFacilitator,18.99,1.33,3.99,0.28,0,0,0,0.00,0,-1.61,-4.65,0.00,0.00,0.00,18.33,Released,
"Oct 15, 2025 6:49:44 AM PDT",18799999979,Order,111-3810568-5012143,MD-010568,Lot of 2 Audiobook,1,amazon.com,Seller,,,,MarketplaceFacilitator,46.99,3.29,3.99,0.28,0,0,0,0.00,0,-3.57,-8.85,0.00,0.00,0.00,42.13,Released,
"Oct 15, 2025 6:55:24 AM PDT",18799999979,Order,113-2510536-6042376,BK-010536,Vintage Poetry Collection,1,amazon.com,Seller,,,,MarketplaceFacilitator,20.99,1.47,3.99,0.28,0,0,0,0.00,0,-1.75,-4.95,0.00,0.00,0.00,20.03,Released,
"Oct 15, 2025 7:25:36 AM PDT",18799999979,Order,111-4210560-4758694,TY-010560,Mid-Century Board Game,1,amazon.com,Seller,,,,MarketplaceFacilitator,33.99,2.38,5.99,0.42,0,0,0,0.00,0,-2.80,-5.10,0.00,0.00,0.00,34.88,Released,
"Oct 15, 2025 8:20:14 AM PDT",18799999979,Order,111-8310574-5466556,BK-010574,Like New Paperback Lot,1,amazon.com,Seller,,,,MarketplaceFacilitator,41.99,2.94,3.99,0.28,0,0,0,0.00,0,-3.22,-8.10,0.00,0.00,0.00,37.88,Released,
"Oct 15, 2025 9:16:14 AM PDT",18799999979,Order,113-6710544-4485559,BK-010544,Classic Hardcover Novel,1,amazon.com,Seller,,,,MarketplaceFacilitator,14.99,1.05,3.99,0.28,0,0,0,0.00,0,-1.33,-4.05,0.00,0.00,0.00,14.93,Released,
"Oct 15, 2025 10:44:48 AM PDT",18799999979,Order,114-8010534-8335934,MD-010534,Mid-Century Audiobook,1,amazon.com,Seller,,,,MarketplaceFacilitator,26.99,1.89,3.99,0.28,0,0,0,0.00,0,-2.17,-5.85,0.00,0.00,0.00,25.13,Released,
"Oct 15, 2025 11:00:31 AM PDT",18799999979,Order,112-2710554-1525172,EL-010554,Classic Camera Lens,1,amazon.com,Seller,,,,MarketplaceFacilitator,15.99,1.12,5.99,0.42,0,0,0,0.00,0,-1.54,-2.40,0.00,0.00,0.00,19.58,Released,
"Oct 15, 2025 11:16:41 AM PDT",18799999979,Order,114-0610547-9805292,CO-010547,Lot of 2 Trading Card Lot,1,amazon.com,Seller,,,,MarketplaceFacilitator,13.99,0.98,5.99,0.42,0,0,0,0.00,0,-1.40,-2.10,0.00,0.00,0.00,17.88,Released,
"Oct 15, 2025 11:22:16 AM PDT",18799999979,Order,112-5010573-4754011,BK-010573,Antique Poetry Collection,1,amazon.com,Seller,,,,MarketplaceFacilitator,24.99,1.75,3.99,0.28,0,0,0,0.00,0,-2.03,-5.55,0.00,0.00,0.00,23.43,Released,
"Oct 15, 2025 11:27:21 AM PDT",18799999979,Order,113-1610557-4416813,BK-010557,Lot of 2 Biography,1,amazon.com,Seller,,,,MarketplaceFacilitator,11.99,0.84,3.99,0.28,0,0,0,0.00,0,-1.12,-3.60,0.00,0.00,0.00,12.38,Released,
"Oct 15, 2025 12:21:15 PM PDT",18799999979,Order,113-8010548-7009849,BK-010548,Retro Paperback Lot,1,amazon.com,Seller,,,,MarketplaceFacilitator,7.99,0.56,3.99,0.28,0,0,0,0.00,0,-0.84,-3.00,0.00,0.00,0.00,8.98,Released,
"Oct 15, 2025 12:22:13 PM PDT",18799999979,Order,114-2410528-6783470,BK-010528,Like New Textbook,1,amazon.com,Seller,,,,MarketplaceFacilitator,10.99,0.77,3.99,0.28,0,0,0,0.00,0,-1.05,-3.45,0.00,0.00,0.00,11.53,Released,
"Oct 15, 2025 12:42:36 PM PDT",18799999979,Order,112-7610527-6500667,BK-010527,Retro Biography,1,amazon.com,Seller,,,,MarketplaceFacilitator,3.99,0.28,3.99,0.28,0,0,0,0.00,0,-0.56,-2.40,0.00,0.00,0.00,5.58,Released,
"Oct 15, 2025 1:05:52 PM PDT",18799999979,Order,114-0110537-7579956,BK-010537,Like New Textbook,1,amazon.com,Seller,,,,MarketplaceFacilitator,11.99,0.84,3.99,0.28,0,0,0,0.00,0,-1.12,-3.60,0.00,0.00,0.00,12.38,Released,
"Oct 15, 2025 1:08:03 PM PDT",18799999979,Order,112-3210569-9919567,BK-010569,Classic Field Guide,1,amazon.com,Seller,,,,MarketplaceFacilitator,10.99,0.77,3.99,0.28,0,0,0,0.00,0,-1.05,-3.45,0.00,0.00,0.00,11.53,Released,
"Oct 15, 2025 1:13:03 PM PDT",18799999979,Order,114-8810540-2395428,BK-010540,Retro Atlas,1,amazon.com,Seller,,,,MarketplaceFacilitator,12.99,0.91,3.99,0.28,0,0,0,0.00,0,-1.19,-3.75,0.00,0.00,0.00,13.23,Released,
"Oct 15, 2025 1:52:50 PM PDT",18799999979,Order,112-8810552-1523978,BK-010552,Used Paperback Lot,1,amazon.com,Seller,,,,MarketplaceFacilitator,12.99,0.91,3.99,0.28,0,0,0,0.00,0,-1.19,-3.75,0.00,0.00,0.00,13.23,Released,
"Oct 15, 2025 2:02:00 PM PDT",18799999979,Order,111-3910531-3419854,BK-010531,Antique Cookbook,1,amazon.com,Seller,,,,MarketplaceFacilitator,15.99,1.12,3.99,0.28,0,0,0,0.00,0,-1.40,-4.20,0.00,0.00,0.00,15.78,Released,
"Oct 15, 2025 2:26:26 PM PDT",18799999979,Order,113-4710538-6946510,BK-010538,Used Poetry Collection,1,amazon.com,Seller,,,,MarketplaceFacilitator,19.99,1.40,3.99,0.28,0,0,0,0.00,0,-1.68,-4.80,0.00,0.00,0.00,19.18,Released,
"Oct 15, 2025 2:51:00 PM PDT",18799999979,Order,112-2910555-7188774,MD-010555,Pre-owned DVD Box Set,1,amazon.com,Seller,,,,MarketplaceFacilitator,9.99,0.70,3.99,0.28,0,0,0,0.00,0,-0.98,-3.30,0.00,0.00,0.00,10.68,Released,
"Oct 15, 2025 3:33:00 PM PDT",18799999979,Service Fee,,,Subscription,,,,,,,,0.00,0.00,0.00,0.00,0,0,0,0.00,0,0.00,0.00,0.00,0.00,-39.99,-39.99,Released,
"Oct 15, 2025 4:16:54 PM PDT",18799999979,Order,111-2910541-5324351,BK-010541,Handmade Biography,1,amazon.com,Seller,,,,MarketplaceFacilitator,3.99,0.28,3.99,0.28,0,0,0,0.00,0,-0.56,-2.40,0.00,0.00,0.00,5.58,Released,
"Oct 15, 2025 4:51:57 PM PDT",18799999979,Order,111-4510549-1803695,BK-010549,Retro Field Guide,1,amazon.com,Seller,,,,MarketplaceFacilitator,13.99,0.98,3.99,0.28,0,0,0,0.00,0,-1.26,-3.90,0.00,0.00,0.00,14.08,Released,
"Oct 15, 2025 4:59:31 PM PDT",18799999979,Order,112-2410559-7832045,BK-010559,Lot of 2 Atlas,1,amazon.com,Seller,,,,MarketplaceFacilitator,20.99,1.47,3.99,0.28,0,0,0,0.00,0,-1.75,-4.95,0.00,0.00,0.00,20.03,Released,
"Oct 15, 2025 5:07:57 PM PDT",18799999979,Order,113-6410566-7629262,BK-010566,Handmade Cookbook,1,amazon.com,Seller,,,,MarketplaceFacilitator,14.99,1.05,3.99,0.28,0,0,0,0.00,0,-1.33,-4.05,0.00,0.00,0.00,14.93,Released,
"Oct 15, 2025 6:03:36 PM PDT",18799999979,Order,111-3710530-5519657,MD-010530,Lot of 2 Audiobook,1,amazon.com,Seller,,,,MarketplaceFacilitator,7.99,0.56,3.99,0.28,0,0,0,0.00,0,-0.84,-3.00,0.00,0.00,0.00,8.98,Released,
"Oct 15, 2025 6:33:36 PM PDT",18799999979,Order,112-4210545-9130658,BK-010545,Like New Textbook,1,amazon.com,Seller,,,,MarketplaceFacilitator,15.99,1.12,3.99,0.28,0,0,0,0.00,0,-1.40,-4.20,0.00,0.00,0.00,15.78,Released,
"Oct 15, 2025 7:07:40 PM PDT",18799999979,Order,112-8010546-6471931,BK-010546,Retro Field Guide,1,amazon.com,Seller,,,,MarketplaceFacilitator,12.99,0.91,3.99,0.28,0,0,0,0.00,0,-1.19,-3.75,0.00,0.00,0.00,13.23,Released,
"Oct 15, 2025 7:10:06 PM PDT",18799999979,Order,113-4010565-3292190,EL-010565,Mid-Century Headphones,1,amazon.com,Seller,,,,MarketplaceFacilitator,41.99,2.94,5.99,0.42,0,0,0,0.00,0,-3.36,-6.30,0.00,0.00,0.00,41.68,Released,
"Oct 15, 2025 7:38:59 PM PDT",18799999979,Order,111-7810572-9443356,BK-010572,Antique Cookbook,1,amazon.com,Seller,,,,MarketplaceFacilitator,9.99,0.70,3.99,0.28,0,0,0,0.00,0,-0.98,-3.30,0.00,0.00,0.00,10.68,Released,
"Oct 15, 2025 7:45:35 PM PDT",18799999979,Order,111-2110535-1362916,BK-010535,Antique Paperback Lot,1,amazon.com,Seller,,,,MarketplaceFacilitator,37.99,2.66,3.99,0.28,0,0,0,0.00,0,-2.94,-7.50,0.00,0.00,0.00,34.48,Released,
"Oct 15, 2025 8:18:51 PM PDT",18799999979,Order,114-4410558-3732145,BK-010558,Classic Textbook,1,amazon.com,Seller,,,,MarketplaceFacilitator,8.99,0.63,3.99,0.28,0,0,0,0.00,0,-0.91,-3.15,0.00,0.00,0.00,9.83,Released,
"Oct 15, 2025 8:24:43 PM PDT",18799999979,Refund,112-2410559-7832045,BK-010559,Lot of 2 Atlas,1,amazon.com,Seller,,,,MarketplaceFacilitator,-20.99,-1.47,-3.99,-0.28,0,0,0,0.00,0,1.75,3.96,0.00,0.00,0.00,-21.02,Released,
"Oct 15, 2025 10:48:45 PM PDT",18799999979,Order,111-7910705-4231431,BK-010705,Pre-owned Cookbook,1,amazon.com,Seller,,,,MarketplaceFacilitator,6.99,0.49,3.99,0.28,0,0,0,0.00,0,-0.77,-2.85,0.00,0.00,0.00,8.13,Released,
"Oct 15, 2025 10:54:26 PM PDT",18799999979,Order,111-4910683-2008135,BK-010683,Antique Poetry Collection,1,amazon.com,Seller,,,,MarketplaceFacilitator,10.99,0.77,3.99,0.28,0,0,0,0.00,0,-1.05,-3.45,0.00,0.00,0.00,11.53,Released,
"Oct 15, 2025 11:14:06 PM PDT",18799999979,Order,114-1410696-1366715,BK-010696,Like New Hardcover Novel,1,amazon.com,Seller,,,,MarketplaceFacilitator,7.99,0.56,3.99,0.28,0,0,0,0.00,0,-0.84,-3.00,0.00,0.00,0.00,8.98,Released,
"Oct 16, 2025 12:19:12 AM PDT",18799999979,Order,113-9310680-7117477,TY-010680,Used Plush Bear,1,amazon.com,Seller,,,,MarketplaceFacilitator,5.99,0.42,5.99,0.42,0,0,0,0.00,0,-0.84,-0.90,0.00,0.00,0.00,11.08,Released,
"Oct 16, 2025 12:25:42 AM PDT",18799999979,Order,111-2510691-1435560,BK-010691,Like New Atlas,1,amazon.com,Seller,,,,MarketplaceFacilitator,4.99,0.35,3.99,0.28,0,0,0,0.00,0,-0.63,-2.55,0.00,0.00,0.00,6.43,Released,
"Oct 16, 2025 1:22:21 AM PDT",18799999979,Order,112-4710688-5256383,BK-010688,Used Textbook,1,amazon.com,Seller,,,,MarketplaceFacilitator,11.99,0.84,3.99,0.28,0,0,0,0.00,0,-1.12,-3.60,0.00,0.00,0.00,12.38,Released,
"Oct 16, 2025 2:07:18 AM PDT",18799999979,Order,113-5110726-9249631,BK-010726,Classic Cookbook,1,amazon.com,Seller,,,,MarketplaceFacilitator,7.99,0.56,3.99,0.28,0,0,0,0.00,0,-0.84,-3.00,0.00,0.00,0.00,8.98,Released,
"Oct 16, 2025 4:23:01 AM PDT",18799999979,Order,112-7910699-8536935,CO-010699,Antique Pewter Mug,1,amazon.com,Seller,,,,MarketplaceFacilitator,24.99,1.75,5.99,0.42,0,0,0,0.00,0,-2.17,-3.75,0.00,0.00,0.00,27.23,Released,
"Oct 16, 2025 5:44:37 AM PDT",18799999979,Order,114-9510711-7996017,BK-010711,Pre-owned Atlas,1,amazon.com,Seller,,,,MarketplaceFacilitator,12.99,0.91,3.99,0.28,0,0,0,0.00,0,-1.19,-3.75,0.00,0.00,0.00,13.23,Released,
"Oct 16, 2025 6:12:41 AM PDT",18799999979,Order,111-7410677-7148930,MD-010677,Used Vinyl Record,1,amazon.com,Seller,,,,MarketplaceFacilitator,17.99,1.26,3.99,0.28,0,0,0,0.00,0,-1.54,-4.50,0.00,0.00,0.00,17.48,Released,
"Oct 16, 2025 6:35:02 AM PDT",18799999979,Order,112-0410729-7954280,BK-010729,Classic Cookbook,1,amazon.com,Seller,,,,MarketplaceFacilitator,14.99,1.05,3.99,0.28,0,0,0,0.00,0,-1.33,-4.05,0.00,0.00,0.00,14.93,Released,
"Oct 16, 2025 6:37:57 AM PDT",18799999979,Order,112-4510679-5980211,EL-010679,Mid-Century Game Console,1,amazon.com,Seller,,,,MarketplaceFacilitator,49.99,3.50,5.99,0.42,0,0,0,0.00,0,-3.92,-7.50,0.00,0.00,0.00,48.48,Released,
"Oct 16, 2025 6:41:45 AM PDT",18799999979,Order,114-2310702-1706932,BK-010702,Mid-Century Hardcover Novel,1,amazon.com,Seller,,,,MarketplaceFacilitator,24.99,1.75,3.99,0.28,0,0,0,0.00,0,-2.03,-5.55,0.00,0.00,0.00,23.43,Released,
"Oct 16, 2025 7:06:27 AM PDT",18799999979,Order,113-7210697-9430405,BK-010697,Mid-Century Cookbook,1,amazon.com,Seller,,,,MarketplaceFacilitator,12.99,0.91,3.99,0.28,0,0,0,0.00,0,-1.19,-3.75,0.00,0.00,0.00,13.23,Released,
"Oct 16, 2025 8:44:09 AM PDT",18799999979,Order,111-9910693-4893810,EL-010693,Lot of 2 Turntable,1,amazon.com,Seller,,,,MarketplaceFacilitator,30.99,2.17,5.99,0.42,0,0,0,0.00,0,-2.59,-4.65,0.00,0.00,0.00,32.33,Released,
"Oct 16, 2025 8:52:37 AM PDT",18799999979,Order,114-7310703-8025492,BK-010703,Mid-Century Atlas,1,amazon.com,Seller,,,,MarketplaceFacilitator,7.99,0.56,3.99,0.28,0,0,0,0.00,0,-0.84,-3.00,0.00,0.00,0.00,8.98,Released,
"Oct 16, 2025 8:55:17 AM PDT",18799999979,Order,113-5910723-7821341,MD-010723,Lot of 2 DVD Box Set,1,amazon.com,Seller,,,,MarketplaceFacilitator,12.99,0.91,3.99,0.28,0,0,0,0.00,0,-1.19,-3.75,0.00,0.00,0.00,13.23,Released,
"Oct 16, 2025 9:13:47 AM PDT",18799999979,Order,113-3210712-3935123,BK-010712,Lot of 2 Cookbook,1,amazon.com,Seller,,,,MarketplaceFacilitator,2.99,0.21,3.99,0.28,0,0,0,0.00,0,-0.49,-2.25,0.00,0.00,0.00,4.73,Released,
"Oct 16, 2025 9:18:29 AM PDT",18799999979,Order,112-8110725-2694452,BK-010725,Retro Hardcover Novel,1,amazon.com,Seller,,,,MarketplaceFacilitator,11.99,0.84,3.99,0.28,0,0,0,0.00,0,-1.12,-3.60,0.00,0.00,0.00,12.38,Released,
"Oct 16, 2025 9:44:49 AM PDT",18799999979,Order,113-0910716-1711254,BK-010716,Lot of 2 Hardcover Novel,1,amazon.com,Seller,,,,MarketplaceFacilitator,7.99,0.56,3.99,0.28,0,0,0,0.00,0,-0.84,-3.00,0.00,0.00,0.00,8.98,Released,
"Oct 16, 2025 9:54:34 AM PDT",18799999979,Order,111-7610717-6812914,TY-010717,Used Board Game,1,amazon.com,Seller,,,,MarketplaceFacilitator,23.99,1.68,5.99,0.42,0,0,0,0.00,0,-2.10,-3.60,0.00,0.00,0.00,26.38,Released,
"Oct 16, 2025 10:23:24 AM PDT",18799999979,Order,114-9710709-4636431,BK-010709,Classic Poetry Collection,1,amazon.com,Seller,,,,MarketplaceFacilitator,7.99,0.56,3.99,0.28,0,0,0,0.00,0,-0.84,-3.00,0.00,0.00,0.00,8.98,Released,
"Oct 16, 2025 10:30:18 AM PDT",18799999979,Order,114-5910720-0662398,MD-010720,Mid-Century Audiobook,1,amazon.com,Seller,,,,MarketplaceFacilitator,15.99,1.12,3.99,0.28,0,0,0,0.00,0,-1.40,-4.20,0.00,0.00,0.00,15.78,Released,
"Oct 16, 2025 10:32:52 AM PDT",18799999979,Order,111-0010687-5403261,BK-010687,Vintage Textbook,1,amazon.com,Seller,,,,MarketplaceFacilitator,19.99,1.40,3.99,0.28,0,0,0,0.00,0,-1.68,-4.80,0.00,0.00,0.00,19.18,Released,
"Oct 16, 2025 10:33:06 AM PDT",18799999979,Order,113-2110684-7705256,CO-010684,Antique Pewter Mug,1,amazon.com,Seller,,,,MarketplaceFacilitator,35.99,2.52,5.99,0.42,0,0,0,0.00,0,-2.94,-5.40,0.00,0.00,0.00,36.58,Released,
"Oct 16, 2025 11:45:25 AM PDT",18799999979,Order,112-6110727-2016099,BK-010727,Used Field Guide,1,amazon.com,Seller,,,,MarketplaceFacilitator,24.99,1.75,3.99,0.28,0,0,0,0.00,0,-2.03,-5.55,0.00,0.00,0.00,23.43,Released,
"Oct 16, 2025 11:47:33 AM PDT",18799999979,Order,111-0510701-6031018,BK-010701,Mid-Century Paperback Lot,1,amazon.com,Seller,,,,MarketplaceFacilitator,11.99,0.84,3.99,0.28,0,0,0,0.00,0,-1.12,-3.60,0.00,0.00,0.00,12.38,Released,
"Oct 16, 2025 12:22:34 PM PDT",18799999979,Order,112-7510719-9718660,BK-010719,Handmade Atlas,1,amazon.com,Seller,,,,MarketplaceFacilitator,1.99,0.14,3.99,0.28,0,0,0,0.00,0,-0.42,-2.10,0.00,0.00,0.00,3.88,Released,
"Oct 16, 2025 12:31:20 PM PDT",18799999979,Order,113-9510706-8911122,BK-010706,Handmade Hardcover Novel,1,amazon.com,Seller,,,,MarketplaceFacilitator,11.99,0.84,3.99,0.28,0,0,0,0.00,0,-1.12,-3.60,0.00,0.00,0.00,12.38,Released,
"Oct 16, 2025 12:40:26 PM PDT",18799999979,Order,112-5410681-3581993,BK-010681,Mid-Century Field Guide,1,amazon.com,Seller,,,,MarketplaceFacilitator,13.99,0.98,3.99,0.28,0,0,0,0.00,0,-1.26,-3.90,0.00,0.00,0.00,14.08,Released,
"Oct 16, 2025 12:53:25 PM PDT",18799999979,Order,112-1210694-2283291,BK-010694,Mid-Century Hardcover Novel,1,amazon.com,Seller,,,,MarketplaceFacilitator,7.99,0.56,3.99,0.28,0,0,0,0.00,0,-0.84,-3.00,0.00,0.00,0.00,8.98,Released,
"Oct 16, 2025 1:05:08 PM PDT",18799999979,Order,111-5110714-8682578,BK-010714,Lot of 2 Atlas,1,amazon.com,Seller,,,,MarketplaceFacilitator,6.99,0.49,3.99,0.28,0,0,0,0.00,0,-0.77,-2.85,0.00,0.00,0.00,8.13,Released,
"Oct 16, 2025 1:10:35 PM PDT",18799999979,Order,112-9510692-4487973,BK-010692,Classic Textbook,1,amazon.com,Seller,,,,MarketplaceFacilitator,18.99,1.33,3.99,0.28,0,0,0,0.00,0,-1.61,-4.65,0.00,0.00,0.00,18.33,Released,
"Oct 16, 2025 1:39:19 PM PDT",18799999979,Order,111-3810682-7761367,BK-010682,Antique Paperback Lot,1,amazon.com,Seller,,,,MarketplaceFacilitator,6.99,0.49,3.99,0.28,0,0,0,0.00,0,-0.77,-2.85,0.00,0.00,0.00,8.13,Released,
"Oct 16, 2025 2:33:05 PM PDT",18799999979,Order,112-0910678-1603114,MD-010678,Antique DVD Box Set,1,amazon.com,Seller,,,,MarketplaceFacilitator,8.99,0.63,3.99,0.28,0,0,0,0.00,0,-0.91,-3.15,0.00,0.00,0.00,9.83,Released,
"Oct 16, 2025 2:38:30 PM PDT",18799999979,Order,111-4810704-2900691,BK-010704,Pre-owned Textbook,1,amazon.com,Seller,,,,MarketplaceFacilitator,6.99,0.49,3.99,0.28,0,0,0,0.00,0,-0.77,-2.85,0.00,0.00,0.00,8.13,Released,
"Oct 16, 2025 2:58:37 PM PDT",18799999979,Order,112-3710718-9957487,BK-010718,Vintage Hardcover Novel,1,amazon.com,Seller,,,,MarketplaceFacilitator,10.99,0.77,3.99,0.28,0,0,0,0.00,0,-1.05,-3.45,0.00,0.00,0.00,11.53,Released,
"Oct 16, 2025 3:00:59 PM PDT",18799999979,Order,111-3410721-5874275,BK-010721,Handmade Atlas,1,amazon.com,Seller,,,,MarketplaceFacilitator,24.99,1.75,3.99,0.28,0,0,0,0.00,0,-2.03,-5.55,0.00,0.00,0.00,23.43,Released,
"Oct 16, 2025 3:06:47 PM PDT",18799999979,Refund,112-9510692-4487973,BK-010692,Classic Textbook,1,amazon.com,Seller,,,,MarketplaceFacilitator,-18.99,-1.33,-3.99,-0.28,0,0,0,0.00,0,1.61,3.72,0.00,0.00,0.00,-19.26,Released,
"Oct 16, 2025 4:37:31 PM PDT",18799999979,Order,114-3710728-0323810,CO-010728,Vintage Coin Lot,1,amazon.com,Seller,,,,MarketplaceFacilitator,45.99,3.22,5.99,0.42,0,0,0,0.00,0,-3.64,-6.90,0.00,0.00,0.00,45.08,Released,
"Oct 16, 2025 4:38:47 PM PDT",18799999979,Order,111-1710695-2671651,BK-010695,Retro Paperback Lot,1,amazon.com,Seller,,,,MarketplaceFacilitator,5.99,0.42,3.99,0.28,0,0,0,0.00,0,-0.70,-2.70,0.00,0.00,0.00,7.28,Released,
"Oct 16, 2025 4:52:25 PM PDT",18799999979,Order,114-5210713-0929077,EL-010713,Like New Turntable,1,amazon.com,Seller,,,,MarketplaceFacilitator,123.99,8.68,5.99,0.42,0,0,0,0.00,0,-9.10,-18.60,0.00,0.00,0.00,111.38,Released,
"Oct 16, 2025 5:33:45 PM PDT",18799999979,Order,111-1610722-7255186,BK-010722,Classic Cookbook,1,amazon.com,Seller,,,,MarketplaceFacilitator,14.99,1.05,3.99,0.28,0,0,0,0.00,0,-1.33,-4.05,0.00,0.00,0.00,14.93,Released,
"Oct 16, 2025 5:42:07 PM PDT",18799999979,Order,112-8010715-1067723,BK-010715,Used Hardcover Novel,1,amazon.com,Seller,,,,MarketplaceFacilitator,15.99,1.12,3.99,0.28,0,0,0,0.00,0,-1.40,-4.20,0.00,0.00,0.00,15.78,Released,
"Oct 16, 2025 6:03:54 PM PDT",18799999979,Order,113-5410698-1576156,MD-010698,Classic Blu-ray Set,1,amazon.com,Seller,,,,MarketplaceFacilitator,11.99,0.84,3.99,0.28,0,0,0,0.00,0,-1.12,-3.60,0.00,0.00,0.00,12.38,Released,
"Oct 16, 2025 6:06:18 PM PDT",18799999979,Order,112-9910707-8052207,MD-010707,Retro Vinyl Record,1,amazon.com,Seller,,,,MarketplaceFacilitator,17.99,1.26,3.99,0.28,0,0,0,0.00,0,-1.54,-4.50,0.00,0.00,0.00,17.48,Released,
"Oct 16, 2025 6:15:20 PM PDT",18799999979,Order,111-7110710-6808261,BK-010710,Used Paperback Lot,1,amazon.com,Seller,,,,MarketplaceFacilitator,15.99,1.12,3.99,0.28,0,0,0,0.00,0,-1.40,-4.20,0.00,0.00,0.00,15.78,Released,
"Oct 16, 2025 6:17:52 PM PDT",18799999979,Order,113-7710676-4582094,BK-010676,Lot of 2 Paperback Lot,1,amazon.com,Seller,,,,MarketplaceFacilitator,17.99,1.26,3.99,0.28,0,0,0,0.00,0,-1.54,-4.50,0.00,0.00,0.00,17.48,Released,
"Oct 16, 2025 6:18:42 PM PDT",18799999979,Order,114-5610689-8777346,BK-010689,Classic Cookbook,1,amazon.com,Seller,,,,MarketplaceFacilitator,4.99,0.35,3.99,0.28,0,0,0,0.00,0,-0.63,-2.55,0.00,0.00,0.00,6.43,Released,
"Oct 16, 2025 7:04:06 PM PDT",18799999979,Order,113-2010700-0851895,BK-010700,Classic Biography,1,amazon.com,Seller,,,,MarketplaceFacilitator,9.99,0.70,3.99,0.28,0,0,0,0.00,0,-0.98,-3.30,0.00,0.00,0.00,10.68,Released,
"Oct 16, 2025 7:05:12 PM PDT",18799999979,Order,112-6610724-1551271,BK-010724,Antique Atlas,1,amazon.com,Seller,,,,MarketplaceFacilitator,26.99,1.89,3.99,0.28,0,0,0,0.00,0,-2.17,-5.85,0.00,0.00,0.00,25.13,Released,
"Oct 16, 2025 7:23:25 PM PDT",18799999979,Order,114-6010686-6596392,BK-010686,Lot of 2 Textbook,1,amazon.com,Seller,,,,MarketplaceFacilitator,24.99,1.75,3.99,0.28,0,0,0,0.00,0,-2.03,-5.55,0.00,0.00,0.00,23.43,Released,
"Oct 16, 2025 7:24:17 PM PDT",18799999979,Order,113-6310730-2036744,MD-010730,Retro Audiobook,1,amazon.com,Seller,,,,MarketplaceFacilitator,14.99,1.05,3.99,0.28,0,0,0,0.00,0,-1.33,-4.05,0.00,0.00,0.00,14.93,Released,
"Oct 16, 2025 7:44:32 PM PDT",18799999979,Order,113-1010708-0379586,BK-010708,Classic Hardcover Novel,1,amazon.com,Seller,,,,MarketplaceFacilitator,5.99,0.42,3.99,0.28,0,0,0,0.00,0,-0.70,-2.70,0.00,0.00,0.00,7.28,Released,
"Oct 16, 2025 7:53:53 PM PDT",18799999979,Order,113-9410690-8423113,EL-010690,Lot of 2 Camera Lens,1,amazon.com,Seller,,,,MarketplaceFacilitator,13.99,0.98,5.99,0.42,0,0,0,0.00,0,-1.40,-2.10,0.00,0.00,0.00,17.88,Released,
"Oct 16, 2025 7:55:40 PM PDT",18799999979,Order,111-9310731-0993087,CO-010731,Antique Snow Globe,1,amazon.com,Seller,,,,MarketplaceFacilitator,10.99,0.77,5.99,0.42,0,0,0,0.00,0,-1.19,-1.65,0.00,0.00,0.00,15.33,Released,
"Oct 16, 2025 8:25:23 PM PDT",18799999979,Order,114-1310685-5617301,BK-010685,Mid-Century Biography,1,amazon.com,Seller,,,,MarketplaceFacilitator,21.99,1.54,3.99,0.28,0,0,0,0.00,0,-1.82,-5.10,0.00,0.00,0.00,20.88,Released,
"Oct 16, 2025 8:59:59 PM PDT",18799999979,Refund,113-9410690-8423113,EL-010690,Lot of 2 Camera Lens,1,amazon.com,Seller,,,,MarketplaceFacilitator,-13.99,-0.98,-5.99,-0.42,0,0,0,0.00,0,1.40,1.68,0.00,0.00,0.00,-18.30,Released,
"Oct 16, 2025 8:59:59 PM PDT",18799999979,Refund,112-8010715-1067723,BK-010715,Used Hardcover Novel,1,amazon.com,Seller,,,,MarketplaceFacilitator,-15.99,-1.12,-3.99,-0.28,0,0,0,0.00,0,1.40,3.36,0.00,0.00,0.00,-16.62,Released,
"Oct 16, 2025 9:21:08 PM PDT",18799999980,Order,113-2910853-1747683,BK-010853,Classic Paperback Lot,1,amazon.com,Seller,,,,MarketplaceFacilitator,11.99,0.84,3.99,0.28,0,0,0,0.00,0,-1.12,-3.60,0.00,0.00,0.00,12.38,Released,
"Oct 16, 2025 10:16:32 PM PDT",18799999980,Order,111-2210834-2147231,BK-010834,Mid-Century Paperback Lot,1,amazon.com,Seller,,,,MarketplaceFacilitator,10.99,0.77,3.99,0.28,0,0,0,0.00,0,-1.05,-3.45,0.00,0.00,0.00,11.53,Released,
"Oct 16, 2025 11:39:10 PM PDT",18799999980,Order,111-7710869-1081764,EL-010869,Pre-owned Headphones,1,amazon.com,Seller,,,,MarketplaceFacilitator,78.99,5.53,5.99,0.42,0,0,0,0.00,0,-5.95,-11.85,0.00,0.00,0.00,73.13,Released,
"Oct 17, 2025 1:27:38 AM PDT",18799999980,Order,111-6510874-3795003,BK-010874,Classic Hardcover Novel,1,amazon.com,Seller,,,,MarketplaceFacilitator,6.99,0.49,3.99,0.28,0,0,0,0.00,0,-0.77,-2.85,0.00,0.00,0.00,8.13,Released,
"Oct 17, 2025 1:48:19 AM PDT",18799999980,Order,111-3210854-3251199,BK-010854,Handmade Cookbook,1,amazon.com,Seller,,,,MarketplaceFacilitator,43.99,3.08,3.99,0.28,0,0,0,0.00,0,-3.36,-8.40,0.00,0.00,0.00,39.58,Released,
"Oct 17, 2025 2:03:25 AM PDT",18799999980,Order,112-5910858-8883745,TY-010858,Handmade Lego Lot,1,amazon.com,Seller,,,,MarketplaceFacilitator,16.99,1.19,5.99,0.42,0,0,0,0.00,0,-1.61,-2.55,0.00,0.00,0.00,20.43,Released,
"Oct 17, 2025 2:11:57 AM PDT",18799999980,Order,113-5310855-6161707,CO-010855,Antique Coin Lot,1,amazon.com,Seller,,,,MarketplaceFacilitator,24.99,1.75,5.99,0.42,0,0,0,0.00,0,-2.17,-3.75,0.00,0.00,0.00,27.23,Released,
"Oct 17, 2025 2:19:14 AM PDT",18799999980,Order,111-3710862-7109354,BK-010862,Used Paperback Lot,1,amazon.com,Seller,,,,MarketplaceFacilitator,7.99,0.56,3.99,0.28,0,0,0,0.00,0,-0.84,-3.00,0.00,0.00,0.00,8.98,Released,
"Oct 17, 2025 2:54:20 AM PDT",18799999980,Order,111-1610870-9170883,TY-010870,Classic Puzzle 1000pc,1,amazon.com,Seller,,,,MarketplaceFacilitator,35.99,2.52,5.99,0.42,0,0,0,0.00,0,-2.94,-5.40,0.00,0.00,0.00,36.58,Released,
"Oct 17, 2025 2:58:21 AM PDT",18799999980,Order,111-2610876-0631101,BK-010876,Like New Paperback Lot,1,amazon.com,Seller,,,,MarketplaceFacilitator,4.99,0.35,3.99,0.28,0,0,0,0.00,0,-0.63,-2.55,0.00,0.00,0.00,6.43,Released,
"Oct 17, 2025 4:02:22 AM PDT",18799999980,Order,114-1510849-9924576,BK-010849,Antique Hardcover Novel,1,amazon.com,Seller,,,,MarketplaceFacilitator,3.99,0.28,3.99,0.28,0,0,0,0.00,0,-0.56,-2.40,0.00,0.00,0.00,5.58,Released,
"Oct 17, 2025 4:06:07 AM PDT",18799999980,Order,114-1210850-3357923,BK-010850,Mid-Century Cookbook,1,amazon.com,Seller,,,,MarketplaceFacilitator,4.99,0.35,3.99,0.28,0,0,0,0.00,0,-0.63,-2.55,0.00,0.00,0.00,6.43,Released,
"Oct 17, 2025 5:15:19 AM PDT",18799999980,Order,113-0210843-2255118,BK-010843,Used Field Guide,1,amazon.com,Seller,,,,MarketplaceFacilitator,11.99,0.84,3.99,0.28,0,0,0,0.00,0,-1.12,-3.60,0.00,0.00,0.00,12.38,Released,
"Oct 17, 2025 5:23:50 AM PDT",18799999980,Order,113-1410860-8255495,BK-010860,Like New Cookbook,1,amazon.com,Seller,,,,MarketplaceFacilitator,11.99,0.84,3.99,0.28,0,0,0,0.00,0,-1.12,-3.60,0.00,0.00,0.00,12.38,Released,
"Oct 17, 2025 5:51:33 AM PDT",18799999980,Order,112-0410856-0373269,BK-010856,Mid-Century Hardcover Novel,1,amazon.com,Seller,,,,MarketplaceFacilitator,30.99,2.17,3.99,0.28,0,0,0,0.00,0,-2.45,-6.45,0.00,0.00,0.00,28.53,Released,
"Oct 17, 2025 6:20:00 AM PDT",18799999979,Transfer,,,To account ending in: 0101,,,,,,,,0.00,0.00,0.00,0.00,0,0,0,0.00,0,0.00,0.00,0.00,0.00,0.00,-5837.23,Released,
"Oct 17, 2025 8:00:50 AM PDT",18799999980,Order,111-5910875-4935233,MD-010875,Retro DVD Box Set,1,amazon.com,Seller,,,,MarketplaceFacilitator,13.99,0.98,3.99,0.28,0,0,0,0.00,0,-1.26,-3.90,0.00,0.00,0.00,14.08,Released,
"Oct 17, 2025 9:16:39 AM PDT",18799999980,Order,114-9910837-2563146,BK-010837,Like New Textbook,1,amazon.com,Seller,,,,MarketplaceFacilitator,19.99,1.40,3.99,0.28,0,0,0,0.00,0,-1.68,-4.80,0.00,0.00,0.00,19.18,Released,
"Oct 17, 2025 9:30:42 AM PDT",18799999980,Order,111-4010835-4329252,BK-010835,Handmade Field Guide,1,amazon.com,Seller,,,,MarketplaceFacilitator,9.99,0.70,3.99,0.28,0,0,0,0.00,0,-0.98,-3.30,0.00,0.00,0.00,10.68,Released,
"Oct 17, 2025 9:41:06 AM PDT",18799999980,Order,114-1210836-0545940,MD-010836,Mid-Century Vinyl Record,1,amazon.com,Seller,,,,MarketplaceFacilitator,19.99,1.40,3.99,0.28,0,0,0,0.00,0,-1.68,-4.80,0.00,0.00,0.00,19.18,Released,
"Oct 17, 2025 10:04:11 AM PDT",18799999980,Order,112-8610833-5802855,BK-010833,Vintage Paperback Lot,1,amazon.com,Seller,,,,MarketplaceFacilitator,5.99,0.42,3.99,0.28,0,0,0,0.00,0,-0.70,-2.70,0.00,0.00,0.00,7.28,Released,
"Oct 17, 2025 10:40:38 AM PDT",18799999980,Order,114-6310846-4320138,BK-010846,Lot of 2 Poetry Collection,1,amazon.com,Seller,,,,MarketplaceFacilitator,12.99,0.91,3.99,0.28,0,0,0,0.00,0,-1.19,-3.75,0.00,0.00,0.00,13.23,Released,
"Oct 17, 2025 10:57:28 AM PDT",18799999980,Order,114-4510851-0467976,TY-010851,Vintage Board Game,1,amazon.com,Seller,,,,MarketplaceFacilitator,15.99,1.12,5.99,0.42,0,0,0,0.00,0,-1.54,-2.40,0.00,0.00,0.00,19.58,Released,
"Oct 17, 2025 10:58:23 AM PDT",18799999980,Order,111-3510832-6092217,BK-010832,Handmade Atlas,1,amazon.com,Seller,,,,MarketplaceFacilitator,4.99,0.35,3.99,0.28,0,0,0,0.00,0,-0.63,-2.55,0.00,0.00,0.00,6.43,Released,
"Oct 17, 2025 11:15:54 AM PDT",18799999980,Order,111-8710868-2726294,MD-010868,Vintage CD Lot,1,amazon.com,Seller,,,,MarketplaceFacilitator,6.99,0.49,3.99,0.28,0,0,0,0.00,0,-0.77,-2.85,0.00,0.00,0.00,8.13,Released,
"Oct 17, 2025 11:25:16 AM PDT",18799999980,Order,113-3110839-8866875,BK-010839,Pre-owned Field Guide,1,amazon.com,Seller,,,,MarketplaceFacilitator,2.99,0.21,3.99,0.28,0,0,0,0.00,0,-0.49,-2.25,0.00,0.00,0.00,4.73,Released,
"Oct 17, 2025 11:26:11 AM PDT",18799999980,Order,114-8510864-1857886,BK-010864,Handmade Biography,1,amazon.com,Seller,,,,MarketplaceFacilitator,8.99,0.63,3.99,0.28,0,0,0,0.00,0,-0.91,-3.15,0.00,0.00,0.00,9.83,Released,
"Oct 17, 2025 12:03:49 PM PDT",18799999980,Order,114-1310845-9943560,BK-010845,Used Poetry Collection,1,amazon.com,Seller,,,,MarketplaceFacilitator,11.99,0.84,3.99,0.28,0,0,0,0.00,0,-1.12,-3.60,0.00,0.00,0.00,12.38,Released,
"Oct 17, 2025 12:06:55 PM PDT",18799999980,Order,111-0210863-5953445,BK-010863,Lot of 2 Textbook,1,amazon.com,Seller,,,,MarketplaceFacilitator,13.99,0.98,3.99,0.28,0,0,0,0.00,0,-1.26,-3.90,0.00,0.00,0.00,14.08,Released,
"Oct 17, 2025 12:26:15 PM PDT",18799999980,Order,113-5610873-0895764,BK-010873,Pre-owned Poetry Collection,1,amazon.com,Seller,,,,MarketplaceFacilitator,32.99,2.31,3.99,0.28,0,0,0,0.00,0,-2.59,-6.75,0.00,0.00,0.00,30.23,Released,
"Oct 17, 2025 12:52:02 PM PDT",18799999980,Order,112-0510848-0098799,MD-010848,Classic CD Lot,1,amazon.com,Seller,,,,MarketplaceFacilitator,23.99,1.68,3.99,0.28,0,0,0,0.00,0,-1.96,-5.40,0.00,0.00,0.00,22.58,Released,
"Oct 17, 2025 1:45:10 PM PDT",18799999980,Order,112-6310847-7857708,EL-010847,Lot of 2 Turntable,1,amazon.com,Seller,,,,MarketplaceFacilitator,21.99,1.54,5.99,0.42,0,0,0,0.00,0,-1.96,-3.30,0.00,0.00,0.00,24.68,Released,
"Oct 17, 2025 1:45:17 PM PDT",18799999980,Order,114-2510866-0232161,MD-010866,Used CD Lot,1,amazon.com,Seller,,,,MarketplaceFacilitator,5.99,0.42,3.99,0.28,0,0,0,0.00,0,-0.70,-2.70,0.00,0.00,0.00,7.28,Released,
"Oct 17, 2025 2:06:23 PM PDT",18799999980,Order,111-8310844-0532744,BK-010844,Used Hardcover Novel,1,amazon.com,Seller,,,,MarketplaceFacilitator,28.99,2.03,3.99,0.28,0,0,0,0.00,0,-2.31,-6.15,0.00,0.00,0.00,26.83,Released,
"Oct 17, 2025 3:15:31 PM PDT",18799999980,Order,112-0610867-2120849,EL-010867,Handmade Portable Radio,1,amazon.com,Seller,,,,MarketplaceFacilitator,22.99,1.61,5.99,0.42,0,0,0,0.00,0,-2.03,-3.45,0.00,0.00,0.00,25.53,Released,
"Oct 17, 2025 3:30:44 PM PDT",18799999980,Order,111-5810865-6617828,BK-010865,Vintage Hardcover Novel,1,amazon.com,Seller,,,,MarketplaceFacilitator,12.99,0.91,3.99,0.28,0,0,0,0.00,0,-1.19,-3.75,0.00,0.00,0.00,13.23,Released,
"Oct 17, 2025 3:37:21 PM PDT",18799999980,Order,111-0310857-5764892,MD-010857,Handmade DVD Box Set,1,amazon.com,Seller,,,,MarketplaceFacilitator,8.99,0.63,3.99,0.28,0,0,0,0.00,0,-0.91,-3.15,0.00,0.00,0.00,9.83,Released,
"Oct 17, 2025 4:15:10 PM PDT",18799999980,Order,113-2510838-3344187,TY-010838,Used Plush Bear,1,amazon.com,Seller,,,,MarketplaceFacilitator,8.99,0.63,5.99,0.42,0,0,0,0.00,0,-1.05,-1.35,0.00,0.00,0.00,13.63,Released,
"Oct 17, 2025 4:35:09 PM PDT",18799999980,Order,114-5110859-9842694,BK-010859,Handmade Textbook,1,amazon.com,Seller,,,,MarketplaceFacilitator,4.99,0.35,3.99,0.28,0,0,0,0.00,0,-0.63,-2.55,0.00,0.00,0.00,6.43,Released,
"Oct 17, 2025 4:39:37 PM PDT",18799999980,Order,113-6110871-1870889,BK-010871,Used Hardcover Novel,1,amazon.com,Seller,,,,MarketplaceFacilitator,7.99,0.56,3.99,0.28,0,0,0,0.00,0,-0.84,-3.00,0.00,0.00,0.00,8.98,Released,
"Oct 17, 2025 4:53:24 PM PDT",18799999980,Order,112-9810861-9932061,BK-010861,Pre-owned Cookbook,1,amazon.com,Seller,,,,MarketplaceFacilitator,13.99,0.98,3.99,0.28,0,0,0,0.00,0,-1.26,-3.90,0.00,0.00,0.00,14.08,Released,
"Oct 17, 2025 4:55:36 PM PDT",18799999980,Order,114-6610840-4134377,BK-010840,Like New Textbook,1,amazon.com,Seller,,,,MarketplaceFacilitator,19.99,1.40,3.99,0.28,0,0,0,0.00,0,-1.68,-4.80,0.00,0.00,0.00,19.18,Released,
"Oct 17, 2025 6:05:22 PM PDT",18799999980,Order,112-4010852-3265857,MD-010852,Retro CD Lot,1,amazon.com,Seller,,,,MarketplaceFacilitator,2.99,0.21,3.99,0.28,0,0,0,0.00,0,-0.49,-2.25,0.00,0.00,0.00,4.73,Released,
"Oct 17, 2025 6:25:30 PM PDT",18799999980,Order,112-1510831-7114700,BK-010831,Antique Biography,1,amazon.com,Seller,,,,MarketplaceFacilitator,13.99,0.98,3.99,0.28,0,0,0,0.00,0,-1.26,-3.90,0.00,0.00,0.00,14.08,Released,
"Oct 17, 2025 6:39:39 PM PDT",18799999980,Order,112-8010872-1287066,BK-010872,Used Paperback Lot,1,amazon.com,Seller,,,,MarketplaceFacilitator,9.99,0.70,3.99,0.28,0,0,0,0.00,0,-0.98,-3.30,0.00,0.00,0.00,10.68,Released,
"Oct 17, 2025 7:14:44 PM PDT",18799999980,Order,114-3610841-0604864,BK-010841,Vintage Hardcover Novel,1,amazon.com,Seller,,,,MarketplaceFacilitator,7.99,0.56,3.99,0.28,0,0,0,0.00,0,-0.84,-3.00,0.00,0.00,0.00,8.98,Released,
"Oct 17, 2025 7:22:16 PM PDT",18799999980,Refund,111-5810865-6617828,BK-010865,Vintage Hardcover Novel,1,amazon.com,Seller,,,,MarketplaceFacilitator,-12.99,-0.91,-3.99,-0.28,0,0,0,0.00,0,1.19,3.00,0.00,0.00,0.00,-13.98,Released,
"Oct 17, 2025 8:15:49 PM PDT",18799999980,Order,111-1510842-0890608,CO-010842,Pre-owned Snow Globe,1,amazon.com,Seller,,,,MarketplaceFacilitator,33.99,2.38,5.99,0.42,0,0,0,0.00,0,-2.80,-5.10,0.00,0.00,0.00,34.88,Released,
"Oct 17, 2025 10:54:31 PM PDT",18799999980,Order,112-8511004-0629846,MD-011004,Lot of 2 Vinyl Record,1,amazon.com,Seller,,,,MarketplaceFacilitator,18.99,1.33,3.99,0.28,0,0,0,0.00,0,-1.61,-4.65,0.00,0.00,0.00,18.33,Released,
"Oct 17, 2025 10:54:55 PM PDT",18799999980,Order,111-0010975-6113982,MD-010975,Antique CD Lot,1,amazon.com,Seller,,,,MarketplaceFacilitator,13.99,0.98,3.99,0.28,0,0,0,0.00,0,-1.26,-3.90,0.00,0.00,0.00,14.08,Released,
"Oct 18, 2025 12:44:47 AM PDT",18799999980,Order,112-7010992-7840269,BK-010992,Antique Cookbook,1,amazon.com,Seller,,,,MarketplaceFacilitator,30.99,2.17,3.99,0.28,0,0,0,0.00,0,-2.45,-6.45,0.00,0.00,0.00,28.53,Released,
"Oct 18, 2025 1:18:20 AM PDT",18799999980,Order,112-3010980-6010875,BK-010980,Retro Cookbook,1,amazon.com,Seller,,,,MarketplaceFacilitator,12.99,0.91,3.99,0.28,0,0,0,0.00,0,-1.19,-3.75,0.00,0.00,0.00,13.23,Released,
"Oct 18, 2025 2:35:59 AM PDT",18799999980,Order,111-6311001-3535962,MD-011001,Classic CD Lot,1,amazon.com,Seller,,,,MarketplaceFacilitator,33.99,2.38,3.99,0.28,0,0,0,0.00,0,-2.66,-6.90,0.00,0.00,0.00,31.08,Released,
"Oct 18, 2025 3:42:26 AM PDT",18799999980,Order,112-9310983-8099874,BK-010983,Retro Cookbook,1,amazon.com,Seller,,,,MarketplaceFacilitator,23.99,1.68,3.99,0.28,0,0,0,0.00,0,-1.96,-5.40,0.00,0.00,0.00,22.58,Released,
"Oct 18, 2025 4:03:50 AM PDT",18799999980,Order,114-3410972-3298019,EL-010972,Antique Headphones,1,amazon.com,Seller,,,,MarketplaceFacilitator,27.99,1.96,5.99,0.42,0,0,0,0.00,0,-2.38,-4.20,0.00,0.00,0.00,29.78,Released,
"Oct 18, 2025 5:14:28 AM PDT",18799999980,Order,113-4610985-5313842,MD-010985,Pre-owned Audiobook,1,amazon.com,Seller,,,,MarketplaceFacilitator,7.99,0.56,3.99,0.28,0,0,0,0.00,0,-0.84,-3.00,0.00,0.00,0.00,8.98,Released,
"Oct 18, 2025 6:42:18 AM PDT",18799999980,Refund,113-4610985-5313842,MD-010985,Pre-owned Audiobook,1,amazon.com,Seller,,,,MarketplaceFacilitator,-7.99,-0.56,-3.99,-0.28,0,0,0,0.00,0,0.84,2.40,0.00,0.00,0.00,-9.58,Released,
"Oct 18, 2025 6:51:26 AM PDT",18799999980,Order,111-4811005-3379975,BK-011005,Pre-owned Textbook,1,amazon.com,Seller,,,,MarketplaceFacilitator,18.99,1.33,3.99,0.28,0,0,0,0.00,0,-1.61,-4.65,0.00,0.00,0.00,18.33,Released,
"Oct 18, 2025 6:54:32 AM PDT",18799999980,Order,113-6010991-3730753,MD-010991,Pre-owned DVD Box Set,1,amazon.com,Seller,,,,MarketplaceFacilitator,14.99,1.05,3.99,0.28,0,0,0,0.00,0,-1.33,-4.05,0.00,0.00,0.00,14.93,Released,
"Oct 18, 2025 6:57:23 AM PDT",18799999980,Order,113-4910989-9557663,BK-010989,Vintage Cookbook,1,amazon.com,Seller,,,,MarketplaceFacilitator,23.99,1.68,3.99,0.28,0,0,0,0.00,0,-1.96,-5.40,0.00,0.00,0.00,22.58,Released,
"Oct 18, 2025 7:05:31 AM PDT",18799999980,Order,111-9210997-0686828,TY-010997,Used Plush Bear,1,amazon.com,Seller,,,,MarketplaceFacilitator,11.99,0.84,5.99,0.42,0,0,0,0.00,0,-1.26,-1.80,0.00,0.00,0.00,16.18,Released,
"Oct 18, 2025 7:56:57 AM PDT",18799999980,Order,112-5810971-8553879,BK-010971,Mid-Century Textbook,1,amazon.com,Seller,,,,MarketplaceFacilitator,7.99,0.56,3.99,0.28,0,0,0,0.00,0,-0.84,-3.00,0.00,0.00,0.00,8.98,Released,
"Oct 18, 2025 8:16:58 AM PDT",18799999980,Order,113-6710990-0741002,MD-010990,Classic Blu-ray Set,1,amazon.com,Seller,,,,MarketplaceFacilitator,12.99,0.91,3.99,0.28,0,0,0,0.00,0,-1.19,-3.75,0.00,0.00,0.00,13.23,Released,
"Oct 18, 2025 8:35:54 AM PDT",18799999980,Order,113-7010987-8785859,BK-010987,Used Hardcover Novel,1,amazon.com,Seller,,,,MarketplaceFacilitator,16.99,1.19,3.99,0.28,0,0,0,0.00,0,-1.47,-4.35,0.00,0.00,0.00,16.63,Released,
"Oct 18, 2025 10:14:59 AM PDT",18799999980,Order,113-5610993-4780521,MD-010993,Retro Blu-ray Set,1,amazon.com,Seller,,,,MarketplaceFacilitator,10.99,0.77,3.99,0.28,0,0,0,0.00,0,-1.05,-3.45,0.00,0.00,0.00,11.53,Released,
"Oct 18, 2025 11:37:47 AM PDT",18799999980,Order,112-5511000-5678418,BK-011000,Like New Field Guide,1,amazon.com,Seller,,,,MarketplaceFacilitator,8.99,0.63,3.99,0.28,0,0,0,0.00,0,-0.91,-3.15,0.00,0.00,0.00,9.83,Released,
"Oct 18, 2025 11:40:57 AM PDT",18799999980,Order,111-4010986-3031264,BK-010986,Mid-Century Cookbook,1,amazon.com,Seller,,,,MarketplaceFacilitator,18.99,1.33,3.99,0.28,0,0,0,0.00,0,-1.61,-4.65,0.00,0.00,0.00,18.33,Released,
"Oct 18, 2025 11:46:12 AM PDT",18799999980,Order,113-4110998-8064962,BK-010998,Like New Atlas,1,amazon.com,Seller,,,,MarketplaceFacilitator,24.99,1.75,3.99,0.28,0,0,0,0.00,0,-2.03,-5.55,0.00,0.00,0.00,23.43,Released,
"Oct 18, 2025 11:51:46 AM PDT",18799999980,Order,113-2711002-7701425,EL-011002,Vintage Portable Radio,1,amazon.com,Seller,,,,MarketplaceFacilitator,48.99,3.43,5.99,0.42,0,0,0,0.00,0,-3.85,-7.35,0.00,0.00,0.00,47.63,Released,
"Oct 18, 2025 12:12:31 PM PDT",18799999980,Order,111-7410984-6232248,CO-010984,Classic Figurine,1,amazon.com,Seller,,,,MarketplaceFacilitator,41.99,2.94,5.99,0.42,0,0,0,0.00,0,-3.36,-6.30,0.00,0.00,0.00,41.68,Released,
"Oct 18, 2025 12:42:46 PM PDT",18799999980,Order,113-9210981-0915620,BK-010981,Retro Biography,1,amazon.com,Seller,,,,MarketplaceFacilitator,9.99,0.70,3.99,0.28,0,0,0,0.00,0,-0.98,-3.30,0.00,0.00,0.00,10.68,Released,
"Oct 18, 2025 12:57:46 PM PDT",18799999980,Order,111-0810977-5303765,BK-010977,Antique Biography,1,amazon.com,Seller,,,,MarketplaceFacilitator,5.99,0.42,3.99,0.28,0,0,0,0.00,0,-0.70,-2.70,0.00,0.00,0.00,7.28,Released,
"Oct 18, 2025 1:47:11 PM PDT",18799999980,Order,111-0010995-7599788,BK-010995,Vintage Biography,1,amazon.com,Seller,,,,MarketplaceFacilitator,38.99,2.73,3.99,0.28,0,0,0,0.00,0,-3.01,-7.65,0.00,0.00,0.00,35.33,Released,
"Oct 18, 2025 1:56:21 PM PDT",18799999980,Order,112-6311003-1110636,BK-011003,Lot of 2 Field Guide,1,amazon.com,Seller,,,,MarketplaceFacilitator,9.99,0.70,3.99,0.28,0,0,0,0.00,0,-0.98,-3.30,0.00,0.00,0.00,10.68,Released,
"Oct 18, 2025 1:58:31 PM PDT",18799999980,Order,111-9810999-3892818,TY-010999,Antique Plush Bear,1,amazon.com,Seller,,,,MarketplaceFacilitator,10.99,0.77,5.99,0.42,0,0,0,0.00,0,-1.19,-1.65,0.00,0.00,0.00,15.33,Released,
"Oct 18, 2025 3:08:32 PM PDT",18799999980,Order,113-9311006-6541808,BK-011006,Antique Biography,1,amazon.com,Seller,,,,MarketplaceFacilitator,29.99,2.10,3.99,0.28,0,0,0,0.00,0,-2.38,-6.30,0.00,0.00,0.00,27.68,Released,
"Oct 18, 2025 3:13:33 PM PDT",18799999980,Order,114-6111009-7898810,MD-011009,Like New DVD Box Set,1,amazon.com,Seller,,,,MarketplaceFacilitator,9.99,0.70,3.99,0.28,0,0,0,0.00,0,-0.98,-3.30,0.00,0.00,0.00,10.68,Released,
"Oct 18, 2025 3:59:48 PM PDT",18799999980,Order,113-7611008-3775992,BK-011008,Handmade Biography,1,amazon.com,Seller,,,,MarketplaceFacilitator,15.99,1.12,3.99,0.28,0,0,0,0.00,0,-1.40,-4.20,0.00,0.00,0.00,15.78,Released,
"Oct 18, 2025 4:01:28 PM PDT",18799999980,Order,112-3010982-0069305,BK-010982,Handmade Hardcover Novel,1,amazon.com,Seller,,,,MarketplaceFacilitator,14.99,1.05,3.99,0.28,0,0,0,0.00,0,-1.33,-4.05,0.00,0.00,0.00,14.93,Released,
"Oct 18, 2025 4:11:07 PM PDT",18799999980,Order,113-3210970-4596245,BK-010970,Pre-owned Textbook,1,amazon.com,Seller,,,,MarketplaceFacilitator,14.99,1.05,3.99,0.28,0,0,0,0.00,0,-1.33,-4.05,0.00,0.00,0.00,14.93,Released,
"Oct 18, 2025 4:25:33 PM PDT",18799999980,Order,114-8810978-0838770,BK-010978,Lot of 2 Atlas,1,amazon.com,Seller,,,,MarketplaceFacilitator,16.99,1.19,3.99,0.28,0,0,0,0.00,0,-1.47,-4.35,0.00,0.00,0.00,16.63,Released,
"Oct 18, 2025 4:32:20 PM PDT",18799999980,Order,111-0810988-2385758,BK-010988,Vintage Textbook,1,amazon.com,Seller,,,,MarketplaceFacilitator,11.99,0.84,3.99,0.28,0,0,0,0.00,0,-1.12,-3.60,0.00,0.00,0.00,12.38,Released,
"Oct 18, 2025 5:28:16 PM PDT",18799999980,Order,112-0910979-1283111,MD-010979,Vintage Audiobook,1,amazon.com,Seller,,,,MarketplaceFacilitator,8.99,0.63,3.99,0.28,0,0,0,0.00,0,-0.91,-3.15,0.00,0.00,0.00,9.83,Released,
"Oct 18, 2025 5:38:27 PM PDT",18799999980,Order,114-5811010-5371216,MD-011010,Handmade Blu-ray Set,1,amazon.com,Seller,,,,MarketplaceFacilitator,19.99,1.40,3.99,0.28,0,0,0,0.00,0,-1.68,-4.80,0.00,0.00,0.00,19.18,Released,
"Oct 18, 2025 5:38:56 PM PDT",18799999980,Order,111-2410994-1509708,MD-010994,Used Audiobook,1,amazon.com,Seller,,,,MarketplaceFacilitator,37.99,2.66,3.99,0.28,0,0,0,0.00,0,-2.94,-7.50,0.00,0.00,0.00,34.48,Released,
"Oct 18, 2025 5:47:10 PM PDT",18799999980,Order,111-6610973-1703847,MD-010973,Classic Vinyl Record,1,amazon.com,Seller,,,,MarketplaceFacilitator,11.99,0.84,3.99,0.28,0,0,0,0.00,0,-1.12,-3.60,0.00,0.00,0.00,12.38,Released,
"Oct 18, 2025 7:13:07 PM PDT",18799999980,Order,113-8910976-9159067,BK-010976,Pre-owned Field Guide,1,amazon.com,Seller,,,,MarketplaceFacilitator,16.99,1.19,3.99,0.28,0,0,0,0.00,0,-1.47,-4.35,0.00,0.00,0.00,16.63,Released,
"Oct 18, 2025 7:33:28 PM PDT",18799999980,Order,113-9510996-6991479,BK-010996,Antique Atlas,1,amazon.com,Seller,,,,MarketplaceFacilitator,5.99,0.42,3.99,0.28,0,0,0,0.00,0,-0.70,-2.70,0.00,0.00,0.00,7.28,Released,
"Oct 18, 2025 8:10:45 PM PDT",18799999980,Order,112-8310969-9890014,BK-010969,Handmade Field Guide,1,amazon.com,Seller,,,,MarketplaceFacilitator,31.99,2.24,3.99,0.28,0,0,0,0.00,0,-2.52,-6.60,0.00,0.00,0.00,29.38,Released,
"Oct 18, 2025 8:18:44 PM PDT",18799999980,Order,111-2611007-0859042,BK-011007,Vintage Poetry Collection,1,amazon.com,Seller,,,,MarketplaceFacilitator,17.99,1.26,3.99,0.28,0,0,0,0.00,0,-1.54,-4.50,0.00,0.00,0.00,17.48,Released,
"Oct 18, 2025 8:22:36 PM PDT",18799999980,Order,114-6410968-5596157,BK-010968,Classic Hardcover Novel,1,amazon.com,Seller,,,,MarketplaceFacilitator,11.99,0.84,3.99,0.28,0,0,0,0.00,0,-1.12,-3.60,0.00,0.00,0.00,12.38,Released,
"Oct 18, 2025 8:56:34 PM PDT",18799999980,Order,114-0610974-7428003,CO-010974,Like New Trading Card Lot,1,amazon.com,Seller,,,,MarketplaceFacilitator,7.99,0.56,5.99,0.42,0,0,0,0.00,0,-0.98,-1.20,0.00,0.00,0.00,12.78,Released,
"Oct 18, 2025 9:36:22 PM PDT",18799999980,Order,111-8511172-5031704,BK-011172,Classic Atlas,1,amazon.com,Seller,,,,MarketplaceFacilitator,2.99,0.21,3.99,0.28,0,0,0,0.00,0,-0.49,-2.25,0.00,0.00,0.00,4.73,Released,
"Oct 18, 2025 10:06:44 PM PDT",18799999980,Order,114-8511181-3855356,BK-011181,Like New Textbook,1,amazon.com,Seller,,,,MarketplaceFacilitator,7.99,0.56,3.99,0.28,0,0,0,0.00,0,-0.84,-3.00,0.00,0.00,0.00,8.98,Released,
"Oct 18, 2025 10:27:56 PM PDT",18799999980,Order,114-5811162-9649041,BK-011162,Retro Field Guide,1,amazon.com,Seller,,,,MarketplaceFacilitator,14.99,1.05,3.99,0.28,0,0,0,0.00,0,-1.33,-4.05,0.00,0.00,0.00,14.93,Released,
"Oct 18, 2025 11:10:06 PM PDT",18799999980,Order,112-8711141-7831616,BK-011141,Used Poetry Collection,1,amazon.com,Seller,,,,MarketplaceFacilitator,17.99,1.26,3.99,0.28,0,0,0,0.00,0,-1.54,-4.50,0.00,0.00,0.00,17.48,Released,
"Oct 18, 2025 11:32:38 PM PDT",18799999980,Order,111-6711129-6567604,BK-011129,Used Hardcover Novel,1,amazon.com,Seller,,,,MarketplaceFacilitator,15.99,1.12,3.99,0.28,0,0,0,0.00,0,-1.40,-4.20,0.00,0.00,0.00,15.78,Released,
"Oct 19, 2025 1:13:47 AM PDT",18799999980,Order,112-6611159-1496662,BK-011159,Used Paperback Lot,1,amazon.com,Seller,,,,MarketplaceFacilitator,9.99,0.70,3.99,0.28,0,0,0,0.00,0,-0.98,-3.30,0.00,0.00,0.00,10.68,Released,
"Oct 19, 2025 1:22:49 AM PDT",18799999980,Order,111-7511167-6946002,EL-011167,Pre-owned Turntable,1,amazon.com,Seller,,,,MarketplaceFacilitator,110.99,7.77,5.99,0.42,0,0,0,0.00,0,-8.19,-16.65,0.00,0.00,0.00,100.33,Released,
"Oct 19, 2025 1:25:53 AM PDT",18799999980,Order,112-0111130-0277762,BK-011130,Mid-Century Textbook,1,amazon.com,Seller,,,,MarketplaceFacilitator,19.99,1.40,3.99,0.28,0,0,0,0.00,0,-1.68,-4.80,0.00,0.00,0.00,19.18,Released,
"Oct 19, 2025 1:40:35 AM PDT",18799999980,Order,112-2311176-9715267,MD-011176,Handmade Vinyl Record,1,amazon.com,Seller,,,,MarketplaceFacilitator,8.99,0.63,3.99,0.28,0,0,0,0.00,0,-0.91,-3.15,0.00,0.00,0.00,9.83,Released,
"Oct 19, 2025 2:14:38 AM PDT",18799999980,Order,112-2711163-4058066,BK-011163,Classic Field Guide,1,amazon.com,Seller,,,,MarketplaceFacilitator,4.99,0.35,3.99,0.28,0,0,0,0.00,0,-0.63,-2.55,0.00,0.00,0.00,6.43,Released,
"Oct 19, 2025 2:14:45 AM PDT",18799999980,Order,111-0811160-7344593,MD-011160,Retro Audiobook,1,amazon.com,Seller,,,,MarketplaceFacilitator,5.99,0.42,3.99,0.28,0,0,0,0.00,0,-0.70,-2.70,0.00,0.00,0.00,7.28,Released,
"Oct 19, 2025 3:07:42 AM PDT",18799999980,Order,113-8511143-2348801,CO-011143,Handmade Snow Globe,1,amazon.com,Seller,,,,MarketplaceFacilitator,15.99,1.12,5.99,0.42,0,0,0,0.00,0,-1.54,-2.40,0.00,0.00,0.00,19.58,Released,
"Oct 19, 2025 4:18:22 AM PDT",18799999980,Order,114-4611155-0656901,BK-011155,Lot of 2 Textbook,1,amazon.com,Seller,,,,MarketplaceFacilitator,12.99,0.91,3.99,0.28,0,0,0,0.00,0,-1.19,-3.75,0.00,0.00,0.00,13.23,Released,
"Oct 19, 2025 4:20:41 AM PDT",18799999980,Order,111-0111183-1618883,BK-011183,Mid-Century Cookbook,1,amazon.com,Seller,,,,MarketplaceFacilitator,6.99,0.49,3.99,0.28,0,0,0,0.00,0,-0.77,-2.85,0.00,0.00,0.00,8.13,Released,
"Oct 19, 2025 4:42:26 AM PDT",18799999980,Order,113-4711169-3679589,BK-011169,Mid-Century Hardcover Novel,1,amazon.com,Seller,,,,MarketplaceFacilitator,6.99,0.49,3.99,0.28,0,0,0,0.00,0,-0.77,-2.85,0.00,0.00,0.00,8.13,Released,
"Oct 19, 2025 4:52:05 AM PDT",18799999980,Order,111-4711168-1024268,MD-011168,Mid-Century Blu-ray Set,1,amazon.com,Seller,,,,MarketplaceFacilitator,19.99,1.40,3.99,0.28,0,0,0,0.00,0,-1.68,-4.80,0.00,0.00,0.00,19.18,Released,
"Oct 19, 2025 5:38:03 AM PDT",18799999980,Order,112-9911182-2217098,BK-011182,Mid-Century Textbook,1,amazon.com,Seller,,,,MarketplaceFacilitator,29.99,2.10,3.99,0.28,0,0,0,0.00,0,-2.38,-6.30,0.00,0.00,0.00,27.68,Released,
"Oct 19, 2025 6:18:05 AM PDT",18799999980,Order,113-5411128-9244501,BK-011128,Mid-Century Hardcover Novel,1,amazon.com,Seller,,,,MarketplaceFacilitator,14.99,1.05,3.99,0.28,0,0,0,0.00,0,-1.33,-4.05,0.00,0.00,0.00,14.93,Released,
"Oct 19, 2025 7:24:02 AM PDT",18799999980,Order,113-3311136-3249714,BK-011136,Classic Textbook,1,amazon.com,Seller,,,,MarketplaceFacilitator,13.99,0.98,3.99,0.28,0,0,0,0.00,0,-1.26,-3.90,0.00,0.00,0.00,14.08,Released,
"Oct 19, 2025 7:26:16 AM PDT",18799999980,Order,114-2811146-1736837,CO-011146,Pre-owned Coin Lot,1,amazon.com,Seller,,,,MarketplaceFacilitator,46.99,3.29,5.99,0.42,0,0,0,0.00,0,-3.71,-7.05,0.00,0.00,0.00,45.93,Released,
"Oct 19, 2025 7:38:35 AM PDT",18799999980,Order,114-4011145-7562361,BK-011145,Vintage Field Guide,1,amazon.com,Seller,,,,MarketplaceFacilitator,14.99,1.05,3.99,0.28,0,0,0,0.00,0,-1.33,-4.05,0.00,0.00,0.00,14.93,Released,
"Oct 19, 2025 8:21:02 AM PDT",18799999980,Order,111-5711133-5496387,BK-011133,Retro Hardcover Novel,1,amazon.com,Seller,,,,MarketplaceFacilitator,12.99,0.91,3.99,0.28,0,0,0,0.00,0,-1.19,-3.75,0.00,0.00,0.00,13.23,Released,
"Oct 19, 2025 8:32:27 AM PDT",18799999980,Order,112-9411152-6393136,BK-011152,Used Biography,1,amazon.com,Seller,,,,MarketplaceFacilitator,10.99,0.77,3.99,0.28,0,0,0,0.00,0,-1.05,-3.45,0.00,0.00,0.00,11.53,Released,
"Oct 19, 2025 9:10:01 AM PDT",18799999980,Order,111-4011180-0250078,BK-011180,Handmade Biography,1,amazon.com,Seller,,,,MarketplaceFacilitator,15.99,1.12,3.99,0.28,0,0,0,0.00,0,-1.40,-4.20,0.00,0.00,0.00,15.78,Released,
"Oct 19, 2025 9:39:09 AM PDT",18799999980,Order,114-8311149-6168956,MD-011149,Vintage Audiobook,1,amazon.com,Seller,,,,MarketplaceFacilitator,41.99,2.94,3.99,0.28,0,0,0,0.00,0,-3.22,-8.10,0.00,0.00,0.00,37.88,Released,
"Oct 19, 2025 10:12:40 AM PDT",18799999980,Order,114-0611135-9368353,MD-011135,Used Blu-ray Set,1,amazon.com,Seller,,,,MarketplaceFacilitator,10.99,0.77,3.99,0.28,0,0,0,0.00,0,-1.05,-3.45,0.00,0.00,0.00,11.53,Released,
"Oct 19, 2025 10:12:45 AM PDT",18799999980,Order,114-8211142-6016005,BK-011142,Mid-Century Paperback Lot,1,amazon.com,Seller,,,,MarketplaceFacilitator,27.99,1.96,3.99,0.28,0,0,0,0.00,0,-2.24,-6.00,0.00,0.00,0.00,25.98,Released,
"Oct 19, 2025 10:28:43 AM PDT",18799999980,Order,114-2411138-7870844,BK-011138,Vintage Hardcover Novel,1,amazon.com,Seller,,,,MarketplaceFacilitator,10.99,0.77,3.99,0.28,0,0,0,0.00,0,-1.05,-3.45,0.00,0.00,0.00,11.53,Released,
"Oct 19, 2025 10:53:53 AM PDT",18799999980,Order,112-2211144-7669724,MD-011144,Mid-Century CD Lot,1,amazon.com,Seller,,,,MarketplaceFacilitator,13.99,0.98,3.99,0.28,0,0,0,0.00,0,-1.26,-3.90,0.00,0.00,0.00,14.08,Released,
"Oct 19, 2025 11:15:25 AM PDT",18799999980,Order,113-4711156-5418888,BK-011156,Lot of 2 Poetry Collection,1,amazon.com,Seller,,,,MarketplaceFacilitator,25.99,1.82,3.99,0.28,0,0,0,0.00,0,-2.10,-5.70,0.00,0.00,0.00,24.28,Released,
"Oct 19, 2025 11:18:28 AM PDT",18799999980,Order,114-4511151-5998207,BK-011151,Classic Hardcover Novel,1,amazon.com,Seller,,,,MarketplaceFacilitator,24.99,1.75,3.99,0.28,0,0,0,0.00,0,-2.03,-5.55,0.00,0.00,0.00,23.43,Released,
"Oct 19, 2025 11:50:35 AM PDT",18799999980,Order,114-5711174-3773734,TY-011174,Like New Lego Lot,1,amazon.com,Seller,,,,MarketplaceFacilitator,27.99,1.96,5.99,0.42,0,0,0,0.00,0,-2.38,-4.20,0.00,0.00,0.00,29.78,Released,
"Oct 19, 2025 12:16:33 PM PDT",18799999980,Order,114-7611166-1576710,BK-011166,Mid-Century Atlas,1,amazon.com,Seller,,,,MarketplaceFacilitator,14.99,1.05,3.99,0.28,0,0,0,0.00,0,-1.33,-4.05,0.00,0.00,0.00,14.93,Released,
"Oct 19, 2025 12:19:46 PM PDT",18799999980,Order,112-8311173-3010264,BK-011173,Antique Textbook,1,amazon.com,Seller,,,,MarketplaceFacilitator,17.99,1.26,3.99,0.28,0,0,0,0.00,0,-1.54,-4.50,0.00,0.00,0.00,17.48,Released,
"Oct 19, 2025 12:49:33 PM PDT",18799999980,Order,112-9211132-0008968,MD-011132,Pre-owned DVD Box Set,1,amazon.com,Seller,,,,MarketplaceFacilitator,8.99,0.63,3.99,0.28,0,0,0,0.00,0,-0.91,-3.15,0.00,0.00,0.00,9.83,Released,
"Oct 19, 2025 1:55:28 PM PDT",18799999980,Order,114-9811150-6203541,EL-011150,Mid-Century Camera Lens,1,amazon.com,Seller,,,,MarketplaceFacilitator,58.99,4.13,5.99,0.42,0,0,0,0.00,0,-4.55,-8.85,0.00,0.00,0.00,56.13,Released,
"Oct 19, 2025 2:27:17 PM PDT",18799999980,Order,113-7811170-6292829,EL-011170,Lot of 2 Camera Lens,1,amazon.com,Seller,,,,MarketplaceFacilitator,9.99,0.70,5.99,0.42,0,0,0,0.00,0,-1.12,-1.50,0.00,0.00,0.00,14.48,Released,
"Oct 19, 2025 2:59:35 PM PDT",18799999980,Order,111-0211178-1387907,BK-011178,Lot of 2 Cookbook,1,amazon.com,Seller,,,,MarketplaceFacilitator,9.99,0.70,3.99,0.28,0,0,0,0.00,0,-0.98,-3.30,0.00,0.00,0.00,10.68,Released,
"Oct 19, 2025 3:12:30 PM PDT",18799999980,Order,114-8511164-9839788,BK-011164,Lot of 2 Textbook,1,amazon.com,Seller,,,,MarketplaceFacilitator,13.99,0.98,3.99,0.28,0,0,0,0.00,0,-1.26,-3.90,0.00,0.00,0.00,14.08,Released,
"Oct 19, 2025 3:36:10 PM PDT",18799999980,Order,113-8311154-9300175,BK-011154,Antique Hardcover Novel,1,amazon.com,Seller,,,,MarketplaceFacilitator,5.99,0.42,3.99,0.28,0,0,0,0.00,0,-0.70,-2.70,0.00,0.00,0.00,7.28,Released,
"Oct 19, 2025 4:13:21 PM PDT",18799999980,Order,114-5711139-7784912,BK-011139,Pre-owned Paperback Lot,1,amazon.com,Seller,,,,MarketplaceFacilitator,10.99,0.77,3.99,0.28,0,0,0,0.00,0,-1.05,-3.45,0.00,0.00,0.00,11.53,Released,
"Oct 19, 2025 4:15:34 PM PDT",18799999980,Order,113-3311171-3538555,MD-011171,Retro CD Lot,1,amazon.com,Seller,,,,MarketplaceFacilitator,6.99,0.49,3.99,0.28,0,0,0,0.00,0,-0.77,-2.85,0.00,0.00,0.00,8.13,Released,
"Oct 19, 2025 4:57:54 PM PDT",18799999980,Order,113-3711134-0007525,BK-011134,Pre-owned Atlas,1,amazon.com,Seller,,,,MarketplaceFacilitator,7.99,0.56,3.99,0.28,0,0,0,0.00,0,-0.84,-3.00,0.00,0.00,0.00,8.98,Released,
"Oct 19, 2025 5:34:12 PM PDT",18799999980,Order,114-8411153-7005097,MD-011153,Used Vinyl Record,1,amazon.com,Seller,,,,MarketplaceFacilitator,5.99,0.42,3.99,0.28,0,0,0,0.00,0,-0.70,-2.70,0.00,0.00,0.00,7.28,Released,
"Oct 19, 2025 5:36:55 PM PDT",18799999980,Order,114-3311157-9159959,BK-011157,Used Hardcover Novel,1,amazon.com,Seller,,,,MarketplaceFacilitator,4.99,0.35,3.99,0.28,0,0,0,0.00,0,-0.63,-2.55,0.00,0.00,0.00,6.43,Released,
"Oct 19, 2025 5:41:10 PM PDT",18799999980,Order,114-6711161-5547310,BK-011161,Mid-Century Paperback Lot,1,amazon.com,Seller,,,,MarketplaceFacilitator,28.99,2.03,3.99,0.28,0,0,0,0.00,0,-2.31,-6.15,0.00,0.00,0.00,26.83,Released,
"Oct 19, 2025 5:46:34 PM PDT",18799999980,Order,113-6411175-9689612,MD-011175,Antique Blu-ray Set,1,amazon.com,Seller,,,,MarketplaceFacilitator,8.99,0.63,3.99,0.28,0,0,0,0.00,0,-0.91,-3.15,0.00,0.00,0.00,9.83,Released,
"Oct 19, 2025 5:57:14 PM PDT",18799999980,Order,112-1211177-5923387,TY-011177,Classic Puzzle 1000pc,1,amazon.com,Seller,,,,MarketplaceFacilitator,8.99,0.63,5.99,0.42,0,0,0,0.00,0,-1.05,-1.35,0.00,0.00,0.00,13.63,Released,
"Oct 19, 2025 6:00:02 PM PDT",18799999980,Order,112-8111137-3797694,MD-011137,Retro CD Lot,1,amazon.com,Seller,,,,MarketplaceFacilitator,13.99,0.98,3.99,0.28,0,0,0,0.00,0,-1.26,-3.90,0.00,0.00,0.00,14.08,Released,
"Oct 19, 2025 6:06:14 PM PDT",18799999980,Order,112-8411158-9870924,BK-011158,Vintage Hardcover Novel,1,amazon.com,Seller,,,,MarketplaceFacilitator,8.99,0.63,3.99,0.28,0,0,0,0.00,0,-0.91,-3.15,0.00,0.00,0.00,9.83,Released,
"Oct 19, 2025 6:42:43 PM PDT",18799999980,Order,113-2711148-9779673,BK-011148,Lot of 2 Textbook,1,amazon.com,Seller,,,,MarketplaceFacilitator,14.99,1.05,3.99,0.28,0,0,0,0.00,0,-1.33,-4.05,0.00,0.00,0.00,14.93,Released,
"Oct 19, 2025 6:54:23 PM PDT",18799999980,Order,111-2511179-3460677,BK-011179,Used Textbook,1,amazon.com,Seller,,,,MarketplaceFacilitator,27.99,1.96,3.99,0.28,0,0,0,0.00,0,-2.24,-6.00,0.00,0.00,0.00,25.98,Released,
"Oct 19, 2025 7:06:48 PM PDT",18799999980,Order,111-2811165-9903971,BK-011165,Mid-Century Poetry Collection,1,amazon.com,Seller,,,,MarketplaceFacilitator,4.99,0.35,3.99,0.28,0,0,0,0.00,0,-0.63,-2.55,0.00,0.00,0.00,6.43,Released,
"Oct 19, 2025 7:16:56 PM PDT",18799999980,Order,113-0011140-0305752,TY-011140,Handmade Puzzle 1000pc,1,amazon.com,Seller,,,,MarketplaceFacilitator,48.99,3.43,5.99,0.42,0,0,0,0.00,0,-3.85,-7.35,0.00,0.00,0.00,47.63,Released,
"Oct 19, 2025 7:42:04 PM PDT",18799999980,Order,112-0211131-0723764,MD-011131,Mid-Century Vinyl Record,1,amazon.com,Seller,,,,MarketplaceFacilitator,6.99,0.49,3.99,0.28,0,0,0,0.00,0,-0.77,-2.85,0.00,0.00,0.00,8.13,Released,
"Oct 19, 2025 8:42:29 PM PDT",18799999980,Order,112-5911147-1316837,BK-011147,Classic Cookbook,1,amazon.com,Seller,,,,MarketplaceFacilitator,7.99,0.56,3.99,0.28,0,0,0,0.00,0,-0.84,-3.00,0.00,0.00,0.00,8.98,Released,
"Oct 19, 2025 9:58:24 PM PDT",18799999980,Order,111-7311295-7548295,BK-011295,Pre-owned Field Guide,1,amazon.com,Seller,,,,MarketplaceFacilitator,6.99,0.49,3.99,0.28,0,0,0,0.00,0,-0.77,-2.85,0.00,0.00,0.00,8.13,Released,
"Oct 19, 2025 11:02:09 PM PDT",18799999980,Order,113-3811330-3904232,BK-011330,Mid-Century Paperback Lot,1,amazon.com,Seller,,,,MarketplaceFacilitator,17.99,1.26,3.99,0.28,0,0,0,0.00,0,-1.54,-4.50,0.00,0.00,0.00,17.48,Released,
"Oct 19, 2025 11:20:30 PM PDT",18799999980,Order,112-6911319-3393738,EL-011319,Antique Camera Lens,1,amazon.com,Seller,,,,MarketplaceFacilitator,36.99,2.59,5.99,0.42,0,0,0,0.00,0,-3.01,-5.55,0.00,0.00,0.00,37.43,Released,
"Oct 20, 2025 12:18:05 AM PDT",18799999980,Order,112-8711306-6132485,MD-011306,Vintage DVD Box Set,1,amazon.com,Seller,,,,MarketplaceFacilitator,10.99,0.77,3.99,0.28,0,0,0,0.00,0,-1.05,-3.45,0.00,0.00,0.00,11.53,Released,
"Oct 20, 2025 1:48:50 AM PDT",18799999980,Order,113-7111328-7592365,MD-011328,Classic DVD Box Set,1,amazon.com,Seller,,,,MarketplaceFacilitator,35.99,2.52,3.99,0.28,0,0,0,0.00,0,-2.80,-7.20,0.00,0.00,0.00,32.78,Released,
"Oct 20, 2025 2:04:27 AM PDT",18799999980,Order,112-5511291-9899305,BK-011291,Vintage Poetry Collection,1,amazon.com,Seller,,,,MarketplaceFacilitator,11.99,0.84,3.99,0.28,0,0,0,0.00,0,-1.12,-3.60,0.00,0.00,0.00,12.38,Released,
"Oct 20, 2025 2:45:02 AM PDT",18799999980,Order,113-1611316-1560949,BK-011316,Used Atlas,1,amazon.com,Seller,,,,MarketplaceFacilitator,9.99,0.70,3.99,0.28,0,0,0,0.00,0,-0.98,-3.30,0.00,0.00,0.00,10.68,Released,
"Oct 20, 2025 3:09:56 AM PDT",18799999980,Order,113-9211327-6024185,BK-011327,Handmade Paperback Lot,1,amazon.com,Seller,,,,MarketplaceFacilitator,15.99,1.12,3.99,0.28,0,0,0,0.00,0,-1.40,-4.20,0.00,0.00,0.00,15.78,Released,
"Oct 20, 2025 3:17:48 AM PDT",18799999980,Order,112-0211294-7759912,BK-011294,Antique Biography,1,amazon.com,Seller,,,,MarketplaceFacilitator,7.99,0.56,3.99,0.28,0,0,0,0.00,0,-0.84,-3.00,0.00,0.00,0.00,8.98,Released,
"Oct 20, 2025 4:00:19 AM PDT",18799999980,Order,114-1911317-4293474,BK-011317,Like New Textbook,1,amazon.com,Seller,,,,MarketplaceFacilitator,7.99,0.56,3.99,0.28,0,0,0,0.00,0,-0.84,-3.00,0.00,0.00,0.00,8.98,Released,
"Oct 20, 2025 5:04:29 AM PDT",18799999980,Order,112-9111314-5447016,BK-011314,Like New Hardcover Novel,1,amazon.com,Seller,,,,MarketplaceFacilitator,9.99,0.70,3.99,0.28,0,0,0,0.00,0,-0.98,-3.30,0.00,0.00,0.00,10.68,Released,
"Oct 20, 2025 5:08:32 AM PDT",18799999980,Order,113-5211318-7066984,MD-011318,Like New CD Lot,1,amazon.com,Seller,,,,MarketplaceFacilitator,23.99,1.68,3.99,0.28,0,0,0,0.00,0,-1.96,-5.40,0.00,0.00,0.00,22.58,Released,
"Oct 20, 2025 5:30:08 AM PDT",18799999980,Order,112-7611312-4167968,TY-011312,Classic Model Train,1,amazon.com,Seller,,,,MarketplaceFacilitator,19.99,1.40,5.99,0.42,0,0,0,0.00,0,-1.82,-3.00,0.00,0.00,0.00,22.98,Released,
"Oct 20, 2025 5:34:49 AM PDT",18799999980,Order,113-7511298-3849086,BK-011298,Retro Poetry Collection,1,amazon.com,Seller,,,,MarketplaceFacilitator,15.99,1.12,3.99,0.28,0,0,0,0.00,0,-1.40,-4.20,0.00,0.00,0.00,15.78,Released,
"Oct 20, 2025 5:49:33 AM PDT",18799999980,Order,113-3111310-5852603,BK-011310,Handmade Atlas,1,amazon.com,Seller,,,,MarketplaceFacilitator,16.99,1.19,3.99,0.28,0,0,0,0.00,0,-1.47,-4.35,0.00,0.00,0.00,16.63,Released,
"Oct 20, 2025 6:00:55 AM PDT",18799999980,Order,111-6311311-0314475,MD-011311,Used DVD Box Set,1,amazon.com,Seller,,,,MarketplaceFacilitator,13.99,0.98,3.99,0.28,0,0,0,0.00,0,-1.26,-3.90,0.00,0.00,0.00,14.08,Released,
"Oct 20, 2025 6:08:20 AM PDT",18799999980,Order,112-3711329-0793493,MD-011329,Mid-Century DVD Box Set,1,amazon.com,Seller,,,,MarketplaceFacilitator,20.99,1.47,3.99,0.28,0,0,0,0.00,0,-1.75,-4.95,0.00,0.00,0.00,20.03,Released,
"Oct 20, 2025 6:08:59 AM PDT",18799999980,Order,111-7311300-7560967,BK-011300,Handmade Biography,1,amazon.com,Seller,,,,MarketplaceFacilitator,4.99,0.35,3.99,0.28,0,0,0,0.00,0,-0.63,-2.55,0.00,0.00,0.00,6.43,Released,
"Oct 20, 2025 6:52:29 AM PDT",18799999980,Order,111-8711308-5754511,MD-011308,Handmade Blu-ray Set,1,amazon.com,Seller,,,,MarketplaceFacilitator,8.99,0.63,3.99,0.28,0,0,0,0.00,0,-0.91,-3.15,0.00,0.00,0.00,9.83,Released,
"Oct 20, 2025 6:56:51 AM PDT",18799999980,Order,113-4811307-5703242,BK-011307,Vintage Cookbook,1,amazon.com,Seller,,,,MarketplaceFacilitator,10.99,0.77,3.99,0.28,0,0,0,0.00,0,-1.05,-3.45,0.00,0.00,0.00,11.53,Released,
"Oct 20, 2025 7:07:51 AM PDT",18799999980,Order,112-6011302-0671496,MD-011302,Classic Audiobook,1,amazon.com,Seller,,,,MarketplaceFacilitator,5.99,0.42,3.99,0.28,0,0,0,0.00,0,-0.70,-2.70,0.00,0.00,0.00,7.28,Released,
"Oct 20, 2025 7:20:39 AM PDT",18799999980,Order,112-6911299-6954202,BK-011299,Classic Atlas,1,amazon.com,Seller,,,,MarketplaceFacilitator,12.99,0.91,3.99,0.28,0,0,0,0.00,0,-1.19,-3.75,0.00,0.00,0.00,13.23,Released,
"Oct 20, 2025 7:53:44 AM PDT",18799999980,Order,114-8811315-6491371,BK-011315,Mid-Century Hardcover Novel,1,amazon.com,Seller,,,,MarketplaceFacilitator,6.99,0.49,3.99,0.28,0,0,0,0.00,0,-0.77,-2.85,0.00,0.00,0.00,8.13,Released,
"Oct 20, 2025 8:06:33 AM PDT",18799999980,Order,111-1911323-9468289,BK-011323,Classic Biography,1,amazon.com,Seller,,,,MarketplaceFacilitator,18.99,1.33,3.99,0.28,0,0,0,0.00,0,-1.61,-4.65,0.00,0.00,0.00,18.33,Released,
"Oct 20, 2025 9:59:55 AM PDT",18799999980,Order,114-4811290-2294371,BK-011290,Like New Poetry Collection,1,amazon.com,Seller,,,,MarketplaceFacilitator,6.99,0.49,3.99,0.28,0,0,0,0.00,0,-0.77,-2.85,0.00,0.00,0.00,8.13,Released,
"Oct 20, 2025 10:00:54 AM PDT",18799999980,Order,111-0211321-5696631,BK-011321,Vintage Paperback Lot,1,amazon.com,Seller,,,,MarketplaceFacilitator,11.99,0.84,3.99,0.28,0,0,0,0.00,0,-1.12,-3.60,0.00,0.00,0.00,12.38,Released,
"Oct 20, 2025 10:39:56 AM PDT",18799999980,Order,112-9711305-4407179,BK-011305,Classic Paperback Lot,1,amazon.com,Seller,,,,MarketplaceFacilitator,22.99,1.61,3.99,0.28,0,0,0,0.00,0,-1.89,-5.25,0.00,0.00,0.00,21.73,Released,
"Oct 20, 2025 10:51:22 AM PDT",18799999980,Order,111-8311303-3909728,MD-011303,Mid-Century DVD Box Set,1,amazon.com,Seller,,,,MarketplaceFacilitator,15.99,1.12,3.99,0.28,0,0,0,0.00,0,-1.40,-4.20,0.00,0.00,0.00,15.78,Released,
"Oct 20, 2025 11:06:17 AM PDT",18799999980,Order,112-5111288-0565109,BK-011288,Classic Poetry Collection,1,amazon.com,Seller,,,,MarketplaceFacilitator,19.99,1.40,3.99,0.28,0,0,0,0.00,0,-1.68,-4.80,0.00,0.00,0.00,19.18,Released,
"Oct 20, 2025 11:21:53 AM PDT",18799999980,Order,112-2211292-2399388,BK-011292,Classic Biography,1,amazon.com,Seller,,,,MarketplaceFacilitator,5.99,0.42,3.99,0.28,0,0,0,0.00,0,-0.70,-2.70,0.00,0.00,0.00,7.28,Released,
"Oct 20, 2025 12:10:44 PM PDT",18799999980,Order,114-7311324-0298464,BK-011324,Classic Paperback Lot,1,amazon.com,Seller,,,,MarketplaceFacilitator,10.99,0.77,3.99,0.28,0,0,0,0.00,0,-1.05,-3.45,0.00,0.00,0.00,11.53,Released,
"Oct 20, 2025 12:15:00 PM PDT",18799999980,Service Fee,,,Cost of Advertising,,,,,,,,0.00,0.00,0.00,0.00,0,0,0,0.00,0,0.00,0.00,0.00,0.00,-7.01,-7.01,Released,
"Oct 20, 2025 2:15:50 PM PDT",18799999980,Order,111-8711293-3987336,MD-011293,Like New CD Lot,1,amazon.com,Seller,,,,MarketplaceFacilitator,33.99,2.38,3.99,0.28,0,0,0,0.00,0,-2.66,-6.90,0.00,0.00,0.00,31.08,Released,
"Oct 20, 2025 2:35:43 PM PDT",18799999980,Order,111-7711320-6085067,EL-011320,Antique Game Console,1,amazon.com,Seller,,,,MarketplaceFacilitator,83.99,5.88,5.99,0.42,0,0,0,0.00,0,-6.30,-12.60,0.00,0.00,0.00,77.38,Released,
"Oct 20, 2025 3:10:52 PM PDT",18799999980,Order,112-0011301-2572852,BK-011301,Handmade Atlas,1,amazon.com,Seller,,,,MarketplaceFacilitator,23.99,1.68,3.99,0.28,0,0,0,0.00,0,-1.96,-5.40,0.00,0.00,0.00,22.58,Released,
"Oct 20, 2025 3:14:45 PM PDT",18799999980,Order,112-8411326-5994657,BK-011326,Retro Textbook,1,amazon.com,Seller,,,,MarketplaceFacilitator,13.99,0.98,3.99,0.28,0,0,0,0.00,0,-1.26,-3.90,0.00,0.00,0.00,14.08,Released,
"Oct 20, 2025 3:47:59 PM PDT",18799999980,Order,112-8611297-4570861,MD-011297,Like New Audiobook,1,amazon.com,Seller,,,,MarketplaceFacilitator,18.99,1.33,3.99,0.28,0,0,0,0.00,0,-1.61,-4.65,0.00,0.00,0.00,18.33,Released,
"Oct 20, 2025 4:37:14 PM PDT",18799999980,Order,114-7711313-2431911,BK-011313,Like New Poetry Collection,1,amazon.com,Seller,,,,MarketplaceFacilitator,8.99,0.63,3.99,0.28,0,0,0,0.00,0,-0.91,-3.15,0.00,0.00,0.00,9.83,Released,
"Oct 20, 2025 5:32:00 PM PDT",18799999980,Order,114-7111309-2996676,EL-011309,Mid-Century Turntable,1,amazon.com,Seller,,,,MarketplaceFacilitator,16.99,1.19,5.99,0.42,0,0,0,0.00,0,-1.61,-2.55,0.00,0.00,0.00,20.43,Released,
"Oct 20, 2025 5:33:01 PM PDT",18799999980,Order,112-5311296-5844204,BK-011296,Lot of 2 Poetry Collection,1,amazon.com,Seller,,,,MarketplaceFacilitator,12.99,0.91,3.99,0.28,0,0,0,0.00,0,-1.19,-3.75,0.00,0.00,0.00,13.23,Released,
"Oct 20, 2025 5:37:35 PM PDT",18799999980,Order,112-1911322-2017950,MD-011322,Used Blu-ray Set,1,amazon.com,Seller,,,,MarketplaceFacilitator,12.99,0.91,3.99,0.28,0,0,0,0.00,0,-1.19,-3.75,0.00,0.00,0.00,13.23,Released,
"Oct 20, 2025 6:16:40 PM PDT",18799999980,Order,112-7911325-9308470,TY-011325,Retro Puzzle 1000pc,1,amazon.com,Seller,,,,MarketplaceFacilitator,5.99,0.42,5.99,0.42,0,0,0,0.00,0,-0.84,-0.90,0.00,0.00,0.00,11.08,Released,
"Oct 20, 2025 6:39:27 PM PDT",18799999980,Order,113-1211304-9069858,BK-011304,Handmade Textbook,1,amazon.com,Seller,,,,MarketplaceFacilitator,24.99,1.75,3.99,0.28,0,0,0,0.00,0,-2.03,-5.55,0.00,0.00,0.00,23.43,Released,
"Oct 20, 2025 7:26:02 PM PDT",18799999980,Order,111-0611289-4379017,CO-011289,Like New Snow Globe,1,amazon.com,Seller,,,,MarketplaceFacilitator,25.99,1.82,5.99,0.42,0,0,0,0.00,0,-2.24,-3.90,0.00,0.00,0.00,28.08,Released,
"Oct 20, 2025 10:19:49 PM PDT",18799999980,Order,111-5011448-5511048,MD-011448,Used CD Lot,1,amazon.com,Seller,,,,MarketplaceFacilitator,8.99,0.63,3.99,0.28,0,0,0,0.00,0,-0.91,-3.15,0.00,0.00,0.00,9.83,Released,
"Oct 20, 2025 11:09:11 PM PDT",18799999980,Order,114-8011446-2708042,EL-011446,Pre-owned Turntable,1,amazon.com,Seller,,,,MarketplaceFacilitator,39.99,2.80,5.99,0.42,0,0,0,0.00,0,-3.22,-6.00,0.00,0.00,0.00,39.98,Released,
"Oct 20, 2025 11:29:50 PM PDT",18799999980,Order,112-2211447-7556400,BK-011447,Used Hardcover Novel,1,amazon.com,Seller,,,,MarketplaceFacilitator,3.99,0.28,3.99,0.28,0,0,0,0.00,0,-0.56,-2.40,0.00,0.00,0.00,5.58,Released,
"Oct 20, 2025 11:43:35 PM PDT",18799999980,Order,114-6611430-7683892,EL-011430,Pre-owned Headphones,1,amazon.com,Seller,,,,MarketplaceFacilitator,16.99,1.19,5.99,0.42,0,0,0,0.00,0,-1.61,-2.55,0.00,0.00,0.00,20.43,Released,
"Oct 20, 2025 11:49:55 PM PDT",18799999980,Order,114-5811467-8599548,BK-011467,Classic Cookbook,1,amazon.com,Seller,,,,MarketplaceFacilitator,9.99,0.70,3.99,0.28,0,0,0,0.00,0,-0.98,-3.30,0.00,0.00,0.00,10.68,Released,
"Oct 21, 2025 12:22:45 AM PDT",18799999980,Order,114-9611427-2271240,MD-011427,Vintage Blu-ray Set,1,amazon.com,Seller,,,,MarketplaceFacilitator,5.99,0.42,3.99,0.28,0,0,0,0.00,0,-0.70,-2.70,0.00,0.00,0.00,7.28,Released,
"Oct 21, 2025 1:09:26 AM PDT",18799999980,Order,111-1211437-3599523,CO-011437,Handmade Snow Globe,1,amazon.com,Seller,,,,MarketplaceFacilitator,17.99,1.26,5.99,0.42,0,0,0,0.00,0,-1.68,-2.70,0.00,0.00,0.00,21.28,Released,
"Oct 21, 2025 2:14:24 AM PDT",18799999980,Order,112-9111465-9421225,MD-011465,Handmade CD Lot,1,amazon.com,Seller,,,,MarketplaceFacilitator,5.99,0.42,3.99,0.28,0,0,0,0.00,0,-0.70,-2.70,0.00,0.00,0.00,7.28,Released,
"Oct 21, 2025 2:48:44 AM PDT",18799999980,Order,114-8411424-6233169,BK-011424,Classic Textbook,1,amazon.com,Seller,,,,MarketplaceFacilitator,34.99,2.45,3.99,0.28,0,0,0,0.00,0,-2.73,-7.05,0.00,0.00,0.00,31.93,Released,
"Oct 21, 2025 2:49:24 AM PDT",18799999980,Order,111-0911450-2432447,BK-011450,Like New Poetry Collection,1,amazon.com,Seller,,,,MarketplaceFacilitator,13.99,0.98,3.99,0.28,0,0,0,0.00,0,-1.26,-3.90,0.00,0.00,0.00,14.08,Released,
"Oct 21, 2025 4:08:27 AM PDT",18799999980,Order,113-3811444-8640480,BK-011444,Pre-owned Field Guide,1,amazon.com,Seller,,,,MarketplaceFacilitator,56.99,3.99,3.99,0.28,0,0,0,0.00,0,-4.27,-10.35,0.00,0.00,0.00,50.63,Released,
"Oct 21, 2025 4:28:23 AM PDT",18799999980,Order,111-2611436-2562402,MD-011436,Like New Audiobook,1,amazon.com,Seller,,,,MarketplaceFacilitator,6.99,0.49,3.99,0.28,0,0,0,0.00,0,-0.77,-2.85,0.00,0.00,0.00,8.13,Released,
"Oct 21, 2025 5:07:10 AM PDT",18799999980,Order,112-7611452-9708943,BK-011452,Handmade Biography,1,amazon.com,Seller,,,,MarketplaceFacilitator,10.99,0.77,3.99,0.28,0,0,0,0.00,0,-1.05,-3.45,0.00,0.00,0.00,11.53,Released,
"Oct 21, 2025 7:16:36 AM PDT",18799999980,Order,113-8411457-2358354,BK-011457,Used Field Guide,1,amazon.com,Seller,,,,MarketplaceFacilitator,12.99,0.91,3.99,0.28,0,0,0,0.00,0,-1.19,-3.75,0.00,0.00,0.00,13.23,Released,
"Oct 21, 2025 7:42:38 AM PDT",18799999980,Order,112-7711440-2378924,BK-011440,Antique Cookbook,1,amazon.com,Seller,,,,MarketplaceFacilitator,11.99,0.84,3.99,0.28,0,0,0,0.00,0,-1.12,-3.60,0.00,0.00,0.00,12.38,Released,
"Oct 21, 2025 8:07:41 AM PDT",18799999980,Order,114-3211442-8383483,MD-011442,Lot of 2 Audiobook,1,amazon.com,Seller,,,,MarketplaceFacilitator,16.99,1.19,3.99,0.28,0,0,0,0.00,0,-1.47,-4.35,0.00,0.00,0.00,16.63,Released,
"Oct 21, 2025 8:32:41 AM PDT",18799999980,Order,113-3611425-6596600,BK-011425,Like New Textbook,1,amazon.com,Seller,,,,MarketplaceFacilitator,3.99,0.28,3.99,0.28,0,0,0,0.00,0,-0.56,-2.40,0.00,0.00,0.00,5.58,Released,
"Oct 21, 2025 9:15:30 AM PDT",18799999980,Order,113-1811472-8982558,BK-011472,Classic Biography,1,amazon.com,Seller,,,,MarketplaceFacilitator,7.99,0.56,3.99,0.28,0,0,0,0.00,0,-0.84,-3.00,0.00,0.00,0.00,8.98,Released,
"Oct 21, 2025 9:15:43 AM PDT",18799999980,Order,114-5211441-0657572,BK-011441,Classic Hardcover Novel,1,amazon.com,Seller,,,,MarketplaceFacilitator,12.99,0.91,3.99,0.28,0,0,0,0.00,0,-1.19,-3.75,0.00,0.00,0.00,13.23,Released,
"Oct 21, 2025 9:50:24 AM PDT",18799999980,Order,112-6911462-2967279,TY-011462,Vintage Model Train,1,amazon.com,Seller,,,,MarketplaceFacilitator,38.99,2.73,5.99,0.42,0,0,0,0.00,0,-3.15,-5.85,0.00,0.00,0.00,39.13,Released,
"Oct 21, 2025 10:01:57 AM PDT",18799999980,Order,111-1811455-0739210,BK-011455,Used Textbook,1,amazon.com,Seller,,,,MarketplaceFacilitator,11.99,0.84,3.99,0.28,0,0,0,0.00,0,-1.12,-3.60,0.00,0.00,0.00,12.38,Released,
"Oct 21, 2025 10:19:59 AM PDT",18799999980,Order,113-8911443-1790509,MD-011443,Like New CD Lot,1,amazon.com,Seller,,,,MarketplaceFacilitator,8.99,0.63,3.99,0.28,0,0,0,0.00,0,-0.91,-3.15,0.00,0.00,0.00,9.83,Released,
"Oct 21, 2025 10:39:49 AM PDT",18799999980,Order,112-9911445-6546698,BK-011445,Vintage Textbook,1,amazon.com,Seller,,,,MarketplaceFacilitator,7.99,0.56,3.99,0.28,0,0,0,0.00,0,-0.84,-3.00,0.00,0.00,0.00,8.98,Released,
"Oct 21, 2025 10:43:26 AM PDT",18799999980,Order,113-7311429-1043378,BK-011429,Like New Hardcover Novel,1,amazon.com,Seller,,,,MarketplaceFacilitator,16.99,1.19,3.99,0.28,0,0,0,0.00,0,-1.47,-4.35,0.00,0.00,0.00,16.63,Released,
"Oct 21, 2025 10:43:38 AM PDT",18799999980,Order,112-5511431-1871729,BK-011431,Used Paperback Lot,1,amazon.com,Seller,,,,MarketplaceFacilitator,5.99,0.42,3.99,0.28,0,0,0,0.00,0,-0.70,-2.70,0.00,0.00,0.00,7.28,Released,
"Oct 21, 2025 10:45:48 AM PDT",18799999980,Order,111-3511459-5203480,CO-011459,Vintage Snow Globe,1,amazon.com,Seller,,,,MarketplaceFacilitator,33.99,2.38,5.99,0.42,0,0,0,0.00,0,-2.80,-5.10,0.00,0.00,0.00,34.88,Released,
"Oct 21, 2025 11:23:00 AM PDT",18799999980,Order,112-0411461-5657131,MD-011461,Like New Vinyl Record,1,amazon.com,Seller,,,,MarketplaceFacilitator,23.99,1.68,3.99,0.28,0,0,0,0.00,0,-1.96,-5.40,0.00,0.00,0.00,22.58,Released,
"Oct 21, 2025 12:06:11 PM PDT",18799999980,Order,111-9111438-0617529,BK-011438,Vintage Hardcover Novel,1,amazon.com,Seller,,,,MarketplaceFacilitator,6.99,0.49,3.99,0.28,0,0,0,0.00,0,-0.77,-2.85,0.00,0.00,0.00,8.13,Released,
"Oct 21, 2025 12:19:10 PM PDT",18799999980,Order,114-7911458-2518493,BK-011458,Antique Hardcover Novel,1,amazon.com,Seller,,,,MarketplaceFacilitator,16.99,1.19,3.99,0.28,0,0,0,0.00,0,-1.47,-4.35,0.00,0.00,0.00,16.63,Released,
"Oct 21, 2025 12:49:03 PM PDT",18799999980,Order,111-9911434-2580858,BK-011434,Retro Textbook,1,amazon.com,Seller,,,,MarketplaceFacilitator,7.99,0.56,3.99,0.28,0,0,0,0.00,0,-0.84,-3.00,0.00,0.00,0.00,8.98,Released,
"Oct 21, 2025 12:55:58 PM PDT",18799999980,Order,112-4211451-2083291,CO-011451,Antique Snow Globe,1,amazon.com,Seller,,,,MarketplaceFacilitator,34.99,2.45,5.99,0.42,0,0,0,0.00,0,-2.87,-5.25,0.00,0.00,0.00,35.73,Released,
"Oct 21, 2025 1:19:02 PM PDT",18799999980,Order,112-3011466-2233810,MD-011466,Pre-owned Audiobook,1,amazon.com,Seller,,,,MarketplaceFacilitator,8.99,0.63,3.99,0.28,0,0,0,0.00,0,-0.91,-3.15,0.00,0.00,0.00,9.83,Released,
"Oct 21, 2025 2:04:31 PM PDT",18799999980,Order,112-4911449-5222428,BK-011449,Retro Biography,1,amazon.com,Seller,,,,MarketplaceFacilitator,11.99,0.84,3.99,0.28,0,0,0,0.00,0,-1.12,-3.60,0.00,0.00,0.00,12.38,Released,
"Oct 21, 2025 2:19:11 PM PDT",18799999980,Order,113-9911428-4361302,MD-011428,Pre-owned Vinyl Record,1,amazon.com,Seller,,,,MarketplaceFacilitator,8.99,0.63,3.99,0.28,0,0,0,0.00,0,-0.91,-3.15,0.00,0.00,0.00,9.83,Released,
"Oct 21, 2025 2:28:42 PM PDT",18799999980,Order,112-1111432-0753877,TY-011432,Retro Lego Lot,1,amazon.com,Seller,,,,MarketplaceFacilitator,18.99,1.33,5.99,0.42,0,0,0,0.00,0,-1.75,-2.85,0.00,0.00,0.00,22.13,Released,
"Oct 21, 2025 2:47:10 PM PDT",18799999980,Order,113-6311473-8733185,MD-011473,Retro Audiobook,1,amazon.com,Seller,,,,MarketplaceFacilitator,16.99,1.19,3.99,0.28,0,0,0,0.00,0,-1.47,-4.35,0.00,0.00,0.00,16.63,Released,
"Oct 21, 2025 2:50:45 PM PDT",18799999980,Order,112-8511470-5963879,BK-011470,Vintage Cookbook,1,amazon.com,Seller,,,,MarketplaceFacilitator,9.99,0.70,3.99,0.28,0,0,0,0.00,0,-0.98,-3.30,0.00,0.00,0.00,10.68,Released,
"Oct 21, 2025 2:56:46 PM PDT",18799999980,Order,113-4111469-7882226,BK-011469,Lot of 2 Paperback Lot,1,amazon.com,Seller,,,,MarketplaceFacilitator,16.99,1.19,3.99,0.28,0,0,0,0.00,0,-1.47,-4.35,0.00,0.00,0.00,16.63,Released,
"Oct 21, 2025 4:11:38 PM PDT",18799999980,Order,113-3111471-1914014,MD-011471,Used DVD Box Set,1,amazon.com,Seller,,,,MarketplaceFacilitator,15.99,1.12,3.99,0.28,0,0,0,0.00,0,-1.40,-4.20,0.00,0.00,0.00,15.78,Released,
"Oct 21, 2025 4:52:01 PM PDT",18799999980,Order,111-7011454-7120168,MD-011454,Used CD Lot,1,amazon.com,Seller,,,,MarketplaceFacilitator,44.99,3.15,3.99,0.28,0,0,0,0.00,0,-3.43,-8.55,0.00,0.00,0.00,40.43,Released,
"Oct 21, 2025 5:50:58 PM PDT",18799999980,Order,114-7611439-9635506,BK-011439,Mid-Century Field Guide,1,amazon.com,Seller,,,,MarketplaceFacilitator,12.99,0.91,3.99,0.28,0,0,0,0.00,0,-1.19,-3.75,0.00,0.00,0.00,13.23,Released,
"Oct 21, 2025 5:55:35 PM PDT",18799999980,Order,112-8211453-1867007,MD-011453,Mid-Century DVD Box Set,1,amazon.com,Seller,,,,MarketplaceFacilitator,6.99,0.49,3.99,0.28,0,0,0,0.00,0,-0.77,-2.85,0.00,0.00,0.00,8.13,Released,
"Oct 21, 2025 6:35:12 PM PDT",18799999980,Order,111-1911426-0362624,BK-011426,Retro Biography,1,amazon.com,Seller,,,,MarketplaceFacilitator,21.99,1.54,3.99,0.28,0,0,0,0.00,0,-1.82,-5.10,0.00,0.00,0.00,20.88,Released,
"Oct 21, 2025 7:15:21 PM PDT",18799999980,Order,111-3911435-4482322,MD-011435,Used Vinyl Record,1,amazon.com,Seller,,,,MarketplaceFacilitator,25.99,1.82,3.99,0.28,0,0,0,0.00,0,-2.10,-5.70,0.00,0.00,0.00,24.28,Released,
"Oct 21, 2025 7:31:51 PM PDT",18799999980,Order,114-2911460-6572374,MD-011460,Used DVD Box Set,1,amazon.com,Seller,,,,MarketplaceFacilitator,11.99,0.84,3.99,0.28,0,0,0,0.00,0,-1.12,-3.60,0.00,0.00,0.00,12.38,Released,
"Oct 21, 2025 8:02:10 PM PDT",18799999980,Order,111-9911463-7625051,BK-011463,Like New Paperback Lot,1,amazon.com,Seller,,,,MarketplaceFacilitator,7.99,0.56,3.99,0.28,0,0,0,0.00,0,-0.84,-3.00,0.00,0.00,0.00,8.98,Released,
"Oct 21, 2025 8:25:32 PM PDT",18799999980,Order,114-4711433-6626301,TY-011433,Retro Model Train,1,amazon.com,Seller,,,,MarketplaceFacilitator,7.99,0.56,5.99,0.42,0,0,0,0.00,0,-0.98,-1.20,0.00,0.00,0.00,12.78,Released,
"Oct 21, 2025 8:25:55 PM PDT",18799999980,Order,114-1511468-9347780,CO-011468,Classic Snow Globe,1,amazon.com,Seller,,,,MarketplaceFacilitator,50.99,3.57,5.99,0.42,0,0,0,0.00,0,-3.99,-7.65,0.00,0.00,0.00,49.33,Released,
"Oct 21, 2025 8:45:54 PM PDT",18799999980,Order,113-6911456-6843974,BK-011456,Handmade Atlas,1,amazon.com,Seller,,,,MarketplaceFacilitator,10.99,0.77,3.99,0.28,0,0,0,0.00,0,-1.05,-3.45,0.00,0.00,0.00,11.53,Released,
"Oct 21, 2025 8:49:03 PM PDT",18799999980,Order,111-9911464-5837907,CO-011464,Mid-Century Trading Card Lot,1,amazon.com,Seller,,,,MarketplaceFacilitator,19.99,1.40,5.99,0.42,0,0,0,0.00,0,-1.82,-3.00,0.00,0.00,0.00,22.98,Released,
"Oct 21, 2025 9:38:34 PM PDT",18799999980,Order,112-1511597-7485327,BK-011597,Like New Paperback Lot,1,amazon.com,Seller,,,,MarketplaceFacilitator,29.99,2.10,3.99,0.28,0,0,0,0.00,0,-2.38,-6.30,0.00,0.00,0.00,27.68,Released,
"Oct 21, 2025 9:58:48 PM PDT",18799999980,Order,114-9311576-7346023,BK-011576,Handmade Field Guide,1,amazon.com,Seller,,,,MarketplaceFacilitator,12.99,0.91,3.99,0.28,0,0,0,0.00,0,-1.19,-3.75,0.00,0.00,0.00,13.23,Released,
"Oct 21, 2025 10:44:09 PM PDT",18799999980,Order,112-3411603-5309484,BK-011603,Antique Field Guide,1,amazon.com,Seller,,,,MarketplaceFacilitator,8.99,0.63,3.99,0.28,0,0,0,0.00,0,-0.91,-3.15,0.00,0.00,0.00,9.83,Released,
"Oct 22, 2025 12:30:51 AM PDT",18799999980,Order,113-0411605-8485944,BK-011605,Lot of 2 Atlas,1,amazon.com,Seller,,,,MarketplaceFacilitator,8.99,0.63,3.99,0.28,0,0,0,0.00,0,-0.91,-3.15,0.00,0.00,0.00,9.83,Released,
"Oct 22, 2025 1:14:04 AM PDT",18799999980,Order,113-1211612-3652334,BK-011612,Handmade Biography,1,amazon.com,Seller,,,,MarketplaceFacilitator,3.99,0.28,3.99,0.28,0,0,0,0.00,0,-0.56,-2.40,0.00,0.00,0.00,5.58,Released,
"Oct 22, 2025 1:36:07 AM PDT",18799999980,Order,112-6711590-5920844,BK-011590,Retro Poetry Collection,1,amazon.com,Seller,,,,MarketplaceFacilitator,24.99,1.75,3.99,0.28,0,0,0,0.00,0,-2.03,-5.55,0.00,0.00,0.00,23.43,Released,
"Oct 22, 2025 4:29:27 AM PDT",18799999980,Order,114-0711599-6191360,BK-011599,Mid-Century Hardcover Novel,1,amazon.com,Seller,,,,MarketplaceFacilitator,12.99,0.91,3.99,0.28,0,0,0,0.00,0,-1.19,-3.75,0.00,0.00,0.00,13.23,Released,
"Oct 22, 2025 5:14:15 AM PDT",18799999980,Order,112-9511586-8739145,BK-011586,Pre-owned Biography,1,amazon.com,Seller,,,,MarketplaceFacilitator,28.99,2.03,3.99,0.28,0,0,0,0.00,0,-2.31,-6.15,0.00,0.00,0.00,26.83,Released,
"Oct 22, 2025 6:17:36 AM PDT",18799999980,Order,114-7711606-4294086,BK-011606,Classic Hardcover Novel,1,amazon.com,Seller,,,,MarketplaceFacilitator,5.99,0.42,3.99,0.28,0,0,0,0.00,0,-0.70,-2.70,0.00,0.00,0.00,7.28,Released,
"Oct 22, 2025 7:25:42 AM PDT",18799999980,Order,112-6911579-0706841,BK-011579,Used Textbook,1,amazon.com,Seller,,,,MarketplaceFacilitator,8.99,0.63,3.99,0.28,0,0,0,0.00,0,-0.91,-3.15,0.00,0.00,0.00,9.83,Released,
"Oct 22, 2025 7:38:08 AM PDT",18799999980,Order,112-7611604-2901299,BK-011604,Classic Biography,1,amazon.com,Seller,,,,MarketplaceFacilitator,8.99,0.63,3.99,0.28,0,0,0,0.00,0,-0.91,-3.15,0.00,0.00,0.00,9.83,Released,
"Oct 22, 2025 7:44:16 AM PDT",18799999980,Order,113-8411580-3273915,BK-011580,Handmade Biography,1,amazon.com,Seller,,,,MarketplaceFacilitator,33.99,2.38,3.99,0.28,0,0,0,0.00,0,-2.66,-6.90,0.00,0.00,0.00,31.08,Released,
"Oct 22, 2025 7:50:57 AM PDT",18799999980,Order,114-5411601-5271515,BK-011601,Antique Poetry Collection,1,amazon.com,Seller,,,,MarketplaceFacilitator,9.99,0.70,3.99,0.28,0,0,0,0.00,0,-0.98,-3.30,0.00,0.00,0.00,10.68,Released,
"Oct 22, 2025 8:11:23 AM PDT",18799999980,Order,112-2711577-6099265,BK-011577,Antique Biography,1,amazon.com,Seller,,,,MarketplaceFacilitator,18.99,1.33,3.99,0.28,0,0,0,0.00,0,-1.61,-4.65,0.00,0.00,0.00,18.33,Released,
"Oct 22, 2025 8:26:12 AM PDT",18799999980,Order,113-3511584-9578256,EL-011584,Retro Film Camera,1,amazon.com,Seller,,,,MarketplaceFacilitator,29.99,2.10,5.99,0.42,0,0,0,0.00,0,-2.52,-4.50,0.00,0.00,0.00,31.48,Released,
"Oct 22, 2025 8:59:57 AM PDT",18799999980,Order,112-8211583-3635475,BK-011583,Classic Atlas,1,amazon.com,Seller,,,,MarketplaceFacilitator,6.99,0.49,3.99,0.28,0,0,0,0.00,0,-0.77,-2.85,0.00,0.00,0.00,8.13,Released,
"Oct 22, 2025 10:57:59 AM PDT",18799999980,Order,113-5111609-4743303,MD-011609,Lot of 2 CD Lot,1,amazon.com,Seller,,,,MarketplaceFacilitator,9.99,0.70,3.99,0.28,0,0,0,0.00,0,-0.98,-3.30,0.00,0.00,0.00,10.68,Released,
"Oct 22, 2025 11:17:25 AM PDT",18799999980,Order,111-8111608-0282138,BK-011608,Retro Biography,1,amazon.com,Seller,,,,MarketplaceFacilitator,9.99,0.70,3.99,0.28,0,0,0,0.00,0,-0.98,-3.30,0.00,0.00,0.00,10.68,Released,
"Oct 22, 2025 11:19:43 AM PDT",18799999980,Order,114-7211578-9710321,BK-011578,Handmade Paperback Lot,1,amazon.com,Seller,,,,MarketplaceFacilitator,17.99,1.26,3.99,0.28,0,0,0,0.00,0,-1.54,-4.50,0.00,0.00,0.00,17.48,Released,
"Oct 22, 2025 11:51:16 AM PDT",18799999980,Order,112-9611596-4958111,BK-011596,Retro Paperback Lot,1,amazon.com,Seller,,,,MarketplaceFacilitator,11.99,0.84,3.99,0.28,0,0,0,0.00,0,-1.12,-3.60,0.00,0.00,0.00,12.38,Released,
"Oct 22, 2025 12:12:51 PM PDT",18799999980,Order,114-0711613-1541025,BK-011613,Like New Hardcover Novel,1,amazon.com,Seller,,,,MarketplaceFacilitator,13.99,0.98,3.99,0.28,0,0,0,0.00,0,-1.26,-3.90,0.00,0.00,0.00,14.08,Released,
"Oct 22, 2025 12:19:14 PM PDT",18799999980,Order,114-2011588-1038195,BK-011588,Lot of 2 Cookbook,1,amazon.com,Seller,,,,MarketplaceFacilitator,13.99,0.98,3.99,0.28,0,0,0,0.00,0,-1.26,-3.90,0.00,0.00,0.00,14.08,Released,
"Oct 22, 2025 12:28:54 PM PDT",18799999980,Order,113-1311611-3987890,MD-011611,Vintage Vinyl Record,1,amazon.com,Seller,,,,MarketplaceFacilitator,27.99,1.96,3.99,0.28,0,0,0,0.00,0,-2.24,-6.00,0.00,0.00,0.00,25.98,Released,
"Oct 22, 2025 12:57:41 PM PDT",18799999980,Order,112-2511594-8862766,TY-011594,Pre-owned Model Train,1,amazon.com,Seller,,,,MarketplaceFacilitator,20.99,1.47,5.99,0.42,0,0,0,0.00,0,-1.89,-3.15,0.00,0.00,0.00,23.83,Released,
"Oct 22, 2025 1:51:55 PM PDT",18799999980,Order,111-5611593-7497131,BK-011593,Lot of 2 Hardcover Novel,1,amazon.com,Seller,,,,MarketplaceFacilitator,5.99,0.42,3.99,0.28,0,0,0,0.00,0,-0.70,-2.70,0.00,0.00,0.00,7.28,Released,
"Oct 22, 2025 2:37:30 PM PDT",18799999980,Order,112-5011595-5357562,BK-011595,Retro Biography,1,amazon.com,Seller,,,,MarketplaceFacilitator,14.99,1.05,3.99,0.28,0,0,0,0.00,0,-1.33,-4.05,0.00,0.00,0.00,14.93,Released,
"Oct 22, 2025 2:50:47 PM PDT",18799999980,Order,112-3611575-8551079,CO-011575,Lot of 2 Figurine,1,amazon.com,Seller,,,,MarketplaceFacilitator,48.99,3.43,5.99,0.42,0,0,0,0.00,0,-3.85,-7.35,0.00,0.00,0.00,47.63,Released,
"Oct 22, 2025 3:09:51 PM PDT",18799999980,Order,111-6911582-1888579,MD-011582,Antique Blu-ray Set,1,amazon.com,Seller,,,,MarketplaceFacilitator,29.99,2.10,3.99,0.28,0,0,0,0.00,0,-2.38,-6.30,0.00,0.00,0.00,27.68,Released,
"Oct 22, 2025 3:16:29 PM PDT",18799999980,Order,112-0211614-3608013,BK-011614,Antique Textbook,1,amazon.com,Seller,,,,MarketplaceFacilitator,17.99,1.26,3.99,0.28,0,0,0,0.00,0,-1.54,-4.50,0.00,0.00,0.00,17.48,Released,
"Oct 22, 2025 3:27:52 PM PDT",18799999980,Order,112-9311602-9349323,BK-011602,Lot of 2 Cookbook,1,amazon.com,Seller,,,,MarketplaceFacilitator,20.99,1.47,3.99,0.28,0,0,0,0.00,0,-1.75,-4.95,0.00,0.00,0.00,20.03,Released,
"Oct 22, 2025 4:01:11 PM PDT",18799999980,Order,114-8011592-7081400,EL-011592,Vintage Turntable,1,amazon.com,Seller,,,,MarketplaceFacilitator,25.99,1.82,5.99,0.42,0,0,0,0.00,0,-2.24,-3.90,0.00,0.00,0.00,28.08,Released,
"Oct 22, 2025 4:53:15 PM PDT",18799999980,Order,113-0511607-9217028,MD-011607,Antique DVD Box Set,1,amazon.com,Seller,,,,MarketplaceFacilitator,29.99,2.10,3.99,0.28,0,0,0,0.00,0,-2.38,-6.30,0.00,0.00,0.00,27.68,Released,
"Oct 22, 2025 5:47:01 PM PDT",18799999980,Order,112-6811616-4558489,MD-011616,Used Blu-ray Set,1,amazon.com,Seller,,,,MarketplaceFacilitator,15.99,1.12,3.99,0.28,0,0,0,0.00,0,-1.40,-4.20,0.00,0.00,0.00,15.78,Released,
"Oct 22, 2025 5:50:17 PM PDT",18799999980,Order,111-7711615-8040204,BK-011615,Antique Field Guide,1,amazon.com,Seller,,,,MarketplaceFacilitator,10.99,0.77,3.99,0.28,0,0,0,0.00,0,-1.05,-3.45,0.00,0.00,0.00,11.53,Released,
"Oct 22, 2025 6:40:49 PM PDT",18799999980,Order,114-2411591-2010252,MD-011591,Retro Audiobook,1,amazon.com,Seller,,,,MarketplaceFacilitator,22.99,1.61,3.99,0.28,0,0,0,0.00,0,-1.89,-5.25,0.00,0.00,0.00,21.73,Released,
"Oct 22, 2025 6:55:47 PM PDT",18799999980,Order,111-6811587-3338826,BK-011587,Used Field Guide,1,amazon.com,Seller,,,,MarketplaceFacilitator,16.99,1.19,3.99,0.28,0,0,0,0.00,0,-1.47,-4.35,0.00,0.00,0.00,16.63,Released,
"Oct 22, 2025 6:56:54 PM PDT",18799999980,Order,111-5411589-9306013,BK-011589,Mid-Century Textbook,1,amazon.com,Seller,,,,MarketplaceFacilitator,27.99,1.96,3.99,0.28,0,0,0,0.00,0,-2.24,-6.00,0.00,0.00,0.00,25.98,Released,
"Oct 22, 2025 6:57:19 PM PDT",18799999980,Order,112-8411600-1458010,BK-011600,Mid-Century Atlas,1,amazon.com,Seller,,,,MarketplaceFacilitator,9.99,0.70,3.99,0.28,0,0,0,0.00,0,-0.98,-3.30,0.00,0.00,0.00,10.68,Released,
"Oct 22, 2025 7:53:17 PM PDT",18799999980,Order,114-1611585-3128423,BK-011585,Mid-Century Biography,1,amazon.com,Seller,,,,MarketplaceFacilitator,16.99,1.19,3.99,0.28,0,0,0,0.00,0,-1.47,-4.35,0.00,0.00,0.00,16.63,Released,
"Oct 22, 2025 8:08:28 PM PDT",18799999980,Order,113-1211598-2818405,BK-011598,Antique Atlas,1,amazon.com,Seller,,,,MarketplaceFacilitator,14.99,1.05,3.99,0.28,0,0,0,0.00,0,-1.33,-4.05,0.00,0.00,0.00,14.93,Released,
"Oct 22, 2025 8:21:07 PM PDT",18799999980,Order,113-9911581-0019203,MD-011581,Mid-Century Blu-ray Set,1,amazon.com,Seller,,,,MarketplaceFacilitator,11.99,0.84,3.99,0.28,0,0,0,0.00,0,-1.12,-3.60,0.00,0.00,0.00,12.38,Released,
"Oct 22, 2025 8:51:52 PM PDT",18799999980,Order,114-6111610-6262351,BK-011610,Handmade Biography,1,amazon.com,Seller,,,,MarketplaceFacilitator,21.99,1.54,3.99,0.28,0,0,0,0.00,0,-1.82,-5.10,0.00,0.00,0.00,20.88,Released,
"Oct 22, 2025 9:29:55 PM PDT",18799999980,Order,114-5111731-1410052,BK-011731,Like New Textbook,1,amazon.com,Seller,,,,MarketplaceFacilitator,8.99,0.63,3.99,0.28,0,0,0,0.00,0,-0.91,-3.15,0.00,0.00,0.00,9.83,Released,
"Oct 22, 2025 10:05:03 PM PDT",18799999980,Order,114-7911729-0253751,BK-011729,Classic Hardcover Novel,1,amazon.com,Seller,,,,MarketplaceFacilitator,4.99,0.35,3.99,0.28,0,0,0,0.00,0,-0.63,-2.55,0.00,0.00,0.00,6.43,Released,
"Oct 22, 2025 11:29:25 PM PDT",18799999980,Order,114-5811736-7315559,BK-011736,Antique Paperback Lot,1,amazon.com,Seller,,,,MarketplaceFacilitator,9.99,0.70,3.99,0.28,0,0,0,0.00,0,-0.98,-3.30,0.00,0.00,0.00,10.68,Released,
"Oct 23, 2025 12:33:26 AM PDT",18799999980,Order,114-6611711-4000230,MD-011711,Mid-Century Blu-ray Set,1,amazon.com,Seller,,,,MarketplaceFacilitator,8.99,0.63,3.99,0.28,0,0,0,0.00,0,-0.91,-3.15,0.00,0.00,0.00,9.83,Released,
"Oct 23, 2025 1:10:25 AM PDT",18799999980,Order,114-2211743-3384872,TY-011743,Handmade Puzzle 1000pc,1,amazon.com,Seller,,,,MarketplaceFacilitator,18.99,1.33,5.99,0.42,0,0,0,0.00,0,-1.75,-2.85,0.00,0.00,0.00,22.13,Released,
"Oct 23, 2025 2:40:31 AM PDT",18799999980,Refund,114-5811736-7315559,BK-011736,Antique Paperback Lot,1,amazon.com,Seller,,,,MarketplaceFacilitator,-9.99,-0.70,-3.99,-0.28,0,0,0,0.00,0,0.98,2.64,0.00,0.00,0.00,-11.34,Released,
"Oct 23, 2025 2:41:57 AM PDT",18799999980,Order,113-6711714-7155780,BK-011714,Lot of 2 Poetry Collection,1,amazon.com,Seller,,,,MarketplaceFacilitator,7.99,0.56,3.99,0.28,0,0,0,0.00,0,-0.84,-3.00,0.00,0.00,0.00,8.98,Released,
"Oct 23, 2025 2:57:16 AM PDT",18799999980,Order,114-2011715-3280420,MD-011715,Pre-owned DVD Box Set,1,amazon.com,Seller,,,,MarketplaceFacilitator,17.99,1.26,3.99,0.28,0,0,0,0.00,0,-1.54,-4.50,0.00,0.00,0.00,17.48,Released,
"Oct 23, 2025 3:59:06 AM PDT",18799999980,Order,112-6111722-2409771,BK-011722,Used Poetry Collection,1,amazon.com,Seller,,,,MarketplaceFacilitator,16.99,1.19,3.99,0.28,0,0,0,0.00,0,-1.47,-4.35,0.00,0.00,0.00,16.63,Released,
"Oct 23, 2025 5:13:38 AM PDT",18799999980,Order,114-2411735-8606422,BK-011735,Used Cookbook,1,amazon.com,Seller,,,,MarketplaceFacilitator,9.99,0.70,3.99,0.28,0,0,0,0.00,0,-0.98,-3.30,0.00,0.00,0.00,10.68,Released,
"Oct 23, 2025 6:00:39 AM PDT",18799999980,Order,113-2711732-3679951,MD-011732,Used Blu-ray Set,1,amazon.com,Seller,,,,MarketplaceFacilitator,20.99,1.47,3.99,0.28,0,0,0,0.00,0,-1.75,-4.95,0.00,0.00,0.00,20.03,Released,
"Oct 23, 2025 6:06:35 AM PDT",18799999980,Order,114-7611750-1703119,MD-011750,Used CD Lot,1,amazon.com,Seller,,,,MarketplaceFacilitator,19.99,1.40,3.99,0.28,0,0,0,0.00,0,-1.68,-4.80,0.00,0.00,0.00,19.18,Released,
"Oct 23, 2025 6:40:29 AM PDT",18799999980,Order,113-9511744-1787064,MD-011744,Pre-owned Audiobook,1,amazon.com,Seller,,,,MarketplaceFacilitator,11.99,0.84,3.99,0.28,0,0,0,0.00,0,-1.12,-3.60,0.00,0.00,0.00,12.38,Released,
"Oct 23, 2025 6:56:15 AM PDT",18799999980,Order,112-9011740-1795215,BK-011740,Mid-Century Biography,1,amazon.com,Seller,,,,MarketplaceFacilitator,9.99,0.70,3.99,0.28,0,0,0,0.00,0,-0.98,-3.30,0.00,0.00,0.00,10.68,Released,
"Oct 23, 2025 7:39:16 AM PDT",18799999980,Order,111-2611705-4618880,CO-011705,Vintage Trading Card Lot,1,amazon.com,Seller,,,,MarketplaceFacilitator,34.99,2.45,5.99,0.42,0,0,0,0.00,0,-2.87,-5.25,0.00,0.00,0.00,35.73,Released,
"Oct 23, 2025 8:20:20 AM PDT",18799999980,Order,112-7311717-0832262,BK-011717,Pre-owned Field Guide,1,amazon.com,Seller,,,,MarketplaceFacilitator,10.99,0.77,3.99,0.28,0,0,0,0.00,0,-1.05,-3.45,0.00,0.00,0.00,11.53,Released,
"Oct 23, 2025 8:38:01 AM PDT",18799999980,Order,112-2111746-3994459,BK-011746,Vintage Textbook,1,amazon.com,Seller,,,,MarketplaceFacilitator,5.99,0.42,3.99,0.28,0,0,0,0.00,0,-0.70,-2.70,0.00,0.00,0.00,7.28,Released,
"Oct 23, 2025 9:28:20 AM PDT",18799999980,Order,114-0411721-3507086,MD-011721,Handmade Blu-ray Set,1,amazon.com,Seller,,,,MarketplaceFacilitator,19.99,1.40,3.99,0.28,0,0,0,0.00,0,-1.68,-4.80,0.00,0.00,0.00,19.18,Released,
"Oct 23, 2025 10:04:14 AM PDT",18799999980,Order,114-8211737-6844995,MD-011737,Classic Vinyl Record,1,amazon.com,Seller,,,,MarketplaceFacilitator,15.99,1.12,3.99,0.28,0,0,0,0.00,0,-1.40,-4.20,0.00,0.00,0.00,15.78,Released,
"Oct 23, 2025 10:15:24 AM PDT",18799999980,Order,114-4611709-6971946,BK-011709,Vintage Field Guide,1,amazon.com,Seller,,,,MarketplaceFacilitator,11.99,0.84,3.99,0.28,0,0,0,0.00,0,-1.12,-3.60,0.00,0.00,0.00,12.38,Released,
"Oct 23, 2025 10:20:18 AM PDT",18799999980,Order,114-0111719-0168983,BK-011719,Mid-Century Poetry Collection,1,amazon.com,Seller,,,,MarketplaceFacilitator,26.99,1.89,3.99,0.28,0,0,0,0.00,0,-2.17,-5.85,0.00,0.00,0.00,25.13,Released,
"Oct 23, 2025 10:37:01 AM PDT",18799999980,Order,111-4111748-5505236,BK-011748,Retro Biography,1,amazon.com,Seller,,,,MarketplaceFacilitator,9.99,0.70,3.99,0.28,0,0,0,0.00,0,-0.98,-3.30,0.00,0.00,0.00,10.68,Released,
"Oct 23, 2025 10:37:22 AM PDT",18799999980,Order,112-7911712-0525522,MD-011712,Like New Blu-ray Set,1,amazon.com,Seller,,,,MarketplaceFacilitator,21.99,1.54,3.99,0.28,0,0,0,0.00,0,-1.82,-5.10,0.00,0.00,0.00,20.88,Released,
"Oct 23, 2025 10:43:58 AM PDT",18799999980,Order,111-5711726-0688585,MD-011726,Mid-Century Audiobook,1,amazon.com,Seller,,,,MarketplaceFacilitator,17.99,1.26,3.99,0.28,0,0,0,0.00,0,-1.54,-4.50,0.00,0.00,0.00,17.48,Released,
"Oct 23, 2025 10:53:20 AM PDT",18799999980,Order,114-9011725-1106799,BK-011725,Classic Poetry Collection,1,amazon.com,Seller,,,,MarketplaceFacilitator,15.99,1.12,3.99,0.28,0,0,0,0.00,0,-1.40,-4.20,0.00,0.00,0.00,15.78,Released,
"Oct 23, 2025 11:15:34 AM PDT",18799999980,Order,114-0211707-6760304,TY-011707,Used Board Game,1,amazon.com,Seller,,,,MarketplaceFacilitator,48.99,3.43,5.99,0.42,0,0,0,0.00,0,-3.85,-7.35,0.00,0.00,0.00,47.63,Released,
"Oct 23, 2025 11:44:16 AM PDT",18799999980,Order,111-0311728-3510846,BK-011728,Pre-owned Textbook,1,amazon.com,Seller,,,,MarketplaceFacilitator,32.99,2.31,3.99,0.28,0,0,0,0.00,0,-2.59,-6.75,0.00,0.00,0.00,30.23,Released,
"Oct 23, 2025 12:18:09 PM PDT",18799999980,Order,112-9511739-7143201,MD-011739,Lot of 2 Vinyl Record,1,amazon.com,Seller,,,,MarketplaceFacilitator,38.99,2.73,3.99,0.28,0,0,0,0.00,0,-3.01,-7.65,0.00,0.00,0.00,35.33,Released,
"Oct 23, 2025 1:10:14 PM PDT",18799999980,Order,114-4211742-7347530,EL-011742,Handmade Headphones,1,amazon.com,Seller,,,,MarketplaceFacilitator,17.99,1.26,5.99,0.42,0,0,0,0.00,0,-1.68,-2.70,0.00,0.00,0.00,21.28,Released,
"Oct 23, 2025 1:26:33 PM PDT",18799999980,Refund,111-4111748-5505236,BK-011748,Retro Biography,1,amazon.com,Seller,,,,MarketplaceFacilitator,-9.99,-0.70,-3.99,-0.28,0,0,0,0.00,0,0.98,2.64,0.00,0.00,0.00,-11.34,Released,
"Oct 23, 2025 1:36:25 PM PDT",18799999980,Order,113-3511724-8004448,BK-011724,Mid-Century Textbook,1,amazon.com,Seller,,,,MarketplaceFacilitator,16.99,1.19,3.99,0.28,0,0,0,0.00,0,-1.47,-4.35,0.00,0.00,0.00,16.63,Released,
"Oct 23, 2025 2:30:14 PM PDT",18799999980,Order,114-4311706-4718754,EL-011706,Retro Camera Lens,1,amazon.com,Seller,,,,MarketplaceFacilitator,17.99,1.26,5.99,0.42,0,0,0,0.00,0,-1.68,-2.70,0.00,0.00,0.00,21.28,Released,
"Oct 23, 2025 2:36:33 PM PDT",18799999980,Order,112-7011720-0585494,BK-011720,Antique Textbook,1,amazon.com,Seller,,,,MarketplaceFacilitator,5.99,0.42,3.99,0.28,0,0,0,0.00,0,-0.70,-2.70,0.00,0.00,0.00,7.28,Released,
"Oct 23, 2025 3:41:19 PM PDT",18799999980,Order,112-5111733-2387372,BK-011733,Pre-owned Paperback Lot,1,amazon.com,Seller,,,,MarketplaceFacilitator,12.99,0.91,3.99,0.28,0,0,0,0.00,0,-1.19,-3.75,0.00,0.00,0.00,13.23,Released,
"Oct 23, 2025 4:21:49 PM PDT",18799999980,Order,113-7311713-6488669,BK-011713,Classic Biography,1,amazon.com,Seller,,,,MarketplaceFacilitator,12.99,0.91,3.99,0.28,0,0,0,0.00,0,-1.19,-3.75,0.00,0.00,0.00,13.23,Released,
"Oct 23, 2025 4:51:15 PM PDT",18799999980,Order,113-5011718-6274933,BK-011718,Used Paperback Lot,1,amazon.com,Seller,,,,MarketplaceFacilitator,7.99,0.56,3.99,0.28,0,0,0,0.00,0,-0.84,-3.00,0.00,0.00,0.00,8.98,Released,
"Oct 23, 2025 4:59:45 PM PDT",18799999980,Order,114-0311723-5503177,BK-011723,Used Textbook,1,amazon.com,Seller,,,,MarketplaceFacilitator,10.99,0.77,3.99,0.28,0,0,0,0.00,0,-1.05,-3.45,0.00,0.00,0.00,11.53,Released,
"Oct 23, 2025 5:08:17 PM PDT",18799999980,Order,114-2011708-7622744,BK-011708,Pre-owned Hardcover Novel,1,amazon.com,Seller,,,,MarketplaceFacilitator,4.99,0.35,3.99,0.28,0,0,0,0.00,0,-0.63,-2.55,0.00,0.00,0.00,6.43,Released,
"Oct 23, 2025 6:41:30 PM PDT",18799999980,Order,113-3811716-3614263,MD-011716,Retro CD Lot,1,amazon.com,Seller,,,,MarketplaceFacilitator,19.99,1.40,3.99,0.28,0,0,0,0.00,0,-1.68,-4.80,0.00,0.00,0.00,19.18,Released,
"Oct 23, 2025 6:47:31 PM PDT",18799999980,Order,111-9811741-5526194,BK-011741,Pre-owned Field Guide,1,amazon.com,Seller,,,,MarketplaceFacilitator,12.99,0.91,3.99,0.28,0,0,0,0.00,0,-1.19,-3.75,0.00,0.00,0.00,13.23,Released,
"Oct 23, 2025 7:29:39 PM PDT",18799999980,Order,111-7011745-4117854,BK-011745,Used Field Guide,1,amazon.com,Seller,,,,MarketplaceFacilitator,3.99,0.28,3.99,0.28,0,0,0,0.00,0,-0.56,-2.40,0.00,0.00,0.00,5.58,Released,
"Oct 23, 2025 7:33:21 PM PDT",18799999980,Order,113-7811727-7703953,BK-011727,Antique Cookbook,1,amazon.com,Seller,,,,MarketplaceFacilitator,12.99,0.91,3.99,0.28,0,0,0,0.00,0,-1.19,-3.75,0.00,0.00,0.00,13.23,Released,
"Oct 23, 2025 7:50:53 PM PDT",18799999980,Order,111-5811738-9412988,BK-011738,Mid-Century Hardcover Novel,1,amazon.com,Seller,,,,MarketplaceFacilitator,30.99,2.17,3.99,0.28,0,0,0,0.00,0,-2.45,-6.45,0.00,0.00,0.00,28.53,Released,
"Oct 23, 2025 7:51:42 PM PDT",18799999980,Order,114-3411710-2793687,BK-011710,Retro Hardcover Novel,1,amazon.com,Seller,,,,MarketplaceFacilitator,10.99,0.77,3.99,0.28,0,0,0,0.00,0,-1.05,-3.45,0.00,0.00,0.00,11.53,Released,
"Oct 23, 2025 8:00:21 PM PDT",18799999980,Order,112-4611734-2167178,BK-011734,Vintage Hardcover Novel,1,amazon.com,Seller,,,,MarketplaceFacilitator,35.99,2.52,3.99,0.28,0,0,0,0.00,0,-2.80,-7.20,0.00,0.00,0.00,32.78,Released,
"Oct 23, 2025 8:09:16 PM PDT",18799999980,Order,112-0311749-3784096,MD-011749,Lot of 2 DVD Box Set,1,amazon.com,Seller,,,,MarketplaceFacilitator,6.99,0.49,3.99,0.28,0,0,0,0.00,0,-0.77,-2.85,0.00,0.00,0.00,8.13,Released,
"Oct 23, 2025 8:37:27 PM PDT",18799999980,Order,113-9211730-3525498,BK-011730,Handmade Cookbook,1,amazon.com,Seller,,,,MarketplaceFacilitator,18.99,1.33,3.99,0.28,0,0,0,0.00,0,-1.61,-4.65,0.00,0.00,0.00,18.33,Released,
"Oct 23, 2025 8:48:10 PM PDT",18799999980,Order,113-1511747-2255381,BK-011747,Used Paperback Lot,1,amazon.com,Seller,,,,MarketplaceFacilitator,12.99,0.91,3.99,0.28,0,0,0,0.00,0,-1.19,-3.75,0.00,0.00,0.00,13.23,Released,
"Oct 23, 2025 8:59:59 PM PDT",18799999980,Refund,111-5811738-9412988,BK-011738,Mid-Century Hardcover Novel,1,amazon.com,Seller,,,,MarketplaceFacilitator,-30.99,-2.17,-3.99,-0.28,0,0,0,0.00,0,2.45,5.16,0.00,0.00,0.00,-29.82,Released,
"Oct 23, 2025 9:53:53 PM PDT",18799999980,Order,111-2111872-1223835,BK-011872,Vintage Field Guide,1,amazon.com,Seller,,,,MarketplaceFacilitator,6.99,0.49,3.99,0.28,0,0,0,0.00,0,-0.77,-2.85,0.00,0.00,0.00,8.13,Released,
"Oct 23, 2025 11:24:14 PM PDT",18799999980,Order,112-8911891-3044521,BK-011891,Classic Field Guide,1,amazon.com,Seller,,,,MarketplaceFacilitator,12.99,0.91,3.99,0.28,0,0,0,0.00,0,-1.19,-3.75,0.00,0.00,0.00,13.23,Released,
"Oct 24, 2025 12:06:29 AM PDT",18799999980,Order,111-7211852-8896431,MD-011852,Retro Blu-ray Set,1,amazon.com,Seller,,,,MarketplaceFacilitator,13.99,0.98,3.99,0.28,0,0,0,0.00,0,-1.26,-3.90,0.00,0.00,0.00,14.08,Released,
"Oct 24, 2025 12:41:55 AM PDT",18799999980,Order,113-6311883-1383617,MD-011883,Handmade Blu-ray Set,1,amazon.com,Seller,,,,MarketplaceFacilitator,9.99,0.70,3.99,0.28,0,0,0,0.00,0,-0.98,-3.30,0.00,0.00,0.00,10.68,Released,
"Oct 24, 2025 12:48:04 AM PDT",18799999980,Order,114-6111849-6987048,MD-011849,Mid-Century Audiobook,1,amazon.com,Seller,,,,MarketplaceFacilitator,18.99,1.33,3.99,0.28,0,0,0,0.00,0,-1.61,-4.65,0.00,0.00,0.00,18.33,Released,
"Oct 24, 2025 1:02:20 AM PDT",18799999980,Order,111-7211848-4481120,BK-011848,Like New Hardcover Novel,1,amazon.com,Seller,,,,MarketplaceFacilitator,8.99,0.63,3.99,0.28,0,0,0,0.00,0,-0.91,-3.15,0.00,0.00,0.00,9.83,Released,
"Oct 24, 2025 1:16:07 AM PDT",18799999980,Order,111-5511893-9403391,BK-011893,Retro Textbook,1,amazon.com,Seller,,,,MarketplaceFacilitator,15.99,1.12,3.99,0.28,0,0,0,0.00,0,-1.40,-4.20,0.00,0.00,0.00,15.78,Released,
"Oct 24, 2025 1:38:35 AM PDT",18799999980,Order,114-6611860-1151546,EL-011860,Lot of 2 Turntable,1,amazon.com,Seller,,,,MarketplaceFacilitator,13.99,0.98,5.99,0.42,0,0,0,0.00,0,-1.40,-2.10,0.00,0.00,0.00,17.88,Released,
"Oct 24, 2025 1:42:48 AM PDT",18799999980,Order,114-7611896-4332538,BK-011896,Antique Hardcover Novel,1,amazon.com,Seller,,,,MarketplaceFacilitator,5.99,0.42,3.99,0.28,0,0,0,0.00,0,-0.70,-2.70,0.00,0.00,0.00,7.28,Released,
"Oct 24, 2025 2:12:49 AM PDT",18799999980,Order,112-3111897-1913081,BK-011897,Retro Atlas,1,amazon.com,Seller,,,,MarketplaceFacilitator,9.99,0.70,3.99,0.28,0,0,0,0.00,0,-0.98,-3.30,0.00,0.00,0.00,10.68,Released,
"Oct 24, 2025 2:46:59 AM PDT",18799999980,Order,113-9111892-8107539,BK-011892,Retro Atlas,1,amazon.com,Seller,,,,MarketplaceFacilitator,18.99,1.33,3.99,0.28,0,0,0,0.00,0,-1.61,-4.65,0.00,0.00,0.00,18.33,Released,
"Oct 24, 2025 3:28:56 AM PDT",18799999980,Order,114-6111876-9425729,BK-011876,Pre-owned Poetry Collection,1,amazon.com,Seller,,,,MarketplaceFacilitator,51.99,3.64,3.99,0.28,0,0,0,0.00,0,-3.92,-9.60,0.00,0.00,0.00,46.38,Released,
"Oct 24, 2025 3:48:26 AM PDT",18799999980,Order,111-2411886-2735618,BK-011886,Used Paperback Lot,1,amazon.com,Seller,,,,MarketplaceFacilitator,25.99,1.82,3.99,0.28,0,0,0,0.00,0,-2.10,-5.70,0.00,0.00,0.00,24.28,Released,
"Oct 24, 2025 4:58:22 AM PDT",18799999980,Order,112-7311867-5910392,BK-011867,Vintage Poetry Collection,1,amazon.com,Seller,,,,MarketplaceFacilitator,9.99,0.70,3.99,0.28,0,0,0,0.00,0,-0.98,-3.30,0.00,0.00,0.00,10.68,Released,
"Oct 24, 2025 5:21:12 AM PDT",18799999980,Order,114-4911854-4733526,BK-011854,Handmade Atlas,1,amazon.com,Seller,,,,MarketplaceFacilitator,3.99,0.28,3.99,0.28,0,0,0,0.00,0,-0.56,-2.40,0.00,0.00,0.00,5.58,Released,
"Oct 24, 2025 5:34:56 AM PDT",18799999980,Order,111-9611859-5542384,MD-011859,Antique Audiobook,1,amazon.com,Seller,,,,MarketplaceFacilitator,23.99,1.68,3.99,0.28,0,0,0,0.00,0,-1.96,-5.40,0.00,0.00,0.00,22.58,Released,
"Oct 24, 2025 6:34:23 AM PDT",18799999980,Order,112-4011861-6386658,CO-011861,Retro Pewter Mug,1,amazon.com,Seller,,,,MarketplaceFacilitator,19.99,1.40,5.99,0.42,0,0,0,0.00,0,-1.82,-3.00,0.00,0.00,0.00,22.98,Released,
"Oct 24, 2025 7:03:25 AM PDT",18799999980,Order,112-3011881-3752914,TY-011881,Retro Plush Bear,1,amazon.com,Seller,,,,MarketplaceFacilitator,21.99,1.54,5.99,0.42,0,0,0,0.00,0,-1.96,-3.30,0.00,0.00,0.00,24.68,Released,
"Oct 24, 2025 7:12:16 AM PDT",18799999980,Order,114-3511887-6396684,BK-011887,Like New Hardcover Novel,1,amazon.com,Seller,,,,MarketplaceFacilitator,6.99,0.49,3.99,0.28,0,0,0,0.00,0,-0.77,-2.85,0.00,0.00,0.00,8.13,Released,
"Oct 24, 2025 7:17:30 AM PDT",18799999980,Order,114-8811894-2677026,MD-011894,Like New Vinyl Record,1,amazon.com,Seller,,,,MarketplaceFacilitator,4.99,0.35,3.99,0.28,0,0,0,0.00,0,-0.63,-2.55,0.00,0.00,0.00,6.43,Released,
"Oct 24, 2025 8:30:38 AM PDT",18799999980,Order,112-5311858-2344584,MD-011858,Used DVD Box Set,1,amazon.com,Seller,,,,MarketplaceFacilitator,29.99,2.10,3.99,0.28,0,0,0,0.00,0,-2.38,-6.30,0.00,0.00,0.00,27.68,Released,
"Oct 24, 2025 9:00:19 AM PDT",18799999980,Order,111-0911889-7521301,CO-011889,Mid-Century Coin Lot,1,amazon.com,Seller,,,,MarketplaceFacilitator,11.99,0.84,5.99,0.42,0,0,0,0.00,0,-1.26,-1.80,0.00,0.00,0.00,16.18,Released,
"Oct 24, 2025 9:56:13 AM PDT",18799999980,Order,112-9411882-5358071,BK-011882,Pre-owned Cookbook,1,amazon.com,Seller,,,,MarketplaceFacilitator,24.99,1.75,3.99,0.28,0,0,0,0.00,0,-2.03,-5.55,0.00,0.00,0.00,23.43,Released,
"Oct 24, 2025 10:32:35 AM PDT",18799999980,Order,111-4411865-1160807,TY-011865,Antique Lego Lot,1,amazon.com,Seller,,,,MarketplaceFacilitator,25.99,1.82,5.99,0.42,0,0,0,0.00,0,-2.24,-3.90,0.00,0.00,0.00,28.08,Released,
"Oct 24, 2025 10:35:01 AM PDT",18799999980,Order,112-5611877-8540551,CO-011877,Like New Trading Card Lot,1,amazon.com,Seller,,,,MarketplaceFacilitator,30.99,2.17,5.99,0.42,0,0,0,0.00,0,-2.59,-4.65,0.00,0.00,0.00,32.33,Released,
"Oct 24, 2025 10:52:00 AM PDT",18799999980,Order,112-1511873-0606445,EL-011873,Antique Portable Radio,1,amazon.com,Seller,,,,MarketplaceFacilitator,31.99,2.24,5.99,0.42,0,0,0,0.00,0,-2.66,-4.80,0.00,0.00,0.00,33.18,Released,
"Oct 24, 2025 11:01:09 AM PDT",18799999980,Order,113-4911875-0916376,CO-011875,Used Pewter Mug,1,amazon.com,Seller,,,,MarketplaceFacilitator,81.99,5.74,5.99,0.42,0,0,0,0.00,0,-6.16,-12.30,0.00,0.00,0.00,75.68,Released,
"Oct 24, 2025 11:02:50 AM PDT",18799999980,Order,112-5911890-3640649,BK-011890,Pre-owned Textbook,1,amazon.com,Seller,,,,MarketplaceFacilitator,20.99,1.47,3.99,0.28,0,0,0,0.00,0,-1.75,-4.95,0.00,0.00,0.00,20.03,Released,
"Oct 24, 2025 12:22:44 PM PDT",18799999980,Order,113-8011870-9386686,BK-011870,Vintage Textbook,1,amazon.com,Seller,,,,MarketplaceFacilitator,4.99,0.35,3.99,0.28,0,0,0,0.00,0,-0.63,-2.55,0.00,0.00,0.00,6.43,Released,
"Oct 24, 2025 12:36:44 PM PDT",18799999980,Order,113-3111880-5281764,BK-011880,Vintage Paperback Lot,1,amazon.com,Seller,,,,MarketplaceFacilitator,7.99,0.56,3.99,0.28,0,0,0,0.00,0,-0.84,-3.00,0.00,0.00,0.00,8.98,Released,
"Oct 24, 2025 12:48:33 PM PDT",18799999980,Order,111-0511868-3679654,BK-011868,Classic Paperback Lot,1,amazon.com,Seller,,,,MarketplaceFacilitator,7.99,0.56,3.99,0.28,0,0,0,0.00,0,-0.84,-3.00,0.00,0.00,0.00,8.98,Released,
"Oct 24, 2025 1:41:21 PM PDT",18799999980,Order,111-9211850-5274634,BK-011850,Used Biography,1,amazon.com,Seller,,,,MarketplaceFacilitator,19.99,1.40,3.99,0.28,0,0,0,0.00,0,-1.68,-4.80,0.00,0.00,0.00,19.18,Released,
"Oct 24, 2025 1:41:58 PM PDT",18799999980,Order,111-5011866-3939336,MD-011866,Pre-owned Vinyl Record,1,amazon.com,Seller,,,,MarketplaceFacilitator,5.99,0.42,3.99,0.28,0,0,0,0.00,0,-0.70,-2.70,0.00,0.00,0.00,7.28,Released,
"Oct 24, 2025 1:51:47 PM PDT",18799999980,Order,111-3811847-2121190,BK-011847,Pre-owned Atlas,1,amazon.com,Seller,,,,MarketplaceFacilitator,37.99,2.66,3.99,0.28,0,0,0,0.00,0,-2.94,-7.50,0.00,0.00,0.00,34.48,Released,
"Oct 24, 2025 2:03:04 PM PDT",18799999980,Order,112-7611853-9107806,MD-011853,Pre-owned DVD Box Set,1,amazon.com,Seller,,,,MarketplaceFacilitator,29.99,2.10,3.99,0.28,0,0,0,0.00,0,-2.38,-6.30,0.00,0.00,0.00,27.68,Released,
"Oct 24, 2025 2:26:27 PM PDT",18799999980,Order,112-1211862-6854947,BK-011862,Antique Field Guide,1,amazon.com,Seller,,,,MarketplaceFacilitator,5.99,0.42,3.99,0.28,0,0,0,0.00,0,-0.70,-2.70,0.00,0.00,0.00,7.28,Released,
"Oct 24, 2025 2:54:50 PM PDT",18799999980,Order,113-3211871-4631150,BK-011871,Classic Paperback Lot,1,amazon.com,Seller,,,,MarketplaceFacilitator,17.99,1.26,3.99,0.28,0,0,0,0.00,0,-1.54,-4.50,0.00,0.00,0.00,17.48,Released,
"Oct 24, 2025 3:50:54 PM PDT",18799999980,Order,114-0911895-3927199,BK-011895,Antique Field Guide,1,amazon.com,Seller,,,,MarketplaceFacilitator,18.99,1.33,3.99,0.28,0,0,0,0.00,0,-1.61,-4.65,0.00,0.00,0.00,18.33,Released,
"Oct 24, 2025 4:29:32 PM PDT",18799999980,Order,113-9211864-8007832,BK-011864,Mid-Century Cookbook,1,amazon.com,Seller,,,,MarketplaceFacilitator,8.99,0.63,3.99,0.28,0,0,0,0.00,0,-0.91,-3.15,0.00,0.00,0.00,9.83,Released,
"Oct 24, 2025 4:37:14 PM PDT",18799999980,Order,111-1211884-7426480,BK-011884,Antique Biography,1,amazon.com,Seller,,,,MarketplaceFacilitator,6.99,0.49,3.99,0.28,0,0,0,0.00,0,-0.77,-2.85,0.00,0.00,0.00,8.13,Released,
"Oct 24, 2025 4:55:12 PM PDT",18799999980,Order,111-0311856-9226112,BK-011856,Pre-owned Paperback Lot,1,amazon.com,Seller,,,,MarketplaceFacilitator,21.99,1.54,3.99,0.28,0,0,0,0.00,0,-1.82,-5.10,0.00,0.00,0.00,20.88,Released,
"Oct 24, 2025 5:40:20 PM PDT",18799999980,Order,112-7111879-8787327,BK-011879,Like New Textbook,1,amazon.com,Seller,,,,MarketplaceFacilitator,13.99,0.98,3.99,0.28,0,0,0,0.00,0,-1.26,-3.90,0.00,0.00,0.00,14.08,Released,
"Oct 24, 2025 5:45:59 PM PDT",18799999980,Order,111-6411885-6359177,MD-011885,Vintage DVD Box Set,1,amazon.com,Seller,,,,MarketplaceFacilitator,17.99,1.26,3.99,0.28,0,0,0,0.00,0,-1.54,-4.50,0.00,0.00,0.00,17.48,Released,
"Oct 24, 2025 6:22:03 PM PDT",18799999980,Order,113-0411857-5330777,BK-011857,Pre-owned Hardcover Novel,1,amazon.com,Seller,,,,MarketplaceFacilitator,12.99,0.91,3.99,0.28,0,0,0,0.00,0,-1.19,-3.75,0.00,0.00,0.00,13.23,Released,
"Oct 24, 2025 6:32:11 PM PDT",18799999980,Order,114-9111869-5032453,BK-011869,Retro Field Guide,1,amazon.com,Seller,,,,MarketplaceFacilitator,11.99,0.84,3.99,0.28,0,0,0,0.00,0,-1.12,-3.60,0.00,0.00,0.00,12.38,Released,
"Oct 24, 2025 6:36:31 PM PDT",18799999980,Order,111-6311863-2532412,BK-011863,Classic Hardcover Novel,1,amazon.com,Seller,,,,MarketplaceFacilitator,7.99,0.56,3.99,0.28,0,0,0,0.00,0,-0.84,-3.00,0.00,0.00,0.00,8.98,Released,
"Oct 24, 2025 6:48:53 PM PDT",18799999980,Order,114-1211851-2525746,BK-011851,Used Cookbook,1,amazon.com,Seller,,,,MarketplaceFacilitator,9.99,0.70,3.99,0.28,0,0,0,0.00,0,-0.98,-3.30,0.00,0.00,0.00,10.68,Released,
"Oct 24, 2025 7:32:23 PM PDT",18799999980,Order,112-1011846-6458736,MD-011846,Lot of 2 Blu-ray Set,1,amazon.com,Seller,,,,MarketplaceFacilitator,16.99,1.19,3.99,0.28,0,0,0,0.00,0,-1.47,-4.35,0.00,0.00,0.00,16.63,Released,
"Oct 24, 2025 8:22:10 PM PDT",18799999980,Order,111-7511855-5747090,BK-011855,Classic Poetry Collection,1,amazon.com,Seller,,,,MarketplaceFacilitator,12.99,0.91,3.99,0.28,0,0,0,0.00,0,-1.19,-3.75,0.00,0.00,0.00,13.23,Released,
"Oct 24, 2025 8:42:31 PM PDT",18799999980,Order,113-0711888-5620850,EL-011888,Pre-owned Film Camera,1,amazon.com,Seller,,,,MarketplaceFacilitator,17.99,1.26,5.99,0.42,0,0,0,0.00,0,-1.68,-2.70,0.00,0.00,0.00,21.28,Released,
"Oct 24, 2025 8:52:04 PM PDT",18799999980,Order,112-7311874-3768692,BK-011874,Pre-owned Paperback Lot,1,amazon.com,Seller,,,,MarketplaceFacilitator,13.99,0.98,3.99,0.28,0,0,0,0.00,0,-1.26,-3.90,0.00,0.00,0.00,14.08,Released,
"Oct 24, 2025 8:54:00 PM PDT",18799999980,Order,113-0211878-0789449,MD-011878,Antique Vinyl Record,1,amazon.com,Seller,,,,MarketplaceFacilitator,6.99,0.49,3.99,0.28,0,0,0,0.00,0,-0.77,-2.85,0.00,0.00,0.00,8.13,Released,
"Oct 25, 2025 12:38:49 AM PDT",18799999980,Order,113-8912042-0060076,MD-012042,Classic CD Lot,1,amazon.com,Seller,,,,MarketplaceFacilitator,25.99,1.82,3.99,0.28,0,0,0,0.00,0,-2.10,-5.70,0.00,0.00,0.00,24.28,Released,
"Oct 25, 2025 1:13:36 AM PDT",18799999980,Order,113-5012039-7248716,BK-012039,Retro Field Guide,1,amazon.com,Seller,,,,MarketplaceFacilitator,13.99,0.98,3.99,0.28,0,0,0,0.00,0,-1.26,-3.90,0.00,0.00,0.00,14.08,Released,
"Oct 25, 2025 1:17:49 AM PDT",18799999980,Order,111-9512014-6587750,BK-012014,Used Field Guide,1,amazon.com,Seller,,,,MarketplaceFacilitator,2.99,0.21,3.99,0.28,0,0,0,0.00,0,-0.49,-2.25,0.00,0.00,0.00,4.73,Released,
"Oct 25, 2025 1:24:16 AM PDT",18799999980,Order,114-8412020-7840496,BK-012020,Like New Field Guide,1,amazon.com,Seller,,,,MarketplaceFacilitator,9.99,0.70,3.99,0.28,0,0,0,0.00,0,-0.98,-3.30,0.00,0.00,0.00,10.68,Released,
"Oct 25, 2025 1:33:31 AM PDT",18799999980,Order,112-6412028-6485675,BK-012028,Pre-owned Biography,1,amazon.com,Seller,,,,MarketplaceFacilitator,13.99,0.98,3.99,0.28,0,0,0,0.00,0,-1.26,-3.90,0.00,0.00,0.00,14.08,Released,
"Oct 25, 2025 2:12:45 AM PDT",18799999980,Order,112-8812017-1482127,BK-012017,Lot of 2 Paperback Lot,1,amazon.com,Seller,,,,MarketplaceFacilitator,19.99,1.40,3.99,0.28,0,0,0,0.00,0,-1.68,-4.80,0.00,0.00,0.00,19.18,Released,
"Oct 25, 2025 2:30:09 AM PDT",18799999980,Order,112-5912057-6187191,BK-012057,Lot of 2 Textbook,1,amazon.com,Seller,,,,MarketplaceFacilitator,31.99,2.24,3.99,0.28,0,0,0,0.00,0,-2.52,-6.60,0.00,0.00,0.00,29.38,Released,
"Oct 25, 2025 2:43:23 AM PDT",18799999980,Order,111-8312036-7701214,BK-012036,Used Textbook,1,amazon.com,Seller,,,,MarketplaceFacilitator,17.99,1.26,3.99,0.28,0,0,0,0.00,0,-1.54,-4.50,0.00,0.00,0.00,17.48,Released,
"Oct 25, 2025 3:19:33 AM PDT",18799999980,Order,113-0512038-8219710,CO-012038,Classic Trading Card Lot,1,amazon.com,Seller,,,,MarketplaceFacilitator,22.99,1.61,5.99,0.42,0,0,0,0.00,0,-2.03,-3.45,0.00,0.00,0.00,25.53,Released,
"Oct 25, 2025 5:05:02 AM PDT",18799999980,Order,114-6812012-3164346,BK-012012,Antique Paperback Lot,1,amazon.com,Seller,,,,MarketplaceFacilitator,9.99,0.70,3.99,0.28,0,0,0,0.00,0,-0.98,-3.30,0.00,0.00,0.00,10.68,Released,
"Oct 25, 2025 5:45:05 AM PDT",18799999980,Order,111-0012051-7506970,MD-012051,Retro DVD Box Set,1,amazon.com,Seller,,,,MarketplaceFacilitator,10.99,0.77,3.99,0.28,0,0,0,0.00,0,-1.05,-3.45,0.00,0.00,0.00,11.53,Released,
"Oct 25, 2025 6:09:48 AM PDT",18799999980,Order,113-0712065-7753887,BK-012065,Lot of 2 Cookbook,1,amazon.com,Seller,,,,MarketplaceFacilitator,8.99,0.63,3.99,0.28,0,0,0,0.00,0,-0.91,-3.15,0.00,0.00,0.00,9.83,Released,
"Oct 25, 2025 6:13:14 AM PDT",18799999980,Order,111-8612024-8771789,MD-012024,Handmade Blu-ray Set,1,amazon.com,Seller,,,,MarketplaceFacilitator,7.99,0.56,3.99,0.28,0,0,0,0.00,0,-0.84,-3.00,0.00,0.00,0.00,8.98,Released,
"Oct 25, 2025 6:18:09 AM PDT",18799999980,Order,113-8012044-2102693,BK-012044,Antique Poetry Collection,1,amazon.com,Seller,,,,MarketplaceFacilitator,42.99,3.01,3.99,0.28,0,0,0,0.00,0,-3.29,-8.25,0.00,0.00,0.00,38.73,Released,
"Oct 25, 2025 6:34:29 AM PDT",18799999980,Order,112-7612047-2230731,TY-012047,Retro Lego Lot,1,amazon.com,Seller,,,,MarketplaceFacilitator,30.99,2.17,5.99,0.42,0,0,0,0.00,0,-2.59,-4.65,0.00,0.00,0.00,32.33,Released,
"Oct 25, 2025 6:45:23 AM PDT",18799999980,Order,114-1212046-4262463,BK-012046,Pre-owned Biography,1,amazon.com,Seller,,,,MarketplaceFacilitator,19.99,1.40,3.99,0.28,0,0,0,0.00,0,-1.68,-4.80,0.00,0.00,0.00,19.18,Released,
"Oct 25, 2025 6:57:23 AM PDT",18799999980,Order,113-4412040-9216574,BK-012040,Retro Textbook,1,amazon.com,Seller,,,,MarketplaceFacilitator,9.99,0.70,3.99,0.28,0,0,0,0.00,0,-0.98,-3.30,0.00,0.00,0.00,10.68,Released,
"Oct 25, 2025 6:59:38 AM PDT",18799999980,Order,114-7112064-8354308,BK-012064,Classic Atlas,1,amazon.com,Seller,,,,MarketplaceFacilitator,8.99,0.63,3.99,0.28,0,0,0,0.00,0,-0.91,-3.15,0.00,0.00,0.00,9.83,Released,
"Oct 25, 2025 7:50:58 AM PDT",18799999980,Order,112-8312023-9945444,MD-012023,Mid-Century Audiobook,1,amazon.com,Seller,,,,MarketplaceFacilitator,29.99,2.10,3.99,0.28,0,0,0,0.00,0,-2.38,-6.30,0.00,0.00,0.00,27.68,Released,
"Oct 25, 2025 8:22:58 AM PDT",18799999980,Order,112-0012019-4291817,BK-012019,Mid-Century Paperback Lot,1,amazon.com,Seller,,,,MarketplaceFacilitator,10.99,0.77,3.99,0.28,0,0,0,0.00,0,-1.05,-3.45,0.00,0.00,0.00,11.53,Released,
"Oct 25, 2025 8:27:53 AM PDT",18799999980,Order,112-3612062-0819154,BK-012062,Antique Field Guide,1,amazon.com,Seller,,,,MarketplaceFacilitator,14.99,1.05,3.99,0.28,0,0,0,0.00,0,-1.33,-4.05,0.00,0.00,0.00,14.93,Released,
"Oct 25, 2025 9:31:56 AM PDT",18799999980,Order,114-5612035-8623275,BK-012035,Pre-owned Textbook,1,amazon.com,Seller,,,,MarketplaceFacilitator,16.99,1.19,3.99,0.28,0,0,0,0.00,0,-1.47,-4.35,0.00,0.00,0.00,16.63,Released,
"Oct 25, 2025 9:44:02 AM PDT",18799999980,Order,114-0212053-3333957,BK-012053,Vintage Biography,1,amazon.com,Seller,,,,MarketplaceFacilitator,6.99,0.49,3.99,0.28,0,0,0,0.00,0,-0.77,-2.85,0.00,0.00,0.00,8.13,Released,
"Oct 25, 2025 11:12:54 AM PDT",18799999980,Order,113-4112029-1212722,BK-012029,Vintage Paperback Lot,1,amazon.com,Seller,,,,MarketplaceFacilitator,7.99,0.56,3.99,0.28,0,0,0,0.00,0,-0.84,-3.00,0.00,0.00,0.00,8.98,Released,
"Oct 25, 2025 11:14:34 AM PDT",18799999980,Order,114-3312041-8939577,BK-012041,Retro Poetry Collection,1,amazon.com,Seller,,,,MarketplaceFacilitator,27.99,1.96,3.99,0.28,0,0,0,0.00,0,-2.24,-6.00,0.00,0.00,0.00,25.98,Released,
"Oct 25, 2025 11:16:10 AM PDT",18799999980,Order,111-4412056-8047505,MD-012056,Pre-owned Blu-ray Set,1,amazon.com,Seller,,,,MarketplaceFacilitator,8.99,0.63,3.99,0.28,0,0,0,0.00,0,-0.91,-3.15,0.00,0.00,0.00,9.83,Released,
"Oct 25, 2025 11:21:24 AM PDT",18799999980,Order,111-4812031-4677333,MD-012031,Pre-owned DVD Box Set,1,amazon.com,Seller,,,,MarketplaceFacilitator,3.99,0.28,3.99,0.28,0,0,0,0.00,0,-0.56,-2.40,0.00,0.00,0.00,5.58,Released,
"Oct 25, 2025 11:28:30 AM PDT",18799999980,Order,111-2012050-0203006,TY-012050,Pre-owned Puzzle 1000pc,1,amazon.com,Seller,,,,MarketplaceFacilitator,10.99,0.77,5.99,0.42,0,0,0,0.00,0,-1.19,-1.65,0.00,0.00,0.00,15.33,Released,
"Oct 25, 2025 12:01:27 PM PDT",18799999980,Order,112-3412052-7991687,BK-012052,Vintage Cookbook,1,amazon.com,Seller,,,,MarketplaceFacilitator,18.99,1.33,3.99,0.28,0,0,0,0.00,0,-1.61,-4.65,0.00,0.00,0.00,18.33,Released,
"Oct 25, 2025 12:15:24 PM PDT",18799999980,Order,112-3012058-7671044,BK-012058,Antique Hardcover Novel,1,amazon.com,Seller,,,,MarketplaceFacilitator,8.99,0.63,3.99,0.28,0,0,0,0.00,0,-0.91,-3.15,0.00,0.00,0.00,9.83,Released,
"Oct 25, 2025 12:37:45 PM PDT",18799999980,Order,112-9612063-8841063,CO-012063,Mid-Century Coin Lot,1,amazon.com,Seller,,,,MarketplaceFacilitator,26.99,1.89,5.99,0.42,0,0,0,0.00,0,-2.31,-4.05,0.00,0.00,0.00,28.93,Released,
"Oct 25, 2025 1:20:56 PM PDT",18799999980,Order,114-4512015-7812434,BK-012015,Antique Textbook,1,amazon.com,Seller,,,,MarketplaceFacilitator,12.99,0.91,3.99,0.28,0,0,0,0.00,0,-1.19,-3.75,0.00,0.00,0.00,13.23,Released,
"Oct 25, 2025 1:29:15 PM PDT",18799999980,Order,114-7412048-6361794,MD-012048,Like New Vinyl Record,1,amazon.com,Seller,,,,MarketplaceFacilitator,6.99,0.49,3.99,0.28,0,0,0,0.00,0,-0.77,-2.85,0.00,0.00,0.00,8.13,Released,
"Oct 25, 2025 1:37:03 PM PDT",18799999980,Order,114-5612021-4188598,BK-012021,Retro Textbook,1,amazon.com,Seller,,,,MarketplaceFacilitator,9.99,0.70,3.99,0.28,0,0,0,0.00,0,-0.98,-3.30,0.00,0.00,0.00,10.68,Released,
"Oct 25, 2025 1:49:12 PM PDT",18799999980,Order,111-9612043-6820841,BK-012043,Used Paperback Lot,1,amazon.com,Seller,,,,MarketplaceFacilitator,10.99,0.77,3.99,0.28,0,0,0,0.00,0,-1.05,-3.45,0.00,0.00,0.00,11.53,Released,
"Oct 25, 2025 2:57:16 PM PDT",18799999980,Order,113-4012026-7051083,BK-012026,Antique Hardcover Novel,1,amazon.com,Seller,,,,MarketplaceFacilitator,14.99,1.05,3.99,0.28,0,0,0,0.00,0,-1.33,-4.05,0.00,0.00,0.00,14.93,Released,
"Oct 25, 2025 3:06:37 PM PDT",18799999980,Order,112-0212037-9496722,BK-012037,Vintage Paperback Lot,1,amazon.com,Seller,,,,MarketplaceFacilitator,23.99,1.68,3.99,0.28,0,0,0,0.00,0,-1.96,-5.40,0.00,0.00,0.00,22.58,Released,
"Oct 25, 2025 3:19:17 PM PDT",18799999980,Order,111-2912034-6797626,CO-012034,Classic Pewter Mug,1,amazon.com,Seller,,,,MarketplaceFacilitator,24.99,1.75,5.99,0.42,0,0,0,0.00,0,-2.17,-3.75,0.00,0.00,0.00,27.23,Released,
"Oct 25, 2025 3:33:08 PM PDT",18799999980,Order,112-3812013-0649513,MD-012013,Pre-owned Vinyl Record,1,amazon.com,Seller,,,,MarketplaceFacilitator,27.99,1.96,3.99,0.28,0,0,0,0.00,0,-2.24,-6.00,0.00,0.00,0.00,25.98,Released,
"Oct 25, 2025 3:59:32 PM PDT",18799999980,Refund,114-4512015-7812434,BK-012015,Antique Textbook,1,amazon.com,Seller,,,,MarketplaceFacilitator,-12.99,-0.91,-3.99,-0.28,0,0,0,0.00,0,1.19,3.00,0.00,0.00,0.00,-13.98,Released,
"Oct 25, 2025 4:12:53 PM PDT",18799999980,Order,113-9912027-6724163,BK-012027,Retro Poetry Collection,1,amazon.com,Seller,,,,MarketplaceFacilitator,23.99,1.68,3.99,0.28,0,0,0,0.00,0,-1.96,-5.40,0.00,0.00,0.00,22.58,Released,
"Oct 25, 2025 4:15:40 PM PDT",18799999980,Order,114-9912060-6327728,BK-012060,Like New Poetry Collection,1,amazon.com,Seller,,,,MarketplaceFacilitator,11.99,0.84,3.99,0.28,0,0,0,0.00,0,-1.12,-3.60,0.00,0.00,0.00,12.38,Released,
"Oct 25, 2025 4:42:37 PM PDT",18799999980,Order,114-5212049-7234684,BK-012049,Antique Cookbook,1,amazon.com,Seller,,,,MarketplaceFacilitator,8.99,0.63,3.99,0.28,0,0,0,0.00,0,-0.91,-3.15,0.00,0.00,0.00,9.83,Released,
"Oct 25, 2025 4:45:25 PM PDT",18799999980,Order,111-0712033-8711036,MD-012033,Used DVD Box Set,1,amazon.com,Seller,,,,MarketplaceFacilitator,22.99,1.61,3.99,0.28,0,0,0,0.00,0,-1.89,-5.25,0.00,0.00,0.00,21.73,Released,
"Oct 25, 2025 4:48:19 PM PDT",18799999980,Order,113-9112018-3125293,BK-012018,Lot of 2 Hardcover Novel,1,amazon.com,Seller,,,,MarketplaceFacilitator,2.99,0.21,3.99,0.28,0,0,0,0.00,0,-0.49,-2.25,0.00,0.00,0.00,4.73,Released,
"Oct 25, 2025 5:11:06 PM PDT",18799999980,Order,114-0212030-9490672,MD-012030,Classic DVD Box Set,1,amazon.com,Seller,,,,MarketplaceFacilitator,20.99,1.47,3.99,0.28,0,0,0,0.00,0,-1.75,-4.95,0.00,0.00,0.00,20.03,Released,
"Oct 25, 2025 5:22:24 PM PDT",18799999980,Order,114-8812016-8260160,BK-012016,Used Poetry Collection,1,amazon.com,Seller,,,,MarketplaceFacilitator,17.99,1.26,3.99,0.28,0,0,0,0.00,0,-1.54,-4.50,0.00,0.00,0.00,17.48,Released,
"Oct 25, 2025 5:23:55 PM PDT",18799999980,Order,111-1412032-4430896,BK-012032,Handmade Hardcover Novel,1,amazon.com,Seller,,,,MarketplaceFacilitator,4.99,0.35,3.99,0.28,0,0,0,0.00,0,-0.63,-2.55,0.00,0.00,0.00,6.43,Released,
"Oct 25, 2025 5:25:42 PM PDT",18799999980,Refund,111-2912034-6797626,CO-012034,Classic Pewter Mug,1,amazon.com,Seller,,,,MarketplaceFacilitator,-24.99,-1.75,-5.99,-0.42,0,0,0,0.00,0,2.17,3.00,0.00,0.00,0.00,-27.98,Released,
"Oct 25, 2025 5:32:14 PM PDT",18799999980,Order,112-9012059-2284857,BK-012059,Mid-Century Textbook,1,amazon.com,Seller,,,,MarketplaceFacilitator,25.99,1.82,3.99,0.28,0,0,0,0.00,0,-2.10,-5.70,0.00,0.00,0.00,24.28,Released,
"Oct 25, 2025 5:58:17 PM PDT",18799999980,Order,111-7312054-1348591,BK-012054,Antique Cookbook,1,amazon.com,Seller,,,,MarketplaceFacilitator,16.99,1.19,3.99,0.28,0,0,0,0.00,0,-1.47,-4.35,0.00,0.00,0.00,16.63,Released,
"Oct 25, 2025 6:02:46 PM PDT",18799999980,Order,114-2812055-0747725,BK-012055,Antique Cookbook,1,amazon.com,Seller,,,,MarketplaceFacilitator,24.99,1.75,3.99,0.28,0,0,0,0.00,0,-2.03,-5.55,0.00,0.00,0.00,23.43,Released,
"Oct 25, 2025 6:34:03 PM PDT",18799999980,Order,113-5512025-0600029,EL-012025,Vintage Camera Lens,1,amazon.com,Seller,,,,MarketplaceFacilitator,70.99,4.97,5.99,0.42,0,0,0,0.00,0,-5.39,-10.65,0.00,0.00,0.00,66.33,Released,
"Oct 25, 2025 7:25:13 PM PDT",18799999980,Refund,112-3812013-0649513,MD-012013,Pre-owned Vinyl Record,1,amazon.com,Seller,,,,MarketplaceFacilitator,-27.99,-1.96,-3.99,-0.28,0,0,0,0.00,0,2.24,4.80,0.00,0.00,0.00,-27.18,Released,
"Oct 25, 2025 7:25:31 PM PDT",18799999980,Order,114-5412061-5201331,BK-012061,Retro Textbook,1,amazon.com,Seller,,,,MarketplaceFacilitator,30.99,2.17,3.99,0.28,0,0,0,0.00,0,-2.45,-6.45,0.00,0.00,0.00,28.53,Released,
"Oct 25, 2025 7:50:41 PM PDT",18799999980,Order,114-3712045-2806068,BK-012045,Classic Field Guide,1,amazon.com,Seller,,,,MarketplaceFacilitator,13.99,0.98,3.99,0.28,0,0,0,0.00,0,-1.26,-3.90,0.00,0.00,0.00,14.08,Released,
"Oct 25, 2025 8:35:57 PM PDT",18799999980,Refund,114-2812055-0747725,BK-012055,Antique Cookbook,1,amazon.com,Seller,,,,MarketplaceFacilitator,-24.99,-1.75,-3.99,-0.28,0,0,0,0.00,0,2.03,4.44,0.00,0.00,0.00,-24.54,Released,
"Oct 25, 2025 8:37:33 PM PDT",18799999980,Order,114-4912022-1119255,MD-012022,Handmade Blu-ray Set,1,amazon.com,Seller,,,,MarketplaceFacilitator,5.99,0.42,3.99,0.28,0,0,0,0.00,0,-0.70,-2.70,0.00,0.00,0.00,7.28,Released,
"Oct 25, 2025 9:06:27 PM PDT",18799999980,Order,111-6012206-6712187,EL-012206,Mid-Century Portable Radio,1,amazon.com,Seller,,,,MarketplaceFacilitator,57.99,4.06,5.99,0.42,0,0,0,0.00,0,-4.48,-8.70,0.00,0.00,0.00,55.28,Released,
"Oct 25, 2025 9:37:45 PM PDT",18799999980,Order,112-9112239-7511426,MD-012239,Handmade Blu-ray Set,1,amazon.com,Seller,,,,MarketplaceFacilitator,17.99,1.26,3.99,0.28,0,0,0,0.00,0,-1.54,-4.50,0.00,0.00,0.00,17.48,Released,
"Oct 25, 2025 10:47:35 PM PDT",18799999980,Order,113-0912247-6948213,BK-012247,Mid-Century Hardcover Novel,1,amazon.com,Seller,,,,MarketplaceFacilitator,9.99,0.70,3.99,0.28,0,0,0,0.00,0,-0.98,-3.30,0.00,0.00,0.00,10.68,Released,
"Oct 25, 2025 10:58:38 PM PDT",18799999980,Order,114-8812248-4231122,MD-012248,Like New Audiobook,1,amazon.com,Seller,,,,MarketplaceFacilitator,18.99,1.33,3.99,0.28,0,0,0,0.00,0,-1.61,-4.65,0.00,0.00,0.00,18.33,Released,
"Oct 25, 2025 11:04:37 PM PDT",18799999980,Order,114-3612215-7937265,MD-012215,Like New CD Lot,1,amazon.com,Seller,,,,MarketplaceFacilitator,8.99,0.63,3.99,0.28,0,0,0,0.00,0,-0.91,-3.15,0.00,0.00,0.00,9.83,Released,
"Oct 26, 2025 12:32:49 AM PDT",18799999980,Order,112-1212263-1838495,BK-012263,Retro Cookbook,1,amazon.com,Seller,,,,MarketplaceFacilitator,8.99,0.63,3.99,0.28,0,0,0,0.00,0,-0.91,-3.15,0.00,0.00,0.00,9.83,Released,
"Oct 26, 2025 1:20:55 AM PDT",18799999980,Refund,114-8812248-4231122,MD-012248,Like New Audiobook,1,amazon.com,Seller,,,,MarketplaceFacilitator,-18.99,-1.33,-3.99,-0.28,0,0,0,0.00,0,1.61,3.72,0.00,0.00,0.00,-19.26,Released,
"Oct 26, 2025 3:41:40 AM PDT",18799999980,Order,112-9512216-4908482,BK-012216,Lot of 2 Atlas,1,amazon.com,Seller,,,,MarketplaceFacilitator,34.99,2.45,3.99,0.28,0,0,0,0.00,0,-2.73,-7.05,0.00,0.00,0.00,31.93,Released,
"Oct 26, 2025 4:03:26 AM PDT",18799999980,Order,114-4612228-8661193,MD-012228,Classic Audiobook,1,amazon.com,Seller,,,,MarketplaceFacilitator,12.99,0.91,3.99,0.28,0,0,0,0.00,0,-1.19,-3.75,0.00,0.00,0.00,13.23,Released,
"Oct 26, 2025 4:05:42 AM PDT",18799999980,Order,114-1412250-7150169,BK-012250,Retro Atlas,1,amazon.com,Seller,,,,MarketplaceFacilitator,18.99,1.33,3.99,0.28,0,0,0,0.00,0,-1.61,-4.65,0.00,0.00,0.00,18.33,Released,
"Oct 26, 2025 4:11:08 AM PDT",18799999980,Order,114-4412212-8357516,BK-012212,Used Paperback Lot,1,amazon.com,Seller,,,,MarketplaceFacilitator,27.99,1.96,3.99,0.28,0,0,0,0.00,0,-2.24,-6.00,0.00,0.00,0.00,25.98,Released,
"Oct 26, 2025 4:24:11 AM PDT",18799999980,Order,112-9512256-8553125,BK-012256,Used Paperback Lot,1,amazon.com,Seller,,,,MarketplaceFacilitator,14.99,1.05,3.99,0.28,0,0,0,0.00,0,-1.33,-4.05,0.00,0.00,0.00,14.93,Released,
"Oct 26, 2025 4:32:13 AM PDT",18799999980,Refund,112-1212263-1838495,BK-012263,Retro Cookbook,1,amazon.com,Seller,,,,MarketplaceFacilitator,-8.99,-0.63,-3.99,-0.28,0,0,0,0.00,0,0.91,2.52,0.00,0.00,0.00,-10.46,Released,
"Oct 26, 2025 4:54:24 AM PDT",18799999980,Order,111-3912262-1980351,BK-012262,Vintage Paperback Lot,1,amazon.com,Seller,,,,MarketplaceFacilitator,7.99,0.56,3.99,0.28,0,0,0,0.00,0,-0.84,-3.00,0.00,0.00,0.00,8.98,Released,
"Oct 26, 2025 4:57:39 AM PDT",18799999980,Order,112-0212209-6331864,BK-012209,Handmade Biography,1,amazon.com,Seller,,,,MarketplaceFacilitator,13.99,0.98,3.99,0.28,0,0,0,0.00,0,-1.26,-3.90,0.00,0.00,0.00,14.08,Released,
"Oct 26, 2025 5:08:40 AM PDT",18799999980,Order,112-0012218-8519440,BK-012218,Lot of 2 Textbook,1,amazon.com,Seller,,,,MarketplaceFacilitator,5.99,0.42,3.99,0.28,0,0,0,0.00,0,-0.70,-2.70,0.00,0.00,0.00,7.28,Released,
"Oct 26, 2025 5:15:37 AM PDT",18799999980,Order,113-1312246-6767384,BK-012246,Used Field Guide,1,amazon.com,Seller,,,,MarketplaceFacilitator,6.99,0.49,3.99,0.28,0,0,0,0.00,0,-0.77,-2.85,0.00,0.00,0.00,8.13,Released,
"Oct 26, 2025 5:35:33 AM PDT",18799999980,Order,114-7412234-9216025,BK-012234,Antique Field Guide,1,amazon.com,Seller,,,,MarketplaceFacilitator,18.99,1.33,3.99,0.28,0,0,0,0.00,0,-1.61,-4.65,0.00,0.00,0.00,18.33,Released,
"Oct 26, 2025 5:48:13 AM PDT",18799999980,Order,113-1012227-4628793,BK-012227,Pre-owned Atlas,1,amazon.com,Seller,,,,MarketplaceFacilitator,5.99,0.42,3.99,0.28,0,0,0,0.00,0,-0.70,-2.70,0.00,0.00,0.00,7.28,Released,
"Oct 26, 2025 5:52:44 AM PDT",18799999980,Order,112-1612237-7914977,BK-012237,Retro Cookbook,1,amazon.com,Seller,,,,MarketplaceFacilitator,13.99,0.98,3.99,0.28,0,0,0,0.00,0,-1.26,-3.90,0.00,0.00,0.00,14.08,Released,
"Oct 26, 2025 6:11:21 AM PDT",18799999980,Order,114-7012252-9365366,BK-012252,Mid-Century Atlas,1,amazon.com,Seller,,,,MarketplaceFacilitator,10.99,0.77,3.99,0.28,0,0,0,0.00,0,-1.05,-3.45,0.00,0.00,0.00,11.53,Released,
"Oct 26, 2025 6:35:36 AM PDT",18799999980,Order,111-6912226-2519985,BK-012226,Mid-Century Hardcover Novel,1,amazon.com,Seller,,,,MarketplaceFacilitator,17.99,1.26,3.99,0.28,0,0,0,0.00,0,-1.54,-4.50,0.00,0.00,0.00,17.48,Released,
"Oct 26, 2025 6:48:07 AM PDT",18799999980,Order,112-4712217-5067828,EL-012217,Handmade Game Console,1,amazon.com,Seller,,,,MarketplaceFacilitator,49.99,3.50,5.99,0.42,0,0,0,0.00,0,-3.92,-7.50,0.00,0.00,0.00,48.48,Released,
"Oct 26, 2025 7:00:36 AM PDT",18799999980,Order,113-5312242-1423455,MD-012242,Retro CD Lot,1,amazon.com,Seller,,,,MarketplaceFacilitator,15.99,1.12,3.99,0.28,0,0,0,0.00,0,-1.40,-4.20,0.00,0.00,0.00,15.78,Released,
"Oct 26, 2025 7:32:07 AM PDT",18799999980,Order,114-8412261-3595550,BK-012261,Antique Poetry Collection,1,amazon.com,Seller,,,,MarketplaceFacilitator,26.99,1.89,3.99,0.28,0,0,0,0.00,0,-2.17,-5.85,0.00,0.00,0.00,25.13,Released,
"Oct 26, 2025 8:01:09 AM PDT",18799999980,Order,111-6312249-9256402,TY-012249,Lot of 2 Lego Lot,1,amazon.com,Seller,,,,MarketplaceFacilitator,31.99,2.24,5.99,0.42,0,0,0,0.00,0,-2.66,-4.80,0.00,0.00,0.00,33.18,Released,
"Oct 26, 2025 8:01:40 AM PDT",18799999980,Refund,114-1412250-7150169,BK-012250,Retro Atlas,1,amazon.com,Seller,,,,MarketplaceFacilitator,-18.99,-1.33,-3.99,-0.28,0,0,0,0.00,0,1.61,3.72,0.00,0.00,0.00,-19.26,Released,
"Oct 26, 2025 8:13:50 AM PDT",18799999980,Order,112-7912255-2435395,TY-012255,Pre-owned Lego Lot,1,amazon.com,Seller,,,,MarketplaceFacilitator,16.99,1.19,5.99,0.42,0,0,0,0.00,0,-1.61,-2.55,0.00,0.00,0.00,20.43,Released,
"Oct 26, 2025 8:17:40 AM PDT",18799999980,Order,112-7512223-2068876,BK-012223,Pre-owned Textbook,1,amazon.com,Seller,,,,MarketplaceFacilitator,12.99,0.91,3.99,0.28,0,0,0,0.00,0,-1.19,-3.75,0.00,0.00,0.00,13.23,Released,
"Oct 26, 2025 8:32:15 AM PDT",18799999980,Order,113-9112230-2604371,MD-012230,Retro Vinyl Record,1,amazon.com,Seller,,,,MarketplaceFacilitator,23.99,1.68,3.99,0.28,0,0,0,0.00,0,-1.96,-5.40,0.00,0.00,0.00,22.58,Released,
"Oct 26, 2025 8:36:53 AM PDT",18799999980,Order,114-7812238-8371040,MD-012238,Classic DVD Box Set,1,amazon.com,Seller,,,,MarketplaceFacilitator,11.99,0.84,3.99,0.28,0,0,0,0.00,0,-1.12,-3.60,0.00,0.00,0.00,12.38,Released,
"Oct 26, 2025 8:59:45 AM PDT",18799999980,Order,114-8812204-9307668,EL-012204,Lot of 2 Portable Radio,1,amazon.com,Seller,,,,MarketplaceFacilitator,16.99,1.19,5.99,0.42,0,0,0,0.00,0,-1.61,-2.55,0.00,0.00,0.00,20.43,Released,
"Oct 26, 2025 9:16:22 AM PDT",18799999980,Order,113-2612244-2677911,BK-012244,Handmade Atlas,1,amazon.com,Seller,,,,MarketplaceFacilitator,6.99,0.49,3.99,0.28,0,0,0,0.00,0,-0.77,-2.85,0.00,0.00,0.00,8.13,Released,
"Oct 26, 2025 9:48:30 AM PDT",18799999980,Order,114-9512240-2924686,MD-012240,Like New Audiobook,1,amazon.com,Seller,,,,MarketplaceFacilitator,12.99,0.91,3.99,0.28,0,0,0,0.00,0,-1.19,-3.75,0.00,0.00,0.00,13.23,Released,
"Oct 26, 2025 9:52:39 AM PDT",18799999980,Order,111-8012225-5622404,BK-012225,Pre-owned Poetry Collection,1,amazon.com,Seller,,,,MarketplaceFacilitator,22.99,1.61,3.99,0.28,0,0,0,0.00,0,-1.89,-5.25,0.00,0.00,0.00,21.73,Released,
"Oct 26, 2025 9:56:42 AM PDT",18799999980,Order,112-5212267-3328368,BK-012267,Used Textbook,1,amazon.com,Seller,,,,MarketplaceFacilitator,12.99,0.91,3.99,0.28,0,0,0,0.00,0,-1.19,-3.75,0.00,0.00,0.00,13.23,Released,
"Oct 26, 2025 10:47:11 AM PDT",18799999980,Order,112-8312245-1398077,BK-012245,Vintage Paperback Lot,1,amazon.com,Seller,,,,MarketplaceFacilitator,14.99,1.05,3.99,0.28,0,0,0,0.00,0,-1.33,-4.05,0.00,0.00,0.00,14.93,Released,
"Oct 26, 2025 10:50:08 AM PDT",18799999980,Order,114-4012254-6989078,BK-012254,Retro Biography,1,amazon.com,Seller,,,,MarketplaceFacilitator,9.99,0.70,3.99,0.28,0,0,0,0.00,0,-0.98,-3.30,0.00,0.00,0.00,10.68,Released,
"Oct 26, 2025 11:13:52 AM PDT",18799999980,Order,113-0712220-3389642,BK-012220,Lot of 2 Poetry Collection,1,amazon.com,Seller,,,,MarketplaceFacilitator,10.99,0.77,3.99,0.28,0,0,0,0.00,0,-1.05,-3.45,0.00,0.00,0.00,11.53,Released,
"Oct 26, 2025 11:59:27 AM PDT",18799999980,Order,111-4712251-3433161,BK-012251,Like New Biography,1,amazon.com,Seller,,,,MarketplaceFacilitator,15.99,1.12,3.99,0.28,0,0,0,0.00,0,-1.40,-4.20,0.00,0.00,0.00,15.78,Released,
"Oct 26, 2025 12:23:15 PM PDT",18799999980,Order,113-3512211-7811342,MD-012211,Antique Vinyl Record,1,amazon.com,Seller,,,,MarketplaceFacilitator,9.99,0.70,3.99,0.28,0,0,0,0.00,0,-0.98,-3.30,0.00,0.00,0.00,10.68,Released,
"Oct 26, 2025 12:56:35 PM PDT",18799999980,Order,111-2412260-7107896,TY-012260,Mid-Century Model Train,1,amazon.com,Seller,,,,MarketplaceFacilitator,12.99,0.91,5.99,0.42,0,0,0,0.00,0,-1.33,-1.95,0.00,0.00,0.00,17.03,Released,
"Oct 26, 2025 12:56:53 PM PDT",18799999980,Order,112-5312203-8730478,BK-012203,Retro Textbook,1,amazon.com,Seller,,,,MarketplaceFacilitator,7.99,0.56,3.99,0.28,0,0,0,0.00,0,-0.84,-3.00,0.00,0.00,0.00,8.98,Released,
"Oct 26, 2025 1:33:36 PM PDT",18799999980,Order,111-9512229-2113293,MD-012229,Used Blu-ray Set,1,amazon.com,Seller,,,,MarketplaceFacilitator,4.99,0.35,3.99,0.28,0,0,0,0.00,0,-0.63,-2.55,0.00,0.00,0.00,6.43,Released,
"Oct 26, 2025 2:54:38 PM PDT",18799999980,Order,111-9212269-1423780,BK-012269,Vintage Field Guide,1,amazon.com,Seller,,,,MarketplaceFacilitator,4.99,0.35,3.99,0.28,0,0,0,0.00,0,-0.63,-2.55,0.00,0.00,0.00,6.43,Released,
"Oct 26, 2025 3:00:49 PM PDT",18799999980,Order,112-6312271-5698578,BK-012271,Retro Cookbook,1,amazon.com,Seller,,,,MarketplaceFacilitator,8.99,0.63,3.99,0.28,0,0,0,0.00,0,-0.91,-3.15,0.00,0.00,0.00,9.83,Released,
"Oct 26, 2025 3:47:34 PM PDT",18799999980,Order,112-3212270-0501062,BK-012270,Retro Cookbook,1,amazon.com,Seller,,,,MarketplaceFacilitator,5.99,0.42,3.99,0.28,0,0,0,0.00,0,-0.70,-2.70,0.00,0.00,0.00,7.28,Released,
"Oct 26, 2025 3:57:46 PM PDT",18799999980,Order,113-0812266-0077613,BK-012266,Mid-Century Biography,1,amazon.com,Seller,,,,MarketplaceFacilitator,25.99,1.82,3.99,0.28,0,0,0,0.00,0,-2.10,-5.70,0.00,0.00,0.00,24.28,Released,
"Oct 26, 2025 4:10:39 PM PDT",18799999980,Order,111-9812236-4707745,EL-012236,Pre-owned Game Console,1,amazon.com,Seller,,,,MarketplaceFacilitator,34.99,2.45,5.99,0.42,0,0,0,0.00,0,-2.87,-5.25,0.00,0.00,0.00,35.73,Released,
"Oct 26, 2025 4:22:10 PM PDT",18799999980,Order,112-5612208-8627654,BK-012208,Pre-owned Atlas,1,amazon.com,Seller,,,,MarketplaceFacilitator,5.99,0.42,3.99,0.28,0,0,0,0.00,0,-0.70,-2.70,0.00,0.00,0.00,7.28,Released,
"Oct 26, 2025 4:41:34 PM PDT",18799999980,Order,114-3312259-1925808,MD-012259,Handmade CD Lot,1,amazon.com,Seller,,,,MarketplaceFacilitator,4.99,0.35,3.99,0.28,0,0,0,0.00,0,-0.63,-2.55,0.00,0.00,0.00,6.43,Released,
"Oct 26, 2025 4:56:19 PM PDT",18799999980,Order,111-4912221-6732255,BK-012221,Pre-owned Hardcover Novel,1,amazon.com,Seller,,,,MarketplaceFacilitator,8.99,0.63,3.99,0.28,0,0,0,0.00,0,-0.91,-3.15,0.00,0.00,0.00,9.83,Released,
"Oct 26, 2025 5:08:20 PM PDT",18799999980,Order,111-1312253-0259493,BK-012253,Used Field Guide,1,amazon.com,Seller,,,,MarketplaceFacilitator,11.99,0.84,3.99,0.28,0,0,0,0.00,0,-1.12,-3.60,0.00,0.00,0.00,12.38,Released,
"Oct 26, 2025 5:13:09 PM PDT",18799999980,Order,114-2712241-8263585,MD-012241,Antique CD Lot,1,amazon.com,Seller,,,,MarketplaceFacilitator,8.99,0.63,3.99,0.28,0,0,0,0.00,0,-0.91,-3.15,0.00,0.00,0.00,9.83,Released,
"Oct 26, 2025 5:28:09 PM PDT",18799999980,Order,114-2512258-5760585,BK-012258,Used Textbook,1,amazon.com,Seller,,,,MarketplaceFacilitator,23.99,1.68,3.99,0.28,0,0,0,0.00,0,-1.96,-5.40,0.00,0.00,0.00,22.58,Released,
"Oct 26, 2025 5:29:30 PM PDT",18799999980,Order,114-7112243-1444086,BK-012243,Used Poetry Collection,1,amazon.com,Seller,,,,MarketplaceFacilitator,18.99,1.33,3.99,0.28,0,0,0,0.00,0,-1.61,-4.65,0.00,0.00,0.00,18.33,Released,
"Oct 26, 2025 6:09:18 PM PDT",18799999980,Order,112-5812222-4163330,MD-012222,Classic Vinyl Record,1,amazon.com,Seller,,,,MarketplaceFacilitator,39.99,2.80,3.99,0.28,0,0,0,0.00,0,-3.08,-7.80,0.00,0.00,0.00,36.18,Released,
"Oct 26, 2025 6:09:47 PM PDT",18799999980,Order,111-5712207-0384954,BK-012207,Retro Field Guide,1,amazon.com,Seller,,,,MarketplaceFacilitator,7.99,0.56,3.99,0.28,0,0,0,0.00,0,-0.84,-3.00,0.00,0.00,0.00,8.98,Released,
"Oct 26, 2025 6:12:54 PM PDT",18799999980,Order,113-3012264-9339782,BK-012264,Lot of 2 Hardcover Novel,1,amazon.com,Seller,,,,MarketplaceFacilitator,7.99,0.56,3.99,0.28,0,0,0,0.00,0,-0.84,-3.00,0.00,0.00,0.00,8.98,Released,
"Oct 26, 2025 6:37:30 PM PDT",18799999980,Order,113-0612213-4934039,MD-012213,Pre-owned Audiobook,1,amazon.com,Seller,,,,MarketplaceFacilitator,8.99,0.63,3.99,0.28,0,0,0,0.00,0,-0.91,-3.15,0.00,0.00,0.00,9.83,Released,
"Oct 26, 2025 6:39:34 PM PDT",18799999980,Order,113-1612219-8326209,EL-012219,Handmade Turntable,1,amazon.com,Seller,,,,MarketplaceFacilitator,55.99,3.92,5.99,0.42,0,0,0,0.00,0,-4.34,-8.40,0.00,0.00,0.00,53.58,Released,
"Oct 26, 2025 6:47:47 PM PDT",18799999980,Order,113-2612265-0041440,BK-012265,Antique Hardcover Novel,1,amazon.com,Seller,,,,MarketplaceFacilitator,20.99,1.47,3.99,0.28,0,0,0,0.00,0,-1.75,-4.95,0.00,0.00,0.00,20.03,Released,
"Oct 26, 2025 6:53:20 PM PDT",18799999980,Order,114-1412214-5873129,MD-012214,Like New CD Lot,1,amazon.com,Seller,,,,MarketplaceFacilitator,37.99,2.66,3.99,0.28,0,0,0,0.00,0,-2.94,-7.50,0.00,0.00,0.00,34.48,Released,
"Oct 26, 2025 6:57:49 PM PDT",18799999980,Order,111-3612205-4937341,BK-012205,Vintage Hardcover Novel,1,amazon.com,Seller,,,,MarketplaceFacilitator,6.99,0.49,3.99,0.28,0,0,0,0.00,0,-0.77,-2.85,0.00,0.00,0.00,8.13,Released,
"Oct 26, 2025 7:14:04 PM PDT",18799999980,Order,114-7112232-4917749,EL-012232,Pre-owned Camera Lens,1,amazon.com,Seller,,,,MarketplaceFacilitator,32.99,2.31,5.99,0.42,0,0,0,0.00,0,-2.73,-4.95,0.00,0.00,0.00,34.03,Released,
"Oct 26, 2025 7:16:47 PM PDT",18799999980,Order,112-0612272-2535601,MD-012272,Handmade Vinyl Record,1,amazon.com,Seller,,,,MarketplaceFacilitator,12.99,0.91,3.99,0.28,0,0,0,0.00,0,-1.19,-3.75,0.00,0.00,0.00,13.23,Released,
"Oct 26, 2025 7:34:47 PM PDT",18799999980,Order,113-6412231-0498149,BK-012231,Pre-owned Paperback Lot,1,amazon.com,Seller,,,,MarketplaceFacilitator,15.99,1.12,3.99,0.28,0,0,0,0.00,0,-1.40,-4.20,0.00,0.00,0.00,15.78,Released,
"Oct 26, 2025 7:37:02 PM PDT",18799999980,Order,114-0012257-8134340,BK-012257,Used Hardcover Novel,1,amazon.com,Seller,,,,MarketplaceFacilitator,13.99,0.98,3.99,0.28,0,0,0,0.00,0,-1.26,-3.90,0.00,0.00,0.00,14.08,Released,
"Oct 26, 2025 7:47:03 PM PDT",18799999980,Order,114-5712235-7174688,BK-012235,Pre-owned Paperback Lot,1,amazon.com,Seller,,,,MarketplaceFacilitator,16.99,1.19,3.99,0.28,0,0,0,0.00,0,-1.47,-4.35,0.00,0.00,0.00,16.63,Released,
"Oct 26, 2025 7:51:30 PM PDT",18799999980,Order,114-0112224-2030679,BK-012224,Classic Atlas,1,amazon.com,Seller,,,,MarketplaceFacilitator,14.99,1.05,3.99,0.28,0,0,0,0.00,0,-1.33,-4.05,0.00,0.00,0.00,14.93,Released,
"Oct 26, 2025 8:07:22 PM PDT",18799999980,Order,113-8212268-4109717,BK-012268,Like New Hardcover Novel,1,amazon.com,Seller,,,,MarketplaceFacilitator,13.99,0.98,3.99,0.28,0,0,0,0.00,0,-1.26,-3.90,0.00,0.00,0.00,14.08,Released,
"Oct 26, 2025 8:19:12 PM PDT",18799999980,Order,111-6912210-9029111,BK-012210,Pre-owned Textbook,1,amazon.com,Seller,,,,MarketplaceFacilitator,13.99,0.98,3.99,0.28,0,0,0,0.00,0,-1.26,-3.90,0.00,0.00,0.00,14.08,Released,
"Oct 26, 2025 8:23:41 PM PDT",18799999980,Order,113-8212233-5756867,BK-012233,Used Textbook,1,amazon.com,Seller,,,,MarketplaceFacilitator,7.99,0.56,3.99,0.28,0,0,0,0.00,0,-0.84,-3.00,0.00,0.00,0.00,8.98,Released,
"Oct 26, 2025 11:36:23 PM PDT",18799999980,Order,113-7812397-3237778,BK-012397,Classic Biography,1,amazon.com,Seller,,,,MarketplaceFacilitator,19.99,1.40,3.99,0.28,0,0,0,0.00,0,-1.68,-4.80,0.00,0.00,0.00,19.18,Released,
"Oct 27, 2025 3:19:13 AM PDT",18799999980,Order,112-9112417-4411597,BK-012417,Lot of 2 Biography,1,amazon.com,Seller,,,,MarketplaceFacilitator,11.99,0.84,3.99,0.28,0,0,0,0.00,0,-1.12,-3.60,0.00,0.00,0.00,12.38,Released,
"Oct 27, 2025 5:56:08 AM PDT",18799999980,Order,114-3512395-5814018,BK-012395,Classic Textbook,1,amazon.com,Seller,,,,MarketplaceFacilitator,11.99,0.84,3.99,0.28,0,0,0,0.00,0,-1.12,-3.60,0.00,0.00,0.00,12.38,Released,
"Oct 27, 2025 7:48:29 AM PDT",18799999980,Order,111-2012409-7949689,BK-012409,Retro Biography,1,amazon.com,Seller,,,,MarketplaceFacilitator,6.99,0.49,3.99,0.28,0,0,0,0.00,0,-0.77,-2.85,0.00,0.00,0.00,8.13,Released,
"Oct 27, 2025 7:53:16 AM PDT",18799999980,Order,111-2012422-3634589,BK-012422,Like New Poetry Collection,1,amazon.com,Seller,,,,MarketplaceFacilitator,6.99,0.49,3.99,0.28,0,0,0,0.00,0,-0.77,-2.85,0.00,0.00,0.00,8.13,Released,
"Oct 27, 2025 8:56:17 AM PDT",18799999980,Order,112-2612414-7001641,MD-012414,Like New Audiobook,1,amazon.com,Seller,,,,MarketplaceFacilitator,16.99,1.19,3.99,0.28,0,0,0,0.00,0,-1.47,-4.35,0.00,0.00,0.00,16.63,Released,
"Oct 27, 2025 9:07:09 AM PDT",18799999980,Order,114-6312396-2037330,BK-012396,Used Poetry Collection,1,amazon.com,Seller,,,,MarketplaceFacilitator,28.99,2.03,3.99,0.28,0,0,0,0.00,0,-2.31,-6.15,0.00,0.00,0.00,26.83,Released,
"Oct 27, 2025 9:10:43 AM PDT",18799999980,Order,112-6312428-9233038,BK-012428,Like New Poetry Collection,1,amazon.com,Seller,,,,MarketplaceFacilitator,15.99,1.12,3.99,0.28,0,0,0,0.00,0,-1.40,-4.20,0.00,0.00,0.00,15.78,Released,
"Oct 27, 2025 9:37:29 AM PDT",18799999980,Order,114-4112394-8075819,CO-012394,Antique Trading Card Lot,1,amazon.com,Seller,,,,MarketplaceFacilitator,32.99,2.31,5.99,0.42,0,0,0,0.00,0,-2.73,-4.95,0.00,0.00,0.00,34.03,Released,
"Oct 27, 2025 10:40:04 AM PDT",18799999980,Order,114-4012424-1895009,MD-012424,Retro Vinyl Record,1,amazon.com,Seller,,,,MarketplaceFacilitator,17.99,1.26,3.99,0.28,0,0,0,0.00,0,-1.54,-4.50,0.00,0.00,0.00,17.48,Released,
"Oct 27, 2025 10:59:17 AM PDT",18799999980,Order,112-5312418-4656761,MD-012418,Handmade Audiobook,1,amazon.com,Seller,,,,MarketplaceFacilitator,29.99,2.10,3.99,0.28,0,0,0,0.00,0,-2.38,-6.30,0.00,0.00,0.00,27.68,Released,
"Oct 27, 2025 11:03:21 AM PDT",18799999980,Order,113-7712416-0633423,MD-012416,Classic CD Lot,1,amazon.com,Seller,,,,MarketplaceFacilitator,6.99,0.49,3.99,0.28,0,0,0,0.00,0,-0.77,-2.85,0.00,0.00,0.00,8.13,Released,
"Oct 27, 2025 11:57:16 AM PDT",18799999980,Order,111-5312404-9359044,BK-012404,Pre-owned Paperback Lot,1,amazon.com,Seller,,,,MarketplaceFacilitator,12.99,0.91,3.99,0.28,0,0,0,0.00,0,-1.19,-3.75,0.00,0.00,0.00,13.23,Released,
"Oct 27, 2025 12:15:00 PM PDT",18799999980,Service Fee,,,Cost of Advertising,,,,,,,,0.00,0.00,0.00,0.00,0,0,0,0.00,0,0.00,0.00,0.00,0.00,-8.56,-8.56,Released,
"Oct 27, 2025 1:43:26 PM PDT",18799999980,Order,111-0512429-4642221,CO-012429,Antique Trading Card Lot,1,amazon.com,Seller,,,,MarketplaceFacilitator,84.99,5.95,5.99,0.42,0,0,0,0.00,0,-6.37,-12.75,0.00,0.00,0.00,78.23,Released,
"Oct 27, 2025 2:36:08 PM PDT",18799999980,Order,112-6012399-3914686,MD-012399,Pre-owned Blu-ray Set,1,amazon.com,Seller,,,,MarketplaceFacilitator,16.99,1.19,3.99,0.28,0,0,0,0.00,0,-1.47,-4.35,0.00,0.00,0.00,16.63,Released,
"Oct 27, 2025 3:11:04 PM PDT",18799999980,Order,113-5212420-0663256,BK-012420,Lot of 2 Biography,1,amazon.com,Seller,,,,MarketplaceFacilitator,15.99,1.12,3.99,0.28,0,0,0,0.00,0,-1.40,-4.20,0.00,0.00,0.00,15.78,Released,
"Oct 27, 2025 3:22:14 PM PDT",18799999980,Order,114-2512407-9698841,BK-012407,Lot of 2 Textbook,1,amazon.com,Seller,,,,MarketplaceFacilitator,32.99,2.31,3.99,0.28,0,0,0,0.00,0,-2.59,-6.75,0.00,0.00,0.00,30.23,Released,
"Oct 27, 2025 3:39:55 PM PDT",18799999980,Order,113-4312406-0009986,BK-012406,Mid-Century Cookbook,1,amazon.com,Seller,,,,MarketplaceFacilitator,20.99,1.47,3.99,0.28,0,0,0,0.00,0,-1.75,-4.95,0.00,0.00,0.00,20.03,Released,
"Oct 27, 2025 4:23:08 PM PDT",18799999980,Order,113-1312411-6731886,TY-012411,Vintage Plush Bear,1,amazon.com,Seller,,,,MarketplaceFacilitator,20.99,1.47,5.99,0.42,0,0,0,0.00,0,-1.89,-3.15,0.00,0.00,0.00,23.83,Released,
"Oct 27, 2025 4:27:23 PM PDT",18799999980,Order,113-9912401-2614990,MD-012401,Used DVD Box Set,1,amazon.com,Seller,,,,MarketplaceFacilitator,24.99,1.75,3.99,0.28,0,0,0,0.00,0,-2.03,-5.55,0.00,0.00,0.00,23.43,Released,
"Oct 27, 2025 4:44:51 PM PDT",18799999980,Order,113-9012423-6970444,MD-012423,Retro DVD Box Set,1,amazon.com,Seller,,,,MarketplaceFacilitator,12.99,0.91,3.99,0.28,0,0,0,0.00,0,-1.19,-3.75,0.00,0.00,0.00,13.23,Released,
"Oct 27, 2025 5:28:02 PM PDT",18799999980,Order,113-2512403-9735560,TY-012403,Used Model Train,1,amazon.com,Seller,,,,MarketplaceFacilitator,26.99,1.89,5.99,0.42,0,0,0,0.00,0,-2.31,-4.05,0.00,0.00,0.00,28.93,Released,
"Oct 27, 2025 5:28:52 PM PDT",18799999980,Order,111-6812426-4401537,BK-012426,Retro Paperback Lot,1,amazon.com,Seller,,,,MarketplaceFacilitator,6.99,0.49,3.99,0.28,0,0,0,0.00,0,-0.77,-2.85,0.00,0.00,0.00,8.13,Released,
"Oct 27, 2025 6:12:15 PM PDT",18799999980,Order,113-9312415-1190922,BK-012415,Classic Poetry Collection,1,amazon.com,Seller,,,,MarketplaceFacilitator,23.99,1.68,3.99,0.28,0,0,0,0.00,0,-1.96,-5.40,0.00,0.00,0.00,22.58,Released,
"Oct 27, 2025 6:25:44 PM PDT",18799999980,Order,112-7312393-6441682,BK-012393,Classic Poetry Collection,1,amazon.com,Seller,,,,MarketplaceFacilitator,31.99,2.24,3.99,0.28,0,0,0,0.00,0,-2.52,-6.60,0.00,0.00,0.00,29.38,Released,
"Oct 27, 2025 7:16:19 PM PDT",18799999980,Refund,113-1312411-6731886,TY-012411,Vintage Plush Bear,1,amazon.com,Seller,,,,MarketplaceFacilitator,-20.99,-1.47,-5.99,-0.42,0,0,0,0.00,0,1.89,2.52,0.00,0.00,0.00,-24.46,Released,
"Oct 27, 2025 8:01:25 PM PDT",18799999980,Order,114-5612405-6590473,BK-012405,Pre-owned Paperback Lot,1,amazon.com,Seller,,,,MarketplaceFacilitator,14.99,1.05,3.99,0.28,0,0,0,0.00,0,-1.33,-4.05,0.00,0.00,0.00,14.93,Released,
"Oct 27, 2025 8:04:55 PM PDT",18799999980,Order,111-0912413-7425766,BK-012413,Lot of 2 Textbook,1,amazon.com,Seller,,,,MarketplaceFacilitator,10.99,0.77,3.99,0.28,0,0,0,0.00,0,-1.05,-3.45,0.00,0.00,0.00,11.53,Released,
"Oct 27, 2025 8:11:46 PM PDT",18799999980,Order,112-5212419-1522460,CO-012419,Lot of 2 Coin Lot,1,amazon.com,Seller,,,,MarketplaceFacilitator,54.99,3.85,5.99,0.42,0,0,0,0.00,0,-4.27,-8.25,0.00,0.00,0.00,52.73,Released,
"Oct 27, 2025 8:24:01 PM PDT",18799999980,Order,114-3812425-7698587,BK-012425,Handmade Paperback Lot,1,amazon.com,Seller,,,,MarketplaceFacilitator,9.99,0.70,3.99,0.28,0,0,0,0.00,0,-0.98,-3.30,0.00,0.00,0.00,10.68,Released,
"Oct 27, 2025 8:33:21 PM PDT",18799999980,Order,111-9812412-6082125,BK-012412,Classic Field Guide,1,amazon.com,Seller,,,,MarketplaceFacilitator,6.99,0.49,3.99,0.28,0,0,0,0.00,0,-0.77,-2.85,0.00,0.00,0.00,8.13,Released,
"Oct 27, 2025 8:45:56 PM PDT",18799999980,Order,113-5312402-6510799,BK-012402,Like New Hardcover Novel,1,amazon.com,Seller,,,,MarketplaceFacilitator,4.99,0.35,3.99,0.28,0,0,0,0.00,0,-0.63,-2.55,0.00,0.00,0.00,6.43,Released,
"Oct 27, 2025 8:47:29 PM PDT",18799999980,Order,113-7912410-6281024,MD-012410,Antique CD Lot,1,amazon.com,Seller,,,,MarketplaceFacilitator,11.99,0.84,3.99,0.28,0,0,0,0.00,0,-1.12,-3.60,0.00,0.00,0.00,12.38,Released,
"Oct 27, 2025 8:49:33 PM PDT",18799999980,Order,111-1712408-1696604,CO-012408,Pre-owned Figurine,1,amazon.com,Seller,,,,MarketplaceFacilitator,26.99,1.89,5.99,0.42,0,0,0,0.00,0,-2.31,-4.05,0.00,0.00,0.00,28.93,Released,
"Oct 27, 2025 8:50:22 PM PDT",18799999980,Order,113-9612421-3515405,MD-012421,Vintage DVD Box Set,1,amazon.com,Seller,,,,MarketplaceFacilitator,6.99,0.49,3.99,0.28,0,0,0,0.00,0,-0.77,-2.85,0.00,0.00,0.00,8.13,Released,
"Oct 27, 2025 8:51:04 PM PDT",18799999980,Order,111-6412400-2226412,BK-012400,Like New Field Guide,1,amazon.com,Seller,,,,MarketplaceFacilitator,5.99,0.42,3.99,0.28,0,0,0,0.00,0,-0.70,-2.70,0.00,0.00,0.00,7.28,Released,
"Oct 27, 2025 8:51:56 PM PDT",18799999980,Order,114-8812427-6070832,BK-012427,Classic Hardcover Novel,1,amazon.com,Seller,,,,MarketplaceFacilitator,8.99,0.63,3.99,0.28,0,0,0,0.00,0,-0.91,-3.15,0.00,0.00,0.00,9.83,Released,
"Oct 27, 2025 8:55:38 PM PDT",18799999980,Order,114-8212398-0198549,BK-012398,Vintage Textbook,1,amazon.com,Seller,,,,MarketplaceFacilitator,12.99,0.91,3.99,0.28,0,0,0,0.00,0,-1.19,-3.75,0.00,0.00,0.00,13.23,Released,
"Oct 27, 2025 8:59:59 PM PDT",18799999980,Refund,113-5312402-6510799,BK-012402,Like New Hardcover Novel,1,amazon.com,Seller,,,,MarketplaceFacilitator,-4.99,-0.35,-3.99,-0.28,0,0,0,0.00,0,0.63,2.04,0.00,0.00,0.00,-6.94,Released,
"Oct 27, 2025 10:37:21 PM PDT",18799999980,Order,112-5412562-2986834,EL-012562,Lot of 2 Film Camera,1,amazon.com,Seller,,,,MarketplaceFacilitator,40.99,2.87,5.99,0.42,0,0,0,0.00,0,-3.29,-6.15,0.00,0.00,0.00,40.83,Released,
"Oct 27, 2025 10:42:57 PM PDT",18799999980,Order,111-4612543-1846271,BK-012543,Mid-Century Atlas,1,amazon.com,Seller,,,,MarketplaceFacilitator,13.99,0.98,3.99,0.28,0,0,0,0.00,0,-1.26,-3.90,0.00,0.00,0.00,14.08,Released,
"Oct 27, 2025 11:47:33 PM PDT",18799999980,Order,113-7612542-3720519,MD-012542,Vintage DVD Box Set,1,amazon.com,Seller,,,,MarketplaceFacilitator,9.99,0.70,3.99,0.28,0,0,0,0.00,0,-0.98,-3.30,0.00,0.00,0.00,10.68,Released,
"Oct 28, 2025 5:41:20 AM PDT",18799999980,Order,111-8312563-8090833,CO-012563,Used Pewter Mug,1,amazon.com,Seller,,,,MarketplaceFacilitator,19.99,1.40,5.99,0.42,0,0,0,0.00,0,-1.82,-3.00,0.00,0.00,0.00,22.98,Released,
"Oct 28, 2025 5:57:40 AM PDT",18799999980,Order,113-1312546-2974590,BK-012546,Vintage Field Guide,1,amazon.com,Seller,,,,MarketplaceFacilitator,5.99,0.42,3.99,0.28,0,0,0,0.00,0,-0.70,-2.70,0.00,0.00,0.00,7.28,Released,
"Oct 28, 2025 6:16:01 AM PDT",18799999980,Order,113-8812554-4374572,BK-012554,Antique Cookbook,1,amazon.com,Seller,,,,MarketplaceFacilitator,9.99,0.70,3.99,0.28,0,0,0,0.00,0,-0.98,-3.30,0.00,0.00,0.00,10.68,Released,
"Oct 28, 2025 7:09:18 AM PDT",18799999980,Order,114-1612535-8307577,MD-012535,Retro DVD Box Set,1,amazon.com,Seller,,,,MarketplaceFacilitator,16.99,1.19,3.99,0.28,0,0,0,0.00,0,-1.47,-4.35,0.00,0.00,0.00,16.63,Released,
"Oct 28, 2025 7:15:25 AM PDT",18799999980,Order,112-6312537-9652888,MD-012537,Vintage DVD Box Set,1,amazon.com,Seller,,,,MarketplaceFacilitator,13.99,0.98,3.99,0.28,0,0,0,0.00,0,-1.26,-3.90,0.00,0.00,0.00,14.08,Released,
"Oct 28, 2025 7:51:42 AM PDT",18799999980,Order,111-8912556-7038144,MD-012556,Vintage Blu-ray Set,1,amazon.com,Seller,,,,MarketplaceFacilitator,28.99,2.03,3.99,0.28,0,0,0,0.00,0,-2.31,-6.15,0.00,0.00,0.00,26.83,Released,
"Oct 28, 2025 10:03:00 AM PDT",18799999980,Order,113-2912547-4893390,TY-012547,Mid-Century Board Game,1,amazon.com,Seller,,,,MarketplaceFacilitator,6.99,0.49,5.99,0.42,0,0,0,0.00,0,-0.91,-1.05,0.00,0.00,0.00,11.93,Released,
"Oct 28, 2025 10:28:41 AM PDT",18799999980,Order,114-1312538-3111640,BK-012538,Mid-Century Textbook,1,amazon.com,Seller,,,,MarketplaceFacilitator,18.99,1.33,3.99,0.28,0,0,0,0.00,0,-1.61,-4.65,0.00,0.00,0.00,18.33,Released,
"Oct 28, 2025 11:51:22 AM PDT",18799999980,Order,113-7112549-4207022,BK-012549,Vintage Textbook,1,amazon.com,Seller,,,,MarketplaceFacilitator,9.99,0.70,3.99,0.28,0,0,0,0.00,0,-0.98,-3.30,0.00,0.00,0.00,10.68,Released,
"Oct 28, 2025 1:39:37 PM PDT",18799999980,Order,114-6612559-9442595,BK-012559,Mid-Century Textbook,1,amazon.com,Seller,,,,MarketplaceFacilitator,4.99,0.35,3.99,0.28,0,0,0,0.00,0,-0.63,-2.55,0.00,0.00,0.00,6.43,Released,
"Oct 28, 2025 1:50:56 PM PDT",18799999980,Order,111-8012544-3544740,BK-012544,Retro Cookbook,1,amazon.com,Seller,,,,MarketplaceFacilitator,5.99,0.42,3.99,0.28,0,0,0,0.00,0,-0.70,-2.70,0.00,0.00,0.00,7.28,Released,
"Oct 28, 2025 1:52:21 PM PDT",18799999980,Order,112-8812540-7768721,BK-012540,Classic Atlas,1,amazon.com,Seller,,,,MarketplaceFacilitator,12.99,0.91,3.99,0.28,0,0,0,0.00,0,-1.19,-3.75,0.00,0.00,0.00,13.23,Released,
"Oct 28, 2025 2:16:55 PM PDT",18799999980,Order,112-1012552-8456005,BK-012552,Antique Biography,1,amazon.com,Seller,,,,MarketplaceFacilitator,21.99,1.54,3.99,0.28,0,0,0,0.00,0,-1.82,-5.10,0.00,0.00,0.00,20.88,Released,
"Oct 28, 2025 2:25:50 PM PDT",18799999980,Order,112-9512560-7952129,BK-012560,Retro Cookbook,1,amazon.com,Seller,,,,MarketplaceFacilitator,11.99,0.84,3.99,0.28,0,0,0,0.00,0,-1.12,-3.60,0.00,0.00,0.00,12.38,Released,
"Oct 28, 2025 3:26:06 PM PDT",18799999980,Order,113-7312536-0180130,BK-012536,Used Cookbook,1,amazon.com,Seller,,,,MarketplaceFacilitator,10.99,0.77,3.99,0.28,0,0,0,0.00,0,-1.05,-3.45,0.00,0.00,0.00,11.53,Released,
"Oct 28, 2025 3:45:40 PM PDT",18799999980,Order,114-0412566-3501930,BK-012566,Used Atlas,1,amazon.com,Seller,,,,MarketplaceFacilitator,21.99,1.54,3.99,0.28,0,0,0,0.00,0,-1.82,-5.10,0.00,0.00,0.00,20.88,Released,
"Oct 28, 2025 4:18:15 PM PDT",18799999980,Order,113-9312561-5198676,EL-012561,Retro Portable Radio,1,amazon.com,Seller,,,,MarketplaceFacilitator,29.99,2.10,5.99,0.42,0,0,0,0.00,0,-2.52,-4.50,0.00,0.00,0.00,31.48,Released,
"Oct 28, 2025 4:21:32 PM PDT",18799999980,Order,112-9912532-4326700,BK-012532,Vintage Field Guide,1,amazon.com,Seller,,,,MarketplaceFacilitator,13.99,0.98,3.99,0.28,0,0,0,0.00,0,-1.26,-3.90,0.00,0.00,0.00,14.08,Released,
"Oct 28, 2025 4:38:10 PM PDT",18799999980,Order,114-3212550-4567267,MD-012550,Classic CD Lot,1,amazon.com,Seller,,,,MarketplaceFacilitator,10.99,0.77,3.99,0.28,0,0,0,0.00,0,-1.05,-3.45,0.00,0.00,0.00,11.53,Released,
"Oct 28, 2025 4:39:07 PM PDT",18799999980,Order,113-5512531-8587640,BK-012531,Classic Hardcover Novel,1,amazon.com,Seller,,,,MarketplaceFacilitator,16.99,1.19,3.99,0.28,0,0,0,0.00,0,-1.47,-4.35,0.00,0.00,0.00,16.63,Released,
"Oct 28, 2025 4:56:02 PM PDT",18799999980,Order,112-6112548-3229401,MD-012548,Vintage Blu-ray Set,1,amazon.com,Seller,,,,MarketplaceFacilitator,13.99,0.98,3.99,0.28,0,0,0,0.00,0,-1.26,-3.90,0.00,0.00,0.00,14.08,Released,
"Oct 28, 2025 5:19:12 PM PDT",18799999980,Order,114-7612555-0411881,MD-012555,Antique Vinyl Record,1,amazon.com,Seller,,,,MarketplaceFacilitator,21.99,1.54,3.99,0.28,0,0,0,0.00,0,-1.82,-5.10,0.00,0.00,0.00,20.88,Released,
"Oct 28, 2025 5:25:47 PM PDT",18799999980,Order,112-0912545-3240667,EL-012545,Mid-Century Turntable,1,amazon.com,Seller,,,,MarketplaceFacilitator,36.99,2.59,5.99,0.42,0,0,0,0.00,0,-3.01,-5.55,0.00,0.00,0.00,37.43,Released,
"Oct 28, 2025 5:52:36 PM PDT",18799999980,Order,114-8512557-8831974,TY-012557,Used Board Game,1,amazon.com,Seller,,,,MarketplaceFacilitator,3.99,0.28,5.99,0.42,0,0,0,0.00,0,-0.70,-0.60,0.00,0.00,0.00,9.38,Released,
"Oct 28, 2025 6:10:51 PM PDT",18799999980,Order,112-8512539-2123434,MD-012539,Like New Vinyl Record,1,amazon.com,Seller,,,,MarketplaceFacilitator,27.99,1.96,3.99,0.28,0,0,0,0.00,0,-2.24,-6.00,0.00,0.00,0.00,25.98,Released,
"Oct 28, 2025 6:30:02 PM PDT",18799999980,Order,112-5212565-3980147,BK-012565,Lot of 2 Hardcover Novel,1,amazon.com,Seller,,,,MarketplaceFacilitator,20.99,1.47,3.99,0.28,0,0,0,0.00,0,-1.75,-4.95,0.00,0.00,0.00,20.03,Released,
"Oct 28, 2025 7:05:18 PM PDT",18799999980,Order,114-8212534-0851337,BK-012534,Antique Atlas,1,amazon.com,Seller,,,,MarketplaceFacilitator,15.99,1.12,3.99,0.28,0,0,0,0.00,0,-1.40,-4.20,0.00,0.00,0.00,15.78,Released,
"Oct 28, 2025 7:15:59 PM PDT",18799999980,Order,113-3612533-9094018,MD-012533,Pre-owned Audiobook,1,amazon.com,Seller,,,,MarketplaceFacilitator,16.99,1.19,3.99,0.28,0,0,0,0.00,0,-1.47,-4.35,0.00,0.00,0.00,16.63,Released,
"Oct 28, 2025 7:29:48 PM PDT",18799999980,Order,111-5312564-5194927,BK-012564,Like New Field Guide,1,amazon.com,Seller,,,,MarketplaceFacilitator,9.99,0.70,3.99,0.28,0,0,0,0.00,0,-0.98,-3.30,0.00,0.00,0.00,10.68,Released,
"Oct 28, 2025 7:32:54 PM PDT",18799999980,Order,114-3312558-4294493,BK-012558,Retro Cookbook,1,amazon.com,Seller,,,,MarketplaceFacilitator,52.99,3.71,3.99,0.28,0,0,0,0.00,0,-3.99,-9.75,0.00,0.00,0.00,47.23,Released,
"Oct 28, 2025 7:44:30 PM PDT",18799999980,Order,111-0612530-1026382,BK-012530,Like New Cookbook,1,amazon.com,Seller,,,,MarketplaceFacilitator,26.99,1.89,3.99,0.28,0,0,0,0.00,0,-2.17,-5.85,0.00,0.00,0.00,25.13,Released,
"Oct 28, 2025 8:22:10 PM PDT",18799999980,Order,111-1212553-2963282,BK-012553,Used Field Guide,1,amazon.com,Seller,,,,MarketplaceFacilitator,27.99,1.96,3.99,0.28,0,0,0,0.00,0,-2.24,-6.00,0.00,0.00,0.00,25.98,Released,
"Oct 28, 2025 8:39:27 PM PDT",18799999980,Order,111-5412541-3358257,BK-012541,Classic Cookbook,1,amazon.com,Seller,,,,MarketplaceFacilitator,11.99,0.84,3.99,0.28,0,0,0,0.00,0,-1.12,-3.60,0.00,0.00,0.00,12.38,Released,
"Oct 28, 2025 8:47:14 PM PDT",18799999980,Order,113-4612551-5598540,BK-012551,Mid-Century Paperback Lot,1,amazon.com,Seller,,,,MarketplaceFacilitator,36.99,2.59,3.99,0.28,0,0,0,0.00,0,-2.87,-7.35,0.00,0.00,0.00,33.63,Released,
"Oct 28, 2025 9:46:25 PM PDT",18799999980,Order,114-2712677-3954405,BK-012677,Classic Field Guide,1,amazon.com,Seller,,,,MarketplaceFacilitator,13.99,0.98,3.99,0.28,0,0,0,0.00,0,-1.26,-3.90,0.00,0.00,0.00,14.08,Released,
"Oct 28, 2025 10:05:47 PM PDT",18799999980,Order,114-9412689-3511085,BK-012689,Vintage Biography,1,amazon.com,Seller,,,,MarketplaceFacilitator,8.99,0.63,3.99,0.28,0,0,0,0.00,0,-0.91,-3.15,0.00,0.00,0.00,9.83,Released,
"Oct 28, 2025 10:53:19 PM PDT",18799999980,Order,114-9912675-3406543,TY-012675,Classic Puzzle 1000pc,1,amazon.com,Seller,,,,MarketplaceFacilitator,14.99,1.05,5.99,0.42,0,0,0,0.00,0,-1.47,-2.25,0.00,0.00,0.00,18.73,Released,
"Oct 28, 2025 11:12:45 PM PDT",18799999980,Order,113-1012703-0781491,TY-012703,Mid-Century Model Train,1,amazon.com,Seller,,,,MarketplaceFacilitator,30.99,2.17,5.99,0.42,0,0,0,0.00,0,-2.59,-4.65,0.00,0.00,0.00,32.33,Released,
"Oct 29, 2025 3:06:28 AM PDT",18799999980,Order,112-8812686-9439309,BK-012686,Handmade Poetry Collection,1,amazon.com,Seller,,,,MarketplaceFacilitator,5.99,0.42,3.99,0.28,0,0,0,0.00,0,-0.70,-2.70,0.00,0.00,0.00,7.28,Released,
"Oct 29, 2025 4:08:47 AM PDT",18799999980,Order,111-9512711-5644475,MD-012711,Vintage Vinyl Record,1,amazon.com,Seller,,,,MarketplaceFacilitator,28.99,2.03,3.99,0.28,0,0,0,0.00,0,-2.31,-6.15,0.00,0.00,0.00,26.83,Released,
"Oct 29, 2025 4:16:39 AM PDT",18799999980,Order,111-2012669-7829024,BK-012669,Like New Poetry Collection,1,amazon.com,Seller,,,,MarketplaceFacilitator,16.99,1.19,3.99,0.28,0,0,0,0.00,0,-1.47,-4.35,0.00,0.00,0.00,16.63,Released,
"Oct 29, 2025 4:27:38 AM PDT",18799999980,Order,111-0212667-1678306,BK-012667,Classic Paperback Lot,1,amazon.com,Seller,,,,MarketplaceFacilitator,8.99,0.63,3.99,0.28,0,0,0,0.00,0,-0.91,-3.15,0.00,0.00,0.00,9.83,Released,
"Oct 29, 2025 4:34:00 AM PDT",18799999980,Order,113-6712676-4105895,MD-012676,Handmade Blu-ray Set,1,amazon.com,Seller,,,,MarketplaceFacilitator,6.99,0.49,3.99,0.28,0,0,0,0.00,0,-0.77,-2.85,0.00,0.00,0.00,8.13,Released,
"Oct 29, 2025 5:26:31 AM PDT",18799999980,Order,114-3012700-4709070,BK-012700,Like New Paperback Lot,1,amazon.com,Seller,,,,MarketplaceFacilitator,25.99,1.82,3.99,0.28,0,0,0,0.00,0,-2.10,-5.70,0.00,0.00,0.00,24.28,Released,
"Oct 29, 2025 7:01:58 AM PDT",18799999980,Order,112-4612706-5594848,CO-012706,Handmade Pewter Mug,1,amazon.com,Seller,,,,MarketplaceFacilitator,39.99,2.80,5.99,0.42,0,0,0,0.00,0,-3.22,-6.00,0.00,0.00,0.00,39.98,Released,
"Oct 29, 2025 7:11:34 AM PDT",18799999980,Order,111-4712692-8530016,BK-012692,Lot of 2 Poetry Collection,1,amazon.com,Seller,,,,MarketplaceFacilitator,14.99,1.05,3.99,0.28,0,0,0,0.00,0,-1.33,-4.05,0.00,0.00,0.00,14.93,Released,
"Oct 29, 2025 8:00:04 AM PDT",18799999980,Order,111-0912697-5138783,BK-012697,Like New Textbook,1,amazon.com,Seller,,,,MarketplaceFacilitator,21.99,1.54,3.99,0.28,0,0,0,0.00,0,-1.82,-5.10,0.00,0.00,0.00,20.88,Released,
"Oct 29, 2025 8:39:34 AM PDT",18799999980,Order,114-6712685-3023447,BK-012685,Pre-owned Textbook,1,amazon.com,Seller,,,,MarketplaceFacilitator,22.99,1.61,3.99,0.28,0,0,0,0.00,0,-1.89,-5.25,0.00,0.00,0.00,21.73,Released,
"Oct 29, 2025 8:58:30 AM PDT",18799999980,Order,114-3912699-9603863,BK-012699,Lot of 2 Biography,1,amazon.com,Seller,,,,MarketplaceFacilitator,27.99,1.96,3.99,0.28,0,0,0,0.00,0,-2.24,-6.00,0.00,0.00,0.00,25.98,Released,
"Oct 29, 2025 9:24:25 AM PDT",18799999980,Order,111-9512683-4105065,EL-012683,Antique Turntable,1,amazon.com,Seller,,,,MarketplaceFacilitator,40.99,2.87,5.99,0.42,0,0,0,0.00,0,-3.29,-6.15,0.00,0.00,0.00,40.83,Released,
"Oct 29, 2025 9:32:23 AM PDT",18799999980,Order,114-4212710-9371684,BK-012710,Antique Atlas,1,amazon.com,Seller,,,,MarketplaceFacilitator,5.99,0.42,3.99,0.28,0,0,0,0.00,0,-0.70,-2.70,0.00,0.00,0.00,7.28,Released,
"Oct 29, 2025 9:56:51 AM PDT",18799999980,Order,113-4112668-3740334,BK-012668,Handmade Biography,1,amazon.com,Seller,,,,MarketplaceFacilitator,14.99,1.05,3.99,0.28,0,0,0,0.00,0,-1.33,-4.05,0.00,0.00,0.00,14.93,Released,
"Oct 29, 2025 10:28:23 AM PDT",18799999980,Order,113-7612698-0310116,BK-012698,Antique Atlas,1,amazon.com,Seller,,,,MarketplaceFacilitator,6.99,0.49,3.99,0.28,0,0,0,0.00,0,-0.77,-2.85,0.00,0.00,0.00,8.13,Released,
"Oct 29, 2025 11:59:09 AM PDT",18799999980,Order,112-6412688-8434501,BK-012688,Lot of 2 Textbook,1,amazon.com,Seller,,,,MarketplaceFacilitator,3.99,0.28,3.99,0.28,0,0,0,0.00,0,-0.56,-2.40,0.00,0.00,0.00,5.58,Released,
"Oct 29, 2025 12:09:55 PM PDT",18799999980,Order,112-4212670-9636648,MD-012670,Handmade Vinyl Record,1,amazon.com,Seller,,,,MarketplaceFacilitator,7.99,0.56,3.99,0.28,0,0,0,0.00,0,-0.84,-3.00,0.00,0.00,0.00,8.98,Released,
"Oct 29, 2025 12:47:09 PM PDT",18799999980,Order,114-6512679-6030060,BK-012679,Like New Textbook,1,amazon.com,Seller,,,,MarketplaceFacilitator,12.99,0.91,3.99,0.28,0,0,0,0.00,0,-1.19,-3.75,0.00,0.00,0.00,13.23,Released,
"Oct 29, 2025 12:47:56 PM PDT",18799999980,Order,111-6012693-6611357,TY-012693,Retro Model Train,1,amazon.com,Seller,,,,MarketplaceFacilitator,19.99,1.40,5.99,0.42,0,0,0,0.00,0,-1.82,-3.00,0.00,0.00,0.00,22.98,Released,
"Oct 29, 2025 1:26:59 PM PDT",18799999980,Order,113-5412681-2102054,MD-012681,Retro Blu-ray Set,1,amazon.com,Seller,,,,MarketplaceFacilitator,27.99,1.96,3.99,0.28,0,0,0,0.00,0,-2.24,-6.00,0.00,0.00,0.00,25.98,Released,
"Oct 29, 2025 1:48:41 PM PDT",18799999980,Order,111-5012702-2764724,CO-012702,Used Snow Globe,1,amazon.com,Seller,,,,MarketplaceFacilitator,32.99,2.31,5.99,0.42,0,0,0,0.00,0,-2.73,-4.95,0.00,0.00,0.00,34.03,Released,
"Oct 29, 2025 1:52:03 PM PDT",18799999980,Order,114-4512691-0755547,BK-012691,Antique Hardcover Novel,1,amazon.com,Seller,,,,MarketplaceFacilitator,24.99,1.75,3.99,0.28,0,0,0,0.00,0,-2.03,-5.55,0.00,0.00,0.00,23.43,Released,
"Oct 29, 2025 2:04:27 PM PDT",18799999980,Order,114-4112682-9663041,MD-012682,Pre-owned Blu-ray Set,1,amazon.com,Seller,,,,MarketplaceFacilitator,12.99,0.91,3.99,0.28,0,0,0,0.00,0,-1.19,-3.75,0.00,0.00,0.00,13.23,Released,
"Oct 29, 2025 2:29:25 PM PDT",18799999980,Order,114-8712707-5819390,MD-012707,Classic DVD Box Set,1,amazon.com,Seller,,,,MarketplaceFacilitator,6.99,0.49,3.99,0.28,0,0,0,0.00,0,-0.77,-2.85,0.00,0.00,0.00,8.13,Released,
"Oct 29, 2025 3:03:00 PM PDT",18799999980,Order,112-4312687-6807565,MD-012687,Pre-owned CD Lot,1,amazon.com,Seller,,,,MarketplaceFacilitator,34.99,2.45,3.99,0.28,0,0,0,0.00,0,-2.73,-7.05,0.00,0.00,0.00,31.93,Released,
"Oct 29, 2025 3:06:11 PM PDT",18799999980,Order,114-7912673-1163895,EL-012673,Vintage Game Console,1,amazon.com,Seller,,,,MarketplaceFacilitator,31.99,2.24,5.99,0.42,0,0,0,0.00,0,-2.66,-4.80,0.00,0.00,0.00,33.18,Released,
"Oct 29, 2025 4:34:04 PM PDT",18799999980,Order,112-7312695-9452101,BK-012695,Retro Biography,1,amazon.com,Seller,,,,MarketplaceFacilitator,6.99,0.49,3.99,0.28,0,0,0,0.00,0,-0.77,-2.85,0.00,0.00,0.00,8.13,Released,
"Oct 29, 2025 4:43:48 PM PDT",18799999980,Order,113-2312680-6470867,BK-012680,Handmade Paperback Lot,1,amazon.com,Seller,,,,MarketplaceFacilitator,16.99,1.19,3.99,0.28,0,0,0,0.00,0,-1.47,-4.35,0.00,0.00,0.00,16.63,Released,
"Oct 29, 2025 4:53:28 PM PDT",18799999980,Order,112-5412671-6965077,BK-012671,Vintage Field Guide,1,amazon.com,Seller,,,,MarketplaceFacilitator,3.99,0.28,3.99,0.28,0,0,0,0.00,0,-0.56,-2.40,0.00,0.00,0.00,5.58,Released,
"Oct 29, 2025 4:53:59 PM PDT",18799999980,Order,114-9212708-3174674,MD-012708,Used CD Lot,1,amazon.com,Seller,,,,MarketplaceFacilitator,16.99,1.19,3.99,0.28,0,0,0,0.00,0,-1.47,-4.35,0.00,0.00,0.00,16.63,Released,
"Oct 29, 2025 5:19:58 PM PDT",18799999980,Order,112-2112690-0440498,EL-012690,Classic Game Console,1,amazon.com,Seller,,,,MarketplaceFacilitator,26.99,1.89,5.99,0.42,0,0,0,0.00,0,-2.31,-4.05,0.00,0.00,0.00,28.93,Released,
"Oct 29, 2025 5:45:09 PM PDT",18799999980,Order,111-6612704-3914008,BK-012704,Retro Textbook,1,amazon.com,Seller,,,,MarketplaceFacilitator,9.99,0.70,3.99,0.28,0,0,0,0.00,0,-0.98,-3.30,0.00,0.00,0.00,10.68,Released,
"Oct 29, 2025 5:54:21 PM PDT",18799999980,Order,114-3912705-9080447,MD-012705,Retro Blu-ray Set,1,amazon.com,Seller,,,,MarketplaceFacilitator,12.99,0.91,3.99,0.28,0,0,0,0.00,0,-1.19,-3.75,0.00,0.00,0.00,13.23,Released,
"Oct 29, 2025 6:01:48 PM PDT",18799999980,Order,112-9312674-0415047,BK-012674,Classic Cookbook,1,amazon.com,Seller,,,,MarketplaceFacilitator,10.99,0.77,3.99,0.28,0,0,0,0.00,0,-1.05,-3.45,0.00,0.00,0.00,11.53,Released,
"Oct 29, 2025 6:29:51 PM PDT",18799999980,Order,114-6112696-0300685,BK-012696,Retro Paperback Lot,1,amazon.com,Seller,,,,MarketplaceFacilitator,6.99,0.49,3.99,0.28,0,0,0,0.00,0,-0.77,-2.85,0.00,0.00,0.00,8.13,Released,
"Oct 29, 2025 6:46:51 PM PDT",18799999980,Order,111-5712701-8030068,MD-012701,Pre-owned Blu-ray Set,1,amazon.com,Seller,,,,MarketplaceFacilitator,13.99,0.98,3.99,0.28,0,0,0,0.00,0,-1.26,-3.90,0.00,0.00,0.00,14.08,Released,
"Oct 29, 2025 7:14:51 PM PDT",18799999980,Order,114-4812694-7107030,BK-012694,Pre-owned Poetry Collection,1,amazon.com,Seller,,,,MarketplaceFacilitator,10.99,0.77,3.99,0.28,0,0,0,0.00,0,-1.05,-3.45,0.00,0.00,0.00,11.53,Released,
"Oct 29, 2025 7:41:03 PM PDT",18799999980,Order,112-0912709-5857173,BK-012709,Lot of 2 Cookbook,1,amazon.com,Seller,,,,MarketplaceFacilitator,13.99,0.98,3.99,0.28,0,0,0,0.00,0,-1.26,-3.90,0.00,0.00,0.00,14.08,Released,
"Oct 29, 2025 8:11:11 PM PDT",18799999980,Order,112-3412672-0873916,TY-012672,Antique Model Train,1,amazon.com,Seller,,,,MarketplaceFacilitator,25.99,1.82,5.99,0.42,0,0,0,0.00,0,-2.24,-3.90,0.00,0.00,0.00,28.08,Released,
"Oct 29, 2025 8:16:16 PM PDT",18799999980,Order,114-2412684-7561164,MD-012684,Antique Blu-ray Set,1,amazon.com,Seller,,,,MarketplaceFacilitator,18.99,1.33,3.99,0.28,0,0,0,0.00,0,-1.61,-4.65,0.00,0.00,0.00,18.33,Released,
"Oct 29, 2025 8:58:49 PM PDT",18799999980,Order,114-5512678-3825185,CO-012678,Pre-owned Coin Lot,1,amazon.com,Seller,,,,MarketplaceFacilitator,71.99,5.04,5.99,0.42,0,0,0,0.00,0,-5.46,-10.80,0.00,0.00,0.00,67.18,Released,
"Oct 30, 2025 12:29:36 AM PDT",18799999980,Order,113-5412827-8110029,BK-012827,Lot of 2 Atlas,1,amazon.com,Seller,,,,MarketplaceFacilitator,6.99,0.49,3.99,0.28,0,0,0,0.00,0,-0.77,-2.85,0.00,0.00,0.00,8.13,Released,
"Oct 30, 2025 1:32:51 AM PDT",18799999980,Order,112-6012849-2680336,BK-012849,Mid-Century Biography,1,amazon.com,Seller,,,,MarketplaceFacilitator,11.99,0.84,3.99,0.28,0,0,0,0.00,0,-1.12,-3.60,0.00,0.00,0.00,12.38,Released,
"Oct 30, 2025 1:43:43 AM PDT",18799999980,Order,112-7812824-8692342,EL-012824,Antique Portable Radio,1,amazon.com,Seller,,,,MarketplaceFacilitator,63.99,4.48,5.99,0.42,0,0,0,0.00,0,-4.90,-9.60,0.00,0.00,0.00,60.38,Released,
"Oct 30, 2025 2:00:28 AM PDT",18799999980,Order,113-4512850-3729310,BK-012850,Mid-Century Field Guide,1,amazon.com,Seller,,,,MarketplaceFacilitator,6.99,0.49,3.99,0.28,0,0,0,0.00,0,-0.77,-2.85,0.00,0.00,0.00,8.13,Released,
"Oct 30, 2025 2:20:21 AM PDT",18799999980,Order,113-2412842-0861276,MD-012842,Mid-Century Vinyl Record,1,amazon.com,Seller,,,,MarketplaceFacilitator,10.99,0.77,3.99,0.28,0,0,0,0.00,0,-1.05,-3.45,0.00,0.00,0.00,11.53,Released,
"Oct 30, 2025 2:28:50 AM PDT",18799999980,Order,112-6012844-8883395,TY-012844,Vintage Board Game,1,amazon.com,Seller,,,,MarketplaceFacilitator,8.99,0.63,5.99,0.42,0,0,0,0.00,0,-1.05,-1.35,0.00,0.00,0.00,13.63,Released,
"Oct 30, 2025 3:37:54 AM PDT",18799999980,Order,111-7912839-0907285,MD-012839,Antique Audiobook,1,amazon.com,Seller,,,,MarketplaceFacilitator,31.99,2.24,3.99,0.28,0,0,0,0.00,0,-2.52,-6.60,0.00,0.00,0.00,29.38,Released,
"Oct 30, 2025 3:39:09 AM PDT",18799999980,Order,113-2812858-7895427,BK-012858,Classic Atlas,1,amazon.com,Seller,,,,MarketplaceFacilitator,6.99,0.49,3.99,0.28,0,0,0,0.00,0,-0.77,-2.85,0.00,0.00,0.00,8.13,Released,
"Oct 30, 2025 3:46:32 AM PDT",18799999980,Order,111-6212843-4628329,BK-012843,Lot of 2 Field Guide,1,amazon.com,Seller,,,,MarketplaceFacilitator,8.99,0.63,3.99,0.28,0,0,0,0.00,0,-0.91,-3.15,0.00,0.00,0.00,9.83,Released,
"Oct 30, 2025 3:54:05 AM PDT",18799999980,Order,113-7812854-6455038,MD-012854,Classic Audiobook,1,amazon.com,Seller,,,,MarketplaceFacilitator,9.99,0.70,3.99,0.28,0,0,0,0.00,0,-0.98,-3.30,0.00,0.00,0.00,10.68,Released,
"Oct 30, 2025 5:09:15 AM PDT",18799999980,Order,112-4412830-6595422,MD-012830,Like New DVD Box Set,1,amazon.com,Seller,,,,MarketplaceFacilitator,11.99,0.84,3.99,0.28,0,0,0,0.00,0,-1.12,-3.60,0.00,0.00,0.00,12.38,Released,
"Oct 30, 2025 6:05:07 AM PDT",18799999980,Order,113-5112838-6534565,BK-012838,Used Textbook,1,amazon.com,Seller,,,,MarketplaceFacilitator,5.99,0.42,3.99,0.28,0,0,0,0.00,0,-0.70,-2.70,0.00,0.00,0.00,7.28,Released,
"Oct 30, 2025 6:33:04 AM PDT",18799999980,Order,114-7512835-1167881,BK-012835,Lot of 2 Poetry Collection,1,amazon.com,Seller,,,,MarketplaceFacilitator,6.99,0.49,3.99,0.28,0,0,0,0.00,0,-0.77,-2.85,0.00,0.00,0.00,8.13,Released,
"Oct 30, 2025 6:37:35 AM PDT",18799999980,Order,112-6912821-9369548,BK-012821,Antique Biography,1,amazon.com,Seller,,,,MarketplaceFacilitator,10.99,0.77,3.99,0.28,0,0,0,0.00,0,-1.05,-3.45,0.00,0.00,0.00,11.53,Released,
"Oct 30, 2025 6:51:26 AM PDT",18799999980,Refund,111-7912839-0907285,MD-012839,Antique Audiobook,1,amazon.com,Seller,,,,MarketplaceFacilitator,-31.99,-2.24,-3.99,-0.28,0,0,0,0.00,0,2.52,5.28,0.00,0.00,0.00,-30.70,Released,
"Oct 30, 2025 6:51:58 AM PDT",18799999980,Order,111-2612856-1372708,BK-012856,Vintage Cookbook,1,amazon.com,Seller,,,,MarketplaceFacilitator,12.99,0.91,3.99,0.28,0,0,0,0.00,0,-1.19,-3.75,0.00,0.00,0.00,13.23,Released,
"Oct 30, 2025 7:59:01 AM PDT",18799999980,Order,114-8012857-5536814,MD-012857,Mid-Century CD Lot,1,amazon.com,Seller,,,,MarketplaceFacilitator,18.99,1.33,3.99,0.28,0,0,0,0.00,0,-1.61,-4.65,0.00,0.00,0.00,18.33,Released,
"Oct 30, 2025 8:21:00 AM PDT",18799999980,Order,114-8712826-4935139,BK-012826,Handmade Atlas,1,amazon.com,Seller,,,,MarketplaceFacilitator,10.99,0.77,3.99,0.28,0,0,0,0.00,0,-1.05,-3.45,0.00,0.00,0.00,11.53,Released,
"Oct 30, 2025 8:48:10 AM PDT",18799999980,Order,114-5412831-5428535,BK-012831,Classic Atlas,1,amazon.com,Seller,,,,MarketplaceFacilitator,4.99,0.35,3.99,0.28,0,0,0,0.00,0,-0.63,-2.55,0.00,0.00,0.00,6.43,Released,
"Oct 30, 2025 9:32:08 AM PDT",18799999980,Order,111-3312841-0264887,BK-012841,Like New Biography,1,amazon.com,Seller,,,,MarketplaceFacilitator,5.99,0.42,3.99,0.28,0,0,0,0.00,0,-0.70,-2.70,0.00,0.00,0.00,7.28,Released,
"Oct 30, 2025 9:34:37 AM PDT",18799999980,Order,114-7712822-2928511,TY-012822,Like New Puzzle 1000pc,1,amazon.com,Seller,,,,MarketplaceFacilitator,20.99,1.47,5.99,0.42,0,0,0,0.00,0,-1.89,-3.15,0.00,0.00,0.00,23.83,Released,
"Oct 30, 2025 10:26:05 AM PDT",18799999980,Refund,114-7512835-1167881,BK-012835,Lot of 2 Poetry Collection,1,amazon.com,Seller,,,,MarketplaceFacilitator,-6.99,-0.49,-3.99,-0.28,0,0,0,0.00,0,0.77,2.28,0.00,0.00,0.00,-8.70,Released,
"Oct 30, 2025 10:38:39 AM PDT",18799999980,Order,112-8312832-6412014,BK-012832,Handmade Cookbook,1,amazon.com,Seller,,,,MarketplaceFacilitator,9.99,0.70,3.99,0.28,0,0,0,0.00,0,-0.98,-3.30,0.00,0.00,0.00,10.68,Released,
"Oct 30, 2025 10:59:30 AM PDT",18799999980,Order,112-3412859-9217681,BK-012859,Retro Atlas,1,amazon.com,Seller,,,,MarketplaceFacilitator,14.99,1.05,3.99,0.28,0,0,0,0.00,0,-1.33,-4.05,0.00,0.00,0.00,14.93,Released,
"Oct 30, 2025 1:47:03 PM PDT",18799999980,Order,113-2812834-7683037,BK-012834,Like New Paperback Lot,1,amazon.com,Seller,,,,MarketplaceFacilitator,16.99,1.19,3.99,0.28,0,0,0,0.00,0,-1.47,-4.35,0.00,0.00,0.00,16.63,Released,
"Oct 30, 2025 1:57:39 PM PDT",18799999980,Order,114-8712837-7011191,EL-012837,Antique Portable Radio,1,amazon.com,Seller,,,,MarketplaceFacilitator,19.99,1.40,5.99,0.42,0,0,0,0.00,0,-1.82,-3.00,0.00,0.00,0.00,22.98,Released,
"Oct 30, 2025 2:06:32 PM PDT",18799999980,Order,113-4412852-7206942,BK-012852,Antique Cookbook,1,amazon.com,Seller,,,,MarketplaceFacilitator,15.99,1.12,3.99,0.28,0,0,0,0.00,0,-1.40,-4.20,0.00,0.00,0.00,15.78,Released,
"Oct 30, 2025 2:53:17 PM PDT",18799999980,Order,113-1412853-2494886,MD-012853,Mid-Century Audiobook,1,amazon.com,Seller,,,,MarketplaceFacilitator,11.99,0.84,3.99,0.28,0,0,0,0.00,0,-1.12,-3.60,0.00,0.00,0.00,12.38,Released,
"Oct 30, 2025 3:45:09 PM PDT",18799999980,Order,111-6212846-5936601,BK-012846,Lot of 2 Biography,1,amazon.com,Seller,,,,MarketplaceFacilitator,19.99,1.40,3.99,0.28,0,0,0,0.00,0,-1.68,-4.80,0.00,0.00,0.00,19.18,Released,
"Oct 30, 2025 3:53:50 PM PDT",18799999980,Order,111-2012851-1000531,BK-012851,Classic Poetry Collection,1,amazon.com,Seller,,,,MarketplaceFacilitator,14.99,1.05,3.99,0.28,0,0,0,0.00,0,-1.33,-4.05,0.00,0.00,0.00,14.93,Released,
"Oct 30, 2025 4:10:00 PM PDT",18799999980,Order,114-5312833-5810680,BK-012833,Retro Atlas,1,amazon.com,Seller,,,,MarketplaceFacilitator,10.99,0.77,3.99,0.28,0,0,0,0.00,0,-1.05,-3.45,0.00,0.00,0.00,11.53,Released,
"Oct 30, 2025 4:36:11 PM PDT",18799999980,Order,113-3212860-7464634,TY-012860,Retro Board Game,1,amazon.com,Seller,,,,MarketplaceFacilitator,115.99,8.12,5.99,0.42,0,0,0,0.00,0,-8.54,-17.40,0.00,0.00,0.00,104.58,Released,
"Oct 30, 2025 4:37:32 PM PDT",18799999980,Order,111-1312828-1985920,MD-012828,Antique Blu-ray Set,1,amazon.com,Seller,,,,MarketplaceFacilitator,25.99,1.82,3.99,0.28,0,0,0,0.00,0,-2.10,-5.70,0.00,0.00,0.00,24.28,Released,
"Oct 30, 2025 5:03:36 PM PDT",18799999980,Order,114-2112848-6111208,BK-012848,Mid-Century Hardcover Novel,1,amazon.com,Seller,,,,MarketplaceFacilitator,8.99,0.63,3.99,0.28,0,0,0,0.00,0,-0.91,-3.15,0.00,0.00,0.00,9.83,Released,
"Oct 30, 2025 5:18:51 PM PDT",18799999980,Order,111-7812829-9852574,BK-012829,Antique Biography,1,amazon.com,Seller,,,,MarketplaceFacilitator,9.99,0.70,3.99,0.28,0,0,0,0.00,0,-0.98,-3.30,0.00,0.00,0.00,10.68,Released,
"Oct 30, 2025 5:33:16 PM PDT",18799999980,Order,112-9312825-9381081,BK-012825,Vintage Biography,1,amazon.com,Seller,,,,MarketplaceFacilitator,8.99,0.63,3.99,0.28,0,0,0,0.00,0,-0.91,-3.15,0.00,0.00,0.00,9.83,Released,
"Oct 30, 2025 6:41:34 PM PDT",18799999980,Order,111-5312845-3085131,BK-012845,Antique Poetry Collection,1,amazon.com,Seller,,,,MarketplaceFacilitator,13.99,0.98,3.99,0.28,0,0,0,0.00,0,-1.26,-3.90,0.00,0.00,0.00,14.08,Released,
"Oct 30, 2025 6:48:13 PM PDT",18799999980,Order,112-4012847-0273571,BK-012847,Retro Field Guide,1,amazon.com,Seller,,,,MarketplaceFacilitator,7.99,0.56,3.99,0.28,0,0,0,0.00,0,-0.84,-3.00,0.00,0.00,0.00,8.98,Released,
"Oct 30, 2025 7:06:12 PM PDT",18799999980,Order,113-6212823-9067854,BK-012823,Handmade Paperback Lot,1,amazon.com,Seller,,,,MarketplaceFacilitator,14.99,1.05,3.99,0.28,0,0,0,0.00,0,-1.33,-4.05,0.00,0.00,0.00,14.93,Released,
"Oct 30, 2025 7:50:23 PM PDT",18799999980,Order,114-0512840-9399746,MD-012840,Antique Audiobook,1,amazon.com,Seller,,,,MarketplaceFacilitator,5.99,0.42,3.99,0.28,0,0,0,0.00,0,-0.70,-2.70,0.00,0.00,0.00,7.28,Released,
"Oct 30, 2025 8:34:02 PM PDT",18799999980,Order,112-5012855-3186785,BK-012855,Pre-owned Atlas,1,amazon.com,Seller,,,,MarketplaceFacilitator,16.99,1.19,3.99,0.28,0,0,0,0.00,0,-1.47,-4.35,0.00,0.00,0.00,16.63,Released,
"Oct 30, 2025 8:43:44 PM PDT",18799999980,Order,114-3712836-4975148,BK-012836,Pre-owned Biography,1,amazon.com,Seller,,,,MarketplaceFacilitator,24.99,1.75,3.99,0.28,0,0,0,0.00,0,-2.03,-5.55,0.00,0.00,0.00,23.43,Released,
"Oct 30, 2025 10:41:55 PM PDT",18799999981,Order,112-0212975-3694210,BK-012975,Pre-owned Textbook,1,amazon.com,Seller,,,,MarketplaceFacilitator,24.99,1.75,3.99,0.28,0,0,0,0.00,0,-2.03,-5.55,0.00,0.00,0.00,23.43,Released,
"Oct 31, 2025 12:44:51 AM PDT",18799999981,Order,112-8512987-8657964,BK-012987,Lot of 2 Biography,1,amazon.com,Seller,,,,MarketplaceFacilitator,18.99,1.33,3.99,0.28,0,0,0,0.00,0,-1.61,-4.65,0.00,0.00,0.00,18.33,Released,
"Oct 31, 2025 1:04:38 AM PDT",18799999981,Order,111-9612980-4053590,BK-012980,Vintage Field Guide,1,amazon.com,Seller,,,,MarketplaceFacilitator,16.99,1.19,3.99,0.28,0,0,0,0.00,0,-1.47,-4.35,0.00,0.00,0.00,16.63,Released,
"Oct 31, 2025 1:19:31 AM PDT",18799999981,Order,114-8012961-3482269,MD-012961,Used Audiobook,1,amazon.com,Seller,,,,MarketplaceFacilitator,9.99,0.70,3.99,0.28,0,0,0,0.00,0,-0.98,-3.30,0.00,0.00,0.00,10.68,Released,
"Oct 31, 2025 1:21:32 AM PDT",18799999981,Order,111-5012997-2532650,BK-012997,Vintage Textbook,1,amazon.com,Seller,,,,MarketplaceFacilitator,10.99,0.77,3.99,0.28,0,0,0,0.00,0,-1.05,-3.45,0.00,0.00,0.00,11.53,Released,
"Oct 31, 2025 2:20:39 AM PDT",18799999981,Order,111-9712984-0251151,TY-012984,Handmade Model Train,1,amazon.com,Seller,,,,MarketplaceFacilitator,13.99,0.98,5.99,0.42,0,0,0,0.00,0,-1.40,-2.10,0.00,0.00,0.00,17.88,Released,
"Oct 31, 2025 4:03:29 AM PDT",18799999981,Order,114-8612977-4550597,BK-012977,Vintage Atlas,1,amazon.com,Seller,,,,MarketplaceFacilitator,13.99,0.98,3.99,0.28,0,0,0,0.00,0,-1.26,-3.90,0.00,0.00,0.00,14.08,Released,
"Oct 31, 2025 4:21:46 AM PDT",18799999981,Order,113-4712978-8022141,BK-012978,Handmade Hardcover Novel,1,amazon.com,Seller,,,,MarketplaceFacilitator,11.99,0.84,3.99,0.28,0,0,0,0.00,0,-1.12,-3.60,0.00,0.00,0.00,12.38,Released,
"Oct 31, 2025 4:54:10 AM PDT",18799999981,Order,113-8712995-5780518,MD-012995,Vintage DVD Box Set,1,amazon.com,Seller,,,,MarketplaceFacilitator,4.99,0.35,3.99,0.28,0,0,0,0.00,0,-0.63,-2.55,0.00,0.00,0.00,6.43,Released,
"Oct 31, 2025 5:10:31 AM PDT",18799999981,Order,114-0912966-0854232,BK-012966,Classic Cookbook,1,amazon.com,Seller,,,,MarketplaceFacilitator,18.99,1.33,3.99,0.28,0,0,0,0.00,0,-1.61,-4.65,0.00,0.00,0.00,18.33,Released,
"Oct 31, 2025 5:43:37 AM PDT",18799999981,Order,111-6812992-6444980,BK-012992,Antique Biography,1,amazon.com,Seller,,,,MarketplaceFacilitator,8.99,0.63,3.99,0.28,0,0,0,0.00,0,-0.91,-3.15,0.00,0.00,0.00,9.83,Released,
"Oct 31, 2025 6:02:01 AM PDT",18799999981,Order,114-6112988-2845472,CO-012988,Mid-Century Coin Lot,1,amazon.com,Seller,,,,MarketplaceFacilitator,18.99,1.33,5.99,0.42,0,0,0,0.00,0,-1.75,-2.85,0.00,0.00,0.00,22.13,Released,
"Oct 31, 2025 6:20:00 AM PDT",18799999980,Transfer,,,To account ending in: 0101,,,,,,,,0.00,0.00,0.00,0.00,0,0,0,0.00,0,0.00,0.00,0.00,0.00,0.00,-5512.76,Released,
"Oct 31, 2025 7:06:30 AM PDT",18799999981,Order,112-4112990-4695729,BK-012990,Used Atlas,1,amazon.com,Seller,,,,MarketplaceFacilitator,9.99,0.70,3.99,0.28,0,0,0,0.00,0,-0.98,-3.30,0.00,0.00,0.00,10.68,Released,
"Oct 31, 2025 7:18:17 AM PDT",18799999981,Order,111-8912973-7080662,BK-012973,Used Hardcover Novel,1,amazon.com,Seller,,,,MarketplaceFacilitator,8.99,0.63,3.99,0.28,0,0,0,0.00,0,-0.91,-3.15,0.00,0.00,0.00,9.83,Released,
"Oct 31, 2025 8:05:00 AM PDT",18799999981,Order,112-9812968-1290707,BK-012968,Vintage Textbook,1,amazon.com,Seller,,,,MarketplaceFacilitator,8.99,0.63,3.99,0.28,0,0,0,0.00,0,-0.91,-3.15,0.00,0.00,0.00,9.83,Released,
"Oct 31, 2025 8:37:45 AM PDT",18799999981,Order,114-6712974-6230736,BK-012974,Mid-Century Poetry Collection,1,amazon.com,Seller,,,,MarketplaceFacilitator,7.99,0.56,3.99,0.28,0,0,0,0.00,0,-0.84,-3.00,0.00,0.00,0.00,8.98,Released,
"Oct 31, 2025 10:09:27 AM PDT",18799999981,Order,114-5712972-5176210,BK-012972,Vintage Poetry Collection,1,amazon.com,Seller,,,,MarketplaceFacilitator,15.99,1.12,3.99,0.28,0,0,0,0.00,0,-1.40,-4.20,0.00,0.00,0.00,15.78,Released,
"Oct 31, 2025 10:18:57 AM PDT",18799999981,Order,114-8212960-9231370,BK-012960,Used Atlas,1,amazon.com,Seller,,,,MarketplaceFacilitator,19.99,1.40,3.99,0.28,0,0,0,0.00,0,-1.68,-4.80,0.00,0.00,0.00,19.18,Released,
"Oct 31, 2025 10:42:44 AM PDT",18799999981,Order,112-9112969-6399280,TY-012969,Vintage Puzzle 1000pc,1,amazon.com,Seller,,,,MarketplaceFacilitator,3.99,0.28,5.99,0.42,0,0,0,0.00,0,-0.70,-0.60,0.00,0.00,0.00,9.38,Released,
"Oct 31, 2025 10:54:06 AM PDT",18799999981,Order,114-6712985-3814158,MD-012985,Handmade Vinyl Record,1,amazon.com,Seller,,,,MarketplaceFacilitator,12.99,0.91,3.99,0.28,0,0,0,0.00,0,-1.19,-3.75,0.00,0.00,0.00,13.23,Released,
"Oct 31, 2025 1:05:10 PM PDT",18799999981,Order,111-2312963-0696200,TY-012963,Used Board Game,1,amazon.com,Seller,,,,MarketplaceFacilitator,19.99,1.40,5.99,0.42,0,0,0,0.00,0,-1.82,-3.00,0.00,0.00,0.00,22.98,Released,
"Oct 31, 2025 2:08:03 PM PDT",18799999981,Order,114-6112993-5867446,MD-012993,Lot of 2 Blu-ray Set,1,amazon.com,Seller,,,,MarketplaceFacilitator,23.99,1.68,3.99,0.28,0,0,0,0.00,0,-1.96,-5.40,0.00,0.00,0.00,22.58,Released,
"Oct 31, 2025 2:13:26 PM PDT",18799999981,Order,112-8612979-7053177,BK-012979,Classic Field Guide,1,amazon.com,Seller,,,,MarketplaceFacilitator,20.99,1.47,3.99,0.28,0,0,0,0.00,0,-1.75,-4.95,0.00,0.00,0.00,20.03,Released,
"Oct 31, 2025 3:26:21 PM PDT",18799999981,Order,112-8512991-3816319,MD-012991,Pre-owned Audiobook,1,amazon.com,Seller,,,,MarketplaceFacilitator,33.99,2.38,3.99,0.28,0,0,0,0.00,0,-2.66,-6.90,0.00,0.00,0.00,31.08,Released,
"Oct 31, 2025 3:42:47 PM PDT",18799999981,Order,112-7812964-4956638,BK-012964,Handmade Atlas,1,amazon.com,Seller,,,,MarketplaceFacilitator,7.99,0.56,3.99,0.28,0,0,0,0.00,0,-0.84,-3.00,0.00,0.00,0.00,8.98,Released,
"Oct 31, 2025 4:13:57 PM PDT",18799999981,Order,113-9212971-0482186,BK-012971,Used Poetry Collection,1,amazon.com,Seller,,,,MarketplaceFacilitator,11.99,0.84,3.99,0.28,0,0,0,0.00,0,-1.12,-3.60,0.00,0.00,0.00,12.38,Released,
"Oct 31, 2025 4:59:27 PM PDT",18799999981,Order,114-2112989-4590195,BK-012989,Used Paperback Lot,1,amazon.com,Seller,,,,MarketplaceFacilitator,16.99,1.19,3.99,0.28,0,0,0,0.00,0,-1.47,-4.35,0.00,0.00,0.00,16.63,Released,
"Oct 31, 2025 5:11:56 PM PDT",18799999981,Order,114-0612976-6781137,BK-012976,Mid-Century Atlas,1,amazon.com,Seller,,,,MarketplaceFacilitator,7.99,0.56,3.99,0.28,0,0,0,0.00,0,-0.84,-3.00,0.00,0.00,0.00,8.98,Released,
"Oct 31, 2025 5:28:47 PM PDT",18799999981,Order,112-1512982-9805685,MD-012982,Used Audiobook,1,amazon.com,Seller,,,,MarketplaceFacilitator,17.99,1.26,3.99,0.28,0,0,0,0.00,0,-1.54,-4.50,0.00,0.00,0.00,17.48,Released,
"Oct 31, 2025 5:43:54 PM PDT",18799999981,Order,111-5112970-1098134,BK-012970,Lot of 2 Hardcover Novel,1,amazon.com,Seller,,,,MarketplaceFacilitator,14.99,1.05,3.99,0.28,0,0,0,0.00,0,-1.33,-4.05,0.00,0.00,0.00,14.93,Released,
"Oct 31, 2025 6:38:28 PM PDT",18799999981,Order,113-3212994-3859989,MD-012994,Like New Vinyl Record,1,amazon.com,Seller,,,,MarketplaceFacilitator,19.99,1.40,3.99,0.28,0,0,0,0.00,0,-1.68,-4.80,0.00,0.00,0.00,19.18,Released,
"Oct 31, 2025 7:04:58 PM PDT",18799999981,Order,114-4812986-3351311,BK-012986,Retro Field Guide,1,amazon.com,Seller,,,,MarketplaceFacilitator,8.99,0.63,3.99,0.28,0,0,0,0.00,0,-0.91,-3.15,0.00,0.00,0.00,9.83,Released,
"Oct 31, 2025 7:11:54 PM PDT",18799999981,Order,112-9512959-9263891,BK-012959,Classic Field Guide,1,amazon.com,Seller,,,,MarketplaceFacilitator,12.99,0.91,3.99,0.28,0,0,0,0.00,0,-1.19,-3.75,0.00,0.00,0.00,13.23,Released,
"Oct 31, 2025 7:24:02 PM PDT",18799999981,Order,112-5212967-8932410,MD-012967,Antique Vinyl Record,1,amazon.com,Seller,,,,MarketplaceFacilitator,7.99,0.56,3.99,0.28,0,0,0,0.00,0,-0.84,-3.00,0.00,0.00,0.00,8.98,Released,
"Oct 31, 2025 7:44:17 PM PDT",18799999981,Order,112-7712981-8733461,MD-012981,Used DVD Box Set,1,amazon.com,Seller,,,,MarketplaceFacilitator,37.99,2.66,3.99,0.28,0,0,0,0.00,0,-2.94,-7.50,0.00,0.00,0.00,34.48,Released,
"Oct 31, 2025 7:46:08 PM PDT",18799999981,Order,114-6912983-7526026,BK-012983,Pre-owned Paperback Lot,1,amazon.com,Seller,,,,MarketplaceFacilitator,5.99,0.42,3.99,0.28,0,0,0,0.00,0,-0.70,-2.70,0.00,0.00,0.00,7.28,Released,
"Oct 31, 2025 7:47:44 PM PDT",18799999981,Order,112-1712965-5142195,MD-012965,Vintage Audiobook,1,amazon.com,Seller,,,,MarketplaceFacilitator,32.99,2.31,3.99,0.28,0,0,0,0.00,0,-2.59,-6.75,0.00,0.00,0.00,30.23,Released,
"Oct 31, 2025 8:09:58 PM PDT",18799999981,Order,111-3412962-9693028,BK-012962,Retro Biography,1,amazon.com,Seller,,,,MarketplaceFacilitator,27.99,1.96,3.99,0.28,0,0,0,0.00,0,-2.24,-6.00,0.00,0.00,0.00,25.98,Released,
"Oct 31, 2025 8:46:30 PM PDT",18799999981,Order,113-4212996-1683381,TY-012996,Vintage Board Game,1,amazon.com,Seller,,,,MarketplaceFacilitator,37.99,2.66,5.99,0.42,0,0,0,0.00,0,-3.08,-5.70,0.00,0.00,0.00,38.28,Released,
"Oct 31, 2025 8:59:59 PM PDT",18799999981,Refund,113-4212996-1683381,TY-012996,Vintage Board Game,1,amazon.com,Seller,,,,MarketplaceFacilitator,-37.99,-2.66,-5.99,-0.42,0,0,0,0.00,0,3.08,4.56,0.00,0.00,0.00,-39.42,Released,
