"Includes Amazon Marketplace, Fulfillment by Amazon (FBA), and Amazon Webstore transactions"
"All amounts in USD, unless specified"
"Definitions:"
"Sales tax collected: Includes sales tax collected from buyers for product sales, shipping, and gift wrap."
"Selling fees: Includes variable closing fees and referral fees."
"Other transaction fees: Includes sales tax collection fees."
"Other: Includes non-order transaction amounts. For more details, see the ""Type"" and ""Description"" columns for each order ID."
date/time,settlement id,type,order id,sku,description,quantity,marketplace,fulfillment,order city,order state,order postal,tax collection model,product sales,product sales tax,shipping credits,shipping credits tax,gift wrap credits,giftwrap credits tax,Regulatory Fee,promotional rebates,promotional rebates tax,marketplace withheld tax,selling fees,fba fees,other transaction fees,other,total,Transaction Status,Transaction Release Date
"Aug 31, 2025 11:36:20 PM PDT",18799999976,Order,113-4904218-3505586,BK-004218,Vintage Field Guide,1,amazon.com,Seller,,,,MarketplaceFacilitator,6.99,0.49,3.99,0.28,0,0,0,0.00,0,-0.77,-2.85,0.00,0.00,0.00,8.13,Released,
"Aug 31, 2025 11:50:43 PM PDT",18799999976,Order,114-5704223-7077403,MD-004223,Vintage Audiobook,1,amazon.com,Seller,,,,MarketplaceFacilitator,6.99,0.49,3.99,0.28,0,0,0,0.00,0,-0.77,-2.85,0.00,0.00,0.00,8.13,Released,
"Sep 1, 2025 1:02:16 AM PDT",18799999976,Order,113-4104225-3289879,MD-004225,Pre-owned Audiobook,1,amazon.com,Seller,,,,MarketplaceFacilitator,24.99,1.75,3.99,0.28,0,0,0,0.00,0,-2.03,-5.55,0.00,0.00,0.00,23.43,Released,
"Sep 1, 2025 1:06:41 AM PDT",18799999976,Order,114-3704197-1647706,BK-004197,Vintage Hardcover Novel,1,amazon.com,Seller,,,,MarketplaceFacilitator,32.99,2.31,3.99,0.28,0,0,0,0.00,0,-2.59,-6.75,0.00,0.00,0.00,30.23,Released,
"Sep 1, 2025 1:54:15 AM PDT",18799999976,Order,111-8504202-7998218,BK-004202,Vintage Biography,1,amazon.com,Seller,,,,MarketplaceFacilitator,13.99,0.98,3.99,0.28,0,0,0,0.00,0,-1.26,-3.90,0.00,0.00,0.00,14.08,Released,
"Sep 1, 2025 1:58:45 AM PDT",18799999976,Order,111-8804215-6198384,BK-004215,Vintage Paperback Lot,1,amazon.com,Seller,,,,MarketplaceFacilitator,30.99,2.17,3.99,0.28,0,0,0,0.00,0,-2.45,-6.45,0.00,0.00,0.00,28.53,Released,
"Sep 1, 2025 2:03:01 AM PDT",18799999976,Order,113-0904209-4351848,BK-004209,Vintage Field Guide,1,amazon.com,Seller,,,,MarketplaceFacilitator,8.99,0.63,3.99,0.28,0,0,0,0.00,0,-0.91,-3.15,0.00,0.00,0.00,9.83,Released,
"Sep 1, 2025 2:12:48 AM PDT",18799999976,Order,112-9204224-9772252,BK-004224,Mid-Century Poetry Collection,1,amazon.com,Seller,,,,MarketplaceFacilitator,21.99,1.54,3.99,0.28,0,0,0,0.00,0,-1.82,-5.10,0.00,0.00,0.00,20.88,Released,
"Sep 1, 2025 2:35:06 AM PDT",18799999976,Order,113-0104205-6891394,BK-004205,Used Cookbook,1,amazon.com,Seller,,,,MarketplaceFacilitator,19.99,1.40,3.99,0.28,0,0,0,0.00,0,-1.68,-4.80,0.00,0.00,0.00,19.18,Released,
"Sep 1, 2025 2:50:18 AM PDT",18799999976,Order,113-6004222-3300651,BK-004222,Handmade Atlas,1,amazon.com,Seller,,,,MarketplaceFacilitator,16.99,1.19,3.99,0.28,0,0,0,0.00,0,-1.47,-4.35,0.00,0.00,0.00,16.63,Released,
"Sep 1, 2025 4:26:37 AM PDT",18799999976,Order,114-3804203-5193920,BK-004203,Used Poetry Collection,1,amazon.com,Seller,,,,MarketplaceFacilitator,6.99,0.49,3.99,0.28,0,0,0,0.00,0,-0.77,-2.85,0.00,0.00,0.00,8.13,Released,
"Sep 1, 2025 5:03:10 AM PDT",18799999976,Order,111-7404210-1698708,TY-004210,Handmade Plush Bear,1,amazon.com,Seller,,,,MarketplaceFacilitator,17.99,1.26,5.99,0.42,0,0,0,0.00,0,-1.68,-2.70,0.00,0.00,0.00,21.28,Released,
"Sep 1, 2025 5:17:22 AM PDT",18799999976,Order,112-8904213-2996500,TY-004213,Like New Board Game,1,amazon.com,Seller,,,,MarketplaceFacilitator,12.99,0.91,5.99,0.42,0,0,0,0.00,0,-1.33,-1.95,0.00,0.00,0.00,17.03,Released,
"Sep 1, 2025 6:46:29 AM PDT",18799999976,Order,111-0504208-3968966,BK-004208,Classic Field Guide,1,amazon.com,Seller,,,,MarketplaceFacilitator,9.99,0.70,3.99,0.28,0,0,0,0.00,0,-0.98,-3.30,0.00,0.00,0.00,10.68,Released,
"Sep 1, 2025 7:00:49 AM PDT",18799999976,Order,114-5504195-3656028,BK-004195,Lot of 2 Paperback Lot,1,amazon.com,Seller,,,,MarketplaceFacilitator,19.99,1.40,3.99,0.28,0,0,0,0.00,0,-1.68,-4.80,0.00,0.00,0.00,19.18,Released,
"Sep 1, 2025 7:32:07 AM PDT",18799999976,Order,113-6404216-0985013,BK-004216,Handmade Poetry Collection,1,amazon.com,Seller,,,,MarketplaceFacilitator,14.99,1.05,3.99,0.28,0,0,0,0.00,0,-1.33,-4.05,0.00,0.00,0.00,14.93,Released,
"Sep 1, 2025 9:35:29 AM PDT",18799999976,Order,111-1404201-4059621,BK-004201,Mid-Century Cookbook,1,amazon.com,Seller,,,,MarketplaceFacilitator,15.99,1.12,3.99,0.28,0,0,0,0.00,0,-1.40,-4.20,0.00,0.00,0.00,15.78,Released,
"Sep 1, 2025 9:48:44 AM PDT",18799999976,Order,114-1304196-4622242,BK-004196,Like New Textbook,1,amazon.com,Seller,,,,MarketplaceFacilitator,8.99,0.63,3.99,0.28,0,0,0,0.00,0,-0.91,-3.15,0.00,0.00,0.00,9.83,Released,
"Sep 1, 2025 9:55:30 AM PDT",18799999976,Order,113-4104200-8529480,MD-004200,Mid-Century CD Lot,1,amazon.com,Seller,,,,MarketplaceFacilitator,10.99,0.77,3.99,0.28,0,0,0,0.00,0,-1.05,-3.45,0.00,0.00,0.00,11.53,Released,
"Sep 1, 2025 12:15:00 PM PDT",18799999976,Service Fee,,,Cost of Advertising,,,,,,,,0.00,0.00,0.00,0.00,0,0,0,0.00,0,0.00,0.00,0.00,0.00,-10.34,-10.34,Released,
"Sep 1, 2025 12:29:02 PM PDT",18799999976,Order,113-6404198-9069383,BK-004198,Like New Field Guide,1,amazon.com,Seller,,,,MarketplaceFacilitator,13.99,0.98,3.99,0.28,0,0,0,0.00,0,-1.26,-3.90,0.00,0.00,0.00,14.08,Released,
"Sep 1, 2025 12:59:55 PM PDT",18799999976,Order,111-4604204-6609759,MD-004204,Retro Blu-ray Set,1,amazon.com,Seller,,,,MarketplaceFacilitator,6.99,0.49,3.99,0.28,0,0,0,0.00,0,-0.77,-2.85,0.00,0.00,0.00,8.13,Released,
"Sep 1, 2025 2:16:14 PM PDT",18799999976,Order,111-5504199-9156429,BK-004199,Antique Atlas,1,amazon.com,Seller,,,,MarketplaceFacilitator,6.99,0.49,3.99,0.28,0,0,0,0.00,0,-0.77,-2.85,0.00,0.00,0.00,8.13,Released,
"Sep 1, 2025 3:01:04 PM PDT",18799999976,Order,113-2004219-8606647,CO-004219,Classic Figurine,1,amazon.com,Seller,,,,MarketplaceFacilitator,20.99,1.47,5.99,0.42,0,0,0,0.00,0,-1.89,-3.15,0.00,0.00,0.00,23.83,Released,
"Sep 1, 2025 3:56:00 PM PDT",18799999976,Order,113-1604214-2623722,MD-004214,Pre-owned DVD Box Set,1,amazon.com,Seller,,,,MarketplaceFacilitator,20.99,1.47,3.99,0.28,0,0,0,0.00,0,-1.75,-4.95,0.00,0.00,0.00,20.03,Released,
"Sep 1, 2025 4:46:28 PM PDT",18799999976,Order,111-7704221-4577489,BK-004221,Retro Poetry Collection,1,amazon.com,Seller,,,,MarketplaceFacilitator,11.99,0.84,3.99,0.28,0,0,0,0.00,0,-1.12,-3.60,0.00,0.00,0.00,12.38,Released,
"Sep 1, 2025 5:10:00 PM PDT",18799999976,Order,113-8604206-8731977,MD-004206,Vintage Blu-ray Set,1,amazon.com,Seller,,,,MarketplaceFacilitator,8.99,0.63,3.99,0.28,0,0,0,0.00,0,-0.91,-3.15,0.00,0.00,0.00,9.83,Released,
"Sep 1, 2025 5:44:48 PM PDT",18799999976,Order,112-6204220-6787117,BK-004220,Handmade Paperback Lot,1,amazon.com,Seller,,,,MarketplaceFacilitator,12.99,0.91,3.99,0.28,0,0,0,0.00,0,-1.19,-3.75,0.00,0.00,0.00,13.23,Released,
"Sep 1, 2025 6:35:52 PM PDT",18799999976,Order,111-2504211-8991455,BK-004211,Antique Biography,1,amazon.com,Seller,,,,MarketplaceFacilitator,9.99,0.70,3.99,0.28,0,0,0,0.00,0,-0.98,-3.30,0.00,0.00,0.00,10.68,Released,
"Sep 1, 2025 7:14:07 PM PDT",18799999976,Order,114-6104212-4463876,MD-004212,Pre-owned Vinyl Record,1,amazon.com,Seller,,,,MarketplaceFacilitator,13.99,0.98,3.99,0.28,0,0,0,0.00,0,-1.26,-3.90,0.00,0.00,0.00,14.08,Released,
"Sep 1, 2025 7:24:34 PM PDT",18799999976,Order,111-2904207-1647247,BK-004207,Retro Field Guide,1,amazon.com,Seller,,,,MarketplaceFacilitator,8.99,0.63,3.99,0.28,0,0,0,0.00,0,-0.91,-3.15,0.00,0.00,0.00,9.83,Released,
"Sep 1, 2025 8:02:52 PM PDT",18799999976,Order,112-9504226-8536771,BK-004226,Handmade Atlas,1,amazon.com,Seller,,,,MarketplaceFacilitator,20.99,1.47,3.99,0.28,0,0,0,0.00,0,-1.75,-4.95,0.00,0.00,0.00,20.03,Released,
"Sep 1, 2025 8:55:49 PM PDT",18799999976,Order,111-1204217-2318121,TY-004217,Mid-Century Plush Bear,1,amazon.com,Seller,,,,MarketplaceFacilitator,24.99,1.75,5.99,0.42,0,0,0,0.00,0,-2.17,-3.75,0.00,0.00,0.00,27.23,Released,
"Sep 1, 2025 9:42:26 PM PDT",18799999976,Order,114-6604307-3962214,BK-004307,Vintage Field Guide,1,amazon.com,Seller,,,,MarketplaceFacilitator,13.99,0.98,3.99,0.28,0,0,0,0.00,0,-1.26,-3.90,0.00,0.00,0.00,14.08,Released,
"Sep 1, 2025 10:59:48 PM PDT",18799999976,Order,112-2304320-3534700,BK-004320,Retro Textbook,1,amazon.com,Seller,,,,MarketplaceFacilitator,16.99,1.19,3.99,0.28,0,0,0,0.00,0,-1.47,-4.35,0.00,0.00,0.00,16.63,Released,
"Sep 2, 2025 12:12:29 AM PDT",18799999976,Order,114-6504313-5309353,BK-004313,Like New Poetry Collection,1,amazon.com,Seller,,,,MarketplaceFacilitator,10.99,0.77,3.99,0.28,0,0,0,0.00,0,-1.05,-3.45,0.00,0.00,0.00,11.53,Released,
"Sep 2, 2025 12:30:52 AM PDT",18799999976,Order,111-3004318-2337371,CO-004318,Used Pewter Mug,1,amazon.com,Seller,,,,MarketplaceFacilitator,16.99,1.19,5.99,0.42,0,0,0,0.00,0,-1.61,-2.55,0.00,0.00,0.00,20.43,Released,
"Sep 2, 2025 2:50:04 AM PDT",18799999976,Order,111-8904331-7033879,MD-004331,Mid-Century CD Lot,1,amazon.com,Seller,,,,MarketplaceFacilitator,6.99,0.49,3.99,0.28,0,0,0,0.00,0,-0.77,-2.85,0.00,0.00,0.00,8.13,Released,
"Sep 2, 2025 3:25:27 AM PDT",18799999976,Order,113-1704304-8810290,EL-004304,Antique Camera Lens,1,amazon.com,Seller,,,,MarketplaceFacilitator,140.99,9.87,5.99,0.42,0,0,0,0.00,0,-10.29,-21.15,0.00,0.00,0.00,125.83,Released,
"Sep 2, 2025 4:00:15 AM PDT",18799999976,Order,111-7704317-6839662,BK-004317,Antique Field Guide,1,amazon.com,Seller,,,,MarketplaceFacilitator,7.99,0.56,3.99,0.28,0,0,0,0.00,0,-0.84,-3.00,0.00,0.00,0.00,8.98,Released,
"Sep 2, 2025 6:07:36 AM PDT",18799999976,Order,112-7404308-9609314,TY-004308,Retro Model Train,1,amazon.com,Seller,,,,MarketplaceFacilitator,14.99,1.05,5.99,0.42,0,0,0,0.00,0,-1.47,-2.25,0.00,0.00,0.00,18.73,Released,
"Sep 2, 2025 6:13:30 AM PDT",18799999976,Order,111-8404306-2775264,BK-004306,Used Field Guide,1,amazon.com,Seller,,,,MarketplaceFacilitator,8.99,0.63,3.99,0.28,0,0,0,0.00,0,-0.91,-3.15,0.00,0.00,0.00,9.83,Released,
"Sep 2, 2025 6:36:38 AM PDT",18799999976,Order,113-5904311-0681442,BK-004311,Like New Biography,1,amazon.com,Seller,,,,MarketplaceFacilitator,13.99,0.98,3.99,0.28,0,0,0,0.00,0,-1.26,-3.90,0.00,0.00,0.00,14.08,Released,
"Sep 2, 2025 6:39:16 AM PDT",18799999976,Order,113-7804328-0863297,BK-004328,Used Biography,1,amazon.com,Seller,,,,MarketplaceFacilitator,24.99,1.75,3.99,0.28,0,0,0,0.00,0,-2.03,-5.55,0.00,0.00,0.00,23.43,Released,
"Sep 2, 2025 6:46:15 AM PDT",18799999976,Order,112-0204316-8573335,EL-004316,Used Game Console,1,amazon.com,Seller,,,,MarketplaceFacilitator,33.99,2.38,5.99,0.42,0,0,0,0.00,0,-2.80,-5.10,0.00,0.00,0.00,34.88,Released,
"Sep 2, 2025 7:54:07 AM PDT",18799999976,Order,111-3704327-8192100,BK-004327,Retro Poetry Collection,1,amazon.com,Seller,,,,MarketplaceFacilitator,30.99,2.17,3.99,0.28,0,0,0,0.00,0,-2.45,-6.45,0.00,0.00,0.00,28.53,Released,
"Sep 2, 2025 8:12:14 AM PDT",18799999976,Order,114-8304303-6409099,BK-004303,Handmade Hardcover Novel,1,amazon.com,Seller,,,,MarketplaceFacilitator,9.99,0.70,3.99,0.28,0,0,0,0.00,0,-0.98,-3.30,0.00,0.00,0.00,10.68,Released,
"Sep 2, 2025 9:41:22 AM PDT",18799999976,Order,114-5004319-3194009,BK-004319,Mid-Century Textbook,1,amazon.com,Seller,,,,MarketplaceFacilitator,4.99,0.35,3.99,0.28,0,0,0,0.00,0,-0.63,-2.55,0.00,0.00,0.00,6.43,Released,
"Sep 2, 2025 12:06:31 PM PDT",18799999976,Order,114-8304325-1114038,EL-004325,Handmade Film Camera,1,amazon.com,Seller,,,,MarketplaceFacilitator,34.99,2.45,5.99,0.42,0,0,0,0.00,0,-2.87,-5.25,0.00,0.00,0.00,35.73,Released,
"Sep 2, 2025 12:52:39 PM PDT",18799999976,Order,111-6404310-9507202,CO-004310,Antique Snow Globe,1,amazon.com,Seller,,,,MarketplaceFacilitator,13.99,0.98,5.99,0.42,0,0,0,0.00,0,-1.40,-2.10,0.00,0.00,0.00,17.88,Released,
"Sep 2, 2025 2:10:44 PM PDT",18799999976,Order,111-0104315-7365462,MD-004315,Handmade CD Lot,1,amazon.com,Seller,,,,MarketplaceFacilitator,8.99,0.63,3.99,0.28,0,0,0,0.00,0,-0.91,-3.15,0.00,0.00,0.00,9.83,Released,
"Sep 2, 2025 4:14:45 PM PDT",18799999976,Order,112-3304309-1874843,BK-004309,Pre-owned Cookbook,1,amazon.com,Seller,,,,MarketplaceFacilitator,7.99,0.56,3.99,0.28,0,0,0,0.00,0,-0.84,-3.00,0.00,0.00,0.00,8.98,Released,
"Sep 2, 2025 4:24:19 PM PDT",18799999976,Order,114-0104326-2250671,MD-004326,Used CD Lot,1,amazon.com,Seller,,,,MarketplaceFacilitator,6.99,0.49,3.99,0.28,0,0,0,0.00,0,-0.77,-2.85,0.00,0.00,0.00,8.13,Released,
"Sep 2, 2025 4:27:48 PM PDT",18799999976,Order,114-4304312-3215066,BK-004312,Like New Atlas,1,amazon.com,Seller,,,,MarketplaceFacilitator,13.99,0.98,3.99,0.28,0,0,0,0.00,0,-1.26,-3.90,0.00,0.00,0.00,14.08,Released,
"Sep 2, 2025 5:04:56 PM PDT",18799999976,Order,111-1204329-9483844,BK-004329,Antique Textbook,1,amazon.com,Seller,,,,MarketplaceFacilitator,8.99,0.63,3.99,0.28,0,0,0,0.00,0,-0.91,-3.15,0.00,0.00,0.00,9.83,Released,
"Sep 2, 2025 5:14:44 PM PDT",18799999976,Order,113-4904332-1758387,BK-004332,Handmade Textbook,1,amazon.com,Seller,,,,MarketplaceFacilitator,5.99,0.42,3.99,0.28,0,0,0,0.00,0,-0.70,-2.70,0.00,0.00,0.00,7.28,Released,
"Sep 2, 2025 5:26:07 PM PDT",18799999976,Order,113-9404323-3101624,MD-004323,Used Audiobook,1,amazon.com,Seller,,,,MarketplaceFacilitator,23.99,1.68,3.99,0.28,0,0,0,0.00,0,-1.96,-5.40,0.00,0.00,0.00,22.58,Released,
"Sep 2, 2025 5:53:02 PM PDT",18799999976,Order,113-0004321-7378970,MD-004321,Handmade CD Lot,1,amazon.com,Seller,,,,MarketplaceFacilitator,5.99,0.42,3.99,0.28,0,0,0,0.00,0,-0.70,-2.70,0.00,0.00,0.00,7.28,Released,
"Sep 2, 2025 6:04:10 PM PDT",18799999976,Order,112-4504324-6906549,BK-004324,Antique Biography,1,amazon.com,Seller,,,,MarketplaceFacilitator,16.99,1.19,3.99,0.28,0,0,0,0.00,0,-1.47,-4.35,0.00,0.00,0.00,16.63,Released,
"Sep 2, 2025 6:11:14 PM PDT",18799999976,Order,111-2804322-0497154,BK-004322,Mid-Century Textbook,1,amazon.com,Seller,,,,MarketplaceFacilitator,6.99,0.49,3.99,0.28,0,0,0,0.00,0,-0.77,-2.85,0.00,0.00,0.00,8.13,Released,
"Sep 2, 2025 6:52:38 PM PDT",18799999976,Order,112-7004330-3919519,BK-004330,Like New Textbook,1,amazon.com,Seller,,,,MarketplaceFacilitator,6.99,0.49,3.99,0.28,0,0,0,0.00,0,-0.77,-2.85,0.00,0.00,0.00,8.13,Released,
"Sep 2, 2025 7:22:44 PM PDT",18799999976,Order,113-6904314-3603799,TY-004314,Pre-owned Puzzle 1000pc,1,amazon.com,Seller,,,,MarketplaceFacilitator,5.99,0.42,5.99,0.42,0,0,0,0.00,0,-0.84,-0.90,0.00,0.00,0.00,11.08,Released,
"Sep 2, 2025 8:01:54 PM PDT",18799999976,Order,112-0904305-1216859,CO-004305,Used Pewter Mug,1,amazon.com,Seller,,,,MarketplaceFacilitator,29.99,2.10,5.99,0.42,0,0,0,0.00,0,-2.52,-4.50,0.00,0.00,0.00,31.48,Released,
"Sep 2, 2025 9:50:31 PM PDT",18799999976,Order,111-6004446-8115552,BK-004446,Handmade Cookbook,1,amazon.com,Seller,,,,MarketplaceFacilitator,12.99,0.91,3.99,0.28,0,0,0,0.00,0,-1.19,-3.75,0.00,0.00,0.00,13.23,Released,
"Sep 2, 2025 9:56:37 PM PDT",18799999976,Order,114-8704466-5199179,BK-004466,Antique Biography,1,amazon.com,Seller,,,,MarketplaceFacilitator,12.99,0.91,3.99,0.28,0,0,0,0.00,0,-1.19,-3.75,0.00,0.00,0.00,13.23,Released,
"Sep 2, 2025 10:23:05 PM PDT",18799999976,Order,112-9704448-8466681,MD-004448,Mid-Century CD Lot,1,amazon.com,Seller,,,,MarketplaceFacilitator,8.99,0.63,3.99,0.28,0,0,0,0.00,0,-0.91,-3.15,0.00,0.00,0.00,9.83,Released,
"Sep 2, 2025 10:24:57 PM PDT",18799999976,Order,112-0204464-8333907,BK-004464,Retro Textbook,1,amazon.com,Seller,,,,MarketplaceFacilitator,5.99,0.42,3.99,0.28,0,0,0,0.00,0,-0.70,-2.70,0.00,0.00,0.00,7.28,Released,
"Sep 2, 2025 11:48:01 PM PDT",18799999976,Order,114-3204465-6609544,BK-004465,Like New Paperback Lot,1,amazon.com,Seller,,,,MarketplaceFacilitator,7.99,0.56,3.99,0.28,0,0,0,0.00,0,-0.84,-3.00,0.00,0.00,0.00,8.98,Released,
"Sep 3, 2025 12:00:00 AM PDT",18799999976,Order,113-3404460-4992434,BK-004460,Classic Field Guide,1,amazon.com,Seller,,,,MarketplaceFacilitator,32.99,2.31,3.99,0.28,0,0,0,0.00,0,-2.59,-6.75,0.00,0.00,0.00,30.23,Released,
"Sep 3, 2025 12:11:37 AM PDT",18799999976,Order,114-8304472-5551654,MD-004472,Used Audiobook,1,amazon.com,Seller,,,,MarketplaceFacilitator,16.99,1.19,3.99,0.28,0,0,0,0.00,0,-1.47,-4.35,0.00,0.00,0.00,16.63,Released,
"Sep 3, 2025 12:48:46 AM PDT",18799999976,Order,114-9604467-0821351,BK-004467,Like New Biography,1,amazon.com,Seller,,,,MarketplaceFacilitator,12.99,0.91,3.99,0.28,0,0,0,0.00,0,-1.19,-3.75,0.00,0.00,0.00,13.23,Released,
"Sep 3, 2025 1:28:17 AM PDT",18799999976,Order,114-1004443-3659488,BK-004443,Classic Atlas,1,amazon.com,Seller,,,,MarketplaceFacilitator,2.99,0.21,3.99,0.28,0,0,0,0.00,0,-0.49,-2.25,0.00,0.00,0.00,4.73,Released,
"Sep 3, 2025 1:44:59 AM PDT",18799999976,Order,112-2504431-7295832,BK-004431,Classic Hardcover Novel,1,amazon.com,Seller,,,,MarketplaceFacilitator,11.99,0.84,3.99,0.28,0,0,0,0.00,0,-1.12,-3.60,0.00,0.00,0.00,12.38,Released,
"Sep 3, 2025 1:51:01 AM PDT",18799999976,Order,113-1904436-8022289,BK-004436,Classic Paperback Lot,1,amazon.com,Seller,,,,MarketplaceFacilitator,9.99,0.70,3.99,0.28,0,0,0,0.00,0,-0.98,-3.30,0.00,0.00,0.00,10.68,Released,
"Sep 3, 2025 3:10:55 AM PDT",18799999976,Order,111-0504456-7695609,MD-004456,Antique DVD Box Set,1,amazon.com,Seller,,,,MarketplaceFacilitator,10.99,0.77,3.99,0.28,0,0,0,0.00,0,-1.05,-3.45,0.00,0.00,0.00,11.53,Released,
"Sep 3, 2025 3:42:02 AM PDT",18799999976,Order,114-6804439-8711028,BK-004439,Used Textbook,1,amazon.com,Seller,,,,MarketplaceFacilitator,13.99,0.98,3.99,0.28,0,0,0,0.00,0,-1.26,-3.90,0.00,0.00,0.00,14.08,Released,
"Sep 3, 2025 4:17:46 AM PDT",18799999976,Order,111-4804473-1171492,CO-004473,Vintage Trading Card Lot,1,amazon.com,Seller,,,,MarketplaceFacilitator,47.99,3.36,5.99,0.42,0,0,0,0.00,0,-3.78,-7.20,0.00,0.00,0.00,46.78,Released,
"Sep 3, 2025 5:43:28 AM PDT",18799999976,Order,113-6204445-5186050,MD-004445,Retro Audiobook,1,amazon.com,Seller,,,,MarketplaceFacilitator,17.99,1.26,3.99,0.28,0,0,0,0.00,0,-1.54,-4.50,0.00,0.00,0.00,17.48,Released,
"Sep 3, 2025 6:01:22 AM PDT",18799999976,Order,114-2804451-9301334,MD-004451,Handmade Audiobook,1,amazon.com,Seller,,,,MarketplaceFacilitator,12.99,0.91,3.99,0.28,0,0,0,0.00,0,-1.19,-3.75,0.00,0.00,0.00,13.23,Released,
"Sep 3, 2025 7:00:20 AM PDT",18799999976,Order,111-1204455-2856670,MD-004455,Handmade Vinyl Record,1,amazon.com,Seller,,,,MarketplaceFacilitator,25.99,1.82,3.99,0.28,0,0,0,0.00,0,-2.10,-5.70,0.00,0.00,0.00,24.28,Released,
"Sep 3, 2025 7:04:52 AM PDT",18799999976,Order,114-5204470-3383075,BK-004470,Pre-owned Cookbook,1,amazon.com,Seller,,,,MarketplaceFacilitator,26.99,1.89,3.99,0.28,0,0,0,0.00,0,-2.17,-5.85,0.00,0.00,0.00,25.13,Released,
"Sep 3, 2025 7:45:59 AM PDT",18799999976,Order,111-3404474-3166801,BK-004474,Like New Atlas,1,amazon.com,Seller,,,,MarketplaceFacilitator,7.99,0.56,3.99,0.28,0,0,0,0.00,0,-0.84,-3.00,0.00,0.00,0.00,8.98,Released,
"Sep 3, 2025 7:50:17 AM PDT",18799999976,Order,112-2104432-4897508,MD-004432,Lot of 2 Blu-ray Set,1,amazon.com,Seller,,,,MarketplaceFacilitator,7.99,0.56,3.99,0.28,0,0,0,0.00,0,-0.84,-3.00,0.00,0.00,0.00,8.98,Released,
"Sep 3, 2025 7:53:26 AM PDT",18799999976,Order,114-7304449-6035632,TY-004449,Pre-owned Board Game,1,amazon.com,Seller,,,,MarketplaceFacilitator,26.99,1.89,5.99,0.42,0,0,0,0.00,0,-2.31,-4.05,0.00,0.00,0.00,28.93,Released,
"Sep 3, 2025 7:57:08 AM PDT",18799999976,Order,114-7504454-3129588,MD-004454,Retro Vinyl Record,1,amazon.com,Seller,,,,MarketplaceFacilitator,25.99,1.82,3.99,0.28,0,0,0,0.00,0,-2.10,-5.70,0.00,0.00,0.00,24.28,Released,
"Sep 3, 2025 8:35:04 AM PDT",18799999976,Order,111-4704450-3692368,MD-004450,Vintage Audiobook,1,amazon.com,Seller,,,,MarketplaceFacilitator,10.99,0.77,3.99,0.28,0,0,0,0.00,0,-1.05,-3.45,0.00,0.00,0.00,11.53,Released,
"Sep 3, 2025 9:54:57 AM PDT",18799999976,Order,114-4804440-2533873,MD-004440,Pre-owned DVD Box Set,1,amazon.com,Seller,,,,MarketplaceFacilitator,12.99,0.91,3.99,0.28,0,0,0,0.00,0,-1.19,-3.75,0.00,0.00,0.00,13.23,Released,
"Sep 3, 2025 10:21:16 AM PDT",18799999976,Order,111-8604434-6510161,BK-004434,Mid-Century Textbook,1,amazon.com,Seller,,,,MarketplaceFacilitator,18.99,1.33,3.99,0.28,0,0,0,0.00,0,-1.61,-4.65,0.00,0.00,0.00,18.33,Released,
"Sep 3, 2025 10:21:41 AM PDT",18799999976,Order,113-4904438-5823550,BK-004438,Vintage Hardcover Novel,1,amazon.com,Seller,,,,MarketplaceFacilitator,11.99,0.84,3.99,0.28,0,0,0,0.00,0,-1.12,-3.60,0.00,0.00,0.00,12.38,Released,
"Sep 3, 2025 10:23:29 AM PDT",18799999976,Order,112-0904461-2629250,CO-004461,Pre-owned Coin Lot,1,amazon.com,Seller,,,,MarketplaceFacilitator,28.99,2.03,5.99,0.42,0,0,0,0.00,0,-2.45,-4.35,0.00,0.00,0.00,30.63,Released,
"Sep 3, 2025 11:48:47 AM PDT",18799999976,Order,111-4204444-9721469,MD-004444,Used Vinyl Record,1,amazon.com,Seller,,,,MarketplaceFacilitator,6.99,0.49,3.99,0.28,0,0,0,0.00,0,-0.77,-2.85,0.00,0.00,0.00,8.13,Released,
"Sep 3, 2025 12:48:13 PM PDT",18799999976,Order,113-6504463-3477772,BK-004463,Lot of 2 Biography,1,amazon.com,Seller,,,,MarketplaceFacilitator,7.99,0.56,3.99,0.28,0,0,0,0.00,0,-0.84,-3.00,0.00,0.00,0.00,8.98,Released,
"Sep 3, 2025 1:58:36 PM PDT",18799999976,Order,114-3604469-6589349,BK-004469,Mid-Century Atlas,1,amazon.com,Seller,,,,MarketplaceFacilitator,15.99,1.12,3.99,0.28,0,0,0,0.00,0,-1.40,-4.20,0.00,0.00,0.00,15.78,Released,
"Sep 3, 2025 3:06:50 PM PDT",18799999976,Order,114-6704437-7281714,MD-004437,Vintage Audiobook,1,amazon.com,Seller,,,,MarketplaceFacilitator,11.99,0.84,3.99,0.28,0,0,0,0.00,0,-1.12,-3.60,0.00,0.00,0.00,12.38,Released,
"Sep 3, 2025 3:10:29 PM PDT",18799999976,Order,111-3304462-8249195,BK-004462,Retro Paperback Lot,1,amazon.com,Seller,,,,MarketplaceFacilitator,13.99,0.98,3.99,0.28,0,0,0,0.00,0,-1.26,-3.90,0.00,0.00,0.00,14.08,Released,
"Sep 3, 2025 3:21:42 PM PDT",18799999976,Order,112-4804459-7563955,BK-004459,Lot of 2 Biography,1,amazon.com,Seller,,,,MarketplaceFacilitator,22.99,1.61,3.99,0.28,0,0,0,0.00,0,-1.89,-5.25,0.00,0.00,0.00,21.73,Released,
"Sep 3, 2025 3:53:26 PM PDT",18799999976,Order,111-2104458-6462804,BK-004458,Antique Cookbook,1,amazon.com,Seller,,,,MarketplaceFacilitator,6.99,0.49,3.99,0.28,0,0,0,0.00,0,-0.77,-2.85,0.00,0.00,0.00,8.13,Released,
"Sep 3, 2025 3:53:37 PM PDT",18799999976,Order,111-0304468-1221087,MD-004468,Mid-Century Blu-ray Set,1,amazon.com,Seller,,,,MarketplaceFacilitator,12.99,0.91,3.99,0.28,0,0,0,0.00,0,-1.19,-3.75,0.00,0.00,0.00,13.23,Released,
"Sep 3, 2025 4:20:45 PM PDT",18799999976,Order,114-0004471-4177402,MD-004471,Pre-owned Audiobook,1,amazon.com,Seller,,,,MarketplaceFacilitator,10.99,0.77,3.99,0.28,0,0,0,0.00,0,-1.05,-3.45,0.00,0.00,0.00,11.53,Released,
"Sep 3, 2025 5:26:44 PM PDT",18799999976,Order,112-4104442-2709325,MD-004442,Mid-Century Blu-ray Set,1,amazon.com,Seller,,,,MarketplaceFacilitator,14.99,1.05,3.99,0.28,0,0,0,0.00,0,-1.33,-4.05,0.00,0.00,0.00,14.93,Released,
"Sep 3, 2025 5:54:21 PM PDT",18799999976,Order,113-4604430-5295877,BK-004430,Antique Textbook,1,amazon.com,Seller,,,,MarketplaceFacilitator,21.99,1.54,3.99,0.28,0,0,0,0.00,0,-1.82,-5.10,0.00,0.00,0.00,20.88,Released,
"Sep 3, 2025 5:55:54 PM PDT",18799999976,Order,114-5104452-3064822,BK-004452,Mid-Century Field Guide,1,amazon.com,Seller,,,,MarketplaceFacilitator,12.99,0.91,3.99,0.28,0,0,0,0.00,0,-1.19,-3.75,0.00,0.00,0.00,13.23,Released,
"Sep 3, 2025 6:04:39 PM PDT",18799999976,Order,111-6704433-3293156,BK-004433,Retro Poetry Collection,1,amazon.com,Seller,,,,MarketplaceFacilitator,11.99,0.84,3.99,0.28,0,0,0,0.00,0,-1.12,-3.60,0.00,0.00,0.00,12.38,Released,
"Sep 3, 2025 6:42:25 PM PDT",18799999976,Order,111-7304435-2374864,TY-004435,Antique Board Game,1,amazon.com,Seller,,,,MarketplaceFacilitator,8.99,0.63,5.99,0.42,0,0,0,0.00,0,-1.05,-1.35,0.00,0.00,0.00,13.63,Released,
"Sep 3, 2025 6:56:51 PM PDT",18799999976,Refund,111-3304462-8249195,BK-004462,Retro Paperback Lot,1,amazon.com,Seller,,,,MarketplaceFacilitator,-13.99,-0.98,-3.99,-0.28,0,0,0,0.00,0,1.26,3.12,0.00,0.00,0.00,-14.86,Released,
"Sep 3, 2025 6:58:28 PM PDT",18799999976,Order,113-5004441-5589514,CO-004441,Classic Figurine,1,amazon.com,Seller,,,,MarketplaceFacilitator,34.99,2.45,5.99,0.42,0,0,0,0.00,0,-2.87,-5.25,0.00,0.00,0.00,35.73,Released,
"Sep 3, 2025 7:44:45 PM PDT",18799999976,Order,114-6404457-7637099,BK-004457,Mid-Century Biography,1,amazon.com,Seller,,,,MarketplaceFacilitator,17.99,1.26,3.99,0.28,0,0,0,0.00,0,-1.54,-4.50,0.00,0.00,0.00,17.48,Released,
"Sep 3, 2025 7:47:35 PM PDT",18799999976,Order,114-2004453-4573884,MD-004453,Like New DVD Box Set,1,amazon.com,Seller,,,,MarketplaceFacilitator,33.99,2.38,3.99,0.28,0,0,0,0.00,0,-2.66,-6.90,0.00,0.00,0.00,31.08,Released,
"Sep 3, 2025 8:02:18 PM PDT",18799999976,Order,112-7704447-9891420,BK-004447,Antique Atlas,1,amazon.com,Seller,,,,MarketplaceFacilitator,11.99,0.84,3.99,0.28,0,0,0,0.00,0,-1.12,-3.60,0.00,0.00,0.00,12.38,Released,
"Sep 3, 2025 8:40:05 PM PDT",18799999976,Order,113-1904475-2736054,BK-004475,Classic Cookbook,1,amazon.com,Seller,,,,MarketplaceFacilitator,19.99,1.40,3.99,0.28,0,0,0,0.00,0,-1.68,-4.80,0.00,0.00,0.00,19.18,Released,
"Sep 3, 2025 9:09:35 PM PDT",18799999976,Order,111-3904582-3319790,MD-004582,Lot of 2 Audiobook,1,amazon.com,Seller,,,,MarketplaceFacilitator,15.99,1.12,3.99,0.28,0,0,0,0.00,0,-1.40,-4.20,0.00,0.00,0.00,15.78,Released,
"Sep 3, 2025 10:39:44 PM PDT",18799999976,Order,112-9004588-5495629,EL-004588,Handmade Film Camera,1,amazon.com,Seller,,,,MarketplaceFacilitator,30.99,2.17,5.99,0.42,0,0,0,0.00,0,-2.59,-4.65,0.00,0.00,0.00,32.33,Released,
"Sep 3, 2025 11:25:23 PM PDT",18799999976,Order,114-2404619-1849339,CO-004619,Mid-Century Trading Card Lot,1,amazon.com,Seller,,,,MarketplaceFacilitator,80.99,5.67,5.99,0.42,0,0,0,0.00,0,-6.09,-12.15,0.00,0.00,0.00,74.83,Released,
"Sep 4, 2025 12:17:27 AM PDT",18799999976,Order,112-4904597-4118942,BK-004597,Handmade Biography,1,amazon.com,Seller,,,,MarketplaceFacilitator,10.99,0.77,3.99,0.28,0,0,0,0.00,0,-1.05,-3.45,0.00,0.00,0.00,11.53,Released,
"Sep 4, 2025 12:35:53 AM PDT",18799999976,Order,112-9704602-3136633,TY-004602,Handmade Model Train,1,amazon.com,Seller,,,,MarketplaceFacilitator,14.99,1.05,5.99,0.42,0,0,0,0.00,0,-1.47,-2.25,0.00,0.00,0.00,18.73,Released,
"Sep 4, 2025 12:55:32 AM PDT",18799999976,Order,113-7604626-2370469,MD-004626,Pre-owned DVD Box Set,1,amazon.com,Seller,,,,MarketplaceFacilitator,5.99,0.42,3.99,0.28,0,0,0,0.00,0,-0.70,-2.70,0.00,0.00,0.00,7.28,Released,
"Sep 4, 2025 1:11:11 AM PDT",18799999976,Order,114-8204599-0077302,BK-004599,Mid-Century Textbook,1,amazon.com,Seller,,,,MarketplaceFacilitator,8.99,0.63,3.99,0.28,0,0,0,0.00,0,-0.91,-3.15,0.00,0.00,0.00,9.83,Released,
"Sep 4, 2025 1:30:47 AM PDT",18799999976,Order,114-9704627-3385222,MD-004627,Retro Vinyl Record,1,amazon.com,Seller,,,,MarketplaceFacilitator,12.99,0.91,3.99,0.28,0,0,0,0.00,0,-1.19,-3.75,0.00,0.00,0.00,13.23,Released,
"Sep 4, 2025 1:36:10 AM PDT",18799999976,Order,112-6804623-9195556,BK-004623,Used Biography,1,amazon.com,Seller,,,,MarketplaceFacilitator,23.99,1.68,3.99,0.28,0,0,0,0.00,0,-1.96,-5.40,0.00,0.00,0.00,22.58,Released,
"Sep 4, 2025 3:12:03 AM PDT",18799999976,Order,111-3704589-2987335,CO-004589,Retro Coin Lot,1,amazon.com,Seller,,,,MarketplaceFacilitator,54.99,3.85,5.99,0.42,0,0,0,0.00,0,-4.27,-8.25,0.00,0.00,0.00,52.73,Released,
"Sep 4, 2025 3:43:48 AM PDT",18799999976,Order,112-3304603-1823885,BK-004603,Handmade Hardcover Novel,1,amazon.com,Seller,,,,MarketplaceFacilitator,11.99,0.84,3.99,0.28,0,0,0,0.00,0,-1.12,-3.60,0.00,0.00,0.00,12.38,Released,
"Sep 4, 2025 3:47:10 AM PDT",18799999976,Order,112-4604612-1102704,TY-004612,Used Plush Bear,1,amazon.com,Seller,,,,MarketplaceFacilitator,6.99,0.49,5.99,0.42,0,0,0,0.00,0,-0.91,-1.05,0.00,0.00,0.00,11.93,Released,
"Sep 4, 2025 3:54:21 AM PDT",18799999976,Order,113-2904620-4756499,BK-004620,Handmade Paperback Lot,1,amazon.com,Seller,,,,MarketplaceFacilitator,6.99,0.49,3.99,0.28,0,0,0,0.00,0,-0.77,-2.85,0.00,0.00,0.00,8.13,Released,
"Sep 4, 2025 4:32:12 AM PDT",18799999976,Order,112-2404590-8853763,BK-004590,Pre-owned Poetry Collection,1,amazon.com,Seller,,,,MarketplaceFacilitator,9.99,0.70,3.99,0.28,0,0,0,0.00,0,-0.98,-3.30,0.00,0.00,0.00,10.68,Released,
"Sep 4, 2025 6:06:23 AM PDT",18799999976,Order,112-6104579-9706464,BK-004579,Lot of 2 Atlas,1,amazon.com,Seller,,,,MarketplaceFacilitator,70.99,4.97,3.99,0.28,0,0,0,0.00,0,-5.25,-12.45,0.00,0.00,0.00,62.53,Released,
"Sep 4, 2025 6:17:42 AM PDT",18799999976,Order,112-1204608-1291142,BK-004608,Handmade Paperback Lot,1,amazon.com,Seller,,,,MarketplaceFacilitator,6.99,0.49,3.99,0.28,0,0,0,0.00,0,-0.77,-2.85,0.00,0.00,0.00,8.13,Released,
"Sep 4, 2025 7:00:44 AM PDT",18799999976,Order,113-5904587-0904467,BK-004587,Handmade Atlas,1,amazon.com,Seller,,,,MarketplaceFacilitator,15.99,1.12,3.99,0.28,0,0,0,0.00,0,-1.40,-4.20,0.00,0.00,0.00,15.78,Released,
"Sep 4, 2025 7:29:43 AM PDT",18799999976,Order,114-9104580-9230532,MD-004580,Handmade Blu-ray Set,1,amazon.com,Seller,,,,MarketplaceFacilitator,24.99,1.75,3.99,0.28,0,0,0,0.00,0,-2.03,-5.55,0.00,0.00,0.00,23.43,Released,
"Sep 4, 2025 7:33:20 AM PDT",18799999976,Order,113-6904598-2873726,CO-004598,Like New Figurine,1,amazon.com,Seller,,,,MarketplaceFacilitator,35.99,2.52,5.99,0.42,0,0,0,0.00,0,-2.94,-5.40,0.00,0.00,0.00,36.58,Released,
"Sep 4, 2025 7:41:15 AM PDT",18799999976,Order,114-7804575-8147018,BK-004575,Used Poetry Collection,1,amazon.com,Seller,,,,MarketplaceFacilitator,8.99,0.63,3.99,0.28,0,0,0,0.00,0,-0.91,-3.15,0.00,0.00,0.00,9.83,Released,
"Sep 4, 2025 7:54:51 AM PDT",18799999976,Order,112-5204576-4994551,EL-004576,Retro Turntable,1,amazon.com,Seller,,,,MarketplaceFacilitator,14.99,1.05,5.99,0.42,0,0,0,0.00,0,-1.47,-2.25,0.00,0.00,0.00,18.73,Released,
"Sep 4, 2025 8:08:07 AM PDT",18799999976,Order,113-0204596-9406531,BK-004596,Pre-owned Paperback Lot,1,amazon.com,Seller,,,,MarketplaceFacilitator,8.99,0.63,3.99,0.28,0,0,0,0.00,0,-0.91,-3.15,0.00,0.00,0.00,9.83,Released,
"Sep 4, 2025 8:22:18 AM PDT",18799999976,Order,114-0904625-9657689,BK-004625,Like New Atlas,1,amazon.com,Seller,,,,MarketplaceFacilitator,16.99,1.19,3.99,0.28,0,0,0,0.00,0,-1.47,-4.35,0.00,0.00,0.00,16.63,Released,
"Sep 4, 2025 8:39:06 AM PDT",18799999976,Order,112-6704604-3361746,MD-004604,Like New Blu-ray Set,1,amazon.com,Seller,,,,MarketplaceFacilitator,14.99,1.05,3.99,0.28,0,0,0,0.00,0,-1.33,-4.05,0.00,0.00,0.00,14.93,Released,
"Sep 4, 2025 8:48:50 AM PDT",18799999976,Order,114-9804616-9501522,CO-004616,Retro Snow Globe,1,amazon.com,Seller,,,,MarketplaceFacilitator,15.99,1.12,5.99,0.42,0,0,0,0.00,0,-1.54,-2.40,0.00,0.00,0.00,19.58,Released,
"Sep 4, 2025 9:03:16 AM PDT",18799999976,Order,113-1404601-3289393,BK-004601,Classic Poetry Collection,1,amazon.com,Seller,,,,MarketplaceFacilitator,8.99,0.63,3.99,0.28,0,0,0,0.00,0,-0.91,-3.15,0.00,0.00,0.00,9.83,Released,
"Sep 4, 2025 9:24:50 AM PDT",18799999976,Order,113-7304577-7486689,BK-004577,Pre-owned Atlas,1,amazon.com,Seller,,,,MarketplaceFacilitator,15.99,1.12,3.99,0.28,0,0,0,0.00,0,-1.40,-4.20,0.00,0.00,0.00,15.78,Released,
"Sep 4, 2025 9:52:26 AM PDT",18799999976,Order,111-8704585-2790147,BK-004585,Retro Cookbook,1,amazon.com,Seller,,,,MarketplaceFacilitator,10.99,0.77,3.99,0.28,0,0,0,0.00,0,-1.05,-3.45,0.00,0.00,0.00,11.53,Released,
"Sep 4, 2025 10:09:57 AM PDT",18799999976,Order,113-1004600-9642502,BK-004600,Vintage Paperback Lot,1,amazon.com,Seller,,,,MarketplaceFacilitator,9.99,0.70,3.99,0.28,0,0,0,0.00,0,-0.98,-3.30,0.00,0.00,0.00,10.68,Released,
"Sep 4, 2025 10:28:26 AM PDT",18799999976,Order,113-9504606-3179643,BK-004606,Pre-owned Field Guide,1,amazon.com,Seller,,,,MarketplaceFacilitator,9.99,0.70,3.99,0.28,0,0,0,0.00,0,-0.98,-3.30,0.00,0.00,0.00,10.68,Released,
"Sep 4, 2025 10:54:03 AM PDT",18799999976,Order,114-6604614-2743973,MD-004614,Mid-Century Vinyl Record,1,amazon.com,Seller,,,,MarketplaceFacilitator,14.99,1.05,3.99,0.28,0,0,0,0.00,0,-1.33,-4.05,0.00,0.00,0.00,14.93,Released,
"Sep 4, 2025 11:09:48 AM PDT",18799999976,Order,111-0504593-3246112,BK-004593,Mid-Century Field Guide,1,amazon.com,Seller,,,,MarketplaceFacilitator,19.99,1.40,3.99,0.28,0,0,0,0.00,0,-1.68,-4.80,0.00,0.00,0.00,19.18,Released,
"Sep 4, 2025 11:15:32 AM PDT",18799999976,Order,111-9904595-0327827,MD-004595,Retro DVD Box Set,1,amazon.com,Seller,,,,MarketplaceFacilitator,14.99,1.05,3.99,0.28,0,0,0,0.00,0,-1.33,-4.05,0.00,0.00,0.00,14.93,Released,
"Sep 4, 2025 11:24:47 AM PDT",18799999976,Order,112-8304594-5943013,BK-004594,Used Field Guide,1,amazon.com,Seller,,,,MarketplaceFacilitator,21.99,1.54,3.99,0.28,0,0,0,0.00,0,-1.82,-5.10,0.00,0.00,0.00,20.88,Released,
"Sep 4, 2025 1:12:01 PM PDT",18799999976,Order,111-4804578-3316435,MD-004578,Handmade Blu-ray Set,1,amazon.com,Seller,,,,MarketplaceFacilitator,10.99,0.77,3.99,0.28,0,0,0,0.00,0,-1.05,-3.45,0.00,0.00,0.00,11.53,Released,
"Sep 4, 2025 1:45:21 PM PDT",18799999976,Refund,112-8304594-5943013,BK-004594,Used Field Guide,1,amazon.com,Seller,,,,MarketplaceFacilitator,-21.99,-1.54,-3.99,-0.28,0,0,0,0.00,0,1.82,4.08,0.00,0.00,0.00,-21.90,Released,
"Sep 4, 2025 2:03:00 PM PDT",18799999976,Order,111-0504617-5341986,BK-004617,Pre-owned Hardcover Novel,1,amazon.com,Seller,,,,MarketplaceFacilitator,7.99,0.56,3.99,0.28,0,0,0,0.00,0,-0.84,-3.00,0.00,0.00,0.00,8.98,Released,
"Sep 4, 2025 2:11:42 PM PDT",18799999976,Order,111-1504615-1042098,BK-004615,Pre-owned Biography,1,amazon.com,Seller,,,,MarketplaceFacilitator,4.99,0.35,3.99,0.28,0,0,0,0.00,0,-0.63,-2.55,0.00,0.00,0.00,6.43,Released,
"Sep 4, 2025 2:17:49 PM PDT",18799999976,Order,111-1704584-9076014,BK-004584,Retro Textbook,1,amazon.com,Seller,,,,MarketplaceFacilitator,9.99,0.70,3.99,0.28,0,0,0,0.00,0,-0.98,-3.30,0.00,0.00,0.00,10.68,Released,
"Sep 4, 2025 2:41:03 PM PDT",18799999976,Order,111-3204586-8928114,MD-004586,Lot of 2 DVD Box Set,1,amazon.com,Seller,,,,MarketplaceFacilitator,10.99,0.77,3.99,0.28,0,0,0,0.00,0,-1.05,-3.45,0.00,0.00,0.00,11.53,Released,
"Sep 4, 2025 2:53:37 PM PDT",18799999976,Order,112-6104610-6898435,BK-004610,Classic Biography,1,amazon.com,Seller,,,,MarketplaceFacilitator,12.99,0.91,3.99,0.28,0,0,0,0.00,0,-1.19,-3.75,0.00,0.00,0.00,13.23,Released,
"Sep 4, 2025 3:02:45 PM PDT",18799999976,Order,112-6204592-8191700,CO-004592,Vintage Coin Lot,1,amazon.com,Seller,,,,MarketplaceFacilitator,21.99,1.54,5.99,0.42,0,0,0,0.00,0,-1.96,-3.30,0.00,0.00,0.00,24.68,Released,
"Sep 4, 2025 4:03:49 PM PDT",18799999976,Order,113-9004583-0406424,BK-004583,Like New Biography,1,amazon.com,Seller,,,,MarketplaceFacilitator,27.99,1.96,3.99,0.28,0,0,0,0.00,0,-2.24,-6.00,0.00,0.00,0.00,25.98,Released,
"Sep 4, 2025 4:05:09 PM PDT",18799999976,Order,111-5904574-2170923,BK-004574,Used Paperback Lot,1,amazon.com,Seller,,,,MarketplaceFacilitator,7.99,0.56,3.99,0.28,0,0,0,0.00,0,-0.84,-3.00,0.00,0.00,0.00,8.98,Released,
"Sep 4, 2025 5:26:58 PM PDT",18799999976,Order,114-9104605-2782930,MD-004605,Antique DVD Box Set,1,amazon.com,Seller,,,,MarketplaceFacilitator,7.99,0.56,3.99,0.28,0,0,0,0.00,0,-0.84,-3.00,0.00,0.00,0.00,8.98,Released,
"Sep 4, 2025 6:09:50 PM PDT",18799999976,Order,113-4104609-1561627,BK-004609,Classic Cookbook,1,amazon.com,Seller,,,,MarketplaceFacilitator,17.99,1.26,3.99,0.28,0,0,0,0.00,0,-1.54,-4.50,0.00,0.00,0.00,17.48,Released,
"Sep 4, 2025 6:19:18 PM PDT",18799999976,Order,113-7304591-0133619,BK-004591,Classic Cookbook,1,amazon.com,Seller,,,,MarketplaceFacilitator,8.99,0.63,3.99,0.28,0,0,0,0.00,0,-0.91,-3.15,0.00,0.00,0.00,9.83,Released,
"Sep 4, 2025 6:37:56 PM PDT",18799999976,Order,112-3204613-1989652,CO-004613,Retro Figurine,1,amazon.com,Seller,,,,MarketplaceFacilitator,36.99,2.59,5.99,0.42,0,0,0,0.00,0,-3.01,-5.55,0.00,0.00,0.00,37.43,Released,
"Sep 4, 2025 6:49:56 PM PDT",18799999976,Order,114-9304607-1452550,MD-004607,Vintage CD Lot,1,amazon.com,Seller,,,,MarketplaceFacilitator,7.99,0.56,3.99,0.28,0,0,0,0.00,0,-0.84,-3.00,0.00,0.00,0.00,8.98,Released,
"Sep 4, 2025 7:33:16 PM PDT",18799999976,Order,114-1704581-1545787,MD-004581,Retro Audiobook,1,amazon.com,Seller,,,,MarketplaceFacilitator,16.99,1.19,3.99,0.28,0,0,0,0.00,0,-1.47,-4.35,0.00,0.00,0.00,16.63,Released,
"Sep 4, 2025 7:40:11 PM PDT",18799999976,Order,112-4504611-9117643,EL-004611,Handmade Portable Radio,1,amazon.com,Seller,,,,MarketplaceFacilitator,12.99,0.91,5.99,0.42,0,0,0,0.00,0,-1.33,-1.95,0.00,0.00,0.00,17.03,Released,
"Sep 4, 2025 7:45:16 PM PDT",18799999976,Order,113-9104621-6853995,BK-004621,Classic Atlas,1,amazon.com,Seller,,,,MarketplaceFacilitator,9.99,0.70,3.99,0.28,0,0,0,0.00,0,-0.98,-3.30,0.00,0.00,0.00,10.68,Released,
"Sep 4, 2025 8:28:12 PM PDT",18799999976,Order,113-7304624-7320591,MD-004624,Antique Blu-ray Set,1,amazon.com,Seller,,,,MarketplaceFacilitator,15.99,1.12,3.99,0.28,0,0,0,0.00,0,-1.40,-4.20,0.00,0.00,0.00,15.78,Released,
"Sep 4, 2025 8:52:45 PM PDT",18799999976,Order,114-9404622-8843340,BK-004622,Vintage Cookbook,1,amazon.com,Seller,,,,MarketplaceFacilitator,11.99,0.84,3.99,0.28,0,0,0,0.00,0,-1.12,-3.60,0.00,0.00,0.00,12.38,Released,
"Sep 4, 2025 8:56:31 PM PDT",18799999976,Order,111-0404618-0336110,MD-004618,Handmade DVD Box Set,1,amazon.com,Seller,,,,MarketplaceFacilitator,7.99,0.56,3.99,0.28,0,0,0,0.00,0,-0.84,-3.00,0.00,0.00,0.00,8.98,Released,
"Sep 4, 2025 8:59:59 PM PDT",18799999976,Refund,114-9404622-8843340,BK-004622,Vintage Cookbook,1,amazon.com,Seller,,,,MarketplaceFacilitator,-11.99,-0.84,-3.99,-0.28,0,0,0,0.00,0,1.12,2.88,0.00,0.00,0.00,-13.10,Released,
"Sep 4, 2025 9:40:36 PM PDT",18799999977,Order,111-8604748-0958707,BK-004748,Pre-owned Field Guide,1,amazon.com,Seller,,,,MarketplaceFacilitator,16.99,1.19,3.99,0.28,0,0,0,0.00,0,-1.47,-4.35,0.00,0.00,0.00,16.63,Released,
"Sep 4, 2025 9:47:15 PM PDT",18799999977,Order,114-1004763-7711015,BK-004763,Antique Atlas,1,amazon.com,Seller,,,,MarketplaceFacilitator,11.99,0.84,3.99,0.28,0,0,0,0.00,0,-1.12,-3.60,0.00,0.00,0.00,12.38,Released,
"Sep 4, 2025 11:23:17 PM PDT",18799999977,Order,111-1104734-3935416,BK-004734,Like New Poetry Collection,1,amazon.com,Seller,,,,MarketplaceFacilitator,12.99,0.91,3.99,0.28,0,0,0,0.00,0,-1.19,-3.75,0.00,0.00,0.00,13.23,Released,
"Sep 4, 2025 11:25:05 PM PDT",18799999977,Order,111-3304723-6936578,BK-004723,Mid-Century Biography,1,amazon.com,Seller,,,,MarketplaceFacilitator,14.99,1.05,3.99,0.28,0,0,0,0.00,0,-1.33,-4.05,0.00,0.00,0.00,14.93,Released,
"Sep 4, 2025 11:39:37 PM PDT",18799999977,Order,112-2004754-8777017,BK-004754,Like New Cookbook,1,amazon.com,Seller,,,,MarketplaceFacilitator,3.99,0.28,3.99,0.28,0,0,0,0.00,0,-0.56,-2.40,0.00,0.00,0.00,5.58,Released,
"Sep 5, 2025 1:05:20 AM PDT",18799999977,Order,112-0104714-0173933,BK-004714,Vintage Hardcover Novel,1,amazon.com,Seller,,,,MarketplaceFacilitator,23.99,1.68,3.99,0.28,0,0,0,0.00,0,-1.96,-5.40,0.00,0.00,0.00,22.58,Released,
"Sep 5, 2025 1:25:34 AM PDT",18799999977,Order,112-0904720-9761485,BK-004720,Mid-Century Hardcover Novel,1,amazon.com,Seller,,,,MarketplaceFacilitator,3.99,0.28,3.99,0.28,0,0,0,0.00,0,-0.56,-2.40,0.00,0.00,0.00,5.58,Released,
"Sep 5, 2025 1:27:52 AM PDT",18799999977,Order,112-3304726-2983234,TY-004726,Handmade Lego Lot,1,amazon.com,Seller,,,,MarketplaceFacilitator,11.99,0.84,5.99,0.42,0,0,0,0.00,0,-1.26,-1.80,0.00,0.00,0.00,16.18,Released,
"Sep 5, 2025 2:06:32 AM PDT",18799999977,Order,113-1304751-6734790,BK-004751,Handmade Cookbook,1,amazon.com,Seller,,,,MarketplaceFacilitator,26.99,1.89,3.99,0.28,0,0,0,0.00,0,-2.17,-5.85,0.00,0.00,0.00,25.13,Released,
"Sep 5, 2025 2:27:56 AM PDT",18799999977,Order,114-8204749-5232765,BK-004749,Antique Cookbook,1,amazon.com,Seller,,,,MarketplaceFacilitator,4.99,0.35,3.99,0.28,0,0,0,0.00,0,-0.63,-2.55,0.00,0.00,0.00,6.43,Released,
"Sep 5, 2025 2:41:57 AM PDT",18799999977,Order,113-8704757-1687165,MD-004757,Antique CD Lot,1,amazon.com,Seller,,,,MarketplaceFacilitator,8.99,0.63,3.99,0.28,0,0,0,0.00,0,-0.91,-3.15,0.00,0.00,0.00,9.83,Released,
"Sep 5, 2025 2:56:01 AM PDT",18799999977,Order,112-7204733-6582885,BK-004733,Like New Poetry Collection,1,amazon.com,Seller,,,,MarketplaceFacilitator,13.99,0.98,3.99,0.28,0,0,0,0.00,0,-1.26,-3.90,0.00,0.00,0.00,14.08,Released,
"Sep 5, 2025 2:56:01 AM PDT",18799999977,Order,112-8004759-3575082,BK-004759,Mid-Century Cookbook,1,amazon.com,Seller,,,,MarketplaceFacilitator,16.99,1.19,3.99,0.28,0,0,0,0.00,0,-1.47,-4.35,0.00,0.00,0.00,16.63,Released,
"Sep 5, 2025 4:22:45 AM PDT",18799999977,Order,112-1104729-4106020,MD-004729,Pre-owned Vinyl Record,1,amazon.com,Seller,,,,MarketplaceFacilitator,14.99,1.05,3.99,0.28,0,0,0,0.00,0,-1.33,-4.05,0.00,0.00,0.00,14.93,Released,
"Sep 5, 2025 5:02:39 AM PDT",18799999977,Order,111-5804736-4456732,MD-004736,Retro Blu-ray Set,1,amazon.com,Seller,,,,MarketplaceFacilitator,21.99,1.54,3.99,0.28,0,0,0,0.00,0,-1.82,-5.10,0.00,0.00,0.00,20.88,Released,
"Sep 5, 2025 5:07:17 AM PDT",18799999977,Order,113-6104753-7552432,BK-004753,Mid-Century Hardcover Novel,1,amazon.com,Seller,,,,MarketplaceFacilitator,21.99,1.54,3.99,0.28,0,0,0,0.00,0,-1.82,-5.10,0.00,0.00,0.00,20.88,Released,
"Sep 5, 2025 5:59:03 AM PDT",18799999977,Order,111-5504722-6975177,TY-004722,Classic Plush Bear,1,amazon.com,Seller,,,,MarketplaceFacilitator,32.99,2.31,5.99,0.42,0,0,0,0.00,0,-2.73,-4.95,0.00,0.00,0.00,34.03,Released,
"Sep 5, 2025 6:07:16 AM PDT",18799999977,Order,114-0404731-7099414,BK-004731,Mid-Century Hardcover Novel,1,amazon.com,Seller,,,,MarketplaceFacilitator,31.99,2.24,3.99,0.28,0,0,0,0.00,0,-2.52,-6.60,0.00,0.00,0.00,29.38,Released,
"Sep 5, 2025 6:19:36 AM PDT",18799999977,Refund,112-8004759-3575082,BK-004759,Mid-Century Cookbook,1,amazon.com,Seller,,,,MarketplaceFacilitator,-16.99,-1.19,-3.99,-0.28,0,0,0,0.00,0,1.47,3.48,0.00,0.00,0.00,-17.50,Released,
"Sep 5, 2025 6:20:00 AM PDT",18799999976,Transfer,,,To account ending in: 0101,,,,,,,,0.00,0.00,0.00,0.00,0,0,0,0.00,0,0.00,0.00,0.00,0.00,0.00,-5071.10,Released,
"Sep 5, 2025 6:33:38 AM PDT",18799999977,Order,111-1404760-1182940,BK-004760,Antique Atlas,1,amazon.com,Seller,,,,MarketplaceFacilitator,7.99,0.56,3.99,0.28,0,0,0,0.00,0,-0.84,-3.00,0.00,0.00,0.00,8.98,Released,
"Sep 5, 2025 6:38:22 AM PDT",18799999977,Order,114-0104744-0652796,MD-004744,Pre-owned DVD Box Set,1,amazon.com,Seller,,,,MarketplaceFacilitator,19.99,1.40,3.99,0.28,0,0,0,0.00,0,-1.68,-4.80,0.00,0.00,0.00,19.18,Released,
"Sep 5, 2025 6:58:50 AM PDT",18799999977,Order,113-7304727-8298287,BK-004727,Classic Poetry Collection,1,amazon.com,Seller,,,,MarketplaceFacilitator,6.99,0.49,3.99,0.28,0,0,0,0.00,0,-0.77,-2.85,0.00,0.00,0.00,8.13,Released,
"Sep 5, 2025 7:07:40 AM PDT",18799999977,Order,113-1104742-7714238,BK-004742,Antique Paperback Lot,1,amazon.com,Seller,,,,MarketplaceFacilitator,19.99,1.40,3.99,0.28,0,0,0,0.00,0,-1.68,-4.80,0.00,0.00,0.00,19.18,Released,
"Sep 5, 2025 7:22:19 AM PDT",18799999977,Order,113-4904721-1976099,BK-004721,Pre-owned Textbook,1,amazon.com,Seller,,,,MarketplaceFacilitator,21.99,1.54,3.99,0.28,0,0,0,0.00,0,-1.82,-5.10,0.00,0.00,0.00,20.88,Released,
"Sep 5, 2025 9:02:22 AM PDT",18799999977,Order,114-3404718-7521014,TY-004718,Retro Plush Bear,1,amazon.com,Seller,,,,MarketplaceFacilitator,15.99,1.12,5.99,0.42,0,0,0,0.00,0,-1.54,-2.40,0.00,0.00,0.00,19.58,Released,
"Sep 5, 2025 10:05:06 AM PDT",18799999977,Order,113-3804730-9723268,MD-004730,Like New Blu-ray Set,1,amazon.com,Seller,,,,MarketplaceFacilitator,14.99,1.05,3.99,0.28,0,0,0,0.00,0,-1.33,-4.05,0.00,0.00,0.00,14.93,Released,
"Sep 5, 2025 10:41:00 AM PDT",18799999977,Order,112-1104750-1052476,BK-004750,Retro Cookbook,1,amazon.com,Seller,,,,MarketplaceFacilitator,5.99,0.42,3.99,0.28,0,0,0,0.00,0,-0.70,-2.70,0.00,0.00,0.00,7.28,Released,
"Sep 5, 2025 11:14:01 AM PDT",18799999977,Order,111-2704752-3415465,TY-004752,Used Puzzle 1000pc,1,amazon.com,Seller,,,,MarketplaceFacilitator,38.99,2.73,5.99,0.42,0,0,0,0.00,0,-3.15,-5.85,0.00,0.00,0.00,39.13,Released,
"Sep 5, 2025 11:45:14 AM PDT",18799999977,Order,111-0904747-3632868,BK-004747,Like New Paperback Lot,1,amazon.com,Seller,,,,MarketplaceFacilitator,13.99,0.98,3.99,0.28,0,0,0,0.00,0,-1.26,-3.90,0.00,0.00,0.00,14.08,Released,
"Sep 5, 2025 12:06:02 PM PDT",18799999977,Order,112-6304735-2447305,BK-004735,Handmade Hardcover Novel,1,amazon.com,Seller,,,,MarketplaceFacilitator,11.99,0.84,3.99,0.28,0,0,0,0.00,0,-1.12,-3.60,0.00,0.00,0.00,12.38,Released,
"Sep 5, 2025 12:15:15 PM PDT",18799999977,Order,112-5404761-1060648,TY-004761,Retro Board Game,1,amazon.com,Seller,,,,MarketplaceFacilitator,7.99,0.56,5.99,0.42,0,0,0,0.00,0,-0.98,-1.20,0.00,0.00,0.00,12.78,Released,
"Sep 5, 2025 12:29:49 PM PDT",18799999977,Order,112-5904732-3657498,BK-004732,Mid-Century Atlas,1,amazon.com,Seller,,,,MarketplaceFacilitator,20.99,1.47,3.99,0.28,0,0,0,0.00,0,-1.75,-4.95,0.00,0.00,0.00,20.03,Released,
"Sep 5, 2025 12:53:19 PM PDT",18799999977,Order,114-0104765-2233611,EL-004765,Vintage Headphones,1,amazon.com,Seller,,,,MarketplaceFacilitator,41.99,2.94,5.99,0.42,0,0,0,0.00,0,-3.36,-6.30,0.00,0.00,0.00,41.68,Released,
"Sep 5, 2025 1:17:05 PM PDT",18799999977,Order,113-8904745-4045412,EL-004745,Handmade Portable Radio,1,amazon.com,Seller,,,,MarketplaceFacilitator,32.99,2.31,5.99,0.42,0,0,0,0.00,0,-2.73,-4.95,0.00,0.00,0.00,34.03,Released,
"Sep 5, 2025 1:17:30 PM PDT",18799999977,Order,113-0704715-1906681,MD-004715,Lot of 2 Vinyl Record,1,amazon.com,Seller,,,,MarketplaceFacilitator,27.99,1.96,3.99,0.28,0,0,0,0.00,0,-2.24,-6.00,0.00,0.00,0.00,25.98,Released,
"Sep 5, 2025 1:24:22 PM PDT",18799999977,Order,113-2004762-9254809,BK-004762,Handmade Atlas,1,amazon.com,Seller,,,,MarketplaceFacilitator,16.99,1.19,3.99,0.28,0,0,0,0.00,0,-1.47,-4.35,0.00,0.00,0.00,16.63,Released,
"Sep 5, 2025 1:26:59 PM PDT",18799999977,Order,113-6504717-7134423,BK-004717,Handmade Hardcover Novel,1,amazon.com,Seller,,,,MarketplaceFacilitator,12.99,0.91,3.99,0.28,0,0,0,0.00,0,-1.19,-3.75,0.00,0.00,0.00,13.23,Released,
"Sep 5, 2025 1:27:41 PM PDT",18799999977,Order,112-5404737-1381794,BK-004737,Like New Field Guide,1,amazon.com,Seller,,,,MarketplaceFacilitator,8.99,0.63,3.99,0.28,0,0,0,0.00,0,-0.91,-3.15,0.00,0.00,0.00,9.83,Released,
"Sep 5, 2025 1:50:51 PM PDT",18799999977,Order,114-0104743-6941581,TY-004743,Vintage Board Game,1,amazon.com,Seller,,,,MarketplaceFacilitator,17.99,1.26,5.99,0.42,0,0,0,0.00,0,-1.68,-2.70,0.00,0.00,0.00,21.28,Released,
"Sep 5, 2025 1:56:48 PM PDT",18799999977,Order,111-1604739-5636002,TY-004739,Vintage Lego Lot,1,amazon.com,Seller,,,,MarketplaceFacilitator,18.99,1.33,5.99,0.42,0,0,0,0.00,0,-1.75,-2.85,0.00,0.00,0.00,22.13,Released,
"Sep 5, 2025 2:52:39 PM PDT",18799999977,Order,112-3904755-5729492,MD-004755,Retro CD Lot,1,amazon.com,Seller,,,,MarketplaceFacilitator,13.99,0.98,3.99,0.28,0,0,0,0.00,0,-1.26,-3.90,0.00,0.00,0.00,14.08,Released,
"Sep 5, 2025 4:18:12 PM PDT",18799999977,Order,114-7304725-6323247,MD-004725,Handmade DVD Box Set,1,amazon.com,Seller,,,,MarketplaceFacilitator,7.99,0.56,3.99,0.28,0,0,0,0.00,0,-0.84,-3.00,0.00,0.00,0.00,8.98,Released,
"Sep 5, 2025 4:23:31 PM PDT",18799999977,Order,113-0604712-1520397,MD-004712,Vintage Vinyl Record,1,amazon.com,Seller,,,,MarketplaceFacilitator,10.99,0.77,3.99,0.28,0,0,0,0.00,0,-1.05,-3.45,0.00,0.00,0.00,11.53,Released,
"Sep 5, 2025 4:36:15 PM PDT",18799999977,Order,112-0204764-9688911,BK-004764,Antique Atlas,1,amazon.com,Seller,,,,MarketplaceFacilitator,8.99,0.63,3.99,0.28,0,0,0,0.00,0,-0.91,-3.15,0.00,0.00,0.00,9.83,Released,
"Sep 5, 2025 4:41:33 PM PDT",18799999977,Order,111-4204740-0536316,BK-004740,Lot of 2 Hardcover Novel,1,amazon.com,Seller,,,,MarketplaceFacilitator,7.99,0.56,3.99,0.28,0,0,0,0.00,0,-0.84,-3.00,0.00,0.00,0.00,8.98,Released,
"Sep 5, 2025 5:01:43 PM PDT",18799999977,Order,111-5004741-5874215,BK-004741,Classic Poetry Collection,1,amazon.com,Seller,,,,MarketplaceFacilitator,12.99,0.91,3.99,0.28,0,0,0,0.00,0,-1.19,-3.75,0.00,0.00,0.00,13.23,Released,
"Sep 5, 2025 5:26:36 PM PDT",18799999977,Order,111-2004724-5550860,BK-004724,Antique Atlas,1,amazon.com,Seller,,,,MarketplaceFacilitator,7.99,0.56,3.99,0.28,0,0,0,0.00,0,-0.84,-3.00,0.00,0.00,0.00,8.98,Released,
"Sep 5, 2025 5:35:19 PM PDT",18799999977,Order,111-2604746-9917487,BK-004746,Mid-Century Poetry Collection,1,amazon.com,Seller,,,,MarketplaceFacilitator,9.99,0.70,3.99,0.28,0,0,0,0.00,0,-0.98,-3.30,0.00,0.00,0.00,10.68,Released,
"Sep 5, 2025 6:21:53 PM PDT",18799999977,Order,114-1704719-1428697,CO-004719,Like New Trading Card Lot,1,amazon.com,Seller,,,,MarketplaceFacilitator,30.99,2.17,5.99,0.42,0,0,0,0.00,0,-2.59,-4.65,0.00,0.00,0.00,32.33,Released,
"Sep 5, 2025 6:35:33 PM PDT",18799999977,Order,113-2204716-5654094,CO-004716,Vintage Trading Card Lot,1,amazon.com,Seller,,,,MarketplaceFacilitator,11.99,0.84,5.99,0.42,0,0,0,0.00,0,-1.26,-1.80,0.00,0.00,0.00,16.18,Released,
"Sep 5, 2025 6:35:42 PM PDT",18799999977,Order,111-5904713-9894636,MD-004713,Classic Audiobook,1,amazon.com,Seller,,,,MarketplaceFacilitator,11.99,0.84,3.99,0.28,0,0,0,0.00,0,-1.12,-3.60,0.00,0.00,0.00,12.38,Released,
"Sep 5, 2025 7:22:25 PM PDT",18799999977,Order,114-8804758-4239960,BK-004758,Lot of 2 Hardcover Novel,1,amazon.com,Seller,,,,MarketplaceFacilitator,16.99,1.19,3.99,0.28,0,0,0,0.00,0,-1.47,-4.35,0.00,0.00,0.00,16.63,Released,
"Sep 5, 2025 7:24:56 PM PDT",18799999977,Order,113-5004738-1476345,BK-004738,Classic Atlas,1,amazon.com,Seller,,,,MarketplaceFacilitator,17.99,1.26,3.99,0.28,0,0,0,0.00,0,-1.54,-4.50,0.00,0.00,0.00,17.48,Released,
"Sep 5, 2025 8:39:48 PM PDT",18799999977,Order,113-9504756-2923969,CO-004756,Classic Coin Lot,1,amazon.com,Seller,,,,MarketplaceFacilitator,23.99,1.68,5.99,0.42,0,0,0,0.00,0,-2.10,-3.60,0.00,0.00,0.00,26.38,Released,
"Sep 5, 2025 8:58:21 PM PDT",18799999977,Order,114-1604728-0290080,BK-004728,Classic Cookbook,1,amazon.com,Seller,,,,MarketplaceFacilitator,5.99,0.42,3.99,0.28,0,0,0,0.00,0,-0.70,-2.70,0.00,0.00,0.00,7.28,Released,
"Sep 5, 2025 9:03:56 PM PDT",18799999977,Order,111-7104897-9761810,MD-004897,Classic CD Lot,1,amazon.com,Seller,,,,MarketplaceFacilitator,28.99,2.03,3.99,0.28,0,0,0,0.00,0,-2.31,-6.15,0.00,0.00,0.00,26.83,Released,
"Sep 6, 2025 12:02:09 AM PDT",18799999977,Order,112-0504899-9847045,BK-004899,Handmade Paperback Lot,1,amazon.com,Seller,,,,MarketplaceFacilitator,5.99,0.42,3.99,0.28,0,0,0,0.00,0,-0.70,-2.70,0.00,0.00,0.00,7.28,Released,
"Sep 6, 2025 12:38:48 AM PDT",18799999977,Order,114-7504892-0496084,BK-004892,Lot of 2 Field Guide,1,amazon.com,Seller,,,,MarketplaceFacilitator,7.99,0.56,3.99,0.28,0,0,0,0.00,0,-0.84,-3.00,0.00,0.00,0.00,8.98,Released,
"Sep 6, 2025 12:43:53 AM PDT",18799999977,Order,114-6904889-4703935,BK-004889,Retro Atlas,1,amazon.com,Seller,,,,MarketplaceFacilitator,5.99,0.42,3.99,0.28,0,0,0,0.00,0,-0.70,-2.70,0.00,0.00,0.00,7.28,Released,
"Sep 6, 2025 1:59:27 AM PDT",18799999977,Order,113-6304901-6564963,BK-004901,Like New Poetry Collection,1,amazon.com,Seller,,,,MarketplaceFacilitator,10.99,0.77,3.99,0.28,0,0,0,0.00,0,-1.05,-3.45,0.00,0.00,0.00,11.53,Released,
"Sep 6, 2025 2:02:20 AM PDT",18799999977,Order,113-8604913-9397789,BK-004913,Classic Paperback Lot,1,amazon.com,Seller,,,,MarketplaceFacilitator,22.99,1.61,3.99,0.28,0,0,0,0.00,0,-1.89,-5.25,0.00,0.00,0.00,21.73,Released,
"Sep 6, 2025 2:04:52 AM PDT",18799999977,Order,114-3804918-2053402,MD-004918,Pre-owned Blu-ray Set,1,amazon.com,Seller,,,,MarketplaceFacilitator,10.99,0.77,3.99,0.28,0,0,0,0.00,0,-1.05,-3.45,0.00,0.00,0.00,11.53,Released,
"Sep 6, 2025 2:07:33 AM PDT",18799999977,Order,113-1404878-6448359,BK-004878,Vintage Field Guide,1,amazon.com,Seller,,,,MarketplaceFacilitator,10.99,0.77,3.99,0.28,0,0,0,0.00,0,-1.05,-3.45,0.00,0.00,0.00,11.53,Released,
"Sep 6, 2025 4:21:13 AM PDT",18799999977,Refund,113-1404878-6448359,BK-004878,Vintage Field Guide,1,amazon.com,Seller,,,,MarketplaceFacilitator,-10.99,-0.77,-3.99,-0.28,0,0,0,0.00,0,1.05,2.76,0.00,0.00,0.00,-12.22,Released,
"Sep 6, 2025 4:46:24 AM PDT",18799999977,Order,112-8004916-3883546,TY-004916,Retro Lego Lot,1,amazon.com,Seller,,,,MarketplaceFacilitator,10.99,0.77,5.99,0.42,0,0,0,0.00,0,-1.19,-1.65,0.00,0.00,0.00,15.33,Released,
"Sep 6, 2025 5:18:35 AM PDT",18799999977,Order,114-3004896-6144372,MD-004896,Lot of 2 CD Lot,1,amazon.com,Seller,,,,MarketplaceFacilitator,14.99,1.05,3.99,0.28,0,0,0,0.00,0,-1.33,-4.05,0.00,0.00,0.00,14.93,Released,
"Sep 6, 2025 5:40:41 AM PDT",18799999977,Order,112-1004882-5202919,BK-004882,Mid-Century Field Guide,1,amazon.com,Seller,,,,MarketplaceFacilitator,8.99,0.63,3.99,0.28,0,0,0,0.00,0,-0.91,-3.15,0.00,0.00,0.00,9.83,Released,
"Sep 6, 2025 5:55:44 AM PDT",18799999977,Order,114-5504895-3845605,TY-004895,Lot of 2 Board Game,1,amazon.com,Seller,,,,MarketplaceFacilitator,18.99,1.33,5.99,0.42,0,0,0,0.00,0,-1.75,-2.85,0.00,0.00,0.00,22.13,Released,
"Sep 6, 2025 6:39:41 AM PDT",18799999977,Order,113-3404879-6724500,MD-004879,Pre-owned Vinyl Record,1,amazon.com,Seller,,,,MarketplaceFacilitator,23.99,1.68,3.99,0.28,0,0,0,0.00,0,-1.96,-5.40,0.00,0.00,0.00,22.58,Released,
"Sep 6, 2025 7:54:51 AM PDT",18799999977,Order,111-8904914-9136129,MD-004914,Vintage Audiobook,1,amazon.com,Seller,,,,MarketplaceFacilitator,14.99,1.05,3.99,0.28,0,0,0,0.00,0,-1.33,-4.05,0.00,0.00,0.00,14.93,Released,
"Sep 6, 2025 8:08:19 AM PDT",18799999977,Order,114-8804887-9411561,BK-004887,Classic Field Guide,1,amazon.com,Seller,,,,MarketplaceFacilitator,9.99,0.70,3.99,0.28,0,0,0,0.00,0,-0.98,-3.30,0.00,0.00,0.00,10.68,Released,
"Sep 6, 2025 8:10:34 AM PDT",18799999977,Order,111-5304885-1267056,BK-004885,Antique Paperback Lot,1,amazon.com,Seller,,,,MarketplaceFacilitator,7.99,0.56,3.99,0.28,0,0,0,0.00,0,-0.84,-3.00,0.00,0.00,0.00,8.98,Released,
"Sep 6, 2025 8:17:46 AM PDT",18799999977,Order,112-6604908-3779956,MD-004908,Vintage Audiobook,1,amazon.com,Seller,,,,MarketplaceFacilitator,7.99,0.56,3.99,0.28,0,0,0,0.00,0,-0.84,-3.00,0.00,0.00,0.00,8.98,Released,
"Sep 6, 2025 10:00:11 AM PDT",18799999977,Order,111-7504883-7032009,EL-004883,Vintage Headphones,1,amazon.com,Seller,,,,MarketplaceFacilitator,33.99,2.38,5.99,0.42,0,0,0,0.00,0,-2.80,-5.10,0.00,0.00,0.00,34.88,Released,
"Sep 6, 2025 10:42:53 AM PDT",18799999977,Order,114-4204886-0680192,BK-004886,Vintage Cookbook,1,amazon.com,Seller,,,,MarketplaceFacilitator,19.99,1.40,3.99,0.28,0,0,0,0.00,0,-1.68,-4.80,0.00,0.00,0.00,19.18,Released,
"Sep 6, 2025 11:14:28 AM PDT",18799999977,Order,114-3004890-7679461,EL-004890,Lot of 2 Portable Radio,1,amazon.com,Seller,,,,MarketplaceFacilitator,47.99,3.36,5.99,0.42,0,0,0,0.00,0,-3.78,-7.20,0.00,0.00,0.00,46.78,Released,
"Sep 6, 2025 11:44:15 AM PDT",18799999977,Order,113-7604891-9858444,TY-004891,Mid-Century Board Game,1,amazon.com,Seller,,,,MarketplaceFacilitator,43.99,3.08,5.99,0.42,0,0,0,0.00,0,-3.50,-6.60,0.00,0.00,0.00,43.38,Released,
"Sep 6, 2025 12:15:01 PM PDT",18799999977,Order,113-7504884-7012745,EL-004884,Used Camera Lens,1,amazon.com,Seller,,,,MarketplaceFacilitator,37.99,2.66,5.99,0.42,0,0,0,0.00,0,-3.08,-5.70,0.00,0.00,0.00,38.28,Released,
"Sep 6, 2025 1:06:23 PM PDT",18799999977,Order,113-0404917-9795947,MD-004917,Antique Audiobook,1,amazon.com,Seller,,,,MarketplaceFacilitator,6.99,0.49,3.99,0.28,0,0,0,0.00,0,-0.77,-2.85,0.00,0.00,0.00,8.13,Released,
"Sep 6, 2025 1:56:43 PM PDT",18799999977,Order,114-1704900-4828393,BK-004900,Antique Biography,1,amazon.com,Seller,,,,MarketplaceFacilitator,14.99,1.05,3.99,0.28,0,0,0,0.00,0,-1.33,-4.05,0.00,0.00,0.00,14.93,Released,
"Sep 6, 2025 2:43:04 PM PDT",18799999977,Refund,113-7604891-9858444,TY-004891,Mid-Century Board Game,1,amazon.com,Seller,,,,MarketplaceFacilitator,-43.99,-3.08,-5.99,-0.42,0,0,0,0.00,0,3.50,5.28,0.00,0.00,0.00,-44.70,Released,
"Sep 6, 2025 3:21:18 PM PDT",18799999977,Order,111-5204906-0611918,BK-004906,Like New Paperback Lot,1,amazon.com,Seller,,,,MarketplaceFacilitator,9.99,0.70,3.99,0.28,0,0,0,0.00,0,-0.98,-3.30,0.00,0.00,0.00,10.68,Released,
"Sep 6, 2025 3:44:12 PM PDT",18799999977,Order,114-9304912-6263334,BK-004912,Pre-owned Textbook,1,amazon.com,Seller,,,,MarketplaceFacilitator,14.99,1.05,3.99,0.28,0,0,0,0.00,0,-1.33,-4.05,0.00,0.00,0.00,14.93,Released,
"Sep 6, 2025 3:49:13 PM PDT",18799999977,Order,114-3704910-0144975,TY-004910,Used Lego Lot,1,amazon.com,Seller,,,,MarketplaceFacilitator,11.99,0.84,5.99,0.42,0,0,0,0.00,0,-1.26,-1.80,0.00,0.00,0.00,16.18,Released,
"Sep 6, 2025 4:07:03 PM PDT",18799999977,Order,111-9704905-7603290,MD-004905,Handmade DVD Box Set,1,amazon.com,Seller,,,,MarketplaceFacilitator,9.99,0.70,3.99,0.28,0,0,0,0.00,0,-0.98,-3.30,0.00,0.00,0.00,10.68,Released,
"Sep 6, 2025 4:29:32 PM PDT",18799999977,Order,113-1204881-5069004,BK-004881,Pre-owned Biography,1,amazon.com,Seller,,,,MarketplaceFacilitator,6.99,0.49,3.99,0.28,0,0,0,0.00,0,-0.77,-2.85,0.00,0.00,0.00,8.13,Released,
"Sep 6, 2025 4:30:30 PM PDT",18799999977,Order,114-3804911-6359213,TY-004911,Pre-owned Lego Lot,1,amazon.com,Seller,,,,MarketplaceFacilitator,25.99,1.82,5.99,0.42,0,0,0,0.00,0,-2.24,-3.90,0.00,0.00,0.00,28.08,Released,
"Sep 6, 2025 4:33:57 PM PDT",18799999977,Order,113-7604893-8886998,CO-004893,Pre-owned Coin Lot,1,amazon.com,Seller,,,,MarketplaceFacilitator,45.99,3.22,5.99,0.42,0,0,0,0.00,0,-3.64,-6.90,0.00,0.00,0.00,45.08,Released,
"Sep 6, 2025 5:01:11 PM PDT",18799999977,Order,114-0704894-3874724,BK-004894,Mid-Century Field Guide,1,amazon.com,Seller,,,,MarketplaceFacilitator,28.99,2.03,3.99,0.28,0,0,0,0.00,0,-2.31,-6.15,0.00,0.00,0.00,26.83,Released,
"Sep 6, 2025 5:18:15 PM PDT",18799999977,Order,111-3104915-2776869,TY-004915,Antique Lego Lot,1,amazon.com,Seller,,,,MarketplaceFacilitator,11.99,0.84,5.99,0.42,0,0,0,0.00,0,-1.26,-1.80,0.00,0.00,0.00,16.18,Released,
"Sep 6, 2025 5:28:11 PM PDT",18799999977,Order,111-4204902-9453868,BK-004902,Like New Atlas,1,amazon.com,Seller,,,,MarketplaceFacilitator,13.99,0.98,3.99,0.28,0,0,0,0.00,0,-1.26,-3.90,0.00,0.00,0.00,14.08,Released,
"Sep 6, 2025 6:11:37 PM PDT",18799999977,Order,111-7404888-0224710,MD-004888,Handmade Audiobook,1,amazon.com,Seller,,,,MarketplaceFacilitator,10.99,0.77,3.99,0.28,0,0,0,0.00,0,-1.05,-3.45,0.00,0.00,0.00,11.53,Released,
"Sep 6, 2025 6:14:25 PM PDT",18799999977,Order,114-7604898-5020695,MD-004898,Classic DVD Box Set,1,amazon.com,Seller,,,,MarketplaceFacilitator,7.99,0.56,3.99,0.28,0,0,0,0.00,0,-0.84,-3.00,0.00,0.00,0.00,8.98,Released,
"Sep 6, 2025 6:32:40 PM PDT",18799999977,Order,111-7104904-3653529,BK-004904,Used Paperback Lot,1,amazon.com,Seller,,,,MarketplaceFacilitator,7.99,0.56,3.99,0.28,0,0,0,0.00,0,-0.84,-3.00,0.00,0.00,0.00,8.98,Released,
"Sep 6, 2025 6:58:25 PM PDT",18799999977,Order,113-8004880-0097007,BK-004880,Like New Paperback Lot,1,amazon.com,Seller,,,,MarketplaceFacilitator,7.99,0.56,3.99,0.28,0,0,0,0.00,0,-0.84,-3.00,0.00,0.00,0.00,8.98,Released,
"Sep 6, 2025 6:59:23 PM PDT",18799999977,Order,114-1104907-3732512,MD-004907,Handmade Vinyl Record,1,amazon.com,Seller,,,,MarketplaceFacilitator,7.99,0.56,3.99,0.28,0,0,0,0.00,0,-0.84,-3.00,0.00,0.00,0.00,8.98,Released,
"Sep 6, 2025 8:08:01 PM PDT",18799999977,Order,111-6104919-4386228,BK-004919,Used Paperback Lot,1,amazon.com,Seller,,,,MarketplaceFacilitator,19.99,1.40,3.99,0.28,0,0,0,0.00,0,-1.68,-4.80,0.00,0.00,0.00,19.18,Released,
"Sep 6, 2025 8:21:08 PM PDT",18799999977,Order,114-1104903-6702950,BK-004903,Classic Atlas,1,amazon.com,Seller,,,,MarketplaceFacilitator,4.99,0.35,3.99,0.28,0,0,0,0.00,0,-0.63,-2.55,0.00,0.00,0.00,6.43,Released,
"Sep 6, 2025 8:33:31 PM PDT",18799999977,Order,114-0004909-3607069,CO-004909,Vintage Trading Card Lot,1,amazon.com,Seller,,,,MarketplaceFacilitator,16.99,1.19,5.99,0.42,0,0,0,0.00,0,-1.61,-2.55,0.00,0.00,0.00,20.43,Released,
"Sep 6, 2025 9:49:15 PM PDT",18799999977,Order,112-0805065-8201436,BK-005065,Antique Field Guide,1,amazon.com,Seller,,,,MarketplaceFacilitator,6.99,0.49,3.99,0.28,0,0,0,0.00,0,-0.77,-2.85,0.00,0.00,0.00,8.13,Released,
"Sep 6, 2025 9:57:07 PM PDT",18799999977,Order,113-7005075-8638330,MD-005075,Lot of 2 Blu-ray Set,1,amazon.com,Seller,,,,MarketplaceFacilitator,11.99,0.84,3.99,0.28,0,0,0,0.00,0,-1.12,-3.60,0.00,0.00,0.00,12.38,Released,
"Sep 6, 2025 10:56:08 PM PDT",18799999977,Order,114-6905070-0173648,MD-005070,Retro Blu-ray Set,1,amazon.com,Seller,,,,MarketplaceFacilitator,19.99,1.40,3.99,0.28,0,0,0,0.00,0,-1.68,-4.80,0.00,0.00,0.00,19.18,Released,
"Sep 7, 2025 12:01:48 AM PDT",18799999977,Order,113-0305054-1485866,BK-005054,Pre-owned Hardcover Novel,1,amazon.com,Seller,,,,MarketplaceFacilitator,35.99,2.52,3.99,0.28,0,0,0,0.00,0,-2.80,-7.20,0.00,0.00,0.00,32.78,Released,
"Sep 7, 2025 1:06:21 AM PDT",18799999977,Order,112-5005074-0266694,BK-005074,Vintage Biography,1,amazon.com,Seller,,,,MarketplaceFacilitator,11.99,0.84,3.99,0.28,0,0,0,0.00,0,-1.12,-3.60,0.00,0.00,0.00,12.38,Released,
"Sep 7, 2025 1:20:19 AM PDT",18799999977,Order,111-9505040-8378357,BK-005040,Lot of 2 Hardcover Novel,1,amazon.com,Seller,,,,MarketplaceFacilitator,13.99,0.98,3.99,0.28,0,0,0,0.00,0,-1.26,-3.90,0.00,0.00,0.00,14.08,Released,
"Sep 7, 2025 1:23:58 AM PDT",18799999977,Order,114-1305058-5032365,BK-005058,Handmade Biography,1,amazon.com,Seller,,,,MarketplaceFacilitator,59.99,4.20,3.99,0.28,0,0,0,0.00,0,-4.48,-10.80,0.00,0.00,0.00,53.18,Released,
"Sep 7, 2025 1:46:24 AM PDT",18799999977,Order,112-4905057-8474885,EL-005057,Vintage Film Camera,1,amazon.com,Seller,,,,MarketplaceFacilitator,37.99,2.66,5.99,0.42,0,0,0,0.00,0,-3.08,-5.70,0.00,0.00,0.00,38.28,Released,
"Sep 7, 2025 2:46:14 AM PDT",18799999977,Refund,114-1305058-5032365,BK-005058,Handmade Biography,1,amazon.com,Seller,,,,MarketplaceFacilitator,-59.99,-4.20,-3.99,-0.28,0,0,0,0.00,0,4.48,8.64,0.00,0.00,0.00,-55.34,Released,
"Sep 7, 2025 4:22:13 AM PDT",18799999977,Order,111-8105046-3278266,BK-005046,Like New Poetry Collection,1,amazon.com,Seller,,,,MarketplaceFacilitator,19.99,1.40,3.99,0.28,0,0,0,0.00,0,-1.68,-4.80,0.00,0.00,0.00,19.18,Released,
"Sep 7, 2025 5:15:57 AM PDT",18799999977,Order,111-9305048-0947137,BK-005048,Mid-Century Paperback Lot,1,amazon.com,Seller,,,,MarketplaceFacilitator,11.99,0.84,3.99,0.28,0,0,0,0.00,0,-1.12,-3.60,0.00,0.00,0.00,12.38,Released,
"Sep 7, 2025 6:37:15 AM PDT",18799999977,Order,111-0505043-8930993,CO-005043,Like New Snow Globe,1,amazon.com,Seller,,,,MarketplaceFacilitator,30.99,2.17,5.99,0.42,0,0,0,0.00,0,-2.59,-4.65,0.00,0.00,0.00,32.33,Released,
"Sep 7, 2025 6:39:09 AM PDT",18799999977,Order,111-6405045-8396120,BK-005045,Pre-owned Textbook,1,amazon.com,Seller,,,,MarketplaceFacilitator,8.99,0.63,3.99,0.28,0,0,0,0.00,0,-0.91,-3.15,0.00,0.00,0.00,9.83,Released,
"Sep 7, 2025 6:56:28 AM PDT",18799999977,Order,111-3905050-8073477,BK-005050,Handmade Textbook,1,amazon.com,Seller,,,,MarketplaceFacilitator,19.99,1.40,3.99,0.28,0,0,0,0.00,0,-1.68,-4.80,0.00,0.00,0.00,19.18,Released,
"Sep 7, 2025 7:05:13 AM PDT",18799999977,Order,112-2305052-4104507,BK-005052,Vintage Poetry Collection,1,amazon.com,Seller,,,,MarketplaceFacilitator,23.99,1.68,3.99,0.28,0,0,0,0.00,0,-1.96,-5.40,0.00,0.00,0.00,22.58,Released,
"Sep 7, 2025 7:21:39 AM PDT",18799999977,Order,114-3505061-8564379,BK-005061,Mid-Century Biography,1,amazon.com,Seller,,,,MarketplaceFacilitator,24.99,1.75,3.99,0.28,0,0,0,0.00,0,-2.03,-5.55,0.00,0.00,0.00,23.43,Released,
"Sep 7, 2025 8:34:49 AM PDT",18799999977,Order,114-6905080-9951488,MD-005080,Vintage DVD Box Set,1,amazon.com,Seller,,,,MarketplaceFacilitator,13.99,0.98,3.99,0.28,0,0,0,0.00,0,-1.26,-3.90,0.00,0.00,0.00,14.08,Released,
"Sep 7, 2025 9:14:55 AM PDT",18799999977,Order,114-5605076-7803154,TY-005076,Vintage Board Game,1,amazon.com,Seller,,,,MarketplaceFacilitator,16.99,1.19,5.99,0.42,0,0,0,0.00,0,-1.61,-2.55,0.00,0.00,0.00,20.43,Released,
"Sep 7, 2025 9:48:17 AM PDT",18799999977,Order,111-1305083-3126127,CO-005083,Handmade Pewter Mug,1,amazon.com,Seller,,,,MarketplaceFacilitator,28.99,2.03,5.99,0.42,0,0,0,0.00,0,-2.45,-4.35,0.00,0.00,0.00,30.63,Released,
"Sep 7, 2025 9:48:45 AM PDT",18799999977,Refund,114-6905080-9951488,MD-005080,Vintage DVD Box Set,1,amazon.com,Seller,,,,MarketplaceFacilitator,-13.99,-0.98,-3.99,-0.28,0,0,0,0.00,0,1.26,3.12,0.00,0.00,0.00,-14.86,Released,
"Sep 7, 2025 9:51:57 AM PDT",18799999977,Order,111-6705069-2961138,BK-005069,Pre-owned Hardcover Novel,1,amazon.com,Seller,,,,MarketplaceFacilitator,8.99,0.63,3.99,0.28,0,0,0,0.00,0,-0.91,-3.15,0.00,0.00,0.00,9.83,Released,
"Sep 7, 2025 10:16:51 AM PDT",18799999977,Order,111-6105067-8868815,BK-005067,Retro Poetry Collection,1,amazon.com,Seller,,,,MarketplaceFacilitator,5.99,0.42,3.99,0.28,0,0,0,0.00,0,-0.70,-2.70,0.00,0.00,0.00,7.28,Released,
"Sep 7, 2025 10:19:01 AM PDT",18799999977,Order,114-2905063-7397745,MD-005063,Pre-owned Vinyl Record,1,amazon.com,Seller,,,,MarketplaceFacilitator,6.99,0.49,3.99,0.28,0,0,0,0.00,0,-0.77,-2.85,0.00,0.00,0.00,8.13,Released,
"Sep 7, 2025 10:51:38 AM PDT",18799999977,Order,112-4505044-0317166,BK-005044,Like New Hardcover Novel,1,amazon.com,Seller,,,,MarketplaceFacilitator,7.99,0.56,3.99,0.28,0,0,0,0.00,0,-0.84,-3.00,0.00,0.00,0.00,8.98,Released,
"Sep 7, 2025 11:26:22 AM PDT",18799999977,Order,114-4205066-7927379,CO-005066,Pre-owned Trading Card Lot,1,amazon.com,Seller,,,,MarketplaceFacilitator,21.99,1.54,5.99,0.42,0,0,0,0.00,0,-1.96,-3.30,0.00,0.00,0.00,24.68,Released,
"Sep 7, 2025 11:27:09 AM PDT",18799999977,Order,111-9705051-8334946,BK-005051,Antique Cookbook,1,amazon.com,Seller,,,,MarketplaceFacilitator,7.99,0.56,3.99,0.28,0,0,0,0.00,0,-0.84,-3.00,0.00,0.00,0.00,8.98,Released,
"Sep 7, 2025 12:23:56 PM PDT",18799999977,Order,112-4405082-9653113,BK-005082,Like New Biography,1,amazon.com,Seller,,,,MarketplaceFacilitator,10.99,0.77,3.99,0.28,0,0,0,0.00,0,-1.05,-3.45,0.00,0.00,0.00,11.53,Released,
"Sep 7, 2025 1:30:48 PM PDT",18799999977,Order,111-8205068-1757370,TY-005068,Vintage Plush Bear,1,amazon.com,Seller,,,,MarketplaceFacilitator,32.99,2.31,5.99,0.42,0,0,0,0.00,0,-2.73,-4.95,0.00,0.00,0.00,34.03,Released,
"Sep 7, 2025 1:50:53 PM PDT",18799999977,Order,113-1705042-8601737,MD-005042,Handmade Audiobook,1,amazon.com,Seller,,,,MarketplaceFacilitator,17.99,1.26,3.99,0.28,0,0,0,0.00,0,-1.54,-4.50,0.00,0.00,0.00,17.48,Released,
"Sep 7, 2025 1:58:25 PM PDT",18799999977,Order,114-9505072-8723349,MD-005072,Vintage CD Lot,1,amazon.com,Seller,,,,MarketplaceFacilitator,8.99,0.63,3.99,0.28,0,0,0,0.00,0,-0.91,-3.15,0.00,0.00,0.00,9.83,Released,
"Sep 7, 2025 3:04:48 PM PDT",18799999977,Order,111-9305084-1568447,BK-005084,Antique Field Guide,1,amazon.com,Seller,,,,MarketplaceFacilitator,7.99,0.56,3.99,0.28,0,0,0,0.00,0,-0.84,-3.00,0.00,0.00,0.00,8.98,Released,
"Sep 7, 2025 3:44:06 PM PDT",18799999977,Order,114-3105055-4763900,TY-005055,Vintage Board Game,1,amazon.com,Seller,,,,MarketplaceFacilitator,4.99,0.35,5.99,0.42,0,0,0,0.00,0,-0.77,-0.75,0.00,0.00,0.00,10.23,Released,
"Sep 7, 2025 3:45:57 PM PDT",18799999977,Order,111-7405073-5292772,EL-005073,Pre-owned Game Console,1,amazon.com,Seller,,,,MarketplaceFacilitator,58.99,4.13,5.99,0.42,0,0,0,0.00,0,-4.55,-8.85,0.00,0.00,0.00,56.13,Released,
"Sep 7, 2025 4:15:32 PM PDT",18799999977,Order,112-0105049-0383062,BK-005049,Classic Biography,1,amazon.com,Seller,,,,MarketplaceFacilitator,19.99,1.40,3.99,0.28,0,0,0,0.00,0,-1.68,-4.80,0.00,0.00,0.00,19.18,Released,
"Sep 7, 2025 4:16:28 PM PDT",18799999977,Order,111-2005078-1951756,CO-005078,Classic Pewter Mug,1,amazon.com,Seller,,,,MarketplaceFacilitator,7.99,0.56,5.99,0.42,0,0,0,0.00,0,-0.98,-1.20,0.00,0.00,0.00,12.78,Released,
"Sep 7, 2025 4:33:52 PM PDT",18799999977,Order,112-7805077-4420668,BK-005077,Retro Paperback Lot,1,amazon.com,Seller,,,,MarketplaceFacilitator,20.99,1.47,3.99,0.28,0,0,0,0.00,0,-1.75,-4.95,0.00,0.00,0.00,20.03,Released,
"Sep 7, 2025 5:11:21 PM PDT",18799999977,Order,114-6705062-5678256,CO-005062,Like New Coin Lot,1,amazon.com,Seller,,,,MarketplaceFacilitator,24.99,1.75,5.99,0.42,0,0,0,0.00,0,-2.17,-3.75,0.00,0.00,0.00,27.23,Released,
"Sep 7, 2025 6:02:32 PM PDT",18799999977,Order,113-9605079-6676355,BK-005079,Vintage Biography,1,amazon.com,Seller,,,,MarketplaceFacilitator,37.99,2.66,3.99,0.28,0,0,0,0.00,0,-2.94,-7.50,0.00,0.00,0.00,34.48,Released,
"Sep 7, 2025 6:30:53 PM PDT",18799999977,Order,113-3305059-6430780,MD-005059,Vintage CD Lot,1,amazon.com,Seller,,,,MarketplaceFacilitator,16.99,1.19,3.99,0.28,0,0,0,0.00,0,-1.47,-4.35,0.00,0.00,0.00,16.63,Released,
"Sep 7, 2025 6:36:09 PM PDT",18799999977,Order,113-6205071-3345324,BK-005071,Classic Poetry Collection,1,amazon.com,Seller,,,,MarketplaceFacilitator,11.99,0.84,3.99,0.28,0,0,0,0.00,0,-1.12,-3.60,0.00,0.00,0.00,12.38,Released,
"Sep 7, 2025 6:51:19 PM PDT",18799999977,Order,113-6005047-4271484,BK-005047,Lot of 2 Atlas,1,amazon.com,Seller,,,,MarketplaceFacilitator,11.99,0.84,3.99,0.28,0,0,0,0.00,0,-1.12,-3.60,0.00,0.00,0.00,12.38,Released,
"Sep 7, 2025 6:56:36 PM PDT",18799999977,Order,113-7605056-9894981,TY-005056,Antique Board Game,1,amazon.com,Seller,,,,MarketplaceFacilitator,8.99,0.63,5.99,0.42,0,0,0,0.00,0,-1.05,-1.35,0.00,0.00,0.00,13.63,Released,
"Sep 7, 2025 7:32:10 PM PDT",18799999977,Order,111-3905053-4297834,EL-005053,Retro Headphones,1,amazon.com,Seller,,,,MarketplaceFacilitator,59.99,4.20,5.99,0.42,0,0,0,0.00,0,-4.62,-9.00,0.00,0.00,0.00,56.98,Released,
"Sep 7, 2025 7:36:00 PM PDT",18799999977,Order,112-0505039-0021766,EL-005039,Pre-owned Camera Lens,1,amazon.com,Seller,,,,MarketplaceFacilitator,34.99,2.45,5.99,0.42,0,0,0,0.00,0,-2.87,-5.25,0.00,0.00,0.00,35.73,Released,
"Sep 7, 2025 8:06:15 PM PDT",18799999977,Order,114-9305060-5515425,MD-005060,Pre-owned Blu-ray Set,1,amazon.com,Seller,,,,MarketplaceFacilitator,18.99,1.33,3.99,0.28,0,0,0,0.00,0,-1.61,-4.65,0.00,0.00,0.00,18.33,Released,
"Sep 7, 2025 8:12:26 PM PDT",18799999977,Order,113-5305081-7231580,TY-005081,Handmade Lego Lot,1,amazon.com,Seller,,,,MarketplaceFacilitator,12.99,0.91,5.99,0.42,0,0,0,0.00,0,-1.33,-1.95,0.00,0.00,0.00,17.03,Released,
"Sep 7, 2025 8:24:13 PM PDT",18799999977,Order,111-9005041-5574972,BK-005041,Mid-Century Biography,1,amazon.com,Seller,,,,MarketplaceFacilitator,23.99,1.68,3.99,0.28,0,0,0,0.00,0,-1.96,-5.40,0.00,0.00,0.00,22.58,Released,
"Sep 7, 2025 8:44:49 PM PDT",18799999977,Order,114-1405064-6199364,BK-005064,Lot of 2 Hardcover Novel,1,amazon.com,Seller,,,,MarketplaceFacilitator,14.99,1.05,3.99,0.28,0,0,0,0.00,0,-1.33,-4.05,0.00,0.00,0.00,14.93,Released,
"Sep 7, 2025 8:59:59 PM PDT",18799999977,Refund,111-9005041-5574972,BK-005041,Mid-Century Biography,1,amazon.com,Seller,,,,MarketplaceFacilitator,-23.99,-1.68,-3.99,-0.28,0,0,0,0.00,0,1.96,4.32,0.00,0.00,0.00,-23.66,Released,
"Sep 7, 2025 10:47:16 PM PDT",18799999977,Order,113-4405205-8263285,BK-005205,Classic Hardcover Novel,1,amazon.com,Seller,,,,MarketplaceFacilitator,5.99,0.42,3.99,0.28,0,0,0,0.00,0,-0.70,-2.70,0.00,0.00,0.00,7.28,Released,
"Sep 8, 2025 12:02:10 AM PDT",18799999977,Order,112-0605209-1626940,BK-005209,Used Biography,1,amazon.com,Seller,,,,MarketplaceFacilitator,10.99,0.77,3.99,0.28,0,0,0,0.00,0,-1.05,-3.45,0.00,0.00,0.00,11.53,Released,
"Sep 8, 2025 12:57:27 AM PDT",18799999977,Order,111-6305184-3552435,MD-005184,Handmade Vinyl Record,1,amazon.com,Seller,,,,MarketplaceFacilitator,12.99,0.91,3.99,0.28,0,0,0,0.00,0,-1.19,-3.75,0.00,0.00,0.00,13.23,Released,
"Sep 8, 2025 2:01:25 AM PDT",18799999977,Order,114-9005217-9372740,BK-005217,Pre-owned Atlas,1,amazon.com,Seller,,,,MarketplaceFacilitator,13.99,0.98,3.99,0.28,0,0,0,0.00,0,-1.26,-3.90,0.00,0.00,0.00,14.08,Released,
"Sep 8, 2025 3:27:29 AM PDT",18799999977,Order,112-8405189-7623296,MD-005189,Pre-owned Audiobook,1,amazon.com,Seller,,,,MarketplaceFacilitator,5.99,0.42,3.99,0.28,0,0,0,0.00,0,-0.70,-2.70,0.00,0.00,0.00,7.28,Released,
"Sep 8, 2025 3:40:03 AM PDT",18799999977,Order,114-6105213-2079530,BK-005213,Antique Field Guide,1,amazon.com,Seller,,,,MarketplaceFacilitator,37.99,2.66,3.99,0.28,0,0,0,0.00,0,-2.94,-7.50,0.00,0.00,0.00,34.48,Released,
"Sep 8, 2025 3:40:34 AM PDT",18799999977,Order,111-4905207-3334648,BK-005207,Antique Hardcover Novel,1,amazon.com,Seller,,,,MarketplaceFacilitator,18.99,1.33,3.99,0.28,0,0,0,0.00,0,-1.61,-4.65,0.00,0.00,0.00,18.33,Released,
"Sep 8, 2025 4:04:22 AM PDT",18799999977,Order,113-2205218-4611947,MD-005218,Handmade CD Lot,1,amazon.com,Seller,,,,MarketplaceFacilitator,7.99,0.56,3.99,0.28,0,0,0,0.00,0,-0.84,-3.00,0.00,0.00,0.00,8.98,Released,
"Sep 8, 2025 4:13:23 AM PDT",18799999977,Order,111-4605211-8384945,BK-005211,Antique Field Guide,1,amazon.com,Seller,,,,MarketplaceFacilitator,21.99,1.54,3.99,0.28,0,0,0,0.00,0,-1.82,-5.10,0.00,0.00,0.00,20.88,Released,
"Sep 8, 2025 4:28:43 AM PDT",18799999977,Order,113-8705206-5064641,BK-005206,Classic Biography,1,amazon.com,Seller,,,,MarketplaceFacilitator,18.99,1.33,3.99,0.28,0,0,0,0.00,0,-1.61,-4.65,0.00,0.00,0.00,18.33,Released,
"Sep 8, 2025 4:43:37 AM PDT",18799999977,Order,114-6505190-9416931,MD-005190,Classic DVD Box Set,1,amazon.com,Seller,,,,MarketplaceFacilitator,22.99,1.61,3.99,0.28,0,0,0,0.00,0,-1.89,-5.25,0.00,0.00,0.00,21.73,Released,
"Sep 8, 2025 6:24:03 AM PDT",18799999977,Order,111-0105193-1957365,MD-005193,Classic CD Lot,1,amazon.com,Seller,,,,MarketplaceFacilitator,3.99,0.28,3.99,0.28,0,0,0,0.00,0,-0.56,-2.40,0.00,0.00,0.00,5.58,Released,
"Sep 8, 2025 6:52:23 AM PDT",18799999977,Order,113-5405216-8786802,BK-005216,Used Field Guide,1,amazon.com,Seller,,,,MarketplaceFacilitator,16.99,1.19,3.99,0.28,0,0,0,0.00,0,-1.47,-4.35,0.00,0.00,0.00,16.63,Released,
"Sep 8, 2025 7:16:38 AM PDT",18799999977,Order,114-4605215-3499327,BK-005215,Used Textbook,1,amazon.com,Seller,,,,MarketplaceFacilitator,9.99,0.70,3.99,0.28,0,0,0,0.00,0,-0.98,-3.30,0.00,0.00,0.00,10.68,Released,
"Sep 8, 2025 8:05:02 AM PDT",18799999977,Order,113-7005220-2388347,MD-005220,Used CD Lot,1,amazon.com,Seller,,,,MarketplaceFacilitator,16.99,1.19,3.99,0.28,0,0,0,0.00,0,-1.47,-4.35,0.00,0.00,0.00,16.63,Released,
"Sep 8, 2025 8:23:54 AM PDT",18799999977,Order,111-5205214-2455225,BK-005214,Retro Field Guide,1,amazon.com,Seller,,,,MarketplaceFacilitator,11.99,0.84,3.99,0.28,0,0,0,0.00,0,-1.12,-3.60,0.00,0.00,0.00,12.38,Released,
"Sep 8, 2025 8:31:07 AM PDT",18799999977,Order,112-7405204-9866415,BK-005204,Like New Cookbook,1,amazon.com,Seller,,,,MarketplaceFacilitator,21.99,1.54,3.99,0.28,0,0,0,0.00,0,-1.82,-5.10,0.00,0.00,0.00,20.88,Released,
"Sep 8, 2025 8:31:47 AM PDT",18799999977,Order,112-3705203-0111641,BK-005203,Pre-owned Textbook,1,amazon.com,Seller,,,,MarketplaceFacilitator,43.99,3.08,3.99,0.28,0,0,0,0.00,0,-3.36,-8.40,0.00,0.00,0.00,39.58,Released,
"Sep 8, 2025 9:03:42 AM PDT",18799999977,Order,111-6205202-5340366,BK-005202,Classic Field Guide,1,amazon.com,Seller,,,,MarketplaceFacilitator,16.99,1.19,3.99,0.28,0,0,0,0.00,0,-1.47,-4.35,0.00,0.00,0.00,16.63,Released,
"Sep 8, 2025 9:31:37 AM PDT",18799999977,Order,114-8505212-0752097,BK-005212,Lot of 2 Paperback Lot,1,amazon.com,Seller,,,,MarketplaceFacilitator,8.99,0.63,3.99,0.28,0,0,0,0.00,0,-0.91,-3.15,0.00,0.00,0.00,9.83,Released,
"Sep 8, 2025 9:54:57 AM PDT",18799999977,Order,111-6305188-0780033,BK-005188,Mid-Century Hardcover Novel,1,amazon.com,Seller,,,,MarketplaceFacilitator,17.99,1.26,3.99,0.28,0,0,0,0.00,0,-1.54,-4.50,0.00,0.00,0.00,17.48,Released,
"Sep 8, 2025 10:08:26 AM PDT",18799999977,Order,114-7205200-5327336,BK-005200,Retro Textbook,1,amazon.com,Seller,,,,MarketplaceFacilitator,11.99,0.84,3.99,0.28,0,0,0,0.00,0,-1.12,-3.60,0.00,0.00,0.00,12.38,Released,
"Sep 8, 2025 11:09:57 AM PDT",18799999977,Refund,114-8505212-0752097,BK-005212,Lot of 2 Paperback Lot,1,amazon.com,Seller,,,,MarketplaceFacilitator,-8.99,-0.63,-3.99,-0.28,0,0,0,0.00,0,0.91,2.52,0.00,0.00,0.00,-10.46,Released,
"Sep 8, 2025 12:15:00 PM PDT",18799999977,Service Fee,,,Cost of Advertising,,,,,,,,0.00,0.00,0.00,0.00,0,0,0,0.00,0,0.00,0.00,0.00,0.00,-19.74,-19.74,Released,
"Sep 8, 2025 12:26:23 PM PDT",18799999977,Order,113-0905199-6980892,MD-005199,Retro Vinyl Record,1,amazon.com,Seller,,,,MarketplaceFacilitator,9.99,0.70,3.99,0.28,0,0,0,0.00,0,-0.98,-3.30,0.00,0.00,0.00,10.68,Released,
"Sep 8, 2025 2:11:56 PM PDT",18799999977,Order,111-8905197-2188571,BK-005197,Mid-Century Textbook,1,amazon.com,Seller,,,,MarketplaceFacilitator,18.99,1.33,3.99,0.28,0,0,0,0.00,0,-1.61,-4.65,0.00,0.00,0.00,18.33,Released,
"Sep 8, 2025 2:27:29 PM PDT",18799999977,Order,114-0405187-7634394,BK-005187,Used Cookbook,1,amazon.com,Seller,,,,MarketplaceFacilitator,6.99,0.49,3.99,0.28,0,0,0,0.00,0,-0.77,-2.85,0.00,0.00,0.00,8.13,Released,
"Sep 8, 2025 3:42:31 PM PDT",18799999977,Order,114-6005196-7858321,BK-005196,Used Poetry Collection,1,amazon.com,Seller,,,,MarketplaceFacilitator,17.99,1.26,3.99,0.28,0,0,0,0.00,0,-1.54,-4.50,0.00,0.00,0.00,17.48,Released,
"Sep 8, 2025 3:49:25 PM PDT",18799999977,Order,113-8605219-1926705,BK-005219,Handmade Cookbook,1,amazon.com,Seller,,,,MarketplaceFacilitator,9.99,0.70,3.99,0.28,0,0,0,0.00,0,-0.98,-3.30,0.00,0.00,0.00,10.68,Released,
"Sep 8, 2025 4:08:14 PM PDT",18799999977,Order,111-6405191-1225683,BK-005191,Lot of 2 Atlas,1,amazon.com,Seller,,,,MarketplaceFacilitator,4.99,0.35,3.99,0.28,0,0,0,0.00,0,-0.63,-2.55,0.00,0.00,0.00,6.43,Released,
"Sep 8, 2025 4:50:24 PM PDT",18799999977,Order,111-3505198-4855977,MD-005198,Handmade Vinyl Record,1,amazon.com,Seller,,,,MarketplaceFacilitator,14.99,1.05,3.99,0.28,0,0,0,0.00,0,-1.33,-4.05,0.00,0.00,0.00,14.93,Released,
"Sep 8, 2025 4:53:06 PM PDT",18799999977,Order,113-2905210-6866628,BK-005210,Like New Field Guide,1,amazon.com,Seller,,,,MarketplaceFacilitator,7.99,0.56,3.99,0.28,0,0,0,0.00,0,-0.84,-3.00,0.00,0.00,0.00,8.98,Released,
"Sep 8, 2025 5:41:02 PM PDT",18799999977,Order,114-2405194-6848179,BK-005194,Handmade Cookbook,1,amazon.com,Seller,,,,MarketplaceFacilitator,5.99,0.42,3.99,0.28,0,0,0,0.00,0,-0.70,-2.70,0.00,0.00,0.00,7.28,Released,
"Sep 8, 2025 6:03:48 PM PDT",18799999977,Order,112-9605201-9747134,MD-005201,Retro Blu-ray Set,1,amazon.com,Seller,,,,MarketplaceFacilitator,17.99,1.26,3.99,0.28,0,0,0,0.00,0,-1.54,-4.50,0.00,0.00,0.00,17.48,Released,
"Sep 8, 2025 6:10:30 PM PDT",18799999977,Order,112-4505192-8523579,BK-005192,Retro Textbook,1,amazon.com,Seller,,,,MarketplaceFacilitator,6.99,0.49,3.99,0.28,0,0,0,0.00,0,-0.77,-2.85,0.00,0.00,0.00,8.13,Released,
"Sep 8, 2025 6:33:09 PM PDT",18799999977,Order,111-6205195-2236503,BK-005195,Classic Cookbook,1,amazon.com,Seller,,,,MarketplaceFacilitator,13.99,0.98,3.99,0.28,0,0,0,0.00,0,-1.26,-3.90,0.00,0.00,0.00,14.08,Released,
"Sep 8, 2025 7:11:13 PM PDT",18799999977,Order,112-7305208-2548400,BK-005208,Vintage Cookbook,1,amazon.com,Seller,,,,MarketplaceFacilitator,10.99,0.77,3.99,0.28,0,0,0,0.00,0,-1.05,-3.45,0.00,0.00,0.00,11.53,Released,
"Sep 8, 2025 7:28:42 PM PDT",18799999977,Order,111-9105186-9951547,BK-005186,Handmade Poetry Collection,1,amazon.com,Seller,,,,MarketplaceFacilitator,9.99,0.70,3.99,0.28,0,0,0,0.00,0,-0.98,-3.30,0.00,0.00,0.00,10.68,Released,
"Sep 8, 2025 8:17:41 PM PDT",18799999977,Order,112-7405185-0947186,MD-005185,Antique DVD Box Set,1,amazon.com,Seller,,,,MarketplaceFacilitator,6.99,0.49,3.99,0.28,0,0,0,0.00,0,-0.77,-2.85,0.00,0.00,0.00,8.13,Released,
"Sep 8, 2025 9:39:19 PM PDT",18799999977,Order,113-1905326-5085789,BK-005326,Classic Biography,1,amazon.com,Seller,,,,MarketplaceFacilitator,8.99,0.63,3.99,0.28,0,0,0,0.00,0,-0.91,-3.15,0.00,0.00,0.00,9.83,Released,
"Sep 8, 2025 10:04:05 PM PDT",18799999977,Order,112-0405360-1362604,MD-005360,Vintage Audiobook,1,amazon.com,Seller,,,,MarketplaceFacilitator,11.99,0.84,3.99,0.28,0,0,0,0.00,0,-1.12,-3.60,0.00,0.00,0.00,12.38,Released,
"Sep 8, 2025 11:28:06 PM PDT",18799999977,Order,113-9705341-6717838,BK-005341,Pre-owned Poetry Collection,1,amazon.com,Seller,,,,MarketplaceFacilitator,25.99,1.82,3.99,0.28,0,0,0,0.00,0,-2.10,-5.70,0.00,0.00,0.00,24.28,Released,
"Sep 8, 2025 11:48:55 PM PDT",18799999977,Order,114-5605355-9927970,BK-005355,Lot of 2 Cookbook,1,amazon.com,Seller,,,,MarketplaceFacilitator,7.99,0.56,3.99,0.28,0,0,0,0.00,0,-0.84,-3.00,0.00,0.00,0.00,8.98,Released,
"Sep 8, 2025 11:53:52 PM PDT",18799999977,Order,113-4005343-2760786,MD-005343,Pre-owned Vinyl Record,1,amazon.com,Seller,,,,MarketplaceFacilitator,40.99,2.87,3.99,0.28,0,0,0,0.00,0,-3.15,-7.95,0.00,0.00,0.00,37.03,Released,
"Sep 8, 2025 11:56:57 PM PDT",18799999977,Order,114-1705324-3834294,BK-005324,Antique Cookbook,1,amazon.com,Seller,,,,MarketplaceFacilitator,13.99,0.98,3.99,0.28,0,0,0,0.00,0,-1.26,-3.90,0.00,0.00,0.00,14.08,Released,
"Sep 9, 2025 1:09:18 AM PDT",18799999977,Order,112-8505346-0987094,BK-005346,Used Paperback Lot,1,amazon.com,Seller,,,,MarketplaceFacilitator,9.99,0.70,3.99,0.28,0,0,0,0.00,0,-0.98,-3.30,0.00,0.00,0.00,10.68,Released,
"Sep 9, 2025 2:42:37 AM PDT",18799999977,Order,114-8505335-8841860,CO-005335,Retro Coin Lot,1,amazon.com,Seller,,,,MarketplaceFacilitator,39.99,2.80,5.99,0.42,0,0,0,0.00,0,-3.22,-6.00,0.00,0.00,0.00,39.98,Released,
"Sep 9, 2025 3:19:21 AM PDT",18799999977,Order,111-9005356-1365278,BK-005356,Mid-Century Field Guide,1,amazon.com,Seller,,,,MarketplaceFacilitator,26.99,1.89,3.99,0.28,0,0,0,0.00,0,-2.17,-5.85,0.00,0.00,0.00,25.13,Released,
"Sep 9, 2025 3:34:46 AM PDT",18799999977,Order,112-8005351-3493285,BK-005351,Vintage Cookbook,1,amazon.com,Seller,,,,MarketplaceFacilitator,5.99,0.42,3.99,0.28,0,0,0,0.00,0,-0.70,-2.70,0.00,0.00,0.00,7.28,Released,
"Sep 9, 2025 4:01:28 AM PDT",18799999977,Order,112-3305347-7980924,BK-005347,Like New Atlas,1,amazon.com,Seller,,,,MarketplaceFacilitator,12.99,0.91,3.99,0.28,0,0,0,0.00,0,-1.19,-3.75,0.00,0.00,0.00,13.23,Released,
"Sep 9, 2025 4:15:42 AM PDT",18799999977,Order,112-5305334-2520166,MD-005334,Mid-Century Audiobook,1,amazon.com,Seller,,,,MarketplaceFacilitator,7.99,0.56,3.99,0.28,0,0,0,0.00,0,-0.84,-3.00,0.00,0.00,0.00,8.98,Released,
"Sep 9, 2025 6:00:43 AM PDT",18799999977,Order,112-5805358-0356463,BK-005358,Like New Hardcover Novel,1,amazon.com,Seller,,,,MarketplaceFacilitator,13.99,0.98,3.99,0.28,0,0,0,0.00,0,-1.26,-3.90,0.00,0.00,0.00,14.08,Released,
"Sep 9, 2025 6:17:19 AM PDT",18799999977,Order,111-7805329-3907127,BK-005329,Retro Paperback Lot,1,amazon.com,Seller,,,,MarketplaceFacilitator,27.99,1.96,3.99,0.28,0,0,0,0.00,0,-2.24,-6.00,0.00,0.00,0.00,25.98,Released,
"Sep 9, 2025 6:43:33 AM PDT",18799999977,Order,114-5105353-2598482,BK-005353,Like New Atlas,1,amazon.com,Seller,,,,MarketplaceFacilitator,12.99,0.91,3.99,0.28,0,0,0,0.00,0,-1.19,-3.75,0.00,0.00,0.00,13.23,Released,
"Sep 9, 2025 7:44:20 AM PDT",18799999977,Order,112-9905337-2794802,MD-005337,Handmade Vinyl Record,1,amazon.com,Seller,,,,MarketplaceFacilitator,26.99,1.89,3.99,0.28,0,0,0,0.00,0,-2.17,-5.85,0.00,0.00,0.00,25.13,Released,
"Sep 9, 2025 8:10:42 AM PDT",18799999977,Order,114-1405339-4787974,MD-005339,Lot of 2 CD Lot,1,amazon.com,Seller,,,,MarketplaceFacilitator,3.99,0.28,3.99,0.28,0,0,0,0.00,0,-0.56,-2.40,0.00,0.00,0.00,5.58,Released,
"Sep 9, 2025 9:09:01 AM PDT",18799999977,Order,112-1605323-4166372,CO-005323,Lot of 2 Trading Card Lot,1,amazon.com,Seller,,,,MarketplaceFacilitator,20.99,1.47,5.99,0.42,0,0,0,0.00,0,-1.89,-3.15,0.00,0.00,0.00,23.83,Released,
"Sep 9, 2025 9:10:15 AM PDT",18799999977,Order,111-1605350-4964017,BK-005350,Handmade Atlas,1,amazon.com,Seller,,,,MarketplaceFacilitator,39.99,2.80,3.99,0.28,0,0,0,0.00,0,-3.08,-7.80,0.00,0.00,0.00,36.18,Released,
"Sep 9, 2025 9:24:19 AM PDT",18799999977,Order,113-0205322-8568393,BK-005322,Retro Field Guide,1,amazon.com,Seller,,,,MarketplaceFacilitator,5.99,0.42,3.99,0.28,0,0,0,0.00,0,-0.70,-2.70,0.00,0.00,0.00,7.28,Released,
"Sep 9, 2025 10:18:44 AM PDT",18799999977,Order,111-4105321-6228224,MD-005321,Lot of 2 Audiobook,1,amazon.com,Seller,,,,MarketplaceFacilitator,5.99,0.42,3.99,0.28,0,0,0,0.00,0,-0.70,-2.70,0.00,0.00,0.00,7.28,Released,
"Sep 9, 2025 10:51:42 AM PDT",18799999977,Order,111-9805342-2269594,BK-005342,Like New Field Guide,1,amazon.com,Seller,,,,MarketplaceFacilitator,6.99,0.49,3.99,0.28,0,0,0,0.00,0,-0.77,-2.85,0.00,0.00,0.00,8.13,Released,
"Sep 9, 2025 12:55:16 PM PDT",18799999977,Refund,111-4105321-6228224,MD-005321,Lot of 2 Audiobook,1,amazon.com,Seller,,,,MarketplaceFacilitator,-5.99,-0.42,-3.99,-0.28,0,0,0,0.00,0,0.70,2.16,0.00,0.00,0.00,-7.82,Released,
"Sep 9, 2025 12:59:13 PM PDT",18799999977,Order,112-5605359-2273164,TY-005359,Lot of 2 Model Train,1,amazon.com,Seller,,,,MarketplaceFacilitator,14.99,1.05,5.99,0.42,0,0,0,0.00,0,-1.47,-2.25,0.00,0.00,0.00,18.73,Released,
"Sep 9, 2025 1:35:27 PM PDT",18799999977,Order,112-9105332-0143193,MD-005332,Handmade CD Lot,1,amazon.com,Seller,,,,MarketplaceFacilitator,9.99,0.70,3.99,0.28,0,0,0,0.00,0,-0.98,-3.30,0.00,0.00,0.00,10.68,Released,
"Sep 9, 2025 1:50:14 PM PDT",18799999977,Order,114-9305331-0683962,BK-005331,Antique Poetry Collection,1,amazon.com,Seller,,,,MarketplaceFacilitator,10.99,0.77,3.99,0.28,0,0,0,0.00,0,-1.05,-3.45,0.00,0.00,0.00,11.53,Released,
"Sep 9, 2025 3:48:39 PM PDT",18799999977,Order,112-4605349-8345979,BK-005349,Used Field Guide,1,amazon.com,Seller,,,,MarketplaceFacilitator,7.99,0.56,3.99,0.28,0,0,0,0.00,0,-0.84,-3.00,0.00,0.00,0.00,8.98,Released,
"Sep 9, 2025 3:53:41 PM PDT",18799999977,Order,112-9905354-5934535,BK-005354,Classic Cookbook,1,amazon.com,Seller,,,,MarketplaceFacilitator,5.99,0.42,3.99,0.28,0,0,0,0.00,0,-0.70,-2.70,0.00,0.00,0.00,7.28,Released,
"Sep 9, 2025 3:55:25 PM PDT",18799999977,Order,111-5005325-2993436,BK-005325,Retro Field Guide,1,amazon.com,Seller,,,,MarketplaceFacilitator,6.99,0.49,3.99,0.28,0,0,0,0.00,0,-0.77,-2.85,0.00,0.00,0.00,8.13,Released,
"Sep 9, 2025 4:14:46 PM PDT",18799999977,Order,114-9105328-1700957,BK-005328,Pre-owned Paperback Lot,1,amazon.com,Seller,,,,MarketplaceFacilitator,20.99,1.47,3.99,0.28,0,0,0,0.00,0,-1.75,-4.95,0.00,0.00,0.00,20.03,Released,
"Sep 9, 2025 4:44:27 PM PDT",18799999977,Order,111-5505327-3253092,MD-005327,Retro Audiobook,1,amazon.com,Seller,,,,MarketplaceFacilitator,10.99,0.77,3.99,0.28,0,0,0,0.00,0,-1.05,-3.45,0.00,0.00,0.00,11.53,Released,
"Sep 9, 2025 4:47:31 PM PDT",18799999977,Order,113-5005344-4829325,BK-005344,Like New Textbook,1,amazon.com,Seller,,,,MarketplaceFacilitator,10.99,0.77,3.99,0.28,0,0,0,0.00,0,-1.05,-3.45,0.00,0.00,0.00,11.53,Released,
"Sep 9, 2025 5:23:27 PM PDT",18799999977,Order,112-5705338-7283021,MD-005338,Used Blu-ray Set,1,amazon.com,Seller,,,,MarketplaceFacilitator,18.99,1.33,3.99,0.28,0,0,0,0.00,0,-1.61,-4.65,0.00,0.00,0.00,18.33,Released,
"Sep 9, 2025 5:57:32 PM PDT",18799999977,Order,114-4505340-6528235,BK-005340,Antique Poetry Collection,1,amazon.com,Seller,,,,MarketplaceFacilitator,4.99,0.35,3.99,0.28,0,0,0,0.00,0,-0.63,-2.55,0.00,0.00,0.00,6.43,Released,
"Sep 9, 2025 7:21:01 PM PDT",18799999977,Order,114-2805333-6187690,MD-005333,Retro CD Lot,1,amazon.com,Seller,,,,MarketplaceFacilitator,18.99,1.33,3.99,0.28,0,0,0,0.00,0,-1.61,-4.65,0.00,0.00,0.00,18.33,Released,
"Sep 9, 2025 7:21:45 PM PDT",18799999977,Order,114-6005330-2431253,BK-005330,Like New Textbook,1,amazon.com,Seller,,,,MarketplaceFacilitator,24.99,1.75,3.99,0.28,0,0,0,0.00,0,-2.03,-5.55,0.00,0.00,0.00,23.43,Released,
"Sep 9, 2025 7:45:52 PM PDT",18799999977,Order,112-6005357-2798732,BK-005357,Like New Hardcover Novel,1,amazon.com,Seller,,,,MarketplaceFacilitator,25.99,1.82,3.99,0.28,0,0,0,0.00,0,-2.10,-5.70,0.00,0.00,0.00,24.28,Released,
"Sep 9, 2025 7:59:40 PM PDT",18799999977,Order,112-7705352-3010983,BK-005352,Mid-Century Field Guide,1,amazon.com,Seller,,,,MarketplaceFacilitator,5.99,0.42,3.99,0.28,0,0,0,0.00,0,-0.70,-2.70,0.00,0.00,0.00,7.28,Released,
"Sep 9, 2025 8:29:07 PM PDT",18799999977,Order,112-5705345-0891829,BK-005345,Like New Textbook,1,amazon.com,Seller,,,,MarketplaceFacilitator,20.99,1.47,3.99,0.28,0,0,0,0.00,0,-1.75,-4.95,0.00,0.00,0.00,20.03,Released,
"Sep 9, 2025 8:33:50 PM PDT",18799999977,Order,112-3505348-1603426,MD-005348,Handmade Audiobook,1,amazon.com,Seller,,,,MarketplaceFacilitator,7.99,0.56,3.99,0.28,0,0,0,0.00,0,-0.84,-3.00,0.00,0.00,0.00,8.98,Released,
"Sep 9, 2025 8:41:29 PM PDT",18799999977,Order,112-3205336-4289124,TY-005336,Like New Lego Lot,1,amazon.com,Seller,,,,MarketplaceFacilitator,9.99,0.70,5.99,0.42,0,0,0,0.00,0,-1.12,-1.50,0.00,0.00,0.00,14.48,Released,
"Sep 10, 2025 12:28:26 AM PDT",18799999977,Order,112-6605502-2231397,BK-005502,Used Biography,1,amazon.com,Seller,,,,MarketplaceFacilitator,8.99,0.63,3.99,0.28,0,0,0,0.00,0,-0.91,-3.15,0.00,0.00,0.00,9.83,Released,
"Sep 10, 2025 1:40:15 AM PDT",18799999977,Order,114-7705485-1096150,MD-005485,Pre-owned Vinyl Record,1,amazon.com,Seller,,,,MarketplaceFacilitator,15.99,1.12,3.99,0.28,0,0,0,0.00,0,-1.40,-4.20,0.00,0.00,0.00,15.78,Released,
"Sep 10, 2025 2:46:34 AM PDT",18799999977,Order,114-8805467-5020382,BK-005467,Retro Paperback Lot,1,amazon.com,Seller,,,,MarketplaceFacilitator,4.99,0.35,3.99,0.28,0,0,0,0.00,0,-0.63,-2.55,0.00,0.00,0.00,6.43,Released,
"Sep 10, 2025 3:05:44 AM PDT",18799999977,Order,112-0705475-3011568,MD-005475,Mid-Century CD Lot,1,amazon.com,Seller,,,,MarketplaceFacilitator,22.99,1.61,3.99,0.28,0,0,0,0.00,0,-1.89,-5.25,0.00,0.00,0.00,21.73,Released,
"Sep 10, 2025 3:15:02 AM PDT",18799999977,Order,112-7205472-9278604,BK-005472,Used Hardcover Novel,1,amazon.com,Seller,,,,MarketplaceFacilitator,6.99,0.49,3.99,0.28,0,0,0,0.00,0,-0.77,-2.85,0.00,0.00,0.00,8.13,Released,
"Sep 10, 2025 4:19:37 AM PDT",18799999977,Refund,112-7205472-9278604,BK-005472,Used Hardcover Novel,1,amazon.com,Seller,,,,MarketplaceFacilitator,-6.99,-0.49,-3.99,-0.28,0,0,0,0.00,0,0.77,2.28,0.00,0.00,0.00,-8.70,Released,
"Sep 10, 2025 5:09:30 AM PDT",18799999977,Order,112-8805488-7587771,MD-005488,Like New Blu-ray Set,1,amazon.com,Seller,,,,MarketplaceFacilitator,26.99,1.89,3.99,0.28,0,0,0,0.00,0,-2.17,-5.85,0.00,0.00,0.00,25.13,Released,
"Sep 10, 2025 5:12:21 AM PDT",18799999977,Order,112-1705497-9430617,BK-005497,Pre-owned Paperback Lot,1,amazon.com,Seller,,,,MarketplaceFacilitator,11.99,0.84,3.99,0.28,0,0,0,0.00,0,-1.12,-3.60,0.00,0.00,0.00,12.38,Released,
"Sep 10, 2025 6:08:36 AM PDT",18799999977,Order,114-6205477-0870333,BK-005477,Pre-owned Textbook,1,amazon.com,Seller,,,,MarketplaceFacilitator,11.99,0.84,3.99,0.28,0,0,0,0.00,0,-1.12,-3.60,0.00,0.00,0.00,12.38,Released,
"Sep 10, 2025 6:53:03 AM PDT",18799999977,Order,112-7305492-3999355,MD-005492,Like New Blu-ray Set,1,amazon.com,Seller,,,,MarketplaceFacilitator,12.99,0.91,3.99,0.28,0,0,0,0.00,0,-1.19,-3.75,0.00,0.00,0.00,13.23,Released,
"Sep 10, 2025 6:56:57 AM PDT",18799999977,Order,113-5405480-1330679,BK-005480,Handmade Hardcover Novel,1,amazon.com,Seller,,,,MarketplaceFacilitator,4.99,0.35,3.99,0.28,0,0,0,0.00,0,-0.63,-2.55,0.00,0.00,0.00,6.43,Released,
"Sep 10, 2025 7:09:41 AM PDT",18799999977,Order,114-4805496-5310931,BK-005496,Used Biography,1,amazon.com,Seller,,,,MarketplaceFacilitator,6.99,0.49,3.99,0.28,0,0,0,0.00,0,-0.77,-2.85,0.00,0.00,0.00,8.13,Released,
"Sep 10, 2025 7:52:47 AM PDT",18799999977,Order,113-0505505-0805607,BK-005505,Mid-Century Cookbook,1,amazon.com,Seller,,,,MarketplaceFacilitator,8.99,0.63,3.99,0.28,0,0,0,0.00,0,-0.91,-3.15,0.00,0.00,0.00,9.83,Released,
"Sep 10, 2025 8:05:52 AM PDT",18799999977,Order,112-5205500-3915618,BK-005500,Retro Cookbook,1,amazon.com,Seller,,,,MarketplaceFacilitator,14.99,1.05,3.99,0.28,0,0,0,0.00,0,-1.33,-4.05,0.00,0.00,0.00,14.93,Released,
"Sep 10, 2025 8:18:00 AM PDT",18799999977,Order,114-0905495-7982542,MD-005495,Retro Vinyl Record,1,amazon.com,Seller,,,,MarketplaceFacilitator,5.99,0.42,3.99,0.28,0,0,0,0.00,0,-0.70,-2.70,0.00,0.00,0.00,7.28,Released,
"Sep 10, 2025 9:03:50 AM PDT",18799999977,Order,111-9905481-0605536,BK-005481,Retro Paperback Lot,1,amazon.com,Seller,,,,MarketplaceFacilitator,8.99,0.63,3.99,0.28,0,0,0,0.00,0,-0.91,-3.15,0.00,0.00,0.00,9.83,Released,
"Sep 10, 2025 9:52:31 AM PDT",18799999977,Order,111-5905483-0018748,BK-005483,Lot of 2 Biography,1,amazon.com,Seller,,,,MarketplaceFacilitator,7.99,0.56,3.99,0.28,0,0,0,0.00,0,-0.84,-3.00,0.00,0.00,0.00,8.98,Released,
"Sep 10, 2025 9:54:04 AM PDT",18799999977,Order,112-3405491-1329766,MD-005491,Handmade Blu-ray Set,1,amazon.com,Seller,,,,MarketplaceFacilitator,7.99,0.56,3.99,0.28,0,0,0,0.00,0,-0.84,-3.00,0.00,0.00,0.00,8.98,Released,
"Sep 10, 2025 10:19:26 AM PDT",18799999977,Order,114-0905494-6303351,BK-005494,Like New Atlas,1,amazon.com,Seller,,,,MarketplaceFacilitator,9.99,0.70,3.99,0.28,0,0,0,0.00,0,-0.98,-3.30,0.00,0.00,0.00,10.68,Released,
"Sep 10, 2025 10:20:46 AM PDT",18799999977,Order,111-1905487-1888442,BK-005487,Handmade Textbook,1,amazon.com,Seller,,,,MarketplaceFacilitator,7.99,0.56,3.99,0.28,0,0,0,0.00,0,-0.84,-3.00,0.00,0.00,0.00,8.98,Released,
"Sep 10, 2025 12:22:48 PM PDT",18799999977,Refund,111-5905483-0018748,BK-005483,Lot of 2 Biography,1,amazon.com,Seller,,,,MarketplaceFacilitator,-7.99,-0.56,-3.99,-0.28,0,0,0,0.00,0,0.84,2.40,0.00,0.00,0.00,-9.58,Released,
"Sep 10, 2025 1:12:38 PM PDT",18799999977,Order,111-0705489-1191322,MD-005489,Handmade Vinyl Record,1,amazon.com,Seller,,,,MarketplaceFacilitator,8.99,0.63,3.99,0.28,0,0,0,0.00,0,-0.91,-3.15,0.00,0.00,0.00,9.83,Released,
"Sep 10, 2025 1:34:24 PM PDT",18799999977,Order,112-3105478-1964388,MD-005478,Antique Blu-ray Set,1,amazon.com,Seller,,,,MarketplaceFacilitator,14.99,1.05,3.99,0.28,0,0,0,0.00,0,-1.33,-4.05,0.00,0.00,0.00,14.93,Released,
"Sep 10, 2025 2:03:14 PM PDT",18799999977,Order,114-6205486-1117974,BK-005486,Handmade Hardcover Novel,1,amazon.com,Seller,,,,MarketplaceFacilitator,8.99,0.63,3.99,0.28,0,0,0,0.00,0,-0.91,-3.15,0.00,0.00,0.00,9.83,Released,
"Sep 10, 2025 3:39:23 PM PDT",18799999977,Order,111-2405501-5917560,TY-005501,Classic Puzzle 1000pc,1,amazon.com,Seller,,,,MarketplaceFacilitator,11.99,0.84,5.99,0.42,0,0,0,0.00,0,-1.26,-1.80,0.00,0.00,0.00,16.18,Released,
"Sep 10, 2025 4:17:04 PM PDT",18799999977,Order,113-6805476-6223624,BK-005476,Pre-owned Field Guide,1,amazon.com,Seller,,,,MarketplaceFacilitator,8.99,0.63,3.99,0.28,0,0,0,0.00,0,-0.91,-3.15,0.00,0.00,0.00,9.83,Released,
"Sep 10, 2025 4:25:02 PM PDT",18799999977,Order,114-1605493-7666775,MD-005493,Mid-Century DVD Box Set,1,amazon.com,Seller,,,,MarketplaceFacilitator,13.99,0.98,3.99,0.28,0,0,0,0.00,0,-1.26,-3.90,0.00,0.00,0.00,14.08,Released,
"Sep 10, 2025 4:57:56 PM PDT",18799999977,Order,114-7905469-9353813,TY-005469,Handmade Puzzle 1000pc,1,amazon.com,Seller,,,,MarketplaceFacilitator,32.99,2.31,5.99,0.42,0,0,0,0.00,0,-2.73,-4.95,0.00,0.00,0.00,34.03,Released,
"Sep 10, 2025 5:02:02 PM PDT",18799999977,Order,112-4805503-6480172,BK-005503,Vintage Atlas,1,amazon.com,Seller,,,,MarketplaceFacilitator,13.99,0.98,3.99,0.28,0,0,0,0.00,0,-1.26,-3.90,0.00,0.00,0.00,14.08,Released,
"Sep 10, 2025 5:14:49 PM PDT",18799999977,Order,111-4905498-1851830,MD-005498,Antique Audiobook,1,amazon.com,Seller,,,,MarketplaceFacilitator,9.99,0.70,3.99,0.28,0,0,0,0.00,0,-0.98,-3.30,0.00,0.00,0.00,10.68,Released,
"Sep 10, 2025 5:16:07 PM PDT",18799999977,Order,114-8005471-2649987,MD-005471,Lot of 2 CD Lot,1,amazon.com,Seller,,,,MarketplaceFacilitator,14.99,1.05,3.99,0.28,0,0,0,0.00,0,-1.33,-4.05,0.00,0.00,0.00,14.93,Released,
"Sep 10, 2025 5:20:08 PM PDT",18799999977,Order,111-8705482-7408580,EL-005482,Like New Film Camera,1,amazon.com,Seller,,,,MarketplaceFacilitator,33.99,2.38,5.99,0.42,0,0,0,0.00,0,-2.80,-5.10,0.00,0.00,0.00,34.88,Released,
"Sep 10, 2025 5:35:19 PM PDT",18799999977,Order,112-2105474-1429987,BK-005474,Retro Cookbook,1,amazon.com,Seller,,,,MarketplaceFacilitator,6.99,0.49,3.99,0.28,0,0,0,0.00,0,-0.77,-2.85,0.00,0.00,0.00,8.13,Released,
"Sep 10, 2025 5:37:59 PM PDT",18799999977,Order,113-4405484-3651448,BK-005484,Vintage Biography,1,amazon.com,Seller,,,,MarketplaceFacilitator,22.99,1.61,3.99,0.28,0,0,0,0.00,0,-1.89,-5.25,0.00,0.00,0.00,21.73,Released,
"Sep 10, 2025 6:02:02 PM PDT",18799999977,Order,114-6705490-7942153,MD-005490,Pre-owned Vinyl Record,1,amazon.com,Seller,,,,MarketplaceFacilitator,14.99,1.05,3.99,0.28,0,0,0,0.00,0,-1.33,-4.05,0.00,0.00,0.00,14.93,Released,
"Sep 10, 2025 6:12:55 PM PDT",18799999977,Order,113-9905470-7532550,BK-005470,Handmade Paperback Lot,1,amazon.com,Seller,,,,MarketplaceFacilitator,11.99,0.84,3.99,0.28,0,0,0,0.00,0,-1.12,-3.60,0.00,0.00,0.00,12.38,Released,
"Sep 10, 2025 6:26:48 PM PDT",18799999977,Order,111-0205499-5032845,BK-005499,Pre-owned Biography,1,amazon.com,Seller,,,,MarketplaceFacilitator,4.99,0.35,3.99,0.28,0,0,0,0.00,0,-0.63,-2.55,0.00,0.00,0.00,6.43,Released,
"Sep 10, 2025 6:57:26 PM PDT",18799999977,Order,114-5805468-9001737,BK-005468,Like New Hardcover Novel,1,amazon.com,Seller,,,,MarketplaceFacilitator,14.99,1.05,3.99,0.28,0,0,0,0.00,0,-1.33,-4.05,0.00,0.00,0.00,14.93,Released,
"Sep 10, 2025 7:22:57 PM PDT",18799999977,Order,111-2505473-7199352,BK-005473,Mid-Century Cookbook,1,amazon.com,Seller,,,,MarketplaceFacilitator,5.99,0.42,3.99,0.28,0,0,0,0.00,0,-0.70,-2.70,0.00,0.00,0.00,7.28,Released,
"Sep 10, 2025 8:27:14 PM PDT",18799999977,Order,111-8705504-6841009,MD-005504,Lot of 2 DVD Box Set,1,amazon.com,Seller,,,,MarketplaceFacilitator,16.99,1.19,3.99,0.28,0,0,0,0.00,0,-1.47,-4.35,0.00,0.00,0.00,16.63,Released,
"Sep 10, 2025 8:48:56 PM PDT",18799999977,Order,111-8105479-1600168,MD-005479,Vintage Vinyl Record,1,amazon.com,Seller,,,,MarketplaceFacilitator,5.99,0.42,3.99,0.28,0,0,0,0.00,0,-0.70,-2.70,0.00,0.00,0.00,7.28,Released,
"Sep 10, 2025 11:11:20 PM PDT",18799999977,Order,114-6605617-6812698,EL-005617,Handmade Turntable,1,amazon.com,Seller,,,,MarketplaceFacilitator,36.99,2.59,5.99,0.42,0,0,0,0.00,0,-3.01,-5.55,0.00,0.00,0.00,37.43,Released,
"Sep 10, 2025 11:15:19 PM PDT",18799999977,Order,111-4705649-5621535,BK-005649,Vintage Field Guide,1,amazon.com,Seller,,,,MarketplaceFacilitator,12.99,0.91,3.99,0.28,0,0,0,0.00,0,-1.19,-3.75,0.00,0.00,0.00,13.23,Released,
"Sep 10, 2025 11:17:35 PM PDT",18799999977,Order,112-4105609-6121508,BK-005609,Like New Field Guide,1,amazon.com,Seller,,,,MarketplaceFacilitator,34.99,2.45,3.99,0.28,0,0,0,0.00,0,-2.73,-7.05,0.00,0.00,0.00,31.93,Released,
"Sep 11, 2025 12:27:41 AM PDT",18799999977,Order,111-4905639-6430937,BK-005639,Retro Atlas,1,amazon.com,Seller,,,,MarketplaceFacilitator,12.99,0.91,3.99,0.28,0,0,0,0.00,0,-1.19,-3.75,0.00,0.00,0.00,13.23,Released,
"Sep 11, 2025 12:37:52 AM PDT",18799999977,Order,114-9105627-5505589,BK-005627,Handmade Field Guide,1,amazon.com,Seller,,,,MarketplaceFacilitator,8.99,0.63,3.99,0.28,0,0,0,0.00,0,-0.91,-3.15,0.00,0.00,0.00,9.83,Released,
"Sep 11, 2025 12:37:54 AM PDT",18799999977,Order,114-4705641-1068284,BK-005641,Handmade Biography,1,amazon.com,Seller,,,,MarketplaceFacilitator,12.99,0.91,3.99,0.28,0,0,0,0.00,0,-1.19,-3.75,0.00,0.00,0.00,13.23,Released,
"Sep 11, 2025 1:04:54 AM PDT",18799999977,Order,111-6805652-8688794,MD-005652,Pre-owned DVD Box Set,1,amazon.com,Seller,,,,MarketplaceFacilitator,14.99,1.05,3.99,0.28,0,0,0,0.00,0,-1.33,-4.05,0.00,0.00,0.00,14.93,Released,
"Sep 11, 2025 1:12:18 AM PDT",18799999977,Order,111-3905650-9558665,EL-005650,Retro Portable Radio,1,amazon.com,Seller,,,,MarketplaceFacilitator,20.99,1.47,5.99,0.42,0,0,0,0.00,0,-1.89,-3.15,0.00,0.00,0.00,23.83,Released,
"Sep 11, 2025 1:23:11 AM PDT",18799999977,Order,114-1105642-1482760,MD-005642,Classic Vinyl Record,1,amazon.com,Seller,,,,MarketplaceFacilitator,10.99,0.77,3.99,0.28,0,0,0,0.00,0,-1.05,-3.45,0.00,0.00,0.00,11.53,Released,
"Sep 11, 2025 2:17:00 AM PDT",18799999977,Order,114-0405638-0843818,BK-005638,Retro Atlas,1,amazon.com,Seller,,,,MarketplaceFacilitator,12.99,0.91,3.99,0.28,0,0,0,0.00,0,-1.19,-3.75,0.00,0.00,0.00,13.23,Released,
"Sep 11, 2025 2:35:28 AM PDT",18799999977,Order,114-8805612-6389036,BK-005612,Classic Cookbook,1,amazon.com,Seller,,,,MarketplaceFacilitator,13.99,0.98,3.99,0.28,0,0,0,0.00,0,-1.26,-3.90,0.00,0.00,0.00,14.08,Released,
"Sep 11, 2025 3:05:22 AM PDT",18799999977,Order,114-4605626-9315162,EL-005626,Used Turntable,1,amazon.com,Seller,,,,MarketplaceFacilitator,12.99,0.91,5.99,0.42,0,0,0,0.00,0,-1.33,-1.95,0.00,0.00,0.00,17.03,Released,
"Sep 11, 2025 6:07:58 AM PDT",18799999977,Order,113-1405614-7771229,BK-005614,Antique Cookbook,1,amazon.com,Seller,,,,MarketplaceFacilitator,27.99,1.96,3.99,0.28,0,0,0,0.00,0,-2.24,-6.00,0.00,0.00,0.00,25.98,Released,
"Sep 11, 2025 6:22:22 AM PDT",18799999977,Order,114-8405644-6585143,BK-005644,Antique Textbook,1,amazon.com,Seller,,,,MarketplaceFacilitator,7.99,0.56,3.99,0.28,0,0,0,0.00,0,-0.84,-3.00,0.00,0.00,0.00,8.98,Released,
"Sep 11, 2025 8:11:39 AM PDT",18799999977,Order,112-5505613-2402652,BK-005613,Like New Poetry Collection,1,amazon.com,Seller,,,,MarketplaceFacilitator,6.99,0.49,3.99,0.28,0,0,0,0.00,0,-0.77,-2.85,0.00,0.00,0.00,8.13,Released,
"Sep 11, 2025 8:33:35 AM PDT",18799999977,Order,111-9705620-6609884,BK-005620,Pre-owned Biography,1,amazon.com,Seller,,,,MarketplaceFacilitator,23.99,1.68,3.99,0.28,0,0,0,0.00,0,-1.96,-5.40,0.00,0.00,0.00,22.58,Released,
"Sep 11, 2025 9:18:26 AM PDT",18799999977,Order,113-3005635-0227478,MD-005635,Antique CD Lot,1,amazon.com,Seller,,,,MarketplaceFacilitator,15.99,1.12,3.99,0.28,0,0,0,0.00,0,-1.40,-4.20,0.00,0.00,0.00,15.78,Released,
"Sep 11, 2025 9:30:39 AM PDT",18799999977,Order,111-5005619-3116750,BK-005619,Lot of 2 Atlas,1,amazon.com,Seller,,,,MarketplaceFacilitator,13.99,0.98,3.99,0.28,0,0,0,0.00,0,-1.26,-3.90,0.00,0.00,0.00,14.08,Released,
"Sep 11, 2025 10:20:39 AM PDT",18799999977,Order,113-0105634-8496409,TY-005634,Like New Board Game,1,amazon.com,Seller,,,,MarketplaceFacilitator,16.99,1.19,5.99,0.42,0,0,0,0.00,0,-1.61,-2.55,0.00,0.00,0.00,20.43,Released,
"Sep 11, 2025 11:15:13 AM PDT",18799999977,Order,114-0405618-5437460,BK-005618,Antique Textbook,1,amazon.com,Seller,,,,MarketplaceFacilitator,24.99,1.75,3.99,0.28,0,0,0,0.00,0,-2.03,-5.55,0.00,0.00,0.00,23.43,Released,
"Sep 11, 2025 12:40:19 PM PDT",18799999977,Order,111-2805647-7999254,BK-005647,Vintage Atlas,1,amazon.com,Seller,,,,MarketplaceFacilitator,18.99,1.33,3.99,0.28,0,0,0,0.00,0,-1.61,-4.65,0.00,0.00,0.00,18.33,Released,
"Sep 11, 2025 12:57:35 PM PDT",18799999977,Order,111-1105655-5239900,TY-005655,Retro Plush Bear,1,amazon.com,Seller,,,,MarketplaceFacilitator,19.99,1.40,5.99,0.42,0,0,0,0.00,0,-1.82,-3.00,0.00,0.00,0.00,22.98,Released,
"Sep 11, 2025 1:09:23 PM PDT",18799999977,Order,112-2405646-9368415,EL-005646,Handmade Game Console,1,amazon.com,Seller,,,,MarketplaceFacilitator,74.99,5.25,5.99,0.42,0,0,0,0.00,0,-5.67,-11.25,0.00,0.00,0.00,69.73,Released,
"Sep 11, 2025 1:17:30 PM PDT",18799999977,Order,114-9105631-6044372,BK-005631,Vintage Hardcover Novel,1,amazon.com,Seller,,,,MarketplaceFacilitator,59.99,4.20,3.99,0.28,0,0,0,0.00,0,-4.48,-10.80,0.00,0.00,0.00,53.18,Released,
"Sep 11, 2025 1:39:37 PM PDT",18799999977,Order,112-9005611-6320749,BK-005611,Like New Hardcover Novel,1,amazon.com,Seller,,,,MarketplaceFacilitator,5.99,0.42,3.99,0.28,0,0,0,0.00,0,-0.70,-2.70,0.00,0.00,0.00,7.28,Released,
"Sep 11, 2025 1:41:49 PM PDT",18799999977,Order,114-7905636-4043620,EL-005636,Mid-Century Turntable,1,amazon.com,Seller,,,,MarketplaceFacilitator,16.99,1.19,5.99,0.42,0,0,0,0.00,0,-1.61,-2.55,0.00,0.00,0.00,20.43,Released,
"Sep 11, 2025 2:12:15 PM PDT",18799999977,Order,114-6605651-0283064,BK-005651,Mid-Century Cookbook,1,amazon.com,Seller,,,,MarketplaceFacilitator,9.99,0.70,3.99,0.28,0,0,0,0.00,0,-0.98,-3.30,0.00,0.00,0.00,10.68,Released,
"Sep 11, 2025 2:18:51 PM PDT",18799999977,Order,114-7605625-5136486,MD-005625,Retro DVD Box Set,1,amazon.com,Seller,,,,MarketplaceFacilitator,9.99,0.70,3.99,0.28,0,0,0,0.00,0,-0.98,-3.30,0.00,0.00,0.00,10.68,Released,
"Sep 11, 2025 2:46:59 PM PDT",18799999977,Order,113-1705632-7216171,BK-005632,Mid-Century Field Guide,1,amazon.com,Seller,,,,MarketplaceFacilitator,10.99,0.77,3.99,0.28,0,0,0,0.00,0,-1.05,-3.45,0.00,0.00,0.00,11.53,Released,
"Sep 11, 2025 2:58:17 PM PDT",18799999977,Order,112-2105656-8741569,EL-005656,Like New Game Console,1,amazon.com,Seller,,,,MarketplaceFacilitator,22.99,1.61,5.99,0.42,0,0,0,0.00,0,-2.03,-3.45,0.00,0.00,0.00,25.53,Released,
"Sep 11, 2025 3:20:58 PM PDT",18799999977,Order,114-7205624-8123166,BK-005624,Used Atlas,1,amazon.com,Seller,,,,MarketplaceFacilitator,8.99,0.63,3.99,0.28,0,0,0,0.00,0,-0.91,-3.15,0.00,0.00,0.00,9.83,Released,
"Sep 11, 2025 3:40:52 PM PDT",18799999977,Order,112-6805630-5566383,EL-005630,Used Game Console,1,amazon.com,Seller,,,,MarketplaceFacilitator,20.99,1.47,5.99,0.42,0,0,0,0.00,0,-1.89,-3.15,0.00,0.00,0.00,23.83,Released,
"Sep 11, 2025 3:46:49 PM PDT",18799999977,Order,113-6905653-7269506,MD-005653,Retro Blu-ray Set,1,amazon.com,Seller,,,,MarketplaceFacilitator,14.99,1.05,3.99,0.28,0,0,0,0.00,0,-1.33,-4.05,0.00,0.00,0.00,14.93,Released,
"Sep 11, 2025 4:19:32 PM PDT",18799999977,Order,113-2405640-5460067,BK-005640,Mid-Century Field Guide,1,amazon.com,Seller,,,,MarketplaceFacilitator,27.99,1.96,3.99,0.28,0,0,0,0.00,0,-2.24,-6.00,0.00,0.00,0.00,25.98,Released,
"Sep 11, 2025 4:37:40 PM PDT",18799999977,Order,111-9705629-1884464,BK-005629,Antique Atlas,1,amazon.com,Seller,,,,MarketplaceFacilitator,3.99,0.28,3.99,0.28,0,0,0,0.00,0,-0.56,-2.40,0.00,0.00,0.00,5.58,Released,
"Sep 11, 2025 4:42:38 PM PDT",18799999977,Order,114-2605645-0294762,BK-005645,Retro Paperback Lot,1,amazon.com,Seller,,,,MarketplaceFacilitator,5.99,0.42,3.99,0.28,0,0,0,0.00,0,-0.70,-2.70,0.00,0.00,0.00,7.28,Released,
"Sep 11, 2025 5:00:47 PM PDT",18799999977,Order,111-0605623-1405345,BK-005623,Used Biography,1,amazon.com,Seller,,,,MarketplaceFacilitator,14.99,1.05,3.99,0.28,0,0,0,0.00,0,-1.33,-4.05,0.00,0.00,0.00,14.93,Released,
"Sep 11, 2025 5:44:20 PM PDT",18799999977,Order,113-5205622-9726914,BK-005622,Pre-owned Cookbook,1,amazon.com,Seller,,,,MarketplaceFacilitator,9.99,0.70,3.99,0.28,0,0,0,0.00,0,-0.98,-3.30,0.00,0.00,0.00,10.68,Released,
"Sep 11, 2025 7:03:26 PM PDT",18799999977,Order,113-9505633-6008446,BK-005633,Like New Biography,1,amazon.com,Seller,,,,MarketplaceFacilitator,10.99,0.77,3.99,0.28,0,0,0,0.00,0,-1.05,-3.45,0.00,0.00,0.00,11.53,Released,
"Sep 11, 2025 7:12:39 PM PDT",18799999977,Order,114-2605616-2022834,MD-005616,Like New Blu-ray Set,1,amazon.com,Seller,,,,MarketplaceFacilitator,15.99,1.12,3.99,0.28,0,0,0,0.00,0,-1.40,-4.20,0.00,0.00,0.00,15.78,Released,
"Sep 11, 2025 7:18:01 PM PDT",18799999977,Order,111-3905654-1768427,BK-005654,Antique Poetry Collection,1,amazon.com,Seller,,,,MarketplaceFacilitator,16.99,1.19,3.99,0.28,0,0,0,0.00,0,-1.47,-4.35,0.00,0.00,0.00,16.63,Released,
"Sep 11, 2025 7:19:45 PM PDT",18799999977,Order,113-0005628-9075812,BK-005628,Handmade Cookbook,1,amazon.com,Seller,,,,MarketplaceFacilitator,7.99,0.56,3.99,0.28,0,0,0,0.00,0,-0.84,-3.00,0.00,0.00,0.00,8.98,Released,
"Sep 11, 2025 7:23:28 PM PDT",18799999977,Order,113-3005643-8924994,BK-005643,Used Textbook,1,amazon.com,Seller,,,,MarketplaceFacilitator,9.99,0.70,3.99,0.28,0,0,0,0.00,0,-0.98,-3.30,0.00,0.00,0.00,10.68,Released,
"Sep 11, 2025 7:41:36 PM PDT",18799999977,Order,113-3305615-5018112,BK-005615,Handmade Poetry Collection,1,amazon.com,Seller,,,,MarketplaceFacilitator,24.99,1.75,3.99,0.28,0,0,0,0.00,0,-2.03,-5.55,0.00,0.00,0.00,23.43,Released,
"Sep 11, 2025 7:46:05 PM PDT",18799999977,Order,113-2705610-6965388,BK-005610,Retro Paperback Lot,1,amazon.com,Seller,,,,MarketplaceFacilitator,3.99,0.28,3.99,0.28,0,0,0,0.00,0,-0.56,-2.40,0.00,0.00,0.00,5.58,Released,
"Sep 11, 2025 8:01:56 PM PDT",18799999977,Order,112-0005621-6273133,MD-005621,Vintage Vinyl Record,1,amazon.com,Seller,,,,MarketplaceFacilitator,10.99,0.77,3.99,0.28,0,0,0,0.00,0,-1.05,-3.45,0.00,0.00,0.00,11.53,Released,
"Sep 11, 2025 8:26:29 PM PDT",18799999977,Order,112-8905637-1927338,BK-005637,Handmade Paperback Lot,1,amazon.com,Seller,,,,MarketplaceFacilitator,3.99,0.28,3.99,0.28,0,0,0,0.00,0,-0.56,-2.40,0.00,0.00,0.00,5.58,Released,
"Sep 11, 2025 8:52:15 PM PDT",18799999977,Order,114-1605648-0816775,MD-005648,Like New CD Lot,1,amazon.com,Seller,,,,MarketplaceFacilitator,28.99,2.03,3.99,0.28,0,0,0,0.00,0,-2.31,-6.15,0.00,0.00,0.00,26.83,Released,
"Sep 11, 2025 9:57:51 PM PDT",18799999977,Order,114-1705793-7916749,BK-005793,Used Poetry Collection,1,amazon.com,Seller,,,,MarketplaceFacilitator,24.99,1.75,3.99,0.28,0,0,0,0.00,0,-2.03,-5.55,0.00,0.00,0.00,23.43,Released,
"Sep 12, 2025 1:06:42 AM PDT",18799999977,Order,113-8205795-4045936,BK-005795,Lot of 2 Poetry Collection,1,amazon.com,Seller,,,,MarketplaceFacilitator,16.99,1.19,3.99,0.28,0,0,0,0.00,0,-1.47,-4.35,0.00,0.00,0.00,16.63,Released,
"Sep 12, 2025 2:12:35 AM PDT",18799999977,Order,114-5605767-0921509,BK-005767,Antique Paperback Lot,1,amazon.com,Seller,,,,MarketplaceFacilitator,14.99,1.05,3.99,0.28,0,0,0,0.00,0,-1.33,-4.05,0.00,0.00,0.00,14.93,Released,
"Sep 12, 2025 3:19:14 AM PDT",18799999977,Order,113-8205789-1743602,BK-005789,Retro Paperback Lot,1,amazon.com,Seller,,,,MarketplaceFacilitator,9.99,0.70,3.99,0.28,0,0,0,0.00,0,-0.98,-3.30,0.00,0.00,0.00,10.68,Released,
"Sep 12, 2025 4:54:00 AM PDT",18799999977,Order,114-4505765-3389702,EL-005765,Handmade Turntable,1,amazon.com,Seller,,,,MarketplaceFacilitator,19.99,1.40,5.99,0.42,0,0,0,0.00,0,-1.82,-3.00,0.00,0.00,0.00,22.98,Released,
"Sep 12, 2025 5:52:41 AM PDT",18799999977,Order,111-6305762-4866072,BK-005762,Lot of 2 Field Guide,1,amazon.com,Seller,,,,MarketplaceFacilitator,21.99,1.54,3.99,0.28,0,0,0,0.00,0,-1.82,-5.10,0.00,0.00,0.00,20.88,Released,
"Sep 12, 2025 6:01:12 AM PDT",18799999977,Order,114-2305804-8512488,BK-005804,Mid-Century Hardcover Novel,1,amazon.com,Seller,,,,MarketplaceFacilitator,11.99,0.84,3.99,0.28,0,0,0,0.00,0,-1.12,-3.60,0.00,0.00,0.00,12.38,Released,
"Sep 12, 2025 6:46:07 AM PDT",18799999977,Order,111-2105787-6363654,BK-005787,Handmade Biography,1,amazon.com,Seller,,,,MarketplaceFacilitator,18.99,1.33,3.99,0.28,0,0,0,0.00,0,-1.61,-4.65,0.00,0.00,0.00,18.33,Released,
"Sep 12, 2025 7:36:28 AM PDT",18799999977,Order,111-7205781-1433429,MD-005781,Vintage Blu-ray Set,1,amazon.com,Seller,,,,MarketplaceFacilitator,14.99,1.05,3.99,0.28,0,0,0,0.00,0,-1.33,-4.05,0.00,0.00,0.00,14.93,Released,
"Sep 12, 2025 7:43:30 AM PDT",18799999977,Order,111-1705783-8819609,MD-005783,Pre-owned CD Lot,1,amazon.com,Seller,,,,MarketplaceFacilitator,11.99,0.84,3.99,0.28,0,0,0,0.00,0,-1.12,-3.60,0.00,0.00,0.00,12.38,Released,
"Sep 12, 2025 7:45:39 AM PDT",18799999977,Order,112-8105759-7285986,BK-005759,Pre-owned Poetry Collection,1,amazon.com,Seller,,,,MarketplaceFacilitator,10.99,0.77,3.99,0.28,0,0,0,0.00,0,-1.05,-3.45,0.00,0.00,0.00,11.53,Released,
"Sep 12, 2025 7:53:21 AM PDT",18799999977,Order,113-2905778-8213125,BK-005778,Retro Poetry Collection,1,amazon.com,Seller,,,,MarketplaceFacilitator,9.99,0.70,3.99,0.28,0,0,0,0.00,0,-0.98,-3.30,0.00,0.00,0.00,10.68,Released,
"Sep 12, 2025 8:46:49 AM PDT",18799999977,Order,112-3005772-3444184,MD-005772,Vintage CD Lot,1,amazon.com,Seller,,,,MarketplaceFacilitator,13.99,0.98,3.99,0.28,0,0,0,0.00,0,-1.26,-3.90,0.00,0.00,0.00,14.08,Released,
"Sep 12, 2025 9:07:14 AM PDT",18799999977,Order,111-2705785-7239357,MD-005785,Classic Vinyl Record,1,amazon.com,Seller,,,,MarketplaceFacilitator,16.99,1.19,3.99,0.28,0,0,0,0.00,0,-1.47,-4.35,0.00,0.00,0.00,16.63,Released,
"Sep 12, 2025 9:11:42 AM PDT",18799999977,Order,111-6105777-9845921,CO-005777,Handmade Coin Lot,1,amazon.com,Seller,,,,MarketplaceFacilitator,43.99,3.08,5.99,0.42,0,0,0,0.00,0,-3.50,-6.60,0.00,0.00,0.00,43.38,Released,
"Sep 12, 2025 9:14:22 AM PDT",18799999977,Order,112-8905776-1666013,BK-005776,Handmade Poetry Collection,1,amazon.com,Seller,,,,MarketplaceFacilitator,15.99,1.12,3.99,0.28,0,0,0,0.00,0,-1.40,-4.20,0.00,0.00,0.00,15.78,Released,
"Sep 12, 2025 9:40:31 AM PDT",18799999977,Order,113-0005800-7346940,EL-005800,Classic Game Console,1,amazon.com,Seller,,,,MarketplaceFacilitator,17.99,1.26,5.99,0.42,0,0,0,0.00,0,-1.68,-2.70,0.00,0.00,0.00,21.28,Released,
"Sep 12, 2025 10:47:55 AM PDT",18799999977,Order,111-3405794-9626947,BK-005794,Antique Textbook,1,amazon.com,Seller,,,,MarketplaceFacilitator,8.99,0.63,3.99,0.28,0,0,0,0.00,0,-0.91,-3.15,0.00,0.00,0.00,9.83,Released,
"Sep 12, 2025 10:49:11 AM PDT",18799999977,Order,111-9705770-0380345,EL-005770,Used Turntable,1,amazon.com,Seller,,,,MarketplaceFacilitator,27.99,1.96,5.99,0.42,0,0,0,0.00,0,-2.38,-4.20,0.00,0.00,0.00,29.78,Released,
"Sep 12, 2025 10:54:44 AM PDT",18799999977,Order,114-7005784-3063545,TY-005784,Pre-owned Lego Lot,1,amazon.com,Seller,,,,MarketplaceFacilitator,22.99,1.61,5.99,0.42,0,0,0,0.00,0,-2.03,-3.45,0.00,0.00,0.00,25.53,Released,
"Sep 12, 2025 11:38:12 AM PDT",18799999977,Order,111-9205782-6309385,BK-005782,Retro Textbook,1,amazon.com,Seller,,,,MarketplaceFacilitator,4.99,0.35,3.99,0.28,0,0,0,0.00,0,-0.63,-2.55,0.00,0.00,0.00,6.43,Released,
"Sep 12, 2025 11:50:16 AM PDT",18799999977,Order,114-0405790-4632880,BK-005790,Classic Biography,1,amazon.com,Seller,,,,MarketplaceFacilitator,19.99,1.40,3.99,0.28,0,0,0,0.00,0,-1.68,-4.80,0.00,0.00,0.00,19.18,Released,
"Sep 12, 2025 12:30:57 PM PDT",18799999977,Order,113-0605796-5466698,MD-005796,Mid-Century DVD Box Set,1,amazon.com,Seller,,,,MarketplaceFacilitator,30.99,2.17,3.99,0.28,0,0,0,0.00,0,-2.45,-6.45,0.00,0.00,0.00,28.53,Released,
"Sep 12, 2025 12:58:37 PM PDT",18799999977,Order,111-4405779-9722867,BK-005779,Handmade Cookbook,1,amazon.com,Seller,,,,MarketplaceFacilitator,13.99,0.98,3.99,0.28,0,0,0,0.00,0,-1.26,-3.90,0.00,0.00,0.00,14.08,Released,
"Sep 12, 2025 1:09:34 PM PDT",18799999977,Order,113-8505803-8985914,BK-005803,Pre-owned Field Guide,1,amazon.com,Seller,,,,MarketplaceFacilitator,20.99,1.47,3.99,0.28,0,0,0,0.00,0,-1.75,-4.95,0.00,0.00,0.00,20.03,Released,
"Sep 12, 2025 1:16:09 PM PDT",18799999977,Order,111-9805775-1596631,CO-005775,Mid-Century Trading Card Lot,1,amazon.com,Seller,,,,MarketplaceFacilitator,37.99,2.66,5.99,0.42,0,0,0,0.00,0,-3.08,-5.70,0.00,0.00,0.00,38.28,Released,
"Sep 12, 2025 1:20:22 PM PDT",18799999977,Order,113-9005763-9950390,BK-005763,Used Biography,1,amazon.com,Seller,,,,MarketplaceFacilitator,28.99,2.03,3.99,0.28,0,0,0,0.00,0,-2.31,-6.15,0.00,0.00,0.00,26.83,Released,
"Sep 12, 2025 1:29:43 PM PDT",18799999977,Order,111-3205756-4568221,BK-005756,Like New Cookbook,1,amazon.com,Seller,,,,MarketplaceFacilitator,10.99,0.77,3.99,0.28,0,0,0,0.00,0,-1.05,-3.45,0.00,0.00,0.00,11.53,Released,
"Sep 12, 2025 1:49:33 PM PDT",18799999977,Order,114-7205799-0603195,BK-005799,Antique Biography,1,amazon.com,Seller,,,,MarketplaceFacilitator,10.99,0.77,3.99,0.28,0,0,0,0.00,0,-1.05,-3.45,0.00,0.00,0.00,11.53,Released,
"Sep 12, 2025 1:55:29 PM PDT",18799999977,Order,112-6205801-3838789,BK-005801,Pre-owned Textbook,1,amazon.com,Seller,,,,MarketplaceFacilitator,23.99,1.68,3.99,0.28,0,0,0,0.00,0,-1.96,-5.40,0.00,0.00,0.00,22.58,Released,
"Sep 12, 2025 2:15:59 PM PDT",18799999977,Order,111-1405805-1272860,BK-005805,Lot of 2 Paperback Lot,1,amazon.com,Seller,,,,MarketplaceFacilitator,21.99,1.54,3.99,0.28,0,0,0,0.00,0,-1.82,-5.10,0.00,0.00,0.00,20.88,Released,
"Sep 12, 2025 2:24:45 PM PDT",18799999977,Order,114-1605774-3425694,BK-005774,Lot of 2 Biography,1,amazon.com,Seller,,,,MarketplaceFacilitator,11.99,0.84,3.99,0.28,0,0,0,0.00,0,-1.12,-3.60,0.00,0.00,0.00,12.38,Released,
"Sep 12, 2025 2:48:57 PM PDT",18799999977,Order,114-9605771-7906992,MD-005771,Pre-owned Blu-ray Set,1,amazon.com,Seller,,,,MarketplaceFacilitator,34.99,2.45,3.99,0.28,0,0,0,0.00,0,-2.73,-7.05,0.00,0.00,0.00,31.93,Released,
"Sep 12, 2025 3:00:17 PM PDT",18799999977,Order,113-6205757-2261787,BK-005757,Retro Cookbook,1,amazon.com,Seller,,,,MarketplaceFacilitator,15.99,1.12,3.99,0.28,0,0,0,0.00,0,-1.40,-4.20,0.00,0.00,0.00,15.78,Released,
"Sep 12, 2025 3:37:23 PM PDT",18799999977,Order,112-8005788-6281743,MD-005788,Retro DVD Box Set,1,amazon.com,Seller,,,,MarketplaceFacilitator,11.99,0.84,3.99,0.28,0,0,0,0.00,0,-1.12,-3.60,0.00,0.00,0.00,12.38,Released,
"Sep 12, 2025 3:58:57 PM PDT",18799999977,Order,113-7305773-2601276,BK-005773,Pre-owned Poetry Collection,1,amazon.com,Seller,,,,MarketplaceFacilitator,12.99,0.91,3.99,0.28,0,0,0,0.00,0,-1.19,-3.75,0.00,0.00,0.00,13.23,Released,
"Sep 12, 2025 4:08:25 PM PDT",18799999977,Order,114-7405766-7692226,MD-005766,Pre-owned Vinyl Record,1,amazon.com,Seller,,,,MarketplaceFacilitator,22.99,1.61,3.99,0.28,0,0,0,0.00,0,-1.89,-5.25,0.00,0.00,0.00,21.73,Released,
"Sep 12, 2025 4:09:45 PM PDT",18799999977,Order,113-1905768-2960960,CO-005768,Used Coin Lot,1,amazon.com,Seller,,,,MarketplaceFacilitator,59.99,4.20,5.99,0.42,0,0,0,0.00,0,-4.62,-9.00,0.00,0.00,0.00,56.98,Released,
"Sep 12, 2025 4:17:55 PM PDT",18799999977,Refund,111-3205756-4568221,BK-005756,Like New Cookbook,1,amazon.com,Seller,,,,MarketplaceFacilitator,-10.99,-0.77,-3.99,-0.28,0,0,0,0.00,0,1.05,2.76,0.00,0.00,0.00,-12.22,Released,
"Sep 12, 2025 4:34:21 PM PDT",18799999977,Order,114-3505797-9390908,BK-005797,Handmade Poetry Collection,1,amazon.com,Seller,,,,MarketplaceFacilitator,20.99,1.47,3.99,0.28,0,0,0,0.00,0,-1.75,-4.95,0.00,0.00,0.00,20.03,Released,
"Sep 12, 2025 5:06:47 PM PDT",18799999977,Order,113-2305802-1841396,TY-005802,Like New Plush Bear,1,amazon.com,Seller,,,,MarketplaceFacilitator,28.99,2.03,5.99,0.42,0,0,0,0.00,0,-2.45,-4.35,0.00,0.00,0.00,30.63,Released,
"Sep 12, 2025 5:07:37 PM PDT",18799999977,Order,113-0505786-2964512,BK-005786,Lot of 2 Cookbook,1,amazon.com,Seller,,,,MarketplaceFacilitator,13.99,0.98,3.99,0.28,0,0,0,0.00,0,-1.26,-3.90,0.00,0.00,0.00,14.08,Released,
"Sep 12, 2025 5:09:34 PM PDT",18799999977,Order,113-8205769-1133095,BK-005769,Classic Field Guide,1,amazon.com,Seller,,,,MarketplaceFacilitator,14.99,1.05,3.99,0.28,0,0,0,0.00,0,-1.33,-4.05,0.00,0.00,0.00,14.93,Released,
"Sep 12, 2025 6:42:24 PM PDT",18799999977,Order,114-9505791-0613380,CO-005791,Like New Trading Card Lot,1,amazon.com,Seller,,,,MarketplaceFacilitator,36.99,2.59,5.99,0.42,0,0,0,0.00,0,-3.01,-5.55,0.00,0.00,0.00,37.43,Released,
"Sep 12, 2025 6:51:45 PM PDT",18799999977,Order,113-6505792-6214827,BK-005792,Like New Poetry Collection,1,amazon.com,Seller,,,,MarketplaceFacilitator,15.99,1.12,3.99,0.28,0,0,0,0.00,0,-1.40,-4.20,0.00,0.00,0.00,15.78,Released,
"Sep 12, 2025 6:53:31 PM PDT",18799999977,Order,111-7105764-3360110,BK-005764,Vintage Poetry Collection,1,amazon.com,Seller,,,,MarketplaceFacilitator,3.99,0.28,3.99,0.28,0,0,0,0.00,0,-0.56,-2.40,0.00,0.00,0.00,5.58,Released,
"Sep 12, 2025 7:00:41 PM PDT",18799999977,Order,112-8305780-9368681,BK-005780,Mid-Century Atlas,1,amazon.com,Seller,,,,MarketplaceFacilitator,14.99,1.05,3.99,0.28,0,0,0,0.00,0,-1.33,-4.05,0.00,0.00,0.00,14.93,Released,
"Sep 12, 2025 7:04:22 PM PDT",18799999977,Order,112-8305758-8700607,BK-005758,Mid-Century Hardcover Novel,1,amazon.com,Seller,,,,MarketplaceFacilitator,11.99,0.84,3.99,0.28,0,0,0,0.00,0,-1.12,-3.60,0.00,0.00,0.00,12.38,Released,
"Sep 12, 2025 7:44:47 PM PDT",18799999977,Order,114-7405798-0153679,BK-005798,Like New Hardcover Novel,1,amazon.com,Seller,,,,MarketplaceFacilitator,17.99,1.26,3.99,0.28,0,0,0,0.00,0,-1.54,-4.50,0.00,0.00,0.00,17.48,Released,
"Sep 12, 2025 7:54:28 PM PDT",18799999977,Order,114-4605806-4344203,CO-005806,Antique Coin Lot,1,amazon.com,Seller,,,,MarketplaceFacilitator,36.99,2.59,5.99,0.42,0,0,0,0.00,0,-3.01,-5.55,0.00,0.00,0.00,37.43,Released,
"Sep 12, 2025 8:17:35 PM PDT",18799999977,Order,111-7705760-1887781,MD-005760,Like New DVD Box Set,1,amazon.com,Seller,,,,MarketplaceFacilitator,11.99,0.84,3.99,0.28,0,0,0,0.00,0,-1.12,-3.60,0.00,0.00,0.00,12.38,Released,
"Sep 12, 2025 8:41:48 PM PDT",18799999977,Order,111-9105761-1700636,BK-005761,Mid-Century Atlas,1,amazon.com,Seller,,,,MarketplaceFacilitator,27.99,1.96,3.99,0.28,0,0,0,0.00,0,-2.24,-6.00,0.00,0.00,0.00,25.98,Released,
"Sep 12, 2025 11:50:12 PM PDT",18799999977,Order,112-4905902-0803885,CO-005902,Pre-owned Snow Globe,1,amazon.com,Seller,,,,MarketplaceFacilitator,40.99,2.87,5.99,0.42,0,0,0,0.00,0,-3.29,-6.15,0.00,0.00,0.00,40.83,Released,
"Sep 13, 2025 1:19:22 AM PDT",18799999977,Order,114-9705922-9503157,MD-005922,Like New Blu-ray Set,1,amazon.com,Seller,,,,MarketplaceFacilitator,6.99,0.49,3.99,0.28,0,0,0,0.00,0,-0.77,-2.85,0.00,0.00,0.00,8.13,Released,
"Sep 13, 2025 2:07:41 AM PDT",18799999977,Order,112-0005944-7764210,BK-005944,Antique Atlas,1,amazon.com,Seller,,,,MarketplaceFacilitator,15.99,1.12,3.99,0.28,0,0,0,0.00,0,-1.40,-4.20,0.00,0.00,0.00,15.78,Released,
"Sep 13, 2025 2:56:02 AM PDT",18799999977,Order,112-5605934-3179794,BK-005934,Classic Biography,1,amazon.com,Seller,,,,MarketplaceFacilitator,9.99,0.70,3.99,0.28,0,0,0,0.00,0,-0.98,-3.30,0.00,0.00,0.00,10.68,Released,
"Sep 13, 2025 3:17:07 AM PDT",18799999977,Order,111-6205937-9012639,MD-005937,Vintage Audiobook,1,amazon.com,Seller,,,,MarketplaceFacilitator,21.99,1.54,3.99,0.28,0,0,0,0.00,0,-1.82,-5.10,0.00,0.00,0.00,20.88,Released,
"Sep 13, 2025 3:48:35 AM PDT",18799999977,Order,113-1305921-6281157,BK-005921,Like New Hardcover Novel,1,amazon.com,Seller,,,,MarketplaceFacilitator,8.99,0.63,3.99,0.28,0,0,0,0.00,0,-0.91,-3.15,0.00,0.00,0.00,9.83,Released,
"Sep 13, 2025 3:50:48 AM PDT",18799999977,Order,112-0605945-9698229,BK-005945,Mid-Century Textbook,1,amazon.com,Seller,,,,MarketplaceFacilitator,7.99,0.56,3.99,0.28,0,0,0,0.00,0,-0.84,-3.00,0.00,0.00,0.00,8.98,Released,
"Sep 13, 2025 4:17:24 AM PDT",18799999977,Order,114-4005905-4196596,BK-005905,Like New Biography,1,amazon.com,Seller,,,,MarketplaceFacilitator,20.99,1.47,3.99,0.28,0,0,0,0.00,0,-1.75,-4.95,0.00,0.00,0.00,20.03,Released,
"Sep 13, 2025 4:48:41 AM PDT",18799999977,Order,113-7005939-2493703,CO-005939,Handmade Figurine,1,amazon.com,Seller,,,,MarketplaceFacilitator,25.99,1.82,5.99,0.42,0,0,0,0.00,0,-2.24,-3.90,0.00,0.00,0.00,28.08,Released,
"Sep 13, 2025 5:46:10 AM PDT",18799999977,Order,113-5605911-2108344,BK-005911,Used Cookbook,1,amazon.com,Seller,,,,MarketplaceFacilitator,7.99,0.56,3.99,0.28,0,0,0,0.00,0,-0.84,-3.00,0.00,0.00,0.00,8.98,Released,
"Sep 13, 2025 5:59:54 AM PDT",18799999977,Order,112-0205947-6280487,MD-005947,Used DVD Box Set,1,amazon.com,Seller,,,,MarketplaceFacilitator,8.99,0.63,3.99,0.28,0,0,0,0.00,0,-0.91,-3.15,0.00,0.00,0.00,9.83,Released,
"Sep 13, 2025 6:15:30 AM PDT",18799999977,Order,112-6905946-2362792,BK-005946,Antique Textbook,1,amazon.com,Seller,,,,MarketplaceFacilitator,8.99,0.63,3.99,0.28,0,0,0,0.00,0,-0.91,-3.15,0.00,0.00,0.00,9.83,Released,
"Sep 13, 2025 6:37:03 AM PDT",18799999977,Order,112-2105907-1661154,BK-005907,Classic Cookbook,1,amazon.com,Seller,,,,MarketplaceFacilitator,33.99,2.38,3.99,0.28,0,0,0,0.00,0,-2.66,-6.90,0.00,0.00,0.00,31.08,Released,
"Sep 13, 2025 7:57:29 AM PDT",18799999977,Order,113-8105928-7771383,BK-005928,Vintage Field Guide,1,amazon.com,Seller,,,,MarketplaceFacilitator,21.99,1.54,3.99,0.28,0,0,0,0.00,0,-1.82,-5.10,0.00,0.00,0.00,20.88,Released,
"Sep 13, 2025 8:16:11 AM PDT",18799999977,Order,111-0105925-8716494,EL-005925,Classic Camera Lens,1,amazon.com,Seller,,,,MarketplaceFacilitator,25.99,1.82,5.99,0.42,0,0,0,0.00,0,-2.24,-3.90,0.00,0.00,0.00,28.08,Released,
"Sep 13, 2025 9:05:33 AM PDT",18799999977,Order,112-3305908-8276182,TY-005908,Retro Lego Lot,1,amazon.com,Seller,,,,MarketplaceFacilitator,9.99,0.70,5.99,0.42,0,0,0,0.00,0,-1.12,-1.50,0.00,0.00,0.00,14.48,Released,
"Sep 13, 2025 9:43:51 AM PDT",18799999977,Order,113-1605924-0320019,MD-005924,Retro CD Lot,1,amazon.com,Seller,,,,MarketplaceFacilitator,15.99,1.12,3.99,0.28,0,0,0,0.00,0,-1.40,-4.20,0.00,0.00,0.00,15.78,Released,
"Sep 13, 2025 10:10:19 AM PDT",18799999977,Order,114-0105900-6791600,BK-005900,Like New Cookbook,1,amazon.com,Seller,,,,MarketplaceFacilitator,14.99,1.05,3.99,0.28,0,0,0,0.00,0,-1.33,-4.05,0.00,0.00,0.00,14.93,Released,
"Sep 13, 2025 10:15:30 AM PDT",18799999977,Order,113-5305920-8340602,BK-005920,Handmade Hardcover Novel,1,amazon.com,Seller,,,,MarketplaceFacilitator,6.99,0.49,3.99,0.28,0,0,0,0.00,0,-0.77,-2.85,0.00,0.00,0.00,8.13,Released,
"Sep 13, 2025 10:25:05 AM PDT",18799999977,Order,113-5805923-3166092,MD-005923,Vintage Audiobook,1,amazon.com,Seller,,,,MarketplaceFacilitator,40.99,2.87,3.99,0.28,0,0,0,0.00,0,-3.15,-7.95,0.00,0.00,0.00,37.03,Released,
"Sep 13, 2025 10:31:22 AM PDT",18799999977,Order,113-8605933-3496856,BK-005933,Handmade Cookbook,1,amazon.com,Seller,,,,MarketplaceFacilitator,18.99,1.33,3.99,0.28,0,0,0,0.00,0,-1.61,-4.65,0.00,0.00,0.00,18.33,Released,
"Sep 13, 2025 10:49:04 AM PDT",18799999977,Order,114-7905942-5314462,MD-005942,Lot of 2 CD Lot,1,amazon.com,Seller,,,,MarketplaceFacilitator,22.99,1.61,3.99,0.28,0,0,0,0.00,0,-1.89,-5.25,0.00,0.00,0.00,21.73,Released,
"Sep 13, 2025 11:06:15 AM PDT",18799999977,Order,112-5405915-5395629,MD-005915,Like New Vinyl Record,1,amazon.com,Seller,,,,MarketplaceFacilitator,7.99,0.56,3.99,0.28,0,0,0,0.00,0,-0.84,-3.00,0.00,0.00,0.00,8.98,Released,
"Sep 13, 2025 11:12:57 AM PDT",18799999977,Order,112-6105943-2053653,MD-005943,Pre-owned Vinyl Record,1,amazon.com,Seller,,,,MarketplaceFacilitator,19.99,1.40,3.99,0.28,0,0,0,0.00,0,-1.68,-4.80,0.00,0.00,0.00,19.18,Released,
"Sep 13, 2025 11:22:29 AM PDT",18799999977,Order,113-1005926-3425866,BK-005926,Used Biography,1,amazon.com,Seller,,,,MarketplaceFacilitator,15.99,1.12,3.99,0.28,0,0,0,0.00,0,-1.40,-4.20,0.00,0.00,0.00,15.78,Released,
"Sep 13, 2025 11:36:05 AM PDT",18799999977,Order,112-1905919-0791961,MD-005919,Classic Vinyl Record,1,amazon.com,Seller,,,,MarketplaceFacilitator,19.99,1.40,3.99,0.28,0,0,0,0.00,0,-1.68,-4.80,0.00,0.00,0.00,19.18,Released,
"Sep 13, 2025 11:42:16 AM PDT",18799999977,Order,114-6205917-1229689,BK-005917,Mid-Century Biography,1,amazon.com,Seller,,,,MarketplaceFacilitator,4.99,0.35,3.99,0.28,0,0,0,0.00,0,-0.63,-2.55,0.00,0.00,0.00,6.43,Released,
"Sep 13, 2025 11:45:38 AM PDT",18799999977,Order,113-3105932-3812964,BK-005932,Pre-owned Field Guide,1,amazon.com,Seller,,,,MarketplaceFacilitator,8.99,0.63,3.99,0.28,0,0,0,0.00,0,-0.91,-3.15,0.00,0.00,0.00,9.83,Released,
"Sep 13, 2025 12:12:33 PM PDT",18799999977,Order,114-1705916-0534622,BK-005916,Pre-owned Hardcover Novel,1,amazon.com,Seller,,,,MarketplaceFacilitator,9.99,0.70,3.99,0.28,0,0,0,0.00,0,-0.98,-3.30,0.00,0.00,0.00,10.68,Released,
"Sep 13, 2025 12:54:53 PM PDT",18799999977,Order,114-6905912-0984904,BK-005912,Pre-owned Textbook,1,amazon.com,Seller,,,,MarketplaceFacilitator,23.99,1.68,3.99,0.28,0,0,0,0.00,0,-1.96,-5.40,0.00,0.00,0.00,22.58,Released,
"Sep 13, 2025 1:14:53 PM PDT",18799999977,Order,111-5705935-4599306,BK-005935,Handmade Cookbook,1,amazon.com,Seller,,,,MarketplaceFacilitator,31.99,2.24,3.99,0.28,0,0,0,0.00,0,-2.52,-6.60,0.00,0.00,0.00,29.38,Released,
"Sep 13, 2025 1:34:52 PM PDT",18799999977,Order,113-4405927-6893131,BK-005927,Used Field Guide,1,amazon.com,Seller,,,,MarketplaceFacilitator,3.99,0.28,3.99,0.28,0,0,0,0.00,0,-0.56,-2.40,0.00,0.00,0.00,5.58,Released,
"Sep 13, 2025 1:46:03 PM PDT",18799999977,Refund,112-1905919-0791961,MD-005919,Classic Vinyl Record,1,amazon.com,Seller,,,,MarketplaceFacilitator,-19.99,-1.40,-3.99,-0.28,0,0,0,0.00,0,1.68,3.84,0.00,0.00,0.00,-20.14,Released,
"Sep 13, 2025 2:31:06 PM PDT",18799999977,Order,114-8805903-1283794,BK-005903,Retro Paperback Lot,1,amazon.com,Seller,,,,MarketplaceFacilitator,12.99,0.91,3.99,0.28,0,0,0,0.00,0,-1.19,-3.75,0.00,0.00,0.00,13.23,Released,
"Sep 13, 2025 2:36:39 PM PDT",18799999977,Order,111-7705940-3292326,BK-005940,Vintage Hardcover Novel,1,amazon.com,Seller,,,,MarketplaceFacilitator,8.99,0.63,3.99,0.28,0,0,0,0.00,0,-0.91,-3.15,0.00,0.00,0.00,9.83,Released,
"Sep 13, 2025 2:47:58 PM PDT",18799999977,Order,113-2105909-9392473,BK-005909,Mid-Century Paperback Lot,1,amazon.com,Seller,,,,MarketplaceFacilitator,9.99,0.70,3.99,0.28,0,0,0,0.00,0,-0.98,-3.30,0.00,0.00,0.00,10.68,Released,
"Sep 13, 2025 2:53:22 PM PDT",18799999977,Order,112-8805906-8684740,BK-005906,Retro Biography,1,amazon.com,Seller,,,,MarketplaceFacilitator,19.99,1.40,3.99,0.28,0,0,0,0.00,0,-1.68,-4.80,0.00,0.00,0.00,19.18,Released,
"Sep 13, 2025 3:17:16 PM PDT",18799999977,Order,113-6805904-4585252,BK-005904,Handmade Cookbook,1,amazon.com,Seller,,,,MarketplaceFacilitator,11.99,0.84,3.99,0.28,0,0,0,0.00,0,-1.12,-3.60,0.00,0.00,0.00,12.38,Released,
"Sep 13, 2025 3:20:39 PM PDT",18799999977,Order,114-9105901-0191918,MD-005901,Classic DVD Box Set,1,amazon.com,Seller,,,,MarketplaceFacilitator,14.99,1.05,3.99,0.28,0,0,0,0.00,0,-1.33,-4.05,0.00,0.00,0.00,14.93,Released,
"Sep 13, 2025 3:45:55 PM PDT",18799999977,Order,113-0005898-7409958,TY-005898,Mid-Century Board Game,1,amazon.com,Seller,,,,MarketplaceFacilitator,16.99,1.19,5.99,0.42,0,0,0,0.00,0,-1.61,-2.55,0.00,0.00,0.00,20.43,Released,
"Sep 13, 2025 4:43:11 PM PDT",18799999977,Order,114-9205899-6942699,MD-005899,Classic Blu-ray Set,1,amazon.com,Seller,,,,MarketplaceFacilitator,8.99,0.63,3.99,0.28,0,0,0,0.00,0,-0.91,-3.15,0.00,0.00,0.00,9.83,Released,
"Sep 13, 2025 4:49:07 PM PDT",18799999977,Order,113-6105910-2228827,MD-005910,Used Vinyl Record,1,amazon.com,Seller,,,,MarketplaceFacilitator,10.99,0.77,3.99,0.28,0,0,0,0.00,0,-1.05,-3.45,0.00,0.00,0.00,11.53,Released,
"Sep 13, 2025 5:03:56 PM PDT",18799999977,Order,113-3405931-0632996,MD-005931,Used DVD Box Set,1,amazon.com,Seller,,,,MarketplaceFacilitator,27.99,1.96,3.99,0.28,0,0,0,0.00,0,-2.24,-6.00,0.00,0.00,0.00,25.98,Released,
"Sep 13, 2025 5:40:04 PM PDT",18799999977,Order,111-0605918-1469552,BK-005918,Retro Poetry Collection,1,amazon.com,Seller,,,,MarketplaceFacilitator,8.99,0.63,3.99,0.28,0,0,0,0.00,0,-0.91,-3.15,0.00,0.00,0.00,9.83,Released,
"Sep 13, 2025 5:50:00 PM PDT",18799999977,Order,113-4405930-8490901,BK-005930,Mid-Century Poetry Collection,1,amazon.com,Seller,,,,MarketplaceFacilitator,16.99,1.19,3.99,0.28,0,0,0,0.00,0,-1.47,-4.35,0.00,0.00,0.00,16.63,Released,
"Sep 13, 2025 6:42:27 PM PDT",18799999977,Order,112-9805914-4914842,BK-005914,Like New Atlas,1,amazon.com,Seller,,,,MarketplaceFacilitator,8.99,0.63,3.99,0.28,0,0,0,0.00,0,-0.91,-3.15,0.00,0.00,0.00,9.83,Released,
"Sep 13, 2025 6:54:29 PM PDT",18799999977,Order,111-0705948-8733233,EL-005948,Antique Portable Radio,1,amazon.com,Seller,,,,MarketplaceFacilitator,18.99,1.33,5.99,0.42,0,0,0,0.00,0,-1.75,-2.85,0.00,0.00,0.00,22.13,Released,
"Sep 13, 2025 7:06:20 PM PDT",18799999977,Order,114-5105941-0549902,CO-005941,Like New Pewter Mug,1,amazon.com,Seller,,,,MarketplaceFacilitator,20.99,1.47,5.99,0.42,0,0,0,0.00,0,-1.89,-3.15,0.00,0.00,0.00,23.83,Released,
"Sep 13, 2025 7:50:48 PM PDT",18799999977,Order,111-9805929-4799404,BK-005929,Vintage Hardcover Novel,1,amazon.com,Seller,,,,MarketplaceFacilitator,19.99,1.40,3.99,0.28,0,0,0,0.00,0,-1.68,-4.80,0.00,0.00,0.00,19.18,Released,
"Sep 13, 2025 7:51:09 PM PDT",18799999977,Order,111-1405938-7889322,BK-005938,Lot of 2 Paperback Lot,1,amazon.com,Seller,,,,MarketplaceFacilitator,25.99,1.82,3.99,0.28,0,0,0,0.00,0,-2.10,-5.70,0.00,0.00,0.00,24.28,Released,
"Sep 13, 2025 7:56:41 PM PDT",18799999977,Order,113-4505913-0799370,BK-005913,Lot of 2 Hardcover Novel,1,amazon.com,Seller,,,,MarketplaceFacilitator,10.99,0.77,3.99,0.28,0,0,0,0.00,0,-1.05,-3.45,0.00,0.00,0.00,11.53,Released,
"Sep 13, 2025 8:42:11 PM PDT",18799999977,Order,112-9905936-4217455,BK-005936,Like New Field Guide,1,amazon.com,Seller,,,,MarketplaceFacilitator,22.99,1.61,3.99,0.28,0,0,0,0.00,0,-1.89,-5.25,0.00,0.00,0.00,21.73,Released,
"Sep 13, 2025 10:35:43 PM PDT",18799999977,Order,113-9106097-6032038,CO-006097,Mid-Century Trading Card Lot,1,amazon.com,Seller,,,,MarketplaceFacilitator,31.99,2.24,5.99,0.42,0,0,0,0.00,0,-2.66,-4.80,0.00,0.00,0.00,33.18,Released,
"Sep 13, 2025 11:15:07 PM PDT",18799999977,Order,113-9906107-8596341,MD-006107,Like New Blu-ray Set,1,amazon.com,Seller,,,,MarketplaceFacilitator,5.99,0.42,3.99,0.28,0,0,0,0.00,0,-0.70,-2.70,0.00,0.00,0.00,7.28,Released,
"Sep 13, 2025 11:17:23 PM PDT",18799999977,Order,114-7306108-5165610,MD-006108,Mid-Century Audiobook,1,amazon.com,Seller,,,,MarketplaceFacilitator,17.99,1.26,3.99,0.28,0,0,0,0.00,0,-1.54,-4.50,0.00,0.00,0.00,17.48,Released,
"Sep 13, 2025 11:29:53 PM PDT",18799999977,Order,112-7206111-4502337,BK-006111,Handmade Atlas,1,amazon.com,Seller,,,,MarketplaceFacilitator,8.99,0.63,3.99,0.28,0,0,0,0.00,0,-0.91,-3.15,0.00,0.00,0.00,9.83,Released,
"Sep 13, 2025 11:49:43 PM PDT",18799999977,Order,111-4706105-9575542,MD-006105,Vintage Blu-ray Set,1,amazon.com,Seller,,,,MarketplaceFacilitator,15.99,1.12,3.99,0.28,0,0,0,0.00,0,-1.40,-4.20,0.00,0.00,0.00,15.78,Released,
"Sep 13, 2025 11:50:45 PM PDT",18799999977,Order,114-8006084-4709420,MD-006084,Lot of 2 DVD Box Set,1,amazon.com,Seller,,,,MarketplaceFacilitator,17.99,1.26,3.99,0.28,0,0,0,0.00,0,-1.54,-4.50,0.00,0.00,0.00,17.48,Released,
"Sep 14, 2025 12:28:36 AM PDT",18799999977,Order,114-5206093-7206025,EL-006093,Pre-owned Portable Radio,1,amazon.com,Seller,,,,MarketplaceFacilitator,35.99,2.52,5.99,0.42,0,0,0,0.00,0,-2.94,-5.40,0.00,0.00,0.00,36.58,Released,
"Sep 14, 2025 12:45:37 AM PDT",18799999977,Order,111-7706109-0431820,BK-006109,Lot of 2 Hardcover Novel,1,amazon.com,Seller,,,,MarketplaceFacilitator,25.99,1.82,3.99,0.28,0,0,0,0.00,0,-2.10,-5.70,0.00,0.00,0.00,24.28,Released,
"Sep 14, 2025 2:04:12 AM PDT",18799999977,Order,112-5606074-0290135,CO-006074,Vintage Snow Globe,1,amazon.com,Seller,,,,MarketplaceFacilitator,38.99,2.73,5.99,0.42,0,0,0,0.00,0,-3.15,-5.85,0.00,0.00,0.00,39.13,Released,
"Sep 14, 2025 2:31:22 AM PDT",18799999977,Order,112-4606096-5249201,BK-006096,Antique Poetry Collection,1,amazon.com,Seller,,,,MarketplaceFacilitator,5.99,0.42,3.99,0.28,0,0,0,0.00,0,-0.70,-2.70,0.00,0.00,0.00,7.28,Released,
"Sep 14, 2025 3:39:53 AM PDT",18799999977,Order,113-4006078-6551488,BK-006078,Retro Field Guide,1,amazon.com,Seller,,,,MarketplaceFacilitator,5.99,0.42,3.99,0.28,0,0,0,0.00,0,-0.70,-2.70,0.00,0.00,0.00,7.28,Released,
"Sep 14, 2025 4:20:49 AM PDT",18799999977,Order,113-5906066-0630715,CO-006066,Mid-Century Snow Globe,1,amazon.com,Seller,,,,MarketplaceFacilitator,3.99,0.28,5.99,0.42,0,0,0,0.00,0,-0.70,-0.60,0.00,0.00,0.00,9.38,Released,
"Sep 14, 2025 5:16:51 AM PDT",18799999977,Order,111-1006077-6929516,BK-006077,Like New Cookbook,1,amazon.com,Seller,,,,MarketplaceFacilitator,6.99,0.49,3.99,0.28,0,0,0,0.00,0,-0.77,-2.85,0.00,0.00,0.00,8.13,Released,
"Sep 14, 2025 6:03:20 AM PDT",18799999977,Order,112-1906099-5635698,CO-006099,Mid-Century Trading Card Lot,1,amazon.com,Seller,,,,MarketplaceFacilitator,21.99,1.54,5.99,0.42,0,0,0,0.00,0,-1.96,-3.30,0.00,0.00,0.00,24.68,Released,
"Sep 14, 2025 6:26:40 AM PDT",18799999977,Order,114-4006065-7916161,BK-006065,Used Poetry Collection,1,amazon.com,Seller,,,,MarketplaceFacilitator,5.99,0.42,3.99,0.28,0,0,0,0.00,0,-0.70,-2.70,0.00,0.00,0.00,7.28,Released,
"Sep 14, 2025 7:16:04 AM PDT",18799999977,Order,112-7006112-9727178,MD-006112,Classic Audiobook,1,amazon.com,Seller,,,,MarketplaceFacilitator,9.99,0.70,3.99,0.28,0,0,0,0.00,0,-0.98,-3.30,0.00,0.00,0.00,10.68,Released,
"Sep 14, 2025 7:30:31 AM PDT",18799999977,Order,114-1106098-9018731,BK-006098,Vintage Poetry Collection,1,amazon.com,Seller,,,,MarketplaceFacilitator,8.99,0.63,3.99,0.28,0,0,0,0.00,0,-0.91,-3.15,0.00,0.00,0.00,9.83,Released,
"Sep 14, 2025 7:36:34 AM PDT",18799999977,Order,113-2706083-7766945,BK-006083,Used Hardcover Novel,1,amazon.com,Seller,,,,MarketplaceFacilitator,56.99,3.99,3.99,0.28,0,0,0,0.00,0,-4.27,-10.35,0.00,0.00,0.00,50.63,Released,
"Sep 14, 2025 7:40:36 AM PDT",18799999977,Order,112-4606071-7376824,BK-006071,Like New Hardcover Novel,1,amazon.com,Seller,,,,MarketplaceFacilitator,14.99,1.05,3.99,0.28,0,0,0,0.00,0,-1.33,-4.05,0.00,0.00,0.00,14.93,Released,
"Sep 14, 2025 8:53:56 AM PDT",18799999977,Order,111-8706076-9387659,MD-006076,Like New Blu-ray Set,1,amazon.com,Seller,,,,MarketplaceFacilitator,11.99,0.84,3.99,0.28,0,0,0,0.00,0,-1.12,-3.60,0.00,0.00,0.00,12.38,Released,
"Sep 14, 2025 8:55:59 AM PDT",18799999977,Order,112-4306085-4448851,BK-006085,Lot of 2 Textbook,1,amazon.com,Seller,,,,MarketplaceFacilitator,10.99,0.77,3.99,0.28,0,0,0,0.00,0,-1.05,-3.45,0.00,0.00,0.00,11.53,Released,
"Sep 14, 2025 9:12:20 AM PDT",18799999977,Order,113-7506063-1993251,BK-006063,Used Atlas,1,amazon.com,Seller,,,,MarketplaceFacilitator,14.99,1.05,3.99,0.28,0,0,0,0.00,0,-1.33,-4.05,0.00,0.00,0.00,14.93,Released,
"Sep 14, 2025 9:24:38 AM PDT",18799999977,Order,112-4206080-3706185,BK-006080,Used Hardcover Novel,1,amazon.com,Seller,,,,MarketplaceFacilitator,7.99,0.56,3.99,0.28,0,0,0,0.00,0,-0.84,-3.00,0.00,0.00,0.00,8.98,Released,
"Sep 14, 2025 9:24:38 AM PDT",18799999977,Order,112-0006081-7755574,BK-006081,Classic Poetry Collection,1,amazon.com,Seller,,,,MarketplaceFacilitator,2.99,0.21,3.99,0.28,0,0,0,0.00,0,-0.49,-2.25,0.00,0.00,0.00,4.73,Released,
"Sep 14, 2025 11:32:13 AM PDT",18799999977,Order,114-3006086-9718030,BK-006086,Vintage Poetry Collection,1,amazon.com,Seller,,,,MarketplaceFacilitator,4.99,0.35,3.99,0.28,0,0,0,0.00,0,-0.63,-2.55,0.00,0.00,0.00,6.43,Released,
"Sep 14, 2025 12:49:27 PM PDT",18799999977,Order,113-5306087-7132962,BK-006087,Used Atlas,1,amazon.com,Seller,,,,MarketplaceFacilitator,8.99,0.63,3.99,0.28,0,0,0,0.00,0,-0.91,-3.15,0.00,0.00,0.00,9.83,Released,
"Sep 14, 2025 12:52:16 PM PDT",18799999977,Order,113-8906082-1379865,BK-006082,Pre-owned Atlas,1,amazon.com,Seller,,,,MarketplaceFacilitator,12.99,0.91,3.99,0.28,0,0,0,0.00,0,-1.19,-3.75,0.00,0.00,0.00,13.23,Released,
"Sep 14, 2025 1:10:00 PM PDT",18799999977,Order,111-6006067-8984660,MD-006067,Handmade Vinyl Record,1,amazon.com,Seller,,,,MarketplaceFacilitator,12.99,0.91,3.99,0.28,0,0,0,0.00,0,-1.19,-3.75,0.00,0.00,0.00,13.23,Released,
"Sep 14, 2025 1:14:27 PM PDT",18799999977,Order,112-1406090-4082250,BK-006090,Like New Poetry Collection,1,amazon.com,Seller,,,,MarketplaceFacilitator,7.99,0.56,3.99,0.28,0,0,0,0.00,0,-0.84,-3.00,0.00,0.00,0.00,8.98,Released,
"Sep 14, 2025 1:41:38 PM PDT",18799999977,Order,114-9206101-2315371,BK-006101,Used Cookbook,1,amazon.com,Seller,,,,MarketplaceFacilitator,14.99,1.05,3.99,0.28,0,0,0,0.00,0,-1.33,-4.05,0.00,0.00,0.00,14.93,Released,
"Sep 14, 2025 1:57:25 PM PDT",18799999977,Order,112-2206091-4209131,BK-006091,Used Field Guide,1,amazon.com,Seller,,,,MarketplaceFacilitator,16.99,1.19,3.99,0.28,0,0,0,0.00,0,-1.47,-4.35,0.00,0.00,0.00,16.63,Released,
"Sep 14, 2025 2:22:38 PM PDT",18799999977,Order,114-8906062-0534054,CO-006062,Handmade Figurine,1,amazon.com,Seller,,,,MarketplaceFacilitator,14.99,1.05,5.99,0.42,0,0,0,0.00,0,-1.47,-2.25,0.00,0.00,0.00,18.73,Released,
"Sep 14, 2025 2:39:53 PM PDT",18799999977,Order,112-0506089-0782850,BK-006089,Lot of 2 Biography,1,amazon.com,Seller,,,,MarketplaceFacilitator,3.99,0.28,3.99,0.28,0,0,0,0.00,0,-0.56,-2.40,0.00,0.00,0.00,5.58,Released,
"Sep 14, 2025 3:04:31 PM PDT",18799999977,Order,114-5906100-4138878,BK-006100,Like New Paperback Lot,1,amazon.com,Seller,,,,MarketplaceFacilitator,14.99,1.05,3.99,0.28,0,0,0,0.00,0,-1.33,-4.05,0.00,0.00,0.00,14.93,Released,
"Sep 14, 2025 3:04:53 PM PDT",18799999977,Order,114-7606069-8942555,BK-006069,Used Paperback Lot,1,amazon.com,Seller,,,,MarketplaceFacilitator,12.99,0.91,3.99,0.28,0,0,0,0.00,0,-1.19,-3.75,0.00,0.00,0.00,13.23,Released,
"Sep 14, 2025 3:05:40 PM PDT",18799999977,Order,113-2506103-8703285,TY-006103,Pre-owned Puzzle 1000pc,1,amazon.com,Seller,,,,MarketplaceFacilitator,18.99,1.33,5.99,0.42,0,0,0,0.00,0,-1.75,-2.85,0.00,0.00,0.00,22.13,Released,
"Sep 14, 2025 3:09:11 PM PDT",18799999977,Refund,114-9206101-2315371,BK-006101,Used Cookbook,1,amazon.com,Seller,,,,MarketplaceFacilitator,-14.99,-1.05,-3.99,-0.28,0,0,0,0.00,0,1.33,3.24,0.00,0.00,0.00,-15.74,Released,
"Sep 14, 2025 3:14:09 PM PDT",18799999977,Order,111-5906092-1960001,CO-006092,Classic Coin Lot,1,amazon.com,Seller,,,,MarketplaceFacilitator,17.99,1.26,5.99,0.42,0,0,0,0.00,0,-1.68,-2.70,0.00,0.00,0.00,21.28,Released,
"Sep 14, 2025 3:32:10 PM PDT",18799999977,Order,111-8106104-6287701,BK-006104,Mid-Century Atlas,1,amazon.com,Seller,,,,MarketplaceFacilitator,34.99,2.45,3.99,0.28,0,0,0,0.00,0,-2.73,-7.05,0.00,0.00,0.00,31.93,Released,
"Sep 14, 2025 3:38:38 PM PDT",18799999977,Order,111-4106106-7920506,CO-006106,Pre-owned Snow Globe,1,amazon.com,Seller,,,,MarketplaceFacilitator,27.99,1.96,5.99,0.42,0,0,0,0.00,0,-2.38,-4.20,0.00,0.00,0.00,29.78,Released,
"Sep 14, 2025 3:49:01 PM PDT",18799999977,Order,112-7506073-0503339,BK-006073,Antique Cookbook,1,amazon.com,Seller,,,,MarketplaceFacilitator,23.99,1.68,3.99,0.28,0,0,0,0.00,0,-1.96,-5.40,0.00,0.00,0.00,22.58,Released,
"Sep 14, 2025 4:46:27 PM PDT",18799999977,Refund,111-5906092-1960001,CO-006092,Classic Coin Lot,1,amazon.com,Seller,,,,MarketplaceFacilitator,-17.99,-1.26,-5.99,-0.42,0,0,0,0.00,0,1.68,2.16,0.00,0.00,0.00,-21.82,Released,
"Sep 14, 2025 5:47:09 PM PDT",18799999977,Order,113-9206060-6460721,BK-006060,Retro Poetry Collection,1,amazon.com,Seller,,,,MarketplaceFacilitator,26.99,1.89,3.99,0.28,0,0,0,0.00,0,-2.17,-5.85,0.00,0.00,0.00,25.13,Released,
"Sep 14, 2025 6:10:46 PM PDT",18799999977,Order,113-1306070-1491469,BK-006070,Lot of 2 Hardcover Novel,1,amazon.com,Seller,,,,MarketplaceFacilitator,6.99,0.49,3.99,0.28,0,0,0,0.00,0,-0.77,-2.85,0.00,0.00,0.00,8.13,Released,
"Sep 14, 2025 6:12:51 PM PDT",18799999977,Order,114-5906079-4194188,BK-006079,Like New Paperback Lot,1,amazon.com,Seller,,,,MarketplaceFacilitator,8.99,0.63,3.99,0.28,0,0,0,0.00,0,-0.91,-3.15,0.00,0.00,0.00,9.83,Released,
"Sep 14, 2025 6:41:37 PM PDT",18799999977,Order,111-5806075-9741742,TY-006075,Vintage Lego Lot,1,amazon.com,Seller,,,,MarketplaceFacilitator,4.99,0.35,5.99,0.42,0,0,0,0.00,0,-0.77,-0.75,0.00,0.00,0.00,10.23,Released,
"Sep 14, 2025 6:54:32 PM PDT",18799999977,Order,111-7106102-9450964,BK-006102,Antique Hardcover Novel,1,amazon.com,Seller,,,,MarketplaceFacilitator,24.99,1.75,3.99,0.28,0,0,0,0.00,0,-2.03,-5.55,0.00,0.00,0.00,23.43,Released,
"Sep 14, 2025 7:16:53 PM PDT",18799999977,Order,111-4406095-8995355,TY-006095,Lot of 2 Board Game,1,amazon.com,Seller,,,,MarketplaceFacilitator,9.99,0.70,5.99,0.42,0,0,0,0.00,0,-1.12,-1.50,0.00,0.00,0.00,14.48,Released,
"Sep 14, 2025 7:20:08 PM PDT",18799999977,Order,112-0506068-3086108,MD-006068,Antique Vinyl Record,1,amazon.com,Seller,,,,MarketplaceFacilitator,11.99,0.84,3.99,0.28,0,0,0,0.00,0,-1.12,-3.60,0.00,0.00,0.00,12.38,Released,
"Sep 14, 2025 8:25:44 PM PDT",18799999977,Order,114-1006088-0804924,BK-006088,Handmade Biography,1,amazon.com,Seller,,,,MarketplaceFacilitator,15.99,1.12,3.99,0.28,0,0,0,0.00,0,-1.40,-4.20,0.00,0.00,0.00,15.78,Released,
"Sep 14, 2025 8:25:57 PM PDT",18799999977,Order,111-6806072-4585525,MD-006072,Classic Vinyl Record,1,amazon.com,Seller,,,,MarketplaceFacilitator,5.99,0.42,3.99,0.28,0,0,0,0.00,0,-0.70,-2.70,0.00,0.00,0.00,7.28,Released,
"Sep 14, 2025 8:34:04 PM PDT",18799999977,Order,111-9106064-1103182,MD-006064,Classic Blu-ray Set,1,amazon.com,Seller,,,,MarketplaceFacilitator,8.99,0.63,3.99,0.28,0,0,0,0.00,0,-0.91,-3.15,0.00,0.00,0.00,9.83,Released,
"Sep 14, 2025 8:37:56 PM PDT",18799999977,Order,113-1906110-4814218,BK-006110,Handmade Paperback Lot,1,amazon.com,Seller,,,,MarketplaceFacilitator,6.99,0.49,3.99,0.28,0,0,0,0.00,0,-0.77,-2.85,0.00,0.00,0.00,8.13,Released,
"Sep 14, 2025 8:48:44 PM PDT",18799999977,Order,112-5106061-5461627,BK-006061,Lot of 2 Biography,1,amazon.com,Seller,,,,MarketplaceFacilitator,17.99,1.26,3.99,0.28,0,0,0,0.00,0,-1.54,-4.50,0.00,0.00,0.00,17.48,Released,
"Sep 14, 2025 8:50:46 PM PDT",18799999977,Order,114-2506094-8194227,MD-006094,Like New CD Lot,1,amazon.com,Seller,,,,MarketplaceFacilitator,24.99,1.75,3.99,0.28,0,0,0,0.00,0,-2.03,-5.55,0.00,0.00,0.00,23.43,Released,
"Sep 15, 2025 12:50:21 AM PDT",18799999977,Order,112-2706235-4206648,MD-006235,Classic DVD Box Set,1,amazon.com,Seller,,,,MarketplaceFacilitator,8.99,0.63,3.99,0.28,0,0,0,0.00,0,-0.91,-3.15,0.00,0.00,0.00,9.83,Released,
"Sep 15, 2025 1:01:26 AM PDT",18799999977,Order,111-8706221-7211547,BK-006221,Used Field Guide,1,amazon.com,Seller,,,,MarketplaceFacilitator,8.99,0.63,3.99,0.28,0,0,0,0.00,0,-0.91,-3.15,0.00,0.00,0.00,9.83,Released,
"Sep 15, 2025 1:02:28 AM PDT",18799999977,Order,111-2806248-6218614,BK-006248,Like New Biography,1,amazon.com,Seller,,,,MarketplaceFacilitator,17.99,1.26,3.99,0.28,0,0,0,0.00,0,-1.54,-4.50,0.00,0.00,0.00,17.48,Released,
"Sep 15, 2025 2:17:20 AM PDT",18799999977,Order,113-3506218-6995730,BK-006218,Pre-owned Field Guide,1,amazon.com,Seller,,,,MarketplaceFacilitator,8.99,0.63,3.99,0.28,0,0,0,0.00,0,-0.91,-3.15,0.00,0.00,0.00,9.83,Released,
"Sep 15, 2025 2:22:44 AM PDT",18799999977,Order,111-2606225-9986517,EL-006225,Pre-owned Film Camera,1,amazon.com,Seller,,,,MarketplaceFacilitator,57.99,4.06,5.99,0.42,0,0,0,0.00,0,-4.48,-8.70,0.00,0.00,0.00,55.28,Released,
"Sep 15, 2025 3:08:59 AM PDT",18799999977,Order,114-7806249-2629728,MD-006249,Lot of 2 DVD Box Set,1,amazon.com,Seller,,,,MarketplaceFacilitator,36.99,2.59,3.99,0.28,0,0,0,0.00,0,-2.87,-7.35,0.00,0.00,0.00,33.63,Released,
"Sep 15, 2025 3:35:11 AM PDT",18799999977,Order,113-2906250-5391841,BK-006250,Classic Hardcover Novel,1,amazon.com,Seller,,,,MarketplaceFacilitator,5.99,0.42,3.99,0.28,0,0,0,0.00,0,-0.70,-2.70,0.00,0.00,0.00,7.28,Released,
"Sep 15, 2025 4:28:45 AM PDT",18799999977,Order,111-6806241-0863785,MD-006241,Classic CD Lot,1,amazon.com,Seller,,,,MarketplaceFacilitator,8.99,0.63,3.99,0.28,0,0,0,0.00,0,-0.91,-3.15,0.00,0.00,0.00,9.83,Released,
"Sep 15, 2025 4:52:03 AM PDT",18799999977,Order,111-8206216-8652939,MD-006216,Used Blu-ray Set,1,amazon.com,Seller,,,,MarketplaceFacilitator,4.99,0.35,3.99,0.28,0,0,0,0.00,0,-0.63,-2.55,0.00,0.00,0.00,6.43,Released,
"Sep 15, 2025 4:58:07 AM PDT",18799999977,Order,113-9306243-9945520,MD-006243,Pre-owned Vinyl Record,1,amazon.com,Seller,,,,MarketplaceFacilitator,5.99,0.42,3.99,0.28,0,0,0,0.00,0,-0.70,-2.70,0.00,0.00,0.00,7.28,Released,
"Sep 15, 2025 5:39:55 AM PDT",18799999977,Order,111-2206209-4489775,BK-006209,Used Field Guide,1,amazon.com,Seller,,,,MarketplaceFacilitator,24.99,1.75,3.99,0.28,0,0,0,0.00,0,-2.03,-5.55,0.00,0.00,0.00,23.43,Released,
"Sep 15, 2025 5:59:20 AM PDT",18799999977,Order,113-6006220-3250057,BK-006220,Lot of 2 Hardcover Novel,1,amazon.com,Seller,,,,MarketplaceFacilitator,5.99,0.42,3.99,0.28,0,0,0,0.00,0,-0.70,-2.70,0.00,0.00,0.00,7.28,Released,
"Sep 15, 2025 6:48:18 AM PDT",18799999977,Order,113-6406251-8033409,BK-006251,Like New Atlas,1,amazon.com,Seller,,,,MarketplaceFacilitator,17.99,1.26,3.99,0.28,0,0,0,0.00,0,-1.54,-4.50,0.00,0.00,0.00,17.48,Released,
"Sep 15, 2025 7:10:43 AM PDT",18799999977,Order,112-2606247-2551615,BK-006247,Like New Paperback Lot,1,amazon.com,Seller,,,,MarketplaceFacilitator,15.99,1.12,3.99,0.28,0,0,0,0.00,0,-1.40,-4.20,0.00,0.00,0.00,15.78,Released,
"Sep 15, 2025 7:31:41 AM PDT",18799999977,Order,114-9906219-0446077,BK-006219,Pre-owned Paperback Lot,1,amazon.com,Seller,,,,MarketplaceFacilitator,8.99,0.63,3.99,0.28,0,0,0,0.00,0,-0.91,-3.15,0.00,0.00,0.00,9.83,Released,
"Sep 15, 2025 7:46:33 AM PDT",18799999977,Order,113-2406237-5579766,MD-006237,Classic Vinyl Record,1,amazon.com,Seller,,,,MarketplaceFacilitator,30.99,2.17,3.99,0.28,0,0,0,0.00,0,-2.45,-6.45,0.00,0.00,0.00,28.53,Released,
"Sep 15, 2025 7:47:28 AM PDT",18799999977,Order,114-9206246-4552441,BK-006246,Classic Paperback Lot,1,amazon.com,Seller,,,,MarketplaceFacilitator,6.99,0.49,3.99,0.28,0,0,0,0.00,0,-0.77,-2.85,0.00,0.00,0.00,8.13,Released,
"Sep 15, 2025 8:01:56 AM PDT",18799999977,Order,113-1306226-3251265,BK-006226,Pre-owned Atlas,1,amazon.com,Seller,,,,MarketplaceFacilitator,16.99,1.19,3.99,0.28,0,0,0,0.00,0,-1.47,-4.35,0.00,0.00,0.00,16.63,Released,
"Sep 15, 2025 8:53:21 AM PDT",18799999977,Order,111-0906214-2371759,TY-006214,Vintage Plush Bear,1,amazon.com,Seller,,,,MarketplaceFacilitator,33.99,2.38,5.99,0.42,0,0,0,0.00,0,-2.80,-5.10,0.00,0.00,0.00,34.88,Released,
"Sep 15, 2025 9:54:00 AM PDT",18799999977,Order,114-4906233-1150676,CO-006233,Lot of 2 Snow Globe,1,amazon.com,Seller,,,,MarketplaceFacilitator,19.99,1.40,5.99,0.42,0,0,0,0.00,0,-1.82,-3.00,0.00,0.00,0.00,22.98,Released,
"Sep 15, 2025 11:25:47 AM PDT",18799999977,Order,113-8806240-3431813,BK-006240,Antique Textbook,1,amazon.com,Seller,,,,MarketplaceFacilitator,4.99,0.35,3.99,0.28,0,0,0,0.00,0,-0.63,-2.55,0.00,0.00,0.00,6.43,Released,
"Sep 15, 2025 12:15:00 PM PDT",18799999977,Service Fee,,,Cost of Advertising,,,,,,,,0.00,0.00,0.00,0.00,0,0,0,0.00,0,0.00,0.00,0.00,0.00,-23.77,-23.77,Released,
"Sep 15, 2025 1:05:45 PM PDT",18799999977,Order,114-6706224-0459993,BK-006224,Pre-owned Hardcover Novel,1,amazon.com,Seller,,,,MarketplaceFacilitator,10.99,0.77,3.99,0.28,0,0,0,0.00,0,-1.05,-3.45,0.00,0.00,0.00,11.53,Released,
"Sep 15, 2025 1:16:40 PM PDT",18799999977,Order,113-3306229-8148747,BK-006229,Like New Textbook,1,amazon.com,Seller,,,,MarketplaceFacilitator,17.99,1.26,3.99,0.28,0,0,0,0.00,0,-1.54,-4.50,0.00,0.00,0.00,17.48,Released,
"Sep 15, 2025 1:33:23 PM PDT",18799999977,Order,114-4006239-3106751,BK-006239,Lot of 2 Biography,1,amazon.com,Seller,,,,MarketplaceFacilitator,11.99,0.84,3.99,0.28,0,0,0,0.00,0,-1.12,-3.60,0.00,0.00,0.00,12.38,Released,
"Sep 15, 2025 1:53:43 PM PDT",18799999977,Order,114-6406244-5267000,MD-006244,Pre-owned Vinyl Record,1,amazon.com,Seller,,,,MarketplaceFacilitator,36.99,2.59,3.99,0.28,0,0,0,0.00,0,-2.87,-7.35,0.00,0.00,0.00,33.63,Released,
"Sep 15, 2025 2:07:56 PM PDT",18799999977,Order,111-3306213-4332047,BK-006213,Used Biography,1,amazon.com,Seller,,,,MarketplaceFacilitator,5.99,0.42,3.99,0.28,0,0,0,0.00,0,-0.70,-2.70,0.00,0.00,0.00,7.28,Released,
"Sep 15, 2025 2:28:36 PM PDT",18799999977,Order,113-7806245-8107100,EL-006245,Handmade Turntable,1,amazon.com,Seller,,,,MarketplaceFacilitator,33.99,2.38,5.99,0.42,0,0,0,0.00,0,-2.80,-5.10,0.00,0.00,0.00,34.88,Released,
"Sep 15, 2025 2:28:37 PM PDT",18799999977,Order,111-3006234-3605635,BK-006234,Lot of 2 Poetry Collection,1,amazon.com,Seller,,,,MarketplaceFacilitator,32.99,2.31,3.99,0.28,0,0,0,0.00,0,-2.59,-6.75,0.00,0.00,0.00,30.23,Released,
"Sep 15, 2025 2:32:51 PM PDT",18799999977,Order,111-6006236-2848378,BK-006236,Like New Hardcover Novel,1,amazon.com,Seller,,,,MarketplaceFacilitator,16.99,1.19,3.99,0.28,0,0,0,0.00,0,-1.47,-4.35,0.00,0.00,0.00,16.63,Released,
"Sep 15, 2025 3:03:31 PM PDT",18799999977,Order,113-1306222-0020562,BK-006222,Lot of 2 Textbook,1,amazon.com,Seller,,,,MarketplaceFacilitator,11.99,0.84,3.99,0.28,0,0,0,0.00,0,-1.12,-3.60,0.00,0.00,0.00,12.38,Released,
"Sep 15, 2025 3:14:05 PM PDT",18799999977,Order,111-4606217-0940182,BK-006217,Used Hardcover Novel,1,amazon.com,Seller,,,,MarketplaceFacilitator,9.99,0.70,3.99,0.28,0,0,0,0.00,0,-0.98,-3.30,0.00,0.00,0.00,10.68,Released,
"Sep 15, 2025 3:18:51 PM PDT",18799999977,Order,114-5106212-5387255,BK-006212,Mid-Century Field Guide,1,amazon.com,Seller,,,,MarketplaceFacilitator,18.99,1.33,3.99,0.28,0,0,0,0.00,0,-1.61,-4.65,0.00,0.00,0.00,18.33,Released,
"Sep 15, 2025 3:27:25 PM PDT",18799999977,Order,114-0606231-8489293,BK-006231,Vintage Textbook,1,amazon.com,Seller,,,,MarketplaceFacilitator,6.99,0.49,3.99,0.28,0,0,0,0.00,0,-0.77,-2.85,0.00,0.00,0.00,8.13,Released,
"Sep 15, 2025 3:33:00 PM PDT",18799999977,Service Fee,,,Subscription,,,,,,,,0.00,0.00,0.00,0.00,0,0,0,0.00,0,0.00,0.00,0.00,0.00,-39.99,-39.99,Released,
"Sep 15, 2025 5:03:06 PM PDT",18799999977,Order,113-6706223-2650920,BK-006223,Used Hardcover Novel,1,amazon.com,Seller,,,,MarketplaceFacilitator,49.99,3.50,3.99,0.28,0,0,0,0.00,0,-3.78,-9.30,0.00,0.00,0.00,44.68,Released,
"Sep 15, 2025 5:37:00 PM PDT",18799999977,Order,111-6006232-5102021,BK-006232,Pre-owned Hardcover Novel,1,amazon.com,Seller,,,,MarketplaceFacilitator,20.99,1.47,3.99,0.28,0,0,0,0.00,0,-1.75,-4.95,0.00,0.00,0.00,20.03,Released,
"Sep 15, 2025 5:42:31 PM PDT",18799999977,Order,111-2306210-6336319,BK-006210,Mid-Century Atlas,1,amazon.com,Seller,,,,MarketplaceFacilitator,9.99,0.70,3.99,0.28,0,0,0,0.00,0,-0.98,-3.30,0.00,0.00,0.00,10.68,Released,
"Sep 15, 2025 5:42:41 PM PDT",18799999977,Order,112-8606228-2179683,CO-006228,Retro Pewter Mug,1,amazon.com,Seller,,,,MarketplaceFacilitator,94.99,6.65,5.99,0.42,0,0,0,0.00,0,-7.07,-14.25,0.00,0.00,0.00,86.73,Released,
"Sep 15, 2025 5:56:37 PM PDT",18799999977,Refund,111-3306213-4332047,BK-006213,Used Biography,1,amazon.com,Seller,,,,MarketplaceFacilitator,-5.99,-0.42,-3.99,-0.28,0,0,0,0.00,0,0.70,2.16,0.00,0.00,0.00,-7.82,Released,
"Sep 15, 2025 6:52:08 PM PDT",18799999977,Order,114-6806242-1847504,EL-006242,Like New Game Console,1,amazon.com,Seller,,,,MarketplaceFacilitator,33.99,2.38,5.99,0.42,0,0,0,0.00,0,-2.80,-5.10,0.00,0.00,0.00,34.88,Released,
"Sep 15, 2025 7:32:55 PM PDT",18799999977,Order,111-9206230-4311122,MD-006230,Like New DVD Box Set,1,amazon.com,Seller,,,,MarketplaceFacilitator,4.99,0.35,3.99,0.28,0,0,0,0.00,0,-0.63,-2.55,0.00,0.00,0.00,6.43,Released,
"Sep 15, 2025 7:39:42 PM PDT",18799999977,Order,113-5106227-4724169,BK-006227,Mid-Century Field Guide,1,amazon.com,Seller,,,,MarketplaceFacilitator,9.99,0.70,3.99,0.28,0,0,0,0.00,0,-0.98,-3.30,0.00,0.00,0.00,10.68,Released,
"Sep 15, 2025 7:49:44 PM PDT",18799999977,Order,114-4306215-8285543,MD-006215,Like New CD Lot,1,amazon.com,Seller,,,,MarketplaceFacilitator,39.99,2.80,3.99,0.28,0,0,0,0.00,0,-3.08,-7.80,0.00,0.00,0.00,36.18,Released,
"Sep 15, 2025 8:15:24 PM PDT",18799999977,Order,112-2606238-9816146,CO-006238,Classic Snow Globe,1,amazon.com,Seller,,,,MarketplaceFacilitator,13.99,0.98,5.99,0.42,0,0,0,0.00,0,-1.40,-2.10,0.00,0.00,0.00,17.88,Released,
"Sep 15, 2025 8:58:22 PM PDT",18799999977,Order,114-7806211-0525876,BK-006211,Lot of 2 Textbook,1,amazon.com,Seller,,,,MarketplaceFacilitator,3.99,0.28,3.99,0.28,0,0,0,0.00,0,-0.56,-2.40,0.00,0.00,0.00,5.58,Released,
"Sep 15, 2025 10:55:00 PM PDT",18799999977,Order,114-7306343-7970016,BK-006343,Mid-Century Cookbook,1,amazon.com,Seller,,,,MarketplaceFacilitator,14.99,1.05,3.99,0.28,0,0,0,0.00,0,-1.33,-4.05,0.00,0.00,0.00,14.93,Released,
"Sep 16, 2025 12:51:17 AM PDT",18799999977,Order,112-6106370-3635912,BK-006370,Antique Cookbook,1,amazon.com,Seller,,,,MarketplaceFacilitator,20.99,1.47,3.99,0.28,0,0,0,0.00,0,-1.75,-4.95,0.00,0.00,0.00,20.03,Released,
"Sep 16, 2025 1:19:51 AM PDT",18799999977,Order,114-7906348-8663175,BK-006348,Lot of 2 Hardcover Novel,1,amazon.com,Seller,,,,MarketplaceFacilitator,17.99,1.26,3.99,0.28,0,0,0,0.00,0,-1.54,-4.50,0.00,0.00,0.00,17.48,Released,
"Sep 16, 2025 1:34:11 AM PDT",18799999977,Order,112-1606369-3349706,MD-006369,Antique Vinyl Record,1,amazon.com,Seller,,,,MarketplaceFacilitator,11.99,0.84,3.99,0.28,0,0,0,0.00,0,-1.12,-3.60,0.00,0.00,0.00,12.38,Released,
"Sep 16, 2025 3:17:31 AM PDT",18799999977,Order,114-7006363-4818116,BK-006363,Classic Hardcover Novel,1,amazon.com,Seller,,,,MarketplaceFacilitator,7.99,0.56,3.99,0.28,0,0,0,0.00,0,-0.84,-3.00,0.00,0.00,0.00,8.98,Released,
"Sep 16, 2025 3:41:04 AM PDT",18799999977,Order,112-0706365-8004710,BK-006365,Used Atlas,1,amazon.com,Seller,,,,MarketplaceFacilitator,22.99,1.61,3.99,0.28,0,0,0,0.00,0,-1.89,-5.25,0.00,0.00,0.00,21.73,Released,
"Sep 16, 2025 4:02:58 AM PDT",18799999977,Order,114-5506366-5090447,BK-006366,Retro Paperback Lot,1,amazon.com,Seller,,,,MarketplaceFacilitator,3.99,0.28,3.99,0.28,0,0,0,0.00,0,-0.56,-2.40,0.00,0.00,0.00,5.58,Released,
"Sep 16, 2025 4:49:03 AM PDT",18799999977,Order,113-4806367-9455153,MD-006367,Classic DVD Box Set,1,amazon.com,Seller,,,,MarketplaceFacilitator,8.99,0.63,3.99,0.28,0,0,0,0.00,0,-0.91,-3.15,0.00,0.00,0.00,9.83,Released,
"Sep 16, 2025 6:04:49 AM PDT",18799999977,Order,114-9206357-7902479,MD-006357,Vintage Audiobook,1,amazon.com,Seller,,,,MarketplaceFacilitator,13.99,0.98,3.99,0.28,0,0,0,0.00,0,-1.26,-3.90,0.00,0.00,0.00,14.08,Released,
"Sep 16, 2025 6:05:45 AM PDT",18799999977,Order,111-3806379-9314979,BK-006379,Classic Field Guide,1,amazon.com,Seller,,,,MarketplaceFacilitator,14.99,1.05,3.99,0.28,0,0,0,0.00,0,-1.33,-4.05,0.00,0.00,0.00,14.93,Released,
"Sep 16, 2025 6:13:32 AM PDT",18799999977,Order,113-4906372-9942773,BK-006372,Like New Textbook,1,amazon.com,Seller,,,,MarketplaceFacilitator,3.99,0.28,3.99,0.28,0,0,0,0.00,0,-0.56,-2.40,0.00,0.00,0.00,5.58,Released,
"Sep 16, 2025 6:14:11 AM PDT",18799999977,Order,113-7606345-1767965,BK-006345,Classic Textbook,1,amazon.com,Seller,,,,MarketplaceFacilitator,9.99,0.70,3.99,0.28,0,0,0,0.00,0,-0.98,-3.30,0.00,0.00,0.00,10.68,Released,
"Sep 16, 2025 6:53:52 AM PDT",18799999977,Order,113-6406346-6744010,BK-006346,Like New Paperback Lot,1,amazon.com,Seller,,,,MarketplaceFacilitator,11.99,0.84,3.99,0.28,0,0,0,0.00,0,-1.12,-3.60,0.00,0.00,0.00,12.38,Released,
"Sep 16, 2025 7:14:26 AM PDT",18799999977,Order,111-6606356-4466211,BK-006356,Lot of 2 Poetry Collection,1,amazon.com,Seller,,,,MarketplaceFacilitator,12.99,0.91,3.99,0.28,0,0,0,0.00,0,-1.19,-3.75,0.00,0.00,0.00,13.23,Released,
"Sep 16, 2025 7:32:36 AM PDT",18799999977,Order,112-5606340-4301941,MD-006340,Classic Blu-ray Set,1,amazon.com,Seller,,,,MarketplaceFacilitator,13.99,0.98,3.99,0.28,0,0,0,0.00,0,-1.26,-3.90,0.00,0.00,0.00,14.08,Released,
"Sep 16, 2025 7:32:57 AM PDT",18799999977,Order,111-4406358-3298549,BK-006358,Retro Atlas,1,amazon.com,Seller,,,,MarketplaceFacilitator,14.99,1.05,3.99,0.28,0,0,0,0.00,0,-1.33,-4.05,0.00,0.00,0.00,14.93,Released,
"Sep 16, 2025 7:39:32 AM PDT",18799999977,Order,113-2706341-8115126,BK-006341,Handmade Poetry Collection,1,amazon.com,Seller,,,,MarketplaceFacilitator,6.99,0.49,3.99,0.28,0,0,0,0.00,0,-0.77,-2.85,0.00,0.00,0.00,8.13,Released,
"Sep 16, 2025 7:43:14 AM PDT",18799999977,Order,111-8606353-9040450,BK-006353,Vintage Atlas,1,amazon.com,Seller,,,,MarketplaceFacilitator,19.99,1.40,3.99,0.28,0,0,0,0.00,0,-1.68,-4.80,0.00,0.00,0.00,19.18,Released,
"Sep 16, 2025 7:50:03 AM PDT",18799999977,Order,113-1706360-1291899,MD-006360,Like New CD Lot,1,amazon.com,Seller,,,,MarketplaceFacilitator,9.99,0.70,3.99,0.28,0,0,0,0.00,0,-0.98,-3.30,0.00,0.00,0.00,10.68,Released,
"Sep 16, 2025 8:20:00 AM PDT",18799999977,Order,113-3106368-5649222,CO-006368,Vintage Pewter Mug,1,amazon.com,Seller,,,,MarketplaceFacilitator,16.99,1.19,5.99,0.42,0,0,0,0.00,0,-1.61,-2.55,0.00,0.00,0.00,20.43,Released,
"Sep 16, 2025 8:39:41 AM PDT",18799999977,Order,111-8706336-3970722,BK-006336,Like New Biography,1,amazon.com,Seller,,,,MarketplaceFacilitator,16.99,1.19,3.99,0.28,0,0,0,0.00,0,-1.47,-4.35,0.00,0.00,0.00,16.63,Released,
"Sep 16, 2025 8:48:57 AM PDT",18799999977,Order,113-7206347-4011654,BK-006347,Mid-Century Atlas,1,amazon.com,Seller,,,,MarketplaceFacilitator,17.99,1.26,3.99,0.28,0,0,0,0.00,0,-1.54,-4.50,0.00,0.00,0.00,17.48,Released,
"Sep 16, 2025 8:59:23 AM PDT",18799999977,Order,111-5606361-4376883,EL-006361,Like New Game Console,1,amazon.com,Seller,,,,MarketplaceFacilitator,24.99,1.75,5.99,0.42,0,0,0,0.00,0,-2.17,-3.75,0.00,0.00,0.00,27.23,Released,
"Sep 16, 2025 9:19:30 AM PDT",18799999977,Order,113-5106364-1778478,MD-006364,Like New Vinyl Record,1,amazon.com,Seller,,,,MarketplaceFacilitator,7.99,0.56,3.99,0.28,0,0,0,0.00,0,-0.84,-3.00,0.00,0.00,0.00,8.98,Released,
"Sep 16, 2025 10:18:13 AM PDT",18799999977,Order,111-8106349-2631132,BK-006349,Antique Textbook,1,amazon.com,Seller,,,,MarketplaceFacilitator,9.99,0.70,3.99,0.28,0,0,0,0.00,0,-0.98,-3.30,0.00,0.00,0.00,10.68,Released,
"Sep 16, 2025 10:23:41 AM PDT",18799999977,Order,111-7106375-6504483,BK-006375,Pre-owned Atlas,1,amazon.com,Seller,,,,MarketplaceFacilitator,14.99,1.05,3.99,0.28,0,0,0,0.00,0,-1.33,-4.05,0.00,0.00,0.00,14.93,Released,
"Sep 16, 2025 10:31:34 AM PDT",18799999977,Order,114-3106378-4859182,MD-006378,Vintage Vinyl Record,1,amazon.com,Seller,,,,MarketplaceFacilitator,6.99,0.49,3.99,0.28,0,0,0,0.00,0,-0.77,-2.85,0.00,0.00,0.00,8.13,Released,
"Sep 16, 2025 11:10:34 AM PDT",18799999977,Order,113-7106351-4781245,MD-006351,Used Blu-ray Set,1,amazon.com,Seller,,,,MarketplaceFacilitator,10.99,0.77,3.99,0.28,0,0,0,0.00,0,-1.05,-3.45,0.00,0.00,0.00,11.53,Released,
"Sep 16, 2025 11:30:51 AM PDT",18799999977,Order,114-5006377-3067706,MD-006377,Pre-owned DVD Box Set,1,amazon.com,Seller,,,,MarketplaceFacilitator,11.99,0.84,3.99,0.28,0,0,0,0.00,0,-1.12,-3.60,0.00,0.00,0.00,12.38,Released,
"Sep 16, 2025 11:31:56 AM PDT",18799999977,Order,114-3006373-5150013,TY-006373,Handmade Model Train,1,amazon.com,Seller,,,,MarketplaceFacilitator,17.99,1.26,5.99,0.42,0,0,0,0.00,0,-1.68,-2.70,0.00,0.00,0.00,21.28,Released,
"Sep 16, 2025 12:20:54 PM PDT",18799999977,Order,111-5006374-3875956,MD-006374,Mid-Century Vinyl Record,1,amazon.com,Seller,,,,MarketplaceFacilitator,19.99,1.40,3.99,0.28,0,0,0,0.00,0,-1.68,-4.80,0.00,0.00,0.00,19.18,Released,
"Sep 16, 2025 1:20:46 PM PDT",18799999977,Order,111-2006339-2344644,BK-006339,Retro Field Guide,1,amazon.com,Seller,,,,MarketplaceFacilitator,6.99,0.49,3.99,0.28,0,0,0,0.00,0,-0.77,-2.85,0.00,0.00,0.00,8.13,Released,
"Sep 16, 2025 1:45:23 PM PDT",18799999977,Order,114-1606337-4285615,BK-006337,Like New Field Guide,1,amazon.com,Seller,,,,MarketplaceFacilitator,7.99,0.56,3.99,0.28,0,0,0,0.00,0,-0.84,-3.00,0.00,0.00,0.00,8.98,Released,
"Sep 16, 2025 4:16:01 PM PDT",18799999977,Order,112-8106371-0807977,BK-006371,Mid-Century Field Guide,1,amazon.com,Seller,,,,MarketplaceFacilitator,21.99,1.54,3.99,0.28,0,0,0,0.00,0,-1.82,-5.10,0.00,0.00,0.00,20.88,Released,
"Sep 16, 2025 4:29:53 PM PDT",18799999977,Order,114-6606352-4401595,BK-006352,Used Textbook,1,amazon.com,Seller,,,,MarketplaceFacilitator,19.99,1.40,3.99,0.28,0,0,0,0.00,0,-1.68,-4.80,0.00,0.00,0.00,19.18,Released,
"Sep 16, 2025 4:46:32 PM PDT",18799999977,Order,113-0906342-3509893,BK-006342,Classic Textbook,1,amazon.com,Seller,,,,MarketplaceFacilitator,13.99,0.98,3.99,0.28,0,0,0,0.00,0,-1.26,-3.90,0.00,0.00,0.00,14.08,Released,
"Sep 16, 2025 5:24:16 PM PDT",18799999977,Order,114-7306350-7354429,BK-006350,Retro Cookbook,1,amazon.com,Seller,,,,MarketplaceFacilitator,14.99,1.05,3.99,0.28,0,0,0,0.00,0,-1.33,-4.05,0.00,0.00,0.00,14.93,Released,
"Sep 16, 2025 5:28:00 PM PDT",18799999977,Order,113-0306338-2819217,BK-006338,Antique Biography,1,amazon.com,Seller,,,,MarketplaceFacilitator,5.99,0.42,3.99,0.28,0,0,0,0.00,0,-0.70,-2.70,0.00,0.00,0.00,7.28,Released,
"Sep 16, 2025 5:51:43 PM PDT",18799999977,Order,114-0606355-2272139,BK-006355,Classic Cookbook,1,amazon.com,Seller,,,,MarketplaceFacilitator,1.99,0.14,3.99,0.28,0,0,0,0.00,0,-0.42,-2.10,0.00,0.00,0.00,3.88,Released,
"Sep 16, 2025 6:05:26 PM PDT",18799999977,Order,114-2206376-1640157,CO-006376,Vintage Figurine,1,amazon.com,Seller,,,,MarketplaceFacilitator,20.99,1.47,5.99,0.42,0,0,0,0.00,0,-1.89,-3.15,0.00,0.00,0.00,23.83,Released,
"Sep 16, 2025 7:12:58 PM PDT",18799999977,Order,114-9306335-0823518,EL-006335,Mid-Century Camera Lens,1,amazon.com,Seller,,,,MarketplaceFacilitator,15.99,1.12,5.99,0.42,0,0,0,0.00,0,-1.54,-2.40,0.00,0.00,0.00,19.58,Released,
"Sep 16, 2025 7:19:52 PM PDT",18799999977,Order,114-7906344-0429832,BK-006344,Like New Textbook,1,amazon.com,Seller,,,,MarketplaceFacilitator,17.99,1.26,3.99,0.28,0,0,0,0.00,0,-1.54,-4.50,0.00,0.00,0.00,17.48,Released,
"Sep 16, 2025 8:08:39 PM PDT",18799999977,Order,113-2906354-9962005,CO-006354,Vintage Snow Globe,1,amazon.com,Seller,,,,MarketplaceFacilitator,18.99,1.33,5.99,0.42,0,0,0,0.00,0,-1.75,-2.85,0.00,0.00,0.00,22.13,Released,
"Sep 16, 2025 8:12:28 PM PDT",18799999977,Order,111-6806359-3083402,MD-006359,Handmade Audiobook,1,amazon.com,Seller,,,,MarketplaceFacilitator,17.99,1.26,3.99,0.28,0,0,0,0.00,0,-1.54,-4.50,0.00,0.00,0.00,17.48,Released,
"Sep 16, 2025 8:35:13 PM PDT",18799999977,Order,111-5606362-7002173,MD-006362,Like New Vinyl Record,1,amazon.com,Seller,,,,MarketplaceFacilitator,38.99,2.73,3.99,0.28,0,0,0,0.00,0,-3.01,-7.65,0.00,0.00,0.00,35.33,Released,
"Sep 16, 2025 9:25:46 PM PDT",18799999977,Order,111-5106475-0569241,MD-006475,Vintage Vinyl Record,1,amazon.com,Seller,,,,MarketplaceFacilitator,7.99,0.56,3.99,0.28,0,0,0,0.00,0,-0.84,-3.00,0.00,0.00,0.00,8.98,Released,
"Sep 16, 2025 10:28:39 PM PDT",18799999977,Order,114-6006468-9763981,BK-006468,Vintage Cookbook,1,amazon.com,Seller,,,,MarketplaceFacilitator,9.99,0.70,3.99,0.28,0,0,0,0.00,0,-0.98,-3.30,0.00,0.00,0.00,10.68,Released,
"Sep 16, 2025 10:35:44 PM PDT",18799999977,Order,114-0606492-2854004,CO-006492,Like New Trading Card Lot,1,amazon.com,Seller,,,,MarketplaceFacilitator,12.99,0.91,5.99,0.42,0,0,0,0.00,0,-1.33,-1.95,0.00,0.00,0.00,17.03,Released,
"Sep 16, 2025 10:56:21 PM PDT",18799999977,Order,111-2706503-7408853,MD-006503,Vintage Audiobook,1,amazon.com,Seller,,,,MarketplaceFacilitator,11.99,0.84,3.99,0.28,0,0,0,0.00,0,-1.12,-3.60,0.00,0.00,0.00,12.38,Released,
"Sep 16, 2025 11:21:03 PM PDT",18799999977,Order,113-8906495-5112037,MD-006495,Like New CD Lot,1,amazon.com,Seller,,,,MarketplaceFacilitator,22.99,1.61,3.99,0.28,0,0,0,0.00,0,-1.89,-5.25,0.00,0.00,0.00,21.73,Released,
"Sep 17, 2025 12:04:32 AM PDT",18799999977,Order,113-5406500-9321095,MD-006500,Used CD Lot,1,amazon.com,Seller,,,,MarketplaceFacilitator,15.99,1.12,3.99,0.28,0,0,0,0.00,0,-1.40,-4.20,0.00,0.00,0.00,15.78,Released,
"Sep 17, 2025 12:22:19 AM PDT",18799999977,Order,113-2106490-1358226,CO-006490,Used Trading Card Lot,1,amazon.com,Seller,,,,MarketplaceFacilitator,18.99,1.33,5.99,0.42,0,0,0,0.00,0,-1.75,-2.85,0.00,0.00,0.00,22.13,Released,
"Sep 17, 2025 12:30:34 AM PDT",18799999977,Order,111-6906472-1053189,EL-006472,Vintage Turntable,1,amazon.com,Seller,,,,MarketplaceFacilitator,19.99,1.40,5.99,0.42,0,0,0,0.00,0,-1.82,-3.00,0.00,0.00,0.00,22.98,Released,
"Sep 17, 2025 12:48:37 AM PDT",18799999977,Order,111-1506506-7747969,BK-006506,Classic Hardcover Novel,1,amazon.com,Seller,,,,MarketplaceFacilitator,10.99,0.77,3.99,0.28,0,0,0,0.00,0,-1.05,-3.45,0.00,0.00,0.00,11.53,Released,
"Sep 17, 2025 1:02:25 AM PDT",18799999977,Order,111-7406510-4486048,BK-006510,Retro Textbook,1,amazon.com,Seller,,,,MarketplaceFacilitator,9.99,0.70,3.99,0.28,0,0,0,0.00,0,-0.98,-3.30,0.00,0.00,0.00,10.68,Released,
"Sep 17, 2025 1:18:52 AM PDT",18799999977,Order,113-7806513-6414528,MD-006513,Retro CD Lot,1,amazon.com,Seller,,,,MarketplaceFacilitator,18.99,1.33,3.99,0.28,0,0,0,0.00,0,-1.61,-4.65,0.00,0.00,0.00,18.33,Released,
"Sep 17, 2025 2:30:00 AM PDT",18799999977,Order,112-1106477-9893301,BK-006477,Like New Textbook,1,amazon.com,Seller,,,,MarketplaceFacilitator,9.99,0.70,3.99,0.28,0,0,0,0.00,0,-0.98,-3.30,0.00,0.00,0.00,10.68,Released,
"Sep 17, 2025 2:31:18 AM PDT",18799999977,Order,113-0506507-4117193,BK-006507,Mid-Century Poetry Collection,1,amazon.com,Seller,,,,MarketplaceFacilitator,6.99,0.49,3.99,0.28,0,0,0,0.00,0,-0.77,-2.85,0.00,0.00,0.00,8.13,Released,
"Sep 17, 2025 3:18:47 AM PDT",18799999977,Order,112-4906508-6087335,CO-006508,Used Pewter Mug,1,amazon.com,Seller,,,,MarketplaceFacilitator,17.99,1.26,5.99,0.42,0,0,0,0.00,0,-1.68,-2.70,0.00,0.00,0.00,21.28,Released,
"Sep 17, 2025 3:22:05 AM PDT",18799999977,Order,111-4206505-8275793,BK-006505,Vintage Cookbook,1,amazon.com,Seller,,,,MarketplaceFacilitator,18.99,1.33,3.99,0.28,0,0,0,0.00,0,-1.61,-4.65,0.00,0.00,0.00,18.33,Released,
"Sep 17, 2025 3:43:13 AM PDT",18799999977,Order,113-6106488-6755745,BK-006488,Mid-Century Field Guide,1,amazon.com,Seller,,,,MarketplaceFacilitator,14.99,1.05,3.99,0.28,0,0,0,0.00,0,-1.33,-4.05,0.00,0.00,0.00,14.93,Released,
"Sep 17, 2025 4:32:08 AM PDT",18799999977,Order,111-1906480-5534030,MD-006480,Like New Blu-ray Set,1,amazon.com,Seller,,,,MarketplaceFacilitator,4.99,0.35,3.99,0.28,0,0,0,0.00,0,-0.63,-2.55,0.00,0.00,0.00,6.43,Released,
"Sep 17, 2025 6:15:53 AM PDT",18799999977,Order,111-9406478-0217022,BK-006478,Pre-owned Textbook,1,amazon.com,Seller,,,,MarketplaceFacilitator,8.99,0.63,3.99,0.28,0,0,0,0.00,0,-0.91,-3.15,0.00,0.00,0.00,9.83,Released,
"Sep 17, 2025 6:16:49 AM PDT",18799999977,Order,111-1006486-7213766,EL-006486,Used Film Camera,1,amazon.com,Seller,,,,MarketplaceFacilitator,69.99,4.90,5.99,0.42,0,0,0,0.00,0,-5.32,-10.50,0.00,0.00,0.00,65.48,Released,
"Sep 17, 2025 6:49:09 AM PDT",18799999977,Order,112-2906502-0008807,BK-006502,Like New Biography,1,amazon.com,Seller,,,,MarketplaceFacilitator,2.99,0.21,3.99,0.28,0,0,0,0.00,0,-0.49,-2.25,0.00,0.00,0.00,4.73,Released,
"Sep 17, 2025 7:11:02 AM PDT",18799999977,Order,113-6106491-6915396,MD-006491,Vintage Blu-ray Set,1,amazon.com,Seller,,,,MarketplaceFacilitator,10.99,0.77,3.99,0.28,0,0,0,0.00,0,-1.05,-3.45,0.00,0.00,0.00,11.53,Released,
"Sep 17, 2025 7:33:21 AM PDT",18799999977,Order,112-8806504-9751582,MD-006504,Lot of 2 DVD Box Set,1,amazon.com,Seller,,,,MarketplaceFacilitator,6.99,0.49,3.99,0.28,0,0,0,0.00,0,-0.77,-2.85,0.00,0.00,0.00,8.13,Released,
"Sep 17, 2025 7:51:44 AM PDT",18799999977,Order,111-6906509-8663930,MD-006509,Retro Audiobook,1,amazon.com,Seller,,,,MarketplaceFacilitator,17.99,1.26,3.99,0.28,0,0,0,0.00,0,-1.54,-4.50,0.00,0.00,0.00,17.48,Released,
"Sep 17, 2025 9:13:07 AM PDT",18799999977,Order,114-1906512-8458861,CO-006512,Handmade Trading Card Lot,1,amazon.com,Seller,,,,MarketplaceFacilitator,60.99,4.27,5.99,0.42,0,0,0,0.00,0,-4.69,-9.15,0.00,0.00,0.00,57.83,Released,
"Sep 17, 2025 9:19:16 AM PDT",18799999977,Order,112-9506484-4174289,MD-006484,Mid-Century Blu-ray Set,1,amazon.com,Seller,,,,MarketplaceFacilitator,8.99,0.63,3.99,0.28,0,0,0,0.00,0,-0.91,-3.15,0.00,0.00,0.00,9.83,Released,
"Sep 17, 2025 9:52:38 AM PDT",18799999977,Order,111-7906511-6637831,BK-006511,Vintage Atlas,1,amazon.com,Seller,,,,MarketplaceFacilitator,13.99,0.98,3.99,0.28,0,0,0,0.00,0,-1.26,-3.90,0.00,0.00,0.00,14.08,Released,
"Sep 17, 2025 10:07:03 AM PDT",18799999977,Order,113-5406476-8681223,BK-006476,Classic Paperback Lot,1,amazon.com,Seller,,,,MarketplaceFacilitator,43.99,3.08,3.99,0.28,0,0,0,0.00,0,-3.36,-8.40,0.00,0.00,0.00,39.58,Released,
"Sep 17, 2025 11:04:41 AM PDT",18799999977,Order,114-9606470-3137314,CO-006470,Pre-owned Coin Lot,1,amazon.com,Seller,,,,MarketplaceFacilitator,21.99,1.54,5.99,0.42,0,0,0,0.00,0,-1.96,-3.30,0.00,0.00,0.00,24.68,Released,
"Sep 17, 2025 11:19:51 AM PDT",18799999977,Order,111-0606499-1564584,TY-006499,Like New Plush Bear,1,amazon.com,Seller,,,,MarketplaceFacilitator,16.99,1.19,5.99,0.42,0,0,0,0.00,0,-1.61,-2.55,0.00,0.00,0.00,20.43,Released,
"Sep 17, 2025 11:21:53 AM PDT",18799999977,Order,111-8306487-8102505,MD-006487,Used Vinyl Record,1,amazon.com,Seller,,,,MarketplaceFacilitator,11.99,0.84,3.99,0.28,0,0,0,0.00,0,-1.12,-3.60,0.00,0.00,0.00,12.38,Released,
"Sep 17, 2025 12:08:42 PM PDT",18799999977,Order,111-7206479-3561820,MD-006479,Pre-owned CD Lot,1,amazon.com,Seller,,,,MarketplaceFacilitator,20.99,1.47,3.99,0.28,0,0,0,0.00,0,-1.75,-4.95,0.00,0.00,0.00,20.03,Released,
"Sep 17, 2025 12:43:58 PM PDT",18799999977,Order,112-8306493-8806002,BK-006493,Vintage Paperback Lot,1,amazon.com,Seller,,,,MarketplaceFacilitator,14.99,1.05,3.99,0.28,0,0,0,0.00,0,-1.33,-4.05,0.00,0.00,0.00,14.93,Released,
"Sep 17, 2025 12:52:17 PM PDT",18799999977,Order,111-9006501-5994493,CO-006501,Used Snow Globe,1,amazon.com,Seller,,,,MarketplaceFacilitator,13.99,0.98,5.99,0.42,0,0,0,0.00,0,-1.40,-2.10,0.00,0.00,0.00,17.88,Released,
"Sep 17, 2025 1:22:58 PM PDT",18799999977,Order,114-0606498-5171686,MD-006498,Lot of 2 Audiobook,1,amazon.com,Seller,,,,MarketplaceFacilitator,21.99,1.54,3.99,0.28,0,0,0,0.00,0,-1.82,-5.10,0.00,0.00,0.00,20.88,Released,
"Sep 17, 2025 1:58:36 PM PDT",18799999977,Order,112-5506483-7303115,MD-006483,Mid-Century Blu-ray Set,1,amazon.com,Seller,,,,MarketplaceFacilitator,46.99,3.29,3.99,0.28,0,0,0,0.00,0,-3.57,-8.85,0.00,0.00,0.00,42.13,Released,
"Sep 17, 2025 2:03:16 PM PDT",18799999977,Order,114-2606494-2211669,MD-006494,Classic CD Lot,1,amazon.com,Seller,,,,MarketplaceFacilitator,5.99,0.42,3.99,0.28,0,0,0,0.00,0,-0.70,-2.70,0.00,0.00,0.00,7.28,Released,
"Sep 17, 2025 2:04:37 PM PDT",18799999977,Order,111-8806466-8543219,EL-006466,Handmade Film Camera,1,amazon.com,Seller,,,,MarketplaceFacilitator,21.99,1.54,5.99,0.42,0,0,0,0.00,0,-1.96,-3.30,0.00,0.00,0.00,24.68,Released,
"Sep 17, 2025 2:46:15 PM PDT",18799999977,Order,113-9806473-7288211,MD-006473,Vintage Vinyl Record,1,amazon.com,Seller,,,,MarketplaceFacilitator,10.99,0.77,3.99,0.28,0,0,0,0.00,0,-1.05,-3.45,0.00,0.00,0.00,11.53,Released,
"Sep 17, 2025 3:27:52 PM PDT",18799999977,Order,112-8206489-3481262,MD-006489,Retro Vinyl Record,1,amazon.com,Seller,,,,MarketplaceFacilitator,6.99,0.49,3.99,0.28,0,0,0,0.00,0,-0.77,-2.85,0.00,0.00,0.00,8.13,Released,
"Sep 17, 2025 3:28:49 PM PDT",18799999977,Order,111-0906485-4153263,BK-006485,Lot of 2 Textbook,1,amazon.com,Seller,,,,MarketplaceFacilitator,6.99,0.49,3.99,0.28,0,0,0,0.00,0,-0.77,-2.85,0.00,0.00,0.00,8.13,Released,
"Sep 17, 2025 3:56:12 PM PDT",18799999977,Order,111-8706471-0527122,BK-006471,Classic Poetry Collection,1,amazon.com,Seller,,,,MarketplaceFacilitator,3.99,0.28,3.99,0.28,0,0,0,0.00,0,-0.56,-2.40,0.00,0.00,0.00,5.58,Released,
"Sep 17, 2025 4:13:58 PM PDT",18799999977,Order,112-1006481-8936194,BK-006481,Lot of 2 Field Guide,1,amazon.com,Seller,,,,MarketplaceFacilitator,8.99,0.63,3.99,0.28,0,0,0,0.00,0,-0.91,-3.15,0.00,0.00,0.00,9.83,Released,
"Sep 17, 2025 5:16:10 PM PDT",18799999977,Order,114-9406474-6671322,BK-006474,Like New Biography,1,amazon.com,Seller,,,,MarketplaceFacilitator,5.99,0.42,3.99,0.28,0,0,0,0.00,0,-0.70,-2.70,0.00,0.00,0.00,7.28,Released,
"Sep 17, 2025 6:04:57 PM PDT",18799999977,Order,112-5206482-1324850,MD-006482,Used DVD Box Set,1,amazon.com,Seller,,,,MarketplaceFacilitator,10.99,0.77,3.99,0.28,0,0,0,0.00,0,-1.05,-3.45,0.00,0.00,0.00,11.53,Released,
"Sep 17, 2025 6:47:38 PM PDT",18799999977,Order,114-8106497-8505917,BK-006497,Retro Hardcover Novel,1,amazon.com,Seller,,,,MarketplaceFacilitator,11.99,0.84,3.99,0.28,0,0,0,0.00,0,-1.12,-3.60,0.00,0.00,0.00,12.38,Released,
"Sep 17, 2025 7:38:25 PM PDT",18799999977,Order,112-9806496-3039541,BK-006496,Antique Poetry Collection,1,amazon.com,Seller,,,,MarketplaceFacilitator,9.99,0.70,3.99,0.28,0,0,0,0.00,0,-0.98,-3.30,0.00,0.00,0.00,10.68,Released,
"Sep 17, 2025 7:40:32 PM PDT",18799999977,Order,111-6206469-6746496,BK-006469,Like New Biography,1,amazon.com,Seller,,,,MarketplaceFacilitator,8.99,0.63,3.99,0.28,0,0,0,0.00,0,-0.91,-3.15,0.00,0.00,0.00,9.83,Released,
"Sep 17, 2025 8:42:30 PM PDT",18799999977,Order,114-0006467-2691733,BK-006467,Used Hardcover Novel,1,amazon.com,Seller,,,,MarketplaceFacilitator,11.99,0.84,3.99,0.28,0,0,0,0.00,0,-1.12,-3.60,0.00,0.00,0.00,12.38,Released,
"Sep 17, 2025 11:33:42 PM PDT",18799999977,Order,113-9006611-2312840,MD-006611,Used CD Lot,1,amazon.com,Seller,,,,MarketplaceFacilitator,14.99,1.05,3.99,0.28,0,0,0,0.00,0,-1.33,-4.05,0.00,0.00,0.00,14.93,Released,
"Sep 17, 2025 11:39:17 PM PDT",18799999977,Order,114-2506636-4829193,BK-006636,Mid-Century Cookbook,1,amazon.com,Seller,,,,MarketplaceFacilitator,5.99,0.42,3.99,0.28,0,0,0,0.00,0,-0.70,-2.70,0.00,0.00,0.00,7.28,Released,
"Sep 18, 2025 1:09:37 AM PDT",18799999977,Order,112-3706635-2453700,BK-006635,Antique Paperback Lot,1,amazon.com,Seller,,,,MarketplaceFacilitator,14.99,1.05,3.99,0.28,0,0,0,0.00,0,-1.33,-4.05,0.00,0.00,0.00,14.93,Released,
"Sep 18, 2025 2:54:39 AM PDT",18799999977,Order,114-7406627-3898146,TY-006627,Vintage Board Game,1,amazon.com,Seller,,,,MarketplaceFacilitator,19.99,1.40,5.99,0.42,0,0,0,0.00,0,-1.82,-3.00,0.00,0.00,0.00,22.98,Released,
"Sep 18, 2025 3:31:20 AM PDT",18799999977,Order,111-2006614-7904904,BK-006614,Lot of 2 Poetry Collection,1,amazon.com,Seller,,,,MarketplaceFacilitator,14.99,1.05,3.99,0.28,0,0,0,0.00,0,-1.33,-4.05,0.00,0.00,0.00,14.93,Released,
"Sep 18, 2025 4:59:26 AM PDT",18799999977,Order,111-6906612-4999217,BK-006612,Used Cookbook,1,amazon.com,Seller,,,,MarketplaceFacilitator,10.99,0.77,3.99,0.28,0,0,0,0.00,0,-1.05,-3.45,0.00,0.00,0.00,11.53,Released,
"Sep 18, 2025 5:13:06 AM PDT",18799999977,Order,114-3706639-0510537,BK-006639,Mid-Century Textbook,1,amazon.com,Seller,,,,MarketplaceFacilitator,4.99,0.35,3.99,0.28,0,0,0,0.00,0,-0.63,-2.55,0.00,0.00,0.00,6.43,Released,
"Sep 18, 2025 5:42:09 AM PDT",18799999977,Order,112-2406621-2665596,BK-006621,Handmade Poetry Collection,1,amazon.com,Seller,,,,MarketplaceFacilitator,17.99,1.26,3.99,0.28,0,0,0,0.00,0,-1.54,-4.50,0.00,0.00,0.00,17.48,Released,
"Sep 18, 2025 5:43:44 AM PDT",18799999977,Order,112-0806607-4965338,BK-006607,Antique Hardcover Novel,1,amazon.com,Seller,,,,MarketplaceFacilitator,8.99,0.63,3.99,0.28,0,0,0,0.00,0,-0.91,-3.15,0.00,0.00,0.00,9.83,Released,
"Sep 18, 2025 5:56:47 AM PDT",18799999977,Order,112-0306608-7897269,BK-006608,Antique Textbook,1,amazon.com,Seller,,,,MarketplaceFacilitator,5.99,0.42,3.99,0.28,0,0,0,0.00,0,-0.70,-2.70,0.00,0.00,0.00,7.28,Released,
"Sep 18, 2025 6:26:09 AM PDT",18799999977,Order,111-7206626-7493461,BK-006626,Vintage Biography,1,amazon.com,Seller,,,,MarketplaceFacilitator,14.99,1.05,3.99,0.28,0,0,0,0.00,0,-1.33,-4.05,0.00,0.00,0.00,14.93,Released,
"Sep 18, 2025 7:33:48 AM PDT",18799999977,Order,112-0306619-5648781,EL-006619,Pre-owned Turntable,1,amazon.com,Seller,,,,MarketplaceFacilitator,16.99,1.19,5.99,0.42,0,0,0,0.00,0,-1.61,-2.55,0.00,0.00,0.00,20.43,Released,
"Sep 18, 2025 7:45:08 AM PDT",18799999977,Order,113-3206622-9493330,BK-006622,Lot of 2 Field Guide,1,amazon.com,Seller,,,,MarketplaceFacilitator,10.99,0.77,3.99,0.28,0,0,0,0.00,0,-1.05,-3.45,0.00,0.00,0.00,11.53,Released,
"Sep 18, 2025 7:52:05 AM PDT",18799999977,Order,114-1206615-2717614,MD-006615,Handmade DVD Box Set,1,amazon.com,Seller,,,,MarketplaceFacilitator,17.99,1.26,3.99,0.28,0,0,0,0.00,0,-1.54,-4.50,0.00,0.00,0.00,17.48,Released,
"Sep 18, 2025 9:21:37 AM PDT",18799999977,Order,111-4206638-9889756,MD-006638,Used CD Lot,1,amazon.com,Seller,,,,MarketplaceFacilitator,4.99,0.35,3.99,0.28,0,0,0,0.00,0,-0.63,-2.55,0.00,0.00,0.00,6.43,Released,
"Sep 18, 2025 11:18:18 AM PDT",18799999977,Order,113-7706629-9631667,CO-006629,Used Coin Lot,1,amazon.com,Seller,,,,MarketplaceFacilitator,21.99,1.54,5.99,0.42,0,0,0,0.00,0,-1.96,-3.30,0.00,0.00,0.00,24.68,Released,
"Sep 18, 2025 11:47:19 AM PDT",18799999977,Order,113-7906628-3916632,BK-006628,Vintage Paperback Lot,1,amazon.com,Seller,,,,MarketplaceFacilitator,7.99,0.56,3.99,0.28,0,0,0,0.00,0,-0.84,-3.00,0.00,0.00,0.00,8.98,Released,
"Sep 18, 2025 12:20:05 PM PDT",18799999977,Order,111-3106625-3807416,MD-006625,Pre-owned Vinyl Record,1,amazon.com,Seller,,,,MarketplaceFacilitator,6.99,0.49,3.99,0.28,0,0,0,0.00,0,-0.77,-2.85,0.00,0.00,0.00,8.13,Released,
"Sep 18, 2025 12:20:57 PM PDT",18799999977,Order,113-5206637-7696023,BK-006637,Handmade Hardcover Novel,1,amazon.com,Seller,,,,MarketplaceFacilitator,5.99,0.42,3.99,0.28,0,0,0,0.00,0,-0.70,-2.70,0.00,0.00,0.00,7.28,Released,
"Sep 18, 2025 1:07:27 PM PDT",18799999977,Order,113-8206624-3820937,BK-006624,Lot of 2 Cookbook,1,amazon.com,Seller,,,,MarketplaceFacilitator,6.99,0.49,3.99,0.28,0,0,0,0.00,0,-0.77,-2.85,0.00,0.00,0.00,8.13,Released,
"Sep 18, 2025 1:17:06 PM PDT",18799999977,Order,114-1406631-4632104,CO-006631,Antique Snow Globe,1,amazon.com,Seller,,,,MarketplaceFacilitator,14.99,1.05,5.99,0.42,0,0,0,0.00,0,-1.47,-2.25,0.00,0.00,0.00,18.73,Released,
"Sep 18, 2025 2:55:58 PM PDT",18799999977,Refund,113-5206637-7696023,BK-006637,Handmade Hardcover Novel,1,amazon.com,Seller,,,,MarketplaceFacilitator,-5.99,-0.42,-3.99,-0.28,0,0,0,0.00,0,0.70,2.16,0.00,0.00,0.00,-7.82,Released,
"Sep 18, 2025 3:25:29 PM PDT",18799999977,Order,114-7506610-2348663,BK-006610,Used Paperback Lot,1,amazon.com,Seller,,,,MarketplaceFacilitator,8.99,0.63,3.99,0.28,0,0,0,0.00,0,-0.91,-3.15,0.00,0.00,0.00,9.83,Released,
"Sep 18, 2025 4:27:19 PM PDT",18799999977,Order,113-0006618-3436928,BK-006618,Lot of 2 Atlas,1,amazon.com,Seller,,,,MarketplaceFacilitator,16.99,1.19,3.99,0.28,0,0,0,0.00,0,-1.47,-4.35,0.00,0.00,0.00,16.63,Released,
"Sep 18, 2025 4:52:08 PM PDT",18799999977,Order,111-1206623-8837598,MD-006623,Mid-Century Vinyl Record,1,amazon.com,Seller,,,,MarketplaceFacilitator,29.99,2.10,3.99,0.28,0,0,0,0.00,0,-2.38,-6.30,0.00,0.00,0.00,27.68,Released,
"Sep 18, 2025 5:01:55 PM PDT",18799999977,Order,111-8606606-9805171,BK-006606,Vintage Atlas,1,amazon.com,Seller,,,,MarketplaceFacilitator,18.99,1.33,3.99,0.28,0,0,0,0.00,0,-1.61,-4.65,0.00,0.00,0.00,18.33,Released,
"Sep 18, 2025 5:10:43 PM PDT",18799999977,Order,111-7206620-0013007,BK-006620,Mid-Century Hardcover Novel,1,amazon.com,Seller,,,,MarketplaceFacilitator,23.99,1.68,3.99,0.28,0,0,0,0.00,0,-1.96,-5.40,0.00,0.00,0.00,22.58,Released,
"Sep 18, 2025 5:18:53 PM PDT",18799999977,Order,112-0606613-0694085,EL-006613,Like New Turntable,1,amazon.com,Seller,,,,MarketplaceFacilitator,17.99,1.26,5.99,0.42,0,0,0,0.00,0,-1.68,-2.70,0.00,0.00,0.00,21.28,Released,
"Sep 18, 2025 5:56:42 PM PDT",18799999977,Order,114-3506630-5502951,BK-006630,Pre-owned Paperback Lot,1,amazon.com,Seller,,,,MarketplaceFacilitator,15.99,1.12,3.99,0.28,0,0,0,0.00,0,-1.40,-4.20,0.00,0.00,0.00,15.78,Released,
"Sep 18, 2025 6:03:17 PM PDT",18799999977,Order,111-4506616-8434820,BK-006616,Used Paperback Lot,1,amazon.com,Seller,,,,MarketplaceFacilitator,16.99,1.19,3.99,0.28,0,0,0,0.00,0,-1.47,-4.35,0.00,0.00,0.00,16.63,Released,
"Sep 18, 2025 6:28:38 PM PDT",18799999977,Order,113-4206633-9996326,BK-006633,Handmade Field Guide,1,amazon.com,Seller,,,,MarketplaceFacilitator,4.99,0.35,3.99,0.28,0,0,0,0.00,0,-0.63,-2.55,0.00,0.00,0.00,6.43,Released,
"Sep 18, 2025 7:34:17 PM PDT",18799999977,Order,112-8006632-1878877,BK-006632,Lot of 2 Hardcover Novel,1,amazon.com,Seller,,,,MarketplaceFacilitator,11.99,0.84,3.99,0.28,0,0,0,0.00,0,-1.12,-3.60,0.00,0.00,0.00,12.38,Released,
"Sep 18, 2025 8:05:47 PM PDT",18799999977,Order,111-4306617-0894546,BK-006617,Handmade Atlas,1,amazon.com,Seller,,,,MarketplaceFacilitator,3.99,0.28,3.99,0.28,0,0,0,0.00,0,-0.56,-2.40,0.00,0.00,0.00,5.58,Released,
"Sep 18, 2025 8:30:18 PM PDT",18799999977,Order,113-3206634-7947882,BK-006634,Antique Biography,1,amazon.com,Seller,,,,MarketplaceFacilitator,7.99,0.56,3.99,0.28,0,0,0,0.00,0,-0.84,-3.00,0.00,0.00,0.00,8.98,Released,
"Sep 18, 2025 8:59:22 PM PDT",18799999977,Order,111-7906609-2716432,MD-006609,Pre-owned DVD Box Set,1,amazon.com,Seller,,,,MarketplaceFacilitator,38.99,2.73,3.99,0.28,0,0,0,0.00,0,-3.01,-7.65,0.00,0.00,0.00,35.33,Released,
"Sep 18, 2025 10:00:13 PM PDT",18799999978,Order,111-1206757-9482584,BK-006757,Used Cookbook,1,amazon.com,Seller,,,,MarketplaceFacilitator,14.99,1.05,3.99,0.28,0,0,0,0.00,0,-1.33,-4.05,0.00,0.00,0.00,14.93,Released,
"Sep 18, 2025 10:17:54 PM PDT",18799999978,Order,114-9306766-2955737,MD-006766,Handmade DVD Box Set,1,amazon.com,Seller,,,,MarketplaceFacilitator,12.99,0.91,3.99,0.28,0,0,0,0.00,0,-1.19,-3.75,0.00,0.00,0.00,13.23,Released,
"Sep 18, 2025 10:26:23 PM PDT",18799999978,Order,114-9406797-5074939,CO-006797,Mid-Century Coin Lot,1,amazon.com,Seller,,,,MarketplaceFacilitator,21.99,1.54,5.99,0.42,0,0,0,0.00,0,-1.96,-3.30,0.00,0.00,0.00,24.68,Released,
"Sep 18, 2025 11:43:52 PM PDT",18799999978,Order,111-8706801-2917751,BK-006801,Pre-owned Field Guide,1,amazon.com,Seller,,,,MarketplaceFacilitator,33.99,2.38,3.99,0.28,0,0,0,0.00,0,-2.66,-6.90,0.00,0.00,0.00,31.08,Released,
"Sep 18, 2025 11:45:20 PM PDT",18799999978,Order,111-6806776-1394872,CO-006776,Pre-owned Trading Card Lot,1,amazon.com,Seller,,,,MarketplaceFacilitator,53.99,3.78,5.99,0.42,0,0,0,0.00,0,-4.20,-8.10,0.00,0.00,0.00,51.88,Released,
"Sep 19, 2025 12:02:37 AM PDT",18799999978,Order,112-1906782-2362047,BK-006782,Like New Atlas,1,amazon.com,Seller,,,,MarketplaceFacilitator,22.99,1.61,3.99,0.28,0,0,0,0.00,0,-1.89,-5.25,0.00,0.00,0.00,21.73,Released,
"Sep 19, 2025 12:09:49 AM PDT",18799999978,Order,111-4706769-5957099,BK-006769,Lot of 2 Poetry Collection,1,amazon.com,Seller,,,,MarketplaceFacilitator,13.99,0.98,3.99,0.28,0,0,0,0.00,0,-1.26,-3.90,0.00,0.00,0.00,14.08,Released,
"Sep 19, 2025 2:20:41 AM PDT",18799999978,Order,114-6306786-8834539,EL-006786,Retro Game Console,1,amazon.com,Seller,,,,MarketplaceFacilitator,27.99,1.96,5.99,0.42,0,0,0,0.00,0,-2.38,-4.20,0.00,0.00,0.00,29.78,Released,
"Sep 19, 2025 2:25:34 AM PDT",18799999978,Order,113-3706778-7014672,BK-006778,Vintage Hardcover Novel,1,amazon.com,Seller,,,,MarketplaceFacilitator,13.99,0.98,3.99,0.28,0,0,0,0.00,0,-1.26,-3.90,0.00,0.00,0.00,14.08,Released,
"Sep 19, 2025 4:23:11 AM PDT",18799999978,Order,111-4606756-3267225,BK-006756,Retro Hardcover Novel,1,amazon.com,Seller,,,,MarketplaceFacilitator,3.99,0.28,3.99,0.28,0,0,0,0.00,0,-0.56,-2.40,0.00,0.00,0.00,5.58,Released,
"Sep 19, 2025 4:31:08 AM PDT",18799999978,Order,114-5206783-1352551,BK-006783,Retro Textbook,1,amazon.com,Seller,,,,MarketplaceFacilitator,11.99,0.84,3.99,0.28,0,0,0,0.00,0,-1.12,-3.60,0.00,0.00,0.00,12.38,Released,
"Sep 19, 2025 5:15:07 AM PDT",18799999978,Order,111-3506798-5810077,MD-006798,Antique Blu-ray Set,1,amazon.com,Seller,,,,MarketplaceFacilitator,9.99,0.70,3.99,0.28,0,0,0,0.00,0,-0.98,-3.30,0.00,0.00,0.00,10.68,Released,
"Sep 19, 2025 6:20:00 AM PDT",18799999977,Transfer,,,To account ending in: 0101,,,,,,,,0.00,0.00,0.00,0.00,0,0,0,0.00,0,0.00,0.00,0.00,0.00,0.00,-5191.58,Released,
"Sep 19, 2025 6:21:05 AM PDT",18799999978,Order,112-1306765-4338219,BK-006765,Classic Poetry Collection,1,amazon.com,Seller,,,,MarketplaceFacilitator,10.99,0.77,3.99,0.28,0,0,0,0.00,0,-1.05,-3.45,0.00,0.00,0.00,11.53,Released,
"Sep 19, 2025 7:03:27 AM PDT",18799999978,Order,113-8106802-8512731,BK-006802,Antique Cookbook,1,amazon.com,Seller,,,,MarketplaceFacilitator,23.99,1.68,3.99,0.28,0,0,0,0.00,0,-1.96,-5.40,0.00,0.00,0.00,22.58,Released,
"Sep 19, 2025 7:13:03 AM PDT",18799999978,Order,112-7706754-2588511,BK-006754,Like New Textbook,1,amazon.com,Seller,,,,MarketplaceFacilitator,4.99,0.35,3.99,0.28,0,0,0,0.00,0,-0.63,-2.55,0.00,0.00,0.00,6.43,Released,
"Sep 19, 2025 8:24:58 AM PDT",18799999978,Order,113-1006787-2221435,BK-006787,Handmade Textbook,1,amazon.com,Seller,,,,MarketplaceFacilitator,22.99,1.61,3.99,0.28,0,0,0,0.00,0,-1.89,-5.25,0.00,0.00,0.00,21.73,Released,
"Sep 19, 2025 8:27:54 AM PDT",18799999978,Order,111-5206771-2206013,BK-006771,Mid-Century Biography,1,amazon.com,Seller,,,,MarketplaceFacilitator,34.99,2.45,3.99,0.28,0,0,0,0.00,0,-2.73,-7.05,0.00,0.00,0.00,31.93,Released,
"Sep 19, 2025 8:50:33 AM PDT",18799999978,Order,112-9606781-0718650,MD-006781,Used DVD Box Set,1,amazon.com,Seller,,,,MarketplaceFacilitator,6.99,0.49,3.99,0.28,0,0,0,0.00,0,-0.77,-2.85,0.00,0.00,0.00,8.13,Released,
"Sep 19, 2025 8:52:40 AM PDT",18799999978,Order,113-1806789-9812718,BK-006789,Retro Atlas,1,amazon.com,Seller,,,,MarketplaceFacilitator,11.99,0.84,3.99,0.28,0,0,0,0.00,0,-1.12,-3.60,0.00,0.00,0.00,12.38,Released,
"Sep 19, 2025 9:09:42 AM PDT",18799999978,Order,114-9106768-2859282,TY-006768,Lot of 2 Lego Lot,1,amazon.com,Seller,,,,MarketplaceFacilitator,37.99,2.66,5.99,0.42,0,0,0,0.00,0,-3.08,-5.70,0.00,0.00,0.00,38.28,Released,
"Sep 19, 2025 9:21:27 AM PDT",18799999978,Order,114-5606784-6963248,BK-006784,Pre-owned Hardcover Novel,1,amazon.com,Seller,,,,MarketplaceFacilitator,11.99,0.84,3.99,0.28,0,0,0,0.00,0,-1.12,-3.60,0.00,0.00,0.00,12.38,Released,
"Sep 19, 2025 9:30:07 AM PDT",18799999978,Order,114-2206762-4535044,CO-006762,Used Figurine,1,amazon.com,Seller,,,,MarketplaceFacilitator,17.99,1.26,5.99,0.42,0,0,0,0.00,0,-1.68,-2.70,0.00,0.00,0.00,21.28,Released,
"Sep 19, 2025 9:46:50 AM PDT",18799999978,Order,111-2506775-2412401,EL-006775,Retro Portable Radio,1,amazon.com,Seller,,,,MarketplaceFacilitator,66.99,4.69,5.99,0.42,0,0,0,0.00,0,-5.11,-10.05,0.00,0.00,0.00,62.93,Released,
"Sep 19, 2025 10:04:21 AM PDT",18799999978,Order,114-7506809-8596310,BK-006809,Used Hardcover Novel,1,amazon.com,Seller,,,,MarketplaceFacilitator,10.99,0.77,3.99,0.28,0,0,0,0.00,0,-1.05,-3.45,0.00,0.00,0.00,11.53,Released,
"Sep 19, 2025 10:28:33 AM PDT",18799999978,Order,112-9806796-3086557,BK-006796,Mid-Century Cookbook,1,amazon.com,Seller,,,,MarketplaceFacilitator,11.99,0.84,3.99,0.28,0,0,0,0.00,0,-1.12,-3.60,0.00,0.00,0.00,12.38,Released,
"Sep 19, 2025 10:28:56 AM PDT",18799999978,Order,114-3806805-6856591,BK-006805,Pre-owned Field Guide,1,amazon.com,Seller,,,,MarketplaceFacilitator,14.99,1.05,3.99,0.28,0,0,0,0.00,0,-1.33,-4.05,0.00,0.00,0.00,14.93,Released,
"Sep 19, 2025 12:00:22 PM PDT",18799999978,Order,112-5906807-6869043,BK-006807,Antique Paperback Lot,1,amazon.com,Seller,,,,MarketplaceFacilitator,16.99,1.19,3.99,0.28,0,0,0,0.00,0,-1.47,-4.35,0.00,0.00,0.00,16.63,Released,
"Sep 19, 2025 12:10:19 PM PDT",18799999978,Order,111-2306788-3459764,BK-006788,Mid-Century Hardcover Novel,1,amazon.com,Seller,,,,MarketplaceFacilitator,10.99,0.77,3.99,0.28,0,0,0,0.00,0,-1.05,-3.45,0.00,0.00,0.00,11.53,Released,
"Sep 19, 2025 12:33:32 PM PDT",18799999978,Order,111-3206795-1426261,MD-006795,Vintage CD Lot,1,amazon.com,Seller,,,,MarketplaceFacilitator,12.99,0.91,3.99,0.28,0,0,0,0.00,0,-1.19,-3.75,0.00,0.00,0.00,13.23,Released,
"Sep 19, 2025 1:06:57 PM PDT",18799999978,Order,113-0006806-6454155,BK-006806,Mid-Century Poetry Collection,1,amazon.com,Seller,,,,MarketplaceFacilitator,8.99,0.63,3.99,0.28,0,0,0,0.00,0,-0.91,-3.15,0.00,0.00,0.00,9.83,Released,
"Sep 19, 2025 1:14:19 PM PDT",18799999978,Order,112-5806794-6810846,BK-006794,Retro Hardcover Novel,1,amazon.com,Seller,,,,MarketplaceFacilitator,5.99,0.42,3.99,0.28,0,0,0,0.00,0,-0.70,-2.70,0.00,0.00,0.00,7.28,Released,
"Sep 19, 2025 1:32:55 PM PDT",18799999978,Order,111-5006793-1236230,BK-006793,Mid-Century Biography,1,amazon.com,Seller,,,,MarketplaceFacilitator,4.99,0.35,3.99,0.28,0,0,0,0.00,0,-0.63,-2.55,0.00,0.00,0.00,6.43,Released,
"Sep 19, 2025 2:00:16 PM PDT",18799999978,Order,113-6906773-0175726,MD-006773,Used Blu-ray Set,1,amazon.com,Seller,,,,MarketplaceFacilitator,10.99,0.77,3.99,0.28,0,0,0,0.00,0,-1.05,-3.45,0.00,0.00,0.00,11.53,Released,
"Sep 19, 2025 2:07:45 PM PDT",18799999978,Order,114-5206800-0821683,EL-006800,Pre-owned Headphones,1,amazon.com,Seller,,,,MarketplaceFacilitator,28.99,2.03,5.99,0.42,0,0,0,0.00,0,-2.45,-4.35,0.00,0.00,0.00,30.63,Released,
"Sep 19, 2025 2:18:46 PM PDT",18799999978,Order,114-9606792-9862548,BK-006792,Used Poetry Collection,1,amazon.com,Seller,,,,MarketplaceFacilitator,7.99,0.56,3.99,0.28,0,0,0,0.00,0,-0.84,-3.00,0.00,0.00,0.00,8.98,Released,
"Sep 19, 2025 2:22:39 PM PDT",18799999978,Order,111-6706808-4050276,CO-006808,Used Figurine,1,amazon.com,Seller,,,,MarketplaceFacilitator,19.99,1.40,5.99,0.42,0,0,0,0.00,0,-1.82,-3.00,0.00,0.00,0.00,22.98,Released,
"Sep 19, 2025 2:51:15 PM PDT",18799999978,Order,111-6306761-5623349,MD-006761,Vintage DVD Box Set,1,amazon.com,Seller,,,,MarketplaceFacilitator,4.99,0.35,3.99,0.28,0,0,0,0.00,0,-0.63,-2.55,0.00,0.00,0.00,6.43,Released,
"Sep 19, 2025 3:14:25 PM PDT",18799999978,Order,111-1106764-8537526,BK-006764,Used Cookbook,1,amazon.com,Seller,,,,MarketplaceFacilitator,11.99,0.84,3.99,0.28,0,0,0,0.00,0,-1.12,-3.60,0.00,0.00,0.00,12.38,Released,
"Sep 19, 2025 3:32:52 PM PDT",18799999978,Order,112-6106758-5460365,BK-006758,Lot of 2 Poetry Collection,1,amazon.com,Seller,,,,MarketplaceFacilitator,10.99,0.77,3.99,0.28,0,0,0,0.00,0,-1.05,-3.45,0.00,0.00,0.00,11.53,Released,
"Sep 19, 2025 3:36:11 PM PDT",18799999978,Order,112-7506777-7553442,MD-006777,Retro Audiobook,1,amazon.com,Seller,,,,MarketplaceFacilitator,10.99,0.77,3.99,0.28,0,0,0,0.00,0,-1.05,-3.45,0.00,0.00,0.00,11.53,Released,
"Sep 19, 2025 4:07:15 PM PDT",18799999978,Order,112-1906803-9939032,EL-006803,Used Headphones,1,amazon.com,Seller,,,,MarketplaceFacilitator,10.99,0.77,5.99,0.42,0,0,0,0.00,0,-1.19,-1.65,0.00,0.00,0.00,15.33,Released,
"Sep 19, 2025 4:08:09 PM PDT",18799999978,Order,111-3306799-9597499,CO-006799,Like New Pewter Mug,1,amazon.com,Seller,,,,MarketplaceFacilitator,19.99,1.40,5.99,0.42,0,0,0,0.00,0,-1.82,-3.00,0.00,0.00,0.00,22.98,Released,
"Sep 19, 2025 4:11:58 PM PDT",18799999978,Order,111-6006785-3699499,CO-006785,Like New Snow Globe,1,amazon.com,Seller,,,,MarketplaceFacilitator,18.99,1.33,5.99,0.42,0,0,0,0.00,0,-1.75,-2.85,0.00,0.00,0.00,22.13,Released,
"Sep 19, 2025 4:30:43 PM PDT",18799999978,Order,111-9106760-5841444,BK-006760,Like New Field Guide,1,amazon.com,Seller,,,,MarketplaceFacilitator,16.99,1.19,3.99,0.28,0,0,0,0.00,0,-1.47,-4.35,0.00,0.00,0.00,16.63,Released,
"Sep 19, 2025 5:06:22 PM PDT",18799999978,Order,112-1706774-3912284,BK-006774,Handmade Paperback Lot,1,amazon.com,Seller,,,,MarketplaceFacilitator,11.99,0.84,3.99,0.28,0,0,0,0.00,0,-1.12,-3.60,0.00,0.00,0.00,12.38,Released,
"Sep 19, 2025 5:21:46 PM PDT",18799999978,Order,114-8906779-9630409,BK-006779,Handmade Biography,1,amazon.com,Seller,,,,MarketplaceFacilitator,6.99,0.49,3.99,0.28,0,0,0,0.00,0,-0.77,-2.85,0.00,0.00,0.00,8.13,Released,
"Sep 19, 2025 5:50:58 PM PDT",18799999978,Order,114-7906772-9997961,MD-006772,Pre-owned CD Lot,1,amazon.com,Seller,,,,MarketplaceFacilitator,4.99,0.35,3.99,0.28,0,0,0,0.00,0,-0.63,-2.55,0.00,0.00,0.00,6.43,Released,
"Sep 19, 2025 6:26:42 PM PDT",18799999978,Order,111-5206755-9409761,EL-006755,Classic Headphones,1,amazon.com,Seller,,,,MarketplaceFacilitator,39.99,2.80,5.99,0.42,0,0,0,0.00,0,-3.22,-6.00,0.00,0.00,0.00,39.98,Released,
"Sep 19, 2025 6:28:04 PM PDT",18799999978,Order,112-5106763-5266744,MD-006763,Vintage Audiobook,1,amazon.com,Seller,,,,MarketplaceFacilitator,6.99,0.49,3.99,0.28,0,0,0,0.00,0,-0.77,-2.85,0.00,0.00,0.00,8.13,Released,
"Sep 19, 2025 6:51:37 PM PDT",18799999978,Order,114-8906770-7530676,BK-006770,Like New Textbook,1,amazon.com,Seller,,,,MarketplaceFacilitator,10.99,0.77,3.99,0.28,0,0,0,0.00,0,-1.05,-3.45,0.00,0.00,0.00,11.53,Released,
"Sep 19, 2025 7:17:45 PM PDT",18799999978,Order,113-2606759-4631792,CO-006759,Antique Snow Globe,1,amazon.com,Seller,,,,MarketplaceFacilitator,39.99,2.80,5.99,0.42,0,0,0,0.00,0,-3.22,-6.00,0.00,0.00,0.00,39.98,Released,
"Sep 19, 2025 7:28:26 PM PDT",18799999978,Order,114-9506780-1508085,MD-006780,Retro DVD Box Set,1,amazon.com,Seller,,,,MarketplaceFacilitator,8.99,0.63,3.99,0.28,0,0,0,0.00,0,-0.91,-3.15,0.00,0.00,0.00,9.83,Released,
"Sep 19, 2025 7:39:25 PM PDT",18799999978,Order,114-3406767-5512407,BK-006767,Classic Textbook,1,amazon.com,Seller,,,,MarketplaceFacilitator,17.99,1.26,3.99,0.28,0,0,0,0.00,0,-1.54,-4.50,0.00,0.00,0.00,17.48,Released,
"Sep 19, 2025 8:07:49 PM PDT",18799999978,Order,112-1406790-5212094,BK-006790,Lot of 2 Poetry Collection,1,amazon.com,Seller,,,,MarketplaceFacilitator,9.99,0.70,3.99,0.28,0,0,0,0.00,0,-0.98,-3.30,0.00,0.00,0.00,10.68,Released,
"Sep 19, 2025 8:31:07 PM PDT",18799999978,Order,113-1306804-9520269,BK-006804,Used Atlas,1,amazon.com,Seller,,,,MarketplaceFacilitator,7.99,0.56,3.99,0.28,0,0,0,0.00,0,-0.84,-3.00,0.00,0.00,0.00,8.98,Released,
"Sep 19, 2025 8:41:49 PM PDT",18799999978,Order,112-8206791-0667116,BK-006791,Antique Textbook,1,amazon.com,Seller,,,,MarketplaceFacilitator,10.99,0.77,3.99,0.28,0,0,0,0.00,0,-1.05,-3.45,0.00,0.00,0.00,11.53,Released,
"Sep 19, 2025 10:37:07 PM PDT",18799999978,Order,112-1806953-6481527,BK-006953,Vintage Textbook,1,amazon.com,Seller,,,,MarketplaceFacilitator,20.99,1.47,3.99,0.28,0,0,0,0.00,0,-1.75,-4.95,0.00,0.00,0.00,20.03,Released,
"Sep 19, 2025 10:50:21 PM PDT",18799999978,Order,112-7706919-0520652,MD-006919,Vintage DVD Box Set,1,amazon.com,Seller,,,,MarketplaceFacilitator,6.99,0.49,3.99,0.28,0,0,0,0.00,0,-0.77,-2.85,0.00,0.00,0.00,8.13,Released,
"Sep 19, 2025 11:08:11 PM PDT",18799999978,Order,113-0306917-2384028,CO-006917,Lot of 2 Snow Globe,1,amazon.com,Seller,,,,MarketplaceFacilitator,12.99,0.91,5.99,0.42,0,0,0,0.00,0,-1.33,-1.95,0.00,0.00,0.00,17.03,Released,
"Sep 19, 2025 11:51:39 PM PDT",18799999978,Order,112-4106938-9528350,CO-006938,Antique Figurine,1,amazon.com,Seller,,,,MarketplaceFacilitator,34.99,2.45,5.99,0.42,0,0,0,0.00,0,-2.87,-5.25,0.00,0.00,0.00,35.73,Released,
"Sep 20, 2025 12:26:29 AM PDT",18799999978,Order,114-7406951-5213949,BK-006951,Lot of 2 Cookbook,1,amazon.com,Seller,,,,MarketplaceFacilitator,30.99,2.17,3.99,0.28,0,0,0,0.00,0,-2.45,-6.45,0.00,0.00,0.00,28.53,Released,
"Sep 20, 2025 12:38:13 AM PDT",18799999978,Order,114-7906949-5103669,MD-006949,Retro Vinyl Record,1,amazon.com,Seller,,,,MarketplaceFacilitator,15.99,1.12,3.99,0.28,0,0,0,0.00,0,-1.40,-4.20,0.00,0.00,0.00,15.78,Released,
"Sep 20, 2025 1:12:48 AM PDT",18799999978,Order,111-6906924-0781470,MD-006924,Antique Blu-ray Set,1,amazon.com,Seller,,,,MarketplaceFacilitator,18.99,1.33,3.99,0.28,0,0,0,0.00,0,-1.61,-4.65,0.00,0.00,0.00,18.33,Released,
"Sep 20, 2025 1:14:32 AM PDT",18799999978,Order,112-8806940-8504319,BK-006940,Antique Field Guide,1,amazon.com,Seller,,,,MarketplaceFacilitator,6.99,0.49,3.99,0.28,0,0,0,0.00,0,-0.77,-2.85,0.00,0.00,0.00,8.13,Released,
"Sep 20, 2025 1:51:08 AM PDT",18799999978,Order,113-3306928-8539118,BK-006928,Handmade Poetry Collection,1,amazon.com,Seller,,,,MarketplaceFacilitator,25.99,1.82,3.99,0.28,0,0,0,0.00,0,-2.10,-5.70,0.00,0.00,0.00,24.28,Released,
"Sep 20, 2025 1:52:26 AM PDT",18799999978,Order,111-0606942-4578000,BK-006942,Antique Hardcover Novel,1,amazon.com,Seller,,,,MarketplaceFacilitator,18.99,1.33,3.99,0.28,0,0,0,0.00,0,-1.61,-4.65,0.00,0.00,0.00,18.33,Released,
"Sep 20, 2025 2:12:22 AM PDT",18799999978,Order,111-5306954-1508116,BK-006954,Antique Poetry Collection,1,amazon.com,Seller,,,,MarketplaceFacilitator,26.99,1.89,3.99,0.28,0,0,0,0.00,0,-2.17,-5.85,0.00,0.00,0.00,25.13,Released,
"Sep 20, 2025 2:25:25 AM PDT",18799999978,Order,111-0706918-3791766,MD-006918,Vintage DVD Box Set,1,amazon.com,Seller,,,,MarketplaceFacilitator,12.99,0.91,3.99,0.28,0,0,0,0.00,0,-1.19,-3.75,0.00,0.00,0.00,13.23,Released,
"Sep 20, 2025 2:40:02 AM PDT",18799999978,Order,112-8706955-3860572,BK-006955,Lot of 2 Field Guide,1,amazon.com,Seller,,,,MarketplaceFacilitator,21.99,1.54,3.99,0.28,0,0,0,0.00,0,-1.82,-5.10,0.00,0.00,0.00,20.88,Released,
"Sep 20, 2025 3:22:49 AM PDT",18799999978,Order,112-9706925-2670729,MD-006925,Pre-owned Blu-ray Set,1,amazon.com,Seller,,,,MarketplaceFacilitator,14.99,1.05,3.99,0.28,0,0,0,0.00,0,-1.33,-4.05,0.00,0.00,0.00,14.93,Released,
"Sep 20, 2025 3:48:56 AM PDT",18799999978,Order,112-0906948-6971801,BK-006948,Vintage Textbook,1,amazon.com,Seller,,,,MarketplaceFacilitator,10.99,0.77,3.99,0.28,0,0,0,0.00,0,-1.05,-3.45,0.00,0.00,0.00,11.53,Released,
"Sep 20, 2025 4:04:23 AM PDT",18799999978,Order,112-1906952-7055806,BK-006952,Antique Biography,1,amazon.com,Seller,,,,MarketplaceFacilitator,44.99,3.15,3.99,0.28,0,0,0,0.00,0,-3.43,-8.55,0.00,0.00,0.00,40.43,Released,
"Sep 20, 2025 5:15:46 AM PDT",18799999978,Order,112-5006935-4488534,MD-006935,Retro Blu-ray Set,1,amazon.com,Seller,,,,MarketplaceFacilitator,11.99,0.84,3.99,0.28,0,0,0,0.00,0,-1.12,-3.60,0.00,0.00,0.00,12.38,Released,
"Sep 20, 2025 5:21:54 AM PDT",18799999978,Order,111-2706932-4398266,BK-006932,Like New Field Guide,1,amazon.com,Seller,,,,MarketplaceFacilitator,7.99,0.56,3.99,0.28,0,0,0,0.00,0,-0.84,-3.00,0.00,0.00,0.00,8.98,Released,
"Sep 20, 2025 6:06:29 AM PDT",18799999978,Order,113-3606913-2021133,CO-006913,Mid-Century Coin Lot,1,amazon.com,Seller,,,,MarketplaceFacilitator,32.99,2.31,5.99,0.42,0,0,0,0.00,0,-2.73,-4.95,0.00,0.00,0.00,34.03,Released,
"Sep 20, 2025 7:00:23 AM PDT",18799999978,Order,114-4606947-3765033,MD-006947,Used Vinyl Record,1,amazon.com,Seller,,,,MarketplaceFacilitator,7.99,0.56,3.99,0.28,0,0,0,0.00,0,-0.84,-3.00,0.00,0.00,0.00,8.98,Released,
"Sep 20, 2025 7:15:40 AM PDT",18799999978,Order,111-1406927-7942923,BK-006927,Handmade Biography,1,amazon.com,Seller,,,,MarketplaceFacilitator,15.99,1.12,3.99,0.28,0,0,0,0.00,0,-1.40,-4.20,0.00,0.00,0.00,15.78,Released,
"Sep 20, 2025 7:23:13 AM PDT",18799999978,Order,112-5906936-5068495,BK-006936,Pre-owned Hardcover Novel,1,amazon.com,Seller,,,,MarketplaceFacilitator,16.99,1.19,3.99,0.28,0,0,0,0.00,0,-1.47,-4.35,0.00,0.00,0.00,16.63,Released,
"Sep 20, 2025 7:51:30 AM PDT",18799999978,Order,111-6706926-6070602,CO-006926,Vintage Trading Card Lot,1,amazon.com,Seller,,,,MarketplaceFacilitator,41.99,2.94,5.99,0.42,0,0,0,0.00,0,-3.36,-6.30,0.00,0.00,0.00,41.68,Released,
"Sep 20, 2025 8:26:36 AM PDT",18799999978,Order,114-1006910-4711245,BK-006910,Retro Textbook,1,amazon.com,Seller,,,,MarketplaceFacilitator,9.99,0.70,3.99,0.28,0,0,0,0.00,0,-0.98,-3.30,0.00,0.00,0.00,10.68,Released,
"Sep 20, 2025 8:44:44 AM PDT",18799999978,Order,111-5406922-6444725,MD-006922,Classic DVD Box Set,1,amazon.com,Seller,,,,MarketplaceFacilitator,24.99,1.75,3.99,0.28,0,0,0,0.00,0,-2.03,-5.55,0.00,0.00,0.00,23.43,Released,
"Sep 20, 2025 9:30:19 AM PDT",18799999978,Order,111-3506946-3361193,BK-006946,Used Cookbook,1,amazon.com,Seller,,,,MarketplaceFacilitator,10.99,0.77,3.99,0.28,0,0,0,0.00,0,-1.05,-3.45,0.00,0.00,0.00,11.53,Released,
"Sep 20, 2025 9:31:28 AM PDT",18799999978,Order,114-5406944-7010355,BK-006944,Classic Textbook,1,amazon.com,Seller,,,,MarketplaceFacilitator,16.99,1.19,3.99,0.28,0,0,0,0.00,0,-1.47,-4.35,0.00,0.00,0.00,16.63,Released,
"Sep 20, 2025 10:54:36 AM PDT",18799999978,Order,111-1706934-2266557,TY-006934,Used Board Game,1,amazon.com,Seller,,,,MarketplaceFacilitator,8.99,0.63,5.99,0.42,0,0,0,0.00,0,-1.05,-1.35,0.00,0.00,0.00,13.63,Released,
"Sep 20, 2025 11:01:47 AM PDT",18799999978,Order,114-0506915-5356250,CO-006915,Used Figurine,1,amazon.com,Seller,,,,MarketplaceFacilitator,47.99,3.36,5.99,0.42,0,0,0,0.00,0,-3.78,-7.20,0.00,0.00,0.00,46.78,Released,
"Sep 20, 2025 11:17:02 AM PDT",18799999978,Order,113-8406914-2852618,BK-006914,Pre-owned Hardcover Novel,1,amazon.com,Seller,,,,MarketplaceFacilitator,14.99,1.05,3.99,0.28,0,0,0,0.00,0,-1.33,-4.05,0.00,0.00,0.00,14.93,Released,
"Sep 20, 2025 11:37:54 AM PDT",18799999978,Order,111-9306930-5291309,BK-006930,Handmade Textbook,1,amazon.com,Seller,,,,MarketplaceFacilitator,9.99,0.70,3.99,0.28,0,0,0,0.00,0,-0.98,-3.30,0.00,0.00,0.00,10.68,Released,
"Sep 20, 2025 12:56:29 PM PDT",18799999978,Order,113-3206931-2395272,BK-006931,Retro Atlas,1,amazon.com,Seller,,,,MarketplaceFacilitator,11.99,0.84,3.99,0.28,0,0,0,0.00,0,-1.12,-3.60,0.00,0.00,0.00,12.38,Released,
"Sep 20, 2025 12:57:56 PM PDT",18799999978,Order,111-4706945-6691865,BK-006945,Lot of 2 Poetry Collection,1,amazon.com,Seller,,,,MarketplaceFacilitator,13.99,0.98,3.99,0.28,0,0,0,0.00,0,-1.26,-3.90,0.00,0.00,0.00,14.08,Released,
"Sep 20, 2025 1:37:48 PM PDT",18799999978,Order,112-1906929-6881076,BK-006929,Mid-Century Textbook,1,amazon.com,Seller,,,,MarketplaceFacilitator,7.99,0.56,3.99,0.28,0,0,0,0.00,0,-0.84,-3.00,0.00,0.00,0.00,8.98,Released,
"Sep 20, 2025 2:31:09 PM PDT",18799999978,Order,112-7206950-2422002,TY-006950,Pre-owned Puzzle 1000pc,1,amazon.com,Seller,,,,MarketplaceFacilitator,23.99,1.68,5.99,0.42,0,0,0,0.00,0,-2.10,-3.60,0.00,0.00,0.00,26.38,Released,
"Sep 20, 2025 2:31:45 PM PDT",18799999978,Order,114-6506939-0654183,BK-006939,Vintage Hardcover Novel,1,amazon.com,Seller,,,,MarketplaceFacilitator,11.99,0.84,3.99,0.28,0,0,0,0.00,0,-1.12,-3.60,0.00,0.00,0.00,12.38,Released,
"Sep 20, 2025 2:38:16 PM PDT",18799999978,Order,111-3206923-8005026,BK-006923,Retro Atlas,1,amazon.com,Seller,,,,MarketplaceFacilitator,12.99,0.91,3.99,0.28,0,0,0,0.00,0,-1.19,-3.75,0.00,0.00,0.00,13.23,Released,
"Sep 20, 2025 4:41:49 PM PDT",18799999978,Order,113-9106921-1597609,CO-006921,Pre-owned Figurine,1,amazon.com,Seller,,,,MarketplaceFacilitator,42.99,3.01,5.99,0.42,0,0,0,0.00,0,-3.43,-6.45,0.00,0.00,0.00,42.53,Released,
"Sep 20, 2025 5:51:12 PM PDT",18799999978,Order,114-5906941-0758014,BK-006941,Retro Poetry Collection,1,amazon.com,Seller,,,,MarketplaceFacilitator,15.99,1.12,3.99,0.28,0,0,0,0.00,0,-1.40,-4.20,0.00,0.00,0.00,15.78,Released,
"Sep 20, 2025 5:55:29 PM PDT",18799999978,Order,112-8806911-7691283,MD-006911,Handmade CD Lot,1,amazon.com,Seller,,,,MarketplaceFacilitator,19.99,1.40,3.99,0.28,0,0,0,0.00,0,-1.68,-4.80,0.00,0.00,0.00,19.18,Released,
"Sep 20, 2025 6:14:43 PM PDT",18799999978,Refund,112-7206950-2422002,TY-006950,Pre-owned Puzzle 1000pc,1,amazon.com,Seller,,,,MarketplaceFacilitator,-23.99,-1.68,-5.99,-0.42,0,0,0,0.00,0,2.10,2.88,0.00,0.00,0.00,-27.10,Released,
"Sep 20, 2025 6:48:48 PM PDT",18799999978,Order,111-3306912-1894841,BK-006912,Handmade Paperback Lot,1,amazon.com,Seller,,,,MarketplaceFacilitator,9.99,0.70,3.99,0.28,0,0,0,0.00,0,-0.98,-3.30,0.00,0.00,0.00,10.68,Released,
"Sep 20, 2025 7:15:39 PM PDT",18799999978,Order,111-6906933-3500585,BK-006933,Mid-Century Textbook,1,amazon.com,Seller,,,,MarketplaceFacilitator,13.99,0.98,3.99,0.28,0,0,0,0.00,0,-1.26,-3.90,0.00,0.00,0.00,14.08,Released,
"Sep 20, 2025 7:29:08 PM PDT",18799999978,Order,113-7706920-8751327,EL-006920,Used Game Console,1,amazon.com,Seller,,,,MarketplaceFacilitator,21.99,1.54,5.99,0.42,0,0,0,0.00,0,-1.96,-3.30,0.00,0.00,0.00,24.68,Released,
"Sep 20, 2025 7:50:21 PM PDT",18799999978,Order,111-9306937-7922080,BK-006937,Handmade Biography,1,amazon.com,Seller,,,,MarketplaceFacilitator,10.99,0.77,3.99,0.28,0,0,0,0.00,0,-1.05,-3.45,0.00,0.00,0.00,11.53,Released,
"Sep 20, 2025 7:50:24 PM PDT",18799999978,Order,114-4806943-1342263,BK-006943,Pre-owned Poetry Collection,1,amazon.com,Seller,,,,MarketplaceFacilitator,8.99,0.63,3.99,0.28,0,0,0,0.00,0,-0.91,-3.15,0.00,0.00,0.00,9.83,Released,
"Sep 20, 2025 7:54:35 PM PDT",18799999978,Order,112-8306916-6413095,BK-006916,Used Field Guide,1,amazon.com,Seller,,,,MarketplaceFacilitator,12.99,0.91,3.99,0.28,0,0,0,0.00,0,-1.19,-3.75,0.00,0.00,0.00,13.23,Released,
"Sep 20, 2025 10:25:08 PM PDT",18799999978,Order,112-1107095-5798689,BK-007095,Lot of 2 Atlas,1,amazon.com,Seller,,,,MarketplaceFacilitator,25.99,1.82,3.99,0.28,0,0,0,0.00,0,-2.10,-5.70,0.00,0.00,0.00,24.28,Released,
"Sep 20, 2025 11:53:07 PM PDT",18799999978,Order,113-6807121-0139260,BK-007121,Lot of 2 Hardcover Novel,1,amazon.com,Seller,,,,MarketplaceFacilitator,60.99,4.27,3.99,0.28,0,0,0,0.00,0,-4.55,-10.95,0.00,0.00,0.00,54.03,Released,
"Sep 21, 2025 12:27:09 AM PDT",18799999978,Order,114-5407122-5730410,MD-007122,Mid-Century Vinyl Record,1,amazon.com,Seller,,,,MarketplaceFacilitator,9.99,0.70,3.99,0.28,0,0,0,0.00,0,-0.98,-3.30,0.00,0.00,0.00,10.68,Released,
"Sep 21, 2025 1:31:49 AM PDT",18799999978,Order,112-8307084-0351164,EL-007084,Handmade Camera Lens,1,amazon.com,Seller,,,,MarketplaceFacilitator,15.99,1.12,5.99,0.42,0,0,0,0.00,0,-1.54,-2.40,0.00,0.00,0.00,19.58,Released,
"Sep 21, 2025 1:52:37 AM PDT",18799999978,Order,112-4107093-4909585,EL-007093,Lot of 2 Turntable,1,amazon.com,Seller,,,,MarketplaceFacilitator,47.99,3.36,5.99,0.42,0,0,0,0.00,0,-3.78,-7.20,0.00,0.00,0.00,46.78,Released,
"Sep 21, 2025 2:06:19 AM PDT",18799999978,Order,114-5407118-7425715,BK-007118,Handmade Field Guide,1,amazon.com,Seller,,,,MarketplaceFacilitator,15.99,1.12,3.99,0.28,0,0,0,0.00,0,-1.40,-4.20,0.00,0.00,0.00,15.78,Released,
"Sep 21, 2025 4:41:26 AM PDT",18799999978,Order,111-8807103-1474810,BK-007103,Handmade Poetry Collection,1,amazon.com,Seller,,,,MarketplaceFacilitator,7.99,0.56,3.99,0.28,0,0,0,0.00,0,-0.84,-3.00,0.00,0.00,0.00,8.98,Released,
"Sep 21, 2025 4:46:33 AM PDT",18799999978,Order,114-1407098-5359352,MD-007098,Retro CD Lot,1,amazon.com,Seller,,,,MarketplaceFacilitator,14.99,1.05,3.99,0.28,0,0,0,0.00,0,-1.33,-4.05,0.00,0.00,0.00,14.93,Released,
"Sep 21, 2025 4:51:53 AM PDT",18799999978,Order,113-1807130-0355056,BK-007130,Like New Field Guide,1,amazon.com,Seller,,,,MarketplaceFacilitator,21.99,1.54,3.99,0.28,0,0,0,0.00,0,-1.82,-5.10,0.00,0.00,0.00,20.88,Released,
"Sep 21, 2025 5:08:43 AM PDT",18799999978,Order,114-1807126-4570117,BK-007126,Pre-owned Cookbook,1,amazon.com,Seller,,,,MarketplaceFacilitator,8.99,0.63,3.99,0.28,0,0,0,0.00,0,-0.91,-3.15,0.00,0.00,0.00,9.83,Released,
"Sep 21, 2025 5:28:31 AM PDT",18799999978,Order,114-7407132-5010816,BK-007132,Lot of 2 Atlas,1,amazon.com,Seller,,,,MarketplaceFacilitator,19.99,1.40,3.99,0.28,0,0,0,0.00,0,-1.68,-4.80,0.00,0.00,0.00,19.18,Released,
"Sep 21, 2025 6:05:52 AM PDT",18799999978,Order,114-9107107-3225685,MD-007107,Like New Audiobook,1,amazon.com,Seller,,,,MarketplaceFacilitator,10.99,0.77,3.99,0.28,0,0,0,0.00,0,-1.05,-3.45,0.00,0.00,0.00,11.53,Released,
"Sep 21, 2025 6:06:57 AM PDT",18799999978,Order,114-2207114-4472993,TY-007114,Pre-owned Model Train,1,amazon.com,Seller,,,,MarketplaceFacilitator,12.99,0.91,5.99,0.42,0,0,0,0.00,0,-1.33,-1.95,0.00,0.00,0.00,17.03,Released,
"Sep 21, 2025 6:34:35 AM PDT",18799999978,Order,113-8207125-7044009,BK-007125,Pre-owned Poetry Collection,1,amazon.com,Seller,,,,MarketplaceFacilitator,9.99,0.70,3.99,0.28,0,0,0,0.00,0,-0.98,-3.30,0.00,0.00,0.00,10.68,Released,
"Sep 21, 2025 6:55:41 AM PDT",18799999978,Order,112-5607106-5691199,TY-007106,Lot of 2 Puzzle 1000pc,1,amazon.com,Seller,,,,MarketplaceFacilitator,34.99,2.45,5.99,0.42,0,0,0,0.00,0,-2.87,-5.25,0.00,0.00,0.00,35.73,Released,
"Sep 21, 2025 7:20:04 AM PDT",18799999978,Order,111-8207115-0147866,BK-007115,Used Poetry Collection,1,amazon.com,Seller,,,,MarketplaceFacilitator,16.99,1.19,3.99,0.28,0,0,0,0.00,0,-1.47,-4.35,0.00,0.00,0.00,16.63,Released,
"Sep 21, 2025 7:36:12 AM PDT",18799999978,Order,114-8707105-4100257,BK-007105,Mid-Century Hardcover Novel,1,amazon.com,Seller,,,,MarketplaceFacilitator,11.99,0.84,3.99,0.28,0,0,0,0.00,0,-1.12,-3.60,0.00,0.00,0.00,12.38,Released,
"Sep 21, 2025 8:37:06 AM PDT",18799999978,Order,114-7707131-8950425,BK-007131,Vintage Biography,1,amazon.com,Seller,,,,MarketplaceFacilitator,13.99,0.98,3.99,0.28,0,0,0,0.00,0,-1.26,-3.90,0.00,0.00,0.00,14.08,Released,
"Sep 21, 2025 8:48:45 AM PDT",18799999978,Order,113-2807123-9954017,TY-007123,Antique Model Train,1,amazon.com,Seller,,,,MarketplaceFacilitator,13.99,0.98,5.99,0.42,0,0,0,0.00,0,-1.40,-2.10,0.00,0.00,0.00,17.88,Released,
"Sep 21, 2025 8:49:13 AM PDT",18799999978,Order,114-1107089-6795590,MD-007089,Retro Vinyl Record,1,amazon.com,Seller,,,,MarketplaceFacilitator,4.99,0.35,3.99,0.28,0,0,0,0.00,0,-0.63,-2.55,0.00,0.00,0.00,6.43,Released,
"Sep 21, 2025 10:13:39 AM PDT",18799999978,Order,112-7607096-6163032,BK-007096,Like New Cookbook,1,amazon.com,Seller,,,,MarketplaceFacilitator,9.99,0.70,3.99,0.28,0,0,0,0.00,0,-0.98,-3.30,0.00,0.00,0.00,10.68,Released,
"Sep 21, 2025 10:21:43 AM PDT",18799999978,Order,111-1107111-0937409,BK-007111,Lot of 2 Field Guide,1,amazon.com,Seller,,,,MarketplaceFacilitator,11.99,0.84,3.99,0.28,0,0,0,0.00,0,-1.12,-3.60,0.00,0.00,0.00,12.38,Released,
"Sep 21, 2025 10:23:35 AM PDT",18799999978,Order,113-6107128-7409552,MD-007128,Classic Vinyl Record,1,amazon.com,Seller,,,,MarketplaceFacilitator,47.99,3.36,3.99,0.28,0,0,0,0.00,0,-3.64,-9.00,0.00,0.00,0.00,42.98,Released,
"Sep 21, 2025 10:40:44 AM PDT",18799999978,Order,111-2107113-5157188,BK-007113,Mid-Century Atlas,1,amazon.com,Seller,,,,MarketplaceFacilitator,16.99,1.19,3.99,0.28,0,0,0,0.00,0,-1.47,-4.35,0.00,0.00,0.00,16.63,Released,
"Sep 21, 2025 11:09:26 AM PDT",18799999978,Order,111-1107112-8834761,CO-007112,Handmade Trading Card Lot,1,amazon.com,Seller,,,,MarketplaceFacilitator,18.99,1.33,5.99,0.42,0,0,0,0.00,0,-1.75,-2.85,0.00,0.00,0.00,22.13,Released,
"Sep 21, 2025 11:44:54 AM PDT",18799999978,Order,111-7507117-0686678,BK-007117,Retro Paperback Lot,1,amazon.com,Seller,,,,MarketplaceFacilitator,21.99,1.54,3.99,0.28,0,0,0,0.00,0,-1.82,-5.10,0.00,0.00,0.00,20.88,Released,
"Sep 21, 2025 12:14:39 PM PDT",18799999978,Order,113-0607127-2650498,TY-007127,Lot of 2 Puzzle 1000pc,1,amazon.com,Seller,,,,MarketplaceFacilitator,35.99,2.52,5.99,0.42,0,0,0,0.00,0,-2.94,-5.40,0.00,0.00,0.00,36.58,Released,
"Sep 21, 2025 12:17:58 PM PDT",18799999978,Order,111-2207100-0677633,BK-007100,Antique Atlas,1,amazon.com,Seller,,,,MarketplaceFacilitator,30.99,2.17,3.99,0.28,0,0,0,0.00,0,-2.45,-6.45,0.00,0.00,0.00,28.53,Released,
"Sep 21, 2025 1:37:38 PM PDT",18799999978,Order,113-1807094-9198050,BK-007094,Classic Field Guide,1,amazon.com,Seller,,,,MarketplaceFacilitator,6.99,0.49,3.99,0.28,0,0,0,0.00,0,-0.77,-2.85,0.00,0.00,0.00,8.13,Released,
"Sep 21, 2025 1:44:50 PM PDT",18799999978,Order,112-5407108-6519402,BK-007108,Antique Paperback Lot,1,amazon.com,Seller,,,,MarketplaceFacilitator,12.99,0.91,3.99,0.28,0,0,0,0.00,0,-1.19,-3.75,0.00,0.00,0.00,13.23,Released,
"Sep 21, 2025 1:54:55 PM PDT",18799999978,Order,113-3807097-0057024,BK-007097,Like New Cookbook,1,amazon.com,Seller,,,,MarketplaceFacilitator,8.99,0.63,3.99,0.28,0,0,0,0.00,0,-0.91,-3.15,0.00,0.00,0.00,9.83,Released,
"Sep 21, 2025 2:20:52 PM PDT",18799999978,Order,113-6007129-1747806,BK-007129,Vintage Poetry Collection,1,amazon.com,Seller,,,,MarketplaceFacilitator,24.99,1.75,3.99,0.28,0,0,0,0.00,0,-2.03,-5.55,0.00,0.00,0.00,23.43,Released,
"Sep 21, 2025 2:40:29 PM PDT",18799999978,Order,111-6807088-2839146,BK-007088,Like New Cookbook,1,amazon.com,Seller,,,,MarketplaceFacilitator,4.99,0.35,3.99,0.28,0,0,0,0.00,0,-0.63,-2.55,0.00,0.00,0.00,6.43,Released,
"Sep 21, 2025 3:13:46 PM PDT",18799999978,Order,114-5107116-7032456,BK-007116,Vintage Hardcover Novel,1,amazon.com,Seller,,,,MarketplaceFacilitator,19.99,1.40,3.99,0.28,0,0,0,0.00,0,-1.68,-4.80,0.00,0.00,0.00,19.18,Released,
"Sep 21, 2025 4:09:17 PM PDT",18799999978,Order,111-5907087-6654234,MD-007087,Mid-Century CD Lot,1,amazon.com,Seller,,,,MarketplaceFacilitator,5.99,0.42,3.99,0.28,0,0,0,0.00,0,-0.70,-2.70,0.00,0.00,0.00,7.28,Released,
"Sep 21, 2025 4:11:55 PM PDT",18799999978,Order,112-9207119-7361846,BK-007119,Vintage Atlas,1,amazon.com,Seller,,,,MarketplaceFacilitator,14.99,1.05,3.99,0.28,0,0,0,0.00,0,-1.33,-4.05,0.00,0.00,0.00,14.93,Released,
"Sep 21, 2025 4:25:37 PM PDT",18799999978,Order,114-5507086-5752222,BK-007086,Mid-Century Atlas,1,amazon.com,Seller,,,,MarketplaceFacilitator,8.99,0.63,3.99,0.28,0,0,0,0.00,0,-0.91,-3.15,0.00,0.00,0.00,9.83,Released,
"Sep 21, 2025 5:07:06 PM PDT",18799999978,Order,113-5407124-2919580,MD-007124,Antique CD Lot,1,amazon.com,Seller,,,,MarketplaceFacilitator,17.99,1.26,3.99,0.28,0,0,0,0.00,0,-1.54,-4.50,0.00,0.00,0.00,17.48,Released,
"Sep 21, 2025 5:09:42 PM PDT",18799999978,Order,111-8107092-0111729,BK-007092,Classic Textbook,1,amazon.com,Seller,,,,MarketplaceFacilitator,15.99,1.12,3.99,0.28,0,0,0,0.00,0,-1.40,-4.20,0.00,0.00,0.00,15.78,Released,
"Sep 21, 2025 5:32:26 PM PDT",18799999978,Order,113-6007101-5170523,MD-007101,Retro Vinyl Record,1,amazon.com,Seller,,,,MarketplaceFacilitator,18.99,1.33,3.99,0.28,0,0,0,0.00,0,-1.61,-4.65,0.00,0.00,0.00,18.33,Released,
"Sep 21, 2025 6:03:56 PM PDT",18799999978,Refund,111-5907087-6654234,MD-007087,Mid-Century CD Lot,1,amazon.com,Seller,,,,MarketplaceFacilitator,-5.99,-0.42,-3.99,-0.28,0,0,0,0.00,0,0.70,2.16,0.00,0.00,0.00,-7.82,Released,
"Sep 21, 2025 6:15:52 PM PDT",18799999978,Order,113-0307099-4083202,BK-007099,Used Biography,1,amazon.com,Seller,,,,MarketplaceFacilitator,12.99,0.91,3.99,0.28,0,0,0,0.00,0,-1.19,-3.75,0.00,0.00,0.00,13.23,Released,
"Sep 21, 2025 6:20:10 PM PDT",18799999978,Order,113-2707110-9422332,BK-007110,Used Biography,1,amazon.com,Seller,,,,MarketplaceFacilitator,6.99,0.49,3.99,0.28,0,0,0,0.00,0,-0.77,-2.85,0.00,0.00,0.00,8.13,Released,
"Sep 21, 2025 6:24:27 PM PDT",18799999978,Order,114-2407102-9110625,BK-007102,Classic Textbook,1,amazon.com,Seller,,,,MarketplaceFacilitator,9.99,0.70,3.99,0.28,0,0,0,0.00,0,-0.98,-3.30,0.00,0.00,0.00,10.68,Released,
"Sep 21, 2025 6:52:28 PM PDT",18799999978,Refund,111-8107092-0111729,BK-007092,Classic Textbook,1,amazon.com,Seller,,,,MarketplaceFacilitator,-15.99,-1.12,-3.99,-0.28,0,0,0,0.00,0,1.40,3.36,0.00,0.00,0.00,-16.62,Released,
"Sep 21, 2025 7:32:58 PM PDT",18799999978,Order,111-8807120-0413296,MD-007120,Retro Blu-ray Set,1,amazon.com,Seller,,,,MarketplaceFacilitator,8.99,0.63,3.99,0.28,0,0,0,0.00,0,-0.91,-3.15,0.00,0.00,0.00,9.83,Released,
"Sep 21, 2025 7:34:16 PM PDT",18799999978,Order,112-5107104-6252282,MD-007104,Antique Blu-ray Set,1,amazon.com,Seller,,,,MarketplaceFacilitator,13.99,0.98,3.99,0.28,0,0,0,0.00,0,-1.26,-3.90,0.00,0.00,0.00,14.08,Released,
"Sep 21, 2025 8:13:57 PM PDT",18799999978,Order,114-1507091-9910292,EL-007091,Vintage Game Console,1,amazon.com,Seller,,,,MarketplaceFacilitator,17.99,1.26,5.99,0.42,0,0,0,0.00,0,-1.68,-2.70,0.00,0.00,0.00,21.28,Released,
"Sep 21, 2025 8:41:18 PM PDT",18799999978,Order,112-7107085-7889587,TY-007085,Vintage Lego Lot,1,amazon.com,Seller,,,,MarketplaceFacilitator,5.99,0.42,5.99,0.42,0,0,0,0.00,0,-0.84,-0.90,0.00,0.00,0.00,11.08,Released,
"Sep 21, 2025 8:49:45 PM PDT",18799999978,Order,111-8807109-6455410,BK-007109,Classic Cookbook,1,amazon.com,Seller,,,,MarketplaceFacilitator,17.99,1.26,3.99,0.28,0,0,0,0.00,0,-1.54,-4.50,0.00,0.00,0.00,17.48,Released,
"Sep 21, 2025 8:59:41 PM PDT",18799999978,Order,113-7607090-9344728,BK-007090,Antique Hardcover Novel,1,amazon.com,Seller,,,,MarketplaceFacilitator,18.99,1.33,3.99,0.28,0,0,0,0.00,0,-1.61,-4.65,0.00,0.00,0.00,18.33,Released,
"Sep 21, 2025 8:59:59 PM PDT",18799999978,Refund,112-5107104-6252282,MD-007104,Antique Blu-ray Set,1,amazon.com,Seller,,,,MarketplaceFacilitator,-13.99,-0.98,-3.99,-0.28,0,0,0,0.00,0,1.26,3.12,0.00,0.00,0.00,-14.86,Released,
"Sep 22, 2025 12:27:30 AM PDT",18799999978,Order,113-6307239-6152028,BK-007239,Handmade Textbook,1,amazon.com,Seller,,,,MarketplaceFacilitator,5.99,0.42,3.99,0.28,0,0,0,0.00,0,-0.70,-2.70,0.00,0.00,0.00,7.28,Released,
"Sep 22, 2025 1:39:14 AM PDT",18799999978,Order,113-2907229-1718292,BK-007229,Lot of 2 Paperback Lot,1,amazon.com,Seller,,,,MarketplaceFacilitator,10.99,0.77,3.99,0.28,0,0,0,0.00,0,-1.05,-3.45,0.00,0.00,0.00,11.53,Released,
"Sep 22, 2025 1:54:26 AM PDT",18799999978,Order,111-5007226-8184354,MD-007226,Like New CD Lot,1,amazon.com,Seller,,,,MarketplaceFacilitator,10.99,0.77,3.99,0.28,0,0,0,0.00,0,-1.05,-3.45,0.00,0.00,0.00,11.53,Released,
"Sep 22, 2025 2:40:40 AM PDT",18799999978,Order,111-4807224-1896556,CO-007224,Like New Snow Globe,1,amazon.com,Seller,,,,MarketplaceFacilitator,24.99,1.75,5.99,0.42,0,0,0,0.00,0,-2.17,-3.75,0.00,0.00,0.00,27.23,Released,
"Sep 22, 2025 3:14:42 AM PDT",18799999978,Order,113-1807231-9646655,MD-007231,Retro DVD Box Set,1,amazon.com,Seller,,,,MarketplaceFacilitator,25.99,1.82,3.99,0.28,0,0,0,0.00,0,-2.10,-5.70,0.00,0.00,0.00,24.28,Released,
"Sep 22, 2025 3:42:20 AM PDT",18799999978,Order,114-3907250-4213067,BK-007250,Pre-owned Hardcover Novel,1,amazon.com,Seller,,,,MarketplaceFacilitator,9.99,0.70,3.99,0.28,0,0,0,0.00,0,-0.98,-3.30,0.00,0.00,0.00,10.68,Released,
"Sep 22, 2025 4:18:20 AM PDT",18799999978,Order,112-0007247-5437313,MD-007247,Used DVD Box Set,1,amazon.com,Seller,,,,MarketplaceFacilitator,16.99,1.19,3.99,0.28,0,0,0,0.00,0,-1.47,-4.35,0.00,0.00,0.00,16.63,Released,
"Sep 22, 2025 4:23:23 AM PDT",18799999978,Refund,113-2907229-1718292,BK-007229,Lot of 2 Paperback Lot,1,amazon.com,Seller,,,,MarketplaceFacilitator,-10.99,-0.77,-3.99,-0.28,0,0,0,0.00,0,1.05,2.76,0.00,0.00,0.00,-12.22,Released,
"Sep 22, 2025 4:30:02 AM PDT",18799999978,Order,113-5407238-1202958,MD-007238,Classic Blu-ray Set,1,amazon.com,Seller,,,,MarketplaceFacilitator,23.99,1.68,3.99,0.28,0,0,0,0.00,0,-1.96,-5.40,0.00,0.00,0.00,22.58,Released,
"Sep 22, 2025 5:11:48 AM PDT",18799999978,Order,111-3207252-8315307,BK-007252,Mid-Century Biography,1,amazon.com,Seller,,,,MarketplaceFacilitator,9.99,0.70,3.99,0.28,0,0,0,0.00,0,-0.98,-3.30,0.00,0.00,0.00,10.68,Released,
"Sep 22, 2025 5:12:00 AM PDT",18799999978,Order,111-6407256-3120286,CO-007256,Mid-Century Trading Card Lot,1,amazon.com,Seller,,,,MarketplaceFacilitator,49.99,3.50,5.99,0.42,0,0,0,0.00,0,-3.92,-7.50,0.00,0.00,0.00,48.48,Released,
"Sep 22, 2025 5:36:44 AM PDT",18799999978,Order,114-5907257-9804955,BK-007257,Retro Paperback Lot,1,amazon.com,Seller,,,,MarketplaceFacilitator,23.99,1.68,3.99,0.28,0,0,0,0.00,0,-1.96,-5.40,0.00,0.00,0.00,22.58,Released,
"Sep 22, 2025 5:41:02 AM PDT",18799999978,Order,111-0107254-7016070,BK-007254,Mid-Century Textbook,1,amazon.com,Seller,,,,MarketplaceFacilitator,7.99,0.56,3.99,0.28,0,0,0,0.00,0,-0.84,-3.00,0.00,0.00,0.00,8.98,Released,
"Sep 22, 2025 5:47:25 AM PDT",18799999978,Order,113-9607243-7309957,CO-007243,Antique Snow Globe,1,amazon.com,Seller,,,,MarketplaceFacilitator,56.99,3.99,5.99,0.42,0,0,0,0.00,0,-4.41,-8.55,0.00,0.00,0.00,54.43,Released,
"Sep 22, 2025 6:27:56 AM PDT",18799999978,Order,113-8707237-0491551,MD-007237,Pre-owned Blu-ray Set,1,amazon.com,Seller,,,,MarketplaceFacilitator,12.99,0.91,3.99,0.28,0,0,0,0.00,0,-1.19,-3.75,0.00,0.00,0.00,13.23,Released,
"Sep 22, 2025 7:40:38 AM PDT",18799999978,Order,111-8407242-0905685,BK-007242,Lot of 2 Field Guide,1,amazon.com,Seller,,,,MarketplaceFacilitator,9.99,0.70,3.99,0.28,0,0,0,0.00,0,-0.98,-3.30,0.00,0.00,0.00,10.68,Released,
"Sep 22, 2025 8:02:39 AM PDT",18799999978,Order,112-6707246-6539457,MD-007246,Like New Vinyl Record,1,amazon.com,Seller,,,,MarketplaceFacilitator,18.99,1.33,3.99,0.28,0,0,0,0.00,0,-1.61,-4.65,0.00,0.00,0.00,18.33,Released,
"Sep 22, 2025 8:22:25 AM PDT",18799999978,Order,114-5807225-0131849,BK-007225,Lot of 2 Poetry Collection,1,amazon.com,Seller,,,,MarketplaceFacilitator,4.99,0.35,3.99,0.28,0,0,0,0.00,0,-0.63,-2.55,0.00,0.00,0.00,6.43,Released,
"Sep 22, 2025 10:30:21 AM PDT",18799999978,Order,114-8207240-3794393,BK-007240,Pre-owned Field Guide,1,amazon.com,Seller,,,,MarketplaceFacilitator,13.99,0.98,3.99,0.28,0,0,0,0.00,0,-1.26,-3.90,0.00,0.00,0.00,14.08,Released,
"Sep 22, 2025 10:45:06 AM PDT",18799999978,Order,111-0007233-7327356,CO-007233,Vintage Trading Card Lot,1,amazon.com,Seller,,,,MarketplaceFacilitator,18.99,1.33,5.99,0.42,0,0,0,0.00,0,-1.75,-2.85,0.00,0.00,0.00,22.13,Released,
"Sep 22, 2025 11:00:19 AM PDT",18799999978,Order,111-3707260-6726988,CO-007260,Classic Coin Lot,1,amazon.com,Seller,,,,MarketplaceFacilitator,10.99,0.77,5.99,0.42,0,0,0,0.00,0,-1.19,-1.65,0.00,0.00,0.00,15.33,Released,
"Sep 22, 2025 11:39:40 AM PDT",18799999978,Order,114-1307244-2403058,BK-007244,Lot of 2 Biography,1,amazon.com,Seller,,,,MarketplaceFacilitator,4.99,0.35,3.99,0.28,0,0,0,0.00,0,-0.63,-2.55,0.00,0.00,0.00,6.43,Released,
"Sep 22, 2025 12:15:00 PM PDT",18799999978,Service Fee,,,Cost of Advertising,,,,,,,,0.00,0.00,0.00,0.00,0,0,0,0.00,0,0.00,0.00,0.00,0.00,-17.13,-17.13,Released,
"Sep 22, 2025 12:46:54 PM PDT",18799999978,Order,113-4107259-4818887,MD-007259,Vintage DVD Box Set,1,amazon.com,Seller,,,,MarketplaceFacilitator,3.99,0.28,3.99,0.28,0,0,0,0.00,0,-0.56,-2.40,0.00,0.00,0.00,5.58,Released,
"Sep 22, 2025 1:00:50 PM PDT",18799999978,Order,111-1807251-8371218,BK-007251,Retro Biography,1,amazon.com,Seller,,,,MarketplaceFacilitator,8.99,0.63,3.99,0.28,0,0,0,0.00,0,-0.91,-3.15,0.00,0.00,0.00,9.83,Released,
"Sep 22, 2025 1:46:07 PM PDT",18799999978,Order,111-6407258-8337423,BK-007258,Classic Poetry Collection,1,amazon.com,Seller,,,,MarketplaceFacilitator,7.99,0.56,3.99,0.28,0,0,0,0.00,0,-0.84,-3.00,0.00,0.00,0.00,8.98,Released,
"Sep 22, 2025 5:02:50 PM PDT",18799999978,Order,111-3007228-6064901,BK-007228,Handmade Biography,1,amazon.com,Seller,,,,MarketplaceFacilitator,9.99,0.70,3.99,0.28,0,0,0,0.00,0,-0.98,-3.30,0.00,0.00,0.00,10.68,Released,
"Sep 22, 2025 5:19:02 PM PDT",18799999978,Order,112-9607230-3448773,BK-007230,Vintage Atlas,1,amazon.com,Seller,,,,MarketplaceFacilitator,9.99,0.70,3.99,0.28,0,0,0,0.00,0,-0.98,-3.30,0.00,0.00,0.00,10.68,Released,
"Sep 22, 2025 6:17:02 PM PDT",18799999978,Order,112-2907236-8841937,BK-007236,Handmade Atlas,1,amazon.com,Seller,,,,MarketplaceFacilitator,7.99,0.56,3.99,0.28,0,0,0,0.00,0,-0.84,-3.00,0.00,0.00,0.00,8.98,Released,
"Sep 22, 2025 6:24:25 PM PDT",18799999978,Order,113-0807245-3749056,MD-007245,Like New Blu-ray Set,1,amazon.com,Seller,,,,MarketplaceFacilitator,15.99,1.12,3.99,0.28,0,0,0,0.00,0,-1.40,-4.20,0.00,0.00,0.00,15.78,Released,
"Sep 22, 2025 6:46:22 PM PDT",18799999978,Order,112-8507249-6740686,BK-007249,Classic Atlas,1,amazon.com,Seller,,,,MarketplaceFacilitator,8.99,0.63,3.99,0.28,0,0,0,0.00,0,-0.91,-3.15,0.00,0.00,0.00,9.83,Released,
"Sep 22, 2025 6:51:43 PM PDT",18799999978,Order,113-1107255-7757790,MD-007255,Used DVD Box Set,1,amazon.com,Seller,,,,MarketplaceFacilitator,15.99,1.12,3.99,0.28,0,0,0,0.00,0,-1.40,-4.20,0.00,0.00,0.00,15.78,Released,
"Sep 22, 2025 7:10:02 PM PDT",18799999978,Order,112-1807253-9312274,BK-007253,Vintage Poetry Collection,1,amazon.com,Seller,,,,MarketplaceFacilitator,20.99,1.47,3.99,0.28,0,0,0,0.00,0,-1.75,-4.95,0.00,0.00,0.00,20.03,Released,
"Sep 22, 2025 7:22:00 PM PDT",18799999978,Order,114-1507248-9452055,CO-007248,Used Pewter Mug,1,amazon.com,Seller,,,,MarketplaceFacilitator,8.99,0.63,5.99,0.42,0,0,0,0.00,0,-1.05,-1.35,0.00,0.00,0.00,13.63,Released,
"Sep 22, 2025 7:58:04 PM PDT",18799999978,Order,113-4007232-0554473,BK-007232,Pre-owned Cookbook,1,amazon.com,Seller,,,,MarketplaceFacilitator,15.99,1.12,3.99,0.28,0,0,0,0.00,0,-1.40,-4.20,0.00,0.00,0.00,15.78,Released,
"Sep 22, 2025 7:58:51 PM PDT",18799999978,Order,111-5207235-5363905,MD-007235,Antique CD Lot,1,amazon.com,Seller,,,,MarketplaceFacilitator,11.99,0.84,3.99,0.28,0,0,0,0.00,0,-1.12,-3.60,0.00,0.00,0.00,12.38,Released,
"Sep 22, 2025 7:59:21 PM PDT",18799999978,Order,114-4107241-1755596,MD-007241,Lot of 2 DVD Box Set,1,amazon.com,Seller,,,,MarketplaceFacilitator,6.99,0.49,3.99,0.28,0,0,0,0.00,0,-0.77,-2.85,0.00,0.00,0.00,8.13,Released,
"Sep 22, 2025 8:28:07 PM PDT",18799999978,Order,114-9507234-4908815,BK-007234,Lot of 2 Atlas,1,amazon.com,Seller,,,,MarketplaceFacilitator,23.99,1.68,3.99,0.28,0,0,0,0.00,0,-1.96,-5.40,0.00,0.00,0.00,22.58,Released,
"Sep 22, 2025 8:48:56 PM PDT",18799999978,Order,111-1307227-9453880,EL-007227,Like New Camera Lens,1,amazon.com,Seller,,,,MarketplaceFacilitator,25.99,1.82,5.99,0.42,0,0,0,0.00,0,-2.24,-3.90,0.00,0.00,0.00,28.08,Released,
"Sep 22, 2025 9:33:47 PM PDT",18799999978,Order,113-0107383-6235021,MD-007383,Used Blu-ray Set,1,amazon.com,Seller,,,,MarketplaceFacilitator,12.99,0.91,3.99,0.28,0,0,0,0.00,0,-1.19,-3.75,0.00,0.00,0.00,13.23,Released,
"Sep 22, 2025 10:10:53 PM PDT",18799999978,Order,113-1207354-5685714,BK-007354,Pre-owned Hardcover Novel,1,amazon.com,Seller,,,,MarketplaceFacilitator,15.99,1.12,3.99,0.28,0,0,0,0.00,0,-1.40,-4.20,0.00,0.00,0.00,15.78,Released,
"Sep 23, 2025 12:28:06 AM PDT",18799999978,Order,114-5107348-8476906,MD-007348,Mid-Century Audiobook,1,amazon.com,Seller,,,,MarketplaceFacilitator,10.99,0.77,3.99,0.28,0,0,0,0.00,0,-1.05,-3.45,0.00,0.00,0.00,11.53,Released,
"Sep 23, 2025 2:13:26 AM PDT",18799999978,Order,113-5907351-4360143,MD-007351,Antique DVD Box Set,1,amazon.com,Seller,,,,MarketplaceFacilitator,13.99,0.98,3.99,0.28,0,0,0,0.00,0,-1.26,-3.90,0.00,0.00,0.00,14.08,Released,
"Sep 23, 2025 3:40:02 AM PDT",18799999978,Order,112-4607379-4897974,BK-007379,Pre-owned Biography,1,amazon.com,Seller,,,,MarketplaceFacilitator,7.99,0.56,3.99,0.28,0,0,0,0.00,0,-0.84,-3.00,0.00,0.00,0.00,8.98,Released,
"Sep 23, 2025 3:40:23 AM PDT",18799999978,Order,114-2107391-6981588,BK-007391,Like New Paperback Lot,1,amazon.com,Seller,,,,MarketplaceFacilitator,38.99,2.73,3.99,0.28,0,0,0,0.00,0,-3.01,-7.65,0.00,0.00,0.00,35.33,Released,
"Sep 23, 2025 3:58:43 AM PDT",18799999978,Order,113-0707388-7601711,MD-007388,Handmade CD Lot,1,amazon.com,Seller,,,,MarketplaceFacilitator,16.99,1.19,3.99,0.28,0,0,0,0.00,0,-1.47,-4.35,0.00,0.00,0.00,16.63,Released,
"Sep 23, 2025 4:02:07 AM PDT",18799999978,Order,111-8107380-4955393,MD-007380,Handmade Blu-ray Set,1,amazon.com,Seller,,,,MarketplaceFacilitator,5.99,0.42,3.99,0.28,0,0,0,0.00,0,-0.70,-2.70,0.00,0.00,0.00,7.28,Released,
"Sep 23, 2025 4:27:35 AM PDT",18799999978,Order,112-4107374-0926315,TY-007374,Vintage Board Game,1,amazon.com,Seller,,,,MarketplaceFacilitator,6.99,0.49,5.99,0.42,0,0,0,0.00,0,-0.91,-1.05,0.00,0.00,0.00,11.93,Released,
"Sep 23, 2025 4:36:42 AM PDT",18799999978,Order,114-6207394-7627433,MD-007394,Pre-owned Blu-ray Set,1,amazon.com,Seller,,,,MarketplaceFacilitator,5.99,0.42,3.99,0.28,0,0,0,0.00,0,-0.70,-2.70,0.00,0.00,0.00,7.28,Released,
"Sep 23, 2025 5:04:59 AM PDT",18799999978,Order,114-8507372-2358347,BK-007372,Mid-Century Poetry Collection,1,amazon.com,Seller,,,,MarketplaceFacilitator,6.99,0.49,3.99,0.28,0,0,0,0.00,0,-0.77,-2.85,0.00,0.00,0.00,8.13,Released,
"Sep 23, 2025 5:05:58 AM PDT",18799999978,Order,112-8607365-1231399,EL-007365,Handmade Camera Lens,1,amazon.com,Seller,,,,MarketplaceFacilitator,37.99,2.66,5.99,0.42,0,0,0,0.00,0,-3.08,-5.70,0.00,0.00,0.00,38.28,Released,
"Sep 23, 2025 5:21:43 AM PDT",18799999978,Order,113-9707392-9463836,BK-007392,Like New Atlas,1,amazon.com,Seller,,,,MarketplaceFacilitator,5.99,0.42,3.99,0.28,0,0,0,0.00,0,-0.70,-2.70,0.00,0.00,0.00,7.28,Released,
"Sep 23, 2025 5:38:35 AM PDT",18799999978,Order,114-7407390-0067307,MD-007390,Vintage CD Lot,1,amazon.com,Seller,,,,MarketplaceFacilitator,6.99,0.49,3.99,0.28,0,0,0,0.00,0,-0.77,-2.85,0.00,0.00,0.00,8.13,Released,
"Sep 23, 2025 5:40:18 AM PDT",18799999978,Order,112-8007386-8922342,BK-007386,Vintage Textbook,1,amazon.com,Seller,,,,MarketplaceFacilitator,7.99,0.56,3.99,0.28,0,0,0,0.00,0,-0.84,-3.00,0.00,0.00,0.00,8.98,Released,
"Sep 23, 2025 5:44:15 AM PDT",18799999978,Order,111-6107359-8832724,BK-007359,Retro Biography,1,amazon.com,Seller,,,,MarketplaceFacilitator,16.99,1.19,3.99,0.28,0,0,0,0.00,0,-1.47,-4.35,0.00,0.00,0.00,16.63,Released,
"Sep 23, 2025 6:11:28 AM PDT",18799999978,Order,112-3607360-9652748,BK-007360,Handmade Field Guide,1,amazon.com,Seller,,,,MarketplaceFacilitator,11.99,0.84,3.99,0.28,0,0,0,0.00,0,-1.12,-3.60,0.00,0.00,0.00,12.38,Released,
"Sep 23, 2025 6:12:23 AM PDT",18799999978,Order,113-7107368-4997819,MD-007368,Like New Blu-ray Set,1,amazon.com,Seller,,,,MarketplaceFacilitator,10.99,0.77,3.99,0.28,0,0,0,0.00,0,-1.05,-3.45,0.00,0.00,0.00,11.53,Released,
"Sep 23, 2025 6:42:11 AM PDT",18799999978,Order,114-8007370-6020470,BK-007370,Handmade Hardcover Novel,1,amazon.com,Seller,,,,MarketplaceFacilitator,16.99,1.19,3.99,0.28,0,0,0,0.00,0,-1.47,-4.35,0.00,0.00,0.00,16.63,Released,
"Sep 23, 2025 6:53:24 AM PDT",18799999978,Order,113-8407346-0562950,MD-007346,Classic Vinyl Record,1,amazon.com,Seller,,,,MarketplaceFacilitator,6.99,0.49,3.99,0.28,0,0,0,0.00,0,-0.77,-2.85,0.00,0.00,0.00,8.13,Released,
"Sep 23, 2025 7:31:26 AM PDT",18799999978,Order,114-4307389-0612047,MD-007389,Retro Vinyl Record,1,amazon.com,Seller,,,,MarketplaceFacilitator,27.99,1.96,3.99,0.28,0,0,0,0.00,0,-2.24,-6.00,0.00,0.00,0.00,25.98,Released,
"Sep 23, 2025 7:49:23 AM PDT",18799999978,Order,114-6707378-9179595,BK-007378,Used Paperback Lot,1,amazon.com,Seller,,,,MarketplaceFacilitator,9.99,0.70,3.99,0.28,0,0,0,0.00,0,-0.98,-3.30,0.00,0.00,0.00,10.68,Released,
"Sep 23, 2025 7:52:50 AM PDT",18799999978,Order,112-5407375-1298680,BK-007375,Retro Hardcover Novel,1,amazon.com,Seller,,,,MarketplaceFacilitator,9.99,0.70,3.99,0.28,0,0,0,0.00,0,-0.98,-3.30,0.00,0.00,0.00,10.68,Released,
"Sep 23, 2025 8:27:22 AM PDT",18799999978,Order,113-8507356-0330906,BK-007356,Retro Hardcover Novel,1,amazon.com,Seller,,,,MarketplaceFacilitator,19.99,1.40,3.99,0.28,0,0,0,0.00,0,-1.68,-4.80,0.00,0.00,0.00,19.18,Released,
"Sep 23, 2025 9:28:05 AM PDT",18799999978,Order,114-0307373-7550474,TY-007373,Like New Board Game,1,amazon.com,Seller,,,,MarketplaceFacilitator,18.99,1.33,5.99,0.42,0,0,0,0.00,0,-1.75,-2.85,0.00,0.00,0.00,22.13,Released,
"Sep 23, 2025 9:45:11 AM PDT",18799999978,Order,113-8907369-4998449,BK-007369,Vintage Field Guide,1,amazon.com,Seller,,,,MarketplaceFacilitator,34.99,2.45,3.99,0.28,0,0,0,0.00,0,-2.73,-7.05,0.00,0.00,0.00,31.93,Released,
"Sep 23, 2025 10:35:44 AM PDT",18799999978,Order,112-6407347-9288226,BK-007347,Used Atlas,1,amazon.com,Seller,,,,MarketplaceFacilitator,6.99,0.49,3.99,0.28,0,0,0,0.00,0,-0.77,-2.85,0.00,0.00,0.00,8.13,Released,
"Sep 23, 2025 10:54:49 AM PDT",18799999978,Order,114-9107385-8844522,BK-007385,Used Field Guide,1,amazon.com,Seller,,,,MarketplaceFacilitator,19.99,1.40,3.99,0.28,0,0,0,0.00,0,-1.68,-4.80,0.00,0.00,0.00,19.18,Released,
"Sep 23, 2025 11:46:26 AM PDT",18799999978,Order,114-8207352-1294369,BK-007352,Handmade Atlas,1,amazon.com,Seller,,,,MarketplaceFacilitator,4.99,0.35,3.99,0.28,0,0,0,0.00,0,-0.63,-2.55,0.00,0.00,0.00,6.43,Released,
"Sep 23, 2025 11:46:28 AM PDT",18799999978,Order,113-6507371-5790025,BK-007371,Used Hardcover Novel,1,amazon.com,Seller,,,,MarketplaceFacilitator,4.99,0.35,3.99,0.28,0,0,0,0.00,0,-0.63,-2.55,0.00,0.00,0.00,6.43,Released,
"Sep 23, 2025 11:52:51 AM PDT",18799999978,Order,112-2607363-4722716,BK-007363,Used Cookbook,1,amazon.com,Seller,,,,MarketplaceFacilitator,35.99,2.52,3.99,0.28,0,0,0,0.00,0,-2.80,-7.20,0.00,0.00,0.00,32.78,Released,
"Sep 23, 2025 12:32:27 PM PDT",18799999978,Order,114-9807349-1307845,BK-007349,Mid-Century Cookbook,1,amazon.com,Seller,,,,MarketplaceFacilitator,8.99,0.63,3.99,0.28,0,0,0,0.00,0,-0.91,-3.15,0.00,0.00,0.00,9.83,Released,
"Sep 23, 2025 1:09:21 PM PDT",18799999978,Order,112-6707387-4558571,BK-007387,Mid-Century Paperback Lot,1,amazon.com,Seller,,,,MarketplaceFacilitator,6.99,0.49,3.99,0.28,0,0,0,0.00,0,-0.77,-2.85,0.00,0.00,0.00,8.13,Released,
"Sep 23, 2025 2:10:45 PM PDT",18799999978,Order,114-7607362-5003960,MD-007362,Antique Audiobook,1,amazon.com,Seller,,,,MarketplaceFacilitator,15.99,1.12,3.99,0.28,0,0,0,0.00,0,-1.40,-4.20,0.00,0.00,0.00,15.78,Released,
"Sep 23, 2025 3:10:33 PM PDT",18799999978,Order,114-0107361-7128404,BK-007361,Like New Textbook,1,amazon.com,Seller,,,,MarketplaceFacilitator,11.99,0.84,3.99,0.28,0,0,0,0.00,0,-1.12,-3.60,0.00,0.00,0.00,12.38,Released,
"Sep 23, 2025 3:57:51 PM PDT",18799999978,Order,113-8007358-3468416,MD-007358,Vintage CD Lot,1,amazon.com,Seller,,,,MarketplaceFacilitator,4.99,0.35,3.99,0.28,0,0,0,0.00,0,-0.63,-2.55,0.00,0.00,0.00,6.43,Released,
"Sep 23, 2025 4:35:37 PM PDT",18799999978,Order,114-7907367-2132859,BK-007367,Vintage Field Guide,1,amazon.com,Seller,,,,MarketplaceFacilitator,17.99,1.26,3.99,0.28,0,0,0,0.00,0,-1.54,-4.50,0.00,0.00,0.00,17.48,Released,
"Sep 23, 2025 4:52:56 PM PDT",18799999978,Order,111-7607382-7729250,BK-007382,Pre-owned Poetry Collection,1,amazon.com,Seller,,,,MarketplaceFacilitator,5.99,0.42,3.99,0.28,0,0,0,0.00,0,-0.70,-2.70,0.00,0.00,0.00,7.28,Released,
"Sep 23, 2025 4:54:33 PM PDT",18799999978,Order,114-2507384-2099725,TY-007384,Pre-owned Plush Bear,1,amazon.com,Seller,,,,MarketplaceFacilitator,19.99,1.40,5.99,0.42,0,0,0,0.00,0,-1.82,-3.00,0.00,0.00,0.00,22.98,Released,
"Sep 23, 2025 4:56:42 PM PDT",18799999978,Order,114-9407353-3926224,MD-007353,Antique Blu-ray Set,1,amazon.com,Seller,,,,MarketplaceFacilitator,9.99,0.70,3.99,0.28,0,0,0,0.00,0,-0.98,-3.30,0.00,0.00,0.00,10.68,Released,
"Sep 23, 2025 4:59:22 PM PDT",18799999978,Order,113-5207364-1333980,BK-007364,Mid-Century Paperback Lot,1,amazon.com,Seller,,,,MarketplaceFacilitator,20.99,1.47,3.99,0.28,0,0,0,0.00,0,-1.75,-4.95,0.00,0.00,0.00,20.03,Released,
"Sep 23, 2025 6:05:52 PM PDT",18799999978,Order,114-1207393-9557065,BK-007393,Retro Field Guide,1,amazon.com,Seller,,,,MarketplaceFacilitator,9.99,0.70,3.99,0.28,0,0,0,0.00,0,-0.98,-3.30,0.00,0.00,0.00,10.68,Released,
"Sep 23, 2025 6:22:14 PM PDT",18799999978,Order,111-1307350-0808561,BK-007350,Retro Field Guide,1,amazon.com,Seller,,,,MarketplaceFacilitator,14.99,1.05,3.99,0.28,0,0,0,0.00,0,-1.33,-4.05,0.00,0.00,0.00,14.93,Released,
"Sep 23, 2025 6:24:48 PM PDT",18799999978,Order,113-0107366-0639410,BK-007366,Lot of 2 Paperback Lot,1,amazon.com,Seller,,,,MarketplaceFacilitator,12.99,0.91,3.99,0.28,0,0,0,0.00,0,-1.19,-3.75,0.00,0.00,0.00,13.23,Released,
"Sep 23, 2025 6:25:08 PM PDT",18799999978,Order,111-9307377-1835756,BK-007377,Classic Atlas,1,amazon.com,Seller,,,,MarketplaceFacilitator,16.99,1.19,3.99,0.28,0,0,0,0.00,0,-1.47,-4.35,0.00,0.00,0.00,16.63,Released,
"Sep 23, 2025 6:56:36 PM PDT",18799999978,Order,111-4807376-3635545,BK-007376,Mid-Century Biography,1,amazon.com,Seller,,,,MarketplaceFacilitator,9.99,0.70,3.99,0.28,0,0,0,0.00,0,-0.98,-3.30,0.00,0.00,0.00,10.68,Released,
"Sep 23, 2025 6:58:19 PM PDT",18799999978,Order,113-6707355-4741554,BK-007355,Vintage Paperback Lot,1,amazon.com,Seller,,,,MarketplaceFacilitator,7.99,0.56,3.99,0.28,0,0,0,0.00,0,-0.84,-3.00,0.00,0.00,0.00,8.98,Released,
"Sep 23, 2025 7:35:09 PM PDT",18799999978,Refund,111-1307350-0808561,BK-007350,Retro Field Guide,1,amazon.com,Seller,,,,MarketplaceFacilitator,-14.99,-1.05,-3.99,-0.28,0,0,0,0.00,0,1.33,3.24,0.00,0.00,0.00,-15.74,Released,
"Sep 23, 2025 7:45:29 PM PDT",18799999978,Order,112-4607357-9556659,BK-007357,Used Paperback Lot,1,amazon.com,Seller,,,,MarketplaceFacilitator,6.99,0.49,3.99,0.28,0,0,0,0.00,0,-0.77,-2.85,0.00,0.00,0.00,8.13,Released,
"Sep 23, 2025 8:23:29 PM PDT",18799999978,Order,114-2007381-9271356,BK-007381,Handmade Atlas,1,amazon.com,Seller,,,,MarketplaceFacilitator,16.99,1.19,3.99,0.28,0,0,0,0.00,0,-1.47,-4.35,0.00,0.00,0.00,16.63,Released,
"Sep 23, 2025 9:38:18 PM PDT",18799999978,Order,113-3307532-3466690,BK-007532,Used Cookbook,1,amazon.com,Seller,,,,MarketplaceFacilitator,18.99,1.33,3.99,0.28,0,0,0,0.00,0,-1.61,-4.65,0.00,0.00,0.00,18.33,Released,
"Sep 23, 2025 10:09:56 PM PDT",18799999978,Order,114-1807512-6897131,MD-007512,Lot of 2 Vinyl Record,1,amazon.com,Seller,,,,MarketplaceFacilitator,25.99,1.82,3.99,0.28,0,0,0,0.00,0,-2.10,-5.70,0.00,0.00,0.00,24.28,Released,
"Sep 23, 2025 10:49:51 PM PDT",18799999978,Order,114-4107510-3907294,BK-007510,Handmade Atlas,1,amazon.com,Seller,,,,MarketplaceFacilitator,28.99,2.03,3.99,0.28,0,0,0,0.00,0,-2.31,-6.15,0.00,0.00,0.00,26.83,Released,
"Sep 23, 2025 11:21:08 PM PDT",18799999978,Order,114-4507508-3318359,BK-007508,Used Atlas,1,amazon.com,Seller,,,,MarketplaceFacilitator,18.99,1.33,3.99,0.28,0,0,0,0.00,0,-1.61,-4.65,0.00,0.00,0.00,18.33,Released,
"Sep 24, 2025 12:23:10 AM PDT",18799999978,Order,112-1407540-5020078,BK-007540,Retro Cookbook,1,amazon.com,Seller,,,,MarketplaceFacilitator,6.99,0.49,3.99,0.28,0,0,0,0.00,0,-0.77,-2.85,0.00,0.00,0.00,8.13,Released,
"Sep 24, 2025 1:25:01 AM PDT",18799999978,Order,114-7307539-7101123,BK-007539,Handmade Textbook,1,amazon.com,Seller,,,,MarketplaceFacilitator,10.99,0.77,3.99,0.28,0,0,0,0.00,0,-1.05,-3.45,0.00,0.00,0.00,11.53,Released,
"Sep 24, 2025 2:16:56 AM PDT",18799999978,Order,111-8007528-7955527,BK-007528,Handmade Hardcover Novel,1,amazon.com,Seller,,,,MarketplaceFacilitator,14.99,1.05,3.99,0.28,0,0,0,0.00,0,-1.33,-4.05,0.00,0.00,0.00,14.93,Released,
"Sep 24, 2025 2:34:56 AM PDT",18799999978,Order,114-3907525-0996441,CO-007525,Pre-owned Trading Card Lot,1,amazon.com,Seller,,,,MarketplaceFacilitator,9.99,0.70,5.99,0.42,0,0,0,0.00,0,-1.12,-1.50,0.00,0.00,0.00,14.48,Released,
"Sep 24, 2025 3:44:01 AM PDT",18799999978,Order,112-4107529-8952817,TY-007529,Lot of 2 Model Train,1,amazon.com,Seller,,,,MarketplaceFacilitator,6.99,0.49,5.99,0.42,0,0,0,0.00,0,-0.91,-1.05,0.00,0.00,0.00,11.93,Released,
"Sep 24, 2025 3:50:44 AM PDT",18799999978,Order,112-3407515-9022708,BK-007515,Lot of 2 Cookbook,1,amazon.com,Seller,,,,MarketplaceFacilitator,4.99,0.35,3.99,0.28,0,0,0,0.00,0,-0.63,-2.55,0.00,0.00,0.00,6.43,Released,
"Sep 24, 2025 5:08:45 AM PDT",18799999978,Order,112-2107530-6223770,MD-007530,Vintage Vinyl Record,1,amazon.com,Seller,,,,MarketplaceFacilitator,14.99,1.05,3.99,0.28,0,0,0,0.00,0,-1.33,-4.05,0.00,0.00,0.00,14.93,Released,
"Sep 24, 2025 5:46:24 AM PDT",18799999978,Refund,114-3907525-0996441,CO-007525,Pre-owned Trading Card Lot,1,amazon.com,Seller,,,,MarketplaceFacilitator,-9.99,-0.70,-5.99,-0.42,0,0,0,0.00,0,1.12,1.20,0.00,0.00,0.00,-14.78,Released,
"Sep 24, 2025 5:50:55 AM PDT",18799999978,Order,113-1207535-0298044,EL-007535,Lot of 2 Camera Lens,1,amazon.com,Seller,,,,MarketplaceFacilitator,78.99,5.53,5.99,0.42,0,0,0,0.00,0,-5.95,-11.85,0.00,0.00,0.00,73.13,Released,
"Sep 24, 2025 5:53:35 AM PDT",18799999978,Order,112-6807501-8834653,TY-007501,Lot of 2 Board Game,1,amazon.com,Seller,,,,MarketplaceFacilitator,14.99,1.05,5.99,0.42,0,0,0,0.00,0,-1.47,-2.25,0.00,0.00,0.00,18.73,Released,
"Sep 24, 2025 6:12:32 AM PDT",18799999978,Order,112-1507505-7033009,BK-007505,Vintage Poetry Collection,1,amazon.com,Seller,,,,MarketplaceFacilitator,5.99,0.42,3.99,0.28,0,0,0,0.00,0,-0.70,-2.70,0.00,0.00,0.00,7.28,Released,
"Sep 24, 2025 6:59:34 AM PDT",18799999978,Order,112-6307541-8014539,EL-007541,Lot of 2 Game Console,1,amazon.com,Seller,,,,MarketplaceFacilitator,48.99,3.43,5.99,0.42,0,0,0,0.00,0,-3.85,-7.35,0.00,0.00,0.00,47.63,Released,
"Sep 24, 2025 7:40:09 AM PDT",18799999978,Order,113-3507526-7389612,BK-007526,Pre-owned Cookbook,1,amazon.com,Seller,,,,MarketplaceFacilitator,21.99,1.54,3.99,0.28,0,0,0,0.00,0,-1.82,-5.10,0.00,0.00,0.00,20.88,Released,
"Sep 24, 2025 8:36:37 AM PDT",18799999978,Order,114-6607509-8849558,MD-007509,Used Audiobook,1,amazon.com,Seller,,,,MarketplaceFacilitator,11.99,0.84,3.99,0.28,0,0,0,0.00,0,-1.12,-3.60,0.00,0.00,0.00,12.38,Released,
"Sep 24, 2025 8:56:04 AM PDT",18799999978,Order,114-6107536-6866501,BK-007536,Classic Field Guide,1,amazon.com,Seller,,,,MarketplaceFacilitator,21.99,1.54,3.99,0.28,0,0,0,0.00,0,-1.82,-5.10,0.00,0.00,0.00,20.88,Released,
"Sep 24, 2025 9:13:26 AM PDT",18799999978,Order,113-9907531-5873386,BK-007531,Pre-owned Hardcover Novel,1,amazon.com,Seller,,,,MarketplaceFacilitator,5.99,0.42,3.99,0.28,0,0,0,0.00,0,-0.70,-2.70,0.00,0.00,0.00,7.28,Released,
"Sep 24, 2025 9:49:21 AM PDT",18799999978,Order,114-8607538-6933044,BK-007538,Mid-Century Atlas,1,amazon.com,Seller,,,,MarketplaceFacilitator,10.99,0.77,3.99,0.28,0,0,0,0.00,0,-1.05,-3.45,0.00,0.00,0.00,11.53,Released,
"Sep 24, 2025 10:15:53 AM PDT",18799999978,Order,113-5107513-1579980,MD-007513,Like New Blu-ray Set,1,amazon.com,Seller,,,,MarketplaceFacilitator,7.99,0.56,3.99,0.28,0,0,0,0.00,0,-0.84,-3.00,0.00,0.00,0.00,8.98,Released,
"Sep 24, 2025 10:34:16 AM PDT",18799999978,Order,111-9707502-3174502,MD-007502,Pre-owned Vinyl Record,1,amazon.com,Seller,,,,MarketplaceFacilitator,5.99,0.42,3.99,0.28,0,0,0,0.00,0,-0.70,-2.70,0.00,0.00,0.00,7.28,Released,
"Sep 24, 2025 11:23:25 AM PDT",18799999978,Order,111-0107517-0621371,BK-007517,Vintage Textbook,1,amazon.com,Seller,,,,MarketplaceFacilitator,10.99,0.77,3.99,0.28,0,0,0,0.00,0,-1.05,-3.45,0.00,0.00,0.00,11.53,Released,
"Sep 24, 2025 12:09:50 PM PDT",18799999978,Order,114-4907521-9895540,BK-007521,Used Field Guide,1,amazon.com,Seller,,,,MarketplaceFacilitator,20.99,1.47,3.99,0.28,0,0,0,0.00,0,-1.75,-4.95,0.00,0.00,0.00,20.03,Released,
"Sep 24, 2025 1:25:45 PM PDT",18799999978,Order,111-7607507-7255966,BK-007507,Mid-Century Atlas,1,amazon.com,Seller,,,,MarketplaceFacilitator,15.99,1.12,3.99,0.28,0,0,0,0.00,0,-1.40,-4.20,0.00,0.00,0.00,15.78,Released,
"Sep 24, 2025 1:30:19 PM PDT",18799999978,Order,114-1107503-0047627,BK-007503,Like New Field Guide,1,amazon.com,Seller,,,,MarketplaceFacilitator,20.99,1.47,3.99,0.28,0,0,0,0.00,0,-1.75,-4.95,0.00,0.00,0.00,20.03,Released,
"Sep 24, 2025 1:49:33 PM PDT",18799999978,Order,114-4607524-2642951,BK-007524,Retro Poetry Collection,1,amazon.com,Seller,,,,MarketplaceFacilitator,22.99,1.61,3.99,0.28,0,0,0,0.00,0,-1.89,-5.25,0.00,0.00,0.00,21.73,Released,
"Sep 24, 2025 1:53:32 PM PDT",18799999978,Order,112-1807506-8114726,CO-007506,Classic Figurine,1,amazon.com,Seller,,,,MarketplaceFacilitator,17.99,1.26,5.99,0.42,0,0,0,0.00,0,-1.68,-2.70,0.00,0.00,0.00,21.28,Released,
"Sep 24, 2025 1:57:23 PM PDT",18799999978,Order,112-6907500-8677491,MD-007500,Mid-Century Vinyl Record,1,amazon.com,Seller,,,,MarketplaceFacilitator,7.99,0.56,3.99,0.28,0,0,0,0.00,0,-0.84,-3.00,0.00,0.00,0.00,8.98,Released,
"Sep 24, 2025 3:18:58 PM PDT",18799999978,Order,114-0607533-0126849,BK-007533,Mid-Century Field Guide,1,amazon.com,Seller,,,,MarketplaceFacilitator,4.99,0.35,3.99,0.28,0,0,0,0.00,0,-0.63,-2.55,0.00,0.00,0.00,6.43,Released,
"Sep 24, 2025 3:28:30 PM PDT",18799999978,Order,111-3707511-5405168,CO-007511,Antique Snow Globe,1,amazon.com,Seller,,,,MarketplaceFacilitator,34.99,2.45,5.99,0.42,0,0,0,0.00,0,-2.87,-5.25,0.00,0.00,0.00,35.73,Released,
"Sep 24, 2025 4:29:11 PM PDT",18799999978,Order,112-2907518-6616000,BK-007518,Lot of 2 Field Guide,1,amazon.com,Seller,,,,MarketplaceFacilitator,9.99,0.70,3.99,0.28,0,0,0,0.00,0,-0.98,-3.30,0.00,0.00,0.00,10.68,Released,
"Sep 24, 2025 5:38:04 PM PDT",18799999978,Order,113-7507537-6069967,EL-007537,Lot of 2 Game Console,1,amazon.com,Seller,,,,MarketplaceFacilitator,41.99,2.94,5.99,0.42,0,0,0,0.00,0,-3.36,-6.30,0.00,0.00,0.00,41.68,Released,
"Sep 24, 2025 5:42:16 PM PDT",18799999978,Order,114-3307520-9241563,MD-007520,Vintage Vinyl Record,1,amazon.com,Seller,,,,MarketplaceFacilitator,9.99,0.70,3.99,0.28,0,0,0,0.00,0,-0.98,-3.30,0.00,0.00,0.00,10.68,Released,
"Sep 24, 2025 5:51:55 PM PDT",18799999978,Order,112-9707534-5439786,BK-007534,Antique Biography,1,amazon.com,Seller,,,,MarketplaceFacilitator,5.99,0.42,3.99,0.28,0,0,0,0.00,0,-0.70,-2.70,0.00,0.00,0.00,7.28,Released,
"Sep 24, 2025 6:18:08 PM PDT",18799999978,Order,114-6407516-2215183,MD-007516,Used Vinyl Record,1,amazon.com,Seller,,,,MarketplaceFacilitator,47.99,3.36,3.99,0.28,0,0,0,0.00,0,-3.64,-9.00,0.00,0.00,0.00,42.98,Released,
"Sep 24, 2025 6:26:56 PM PDT",18799999978,Order,112-9907522-2476688,BK-007522,Lot of 2 Hardcover Novel,1,amazon.com,Seller,,,,MarketplaceFacilitator,11.99,0.84,3.99,0.28,0,0,0,0.00,0,-1.12,-3.60,0.00,0.00,0.00,12.38,Released,
"Sep 24, 2025 6:43:06 PM PDT",18799999978,Order,111-5207504-0259764,MD-007504,Mid-Century Blu-ray Set,1,amazon.com,Seller,,,,MarketplaceFacilitator,15.99,1.12,3.99,0.28,0,0,0,0.00,0,-1.40,-4.20,0.00,0.00,0.00,15.78,Released,
"Sep 24, 2025 7:42:58 PM PDT",18799999978,Order,112-4707527-4047549,BK-007527,Like New Hardcover Novel,1,amazon.com,Seller,,,,MarketplaceFacilitator,6.99,0.49,3.99,0.28,0,0,0,0.00,0,-0.77,-2.85,0.00,0.00,0.00,8.13,Released,
"Sep 24, 2025 8:11:09 PM PDT",18799999978,Order,113-2607519-4621402,MD-007519,Classic Blu-ray Set,1,amazon.com,Seller,,,,MarketplaceFacilitator,8.99,0.63,3.99,0.28,0,0,0,0.00,0,-0.91,-3.15,0.00,0.00,0.00,9.83,Released,
"Sep 24, 2025 8:27:02 PM PDT",18799999978,Order,112-3307514-8695509,BK-007514,Used Poetry Collection,1,amazon.com,Seller,,,,MarketplaceFacilitator,8.99,0.63,3.99,0.28,0,0,0,0.00,0,-0.91,-3.15,0.00,0.00,0.00,9.83,Released,
"Sep 24, 2025 8:29:09 PM PDT",18799999978,Order,113-6207523-4635935,BK-007523,Like New Paperback Lot,1,amazon.com,Seller,,,,MarketplaceFacilitator,20.99,1.47,3.99,0.28,0,0,0,0.00,0,-1.75,-4.95,0.00,0.00,0.00,20.03,Released,
"Sep 24, 2025 8:59:59 PM PDT",18799999978,Refund,112-9907522-2476688,BK-007522,Lot of 2 Hardcover Novel,1,amazon.com,Seller,,,,MarketplaceFacilitator,-11.99,-0.84,-3.99,-0.28,0,0,0,0.00,0,1.12,2.88,0.00,0.00,0.00,-13.10,Released,
"Sep 24, 2025 9:34:55 PM PDT",18799999978,Order,111-4107663-4246851,BK-007663,Like New Field Guide,1,amazon.com,Seller,,,,MarketplaceFacilitator,10.99,0.77,3.99,0.28,0,0,0,0.00,0,-1.05,-3.45,0.00,0.00,0.00,11.53,Released,
"Sep 24, 2025 11:30:23 PM PDT",18799999978,Refund,111-4107663-4246851,BK-007663,Like New Field Guide,1,amazon.com,Seller,,,,MarketplaceFacilitator,-10.99,-0.77,-3.99,-0.28,0,0,0,0.00,0,1.05,2.76,0.00,0.00,0.00,-12.22,Released,
"Sep 25, 2025 12:07:27 AM PDT",18799999978,Order,112-1507657-7300157,MD-007657,Vintage CD Lot,1,amazon.com,Seller,,,,MarketplaceFacilitator,21.99,1.54,3.99,0.28,0,0,0,0.00,0,-1.82,-5.10,0.00,0.00,0.00,20.88,Released,
"Sep 25, 2025 12:28:43 AM PDT",18799999978,Order,112-6307660-2098953,BK-007660,Like New Paperback Lot,1,amazon.com,Seller,,,,MarketplaceFacilitator,7.99,0.56,3.99,0.28,0,0,0,0.00,0,-0.84,-3.00,0.00,0.00,0.00,8.98,Released,
"Sep 25, 2025 12:32:02 AM PDT",18799999978,Order,112-5307631-5483618,MD-007631,Mid-Century Audiobook,1,amazon.com,Seller,,,,MarketplaceFacilitator,9.99,0.70,3.99,0.28,0,0,0,0.00,0,-0.98,-3.30,0.00,0.00,0.00,10.68,Released,
"Sep 25, 2025 12:47:26 AM PDT",18799999978,Order,112-7907643-5924520,BK-007643,Used Paperback Lot,1,amazon.com,Seller,,,,MarketplaceFacilitator,15.99,1.12,3.99,0.28,0,0,0,0.00,0,-1.40,-4.20,0.00,0.00,0.00,15.78,Released,
"Sep 25, 2025 12:51:03 AM PDT",18799999978,Order,112-6407648-3552688,BK-007648,Like New Atlas,1,amazon.com,Seller,,,,MarketplaceFacilitator,15.99,1.12,3.99,0.28,0,0,0,0.00,0,-1.40,-4.20,0.00,0.00,0.00,15.78,Released,
"Sep 25, 2025 2:00:52 AM PDT",18799999978,Order,111-1007666-6280710,BK-007666,Vintage Hardcover Novel,1,amazon.com,Seller,,,,MarketplaceFacilitator,12.99,0.91,3.99,0.28,0,0,0,0.00,0,-1.19,-3.75,0.00,0.00,0.00,13.23,Released,
"Sep 25, 2025 2:10:13 AM PDT",18799999978,Order,111-4707654-2024536,MD-007654,Antique DVD Box Set,1,amazon.com,Seller,,,,MarketplaceFacilitator,8.99,0.63,3.99,0.28,0,0,0,0.00,0,-0.91,-3.15,0.00,0.00,0.00,9.83,Released,
"Sep 25, 2025 2:28:23 AM PDT",18799999978,Order,111-1807655-7071507,BK-007655,Mid-Century Textbook,1,amazon.com,Seller,,,,MarketplaceFacilitator,8.99,0.63,3.99,0.28,0,0,0,0.00,0,-0.91,-3.15,0.00,0.00,0.00,9.83,Released,
"Sep 25, 2025 2:54:43 AM PDT",18799999978,Order,111-2307658-7285862,MD-007658,Antique Vinyl Record,1,amazon.com,Seller,,,,MarketplaceFacilitator,24.99,1.75,3.99,0.28,0,0,0,0.00,0,-2.03,-5.55,0.00,0.00,0.00,23.43,Released,
"Sep 25, 2025 3:17:44 AM PDT",18799999978,Order,114-8507661-8970499,BK-007661,Retro Poetry Collection,1,amazon.com,Seller,,,,MarketplaceFacilitator,9.99,0.70,3.99,0.28,0,0,0,0.00,0,-0.98,-3.30,0.00,0.00,0.00,10.68,Released,
"Sep 25, 2025 4:38:20 AM PDT",18799999978,Order,113-0307625-3218889,BK-007625,Retro Biography,1,amazon.com,Seller,,,,MarketplaceFacilitator,25.99,1.82,3.99,0.28,0,0,0,0.00,0,-2.10,-5.70,0.00,0.00,0.00,24.28,Released,
"Sep 25, 2025 5:22:35 AM PDT",18799999978,Order,113-3007623-8639337,BK-007623,Antique Field Guide,1,amazon.com,Seller,,,,MarketplaceFacilitator,14.99,1.05,3.99,0.28,0,0,0,0.00,0,-1.33,-4.05,0.00,0.00,0.00,14.93,Released,
"Sep 25, 2025 5:55:01 AM PDT",18799999978,Order,112-3507649-4356017,MD-007649,Mid-Century DVD Box Set,1,amazon.com,Seller,,,,MarketplaceFacilitator,4.99,0.35,3.99,0.28,0,0,0,0.00,0,-0.63,-2.55,0.00,0.00,0.00,6.43,Released,
"Sep 25, 2025 6:50:14 AM PDT",18799999978,Order,112-7607629-3624335,BK-007629,Handmade Paperback Lot,1,amazon.com,Seller,,,,MarketplaceFacilitator,12.99,0.91,3.99,0.28,0,0,0,0.00,0,-1.19,-3.75,0.00,0.00,0.00,13.23,Released,
"Sep 25, 2025 6:56:00 AM PDT",18799999978,Order,112-9307664-1612669,MD-007664,Pre-owned Blu-ray Set,1,amazon.com,Seller,,,,MarketplaceFacilitator,14.99,1.05,3.99,0.28,0,0,0,0.00,0,-1.33,-4.05,0.00,0.00,0.00,14.93,Released,
"Sep 25, 2025 7:01:39 AM PDT",18799999978,Order,111-7007646-3343754,BK-007646,Handmade Field Guide,1,amazon.com,Seller,,,,MarketplaceFacilitator,20.99,1.47,3.99,0.28,0,0,0,0.00,0,-1.75,-4.95,0.00,0.00,0.00,20.03,Released,
"Sep 25, 2025 7:14:31 AM PDT",18799999978,Order,113-7607620-7584988,CO-007620,Mid-Century Pewter Mug,1,amazon.com,Seller,,,,MarketplaceFacilitator,25.99,1.82,5.99,0.42,0,0,0,0.00,0,-2.24,-3.90,0.00,0.00,0.00,28.08,Released,
"Sep 25, 2025 8:26:33 AM PDT",18799999978,Order,113-8607621-6238549,BK-007621,Retro Field Guide,1,amazon.com,Seller,,,,MarketplaceFacilitator,10.99,0.77,3.99,0.28,0,0,0,0.00,0,-1.05,-3.45,0.00,0.00,0.00,11.53,Released,
"Sep 25, 2025 8:47:37 AM PDT",18799999978,Refund,112-7607629-3624335,BK-007629,Handmade Paperback Lot,1,amazon.com,Seller,,,,MarketplaceFacilitator,-12.99,-0.91,-3.99,-0.28,0,0,0,0.00,0,1.19,3.00,0.00,0.00,0.00,-13.98,Released,
"Sep 25, 2025 9:09:27 AM PDT",18799999978,Order,113-2207628-7685328,MD-007628,Retro DVD Box Set,1,amazon.com,Seller,,,,MarketplaceFacilitator,50.99,3.57,3.99,0.28,0,0,0,0.00,0,-3.85,-9.45,0.00,0.00,0.00,45.53,Released,
"Sep 25, 2025 9:41:39 AM PDT",18799999978,Order,114-6507626-0047704,TY-007626,Handmade Model Train,1,amazon.com,Seller,,,,MarketplaceFacilitator,21.99,1.54,5.99,0.42,0,0,0,0.00,0,-1.96,-3.30,0.00,0.00,0.00,24.68,Released,
"Sep 25, 2025 9:51:28 AM PDT",18799999978,Order,111-7707650-9574586,BK-007650,Used Paperback Lot,1,amazon.com,Seller,,,,MarketplaceFacilitator,31.99,2.24,3.99,0.28,0,0,0,0.00,0,-2.52,-6.60,0.00,0.00,0.00,29.38,Released,
"Sep 25, 2025 10:18:38 AM PDT",18799999978,Order,112-7107641-1966300,TY-007641,Mid-Century Plush Bear,1,amazon.com,Seller,,,,MarketplaceFacilitator,23.99,1.68,5.99,0.42,0,0,0,0.00,0,-2.10,-3.60,0.00,0.00,0.00,26.38,Released,
"Sep 25, 2025 10:56:49 AM PDT",18799999978,Order,112-6207627-8400519,EL-007627,Antique Camera Lens,1,amazon.com,Seller,,,,MarketplaceFacilitator,95.99,6.72,5.99,0.42,0,0,0,0.00,0,-7.14,-14.40,0.00,0.00,0.00,87.58,Released,
"Sep 25, 2025 11:24:58 AM PDT",18799999978,Order,112-4407638-6942986,MD-007638,Pre-owned Blu-ray Set,1,amazon.com,Seller,,,,MarketplaceFacilitator,7.99,0.56,3.99,0.28,0,0,0,0.00,0,-0.84,-3.00,0.00,0.00,0.00,8.98,Released,
"Sep 25, 2025 11:25:31 AM PDT",18799999978,Order,111-3907645-0191986,BK-007645,Antique Atlas,1,amazon.com,Seller,,,,MarketplaceFacilitator,7.99,0.56,3.99,0.28,0,0,0,0.00,0,-0.84,-3.00,0.00,0.00,0.00,8.98,Released,
"Sep 25, 2025 12:17:07 PM PDT",18799999978,Order,112-3107634-8243971,TY-007634,Antique Model Train,1,amazon.com,Seller,,,,MarketplaceFacilitator,8.99,0.63,5.99,0.42,0,0,0,0.00,0,-1.05,-1.35,0.00,0.00,0.00,13.63,Released,
"Sep 25, 2025 12:26:58 PM PDT",18799999978,Order,112-5607633-0644943,MD-007633,Vintage Audiobook,1,amazon.com,Seller,,,,MarketplaceFacilitator,18.99,1.33,3.99,0.28,0,0,0,0.00,0,-1.61,-4.65,0.00,0.00,0.00,18.33,Released,
"Sep 25, 2025 12:39:32 PM PDT",18799999978,Order,114-4407640-3244801,BK-007640,Antique Cookbook,1,amazon.com,Seller,,,,MarketplaceFacilitator,9.99,0.70,3.99,0.28,0,0,0,0.00,0,-0.98,-3.30,0.00,0.00,0.00,10.68,Released,
"Sep 25, 2025 1:21:22 PM PDT",18799999978,Order,113-6407635-6991297,MD-007635,Retro Audiobook,1,amazon.com,Seller,,,,MarketplaceFacilitator,21.99,1.54,3.99,0.28,0,0,0,0.00,0,-1.82,-5.10,0.00,0.00,0.00,20.88,Released,
"Sep 25, 2025 2:34:18 PM PDT",18799999978,Order,113-7207662-2246378,BK-007662,Vintage Poetry Collection,1,amazon.com,Seller,,,,MarketplaceFacilitator,12.99,0.91,3.99,0.28,0,0,0,0.00,0,-1.19,-3.75,0.00,0.00,0.00,13.23,Released,
"Sep 25, 2025 2:48:34 PM PDT",18799999978,Order,111-4507647-7654174,BK-007647,Lot of 2 Biography,1,amazon.com,Seller,,,,MarketplaceFacilitator,6.99,0.49,3.99,0.28,0,0,0,0.00,0,-0.77,-2.85,0.00,0.00,0.00,8.13,Released,
"Sep 25, 2025 2:53:23 PM PDT",18799999978,Order,114-5507637-7906873,TY-007637,Antique Model Train,1,amazon.com,Seller,,,,MarketplaceFacilitator,31.99,2.24,5.99,0.42,0,0,0,0.00,0,-2.66,-4.80,0.00,0.00,0.00,33.18,Released,
"Sep 25, 2025 3:31:12 PM PDT",18799999978,Order,114-0207665-8162987,BK-007665,Used Poetry Collection,1,amazon.com,Seller,,,,MarketplaceFacilitator,12.99,0.91,3.99,0.28,0,0,0,0.00,0,-1.19,-3.75,0.00,0.00,0.00,13.23,Released,
"Sep 25, 2025 3:31:26 PM PDT",18799999978,Order,114-1307642-3575267,BK-007642,Classic Atlas,1,amazon.com,Seller,,,,MarketplaceFacilitator,4.99,0.35,3.99,0.28,0,0,0,0.00,0,-0.63,-2.55,0.00,0.00,0.00,6.43,Released,
"Sep 25, 2025 3:31:39 PM PDT",18799999978,Order,113-0507630-4864060,EL-007630,Antique Headphones,1,amazon.com,Seller,,,,MarketplaceFacilitator,49.99,3.50,5.99,0.42,0,0,0,0.00,0,-3.92,-7.50,0.00,0.00,0.00,48.48,Released,
"Sep 25, 2025 3:46:37 PM PDT",18799999978,Order,111-0707656-9848196,BK-007656,Antique Biography,1,amazon.com,Seller,,,,MarketplaceFacilitator,8.99,0.63,3.99,0.28,0,0,0,0.00,0,-0.91,-3.15,0.00,0.00,0.00,9.83,Released,
"Sep 25, 2025 4:36:55 PM PDT",18799999978,Order,114-8407636-4149226,BK-007636,Lot of 2 Cookbook,1,amazon.com,Seller,,,,MarketplaceFacilitator,8.99,0.63,3.99,0.28,0,0,0,0.00,0,-0.91,-3.15,0.00,0.00,0.00,9.83,Released,
"Sep 25, 2025 4:50:42 PM PDT",18799999978,Order,114-7307653-7432627,TY-007653,Vintage Board Game,1,amazon.com,Seller,,,,MarketplaceFacilitator,18.99,1.33,5.99,0.42,0,0,0,0.00,0,-1.75,-2.85,0.00,0.00,0.00,22.13,Released,
"Sep 25, 2025 5:22:16 PM PDT",18799999978,Order,112-5807652-3416623,BK-007652,Lot of 2 Cookbook,1,amazon.com,Seller,,,,MarketplaceFacilitator,3.99,0.28,3.99,0.28,0,0,0,0.00,0,-0.56,-2.40,0.00,0.00,0.00,5.58,Released,
"Sep 25, 2025 6:05:40 PM PDT",18799999978,Order,114-4607622-8252648,BK-007622,Used Cookbook,1,amazon.com,Seller,,,,MarketplaceFacilitator,22.99,1.61,3.99,0.28,0,0,0,0.00,0,-1.89,-5.25,0.00,0.00,0.00,21.73,Released,
"Sep 25, 2025 6:07:33 PM PDT",18799999978,Order,112-3207632-6494833,BK-007632,Lot of 2 Cookbook,1,amazon.com,Seller,,,,MarketplaceFacilitator,8.99,0.63,3.99,0.28,0,0,0,0.00,0,-0.91,-3.15,0.00,0.00,0.00,9.83,Released,
"Sep 25, 2025 6:39:41 PM PDT",18799999978,Order,113-4107659-0916172,BK-007659,Classic Textbook,1,amazon.com,Seller,,,,MarketplaceFacilitator,8.99,0.63,3.99,0.28,0,0,0,0.00,0,-0.91,-3.15,0.00,0.00,0.00,9.83,Released,
"Sep 25, 2025 6:58:27 PM PDT",18799999978,Order,113-5707639-3637579,CO-007639,Used Trading Card Lot,1,amazon.com,Seller,,,,MarketplaceFacilitator,21.99,1.54,5.99,0.42,0,0,0,0.00,0,-1.96,-3.30,0.00,0.00,0.00,24.68,Released,
"Sep 25, 2025 7:02:38 PM PDT",18799999978,Order,112-9207644-7128507,BK-007644,Lot of 2 Paperback Lot,1,amazon.com,Seller,,,,MarketplaceFacilitator,12.99,0.91,3.99,0.28,0,0,0,0.00,0,-1.19,-3.75,0.00,0.00,0.00,13.23,Released,
"Sep 25, 2025 7:33:31 PM PDT",18799999978,Order,112-7007619-8388128,BK-007619,Lot of 2 Biography,1,amazon.com,Seller,,,,MarketplaceFacilitator,6.99,0.49,3.99,0.28,0,0,0,0.00,0,-0.77,-2.85,0.00,0.00,0.00,8.13,Released,
"Sep 25, 2025 8:13:52 PM PDT",18799999978,Order,113-7007651-9153203,TY-007651,Vintage Lego Lot,1,amazon.com,Seller,,,,MarketplaceFacilitator,8.99,0.63,5.99,0.42,0,0,0,0.00,0,-1.05,-1.35,0.00,0.00,0.00,13.63,Released,
"Sep 25, 2025 8:39:11 PM PDT",18799999978,Order,111-8807624-0291935,EL-007624,Antique Camera Lens,1,amazon.com,Seller,,,,MarketplaceFacilitator,22.99,1.61,5.99,0.42,0,0,0,0.00,0,-2.03,-3.45,0.00,0.00,0.00,25.53,Released,
"Sep 25, 2025 9:53:13 PM PDT",18799999978,Order,112-1107768-2978712,BK-007768,Mid-Century Textbook,1,amazon.com,Seller,,,,MarketplaceFacilitator,10.99,0.77,3.99,0.28,0,0,0,0.00,0,-1.05,-3.45,0.00,0.00,0.00,11.53,Released,
"Sep 26, 2025 1:53:13 AM PDT",18799999978,Order,111-2607789-4305992,CO-007789,Mid-Century Pewter Mug,1,amazon.com,Seller,,,,MarketplaceFacilitator,38.99,2.73,5.99,0.42,0,0,0,0.00,0,-3.15,-5.85,0.00,0.00,0.00,39.13,Released,
"Sep 26, 2025 4:27:08 AM PDT",18799999978,Order,113-1407769-2012925,BK-007769,Classic Textbook,1,amazon.com,Seller,,,,MarketplaceFacilitator,12.99,0.91,3.99,0.28,0,0,0,0.00,0,-1.19,-3.75,0.00,0.00,0.00,13.23,Released,
"Sep 26, 2025 5:19:04 AM PDT",18799999978,Order,112-0907772-1470416,MD-007772,Antique CD Lot,1,amazon.com,Seller,,,,MarketplaceFacilitator,15.99,1.12,3.99,0.28,0,0,0,0.00,0,-1.40,-4.20,0.00,0.00,0.00,15.78,Released,
"Sep 26, 2025 5:20:22 AM PDT",18799999978,Order,114-2307784-5326515,TY-007784,Antique Puzzle 1000pc,1,amazon.com,Seller,,,,MarketplaceFacilitator,15.99,1.12,5.99,0.42,0,0,0,0.00,0,-1.54,-2.40,0.00,0.00,0.00,19.58,Released,
"Sep 26, 2025 5:24:49 AM PDT",18799999978,Order,114-9407767-8444683,EL-007767,Classic Portable Radio,1,amazon.com,Seller,,,,MarketplaceFacilitator,68.99,4.83,5.99,0.42,0,0,0,0.00,0,-5.25,-10.35,0.00,0.00,0.00,64.63,Released,
"Sep 26, 2025 6:11:02 AM PDT",18799999978,Order,114-6507766-2861786,MD-007766,Handmade Vinyl Record,1,amazon.com,Seller,,,,MarketplaceFacilitator,15.99,1.12,3.99,0.28,0,0,0,0.00,0,-1.40,-4.20,0.00,0.00,0.00,15.78,Released,
"Sep 26, 2025 7:40:36 AM PDT",18799999978,Order,113-6707770-7615923,BK-007770,Pre-owned Biography,1,amazon.com,Seller,,,,MarketplaceFacilitator,9.99,0.70,3.99,0.28,0,0,0,0.00,0,-0.98,-3.30,0.00,0.00,0.00,10.68,Released,
"Sep 26, 2025 8:07:25 AM PDT",18799999978,Order,112-7007756-3219985,MD-007756,Pre-owned Vinyl Record,1,amazon.com,Seller,,,,MarketplaceFacilitator,20.99,1.47,3.99,0.28,0,0,0,0.00,0,-1.75,-4.95,0.00,0.00,0.00,20.03,Released,
"Sep 26, 2025 8:09:26 AM PDT",18799999978,Order,113-3107786-4226144,BK-007786,Retro Hardcover Novel,1,amazon.com,Seller,,,,MarketplaceFacilitator,6.99,0.49,3.99,0.28,0,0,0,0.00,0,-0.77,-2.85,0.00,0.00,0.00,8.13,Released,
"Sep 26, 2025 8:56:57 AM PDT",18799999978,Order,112-6107783-3131774,BK-007783,Like New Poetry Collection,1,amazon.com,Seller,,,,MarketplaceFacilitator,8.99,0.63,3.99,0.28,0,0,0,0.00,0,-0.91,-3.15,0.00,0.00,0.00,9.83,Released,
"Sep 26, 2025 10:10:42 AM PDT",18799999978,Order,112-8907762-7776947,BK-007762,Antique Poetry Collection,1,amazon.com,Seller,,,,MarketplaceFacilitator,10.99,0.77,3.99,0.28,0,0,0,0.00,0,-1.05,-3.45,0.00,0.00,0.00,11.53,Released,
"Sep 26, 2025 10:23:42 AM PDT",18799999978,Order,112-4607773-5784328,MD-007773,Classic Vinyl Record,1,amazon.com,Seller,,,,MarketplaceFacilitator,16.99,1.19,3.99,0.28,0,0,0,0.00,0,-1.47,-4.35,0.00,0.00,0.00,16.63,Released,
"Sep 26, 2025 10:36:48 AM PDT",18799999978,Order,114-5607754-3388686,BK-007754,Pre-owned Biography,1,amazon.com,Seller,,,,MarketplaceFacilitator,15.99,1.12,3.99,0.28,0,0,0,0.00,0,-1.40,-4.20,0.00,0.00,0.00,15.78,Released,
"Sep 26, 2025 10:36:58 AM PDT",18799999978,Order,112-5707785-5007140,EL-007785,Mid-Century Turntable,1,amazon.com,Seller,,,,MarketplaceFacilitator,39.99,2.80,5.99,0.42,0,0,0,0.00,0,-3.22,-6.00,0.00,0.00,0.00,39.98,Released,
"Sep 26, 2025 10:43:13 AM PDT",18799999978,Order,111-5007758-6765609,EL-007758,Lot of 2 Film Camera,1,amazon.com,Seller,,,,MarketplaceFacilitator,50.99,3.57,5.99,0.42,0,0,0,0.00,0,-3.99,-7.65,0.00,0.00,0.00,49.33,Released,
"Sep 26, 2025 10:44:13 AM PDT",18799999978,Order,113-5407752-1932154,MD-007752,Classic Vinyl Record,1,amazon.com,Seller,,,,MarketplaceFacilitator,37.99,2.66,3.99,0.28,0,0,0,0.00,0,-2.94,-7.50,0.00,0.00,0.00,34.48,Released,
"Sep 26, 2025 11:35:40 AM PDT",18799999978,Order,111-9607782-0340326,BK-007782,Antique Field Guide,1,amazon.com,Seller,,,,MarketplaceFacilitator,16.99,1.19,3.99,0.28,0,0,0,0.00,0,-1.47,-4.35,0.00,0.00,0.00,16.63,Released,
"Sep 26, 2025 12:00:45 PM PDT",18799999978,Order,113-9007771-9170853,MD-007771,Lot of 2 CD Lot,1,amazon.com,Seller,,,,MarketplaceFacilitator,12.99,0.91,3.99,0.28,0,0,0,0.00,0,-1.19,-3.75,0.00,0.00,0.00,13.23,Released,
"Sep 26, 2025 12:12:29 PM PDT",18799999978,Order,114-8207757-7684377,BK-007757,Mid-Century Textbook,1,amazon.com,Seller,,,,MarketplaceFacilitator,4.99,0.35,3.99,0.28,0,0,0,0.00,0,-0.63,-2.55,0.00,0.00,0.00,6.43,Released,
"Sep 26, 2025 12:47:51 PM PDT",18799999978,Order,112-6707775-3172051,BK-007775,Used Atlas,1,amazon.com,Seller,,,,MarketplaceFacilitator,27.99,1.96,3.99,0.28,0,0,0,0.00,0,-2.24,-6.00,0.00,0.00,0.00,25.98,Released,
"Sep 26, 2025 1:10:04 PM PDT",18799999978,Order,111-5107779-6285494,BK-007779,Mid-Century Field Guide,1,amazon.com,Seller,,,,MarketplaceFacilitator,12.99,0.91,3.99,0.28,0,0,0,0.00,0,-1.19,-3.75,0.00,0.00,0.00,13.23,Released,
"Sep 26, 2025 1:28:00 PM PDT",18799999978,Order,112-3907788-0997812,EL-007788,Pre-owned Film Camera,1,amazon.com,Seller,,,,MarketplaceFacilitator,14.99,1.05,5.99,0.42,0,0,0,0.00,0,-1.47,-2.25,0.00,0.00,0.00,18.73,Released,
"Sep 26, 2025 2:17:40 PM PDT",18799999978,Order,114-6007776-8040522,EL-007776,Vintage Film Camera,1,amazon.com,Seller,,,,MarketplaceFacilitator,33.99,2.38,5.99,0.42,0,0,0,0.00,0,-2.80,-5.10,0.00,0.00,0.00,34.88,Released,
"Sep 26, 2025 2:44:56 PM PDT",18799999978,Order,111-3807781-2372080,TY-007781,Vintage Plush Bear,1,amazon.com,Seller,,,,MarketplaceFacilitator,25.99,1.82,5.99,0.42,0,0,0,0.00,0,-2.24,-3.90,0.00,0.00,0.00,28.08,Released,
"Sep 26, 2025 3:43:35 PM PDT",18799999978,Order,113-5507759-7806241,BK-007759,Lot of 2 Atlas,1,amazon.com,Seller,,,,MarketplaceFacilitator,3.99,0.28,3.99,0.28,0,0,0,0.00,0,-0.56,-2.40,0.00,0.00,0.00,5.58,Released,
"Sep 26, 2025 4:01:41 PM PDT",18799999978,Order,114-9207753-5244784,BK-007753,Antique Cookbook,1,amazon.com,Seller,,,,MarketplaceFacilitator,6.99,0.49,3.99,0.28,0,0,0,0.00,0,-0.77,-2.85,0.00,0.00,0.00,8.13,Released,
"Sep 26, 2025 4:01:59 PM PDT",18799999978,Order,111-2407755-9344842,BK-007755,Mid-Century Atlas,1,amazon.com,Seller,,,,MarketplaceFacilitator,4.99,0.35,3.99,0.28,0,0,0,0.00,0,-0.63,-2.55,0.00,0.00,0.00,6.43,Released,
"Sep 26, 2025 5:10:55 PM PDT",18799999978,Order,114-2907765-3836771,BK-007765,Mid-Century Atlas,1,amazon.com,Seller,,,,MarketplaceFacilitator,20.99,1.47,3.99,0.28,0,0,0,0.00,0,-1.75,-4.95,0.00,0.00,0.00,20.03,Released,
"Sep 26, 2025 6:05:30 PM PDT",18799999978,Order,113-3507780-4729688,BK-007780,Mid-Century Poetry Collection,1,amazon.com,Seller,,,,MarketplaceFacilitator,32.99,2.31,3.99,0.28,0,0,0,0.00,0,-2.59,-6.75,0.00,0.00,0.00,30.23,Released,
"Sep 26, 2025 6:08:34 PM PDT",18799999978,Order,114-0807763-6085760,MD-007763,Handmade CD Lot,1,amazon.com,Seller,,,,MarketplaceFacilitator,11.99,0.84,3.99,0.28,0,0,0,0.00,0,-1.12,-3.60,0.00,0.00,0.00,12.38,Released,
"Sep 26, 2025 6:35:33 PM PDT",18799999978,Order,111-7707787-6890135,MD-007787,Mid-Century Audiobook,1,amazon.com,Seller,,,,MarketplaceFacilitator,19.99,1.40,3.99,0.28,0,0,0,0.00,0,-1.68,-4.80,0.00,0.00,0.00,19.18,Released,
"Sep 26, 2025 6:50:40 PM PDT",18799999978,Order,112-1907778-7251876,BK-007778,Classic Cookbook,1,amazon.com,Seller,,,,MarketplaceFacilitator,7.99,0.56,3.99,0.28,0,0,0,0.00,0,-0.84,-3.00,0.00,0.00,0.00,8.98,Released,
"Sep 26, 2025 7:08:47 PM PDT",18799999978,Order,114-5107774-8308570,MD-007774,Retro Audiobook,1,amazon.com,Seller,,,,MarketplaceFacilitator,2.99,0.21,3.99,0.28,0,0,0,0.00,0,-0.49,-2.25,0.00,0.00,0.00,4.73,Released,
"Sep 26, 2025 7:18:45 PM PDT",18799999978,Order,111-1007750-1691096,MD-007750,Vintage DVD Box Set,1,amazon.com,Seller,,,,MarketplaceFacilitator,11.99,0.84,3.99,0.28,0,0,0,0.00,0,-1.12,-3.60,0.00,0.00,0.00,12.38,Released,
"Sep 26, 2025 7:23:10 PM PDT",18799999978,Order,114-0307751-1948450,MD-007751,Vintage DVD Box Set,1,amazon.com,Seller,,,,MarketplaceFacilitator,17.99,1.26,3.99,0.28,0,0,0,0.00,0,-1.54,-4.50,0.00,0.00,0.00,17.48,Released,
"Sep 26, 2025 7:33:33 PM PDT",18799999978,Order,114-5507761-4714486,MD-007761,Antique Audiobook,1,amazon.com,Seller,,,,MarketplaceFacilitator,4.99,0.35,3.99,0.28,0,0,0,0.00,0,-0.63,-2.55,0.00,0.00,0.00,6.43,Released,
"Sep 26, 2025 7:38:15 PM PDT",18799999978,Order,111-0007764-9568583,CO-007764,Handmade Snow Globe,1,amazon.com,Seller,,,,MarketplaceFacilitator,31.99,2.24,5.99,0.42,0,0,0,0.00,0,-2.66,-4.80,0.00,0.00,0.00,33.18,Released,
"Sep 26, 2025 8:01:31 PM PDT",18799999978,Order,113-1007777-6776097,BK-007777,Classic Cookbook,1,amazon.com,Seller,,,,MarketplaceFacilitator,24.99,1.75,3.99,0.28,0,0,0,0.00,0,-2.03,-5.55,0.00,0.00,0.00,23.43,Released,
"Sep 26, 2025 8:54:26 PM PDT",18799999978,Order,114-7807760-4585885,MD-007760,Antique Audiobook,1,amazon.com,Seller,,,,MarketplaceFacilitator,8.99,0.63,3.99,0.28,0,0,0,0.00,0,-0.91,-3.15,0.00,0.00,0.00,9.83,Released,
"Sep 27, 2025 1:02:27 AM PDT",18799999978,Order,111-2207925-4587175,BK-007925,Vintage Field Guide,1,amazon.com,Seller,,,,MarketplaceFacilitator,7.99,0.56,3.99,0.28,0,0,0,0.00,0,-0.84,-3.00,0.00,0.00,0.00,8.98,Released,
"Sep 27, 2025 1:03:57 AM PDT",18799999978,Order,112-1307928-3513618,TY-007928,Vintage Plush Bear,1,amazon.com,Seller,,,,MarketplaceFacilitator,10.99,0.77,5.99,0.42,0,0,0,0.00,0,-1.19,-1.65,0.00,0.00,0.00,15.33,Released,
"Sep 27, 2025 1:11:31 AM PDT",18799999978,Order,114-0507892-8315034,BK-007892,Vintage Hardcover Novel,1,amazon.com,Seller,,,,MarketplaceFacilitator,5.99,0.42,3.99,0.28,0,0,0,0.00,0,-0.70,-2.70,0.00,0.00,0.00,7.28,Released,
"Sep 27, 2025 1:12:50 AM PDT",18799999978,Order,113-9707917-1020676,MD-007917,Antique Blu-ray Set,1,amazon.com,Seller,,,,MarketplaceFacilitator,9.99,0.70,3.99,0.28,0,0,0,0.00,0,-0.98,-3.30,0.00,0.00,0.00,10.68,Released,
"Sep 27, 2025 1:57:26 AM PDT",18799999978,Order,114-9107909-5903807,TY-007909,Retro Model Train,1,amazon.com,Seller,,,,MarketplaceFacilitator,27.99,1.96,5.99,0.42,0,0,0,0.00,0,-2.38,-4.20,0.00,0.00,0.00,29.78,Released,
"Sep 27, 2025 2:06:26 AM PDT",18799999978,Order,113-0907920-5143715,BK-007920,Classic Atlas,1,amazon.com,Seller,,,,MarketplaceFacilitator,10.99,0.77,3.99,0.28,0,0,0,0.00,0,-1.05,-3.45,0.00,0.00,0.00,11.53,Released,
"Sep 27, 2025 2:14:28 AM PDT",18799999978,Order,112-8507916-1245835,CO-007916,Pre-owned Trading Card Lot,1,amazon.com,Seller,,,,MarketplaceFacilitator,13.99,0.98,5.99,0.42,0,0,0,0.00,0,-1.40,-2.10,0.00,0.00,0.00,17.88,Released,
"Sep 27, 2025 2:44:58 AM PDT",18799999978,Order,114-1107899-0536657,BK-007899,Used Hardcover Novel,1,amazon.com,Seller,,,,MarketplaceFacilitator,7.99,0.56,3.99,0.28,0,0,0,0.00,0,-0.84,-3.00,0.00,0.00,0.00,8.98,Released,
"Sep 27, 2025 4:07:56 AM PDT",18799999978,Order,113-3007904-2228413,CO-007904,Classic Trading Card Lot,1,amazon.com,Seller,,,,MarketplaceFacilitator,44.99,3.15,5.99,0.42,0,0,0,0.00,0,-3.57,-6.75,0.00,0.00,0.00,44.23,Released,
"Sep 27, 2025 6:15:37 AM PDT",18799999978,Order,111-2307913-1145361,BK-007913,Handmade Biography,1,amazon.com,Seller,,,,MarketplaceFacilitator,19.99,1.40,3.99,0.28,0,0,0,0.00,0,-1.68,-4.80,0.00,0.00,0.00,19.18,Released,
"Sep 27, 2025 6:37:40 AM PDT",18799999978,Order,113-9707903-2049875,BK-007903,Like New Field Guide,1,amazon.com,Seller,,,,MarketplaceFacilitator,16.99,1.19,3.99,0.28,0,0,0,0.00,0,-1.47,-4.35,0.00,0.00,0.00,16.63,Released,
"Sep 27, 2025 6:43:08 AM PDT",18799999978,Order,113-8307901-0858203,CO-007901,Like New Coin Lot,1,amazon.com,Seller,,,,MarketplaceFacilitator,33.99,2.38,5.99,0.42,0,0,0,0.00,0,-2.80,-5.10,0.00,0.00,0.00,34.88,Released,
"Sep 27, 2025 7:19:58 AM PDT",18799999978,Order,111-8007934-0201957,BK-007934,Retro Textbook,1,amazon.com,Seller,,,,MarketplaceFacilitator,8.99,0.63,3.99,0.28,0,0,0,0.00,0,-0.91,-3.15,0.00,0.00,0.00,9.83,Released,
"Sep 27, 2025 7:39:32 AM PDT",18799999978,Order,111-8407936-6622357,CO-007936,Used Pewter Mug,1,amazon.com,Seller,,,,MarketplaceFacilitator,20.99,1.47,5.99,0.42,0,0,0,0.00,0,-1.89,-3.15,0.00,0.00,0.00,23.83,Released,
"Sep 27, 2025 8:13:54 AM PDT",18799999978,Order,111-7407910-0535089,TY-007910,Retro Plush Bear,1,amazon.com,Seller,,,,MarketplaceFacilitator,7.99,0.56,5.99,0.42,0,0,0,0.00,0,-0.98,-1.20,0.00,0.00,0.00,12.78,Released,
"Sep 27, 2025 8:58:45 AM PDT",18799999978,Order,114-6307930-3833615,BK-007930,Handmade Atlas,1,amazon.com,Seller,,,,MarketplaceFacilitator,10.99,0.77,3.99,0.28,0,0,0,0.00,0,-1.05,-3.45,0.00,0.00,0.00,11.53,Released,
"Sep 27, 2025 9:15:46 AM PDT",18799999978,Order,114-6407924-9489345,BK-007924,Used Biography,1,amazon.com,Seller,,,,MarketplaceFacilitator,25.99,1.82,3.99,0.28,0,0,0,0.00,0,-2.10,-5.70,0.00,0.00,0.00,24.28,Released,
"Sep 27, 2025 9:20:17 AM PDT",18799999978,Order,113-9507898-9821176,MD-007898,Retro CD Lot,1,amazon.com,Seller,,,,MarketplaceFacilitator,7.99,0.56,3.99,0.28,0,0,0,0.00,0,-0.84,-3.00,0.00,0.00,0.00,8.98,Released,
"Sep 27, 2025 9:33:27 AM PDT",18799999978,Order,113-3307919-6391367,BK-007919,Used Cookbook,1,amazon.com,Seller,,,,MarketplaceFacilitator,15.99,1.12,3.99,0.28,0,0,0,0.00,0,-1.40,-4.20,0.00,0.00,0.00,15.78,Released,
"Sep 27, 2025 9:35:51 AM PDT",18799999978,Order,114-2907897-0396219,MD-007897,Retro CD Lot,1,amazon.com,Seller,,,,MarketplaceFacilitator,22.99,1.61,3.99,0.28,0,0,0,0.00,0,-1.89,-5.25,0.00,0.00,0.00,21.73,Released,
"Sep 27, 2025 10:20:39 AM PDT",18799999978,Order,114-8907923-5731223,BK-007923,Antique Biography,1,amazon.com,Seller,,,,MarketplaceFacilitator,3.99,0.28,3.99,0.28,0,0,0,0.00,0,-0.56,-2.40,0.00,0.00,0.00,5.58,Released,
"Sep 27, 2025 10:23:15 AM PDT",18799999978,Order,114-1907914-1626372,BK-007914,Lot of 2 Biography,1,amazon.com,Seller,,,,MarketplaceFacilitator,7.99,0.56,3.99,0.28,0,0,0,0.00,0,-0.84,-3.00,0.00,0.00,0.00,8.98,Released,
"Sep 27, 2025 11:03:50 AM PDT",18799999978,Order,113-1207927-1344986,MD-007927,Lot of 2 Vinyl Record,1,amazon.com,Seller,,,,MarketplaceFacilitator,16.99,1.19,3.99,0.28,0,0,0,0.00,0,-1.47,-4.35,0.00,0.00,0.00,16.63,Released,
"Sep 27, 2025 11:05:42 AM PDT",18799999978,Order,112-6307918-0748708,TY-007918,Retro Board Game,1,amazon.com,Seller,,,,MarketplaceFacilitator,18.99,1.33,5.99,0.42,0,0,0,0.00,0,-1.75,-2.85,0.00,0.00,0.00,22.13,Released,
"Sep 27, 2025 11:14:32 AM PDT",18799999978,Refund,114-2907897-0396219,MD-007897,Retro CD Lot,1,amazon.com,Seller,,,,MarketplaceFacilitator,-22.99,-1.61,-3.99,-0.28,0,0,0,0.00,0,1.89,4.20,0.00,0.00,0.00,-22.78,Released,
"Sep 27, 2025 11:25:37 AM PDT",18799999978,Order,113-0807893-8507096,BK-007893,Classic Hardcover Novel,1,amazon.com,Seller,,,,MarketplaceFacilitator,17.99,1.26,3.99,0.28,0,0,0,0.00,0,-1.54,-4.50,0.00,0.00,0.00,17.48,Released,
"Sep 27, 2025 11:28:05 AM PDT",18799999978,Order,111-2307900-9839279,BK-007900,Handmade Field Guide,1,amazon.com,Seller,,,,MarketplaceFacilitator,25.99,1.82,3.99,0.28,0,0,0,0.00,0,-2.10,-5.70,0.00,0.00,0.00,24.28,Released,
"Sep 27, 2025 11:42:13 AM PDT",18799999978,Order,113-4707937-8197075,BK-007937,Classic Poetry Collection,1,amazon.com,Seller,,,,MarketplaceFacilitator,10.99,0.77,3.99,0.28,0,0,0,0.00,0,-1.05,-3.45,0.00,0.00,0.00,11.53,Released,
"Sep 27, 2025 12:44:07 PM PDT",18799999978,Order,114-6707907-6045824,MD-007907,Vintage Blu-ray Set,1,amazon.com,Seller,,,,MarketplaceFacilitator,6.99,0.49,3.99,0.28,0,0,0,0.00,0,-0.77,-2.85,0.00,0.00,0.00,8.13,Released,
"Sep 27, 2025 1:21:01 PM PDT",18799999978,Refund,113-3307919-6391367,BK-007919,Used Cookbook,1,amazon.com,Seller,,,,MarketplaceFacilitator,-15.99,-1.12,-3.99,-0.28,0,0,0,0.00,0,1.40,3.36,0.00,0.00,0.00,-16.62,Released,
"Sep 27, 2025 1:34:11 PM PDT",18799999978,Order,112-6707895-4315796,BK-007895,Lot of 2 Hardcover Novel,1,amazon.com,Seller,,,,MarketplaceFacilitator,12.99,0.91,3.99,0.28,0,0,0,0.00,0,-1.19,-3.75,0.00,0.00,0.00,13.23,Released,
"Sep 27, 2025 1:42:09 PM PDT",18799999978,Order,112-5607921-6342311,BK-007921,Mid-Century Poetry Collection,1,amazon.com,Seller,,,,MarketplaceFacilitator,19.99,1.40,3.99,0.28,0,0,0,0.00,0,-1.68,-4.80,0.00,0.00,0.00,19.18,Released,
"Sep 27, 2025 2:08:04 PM PDT",18799999978,Order,114-0007908-9191780,BK-007908,Like New Paperback Lot,1,amazon.com,Seller,,,,MarketplaceFacilitator,20.99,1.47,3.99,0.28,0,0,0,0.00,0,-1.75,-4.95,0.00,0.00,0.00,20.03,Released,
"Sep 27, 2025 3:17:36 PM PDT",18799999978,Order,113-1607902-2079470,BK-007902,Retro Textbook,1,amazon.com,Seller,,,,MarketplaceFacilitator,30.99,2.17,3.99,0.28,0,0,0,0.00,0,-2.45,-6.45,0.00,0.00,0.00,28.53,Released,
"Sep 27, 2025 3:37:55 PM PDT",18799999978,Order,111-4107926-3140989,TY-007926,Used Board Game,1,amazon.com,Seller,,,,MarketplaceFacilitator,40.99,2.87,5.99,0.42,0,0,0,0.00,0,-3.29,-6.15,0.00,0.00,0.00,40.83,Released,
"Sep 27, 2025 4:00:45 PM PDT",18799999978,Order,111-7807912-1816731,MD-007912,Vintage Audiobook,1,amazon.com,Seller,,,,MarketplaceFacilitator,18.99,1.33,3.99,0.28,0,0,0,0.00,0,-1.61,-4.65,0.00,0.00,0.00,18.33,Released,
"Sep 27, 2025 4:08:55 PM PDT",18799999978,Order,112-4307894-9531776,BK-007894,Retro Atlas,1,amazon.com,Seller,,,,MarketplaceFacilitator,9.99,0.70,3.99,0.28,0,0,0,0.00,0,-0.98,-3.30,0.00,0.00,0.00,10.68,Released,
"Sep 27, 2025 4:36:50 PM PDT",18799999978,Order,114-3307933-2915518,MD-007933,Classic DVD Box Set,1,amazon.com,Seller,,,,MarketplaceFacilitator,5.99,0.42,3.99,0.28,0,0,0,0.00,0,-0.70,-2.70,0.00,0.00,0.00,7.28,Released,
"Sep 27, 2025 4:52:38 PM PDT",18799999978,Order,114-6707935-6773078,MD-007935,Mid-Century DVD Box Set,1,amazon.com,Seller,,,,MarketplaceFacilitator,14.99,1.05,3.99,0.28,0,0,0,0.00,0,-1.33,-4.05,0.00,0.00,0.00,14.93,Released,
"Sep 27, 2025 4:55:30 PM PDT",18799999978,Order,111-3007911-4074190,EL-007911,Used Game Console,1,amazon.com,Seller,,,,MarketplaceFacilitator,18.99,1.33,5.99,0.42,0,0,0,0.00,0,-1.75,-2.85,0.00,0.00,0.00,22.13,Released,
"Sep 27, 2025 5:22:48 PM PDT",18799999978,Order,114-1407922-9592657,TY-007922,Used Board Game,1,amazon.com,Seller,,,,MarketplaceFacilitator,16.99,1.19,5.99,0.42,0,0,0,0.00,0,-1.61,-2.55,0.00,0.00,0.00,20.43,Released,
"Sep 27, 2025 5:52:02 PM PDT",18799999978,Order,112-0007929-1726879,MD-007929,Classic Vinyl Record,1,amazon.com,Seller,,,,MarketplaceFacilitator,14.99,1.05,3.99,0.28,0,0,0,0.00,0,-1.33,-4.05,0.00,0.00,0.00,14.93,Released,
"Sep 27, 2025 6:09:38 PM PDT",18799999978,Order,111-6207905-8802934,BK-007905,Handmade Paperback Lot,1,amazon.com,Seller,,,,MarketplaceFacilitator,10.99,0.77,3.99,0.28,0,0,0,0.00,0,-1.05,-3.45,0.00,0.00,0.00,11.53,Released,
"Sep 27, 2025 6:48:56 PM PDT",18799999978,Order,113-3507931-9017418,MD-007931,Like New DVD Box Set,1,amazon.com,Seller,,,,MarketplaceFacilitator,26.99,1.89,3.99,0.28,0,0,0,0.00,0,-2.17,-5.85,0.00,0.00,0.00,25.13,Released,
"Sep 27, 2025 7:45:08 PM PDT",18799999978,Order,112-7807906-1955864,EL-007906,Classic Portable Radio,1,amazon.com,Seller,,,,MarketplaceFacilitator,57.99,4.06,5.99,0.42,0,0,0,0.00,0,-4.48,-8.70,0.00,0.00,0.00,55.28,Released,
"Sep 27, 2025 7:59:50 PM PDT",18799999978,Order,112-7707915-5156109,BK-007915,Antique Field Guide,1,amazon.com,Seller,,,,MarketplaceFacilitator,5.99,0.42,3.99,0.28,0,0,0,0.00,0,-0.70,-2.70,0.00,0.00,0.00,7.28,Released,
"Sep 27, 2025 8:03:37 PM PDT",18799999978,Order,114-4107896-4812137,TY-007896,Like New Model Train,1,amazon.com,Seller,,,,MarketplaceFacilitator,6.99,0.49,5.99,0.42,0,0,0,0.00,0,-0.91,-1.05,0.00,0.00,0.00,11.93,Released,
"Sep 27, 2025 8:44:03 PM PDT",18799999978,Order,114-1307932-1370184,TY-007932,Like New Puzzle 1000pc,1,amazon.com,Seller,,,,MarketplaceFacilitator,19.99,1.40,5.99,0.42,0,0,0,0.00,0,-1.82,-3.00,0.00,0.00,0.00,22.98,Released,
"Sep 28, 2025 12:26:37 AM PDT",18799999978,Order,113-6408076-2518551,BK-008076,Like New Cookbook,1,amazon.com,Seller,,,,MarketplaceFacilitator,17.99,1.26,3.99,0.28,0,0,0,0.00,0,-1.54,-4.50,0.00,0.00,0.00,17.48,Released,
"Sep 28, 2025 12:58:45 AM PDT",18799999978,Order,114-9308078-8810097,BK-008078,Handmade Field Guide,1,amazon.com,Seller,,,,MarketplaceFacilitator,8.99,0.63,3.99,0.28,0,0,0,0.00,0,-0.91,-3.15,0.00,0.00,0.00,9.83,Released,
"Sep 28, 2025 2:42:20 AM PDT",18799999978,Order,113-9708095-7310022,MD-008095,Lot of 2 DVD Box Set,1,amazon.com,Seller,,,,MarketplaceFacilitator,7.99,0.56,3.99,0.28,0,0,0,0.00,0,-0.84,-3.00,0.00,0.00,0.00,8.98,Released,
"Sep 28, 2025 3:13:39 AM PDT",18799999978,Order,111-7908070-2767228,BK-008070,Lot of 2 Textbook,1,amazon.com,Seller,,,,MarketplaceFacilitator,6.99,0.49,3.99,0.28,0,0,0,0.00,0,-0.77,-2.85,0.00,0.00,0.00,8.13,Released,
"Sep 28, 2025 3:39:30 AM PDT",18799999978,Order,114-4808100-9742607,BK-008100,Handmade Cookbook,1,amazon.com,Seller,,,,MarketplaceFacilitator,12.99,0.91,3.99,0.28,0,0,0,0.00,0,-1.19,-3.75,0.00,0.00,0.00,13.23,Released,
"Sep 28, 2025 4:20:22 AM PDT",18799999978,Order,113-7608099-8410336,MD-008099,Classic Blu-ray Set,1,amazon.com,Seller,,,,MarketplaceFacilitator,15.99,1.12,3.99,0.28,0,0,0,0.00,0,-1.40,-4.20,0.00,0.00,0.00,15.78,Released,
"Sep 28, 2025 5:17:14 AM PDT",18799999978,Order,111-1308092-0944554,BK-008092,Used Field Guide,1,amazon.com,Seller,,,,MarketplaceFacilitator,14.99,1.05,3.99,0.28,0,0,0,0.00,0,-1.33,-4.05,0.00,0.00,0.00,14.93,Released,
"Sep 28, 2025 6:00:25 AM PDT",18799999978,Order,112-1508063-1500780,MD-008063,Handmade Audiobook,1,amazon.com,Seller,,,,MarketplaceFacilitator,9.99,0.70,3.99,0.28,0,0,0,0.00,0,-0.98,-3.30,0.00,0.00,0.00,10.68,Released,
"Sep 28, 2025 7:00:58 AM PDT",18799999978,Order,113-7208082-5022590,BK-008082,Mid-Century Field Guide,1,amazon.com,Seller,,,,MarketplaceFacilitator,5.99,0.42,3.99,0.28,0,0,0,0.00,0,-0.70,-2.70,0.00,0.00,0.00,7.28,Released,
"Sep 28, 2025 8:20:47 AM PDT",18799999978,Order,114-5908065-3021161,BK-008065,Like New Biography,1,amazon.com,Seller,,,,MarketplaceFacilitator,18.99,1.33,3.99,0.28,0,0,0,0.00,0,-1.61,-4.65,0.00,0.00,0.00,18.33,Released,
"Sep 28, 2025 8:45:16 AM PDT",18799999978,Order,114-1108084-3941851,BK-008084,Vintage Atlas,1,amazon.com,Seller,,,,MarketplaceFacilitator,4.99,0.35,3.99,0.28,0,0,0,0.00,0,-0.63,-2.55,0.00,0.00,0.00,6.43,Released,
"Sep 28, 2025 8:46:02 AM PDT",18799999978,Order,112-0708083-2536423,BK-008083,Vintage Field Guide,1,amazon.com,Seller,,,,MarketplaceFacilitator,9.99,0.70,3.99,0.28,0,0,0,0.00,0,-0.98,-3.30,0.00,0.00,0.00,10.68,Released,
"Sep 28, 2025 8:53:59 AM PDT",18799999978,Order,113-8508086-2260923,MD-008086,Lot of 2 Vinyl Record,1,amazon.com,Seller,,,,MarketplaceFacilitator,13.99,0.98,3.99,0.28,0,0,0,0.00,0,-1.26,-3.90,0.00,0.00,0.00,14.08,Released,
"Sep 28, 2025 10:02:40 AM PDT",18799999978,Order,112-2008075-5646429,BK-008075,Antique Atlas,1,amazon.com,Seller,,,,MarketplaceFacilitator,10.99,0.77,3.99,0.28,0,0,0,0.00,0,-1.05,-3.45,0.00,0.00,0.00,11.53,Released,
"Sep 28, 2025 10:15:07 AM PDT",18799999978,Order,113-7708064-8087585,BK-008064,Like New Paperback Lot,1,amazon.com,Seller,,,,MarketplaceFacilitator,7.99,0.56,3.99,0.28,0,0,0,0.00,0,-0.84,-3.00,0.00,0.00,0.00,8.98,Released,
"Sep 28, 2025 10:23:57 AM PDT",18799999978,Order,114-4108098-4482828,BK-008098,Pre-owned Cookbook,1,amazon.com,Seller,,,,MarketplaceFacilitator,6.99,0.49,3.99,0.28,0,0,0,0.00,0,-0.77,-2.85,0.00,0.00,0.00,8.13,Released,
"Sep 28, 2025 10:58:28 AM PDT",18799999978,Order,111-5008066-6769198,BK-008066,Mid-Century Field Guide,1,amazon.com,Seller,,,,MarketplaceFacilitator,9.99,0.70,3.99,0.28,0,0,0,0.00,0,-0.98,-3.30,0.00,0.00,0.00,10.68,Released,
"Sep 28, 2025 11:29:56 AM PDT",18799999978,Order,113-1408088-4043047,BK-008088,Like New Atlas,1,amazon.com,Seller,,,,MarketplaceFacilitator,17.99,1.26,3.99,0.28,0,0,0,0.00,0,-1.54,-4.50,0.00,0.00,0.00,17.48,Released,
"Sep 28, 2025 11:47:40 AM PDT",18799999978,Order,112-9508104-3576516,BK-008104,Like New Textbook,1,amazon.com,Seller,,,,MarketplaceFacilitator,13.99,0.98,3.99,0.28,0,0,0,0.00,0,-1.26,-3.90,0.00,0.00,0.00,14.08,Released,
"Sep 28, 2025 11:58:27 AM PDT",18799999978,Order,114-1208085-4061884,MD-008085,Used Vinyl Record,1,amazon.com,Seller,,,,MarketplaceFacilitator,10.99,0.77,3.99,0.28,0,0,0,0.00,0,-1.05,-3.45,0.00,0.00,0.00,11.53,Released,
"Sep 28, 2025 12:22:32 PM PDT",18799999978,Order,111-9408097-4606559,CO-008097,Lot of 2 Figurine,1,amazon.com,Seller,,,,MarketplaceFacilitator,24.99,1.75,5.99,0.42,0,0,0,0.00,0,-2.17,-3.75,0.00,0.00,0.00,27.23,Released,
"Sep 28, 2025 12:38:13 PM PDT",18799999978,Order,113-1408087-1338287,BK-008087,Vintage Paperback Lot,1,amazon.com,Seller,,,,MarketplaceFacilitator,15.99,1.12,3.99,0.28,0,0,0,0.00,0,-1.40,-4.20,0.00,0.00,0.00,15.78,Released,
"Sep 28, 2025 12:45:30 PM PDT",18799999978,Order,111-2708077-1226675,BK-008077,Classic Hardcover Novel,1,amazon.com,Seller,,,,MarketplaceFacilitator,12.99,0.91,3.99,0.28,0,0,0,0.00,0,-1.19,-3.75,0.00,0.00,0.00,13.23,Released,
"Sep 28, 2025 12:53:49 PM PDT",18799999978,Order,114-2608101-8504755,BK-008101,Lot of 2 Poetry Collection,1,amazon.com,Seller,,,,MarketplaceFacilitator,13.99,0.98,3.99,0.28,0,0,0,0.00,0,-1.26,-3.90,0.00,0.00,0.00,14.08,Released,
"Sep 28, 2025 12:59:55 PM PDT",18799999978,Order,113-3708103-0154038,BK-008103,Pre-owned Biography,1,amazon.com,Seller,,,,MarketplaceFacilitator,13.99,0.98,3.99,0.28,0,0,0,0.00,0,-1.26,-3.90,0.00,0.00,0.00,14.08,Released,
"Sep 28, 2025 1:13:18 PM PDT",18799999978,Order,111-7308089-6454911,BK-008089,Pre-owned Textbook,1,amazon.com,Seller,,,,MarketplaceFacilitator,13.99,0.98,3.99,0.28,0,0,0,0.00,0,-1.26,-3.90,0.00,0.00,0.00,14.08,Released,
"Sep 28, 2025 1:21:55 PM PDT",18799999978,Order,113-0808068-5498922,TY-008068,Mid-Century Board Game,1,amazon.com,Seller,,,,MarketplaceFacilitator,24.99,1.75,5.99,0.42,0,0,0,0.00,0,-2.17,-3.75,0.00,0.00,0.00,27.23,Released,
"Sep 28, 2025 1:56:14 PM PDT",18799999978,Order,111-2008106-5702495,BK-008106,Classic Cookbook,1,amazon.com,Seller,,,,MarketplaceFacilitator,14.99,1.05,3.99,0.28,0,0,0,0.00,0,-1.33,-4.05,0.00,0.00,0.00,14.93,Released,
"Sep 28, 2025 2:14:41 PM PDT",18799999978,Order,111-8908081-0508582,BK-008081,Like New Biography,1,amazon.com,Seller,,,,MarketplaceFacilitator,3.99,0.28,3.99,0.28,0,0,0,0.00,0,-0.56,-2.40,0.00,0.00,0.00,5.58,Released,
"Sep 28, 2025 2:44:54 PM PDT",18799999978,Order,112-7508073-1390715,BK-008073,Vintage Cookbook,1,amazon.com,Seller,,,,MarketplaceFacilitator,19.99,1.40,3.99,0.28,0,0,0,0.00,0,-1.68,-4.80,0.00,0.00,0.00,19.18,Released,
"Sep 28, 2025 3:13:28 PM PDT",18799999978,Refund,114-2608101-8504755,BK-008101,Lot of 2 Poetry Collection,1,amazon.com,Seller,,,,MarketplaceFacilitator,-13.99,-0.98,-3.99,-0.28,0,0,0,0.00,0,1.26,3.12,0.00,0.00,0.00,-14.86,Released,
"Sep 28, 2025 3:26:47 PM PDT",18799999978,Order,111-1308067-0128605,BK-008067,Vintage Cookbook,1,amazon.com,Seller,,,,MarketplaceFacilitator,10.99,0.77,3.99,0.28,0,0,0,0.00,0,-1.05,-3.45,0.00,0.00,0.00,11.53,Released,
"Sep 28, 2025 4:14:52 PM PDT",18799999978,Order,113-3108069-0988742,MD-008069,Antique Blu-ray Set,1,amazon.com,Seller,,,,MarketplaceFacilitator,16.99,1.19,3.99,0.28,0,0,0,0.00,0,-1.47,-4.35,0.00,0.00,0.00,16.63,Released,
"Sep 28, 2025 4:21:26 PM PDT",18799999978,Order,111-6008093-6774842,MD-008093,Antique CD Lot,1,amazon.com,Seller,,,,MarketplaceFacilitator,16.99,1.19,3.99,0.28,0,0,0,0.00,0,-1.47,-4.35,0.00,0.00,0.00,16.63,Released,
"Sep 28, 2025 4:57:34 PM PDT",18799999978,Order,113-8708071-2219526,BK-008071,Vintage Hardcover Novel,1,amazon.com,Seller,,,,MarketplaceFacilitator,10.99,0.77,3.99,0.28,0,0,0,0.00,0,-1.05,-3.45,0.00,0.00,0.00,11.53,Released,
"Sep 28, 2025 5:25:47 PM PDT",18799999978,Order,113-1508074-4385530,MD-008074,Pre-owned Blu-ray Set,1,amazon.com,Seller,,,,MarketplaceFacilitator,7.99,0.56,3.99,0.28,0,0,0,0.00,0,-0.84,-3.00,0.00,0.00,0.00,8.98,Released,
"Sep 28, 2025 5:32:59 PM PDT",18799999978,Order,114-1308072-0047464,BK-008072,Antique Atlas,1,amazon.com,Seller,,,,MarketplaceFacilitator,9.99,0.70,3.99,0.28,0,0,0,0.00,0,-0.98,-3.30,0.00,0.00,0.00,10.68,Released,
"Sep 28, 2025 6:22:50 PM PDT",18799999978,Order,114-4608091-3305068,BK-008091,Classic Hardcover Novel,1,amazon.com,Seller,,,,MarketplaceFacilitator,9.99,0.70,3.99,0.28,0,0,0,0.00,0,-0.98,-3.30,0.00,0.00,0.00,10.68,Released,
"Sep 28, 2025 6:23:12 PM PDT",18799999978,Order,111-3108094-7595009,BK-008094,Used Field Guide,1,amazon.com,Seller,,,,MarketplaceFacilitator,54.99,3.85,3.99,0.28,0,0,0,0.00,0,-4.13,-10.05,0.00,0.00,0.00,48.93,Released,
"Sep 28, 2025 7:17:08 PM PDT",18799999978,Order,111-5808090-3429824,BK-008090,Mid-Century Field Guide,1,amazon.com,Seller,,,,MarketplaceFacilitator,11.99,0.84,3.99,0.28,0,0,0,0.00,0,-1.12,-3.60,0.00,0.00,0.00,12.38,Released,
"Sep 28, 2025 7:25:53 PM PDT",18799999978,Order,111-8308062-8771016,CO-008062,Used Snow Globe,1,amazon.com,Seller,,,,MarketplaceFacilitator,26.99,1.89,5.99,0.42,0,0,0,0.00,0,-2.31,-4.05,0.00,0.00,0.00,28.93,Released,
"Sep 28, 2025 7:43:49 PM PDT",18799999978,Order,111-8508102-5742431,BK-008102,Antique Cookbook,1,amazon.com,Seller,,,,MarketplaceFacilitator,31.99,2.24,3.99,0.28,0,0,0,0.00,0,-2.52,-6.60,0.00,0.00,0.00,29.38,Released,
"Sep 28, 2025 7:44:56 PM PDT",18799999978,Order,112-7408080-9568050,BK-008080,Classic Biography,1,amazon.com,Seller,,,,MarketplaceFacilitator,13.99,0.98,3.99,0.28,0,0,0,0.00,0,-1.26,-3.90,0.00,0.00,0.00,14.08,Released,
"Sep 28, 2025 7:45:51 PM PDT",18799999978,Order,112-2508096-5632767,MD-008096,Pre-owned Audiobook,1,amazon.com,Seller,,,,MarketplaceFacilitator,11.99,0.84,3.99,0.28,0,0,0,0.00,0,-1.12,-3.60,0.00,0.00,0.00,12.38,Released,
"Sep 28, 2025 7:47:20 PM PDT",18799999978,Order,111-6808105-0355818,MD-008105,Mid-Century Blu-ray Set,1,amazon.com,Seller,,,,MarketplaceFacilitator,11.99,0.84,3.99,0.28,0,0,0,0.00,0,-1.12,-3.60,0.00,0.00,0.00,12.38,Released,
"Sep 28, 2025 8:08:07 PM PDT",18799999978,Order,114-8008079-7550406,BK-008079,Lot of 2 Textbook,1,amazon.com,Seller,,,,MarketplaceFacilitator,12.99,0.91,3.99,0.28,0,0,0,0.00,0,-1.19,-3.75,0.00,0.00,0.00,13.23,Released,
"Sep 28, 2025 10:25:24 PM PDT",18799999978,Order,112-8808195-0987251,BK-008195,Lot of 2 Paperback Lot,1,amazon.com,Seller,,,,MarketplaceFacilitator,15.99,1.12,3.99,0.28,0,0,0,0.00,0,-1.40,-4.20,0.00,0.00,0.00,15.78,Released,
"Sep 29, 2025 4:06:33 AM PDT",18799999978,Order,111-8608226-1923049,MD-008226,Pre-owned DVD Box Set,1,amazon.com,Seller,,,,MarketplaceFacilitator,17.99,1.26,3.99,0.28,0,0,0,0.00,0,-1.54,-4.50,0.00,0.00,0.00,17.48,Released,
"Sep 29, 2025 4:17:48 AM PDT",18799999978,Order,111-2108213-9511608,CO-008213,Lot of 2 Figurine,1,amazon.com,Seller,,,,MarketplaceFacilitator,46.99,3.29,5.99,0.42,0,0,0,0.00,0,-3.71,-7.05,0.00,0.00,0.00,45.93,Released,
"Sep 29, 2025 4:21:22 AM PDT",18799999978,Order,114-3208207-0260363,BK-008207,Vintage Field Guide,1,amazon.com,Seller,,,,MarketplaceFacilitator,17.99,1.26,3.99,0.28,0,0,0,0.00,0,-1.54,-4.50,0.00,0.00,0.00,17.48,Released,
"Sep 29, 2025 4:38:28 AM PDT",18799999978,Order,114-9508216-4982047,BK-008216,Retro Textbook,1,amazon.com,Seller,,,,MarketplaceFacilitator,11.99,0.84,3.99,0.28,0,0,0,0.00,0,-1.12,-3.60,0.00,0.00,0.00,12.38,Released,
"Sep 29, 2025 5:32:56 AM PDT",18799999978,Order,114-5508220-3076245,BK-008220,Used Paperback Lot,1,amazon.com,Seller,,,,MarketplaceFacilitator,51.99,3.64,3.99,0.28,0,0,0,0.00,0,-3.92,-9.60,0.00,0.00,0.00,46.38,Released,
"Sep 29, 2025 5:40:41 AM PDT",18799999978,Order,111-0808237-6685241,BK-008237,Vintage Biography,1,amazon.com,Seller,,,,MarketplaceFacilitator,10.99,0.77,3.99,0.28,0,0,0,0.00,0,-1.05,-3.45,0.00,0.00,0.00,11.53,Released,
"Sep 29, 2025 5:43:01 AM PDT",18799999978,Order,113-8908212-3437743,BK-008212,Used Atlas,1,amazon.com,Seller,,,,MarketplaceFacilitator,30.99,2.17,3.99,0.28,0,0,0,0.00,0,-2.45,-6.45,0.00,0.00,0.00,28.53,Released,
"Sep 29, 2025 5:58:46 AM PDT",18799999978,Order,114-1908203-6642485,MD-008203,Handmade Blu-ray Set,1,amazon.com,Seller,,,,MarketplaceFacilitator,13.99,0.98,3.99,0.28,0,0,0,0.00,0,-1.26,-3.90,0.00,0.00,0.00,14.08,Released,
"Sep 29, 2025 6:19:00 AM PDT",18799999978,Order,111-9408222-2281913,BK-008222,Like New Paperback Lot,1,amazon.com,Seller,,,,MarketplaceFacilitator,3.99,0.28,3.99,0.28,0,0,0,0.00,0,-0.56,-2.40,0.00,0.00,0.00,5.58,Released,
"Sep 29, 2025 6:31:10 AM PDT",18799999978,Order,111-9408211-4987057,BK-008211,Classic Poetry Collection,1,amazon.com,Seller,,,,MarketplaceFacilitator,13.99,0.98,3.99,0.28,0,0,0,0.00,0,-1.26,-3.90,0.00,0.00,0.00,14.08,Released,
"Sep 29, 2025 6:38:41 AM PDT",18799999978,Order,111-5408210-1976572,BK-008210,Vintage Paperback Lot,1,amazon.com,Seller,,,,MarketplaceFacilitator,20.99,1.47,3.99,0.28,0,0,0,0.00,0,-1.75,-4.95,0.00,0.00,0.00,20.03,Released,
"Sep 29, 2025 7:03:23 AM PDT",18799999978,Order,111-0008225-2567063,BK-008225,Antique Poetry Collection,1,amazon.com,Seller,,,,MarketplaceFacilitator,20.99,1.47,3.99,0.28,0,0,0,0.00,0,-1.75,-4.95,0.00,0.00,0.00,20.03,Released,
"Sep 29, 2025 7:26:36 AM PDT",18799999978,Order,114-4508224-5168146,BK-008224,Classic Biography,1,amazon.com,Seller,,,,MarketplaceFacilitator,8.99,0.63,3.99,0.28,0,0,0,0.00,0,-0.91,-3.15,0.00,0.00,0.00,9.83,Released,
"Sep 29, 2025 7:41:33 AM PDT",18799999978,Order,111-5208221-1350856,BK-008221,Vintage Hardcover Novel,1,amazon.com,Seller,,,,MarketplaceFacilitator,10.99,0.77,3.99,0.28,0,0,0,0.00,0,-1.05,-3.45,0.00,0.00,0.00,11.53,Released,
"Sep 29, 2025 7:45:12 AM PDT",18799999978,Order,111-3908205-1875616,BK-008205,Mid-Century Textbook,1,amazon.com,Seller,,,,MarketplaceFacilitator,14.99,1.05,3.99,0.28,0,0,0,0.00,0,-1.33,-4.05,0.00,0.00,0.00,14.93,Released,
"Sep 29, 2025 7:58:51 AM PDT",18799999978,Order,114-9408204-8446603,BK-008204,Used Textbook,1,amazon.com,Seller,,,,MarketplaceFacilitator,9.99,0.70,3.99,0.28,0,0,0,0.00,0,-0.98,-3.30,0.00,0.00,0.00,10.68,Released,
"Sep 29, 2025 8:04:55 AM PDT",18799999978,Order,114-0008215-0164677,BK-008215,Retro Textbook,1,amazon.com,Seller,,,,MarketplaceFacilitator,10.99,0.77,3.99,0.28,0,0,0,0.00,0,-1.05,-3.45,0.00,0.00,0.00,11.53,Released,
"Sep 29, 2025 8:39:56 AM PDT",18799999978,Order,112-0308235-5694648,BK-008235,Lot of 2 Paperback Lot,1,amazon.com,Seller,,,,MarketplaceFacilitator,9.99,0.70,3.99,0.28,0,0,0,0.00,0,-0.98,-3.30,0.00,0.00,0.00,10.68,Released,
"Sep 29, 2025 9:01:01 AM PDT",18799999978,Order,113-8008201-4671346,MD-008201,Used Blu-ray Set,1,amazon.com,Seller,,,,MarketplaceFacilitator,28.99,2.03,3.99,0.28,0,0,0,0.00,0,-2.31,-6.15,0.00,0.00,0.00,26.83,Released,
"Sep 29, 2025 9:08:43 AM PDT",18799999978,Order,114-2608238-7213015,BK-008238,Classic Cookbook,1,amazon.com,Seller,,,,MarketplaceFacilitator,11.99,0.84,3.99,0.28,0,0,0,0.00,0,-1.12,-3.60,0.00,0.00,0.00,12.38,Released,
"Sep 29, 2025 9:44:47 AM PDT",18799999978,Order,112-4508214-0693828,BK-008214,Used Atlas,1,amazon.com,Seller,,,,MarketplaceFacilitator,13.99,0.98,3.99,0.28,0,0,0,0.00,0,-1.26,-3.90,0.00,0.00,0.00,14.08,Released,
"Sep 29, 2025 10:12:07 AM PDT",18799999978,Order,112-5408209-4058220,BK-008209,Vintage Poetry Collection,1,amazon.com,Seller,,,,MarketplaceFacilitator,18.99,1.33,3.99,0.28,0,0,0,0.00,0,-1.61,-4.65,0.00,0.00,0.00,18.33,Released,
"Sep 29, 2025 10:33:47 AM PDT",18799999978,Order,112-1108199-1511018,BK-008199,Handmade Atlas,1,amazon.com,Seller,,,,MarketplaceFacilitator,6.99,0.49,3.99,0.28,0,0,0,0.00,0,-0.77,-2.85,0.00,0.00,0.00,8.13,Released,
"Sep 29, 2025 10:41:38 AM PDT",18799999978,Order,112-9108197-2152999,BK-008197,Vintage Hardcover Novel,1,amazon.com,Seller,,,,MarketplaceFacilitator,2.99,0.21,3.99,0.28,0,0,0,0.00,0,-0.49,-2.25,0.00,0.00,0.00,4.73,Released,
"Sep 29, 2025 10:51:30 AM PDT",18799999978,Refund,114-2608238-7213015,BK-008238,Classic Cookbook,1,amazon.com,Seller,,,,MarketplaceFacilitator,-11.99,-0.84,-3.99,-0.28,0,0,0,0.00,0,1.12,2.88,0.00,0.00,0.00,-13.10,Released,
"Sep 29, 2025 11:29:00 AM PDT",18799999978,Order,112-7008218-0764019,BK-008218,Handmade Cookbook,1,amazon.com,Seller,,,,MarketplaceFacilitator,4.99,0.35,3.99,0.28,0,0,0,0.00,0,-0.63,-2.55,0.00,0.00,0.00,6.43,Released,
"Sep 29, 2025 11:56:16 AM PDT",18799999978,Order,111-3508227-8712975,TY-008227,Mid-Century Model Train,1,amazon.com,Seller,,,,MarketplaceFacilitator,19.99,1.40,5.99,0.42,0,0,0,0.00,0,-1.82,-3.00,0.00,0.00,0.00,22.98,Released,
"Sep 29, 2025 12:08:44 PM PDT",18799999978,Order,113-2308217-9317005,BK-008217,Lot of 2 Textbook,1,amazon.com,Seller,,,,MarketplaceFacilitator,16.99,1.19,3.99,0.28,0,0,0,0.00,0,-1.47,-4.35,0.00,0.00,0.00,16.63,Released,
"Sep 29, 2025 12:15:00 PM PDT",18799999978,Service Fee,,,Cost of Advertising,,,,,,,,0.00,0.00,0.00,0.00,0,0,0,0.00,0,0.00,0.00,0.00,0.00,-6.80,-6.80,Released,
"Sep 29, 2025 12:56:10 PM PDT",18799999978,Order,113-8908232-5275304,BK-008232,Like New Poetry Collection,1,amazon.com,Seller,,,,MarketplaceFacilitator,3.99,0.28,3.99,0.28,0,0,0,0.00,0,-0.56,-2.40,0.00,0.00,0.00,5.58,Released,
"Sep 29, 2025 1:54:33 PM PDT",18799999978,Order,114-1308231-7784577,BK-008231,Vintage Poetry Collection,1,amazon.com,Seller,,,,MarketplaceFacilitator,10.99,0.77,3.99,0.28,0,0,0,0.00,0,-1.05,-3.45,0.00,0.00,0.00,11.53,Released,
"Sep 29, 2025 2:03:21 PM PDT",18799999978,Order,112-3008206-8747003,BK-008206,Lot of 2 Biography,1,amazon.com,Seller,,,,MarketplaceFacilitator,9.99,0.70,3.99,0.28,0,0,0,0.00,0,-0.98,-3.30,0.00,0.00,0.00,10.68,Released,
"Sep 29, 2025 3:12:45 PM PDT",18799999978,Order,112-6308219-2505800,CO-008219,Mid-Century Snow Globe,1,amazon.com,Seller,,,,MarketplaceFacilitator,17.99,1.26,5.99,0.42,0,0,0,0.00,0,-1.68,-2.70,0.00,0.00,0.00,21.28,Released,
"Sep 29, 2025 3:27:18 PM PDT",18799999978,Order,114-7708223-4114057,BK-008223,Mid-Century Poetry Collection,1,amazon.com,Seller,,,,MarketplaceFacilitator,21.99,1.54,3.99,0.28,0,0,0,0.00,0,-1.82,-5.10,0.00,0.00,0.00,20.88,Released,
"Sep 29, 2025 3:30:57 PM PDT",18799999978,Order,112-6608202-0050633,MD-008202,Like New DVD Box Set,1,amazon.com,Seller,,,,MarketplaceFacilitator,8.99,0.63,3.99,0.28,0,0,0,0.00,0,-0.91,-3.15,0.00,0.00,0.00,9.83,Released,
"Sep 29, 2025 4:03:07 PM PDT",18799999978,Order,114-7608200-0384671,MD-008200,Pre-owned CD Lot,1,amazon.com,Seller,,,,MarketplaceFacilitator,23.99,1.68,3.99,0.28,0,0,0,0.00,0,-1.96,-5.40,0.00,0.00,0.00,22.58,Released,
"Sep 29, 2025 4:53:22 PM PDT",18799999978,Order,112-5208228-5240785,BK-008228,Retro Paperback Lot,1,amazon.com,Seller,,,,MarketplaceFacilitator,8.99,0.63,3.99,0.28,0,0,0,0.00,0,-0.91,-3.15,0.00,0.00,0.00,9.83,Released,
"Sep 29, 2025 5:02:04 PM PDT",18799999978,Order,114-9908233-1694636,MD-008233,Classic CD Lot,1,amazon.com,Seller,,,,MarketplaceFacilitator,18.99,1.33,3.99,0.28,0,0,0,0.00,0,-1.61,-4.65,0.00,0.00,0.00,18.33,Released,
"Sep 29, 2025 5:31:39 PM PDT",18799999978,Order,112-7608229-1786534,BK-008229,Used Poetry Collection,1,amazon.com,Seller,,,,MarketplaceFacilitator,22.99,1.61,3.99,0.28,0,0,0,0.00,0,-1.89,-5.25,0.00,0.00,0.00,21.73,Released,
"Sep 29, 2025 6:08:11 PM PDT",18799999978,Order,112-8608230-4945928,BK-008230,Used Poetry Collection,1,amazon.com,Seller,,,,MarketplaceFacilitator,11.99,0.84,3.99,0.28,0,0,0,0.00,0,-1.12,-3.60,0.00,0.00,0.00,12.38,Released,
"Sep 29, 2025 6:21:08 PM PDT",18799999978,Order,113-7608234-8394219,BK-008234,Antique Cookbook,1,amazon.com,Seller,,,,MarketplaceFacilitator,6.99,0.49,3.99,0.28,0,0,0,0.00,0,-0.77,-2.85,0.00,0.00,0.00,8.13,Released,
"Sep 29, 2025 6:56:54 PM PDT",18799999978,Order,113-6708208-4048844,BK-008208,Like New Hardcover Novel,1,amazon.com,Seller,,,,MarketplaceFacilitator,17.99,1.26,3.99,0.28,0,0,0,0.00,0,-1.54,-4.50,0.00,0.00,0.00,17.48,Released,
"Sep 29, 2025 8:13:06 PM PDT",18799999978,Order,112-9608198-8135236,BK-008198,Like New Biography,1,amazon.com,Seller,,,,MarketplaceFacilitator,24.99,1.75,3.99,0.28,0,0,0,0.00,0,-2.03,-5.55,0.00,0.00,0.00,23.43,Released,
"Sep 29, 2025 8:20:14 PM PDT",18799999978,Order,111-3308196-5342804,MD-008196,Classic Vinyl Record,1,amazon.com,Seller,,,,MarketplaceFacilitator,43.99,3.08,3.99,0.28,0,0,0,0.00,0,-3.36,-8.40,0.00,0.00,0.00,39.58,Released,
"Sep 29, 2025 8:52:15 PM PDT",18799999978,Order,111-4708236-4027334,BK-008236,Vintage Cookbook,1,amazon.com,Seller,,,,MarketplaceFacilitator,12.99,0.91,3.99,0.28,0,0,0,0.00,0,-1.19,-3.75,0.00,0.00,0.00,13.23,Released,
"Sep 29, 2025 9:16:10 PM PDT",18799999978,Order,112-3708329-8597853,BK-008329,Vintage Biography,1,amazon.com,Seller,,,,MarketplaceFacilitator,11.99,0.84,3.99,0.28,0,0,0,0.00,0,-1.12,-3.60,0.00,0.00,0.00,12.38,Released,
"Sep 29, 2025 10:37:26 PM PDT",18799999978,Order,113-9408345-6932028,BK-008345,Used Textbook,1,amazon.com,Seller,,,,MarketplaceFacilitator,9.99,0.70,3.99,0.28,0,0,0,0.00,0,-0.98,-3.30,0.00,0.00,0.00,10.68,Released,
"Sep 30, 2025 1:04:52 AM PDT",18799999978,Order,111-9108341-2790931,EL-008341,Antique Headphones,1,amazon.com,Seller,,,,MarketplaceFacilitator,40.99,2.87,5.99,0.42,0,0,0,0.00,0,-3.29,-6.15,0.00,0.00,0.00,40.83,Released,
"Sep 30, 2025 1:17:41 AM PDT",18799999978,Order,111-9608334-8161450,BK-008334,Mid-Century Textbook,1,amazon.com,Seller,,,,MarketplaceFacilitator,8.99,0.63,3.99,0.28,0,0,0,0.00,0,-0.91,-3.15,0.00,0.00,0.00,9.83,Released,
"Sep 30, 2025 1:51:15 AM PDT",18799999978,Order,112-7708338-6439771,BK-008338,Handmade Textbook,1,amazon.com,Seller,,,,MarketplaceFacilitator,5.99,0.42,3.99,0.28,0,0,0,0.00,0,-0.70,-2.70,0.00,0.00,0.00,7.28,Released,
"Sep 30, 2025 1:58:05 AM PDT",18799999978,Order,113-5408324-7408609,EL-008324,Lot of 2 Turntable,1,amazon.com,Seller,,,,MarketplaceFacilitator,49.99,3.50,5.99,0.42,0,0,0,0.00,0,-3.92,-7.50,0.00,0.00,0.00,48.48,Released,
"Sep 30, 2025 3:23:21 AM PDT",18799999978,Order,111-5008331-2437415,BK-008331,Pre-owned Hardcover Novel,1,amazon.com,Seller,,,,MarketplaceFacilitator,6.99,0.49,3.99,0.28,0,0,0,0.00,0,-0.77,-2.85,0.00,0.00,0.00,8.13,Released,
"Sep 30, 2025 4:26:18 AM PDT",18799999978,Order,113-4808328-8674438,TY-008328,Pre-owned Plush Bear,1,amazon.com,Seller,,,,MarketplaceFacilitator,12.99,0.91,5.99,0.42,0,0,0,0.00,0,-1.33,-1.95,0.00,0.00,0.00,17.03,Released,
"Sep 30, 2025 4:37:27 AM PDT",18799999978,Order,112-6008335-4877239,BK-008335,Like New Cookbook,1,amazon.com,Seller,,,,MarketplaceFacilitator,10.99,0.77,3.99,0.28,0,0,0,0.00,0,-1.05,-3.45,0.00,0.00,0.00,11.53,Released,
"Sep 30, 2025 4:53:38 AM PDT",18799999978,Order,114-7208323-6999989,TY-008323,Mid-Century Board Game,1,amazon.com,Seller,,,,MarketplaceFacilitator,41.99,2.94,5.99,0.42,0,0,0,0.00,0,-3.36,-6.30,0.00,0.00,0.00,41.68,Released,
"Sep 30, 2025 5:25:00 AM PDT",18799999978,Order,113-0808330-1839192,BK-008330,Lot of 2 Hardcover Novel,1,amazon.com,Seller,,,,MarketplaceFacilitator,13.99,0.98,3.99,0.28,0,0,0,0.00,0,-1.26,-3.90,0.00,0.00,0.00,14.08,Released,
"Sep 30, 2025 6:00:28 AM PDT",18799999978,Order,114-5108342-6662101,CO-008342,Vintage Trading Card Lot,1,amazon.com,Seller,,,,MarketplaceFacilitator,15.99,1.12,5.99,0.42,0,0,0,0.00,0,-1.54,-2.40,0.00,0.00,0.00,19.58,Released,
"Sep 30, 2025 7:50:30 AM PDT",18799999978,Order,113-1308326-0864970,MD-008326,Pre-owned DVD Box Set,1,amazon.com,Seller,,,,MarketplaceFacilitator,18.99,1.33,3.99,0.28,0,0,0,0.00,0,-1.61,-4.65,0.00,0.00,0.00,18.33,Released,
"Sep 30, 2025 7:50:58 AM PDT",18799999978,Order,111-5108337-0288351,BK-008337,Mid-Century Atlas,1,amazon.com,Seller,,,,MarketplaceFacilitator,5.99,0.42,3.99,0.28,0,0,0,0.00,0,-0.70,-2.70,0.00,0.00,0.00,7.28,Released,
"Sep 30, 2025 8:46:51 AM PDT",18799999978,Order,111-9908333-1045325,MD-008333,Lot of 2 Blu-ray Set,1,amazon.com,Seller,,,,MarketplaceFacilitator,10.99,0.77,3.99,0.28,0,0,0,0.00,0,-1.05,-3.45,0.00,0.00,0.00,11.53,Released,
"Sep 30, 2025 9:05:13 AM PDT",18799999978,Order,113-2608321-2661463,BK-008321,Vintage Atlas,1,amazon.com,Seller,,,,MarketplaceFacilitator,7.99,0.56,3.99,0.28,0,0,0,0.00,0,-0.84,-3.00,0.00,0.00,0.00,8.98,Released,
"Sep 30, 2025 9:11:27 AM PDT",18799999978,Order,112-1508322-2015174,BK-008322,Lot of 2 Cookbook,1,amazon.com,Seller,,,,MarketplaceFacilitator,6.99,0.49,3.99,0.28,0,0,0,0.00,0,-0.77,-2.85,0.00,0.00,0.00,8.13,Released,
"Sep 30, 2025 11:59:46 AM PDT",18799999978,Order,111-7808347-4095299,BK-008347,Like New Field Guide,1,amazon.com,Seller,,,,MarketplaceFacilitator,11.99,0.84,3.99,0.28,0,0,0,0.00,0,-1.12,-3.60,0.00,0.00,0.00,12.38,Released,
"Sep 30, 2025 12:02:47 PM PDT",18799999978,Order,113-7108350-8224019,BK-008350,Retro Textbook,1,amazon.com,Seller,,,,MarketplaceFacilitator,9.99,0.70,3.99,0.28,0,0,0,0.00,0,-0.98,-3.30,0.00,0.00,0.00,10.68,Released,
"Sep 30, 2025 12:53:25 PM PDT",18799999978,Order,113-1208351-5718216,BK-008351,Lot of 2 Biography,1,amazon.com,Seller,,,,MarketplaceFacilitator,14.99,1.05,3.99,0.28,0,0,0,0.00,0,-1.33,-4.05,0.00,0.00,0.00,14.93,Released,
"Sep 30, 2025 2:23:31 PM PDT",18799999978,Order,113-3308344-3147887,BK-008344,Used Paperback Lot,1,amazon.com,Seller,,,,MarketplaceFacilitator,26.99,1.89,3.99,0.28,0,0,0,0.00,0,-2.17,-5.85,0.00,0.00,0.00,25.13,Released,
"Sep 30, 2025 2:26:35 PM PDT",18799999978,Order,111-4708349-9915693,BK-008349,Mid-Century Paperback Lot,1,amazon.com,Seller,,,,MarketplaceFacilitator,3.99,0.28,3.99,0.28,0,0,0,0.00,0,-0.56,-2.40,0.00,0.00,0.00,5.58,Released,
"Sep 30, 2025 3:17:17 PM PDT",18799999978,Order,113-7408336-8885658,BK-008336,Antique Field Guide,1,amazon.com,Seller,,,,MarketplaceFacilitator,28.99,2.03,3.99,0.28,0,0,0,0.00,0,-2.31,-6.15,0.00,0.00,0.00,26.83,Released,
"Sep 30, 2025 3:43:01 PM PDT",18799999978,Order,114-5808340-8532713,BK-008340,Antique Paperback Lot,1,amazon.com,Seller,,,,MarketplaceFacilitator,14.99,1.05,3.99,0.28,0,0,0,0.00,0,-1.33,-4.05,0.00,0.00,0.00,14.93,Released,
"Sep 30, 2025 3:56:42 PM PDT",18799999978,Order,113-0408325-8587401,BK-008325,Pre-owned Paperback Lot,1,amazon.com,Seller,,,,MarketplaceFacilitator,47.99,3.36,3.99,0.28,0,0,0,0.00,0,-3.64,-9.00,0.00,0.00,0.00,42.98,Released,
"Sep 30, 2025 5:28:18 PM PDT",18799999978,Order,112-3708327-6319829,BK-008327,Classic Paperback Lot,1,amazon.com,Seller,,,,MarketplaceFacilitator,12.99,0.91,3.99,0.28,0,0,0,0.00,0,-1.19,-3.75,0.00,0.00,0.00,13.23,Released,
"Sep 30, 2025 5:35:45 PM PDT",18799999978,Order,111-2908348-7737741,MD-008348,Retro Blu-ray Set,1,amazon.com,Seller,,,,MarketplaceFacilitator,7.99,0.56,3.99,0.28,0,0,0,0.00,0,-0.84,-3.00,0.00,0.00,0.00,8.98,Released,
"Sep 30, 2025 5:51:30 PM PDT",18799999978,Order,111-1508332-5388697,BK-008332,Lot of 2 Hardcover Novel,1,amazon.com,Seller,,,,MarketplaceFacilitator,7.99,0.56,3.99,0.28,0,0,0,0.00,0,-0.84,-3.00,0.00,0.00,0.00,8.98,Released,
"Sep 30, 2025 6:04:49 PM PDT",18799999978,Order,111-9208352-4758039,MD-008352,Mid-Century DVD Box Set,1,amazon.com,Seller,,,,MarketplaceFacilitator,33.99,2.38,3.99,0.28,0,0,0,0.00,0,-2.66,-6.90,0.00,0.00,0.00,31.08,Released,
"Sep 30, 2025 7:50:37 PM PDT",18799999978,Order,113-7908343-8208156,MD-008343,Mid-Century CD Lot,1,amazon.com,Seller,,,,MarketplaceFacilitator,12.99,0.91,3.99,0.28,0,0,0,0.00,0,-1.19,-3.75,0.00,0.00,0.00,13.23,Released,
"Sep 30, 2025 8:38:41 PM PDT",18799999978,Order,113-9208339-8582931,BK-008339,Mid-Century Textbook,1,amazon.com,Seller,,,,MarketplaceFacilitator,10.99,0.77,3.99,0.28,0,0,0,0.00,0,-1.05,-3.45,0.00,0.00,0.00,11.53,Released,
"Sep 30, 2025 8:40:32 PM PDT",18799999978,Order,111-2908346-3974202,BK-008346,Like New Biography,1,amazon.com,Seller,,,,MarketplaceFacilitator,28.99,2.03,3.99,0.28,0,0,0,0.00,0,-2.31,-6.15,0.00,0.00,0.00,26.83,Released,
