Channel,Channel Item ID,Channel Order ID,Upright Order ID,Upright Product ID,Quantity,Inventory Location,Product SKU,Product Title,Product Category,Supplier,Product Carrier,Order Shipping Method,Order Item Price,Order Item Subtotal,Order Ordered At,Order Paid At,Order Shipped At,Order Cancelled At,Order Payment Id,Order Payment Type,Order Total,Order Subtotal,Order Shipping Total,Order Handling Total,Order Final Value Fee,Order Payment Processing Fee,Refund Amount,Poster,Product Weight,Channel Buyer ID,Secondary Channel Order ID,Currency Code,Order Channel Fee Or Credit Amount
GoodwillBooks,GB-9783420008537,GWB-888537,UP-901351,UPP-808537,1,BIN-137,BK-008537,Retro Hardcover Novel,Books,,OSM Worldwide,OSM Worldwide,20.99,20.99,9/30/2025 10:40:58 PM,9/30/2025 10:40:58 PM,,,,Stripe,20.99,20.99,0.00,0.00,0.00,0.00,0.00,lister_B,2.7,gwb_reader_003811,,USD,3.15
Facebook Marketplace,FB-0008534,FB-0008534,UP-901348,UPP-808534,1,BIN-134,HB-008534,Antique Tote Bag,Handbags,,,Pickup,38.99,38.99,10/1/2025 2:31:24 AM,10/1/2025 2:31:24 AM,,,,Stripe,38.99,38.99,0.00,0.00,0.00,0.00,0.00,lister_B,2.4,,,USD,
GoodwillBooks,GB-9784870008543,GWB-888543,UP-901357,UPP-808543,1,BIN-143,BK-008543,Like New Textbook,Books,,USPS,USPS,8.99,8.99,10/1/2025 3:06:27 AM,10/1/2025 3:06:27 AM,10/1/2025 1:12:38 PM,,,Stripe,8.99,8.99,0.00,0.00,0.00,0.00,0.00,lister_D,3.3,gwb_reader_003842,,USD,1.35
Mercari,m00000008530,m00000008530,UP-901344,UPP-808530,1,BIN-130,HM-008530,Handmade Picture Frame Set,Home Decor,,USPS,USPS,23.99,23.99,10/1/2025 3:35:54 AM,10/1/2025 3:35:54 AM,10/1/2025 1:14:57 PM,,,Stripe,30.98,23.99,6.99,0.00,0.00,0.00,0.00,lister_D,2.0,mercari_003954,,USD,2.40
Facebook Marketplace,FB-0008525,FB-0008525,UP-901339,UPP-808525,1,BIN-125,HM-008525,Vintage Table Lamp,Home Decor,,,Pickup,21.99,21.99,10/1/2025 3:38:49 AM,10/1/2025 3:38:49 AM,,,,Stripe,21.99,21.99,0.00,0.00,0.00,0.00,0.00,lister_B,1.5,,,USD,
Facebook Marketplace,FB-0008528,FB-0008528,UP-901342,UPP-808528,1,BIN-128,HM-008528,Vintage Ceramic Vase,Home Decor,,,Pickup,14.99,14.99,10/1/2025 4:18:46 AM,10/1/2025 4:18:46 AM,,,,Stripe,14.99,14.99,0.00,0.00,0.00,0.00,0.00,lister_D,1.8,,,USD,
GoodwillBooks,GB-9782970008546,GWB-888546,UP-901360,UPP-808546,1,BIN-146,MD-008546,Mid-Century Audiobook,Media,,OSM Worldwide,OSM Worldwide,12.99,12.99,10/1/2025 4:33:40 AM,10/1/2025 4:33:40 AM,10/1/2025 9:29:14 AM,,,Stripe,12.99,12.99,0.00,0.00,0.00,0.00,0.00,lister_E,3.6,gwb_reader_003536,,USD,1.95
GoodwillBooks,GB-9788130008539,GWB-888539,UP-901353,UPP-808539,1,BIN-139,BK-008539,Like New Textbook,Books,,OSM Worldwide,OSM Worldwide,6.99,6.99,10/1/2025 5:57:57 AM,10/1/2025 5:57:57 AM,10/1/2025 9:13:15 AM,,,Stripe,6.99,6.99,0.00,0.00,0.00,0.00,0.00,lister_E,2.9,gwb_reader_003428,,USD,1.05
Mercari,m00000008524,m00000008524,UP-901338,UPP-808524,1,BIN-124,SH-008524,Lot of 2 Leather Boots,Shoes,,USPS,USPS,28.99,28.99,10/1/2025 6:33:49 AM,10/1/2025 6:33:49 AM,,,,Stripe,35.98,28.99,6.99,0.00,0.00,0.00,35.98,lister_E,1.4,mercari_003944,,USD,0.58
Facebook Marketplace,FB-0008536,FB-0008536,UP-901350,UPP-808536,1,BIN-136,CL-008536,Mid-Century Rain Jacket,Clothing,,,Pickup,21.99,21.99,10/1/2025 8:00:06 AM,10/1/2025 8:00:06 AM,,,,Stripe,21.99,21.99,0.00,0.00,0.00,0.00,0.00,lister_E,2.6,,,USD,
ShopGoodwill,210008412,SGW-7708412,UP-901336,UPP-808412,1,BIN-012,EL-008412,Vintage Game Console,Electronics,,FedEx,FedEx,53.00,53.00,10/1/2025 9:43:18 AM,10/1/2025 9:43:18 AM,10/1/2025 1:46:57 PM,,,Stripe,68.78,53.00,13.78,2.00,0.00,7.36,0.00,lister_E,2.2,sgw_bidder_000003,,USD,
Facebook Marketplace,FB-0008529,FB-0008529,UP-901343,UPP-808529,1,BIN-129,CL-008529,Used Silk Blouse,Clothing,,,Pickup,15.99,15.99,10/1/2025 9:46:13 AM,10/1/2025 9:46:13 AM,,,,Stripe,15.99,15.99,0.00,0.00,0.00,0.00,0.00,lister_B,1.9,,,USD,
Facebook Marketplace,FB-0008533,FB-0008533,UP-901347,UPP-808533,1,BIN-133,HM-008533,Mid-Century Picture Frame Set,Home Decor,,,Pickup,21.99,21.99,10/1/2025 10:43:19 AM,10/1/2025 10:43:19 AM,,,,Stripe,21.99,21.99,0.00,0.00,0.00,0.00,0.00,lister_F,2.3,,,USD,
GoodwillBooks,GB-9782170008545,GWB-888545,UP-901359,UPP-808545,1,BIN-145,MD-008545,Pre-owned CD Lot,Media,,OSM Worldwide,OSM Worldwide,9.99,9.99,10/1/2025 11:03:00 AM,10/1/2025 11:03:00 AM,10/1/2025 6:21:38 AM,,,Stripe,9.99,9.99,0.00,0.00,0.00,0.00,0.00,lister_D,3.5,gwb_reader_003541,,USD,1.50
eBay,310000008511,06-08511-54743,UP-901337,UPP-808511,1,BIN-111,SG-008511,Classic Golf Balls,Sporting Goods,,USPS,USPS,41.99,41.99,10/1/2025 12:35:18 PM,10/1/2025 12:35:18 PM,10/1/2025 1:20:53 PM,,PAY-8511,eBay Managed Payments,53.02,41.99,7.56,0.00,6.11,0.00,0.00,lister_B,4.1,ebuyer_002584,,USD,
Mercari,m00000008526,m00000008526,UP-901340,UPP-808526,1,BIN-126,HM-008526,Classic Brass Candlesticks,Home Decor,,USPS,USPS,13.99,13.99,10/1/2025 1:23:47 PM,10/1/2025 1:23:47 PM,10/1/2025 12:37:21 PM,,,Stripe,20.98,13.99,6.99,0.00,0.00,0.00,0.00,lister_E,1.6,mercari_004047,,USD,1.40
GoodwillBooks,GB-9788430008542,GWB-888542,UP-901356,UPP-808542,1,BIN-142,BK-008542,Like New Field Guide,Books,,USPS,USPS,19.99,19.99,10/1/2025 2:05:06 PM,10/1/2025 2:05:06 PM,10/1/2025 10:56:42 AM,,,Stripe,19.99,19.99,0.00,0.00,0.00,0.00,0.00,lister_F,3.2,gwb_reader_003825,,USD,3.00
GoodwillBooks,GB-9788460008538,GWB-888538,UP-901352,UPP-808538,1,BIN-138,BK-008538,Lot of 2 Poetry Collection,Books,,OSM Worldwide,OSM Worldwide,18.99,18.99,10/1/2025 3:31:06 PM,10/1/2025 3:31:06 PM,10/1/2025 7:02:30 AM,,,Stripe,18.99,18.99,0.00,0.00,0.00,0.00,18.99,lister_F,2.8,gwb_reader_003407,,USD,
GoodwillBooks,GB-9788280008547,GWB-888547,UP-901361,UPP-808547,1,BIN-147,MD-008547,Classic CD Lot,Media,,USPS,USPS,8.99,8.99,10/1/2025 6:16:29 PM,10/1/2025 6:16:29 PM,,,,Stripe,8.99,8.99,0.00,0.00,0.00,0.00,0.00,lister_C,3.7,gwb_reader_003400,,USD,1.35
GoodwillBooks,GB-9783870008541,GWB-888541,UP-901355,UPP-808541,1,BIN-141,BK-008541,Mid-Century Field Guide,Books,,OSM Worldwide,OSM Worldwide,11.99,11.99,10/1/2025 6:22:10 PM,10/1/2025 6:22:10 PM,10/1/2025 10:56:49 AM,,,Stripe,11.99,11.99,0.00,0.00,0.00,0.00,0.00,lister_C,3.1,gwb_reader_003823,,USD,1.80
GoodwillBooks,GB-9784980008540,GWB-888540,UP-901354,UPP-808540,1,BIN-140,BK-008540,Retro Textbook,Books,,USPS,USPS,9.99,9.99,10/1/2025 6:23:04 PM,10/1/2025 6:23:04 PM,10/1/2025 7:38:57 AM,,,Stripe,9.99,9.99,0.00,0.00,0.00,0.00,0.00,lister_E,3.0,gwb_reader_003426,,USD,1.50
Facebook Marketplace,FB-0008532,FB-0008532,UP-901346,UPP-808532,1,BIN-132,SH-008532,Vintage Running Shoes,Shoes,,,Pickup,34.99,34.99,10/1/2025 6:25:42 PM,10/1/2025 6:25:42 PM,,,,Stripe,34.99,34.99,0.00,0.00,0.00,0.00,0.00,lister_C,2.2,,,USD,
Facebook Marketplace,FB-0008527,FB-0008527,UP-901341,UPP-808527,1,BIN-127,SH-008527,Lot of 2 Running Shoes,Shoes,,,Pickup,24.99,24.99,10/1/2025 6:28:45 PM,10/1/2025 6:28:45 PM,,,,Stripe,24.99,24.99,0.00,0.00,0.00,0.00,0.00,lister_D,1.7,,,USD,
Facebook Marketplace,FB-0008531,FB-0008531,UP-901345,UPP-808531,1,BIN-131,FN-008531,Vintage Desk Chair,Furniture,,,Pickup,22.99,22.99,10/1/2025 8:18:07 PM,10/1/2025 8:18:07 PM,,,,Stripe,22.99,22.99,0.00,0.00,0.00,0.00,0.00,lister_E,2.1,,,USD,
GoodwillBooks,GB-9783970008544,GWB-888544,UP-901358,UPP-808544,1,BIN-144,BK-008544,Mid-Century Cookbook,Books,,OSM Worldwide,OSM Worldwide,14.99,14.99,10/1/2025 8:22:21 PM,10/1/2025 8:22:21 PM,,,,Stripe,14.99,14.99,0.00,0.00,0.00,0.00,0.00,lister_E,3.4,gwb_reader_003427,,USD,2.25
Facebook Marketplace,FB-0008535,FB-0008535,UP-901349,UPP-808535,1,BIN-135,SH-008535,Retro Leather Boots,Shoes,,,Pickup,33.99,33.99,10/1/2025 8:27:29 PM,10/1/2025 8:27:29 PM,,,,Stripe,33.99,33.99,0.00,0.00,0.00,0.00,0.00,lister_E,2.5,,,USD,
GoodwillBooks,GB-9788760008688,GWB-888688,UP-901380,UPP-808688,1,BIN-288,BK-008688,Vintage Cookbook,Books,,OSM Worldwide,OSM Worldwide,2.99,2.99,10/1/2025 10:14:55 PM,10/1/2025 10:14:55 PM,10/2/2025 8:48:12 AM,,,Stripe,2.99,2.99,0.00,0.00,0.00,0.00,0.00,lister_E,1.8,gwb_reader_003514,,USD,0.45
GoodwillBooks,GB-9781180008687,GWB-888687,UP-901379,UPP-808687,1,BIN-287,BK-008687,Classic Hardcover Novel,Books,,OSM Worldwide,OSM Worldwide,9.99,9.99,10/1/2025 11:06:27 PM,10/1/2025 11:06:27 PM,10/2/2025 10:10:31 AM,,,Stripe,9.99,9.99,0.00,0.00,0.00,0.00,0.00,lister_F,1.7,gwb_reader_003409,,USD,1.50
Facebook Marketplace,FB-0008677,FB-0008677,UP-901369,UPP-808677,1,BIN-277,FN-008677,Like New Bookshelf,Furniture,,,Pickup,22.99,22.99,10/2/2025 12:43:36 AM,10/2/2025 12:43:36 AM,,,,Stripe,22.99,22.99,0.00,0.00,0.00,0.00,0.00,lister_E,4.7,,,USD,
ShopGoodwill,210008562,SGW-7708562,UP-901362,UPP-808562,1,BIN-162,EL-008562,Handmade Turntable,Electronics,,USPS,USPS,120.00,120.00,10/2/2025 1:38:01 AM,10/2/2025 1:38:01 AM,,,,Stripe,129.41,120.00,7.41,2.00,0.00,15.88,0.00,lister_C,1.2,sgw_bidder_000532,,USD,
GoodwillBooks,GB-9783500008692,GWB-888692,UP-901384,UPP-808692,1,BIN-292,BK-008692,Used Paperback Lot,Books,,USPS,USPS,9.99,9.99,10/2/2025 1:40:30 AM,10/2/2025 1:40:30 AM,10/2/2025 9:14:14 AM,,,Stripe,9.99,9.99,0.00,0.00,0.00,0.00,0.00,lister_E,2.2,gwb_reader_003600,,USD,1.50
GoodwillBooks,GB-9780040008685,GWB-888685,UP-901377,UPP-808685,1,BIN-285,BK-008685,Classic Textbook,Books,,USPS,USPS,8.99,8.99,10/2/2025 1:58:32 AM,10/2/2025 1:58:32 AM,10/2/2025 6:03:06 AM,,,Stripe,8.99,8.99,0.00,0.00,0.00,0.00,0.00,lister_C,1.5,gwb_reader_003407,,USD,1.35
GoodwillBooks,GB-9787560008694,GWB-888694,UP-901386,UPP-808694,1,BIN-294,BK-008694,Antique Paperback Lot,Books,,OSM Worldwide,OSM Worldwide,10.99,10.99,10/2/2025 3:22:57 AM,10/2/2025 3:22:57 AM,,,,Stripe,10.99,10.99,0.00,0.00,0.00,0.00,0.00,lister_F,2.4,gwb_reader_003570,,USD,1.65
ShopGoodwill,210008586,SGW-7708586,UP-901363,UPP-808586,1,BIN-186,TY-008586,Pre-owned Puzzle 1000pc,Toys,,USPS,USPS,62.00,62.00,10/2/2025 6:53:59 AM,10/2/2025 6:53:59 AM,10/2/2025 11:22:09 AM,,,Stripe,71.01,62.00,7.01,2.00,0.00,8.33,0.00,lister_F,3.6,sgw_bidder_001827,,USD,
GoodwillBooks,GB-9782860008689,GWB-888689,UP-901381,UPP-808689,1,BIN-289,BK-008689,Classic Field Guide,Books,,OSM Worldwide,OSM Worldwide,18.99,18.99,10/2/2025 7:03:18 AM,10/2/2025 7:03:18 AM,10/2/2025 1:59:28 PM,,,Stripe,18.99,18.99,0.00,0.00,0.00,0.00,0.00,lister_F,1.9,gwb_reader_003848,,USD,2.85
GoodwillBooks,GB-9783950008683,GWB-888683,UP-901375,UPP-808683,1,BIN-283,BK-008683,Retro Cookbook,Books,,OSM Worldwide,OSM Worldwide,16.99,16.99,10/2/2025 7:56:09 AM,10/2/2025 7:56:09 AM,10/2/2025 7:37:00 AM,,,Stripe,16.99,16.99,0.00,0.00,0.00,0.00,0.00,lister_F,1.3,gwb_reader_003729,,USD,2.55
GoodwillBooks,GB-9789060008686,GWB-888686,UP-901378,UPP-808686,1,BIN-286,BK-008686,Retro Textbook,Books,,OSM Worldwide,OSM Worldwide,8.99,8.99,10/2/2025 8:44:08 AM,10/2/2025 8:44:08 AM,10/2/2025 9:16:36 AM,,,Stripe,8.99,8.99,0.00,0.00,0.00,0.00,0.00,lister_E,1.6,gwb_reader_003520,,USD,1.35
GoodwillBooks,GB-9784650008684,GWB-888684,UP-901376,UPP-808684,1,BIN-284,BK-008684,Handmade Paperback Lot,Books,,OSM Worldwide,OSM Worldwide,11.99,11.99,10/2/2025 8:58:09 AM,10/2/2025 8:58:09 AM,10/2/2025 7:38:46 AM,,,Stripe,11.99,11.99,0.00,0.00,0.00,0.00,0.00,lister_E,1.4,gwb_reader_003435,,USD,1.80
GoodwillBooks,GB-9788320008690,GWB-888690,UP-901382,UPP-808690,1,BIN-290,BK-008690,Like New Field Guide,Books,,OSM Worldwide,OSM Worldwide,11.99,11.99,10/2/2025 9:10:27 AM,10/2/2025 9:10:27 AM,,,,Stripe,11.99,11.99,0.00,0.00,0.00,0.00,0.00,lister_F,2.0,gwb_reader_004038,,USD,1.80
Mercari,m00000008676,m00000008676,UP-901368,UPP-808676,1,BIN-276,CL-008676,Mid-Century Cashmere Sweater,Clothing,,USPS,USPS,14.99,14.99,10/2/2025 9:53:00 AM,10/2/2025 9:53:00 AM,,,,Stripe,21.98,14.99,6.99,0.00,0.00,0.00,21.98,lister_E,4.6,mercari_003902,,USD,0.30
GoodwillBooks,GB-9788380008681,GWB-888681,UP-901373,UPP-808681,1,BIN-281,BK-008681,Antique Biography,Books,,USPS,USPS,10.99,10.99,10/2/2025 11:16:09 AM,10/2/2025 11:16:09 AM,10/2/2025 12:25:50 PM,,,Stripe,10.99,10.99,0.00,0.00,0.00,0.00,0.00,lister_B,1.1,gwb_reader_003448,,USD,1.65
Facebook Marketplace,FB-0008675,FB-0008675,UP-901367,UPP-808675,1,BIN-275,SH-008675,Like New Hiking Boots,Shoes,,,Pickup,32.99,32.99,10/2/2025 11:26:43 AM,10/2/2025 11:26:43 AM,,,,Stripe,32.99,32.99,0.00,0.00,0.00,0.00,0.00,lister_F,4.5,,,USD,
GoodwillBooks,GB-9787180008691,GWB-888691,UP-901383,UPP-808691,1,BIN-291,MD-008691,Like New Blu-ray Set,Media,,OSM Worldwide,OSM Worldwide,15.99,15.99,10/2/2025 11:28:41 AM,10/2/2025 11:28:41 AM,10/2/2025 1:43:42 PM,,,Stripe,15.99,15.99,0.00,0.00,0.00,0.00,0.00,lister_D,2.1,gwb_reader_003445,,USD,2.40
GoodwillBooks,GB-9789480008693,GWB-888693,UP-901385,UPP-808693,1,BIN-293,BK-008693,Vintage Field Guide,Books,,USPS,USPS,5.99,5.99,10/2/2025 1:11:02 PM,10/2/2025 1:11:02 PM,,,,Stripe,5.99,5.99,0.00,0.00,0.00,0.00,0.00,lister_A,2.3,gwb_reader_003627,,USD,0.90
Facebook Marketplace,FB-0008680,FB-0008680,UP-901372,UPP-808680,1,BIN-280,CL-008680,Used Denim Jacket,Clothing,,,Pickup,12.99,12.99,10/2/2025 2:34:47 PM,10/2/2025 2:34:47 PM,,,,Stripe,12.99,12.99,0.00,0.00,0.00,0.00,0.00,lister_A,1.0,,,USD,
Facebook Marketplace,FB-0008679,FB-0008679,UP-901371,UPP-808679,1,BIN-279,HB-008679,Antique Clutch,Handbags,,,Pickup,84.99,84.99,10/2/2025 2:51:16 PM,10/2/2025 2:51:16 PM,,,,Stripe,84.99,84.99,0.00,0.00,0.00,0.00,0.00,lister_C,4.9,,,USD,
GoodwillBooks,GB-9782660008682,GWB-888682,UP-901374,UPP-808682,1,BIN-282,BK-008682,Vintage Paperback Lot,Books,,OSM Worldwide,OSM Worldwide,6.99,6.99,10/2/2025 3:48:43 PM,10/2/2025 3:48:43 PM,,,,Stripe,6.99,6.99,0.00,0.00,0.00,0.00,0.00,lister_D,1.2,gwb_reader_003454,,USD,1.05
Facebook Marketplace,FB-0008678,FB-0008678,UP-901370,UPP-808678,1,BIN-278,FN-008678,Pre-owned Desk Chair,Furniture,,,Pickup,19.99,19.99,10/2/2025 4:20:10 PM,10/2/2025 4:20:10 PM,,,,Stripe,19.99,19.99,0.00,0.00,0.00,0.00,0.00,lister_B,4.8,,,USD,
Facebook Marketplace,FB-0008674,FB-0008674,UP-901366,UPP-808674,1,BIN-274,CL-008674,Vintage Rain Jacket,Clothing,,,Pickup,32.99,32.99,10/2/2025 5:21:53 PM,10/2/2025 5:21:53 PM,,,,Stripe,32.99,32.99,0.00,0.00,0.00,0.00,0.00,lister_F,4.4,,,USD,
ShopGoodwill,210008607,SGW-7708607,UP-901364,UPP-808607,1,BIN-207,CL-008607,Antique Cashmere Sweater,Clothing,,FedEx,FedEx,27.00,27.00,10/2/2025 5:31:06 PM,10/2/2025 5:31:06 PM,,,,Stripe,37.21,27.00,8.21,2.00,0.00,3.82,0.00,lister_E,1.7,sgw_bidder_002556,,USD,
Mercari,m00000008673,m00000008673,UP-901365,UPP-808673,1,BIN-273,HB-008673,Lot of 2 Tote Bag,Handbags,,USPS,USPS,14.99,14.99,10/2/2025 7:06:36 PM,10/2/2025 7:06:36 PM,10/2/2025 6:42:54 AM,,,Stripe,21.98,14.99,6.99,0.00,0.00,0.00,0.00,lister_E,4.3,mercari_004009,,USD,1.50
GoodwillBooks,GB-9783190008851,GWB-888851,UP-901402,UPP-808851,1,BIN-051,BK-008851,Vintage Biography,Books,,OSM Worldwide,OSM Worldwide,11.99,11.99,10/2/2025 9:39:28 PM,10/2/2025 9:39:28 PM,10/3/2025 9:53:53 AM,,,Stripe,11.99,11.99,0.00,0.00,0.00,0.00,0.00,lister_D,2.1,gwb_reader_004045,,USD,1.80
Facebook Marketplace,FB-0008845,FB-0008845,UP-901396,UPP-808845,1,BIN-045,SH-008845,Used Sandals,Shoes,,,Pickup,21.99,21.99,10/3/2025 1:10:00 AM,10/3/2025 1:10:00 AM,,,,Stripe,21.99,21.99,0.00,0.00,0.00,0.00,0.00,lister_B,1.5,,,USD,
Facebook Marketplace,FB-0008844,FB-0008844,UP-901395,UPP-808844,1,BIN-044,KT-008844,Antique Glass Pitcher,Kitchen,,,Pickup,27.99,27.99,10/3/2025 3:14:24 AM,10/3/2025 3:14:24 AM,,,,Stripe,27.99,27.99,0.00,0.00,0.00,0.00,0.00,lister_C,1.4,,,USD,
eBay,310000008831,25-08831-04597,UP-901387,UPP-808831,1,BIN-031,CO-008831,Like New Pewter Mug,Collectibles,,FedEx,FedEx,37.99,37.99,10/3/2025 3:37:15 AM,10/3/2025 3:37:15 AM,,,PAY-8831,eBay Managed Payments,40.65,37.99,0.00,0.00,5.57,0.00,0.00,lister_A,4.1,ebuyer_003095,,USD,
Facebook Marketplace,FB-0008846,FB-0008846,UP-901397,UPP-808846,1,BIN-046,KT-008846,Classic Cast Iron Skillet,Kitchen,,,Pickup,36.99,36.99,10/3/2025 5:57:26 AM,10/3/2025 5:57:26 AM,,,,Stripe,36.99,36.99,0.00,0.00,0.00,0.00,0.00,lister_A,1.6,,,USD,
GoodwillBooks,GB-9787110008848,GWB-888848,UP-901399,UPP-808848,1,BIN-048,BK-008848,Pre-owned Atlas,Books,,OSM Worldwide,OSM Worldwide,22.99,22.99,10/3/2025 6:08:53 AM,10/3/2025 6:08:53 AM,,,,Stripe,22.99,22.99,0.00,0.00,0.00,0.00,0.00,lister_D,1.8,gwb_reader_003409,,USD,3.45
GoodwillBooks,GB-9785490008859,GWB-888859,UP-901410,UPP-808859,1,BIN-059,BK-008859,Vintage Poetry Collection,Books,,USPS,USPS,10.99,10.99,10/3/2025 7:52:18 AM,10/3/2025 7:52:18 AM,10/3/2025 9:11:50 AM,,,Stripe,10.99,10.99,0.00,0.00,0.00,0.00,0.00,lister_C,2.9,gwb_reader_003501,,USD,1.65
Facebook Marketplace,FB-0008837,FB-0008837,UP-901388,UPP-808837,1,BIN-037,FN-008837,Mid-Century Patio Chair,Furniture,,,Pickup,65.99,65.99,10/3/2025 9:02:08 AM,10/3/2025 9:02:08 AM,,,,Stripe,65.99,65.99,0.00,0.00,0.00,0.00,0.00,lister_B,4.7,,,USD,
GoodwillBooks,GB-9780620008852,GWB-888852,UP-901403,UPP-808852,1,BIN-052,MD-008852,Like New Blu-ray Set,Media,,USPS,USPS,16.99,16.99,10/3/2025 11:19:39 AM,10/3/2025 11:19:39 AM,10/3/2025 11:04:04 AM,,,Stripe,16.99,16.99,0.00,0.00,0.00,0.00,0.00,lister_C,2.2,gwb_reader_003435,,USD,2.55
GoodwillBooks,GB-9785890008854,GWB-888854,UP-901405,UPP-808854,1,BIN-054,BK-008854,Retro Textbook,Books,,USPS,USPS,7.99,7.99,10/3/2025 12:00:54 PM,10/3/2025 12:00:54 PM,10/3/2025 1:33:59 PM,,,Stripe,7.99,7.99,0.00,0.00,0.00,0.00,0.00,lister_D,2.4,gwb_reader_003471,,USD,1.20
GoodwillBooks,GB-9780800008856,GWB-888856,UP-901407,UPP-808856,1,BIN-056,BK-008856,Classic Poetry Collection,Books,,USPS,USPS,7.99,7.99,10/3/2025 1:06:35 PM,10/3/2025 1:06:35 PM,10/3/2025 6:30:22 AM,,,Stripe,7.99,7.99,0.00,0.00,0.00,0.00,0.00,lister_E,2.6,gwb_reader_003478,,USD,1.20
GoodwillBooks,GB-9786140008855,GWB-888855,UP-901406,UPP-808855,1,BIN-055,BK-008855,Retro Paperback Lot,Books,,OSM Worldwide,OSM Worldwide,4.99,4.99,10/3/2025 1:44:23 PM,10/3/2025 1:44:23 PM,,,,Stripe,4.99,4.99,0.00,0.00,0.00,0.00,0.00,lister_F,2.5,gwb_reader_003908,,USD,0.75
Mercari,m00000008842,m00000008842,UP-901393,UPP-808842,1,BIN-042,CL-008842,Pre-owned Rain Jacket,Clothing,,USPS,USPS,35.99,35.99,10/3/2025 1:50:55 PM,10/3/2025 1:50:55 PM,10/3/2025 11:17:13 AM,,,Stripe,42.98,35.99,6.99,0.00,0.00,0.00,0.00,lister_F,1.2,mercari_003923,,USD,3.60
Facebook Marketplace,FB-0008841,FB-0008841,UP-901392,UPP-808841,1,BIN-041,CL-008841,Pre-owned Denim Jacket,Clothing,,,Pickup,24.99,24.99,10/3/2025 2:12:12 PM,10/3/2025 2:12:12 PM,,,,Stripe,24.99,24.99,0.00,0.00,0.00,0.00,0.00,lister_E,1.1,,,USD,
GoodwillBooks,GB-9780950008853,GWB-888853,UP-901404,UPP-808853,1,BIN-053,MD-008853,Antique DVD Box Set,Media,,USPS,USPS,10.99,10.99,10/3/2025 2:19:28 PM,10/3/2025 2:19:28 PM,10/3/2025 9:56:07 AM,,,Stripe,10.99,10.99,0.00,0.00,0.00,0.00,0.00,lister_A,2.3,gwb_reader_003504,,USD,1.65
Mercari,m00000008847,m00000008847,UP-901398,UPP-808847,1,BIN-047,HB-008847,Retro Clutch,Handbags,,USPS,USPS,26.99,26.99,10/3/2025 2:50:59 PM,10/3/2025 2:50:59 PM,10/3/2025 6:30:35 AM,,,Stripe,33.98,26.99,6.99,0.00,0.00,0.00,0.00,lister_A,1.7,mercari_003985,,USD,2.70
Facebook Marketplace,FB-0008843,FB-0008843,UP-901394,UPP-808843,1,BIN-043,FN-008843,Mid-Century Patio Chair,Furniture,,,Pickup,40.99,40.99,10/3/2025 4:20:07 PM,10/3/2025 4:20:07 PM,,,,Stripe,40.99,40.99,0.00,0.00,0.00,0.00,0.00,lister_A,1.3,,,USD,
Facebook Marketplace,FB-0008840,FB-0008840,UP-901391,UPP-808840,1,BIN-040,HM-008840,Pre-owned Mantel Clock,Home Decor,,,Pickup,32.99,32.99,10/3/2025 5:00:20 PM,10/3/2025 5:00:20 PM,,,,Stripe,32.99,32.99,0.00,0.00,0.00,0.00,0.00,lister_D,1.0,,,USD,
GoodwillBooks,GB-9785850008858,GWB-888858,UP-901409,UPP-808858,1,BIN-058,BK-008858,Used Atlas,Books,,OSM Worldwide,OSM Worldwide,15.99,15.99,10/3/2025 5:18:33 PM,10/3/2025 5:18:33 PM,10/3/2025 9:45:09 AM,,,Stripe,15.99,15.99,0.00,0.00,0.00,0.00,0.00,lister_A,2.8,gwb_reader_003639,,USD,2.40
GoodwillBooks,GB-9783500008850,GWB-888850,UP-901401,UPP-808850,1,BIN-050,BK-008850,Like New Atlas,Books,,OSM Worldwide,OSM Worldwide,13.99,13.99,10/3/2025 5:31:18 PM,10/3/2025 5:31:18 PM,10/3/2025 12:43:16 PM,,,Stripe,13.99,13.99,0.00,0.00,0.00,0.00,0.00,lister_B,2.0,gwb_reader_003426,,USD,2.10
GoodwillBooks,GB-9782070008857,GWB-888857,UP-901408,UPP-808857,1,BIN-057,BK-008857,Handmade Biography,Books,,OSM Worldwide,OSM Worldwide,14.99,14.99,10/3/2025 6:49:24 PM,10/3/2025 6:49:24 PM,10/3/2025 7:54:39 AM,,,Stripe,14.99,14.99,0.00,0.00,0.00,0.00,0.00,lister_D,2.7,gwb_reader_003971,,USD,2.25
Facebook Marketplace,FB-0008838,FB-0008838,UP-901389,UPP-808838,1,BIN-038,HB-008838,Pre-owned Clutch,Handbags,,,Pickup,15.99,15.99,10/3/2025 7:10:19 PM,10/3/2025 7:10:19 PM,,,,Stripe,15.99,15.99,0.00,0.00,0.00,0.00,0.00,lister_C,4.8,,,USD,
Facebook Marketplace,FB-0008839,FB-0008839,UP-901390,UPP-808839,1,BIN-039,CL-008839,Like New Silk Blouse,Clothing,,,Pickup,19.99,19.99,10/3/2025 8:01:19 PM,10/3/2025 8:01:19 PM,,,,Stripe,19.99,19.99,0.00,0.00,0.00,0.00,0.00,lister_A,4.9,,,USD,
GoodwillBooks,GB-9789160008849,GWB-888849,UP-901400,UPP-808849,1,BIN-049,BK-008849,Mid-Century Hardcover Novel,Books,,OSM Worldwide,OSM Worldwide,1.99,1.99,10/3/2025 8:39:11 PM,10/3/2025 8:39:11 PM,10/3/2025 10:57:36 AM,,,Stripe,1.99,1.99,0.00,0.00,0.00,0.00,0.00,lister_F,1.9,gwb_reader_003433,,USD,0.30
GoodwillBooks,GB-9784980009006,GWB-889006,UP-901417,UPP-809006,1,BIN-206,BK-009006,Vintage Cookbook,Books,,OSM Worldwide,OSM Worldwide,7.99,7.99,10/3/2025 10:43:48 PM,10/3/2025 10:43:48 PM,,,,Stripe,7.99,7.99,0.00,0.00,0.00,0.00,0.00,lister_E,1.6,gwb_reader_003984,,USD,1.20
GoodwillBooks,GB-9786260009012,GWB-889012,UP-901423,UPP-809012,1,BIN-212,BK-009012,Like New Poetry Collection,Books,,USPS,USPS,6.99,6.99,10/4/2025 12:23:02 AM,10/4/2025 12:23:02 AM,,,,Stripe,6.99,6.99,0.00,0.00,0.00,0.00,0.00,lister_F,2.2,gwb_reader_003411,,USD,1.05
ShopGoodwill,210008924,SGW-7708924,UP-901411,UPP-808924,1,BIN-124,JW-008924,Antique Charm Bracelet,Jewelry,,FedEx,FedEx,36.00,36.00,10/4/2025 2:57:24 AM,10/4/2025 2:57:24 AM,10/4/2025 7:16:48 AM,,,Stripe,45.20,36.00,7.20,2.00,0.00,4.96,0.00,lister_B,1.4,sgw_bidder_001325,,USD,
GoodwillBooks,GB-9783170009005,GWB-889005,UP-901416,UPP-809005,1,BIN-205,BK-009005,Like New Biography,Books,,USPS,USPS,2.99,2.99,10/4/2025 7:56:13 AM,10/4/2025 7:56:13 AM,10/4/2025 8:21:00 AM,,,Stripe,2.99,2.99,0.00,0.00,0.00,0.00,0.00,lister_D,1.5,gwb_reader_004000,,USD,0.45
Facebook Marketplace,FB-0009002,FB-0009002,UP-901413,UPP-809002,1,BIN-202,CL-009002,Like New Silk Blouse,Clothing,,,Pickup,4.99,4.99,10/4/2025 8:52:37 AM,10/4/2025 8:52:37 AM,,,,Stripe,4.99,4.99,0.00,0.00,0.00,0.00,0.00,lister_F,1.2,,,USD,
Facebook Marketplace,FB-0009001,FB-0009001,UP-901412,UPP-809001,1,BIN-201,SH-009001,Vintage Leather Boots,Shoes,,,Pickup,43.99,43.99,10/4/2025 11:17:41 AM,10/4/2025 11:17:41 AM,,,,Stripe,43.99,43.99,0.00,0.00,0.00,0.00,0.00,lister_F,1.1,,,USD,
GoodwillBooks,GB-9788640009009,GWB-889009,UP-901420,UPP-809009,1,BIN-209,MD-009009,Antique CD Lot,Media,,OSM Worldwide,OSM Worldwide,13.99,13.99,10/4/2025 12:29:48 PM,10/4/2025 12:29:48 PM,10/4/2025 9:25:07 AM,,,Stripe,13.99,13.99,0.00,0.00,0.00,0.00,0.00,lister_E,1.9,gwb_reader_003827,,USD,2.10
GoodwillBooks,GB-9788160009010,GWB-889010,UP-901421,UPP-809010,1,BIN-210,BK-009010,Lot of 2 Atlas,Books,,OSM Worldwide,OSM Worldwide,3.99,3.99,10/4/2025 1:27:14 PM,10/4/2025 1:27:14 PM,10/4/2025 7:48:02 AM,,,Stripe,3.99,3.99,0.00,0.00,0.00,0.00,0.00,lister_C,2.0,gwb_reader_003892,,USD,0.60
Facebook Marketplace,FB-0009003,FB-0009003,UP-901414,UPP-809003,1,BIN-203,FN-009003,Antique Desk Chair,Furniture,,,Pickup,30.99,30.99,10/4/2025 4:11:54 PM,10/4/2025 4:11:54 PM,,,,Stripe,30.99,30.99,0.00,0.00,0.00,0.00,0.00,lister_E,1.3,,,USD,
Facebook Marketplace,FB-0009004,FB-0009004,UP-901415,UPP-809004,1,BIN-204,CL-009004,Lot of 2 Silk Blouse,Clothing,,,Pickup,13.99,13.99,10/4/2025 4:52:43 PM,10/4/2025 4:52:43 PM,,,,Stripe,13.99,13.99,0.00,0.00,0.00,0.00,0.00,lister_B,1.4,,,USD,
GoodwillBooks,GB-9783560009008,GWB-889008,UP-901419,UPP-809008,1,BIN-208,BK-009008,Retro Cookbook,Books,,OSM Worldwide,OSM Worldwide,7.99,7.99,10/4/2025 6:03:39 PM,10/4/2025 6:03:39 PM,10/4/2025 7:25:54 AM,,,Stripe,7.99,7.99,0.00,0.00,0.00,0.00,0.00,lister_B,1.8,gwb_reader_003978,,USD,1.20
GoodwillBooks,GB-9782210009007,GWB-889007,UP-901418,UPP-809007,1,BIN-207,BK-009007,Mid-Century Atlas,Books,,OSM Worldwide,OSM Worldwide,10.99,10.99,10/4/2025 6:20:21 PM,10/4/2025 6:20:21 PM,,,,Stripe,10.99,10.99,0.00,0.00,0.00,0.00,0.00,lister_D,1.7,gwb_reader_003440,,USD,1.65
GoodwillBooks,GB-9781700009011,GWB-889011,UP-901422,UPP-809011,1,BIN-211,BK-009011,Like New Field Guide,Books,,OSM Worldwide,OSM Worldwide,4.99,4.99,10/4/2025 7:12:36 PM,10/4/2025 7:12:36 PM,,,,Stripe,4.99,4.99,0.00,0.00,0.00,0.00,0.00,lister_E,2.1,gwb_reader_003577,,USD,0.75
GoodwillBooks,GB-9785380009180,GWB-889180,UP-901438,UPP-809180,1,BIN-380,BK-009180,Retro Biography,Books,,OSM Worldwide,OSM Worldwide,6.99,6.99,10/4/2025 11:45:26 PM,10/4/2025 11:45:26 PM,10/5/2025 1:29:38 PM,,,Stripe,6.99,6.99,0.00,0.00,0.00,0.00,0.00,lister_B,3.0,gwb_reader_004017,,USD,1.05
GoodwillBooks,GB-9782840009177,GWB-889177,UP-901435,UPP-809177,1,BIN-377,BK-009177,Used Biography,Books,,OSM Worldwide,OSM Worldwide,25.99,25.99,10/5/2025 12:14:24 AM,10/5/2025 12:14:24 AM,,,,Stripe,25.99,25.99,0.00,0.00,0.00,0.00,0.00,lister_A,2.7,gwb_reader_003799,,USD,3.90
GoodwillBooks,GB-9789200009173,GWB-889173,UP-901431,UPP-809173,1,BIN-373,BK-009173,Vintage Hardcover Novel,Books,,USPS,USPS,11.99,11.99,10/5/2025 1:59:51 AM,10/5/2025 1:59:51 AM,10/5/2025 8:38:14 AM,,,Stripe,11.99,11.99,0.00,0.00,0.00,0.00,0.00,lister_E,2.3,gwb_reader_003438,,USD,1.80
Mercari,m00000009169,m00000009169,UP-901427,UPP-809169,1,BIN-369,SH-009169,Classic Loafers,Shoes,,USPS,USPS,42.99,42.99,10/5/2025 4:24:27 AM,10/5/2025 4:24:27 AM,,,,Stripe,49.98,42.99,6.99,0.00,0.00,0.00,0.00,lister_D,1.9,mercari_004031,,USD,4.30
GoodwillBooks,GB-9783280009176,GWB-889176,UP-901434,UPP-809176,1,BIN-376,MD-009176,Mid-Century DVD Box Set,Media,,OSM Worldwide,OSM Worldwide,22.99,22.99,10/5/2025 7:10:04 AM,10/5/2025 7:10:04 AM,10/5/2025 11:33:11 AM,,,Stripe,22.99,22.99,0.00,0.00,0.00,0.00,0.00,lister_B,2.6,gwb_reader_003421,,USD,3.45
GoodwillBooks,GB-9780340009179,GWB-889179,UP-901437,UPP-809179,1,BIN-379,BK-009179,Retro Field Guide,Books,,OSM Worldwide,OSM Worldwide,3.99,3.99,10/5/2025 7:22:46 AM,10/5/2025 7:22:46 AM,,,,Stripe,3.99,3.99,0.00,0.00,0.00,0.00,0.00,lister_C,2.9,gwb_reader_003410,,USD,0.60
Facebook Marketplace,FB-0009171,FB-0009171,UP-901429,UPP-809171,1,BIN-371,FN-009171,Mid-Century Side Table,Furniture,,,Pickup,28.99,28.99,10/5/2025 7:29:42 AM,10/5/2025 7:29:42 AM,,,,Stripe,28.99,28.99,0.00,0.00,0.00,0.00,0.00,lister_F,2.1,,,USD,
Facebook Marketplace,FB-0009170,FB-0009170,UP-901428,UPP-809170,1,BIN-370,KT-009170,Mid-Century Fondue Set,Kitchen,,,Pickup,18.99,18.99,10/5/2025 9:12:44 AM,10/5/2025 9:12:44 AM,,,,Stripe,18.99,18.99,0.00,0.00,0.00,0.00,0.00,lister_D,2.0,,,USD,
GoodwillBooks,GB-9780010009181,GWB-889181,UP-901439,UPP-809181,1,BIN-381,BK-009181,Handmade Poetry Collection,Books,,OSM Worldwide,OSM Worldwide,3.99,3.99,10/5/2025 1:20:04 PM,10/5/2025 1:20:04 PM,10/5/2025 10:50:58 AM,,,Stripe,3.99,3.99,0.00,0.00,0.00,0.00,0.00,lister_D,3.1,gwb_reader_003547,,USD,0.60
GoodwillBooks,GB-9785770009182,GWB-889182,UP-901440,UPP-809182,1,BIN-382,BK-009182,Used Cookbook,Books,,OSM Worldwide,OSM Worldwide,5.99,5.99,10/5/2025 1:25:00 PM,10/5/2025 1:25:00 PM,10/5/2025 1:26:59 PM,,,Stripe,5.99,5.99,0.00,0.00,0.00,0.00,0.00,lister_B,3.2,gwb_reader_003404,,USD,0.90
GoodwillBooks,GB-9786830009175,GWB-889175,UP-901433,UPP-809175,1,BIN-375,BK-009175,Lot of 2 Poetry Collection,Books,,USPS,USPS,8.99,8.99,10/5/2025 3:29:56 PM,10/5/2025 3:29:56 PM,10/5/2025 6:30:26 AM,,,Stripe,8.99,8.99,0.00,0.00,0.00,0.00,0.00,lister_D,2.5,gwb_reader_003427,,USD,1.35
GoodwillBooks,GB-9785310009178,GWB-889178,UP-901436,UPP-809178,1,BIN-378,BK-009178,Classic Cookbook,Books,,OSM Worldwide,OSM Worldwide,11.99,11.99,10/5/2025 3:34:40 PM,10/5/2025 3:34:40 PM,10/5/2025 10:01:28 AM,,,Stripe,11.99,11.99,0.00,0.00,0.00,0.00,0.00,lister_C,2.8,gwb_reader_003477,,USD,1.80
GoodwillBooks,GB-9789570009172,GWB-889172,UP-901430,UPP-809172,1,BIN-372,BK-009172,Pre-owned Textbook,Books,,OSM Worldwide,OSM Worldwide,3.99,3.99,10/5/2025 4:05:19 PM,10/5/2025 4:05:19 PM,10/5/2025 11:59:34 AM,,,Stripe,3.99,3.99,0.00,0.00,0.00,0.00,0.00,lister_D,2.2,gwb_reader_003985,,USD,0.60
ShopGoodwill,210009045,SGW-7709045,UP-901425,UPP-809045,1,BIN-245,HM-009045,Like New Table Lamp,Home Decor,,USPS,USPS,13.00,13.00,10/5/2025 4:56:07 PM,10/5/2025 4:56:07 PM,10/5/2025 9:23:24 AM,,,Stripe,27.98,13.00,12.98,2.00,0.00,2.14,0.00,lister_A,1.5,sgw_bidder_001109,,USD,
GoodwillBooks,GB-9787100009174,GWB-889174,UP-901432,UPP-809174,1,BIN-374,BK-009174,Vintage Biography,Books,,USPS,USPS,3.99,3.99,10/5/2025 5:00:47 PM,10/5/2025 5:00:47 PM,10/5/2025 12:23:55 PM,,,Stripe,3.99,3.99,0.00,0.00,0.00,0.00,0.00,lister_F,2.4,gwb_reader_003443,,USD,0.60
Facebook Marketplace,FB-0009168,FB-0009168,UP-901426,UPP-809168,1,BIN-368,HM-009168,Vintage Table Lamp,Home Decor,,,Pickup,22.99,22.99,10/5/2025 8:13:32 PM,10/5/2025 8:13:32 PM,,,,Stripe,22.99,22.99,0.00,0.00,0.00,0.00,0.00,lister_E,1.8,,,USD,
ShopGoodwill,210009033,SGW-7709033,UP-901424,UPP-809033,1,BIN-233,CL-009033,Vintage Cashmere Sweater,Clothing,,USPS,USPS,45.00,45.00,10/5/2025 8:55:27 PM,10/5/2025 8:55:27 PM,10/5/2025 9:42:34 AM,,,Stripe,50.88,45.00,3.88,2.00,0.00,6.03,0.00,lister_D,4.3,sgw_bidder_000896,,USD,
Facebook Marketplace,FB-0009293,FB-0009293,UP-901447,UPP-809293,1,BIN-093,CL-009293,Handmade Rain Jacket,Clothing,,,Pickup,18.99,18.99,10/5/2025 9:15:06 PM,10/5/2025 9:15:06 PM,,,,Stripe,18.99,18.99,0.00,0.00,0.00,0.00,0.00,lister_A,2.3,,,USD,
Facebook Marketplace,FB-0009292,FB-0009292,UP-901446,UPP-809292,1,BIN-092,CL-009292,Classic Flannel Shirt,Clothing,,,Pickup,34.99,34.99,10/5/2025 11:31:20 PM,10/5/2025 11:31:20 PM,,,,Stripe,34.99,34.99,0.00,0.00,0.00,0.00,0.00,lister_C,2.2,,,USD,
Facebook Marketplace,FB-0009294,FB-0009294,UP-901448,UPP-809294,1,BIN-094,SH-009294,Classic Loafers,Shoes,,,Pickup,49.99,49.99,10/5/2025 11:38:42 PM,10/5/2025 11:38:42 PM,,,,Stripe,49.99,49.99,0.00,0.00,0.00,0.00,0.00,lister_D,2.4,,,USD,
GoodwillBooks,GB-9789990009301,GWB-889301,UP-901455,UPP-809301,1,BIN-101,BK-009301,Vintage Paperback Lot,Books,,OSM Worldwide,OSM Worldwide,3.99,3.99,10/6/2025 3:16:44 AM,10/6/2025 3:16:44 AM,,,,Stripe,3.99,3.99,0.00,0.00,0.00,0.00,0.00,lister_E,3.1,gwb_reader_003428,,USD,0.60
ShopGoodwill,210009218,SGW-7709218,UP-901442,UPP-809218,1,BIN-018,JW-009218,Vintage Gold Tone Necklace,Jewelry,,USPS,USPS,26.00,26.00,10/6/2025 6:02:26 AM,10/6/2025 6:02:26 AM,,,,Stripe,40.37,26.00,12.37,2.00,0.00,3.81,0.00,lister_E,2.8,sgw_bidder_000344,,USD,
Mercari,m00000009290,m00000009290,UP-901444,UPP-809290,1,BIN-090,SH-009290,Like New Running Shoes,Shoes,,USPS,USPS,24.99,24.99,10/6/2025 6:10:17 AM,10/6/2025 6:10:17 AM,10/6/2025 10:11:21 AM,,,Stripe,31.98,24.99,6.99,0.00,0.00,0.00,0.00,lister_E,2.0,mercari_003902,,USD,2.50
Facebook Marketplace,FB-0009291,FB-0009291,UP-901445,UPP-809291,1,BIN-091,SH-009291,Retro Hiking Boots,Shoes,,,Pickup,28.99,28.99,10/6/2025 7:48:23 AM,10/6/2025 7:48:23 AM,,,,Stripe,28.99,28.99,0.00,0.00,0.00,0.00,0.00,lister_D,2.1,,,USD,
GoodwillBooks,GB-9781750009305,GWB-889305,UP-901459,UPP-809305,1,BIN-105,BK-009305,Retro Hardcover Novel,Books,,USPS,USPS,12.99,12.99,10/6/2025 8:44:56 AM,10/6/2025 8:44:56 AM,10/6/2025 9:58:09 AM,,,Stripe,12.99,12.99,0.00,0.00,0.00,0.00,0.00,lister_C,3.5,gwb_reader_003746,,USD,1.95
GoodwillBooks,GB-9786550009302,GWB-889302,UP-901456,UPP-809302,1,BIN-102,BK-009302,Classic Field Guide,Books,,USPS,USPS,3.99,3.99,10/6/2025 9:57:03 AM,10/6/2025 9:57:03 AM,,,,Stripe,3.99,3.99,0.00,0.00,0.00,0.00,0.00,lister_E,3.2,gwb_reader_003499,,USD,0.60
eBay,310000009279,10-09279-25041,UP-901443,UPP-809279,1,BIN-079,HB-009279,Antique Clutch,Handbags,,FedEx,FedEx,30.99,30.99,10/6/2025 10:17:55 AM,10/6/2025 10:17:55 AM,10/6/2025 12:34:57 PM,,PAY-9279,eBay Managed Payments,33.16,30.99,0.00,0.00,4.61,0.00,0.00,lister_B,4.9,ebuyer_002503,,USD,
GoodwillBooks,GB-9788480009303,GWB-889303,UP-901457,UPP-809303,1,BIN-103,MD-009303,Lot of 2 Audiobook,Media,,OSM Worldwide,OSM Worldwide,10.99,10.99,10/6/2025 10:36:30 AM,10/6/2025 10:36:30 AM,10/6/2025 7:19:42 AM,,,Stripe,10.99,10.99,0.00,0.00,0.00,0.00,0.00,lister_E,3.3,gwb_reader_003448,,USD,1.65
GoodwillBooks,GB-9785540009304,GWB-889304,UP-901458,UPP-809304,1,BIN-104,BK-009304,Handmade Poetry Collection,Books,,OSM Worldwide,OSM Worldwide,24.99,24.99,10/6/2025 11:13:41 AM,10/6/2025 11:13:41 AM,10/6/2025 11:07:31 AM,,,Stripe,24.99,24.99,0.00,0.00,0.00,0.00,0.00,lister_C,3.4,gwb_reader_003600,,USD,3.75
GoodwillBooks,GB-9782220009299,GWB-889299,UP-901453,UPP-809299,1,BIN-099,MD-009299,Lot of 2 Vinyl Record,Media,,OSM Worldwide,OSM Worldwide,11.99,11.99,10/6/2025 11:24:50 AM,10/6/2025 11:24:50 AM,,,,Stripe,11.99,11.99,0.00,0.00,0.00,0.00,0.00,lister_E,2.9,gwb_reader_003403,,USD,1.80
GoodwillBooks,GB-9782730009298,GWB-889298,UP-901452,UPP-809298,1,BIN-098,BK-009298,Retro Hardcover Novel,Books,,OSM Worldwide,OSM Worldwide,5.99,5.99,10/6/2025 12:35:10 PM,10/6/2025 12:35:10 PM,10/6/2025 10:58:52 AM,,,Stripe,5.99,5.99,0.00,0.00,0.00,0.00,0.00,lister_F,2.8,gwb_reader_003404,,USD,0.90
Facebook Marketplace,FB-0009296,FB-0009296,UP-901450,UPP-809296,1,BIN-096,SH-009296,Antique Running Shoes,Shoes,,,Pickup,21.99,21.99,10/6/2025 1:53:03 PM,10/6/2025 1:53:03 PM,,,,Stripe,21.99,21.99,0.00,0.00,0.00,0.00,0.00,lister_F,2.6,,,USD,
Mercari,m00000009295,m00000009295,UP-901449,UPP-809295,1,BIN-095,HM-009295,Like New Brass Candlesticks,Home Decor,,USPS,USPS,10.99,10.99,10/6/2025 5:29:43 PM,10/6/2025 5:29:43 PM,10/6/2025 11:38:24 AM,,,Stripe,17.98,10.99,6.99,0.00,0.00,0.00,0.00,lister_E,2.5,mercari_003917,,USD,1.10
ShopGoodwill,210009199,SGW-7709199,UP-901441,UPP-809199,1,BIN-399,SG-009199,Classic Yoga Mat,Sporting Goods,,USPS,USPS,42.00,42.00,10/6/2025 6:59:29 PM,10/6/2025 6:59:29 PM,10/6/2025 11:30:28 AM,,,Stripe,52.45,42.00,8.45,2.00,0.00,5.77,0.00,lister_C,4.9,sgw_bidder_000272,,USD,
GoodwillBooks,GB-9784110009300,GWB-889300,UP-901454,UPP-809300,1,BIN-100,BK-009300,Lot of 2 Poetry Collection,Books,,USPS,USPS,6.99,6.99,10/6/2025 7:42:44 PM,10/6/2025 7:42:44 PM,10/6/2025 6:40:12 AM,,,Stripe,6.99,6.99,0.00,0.00,0.00,0.00,6.99,lister_F,3.0,gwb_reader_003400,,USD,
Mercari,m00000009297,m00000009297,UP-901451,UPP-809297,1,BIN-097,CL-009297,Antique Denim Jacket,Clothing,,USPS,USPS,7.99,7.99,10/6/2025 7:57:18 PM,10/6/2025 7:57:18 PM,10/6/2025 12:54:36 PM,,,Stripe,14.98,7.99,6.99,0.00,0.00,0.00,0.00,lister_B,2.7,mercari_003903,,USD,0.80
GoodwillBooks,GB-9782600009431,GWB-889431,UP-901475,UPP-809431,1,BIN-231,BK-009431,Classic Hardcover Novel,Books,,USPS,USPS,12.99,12.99,10/7/2025 12:14:09 AM,10/7/2025 12:14:09 AM,10/7/2025 11:50:29 AM,,,Stripe,12.99,12.99,0.00,0.00,0.00,0.00,0.00,lister_F,4.1,gwb_reader_003618,,USD,1.95
eBay,310000009419,23-09419-52461,UP-901464,UPP-809419,1,BIN-219,KT-009419,Like New Glass Pitcher,Kitchen,,USPS,USPS,8.99,8.99,10/7/2025 1:16:12 AM,10/7/2025 1:16:12 AM,10/7/2025 11:29:47 AM,,PAY-9419,eBay Managed Payments,15.03,8.99,5.06,0.00,1.62,0.00,0.00,lister_F,2.9,ebuyer_002753,,USD,
GoodwillBooks,GB-9784510009429,GWB-889429,UP-901473,UPP-809429,1,BIN-229,BK-009429,Pre-owned Biography,Books,,USPS,USPS,18.99,18.99,10/7/2025 1:33:40 AM,10/7/2025 1:33:40 AM,,,,Stripe,18.99,18.99,0.00,0.00,0.00,0.00,0.00,lister_B,3.9,gwb_reader_003400,,USD,2.85
GoodwillBooks,GB-9783490009433,GWB-889433,UP-901477,UPP-809433,1,BIN-233,BK-009433,Antique Field Guide,Books,,USPS,USPS,8.99,8.99,10/7/2025 3:45:26 AM,10/7/2025 3:45:26 AM,10/7/2025 10:33:43 AM,,,Stripe,8.99,8.99,0.00,0.00,0.00,0.00,0.00,lister_B,4.3,gwb_reader_003436,,USD,1.35
GoodwillBooks,GB-9786230009428,GWB-889428,UP-901472,UPP-809428,1,BIN-228,MD-009428,Like New Blu-ray Set,Media,,OSM Worldwide,OSM Worldwide,6.99,6.99,10/7/2025 4:37:55 AM,10/7/2025 4:37:55 AM,10/7/2025 9:03:12 AM,,,Stripe,6.99,6.99,0.00,0.00,0.00,0.00,0.00,lister_A,3.8,gwb_reader_003408,,USD,1.05
eBay,310000009402,01-09402-31560,UP-901462,UPP-809402,1,BIN-202,HB-009402,Like New Crossbody Bag,Handbags,,USPS,USPS,36.99,36.99,10/7/2025 5:35:51 AM,10/7/2025 5:35:51 AM,10/7/2025 8:07:04 AM,,PAY-9402,eBay Managed Payments,45.73,36.99,5.75,0.00,5.43,0.00,0.00,lister_E,1.2,ebuyer_002539,,USD,
GoodwillBooks,GB-9787370009434,GWB-889434,UP-901478,UPP-809434,1,BIN-234,BK-009434,Antique Textbook,Books,,USPS,USPS,20.99,20.99,10/7/2025 10:00:23 AM,10/7/2025 10:00:23 AM,10/7/2025 9:35:15 AM,,,Stripe,20.99,20.99,0.00,0.00,0.00,0.00,0.00,lister_E,4.4,gwb_reader_003950,,USD,3.15
Facebook Marketplace,FB-0009421,FB-0009421,UP-901465,UPP-809421,1,BIN-221,SH-009421,Used Hiking Boots,Shoes,,,Pickup,32.99,32.99,10/7/2025 10:17:15 AM,10/7/2025 10:17:15 AM,,,,Stripe,32.99,32.99,0.00,0.00,0.00,0.00,0.00,lister_A,3.1,,,USD,
GoodwillBooks,GB-9781490009430,GWB-889430,UP-901474,UPP-809430,1,BIN-230,BK-009430,Vintage Textbook,Books,,USPS,USPS,11.99,11.99,10/7/2025 10:21:27 AM,10/7/2025 10:21:27 AM,10/7/2025 11:10:30 AM,,,Stripe,11.99,11.99,0.00,0.00,0.00,0.00,0.00,lister_F,4.0,gwb_reader_003829,,USD,1.80
eBay,310000009398,08-09398-79765,UP-901461,UPP-809398,1,BIN-198,CL-009398,Handmade Silk Blouse,Clothing,,USPS,USPS,15.99,15.99,10/7/2025 11:07:45 AM,10/7/2025 11:07:45 AM,10/7/2025 10:08:32 AM,,PAY-9398,eBay Managed Payments,21.59,15.99,4.19,0.00,2.57,0.00,0.00,lister_F,4.8,ebuyer_002850,,USD,
Facebook Marketplace,FB-0009424,FB-0009424,UP-901468,UPP-809424,1,BIN-224,SH-009424,Mid-Century Leather Boots,Shoes,,,Pickup,34.99,34.99,10/7/2025 11:40:34 AM,10/7/2025 11:40:34 AM,,,,Stripe,34.99,34.99,0.00,0.00,0.00,0.00,0.00,lister_C,3.4,,,USD,
GoodwillBooks,GB-9787100009427,GWB-889427,UP-901471,UPP-809427,1,BIN-227,BK-009427,Used Field Guide,Books,,OSM Worldwide,OSM Worldwide,4.99,4.99,10/7/2025 1:23:45 PM,10/7/2025 1:23:45 PM,10/7/2025 6:23:22 AM,,,Stripe,4.99,4.99,0.00,0.00,0.00,0.00,0.00,lister_C,3.7,gwb_reader_003456,,USD,0.75
ShopGoodwill,210009331,SGW-7709331,UP-901460,UPP-809331,1,BIN-131,CO-009331,Mid-Century Snow Globe,Collectibles,,USPS,USPS,16.00,16.00,10/7/2025 1:30:25 PM,10/7/2025 1:30:25 PM,10/7/2025 11:58:52 AM,,,Stripe,25.60,16.00,7.60,2.00,0.00,2.37,0.00,lister_C,2.1,sgw_bidder_001260,,USD,
Mercari,m00000009426,m00000009426,UP-901470,UPP-809426,1,BIN-226,KT-009426,Like New Stoneware Mugs,Kitchen,,USPS,USPS,21.99,21.99,10/7/2025 1:34:28 PM,10/7/2025 1:34:28 PM,10/7/2025 1:20:38 PM,,,Stripe,28.98,21.99,6.99,0.00,0.00,0.00,0.00,lister_B,3.6,mercari_003929,,USD,2.20
Mercari,m00000009425,m00000009425,UP-901469,UPP-809425,1,BIN-225,CL-009425,Classic Denim Jacket,Clothing,,USPS,USPS,15.99,15.99,10/7/2025 3:00:10 PM,10/7/2025 3:00:10 PM,,,,Stripe,22.98,15.99,6.99,0.00,0.00,0.00,0.00,lister_C,3.5,mercari_003902,,USD,1.60
Facebook Marketplace,FB-0009422,FB-0009422,UP-901466,UPP-809422,1,BIN-222,CL-009422,Handmade Silk Blouse,Clothing,,,Pickup,13.99,13.99,10/7/2025 3:08:44 PM,10/7/2025 3:08:44 PM,,,,Stripe,13.99,13.99,0.00,0.00,0.00,0.00,0.00,lister_A,3.2,,,USD,
GoodwillBooks,GB-9784240009432,GWB-889432,UP-901476,UPP-809432,1,BIN-232,BK-009432,Like New Paperback Lot,Books,,OSM Worldwide,OSM Worldwide,3.99,3.99,10/7/2025 5:36:22 PM,10/7/2025 5:36:22 PM,10/7/2025 6:21:56 AM,,,Stripe,3.99,3.99,0.00,0.00,0.00,0.00,0.00,lister_D,4.2,gwb_reader_003627,,USD,0.60
GoodwillBooks,GB-9788440009435,GWB-889435,UP-901479,UPP-809435,1,BIN-235,BK-009435,Antique Poetry Collection,Books,,USPS,USPS,10.99,10.99,10/7/2025 7:02:40 PM,10/7/2025 7:02:40 PM,10/7/2025 1:09:59 PM,,,Stripe,10.99,10.99,0.00,0.00,0.00,0.00,0.00,lister_E,4.5,gwb_reader_003447,,USD,1.65
Facebook Marketplace,FB-0009423,FB-0009423,UP-901467,UPP-809423,1,BIN-223,HB-009423,Like New Crossbody Bag,Handbags,,,Pickup,33.99,33.99,10/7/2025 7:10:09 PM,10/7/2025 7:10:09 PM,,,,Stripe,33.99,33.99,0.00,0.00,0.00,0.00,0.00,lister_D,3.3,,,USD,
eBay,310000009404,11-09404-45383,UP-901463,UPP-809404,1,BIN-204,EL-009404,Mid-Century Game Console,Electronics,,USPS,USPS,112.99,112.99,10/7/2025 7:29:54 PM,10/7/2025 7:29:54 PM,10/7/2025 7:14:26 AM,,PAY-9404,eBay Managed Payments,132.71,112.99,11.04,0.00,15.77,0.00,0.00,lister_B,1.4,ebuyer_003197,,USD,
GoodwillBooks,GB-9786820009597,GWB-889597,UP-901506,UPP-809597,1,BIN-397,BK-009597,Retro Paperback Lot,Books,,OSM Worldwide,OSM Worldwide,25.99,25.99,10/7/2025 9:31:13 PM,10/7/2025 9:31:13 PM,10/8/2025 11:06:00 AM,,,Stripe,25.99,25.99,0.00,0.00,0.00,0.00,0.00,lister_E,4.7,gwb_reader_003625,,USD,3.90
GoodwillBooks,GB-9787310009592,GWB-889592,UP-901501,UPP-809592,1,BIN-392,BK-009592,Classic Cookbook,Books,,OSM Worldwide,OSM Worldwide,5.99,5.99,10/8/2025 1:05:26 AM,10/8/2025 1:05:26 AM,10/8/2025 10:39:41 AM,,,Stripe,5.99,5.99,0.00,0.00,0.00,0.00,0.00,lister_B,4.2,gwb_reader_003989,,USD,0.90
Facebook Marketplace,FB-0009574,FB-0009574,UP-901483,UPP-809574,1,BIN-374,CL-009574,Antique Wool Coat,Clothing,,,Pickup,13.99,13.99,10/8/2025 2:25:59 AM,10/8/2025 2:25:59 AM,,,,Stripe,13.99,13.99,0.00,0.00,0.00,0.00,0.00,lister_C,2.4,,,USD,
GoodwillBooks,GB-9785870009594,GWB-889594,UP-901503,UPP-809594,1,BIN-394,BK-009594,Used Atlas,Books,,OSM Worldwide,OSM Worldwide,7.99,7.99,10/8/2025 3:12:53 AM,10/8/2025 3:12:53 AM,10/8/2025 1:20:50 PM,,,Stripe,7.99,7.99,0.00,0.00,0.00,0.00,0.00,lister_E,4.4,gwb_reader_003558,,USD,1.20
GoodwillBooks,GB-9785140009598,GWB-889598,UP-901507,UPP-809598,1,BIN-398,BK-009598,Like New Textbook,Books,,USPS,USPS,12.99,12.99,10/8/2025 4:10:49 AM,10/8/2025 4:10:49 AM,10/8/2025 11:51:37 AM,,,Stripe,12.99,12.99,0.00,0.00,0.00,0.00,0.00,lister_D,4.8,gwb_reader_003422,,USD,1.95
eBay,310000009564,09-09564-65515,UP-901481,UPP-809564,1,BIN-364,CL-009564,Classic Silk Blouse,Clothing,,USPS,USPS,10.99,10.99,10/8/2025 5:04:26 AM,10/8/2025 5:04:26 AM,10/8/2025 6:20:12 AM,,PAY-9564,eBay Managed Payments,22.29,10.99,9.84,0.00,1.89,0.00,0.00,lister_D,1.4,ebuyer_002516,,USD,
GoodwillBooks,GB-9785580009595,GWB-889595,UP-901504,UPP-809595,1,BIN-395,BK-009595,Pre-owned Textbook,Books,,OSM Worldwide,OSM Worldwide,12.99,12.99,10/8/2025 5:34:01 AM,10/8/2025 5:34:01 AM,,,,Stripe,12.99,12.99,0.00,0.00,0.00,0.00,0.00,lister_C,4.5,gwb_reader_003892,,USD,1.95
GoodwillBooks,GB-9788950009590,GWB-889590,UP-901499,UPP-809590,1,BIN-390,BK-009590,Antique Textbook,Books,,OSM Worldwide,OSM Worldwide,23.99,23.99,10/8/2025 6:07:16 AM,10/8/2025 6:07:16 AM,10/8/2025 12:22:10 PM,,,Stripe,23.99,23.99,0.00,0.00,0.00,0.00,0.00,lister_E,4.0,gwb_reader_003776,,USD,3.60
GoodwillBooks,GB-9787860009591,GWB-889591,UP-901500,UPP-809591,1,BIN-391,BK-009591,Used Poetry Collection,Books,,OSM Worldwide,OSM Worldwide,9.99,9.99,10/8/2025 6:07:31 AM,10/8/2025 6:07:31 AM,10/8/2025 9:03:15 AM,,,Stripe,9.99,9.99,0.00,0.00,0.00,0.00,0.00,lister_C,4.1,gwb_reader_003581,,USD,1.50
GoodwillBooks,GB-9788590009586,GWB-889586,UP-901495,UPP-809586,1,BIN-386,BK-009586,Vintage Poetry Collection,Books,,OSM Worldwide,OSM Worldwide,19.99,19.99,10/8/2025 7:01:37 AM,10/8/2025 7:01:37 AM,10/8/2025 10:44:05 AM,,,Stripe,19.99,19.99,0.00,0.00,0.00,0.00,0.00,lister_F,3.6,gwb_reader_003546,,USD,3.00
eBay,310000009563,21-09563-98259,UP-901480,UPP-809563,1,BIN-363,SH-009563,Classic Hiking Boots,Shoes,,USPS,USPS,36.99,36.99,10/8/2025 7:50:26 AM,10/8/2025 7:50:26 AM,10/8/2025 10:38:03 AM,,PAY-9563,eBay Managed Payments,39.58,36.99,0.00,0.00,5.43,0.00,0.00,lister_F,1.3,ebuyer_002526,,USD,
GoodwillBooks,GB-9782200009584,GWB-889584,UP-901493,UPP-809584,1,BIN-384,BK-009584,Vintage Poetry Collection,Books,,OSM Worldwide,OSM Worldwide,4.99,4.99,10/8/2025 7:58:46 AM,10/8/2025 7:58:46 AM,10/8/2025 9:41:19 AM,,,Stripe,4.99,4.99,0.00,0.00,0.00,0.00,0.00,lister_E,3.4,gwb_reader_003791,,USD,0.75
GoodwillBooks,GB-9789380009596,GWB-889596,UP-901505,UPP-809596,1,BIN-396,BK-009596,Retro Cookbook,Books,,USPS,USPS,13.99,13.99,10/8/2025 8:33:46 AM,10/8/2025 8:33:46 AM,,,,Stripe,13.99,13.99,0.00,0.00,0.00,0.00,0.00,lister_D,4.6,gwb_reader_003409,,USD,2.10
GoodwillBooks,GB-9787470009593,GWB-889593,UP-901502,UPP-809593,1,BIN-393,MD-009593,Handmade Vinyl Record,Media,,USPS,USPS,20.99,20.99,10/8/2025 10:20:00 AM,10/8/2025 10:20:00 AM,,,,Stripe,20.99,20.99,0.00,0.00,0.00,0.00,0.00,lister_A,4.3,gwb_reader_003536,,USD,3.15
GoodwillBooks,GB-9788950009599,GWB-889599,UP-901508,UPP-809599,1,BIN-399,BK-009599,Like New Field Guide,Books,,OSM Worldwide,OSM Worldwide,7.99,7.99,10/8/2025 10:26:03 AM,10/8/2025 10:26:03 AM,,,,Stripe,7.99,7.99,0.00,0.00,0.00,0.00,0.00,lister_C,4.9,gwb_reader_003422,,USD,1.20
Mercari,m00000009581,m00000009581,UP-901490,UPP-809581,1,BIN-381,SH-009581,Mid-Century Hiking Boots,Shoes,,USPS,USPS,41.99,41.99,10/8/2025 11:44:16 AM,10/8/2025 11:44:16 AM,10/8/2025 9:13:26 AM,,,Stripe,48.98,41.99,6.99,0.00,0.00,0.00,0.00,lister_B,3.1,mercari_003978,,USD,4.20
Facebook Marketplace,FB-0009578,FB-0009578,UP-901487,UPP-809578,1,BIN-378,CL-009578,Mid-Century Cashmere Sweater,Clothing,,,Pickup,8.99,8.99,10/8/2025 1:01:41 PM,10/8/2025 1:01:41 PM,,,,Stripe,8.99,8.99,0.00,0.00,0.00,0.00,0.00,lister_B,2.8,,,USD,
Facebook Marketplace,FB-0009577,FB-0009577,UP-901486,UPP-809577,1,BIN-377,CL-009577,Like New Wool Coat,Clothing,,,Pickup,14.99,14.99,10/8/2025 1:25:26 PM,10/8/2025 1:25:26 PM,,,,Stripe,14.99,14.99,0.00,0.00,0.00,0.00,14.99,lister_C,2.7,,,USD,
Mercari,m00000009576,m00000009576,UP-901485,UPP-809576,1,BIN-376,CL-009576,Used Denim Jacket,Clothing,,USPS,USPS,25.99,25.99,10/8/2025 2:39:05 PM,10/8/2025 2:39:05 PM,10/8/2025 6:35:15 AM,,,Stripe,32.98,25.99,6.99,0.00,0.00,0.00,0.00,lister_E,2.6,mercari_003943,,USD,2.60
Mercari,m00000009579,m00000009579,UP-901488,UPP-809579,1,BIN-379,CL-009579,Lot of 2 Flannel Shirt,Clothing,,USPS,USPS,19.99,19.99,10/8/2025 3:15:46 PM,10/8/2025 3:15:46 PM,,,,Stripe,26.98,19.99,6.99,0.00,0.00,0.00,0.00,lister_C,2.9,mercari_003924,,USD,2.00
GoodwillBooks,GB-9785580009588,GWB-889588,UP-901497,UPP-809588,1,BIN-388,BK-009588,Lot of 2 Biography,Books,,OSM Worldwide,OSM Worldwide,8.99,8.99,10/8/2025 4:20:44 PM,10/8/2025 4:20:44 PM,10/8/2025 8:10:35 AM,,,Stripe,8.99,8.99,0.00,0.00,0.00,0.00,0.00,lister_B,3.8,gwb_reader_003471,,USD,1.35
Facebook Marketplace,FB-0009580,FB-0009580,UP-901489,UPP-809580,1,BIN-380,FN-009580,Pre-owned Patio Chair,Furniture,,,Pickup,18.99,18.99,10/8/2025 4:31:36 PM,10/8/2025 4:31:36 PM,,,,Stripe,18.99,18.99,0.00,0.00,0.00,0.00,0.00,lister_F,3.0,,,USD,
GoodwillBooks,GB-9782230009589,GWB-889589,UP-901498,UPP-809589,1,BIN-389,BK-009589,Retro Textbook,Books,,USPS,USPS,7.99,7.99,10/8/2025 4:36:26 PM,10/8/2025 4:36:26 PM,10/8/2025 11:35:13 AM,,,Stripe,7.99,7.99,0.00,0.00,0.00,0.00,0.00,lister_E,3.9,gwb_reader_003417,,USD,1.20
Facebook Marketplace,FB-0009575,FB-0009575,UP-901484,UPP-809575,1,BIN-375,CL-009575,Pre-owned Denim Jacket,Clothing,,,Pickup,27.99,27.99,10/8/2025 6:11:11 PM,10/8/2025 6:11:11 PM,,,,Stripe,27.99,27.99,0.00,0.00,0.00,0.00,0.00,lister_D,2.5,,,USD,
Mercari,m00000009583,m00000009583,UP-901492,UPP-809583,1,BIN-383,FN-009583,Like New Side Table,Furniture,,USPS,USPS,5.99,5.99,10/8/2025 6:15:30 PM,10/8/2025 6:15:30 PM,,,,Stripe,12.98,5.99,6.99,0.00,0.00,0.00,0.00,lister_E,3.3,mercari_003907,,USD,0.60
GoodwillBooks,GB-9788320009585,GWB-889585,UP-901494,UPP-809585,1,BIN-385,BK-009585,Lot of 2 Cookbook,Books,,OSM Worldwide,OSM Worldwide,10.99,10.99,10/8/2025 7:33:01 PM,10/8/2025 7:33:01 PM,10/8/2025 7:56:45 AM,,,Stripe,10.99,10.99,0.00,0.00,0.00,0.00,0.00,lister_B,3.5,gwb_reader_003466,,USD,1.65
Facebook Marketplace,FB-0009573,FB-0009573,UP-901482,UPP-809573,1,BIN-373,SH-009573,Used Leather Boots,Shoes,,,Pickup,34.99,34.99,10/8/2025 8:04:31 PM,10/8/2025 8:04:31 PM,,,,Stripe,34.99,34.99,0.00,0.00,0.00,0.00,34.99,lister_F,2.3,,,USD,
GoodwillBooks,GB-9780250009587,GWB-889587,UP-901496,UPP-809587,1,BIN-387,BK-009587,Retro Atlas,Books,,OSM Worldwide,OSM Worldwide,9.99,9.99,10/8/2025 8:42:28 PM,10/8/2025 8:42:28 PM,10/8/2025 12:16:36 PM,,,Stripe,9.99,9.99,0.00,0.00,0.00,0.00,0.00,lister_D,3.7,gwb_reader_003570,,USD,1.50
Mercari,m00000009582,m00000009582,UP-901491,UPP-809582,1,BIN-382,FN-009582,Like New Side Table,Furniture,,USPS,USPS,14.99,14.99,10/8/2025 8:46:33 PM,10/8/2025 8:46:33 PM,10/8/2025 11:44:42 AM,,,Stripe,21.98,14.99,6.99,0.00,0.00,0.00,0.00,lister_A,3.2,mercari_004036,,USD,1.50
GoodwillBooks,GB-9789040009745,GWB-889745,UP-901526,UPP-809745,1,BIN-145,BK-009745,Used Atlas,Books,,USPS,USPS,5.99,5.99,10/9/2025 3:29:29 AM,10/9/2025 3:29:29 AM,10/9/2025 9:23:44 AM,,,Stripe,5.99,5.99,0.00,0.00,0.00,0.00,0.00,lister_A,3.5,gwb_reader_003741,,USD,0.90
Facebook Marketplace,FB-0009731,FB-0009731,UP-901512,UPP-809731,1,BIN-131,CL-009731,Like New Cashmere Sweater,Clothing,,,Pickup,24.99,24.99,10/9/2025 6:07:55 AM,10/9/2025 6:07:55 AM,,,,Stripe,24.99,24.99,0.00,0.00,0.00,0.00,0.00,lister_B,2.1,,,USD,
Facebook Marketplace,FB-0009738,FB-0009738,UP-901519,UPP-809738,1,BIN-138,SH-009738,Mid-Century Hiking Boots,Shoes,,,Pickup,24.99,24.99,10/9/2025 6:30:31 AM,10/9/2025 6:30:31 AM,,,,Stripe,24.99,24.99,0.00,0.00,0.00,0.00,0.00,lister_E,2.8,,,USD,
Facebook Marketplace,FB-0009730,FB-0009730,UP-901511,UPP-809730,1,BIN-130,HM-009730,Vintage Brass Candlesticks,Home Decor,,,Pickup,33.99,33.99,10/9/2025 6:39:11 AM,10/9/2025 6:39:11 AM,,,,Stripe,33.99,33.99,0.00,0.00,0.00,0.00,0.00,lister_D,2.0,,,USD,
GoodwillBooks,GB-9784480009744,GWB-889744,UP-901525,UPP-809744,1,BIN-144,BK-009744,Mid-Century Cookbook,Books,,OSM Worldwide,OSM Worldwide,9.99,9.99,10/9/2025 8:05:12 AM,10/9/2025 8:05:12 AM,10/9/2025 6:26:31 AM,,,Stripe,9.99,9.99,0.00,0.00,0.00,0.00,0.00,lister_C,3.4,gwb_reader_003400,,USD,1.50
GoodwillBooks,GB-9786170009749,GWB-889749,UP-901530,UPP-809749,1,BIN-149,BK-009749,Mid-Century Textbook,Books,,OSM Worldwide,OSM Worldwide,18.99,18.99,10/9/2025 8:58:44 AM,10/9/2025 8:58:44 AM,,,,Stripe,18.99,18.99,0.00,0.00,0.00,0.00,0.00,lister_B,3.9,gwb_reader_003582,,USD,2.85
Facebook Marketplace,FB-0009737,FB-0009737,UP-901518,UPP-809737,1,BIN-137,FN-009737,Lot of 2 Bookshelf,Furniture,,,Pickup,138.99,138.99,10/9/2025 9:40:33 AM,10/9/2025 9:40:33 AM,,,,Stripe,138.99,138.99,0.00,0.00,0.00,0.00,0.00,lister_F,2.7,,,USD,
GoodwillBooks,GB-9780000009742,GWB-889742,UP-901523,UPP-809742,1,BIN-142,BK-009742,Lot of 2 Textbook,Books,,OSM Worldwide,OSM Worldwide,5.99,5.99,10/9/2025 10:44:10 AM,10/9/2025 10:44:10 AM,,,,Stripe,5.99,5.99,0.00,0.00,0.00,0.00,0.00,lister_A,3.2,gwb_reader_003402,,USD,0.90
GoodwillBooks,GB-9783930009743,GWB-889743,UP-901524,UPP-809743,1,BIN-143,BK-009743,Pre-owned Poetry Collection,Books,,OSM Worldwide,OSM Worldwide,4.99,4.99,10/9/2025 11:31:42 AM,10/9/2025 11:31:42 AM,10/9/2025 7:42:28 AM,,,Stripe,4.99,4.99,0.00,0.00,0.00,0.00,0.00,lister_E,3.3,gwb_reader_003882,,USD,0.75
Mercari,m00000009740,m00000009740,UP-901521,UPP-809740,1,BIN-140,FN-009740,Antique Bookshelf,Furniture,,USPS,USPS,25.99,25.99,10/9/2025 12:22:32 PM,10/9/2025 12:22:32 PM,10/9/2025 1:16:38 PM,,,Stripe,32.98,25.99,6.99,0.00,0.00,0.00,0.00,lister_F,3.0,mercari_003903,,USD,2.60
GoodwillBooks,GB-9788840009746,GWB-889746,UP-901527,UPP-809746,1,BIN-146,BK-009746,Used Atlas,Books,,USPS,USPS,2.99,2.99,10/9/2025 12:42:44 PM,10/9/2025 12:42:44 PM,10/9/2025 6:35:55 AM,,,Stripe,2.99,2.99,0.00,0.00,0.00,0.00,0.00,lister_C,3.6,gwb_reader_003758,,USD,0.45
Mercari,m00000009734,m00000009734,UP-901515,UPP-809734,1,BIN-134,SH-009734,Handmade Loafers,Shoes,,USPS,USPS,24.99,24.99,10/9/2025 1:05:14 PM,10/9/2025 1:05:14 PM,,,,Stripe,31.98,24.99,6.99,0.00,0.00,0.00,0.00,lister_D,2.4,mercari_003955,,USD,2.50
GoodwillBooks,GB-9783310009751,GWB-889751,UP-901532,UPP-809751,1,BIN-151,BK-009751,Mid-Century Field Guide,Books,,USPS,USPS,10.99,10.99,10/9/2025 1:18:47 PM,10/9/2025 1:18:47 PM,10/9/2025 1:04:09 PM,,,Stripe,10.99,10.99,0.00,0.00,0.00,0.00,0.00,lister_B,4.1,gwb_reader_003538,,USD,1.65
Mercari,m00000009736,m00000009736,UP-901517,UPP-809736,1,BIN-136,FN-009736,Classic Bookshelf,Furniture,,USPS,USPS,28.99,28.99,10/9/2025 1:28:48 PM,10/9/2025 1:28:48 PM,10/9/2025 1:17:55 PM,,,Stripe,35.98,28.99,6.99,0.00,0.00,0.00,0.00,lister_F,2.6,mercari_003921,,USD,2.90
GoodwillBooks,GB-9781630009750,GWB-889750,UP-901531,UPP-809750,1,BIN-150,BK-009750,Pre-owned Poetry Collection,Books,,OSM Worldwide,OSM Worldwide,4.99,4.99,10/9/2025 2:27:36 PM,10/9/2025 2:27:36 PM,10/9/2025 1:59:10 PM,,,Stripe,4.99,4.99,0.00,0.00,0.00,0.00,0.00,lister_B,4.0,gwb_reader_003789,,USD,0.75
Facebook Marketplace,FB-0009739,FB-0009739,UP-901520,UPP-809739,1,BIN-139,KT-009739,Used Pyrex Bowl,Kitchen,,,Pickup,19.99,19.99,10/9/2025 5:50:51 PM,10/9/2025 5:50:51 PM,,,,Stripe,19.99,19.99,0.00,0.00,0.00,0.00,0.00,lister_E,2.9,,,USD,
GoodwillBooks,GB-9783440009748,GWB-889748,UP-901529,UPP-809748,1,BIN-148,MD-009748,Retro Vinyl Record,Media,,OSM Worldwide,OSM Worldwide,11.99,11.99,10/9/2025 7:05:45 PM,10/9/2025 7:05:45 PM,10/9/2025 6:00:15 AM,,,Stripe,11.99,11.99,0.00,0.00,0.00,0.00,0.00,lister_E,3.8,gwb_reader_003898,,USD,1.80
Mercari,m00000009732,m00000009732,UP-901513,UPP-809732,1,BIN-132,HB-009732,Lot of 2 Clutch,Handbags,,USPS,USPS,31.99,31.99,10/9/2025 7:25:25 PM,10/9/2025 7:25:25 PM,,,,Stripe,38.98,31.99,6.99,0.00,0.00,0.00,0.00,lister_E,2.2,mercari_003905,,USD,3.20
Facebook Marketplace,FB-0009735,FB-0009735,UP-901516,UPP-809735,1,BIN-135,CL-009735,Used Silk Blouse,Clothing,,,Pickup,10.99,10.99,10/9/2025 7:36:40 PM,10/9/2025 7:36:40 PM,,,,Stripe,10.99,10.99,0.00,0.00,0.00,0.00,0.00,lister_D,2.5,,,USD,
Mercari,m00000009729,m00000009729,UP-901510,UPP-809729,1,BIN-129,KT-009729,Lot of 2 Stoneware Mugs,Kitchen,,USPS,USPS,12.99,12.99,10/9/2025 8:04:25 PM,10/9/2025 8:04:25 PM,10/9/2025 8:01:15 AM,,,Stripe,19.98,12.99,6.99,0.00,0.00,0.00,0.00,lister_D,1.9,mercari_003924,,USD,1.30
GoodwillBooks,GB-9789990009747,GWB-889747,UP-901528,UPP-809747,1,BIN-147,BK-009747,Mid-Century Poetry Collection,Books,,OSM Worldwide,OSM Worldwide,10.99,10.99,10/9/2025 8:04:47 PM,10/9/2025 8:04:47 PM,10/9/2025 7:00:52 AM,,,Stripe,10.99,10.99,0.00,0.00,0.00,0.00,0.00,lister_E,3.7,gwb_reader_003461,,USD,1.65
eBay,310000009720,10-09720-18919,UP-901509,UPP-809720,1,BIN-120,EL-009720,Lot of 2 Game Console,Electronics,,USPS,USPS,40.99,40.99,10/9/2025 8:09:24 PM,10/9/2025 8:09:24 PM,10/9/2025 1:53:06 PM,,PAY-9720,eBay Managed Payments,43.86,40.99,0.00,0.00,5.97,0.00,0.00,lister_F,1.0,ebuyer_003132,,USD,
GoodwillBooks,GB-9787280009741,GWB-889741,UP-901522,UPP-809741,1,BIN-141,BK-009741,Handmade Hardcover Novel,Books,,OSM Worldwide,OSM Worldwide,3.99,3.99,10/9/2025 8:15:21 PM,10/9/2025 8:15:21 PM,,,,Stripe,3.99,3.99,0.00,0.00,0.00,0.00,0.00,lister_E,3.1,gwb_reader_003682,,USD,0.60
Facebook Marketplace,FB-0009733,FB-0009733,UP-901514,UPP-809733,1,BIN-133,HB-009733,Mid-Century Tote Bag,Handbags,,,Pickup,23.99,23.99,10/9/2025 8:24:52 PM,10/9/2025 8:24:52 PM,,,,Stripe,23.99,23.99,0.00,0.00,0.00,0.00,0.00,lister_B,2.3,,,USD,
Facebook Marketplace,FB-0009879,FB-0009879,UP-901539,UPP-809879,1,BIN-279,HB-009879,Vintage Crossbody Bag,Handbags,,,Pickup,22.99,22.99,10/9/2025 11:05:01 PM,10/9/2025 11:05:01 PM,,,,Stripe,22.99,22.99,0.00,0.00,0.00,0.00,0.00,lister_B,4.9,,,USD,
GoodwillBooks,GB-9788430009902,GWB-889902,UP-901562,UPP-809902,1,BIN-302,BK-009902,Handmade Atlas,Books,,OSM Worldwide,OSM Worldwide,10.99,10.99,10/10/2025 5:21:25 AM,10/10/2025 5:21:25 AM,10/10/2025 6:14:06 AM,,,Stripe,10.99,10.99,0.00,0.00,0.00,0.00,0.00,lister_C,3.2,gwb_reader_003410,,USD,1.65
GoodwillBooks,GB-9783040009898,GWB-889898,UP-901558,UPP-809898,1,BIN-298,BK-009898,Used Biography,Books,,USPS,USPS,6.99,6.99,10/10/2025 5:35:46 AM,10/10/2025 5:35:46 AM,10/10/2025 1:27:01 PM,,,Stripe,6.99,6.99,0.00,0.00,0.00,0.00,0.00,lister_D,2.8,gwb_reader_003435,,USD,1.05
eBay,310000009875,22-09875-48728,UP-901536,UPP-809875,1,BIN-275,HB-009875,Mid-Century Clutch,Handbags,,USPS,USPS,14.99,14.99,10/10/2025 6:27:11 AM,10/10/2025 6:27:11 AM,10/10/2025 9:08:29 AM,,PAY-9875,eBay Managed Payments,23.71,14.99,7.17,0.00,2.44,0.00,0.00,lister_D,4.5,ebuyer_003292,,USD,
eBay,310000009865,19-09865-26952,UP-901534,UPP-809865,1,BIN-265,CL-009865,Pre-owned Rain Jacket,Clothing,,USPS,USPS,19.99,19.99,10/10/2025 7:09:48 AM,10/10/2025 7:09:48 AM,10/10/2025 8:35:03 AM,,PAY-9865,eBay Managed Payments,21.39,19.99,0.00,0.00,3.12,0.00,0.00,lister_D,3.5,ebuyer_002745,,USD,
GoodwillBooks,GB-9787220009890,GWB-889890,UP-901550,UPP-809890,1,BIN-290,BK-009890,Classic Poetry Collection,Books,,OSM Worldwide,OSM Worldwide,2.99,2.99,10/10/2025 7:53:47 AM,10/10/2025 7:53:47 AM,10/10/2025 8:35:36 AM,,,Stripe,2.99,2.99,0.00,0.00,0.00,0.00,0.00,lister_F,2.0,gwb_reader_003608,,USD,0.45
Facebook Marketplace,FB-0009878,FB-0009878,UP-901538,UPP-809878,1,BIN-278,FN-009878,Vintage Bookshelf,Furniture,,,Pickup,29.99,29.99,10/10/2025 9:02:16 AM,10/10/2025 9:02:16 AM,,,,Stripe,29.99,29.99,0.00,0.00,0.00,0.00,0.00,lister_A,4.8,,,USD,
GoodwillBooks,GB-9788370009897,GWB-889897,UP-901557,UPP-809897,1,BIN-297,BK-009897,Retro Hardcover Novel,Books,,OSM Worldwide,OSM Worldwide,15.99,15.99,10/10/2025 9:43:06 AM,10/10/2025 9:43:06 AM,10/10/2025 10:43:46 AM,,,Stripe,15.99,15.99,0.00,0.00,0.00,0.00,0.00,lister_B,2.7,gwb_reader_003937,,USD,2.40
Facebook Marketplace,FB-0009885,FB-0009885,UP-901545,UPP-809885,1,BIN-285,FN-009885,Handmade Patio Chair,Furniture,,,Pickup,18.99,18.99,10/10/2025 9:45:23 AM,10/10/2025 9:45:23 AM,,,,Stripe,18.99,18.99,0.00,0.00,0.00,0.00,0.00,lister_D,1.5,,,USD,
Facebook Marketplace,FB-0009883,FB-0009883,UP-901543,UPP-809883,1,BIN-283,HM-009883,Classic Brass Candlesticks,Home Decor,,,Pickup,11.99,11.99,10/10/2025 10:46:53 AM,10/10/2025 10:46:53 AM,,,,Stripe,11.99,11.99,0.00,0.00,0.00,0.00,0.00,lister_D,1.3,,,USD,
GoodwillBooks,GB-9780670009894,GWB-889894,UP-901554,UPP-809894,1,BIN-294,BK-009894,Vintage Cookbook,Books,,OSM Worldwide,OSM Worldwide,8.99,8.99,10/10/2025 11:24:37 AM,10/10/2025 11:24:37 AM,10/10/2025 7:21:22 AM,,,Stripe,8.99,8.99,0.00,0.00,0.00,0.00,0.00,lister_D,2.4,gwb_reader_003619,,USD,1.35
GoodwillBooks,GB-9781480009900,GWB-889900,UP-901560,UPP-809900,1,BIN-300,MD-009900,Retro DVD Box Set,Media,,OSM Worldwide,OSM Worldwide,6.99,6.99,10/10/2025 11:43:13 AM,10/10/2025 11:43:13 AM,,,,Stripe,6.99,6.99,0.00,0.00,0.00,0.00,0.00,lister_F,3.0,gwb_reader_003453,,USD,1.05
Mercari,m00000009881,m00000009881,UP-901541,UPP-809881,1,BIN-281,KT-009881,Antique Cast Iron Skillet,Kitchen,,USPS,USPS,23.99,23.99,10/10/2025 11:51:02 AM,10/10/2025 11:51:02 AM,10/10/2025 12:58:23 PM,,,Stripe,30.98,23.99,6.99,0.00,0.00,0.00,0.00,lister_E,1.1,mercari_004042,,USD,2.40
GoodwillBooks,GB-9781340009896,GWB-889896,UP-901556,UPP-809896,1,BIN-296,BK-009896,Like New Paperback Lot,Books,,OSM Worldwide,OSM Worldwide,9.99,9.99,10/10/2025 12:48:49 PM,10/10/2025 12:48:49 PM,,,,Stripe,9.99,9.99,0.00,0.00,0.00,0.00,0.00,lister_B,2.6,gwb_reader_003401,,USD,1.50
Mercari,m00000009880,m00000009880,UP-901540,UPP-809880,1,BIN-280,SH-009880,Handmade Hiking Boots,Shoes,,USPS,USPS,27.99,27.99,10/10/2025 2:02:05 PM,10/10/2025 2:02:05 PM,10/10/2025 12:32:37 PM,,,Stripe,34.98,27.99,6.99,0.00,0.00,0.00,0.00,lister_C,1.0,mercari_003905,,USD,2.80
Facebook Marketplace,FB-0009882,FB-0009882,UP-901542,UPP-809882,1,BIN-282,CL-009882,Classic Rain Jacket,Clothing,,,Pickup,46.99,46.99,10/10/2025 3:09:14 PM,10/10/2025 3:09:14 PM,,,,Stripe,46.99,46.99,0.00,0.00,0.00,0.00,0.00,lister_D,1.2,,,USD,
GoodwillBooks,GB-9786050009904,GWB-889904,UP-901564,UPP-809904,1,BIN-304,BK-009904,Classic Cookbook,Books,,OSM Worldwide,OSM Worldwide,29.99,29.99,10/10/2025 3:19:02 PM,10/10/2025 3:19:02 PM,10/10/2025 12:51:02 PM,,,Stripe,29.99,29.99,0.00,0.00,0.00,0.00,0.00,lister_B,3.4,gwb_reader_003426,,USD,4.50
Mercari,m00000009887,m00000009887,UP-901547,UPP-809887,1,BIN-287,SH-009887,Like New Leather Boots,Shoes,,USPS,USPS,21.99,21.99,10/10/2025 3:24:07 PM,10/10/2025 3:24:07 PM,10/10/2025 10:28:02 AM,,,Stripe,28.98,21.99,6.99,0.00,0.00,0.00,0.00,lister_F,1.7,mercari_003998,,USD,2.20
GoodwillBooks,GB-9786430009892,GWB-889892,UP-901552,UPP-809892,1,BIN-292,BK-009892,Antique Hardcover Novel,Books,,OSM Worldwide,OSM Worldwide,15.99,15.99,10/10/2025 3:30:08 PM,10/10/2025 3:30:08 PM,,,,Stripe,15.99,15.99,0.00,0.00,0.00,0.00,0.00,lister_D,2.2,gwb_reader_003474,,USD,2.40
GoodwillBooks,GB-9780610009901,GWB-889901,UP-901561,UPP-809901,1,BIN-301,BK-009901,Retro Field Guide,Books,,USPS,USPS,12.99,12.99,10/10/2025 4:07:25 PM,10/10/2025 4:07:25 PM,10/10/2025 9:30:52 AM,,,Stripe,12.99,12.99,0.00,0.00,0.00,0.00,0.00,lister_A,3.1,gwb_reader_003843,,USD,1.95
Facebook Marketplace,FB-0009886,FB-0009886,UP-901546,UPP-809886,1,BIN-286,HM-009886,Lot of 2 Ceramic Vase,Home Decor,,,Pickup,28.99,28.99,10/10/2025 4:23:00 PM,10/10/2025 4:23:00 PM,,,,Stripe,28.99,28.99,0.00,0.00,0.00,0.00,0.00,lister_E,1.6,,,USD,
GoodwillBooks,GB-9786380009899,GWB-889899,UP-901559,UPP-809899,1,BIN-299,BK-009899,Lot of 2 Biography,Books,,OSM Worldwide,OSM Worldwide,11.99,11.99,10/10/2025 4:27:32 PM,10/10/2025 4:27:32 PM,,,,Stripe,11.99,11.99,0.00,0.00,0.00,0.00,0.00,lister_F,2.9,gwb_reader_003432,,USD,1.80
ShopGoodwill,210009790,SGW-7709790,UP-901533,UPP-809790,1,BIN-190,JW-009790,Lot of 2 Gold Tone Necklace,Jewelry,,USPS,USPS,38.00,38.00,10/10/2025 5:10:46 PM,10/10/2025 5:10:46 PM,10/10/2025 7:09:18 AM,,,Stripe,57.42,38.00,17.42,2.00,0.00,5.52,0.00,lister_F,4.0,sgw_bidder_000159,,USD,
GoodwillBooks,GB-9781450009891,GWB-889891,UP-901551,UPP-809891,1,BIN-291,BK-009891,Vintage Biography,Books,,OSM Worldwide,OSM Worldwide,15.99,15.99,10/10/2025 5:18:02 PM,10/10/2025 5:18:02 PM,10/10/2025 11:36:29 AM,,,Stripe,15.99,15.99,0.00,0.00,0.00,0.00,0.00,lister_C,2.1,gwb_reader_003415,,USD,2.40
GoodwillBooks,GB-9788170009903,GWB-889903,UP-901563,UPP-809903,1,BIN-303,BK-009903,Handmade Field Guide,Books,,OSM Worldwide,OSM Worldwide,15.99,15.99,10/10/2025 5:22:22 PM,10/10/2025 5:22:22 PM,10/10/2025 8:35:19 AM,,,Stripe,15.99,15.99,0.00,0.00,0.00,0.00,0.00,lister_C,3.3,gwb_reader_003882,,USD,2.40
eBay,310000009867,01-09867-50941,UP-901535,UPP-809867,1,BIN-267,CO-009867,Classic Pewter Mug,Collectibles,,USPS,USPS,81.99,81.99,10/10/2025 5:26:39 PM,10/10/2025 5:26:39 PM,,,PAY-9867,eBay Managed Payments,87.73,81.99,0.00,0.00,11.55,0.00,0.00,lister_A,3.7,ebuyer_003218,,USD,
Facebook Marketplace,FB-0009888,FB-0009888,UP-901548,UPP-809888,1,BIN-288,SH-009888,Like New Hiking Boots,Shoes,,,Pickup,28.99,28.99,10/10/2025 5:28:22 PM,10/10/2025 5:28:22 PM,,,,Stripe,28.99,28.99,0.00,0.00,0.00,0.00,0.00,lister_D,1.8,,,USD,
GoodwillBooks,GB-9787640009893,GWB-889893,UP-901553,UPP-809893,1,BIN-293,BK-009893,Vintage Hardcover Novel,Books,,OSM Worldwide,OSM Worldwide,19.99,19.99,10/10/2025 5:36:09 PM,10/10/2025 5:36:09 PM,,,,Stripe,19.99,19.99,0.00,0.00,0.00,0.00,0.00,lister_C,2.3,gwb_reader_003480,,USD,3.00
GoodwillBooks,GB-9785570009895,GWB-889895,UP-901555,UPP-809895,1,BIN-295,BK-009895,Antique Paperback Lot,Books,,OSM Worldwide,OSM Worldwide,4.99,4.99,10/10/2025 6:08:19 PM,10/10/2025 6:08:19 PM,10/10/2025 10:13:53 AM,,,Stripe,4.99,4.99,0.00,0.00,0.00,0.00,0.00,lister_B,2.5,gwb_reader_003439,,USD,0.75
Facebook Marketplace,FB-0009884,FB-0009884,UP-901544,UPP-809884,1,BIN-284,CL-009884,Used Flannel Shirt,Clothing,,,Pickup,12.99,12.99,10/10/2025 7:40:50 PM,10/10/2025 7:40:50 PM,,,,Stripe,12.99,12.99,0.00,0.00,0.00,0.00,0.00,lister_B,1.4,,,USD,
Mercari,m00000009877,m00000009877,UP-901537,UPP-809877,1,BIN-277,FN-009877,Retro Patio Chair,Furniture,,USPS,USPS,49.99,49.99,10/10/2025 8:39:19 PM,10/10/2025 8:39:19 PM,10/10/2025 10:28:25 AM,,,Stripe,56.98,49.99,6.99,0.00,0.00,0.00,0.00,lister_E,4.7,mercari_003999,,USD,5.00
Facebook Marketplace,FB-0009889,FB-0009889,UP-901549,UPP-809889,1,BIN-289,FN-009889,Antique Patio Chair,Furniture,,,Pickup,21.99,21.99,10/10/2025 8:55:07 PM,10/10/2025 8:55:07 PM,,,,Stripe,21.99,21.99,0.00,0.00,0.00,0.00,0.00,lister_C,1.9,,,USD,
GoodwillBooks,GB-9780090010039,GWB-890039,UP-901580,UPP-810039,1,BIN-039,BK-010039,Vintage Atlas,Books,,USPS,USPS,9.99,9.99,10/10/2025 9:28:33 PM,10/10/2025 9:28:33 PM,10/11/2025 12:26:56 PM,,,Stripe,9.99,9.99,0.00,0.00,0.00,0.00,0.00,lister_A,4.9,gwb_reader_003403,,USD,1.50
GoodwillBooks,GB-9786420010041,GWB-890041,UP-901582,UPP-810041,1,BIN-041,BK-010041,Used Textbook,Books,,USPS,USPS,11.99,11.99,10/10/2025 11:13:39 PM,10/10/2025 11:13:39 PM,,,,Stripe,11.99,11.99,0.00,0.00,0.00,0.00,0.00,lister_A,1.1,gwb_reader_003551,,USD,1.80
eBay,310000010000,11-10000-46228,UP-901566,UPP-810000,1,BIN-000,KT-010000,Like New Stoneware Mugs,Kitchen,,USPS,USPS,37.99,37.99,10/11/2025 1:15:48 AM,10/11/2025 1:15:48 AM,10/11/2025 7:18:08 AM,,PAY-10000,eBay Managed Payments,46.05,37.99,5.05,0.00,5.57,0.00,0.00,lister_C,1.0,ebuyer_003330,,USD,
GoodwillBooks,GB-9786950010044,GWB-890044,UP-901585,UPP-810044,1,BIN-044,BK-010044,Like New Textbook,Books,,OSM Worldwide,OSM Worldwide,10.99,10.99,10/11/2025 1:46:50 AM,10/11/2025 1:46:50 AM,10/11/2025 7:20:29 AM,,,Stripe,10.99,10.99,0.00,0.00,0.00,0.00,0.00,lister_B,1.4,gwb_reader_003568,,USD,1.65
Facebook Marketplace,FB-0010032,FB-0010032,UP-901573,UPP-810032,1,BIN-032,HM-010032,Handmade Brass Candlesticks,Home Decor,,,Pickup,7.99,7.99,10/11/2025 1:59:52 AM,10/11/2025 1:59:52 AM,,,,Stripe,7.99,7.99,0.00,0.00,0.00,0.00,0.00,lister_E,4.2,,,USD,
Facebook Marketplace,FB-0010030,FB-0010030,UP-901571,UPP-810030,1,BIN-030,HM-010030,Retro Mantel Clock,Home Decor,,,Pickup,36.99,36.99,10/11/2025 3:06:19 AM,10/11/2025 3:06:19 AM,,,,Stripe,36.99,36.99,0.00,0.00,0.00,0.00,0.00,lister_A,4.0,,,USD,
GoodwillBooks,GB-9787870010034,GWB-890034,UP-901575,UPP-810034,1,BIN-034,BK-010034,Like New Field Guide,Books,,USPS,USPS,7.99,7.99,10/11/2025 3:10:19 AM,10/11/2025 3:10:19 AM,10/11/2025 12:16:29 PM,,,Stripe,7.99,7.99,0.00,0.00,0.00,0.00,0.00,lister_E,4.4,gwb_reader_003629,,USD,1.20
GoodwillBooks,GB-9784650010036,GWB-890036,UP-901577,UPP-810036,1,BIN-036,BK-010036,Retro Paperback Lot,Books,,OSM Worldwide,OSM Worldwide,15.99,15.99,10/11/2025 3:56:34 AM,10/11/2025 3:56:34 AM,10/11/2025 8:34:16 AM,,,Stripe,15.99,15.99,0.00,0.00,0.00,0.00,0.00,lister_C,4.6,gwb_reader_003424,,USD,2.40
GoodwillBooks,GB-9782880010042,GWB-890042,UP-901583,UPP-810042,1,BIN-042,BK-010042,Handmade Textbook,Books,,OSM Worldwide,OSM Worldwide,10.99,10.99,10/11/2025 6:04:08 AM,10/11/2025 6:04:08 AM,10/11/2025 12:18:32 PM,,,Stripe,10.99,10.99,0.00,0.00,0.00,0.00,0.00,lister_E,1.2,gwb_reader_003649,,USD,1.65
ShopGoodwill,210009955,SGW-7709955,UP-901565,UPP-809955,1,BIN-355,EL-009955,Like New Portable Radio,Electronics,,USPS,USPS,24.00,24.00,10/11/2025 8:02:08 AM,10/11/2025 8:02:08 AM,10/11/2025 6:48:56 AM,,,Stripe,32.07,24.00,6.07,2.00,0.00,3.36,0.00,lister_F,4.5,sgw_bidder_000012,,USD,
Facebook Marketplace,FB-0010029,FB-0010029,UP-901570,UPP-810029,1,BIN-029,KT-010029,Mid-Century Stoneware Mugs,Kitchen,,,Pickup,17.99,17.99,10/11/2025 8:25:07 AM,10/11/2025 8:25:07 AM,,,,Stripe,17.99,17.99,0.00,0.00,0.00,0.00,0.00,lister_B,3.9,,,USD,
GoodwillBooks,GB-9780020010033,GWB-890033,UP-901574,UPP-810033,1,BIN-033,BK-010033,Pre-owned Hardcover Novel,Books,,OSM Worldwide,OSM Worldwide,29.99,29.99,10/11/2025 9:58:32 AM,10/11/2025 9:58:32 AM,10/11/2025 11:32:40 AM,,,Stripe,29.99,29.99,0.00,0.00,0.00,0.00,0.00,lister_A,4.3,gwb_reader_003465,,USD,4.50
GoodwillBooks,GB-9788750010040,GWB-890040,UP-901581,UPP-810040,1,BIN-040,BK-010040,Classic Textbook,Books,,USPS,USPS,5.99,5.99,10/11/2025 11:56:20 AM,10/11/2025 11:56:20 AM,10/11/2025 12:10:58 PM,,,Stripe,5.99,5.99,0.00,0.00,0.00,0.00,0.00,lister_B,1.0,gwb_reader_003794,,USD,0.90
GoodwillBooks,GB-9781100010038,GWB-890038,UP-901579,UPP-810038,1,BIN-038,MD-010038,Mid-Century Audiobook,Media,,OSM Worldwide,OSM Worldwide,4.99,4.99,10/11/2025 12:30:31 PM,10/11/2025 12:30:31 PM,10/11/2025 8:33:12 AM,,,Stripe,4.99,4.99,0.00,0.00,0.00,0.00,0.00,lister_B,4.8,gwb_reader_003784,,USD,0.75
GoodwillBooks,GB-9783680010043,GWB-890043,UP-901584,UPP-810043,1,BIN-043,MD-010043,Lot of 2 Audiobook,Media,,USPS,USPS,8.99,8.99,10/11/2025 2:52:45 PM,10/11/2025 2:52:45 PM,10/11/2025 7:41:05 AM,,,Stripe,8.99,8.99,0.00,0.00,0.00,0.00,0.00,lister_D,1.3,gwb_reader_003689,,USD,1.35
Facebook Marketplace,FB-0010028,FB-0010028,UP-901569,UPP-810028,1,BIN-028,HB-010028,Vintage Clutch,Handbags,,,Pickup,65.99,65.99,10/11/2025 3:19:32 PM,10/11/2025 3:19:32 PM,,,,Stripe,65.99,65.99,0.00,0.00,0.00,0.00,0.00,lister_E,3.8,,,USD,
eBay,310000010012,06-10012-20764,UP-901568,UPP-810012,1,BIN-012,EL-010012,Mid-Century Turntable,Electronics,,USPS,USPS,35.99,35.99,10/11/2025 4:58:37 PM,10/11/2025 4:58:37 PM,10/11/2025 12:35:17 PM,,PAY-10012,eBay Managed Payments,48.29,35.99,9.14,0.00,5.29,0.00,0.00,lister_F,2.2,ebuyer_003088,,USD,
GoodwillBooks,GB-9784820010035,GWB-890035,UP-901576,UPP-810035,1,BIN-035,BK-010035,Like New Paperback Lot,Books,,USPS,USPS,15.99,15.99,10/11/2025 6:29:23 PM,10/11/2025 6:29:23 PM,10/11/2025 7:51:20 AM,,,Stripe,15.99,15.99,0.00,0.00,0.00,0.00,0.00,lister_C,4.5,gwb_reader_003429,,USD,2.40
eBay,310000010002,19-10002-23782,UP-901567,UPP-810002,1,BIN-002,HB-010002,Handmade Clutch,Handbags,,USPS,USPS,92.99,92.99,10/11/2025 7:16:58 PM,10/11/2025 7:16:58 PM,10/11/2025 1:13:12 PM,,PAY-10002,eBay Managed Payments,99.50,92.99,0.00,0.00,13.05,0.00,0.00,lister_F,1.2,ebuyer_002532,,USD,
GoodwillBooks,GB-9781780010037,GWB-890037,UP-901578,UPP-810037,1,BIN-037,BK-010037,Lot of 2 Field Guide,Books,,USPS,USPS,11.99,11.99,10/11/2025 7:38:04 PM,10/11/2025 7:38:04 PM,,,,Stripe,11.99,11.99,0.00,0.00,0.00,0.00,0.00,lister_D,4.7,gwb_reader_003413,,USD,1.80
Mercari,m00000010031,m00000010031,UP-901572,UPP-810031,1,BIN-031,HB-010031,Antique Crossbody Bag,Handbags,,USPS,USPS,62.99,62.99,10/11/2025 7:50:32 PM,10/11/2025 7:50:32 PM,,,,Stripe,69.98,62.99,6.99,0.00,0.00,0.00,0.00,lister_B,4.1,mercari_003908,,USD,6.30
Facebook Marketplace,FB-0010187,FB-0010187,UP-901592,UPP-810187,1,BIN-187,CL-010187,Mid-Century Rain Jacket,Clothing,,,Pickup,15.99,15.99,10/11/2025 9:46:12 PM,10/11/2025 9:46:12 PM,,,,Stripe,15.99,15.99,0.00,0.00,0.00,0.00,0.00,lister_A,3.7,,,USD,
Mercari,m00000010184,m00000010184,UP-901589,UPP-810184,1,BIN-184,CL-010184,Classic Silk Blouse,Clothing,,USPS,USPS,9.99,9.99,10/11/2025 9:51:42 PM,10/11/2025 9:51:42 PM,,,,Stripe,16.98,9.99,6.99,0.00,0.00,0.00,0.00,lister_A,3.4,mercari_003943,,USD,1.00
GoodwillBooks,GB-9788200010195,GWB-890195,UP-901600,UPP-810195,1,BIN-195,BK-010195,Used Field Guide,Books,,OSM Worldwide,OSM Worldwide,10.99,10.99,10/12/2025 1:25:44 AM,10/12/2025 1:25:44 AM,10/12/2025 7:03:20 AM,,,Stripe,10.99,10.99,0.00,0.00,0.00,0.00,0.00,lister_C,4.5,gwb_reader_003522,,USD,1.65
Mercari,m00000010185,m00000010185,UP-901590,UPP-810185,1,BIN-185,HB-010185,Lot of 2 Clutch,Handbags,,USPS,USPS,21.99,21.99,10/12/2025 1:57:07 AM,10/12/2025 1:57:07 AM,10/12/2025 9:17:58 AM,,,Stripe,28.98,21.99,6.99,0.00,0.00,0.00,0.00,lister_A,3.5,mercari_004022,,USD,2.20
Mercari,m00000010191,m00000010191,UP-901596,UPP-810191,1,BIN-191,HB-010191,Like New Leather Satchel,Handbags,,USPS,USPS,12.99,12.99,10/12/2025 2:32:38 AM,10/12/2025 2:32:38 AM,,,,Stripe,19.98,12.99,6.99,0.00,0.00,0.00,0.00,lister_A,4.1,mercari_004053,,USD,1.30
GoodwillBooks,GB-9788470010198,GWB-890198,UP-901603,UPP-810198,1,BIN-198,BK-010198,Retro Paperback Lot,Books,,OSM Worldwide,OSM Worldwide,5.99,5.99,10/12/2025 3:59:35 AM,10/12/2025 3:59:35 AM,,,,Stripe,5.99,5.99,0.00,0.00,0.00,0.00,0.00,lister_B,4.8,gwb_reader_003542,,USD,0.90
GoodwillBooks,GB-9781000010203,GWB-890203,UP-901608,UPP-810203,1,BIN-203,BK-010203,Used Hardcover Novel,Books,,OSM Worldwide,OSM Worldwide,4.99,4.99,10/12/2025 4:30:41 AM,10/12/2025 4:30:41 AM,,,,Stripe,4.99,4.99,0.00,0.00,0.00,0.00,0.00,lister_C,1.3,gwb_reader_003407,,USD,0.75
eBay,310000010176,26-10176-16447,UP-901588,UPP-810176,1,BIN-176,CO-010176,Pre-owned Pewter Mug,Collectibles,,USPS,USPS,26.99,26.99,10/12/2025 6:37:42 AM,10/12/2025 6:37:42 AM,,,PAY-10176,eBay Managed Payments,28.88,26.99,0.00,0.00,4.07,0.00,0.00,lister_B,2.6,ebuyer_002510,,USD,
Facebook Marketplace,FB-0010186,FB-0010186,UP-901591,UPP-810186,1,BIN-186,HM-010186,Antique Ceramic Vase,Home Decor,,,Pickup,22.99,22.99,10/12/2025 7:41:37 AM,10/12/2025 7:41:37 AM,,,,Stripe,22.99,22.99,0.00,0.00,0.00,0.00,0.00,lister_D,3.6,,,USD,
Facebook Marketplace,FB-0010188,FB-0010188,UP-901593,UPP-810188,1,BIN-188,HM-010188,Antique Table Lamp,Home Decor,,,Pickup,12.99,12.99,10/12/2025 7:47:02 AM,10/12/2025 7:47:02 AM,,,,Stripe,12.99,12.99,0.00,0.00,0.00,0.00,0.00,lister_B,3.8,,,USD,
GoodwillBooks,GB-9786020010200,GWB-890200,UP-901605,UPP-810200,1,BIN-200,BK-010200,Vintage Paperback Lot,Books,,OSM Worldwide,OSM Worldwide,6.99,6.99,10/12/2025 8:04:46 AM,10/12/2025 8:04:46 AM,,,,Stripe,6.99,6.99,0.00,0.00,0.00,0.00,0.00,lister_C,1.0,gwb_reader_003536,,USD,1.05
GoodwillBooks,GB-9781450010201,GWB-890201,UP-901606,UPP-810201,1,BIN-201,MD-010201,Mid-Century Audiobook,Media,,OSM Worldwide,OSM Worldwide,11.99,11.99,10/12/2025 8:10:52 AM,10/12/2025 8:10:52 AM,,,,Stripe,11.99,11.99,0.00,0.00,0.00,0.00,0.00,lister_B,1.1,gwb_reader_003400,,USD,1.80
Facebook Marketplace,FB-0010193,FB-0010193,UP-901598,UPP-810193,1,BIN-193,HB-010193,Antique Leather Satchel,Handbags,,,Pickup,28.99,28.99,10/12/2025 9:07:03 AM,10/12/2025 9:07:03 AM,,,,Stripe,28.99,28.99,0.00,0.00,0.00,0.00,0.00,lister_D,4.3,,,USD,
GoodwillBooks,GB-9786440010194,GWB-890194,UP-901599,UPP-810194,1,BIN-194,BK-010194,Lot of 2 Atlas,Books,,USPS,USPS,4.99,4.99,10/12/2025 9:13:08 AM,10/12/2025 9:13:08 AM,10/12/2025 9:32:06 AM,,,Stripe,4.99,4.99,0.00,0.00,0.00,0.00,0.00,lister_F,4.4,gwb_reader_003416,,USD,0.75
eBay,310000010166,20-10166-24932,UP-901587,UPP-810166,1,BIN-166,CL-010166,Pre-owned Cashmere Sweater,Clothing,,USPS,USPS,19.99,19.99,10/12/2025 11:06:21 AM,10/12/2025 11:06:21 AM,10/12/2025 1:01:29 PM,,PAY-10166,eBay Managed Payments,29.71,19.99,7.78,0.00,3.12,0.00,0.00,lister_A,1.6,ebuyer_002527,,USD,
GoodwillBooks,GB-9787200010199,GWB-890199,UP-901604,UPP-810199,1,BIN-199,BK-010199,Retro Paperback Lot,Books,,OSM Worldwide,OSM Worldwide,9.99,9.99,10/12/2025 11:47:19 AM,10/12/2025 11:47:19 AM,10/12/2025 8:23:48 AM,,,Stripe,9.99,9.99,0.00,0.00,0.00,0.00,0.00,lister_A,4.9,gwb_reader_003404,,USD,1.50
ShopGoodwill,210010090,SGW-7710090,UP-901586,UPP-810090,1,BIN-090,KT-010090,Like New Pyrex Bowl,Kitchen,,FedEx,FedEx,21.00,21.00,10/12/2025 12:08:38 PM,10/12/2025 12:08:38 PM,,,,Stripe,29.44,21.00,6.44,2.00,0.00,2.98,0.00,lister_C,2.0,sgw_bidder_001903,,USD,
GoodwillBooks,GB-9780910010202,GWB-890202,UP-901607,UPP-810202,1,BIN-202,BK-010202,Like New Field Guide,Books,,USPS,USPS,12.99,12.99,10/12/2025 2:07:43 PM,10/12/2025 2:07:43 PM,10/12/2025 1:41:43 PM,,,Stripe,12.99,12.99,0.00,0.00,0.00,0.00,0.00,lister_B,1.2,gwb_reader_003784,,USD,1.95
Facebook Marketplace,FB-0010189,FB-0010189,UP-901594,UPP-810189,1,BIN-189,FN-010189,Antique Side Table,Furniture,,,Pickup,20.99,20.99,10/12/2025 4:19:11 PM,10/12/2025 4:19:11 PM,,,,Stripe,20.99,20.99,0.00,0.00,0.00,0.00,0.00,lister_A,3.9,,,USD,
Facebook Marketplace,FB-0010192,FB-0010192,UP-901597,UPP-810192,1,BIN-192,FN-010192,Like New Bookshelf,Furniture,,,Pickup,35.99,35.99,10/12/2025 5:03:45 PM,10/12/2025 5:03:45 PM,,,,Stripe,35.99,35.99,0.00,0.00,0.00,0.00,0.00,lister_D,4.2,,,USD,
GoodwillBooks,GB-9782460010197,GWB-890197,UP-901602,UPP-810197,1,BIN-197,MD-010197,Vintage CD Lot,Media,,OSM Worldwide,OSM Worldwide,9.99,9.99,10/12/2025 6:19:49 PM,10/12/2025 6:19:49 PM,10/12/2025 1:39:28 PM,,,Stripe,9.99,9.99,0.00,0.00,0.00,0.00,0.00,lister_D,4.7,gwb_reader_003470,,USD,1.50
Facebook Marketplace,FB-0010190,FB-0010190,UP-901595,UPP-810190,1,BIN-190,SH-010190,Handmade Loafers,Shoes,,,Pickup,37.99,37.99,10/12/2025 6:21:04 PM,10/12/2025 6:21:04 PM,,,,Stripe,37.99,37.99,0.00,0.00,0.00,0.00,0.00,lister_E,4.0,,,USD,
GoodwillBooks,GB-9789720010196,GWB-890196,UP-901601,UPP-810196,1,BIN-196,BK-010196,Pre-owned Hardcover Novel,Books,,USPS,USPS,4.99,4.99,10/12/2025 8:08:30 PM,10/12/2025 8:08:30 PM,10/12/2025 10:53:12 AM,,,Stripe,4.99,4.99,0.00,0.00,0.00,0.00,0.00,lister_E,4.6,gwb_reader_003438,,USD,0.75
GoodwillBooks,GB-9783550010204,GWB-890204,UP-901609,UPP-810204,1,BIN-204,BK-010204,Handmade Cookbook,Books,,OSM Worldwide,OSM Worldwide,6.99,6.99,10/12/2025 8:42:11 PM,10/12/2025 8:42:11 PM,10/12/2025 7:39:56 AM,,,Stripe,6.99,6.99,0.00,0.00,0.00,0.00,6.99,lister_A,1.4,gwb_reader_003521,,USD,
Facebook Marketplace,FB-0010327,FB-0010327,UP-901613,UPP-810327,1,BIN-327,KT-010327,Handmade Cast Iron Skillet,Kitchen,,,Pickup,11.99,11.99,10/12/2025 10:08:09 PM,10/12/2025 10:08:09 PM,,,,Stripe,11.99,11.99,0.00,0.00,0.00,0.00,0.00,lister_F,1.7,,,USD,
Mercari,m00000010331,m00000010331,UP-901617,UPP-810331,1,BIN-331,HM-010331,Retro Ceramic Vase,Home Decor,,USPS,USPS,27.99,27.99,10/12/2025 10:57:20 PM,10/12/2025 10:57:20 PM,,,,Stripe,34.98,27.99,6.99,0.00,0.00,0.00,0.00,lister_F,2.1,mercari_003975,,USD,2.80
GoodwillBooks,GB-9789050010334,GWB-890334,UP-901620,UPP-810334,1,BIN-334,BK-010334,Antique Hardcover Novel,Books,,OSM Worldwide,OSM Worldwide,2.99,2.99,10/13/2025 1:47:22 AM,10/13/2025 1:47:22 AM,10/13/2025 9:37:29 AM,,,Stripe,2.99,2.99,0.00,0.00,0.00,0.00,0.00,lister_F,2.4,gwb_reader_003400,,USD,0.45
Mercari,m00000010330,m00000010330,UP-901616,UPP-810330,1,BIN-330,CL-010330,Mid-Century Rain Jacket,Clothing,,USPS,USPS,31.99,31.99,10/13/2025 2:58:50 AM,10/13/2025 2:58:50 AM,,,,Stripe,38.98,31.99,6.99,0.00,0.00,0.00,0.00,lister_C,2.0,mercari_003903,,USD,3.20
Facebook Marketplace,FB-0010328,FB-0010328,UP-901614,UPP-810328,1,BIN-328,CL-010328,Antique Wool Coat,Clothing,,,Pickup,13.99,13.99,10/13/2025 4:00:25 AM,10/13/2025 4:00:25 AM,,,,Stripe,13.99,13.99,0.00,0.00,0.00,0.00,13.99,lister_C,1.8,,,USD,
Facebook Marketplace,FB-0010329,FB-0010329,UP-901615,UPP-810329,1,BIN-329,SH-010329,Handmade Hiking Boots,Shoes,,,Pickup,33.99,33.99,10/13/2025 5:56:34 AM,10/13/2025 5:56:34 AM,,,,Stripe,33.99,33.99,0.00,0.00,0.00,0.00,0.00,lister_A,1.9,,,USD,
GoodwillBooks,GB-9785600010335,GWB-890335,UP-901621,UPP-810335,1,BIN-335,MD-010335,Used Audiobook,Media,,USPS,USPS,10.99,10.99,10/13/2025 6:12:43 AM,10/13/2025 6:12:43 AM,10/13/2025 12:58:08 PM,,,Stripe,10.99,10.99,0.00,0.00,0.00,0.00,0.00,lister_A,2.5,gwb_reader_003575,,USD,1.65
eBay,310000010308,26-10308-79078,UP-901610,UPP-810308,1,BIN-308,KT-010308,Mid-Century Pyrex Bowl,Kitchen,,USPS,USPS,6.99,6.99,10/13/2025 3:44:06 PM,10/13/2025 3:44:06 PM,10/13/2025 1:44:16 PM,,PAY-10308,eBay Managed Payments,16.94,6.99,8.84,0.00,0.27,0.00,15.83,lister_E,3.8,ebuyer_003314,,USD,
GoodwillBooks,GB-9783240010333,GWB-890333,UP-901619,UPP-810333,1,BIN-333,BK-010333,Like New Cookbook,Books,,OSM Worldwide,OSM Worldwide,18.99,18.99,10/13/2025 3:51:30 PM,10/13/2025 3:51:30 PM,10/13/2025 8:33:12 AM,,,Stripe,18.99,18.99,0.00,0.00,0.00,0.00,0.00,lister_D,2.3,gwb_reader_003628,,USD,2.85
eBay,310000010309,11-10309-33066,UP-901611,UPP-810309,1,BIN-309,SG-010309,Like New Tennis Racket,Sporting Goods,,FedEx,FedEx,22.99,22.99,10/13/2025 4:10:20 PM,10/13/2025 4:10:20 PM,10/13/2025 12:23:32 PM,,PAY-10309,eBay Managed Payments,31.14,22.99,6.11,0.00,3.53,0.00,0.00,lister_C,3.9,ebuyer_002500,,USD,
GoodwillBooks,GB-9787000010332,GWB-890332,UP-901618,UPP-810332,1,BIN-332,BK-010332,Like New Hardcover Novel,Books,,OSM Worldwide,OSM Worldwide,5.99,5.99,10/13/2025 4:42:08 PM,10/13/2025 4:42:08 PM,,,,Stripe,5.99,5.99,0.00,0.00,0.00,0.00,0.00,lister_C,2.2,gwb_reader_003406,,USD,0.90
GoodwillBooks,GB-9784710010337,GWB-890337,UP-901623,UPP-810337,1,BIN-337,BK-010337,Lot of 2 Cookbook,Books,,USPS,USPS,8.99,8.99,10/13/2025 5:16:37 PM,10/13/2025 5:16:37 PM,,,,Stripe,8.99,8.99,0.00,0.00,0.00,0.00,0.00,lister_A,2.7,gwb_reader_003649,,USD,1.35
GoodwillBooks,GB-9785390010336,GWB-890336,UP-901622,UPP-810336,1,BIN-336,BK-010336,Like New Cookbook,Books,,OSM Worldwide,OSM Worldwide,5.99,5.99,10/13/2025 5:27:55 PM,10/13/2025 5:27:55 PM,10/13/2025 10:25:41 AM,,,Stripe,5.99,5.99,0.00,0.00,0.00,0.00,5.99,lister_A,2.6,gwb_reader_003417,,USD,
eBay,310000010316,12-10316-74237,UP-901612,UPP-810316,1,BIN-316,EL-010316,Lot of 2 Turntable,Electronics,,USPS,USPS,39.99,39.99,10/13/2025 8:05:17 PM,10/13/2025 8:05:17 PM,10/13/2025 9:03:05 AM,,PAY-10316,eBay Managed Payments,42.79,39.99,0.00,0.00,5.84,0.00,0.00,lister_F,4.6,ebuyer_003115,,USD,
GoodwillBooks,GB-9783820010474,GWB-890474,UP-901641,UPP-810474,1,BIN-074,BK-010474,Lot of 2 Biography,Books,,USPS,USPS,14.99,14.99,10/13/2025 9:50:56 PM,10/13/2025 9:50:56 PM,10/14/2025 11:42:46 AM,,,Stripe,14.99,14.99,0.00,0.00,0.00,0.00,0.00,lister_F,4.4,gwb_reader_003416,,USD,2.25
GoodwillBooks,GB-9786000010466,GWB-890466,UP-901633,UPP-810466,1,BIN-066,BK-010466,Like New Field Guide,Books,,OSM Worldwide,OSM Worldwide,11.99,11.99,10/14/2025 1:19:41 AM,10/14/2025 1:19:41 AM,10/14/2025 12:52:36 PM,,,Stripe,11.99,11.99,0.00,0.00,0.00,0.00,0.00,lister_A,3.6,gwb_reader_003574,,USD,1.80
GoodwillBooks,GB-9785350010470,GWB-890470,UP-901637,UPP-810470,1,BIN-070,BK-010470,Pre-owned Paperback Lot,Books,,OSM Worldwide,OSM Worldwide,6.99,6.99,10/14/2025 2:17:33 AM,10/14/2025 2:17:33 AM,10/14/2025 10:43:24 AM,,,Stripe,6.99,6.99,0.00,0.00,0.00,0.00,0.00,lister_D,4.0,gwb_reader_003420,,USD,1.05
GoodwillBooks,GB-9781800010469,GWB-890469,UP-901636,UPP-810469,1,BIN-069,BK-010469,Mid-Century Paperback Lot,Books,,USPS,USPS,5.99,5.99,10/14/2025 2:41:51 AM,10/14/2025 2:41:51 AM,,,,Stripe,5.99,5.99,0.00,0.00,0.00,0.00,0.00,lister_D,3.9,gwb_reader_003488,,USD,0.90
ShopGoodwill,210010389,SGW-7710389,UP-901624,UPP-810389,1,BIN-389,CO-010389,Used Pewter Mug,Collectibles,,FedEx,FedEx,82.00,82.00,10/14/2025 4:25:34 AM,10/14/2025 4:25:34 AM,,,,Stripe,91.38,82.00,7.38,2.00,0.00,10.94,0.00,lister_D,3.9,sgw_bidder_000035,,USD,
Mercari,m00000010461,m00000010461,UP-901628,UPP-810461,1,BIN-061,HM-010461,Classic Ceramic Vase,Home Decor,,USPS,USPS,11.99,11.99,10/14/2025 5:11:37 AM,10/14/2025 5:11:37 AM,,,,Stripe,18.98,11.99,6.99,0.00,0.00,0.00,0.00,lister_A,3.1,mercari_003959,,USD,1.20
GoodwillBooks,GB-9783040010472,GWB-890472,UP-901639,UPP-810472,1,BIN-072,BK-010472,Retro Field Guide,Books,,USPS,USPS,18.99,18.99,10/14/2025 5:37:31 AM,10/14/2025 5:37:31 AM,,,,Stripe,18.99,18.99,0.00,0.00,0.00,0.00,0.00,lister_B,4.2,gwb_reader_003433,,USD,2.85
GoodwillBooks,GB-9786310010462,GWB-890462,UP-901629,UPP-810462,1,BIN-062,BK-010462,Classic Cookbook,Books,,USPS,USPS,13.99,13.99,10/14/2025 6:16:38 AM,10/14/2025 6:16:38 AM,,,,Stripe,13.99,13.99,0.00,0.00,0.00,0.00,0.00,lister_E,3.2,gwb_reader_003422,,USD,2.10
GoodwillBooks,GB-9780160010468,GWB-890468,UP-901635,UPP-810468,1,BIN-068,BK-010468,Used Cookbook,Books,,OSM Worldwide,OSM Worldwide,9.99,9.99,10/14/2025 6:46:52 AM,10/14/2025 6:46:52 AM,,,,Stripe,9.99,9.99,0.00,0.00,0.00,0.00,0.00,lister_C,3.8,gwb_reader_003672,,USD,1.50
eBay,310000010447,03-10447-38345,UP-901625,UPP-810447,1,BIN-047,CO-010447,Retro Snow Globe,Collectibles,,USPS,USPS,54.99,54.99,10/14/2025 7:38:33 AM,10/14/2025 7:38:33 AM,10/14/2025 9:31:43 AM,,PAY-10447,eBay Managed Payments,68.71,54.99,9.22,0.00,7.88,0.00,0.00,lister_B,1.7,ebuyer_003148,,USD,
GoodwillBooks,GB-9782970010463,GWB-890463,UP-901630,UPP-810463,1,BIN-063,BK-010463,Like New Cookbook,Books,,OSM Worldwide,OSM Worldwide,8.99,8.99,10/14/2025 10:30:09 AM,10/14/2025 10:30:09 AM,10/14/2025 7:04:19 AM,,,Stripe,8.99,8.99,0.00,0.00,0.00,0.00,0.00,lister_E,3.3,gwb_reader_003466,,USD,1.35
Facebook Marketplace,FB-0010460,FB-0010460,UP-901627,UPP-810460,1,BIN-060,CL-010460,Lot of 2 Wool Coat,Clothing,,,Pickup,6.99,6.99,10/14/2025 12:29:04 PM,10/14/2025 12:29:04 PM,,,,Stripe,6.99,6.99,0.00,0.00,0.00,0.00,0.00,lister_C,3.0,,,USD,
GoodwillBooks,GB-9781760010467,GWB-890467,UP-901634,UPP-810467,1,BIN-067,BK-010467,Used Poetry Collection,Books,,OSM Worldwide,OSM Worldwide,12.99,12.99,10/14/2025 1:51:14 PM,10/14/2025 1:51:14 PM,,,,Stripe,12.99,12.99,0.00,0.00,0.00,0.00,0.00,lister_A,3.7,gwb_reader_003737,,USD,1.95
GoodwillBooks,GB-9785370010473,GWB-890473,UP-901640,UPP-810473,1,BIN-073,BK-010473,Like New Biography,Books,,OSM Worldwide,OSM Worldwide,33.99,33.99,10/14/2025 2:43:00 PM,10/14/2025 2:43:00 PM,,,,Stripe,33.99,33.99,0.00,0.00,0.00,0.00,0.00,lister_C,4.3,gwb_reader_003938,,USD,5.10
GoodwillBooks,GB-9788540010464,GWB-890464,UP-901631,UPP-810464,1,BIN-064,BK-010464,Vintage Field Guide,Books,,USPS,USPS,10.99,10.99,10/14/2025 5:53:49 PM,10/14/2025 5:53:49 PM,10/14/2025 12:38:18 PM,,,Stripe,10.99,10.99,0.00,0.00,0.00,0.00,0.00,lister_E,3.4,gwb_reader_003415,,USD,1.65
GoodwillBooks,GB-9787390010471,GWB-890471,UP-901638,UPP-810471,1,BIN-071,BK-010471,Pre-owned Biography,Books,,USPS,USPS,7.99,7.99,10/14/2025 7:16:15 PM,10/14/2025 7:16:15 PM,10/14/2025 6:20:00 AM,,,Stripe,7.99,7.99,0.00,0.00,0.00,0.00,0.00,lister_E,4.1,gwb_reader_004041,,USD,1.20
Mercari,m00000010459,m00000010459,UP-901626,UPP-810459,1,BIN-059,FN-010459,Classic Side Table,Furniture,,USPS,USPS,27.99,27.99,10/14/2025 7:54:46 PM,10/14/2025 7:54:46 PM,,,,Stripe,34.98,27.99,6.99,0.00,0.00,0.00,0.00,lister_F,2.9,mercari_003907,,USD,2.80
GoodwillBooks,GB-9780930010465,GWB-890465,UP-901632,UPP-810465,1,BIN-065,BK-010465,Retro Poetry Collection,Books,,OSM Worldwide,OSM Worldwide,6.99,6.99,10/14/2025 8:01:03 PM,10/14/2025 8:01:03 PM,,,,Stripe,6.99,6.99,0.00,0.00,0.00,0.00,0.00,lister_D,3.5,gwb_reader_003842,,USD,1.05
eBay,310000010594,14-10594-42401,UP-901647,UPP-810594,1,BIN-194,HB-010594,Classic Leather Satchel,Handbags,,USPS,USPS,28.99,28.99,10/15/2025 2:55:45 AM,10/15/2025 2:55:45 AM,10/15/2025 11:18:09 AM,,PAY-10594,eBay Managed Payments,43.07,28.99,11.26,0.00,4.34,0.00,0.00,lister_A,4.4,ebuyer_002805,,USD,
GoodwillBooks,GB-9783760010606,GWB-890606,UP-901655,UPP-810606,1,BIN-206,BK-010606,Mid-Century Biography,Books,,OSM Worldwide,OSM Worldwide,5.99,5.99,10/15/2025 3:56:31 AM,10/15/2025 3:56:31 AM,10/15/2025 1:32:12 PM,,,Stripe,5.99,5.99,0.00,0.00,0.00,0.00,0.00,lister_E,1.6,gwb_reader_003551,,USD,0.90
GoodwillBooks,GB-9787880010618,GWB-890618,UP-901667,UPP-810618,1,BIN-218,BK-010618,Retro Field Guide,Books,,OSM Worldwide,OSM Worldwide,16.99,16.99,10/15/2025 4:52:20 AM,10/15/2025 4:52:20 AM,,,,Stripe,16.99,16.99,0.00,0.00,0.00,0.00,0.00,lister_F,2.8,gwb_reader_003962,,USD,2.55
GoodwillBooks,GB-9789430010616,GWB-890616,UP-901665,UPP-810616,1,BIN-216,BK-010616,Like New Hardcover Novel,Books,,USPS,USPS,10.99,10.99,10/15/2025 5:03:16 AM,10/15/2025 5:03:16 AM,10/15/2025 7:48:00 AM,,,Stripe,10.99,10.99,0.00,0.00,0.00,0.00,0.00,lister_E,2.6,gwb_reader_003888,,USD,1.65
GoodwillBooks,GB-9782840010612,GWB-890612,UP-901661,UPP-810612,1,BIN-212,BK-010612,Antique Paperback Lot,Books,,USPS,USPS,11.99,11.99,10/15/2025 6:06:02 AM,10/15/2025 6:06:02 AM,,,,Stripe,11.99,11.99,0.00,0.00,0.00,0.00,0.00,lister_E,2.2,gwb_reader_003466,,USD,1.80
ShopGoodwill,210010496,SGW-7710496,UP-901642,UPP-810496,1,BIN-096,JW-010496,Vintage Gold Tone Necklace,Jewelry,,USPS,USPS,66.00,66.00,10/15/2025 7:52:51 AM,10/15/2025 7:52:51 AM,10/15/2025 8:04:19 AM,,,Stripe,77.59,66.00,9.59,2.00,0.00,8.93,0.00,lister_B,2.6,sgw_bidder_001351,,USD,
ShopGoodwill,210010520,SGW-7710520,UP-901643,UPP-810520,1,BIN-120,CL-010520,Like New Cashmere Sweater,Clothing,,USPS,USPS,15.00,15.00,10/15/2025 8:00:46 AM,10/15/2025 8:00:46 AM,10/15/2025 6:44:50 AM,,,Stripe,33.64,15.00,16.64,2.00,0.00,2.51,0.00,lister_A,1.0,sgw_bidder_002475,,USD,
eBay,310000010599,10-10599-73033,UP-901649,UPP-810599,1,BIN-199,SH-010599,Like New Running Shoes,Shoes,,USPS,USPS,18.99,18.99,10/15/2025 8:41:51 AM,10/15/2025 8:41:51 AM,,,PAY-10599,eBay Managed Payments,32.02,18.99,10.93,0.00,2.98,0.00,0.00,lister_C,4.9,ebuyer_002845,,USD,
Mercari,m00000010604,m00000010604,UP-901653,UPP-810604,1,BIN-204,HM-010604,Antique Picture Frame Set,Home Decor,,USPS,USPS,11.99,11.99,10/15/2025 8:45:20 AM,10/15/2025 8:45:20 AM,10/15/2025 11:30:42 AM,,,Stripe,18.98,11.99,6.99,0.00,0.00,0.00,0.00,lister_A,1.4,mercari_004011,,USD,1.20
GoodwillBooks,GB-9786870010605,GWB-890605,UP-901654,UPP-810605,1,BIN-205,BK-010605,Pre-owned Paperback Lot,Books,,USPS,USPS,15.99,15.99,10/15/2025 10:05:35 AM,10/15/2025 10:05:35 AM,,,,Stripe,15.99,15.99,0.00,0.00,0.00,0.00,0.00,lister_C,1.5,gwb_reader_003603,,USD,2.40
Mercari,m00000010601,m00000010601,UP-901650,UPP-810601,1,BIN-201,CL-010601,Antique Denim Jacket,Clothing,,USPS,USPS,22.99,22.99,10/15/2025 11:03:26 AM,10/15/2025 11:03:26 AM,10/15/2025 10:52:58 AM,,,Stripe,29.98,22.99,6.99,0.00,0.00,0.00,0.00,lister_C,1.1,mercari_003984,,USD,2.30
GoodwillBooks,GB-9784150010611,GWB-890611,UP-901660,UPP-810611,1,BIN-211,BK-010611,Antique Hardcover Novel,Books,,OSM Worldwide,OSM Worldwide,12.99,12.99,10/15/2025 11:34:03 AM,10/15/2025 11:34:03 AM,10/15/2025 7:46:03 AM,,,Stripe,12.99,12.99,0.00,0.00,0.00,0.00,0.00,lister_E,2.1,gwb_reader_003927,,USD,1.95
GoodwillBooks,GB-9787400010615,GWB-890615,UP-901664,UPP-810615,1,BIN-215,BK-010615,Pre-owned Atlas,Books,,USPS,USPS,9.99,9.99,10/15/2025 1:07:16 PM,10/15/2025 1:07:16 PM,,,,Stripe,9.99,9.99,0.00,0.00,0.00,0.00,0.00,lister_F,2.5,gwb_reader_003839,,USD,1.50
eBay,310000010582,06-10582-31786,UP-901644,UPP-810582,1,BIN-182,KT-010582,Classic Fondue Set,Kitchen,,USPS,USPS,10.99,10.99,10/15/2025 1:33:07 PM,10/15/2025 1:33:07 PM,10/15/2025 1:23:45 PM,,PAY-10582,eBay Managed Payments,11.76,10.99,0.00,0.00,1.89,0.00,0.00,lister_A,3.2,ebuyer_003020,,USD,
GoodwillBooks,GB-9783020010614,GWB-890614,UP-901663,UPP-810614,1,BIN-214,MD-010614,Classic DVD Box Set,Media,,OSM Worldwide,OSM Worldwide,5.99,5.99,10/15/2025 2:03:03 PM,10/15/2025 2:03:03 PM,10/15/2025 1:04:26 PM,,,Stripe,5.99,5.99,0.00,0.00,0.00,0.00,0.00,lister_E,2.4,gwb_reader_004003,,USD,0.90
eBay,310000010598,05-10598-45370,UP-901648,UPP-810598,1,BIN-198,CO-010598,Retro Figurine,Collectibles,,FedEx,FedEx,36.99,36.99,10/15/2025 2:07:22 PM,10/15/2025 2:07:22 PM,10/15/2025 1:03:57 PM,,PAY-10598,eBay Managed Payments,39.58,36.99,0.00,0.00,5.43,0.00,0.00,lister_E,4.8,ebuyer_002534,,USD,
GoodwillBooks,GB-9787200010607,GWB-890607,UP-901656,UPP-810607,1,BIN-207,BK-010607,Classic Field Guide,Books,,OSM Worldwide,OSM Worldwide,5.99,5.99,10/15/2025 2:30:26 PM,10/15/2025 2:30:26 PM,,,,Stripe,5.99,5.99,0.00,0.00,0.00,0.00,0.00,lister_A,1.7,gwb_reader_003622,,USD,0.90
Facebook Marketplace,FB-0010602,FB-0010602,UP-901651,UPP-810602,1,BIN-202,SH-010602,Used Leather Boots,Shoes,,,Pickup,21.99,21.99,10/15/2025 2:44:46 PM,10/15/2025 2:44:46 PM,,,,Stripe,21.99,21.99,0.00,0.00,0.00,0.00,0.00,lister_B,1.2,,,USD,
Facebook Marketplace,FB-0010603,FB-0010603,UP-901652,UPP-810603,1,BIN-203,FN-010603,Vintage Patio Chair,Furniture,,,Pickup,46.99,46.99,10/15/2025 2:50:24 PM,10/15/2025 2:50:24 PM,,,,Stripe,46.99,46.99,0.00,0.00,0.00,0.00,0.00,lister_F,1.3,,,USD,
GoodwillBooks,GB-9789080010609,GWB-890609,UP-901658,UPP-810609,1,BIN-209,BK-010609,Lot of 2 Field Guide,Books,,OSM Worldwide,OSM Worldwide,19.99,19.99,10/15/2025 2:53:29 PM,10/15/2025 2:53:29 PM,10/15/2025 7:18:13 AM,,,Stripe,19.99,19.99,0.00,0.00,0.00,0.00,0.00,lister_A,1.9,gwb_reader_003461,,USD,3.00
GoodwillBooks,GB-9782520010613,GWB-890613,UP-901662,UPP-810613,1,BIN-213,BK-010613,Vintage Atlas,Books,,USPS,USPS,14.99,14.99,10/15/2025 2:55:39 PM,10/15/2025 2:55:39 PM,10/15/2025 9:37:26 AM,,,Stripe,14.99,14.99,0.00,0.00,0.00,0.00,0.00,lister_C,2.3,gwb_reader_003918,,USD,2.25
GoodwillBooks,GB-9782570010608,GWB-890608,UP-901657,UPP-810608,1,BIN-208,MD-010608,Used CD Lot,Media,,USPS,USPS,15.99,15.99,10/15/2025 4:40:41 PM,10/15/2025 4:40:41 PM,,,,Stripe,15.99,15.99,0.00,0.00,0.00,0.00,0.00,lister_C,1.8,gwb_reader_003401,,USD,2.40
GoodwillBooks,GB-9784270010617,GWB-890617,UP-901666,UPP-810617,1,BIN-217,BK-010617,Retro Cookbook,Books,,OSM Worldwide,OSM Worldwide,9.99,9.99,10/15/2025 5:05:12 PM,10/15/2025 5:05:12 PM,,,,Stripe,9.99,9.99,0.00,0.00,0.00,0.00,0.00,lister_F,2.7,gwb_reader_004028,,USD,1.50
eBay,310000010589,05-10589-05472,UP-901645,UPP-810589,1,BIN-189,CL-010589,Antique Flannel Shirt,Clothing,,USPS,USPS,8.99,8.99,10/15/2025 6:07:35 PM,10/15/2025 6:07:35 PM,,,PAY-10589,eBay Managed Payments,9.62,8.99,0.00,0.00,1.62,0.00,0.00,lister_E,3.9,ebuyer_003258,,USD,
eBay,310000010591,10-10591-35261,UP-901646,UPP-810591,1,BIN-191,CL-010591,Like New Denim Jacket,Clothing,,USPS,USPS,25.99,25.99,10/15/2025 6:31:07 PM,10/15/2025 6:31:07 PM,,,PAY-10591,eBay Managed Payments,40.39,25.99,11.76,0.00,3.93,0.00,0.00,lister_C,4.1,ebuyer_002675,,USD,
GoodwillBooks,GB-9785660010610,GWB-890610,UP-901659,UPP-810610,1,BIN-210,BK-010610,Handmade Poetry Collection,Books,,OSM Worldwide,OSM Worldwide,4.99,4.99,10/15/2025 8:40:34 PM,10/15/2025 8:40:34 PM,10/15/2025 10:26:37 AM,,,Stripe,4.99,4.99,0.00,0.00,0.00,0.00,0.00,lister_B,2.0,gwb_reader_003420,,USD,0.75
GoodwillBooks,GB-9785820010763,GWB-890763,UP-901682,UPP-810763,1,BIN-363,BK-010763,Retro Textbook,Books,,USPS,USPS,11.99,11.99,10/15/2025 11:33:59 PM,10/15/2025 11:33:59 PM,,,,Stripe,11.99,11.99,0.00,0.00,0.00,0.00,0.00,lister_B,1.3,gwb_reader_003840,,USD,1.80
Mercari,m00000010756,m00000010756,UP-901675,UPP-810756,1,BIN-356,CL-010756,Lot of 2 Silk Blouse,Clothing,,USPS,USPS,44.99,44.99,10/16/2025 3:41:25 AM,10/16/2025 3:41:25 AM,,,,Stripe,51.98,44.99,6.99,0.00,0.00,0.00,0.00,lister_E,4.6,mercari_004021,,USD,4.50
GoodwillBooks,GB-9782270010777,GWB-890777,UP-901696,UPP-810777,1,BIN-377,BK-010777,Pre-owned Biography,Books,,USPS,USPS,2.99,2.99,10/16/2025 4:04:26 AM,10/16/2025 4:04:26 AM,10/16/2025 1:35:36 PM,,,Stripe,2.99,2.99,0.00,0.00,0.00,0.00,0.00,lister_F,2.7,gwb_reader_003423,,USD,0.45
eBay,310000010733,05-10733-31014,UP-901669,UPP-810733,1,BIN-333,SH-010733,Used Hiking Boots,Shoes,,USPS,USPS,11.99,11.99,10/16/2025 4:57:28 AM,10/16/2025 4:57:28 AM,,,PAY-10733,eBay Managed Payments,17.42,11.99,4.29,0.00,2.03,0.00,0.00,lister_E,2.3,ebuyer_002522,,USD,
GoodwillBooks,GB-9780450010768,GWB-890768,UP-901687,UPP-810768,1,BIN-368,BK-010768,Retro Field Guide,Books,,USPS,USPS,19.99,19.99,10/16/2025 6:29:02 AM,10/16/2025 6:29:02 AM,10/16/2025 12:25:28 PM,,,Stripe,19.99,19.99,0.00,0.00,0.00,0.00,0.00,lister_F,1.8,gwb_reader_003867,,USD,3.00
GoodwillBooks,GB-9786650010776,GWB-890776,UP-901695,UPP-810776,1,BIN-376,BK-010776,Antique Hardcover Novel,Books,,OSM Worldwide,OSM Worldwide,17.99,17.99,10/16/2025 6:50:19 AM,10/16/2025 6:50:19 AM,,,,Stripe,17.99,17.99,0.00,0.00,0.00,0.00,0.00,lister_F,2.6,gwb_reader_003915,,USD,2.70
Facebook Marketplace,FB-0010753,FB-0010753,UP-901672,UPP-810753,1,BIN-353,FN-010753,Lot of 2 Desk Chair,Furniture,,,Pickup,29.99,29.99,10/16/2025 7:03:05 AM,10/16/2025 7:03:05 AM,,,,Stripe,29.99,29.99,0.00,0.00,0.00,0.00,0.00,lister_B,4.3,,,USD,
GoodwillBooks,GB-9783880010764,GWB-890764,UP-901683,UPP-810764,1,BIN-364,BK-010764,Lot of 2 Paperback Lot,Books,,USPS,USPS,10.99,10.99,10/16/2025 7:36:20 AM,10/16/2025 7:36:20 AM,10/16/2025 6:41:31 AM,,,Stripe,10.99,10.99,0.00,0.00,0.00,0.00,0.00,lister_F,1.4,gwb_reader_003963,,USD,1.65
Facebook Marketplace,FB-0010761,FB-0010761,UP-901680,UPP-810761,1,BIN-361,FN-010761,Lot of 2 Side Table,Furniture,,,Pickup,23.99,23.99,10/16/2025 9:35:41 AM,10/16/2025 9:35:41 AM,,,,Stripe,23.99,23.99,0.00,0.00,0.00,0.00,0.00,lister_D,1.1,,,USD,
Mercari,m00000010754,m00000010754,UP-901673,UPP-810754,1,BIN-354,FN-010754,Like New Side Table,Furniture,,USPS,USPS,72.99,72.99,10/16/2025 9:54:28 AM,10/16/2025 9:54:28 AM,10/16/2025 9:37:21 AM,,,Stripe,79.98,72.99,6.99,0.00,0.00,0.00,0.00,lister_D,4.4,mercari_003933,,USD,7.30
GoodwillBooks,GB-9782130010773,GWB-890773,UP-901692,UPP-810773,1,BIN-373,BK-010773,Like New Hardcover Novel,Books,,USPS,USPS,2.99,2.99,10/16/2025 10:17:42 AM,10/16/2025 10:17:42 AM,,,,Stripe,2.99,2.99,0.00,0.00,0.00,0.00,0.00,lister_C,2.3,gwb_reader_003630,,USD,0.45
Mercari,m00000010762,m00000010762,UP-901681,UPP-810762,1,BIN-362,CL-010762,Like New Flannel Shirt,Clothing,,USPS,USPS,24.99,24.99,10/16/2025 12:20:21 PM,10/16/2025 12:20:21 PM,,,,Stripe,31.98,24.99,6.99,0.00,0.00,0.00,0.00,lister_C,1.2,mercari_003923,,USD,2.50
eBay,310000010736,08-10736-86061,UP-901670,UPP-810736,1,BIN-336,KT-010736,Classic Glass Pitcher,Kitchen,,FedEx,FedEx,14.99,14.99,10/16/2025 12:29:18 PM,10/16/2025 12:29:18 PM,10/16/2025 9:21:10 AM,,PAY-10736,eBay Managed Payments,16.04,14.99,0.00,0.00,2.44,0.00,0.00,lister_E,2.6,ebuyer_003156,,USD,
Facebook Marketplace,FB-0010758,FB-0010758,UP-901677,UPP-810758,1,BIN-358,HM-010758,Retro Picture Frame Set,Home Decor,,,Pickup,16.99,16.99,10/16/2025 1:34:47 PM,10/16/2025 1:34:47 PM,,,,Stripe,16.99,16.99,0.00,0.00,0.00,0.00,0.00,lister_B,4.8,,,USD,
GoodwillBooks,GB-9788850010769,GWB-890769,UP-901688,UPP-810769,1,BIN-369,BK-010769,Vintage Hardcover Novel,Books,,OSM Worldwide,OSM Worldwide,3.99,3.99,10/16/2025 1:50:27 PM,10/16/2025 1:50:27 PM,10/16/2025 10:27:00 AM,,,Stripe,3.99,3.99,0.00,0.00,0.00,0.00,0.00,lister_E,1.9,gwb_reader_003634,,USD,0.60
GoodwillBooks,GB-9781180010766,GWB-890766,UP-901685,UPP-810766,1,BIN-366,BK-010766,Antique Biography,Books,,USPS,USPS,12.99,12.99,10/16/2025 3:04:51 PM,10/16/2025 3:04:51 PM,10/16/2025 9:45:19 AM,,,Stripe,12.99,12.99,0.00,0.00,0.00,0.00,0.00,lister_E,1.6,gwb_reader_004042,,USD,1.95
Facebook Marketplace,FB-0010759,FB-0010759,UP-901678,UPP-810759,1,BIN-359,CL-010759,Retro Silk Blouse,Clothing,,,Pickup,19.99,19.99,10/16/2025 4:04:31 PM,10/16/2025 4:04:31 PM,,,,Stripe,19.99,19.99,0.00,0.00,0.00,0.00,0.00,lister_E,4.9,,,USD,
GoodwillBooks,GB-9781190010765,GWB-890765,UP-901684,UPP-810765,1,BIN-365,BK-010765,Used Field Guide,Books,,OSM Worldwide,OSM Worldwide,9.99,9.99,10/16/2025 4:41:15 PM,10/16/2025 4:41:15 PM,10/16/2025 9:00:09 AM,,,Stripe,9.99,9.99,0.00,0.00,0.00,0.00,0.00,lister_D,1.5,gwb_reader_003700,,USD,1.50
Facebook Marketplace,FB-0010760,FB-0010760,UP-901679,UPP-810760,1,BIN-360,KT-010760,Vintage Pyrex Bowl,Kitchen,,,Pickup,25.99,25.99,10/16/2025 5:05:15 PM,10/16/2025 5:05:15 PM,,,,Stripe,25.99,25.99,0.00,0.00,0.00,0.00,0.00,lister_E,1.0,,,USD,
GoodwillBooks,GB-9781130010775,GWB-890775,UP-901694,UPP-810775,1,BIN-375,BK-010775,Handmade Atlas,Books,,OSM Worldwide,OSM Worldwide,6.99,6.99,10/16/2025 5:55:09 PM,10/16/2025 5:55:09 PM,,,,Stripe,6.99,6.99,0.00,0.00,0.00,0.00,0.00,lister_C,2.5,gwb_reader_004001,,USD,1.05
ShopGoodwill,210010658,SGW-7710658,UP-901668,UPP-810658,1,BIN-258,CL-010658,Like New Denim Jacket,Clothing,,USPS,USPS,54.00,54.00,10/16/2025 6:27:02 PM,10/16/2025 6:27:02 PM,,,,Stripe,65.74,54.00,9.74,2.00,0.00,7.37,0.00,lister_A,2.8,sgw_bidder_000047,,USD,
Mercari,m00000010755,m00000010755,UP-901674,UPP-810755,1,BIN-355,SH-010755,Classic Hiking Boots,Shoes,,USPS,USPS,69.99,69.99,10/16/2025 6:41:31 PM,10/16/2025 6:41:31 PM,10/16/2025 10:22:52 AM,,,Stripe,76.98,69.99,6.99,0.00,0.00,0.00,0.00,lister_E,4.5,mercari_004046,,USD,7.00
Facebook Marketplace,FB-0010757,FB-0010757,UP-901676,UPP-810757,1,BIN-357,HB-010757,Lot of 2 Crossbody Bag,Handbags,,,Pickup,8.99,8.99,10/16/2025 6:51:07 PM,10/16/2025 6:51:07 PM,,,,Stripe,8.99,8.99,0.00,0.00,0.00,0.00,0.00,lister_D,4.7,,,USD,
GoodwillBooks,GB-9780690010767,GWB-890767,UP-901686,UPP-810767,1,BIN-367,BK-010767,Handmade Poetry Collection,Books,,USPS,USPS,14.99,14.99,10/16/2025 6:54:12 PM,10/16/2025 6:54:12 PM,10/16/2025 10:53:42 AM,,,Stripe,14.99,14.99,0.00,0.00,0.00,0.00,0.00,lister_A,1.7,gwb_reader_003407,,USD,2.25
GoodwillBooks,GB-9786370010770,GWB-890770,UP-901689,UPP-810770,1,BIN-370,BK-010770,Retro Biography,Books,,USPS,USPS,6.99,6.99,10/16/2025 7:01:12 PM,10/16/2025 7:01:12 PM,10/16/2025 12:24:21 PM,,,Stripe,6.99,6.99,0.00,0.00,0.00,0.00,0.00,lister_D,2.0,gwb_reader_003692,,USD,1.05
eBay,310000010749,14-10749-12955,UP-901671,UPP-810749,1,BIN-349,HB-010749,Pre-owned Tote Bag,Handbags,,USPS,USPS,23.99,23.99,10/16/2025 7:25:25 PM,10/16/2025 7:25:25 PM,,,PAY-10749,eBay Managed Payments,32.98,23.99,6.83,0.00,3.66,0.00,0.00,lister_E,3.9,ebuyer_003211,,USD,
GoodwillBooks,GB-9789010010774,GWB-890774,UP-901693,UPP-810774,1,BIN-374,BK-010774,Antique Atlas,Books,,USPS,USPS,11.99,11.99,10/16/2025 8:03:59 PM,10/16/2025 8:03:59 PM,10/16/2025 6:44:59 AM,,,Stripe,11.99,11.99,0.00,0.00,0.00,0.00,0.00,lister_C,2.4,gwb_reader_003400,,USD,1.80
GoodwillBooks,GB-9782180010772,GWB-890772,UP-901691,UPP-810772,1,BIN-372,BK-010772,Vintage Field Guide,Books,,USPS,USPS,7.99,7.99,10/16/2025 8:46:26 PM,10/16/2025 8:46:26 PM,10/16/2025 6:56:51 AM,,,Stripe,7.99,7.99,0.00,0.00,0.00,0.00,0.00,lister_A,2.2,gwb_reader_003472,,USD,1.20
GoodwillBooks,GB-9788310010771,GWB-890771,UP-901690,UPP-810771,1,BIN-371,BK-010771,Retro Atlas,Books,,OSM Worldwide,OSM Worldwide,7.99,7.99,10/16/2025 8:55:38 PM,10/16/2025 8:55:38 PM,,,,Stripe,7.99,7.99,0.00,0.00,0.00,0.00,0.00,lister_B,2.1,gwb_reader_003511,,USD,1.20
GoodwillBooks,GB-9786100010908,GWB-890908,UP-901707,UPP-810908,1,BIN-108,BK-010908,Retro Atlas,Books,,USPS,USPS,4.99,4.99,10/17/2025 1:32:14 AM,10/17/2025 1:32:14 AM,10/17/2025 11:44:35 AM,,,Stripe,4.99,4.99,0.00,0.00,0.00,0.00,0.00,lister_A,3.8,gwb_reader_003543,,USD,0.75
GoodwillBooks,GB-9785520010909,GWB-890909,UP-901708,UPP-810909,1,BIN-109,BK-010909,Vintage Textbook,Books,,OSM Worldwide,OSM Worldwide,10.99,10.99,10/17/2025 2:03:32 AM,10/17/2025 2:03:32 AM,10/17/2025 10:10:28 AM,,,Stripe,10.99,10.99,0.00,0.00,0.00,0.00,0.00,lister_A,3.9,gwb_reader_003830,,USD,1.65
eBay,310000010888,27-10888-59942,UP-901698,UPP-810888,1,BIN-088,EL-010888,Like New Portable Radio,Electronics,,FedEx,FedEx,60.99,60.99,10/17/2025 2:48:20 AM,10/17/2025 2:48:20 AM,10/17/2025 11:32:30 AM,,PAY-10888,eBay Managed Payments,65.26,60.99,0.00,0.00,8.69,0.00,0.00,lister_F,1.8,ebuyer_002938,,USD,
GoodwillBooks,GB-9788380010912,GWB-890912,UP-901711,UPP-810912,1,BIN-112,BK-010912,Vintage Field Guide,Books,,OSM Worldwide,OSM Worldwide,7.99,7.99,10/17/2025 3:59:43 AM,10/17/2025 3:59:43 AM,10/17/2025 1:02:47 PM,,,Stripe,7.99,7.99,0.00,0.00,0.00,0.00,0.00,lister_E,4.2,gwb_reader_003543,,USD,1.20
eBay,310000010880,08-10880-64915,UP-901697,UPP-810880,1,BIN-080,SG-010880,Pre-owned Tennis Racket,Sporting Goods,,USPS,USPS,49.99,49.99,10/17/2025 4:16:31 AM,10/17/2025 4:16:31 AM,10/17/2025 10:45:59 AM,,PAY-10880,eBay Managed Payments,63.43,49.99,9.29,0.00,7.20,0.00,0.00,lister_B,1.0,ebuyer_002809,,USD,
Facebook Marketplace,FB-0010904,FB-0010904,UP-901703,UPP-810904,1,BIN-104,HM-010904,Classic Mantel Clock,Home Decor,,,Pickup,9.99,9.99,10/17/2025 5:00:04 AM,10/17/2025 5:00:04 AM,,,,Stripe,9.99,9.99,0.00,0.00,0.00,0.00,0.00,lister_B,3.4,,,USD,
GoodwillBooks,GB-9782890010910,GWB-890910,UP-901709,UPP-810910,1,BIN-110,BK-010910,Retro Biography,Books,,USPS,USPS,12.99,12.99,10/17/2025 5:15:52 AM,10/17/2025 5:15:52 AM,10/17/2025 8:13:10 AM,,,Stripe,12.99,12.99,0.00,0.00,0.00,0.00,0.00,lister_E,4.0,gwb_reader_003510,,USD,1.95
GoodwillBooks,GB-9781860010911,GWB-890911,UP-901710,UPP-810911,1,BIN-111,BK-010911,Lot of 2 Biography,Books,,USPS,USPS,11.99,11.99,10/17/2025 6:59:54 AM,10/17/2025 6:59:54 AM,10/17/2025 8:40:18 AM,,,Stripe,11.99,11.99,0.00,0.00,0.00,0.00,0.00,lister_C,4.1,gwb_reader_003420,,USD,1.80
Mercari,m00000010902,m00000010902,UP-901701,UPP-810902,1,BIN-102,SH-010902,Used Loafers,Shoes,,USPS,USPS,22.99,22.99,10/17/2025 7:15:31 AM,10/17/2025 7:15:31 AM,10/17/2025 9:07:34 AM,,,Stripe,29.98,22.99,6.99,0.00,0.00,0.00,0.00,lister_B,3.2,mercari_003912,,USD,2.30
GoodwillBooks,GB-9787480010913,GWB-890913,UP-901712,UPP-810913,1,BIN-113,BK-010913,Pre-owned Atlas,Books,,OSM Worldwide,OSM Worldwide,23.99,23.99,10/17/2025 10:10:30 AM,10/17/2025 10:10:30 AM,10/17/2025 7:35:50 AM,,,Stripe,23.99,23.99,0.00,0.00,0.00,0.00,0.00,lister_E,4.3,gwb_reader_003780,,USD,3.60
GoodwillBooks,GB-9780780010914,GWB-890914,UP-901713,UPP-810914,1,BIN-114,BK-010914,Handmade Poetry Collection,Books,,USPS,USPS,7.99,7.99,10/17/2025 11:32:50 AM,10/17/2025 11:32:50 AM,10/17/2025 9:57:44 AM,,,Stripe,7.99,7.99,0.00,0.00,0.00,0.00,0.00,lister_B,4.4,gwb_reader_003831,,USD,1.20
Facebook Marketplace,FB-0010900,FB-0010900,UP-901699,UPP-810900,1,BIN-100,SH-010900,Pre-owned Sandals,Shoes,,,Pickup,16.99,16.99,10/17/2025 1:19:01 PM,10/17/2025 1:19:01 PM,,,,Stripe,16.99,16.99,0.00,0.00,0.00,0.00,0.00,lister_E,3.0,,,USD,
Facebook Marketplace,FB-0010903,FB-0010903,UP-901702,UPP-810903,1,BIN-103,SH-010903,Like New Sandals,Shoes,,,Pickup,23.99,23.99,10/17/2025 2:54:44 PM,10/17/2025 2:54:44 PM,,,,Stripe,23.99,23.99,0.00,0.00,0.00,0.00,0.00,lister_C,3.3,,,USD,
GoodwillBooks,GB-9786570010907,GWB-890907,UP-901706,UPP-810907,1,BIN-107,BK-010907,Lot of 2 Field Guide,Books,,OSM Worldwide,OSM Worldwide,11.99,11.99,10/17/2025 4:18:13 PM,10/17/2025 4:18:13 PM,,,,Stripe,11.99,11.99,0.00,0.00,0.00,0.00,0.00,lister_C,3.7,gwb_reader_003840,,USD,1.80
Facebook Marketplace,FB-0010901,FB-0010901,UP-901700,UPP-810901,1,BIN-101,SH-010901,Handmade Loafers,Shoes,,,Pickup,17.99,17.99,10/17/2025 5:11:57 PM,10/17/2025 5:11:57 PM,,,,Stripe,17.99,17.99,0.00,0.00,0.00,0.00,0.00,lister_D,3.1,,,USD,
Mercari,m00000010905,m00000010905,UP-901704,UPP-810905,1,BIN-105,FN-010905,Lot of 2 Patio Chair,Furniture,,USPS,USPS,52.99,52.99,10/17/2025 5:34:43 PM,10/17/2025 5:34:43 PM,,,,Stripe,59.98,52.99,6.99,0.00,0.00,0.00,0.00,lister_A,3.5,mercari_003920,,USD,5.30
GoodwillBooks,GB-9783230010906,GWB-890906,UP-901705,UPP-810906,1,BIN-106,BK-010906,Used Paperback Lot,Books,,OSM Worldwide,OSM Worldwide,21.99,21.99,10/17/2025 6:01:55 PM,10/17/2025 6:01:55 PM,,,,Stripe,21.99,21.99,0.00,0.00,0.00,0.00,0.00,lister_A,3.6,gwb_reader_003599,,USD,3.30
Mercari,m00000011042,m00000011042,UP-901725,UPP-811042,1,BIN-242,CL-011042,Like New Flannel Shirt,Clothing,,USPS,USPS,14.99,14.99,10/17/2025 10:37:29 PM,10/17/2025 10:37:29 PM,,,,Stripe,21.98,14.99,6.99,0.00,0.00,0.00,0.00,lister_D,1.2,mercari_003917,,USD,1.50
GoodwillBooks,GB-9782520011054,GWB-891054,UP-901737,UPP-811054,1,BIN-254,BK-011054,Lot of 2 Paperback Lot,Books,,OSM Worldwide,OSM Worldwide,4.99,4.99,10/17/2025 11:13:00 PM,10/17/2025 11:13:00 PM,,,,Stripe,4.99,4.99,0.00,0.00,0.00,0.00,0.00,lister_D,2.4,gwb_reader_003634,,USD,0.75
GoodwillBooks,GB-9782320011047,GWB-891047,UP-901730,UPP-811047,1,BIN-247,BK-011047,Used Biography,Books,,OSM Worldwide,OSM Worldwide,18.99,18.99,10/18/2025 12:14:52 AM,10/18/2025 12:14:52 AM,,,,Stripe,18.99,18.99,0.00,0.00,0.00,0.00,0.00,lister_D,1.7,gwb_reader_003438,,USD,2.85
GoodwillBooks,GB-9781230011045,GWB-891045,UP-901728,UPP-811045,1,BIN-245,BK-011045,Lot of 2 Hardcover Novel,Books,,OSM Worldwide,OSM Worldwide,4.99,4.99,10/18/2025 12:59:57 AM,10/18/2025 12:59:57 AM,10/18/2025 1:58:24 PM,,,Stripe,4.99,4.99,0.00,0.00,0.00,0.00,0.00,lister_F,1.5,gwb_reader_003694,,USD,0.75
Facebook Marketplace,FB-0011034,FB-0011034,UP-901717,UPP-811034,1,BIN-234,CL-011034,Lot of 2 Cashmere Sweater,Clothing,,,Pickup,34.99,34.99,10/18/2025 2:13:43 AM,10/18/2025 2:13:43 AM,,,,Stripe,34.99,34.99,0.00,0.00,0.00,0.00,0.00,lister_A,4.4,,,USD,
Mercari,m00000011037,m00000011037,UP-901720,UPP-811037,1,BIN-237,CL-011037,Like New Silk Blouse,Clothing,,USPS,USPS,13.99,13.99,10/18/2025 2:27:54 AM,10/18/2025 2:27:54 AM,10/18/2025 11:42:03 AM,,,Stripe,20.98,13.99,6.99,0.00,0.00,0.00,0.00,lister_F,4.7,mercari_003938,,USD,1.40
Mercari,m00000011032,m00000011032,UP-901715,UPP-811032,1,BIN-232,CL-011032,Antique Rain Jacket,Clothing,,USPS,USPS,24.99,24.99,10/18/2025 2:34:19 AM,10/18/2025 2:34:19 AM,10/18/2025 6:22:21 AM,,,Stripe,31.98,24.99,6.99,0.00,0.00,0.00,0.00,lister_F,4.2,mercari_003926,,USD,2.50
Facebook Marketplace,FB-0011036,FB-0011036,UP-901719,UPP-811036,1,BIN-236,FN-011036,Handmade Side Table,Furniture,,,Pickup,47.99,47.99,10/18/2025 2:52:56 AM,10/18/2025 2:52:56 AM,,,,Stripe,47.99,47.99,0.00,0.00,0.00,0.00,0.00,lister_A,4.6,,,USD,
Facebook Marketplace,FB-0011031,FB-0011031,UP-901714,UPP-811031,1,BIN-231,CL-011031,Antique Rain Jacket,Clothing,,,Pickup,13.99,13.99,10/18/2025 4:21:34 AM,10/18/2025 4:21:34 AM,,,,Stripe,13.99,13.99,0.00,0.00,0.00,0.00,0.00,lister_F,4.1,,,USD,
GoodwillBooks,GB-9784850011056,GWB-891056,UP-901739,UPP-811056,1,BIN-256,BK-011056,Antique Field Guide,Books,,USPS,USPS,5.99,5.99,10/18/2025 5:36:39 AM,10/18/2025 5:36:39 AM,10/18/2025 11:24:05 AM,,,Stripe,5.99,5.99,0.00,0.00,0.00,0.00,0.00,lister_B,2.6,gwb_reader_003401,,USD,0.90
GoodwillBooks,GB-9782020011049,GWB-891049,UP-901732,UPP-811049,1,BIN-249,MD-011049,Lot of 2 Audiobook,Media,,OSM Worldwide,OSM Worldwide,9.99,9.99,10/18/2025 6:30:52 AM,10/18/2025 6:30:52 AM,10/18/2025 10:32:26 AM,,,Stripe,9.99,9.99,0.00,0.00,0.00,0.00,0.00,lister_F,1.9,gwb_reader_003711,,USD,1.50
Facebook Marketplace,FB-0011033,FB-0011033,UP-901716,UPP-811033,1,BIN-233,FN-011033,Vintage Desk Chair,Furniture,,,Pickup,34.99,34.99,10/18/2025 6:39:01 AM,10/18/2025 6:39:01 AM,,,,Stripe,34.99,34.99,0.00,0.00,0.00,0.00,0.00,lister_B,4.3,,,USD,
GoodwillBooks,GB-9787580011043,GWB-891043,UP-901726,UPP-811043,1,BIN-243,BK-011043,Like New Hardcover Novel,Books,,OSM Worldwide,OSM Worldwide,14.99,14.99,10/18/2025 7:27:47 AM,10/18/2025 7:27:47 AM,10/18/2025 1:22:30 PM,,,Stripe,14.99,14.99,0.00,0.00,0.00,0.00,0.00,lister_D,1.3,gwb_reader_003909,,USD,2.25
GoodwillBooks,GB-9784130011052,GWB-891052,UP-901735,UPP-811052,1,BIN-252,BK-011052,Like New Atlas,Books,,USPS,USPS,9.99,9.99,10/18/2025 7:33:09 AM,10/18/2025 7:33:09 AM,,,,Stripe,9.99,9.99,0.00,0.00,0.00,0.00,0.00,lister_D,2.2,gwb_reader_003402,,USD,1.50
GoodwillBooks,GB-9781330011057,GWB-891057,UP-901740,UPP-811057,1,BIN-257,BK-011057,Classic Cookbook,Books,,OSM Worldwide,OSM Worldwide,12.99,12.99,10/18/2025 8:30:45 AM,10/18/2025 8:30:45 AM,10/18/2025 12:21:15 PM,,,Stripe,12.99,12.99,0.00,0.00,0.00,0.00,0.00,lister_B,2.7,gwb_reader_003657,,USD,1.95
GoodwillBooks,GB-9789220011051,GWB-891051,UP-901734,UPP-811051,1,BIN-251,BK-011051,Classic Textbook,Books,,USPS,USPS,5.99,5.99,10/18/2025 8:31:40 AM,10/18/2025 8:31:40 AM,10/18/2025 8:34:05 AM,,,Stripe,5.99,5.99,0.00,0.00,0.00,0.00,0.00,lister_B,2.1,gwb_reader_003530,,USD,0.90
GoodwillBooks,GB-9785480011046,GWB-891046,UP-901729,UPP-811046,1,BIN-246,BK-011046,Handmade Paperback Lot,Books,,OSM Worldwide,OSM Worldwide,2.99,2.99,10/18/2025 8:41:31 AM,10/18/2025 8:41:31 AM,10/18/2025 7:03:42 AM,,,Stripe,2.99,2.99,0.00,0.00,0.00,0.00,2.99,lister_D,1.6,gwb_reader_003532,,USD,
GoodwillBooks,GB-9782170011055,GWB-891055,UP-901738,UPP-811055,1,BIN-255,BK-011055,Mid-Century Hardcover Novel,Books,,OSM Worldwide,OSM Worldwide,22.99,22.99,10/18/2025 9:02:16 AM,10/18/2025 9:02:16 AM,10/18/2025 12:40:29 PM,,,Stripe,22.99,22.99,0.00,0.00,0.00,0.00,0.00,lister_E,2.5,gwb_reader_003691,,USD,3.45
Mercari,m00000011039,m00000011039,UP-901722,UPP-811039,1,BIN-239,FN-011039,Lot of 2 Side Table,Furniture,,USPS,USPS,23.99,23.99,10/18/2025 10:33:59 AM,10/18/2025 10:33:59 AM,10/18/2025 10:52:01 AM,,,Stripe,30.98,23.99,6.99,0.00,0.00,0.00,0.00,lister_A,4.9,mercari_003902,,USD,2.40
Mercari,m00000011040,m00000011040,UP-901723,UPP-811040,1,BIN-240,HB-011040,Mid-Century Clutch,Handbags,,USPS,USPS,18.99,18.99,10/18/2025 10:40:51 AM,10/18/2025 10:40:51 AM,10/18/2025 8:21:57 AM,,,Stripe,25.98,18.99,6.99,0.00,0.00,0.00,0.00,lister_E,1.0,mercari_003901,,USD,1.90
GoodwillBooks,GB-9782800011059,GWB-891059,UP-901742,UPP-811059,1,BIN-259,BK-011059,Vintage Atlas,Books,,OSM Worldwide,OSM Worldwide,7.99,7.99,10/18/2025 11:25:22 AM,10/18/2025 11:25:22 AM,,,,Stripe,7.99,7.99,0.00,0.00,0.00,0.00,0.00,lister_C,2.9,gwb_reader_003714,,USD,1.20
GoodwillBooks,GB-9780180011060,GWB-891060,UP-901743,UPP-811060,1,BIN-260,MD-011060,Handmade Audiobook,Media,,OSM Worldwide,OSM Worldwide,22.99,22.99,10/18/2025 11:35:46 AM,10/18/2025 11:35:46 AM,10/18/2025 1:16:16 PM,,,Stripe,22.99,22.99,0.00,0.00,0.00,0.00,0.00,lister_E,3.0,gwb_reader_003400,,USD,3.45
GoodwillBooks,GB-9782970011044,GWB-891044,UP-901727,UPP-811044,1,BIN-244,BK-011044,Like New Cookbook,Books,,OSM Worldwide,OSM Worldwide,4.99,4.99,10/18/2025 1:40:33 PM,10/18/2025 1:40:33 PM,10/18/2025 6:59:37 AM,,,Stripe,4.99,4.99,0.00,0.00,0.00,0.00,0.00,lister_B,1.4,gwb_reader_003809,,USD,0.75
GoodwillBooks,GB-9789930011053,GWB-891053,UP-901736,UPP-811053,1,BIN-253,MD-011053,Antique Blu-ray Set,Media,,OSM Worldwide,OSM Worldwide,7.99,7.99,10/18/2025 3:27:47 PM,10/18/2025 3:27:47 PM,10/18/2025 7:16:45 AM,,,Stripe,7.99,7.99,0.00,0.00,0.00,0.00,0.00,lister_D,2.3,gwb_reader_003793,,USD,1.20
Facebook Marketplace,FB-0011038,FB-0011038,UP-901721,UPP-811038,1,BIN-238,CL-011038,Retro Denim Jacket,Clothing,,,Pickup,33.99,33.99,10/18/2025 3:41:44 PM,10/18/2025 3:41:44 PM,,,,Stripe,33.99,33.99,0.00,0.00,0.00,0.00,0.00,lister_C,4.8,,,USD,
GoodwillBooks,GB-9787220011048,GWB-891048,UP-901731,UPP-811048,1,BIN-248,BK-011048,Retro Textbook,Books,,USPS,USPS,6.99,6.99,10/18/2025 4:34:24 PM,10/18/2025 4:34:24 PM,10/18/2025 8:58:46 AM,,,Stripe,6.99,6.99,0.00,0.00,0.00,0.00,0.00,lister_E,1.8,gwb_reader_003629,,USD,1.05
GoodwillBooks,GB-9788660011058,GWB-891058,UP-901741,UPP-811058,1,BIN-258,BK-011058,Antique Cookbook,Books,,OSM Worldwide,OSM Worldwide,6.99,6.99,10/18/2025 5:23:30 PM,10/18/2025 5:23:30 PM,10/18/2025 9:51:36 AM,,,Stripe,6.99,6.99,0.00,0.00,0.00,0.00,0.00,lister_D,2.8,gwb_reader_003710,,USD,1.05
GoodwillBooks,GB-9788690011050,GWB-891050,UP-901733,UPP-811050,1,BIN-250,BK-011050,Vintage Poetry Collection,Books,,OSM Worldwide,OSM Worldwide,8.99,8.99,10/18/2025 5:29:24 PM,10/18/2025 5:29:24 PM,10/18/2025 12:13:20 PM,,,Stripe,8.99,8.99,0.00,0.00,0.00,0.00,0.00,lister_B,2.0,gwb_reader_003421,,USD,1.35
Mercari,m00000011035,m00000011035,UP-901718,UPP-811035,1,BIN-235,HM-011035,Pre-owned Brass Candlesticks,Home Decor,,USPS,USPS,13.99,13.99,10/18/2025 7:19:41 PM,10/18/2025 7:19:41 PM,,,,Stripe,20.98,13.99,6.99,0.00,0.00,0.00,20.98,lister_C,4.5,mercari_003946,,USD,0.28
Facebook Marketplace,FB-0011041,FB-0011041,UP-901724,UPP-811041,1,BIN-241,CL-011041,Lot of 2 Flannel Shirt,Clothing,,,Pickup,17.99,17.99,10/18/2025 8:03:14 PM,10/18/2025 8:03:14 PM,,,,Stripe,17.99,17.99,0.00,0.00,0.00,0.00,0.00,lister_A,1.1,,,USD,
GoodwillBooks,GB-9784900011232,GWB-891232,UP-901763,UPP-811232,1,BIN-032,BK-011232,Mid-Century Poetry Collection,Books,,OSM Worldwide,OSM Worldwide,13.99,13.99,10/18/2025 11:13:54 PM,10/18/2025 11:13:54 PM,10/19/2025 6:47:25 AM,,,Stripe,13.99,13.99,0.00,0.00,0.00,0.00,0.00,lister_F,4.2,gwb_reader_003871,,USD,2.10
GoodwillBooks,GB-9781250011233,GWB-891233,UP-901764,UPP-811233,1,BIN-033,BK-011233,Handmade Hardcover Novel,Books,,OSM Worldwide,OSM Worldwide,14.99,14.99,10/19/2025 12:43:31 AM,10/19/2025 12:43:31 AM,10/19/2025 6:43:21 AM,,,Stripe,14.99,14.99,0.00,0.00,0.00,0.00,0.00,lister_A,4.3,gwb_reader_003425,,USD,2.25
GoodwillBooks,GB-9781950011235,GWB-891235,UP-901766,UPP-811235,1,BIN-035,BK-011235,Mid-Century Textbook,Books,,OSM Worldwide,OSM Worldwide,15.99,15.99,10/19/2025 12:58:09 AM,10/19/2025 12:58:09 AM,,,,Stripe,15.99,15.99,0.00,0.00,0.00,0.00,0.00,lister_B,4.5,gwb_reader_003485,,USD,2.40
ShopGoodwill,210011087,SGW-7711087,UP-901744,UPP-811087,1,BIN-287,JW-011087,Retro Gold Tone Necklace,Jewelry,,USPS,USPS,22.00,22.00,10/19/2025 2:05:41 AM,10/19/2025 2:05:41 AM,10/19/2025 8:36:35 AM,,,Stripe,31.32,22.00,7.32,2.00,0.00,3.14,0.00,lister_E,1.7,sgw_bidder_000112,,USD,
Mercari,m00000011215,m00000011215,UP-901746,UPP-811215,1,BIN-015,HM-011215,Pre-owned Table Lamp,Home Decor,,USPS,USPS,14.99,14.99,10/19/2025 3:13:43 AM,10/19/2025 3:13:43 AM,10/19/2025 9:40:33 AM,,,Stripe,21.98,14.99,6.99,0.00,0.00,0.00,0.00,lister_F,2.5,mercari_003903,,USD,1.50
GoodwillBooks,GB-9787960011225,GWB-891225,UP-901756,UPP-811225,1,BIN-025,BK-011225,Lot of 2 Field Guide,Books,,USPS,USPS,6.99,6.99,10/19/2025 3:53:03 AM,10/19/2025 3:53:03 AM,10/19/2025 7:30:23 AM,,,Stripe,6.99,6.99,0.00,0.00,0.00,0.00,0.00,lister_C,3.5,gwb_reader_003813,,USD,1.05
GoodwillBooks,GB-9784750011229,GWB-891229,UP-901760,UPP-811229,1,BIN-029,BK-011229,Lot of 2 Paperback Lot,Books,,USPS,USPS,4.99,4.99,10/19/2025 3:53:59 AM,10/19/2025 3:53:59 AM,,,,Stripe,4.99,4.99,0.00,0.00,0.00,0.00,0.00,lister_E,3.9,gwb_reader_003649,,USD,0.75
GoodwillBooks,GB-9787250011223,GWB-891223,UP-901754,UPP-811223,1,BIN-023,BK-011223,Classic Hardcover Novel,Books,,OSM Worldwide,OSM Worldwide,5.99,5.99,10/19/2025 4:11:28 AM,10/19/2025 4:11:28 AM,,,,Stripe,5.99,5.99,0.00,0.00,0.00,0.00,0.00,lister_B,3.3,gwb_reader_003400,,USD,0.90
GoodwillBooks,GB-9786680011224,GWB-891224,UP-901755,UPP-811224,1,BIN-024,BK-011224,Used Hardcover Novel,Books,,OSM Worldwide,OSM Worldwide,5.99,5.99,10/19/2025 4:26:24 AM,10/19/2025 4:26:24 AM,10/19/2025 1:11:17 PM,,,Stripe,5.99,5.99,0.00,0.00,0.00,0.00,0.00,lister_C,3.4,gwb_reader_003400,,USD,0.90
GoodwillBooks,GB-9780370011230,GWB-891230,UP-901761,UPP-811230,1,BIN-030,BK-011230,Antique Biography,Books,,OSM Worldwide,OSM Worldwide,20.99,20.99,10/19/2025 7:54:35 AM,10/19/2025 7:54:35 AM,10/19/2025 10:51:18 AM,,,Stripe,20.99,20.99,0.00,0.00,0.00,0.00,0.00,lister_F,4.0,gwb_reader_003627,,USD,3.15
GoodwillBooks,GB-9788930011237,GWB-891237,UP-901768,UPP-811237,1,BIN-037,BK-011237,Classic Paperback Lot,Books,,OSM Worldwide,OSM Worldwide,5.99,5.99,10/19/2025 8:24:32 AM,10/19/2025 8:24:32 AM,10/19/2025 10:39:06 AM,,,Stripe,5.99,5.99,0.00,0.00,0.00,0.00,0.00,lister_E,4.7,gwb_reader_003650,,USD,0.90
GoodwillBooks,GB-9783740011228,GWB-891228,UP-901759,UPP-811228,1,BIN-028,BK-011228,Retro Field Guide,Books,,OSM Worldwide,OSM Worldwide,13.99,13.99,10/19/2025 8:30:17 AM,10/19/2025 8:30:17 AM,10/19/2025 6:19:45 AM,,,Stripe,13.99,13.99,0.00,0.00,0.00,0.00,0.00,lister_E,3.8,gwb_reader_003663,,USD,2.10
Facebook Marketplace,FB-0011218,FB-0011218,UP-901749,UPP-811218,1,BIN-018,CL-011218,Vintage Denim Jacket,Clothing,,,Pickup,22.99,22.99,10/19/2025 8:45:40 AM,10/19/2025 8:45:40 AM,,,,Stripe,22.99,22.99,0.00,0.00,0.00,0.00,0.00,lister_E,2.8,,,USD,
Mercari,m00000011221,m00000011221,UP-901752,UPP-811221,1,BIN-021,SH-011221,Used Loafers,Shoes,,USPS,USPS,33.99,33.99,10/19/2025 9:32:23 AM,10/19/2025 9:32:23 AM,10/19/2025 8:27:48 AM,,,Stripe,40.98,33.99,6.99,0.00,0.00,0.00,0.00,lister_B,3.1,mercari_004051,,USD,3.40
GoodwillBooks,GB-9781030011226,GWB-891226,UP-901757,UPP-811226,1,BIN-026,BK-011226,Vintage Atlas,Books,,USPS,USPS,41.99,41.99,10/19/2025 9:52:02 AM,10/19/2025 9:52:02 AM,,,,Stripe,41.99,41.99,0.00,0.00,0.00,0.00,0.00,lister_C,3.6,gwb_reader_003416,,USD,6.30
GoodwillBooks,GB-9789330011227,GWB-891227,UP-901758,UPP-811227,1,BIN-027,MD-011227,Pre-owned CD Lot,Media,,OSM Worldwide,OSM Worldwide,9.99,9.99,10/19/2025 10:27:10 AM,10/19/2025 10:27:10 AM,10/19/2025 1:19:59 PM,,,Stripe,9.99,9.99,0.00,0.00,0.00,0.00,0.00,lister_E,3.7,gwb_reader_004015,,USD,1.50
GoodwillBooks,GB-9780890011234,GWB-891234,UP-901765,UPP-811234,1,BIN-034,BK-011234,Classic Textbook,Books,,USPS,USPS,3.99,3.99,10/19/2025 11:09:28 AM,10/19/2025 11:09:28 AM,,,,Stripe,3.99,3.99,0.00,0.00,0.00,0.00,0.00,lister_C,4.4,gwb_reader_003421,,USD,0.60
GoodwillBooks,GB-9781260011236,GWB-891236,UP-901767,UPP-811236,1,BIN-036,BK-011236,Lot of 2 Poetry Collection,Books,,USPS,USPS,21.99,21.99,10/19/2025 11:14:04 AM,10/19/2025 11:14:04 AM,10/19/2025 7:05:37 AM,,,Stripe,21.99,21.99,0.00,0.00,0.00,0.00,0.00,lister_D,4.6,gwb_reader_003451,,USD,3.30
GoodwillBooks,GB-9787440011231,GWB-891231,UP-901762,UPP-811231,1,BIN-031,BK-011231,Retro Textbook,Books,,USPS,USPS,3.99,3.99,10/19/2025 1:56:51 PM,10/19/2025 1:56:51 PM,,,,Stripe,3.99,3.99,0.00,0.00,0.00,0.00,0.00,lister_E,4.1,gwb_reader_003627,,USD,0.60
Facebook Marketplace,FB-0011220,FB-0011220,UP-901751,UPP-811220,1,BIN-020,HB-011220,Like New Tote Bag,Handbags,,,Pickup,9.99,9.99,10/19/2025 3:33:07 PM,10/19/2025 3:33:07 PM,,,,Stripe,9.99,9.99,0.00,0.00,0.00,0.00,0.00,lister_F,3.0,,,USD,
eBay,310000011212,14-11212-88104,UP-901745,UPP-811212,1,BIN-012,CL-011212,Handmade Wool Coat,Clothing,,USPS,USPS,14.99,14.99,10/19/2025 3:35:46 PM,10/19/2025 3:35:46 PM,10/19/2025 6:38:43 AM,,PAY-11212,eBay Managed Payments,16.04,14.99,0.00,0.00,0.49,0.00,14.99,lister_B,2.2,ebuyer_002647,,USD,
Facebook Marketplace,FB-0011216,FB-0011216,UP-901747,UPP-811216,1,BIN-016,KT-011216,Lot of 2 Fondue Set,Kitchen,,,Pickup,25.99,25.99,10/19/2025 4:38:52 PM,10/19/2025 4:38:52 PM,,,,Stripe,25.99,25.99,0.00,0.00,0.00,0.00,0.00,lister_E,2.6,,,USD,
Facebook Marketplace,FB-0011217,FB-0011217,UP-901748,UPP-811217,1,BIN-017,CL-011217,Vintage Flannel Shirt,Clothing,,,Pickup,21.99,21.99,10/19/2025 5:36:58 PM,10/19/2025 5:36:58 PM,,,,Stripe,21.99,21.99,0.00,0.00,0.00,0.00,0.00,lister_C,2.7,,,USD,
GoodwillBooks,GB-9788430011239,GWB-891239,UP-901770,UPP-811239,1,BIN-039,BK-011239,Like New Textbook,Books,,OSM Worldwide,OSM Worldwide,11.99,11.99,10/19/2025 6:17:19 PM,10/19/2025 6:17:19 PM,,,,Stripe,11.99,11.99,0.00,0.00,0.00,0.00,0.00,lister_E,4.9,gwb_reader_003421,,USD,1.80
GoodwillBooks,GB-9789420011238,GWB-891238,UP-901769,UPP-811238,1,BIN-038,BK-011238,Antique Paperback Lot,Books,,USPS,USPS,19.99,19.99,10/19/2025 6:52:19 PM,10/19/2025 6:52:19 PM,10/19/2025 1:44:55 PM,,,Stripe,19.99,19.99,0.00,0.00,0.00,0.00,0.00,lister_A,4.8,gwb_reader_003797,,USD,3.00
Facebook Marketplace,FB-0011222,FB-0011222,UP-901753,UPP-811222,1,BIN-022,HB-011222,Mid-Century Tote Bag,Handbags,,,Pickup,28.99,28.99,10/19/2025 6:56:04 PM,10/19/2025 6:56:04 PM,,,,Stripe,28.99,28.99,0.00,0.00,0.00,0.00,0.00,lister_E,3.2,,,USD,
Facebook Marketplace,FB-0011219,FB-0011219,UP-901750,UPP-811219,1,BIN-019,FN-011219,Antique Side Table,Furniture,,,Pickup,21.99,21.99,10/19/2025 8:50:45 PM,10/19/2025 8:50:45 PM,,,,Stripe,21.99,21.99,0.00,0.00,0.00,0.00,0.00,lister_D,2.9,,,USD,
GoodwillBooks,GB-9787880011371,GWB-891371,UP-901794,UPP-811371,1,BIN-171,BK-011371,Retro Atlas,Books,,OSM Worldwide,OSM Worldwide,4.99,4.99,10/19/2025 10:31:30 PM,10/19/2025 10:31:30 PM,,,,Stripe,4.99,4.99,0.00,0.00,0.00,0.00,0.00,lister_D,2.1,gwb_reader_003411,,USD,0.75
Facebook Marketplace,FB-0011357,FB-0011357,UP-901780,UPP-811357,1,BIN-157,KT-011357,Lot of 2 Stoneware Mugs,Kitchen,,,Pickup,9.99,9.99,10/19/2025 11:47:48 PM,10/19/2025 11:47:48 PM,,,,Stripe,9.99,9.99,0.00,0.00,0.00,0.00,0.00,lister_B,4.7,,,USD,
GoodwillBooks,GB-9781050011377,GWB-891377,UP-901800,UPP-811377,1,BIN-177,MD-011377,Handmade Audiobook,Media,,OSM Worldwide,OSM Worldwide,21.99,21.99,10/20/2025 12:23:38 AM,10/20/2025 12:23:38 AM,,,,Stripe,21.99,21.99,0.00,0.00,0.00,0.00,0.00,lister_E,2.7,gwb_reader_004047,,USD,3.30
GoodwillBooks,GB-9781640011372,GWB-891372,UP-901795,UPP-811372,1,BIN-172,BK-011372,Vintage Textbook,Books,,OSM Worldwide,OSM Worldwide,14.99,14.99,10/20/2025 1:33:18 AM,10/20/2025 1:33:18 AM,,,,Stripe,14.99,14.99,0.00,0.00,0.00,0.00,0.00,lister_E,2.2,gwb_reader_003442,,USD,2.25
Facebook Marketplace,FB-0011361,FB-0011361,UP-901784,UPP-811361,1,BIN-161,SH-011361,Used Leather Boots,Shoes,,,Pickup,7.99,7.99,10/20/2025 1:50:53 AM,10/20/2025 1:50:53 AM,,,,Stripe,7.99,7.99,0.00,0.00,0.00,0.00,0.00,lister_E,1.1,,,USD,
eBay,310000011339,27-11339-92818,UP-901772,UPP-811339,1,BIN-139,SH-011339,Handmade Hiking Boots,Shoes,,USPS,USPS,46.99,46.99,10/20/2025 3:55:46 AM,10/20/2025 3:55:46 AM,10/20/2025 12:35:18 PM,,PAY-11339,eBay Managed Payments,50.28,46.99,0.00,0.00,6.79,0.00,0.00,lister_D,2.9,ebuyer_002588,,USD,
GoodwillBooks,GB-9787230011376,GWB-891376,UP-901799,UPP-811376,1,BIN-176,BK-011376,Retro Field Guide,Books,,USPS,USPS,2.99,2.99,10/20/2025 4:09:28 AM,10/20/2025 4:09:28 AM,10/20/2025 8:14:49 AM,,,Stripe,2.99,2.99,0.00,0.00,0.00,0.00,0.00,lister_B,2.6,gwb_reader_003579,,USD,0.45
GoodwillBooks,GB-9787770011374,GWB-891374,UP-901797,UPP-811374,1,BIN-174,BK-011374,Mid-Century Field Guide,Books,,OSM Worldwide,OSM Worldwide,7.99,7.99,10/20/2025 4:16:17 AM,10/20/2025 4:16:17 AM,10/20/2025 1:01:33 PM,,,Stripe,7.99,7.99,0.00,0.00,0.00,0.00,0.00,lister_F,2.4,gwb_reader_003709,,USD,1.20
Mercari,m00000011354,m00000011354,UP-901777,UPP-811354,1,BIN-154,KT-011354,Used Cast Iron Skillet,Kitchen,,USPS,USPS,12.99,12.99,10/20/2025 5:17:13 AM,10/20/2025 5:17:13 AM,,,,Stripe,19.98,12.99,6.99,0.00,0.00,0.00,0.00,lister_B,4.4,mercari_003915,,USD,1.30
GoodwillBooks,GB-9786170011365,GWB-891365,UP-901788,UPP-811365,1,BIN-165,BK-011365,Mid-Century Paperback Lot,Books,,USPS,USPS,10.99,10.99,10/20/2025 5:30:51 AM,10/20/2025 5:30:51 AM,,,,Stripe,10.99,10.99,0.00,0.00,0.00,0.00,0.00,lister_D,1.5,gwb_reader_004048,,USD,1.65
GoodwillBooks,GB-9780290011369,GWB-891369,UP-901792,UPP-811369,1,BIN-169,BK-011369,Handmade Atlas,Books,,USPS,USPS,10.99,10.99,10/20/2025 6:59:36 AM,10/20/2025 6:59:36 AM,,,,Stripe,10.99,10.99,0.00,0.00,0.00,0.00,0.00,lister_C,1.9,gwb_reader_003422,,USD,1.65
Facebook Marketplace,FB-0011360,FB-0011360,UP-901783,UPP-811360,1,BIN-160,FN-011360,Lot of 2 Side Table,Furniture,,,Pickup,41.99,41.99,10/20/2025 7:04:50 AM,10/20/2025 7:04:50 AM,,,,Stripe,41.99,41.99,0.00,0.00,0.00,0.00,0.00,lister_C,1.0,,,USD,
Facebook Marketplace,FB-0011359,FB-0011359,UP-901782,UPP-811359,1,BIN-159,CL-011359,Mid-Century Denim Jacket,Clothing,,,Pickup,19.99,19.99,10/20/2025 8:51:24 AM,10/20/2025 8:51:24 AM,,,,Stripe,19.99,19.99,0.00,0.00,0.00,0.00,0.00,lister_A,4.9,,,USD,
GoodwillBooks,GB-9780090011368,GWB-891368,UP-901791,UPP-811368,1,BIN-168,BK-011368,Lot of 2 Hardcover Novel,Books,,USPS,USPS,4.99,4.99,10/20/2025 9:20:05 AM,10/20/2025 9:20:05 AM,10/20/2025 7:32:51 AM,,,Stripe,4.99,4.99,0.00,0.00,0.00,0.00,0.00,lister_F,1.8,gwb_reader_003689,,USD,0.75
GoodwillBooks,GB-9789030011364,GWB-891364,UP-901787,UPP-811364,1,BIN-164,BK-011364,Lot of 2 Cookbook,Books,,OSM Worldwide,OSM Worldwide,11.99,11.99,10/20/2025 9:54:26 AM,10/20/2025 9:54:26 AM,,,,Stripe,11.99,11.99,0.00,0.00,0.00,0.00,0.00,lister_F,1.4,gwb_reader_003765,,USD,1.80
Facebook Marketplace,FB-0011362,FB-0011362,UP-901785,UPP-811362,1,BIN-162,HB-011362,Pre-owned Tote Bag,Handbags,,,Pickup,32.99,32.99,10/20/2025 10:02:02 AM,10/20/2025 10:02:02 AM,,,,Stripe,32.99,32.99,0.00,0.00,0.00,0.00,0.00,lister_F,1.2,,,USD,
GoodwillBooks,GB-9781930011375,GWB-891375,UP-901798,UPP-811375,1,BIN-175,BK-011375,Antique Textbook,Books,,OSM Worldwide,OSM Worldwide,1.99,1.99,10/20/2025 10:14:00 AM,10/20/2025 10:14:00 AM,10/20/2025 11:44:49 AM,,,Stripe,1.99,1.99,0.00,0.00,0.00,0.00,0.00,lister_A,2.5,gwb_reader_003551,,USD,0.30
Facebook Marketplace,FB-0011353,FB-0011353,UP-901776,UPP-811353,1,BIN-153,FN-011353,Classic Bookshelf,Furniture,,,Pickup,38.99,38.99,10/20/2025 10:51:05 AM,10/20/2025 10:51:05 AM,,,,Stripe,38.99,38.99,0.00,0.00,0.00,0.00,0.00,lister_D,4.3,,,USD,
Facebook Marketplace,FB-0011358,FB-0011358,UP-901781,UPP-811358,1,BIN-158,CL-011358,Mid-Century Silk Blouse,Clothing,,,Pickup,39.99,39.99,10/20/2025 11:24:46 AM,10/20/2025 11:24:46 AM,,,,Stripe,39.99,39.99,0.00,0.00,0.00,0.00,0.00,lister_A,4.8,,,USD,
Facebook Marketplace,FB-0011351,FB-0011351,UP-901774,UPP-811351,1,BIN-151,CL-011351,Handmade Flannel Shirt,Clothing,,,Pickup,13.99,13.99,10/20/2025 11:31:59 AM,10/20/2025 11:31:59 AM,,,,Stripe,13.99,13.99,0.00,0.00,0.00,0.00,0.00,lister_D,4.1,,,USD,
Mercari,m00000011352,m00000011352,UP-901775,UPP-811352,1,BIN-152,SH-011352,Handmade Loafers,Shoes,,USPS,USPS,58.99,58.99,10/20/2025 12:09:11 PM,10/20/2025 12:09:11 PM,10/20/2025 12:39:47 PM,,,Stripe,65.98,58.99,6.99,0.00,0.00,0.00,0.00,lister_A,4.2,mercari_004013,,USD,5.90
GoodwillBooks,GB-9788190011366,GWB-891366,UP-901789,UPP-811366,1,BIN-166,BK-011366,Mid-Century Field Guide,Books,,OSM Worldwide,OSM Worldwide,5.99,5.99,10/20/2025 1:22:25 PM,10/20/2025 1:22:25 PM,,,,Stripe,5.99,5.99,0.00,0.00,0.00,0.00,0.00,lister_D,1.6,gwb_reader_004013,,USD,0.90
GoodwillBooks,GB-9786600011370,GWB-891370,UP-901793,UPP-811370,1,BIN-170,BK-011370,Mid-Century Field Guide,Books,,OSM Worldwide,OSM Worldwide,9.99,9.99,10/20/2025 1:42:10 PM,10/20/2025 1:42:10 PM,10/20/2025 9:18:35 AM,,,Stripe,9.99,9.99,0.00,0.00,0.00,0.00,0.00,lister_C,2.0,gwb_reader_003521,,USD,1.50
Facebook Marketplace,FB-0011350,FB-0011350,UP-901773,UPP-811350,1,BIN-150,HB-011350,Retro Crossbody Bag,Handbags,,,Pickup,35.99,35.99,10/20/2025 3:09:21 PM,10/20/2025 3:09:21 PM,,,,Stripe,35.99,35.99,0.00,0.00,0.00,0.00,0.00,lister_B,4.0,,,USD,
GoodwillBooks,GB-9786100011367,GWB-891367,UP-901790,UPP-811367,1,BIN-167,BK-011367,Mid-Century Atlas,Books,,OSM Worldwide,OSM Worldwide,9.99,9.99,10/20/2025 3:20:54 PM,10/20/2025 3:20:54 PM,,,,Stripe,9.99,9.99,0.00,0.00,0.00,0.00,0.00,lister_E,1.7,gwb_reader_003429,,USD,1.50
GoodwillBooks,GB-9785330011378,GWB-891378,UP-901801,UPP-811378,1,BIN-178,BK-011378,Classic Paperback Lot,Books,,USPS,USPS,6.99,6.99,10/20/2025 3:36:05 PM,10/20/2025 3:36:05 PM,,,,Stripe,6.99,6.99,0.00,0.00,0.00,0.00,0.00,lister_D,2.8,gwb_reader_003801,,USD,1.05
GoodwillBooks,GB-9788660011373,GWB-891373,UP-901796,UPP-811373,1,BIN-173,BK-011373,Pre-owned Paperback Lot,Books,,OSM Worldwide,OSM Worldwide,7.99,7.99,10/20/2025 3:44:19 PM,10/20/2025 3:44:19 PM,,,,Stripe,7.99,7.99,0.00,0.00,0.00,0.00,0.00,lister_D,2.3,gwb_reader_003522,,USD,1.20
Facebook Marketplace,FB-0011363,FB-0011363,UP-901786,UPP-811363,1,BIN-163,HB-011363,Mid-Century Crossbody Bag,Handbags,,,Pickup,23.99,23.99,10/20/2025 4:59:03 PM,10/20/2025 4:59:03 PM,,,,Stripe,23.99,23.99,0.00,0.00,0.00,0.00,0.00,lister_C,1.3,,,USD,
Facebook Marketplace,FB-0011356,FB-0011356,UP-901779,UPP-811356,1,BIN-156,CL-011356,Pre-owned Rain Jacket,Clothing,,,Pickup,15.99,15.99,10/20/2025 5:43:24 PM,10/20/2025 5:43:24 PM,,,,Stripe,15.99,15.99,0.00,0.00,0.00,0.00,0.00,lister_E,4.6,,,USD,
eBay,310000011332,01-11332-04897,UP-901771,UPP-811332,1,BIN-132,HB-011332,Vintage Clutch,Handbags,,USPS,USPS,34.99,34.99,10/20/2025 8:34:49 PM,10/20/2025 8:34:49 PM,,,PAY-11332,eBay Managed Payments,48.07,34.99,9.93,0.00,5.16,0.00,0.00,lister_B,2.2,ebuyer_002535,,USD,
Facebook Marketplace,FB-0011355,FB-0011355,UP-901778,UPP-811355,1,BIN-155,CL-011355,Like New Denim Jacket,Clothing,,,Pickup,32.99,32.99,10/20/2025 8:34:50 PM,10/20/2025 8:34:50 PM,,,,Stripe,32.99,32.99,0.00,0.00,0.00,0.00,0.00,lister_E,4.5,,,USD,
GoodwillBooks,GB-9787140011517,GWB-891517,UP-901822,UPP-811517,1,BIN-317,BK-011517,Pre-owned Atlas,Books,,OSM Worldwide,OSM Worldwide,11.99,11.99,10/20/2025 9:21:39 PM,10/20/2025 9:21:39 PM,10/21/2025 7:42:42 AM,,,Stripe,11.99,11.99,0.00,0.00,0.00,0.00,0.00,lister_D,4.7,gwb_reader_003445,,USD,1.80
GoodwillBooks,GB-9787430011519,GWB-891519,UP-901824,UPP-811519,1,BIN-319,BK-011519,Like New Atlas,Books,,USPS,USPS,9.99,9.99,10/20/2025 10:25:47 PM,10/20/2025 10:25:47 PM,,,,Stripe,9.99,9.99,0.00,0.00,0.00,0.00,9.99,lister_C,4.9,gwb_reader_003404,,USD,
Facebook Marketplace,FB-0011504,FB-0011504,UP-901809,UPP-811504,1,BIN-304,CL-011504,Handmade Wool Coat,Clothing,,,Pickup,8.99,8.99,10/20/2025 10:55:29 PM,10/20/2025 10:55:29 PM,,,,Stripe,8.99,8.99,0.00,0.00,0.00,0.00,0.00,lister_C,3.4,,,USD,
Facebook Marketplace,FB-0011507,FB-0011507,UP-901812,UPP-811507,1,BIN-307,SH-011507,Like New Hiking Boots,Shoes,,,Pickup,7.99,7.99,10/20/2025 10:58:42 PM,10/20/2025 10:58:42 PM,,,,Stripe,7.99,7.99,0.00,0.00,0.00,0.00,0.00,lister_B,3.7,,,USD,
GoodwillBooks,GB-9782160011513,GWB-891513,UP-901818,UPP-811513,1,BIN-313,BK-011513,Classic Textbook,Books,,OSM Worldwide,OSM Worldwide,10.99,10.99,10/20/2025 10:58:53 PM,10/20/2025 10:58:53 PM,10/21/2025 11:38:36 AM,,,Stripe,10.99,10.99,0.00,0.00,0.00,0.00,0.00,lister_B,4.3,gwb_reader_003695,,USD,1.65
Mercari,m00000011499,m00000011499,UP-901804,UPP-811499,1,BIN-299,SH-011499,Antique Running Shoes,Shoes,,USPS,USPS,8.99,8.99,10/20/2025 11:38:06 PM,10/20/2025 11:38:06 PM,10/21/2025 9:19:18 AM,,,Stripe,15.98,8.99,6.99,0.00,0.00,0.00,0.00,lister_F,2.9,mercari_003909,,USD,0.90
ShopGoodwill,210011389,SGW-7711389,UP-901802,UPP-811389,1,BIN-189,TY-011389,Mid-Century Plush Bear,Toys,,USPS,USPS,35.00,35.00,10/21/2025 1:58:01 AM,10/21/2025 1:58:01 AM,10/21/2025 1:43:25 PM,,,Stripe,47.36,35.00,10.36,2.00,0.00,4.92,0.00,lister_D,3.9,sgw_bidder_000273,,USD,
GoodwillBooks,GB-9783380011514,GWB-891514,UP-901819,UPP-811514,1,BIN-314,BK-011514,Like New Paperback Lot,Books,,OSM Worldwide,OSM Worldwide,17.99,17.99,10/21/2025 4:35:38 AM,10/21/2025 4:35:38 AM,10/21/2025 11:45:23 AM,,,Stripe,17.99,17.99,0.00,0.00,0.00,0.00,0.00,lister_B,4.4,gwb_reader_003583,,USD,2.70
Mercari,m00000011508,m00000011508,UP-901813,UPP-811508,1,BIN-308,HM-011508,Classic Mantel Clock,Home Decor,,USPS,USPS,11.99,11.99,10/21/2025 6:14:29 AM,10/21/2025 6:14:29 AM,10/21/2025 12:49:27 PM,,,Stripe,18.98,11.99,6.99,0.00,0.00,0.00,0.00,lister_C,3.8,mercari_003954,,USD,1.20
Facebook Marketplace,FB-0011509,FB-0011509,UP-901814,UPP-811509,1,BIN-309,SH-011509,Classic Sandals,Shoes,,,Pickup,43.99,43.99,10/21/2025 6:34:53 AM,10/21/2025 6:34:53 AM,,,,Stripe,43.99,43.99,0.00,0.00,0.00,0.00,0.00,lister_F,3.9,,,USD,
GoodwillBooks,GB-9784370011515,GWB-891515,UP-901820,UPP-811515,1,BIN-315,BK-011515,Pre-owned Textbook,Books,,OSM Worldwide,OSM Worldwide,7.99,7.99,10/21/2025 7:35:09 AM,10/21/2025 7:35:09 AM,10/21/2025 7:01:18 AM,,,Stripe,7.99,7.99,0.00,0.00,0.00,0.00,0.00,lister_B,4.5,gwb_reader_003442,,USD,1.20
Facebook Marketplace,FB-0011506,FB-0011506,UP-901811,UPP-811506,1,BIN-306,FN-011506,Handmade Desk Chair,Furniture,,,Pickup,4.99,4.99,10/21/2025 7:52:54 AM,10/21/2025 7:52:54 AM,,,,Stripe,4.99,4.99,0.00,0.00,0.00,0.00,0.00,lister_E,3.6,,,USD,
GoodwillBooks,GB-9788960011510,GWB-891510,UP-901815,UPP-811510,1,BIN-310,BK-011510,Like New Field Guide,Books,,USPS,USPS,35.99,35.99,10/21/2025 8:31:45 AM,10/21/2025 8:31:45 AM,10/21/2025 7:05:27 AM,,,Stripe,35.99,35.99,0.00,0.00,0.00,0.00,0.00,lister_B,4.0,gwb_reader_003593,,USD,5.40
GoodwillBooks,GB-9786900011518,GWB-891518,UP-901823,UPP-811518,1,BIN-318,BK-011518,Mid-Century Cookbook,Books,,USPS,USPS,27.99,27.99,10/21/2025 8:32:02 AM,10/21/2025 8:32:02 AM,,,,Stripe,27.99,27.99,0.00,0.00,0.00,0.00,0.00,lister_C,4.8,gwb_reader_003404,,USD,4.20
Facebook Marketplace,FB-0011501,FB-0011501,UP-901806,UPP-811501,1,BIN-301,FN-011501,Lot of 2 Patio Chair,Furniture,,,Pickup,64.99,64.99,10/21/2025 11:02:10 AM,10/21/2025 11:02:10 AM,,,,Stripe,64.99,64.99,0.00,0.00,0.00,0.00,0.00,lister_F,3.1,,,USD,
GoodwillBooks,GB-9781420011516,GWB-891516,UP-901821,UPP-811516,1,BIN-316,BK-011516,Pre-owned Cookbook,Books,,USPS,USPS,7.99,7.99,10/21/2025 11:07:54 AM,10/21/2025 11:07:54 AM,,,,Stripe,7.99,7.99,0.00,0.00,0.00,0.00,0.00,lister_E,4.6,gwb_reader_003851,,USD,1.20
GoodwillBooks,GB-9783770011522,GWB-891522,UP-901827,UPP-811522,1,BIN-322,BK-011522,Like New Poetry Collection,Books,,OSM Worldwide,OSM Worldwide,4.99,4.99,10/21/2025 11:56:20 AM,10/21/2025 11:56:20 AM,10/21/2025 8:50:46 AM,,,Stripe,4.99,4.99,0.00,0.00,0.00,0.00,0.00,lister_B,1.2,gwb_reader_003412,,USD,0.75
Facebook Marketplace,FB-0011502,FB-0011502,UP-901807,UPP-811502,1,BIN-302,HB-011502,Lot of 2 Leather Satchel,Handbags,,,Pickup,35.99,35.99,10/21/2025 12:13:34 PM,10/21/2025 12:13:34 PM,,,,Stripe,35.99,35.99,0.00,0.00,0.00,0.00,0.00,lister_A,3.2,,,USD,
GoodwillBooks,GB-9788980011512,GWB-891512,UP-901817,UPP-811512,1,BIN-312,BK-011512,Retro Atlas,Books,,OSM Worldwide,OSM Worldwide,4.99,4.99,10/21/2025 2:38:17 PM,10/21/2025 2:38:17 PM,10/21/2025 8:50:46 AM,,,Stripe,4.99,4.99,0.00,0.00,0.00,0.00,0.00,lister_D,4.2,gwb_reader_003610,,USD,0.75
GoodwillBooks,GB-9787150011521,GWB-891521,UP-901826,UPP-811521,1,BIN-321,BK-011521,Classic Textbook,Books,,USPS,USPS,10.99,10.99,10/21/2025 4:18:02 PM,10/21/2025 4:18:02 PM,10/21/2025 7:39:12 AM,,,Stripe,10.99,10.99,0.00,0.00,0.00,0.00,0.00,lister_E,1.1,gwb_reader_003465,,USD,1.65
GoodwillBooks,GB-9786330011520,GWB-891520,UP-901825,UPP-811520,1,BIN-320,BK-011520,Handmade Cookbook,Books,,OSM Worldwide,OSM Worldwide,7.99,7.99,10/21/2025 5:15:34 PM,10/21/2025 5:15:34 PM,10/21/2025 6:13:40 AM,,,Stripe,7.99,7.99,0.00,0.00,0.00,0.00,0.00,lister_A,1.0,gwb_reader_003401,,USD,1.20
Mercari,m00000011500,m00000011500,UP-901805,UPP-811500,1,BIN-300,CL-011500,Lot of 2 Wool Coat,Clothing,,USPS,USPS,71.99,71.99,10/21/2025 5:27:39 PM,10/21/2025 5:27:39 PM,,,,Stripe,78.98,71.99,6.99,0.00,0.00,0.00,0.00,lister_B,3.0,mercari_004009,,USD,7.20
GoodwillBooks,GB-9788080011511,GWB-891511,UP-901816,UPP-811511,1,BIN-311,BK-011511,Like New Cookbook,Books,,OSM Worldwide,OSM Worldwide,21.99,21.99,10/21/2025 5:28:27 PM,10/21/2025 5:28:27 PM,10/21/2025 9:01:04 AM,,,Stripe,21.99,21.99,0.00,0.00,0.00,0.00,0.00,lister_E,4.1,gwb_reader_003641,,USD,3.30
GoodwillBooks,GB-9781930011524,GWB-891524,UP-901829,UPP-811524,1,BIN-324,BK-011524,Retro Paperback Lot,Books,,OSM Worldwide,OSM Worldwide,16.99,16.99,10/21/2025 5:31:18 PM,10/21/2025 5:31:18 PM,10/21/2025 9:31:58 AM,,,Stripe,16.99,16.99,0.00,0.00,0.00,0.00,0.00,lister_E,1.4,gwb_reader_003519,,USD,2.55
Facebook Marketplace,FB-0011503,FB-0011503,UP-901808,UPP-811503,1,BIN-303,CL-011503,Like New Denim Jacket,Clothing,,,Pickup,17.99,17.99,10/21/2025 6:08:05 PM,10/21/2025 6:08:05 PM,,,,Stripe,17.99,17.99,0.00,0.00,0.00,0.00,0.00,lister_C,3.3,,,USD,
GoodwillBooks,GB-9788230011523,GWB-891523,UP-901828,UPP-811523,1,BIN-323,BK-011523,Lot of 2 Cookbook,Books,,USPS,USPS,19.99,19.99,10/21/2025 6:36:03 PM,10/21/2025 6:36:03 PM,10/21/2025 9:16:11 AM,,,Stripe,19.99,19.99,0.00,0.00,0.00,0.00,0.00,lister_D,1.3,gwb_reader_003999,,USD,3.00
Facebook Marketplace,FB-0011505,FB-0011505,UP-901810,UPP-811505,1,BIN-305,CL-011505,Classic Rain Jacket,Clothing,,,Pickup,13.99,13.99,10/21/2025 8:16:49 PM,10/21/2025 8:16:49 PM,,,,Stripe,13.99,13.99,0.00,0.00,0.00,0.00,0.00,lister_F,3.5,,,USD,
Facebook Marketplace,FB-0011498,FB-0011498,UP-901803,UPP-811498,1,BIN-298,HB-011498,Vintage Crossbody Bag,Handbags,,,Pickup,11.99,11.99,10/21/2025 8:35:37 PM,10/21/2025 8:35:37 PM,,,,Stripe,11.99,11.99,0.00,0.00,0.00,0.00,0.00,lister_E,2.8,,,USD,
GoodwillBooks,GB-9781830011654,GWB-891654,UP-901843,UPP-811654,1,BIN-054,BK-011654,Pre-owned Field Guide,Books,,OSM Worldwide,OSM Worldwide,10.99,10.99,10/21/2025 9:59:15 PM,10/21/2025 9:59:15 PM,,,,Stripe,10.99,10.99,0.00,0.00,0.00,0.00,0.00,lister_B,2.4,gwb_reader_003700,,USD,1.65
Facebook Marketplace,FB-0011645,FB-0011645,UP-901834,UPP-811645,1,BIN-045,CL-011645,Used Cashmere Sweater,Clothing,,,Pickup,20.99,20.99,10/22/2025 12:46:42 AM,10/22/2025 12:46:42 AM,,,,Stripe,20.99,20.99,0.00,0.00,0.00,0.00,0.00,lister_D,1.5,,,USD,
GoodwillBooks,GB-9783470011656,GWB-891656,UP-901845,UPP-811656,1,BIN-056,BK-011656,Classic Cookbook,Books,,USPS,USPS,7.99,7.99,10/22/2025 2:36:43 AM,10/22/2025 2:36:43 AM,10/22/2025 12:37:18 PM,,,Stripe,7.99,7.99,0.00,0.00,0.00,0.00,0.00,lister_F,2.6,gwb_reader_003523,,USD,1.20
Mercari,m00000011643,m00000011643,UP-901832,UPP-811643,1,BIN-043,HB-011643,Handmade Clutch,Handbags,,USPS,USPS,11.99,11.99,10/22/2025 2:40:32 AM,10/22/2025 2:40:32 AM,10/22/2025 7:10:04 AM,,,Stripe,18.98,11.99,6.99,0.00,0.00,0.00,0.00,lister_F,1.3,mercari_004054,,USD,1.20
GoodwillBooks,GB-9781370011658,GWB-891658,UP-901847,UPP-811658,1,BIN-058,MD-011658,Classic Audiobook,Media,,USPS,USPS,11.99,11.99,10/22/2025 2:46:34 AM,10/22/2025 2:46:34 AM,,,,Stripe,11.99,11.99,0.00,0.00,0.00,0.00,0.00,lister_D,2.8,gwb_reader_003638,,USD,1.80
Facebook Marketplace,FB-0011642,FB-0011642,UP-901831,UPP-811642,1,BIN-042,FN-011642,Used Bookshelf,Furniture,,,Pickup,32.99,32.99,10/22/2025 5:14:21 AM,10/22/2025 5:14:21 AM,,,,Stripe,32.99,32.99,0.00,0.00,0.00,0.00,0.00,lister_C,1.2,,,USD,
GoodwillBooks,GB-9780430011653,GWB-891653,UP-901842,UPP-811653,1,BIN-053,MD-011653,Classic Audiobook,Media,,OSM Worldwide,OSM Worldwide,11.99,11.99,10/22/2025 5:37:16 AM,10/22/2025 5:37:16 AM,10/22/2025 6:40:35 AM,,,Stripe,11.99,11.99,0.00,0.00,0.00,0.00,0.00,lister_C,2.3,gwb_reader_003733,,USD,1.80
Facebook Marketplace,FB-0011646,FB-0011646,UP-901835,UPP-811646,1,BIN-046,CL-011646,Like New Denim Jacket,Clothing,,,Pickup,22.99,22.99,10/22/2025 5:40:15 AM,10/22/2025 5:40:15 AM,,,,Stripe,22.99,22.99,0.00,0.00,0.00,0.00,0.00,lister_C,1.6,,,USD,
GoodwillBooks,GB-9788640011648,GWB-891648,UP-901837,UPP-811648,1,BIN-048,BK-011648,Used Poetry Collection,Books,,USPS,USPS,8.99,8.99,10/22/2025 6:24:38 AM,10/22/2025 6:24:38 AM,10/22/2025 6:00:39 AM,,,Stripe,8.99,8.99,0.00,0.00,0.00,0.00,0.00,lister_B,1.8,gwb_reader_003401,,USD,1.35
Facebook Marketplace,FB-0011647,FB-0011647,UP-901836,UPP-811647,1,BIN-047,CL-011647,Pre-owned Rain Jacket,Clothing,,,Pickup,12.99,12.99,10/22/2025 8:19:42 AM,10/22/2025 8:19:42 AM,,,,Stripe,12.99,12.99,0.00,0.00,0.00,0.00,0.00,lister_F,1.7,,,USD,
GoodwillBooks,GB-9784090011657,GWB-891657,UP-901846,UPP-811657,1,BIN-057,BK-011657,Antique Textbook,Books,,OSM Worldwide,OSM Worldwide,30.99,30.99,10/22/2025 9:19:06 AM,10/22/2025 9:19:06 AM,10/22/2025 9:47:40 AM,,,Stripe,30.99,30.99,0.00,0.00,0.00,0.00,0.00,lister_E,2.7,gwb_reader_003412,,USD,4.65
GoodwillBooks,GB-9784320011659,GWB-891659,UP-901848,UPP-811659,1,BIN-059,BK-011659,Pre-owned Textbook,Books,,OSM Worldwide,OSM Worldwide,7.99,7.99,10/22/2025 9:29:39 AM,10/22/2025 9:29:39 AM,,,,Stripe,7.99,7.99,0.00,0.00,0.00,0.00,0.00,lister_E,2.9,gwb_reader_003604,,USD,1.20
ShopGoodwill,210011548,SGW-7711548,UP-901830,UPP-811548,1,BIN-348,KT-011548,Vintage Cast Iron Skillet,Kitchen,,FedEx,FedEx,16.00,16.00,10/22/2025 10:55:25 AM,10/22/2025 10:55:25 AM,,,,Stripe,25.65,16.00,7.65,2.00,0.00,2.37,0.00,lister_E,3.8,sgw_bidder_000111,,USD,
GoodwillBooks,GB-9781630011655,GWB-891655,UP-901844,UPP-811655,1,BIN-055,MD-011655,Like New Audiobook,Media,,OSM Worldwide,OSM Worldwide,4.99,4.99,10/22/2025 11:34:12 AM,10/22/2025 11:34:12 AM,,,,Stripe,4.99,4.99,0.00,0.00,0.00,0.00,0.00,lister_B,2.5,gwb_reader_003416,,USD,0.75
GoodwillBooks,GB-9788850011649,GWB-891649,UP-901838,UPP-811649,1,BIN-049,BK-011649,Mid-Century Paperback Lot,Books,,OSM Worldwide,OSM Worldwide,18.99,18.99,10/22/2025 12:20:37 PM,10/22/2025 12:20:37 PM,10/22/2025 9:57:36 AM,,,Stripe,18.99,18.99,0.00,0.00,0.00,0.00,0.00,lister_E,1.9,gwb_reader_003640,,USD,2.85
GoodwillBooks,GB-9786520011651,GWB-891651,UP-901840,UPP-811651,1,BIN-051,BK-011651,Antique Biography,Books,,OSM Worldwide,OSM Worldwide,15.99,15.99,10/22/2025 12:45:47 PM,10/22/2025 12:45:47 PM,10/22/2025 7:03:12 AM,,,Stripe,15.99,15.99,0.00,0.00,0.00,0.00,0.00,lister_A,2.1,gwb_reader_003487,,USD,2.40
GoodwillBooks,GB-9785270011652,GWB-891652,UP-901841,UPP-811652,1,BIN-052,BK-011652,Classic Biography,Books,,OSM Worldwide,OSM Worldwide,24.99,24.99,10/22/2025 4:24:15 PM,10/22/2025 4:24:15 PM,10/22/2025 1:40:09 PM,,,Stripe,24.99,24.99,0.00,0.00,0.00,0.00,0.00,lister_B,2.2,gwb_reader_003653,,USD,3.75
Facebook Marketplace,FB-0011644,FB-0011644,UP-901833,UPP-811644,1,BIN-044,CL-011644,Classic Flannel Shirt,Clothing,,,Pickup,11.99,11.99,10/22/2025 6:50:58 PM,10/22/2025 6:50:58 PM,,,,Stripe,11.99,11.99,0.00,0.00,0.00,0.00,0.00,lister_B,1.4,,,USD,
GoodwillBooks,GB-9782920011650,GWB-891650,UP-901839,UPP-811650,1,BIN-050,BK-011650,Antique Paperback Lot,Books,,USPS,USPS,29.99,29.99,10/22/2025 8:39:23 PM,10/22/2025 8:39:23 PM,10/22/2025 6:08:02 AM,,,Stripe,29.99,29.99,0.00,0.00,0.00,0.00,0.00,lister_F,2.0,gwb_reader_003429,,USD,4.50
GoodwillBooks,GB-9785310011801,GWB-891801,UP-901869,UPP-811801,1,BIN-201,BK-011801,Lot of 2 Poetry Collection,Books,,USPS,USPS,4.99,4.99,10/22/2025 9:31:08 PM,10/22/2025 9:31:08 PM,10/23/2025 12:33:32 PM,,,Stripe,4.99,4.99,0.00,0.00,0.00,0.00,4.99,lister_D,1.1,gwb_reader_003648,,USD,
Facebook Marketplace,FB-0011786,FB-0011786,UP-901854,UPP-811786,1,BIN-186,KT-011786,Used Stoneware Mugs,Kitchen,,,Pickup,16.99,16.99,10/22/2025 9:37:00 PM,10/22/2025 9:37:00 PM,,,,Stripe,16.99,16.99,0.00,0.00,0.00,0.00,0.00,lister_C,3.6,,,USD,
GoodwillBooks,GB-9781150011799,GWB-891799,UP-901867,UPP-811799,1,BIN-199,MD-011799,Antique DVD Box Set,Media,,OSM Worldwide,OSM Worldwide,21.99,21.99,10/23/2025 12:17:28 AM,10/23/2025 12:17:28 AM,10/23/2025 8:22:22 AM,,,Stripe,21.99,21.99,0.00,0.00,0.00,0.00,0.00,lister_F,4.9,gwb_reader_003682,,USD,3.30
GoodwillBooks,GB-9782610011798,GWB-891798,UP-901866,UPP-811798,1,BIN-198,BK-011798,Mid-Century Cookbook,Books,,USPS,USPS,9.99,9.99,10/23/2025 3:49:43 AM,10/23/2025 3:49:43 AM,10/23/2025 12:43:42 PM,,,Stripe,9.99,9.99,0.00,0.00,0.00,0.00,0.00,lister_D,4.8,gwb_reader_003535,,USD,1.50
Mercari,m00000011787,m00000011787,UP-901855,UPP-811787,1,BIN-187,CL-011787,Like New Denim Jacket,Clothing,,USPS,USPS,11.99,11.99,10/23/2025 4:43:47 AM,10/23/2025 4:43:47 AM,10/23/2025 10:28:24 AM,,,Stripe,18.98,11.99,6.99,0.00,0.00,0.00,0.00,lister_E,3.7,mercari_003916,,USD,1.20
GoodwillBooks,GB-9786470011795,GWB-891795,UP-901863,UPP-811795,1,BIN-195,BK-011795,Classic Cookbook,Books,,USPS,USPS,11.99,11.99,10/23/2025 5:14:06 AM,10/23/2025 5:14:06 AM,10/23/2025 1:10:24 PM,,,Stripe,11.99,11.99,0.00,0.00,0.00,0.00,0.00,lister_A,4.5,gwb_reader_003901,,USD,1.80
Mercari,m00000011789,m00000011789,UP-901857,UPP-811789,1,BIN-189,CL-011789,Like New Denim Jacket,Clothing,,USPS,USPS,20.99,20.99,10/23/2025 5:15:55 AM,10/23/2025 5:15:55 AM,10/23/2025 9:52:48 AM,,,Stripe,27.98,20.99,6.99,0.00,0.00,0.00,0.00,lister_F,3.9,mercari_003900,,USD,2.10
Facebook Marketplace,FB-0011790,FB-0011790,UP-901858,UPP-811790,1,BIN-190,SH-011790,Classic Loafers,Shoes,,,Pickup,42.99,42.99,10/23/2025 5:43:58 AM,10/23/2025 5:43:58 AM,,,,Stripe,42.99,42.99,0.00,0.00,0.00,0.00,0.00,lister_F,4.0,,,USD,
GoodwillBooks,GB-9783370011792,GWB-891792,UP-901860,UPP-811792,1,BIN-192,BK-011792,Pre-owned Atlas,Books,,OSM Worldwide,OSM Worldwide,26.99,26.99,10/23/2025 6:21:48 AM,10/23/2025 6:21:48 AM,,,,Stripe,26.99,26.99,0.00,0.00,0.00,0.00,0.00,lister_F,4.2,gwb_reader_003456,,USD,4.05
GoodwillBooks,GB-9784240011797,GWB-891797,UP-901865,UPP-811797,1,BIN-197,BK-011797,Mid-Century Cookbook,Books,,OSM Worldwide,OSM Worldwide,32.99,32.99,10/23/2025 7:06:22 AM,10/23/2025 7:06:22 AM,10/23/2025 1:12:45 PM,,,Stripe,32.99,32.99,0.00,0.00,0.00,0.00,0.00,lister_A,4.7,gwb_reader_003455,,USD,4.95
Facebook Marketplace,FB-0011784,FB-0011784,UP-901852,UPP-811784,1,BIN-184,HB-011784,Pre-owned Leather Satchel,Handbags,,,Pickup,24.99,24.99,10/23/2025 9:17:01 AM,10/23/2025 9:17:01 AM,,,,Stripe,24.99,24.99,0.00,0.00,0.00,0.00,0.00,lister_F,3.4,,,USD,
Facebook Marketplace,FB-0011783,FB-0011783,UP-901851,UPP-811783,1,BIN-183,CL-011783,Lot of 2 Wool Coat,Clothing,,,Pickup,38.99,38.99,10/23/2025 9:49:58 AM,10/23/2025 9:49:58 AM,,,,Stripe,38.99,38.99,0.00,0.00,0.00,0.00,0.00,lister_C,3.3,,,USD,
GoodwillBooks,GB-9781540011800,GWB-891800,UP-901868,UPP-811800,1,BIN-200,BK-011800,Antique Hardcover Novel,Books,,OSM Worldwide,OSM Worldwide,5.99,5.99,10/23/2025 10:49:42 AM,10/23/2025 10:49:42 AM,10/23/2025 11:44:07 AM,,,Stripe,5.99,5.99,0.00,0.00,0.00,0.00,0.00,lister_E,1.0,gwb_reader_003588,,USD,0.90
Facebook Marketplace,FB-0011788,FB-0011788,UP-901856,UPP-811788,1,BIN-188,SH-011788,Antique Loafers,Shoes,,,Pickup,22.99,22.99,10/23/2025 12:05:11 PM,10/23/2025 12:05:11 PM,,,,Stripe,22.99,22.99,0.00,0.00,0.00,0.00,0.00,lister_B,3.8,,,USD,
GoodwillBooks,GB-9787720011794,GWB-891794,UP-901862,UPP-811794,1,BIN-194,BK-011794,Used Paperback Lot,Books,,OSM Worldwide,OSM Worldwide,8.99,8.99,10/23/2025 2:09:15 PM,10/23/2025 2:09:15 PM,10/23/2025 8:00:11 AM,,,Stripe,8.99,8.99,0.00,0.00,0.00,0.00,0.00,lister_E,4.4,gwb_reader_003526,,USD,1.35
GoodwillBooks,GB-9784930011793,GWB-891793,UP-901861,UPP-811793,1,BIN-193,BK-011793,Mid-Century Cookbook,Books,,OSM Worldwide,OSM Worldwide,6.99,6.99,10/23/2025 3:07:56 PM,10/23/2025 3:07:56 PM,,,,Stripe,6.99,6.99,0.00,0.00,0.00,0.00,0.00,lister_C,4.3,gwb_reader_003413,,USD,1.05
GoodwillBooks,GB-9788280011796,GWB-891796,UP-901864,UPP-811796,1,BIN-196,BK-011796,Like New Biography,Books,,OSM Worldwide,OSM Worldwide,22.99,22.99,10/23/2025 3:11:26 PM,10/23/2025 3:11:26 PM,,,,Stripe,22.99,22.99,0.00,0.00,0.00,0.00,0.00,lister_B,4.6,gwb_reader_003412,,USD,3.45
Facebook Marketplace,FB-0011791,FB-0011791,UP-901859,UPP-811791,1,BIN-191,CL-011791,Lot of 2 Rain Jacket,Clothing,,,Pickup,13.99,13.99,10/23/2025 3:41:39 PM,10/23/2025 3:41:39 PM,,,,Stripe,13.99,13.99,0.00,0.00,0.00,0.00,0.00,lister_B,4.1,,,USD,
eBay,310000011781,18-11781-65825,UP-901850,UPP-811781,1,BIN-181,SG-011781,Handmade Tennis Racket,Sporting Goods,,FedEx,FedEx,142.99,142.99,10/23/2025 4:46:10 PM,10/23/2025 4:46:10 PM,10/23/2025 9:58:36 AM,,PAY-11781,eBay Managed Payments,157.99,142.99,4.66,0.00,19.85,0.00,0.00,lister_F,3.1,ebuyer_002690,,USD,
eBay,310000011766,16-11766-67154,UP-901849,UPP-811766,1,BIN-166,CL-011766,Handmade Silk Blouse,Clothing,,USPS,USPS,35.99,35.99,10/23/2025 6:53:05 PM,10/23/2025 6:53:05 PM,,,PAY-11766,eBay Managed Payments,44.64,35.99,5.73,0.00,5.29,0.00,0.00,lister_F,1.6,ebuyer_002869,,USD,
Facebook Marketplace,FB-0011785,FB-0011785,UP-901853,UPP-811785,1,BIN-185,SH-011785,Like New Running Shoes,Shoes,,,Pickup,16.99,16.99,10/23/2025 8:46:00 PM,10/23/2025 8:46:00 PM,,,,Stripe,16.99,16.99,0.00,0.00,0.00,0.00,0.00,lister_F,3.5,,,USD,
Facebook Marketplace,FB-0011936,FB-0011936,UP-901882,UPP-811936,1,BIN-336,KT-011936,Used Glass Pitcher,Kitchen,,,Pickup,13.99,13.99,10/23/2025 10:45:48 PM,10/23/2025 10:45:48 PM,,,,Stripe,13.99,13.99,0.00,0.00,0.00,0.00,0.00,lister_C,2.6,,,USD,
eBay,310000011906,27-11906-50757,UP-901873,UPP-811906,1,BIN-306,KT-011906,Classic Fondue Set,Kitchen,,FedEx,FedEx,28.99,28.99,10/23/2025 11:33:17 PM,10/23/2025 11:33:17 PM,10/24/2025 10:34:14 AM,,PAY-11906,eBay Managed Payments,31.02,28.99,0.00,0.00,4.34,0.00,0.00,lister_D,3.6,ebuyer_002653,,USD,
GoodwillBooks,GB-9783340011937,GWB-891937,UP-901883,UPP-811937,1,BIN-337,BK-011937,Mid-Century Field Guide,Books,,OSM Worldwide,OSM Worldwide,10.99,10.99,10/24/2025 12:00:23 AM,10/24/2025 12:00:23 AM,10/24/2025 12:30:18 PM,,,Stripe,10.99,10.99,0.00,0.00,0.00,0.00,0.00,lister_A,2.7,gwb_reader_003811,,USD,1.65
eBay,310000011900,26-11900-22456,UP-901871,UPP-811900,1,BIN-300,SH-011900,Mid-Century Leather Boots,Shoes,,FedEx,FedEx,18.99,18.99,10/24/2025 12:03:42 AM,10/24/2025 12:03:42 AM,,,PAY-11900,eBay Managed Payments,20.32,18.99,0.00,0.00,2.98,0.00,0.00,lister_E,3.0,ebuyer_002913,,USD,
ShopGoodwill,210011829,SGW-7711829,UP-901870,UPP-811829,1,BIN-229,JW-011829,Mid-Century Charm Bracelet,Jewelry,,USPS,USPS,60.00,60.00,10/24/2025 12:04:37 AM,10/24/2025 12:04:37 AM,10/24/2025 6:32:18 AM,,,Stripe,68.13,60.00,6.13,2.00,0.00,8.04,0.00,lister_A,3.9,sgw_bidder_000987,,USD,
GoodwillBooks,GB-9784080011949,GWB-891949,UP-901895,UPP-811949,1,BIN-349,BK-011949,Mid-Century Field Guide,Books,,USPS,USPS,8.99,8.99,10/24/2025 12:38:04 AM,10/24/2025 12:38:04 AM,,,,Stripe,8.99,8.99,0.00,0.00,0.00,0.00,0.00,lister_A,3.9,gwb_reader_003536,,USD,1.35
Facebook Marketplace,FB-0011931,FB-0011931,UP-901877,UPP-811931,1,BIN-331,CL-011931,Like New Denim Jacket,Clothing,,,Pickup,74.99,74.99,10/24/2025 2:14:15 AM,10/24/2025 2:14:15 AM,,,,Stripe,74.99,74.99,0.00,0.00,0.00,0.00,0.00,lister_F,2.1,,,USD,
GoodwillBooks,GB-9787850011939,GWB-891939,UP-901885,UPP-811939,1,BIN-339,BK-011939,Mid-Century Hardcover Novel,Books,,USPS,USPS,8.99,8.99,10/24/2025 4:16:59 AM,10/24/2025 4:16:59 AM,10/24/2025 9:42:56 AM,,,Stripe,8.99,8.99,0.00,0.00,0.00,0.00,0.00,lister_A,2.9,gwb_reader_003400,,USD,1.35
Mercari,m00000011930,m00000011930,UP-901876,UPP-811930,1,BIN-330,HB-011930,Vintage Leather Satchel,Handbags,,USPS,USPS,26.99,26.99,10/24/2025 6:38:08 AM,10/24/2025 6:38:08 AM,10/24/2025 12:22:06 PM,,,Stripe,33.98,26.99,6.99,0.00,0.00,0.00,0.00,lister_F,2.0,mercari_003901,,USD,2.70
eBay,310000011926,05-11926-16326,UP-901874,UPP-811926,1,BIN-326,SG-011926,Pre-owned Tennis Racket,Sporting Goods,,USPS,USPS,18.99,18.99,10/24/2025 8:17:10 AM,10/24/2025 8:17:10 AM,10/24/2025 8:49:28 AM,,PAY-11926,eBay Managed Payments,29.32,18.99,8.41,0.00,2.98,0.00,0.00,lister_F,1.6,ebuyer_002747,,USD,
eBay,310000011904,26-11904-00177,UP-901872,UPP-811904,1,BIN-304,CL-011904,Mid-Century Wool Coat,Clothing,,USPS,USPS,50.99,50.99,10/24/2025 9:15:43 AM,10/24/2025 9:15:43 AM,10/24/2025 12:23:24 PM,,PAY-11904,eBay Managed Payments,61.05,50.99,6.07,0.00,7.33,0.00,0.00,lister_C,3.4,ebuyer_002535,,USD,
Facebook Marketplace,FB-0011934,FB-0011934,UP-901880,UPP-811934,1,BIN-334,FN-011934,Vintage Patio Chair,Furniture,,,Pickup,13.99,13.99,10/24/2025 9:34:45 AM,10/24/2025 9:34:45 AM,,,,Stripe,13.99,13.99,0.00,0.00,0.00,0.00,0.00,lister_D,2.4,,,USD,
GoodwillBooks,GB-9785210011951,GWB-891951,UP-901897,UPP-811951,1,BIN-351,BK-011951,Classic Field Guide,Books,,OSM Worldwide,OSM Worldwide,4.99,4.99,10/24/2025 10:14:58 AM,10/24/2025 10:14:58 AM,10/24/2025 7:34:07 AM,,,Stripe,4.99,4.99,0.00,0.00,0.00,0.00,0.00,lister_E,4.1,gwb_reader_003417,,USD,0.75
GoodwillBooks,GB-9783610011952,GWB-891952,UP-901898,UPP-811952,1,BIN-352,BK-011952,Pre-owned Field Guide,Books,,USPS,USPS,20.99,20.99,10/24/2025 11:06:47 AM,10/24/2025 11:06:47 AM,10/24/2025 11:44:01 AM,,,Stripe,20.99,20.99,0.00,0.00,0.00,0.00,0.00,lister_E,4.2,gwb_reader_004024,,USD,3.15
GoodwillBooks,GB-9786550011943,GWB-891943,UP-901889,UPP-811943,1,BIN-343,BK-011943,Antique Field Guide,Books,,USPS,USPS,10.99,10.99,10/24/2025 11:16:22 AM,10/24/2025 11:16:22 AM,10/24/2025 6:38:51 AM,,,Stripe,10.99,10.99,0.00,0.00,0.00,0.00,0.00,lister_C,3.3,gwb_reader_003434,,USD,1.65
GoodwillBooks,GB-9780750011941,GWB-891941,UP-901887,UPP-811941,1,BIN-341,BK-011941,Classic Textbook,Books,,OSM Worldwide,OSM Worldwide,14.99,14.99,10/24/2025 11:37:07 AM,10/24/2025 11:37:07 AM,,,,Stripe,14.99,14.99,0.00,0.00,0.00,0.00,0.00,lister_A,3.1,gwb_reader_003794,,USD,2.25
Mercari,m00000011935,m00000011935,UP-901881,UPP-811935,1,BIN-335,FN-011935,Pre-owned Patio Chair,Furniture,,USPS,USPS,46.99,46.99,10/24/2025 11:40:57 AM,10/24/2025 11:40:57 AM,,,,Stripe,53.98,46.99,6.99,0.00,0.00,0.00,0.00,lister_A,2.5,mercari_003914,,USD,4.70
GoodwillBooks,GB-9787840011940,GWB-891940,UP-901886,UPP-811940,1,BIN-340,BK-011940,Pre-owned Atlas,Books,,USPS,USPS,7.99,7.99,10/24/2025 12:14:13 PM,10/24/2025 12:14:13 PM,10/24/2025 10:06:13 AM,,,Stripe,7.99,7.99,0.00,0.00,0.00,0.00,0.00,lister_A,3.0,gwb_reader_003488,,USD,1.20
GoodwillBooks,GB-9782320011942,GWB-891942,UP-901888,UPP-811942,1,BIN-342,BK-011942,Pre-owned Cookbook,Books,,OSM Worldwide,OSM Worldwide,5.99,5.99,10/24/2025 1:36:27 PM,10/24/2025 1:36:27 PM,10/24/2025 11:15:04 AM,,,Stripe,5.99,5.99,0.00,0.00,0.00,0.00,0.00,lister_E,3.2,gwb_reader_003878,,USD,0.90
Facebook Marketplace,FB-0011933,FB-0011933,UP-901879,UPP-811933,1,BIN-333,SH-011933,Handmade Hiking Boots,Shoes,,,Pickup,44.99,44.99,10/24/2025 1:46:02 PM,10/24/2025 1:46:02 PM,,,,Stripe,44.99,44.99,0.00,0.00,0.00,0.00,0.00,lister_E,2.3,,,USD,
GoodwillBooks,GB-9785890011954,GWB-891954,UP-901900,UPP-811954,1,BIN-354,BK-011954,Mid-Century Field Guide,Books,,OSM Worldwide,OSM Worldwide,19.99,19.99,10/24/2025 1:55:56 PM,10/24/2025 1:55:56 PM,10/24/2025 11:29:47 AM,,,Stripe,19.99,19.99,0.00,0.00,0.00,0.00,0.00,lister_B,4.4,gwb_reader_003843,,USD,3.00
GoodwillBooks,GB-9781920011938,GWB-891938,UP-901884,UPP-811938,1,BIN-338,BK-011938,Used Atlas,Books,,OSM Worldwide,OSM Worldwide,20.99,20.99,10/24/2025 2:25:52 PM,10/24/2025 2:25:52 PM,,,,Stripe,20.99,20.99,0.00,0.00,0.00,0.00,0.00,lister_B,2.8,gwb_reader_003893,,USD,3.15
Facebook Marketplace,FB-0011932,FB-0011932,UP-901878,UPP-811932,1,BIN-332,CL-011932,Like New Silk Blouse,Clothing,,,Pickup,14.99,14.99,10/24/2025 2:26:10 PM,10/24/2025 2:26:10 PM,,,,Stripe,14.99,14.99,0.00,0.00,0.00,0.00,0.00,lister_F,2.2,,,USD,
GoodwillBooks,GB-9789180011948,GWB-891948,UP-901894,UPP-811948,1,BIN-348,BK-011948,Antique Textbook,Books,,OSM Worldwide,OSM Worldwide,26.99,26.99,10/24/2025 3:42:55 PM,10/24/2025 3:42:55 PM,10/24/2025 9:43:09 AM,,,Stripe,26.99,26.99,0.00,0.00,0.00,0.00,0.00,lister_C,3.8,gwb_reader_004014,,USD,4.05
GoodwillBooks,GB-9786860011947,GWB-891947,UP-901893,UPP-811947,1,BIN-347,BK-011947,Like New Biography,Books,,USPS,USPS,4.99,4.99,10/24/2025 3:57:36 PM,10/24/2025 3:57:36 PM,10/24/2025 10:43:57 AM,,,Stripe,4.99,4.99,0.00,0.00,0.00,0.00,0.00,lister_D,3.7,gwb_reader_003901,,USD,0.75
GoodwillBooks,GB-9785410011953,GWB-891953,UP-901899,UPP-811953,1,BIN-353,BK-011953,Classic Biography,Books,,OSM Worldwide,OSM Worldwide,8.99,8.99,10/24/2025 5:23:06 PM,10/24/2025 5:23:06 PM,,,,Stripe,8.99,8.99,0.00,0.00,0.00,0.00,0.00,lister_A,4.3,gwb_reader_003418,,USD,1.35
GoodwillBooks,GB-9780170011945,GWB-891945,UP-901891,UPP-811945,1,BIN-345,BK-011945,Like New Hardcover Novel,Books,,OSM Worldwide,OSM Worldwide,15.99,15.99,10/24/2025 5:25:29 PM,10/24/2025 5:25:29 PM,,,,Stripe,15.99,15.99,0.00,0.00,0.00,0.00,0.00,lister_B,3.5,gwb_reader_003699,,USD,2.40
GoodwillBooks,GB-9780650011946,GWB-891946,UP-901892,UPP-811946,1,BIN-346,BK-011946,Handmade Biography,Books,,OSM Worldwide,OSM Worldwide,5.99,5.99,10/24/2025 6:10:53 PM,10/24/2025 6:10:53 PM,10/24/2025 10:33:31 AM,,,Stripe,5.99,5.99,0.00,0.00,0.00,0.00,0.00,lister_C,3.6,gwb_reader_003617,,USD,0.90
GoodwillBooks,GB-9781220011944,GWB-891944,UP-901890,UPP-811944,1,BIN-344,BK-011944,Pre-owned Cookbook,Books,,USPS,USPS,11.99,11.99,10/24/2025 7:21:57 PM,10/24/2025 7:21:57 PM,10/24/2025 1:26:32 PM,,,Stripe,11.99,11.99,0.00,0.00,0.00,0.00,0.00,lister_C,3.4,gwb_reader_003572,,USD,1.80
Mercari,m00000011929,m00000011929,UP-901875,UPP-811929,1,BIN-329,CL-011929,Handmade Cashmere Sweater,Clothing,,USPS,USPS,19.99,19.99,10/24/2025 7:32:35 PM,10/24/2025 7:32:35 PM,10/24/2025 6:28:40 AM,,,Stripe,26.98,19.99,6.99,0.00,0.00,0.00,0.00,lister_E,1.9,mercari_003995,,USD,2.00
GoodwillBooks,GB-9786310011950,GWB-891950,UP-901896,UPP-811950,1,BIN-350,BK-011950,Pre-owned Poetry Collection,Books,,OSM Worldwide,OSM Worldwide,15.99,15.99,10/24/2025 8:13:21 PM,10/24/2025 8:13:21 PM,10/24/2025 7:48:03 AM,,,Stripe,15.99,15.99,0.00,0.00,0.00,0.00,0.00,lister_F,4.0,gwb_reader_003405,,USD,2.40
GoodwillBooks,GB-9783830012104,GWB-892104,UP-901920,UPP-812104,1,BIN-104,BK-012104,Classic Textbook,Books,,USPS,USPS,10.99,10.99,10/24/2025 10:17:17 PM,10/24/2025 10:17:17 PM,10/25/2025 6:50:25 AM,,,Stripe,10.99,10.99,0.00,0.00,0.00,0.00,0.00,lister_C,3.4,gwb_reader_003510,,USD,1.65
GoodwillBooks,GB-9780220012111,GWB-892111,UP-901927,UPP-812111,1,BIN-111,BK-012111,Pre-owned Atlas,Books,,OSM Worldwide,OSM Worldwide,10.99,10.99,10/24/2025 11:17:47 PM,10/24/2025 11:17:47 PM,,,,Stripe,10.99,10.99,0.00,0.00,0.00,0.00,0.00,lister_F,4.1,gwb_reader_003610,,USD,1.65
eBay,310000012079,08-12079-90187,UP-901903,UPP-812079,1,BIN-079,KT-012079,Handmade Cast Iron Skillet,Kitchen,,USPS,USPS,44.99,44.99,10/25/2025 1:51:51 AM,10/25/2025 1:51:51 AM,10/25/2025 12:16:46 PM,,PAY-12079,eBay Managed Payments,48.14,44.99,0.00,0.00,6.52,0.00,0.00,lister_A,4.9,ebuyer_003271,,USD,
GoodwillBooks,GB-9789150012115,GWB-892115,UP-901931,UPP-812115,1,BIN-115,BK-012115,Vintage Textbook,Books,,OSM Worldwide,OSM Worldwide,6.99,6.99,10/25/2025 4:56:30 AM,10/25/2025 4:56:30 AM,,,,Stripe,6.99,6.99,0.00,0.00,0.00,0.00,0.00,lister_B,4.5,gwb_reader_003439,,USD,1.05
GoodwillBooks,GB-9787870012106,GWB-892106,UP-901922,UPP-812106,1,BIN-106,BK-012106,Pre-owned Field Guide,Books,,USPS,USPS,19.99,19.99,10/25/2025 5:35:07 AM,10/25/2025 5:35:07 AM,,,,Stripe,19.99,19.99,0.00,0.00,0.00,0.00,0.00,lister_A,3.6,gwb_reader_003400,,USD,3.00
GoodwillBooks,GB-9786450012108,GWB-892108,UP-901924,UPP-812108,1,BIN-108,BK-012108,Antique Hardcover Novel,Books,,OSM Worldwide,OSM Worldwide,13.99,13.99,10/25/2025 5:53:11 AM,10/25/2025 5:53:11 AM,10/25/2025 8:47:27 AM,,,Stripe,13.99,13.99,0.00,0.00,0.00,0.00,0.00,lister_F,3.8,gwb_reader_003403,,USD,2.10
GoodwillBooks,GB-9785940012109,GWB-892109,UP-901925,UPP-812109,1,BIN-109,BK-012109,Mid-Century Biography,Books,,USPS,USPS,5.99,5.99,10/25/2025 6:03:51 AM,10/25/2025 6:03:51 AM,10/25/2025 1:22:28 PM,,,Stripe,5.99,5.99,0.00,0.00,0.00,0.00,0.00,lister_D,3.9,gwb_reader_003400,,USD,0.90
Mercari,m00000012097,m00000012097,UP-901913,UPP-812097,1,BIN-097,SH-012097,Mid-Century Running Shoes,Shoes,,USPS,USPS,18.99,18.99,10/25/2025 6:11:53 AM,10/25/2025 6:11:53 AM,,,,Stripe,25.98,18.99,6.99,0.00,0.00,0.00,0.00,lister_D,2.7,mercari_003987,,USD,1.90
GoodwillBooks,GB-9781160012103,GWB-892103,UP-901919,UPP-812103,1,BIN-103,BK-012103,Handmade Biography,Books,,USPS,USPS,8.99,8.99,10/25/2025 6:12:04 AM,10/25/2025 6:12:04 AM,10/25/2025 8:25:28 AM,,,Stripe,8.99,8.99,0.00,0.00,0.00,0.00,0.00,lister_A,3.3,gwb_reader_003660,,USD,1.35
GoodwillBooks,GB-9784560012102,GWB-892102,UP-901918,UPP-812102,1,BIN-102,BK-012102,Like New Paperback Lot,Books,,OSM Worldwide,OSM Worldwide,8.99,8.99,10/25/2025 7:27:51 AM,10/25/2025 7:27:51 AM,10/25/2025 9:27:54 AM,,,Stripe,8.99,8.99,0.00,0.00,0.00,0.00,0.00,lister_C,3.2,gwb_reader_003510,,USD,1.35
Facebook Marketplace,FB-0012092,FB-0012092,UP-901908,UPP-812092,1,BIN-092,SH-012092,Antique Hiking Boots,Shoes,,,Pickup,37.99,37.99,10/25/2025 9:40:39 AM,10/25/2025 9:40:39 AM,,,,Stripe,37.99,37.99,0.00,0.00,0.00,0.00,37.99,lister_B,2.2,,,USD,
Mercari,m00000012093,m00000012093,UP-901909,UPP-812093,1,BIN-093,HM-012093,Pre-owned Table Lamp,Home Decor,,USPS,USPS,12.99,12.99,10/25/2025 9:59:27 AM,10/25/2025 9:59:27 AM,10/25/2025 7:40:57 AM,,,Stripe,19.98,12.99,6.99,0.00,0.00,0.00,0.00,lister_A,2.3,mercari_003934,,USD,1.30
eBay,310000012081,09-12081-48975,UP-901904,UPP-812081,1,BIN-081,SG-012081,Vintage Fishing Reel,Sporting Goods,,FedEx,FedEx,31.99,31.99,10/25/2025 10:12:05 AM,10/25/2025 10:12:05 AM,10/25/2025 12:50:11 PM,,PAY-12081,eBay Managed Payments,40.39,31.99,5.76,0.00,4.75,0.00,0.00,lister_D,1.1,ebuyer_002538,,USD,
GoodwillBooks,GB-9784980012105,GWB-892105,UP-901921,UPP-812105,1,BIN-105,BK-012105,Lot of 2 Cookbook,Books,,USPS,USPS,11.99,11.99,10/25/2025 11:40:14 AM,10/25/2025 11:40:14 AM,,,,Stripe,11.99,11.99,0.00,0.00,0.00,0.00,0.00,lister_D,3.5,gwb_reader_003422,,USD,1.80
GoodwillBooks,GB-9788510012113,GWB-892113,UP-901929,UPP-812113,1,BIN-113,BK-012113,Lot of 2 Biography,Books,,OSM Worldwide,OSM Worldwide,6.99,6.99,10/25/2025 11:54:45 AM,10/25/2025 11:54:45 AM,10/25/2025 10:53:08 AM,,,Stripe,6.99,6.99,0.00,0.00,0.00,0.00,0.00,lister_E,4.3,gwb_reader_003773,,USD,1.05
GoodwillBooks,GB-9788680012110,GWB-892110,UP-901926,UPP-812110,1,BIN-110,BK-012110,Retro Biography,Books,,OSM Worldwide,OSM Worldwide,7.99,7.99,10/25/2025 12:45:16 PM,10/25/2025 12:45:16 PM,10/25/2025 7:57:55 AM,,,Stripe,7.99,7.99,0.00,0.00,0.00,0.00,0.00,lister_E,4.0,gwb_reader_003707,,USD,1.20
Facebook Marketplace,FB-0012094,FB-0012094,UP-901910,UPP-812094,1,BIN-094,KT-012094,Lot of 2 Glass Pitcher,Kitchen,,,Pickup,12.99,12.99,10/25/2025 1:26:40 PM,10/25/2025 1:26:40 PM,,,,Stripe,12.99,12.99,0.00,0.00,0.00,0.00,0.00,lister_D,2.4,,,USD,
GoodwillBooks,GB-9784300012101,GWB-892101,UP-901917,UPP-812101,1,BIN-101,BK-012101,Retro Hardcover Novel,Books,,OSM Worldwide,OSM Worldwide,10.99,10.99,10/25/2025 3:31:00 PM,10/25/2025 3:31:00 PM,10/25/2025 1:33:53 PM,,,Stripe,10.99,10.99,0.00,0.00,0.00,0.00,0.00,lister_A,3.1,gwb_reader_003773,,USD,1.65
eBay,310000012075,15-12075-23377,UP-901902,UPP-812075,1,BIN-075,CO-012075,Like New Pewter Mug,Collectibles,,USPS,USPS,41.99,41.99,10/25/2025 4:04:57 PM,10/25/2025 4:04:57 PM,,,PAY-12075,eBay Managed Payments,54.65,41.99,9.08,0.00,6.11,0.00,0.00,lister_E,4.5,ebuyer_003587,,USD,
Facebook Marketplace,FB-0012091,FB-0012091,UP-901907,UPP-812091,1,BIN-091,HM-012091,Pre-owned Mantel Clock,Home Decor,,,Pickup,25.99,25.99,10/25/2025 4:13:16 PM,10/25/2025 4:13:16 PM,,,,Stripe,25.99,25.99,0.00,0.00,0.00,0.00,0.00,lister_B,2.1,,,USD,
Facebook Marketplace,FB-0012096,FB-0012096,UP-901912,UPP-812096,1,BIN-096,CL-012096,Handmade Wool Coat,Clothing,,,Pickup,16.99,16.99,10/25/2025 4:30:14 PM,10/25/2025 4:30:14 PM,,,,Stripe,16.99,16.99,0.00,0.00,0.00,0.00,0.00,lister_A,2.6,,,USD,
Facebook Marketplace,FB-0012089,FB-0012089,UP-901905,UPP-812089,1,BIN-089,SH-012089,Pre-owned Running Shoes,Shoes,,,Pickup,38.99,38.99,10/25/2025 5:13:22 PM,10/25/2025 5:13:22 PM,,,,Stripe,38.99,38.99,0.00,0.00,0.00,0.00,0.00,lister_C,1.9,,,USD,
Facebook Marketplace,FB-0012098,FB-0012098,UP-901914,UPP-812098,1,BIN-098,CL-012098,Used Cashmere Sweater,Clothing,,,Pickup,13.99,13.99,10/25/2025 5:19:45 PM,10/25/2025 5:19:45 PM,,,,Stripe,13.99,13.99,0.00,0.00,0.00,0.00,0.00,lister_E,2.8,,,USD,
ShopGoodwill,210011969,SGW-7711969,UP-901901,UPP-811969,1,BIN-369,SG-011969,Antique Tennis Racket,Sporting Goods,,FedEx,FedEx,32.00,32.00,10/25/2025 6:09:53 PM,10/25/2025 6:09:53 PM,10/25/2025 6:23:24 AM,,,Stripe,41.97,32.00,7.97,2.00,0.00,4.46,0.00,lister_D,1.9,sgw_bidder_000727,,USD,
GoodwillBooks,GB-9787380012112,GWB-892112,UP-901928,UPP-812112,1,BIN-112,BK-012112,Lot of 2 Biography,Books,,USPS,USPS,3.99,3.99,10/25/2025 6:33:09 PM,10/25/2025 6:33:09 PM,10/25/2025 12:54:28 PM,,,Stripe,3.99,3.99,0.00,0.00,0.00,0.00,0.00,lister_E,4.2,gwb_reader_003589,,USD,0.60
GoodwillBooks,GB-9787510012114,GWB-892114,UP-901930,UPP-812114,1,BIN-114,BK-012114,Pre-owned Atlas,Books,,OSM Worldwide,OSM Worldwide,4.99,4.99,10/25/2025 7:10:35 PM,10/25/2025 7:10:35 PM,10/25/2025 7:44:15 AM,,,Stripe,4.99,4.99,0.00,0.00,0.00,0.00,0.00,lister_E,4.4,gwb_reader_003614,,USD,0.75
Facebook Marketplace,FB-0012095,FB-0012095,UP-901911,UPP-812095,1,BIN-095,HM-012095,Like New Brass Candlesticks,Home Decor,,,Pickup,15.99,15.99,10/25/2025 7:11:25 PM,10/25/2025 7:11:25 PM,,,,Stripe,15.99,15.99,0.00,0.00,0.00,0.00,0.00,lister_C,2.5,,,USD,
GoodwillBooks,GB-9780860012116,GWB-892116,UP-901932,UPP-812116,1,BIN-116,BK-012116,Classic Poetry Collection,Books,,USPS,USPS,6.99,6.99,10/25/2025 7:24:25 PM,10/25/2025 7:24:25 PM,10/25/2025 8:52:23 AM,,,Stripe,6.99,6.99,0.00,0.00,0.00,0.00,0.00,lister_D,4.6,gwb_reader_003433,,USD,1.05
Facebook Marketplace,FB-0012099,FB-0012099,UP-901915,UPP-812099,1,BIN-099,CL-012099,Used Flannel Shirt,Clothing,,,Pickup,22.99,22.99,10/25/2025 7:43:57 PM,10/25/2025 7:43:57 PM,,,,Stripe,22.99,22.99,0.00,0.00,0.00,0.00,0.00,lister_D,2.9,,,USD,
GoodwillBooks,GB-9786280012107,GWB-892107,UP-901923,UPP-812107,1,BIN-107,BK-012107,Classic Field Guide,Books,,OSM Worldwide,OSM Worldwide,24.99,24.99,10/25/2025 8:30:21 PM,10/25/2025 8:30:21 PM,,,,Stripe,24.99,24.99,0.00,0.00,0.00,0.00,0.00,lister_F,3.7,gwb_reader_003963,,USD,3.75
Facebook Marketplace,FB-0012090,FB-0012090,UP-901906,UPP-812090,1,BIN-090,HM-012090,Classic Table Lamp,Home Decor,,,Pickup,23.99,23.99,10/25/2025 8:41:35 PM,10/25/2025 8:41:35 PM,,,,Stripe,23.99,23.99,0.00,0.00,0.00,0.00,0.00,lister_E,2.0,,,USD,
GoodwillBooks,GB-9781280012100,GWB-892100,UP-901916,UPP-812100,1,BIN-100,BK-012100,Mid-Century Atlas,Books,,OSM Worldwide,OSM Worldwide,12.99,12.99,10/25/2025 8:50:08 PM,10/25/2025 8:50:08 PM,10/25/2025 7:47:47 AM,,,Stripe,12.99,12.99,0.00,0.00,0.00,0.00,0.00,lister_D,3.0,gwb_reader_003599,,USD,1.95
eBay,310000012306,10-12306-22484,UP-901938,UPP-812306,1,BIN-306,SH-012306,Retro Leather Boots,Shoes,,FedEx,FedEx,21.99,21.99,10/25/2025 11:06:57 PM,10/25/2025 11:06:57 PM,10/26/2025 11:31:02 AM,,PAY-12306,eBay Managed Payments,23.53,21.99,0.00,0.00,3.39,0.00,0.00,lister_E,3.6,ebuyer_003196,,USD,
Facebook Marketplace,FB-0012314,FB-0012314,UP-901946,UPP-812314,1,BIN-314,CL-012314,Pre-owned Wool Coat,Clothing,,,Pickup,23.99,23.99,10/26/2025 1:00:30 AM,10/26/2025 1:00:30 AM,,,,Stripe,23.99,23.99,0.00,0.00,0.00,0.00,0.00,lister_E,4.4,,,USD,
eBay,310000012301,14-12301-90630,UP-901937,UPP-812301,1,BIN-301,EL-012301,Used Game Console,Electronics,,USPS,USPS,17.99,17.99,10/26/2025 1:33:28 AM,10/26/2025 1:33:28 AM,10/26/2025 7:35:06 AM,,PAY-12301,eBay Managed Payments,19.25,17.99,0.00,0.00,2.85,0.00,0.00,lister_B,3.1,ebuyer_003351,,USD,
eBay,310000012293,22-12293-27345,UP-901936,UPP-812293,1,BIN-293,EL-012293,Vintage Camera Lens,Electronics,,USPS,USPS,25.99,25.99,10/26/2025 1:46:38 AM,10/26/2025 1:46:38 AM,10/26/2025 12:40:08 PM,,PAY-12293,eBay Managed Payments,40.68,25.99,12.03,0.00,3.93,0.00,0.00,lister_A,2.3,ebuyer_003366,,USD,
GoodwillBooks,GB-9783440012317,GWB-892317,UP-901949,UPP-812317,1,BIN-317,BK-012317,Retro Paperback Lot,Books,,OSM Worldwide,OSM Worldwide,8.99,8.99,10/26/2025 3:25:30 AM,10/26/2025 3:25:30 AM,,,,Stripe,8.99,8.99,0.00,0.00,0.00,0.00,0.00,lister_D,4.7,gwb_reader_003412,,USD,1.35
GoodwillBooks,GB-9782160012329,GWB-892329,UP-901961,UPP-812329,1,BIN-329,BK-012329,Vintage Textbook,Books,,USPS,USPS,7.99,7.99,10/26/2025 3:53:32 AM,10/26/2025 3:53:32 AM,,,,Stripe,7.99,7.99,0.00,0.00,0.00,0.00,0.00,lister_E,1.9,gwb_reader_003414,,USD,1.20
GoodwillBooks,GB-9780960012322,GWB-892322,UP-901954,UPP-812322,1,BIN-322,BK-012322,Pre-owned Field Guide,Books,,OSM Worldwide,OSM Worldwide,6.99,6.99,10/26/2025 4:07:48 AM,10/26/2025 4:07:48 AM,10/26/2025 9:13:26 AM,,,Stripe,6.99,6.99,0.00,0.00,0.00,0.00,0.00,lister_A,1.2,gwb_reader_003818,,USD,1.05
GoodwillBooks,GB-9785630012321,GWB-892321,UP-901953,UPP-812321,1,BIN-321,BK-012321,Mid-Century Atlas,Books,,USPS,USPS,7.99,7.99,10/26/2025 5:21:15 AM,10/26/2025 5:21:15 AM,,,,Stripe,7.99,7.99,0.00,0.00,0.00,0.00,0.00,lister_F,1.1,gwb_reader_004033,,USD,1.20
GoodwillBooks,GB-9789610012327,GWB-892327,UP-901959,UPP-812327,1,BIN-327,BK-012327,Used Cookbook,Books,,OSM Worldwide,OSM Worldwide,18.99,18.99,10/26/2025 6:11:19 AM,10/26/2025 6:11:19 AM,10/26/2025 9:26:50 AM,,,Stripe,18.99,18.99,0.00,0.00,0.00,0.00,0.00,lister_D,1.7,gwb_reader_003838,,USD,2.85
GoodwillBooks,GB-9785850012320,GWB-892320,UP-901952,UPP-812320,1,BIN-320,BK-012320,Vintage Poetry Collection,Books,,USPS,USPS,13.99,13.99,10/26/2025 6:22:28 AM,10/26/2025 6:22:28 AM,,,,Stripe,13.99,13.99,0.00,0.00,0.00,0.00,0.00,lister_E,1.0,gwb_reader_003418,,USD,2.10
Facebook Marketplace,FB-0012311,FB-0012311,UP-901943,UPP-812311,1,BIN-311,CL-012311,Lot of 2 Flannel Shirt,Clothing,,,Pickup,30.99,30.99,10/26/2025 6:50:32 AM,10/26/2025 6:50:32 AM,,,,Stripe,30.99,30.99,0.00,0.00,0.00,0.00,0.00,lister_B,4.1,,,USD,
GoodwillBooks,GB-9782040012325,GWB-892325,UP-901957,UPP-812325,1,BIN-325,BK-012325,Mid-Century Field Guide,Books,,OSM Worldwide,OSM Worldwide,9.99,9.99,10/26/2025 7:50:15 AM,10/26/2025 7:50:15 AM,,,,Stripe,9.99,9.99,0.00,0.00,0.00,0.00,0.00,lister_C,1.5,gwb_reader_003413,,USD,1.50
GoodwillBooks,GB-9786780012326,GWB-892326,UP-901958,UPP-812326,1,BIN-326,MD-012326,Antique DVD Box Set,Media,,USPS,USPS,24.99,24.99,10/26/2025 7:52:43 AM,10/26/2025 7:52:43 AM,10/26/2025 6:30:40 AM,,,Stripe,24.99,24.99,0.00,0.00,0.00,0.00,0.00,lister_D,1.6,gwb_reader_003809,,USD,3.75
Facebook Marketplace,FB-0012313,FB-0012313,UP-901945,UPP-812313,1,BIN-313,HM-012313,Vintage Mantel Clock,Home Decor,,,Pickup,19.99,19.99,10/26/2025 8:10:13 AM,10/26/2025 8:10:13 AM,,,,Stripe,19.99,19.99,0.00,0.00,0.00,0.00,0.00,lister_A,4.3,,,USD,
GoodwillBooks,GB-9786780012319,GWB-892319,UP-901951,UPP-812319,1,BIN-319,BK-012319,Used Textbook,Books,,USPS,USPS,8.99,8.99,10/26/2025 9:42:33 AM,10/26/2025 9:42:33 AM,,,,Stripe,8.99,8.99,0.00,0.00,0.00,0.00,0.00,lister_B,4.9,gwb_reader_003656,,USD,1.35
Facebook Marketplace,FB-0012308,FB-0012308,UP-901940,UPP-812308,1,BIN-308,CL-012308,Classic Silk Blouse,Clothing,,,Pickup,17.99,17.99,10/26/2025 9:58:56 AM,10/26/2025 9:58:56 AM,,,,Stripe,17.99,17.99,0.00,0.00,0.00,0.00,0.00,lister_A,3.8,,,USD,
eBay,310000012281,01-12281-49284,UP-901934,UPP-812281,1,BIN-281,SH-012281,Classic Leather Boots,Shoes,,FedEx,FedEx,71.99,71.99,10/26/2025 10:28:17 AM,10/26/2025 10:28:17 AM,10/26/2025 11:21:38 AM,,PAY-12281,eBay Managed Payments,86.05,71.99,8.43,0.00,10.19,0.00,0.00,lister_D,1.1,ebuyer_003346,,USD,
Facebook Marketplace,FB-0012312,FB-0012312,UP-901944,UPP-812312,1,BIN-312,FN-012312,Used Side Table,Furniture,,,Pickup,17.99,17.99,10/26/2025 10:28:51 AM,10/26/2025 10:28:51 AM,,,,Stripe,17.99,17.99,0.00,0.00,0.00,0.00,0.00,lister_B,4.2,,,USD,
Facebook Marketplace,FB-0012310,FB-0012310,UP-901942,UPP-812310,1,BIN-310,CL-012310,Handmade Rain Jacket,Clothing,,,Pickup,19.99,19.99,10/26/2025 10:44:59 AM,10/26/2025 10:44:59 AM,,,,Stripe,19.99,19.99,0.00,0.00,0.00,0.00,0.00,lister_C,4.0,,,USD,
GoodwillBooks,GB-9786300012323,GWB-892323,UP-901955,UPP-812323,1,BIN-323,BK-012323,Handmade Poetry Collection,Books,,USPS,USPS,3.99,3.99,10/26/2025 10:53:49 AM,10/26/2025 10:53:49 AM,10/26/2025 11:01:52 AM,,,Stripe,3.99,3.99,0.00,0.00,0.00,0.00,0.00,lister_F,1.3,gwb_reader_003405,,USD,0.60
Mercari,m00000012309,m00000012309,UP-901941,UPP-812309,1,BIN-309,FN-012309,Vintage Side Table,Furniture,,USPS,USPS,46.99,46.99,10/26/2025 11:00:09 AM,10/26/2025 11:00:09 AM,10/26/2025 7:56:22 AM,,,Stripe,53.98,46.99,6.99,0.00,0.00,0.00,0.00,lister_A,3.9,mercari_003900,,USD,4.70
GoodwillBooks,GB-9781310012333,GWB-892333,UP-901965,UPP-812333,1,BIN-333,BK-012333,Like New Textbook,Books,,USPS,USPS,13.99,13.99,10/26/2025 11:02:18 AM,10/26/2025 11:02:18 AM,10/26/2025 8:46:04 AM,,,Stripe,13.99,13.99,0.00,0.00,0.00,0.00,0.00,lister_D,2.3,gwb_reader_003711,,USD,2.10
GoodwillBooks,GB-9786440012318,GWB-892318,UP-901950,UPP-812318,1,BIN-318,BK-012318,Retro Cookbook,Books,,USPS,USPS,10.99,10.99,10/26/2025 12:25:01 PM,10/26/2025 12:25:01 PM,,,,Stripe,10.99,10.99,0.00,0.00,0.00,0.00,0.00,lister_B,4.8,gwb_reader_003994,,USD,1.65
eBay,310000012290,03-12290-86319,UP-901935,UPP-812290,1,BIN-290,CL-012290,Used Silk Blouse,Clothing,,USPS,USPS,26.99,26.99,10/26/2025 12:48:13 PM,10/26/2025 12:48:13 PM,10/26/2025 1:34:43 PM,,PAY-12290,eBay Managed Payments,28.88,26.99,0.00,0.00,4.07,0.00,0.00,lister_C,2.0,ebuyer_002664,,USD,
GoodwillBooks,GB-9782230012332,GWB-892332,UP-901964,UPP-812332,1,BIN-332,BK-012332,Handmade Biography,Books,,OSM Worldwide,OSM Worldwide,18.99,18.99,10/26/2025 1:26:05 PM,10/26/2025 1:26:05 PM,,,,Stripe,18.99,18.99,0.00,0.00,0.00,0.00,0.00,lister_B,2.2,gwb_reader_003414,,USD,2.85
GoodwillBooks,GB-9783060012328,GWB-892328,UP-901960,UPP-812328,1,BIN-328,BK-012328,Mid-Century Paperback Lot,Books,,OSM Worldwide,OSM Worldwide,4.99,4.99,10/26/2025 1:48:31 PM,10/26/2025 1:48:31 PM,10/26/2025 8:41:28 AM,,,Stripe,4.99,4.99,0.00,0.00,0.00,0.00,0.00,lister_C,1.8,gwb_reader_003441,,USD,0.75
Facebook Marketplace,FB-0012315,FB-0012315,UP-901947,UPP-812315,1,BIN-315,CL-012315,Retro Cashmere Sweater,Clothing,,,Pickup,40.99,40.99,10/26/2025 2:56:48 PM,10/26/2025 2:56:48 PM,,,,Stripe,40.99,40.99,0.00,0.00,0.00,0.00,0.00,lister_B,4.5,,,USD,
GoodwillBooks,GB-9785030012316,GWB-892316,UP-901948,UPP-812316,1,BIN-316,MD-012316,Pre-owned CD Lot,Media,,USPS,USPS,5.99,5.99,10/26/2025 3:42:32 PM,10/26/2025 3:42:32 PM,10/26/2025 11:21:24 AM,,,Stripe,5.99,5.99,0.00,0.00,0.00,0.00,0.00,lister_F,4.6,gwb_reader_003656,,USD,0.90
GoodwillBooks,GB-9783680012331,GWB-892331,UP-901963,UPP-812331,1,BIN-331,BK-012331,Pre-owned Hardcover Novel,Books,,USPS,USPS,6.99,6.99,10/26/2025 3:45:25 PM,10/26/2025 3:45:25 PM,10/26/2025 9:55:12 AM,,,Stripe,6.99,6.99,0.00,0.00,0.00,0.00,0.00,lister_E,2.1,gwb_reader_003451,,USD,1.05
GoodwillBooks,GB-9789450012324,GWB-892324,UP-901956,UPP-812324,1,BIN-324,BK-012324,Retro Paperback Lot,Books,,OSM Worldwide,OSM Worldwide,5.99,5.99,10/26/2025 4:09:05 PM,10/26/2025 4:09:05 PM,,,,Stripe,5.99,5.99,0.00,0.00,0.00,0.00,0.00,lister_D,1.4,gwb_reader_003425,,USD,0.90
GoodwillBooks,GB-9786600012330,GWB-892330,UP-901962,UPP-812330,1,BIN-330,MD-012330,Pre-owned Vinyl Record,Media,,OSM Worldwide,OSM Worldwide,5.99,5.99,10/26/2025 4:15:43 PM,10/26/2025 4:15:43 PM,10/26/2025 6:52:07 AM,,,Stripe,5.99,5.99,0.00,0.00,0.00,0.00,0.00,lister_E,2.0,gwb_reader_003658,,USD,0.90
GoodwillBooks,GB-9789080012334,GWB-892334,UP-901966,UPP-812334,1,BIN-334,BK-012334,Like New Paperback Lot,Books,,OSM Worldwide,OSM Worldwide,3.99,3.99,10/26/2025 5:16:33 PM,10/26/2025 5:16:33 PM,,,,Stripe,3.99,3.99,0.00,0.00,0.00,0.00,0.00,lister_E,2.4,gwb_reader_003771,,USD,0.60
ShopGoodwill,210012137,SGW-7712137,UP-901933,UPP-812137,1,BIN-137,HM-012137,Used Mantel Clock,Home Decor,,FedEx,FedEx,19.00,19.00,10/26/2025 7:19:05 PM,10/26/2025 7:19:05 PM,10/26/2025 1:54:57 PM,,,Stripe,32.86,19.00,11.86,2.00,0.00,2.89,0.00,lister_B,2.7,sgw_bidder_001077,,USD,
Facebook Marketplace,FB-0012307,FB-0012307,UP-901939,UPP-812307,1,BIN-307,KT-012307,Handmade Cast Iron Skillet,Kitchen,,,Pickup,47.99,47.99,10/26/2025 8:41:21 PM,10/26/2025 8:41:21 PM,,,,Stripe,47.99,47.99,0.00,0.00,0.00,0.00,47.99,lister_C,3.7,,,USD,
Facebook Marketplace,FB-0012455,FB-0012455,UP-901970,UPP-812455,1,BIN-055,CL-012455,Vintage Cashmere Sweater,Clothing,,,Pickup,48.99,48.99,10/26/2025 9:17:45 PM,10/26/2025 9:17:45 PM,,,,Stripe,48.99,48.99,0.00,0.00,0.00,0.00,0.00,lister_B,2.5,,,USD,
GoodwillBooks,GB-9787120012466,GWB-892466,UP-901981,UPP-812466,1,BIN-066,BK-012466,Retro Biography,Books,,OSM Worldwide,OSM Worldwide,7.99,7.99,10/26/2025 10:54:02 PM,10/26/2025 10:54:02 PM,10/27/2025 7:29:52 AM,,,Stripe,7.99,7.99,0.00,0.00,0.00,0.00,0.00,lister_F,3.6,gwb_reader_003478,,USD,1.20
eBay,310000012453,11-12453-81375,UP-901968,UPP-812453,1,BIN-053,SG-012453,Pre-owned Golf Balls,Sporting Goods,,USPS,USPS,27.99,27.99,10/26/2025 11:22:51 PM,10/26/2025 11:22:51 PM,10/27/2025 8:38:26 AM,,PAY-12453,eBay Managed Payments,36.17,27.99,5.81,0.00,4.21,0.00,0.00,lister_F,2.3,ebuyer_002519,,USD,
Mercari,m00000012459,m00000012459,UP-901974,UPP-812459,1,BIN-059,HB-012459,Mid-Century Crossbody Bag,Handbags,,USPS,USPS,57.99,57.99,10/27/2025 1:09:04 AM,10/27/2025 1:09:04 AM,,,,Stripe,64.98,57.99,6.99,0.00,0.00,0.00,0.00,lister_C,2.9,mercari_004027,,USD,5.80
GoodwillBooks,GB-9785870012470,GWB-892470,UP-901985,UPP-812470,1,BIN-070,BK-012470,Mid-Century Atlas,Books,,USPS,USPS,4.99,4.99,10/27/2025 4:20:07 AM,10/27/2025 4:20:07 AM,10/27/2025 8:42:45 AM,,,Stripe,4.99,4.99,0.00,0.00,0.00,0.00,4.99,lister_E,4.0,gwb_reader_003733,,USD,
Facebook Marketplace,FB-0012454,FB-0012454,UP-901969,UPP-812454,1,BIN-054,SH-012454,Vintage Sandals,Shoes,,,Pickup,21.99,21.99,10/27/2025 9:35:47 AM,10/27/2025 9:35:47 AM,,,,Stripe,21.99,21.99,0.00,0.00,0.00,0.00,0.00,lister_B,2.4,,,USD,
GoodwillBooks,GB-9781670012469,GWB-892469,UP-901984,UPP-812469,1,BIN-069,BK-012469,Used Field Guide,Books,,OSM Worldwide,OSM Worldwide,9.99,9.99,10/27/2025 10:25:36 AM,10/27/2025 10:25:36 AM,,,,Stripe,9.99,9.99,0.00,0.00,0.00,0.00,0.00,lister_C,3.9,gwb_reader_004009,,USD,1.50
GoodwillBooks,GB-9785540012462,GWB-892462,UP-901977,UPP-812462,1,BIN-062,MD-012462,Antique CD Lot,Media,,OSM Worldwide,OSM Worldwide,13.99,13.99,10/27/2025 12:21:12 PM,10/27/2025 12:21:12 PM,10/27/2025 12:06:40 PM,,,Stripe,13.99,13.99,0.00,0.00,0.00,0.00,0.00,lister_B,3.2,gwb_reader_003638,,USD,2.10
GoodwillBooks,GB-9782740012461,GWB-892461,UP-901976,UPP-812461,1,BIN-061,BK-012461,Used Paperback Lot,Books,,OSM Worldwide,OSM Worldwide,5.99,5.99,10/27/2025 12:46:32 PM,10/27/2025 12:46:32 PM,,,,Stripe,5.99,5.99,0.00,0.00,0.00,0.00,0.00,lister_D,3.1,gwb_reader_003483,,USD,0.90
GoodwillBooks,GB-9788600012465,GWB-892465,UP-901980,UPP-812465,1,BIN-065,BK-012465,Handmade Biography,Books,,USPS,USPS,12.99,12.99,10/27/2025 1:37:51 PM,10/27/2025 1:37:51 PM,,,,Stripe,12.99,12.99,0.00,0.00,0.00,0.00,0.00,lister_D,3.5,gwb_reader_004012,,USD,1.95
GoodwillBooks,GB-9788200012464,GWB-892464,UP-901979,UPP-812464,1,BIN-064,BK-012464,Retro Paperback Lot,Books,,USPS,USPS,6.99,6.99,10/27/2025 1:53:54 PM,10/27/2025 1:53:54 PM,,,,Stripe,6.99,6.99,0.00,0.00,0.00,0.00,0.00,lister_E,3.4,gwb_reader_003801,,USD,1.05
GoodwillBooks,GB-9787650012463,GWB-892463,UP-901978,UPP-812463,1,BIN-063,BK-012463,Like New Poetry Collection,Books,,OSM Worldwide,OSM Worldwide,4.99,4.99,10/27/2025 3:47:26 PM,10/27/2025 3:47:26 PM,,,,Stripe,4.99,4.99,0.00,0.00,0.00,0.00,0.00,lister_A,3.3,gwb_reader_003998,,USD,0.75
Facebook Marketplace,FB-0012457,FB-0012457,UP-901972,UPP-812457,1,BIN-057,HM-012457,Vintage Mantel Clock,Home Decor,,,Pickup,22.99,22.99,10/27/2025 4:10:06 PM,10/27/2025 4:10:06 PM,,,,Stripe,22.99,22.99,0.00,0.00,0.00,0.00,0.00,lister_E,2.7,,,USD,
GoodwillBooks,GB-9786490012468,GWB-892468,UP-901983,UPP-812468,1,BIN-068,BK-012468,Used Paperback Lot,Books,,USPS,USPS,7.99,7.99,10/27/2025 4:27:50 PM,10/27/2025 4:27:50 PM,10/27/2025 6:29:48 AM,,,Stripe,7.99,7.99,0.00,0.00,0.00,0.00,0.00,lister_B,3.8,gwb_reader_003400,,USD,1.20
GoodwillBooks,GB-9789640012467,GWB-892467,UP-901982,UPP-812467,1,BIN-067,BK-012467,Antique Biography,Books,,USPS,USPS,6.99,6.99,10/27/2025 4:33:54 PM,10/27/2025 4:33:54 PM,10/27/2025 8:52:58 AM,,,Stripe,6.99,6.99,0.00,0.00,0.00,0.00,0.00,lister_B,3.7,gwb_reader_003937,,USD,1.05
Facebook Marketplace,FB-0012458,FB-0012458,UP-901973,UPP-812458,1,BIN-058,SH-012458,Classic Loafers,Shoes,,,Pickup,23.99,23.99,10/27/2025 4:50:50 PM,10/27/2025 4:50:50 PM,,,,Stripe,23.99,23.99,0.00,0.00,0.00,0.00,0.00,lister_F,2.8,,,USD,
Mercari,m00000012460,m00000012460,UP-901975,UPP-812460,1,BIN-060,CL-012460,Lot of 2 Denim Jacket,Clothing,,USPS,USPS,19.99,19.99,10/27/2025 5:57:21 PM,10/27/2025 5:57:21 PM,10/27/2025 9:58:37 AM,,,Stripe,26.98,19.99,6.99,0.00,0.00,0.00,0.00,lister_C,3.0,mercari_003955,,USD,2.00
Facebook Marketplace,FB-0012456,FB-0012456,UP-901971,UPP-812456,1,BIN-056,SH-012456,Mid-Century Sandals,Shoes,,,Pickup,40.99,40.99,10/27/2025 6:23:34 PM,10/27/2025 6:23:34 PM,,,,Stripe,40.99,40.99,0.00,0.00,0.00,0.00,0.00,lister_F,2.6,,,USD,
eBay,310000012437,08-12437-73906,UP-901967,UPP-812437,1,BIN-037,SH-012437,Classic Sandals,Shoes,,FedEx,FedEx,37.99,37.99,10/27/2025 6:51:47 PM,10/27/2025 6:51:47 PM,10/27/2025 11:19:57 AM,,PAY-12437,eBay Managed Payments,48.32,37.99,7.17,0.00,5.57,0.00,0.00,lister_D,4.7,ebuyer_002808,,USD,
ShopGoodwill,210012512,SGW-7712512,UP-901986,UPP-812512,1,BIN-112,CO-012512,Mid-Century Snow Globe,Collectibles,,USPS,USPS,34.00,34.00,10/27/2025 9:46:07 PM,10/27/2025 9:46:07 PM,10/28/2025 11:32:55 AM,,,Stripe,45.41,34.00,9.41,2.00,0.00,4.76,0.00,lister_C,4.2,sgw_bidder_000029,,USD,
GoodwillBooks,GB-9782860012608,GWB-892608,UP-902002,UPP-812608,1,BIN-208,BK-012608,Vintage Poetry Collection,Books,,OSM Worldwide,OSM Worldwide,11.99,11.99,10/28/2025 12:38:53 AM,10/28/2025 12:38:53 AM,10/28/2025 12:18:07 PM,,,Stripe,11.99,11.99,0.00,0.00,0.00,0.00,0.00,lister_C,1.8,gwb_reader_003743,,USD,1.80
Mercari,m00000012598,m00000012598,UP-901992,UPP-812598,1,BIN-198,FN-012598,Mid-Century Bookshelf,Furniture,,USPS,USPS,31.99,31.99,10/28/2025 1:31:42 AM,10/28/2025 1:31:42 AM,10/28/2025 11:59:56 AM,,,Stripe,38.98,31.99,6.99,0.00,0.00,0.00,0.00,lister_A,4.8,mercari_003968,,USD,3.20
Mercari,m00000012603,m00000012603,UP-901997,UPP-812603,1,BIN-203,KT-012603,Used Cast Iron Skillet,Kitchen,,USPS,USPS,18.99,18.99,10/28/2025 3:18:00 AM,10/28/2025 3:18:00 AM,10/28/2025 10:46:46 AM,,,Stripe,25.98,18.99,6.99,0.00,0.00,0.00,0.00,lister_A,1.3,mercari_003967,,USD,1.90
GoodwillBooks,GB-9784040012613,GWB-892613,UP-902007,UPP-812613,1,BIN-213,BK-012613,Handmade Hardcover Novel,Books,,USPS,USPS,6.99,6.99,10/28/2025 4:25:31 AM,10/28/2025 4:25:31 AM,10/28/2025 9:43:59 AM,,,Stripe,6.99,6.99,0.00,0.00,0.00,0.00,0.00,lister_B,2.3,gwb_reader_003424,,USD,1.05
Mercari,m00000012602,m00000012602,UP-901996,UPP-812602,1,BIN-202,KT-012602,Classic Glass Pitcher,Kitchen,,USPS,USPS,33.99,33.99,10/28/2025 4:36:22 AM,10/28/2025 4:36:22 AM,10/28/2025 11:55:24 AM,,,Stripe,40.98,33.99,6.99,0.00,0.00,0.00,0.00,lister_F,1.2,mercari_004013,,USD,3.40
GoodwillBooks,GB-9785790012616,GWB-892616,UP-902010,UPP-812616,1,BIN-216,MD-012616,Classic Vinyl Record,Media,,OSM Worldwide,OSM Worldwide,9.99,9.99,10/28/2025 5:05:36 AM,10/28/2025 5:05:36 AM,10/28/2025 12:27:52 PM,,,Stripe,9.99,9.99,0.00,0.00,0.00,0.00,0.00,lister_E,2.6,gwb_reader_003658,,USD,1.50
Mercari,m00000012599,m00000012599,UP-901993,UPP-812599,1,BIN-199,CL-012599,Antique Silk Blouse,Clothing,,USPS,USPS,20.99,20.99,10/28/2025 5:20:52 AM,10/28/2025 5:20:52 AM,10/28/2025 9:09:09 AM,,,Stripe,27.98,20.99,6.99,0.00,0.00,0.00,0.00,lister_F,4.9,mercari_003943,,USD,2.10
Mercari,m00000012605,m00000012605,UP-901999,UPP-812605,1,BIN-205,CL-012605,Vintage Rain Jacket,Clothing,,USPS,USPS,22.99,22.99,10/28/2025 6:18:19 AM,10/28/2025 6:18:19 AM,10/28/2025 6:10:24 AM,,,Stripe,29.98,22.99,6.99,0.00,0.00,0.00,0.00,lister_B,1.5,mercari_003900,,USD,2.30
GoodwillBooks,GB-9787520012619,GWB-892619,UP-902013,UPP-812619,1,BIN-219,BK-012619,Antique Hardcover Novel,Books,,OSM Worldwide,OSM Worldwide,4.99,4.99,10/28/2025 6:25:56 AM,10/28/2025 6:25:56 AM,10/28/2025 7:54:31 AM,,,Stripe,4.99,4.99,0.00,0.00,0.00,0.00,0.00,lister_F,2.9,gwb_reader_003422,,USD,0.75
eBay,310000012591,15-12591-60515,UP-901988,UPP-812591,1,BIN-191,CO-012591,Retro Snow Globe,Collectibles,,USPS,USPS,25.99,25.99,10/28/2025 6:39:06 AM,10/28/2025 6:39:06 AM,,,PAY-12591,eBay Managed Payments,27.81,25.99,0.00,0.00,3.93,0.00,0.00,lister_B,4.1,ebuyer_002544,,USD,
GoodwillBooks,GB-9780050012610,GWB-892610,UP-902004,UPP-812610,1,BIN-210,BK-012610,Vintage Atlas,Books,,OSM Worldwide,OSM Worldwide,10.99,10.99,10/28/2025 6:49:04 AM,10/28/2025 6:49:04 AM,10/28/2025 1:34:49 PM,,,Stripe,10.99,10.99,0.00,0.00,0.00,0.00,0.00,lister_D,2.0,gwb_reader_003401,,USD,1.65
Facebook Marketplace,FB-0012595,FB-0012595,UP-901989,UPP-812595,1,BIN-195,KT-012595,Pre-owned Fondue Set,Kitchen,,,Pickup,24.99,24.99,10/28/2025 7:07:35 AM,10/28/2025 7:07:35 AM,,,,Stripe,24.99,24.99,0.00,0.00,0.00,0.00,0.00,lister_F,4.5,,,USD,
Facebook Marketplace,FB-0012607,FB-0012607,UP-902001,UPP-812607,1,BIN-207,HB-012607,Pre-owned Clutch,Handbags,,,Pickup,26.99,26.99,10/28/2025 7:47:59 AM,10/28/2025 7:47:59 AM,,,,Stripe,26.99,26.99,0.00,0.00,0.00,0.00,0.00,lister_B,1.7,,,USD,
GoodwillBooks,GB-9789090012617,GWB-892617,UP-902011,UPP-812617,1,BIN-217,BK-012617,Used Textbook,Books,,USPS,USPS,8.99,8.99,10/28/2025 7:52:01 AM,10/28/2025 7:52:01 AM,10/28/2025 12:30:15 PM,,,Stripe,8.99,8.99,0.00,0.00,0.00,0.00,0.00,lister_F,2.7,gwb_reader_003746,,USD,1.35
GoodwillBooks,GB-9789850012620,GWB-892620,UP-902014,UPP-812620,1,BIN-220,BK-012620,Mid-Century Atlas,Books,,OSM Worldwide,OSM Worldwide,3.99,3.99,10/28/2025 8:07:32 AM,10/28/2025 8:07:32 AM,10/28/2025 8:36:12 AM,,,Stripe,3.99,3.99,0.00,0.00,0.00,0.00,0.00,lister_A,3.0,gwb_reader_003586,,USD,0.60
GoodwillBooks,GB-9782460012612,GWB-892612,UP-902006,UPP-812612,1,BIN-212,BK-012612,Lot of 2 Textbook,Books,,OSM Worldwide,OSM Worldwide,11.99,11.99,10/28/2025 9:14:47 AM,10/28/2025 9:14:47 AM,10/28/2025 9:39:56 AM,,,Stripe,11.99,11.99,0.00,0.00,0.00,0.00,0.00,lister_E,2.2,gwb_reader_003847,,USD,1.80
GoodwillBooks,GB-9789470012614,GWB-892614,UP-902008,UPP-812614,1,BIN-214,BK-012614,Lot of 2 Paperback Lot,Books,,USPS,USPS,5.99,5.99,10/28/2025 9:24:40 AM,10/28/2025 9:24:40 AM,,,,Stripe,5.99,5.99,0.00,0.00,0.00,0.00,0.00,lister_F,2.4,gwb_reader_003463,,USD,0.90
GoodwillBooks,GB-9788440012611,GWB-892611,UP-902005,UPP-812611,1,BIN-211,MD-012611,Handmade Audiobook,Media,,USPS,USPS,7.99,7.99,10/28/2025 9:44:17 AM,10/28/2025 9:44:17 AM,10/28/2025 11:21:26 AM,,,Stripe,7.99,7.99,0.00,0.00,0.00,0.00,0.00,lister_F,2.1,gwb_reader_004015,,USD,1.20
Facebook Marketplace,FB-0012606,FB-0012606,UP-902000,UPP-812606,1,BIN-206,CL-012606,Like New Wool Coat,Clothing,,,Pickup,11.99,11.99,10/28/2025 11:16:59 AM,10/28/2025 11:16:59 AM,,,,Stripe,11.99,11.99,0.00,0.00,0.00,0.00,0.00,lister_B,1.6,,,USD,
GoodwillBooks,GB-9788370012609,GWB-892609,UP-902003,UPP-812609,1,BIN-209,BK-012609,Classic Poetry Collection,Books,,OSM Worldwide,OSM Worldwide,16.99,16.99,10/28/2025 11:59:54 AM,10/28/2025 11:59:54 AM,,,,Stripe,16.99,16.99,0.00,0.00,0.00,0.00,0.00,lister_E,1.9,gwb_reader_003406,,USD,2.55
Mercari,m00000012604,m00000012604,UP-901998,UPP-812604,1,BIN-204,CL-012604,Pre-owned Silk Blouse,Clothing,,USPS,USPS,13.99,13.99,10/28/2025 1:49:09 PM,10/28/2025 1:49:09 PM,10/28/2025 10:31:07 AM,,,Stripe,20.98,13.99,6.99,0.00,0.00,0.00,0.00,lister_F,1.4,mercari_003935,,USD,1.40
GoodwillBooks,GB-9784610012621,GWB-892621,UP-902015,UPP-812621,1,BIN-221,BK-012621,Lot of 2 Cookbook,Books,,USPS,USPS,3.99,3.99,10/28/2025 2:09:20 PM,10/28/2025 2:09:20 PM,10/28/2025 10:47:22 AM,,,Stripe,3.99,3.99,0.00,0.00,0.00,0.00,0.00,lister_D,3.1,gwb_reader_003635,,USD,0.60
Mercari,m00000012596,m00000012596,UP-901990,UPP-812596,1,BIN-196,SH-012596,Retro Sandals,Shoes,,USPS,USPS,13.99,13.99,10/28/2025 4:02:35 PM,10/28/2025 4:02:35 PM,10/28/2025 11:11:28 AM,,,Stripe,20.98,13.99,6.99,0.00,0.00,0.00,0.00,lister_B,4.6,mercari_003982,,USD,1.40
GoodwillBooks,GB-9789360012618,GWB-892618,UP-902012,UPP-812618,1,BIN-218,BK-012618,Mid-Century Poetry Collection,Books,,USPS,USPS,7.99,7.99,10/28/2025 4:36:28 PM,10/28/2025 4:36:28 PM,10/28/2025 6:59:55 AM,,,Stripe,7.99,7.99,0.00,0.00,0.00,0.00,0.00,lister_F,2.8,gwb_reader_003462,,USD,1.20
GoodwillBooks,GB-9787440012615,GWB-892615,UP-902009,UPP-812615,1,BIN-215,BK-012615,Retro Paperback Lot,Books,,USPS,USPS,22.99,22.99,10/28/2025 5:31:34 PM,10/28/2025 5:31:34 PM,,,,Stripe,22.99,22.99,0.00,0.00,0.00,0.00,0.00,lister_A,2.5,gwb_reader_003607,,USD,3.45
Mercari,m00000012597,m00000012597,UP-901991,UPP-812597,1,BIN-197,FN-012597,Used Desk Chair,Furniture,,USPS,USPS,30.99,30.99,10/28/2025 5:50:29 PM,10/28/2025 5:50:29 PM,10/28/2025 10:19:07 AM,,,Stripe,37.98,30.99,6.99,0.00,0.00,0.00,0.00,lister_A,4.7,mercari_003946,,USD,3.10
eBay,310000012585,04-12585-45893,UP-901987,UPP-812585,1,BIN-185,SH-012585,Like New Hiking Boots,Shoes,,FedEx,FedEx,49.99,49.99,10/28/2025 6:12:57 PM,10/28/2025 6:12:57 PM,10/28/2025 12:32:43 PM,,PAY-12585,eBay Managed Payments,53.49,49.99,0.00,0.00,7.20,0.00,0.00,lister_F,3.5,ebuyer_003002,,USD,
GoodwillBooks,GB-9789530012622,GWB-892622,UP-902016,UPP-812622,1,BIN-222,BK-012622,Like New Poetry Collection,Books,,OSM Worldwide,OSM Worldwide,17.99,17.99,10/28/2025 6:47:15 PM,10/28/2025 6:47:15 PM,10/28/2025 8:08:02 AM,,,Stripe,17.99,17.99,0.00,0.00,0.00,0.00,0.00,lister_A,3.2,gwb_reader_004014,,USD,2.70
Facebook Marketplace,FB-0012601,FB-0012601,UP-901995,UPP-812601,1,BIN-201,SH-012601,Classic Hiking Boots,Shoes,,,Pickup,8.99,8.99,10/28/2025 7:12:25 PM,10/28/2025 7:12:25 PM,,,,Stripe,8.99,8.99,0.00,0.00,0.00,0.00,0.00,lister_A,1.1,,,USD,
Facebook Marketplace,FB-0012600,FB-0012600,UP-901994,UPP-812600,1,BIN-200,FN-012600,Pre-owned Patio Chair,Furniture,,,Pickup,37.99,37.99,10/28/2025 7:52:34 PM,10/28/2025 7:52:34 PM,,,,Stripe,37.99,37.99,0.00,0.00,0.00,0.00,0.00,lister_D,1.0,,,USD,
Facebook Marketplace,FB-0012748,FB-0012748,UP-902030,UPP-812748,1,BIN-348,CL-012748,Vintage Flannel Shirt,Clothing,,,Pickup,10.99,10.99,10/28/2025 9:53:08 PM,10/28/2025 9:53:08 PM,,,,Stripe,10.99,10.99,0.00,0.00,0.00,0.00,0.00,lister_A,3.8,,,USD,
Mercari,m00000012743,m00000012743,UP-902025,UPP-812743,1,BIN-343,CL-012743,Lot of 2 Denim Jacket,Clothing,,USPS,USPS,22.99,22.99,10/29/2025 2:23:55 AM,10/29/2025 2:23:55 AM,10/29/2025 6:25:53 AM,,,Stripe,29.98,22.99,6.99,0.00,0.00,0.00,0.00,lister_B,3.3,mercari_004059,,USD,2.30
GoodwillBooks,GB-9784570012755,GWB-892755,UP-902037,UPP-812755,1,BIN-355,BK-012755,Used Poetry Collection,Books,,OSM Worldwide,OSM Worldwide,18.99,18.99,10/29/2025 2:48:33 AM,10/29/2025 2:48:33 AM,10/29/2025 6:23:10 AM,,,Stripe,18.99,18.99,0.00,0.00,0.00,0.00,0.00,lister_A,4.5,gwb_reader_003669,,USD,2.85
Facebook Marketplace,FB-0012745,FB-0012745,UP-902027,UPP-812745,1,BIN-345,CL-012745,Antique Wool Coat,Clothing,,,Pickup,16.99,16.99,10/29/2025 5:44:20 AM,10/29/2025 5:44:20 AM,,,,Stripe,16.99,16.99,0.00,0.00,0.00,0.00,0.00,lister_C,3.5,,,USD,
GoodwillBooks,GB-9787100012763,GWB-892763,UP-902045,UPP-812763,1,BIN-363,BK-012763,Antique Biography,Books,,OSM Worldwide,OSM Worldwide,11.99,11.99,10/29/2025 7:09:07 AM,10/29/2025 7:09:07 AM,10/29/2025 10:41:12 AM,,,Stripe,11.99,11.99,0.00,0.00,0.00,0.00,0.00,lister_C,1.3,gwb_reader_003563,,USD,1.80
GoodwillBooks,GB-9780150012750,GWB-892750,UP-902032,UPP-812750,1,BIN-350,BK-012750,Vintage Textbook,Books,,USPS,USPS,14.99,14.99,10/29/2025 7:40:20 AM,10/29/2025 7:40:20 AM,10/29/2025 1:58:21 PM,,,Stripe,14.99,14.99,0.00,0.00,0.00,0.00,0.00,lister_E,4.0,gwb_reader_003773,,USD,2.25
ShopGoodwill,210012651,SGW-7712651,UP-902017,UPP-812651,1,BIN-251,SG-012651,Antique Fishing Reel,Sporting Goods,,USPS,USPS,63.00,63.00,10/29/2025 11:09:54 AM,10/29/2025 11:09:54 AM,10/29/2025 12:53:33 PM,,,Stripe,71.74,63.00,6.74,2.00,0.00,8.45,0.00,lister_E,2.1,sgw_bidder_002678,,USD,
Mercari,m00000012746,m00000012746,UP-902028,UPP-812746,1,BIN-346,HM-012746,Mid-Century Picture Frame Set,Home Decor,,USPS,USPS,36.99,36.99,10/29/2025 1:52:07 PM,10/29/2025 1:52:07 PM,,,,Stripe,43.98,36.99,6.99,0.00,0.00,0.00,0.00,lister_A,3.6,mercari_004015,,USD,3.70
GoodwillBooks,GB-9785200012753,GWB-892753,UP-902035,UPP-812753,1,BIN-353,BK-012753,Like New Atlas,Books,,OSM Worldwide,OSM Worldwide,7.99,7.99,10/29/2025 2:15:25 PM,10/29/2025 2:15:25 PM,10/29/2025 1:41:19 PM,,,Stripe,7.99,7.99,0.00,0.00,0.00,0.00,0.00,lister_D,4.3,gwb_reader_003462,,USD,1.20
Facebook Marketplace,FB-0012737,FB-0012737,UP-902019,UPP-812737,1,BIN-337,CL-012737,Lot of 2 Cashmere Sweater,Clothing,,,Pickup,53.99,53.99,10/29/2025 2:20:19 PM,10/29/2025 2:20:19 PM,,,,Stripe,53.99,53.99,0.00,0.00,0.00,0.00,0.00,lister_D,2.7,,,USD,
GoodwillBooks,GB-9785350012754,GWB-892754,UP-902036,UPP-812754,1,BIN-354,BK-012754,Used Biography,Books,,USPS,USPS,9.99,9.99,10/29/2025 2:28:35 PM,10/29/2025 2:28:35 PM,10/29/2025 1:06:19 PM,,,Stripe,9.99,9.99,0.00,0.00,0.00,0.00,0.00,lister_E,4.4,gwb_reader_003401,,USD,1.50
Facebook Marketplace,FB-0012738,FB-0012738,UP-902020,UPP-812738,1,BIN-338,CL-012738,Lot of 2 Silk Blouse,Clothing,,,Pickup,20.99,20.99,10/29/2025 2:34:02 PM,10/29/2025 2:34:02 PM,,,,Stripe,20.99,20.99,0.00,0.00,0.00,0.00,0.00,lister_A,2.8,,,USD,
GoodwillBooks,GB-9780580012756,GWB-892756,UP-902038,UPP-812756,1,BIN-356,BK-012756,Pre-owned Biography,Books,,USPS,USPS,32.99,32.99,10/29/2025 2:55:11 PM,10/29/2025 2:55:11 PM,10/29/2025 11:47:06 AM,,,Stripe,32.99,32.99,0.00,0.00,0.00,0.00,0.00,lister_E,4.6,gwb_reader_003807,,USD,4.95
GoodwillBooks,GB-9786370012751,GWB-892751,UP-902033,UPP-812751,1,BIN-351,BK-012751,Used Hardcover Novel,Books,,USPS,USPS,9.99,9.99,10/29/2025 2:57:38 PM,10/29/2025 2:57:38 PM,10/29/2025 6:28:19 AM,,,Stripe,9.99,9.99,0.00,0.00,0.00,0.00,0.00,lister_E,4.1,gwb_reader_003939,,USD,1.50
Mercari,m00000012749,m00000012749,UP-902031,UPP-812749,1,BIN-349,FN-012749,Handmade Desk Chair,Furniture,,USPS,USPS,9.99,9.99,10/29/2025 3:23:43 PM,10/29/2025 3:23:43 PM,10/29/2025 10:19:45 AM,,,Stripe,16.98,9.99,6.99,0.00,0.00,0.00,0.00,lister_D,3.9,mercari_003951,,USD,1.00
Facebook Marketplace,FB-0012742,FB-0012742,UP-902024,UPP-812742,1,BIN-342,CL-012742,Lot of 2 Wool Coat,Clothing,,,Pickup,36.99,36.99,10/29/2025 3:58:17 PM,10/29/2025 3:58:17 PM,,,,Stripe,36.99,36.99,0.00,0.00,0.00,0.00,0.00,lister_D,3.2,,,USD,
Facebook Marketplace,FB-0012744,FB-0012744,UP-902026,UPP-812744,1,BIN-344,FN-012744,Retro Patio Chair,Furniture,,,Pickup,37.99,37.99,10/29/2025 4:09:54 PM,10/29/2025 4:09:54 PM,,,,Stripe,37.99,37.99,0.00,0.00,0.00,0.00,0.00,lister_A,3.4,,,USD,
Facebook Marketplace,FB-0012747,FB-0012747,UP-902029,UPP-812747,1,BIN-347,SH-012747,Retro Sandals,Shoes,,,Pickup,27.99,27.99,10/29/2025 4:28:34 PM,10/29/2025 4:28:34 PM,,,,Stripe,27.99,27.99,0.00,0.00,0.00,0.00,27.99,lister_D,3.7,,,USD,
eBay,310000012716,12-12716-73165,UP-902018,UPP-812716,1,BIN-316,HB-012716,Lot of 2 Crossbody Bag,Handbags,,USPS,USPS,10.99,10.99,10/29/2025 4:30:43 PM,10/29/2025 4:30:43 PM,10/29/2025 10:41:47 AM,,PAY-12716,eBay Managed Payments,18.40,10.99,6.21,0.00,1.89,0.00,0.00,lister_C,4.6,ebuyer_003424,,USD,
Facebook Marketplace,FB-0012741,FB-0012741,UP-902023,UPP-812741,1,BIN-341,CL-012741,Handmade Wool Coat,Clothing,,,Pickup,22.99,22.99,10/29/2025 5:16:17 PM,10/29/2025 5:16:17 PM,,,,Stripe,22.99,22.99,0.00,0.00,0.00,0.00,0.00,lister_D,3.1,,,USD,
GoodwillBooks,GB-9786410012762,GWB-892762,UP-902044,UPP-812762,1,BIN-362,BK-012762,Classic Poetry Collection,Books,,USPS,USPS,5.99,5.99,10/29/2025 5:46:42 PM,10/29/2025 5:46:42 PM,10/29/2025 6:15:56 AM,,,Stripe,5.99,5.99,0.00,0.00,0.00,0.00,0.00,lister_B,1.2,gwb_reader_003400,,USD,0.90
GoodwillBooks,GB-9783770012761,GWB-892761,UP-902043,UPP-812761,1,BIN-361,MD-012761,Retro Audiobook,Media,,OSM Worldwide,OSM Worldwide,7.99,7.99,10/29/2025 5:50:21 PM,10/29/2025 5:50:21 PM,,,,Stripe,7.99,7.99,0.00,0.00,0.00,0.00,0.00,lister_D,1.1,gwb_reader_003423,,USD,1.20
GoodwillBooks,GB-9784560012758,GWB-892758,UP-902040,UPP-812758,1,BIN-358,BK-012758,Mid-Century Biography,Books,,OSM Worldwide,OSM Worldwide,10.99,10.99,10/29/2025 6:14:50 PM,10/29/2025 6:14:50 PM,10/29/2025 12:06:39 PM,,,Stripe,10.99,10.99,0.00,0.00,0.00,0.00,0.00,lister_C,4.8,gwb_reader_003769,,USD,1.65
GoodwillBooks,GB-9781170012759,GWB-892759,UP-902041,UPP-812759,1,BIN-359,BK-012759,Vintage Field Guide,Books,,OSM Worldwide,OSM Worldwide,5.99,5.99,10/29/2025 6:43:25 PM,10/29/2025 6:43:25 PM,10/29/2025 11:10:49 AM,,,Stripe,5.99,5.99,0.00,0.00,0.00,0.00,0.00,lister_C,4.9,gwb_reader_003418,,USD,0.90
Mercari,m00000012739,m00000012739,UP-902021,UPP-812739,1,BIN-339,HB-012739,Like New Tote Bag,Handbags,,USPS,USPS,53.99,53.99,10/29/2025 7:02:57 PM,10/29/2025 7:02:57 PM,10/29/2025 8:27:06 AM,,,Stripe,60.98,53.99,6.99,0.00,0.00,0.00,0.00,lister_C,2.9,mercari_004052,,USD,5.40
GoodwillBooks,GB-9789710012752,GWB-892752,UP-902034,UPP-812752,1,BIN-352,BK-012752,Pre-owned Poetry Collection,Books,,USPS,USPS,10.99,10.99,10/29/2025 7:17:50 PM,10/29/2025 7:17:50 PM,10/29/2025 9:04:20 AM,,,Stripe,10.99,10.99,0.00,0.00,0.00,0.00,0.00,lister_F,4.2,gwb_reader_003715,,USD,1.65
GoodwillBooks,GB-9783310012757,GWB-892757,UP-902039,UPP-812757,1,BIN-357,BK-012757,Pre-owned Textbook,Books,,OSM Worldwide,OSM Worldwide,22.99,22.99,10/29/2025 7:18:54 PM,10/29/2025 7:18:54 PM,10/29/2025 6:56:33 AM,,,Stripe,22.99,22.99,0.00,0.00,0.00,0.00,0.00,lister_B,4.7,gwb_reader_003840,,USD,3.45
GoodwillBooks,GB-9782700012760,GWB-892760,UP-902042,UPP-812760,1,BIN-360,BK-012760,Mid-Century Cookbook,Books,,USPS,USPS,29.99,29.99,10/29/2025 7:42:54 PM,10/29/2025 7:42:54 PM,10/29/2025 11:16:22 AM,,,Stripe,29.99,29.99,0.00,0.00,0.00,0.00,0.00,lister_B,1.0,gwb_reader_003529,,USD,4.50
Mercari,m00000012740,m00000012740,UP-902022,UPP-812740,1,BIN-340,CL-012740,Vintage Rain Jacket,Clothing,,USPS,USPS,47.99,47.99,10/29/2025 8:09:16 PM,10/29/2025 8:09:16 PM,10/29/2025 8:43:22 AM,,,Stripe,54.98,47.99,6.99,0.00,0.00,0.00,0.00,lister_C,3.0,mercari_003901,,USD,4.80
eBay,310000012889,16-12889-26685,UP-902052,UPP-812889,1,BIN-089,SG-012889,Antique Fishing Reel,Sporting Goods,,FedEx,FedEx,21.99,21.99,10/29/2025 9:17:32 PM,10/29/2025 9:17:32 PM,,,PAY-12889,eBay Managed Payments,33.63,21.99,9.44,0.00,3.39,0.00,0.00,lister_E,1.9,ebuyer_003532,,USD,
Facebook Marketplace,FB-0012890,FB-0012890,UP-902053,UPP-812890,1,BIN-090,SH-012890,Mid-Century Loafers,Shoes,,,Pickup,31.99,31.99,10/29/2025 10:40:29 PM,10/29/2025 10:40:29 PM,,,,Stripe,31.99,31.99,0.00,0.00,0.00,0.00,0.00,lister_D,2.0,,,USD,
GoodwillBooks,GB-9780490012901,GWB-892901,UP-902064,UPP-812901,1,BIN-101,MD-012901,Vintage Vinyl Record,Media,,OSM Worldwide,OSM Worldwide,12.99,12.99,10/29/2025 11:30:50 PM,10/29/2025 11:30:50 PM,10/30/2025 6:31:55 AM,,,Stripe,12.99,12.99,0.00,0.00,0.00,0.00,0.00,lister_B,3.1,gwb_reader_003465,,USD,1.95
Facebook Marketplace,FB-0012893,FB-0012893,UP-902056,UPP-812893,1,BIN-093,FN-012893,Classic Side Table,Furniture,,,Pickup,41.99,41.99,10/29/2025 11:49:32 PM,10/29/2025 11:49:32 PM,,,,Stripe,41.99,41.99,0.00,0.00,0.00,0.00,0.00,lister_F,2.3,,,USD,
GoodwillBooks,GB-9782370012910,GWB-892910,UP-902073,UPP-812910,1,BIN-110,MD-012910,Vintage Audiobook,Media,,OSM Worldwide,OSM Worldwide,9.99,9.99,10/30/2025 1:17:50 AM,10/30/2025 1:17:50 AM,10/30/2025 11:47:46 AM,,,Stripe,9.99,9.99,0.00,0.00,0.00,0.00,0.00,lister_C,4.0,gwb_reader_003458,,USD,1.50
ShopGoodwill,210012779,SGW-7712779,UP-902048,UPP-812779,1,BIN-379,AR-012779,Antique Oil Painting,Art,,USPS,USPS,47.00,47.00,10/30/2025 2:45:24 AM,10/30/2025 2:45:24 AM,10/30/2025 12:22:19 PM,,,Stripe,59.15,47.00,10.15,2.00,0.00,6.47,0.00,lister_A,2.9,sgw_bidder_000128,,USD,
GoodwillBooks,GB-9789620012900,GWB-892900,UP-902063,UPP-812900,1,BIN-100,BK-012900,Like New Biography,Books,,OSM Worldwide,OSM Worldwide,6.99,6.99,10/30/2025 3:37:44 AM,10/30/2025 3:37:44 AM,,,,Stripe,6.99,6.99,0.00,0.00,0.00,0.00,0.00,lister_C,3.0,gwb_reader_003560,,USD,1.05
GoodwillBooks,GB-9789220012904,GWB-892904,UP-902067,UPP-812904,1,BIN-104,BK-012904,Retro Atlas,Books,,OSM Worldwide,OSM Worldwide,9.99,9.99,10/30/2025 4:03:41 AM,10/30/2025 4:03:41 AM,10/30/2025 6:05:31 AM,,,Stripe,9.99,9.99,0.00,0.00,0.00,0.00,0.00,lister_C,3.4,gwb_reader_003764,,USD,1.50
eBay,310000012868,20-12868-01961,UP-902049,UPP-812868,1,BIN-068,CO-012868,Vintage Figurine,Collectibles,,USPS,USPS,50.99,50.99,10/30/2025 5:43:56 AM,10/30/2025 5:43:56 AM,10/30/2025 11:17:03 AM,,PAY-12868,eBay Managed Payments,60.94,50.99,5.96,0.00,7.33,0.00,0.00,lister_D,3.8,ebuyer_002734,,USD,
eBay,310000012880,16-12880-35493,UP-902051,UPP-812880,1,BIN-080,KT-012880,Used Pyrex Bowl,Kitchen,,FedEx,FedEx,23.99,23.99,10/30/2025 5:43:58 AM,10/30/2025 5:43:58 AM,,,PAY-12880,eBay Managed Payments,32.94,23.99,6.79,0.00,3.66,0.00,0.00,lister_E,1.0,ebuyer_003191,,USD,
Facebook Marketplace,FB-0012891,FB-0012891,UP-902054,UPP-812891,1,BIN-091,FN-012891,Lot of 2 Bookshelf,Furniture,,,Pickup,17.99,17.99,10/30/2025 6:14:10 AM,10/30/2025 6:14:10 AM,,,,Stripe,17.99,17.99,0.00,0.00,0.00,0.00,0.00,lister_A,2.1,,,USD,
GoodwillBooks,GB-9789240012905,GWB-892905,UP-902068,UPP-812905,1,BIN-105,BK-012905,Vintage Hardcover Novel,Books,,USPS,USPS,15.99,15.99,10/30/2025 6:17:36 AM,10/30/2025 6:17:36 AM,10/30/2025 6:22:17 AM,,,Stripe,15.99,15.99,0.00,0.00,0.00,0.00,0.00,lister_F,3.5,gwb_reader_003448,,USD,2.40
ShopGoodwill,210012768,SGW-7712768,UP-902046,UPP-812768,1,BIN-368,AR-012768,Like New Watercolor,Art,,USPS,USPS,51.00,51.00,10/30/2025 8:02:52 AM,10/30/2025 8:02:52 AM,10/30/2025 12:02:51 PM,,,Stripe,61.62,51.00,8.62,2.00,0.00,6.95,0.00,lister_C,1.8,sgw_bidder_001125,,USD,
Facebook Marketplace,FB-0012894,FB-0012894,UP-902057,UPP-812894,1,BIN-094,HM-012894,Handmade Ceramic Vase,Home Decor,,,Pickup,18.99,18.99,10/30/2025 8:28:37 AM,10/30/2025 8:28:37 AM,,,,Stripe,18.99,18.99,0.00,0.00,0.00,0.00,0.00,lister_A,2.4,,,USD,
Facebook Marketplace,FB-0012897,FB-0012897,UP-902060,UPP-812897,1,BIN-097,CL-012897,Mid-Century Silk Blouse,Clothing,,,Pickup,14.99,14.99,10/30/2025 10:30:38 AM,10/30/2025 10:30:38 AM,,,,Stripe,14.99,14.99,0.00,0.00,0.00,0.00,0.00,lister_E,2.7,,,USD,
GoodwillBooks,GB-9784410012903,GWB-892903,UP-902066,UPP-812903,1,BIN-103,BK-012903,Like New Cookbook,Books,,OSM Worldwide,OSM Worldwide,4.99,4.99,10/30/2025 10:39:47 AM,10/30/2025 10:39:47 AM,10/30/2025 8:37:24 AM,,,Stripe,4.99,4.99,0.00,0.00,0.00,0.00,0.00,lister_B,3.3,gwb_reader_003439,,USD,0.75
GoodwillBooks,GB-9788210012899,GWB-892899,UP-902062,UPP-812899,1,BIN-099,BK-012899,Like New Textbook,Books,,OSM Worldwide,OSM Worldwide,14.99,14.99,10/30/2025 11:28:52 AM,10/30/2025 11:28:52 AM,10/30/2025 12:58:16 PM,,,Stripe,14.99,14.99,0.00,0.00,0.00,0.00,0.00,lister_C,2.9,gwb_reader_003412,,USD,2.25
ShopGoodwill,210012771,SGW-7712771,UP-902047,UPP-812771,1,BIN-371,HB-012771,Pre-owned Tote Bag,Handbags,,FedEx,FedEx,27.00,27.00,10/30/2025 11:52:51 AM,10/30/2025 11:52:51 AM,10/30/2025 6:27:20 AM,,,Stripe,36.01,27.00,7.01,2.00,0.00,3.78,0.00,lister_F,2.1,sgw_bidder_002050,,USD,
Facebook Marketplace,FB-0012895,FB-0012895,UP-902058,UPP-812895,1,BIN-095,HM-012895,Classic Brass Candlesticks,Home Decor,,,Pickup,36.99,36.99,10/30/2025 12:11:41 PM,10/30/2025 12:11:41 PM,,,,Stripe,36.99,36.99,0.00,0.00,0.00,0.00,36.99,lister_F,2.5,,,USD,
Facebook Marketplace,FB-0012896,FB-0012896,UP-902059,UPP-812896,1,BIN-096,HB-012896,Antique Clutch,Handbags,,,Pickup,41.99,41.99,10/30/2025 12:18:23 PM,10/30/2025 12:18:23 PM,,,,Stripe,41.99,41.99,0.00,0.00,0.00,0.00,0.00,lister_F,2.6,,,USD,
GoodwillBooks,GB-9787220012911,GWB-892911,UP-902074,UPP-812911,1,BIN-111,BK-012911,Vintage Paperback Lot,Books,,OSM Worldwide,OSM Worldwide,8.99,8.99,10/30/2025 1:41:08 PM,10/30/2025 1:41:08 PM,10/30/2025 8:02:12 AM,,,Stripe,8.99,8.99,0.00,0.00,0.00,0.00,0.00,lister_C,4.1,gwb_reader_003727,,USD,1.35
GoodwillBooks,GB-9782590012906,GWB-892906,UP-902069,UPP-812906,1,BIN-106,BK-012906,Pre-owned Textbook,Books,,OSM Worldwide,OSM Worldwide,4.99,4.99,10/30/2025 2:00:49 PM,10/30/2025 2:00:49 PM,10/30/2025 7:42:20 AM,,,Stripe,4.99,4.99,0.00,0.00,0.00,0.00,0.00,lister_B,3.6,gwb_reader_003689,,USD,0.75
GoodwillBooks,GB-9784710012909,GWB-892909,UP-902072,UPP-812909,1,BIN-109,BK-012909,Like New Poetry Collection,Books,,USPS,USPS,13.99,13.99,10/30/2025 2:28:46 PM,10/30/2025 2:28:46 PM,10/30/2025 1:07:01 PM,,,Stripe,13.99,13.99,0.00,0.00,0.00,0.00,0.00,lister_E,3.9,gwb_reader_003400,,USD,2.10
GoodwillBooks,GB-9785080012908,GWB-892908,UP-902071,UPP-812908,1,BIN-108,BK-012908,Retro Biography,Books,,OSM Worldwide,OSM Worldwide,20.99,20.99,10/30/2025 2:31:44 PM,10/30/2025 2:31:44 PM,10/30/2025 11:18:42 AM,,,Stripe,20.99,20.99,0.00,0.00,0.00,0.00,0.00,lister_E,3.8,gwb_reader_003424,,USD,3.15
eBay,310000012870,01-12870-09211,UP-902050,UPP-812870,1,BIN-070,CO-012870,Retro Figurine,Collectibles,,USPS,USPS,45.99,45.99,10/30/2025 3:23:02 PM,10/30/2025 3:23:02 PM,10/30/2025 11:10:31 AM,,PAY-12870,eBay Managed Payments,57.43,45.99,7.68,0.00,6.65,0.00,0.00,lister_A,4.0,ebuyer_003086,,USD,
GoodwillBooks,GB-9787290012902,GWB-892902,UP-902065,UPP-812902,1,BIN-102,BK-012902,Lot of 2 Biography,Books,,USPS,USPS,2.99,2.99,10/30/2025 4:01:03 PM,10/30/2025 4:01:03 PM,10/30/2025 12:21:05 PM,,,Stripe,2.99,2.99,0.00,0.00,0.00,0.00,0.00,lister_B,3.2,gwb_reader_003611,,USD,0.45
GoodwillBooks,GB-9787880012898,GWB-892898,UP-902061,UPP-812898,1,BIN-098,BK-012898,Used Paperback Lot,Books,,USPS,USPS,9.99,9.99,10/30/2025 7:02:58 PM,10/30/2025 7:02:58 PM,10/30/2025 12:27:10 PM,,,Stripe,9.99,9.99,0.00,0.00,0.00,0.00,0.00,lister_E,2.8,gwb_reader_003413,,USD,1.50
GoodwillBooks,GB-9787310012907,GWB-892907,UP-902070,UPP-812907,1,BIN-107,BK-012907,Classic Paperback Lot,Books,,OSM Worldwide,OSM Worldwide,15.99,15.99,10/30/2025 7:49:40 PM,10/30/2025 7:49:40 PM,10/30/2025 11:37:09 AM,,,Stripe,15.99,15.99,0.00,0.00,0.00,0.00,0.00,lister_E,3.7,gwb_reader_004014,,USD,2.40
Facebook Marketplace,FB-0012892,FB-0012892,UP-902055,UPP-812892,1,BIN-092,CL-012892,Pre-owned Flannel Shirt,Clothing,,,Pickup,26.99,26.99,10/30/2025 8:17:23 PM,10/30/2025 8:17:23 PM,,,,Stripe,26.99,26.99,0.00,0.00,0.00,0.00,0.00,lister_C,2.2,,,USD,
GoodwillBooks,GB-9786840013040,GWB-893040,UP-902099,UPP-813040,1,BIN-240,BK-013040,Lot of 2 Hardcover Novel,Books,,USPS,USPS,8.99,8.99,10/30/2025 9:14:05 PM,10/30/2025 9:14:05 PM,10/31/2025 10:00:11 AM,,,Stripe,8.99,8.99,0.00,0.00,0.00,0.00,0.00,lister_D,1.0,gwb_reader_003592,,USD,1.35
Facebook Marketplace,FB-0013027,FB-0013027,UP-902086,UPP-813027,1,BIN-227,FN-013027,Vintage Side Table,Furniture,,,Pickup,20.99,20.99,10/30/2025 9:20:09 PM,10/30/2025 9:20:09 PM,,,,Stripe,20.99,20.99,0.00,0.00,0.00,0.00,0.00,lister_F,3.7,,,USD,
GoodwillBooks,GB-9786860013035,GWB-893035,UP-902094,UPP-813035,1,BIN-235,BK-013035,Antique Textbook,Books,,OSM Worldwide,OSM Worldwide,4.99,4.99,10/30/2025 10:22:37 PM,10/30/2025 10:22:37 PM,10/31/2025 9:02:30 AM,,,Stripe,4.99,4.99,0.00,0.00,0.00,0.00,0.00,lister_B,4.5,gwb_reader_003656,,USD,0.75
Mercari,m00000013023,m00000013023,UP-902082,UPP-813023,1,BIN-223,HB-013023,Used Clutch,Handbags,,USPS,USPS,22.99,22.99,10/30/2025 10:30:32 PM,10/30/2025 10:30:32 PM,10/31/2025 8:20:35 AM,,,Stripe,29.98,22.99,6.99,0.00,0.00,0.00,0.00,lister_D,3.3,mercari_003943,,USD,2.30
GoodwillBooks,GB-9788910013033,GWB-893033,UP-902092,UPP-813033,1,BIN-233,BK-013033,Pre-owned Cookbook,Books,,OSM Worldwide,OSM Worldwide,27.99,27.99,10/30/2025 11:30:13 PM,10/30/2025 11:30:13 PM,10/31/2025 6:53:21 AM,,,Stripe,27.99,27.99,0.00,0.00,0.00,0.00,0.00,lister_A,4.3,gwb_reader_003628,,USD,4.20
Mercari,m00000013020,m00000013020,UP-902079,UPP-813020,1,BIN-220,CL-013020,Like New Rain Jacket,Clothing,,USPS,USPS,20.99,20.99,10/31/2025 12:03:47 AM,10/31/2025 12:03:47 AM,10/31/2025 11:44:30 AM,,,Stripe,27.98,20.99,6.99,0.00,0.00,0.00,0.00,lister_F,3.0,mercari_003904,,USD,2.10
Facebook Marketplace,FB-0013025,FB-0013025,UP-902084,UPP-813025,1,BIN-225,HM-013025,Pre-owned Brass Candlesticks,Home Decor,,,Pickup,18.99,18.99,10/31/2025 2:37:37 AM,10/31/2025 2:37:37 AM,,,,Stripe,18.99,18.99,0.00,0.00,0.00,0.00,18.99,lister_C,3.5,,,USD,
Facebook Marketplace,FB-0013028,FB-0013028,UP-902087,UPP-813028,1,BIN-228,KT-013028,Mid-Century Glass Pitcher,Kitchen,,,Pickup,21.99,21.99,10/31/2025 5:25:21 AM,10/31/2025 5:25:21 AM,,,,Stripe,21.99,21.99,0.00,0.00,0.00,0.00,0.00,lister_A,3.8,,,USD,
GoodwillBooks,GB-9781300013030,GWB-893030,UP-902089,UPP-813030,1,BIN-230,BK-013030,Handmade Paperback Lot,Books,,USPS,USPS,7.99,7.99,10/31/2025 6:40:53 AM,10/31/2025 6:40:53 AM,,,,Stripe,7.99,7.99,0.00,0.00,0.00,0.00,0.00,lister_F,4.0,gwb_reader_003469,,USD,1.20
GoodwillBooks,GB-9782850013036,GWB-893036,UP-902095,UPP-813036,1,BIN-236,BK-013036,Used Biography,Books,,OSM Worldwide,OSM Worldwide,12.99,12.99,10/31/2025 7:22:19 AM,10/31/2025 7:22:19 AM,,,,Stripe,12.99,12.99,0.00,0.00,0.00,0.00,0.00,lister_D,4.6,gwb_reader_003756,,USD,1.95
GoodwillBooks,GB-9784950013032,GWB-893032,UP-902091,UPP-813032,1,BIN-232,BK-013032,Handmade Hardcover Novel,Books,,USPS,USPS,14.99,14.99,10/31/2025 7:22:46 AM,10/31/2025 7:22:46 AM,10/31/2025 9:56:49 AM,,,Stripe,14.99,14.99,0.00,0.00,0.00,0.00,0.00,lister_D,4.2,gwb_reader_003547,,USD,2.25
GoodwillBooks,GB-9789900013029,GWB-893029,UP-902088,UPP-813029,1,BIN-229,BK-013029,Antique Atlas,Books,,OSM Worldwide,OSM Worldwide,9.99,9.99,10/31/2025 7:43:50 AM,10/31/2025 7:43:50 AM,10/31/2025 7:59:41 AM,,,Stripe,9.99,9.99,0.00,0.00,0.00,0.00,0.00,lister_F,3.9,gwb_reader_003465,,USD,1.50
GoodwillBooks,GB-9781110013042,GWB-893042,UP-902101,UPP-813042,1,BIN-242,BK-013042,Handmade Biography,Books,,OSM Worldwide,OSM Worldwide,11.99,11.99,10/31/2025 8:42:18 AM,10/31/2025 8:42:18 AM,10/31/2025 8:16:13 AM,,,Stripe,11.99,11.99,0.00,0.00,0.00,0.00,0.00,lister_E,1.2,gwb_reader_003444,,USD,1.80
ShopGoodwill,210012926,SGW-7712926,UP-902075,UPP-812926,1,BIN-126,CO-012926,Handmade Pewter Mug,Collectibles,,USPS,USPS,77.00,77.00,10/31/2025 9:06:46 AM,10/31/2025 9:06:46 AM,10/31/2025 8:19:46 AM,,,Stripe,97.30,77.00,18.30,2.00,0.00,10.62,0.00,lister_C,1.6,sgw_bidder_000763,,USD,
GoodwillBooks,GB-9782500013043,GWB-893043,UP-902102,UPP-813043,1,BIN-243,BK-013043,Like New Poetry Collection,Books,,OSM Worldwide,OSM Worldwide,16.99,16.99,10/31/2025 9:12:23 AM,10/31/2025 9:12:23 AM,10/31/2025 1:24:13 PM,,,Stripe,16.99,16.99,0.00,0.00,0.00,0.00,0.00,lister_E,1.3,gwb_reader_003499,,USD,2.55
GoodwillBooks,GB-9783430013044,GWB-893044,UP-902103,UPP-813044,1,BIN-244,BK-013044,Mid-Century Textbook,Books,,OSM Worldwide,OSM Worldwide,6.99,6.99,10/31/2025 9:58:50 AM,10/31/2025 9:58:50 AM,10/31/2025 9:43:05 AM,,,Stripe,6.99,6.99,0.00,0.00,0.00,0.00,0.00,lister_C,1.4,gwb_reader_003856,,USD,1.05
Facebook Marketplace,FB-0013021,FB-0013021,UP-902080,UPP-813021,1,BIN-221,FN-013021,Mid-Century Bookshelf,Furniture,,,Pickup,25.99,25.99,10/31/2025 10:10:17 AM,10/31/2025 10:10:17 AM,,,,Stripe,25.99,25.99,0.00,0.00,0.00,0.00,0.00,lister_D,3.1,,,USD,
Facebook Marketplace,FB-0013026,FB-0013026,UP-902085,UPP-813026,1,BIN-226,CL-013026,Antique Cashmere Sweater,Clothing,,,Pickup,10.99,10.99,10/31/2025 11:58:47 AM,10/31/2025 11:58:47 AM,,,,Stripe,10.99,10.99,0.00,0.00,0.00,0.00,0.00,lister_B,3.6,,,USD,
eBay,310000013013,09-13013-44116,UP-902076,UPP-813013,1,BIN-213,CO-013013,Pre-owned Snow Globe,Collectibles,,USPS,USPS,25.99,25.99,10/31/2025 12:28:02 PM,10/31/2025 12:28:02 PM,,,PAY-13013,eBay Managed Payments,27.81,25.99,0.00,0.00,3.93,0.00,0.00,lister_F,2.3,ebuyer_002685,,USD,
Facebook Marketplace,FB-0013022,FB-0013022,UP-902081,UPP-813022,1,BIN-222,FN-013022,Vintage Patio Chair,Furniture,,,Pickup,26.99,26.99,10/31/2025 12:42:13 PM,10/31/2025 12:42:13 PM,,,,Stripe,26.99,26.99,0.00,0.00,0.00,0.00,0.00,lister_F,3.2,,,USD,
GoodwillBooks,GB-9788380013037,GWB-893037,UP-902096,UPP-813037,1,BIN-237,BK-013037,Like New Field Guide,Books,,USPS,USPS,13.99,13.99,10/31/2025 2:12:11 PM,10/31/2025 2:12:11 PM,10/31/2025 11:53:25 AM,,,Stripe,13.99,13.99,0.00,0.00,0.00,0.00,0.00,lister_F,4.7,gwb_reader_003412,,USD,2.10
Facebook Marketplace,FB-0013024,FB-0013024,UP-902083,UPP-813024,1,BIN-224,HB-013024,Used Tote Bag,Handbags,,,Pickup,76.99,76.99,10/31/2025 3:33:00 PM,10/31/2025 3:33:00 PM,,,,Stripe,76.99,76.99,0.00,0.00,0.00,0.00,0.00,lister_A,3.4,,,USD,
GoodwillBooks,GB-9783120013038,GWB-893038,UP-902097,UPP-813038,1,BIN-238,BK-013038,Antique Poetry Collection,Books,,OSM Worldwide,OSM Worldwide,11.99,11.99,10/31/2025 3:34:12 PM,10/31/2025 3:34:12 PM,10/31/2025 8:30:27 AM,,,Stripe,11.99,11.99,0.00,0.00,0.00,0.00,0.00,lister_B,4.8,gwb_reader_003435,,USD,1.80
GoodwillBooks,GB-9787310013031,GWB-893031,UP-902090,UPP-813031,1,BIN-231,BK-013031,Lot of 2 Atlas,Books,,OSM Worldwide,OSM Worldwide,7.99,7.99,10/31/2025 4:05:04 PM,10/31/2025 4:05:04 PM,10/31/2025 12:34:18 PM,,,Stripe,7.99,7.99,0.00,0.00,0.00,0.00,0.00,lister_D,4.1,gwb_reader_003411,,USD,1.20
GoodwillBooks,GB-9789220013034,GWB-893034,UP-902093,UPP-813034,1,BIN-234,BK-013034,Classic Atlas,Books,,OSM Worldwide,OSM Worldwide,12.99,12.99,10/31/2025 4:09:08 PM,10/31/2025 4:09:08 PM,10/31/2025 8:39:09 AM,,,Stripe,12.99,12.99,0.00,0.00,0.00,0.00,0.00,lister_A,4.4,gwb_reader_003894,,USD,1.95
GoodwillBooks,GB-9788070013039,GWB-893039,UP-902098,UPP-813039,1,BIN-239,BK-013039,Mid-Century Textbook,Books,,OSM Worldwide,OSM Worldwide,6.99,6.99,10/31/2025 6:07:05 PM,10/31/2025 6:07:05 PM,,,,Stripe,6.99,6.99,0.00,0.00,0.00,0.00,6.99,lister_F,4.9,gwb_reader_003598,,USD,
Facebook Marketplace,FB-0013018,FB-0013018,UP-902077,UPP-813018,1,BIN-218,HM-013018,Vintage Ceramic Vase,Home Decor,,,Pickup,39.99,39.99,10/31/2025 7:26:35 PM,10/31/2025 7:26:35 PM,,,,Stripe,39.99,39.99,0.00,0.00,0.00,0.00,0.00,lister_C,2.8,,,USD,
GoodwillBooks,GB-9780650013041,GWB-893041,UP-902100,UPP-813041,1,BIN-241,BK-013041,Pre-owned Atlas,Books,,USPS,USPS,14.99,14.99,10/31/2025 7:39:26 PM,10/31/2025 7:39:26 PM,10/31/2025 12:42:03 PM,,,Stripe,14.99,14.99,0.00,0.00,0.00,0.00,0.00,lister_F,1.1,gwb_reader_003681,,USD,2.25
Facebook Marketplace,FB-0013019,FB-0013019,UP-902078,UPP-813019,1,BIN-219,CL-013019,Retro Wool Coat,Clothing,,,Pickup,21.99,21.99,10/31/2025 8:55:59 PM,10/31/2025 8:55:59 PM,,,,Stripe,21.99,21.99,0.00,0.00,0.00,0.00,21.99,lister_F,2.9,,,USD,
