Channel,Channel Item ID,Channel Order ID,Title,Upright Product ID,Quantity,SKU,Category,Store,Lister,Upright Order ID,Price,Shipping,Fees,Refund Amount,Ordered At,Paid At,Shipped At,Listed At,Buyer Username,Sales Tax
Facebook Marketplace,FB-0004243,FB-0004243,Lot of 2 Rain Jacket,UPP-804243,1,CL-004243,Clothing,Michiana E-Com (test),lister_E,UP-900637,12.99,0.00,0.00,,9/1/2025 1:11:20 AM,9/1/2025 1:11:20 AM,,8/4/2025 12:11:20 AM,,0.00
GoodwillBooks,GB-9788940004251,GWB-884251,Classic CD Lot,UPP-804251,1,MD-004251,Media,Michiana E-Com (test),lister_C,UP-900645,11.99,0.00,1.80,,9/1/2025 2:38:02 AM,9/1/2025 2:38:02 AM,9/1/2025 1:05:33 PM,7/27/2025 12:38:02 AM,gwb_reader_009013,0.00
Mercari,m00000004246,m00000004246,Retro Loafers,UPP-804246,1,SH-004246,Shoes,Michiana E-Com (test),lister_F,UP-900640,31.99,6.99,3.20,,9/1/2025 4:48:01 AM,9/1/2025 4:48:01 AM,9/1/2025 1:32:09 PM,8/1/2025 12:48:01 AM,mercari_009367,0.00
GoodwillBooks,GB-9784330004259,GWB-884259,Like New Cookbook,UPP-804259,1,BK-004259,Books,Michiana E-Com (test),lister_E,UP-900653,6.99,0.00,1.05,,9/1/2025 5:23:48 AM,9/1/2025 5:23:48 AM,9/1/2025 3:29:47 PM,8/25/2025 2:23:48 AM,gwb_reader_008503,0.00
Facebook Marketplace,FB-0004245,FB-0004245,Like New Fondue Set,UPP-804245,1,KT-004245,Kitchen,Michiana E-Com (test),lister_F,UP-900639,25.99,0.00,0.00,,9/1/2025 7:27:30 AM,9/1/2025 7:27:30 AM,,8/2/2025 4:27:30 AM,,0.00
Facebook Marketplace,FB-0004247,FB-0004247,Antique Fondue Set,UPP-804247,1,KT-004247,Kitchen,Michiana E-Com (test),lister_C,UP-900641,9.99,0.00,0.00,,9/1/2025 7:45:16 AM,9/1/2025 7:45:16 AM,,7/31/2025 2:45:16 AM,,0.00
GoodwillBooks,GB-9780350004261,GWB-884261,Antique Field Guide,UPP-804261,1,BK-004261,Books,Michiana E-Com (test),lister_E,UP-900655,4.99,0.00,0.75,,9/1/2025 1:22:08 PM,9/1/2025 1:22:08 PM,9/1/2025 1:37:22 PM,8/23/2025 8:22:08 AM,gwb_reader_008564,0.00
GoodwillBooks,GB-9785020004250,GWB-884250,Classic Poetry Collection,UPP-804250,1,BK-004250,Books,Michiana E-Com (test),lister_A,UP-900644,6.99,0.00,1.05,,9/1/2025 1:24:42 PM,9/1/2025 1:24:42 PM,9/1/2025 9:37:21 AM,7/28/2025 12:24:42 PM,gwb_reader_008136,0.00
Mercari,m00000004241,m00000004241,Antique Patio Chair,UPP-804241,1,FN-004241,Furniture,Michiana E-Com (test),lister_F,UP-900635,25.99,6.99,2.60,,9/1/2025 1:40:46 PM,9/1/2025 1:40:46 PM,9/1/2025 9:42:27 AM,8/6/2025 7:40:46 AM,mercari_009000,0.00
ShopGoodwill,210004169,SGW-7704169,Like New Charm Bracelet,UPP-804169,1,JW-004169,Jewelry,Michiana E-Com (test),lister_D,UP-900633,61.00,11.91,4.88,,9/1/2025 2:34:15 PM,9/1/2025 2:34:15 PM,9/1/2025 3:31:53 PM,8/4/2025 10:34:15 AM,sgw_bidder_004044,0.00
GoodwillBooks,GB-9781870004260,GWB-884260,Vintage Poetry Collection,UPP-804260,1,BK-004260,Books,Michiana E-Com (test),lister_B,UP-900654,11.99,0.00,1.80,,9/1/2025 3:08:17 PM,9/1/2025 3:08:17 PM,,8/24/2025 11:08:17 AM,gwb_reader_008926,0.00
GoodwillBooks,GB-9787370004253,GWB-884253,Classic Field Guide,UPP-804253,1,BK-004253,Books,Michiana E-Com (test),lister_B,UP-900647,4.99,0.00,0.75,,9/1/2025 4:19:05 PM,9/1/2025 4:19:05 PM,9/1/2025 4:46:32 PM,7/25/2025 12:19:05 PM,gwb_reader_008744,0.00
GoodwillBooks,GB-9781270004258,GWB-884258,Vintage Biography,UPP-804258,1,BK-004258,Books,Michiana E-Com (test),lister_D,UP-900652,11.99,0.00,1.80,,9/1/2025 4:53:19 PM,9/1/2025 4:53:19 PM,9/1/2025 4:02:29 PM,8/26/2025 2:53:19 PM,gwb_reader_009418,0.00
Facebook Marketplace,FB-0004240,FB-0004240,Like New Silk Blouse,UPP-804240,1,CL-004240,Clothing,Michiana E-Com (test),lister_B,UP-900634,19.99,0.00,0.00,,9/1/2025 6:04:08 PM,9/1/2025 6:04:08 PM,,8/7/2025 1:04:08 PM,,0.00
Facebook Marketplace,FB-0004244,FB-0004244,Like New Ceramic Vase,UPP-804244,1,HM-004244,Home Decor,Michiana E-Com (test),lister_F,UP-900638,11.99,0.00,0.00,,9/1/2025 6:27:41 PM,9/1/2025 6:27:41 PM,,8/3/2025 4:27:41 PM,,0.00
GoodwillBooks,GB-9781120004249,GWB-884249,Pre-owned Poetry Collection,UPP-804249,1,BK-004249,Books,Michiana E-Com (test),lister_C,UP-900643,3.99,0.00,0.60,,9/1/2025 6:48:49 PM,9/1/2025 6:48:49 PM,9/1/2025 11:03:40 AM,7/29/2025 6:48:49 PM,gwb_reader_008379,0.00
GoodwillBooks,GB-9787420004257,GWB-884257,Antique Biography,UPP-804257,1,BK-004257,Books,Michiana E-Com (test),lister_D,UP-900651,5.99,0.00,0.90,,9/1/2025 6:59:18 PM,9/1/2025 6:59:18 PM,,8/27/2025 5:59:18 PM,gwb_reader_009722,0.00
GoodwillBooks,GB-9789980004254,GWB-884254,Used Poetry Collection,UPP-804254,1,BK-004254,Books,Michiana E-Com (test),lister_F,UP-900648,6.99,0.00,1.05,,9/1/2025 7:11:44 PM,9/1/2025 7:11:44 PM,9/1/2025 9:56:55 AM,7/24/2025 2:11:44 PM,gwb_reader_009299,0.00
Facebook Marketplace,FB-0004242,FB-0004242,Vintage Pyrex Bowl,UPP-804242,1,KT-004242,Kitchen,Michiana E-Com (test),lister_F,UP-900636,27.99,0.00,0.00,,9/1/2025 8:45:59 PM,9/1/2025 8:45:59 PM,,8/5/2025 8:45:59 PM,,0.00
GoodwillBooks,GB-9784190004255,GWB-884255,Classic Poetry Collection,UPP-804255,1,BK-004255,Books,Michiana E-Com (test),lister_B,UP-900649,23.99,0.00,3.60,,9/1/2025 9:49:42 PM,9/1/2025 9:49:42 PM,9/1/2025 11:42:50 AM,8/29/2025 3:49:42 PM,gwb_reader_008288,0.00
GoodwillBooks,GB-9786500004252,GWB-884252,Lot of 2 Poetry Collection,UPP-804252,1,BK-004252,Books,Michiana E-Com (test),lister_F,UP-900646,8.99,0.00,1.35,,9/1/2025 10:41:22 PM,9/1/2025 10:41:22 PM,9/1/2025 1:13:15 PM,7/26/2025 7:41:22 PM,gwb_reader_009582,0.00
GoodwillBooks,GB-9782550004256,GWB-884256,Pre-owned Hardcover Novel,UPP-804256,1,BK-004256,Books,Michiana E-Com (test),lister_D,UP-900650,8.99,0.00,1.35,,9/1/2025 11:12:51 PM,9/1/2025 11:12:51 PM,9/1/2025 4:57:53 PM,8/28/2025 11:12:51 PM,gwb_reader_008615,0.00
GoodwillBooks,GB-9787970004248,GWB-884248,Mid-Century Biography,UPP-804248,1,BK-004248,Books,Michiana E-Com (test),lister_B,UP-900642,3.99,0.00,0.60,,9/1/2025 11:58:41 PM,9/1/2025 11:58:41 PM,9/1/2025 10:26:14 AM,7/30/2025 5:58:41 PM,gwb_reader_008034,0.00
GoodwillBooks,GB-9789690004360,GWB-884360,Used Field Guide,UPP-804360,1,BK-004360,Books,Michiana E-Com (test),lister_F,UP-900668,14.99,0.00,2.25,,9/2/2025 12:15:47 AM,9/2/2025 12:15:47 AM,9/2/2025 9:32:09 AM,7/29/2025 6:15:47 PM,gwb_reader_009434,0.00
GoodwillBooks,GB-9789200004361,GWB-884361,Mid-Century Atlas,UPP-804361,1,BK-004361,Books,Michiana E-Com (test),lister_E,UP-900669,10.99,0.00,1.65,,9/2/2025 2:50:58 AM,9/2/2025 2:50:58 AM,,7/29/2025 2:50:58 AM,gwb_reader_008689,0.00
eBay,310000004352,19-04352-97532,Lot of 2 Cast Iron Skillet,UPP-804352,1,KT-004352,Kitchen,Michiana E-Com (test),lister_A,UP-900660,13.99,6.38,3.00,,9/2/2025 4:46:22 AM,9/2/2025 4:46:22 AM,9/2/2025 10:44:08 AM,8/6/2025 11:46:22 PM,ebuyer_006535,1.43
GoodwillBooks,GB-9785250004367,GWB-884367,Pre-owned Textbook,UPP-804367,1,BK-004367,Books,Michiana E-Com (test),lister_C,UP-900675,7.99,0.00,1.20,,9/2/2025 7:27:14 AM,9/2/2025 7:27:14 AM,9/2/2025 10:43:14 AM,8/29/2025 1:27:14 AM,gwb_reader_009397,0.00
Facebook Marketplace,FB-0004355,FB-0004355,Antique Tote Bag,UPP-804355,1,HB-004355,Handbags,Michiana E-Com (test),lister_E,UP-900663,38.99,0.00,0.00,,9/2/2025 9:53:27 AM,9/2/2025 9:53:27 AM,,8/4/2025 8:53:27 AM,,0.00
ShopGoodwill,210004277,SGW-7704277,Used Gold Tone Necklace,UPP-804277,1,JW-004277,Jewelry,Michiana E-Com (test),lister_F,UP-900657,97.00,9.62,7.76,,9/2/2025 11:22:18 AM,9/2/2025 11:22:18 AM,9/2/2025 4:18:23 PM,8/8/2025 11:22:18 AM,sgw_bidder_002516,0.00
GoodwillBooks,GB-9783360004359,GWB-884359,Mid-Century Blu-ray Set,UPP-804359,1,MD-004359,Media,Michiana E-Com (test),lister_F,UP-900667,5.99,0.00,0.90,,9/2/2025 12:54:50 PM,9/2/2025 12:54:50 PM,9/2/2025 9:27:09 AM,7/31/2025 7:54:50 AM,gwb_reader_008441,0.00
GoodwillBooks,GB-9781200004366,GWB-884366,Pre-owned Cookbook,UPP-804366,1,BK-004366,Books,Michiana E-Com (test),lister_E,UP-900674,6.99,0.00,1.05,,9/2/2025 2:07:51 PM,9/2/2025 2:07:51 PM,9/2/2025 10:48:53 AM,8/30/2025 9:07:51 AM,gwb_reader_009804,0.00
GoodwillBooks,GB-9786050004362,GWB-884362,Mid-Century Atlas,UPP-804362,1,BK-004362,Books,Michiana E-Com (test),lister_E,UP-900670,7.99,0.00,1.20,,9/2/2025 2:17:57 PM,9/2/2025 2:17:57 PM,,7/28/2025 1:17:57 PM,gwb_reader_008979,0.00
Facebook Marketplace,FB-0004356,FB-0004356,Pre-owned Loafers,UPP-804356,1,SH-004356,Shoes,Michiana E-Com (test),lister_D,UP-900664,29.99,0.00,0.00,,9/2/2025 3:38:12 PM,9/2/2025 3:38:12 PM,,8/3/2025 1:38:12 PM,,0.00
GoodwillBooks,GB-9788540004364,GWB-884364,Retro Cookbook,UPP-804364,1,BK-004364,Books,Michiana E-Com (test),lister_A,UP-900672,17.99,0.00,2.70,,9/2/2025 3:57:12 PM,9/2/2025 3:57:12 PM,9/2/2025 4:26:27 PM,7/26/2025 12:57:12 PM,gwb_reader_009104,0.00
Mercari,m00000004354,m00000004354,Like New Clutch,UPP-804354,1,HB-004354,Handbags,Michiana E-Com (test),lister_E,UP-900662,16.99,6.99,1.70,,9/2/2025 5:28:17 PM,9/2/2025 5:28:17 PM,,8/5/2025 5:28:17 PM,mercari_009043,0.00
eBay,310000004339,01-04339-17709,Classic Silk Blouse,UPP-804339,1,CL-004339,Clothing,Michiana E-Com (test),lister_A,UP-900659,23.99,6.46,4.33,,9/2/2025 5:58:35 PM,9/2/2025 5:58:35 PM,,8/20/2025 11:58:35 AM,ebuyer_007335,2.13
Facebook Marketplace,FB-0004357,FB-0004357,Retro Running Shoes,UPP-804357,1,SH-004357,Shoes,Michiana E-Com (test),lister_A,UP-900665,20.99,0.00,0.00,,9/2/2025 7:13:09 PM,9/2/2025 7:13:09 PM,,8/2/2025 4:13:09 PM,,0.00
ShopGoodwill,210004264,SGW-7704264,Like New Wool Coat,UPP-804264,1,CL-004264,Clothing,Michiana E-Com (test),lister_D,UP-900656,26.00,7.42,2.08,,9/2/2025 7:47:02 PM,9/2/2025 7:47:02 PM,9/2/2025 10:40:38 AM,8/21/2025 6:47:02 PM,sgw_bidder_003710,0.00
Facebook Marketplace,FB-0004353,FB-0004353,Vintage Table Lamp,UPP-804353,1,HM-004353,Home Decor,Michiana E-Com (test),lister_A,UP-900661,52.99,0.00,0.00,,9/2/2025 7:58:21 PM,9/2/2025 7:58:21 PM,,8/6/2025 1:58:21 PM,,0.00
GoodwillBooks,GB-9787620004365,GWB-884365,Pre-owned Hardcover Novel,UPP-804365,1,BK-004365,Books,Michiana E-Com (test),lister_C,UP-900673,11.99,0.00,1.80,,9/2/2025 9:14:38 PM,9/2/2025 9:14:38 PM,9/2/2025 12:39:33 PM,7/25/2025 5:14:38 PM,gwb_reader_008101,0.00
Mercari,m00000004358,m00000004358,Pre-owned Glass Pitcher,UPP-804358,1,KT-004358,Kitchen,Michiana E-Com (test),lister_E,UP-900666,29.99,6.99,3.00,,9/2/2025 10:44:24 PM,9/2/2025 10:44:24 PM,9/2/2025 11:24:43 AM,8/1/2025 6:44:24 PM,mercari_009045,0.00
eBay,310000004336,20-04336-90683,Lot of 2 Cast Iron Skillet,UPP-804336,2,KT-004336,Kitchen,Michiana E-Com (test),lister_A,UP-900658,38.99,0.00,10.63,,9/2/2025 11:00:20 PM,9/2/2025 11:00:20 PM,9/2/2025 11:55:40 AM,8/23/2025 8:00:20 PM,ebuyer_006104,5.46
GoodwillBooks,GB-9787650004363,GWB-884363,Classic Paperback Lot,UPP-804363,1,BK-004363,Books,Michiana E-Com (test),lister_E,UP-900671,10.99,0.00,1.65,,9/2/2025 11:35:21 PM,9/2/2025 11:35:21 PM,9/2/2025 11:28:07 AM,7/27/2025 9:35:21 PM,gwb_reader_008132,0.00
GoodwillBooks,GB-9781650004520,GWB-884520,Used Textbook,UPP-804520,1,BK-004520,Books,Michiana E-Com (test),lister_A,UP-900702,18.99,0.00,2.85,,9/3/2025 2:01:01 AM,9/3/2025 2:01:01 AM,9/3/2025 4:03:13 PM,8/24/2025 9:01:01 PM,gwb_reader_009317,0.00
GoodwillBooks,GB-9787020004519,GWB-884519,Used Paperback Lot,UPP-804519,1,BK-004519,Books,Michiana E-Com (test),lister_D,UP-900701,21.99,0.00,3.30,,9/3/2025 2:31:29 AM,9/3/2025 2:31:29 AM,9/3/2025 9:55:26 AM,8/25/2025 10:31:29 PM,gwb_reader_008755,0.00
GoodwillBooks,GB-9789950004515,GWB-884515,Handmade Vinyl Record,UPP-804515,1,MD-004515,Media,Michiana E-Com (test),lister_F,UP-900697,32.99,0.00,4.95,,9/3/2025 3:44:58 AM,9/3/2025 3:44:58 AM,,8/30/2025 3:44:58 AM,gwb_reader_009207,0.00
GoodwillBooks,GB-9788340004513,GWB-884513,Like New Paperback Lot,UPP-804513,1,BK-004513,Books,Michiana E-Com (test),lister_B,UP-900695,6.99,0.00,1.05,,9/3/2025 3:53:22 AM,9/3/2025 3:53:22 AM,,7/25/2025 10:53:22 PM,gwb_reader_008168,0.00
Facebook Marketplace,FB-0004499,FB-0004499,Lot of 2 Mantel Clock,UPP-804499,1,HM-004499,Home Decor,Michiana E-Com (test),lister_F,UP-900681,29.99,0.00,0.00,,9/3/2025 5:33:10 AM,9/3/2025 5:33:10 AM,,8/9/2025 12:33:10 AM,,0.00
Facebook Marketplace,FB-0004508,FB-0004508,Mid-Century Cashmere Sweater,UPP-804508,1,CL-004508,Clothing,Michiana E-Com (test),lister_E,UP-900690,16.99,0.00,0.00,,9/3/2025 7:01:06 AM,9/3/2025 7:01:06 AM,,7/31/2025 7:01:06 AM,,0.00
Facebook Marketplace,FB-0004503,FB-0004503,Used Wool Coat,UPP-804503,1,CL-004503,Clothing,Michiana E-Com (test),lister_E,UP-900685,48.99,0.00,0.00,,9/3/2025 7:17:11 AM,9/3/2025 7:17:11 AM,,8/5/2025 5:17:11 AM,,0.00
Mercari,m00000004504,m00000004504,Classic Picture Frame Set,UPP-804504,1,HM-004504,Home Decor,Michiana E-Com (test),lister_B,UP-900686,42.99,6.99,4.30,,9/3/2025 7:19:57 AM,9/3/2025 7:19:57 AM,9/3/2025 12:55:15 PM,8/4/2025 4:19:57 AM,mercari_009003,0.00
GoodwillBooks,GB-9789480004514,GWB-884514,Used Poetry Collection,UPP-804514,1,BK-004514,Books,Michiana E-Com (test),lister_E,UP-900696,5.99,0.00,0.90,,9/3/2025 9:18:57 AM,9/3/2025 9:18:57 AM,9/3/2025 10:45:26 AM,8/31/2025 3:18:57 AM,gwb_reader_009745,0.00
Facebook Marketplace,FB-0004497,FB-0004497,Handmade Flannel Shirt,UPP-804497,1,CL-004497,Clothing,Michiana E-Com (test),lister_A,UP-900679,18.99,0.00,0.00,,9/3/2025 9:23:30 AM,9/3/2025 9:23:30 AM,,8/11/2025 6:23:30 AM,,0.00
GoodwillBooks,GB-9788650004523,GWB-884523,Used Atlas,UPP-804523,1,BK-004523,Books,Michiana E-Com (test),lister_B,UP-900705,7.99,0.00,1.20,,9/3/2025 9:28:53 AM,9/3/2025 9:28:53 AM,,8/22/2025 8:28:53 AM,gwb_reader_009504,0.00
Mercari,m00000004507,m00000004507,Classic Picture Frame Set,UPP-804507,1,HM-004507,Home Decor,Michiana E-Com (test),lister_C,UP-900689,22.99,6.99,2.30,,9/3/2025 11:14:43 AM,9/3/2025 11:14:43 AM,9/3/2025 12:53:51 PM,8/1/2025 5:14:43 AM,mercari_009077,0.00
Facebook Marketplace,FB-0004502,FB-0004502,Mid-Century Leather Boots,UPP-804502,1,SH-004502,Shoes,Michiana E-Com (test),lister_C,UP-900684,95.99,0.00,0.00,,9/3/2025 11:21:26 AM,9/3/2025 11:21:26 AM,,8/6/2025 10:21:26 AM,,0.00
Facebook Marketplace,FB-0004505,FB-0004505,Used Tote Bag,UPP-804505,1,HB-004505,Handbags,Michiana E-Com (test),lister_B,UP-900687,48.99,0.00,0.00,,9/3/2025 11:23:28 AM,9/3/2025 11:23:28 AM,,8/3/2025 7:23:28 AM,,0.00
Facebook Marketplace,FB-0004506,FB-0004506,Handmade Cashmere Sweater,UPP-804506,1,CL-004506,Clothing,Michiana E-Com (test),lister_D,UP-900688,20.99,0.00,0.00,,9/3/2025 12:24:19 PM,9/3/2025 12:24:19 PM,,8/2/2025 7:24:19 AM,,0.00
eBay,310000004493,27-04493-42787,Antique Clutch,UPP-804493,1,HB-004493,Handbags,Michiana E-Com (test),lister_C,UP-900678,25.99,10.04,5.07,,9/3/2025 12:32:15 PM,9/3/2025 12:32:15 PM,9/3/2025 2:55:23 PM,8/15/2025 6:32:15 AM,ebuyer_007779,2.52
GoodwillBooks,GB-9785810004521,GWB-884521,Retro Cookbook,UPP-804521,1,BK-004521,Books,Michiana E-Com (test),lister_A,UP-900703,5.99,0.00,0.90,,9/3/2025 2:10:52 PM,9/3/2025 2:10:52 PM,,8/24/2025 8:10:52 AM,gwb_reader_008402,0.00
Facebook Marketplace,FB-0004509,FB-0004509,Like New Cast Iron Skillet,UPP-804509,1,KT-004509,Kitchen,Michiana E-Com (test),lister_D,UP-900691,12.99,0.00,0.00,,9/3/2025 2:22:53 PM,9/3/2025 2:22:53 PM,,7/30/2025 1:22:53 PM,,0.00
Facebook Marketplace,FB-0004511,FB-0004511,Retro Rain Jacket,UPP-804511,1,CL-004511,Clothing,Michiana E-Com (test),lister_A,UP-900693,21.99,0.00,0.00,,9/3/2025 3:18:49 PM,9/3/2025 3:18:49 PM,,7/28/2025 12:18:49 PM,,0.00
GoodwillBooks,GB-9781260004516,GWB-884516,Handmade Paperback Lot,UPP-804516,1,BK-004516,Books,Michiana E-Com (test),lister_B,UP-900698,5.99,0.00,0.90,,9/3/2025 3:57:51 PM,9/3/2025 3:57:51 PM,9/3/2025 2:24:34 PM,8/29/2025 2:57:51 PM,gwb_reader_008289,0.00
ShopGoodwill,210004382,SGW-7704382,Lot of 2 Pearl Earrings,UPP-804382,1,JW-004382,Jewelry,Michiana E-Com (test),lister_B,UP-900676,69.00,11.97,5.52,,9/3/2025 4:35:07 PM,9/3/2025 4:35:07 PM,9/3/2025 4:25:15 PM,8/15/2025 4:35:07 PM,sgw_bidder_003326,0.00
GoodwillBooks,GB-9783080004512,GWB-884512,Vintage Biography,UPP-804512,1,BK-004512,Books,Michiana E-Com (test),lister_F,UP-900694,18.99,0.00,2.85,,9/3/2025 5:28:22 PM,9/3/2025 5:28:22 PM,,7/27/2025 1:28:22 PM,gwb_reader_008128,0.00
Facebook Marketplace,FB-0004510,FB-0004510,Like New Leather Satchel,UPP-804510,1,HB-004510,Handbags,Michiana E-Com (test),lister_D,UP-900692,64.99,0.00,0.00,,9/3/2025 5:37:41 PM,9/3/2025 5:37:41 PM,,7/29/2025 3:37:41 PM,,0.00
GoodwillBooks,GB-9783000004518,GWB-884518,Vintage CD Lot,UPP-804518,1,MD-004518,Media,Michiana E-Com (test),lister_F,UP-900700,6.99,0.00,1.05,,9/3/2025 6:26:32 PM,9/3/2025 6:26:32 PM,9/3/2025 2:13:53 PM,8/27/2025 3:26:32 PM,gwb_reader_008196,0.00
Facebook Marketplace,FB-0004501,FB-0004501,Antique Crossbody Bag,UPP-804501,1,HB-004501,Handbags,Michiana E-Com (test),lister_F,UP-900683,15.99,0.00,0.00,,9/3/2025 6:37:12 PM,9/3/2025 6:37:12 PM,,8/7/2025 6:37:12 PM,,0.00
Facebook Marketplace,FB-0004498,FB-0004498,Handmade Clutch,UPP-804498,1,HB-004498,Handbags,Michiana E-Com (test),lister_B,UP-900680,27.99,0.00,0.00,,9/3/2025 7:19:54 PM,9/3/2025 7:19:54 PM,,8/10/2025 3:19:54 PM,,0.00
Facebook Marketplace,FB-0004500,FB-0004500,Antique Bookshelf,UPP-804500,1,FN-004500,Furniture,Michiana E-Com (test),lister_E,UP-900682,8.99,0.00,0.00,,9/3/2025 8:42:26 PM,9/3/2025 8:42:26 PM,,8/8/2025 2:42:26 PM,,0.00
GoodwillBooks,GB-9788570004522,GWB-884522,Handmade Cookbook,UPP-804522,1,BK-004522,Books,Michiana E-Com (test),lister_D,UP-900704,11.99,0.00,1.80,,9/3/2025 9:41:03 PM,9/3/2025 9:41:03 PM,9/3/2025 1:58:21 PM,8/23/2025 9:41:03 PM,gwb_reader_009934,0.00
eBay,310000004480,27-04480-58217,Lot of 2 Snow Globe,UPP-804480,1,CO-004480,Collectibles,Michiana E-Com (test),lister_D,UP-900677,32.99,0.00,4.67,,9/3/2025 10:00:02 PM,9/3/2025 10:00:02 PM,9/3/2025 2:19:46 PM,8/28/2025 10:00:02 PM,ebuyer_009187,2.31
GoodwillBooks,GB-9784670004517,GWB-884517,Used Atlas,UPP-804517,1,BK-004517,Books,Michiana E-Com (test),lister_C,UP-900699,9.99,0.00,1.50,,9/3/2025 10:01:04 PM,9/3/2025 10:01:04 PM,,8/28/2025 8:01:04 PM,gwb_reader_009178,0.00
GoodwillBooks,GB-9789260004659,GWB-884659,Pre-owned Blu-ray Set,UPP-804659,1,MD-004659,Media,Michiana E-Com (test),lister_D,UP-900716,4.99,0.00,0.75,,9/4/2025 2:16:49 AM,9/4/2025 2:16:49 AM,,7/28/2025 10:16:49 PM,gwb_reader_009689,0.00
GoodwillBooks,GB-9783350004657,GWB-884657,Classic CD Lot,UPP-804657,1,MD-004657,Media,Michiana E-Com (test),lister_A,UP-900714,11.99,0.00,1.80,,9/4/2025 2:25:16 AM,9/4/2025 2:25:16 AM,9/4/2025 1:22:22 PM,7/31/2025 12:25:16 AM,gwb_reader_009323,0.00
Mercari,m00000004651,m00000004651,Pre-owned Wool Coat,UPP-804651,1,CL-004651,Clothing,Michiana E-Com (test),lister_C,UP-900708,10.99,6.99,1.10,,9/4/2025 7:25:09 AM,9/4/2025 7:25:09 AM,9/4/2025 1:52:55 PM,8/6/2025 4:25:09 AM,mercari_009224,0.00
Facebook Marketplace,FB-0004652,FB-0004652,Vintage Silk Blouse,UPP-804652,1,CL-004652,Clothing,Michiana E-Com (test),lister_D,UP-900709,15.99,0.00,0.00,,9/4/2025 7:50:38 AM,9/4/2025 7:50:38 AM,,8/5/2025 3:50:38 AM,,0.00
GoodwillBooks,GB-9782680004655,GWB-884655,Handmade Vinyl Record,UPP-804655,1,MD-004655,Media,Michiana E-Com (test),lister_F,UP-900712,5.99,0.00,0.90,,9/4/2025 7:59:37 AM,9/4/2025 7:59:37 AM,9/4/2025 4:57:16 PM,8/2/2025 7:59:37 AM,gwb_reader_008420,0.00
GoodwillBooks,GB-9781080004658,GWB-884658,Handmade Textbook,UPP-804658,1,BK-004658,Books,Michiana E-Com (test),lister_D,UP-900715,7.99,0.00,1.20,,9/4/2025 9:02:08 AM,9/4/2025 9:02:08 AM,9/4/2025 2:02:26 PM,7/30/2025 6:02:08 AM,gwb_reader_008028,0.00
GoodwillBooks,GB-9788760004663,GWB-884663,Like New CD Lot,UPP-804663,1,MD-004663,Media,Michiana E-Com (test),lister_B,UP-900720,11.99,0.00,1.80,,9/4/2025 1:30:15 PM,9/4/2025 1:30:15 PM,,8/31/2025 12:30:15 PM,gwb_reader_008617,0.00
GoodwillBooks,GB-9780680004660,GWB-884660,Handmade Field Guide,UPP-804660,1,BK-004660,Books,Michiana E-Com (test),lister_A,UP-900717,6.99,0.00,1.05,,9/4/2025 3:10:33 PM,9/4/2025 3:10:33 PM,,7/28/2025 10:10:33 AM,gwb_reader_009602,0.00
GoodwillBooks,GB-9789240004656,GWB-884656,Classic Biography,UPP-804656,1,BK-004656,Books,Michiana E-Com (test),lister_B,UP-900713,18.99,0.00,2.85,,9/4/2025 3:32:23 PM,9/4/2025 3:32:23 PM,,8/1/2025 2:32:23 PM,gwb_reader_008000,0.00
eBay,310000004638,23-04638-84789,Pre-owned Snow Globe,UPP-804638,1,CO-004638,Collectibles,Michiana E-Com (test),lister_A,UP-900706,24.99,0.00,3.61,,9/4/2025 4:23:33 PM,9/4/2025 4:23:33 PM,9/4/2025 2:54:12 PM,8/19/2025 12:23:33 PM,ebuyer_007338,1.75
GoodwillBooks,GB-9785310004654,GWB-884654,Retro Cookbook,UPP-804654,1,BK-004654,Books,Michiana E-Com (test),lister_D,UP-900711,18.99,0.00,2.85,,9/4/2025 5:42:57 PM,9/4/2025 5:42:57 PM,,8/3/2025 11:42:57 AM,gwb_reader_008932,0.00
GoodwillBooks,GB-9780070004661,GWB-884661,Handmade Biography,UPP-804661,1,BK-004661,Books,Michiana E-Com (test),lister_C,UP-900718,13.99,0.00,2.10,,9/4/2025 5:52:55 PM,9/4/2025 5:52:55 PM,,7/27/2025 11:52:55 AM,gwb_reader_008141,0.00
Facebook Marketplace,FB-0004650,FB-0004650,Retro Silk Blouse,UPP-804650,1,CL-004650,Clothing,Michiana E-Com (test),lister_D,UP-900707,5.99,0.00,0.00,,9/4/2025 8:32:14 PM,9/4/2025 8:32:14 PM,,8/7/2025 6:32:14 PM,,0.00
Mercari,m00000004653,m00000004653,Pre-owned Denim Jacket,UPP-804653,1,CL-004653,Clothing,Michiana E-Com (test),lister_F,UP-900710,12.99,6.99,1.30,,9/4/2025 9:02:01 PM,9/4/2025 9:02:01 PM,9/4/2025 4:00:54 PM,8/4/2025 4:02:01 PM,mercari_009425,0.00
GoodwillBooks,GB-9783060004662,GWB-884662,Like New Hardcover Novel,UPP-804662,1,BK-004662,Books,Michiana E-Com (test),lister_F,UP-900719,11.99,0.00,1.80,,9/4/2025 9:10:27 PM,9/4/2025 9:10:27 PM,9/4/2025 9:02:02 AM,9/1/2025 9:10:27 PM,gwb_reader_008045,0.00
GoodwillBooks,GB-9780000004664,GWB-884664,Mid-Century Poetry Collection,UPP-804664,1,BK-004664,Books,Michiana E-Com (test),lister_A,UP-900721,17.99,0.00,2.70,,9/4/2025 11:18:56 PM,9/4/2025 11:18:56 PM,9/4/2025 3:10:31 PM,8/30/2025 9:18:56 PM,gwb_reader_009123,0.00
Facebook Marketplace,FB-0004790,FB-0004790,Like New Mantel Clock,UPP-804790,1,HM-004790,Home Decor,Michiana E-Com (test),lister_F,UP-900726,23.99,0.00,0.00,,9/5/2025 1:44:08 AM,9/5/2025 1:44:08 AM,,8/15/2025 11:44:08 PM,,0.00
ShopGoodwill,210004670,SGW-7704670,Classic Brooch,UPP-804670,1,JW-004670,Jewelry,Michiana E-Com (test),lister_A,UP-900722,30.00,17.33,2.40,,9/5/2025 3:02:54 AM,9/5/2025 3:02:54 AM,,8/25/2025 2:02:54 AM,sgw_bidder_000239,0.00
eBay,310000004778,17-04778-15032,Mid-Century Pewter Mug,UPP-804778,1,CO-004778,Collectibles,Michiana E-Com (test),lister_F,UP-900724,31.99,12.15,6.15,,9/5/2025 5:46:01 AM,9/5/2025 5:46:01 AM,9/5/2025 2:08:52 PM,8/28/2025 1:46:01 AM,ebuyer_008616,3.09
Facebook Marketplace,FB-0004793,FB-0004793,Lot of 2 Flannel Shirt,UPP-804793,1,CL-004793,Clothing,Michiana E-Com (test),lister_A,UP-900729,26.99,0.00,0.00,,9/5/2025 6:33:47 AM,9/5/2025 6:33:47 AM,,8/13/2025 1:33:47 AM,,0.00
Facebook Marketplace,FB-0004797,FB-0004797,Mid-Century Patio Chair,UPP-804797,1,FN-004797,Furniture,Michiana E-Com (test),lister_C,UP-900733,25.99,0.00,0.00,,9/5/2025 10:24:39 AM,9/5/2025 10:24:39 AM,,8/9/2025 8:24:39 AM,,0.00
Facebook Marketplace,FB-0004794,FB-0004794,Antique Glass Pitcher,UPP-804794,1,KT-004794,Kitchen,Michiana E-Com (test),lister_D,UP-900730,20.99,0.00,0.00,,9/5/2025 10:52:03 AM,9/5/2025 10:52:03 AM,,8/12/2025 4:52:03 AM,,0.00
GoodwillBooks,GB-9781090004802,GWB-884802,Lot of 2 Hardcover Novel,UPP-804802,1,BK-004802,Books,Michiana E-Com (test),lister_F,UP-900738,7.99,0.00,1.20,,9/5/2025 10:59:54 AM,9/5/2025 10:59:54 AM,,8/4/2025 10:59:54 AM,gwb_reader_009128,0.00
GoodwillBooks,GB-9786460004803,GWB-884803,Pre-owned Atlas,UPP-804803,1,BK-004803,Books,Michiana E-Com (test),lister_A,UP-900739,10.99,0.00,1.65,,9/5/2025 2:38:46 PM,9/5/2025 2:38:46 PM,9/5/2025 4:42:34 PM,8/3/2025 1:38:46 PM,gwb_reader_008424,0.00
GoodwillBooks,GB-9789440004804,GWB-884804,Mid-Century Atlas,UPP-804804,1,BK-004804,Books,Michiana E-Com (test),lister_D,UP-900740,7.99,0.00,1.20,,9/5/2025 3:38:29 PM,9/5/2025 3:38:29 PM,9/5/2025 9:15:00 AM,8/2/2025 1:38:29 PM,gwb_reader_009224,0.00
Facebook Marketplace,FB-0004799,FB-0004799,Antique Crossbody Bag,UPP-804799,1,HB-004799,Handbags,Michiana E-Com (test),lister_D,UP-900735,72.99,0.00,0.00,,9/5/2025 3:46:23 PM,9/5/2025 3:46:23 PM,,8/7/2025 11:46:23 AM,,0.00
Facebook Marketplace,FB-0004796,FB-0004796,Retro Bookshelf,UPP-804796,1,FN-004796,Furniture,Michiana E-Com (test),lister_E,UP-900732,19.99,0.00,0.00,,9/5/2025 4:28:11 PM,9/5/2025 4:28:11 PM,,8/10/2025 3:28:11 PM,,0.00
eBay,310000004771,17-04771-76226,Like New Figurine,UPP-804771,1,CO-004771,Collectibles,Michiana E-Com (test),lister_F,UP-900723,31.99,15.07,6.54,,9/5/2025 4:56:16 PM,9/5/2025 4:56:16 PM,9/5/2025 12:21:47 PM,7/29/2025 12:56:16 PM,ebuyer_006048,3.29
Facebook Marketplace,FB-0004798,FB-0004798,Handmade Flannel Shirt,UPP-804798,1,CL-004798,Clothing,Michiana E-Com (test),lister_B,UP-900734,23.99,0.00,0.00,,9/5/2025 7:04:17 PM,9/5/2025 7:04:17 PM,,8/8/2025 4:04:17 PM,,0.00
GoodwillBooks,GB-9788450004806,GWB-884806,Pre-owned Textbook,UPP-804806,1,BK-004806,Books,Michiana E-Com (test),lister_C,UP-900742,9.99,0.00,1.50,,9/5/2025 7:28:09 PM,9/5/2025 7:28:09 PM,,7/31/2025 3:28:09 PM,gwb_reader_008867,0.00
Mercari,m00000004800,m00000004800,Antique Sandals,UPP-804800,1,SH-004800,Shoes,Michiana E-Com (test),lister_C,UP-900736,34.99,6.99,3.50,,9/5/2025 7:33:24 PM,9/5/2025 7:33:24 PM,9/5/2025 11:47:43 AM,8/6/2025 2:33:24 PM,mercari_009509,0.00
Facebook Marketplace,FB-0004789,FB-0004789,Like New Crossbody Bag,UPP-804789,1,HB-004789,Handbags,Michiana E-Com (test),lister_B,UP-900725,36.99,0.00,0.00,,9/5/2025 8:06:31 PM,9/5/2025 8:06:31 PM,,8/17/2025 7:06:31 PM,,0.00
Facebook Marketplace,FB-0004795,FB-0004795,Mid-Century Wool Coat,UPP-804795,1,CL-004795,Clothing,Michiana E-Com (test),lister_D,UP-900731,8.99,0.00,0.00,,9/5/2025 8:30:37 PM,9/5/2025 8:30:37 PM,,8/11/2025 8:30:37 PM,,0.00
GoodwillBooks,GB-9789200004805,GWB-884805,Classic Biography,UPP-804805,1,BK-004805,Books,Michiana E-Com (test),lister_A,UP-900741,7.99,0.00,1.20,,9/5/2025 9:02:19 PM,9/5/2025 9:02:19 PM,9/5/2025 1:11:28 PM,8/1/2025 6:02:19 PM,gwb_reader_008159,0.00
Mercari,m00000004791,m00000004791,Handmade Sandals,UPP-804791,1,SH-004791,Shoes,Michiana E-Com (test),lister_A,UP-900727,25.99,6.99,2.60,,9/5/2025 11:21:09 PM,9/5/2025 11:21:09 PM,,8/15/2025 8:21:09 PM,mercari_009034,0.00
Facebook Marketplace,FB-0004792,FB-0004792,Lot of 2 Wool Coat,UPP-804792,1,CL-004792,Clothing,Michiana E-Com (test),lister_A,UP-900728,17.99,0.00,0.00,,9/5/2025 11:41:21 PM,9/5/2025 11:41:21 PM,,8/14/2025 7:41:21 PM,,0.00
GoodwillBooks,GB-9788770004801,GWB-884801,Antique Poetry Collection,UPP-804801,1,BK-004801,Books,Michiana E-Com (test),lister_C,UP-900737,18.99,0.00,2.85,,9/5/2025 11:45:16 PM,9/5/2025 11:45:16 PM,9/5/2025 11:31:36 AM,8/5/2025 5:45:16 PM,gwb_reader_009433,0.00
eBay,310000004935,12-04935-93207,Like New Turntable,UPP-804935,2,EL-004935,Electronics,Michiana E-Com (test),lister_E,UP-900749,28.99,9.34,1.84,67.32,9/6/2025 12:20:38 AM,9/6/2025 12:20:38 AM,9/6/2025 11:25:39 AM,8/20/2025 12:20:38 AM,ebuyer_007819,4.71
GoodwillBooks,GB-9787450004962,GWB-884962,Classic Atlas,UPP-804962,1,BK-004962,Books,Michiana E-Com (test),lister_F,UP-900764,13.99,0.00,2.10,,9/6/2025 4:03:37 AM,9/6/2025 4:03:37 AM,9/6/2025 3:22:36 PM,8/29/2025 10:03:37 PM,gwb_reader_008848,0.00
Facebook Marketplace,FB-0004950,FB-0004950,Like New Desk Chair,UPP-804950,1,FN-004950,Furniture,Michiana E-Com (test),lister_F,UP-900752,23.99,0.00,0.00,,9/6/2025 4:07:03 AM,9/6/2025 4:07:03 AM,,8/5/2025 3:07:03 AM,,0.00
Facebook Marketplace,FB-0004956,FB-0004956,Vintage Wool Coat,UPP-804956,1,CL-004956,Clothing,Michiana E-Com (test),lister_A,UP-900758,16.99,0.00,0.00,,9/6/2025 5:03:05 AM,9/6/2025 5:03:05 AM,,7/30/2025 5:03:05 AM,,0.00
ShopGoodwill,210004865,SGW-7704865,Like New Brooch,UPP-804865,1,JW-004865,Jewelry,Michiana E-Com (test),lister_C,UP-900746,41.00,8.78,3.28,,9/6/2025 7:22:43 AM,9/6/2025 7:22:43 AM,9/6/2025 9:36:17 AM,8/16/2025 7:22:43 AM,sgw_bidder_008014,0.00
Facebook Marketplace,FB-0004951,FB-0004951,Pre-owned Glass Pitcher,UPP-804951,1,KT-004951,Kitchen,Michiana E-Com (test),lister_F,UP-900753,16.99,0.00,0.00,,9/6/2025 8:40:29 AM,9/6/2025 8:40:29 AM,,8/4/2025 6:40:29 AM,,0.00
GoodwillBooks,GB-9788310004966,GWB-884966,Antique Hardcover Novel,UPP-804966,1,BK-004966,Books,Michiana E-Com (test),lister_D,UP-900768,9.99,0.00,1.50,,9/6/2025 9:23:17 AM,9/6/2025 9:23:17 AM,9/6/2025 10:26:48 AM,8/26/2025 6:23:17 AM,gwb_reader_009046,0.00
Mercari,m00000004955,m00000004955,Pre-owned Silk Blouse,UPP-804955,1,CL-004955,Clothing,Michiana E-Com (test),lister_F,UP-900757,8.99,6.99,0.90,,9/6/2025 9:52:45 AM,9/6/2025 9:52:45 AM,9/6/2025 12:44:18 PM,7/31/2025 3:52:45 AM,mercari_009041,0.00
Facebook Marketplace,FB-0004949,FB-0004949,Like New Table Lamp,UPP-804949,1,HM-004949,Home Decor,Michiana E-Com (test),lister_B,UP-900751,5.99,0.00,0.00,,9/6/2025 12:37:12 PM,9/6/2025 12:37:12 PM,,8/6/2025 12:37:12 PM,,0.00
GoodwillBooks,GB-9784230004958,GWB-884958,Like New Hardcover Novel,UPP-804958,1,BK-004958,Books,Michiana E-Com (test),lister_A,UP-900760,11.99,0.00,1.80,,9/6/2025 1:24:42 PM,9/6/2025 1:24:42 PM,9/6/2025 11:29:06 AM,9/3/2025 11:24:42 AM,gwb_reader_008939,0.00
Facebook Marketplace,FB-0004957,FB-0004957,Used Flannel Shirt,UPP-804957,1,CL-004957,Clothing,Michiana E-Com (test),lister_F,UP-900759,16.99,0.00,0.00,,9/6/2025 2:00:12 PM,9/6/2025 2:00:12 PM,,7/29/2025 1:00:12 PM,,0.00
Facebook Marketplace,FB-0004953,FB-0004953,Vintage Picture Frame Set,UPP-804953,1,HM-004953,Home Decor,Michiana E-Com (test),lister_D,UP-900755,11.99,0.00,0.00,,9/6/2025 2:15:40 PM,9/6/2025 2:15:40 PM,,8/2/2025 10:15:40 AM,,0.00
eBay,310000004933,19-04933-54050,Pre-owned Headphones,UPP-804933,1,EL-004933,Electronics,Michiana E-Com (test),lister_B,UP-900748,35.99,0.00,5.07,,9/6/2025 2:44:03 PM,9/6/2025 2:44:03 PM,9/6/2025 12:38:31 PM,8/22/2025 9:44:03 AM,ebuyer_006845,2.52
ShopGoodwill,210004828,SGW-7704828,Pre-owned Golf Balls,UPP-804828,1,SG-004828,Sporting Goods,Michiana E-Com (test),lister_F,UP-900744,20.00,10.77,1.60,,9/6/2025 7:30:51 PM,9/6/2025 7:30:51 PM,9/6/2025 2:49:30 PM,8/16/2025 2:30:51 PM,sgw_bidder_001942,0.00
GoodwillBooks,GB-9785180004965,GWB-884965,Classic CD Lot,UPP-804965,1,MD-004965,Media,Michiana E-Com (test),lister_C,UP-900767,20.99,0.00,3.15,,9/6/2025 8:11:52 PM,9/6/2025 8:11:52 PM,,8/27/2025 6:11:52 PM,gwb_reader_008005,0.00
ShopGoodwill,210004843,SGW-7704843,Retro Pewter Mug,UPP-804843,1,CO-004843,Collectibles,Michiana E-Com (test),lister_E,UP-900745,28.00,9.13,2.24,,9/6/2025 8:33:22 PM,9/6/2025 8:33:22 PM,9/6/2025 3:18:00 PM,8/1/2025 2:33:22 PM,sgw_bidder_003314,0.00
GoodwillBooks,GB-9784940004963,GWB-884963,Lot of 2 Biography,UPP-804963,1,BK-004963,Books,Michiana E-Com (test),lister_D,UP-900765,5.99,0.00,0.90,,9/6/2025 8:38:08 PM,9/6/2025 8:38:08 PM,9/6/2025 4:39:19 PM,8/29/2025 8:38:08 PM,gwb_reader_008001,0.00
GoodwillBooks,GB-9784990004959,GWB-884959,Classic Biography,UPP-804959,1,BK-004959,Books,Michiana E-Com (test),lister_D,UP-900761,18.99,0.00,2.85,,9/6/2025 8:45:40 PM,9/6/2025 8:45:40 PM,9/6/2025 9:28:11 AM,9/2/2025 5:45:40 PM,gwb_reader_009145,0.00
Facebook Marketplace,FB-0004952,FB-0004952,Mid-Century Pyrex Bowl,UPP-804952,1,KT-004952,Kitchen,Michiana E-Com (test),lister_B,UP-900754,22.99,0.00,0.00,,9/6/2025 8:55:36 PM,9/6/2025 8:55:36 PM,,8/3/2025 5:55:36 PM,,0.00
GoodwillBooks,GB-9783420004961,GWB-884961,Like New Field Guide,UPP-804961,1,BK-004961,Books,Michiana E-Com (test),lister_E,UP-900763,8.99,0.00,1.35,,9/6/2025 9:57:16 PM,9/6/2025 9:57:16 PM,9/6/2025 12:48:49 PM,8/31/2025 4:57:16 PM,gwb_reader_008354,0.00
Mercari,m00000004954,m00000004954,Mid-Century Cashmere Sweater,UPP-804954,1,CL-004954,Clothing,Michiana E-Com (test),lister_B,UP-900756,53.99,6.99,5.40,,9/6/2025 10:06:51 PM,9/6/2025 10:06:51 PM,9/6/2025 3:53:20 PM,8/1/2025 5:06:51 PM,mercari_009435,0.00
GoodwillBooks,GB-9780290004964,GWB-884964,Retro Hardcover Novel,UPP-804964,1,BK-004964,Books,Michiana E-Com (test),lister_D,UP-900766,12.99,0.00,1.95,,9/6/2025 11:01:50 PM,9/6/2025 11:01:50 PM,9/6/2025 4:38:16 PM,8/28/2025 10:01:50 PM,gwb_reader_008215,0.00
eBay,310000004922,09-04922-81146,Lot of 2 Game Console,UPP-804922,1,EL-004922,Electronics,Michiana E-Com (test),lister_D,UP-900747,65.99,0.00,9.04,,9/6/2025 11:18:05 PM,9/6/2025 11:18:05 PM,9/6/2025 4:50:43 PM,9/2/2025 10:18:05 PM,ebuyer_008437,4.62
eBay,310000004945,22-04945-94044,Mid-Century Golf Balls,UPP-804945,1,SG-004945,Sporting Goods,Michiana E-Com (test),lister_A,UP-900750,19.99,13.91,4.79,,9/6/2025 11:22:00 PM,9/6/2025 11:22:00 PM,9/6/2025 10:54:51 AM,8/10/2025 8:22:00 PM,ebuyer_006071,2.37
ShopGoodwill,210004808,SGW-7704808,Vintage Chronograph Watch,UPP-804808,1,WT-004808,Watches,Michiana E-Com (test),lister_F,UP-900743,37.00,11.51,2.96,,9/6/2025 11:36:49 PM,9/6/2025 11:36:49 PM,9/6/2025 3:15:59 PM,7/30/2025 5:36:49 PM,sgw_bidder_001285,0.00
GoodwillBooks,GB-9787920004960,GWB-884960,Retro Cookbook,UPP-804960,1,BK-004960,Books,Michiana E-Com (test),lister_B,UP-900762,7.99,0.00,1.20,,9/6/2025 11:55:38 PM,9/6/2025 11:55:38 PM,9/6/2025 4:35:55 PM,9/1/2025 7:55:38 PM,gwb_reader_008158,0.00
GoodwillBooks,GB-9785660005120,GWB-885120,Vintage Textbook,UPP-805120,1,BK-005120,Books,Michiana E-Com (test),lister_E,UP-900786,10.99,0.00,1.65,,9/7/2025 2:30:23 AM,9/7/2025 2:30:23 AM,9/7/2025 3:05:14 PM,8/20/2025 11:30:23 PM,gwb_reader_008011,0.00
GoodwillBooks,GB-9782910005126,GWB-885126,Like New Field Guide,UPP-805126,1,BK-005126,Books,Michiana E-Com (test),lister_C,UP-900792,8.99,0.00,0.00,8.99,9/7/2025 3:29:19 AM,9/7/2025 3:29:19 AM,9/7/2025 1:32:40 PM,8/15/2025 1:29:19 AM,gwb_reader_008003,0.00
Mercari,m00000005119,m00000005119,Antique Bookshelf,UPP-805119,1,FN-005119,Furniture,Michiana E-Com (test),lister_B,UP-900785,39.99,6.99,4.00,,9/7/2025 6:30:04 AM,9/7/2025 6:30:04 AM,9/7/2025 11:53:20 AM,8/22/2025 4:30:04 AM,mercari_009122,0.00
Facebook Marketplace,FB-0005114,FB-0005114,Retro Fondue Set,UPP-805114,1,KT-005114,Kitchen,Michiana E-Com (test),lister_A,UP-900780,29.99,0.00,0.00,,9/7/2025 7:48:12 AM,9/7/2025 7:48:12 AM,,8/27/2025 3:48:12 AM,,0.00
GoodwillBooks,GB-9784780005128,GWB-885128,Vintage Atlas,UPP-805128,1,BK-005128,Books,Michiana E-Com (test),lister_E,UP-900794,3.99,0.00,0.60,,9/7/2025 10:08:03 AM,9/7/2025 10:08:03 AM,9/7/2025 11:41:06 AM,8/13/2025 6:08:03 AM,gwb_reader_009046,0.00
Facebook Marketplace,FB-0005115,FB-0005115,Vintage Hiking Boots,UPP-805115,1,SH-005115,Shoes,Michiana E-Com (test),lister_B,UP-900781,66.99,0.00,0.00,,9/7/2025 10:11:23 AM,9/7/2025 10:11:23 AM,,8/26/2025 5:11:23 AM,,0.00
GoodwillBooks,GB-9780030005123,GWB-885123,Retro Atlas,UPP-805123,1,BK-005123,Books,Michiana E-Com (test),lister_B,UP-900789,3.99,0.00,0.60,,9/7/2025 10:33:40 AM,9/7/2025 10:33:40 AM,9/7/2025 4:09:53 PM,8/18/2025 4:33:40 AM,gwb_reader_009133,0.00
eBay,310000005100,15-05100-75165,Mid-Century Rain Jacket,UPP-805100,1,CL-005100,Clothing,Michiana E-Com (test),lister_D,UP-900771,15.99,6.26,0.65,22.25,9/7/2025 10:59:41 AM,9/7/2025 10:59:41 AM,,8/4/2025 6:59:41 AM,ebuyer_006782,1.56
Facebook Marketplace,FB-0005113,FB-0005113,Mid-Century Loafers,UPP-805113,1,SH-005113,Shoes,Michiana E-Com (test),lister_E,UP-900779,67.99,0.00,0.00,,9/7/2025 11:10:35 AM,9/7/2025 11:10:35 AM,,8/28/2025 8:10:35 AM,,0.00
Facebook Marketplace,FB-0005112,FB-0005112,Handmade Cashmere Sweater,UPP-805112,1,CL-005112,Clothing,Michiana E-Com (test),lister_E,UP-900778,15.99,0.00,0.00,,9/7/2025 11:31:39 AM,9/7/2025 11:31:39 AM,,8/29/2025 9:31:39 AM,,0.00
Facebook Marketplace,FB-0005116,FB-0005116,Mid-Century Picture Frame Set,UPP-805116,1,HM-005116,Home Decor,Michiana E-Com (test),lister_A,UP-900782,27.99,0.00,0.00,,9/7/2025 12:08:23 PM,9/7/2025 12:08:23 PM,,8/25/2025 6:08:23 AM,,0.00
GoodwillBooks,GB-9785010005124,GWB-885124,Mid-Century Atlas,UPP-805124,1,BK-005124,Books,Michiana E-Com (test),lister_A,UP-900790,5.99,0.00,0.90,,9/7/2025 12:47:05 PM,9/7/2025 12:47:05 PM,9/7/2025 3:12:59 PM,8/17/2025 12:47:05 PM,gwb_reader_008409,0.00
Mercari,m00000005108,m00000005108,Mid-Century Mantel Clock,UPP-805108,1,HM-005108,Home Decor,Michiana E-Com (test),lister_A,UP-900774,20.99,6.99,2.10,,9/7/2025 1:02:13 PM,9/7/2025 1:02:13 PM,9/7/2025 1:12:20 PM,9/2/2025 8:02:13 AM,mercari_009528,0.00
Facebook Marketplace,FB-0005111,FB-0005111,Classic Picture Frame Set,UPP-805111,1,HM-005111,Home Decor,Michiana E-Com (test),lister_B,UP-900777,31.99,0.00,0.00,,9/7/2025 1:49:25 PM,9/7/2025 1:49:25 PM,,8/30/2025 12:49:25 PM,,0.00
GoodwillBooks,GB-9785370005131,GWB-885131,Pre-owned Hardcover Novel,UPP-805131,1,BK-005131,Books,Michiana E-Com (test),lister_F,UP-900797,12.99,0.00,1.95,,9/7/2025 2:17:30 PM,9/7/2025 2:17:30 PM,9/7/2025 11:34:17 AM,8/10/2025 2:17:30 PM,gwb_reader_008425,0.00
Facebook Marketplace,FB-0005106,FB-0005106,Vintage Running Shoes,UPP-805106,1,SH-005106,Shoes,Michiana E-Com (test),lister_A,UP-900772,16.99,0.00,0.00,,9/7/2025 3:14:44 PM,9/7/2025 3:14:44 PM,,9/4/2025 12:14:44 PM,,0.00
Facebook Marketplace,FB-0005118,FB-0005118,Pre-owned Rain Jacket,UPP-805118,1,CL-005118,Clothing,Michiana E-Com (test),lister_D,UP-900784,4.99,0.00,0.00,,9/7/2025 3:16:08 PM,9/7/2025 3:16:08 PM,,8/23/2025 2:16:08 PM,,0.00
eBay,310000005086,25-05086-01993,Antique Snow Globe,UPP-805086,1,CO-005086,Collectibles,Michiana E-Com (test),lister_C,UP-900770,68.99,0.00,9.44,,9/7/2025 3:39:02 PM,9/7/2025 3:39:02 PM,9/7/2025 1:50:26 PM,8/18/2025 11:39:02 AM,ebuyer_007881,4.83
Facebook Marketplace,FB-0005109,FB-0005109,Lot of 2 Mantel Clock,UPP-805109,1,HM-005109,Home Decor,Michiana E-Com (test),lister_C,UP-900775,11.99,0.00,0.00,,9/7/2025 3:40:04 PM,9/7/2025 3:40:04 PM,,9/1/2025 9:40:04 AM,,0.00
Facebook Marketplace,FB-0005107,FB-0005107,Retro Side Table,UPP-805107,1,FN-005107,Furniture,Michiana E-Com (test),lister_D,UP-900773,16.99,0.00,0.00,,9/7/2025 3:40:39 PM,9/7/2025 3:40:39 PM,,9/3/2025 11:40:39 AM,,0.00
GoodwillBooks,GB-9784180005122,GWB-885122,Classic Atlas,UPP-805122,1,BK-005122,Books,Michiana E-Com (test),lister_B,UP-900788,9.99,0.00,1.50,,9/7/2025 4:17:33 PM,9/7/2025 4:17:33 PM,9/7/2025 2:25:42 PM,8/19/2025 11:17:33 AM,gwb_reader_008603,0.00
Facebook Marketplace,FB-0005117,FB-0005117,Pre-owned Rain Jacket,UPP-805117,1,CL-005117,Clothing,Michiana E-Com (test),lister_B,UP-900783,49.99,0.00,0.00,,9/7/2025 4:33:02 PM,9/7/2025 4:33:02 PM,,8/24/2025 4:33:02 PM,,0.00
ShopGoodwill,210005037,SGW-7705037,Vintage Turntable,UPP-805037,1,EL-005037,Electronics,Michiana E-Com (test),lister_F,UP-900769,20.00,14.15,1.60,,9/7/2025 5:51:38 PM,9/7/2025 5:51:38 PM,9/7/2025 9:22:13 AM,8/30/2025 1:51:38 PM,sgw_bidder_002860,0.00
GoodwillBooks,GB-9786060005130,GWB-885130,Antique Paperback Lot,UPP-805130,1,BK-005130,Books,Michiana E-Com (test),lister_D,UP-900796,4.99,0.00,0.75,,9/7/2025 6:47:30 PM,9/7/2025 6:47:30 PM,9/7/2025 1:38:05 PM,8/11/2025 12:47:30 PM,gwb_reader_009379,0.00
GoodwillBooks,GB-9787220005129,GWB-885129,Antique Poetry Collection,UPP-805129,1,BK-005129,Books,Michiana E-Com (test),lister_D,UP-900795,11.99,0.00,1.80,,9/7/2025 8:15:29 PM,9/7/2025 8:15:29 PM,9/7/2025 4:11:49 PM,8/12/2025 3:15:29 PM,gwb_reader_008595,0.00
GoodwillBooks,GB-9789940005125,GWB-885125,Handmade Atlas,UPP-805125,1,BK-005125,Books,Michiana E-Com (test),lister_E,UP-900791,6.99,0.00,1.05,,9/7/2025 8:16:07 PM,9/7/2025 8:16:07 PM,9/7/2025 11:08:38 AM,8/16/2025 7:16:07 PM,gwb_reader_009899,0.00
GoodwillBooks,GB-9784600005127,GWB-885127,Handmade Field Guide,UPP-805127,1,BK-005127,Books,Michiana E-Com (test),lister_D,UP-900793,19.99,0.00,3.00,,9/7/2025 11:08:34 PM,9/7/2025 11:08:34 PM,9/7/2025 12:16:41 PM,8/14/2025 8:08:34 PM,gwb_reader_008638,0.00
GoodwillBooks,GB-9786630005121,GWB-885121,Pre-owned Poetry Collection,UPP-805121,1,BK-005121,Books,Michiana E-Com (test),lister_D,UP-900787,6.99,0.00,1.05,,9/7/2025 11:17:00 PM,9/7/2025 11:17:00 PM,9/7/2025 4:23:15 PM,8/20/2025 7:17:00 PM,gwb_reader_009366,0.00
Mercari,m00000005110,m00000005110,Lot of 2 Bookshelf,UPP-805110,1,FN-005110,Furniture,Michiana E-Com (test),lister_C,UP-900776,44.99,6.99,4.50,,9/7/2025 11:48:23 PM,9/7/2025 11:48:23 PM,9/7/2025 10:51:44 AM,8/31/2025 11:48:23 PM,mercari_009266,0.00
GoodwillBooks,GB-9785130005251,GWB-885251,Retro Poetry Collection,UPP-805251,1,BK-005251,Books,Michiana E-Com (test),lister_E,UP-900806,8.99,0.00,1.35,,9/8/2025 4:18:16 AM,9/8/2025 4:18:16 AM,,8/2/2025 3:18:16 AM,gwb_reader_009879,0.00
GoodwillBooks,GB-9789710005252,GWB-885252,Mid-Century Hardcover Novel,UPP-805252,1,BK-005252,Books,Michiana E-Com (test),lister_D,UP-900807,6.99,0.00,1.05,,9/8/2025 5:37:49 AM,9/8/2025 5:37:49 AM,9/8/2025 9:01:00 AM,8/1/2025 3:37:49 AM,gwb_reader_008486,0.00
Facebook Marketplace,FB-0005245,FB-0005245,Retro Brass Candlesticks,UPP-805245,1,HM-005245,Home Decor,Michiana E-Com (test),lister_E,UP-900800,16.99,0.00,0.00,,9/8/2025 6:09:24 AM,9/8/2025 6:09:24 AM,,8/8/2025 4:09:24 AM,,0.00
GoodwillBooks,GB-9782360005250,GWB-885250,Lot of 2 Poetry Collection,UPP-805250,1,BK-005250,Books,Michiana E-Com (test),lister_B,UP-900805,12.99,0.00,1.95,,9/8/2025 7:22:25 AM,9/8/2025 7:22:25 AM,9/8/2025 11:46:51 AM,8/3/2025 7:22:25 AM,gwb_reader_008188,0.00
GoodwillBooks,GB-9785560005257,GWB-885257,Antique Blu-ray Set,UPP-805257,1,MD-005257,Media,Michiana E-Com (test),lister_F,UP-900812,30.99,0.00,4.65,,9/8/2025 8:01:13 AM,9/8/2025 8:01:13 AM,9/8/2025 10:13:50 AM,9/2/2025 8:01:13 AM,gwb_reader_008102,0.00
GoodwillBooks,GB-9784270005260,GWB-885260,Used Poetry Collection,UPP-805260,1,BK-005260,Books,Michiana E-Com (test),lister_E,UP-900815,6.99,0.00,1.05,,9/8/2025 8:13:00 AM,9/8/2025 8:13:00 AM,,8/30/2025 5:13:00 AM,gwb_reader_009981,0.00
GoodwillBooks,GB-9783260005253,GWB-885253,Handmade Biography,UPP-805253,1,BK-005253,Books,Michiana E-Com (test),lister_B,UP-900808,5.99,0.00,0.90,,9/8/2025 10:26:37 AM,9/8/2025 10:26:37 AM,,7/31/2025 7:26:37 AM,gwb_reader_008371,0.00
GoodwillBooks,GB-9784560005258,GWB-885258,Pre-owned CD Lot,UPP-805258,1,MD-005258,Media,Michiana E-Com (test),lister_B,UP-900813,15.99,0.00,2.40,,9/8/2025 11:18:30 AM,9/8/2025 11:18:30 AM,,9/1/2025 10:18:30 AM,gwb_reader_009949,0.00
GoodwillBooks,GB-9786280005261,GWB-885261,Used Textbook,UPP-805261,1,BK-005261,Books,Michiana E-Com (test),lister_A,UP-900816,8.99,0.00,1.35,,9/8/2025 11:43:43 AM,9/8/2025 11:43:43 AM,9/8/2025 1:43:43 PM,8/29/2025 7:43:43 AM,gwb_reader_008546,0.00
GoodwillBooks,GB-9781210005259,GWB-885259,Lot of 2 Hardcover Novel,UPP-805259,1,BK-005259,Books,Michiana E-Com (test),lister_A,UP-900814,6.99,0.00,1.05,,9/8/2025 12:39:19 PM,9/8/2025 12:39:19 PM,9/8/2025 1:34:12 PM,8/31/2025 10:39:19 AM,gwb_reader_008981,0.00
ShopGoodwill,210005150,SGW-7705150,Used Denim Jacket,UPP-805150,1,CL-005150,Clothing,Michiana E-Com (test),lister_E,UP-900798,19.00,10.51,1.52,,9/8/2025 1:33:30 PM,9/8/2025 1:33:30 PM,,8/29/2025 8:33:30 AM,sgw_bidder_002012,0.00
Facebook Marketplace,FB-0005248,FB-0005248,Vintage Bookshelf,UPP-805248,1,FN-005248,Furniture,Michiana E-Com (test),lister_E,UP-900803,7.99,0.00,0.00,,9/8/2025 3:09:57 PM,9/8/2025 3:09:57 PM,,8/5/2025 10:09:57 AM,,0.00
GoodwillBooks,GB-9782150005254,GWB-885254,Antique Cookbook,UPP-805254,1,BK-005254,Books,Michiana E-Com (test),lister_F,UP-900809,14.99,0.00,2.25,,9/8/2025 3:11:34 PM,9/8/2025 3:11:34 PM,9/8/2025 11:26:52 AM,9/5/2025 11:11:34 AM,gwb_reader_009825,0.00
GoodwillBooks,GB-9787080005249,GWB-885249,Used Blu-ray Set,UPP-805249,1,MD-005249,Media,Michiana E-Com (test),lister_E,UP-900804,12.99,0.00,1.95,,9/8/2025 3:27:01 PM,9/8/2025 3:27:01 PM,9/8/2025 2:20:44 PM,8/4/2025 9:27:01 AM,gwb_reader_008318,0.00
GoodwillBooks,GB-9786780005256,GWB-885256,Classic Cookbook,UPP-805256,1,BK-005256,Books,Michiana E-Com (test),lister_F,UP-900811,5.99,0.00,0.90,,9/8/2025 3:40:12 PM,9/8/2025 3:40:12 PM,9/8/2025 12:23:20 PM,9/3/2025 9:40:12 AM,gwb_reader_009070,0.00
Facebook Marketplace,FB-0005246,FB-0005246,Classic Silk Blouse,UPP-805246,1,CL-005246,Clothing,Michiana E-Com (test),lister_E,UP-900801,26.99,0.00,0.00,,9/8/2025 5:38:23 PM,9/8/2025 5:38:23 PM,,8/7/2025 2:38:23 PM,,0.00
Facebook Marketplace,FB-0005247,FB-0005247,Retro Flannel Shirt,UPP-805247,1,CL-005247,Clothing,Michiana E-Com (test),lister_A,UP-900802,28.99,0.00,0.00,,9/8/2025 6:28:42 PM,9/8/2025 6:28:42 PM,,8/6/2025 2:28:42 PM,,0.00
Mercari,m00000005244,m00000005244,Retro Stoneware Mugs,UPP-805244,1,KT-005244,Kitchen,Michiana E-Com (test),lister_D,UP-900799,28.99,6.99,2.90,,9/8/2025 9:04:17 PM,9/8/2025 9:04:17 PM,9/8/2025 12:19:24 PM,8/9/2025 8:04:17 PM,mercari_009504,0.00
GoodwillBooks,GB-9783750005255,GWB-885255,Pre-owned Atlas,UPP-805255,1,BK-005255,Books,Michiana E-Com (test),lister_F,UP-900810,6.99,0.00,1.05,,9/8/2025 10:54:04 PM,9/8/2025 10:54:04 PM,9/8/2025 1:51:28 PM,9/4/2025 5:54:04 PM,gwb_reader_009071,0.00
GoodwillBooks,GB-9783680005410,GWB-885410,Used Field Guide,UPP-805410,1,BK-005410,Books,Michiana E-Com (test),lister_D,UP-900842,14.99,0.00,2.25,,9/9/2025 1:21:29 AM,9/9/2025 1:21:29 AM,9/9/2025 2:03:37 PM,8/28/2025 7:21:29 PM,gwb_reader_008647,0.00
GoodwillBooks,GB-9788610005396,GWB-885396,Mid-Century Paperback Lot,UPP-805396,1,BK-005396,Books,Michiana E-Com (test),lister_F,UP-900828,20.99,0.00,3.15,,9/9/2025 1:53:57 AM,9/9/2025 1:53:57 AM,9/9/2025 10:17:59 AM,8/5/2025 7:53:57 PM,gwb_reader_009587,0.00
GoodwillBooks,GB-9785930005411,GWB-885411,Used Poetry Collection,UPP-805411,1,BK-005411,Books,Michiana E-Com (test),lister_E,UP-900843,9.99,0.00,1.50,,9/9/2025 3:26:51 AM,9/9/2025 3:26:51 AM,9/9/2025 9:08:25 AM,8/28/2025 3:26:51 AM,gwb_reader_008013,0.00
eBay,310000005361,23-05361-91687,Classic Hiking Boots,UPP-805361,1,SH-005361,Shoes,Michiana E-Com (test),lister_F,UP-900817,29.99,0.00,4.27,,9/9/2025 4:04:51 AM,9/9/2025 4:04:51 AM,9/9/2025 4:06:03 PM,8/3/2025 10:04:51 PM,ebuyer_006989,2.10
GoodwillBooks,GB-9784050005405,GWB-885405,Mid-Century Atlas,UPP-805405,1,BK-005405,Books,Michiana E-Com (test),lister_D,UP-900837,8.99,0.00,0.00,8.99,9/9/2025 4:27:20 AM,9/9/2025 4:27:20 AM,9/9/2025 1:25:53 PM,9/3/2025 3:27:20 AM,gwb_reader_008874,0.00
GoodwillBooks,GB-9788460005399,GWB-885399,Like New Biography,UPP-805399,1,BK-005399,Books,Michiana E-Com (test),lister_B,UP-900831,26.99,0.00,4.05,,9/9/2025 5:12:10 AM,9/9/2025 5:12:10 AM,,8/3/2025 3:12:10 AM,gwb_reader_009019,0.00
Facebook Marketplace,FB-0005392,FB-0005392,Antique Fondue Set,UPP-805392,1,KT-005392,Kitchen,Michiana E-Com (test),lister_E,UP-900824,7.99,0.00,0.00,,9/9/2025 6:02:37 AM,9/9/2025 6:02:37 AM,,8/10/2025 4:02:37 AM,,0.00
GoodwillBooks,GB-9786020005400,GWB-885400,Used Field Guide,UPP-805400,1,BK-005400,Books,Michiana E-Com (test),lister_D,UP-900832,13.99,0.00,2.10,,9/9/2025 6:05:05 AM,9/9/2025 6:05:05 AM,9/9/2025 3:01:31 PM,8/2/2025 3:05:05 AM,gwb_reader_009782,0.00
Mercari,m00000005390,m00000005390,Mid-Century Sandals,UPP-805390,1,SH-005390,Shoes,Michiana E-Com (test),lister_D,UP-900822,11.99,6.99,1.20,,9/9/2025 6:10:06 AM,9/9/2025 6:10:06 AM,,8/12/2025 6:10:06 AM,mercari_009483,0.00
Mercari,m00000005386,m00000005386,Handmade Mantel Clock,UPP-805386,1,HM-005386,Home Decor,Michiana E-Com (test),lister_E,UP-900818,20.99,6.99,2.10,,9/9/2025 8:15:19 AM,9/9/2025 8:15:19 AM,9/9/2025 4:22:54 PM,8/16/2025 5:15:19 AM,mercari_009556,0.00
Facebook Marketplace,FB-0005391,FB-0005391,Antique Stoneware Mugs,UPP-805391,1,KT-005391,Kitchen,Michiana E-Com (test),lister_C,UP-900823,7.99,0.00,0.00,,9/9/2025 10:33:18 AM,9/9/2025 10:33:18 AM,,8/11/2025 9:33:18 AM,,0.00
GoodwillBooks,GB-9785560005402,GWB-885402,Classic Poetry Collection,UPP-805402,1,BK-005402,Books,Michiana E-Com (test),lister_B,UP-900834,9.99,0.00,1.50,,9/9/2025 12:18:11 PM,9/9/2025 12:18:11 PM,9/9/2025 1:19:03 PM,9/6/2025 7:18:11 AM,gwb_reader_008301,0.00
GoodwillBooks,GB-9786060005406,GWB-885406,Antique Hardcover Novel,UPP-805406,1,BK-005406,Books,Michiana E-Com (test),lister_D,UP-900838,26.99,0.00,4.05,,9/9/2025 12:27:17 PM,9/9/2025 12:27:17 PM,9/9/2025 12:42:47 PM,9/2/2025 10:27:17 AM,gwb_reader_009156,0.00
Facebook Marketplace,FB-0005394,FB-0005394,Lot of 2 Pyrex Bowl,UPP-805394,1,KT-005394,Kitchen,Michiana E-Com (test),lister_E,UP-900826,10.99,0.00,0.00,,9/9/2025 1:02:20 PM,9/9/2025 1:02:20 PM,,8/8/2025 9:02:20 AM,,0.00
Facebook Marketplace,FB-0005395,FB-0005395,Lot of 2 Running Shoes,UPP-805395,1,SH-005395,Shoes,Michiana E-Com (test),lister_E,UP-900827,44.99,0.00,0.00,,9/9/2025 1:19:58 PM,9/9/2025 1:19:58 PM,,8/7/2025 8:19:58 AM,,0.00
GoodwillBooks,GB-9780100005397,GWB-885397,Handmade Hardcover Novel,UPP-805397,1,BK-005397,Books,Michiana E-Com (test),lister_C,UP-900829,28.99,0.00,4.35,,9/9/2025 2:10:02 PM,9/9/2025 2:10:02 PM,,8/5/2025 2:10:02 PM,gwb_reader_008083,0.00
GoodwillBooks,GB-9785360005407,GWB-885407,Lot of 2 Paperback Lot,UPP-805407,1,BK-005407,Books,Michiana E-Com (test),lister_D,UP-900839,10.99,0.00,1.65,,9/9/2025 6:39:17 PM,9/9/2025 6:39:17 PM,9/9/2025 3:13:15 PM,9/1/2025 3:39:17 PM,gwb_reader_008154,0.00
GoodwillBooks,GB-9781150005403,GWB-885403,Pre-owned Field Guide,UPP-805403,1,BK-005403,Books,Michiana E-Com (test),lister_B,UP-900835,4.99,0.00,0.75,,9/9/2025 6:42:03 PM,9/9/2025 6:42:03 PM,,9/5/2025 12:42:03 PM,gwb_reader_008000,0.00
GoodwillBooks,GB-9786040005401,GWB-885401,Handmade Cookbook,UPP-805401,1,BK-005401,Books,Michiana E-Com (test),lister_B,UP-900833,17.99,0.00,2.70,,9/9/2025 7:08:42 PM,9/9/2025 7:08:42 PM,9/9/2025 10:27:48 AM,8/1/2025 3:08:42 PM,gwb_reader_008844,0.00
Facebook Marketplace,FB-0005387,FB-0005387,Pre-owned Desk Chair,UPP-805387,1,FN-005387,Furniture,Michiana E-Com (test),lister_E,UP-900819,30.99,0.00,0.00,,9/9/2025 7:20:52 PM,9/9/2025 7:20:52 PM,,8/15/2025 3:20:52 PM,,0.00
Mercari,m00000005388,m00000005388,Mid-Century Picture Frame Set,UPP-805388,1,HM-005388,Home Decor,Michiana E-Com (test),lister_F,UP-900820,19.99,6.99,2.00,,9/9/2025 7:43:30 PM,9/9/2025 7:43:30 PM,,8/14/2025 2:43:30 PM,mercari_009080,0.00
GoodwillBooks,GB-9782790005413,GWB-885413,Classic Paperback Lot,UPP-805413,1,BK-005413,Books,Michiana E-Com (test),lister_A,UP-900845,6.99,0.00,1.05,,9/9/2025 8:09:29 PM,9/9/2025 8:09:29 PM,,8/26/2025 6:09:29 PM,gwb_reader_008586,0.00
Facebook Marketplace,FB-0005393,FB-0005393,Pre-owned Bookshelf,UPP-805393,1,FN-005393,Furniture,Michiana E-Com (test),lister_D,UP-900825,28.99,0.00,0.00,,9/9/2025 8:24:25 PM,9/9/2025 8:24:25 PM,,8/9/2025 5:24:25 PM,,0.00
GoodwillBooks,GB-9785960005408,GWB-885408,Handmade Blu-ray Set,UPP-805408,1,MD-005408,Media,Michiana E-Com (test),lister_D,UP-900840,22.99,0.00,3.45,,9/9/2025 9:27:44 PM,9/9/2025 9:27:44 PM,9/9/2025 12:07:12 PM,8/31/2025 5:27:44 PM,gwb_reader_009128,0.00
GoodwillBooks,GB-9785580005412,GWB-885412,Classic Hardcover Novel,UPP-805412,1,BK-005412,Books,Michiana E-Com (test),lister_F,UP-900844,6.99,0.00,1.05,,9/9/2025 9:41:29 PM,9/9/2025 9:41:29 PM,,8/27/2025 8:41:29 PM,gwb_reader_008006,0.00
GoodwillBooks,GB-9783340005409,GWB-885409,Classic Biography,UPP-805409,1,BK-005409,Books,Michiana E-Com (test),lister_C,UP-900841,7.99,0.00,1.20,,9/9/2025 10:13:47 PM,9/9/2025 10:13:47 PM,9/9/2025 3:10:54 PM,8/30/2025 5:13:47 PM,gwb_reader_008142,0.00
GoodwillBooks,GB-9787110005398,GWB-885398,Used Hardcover Novel,UPP-805398,1,BK-005398,Books,Michiana E-Com (test),lister_C,UP-900830,6.99,0.00,1.05,,9/9/2025 10:22:07 PM,9/9/2025 10:22:07 PM,9/9/2025 3:51:42 PM,8/4/2025 9:22:07 PM,gwb_reader_008629,0.00
Facebook Marketplace,FB-0005389,FB-0005389,Like New Bookshelf,UPP-805389,1,FN-005389,Furniture,Michiana E-Com (test),lister_F,UP-900821,36.99,0.00,0.00,,9/9/2025 11:18:34 PM,9/9/2025 11:18:34 PM,,8/13/2025 5:18:34 PM,,0.00
GoodwillBooks,GB-9782000005404,GWB-885404,Like New Biography,UPP-805404,1,BK-005404,Books,Michiana E-Com (test),lister_D,UP-900836,23.99,0.00,3.60,,9/9/2025 11:54:44 PM,9/9/2025 11:54:44 PM,,9/4/2025 11:54:44 PM,gwb_reader_008000,0.00
GoodwillBooks,GB-9784360005546,GWB-885546,Classic Field Guide,UPP-805546,1,BK-005546,Books,Michiana E-Com (test),lister_E,UP-900862,16.99,0.00,2.55,,9/10/2025 1:34:00 AM,9/10/2025 1:34:00 AM,9/10/2025 10:56:21 AM,8/4/2025 11:34:00 PM,gwb_reader_009896,0.00
GoodwillBooks,GB-9784180005541,GWB-885541,Handmade Field Guide,UPP-805541,1,BK-005541,Books,Michiana E-Com (test),lister_D,UP-900857,5.99,0.00,0.90,,9/10/2025 6:26:59 AM,9/10/2025 6:26:59 AM,,8/10/2025 2:26:59 AM,gwb_reader_008113,0.00
Facebook Marketplace,FB-0005536,FB-0005536,Used Desk Chair,UPP-805536,1,FN-005536,Furniture,Michiana E-Com (test),lister_D,UP-900852,31.99,0.00,0.00,,9/10/2025 6:37:40 AM,9/10/2025 6:37:40 AM,,8/15/2025 12:37:40 AM,,0.00
GoodwillBooks,GB-9787680005549,GWB-885549,Like New Textbook,UPP-805549,1,BK-005549,Books,Michiana E-Com (test),lister_C,UP-900865,6.99,0.00,1.05,,9/10/2025 7:51:39 AM,9/10/2025 7:51:39 AM,9/10/2025 10:20:23 AM,8/2/2025 2:51:39 AM,gwb_reader_008752,0.00
Facebook Marketplace,FB-0005535,FB-0005535,Pre-owned Patio Chair,UPP-805535,1,FN-005535,Furniture,Michiana E-Com (test),lister_B,UP-900851,23.99,0.00,0.00,,9/10/2025 8:39:57 AM,9/10/2025 8:39:57 AM,,8/16/2025 3:39:57 AM,,0.00
GoodwillBooks,GB-9785010005545,GWB-885545,Handmade Biography,UPP-805545,1,BK-005545,Books,Michiana E-Com (test),lister_E,UP-900861,12.99,0.00,1.95,,9/10/2025 9:17:18 AM,9/10/2025 9:17:18 AM,,8/6/2025 8:17:18 AM,gwb_reader_009946,0.00
Facebook Marketplace,FB-0005539,FB-0005539,Classic Leather Boots,UPP-805539,1,SH-005539,Shoes,Michiana E-Com (test),lister_E,UP-900855,15.99,0.00,0.00,,9/10/2025 11:11:20 AM,9/10/2025 11:11:20 AM,,8/12/2025 9:11:20 AM,,0.00
Mercari,m00000005537,m00000005537,Lot of 2 Fondue Set,UPP-805537,1,KT-005537,Kitchen,Michiana E-Com (test),lister_A,UP-900853,25.99,6.99,2.60,,9/10/2025 11:16:31 AM,9/10/2025 11:16:31 AM,9/10/2025 4:33:10 PM,8/14/2025 11:16:31 AM,mercari_009008,0.00
GoodwillBooks,GB-9786210005540,GWB-885540,Lot of 2 Textbook,UPP-805540,1,BK-005540,Books,Michiana E-Com (test),lister_F,UP-900856,2.99,0.00,0.45,,9/10/2025 11:50:54 AM,9/10/2025 11:50:54 AM,,8/11/2025 8:50:54 AM,gwb_reader_008451,0.00
ShopGoodwill,210005426,SGW-7705426,Like New Charm Bracelet,UPP-805426,1,JW-005426,Jewelry,Michiana E-Com (test),lister_D,UP-900846,38.00,8.09,3.04,,9/10/2025 11:58:54 AM,9/10/2025 11:58:54 AM,9/10/2025 3:59:35 PM,8/14/2025 10:58:54 AM,sgw_bidder_007886,0.00
GoodwillBooks,GB-9787250005543,GWB-885543,Lot of 2 Field Guide,UPP-805543,1,BK-005543,Books,Michiana E-Com (test),lister_B,UP-900859,9.99,0.00,1.50,,9/10/2025 12:31:48 PM,9/10/2025 12:31:48 PM,9/10/2025 9:22:10 AM,8/8/2025 6:31:48 AM,gwb_reader_008211,0.00
GoodwillBooks,GB-9786270005544,GWB-885544,Used Atlas,UPP-805544,1,BK-005544,Books,Michiana E-Com (test),lister_A,UP-900860,5.99,0.00,0.90,,9/10/2025 3:25:07 PM,9/10/2025 3:25:07 PM,,8/7/2025 3:25:07 PM,gwb_reader_009423,0.00
GoodwillBooks,GB-9788620005550,GWB-885550,Retro Paperback Lot,UPP-805550,1,BK-005550,Books,Michiana E-Com (test),lister_F,UP-900866,7.99,0.00,1.20,,9/10/2025 3:36:23 PM,9/10/2025 3:36:23 PM,,9/7/2025 9:36:23 AM,gwb_reader_008062,0.00
GoodwillBooks,GB-9784930005551,GWB-885551,Pre-owned Poetry Collection,UPP-805551,1,BK-005551,Books,Michiana E-Com (test),lister_E,UP-900867,9.99,0.00,1.50,,9/10/2025 3:58:21 PM,9/10/2025 3:58:21 PM,9/10/2025 10:17:51 AM,9/6/2025 3:58:21 PM,gwb_reader_008830,0.00
GoodwillBooks,GB-9787040005553,GWB-885553,Pre-owned Paperback Lot,UPP-805553,1,BK-005553,Books,Michiana E-Com (test),lister_F,UP-900869,22.99,0.00,3.45,,9/10/2025 6:28:22 PM,9/10/2025 6:28:22 PM,9/10/2025 9:36:47 AM,9/4/2025 4:28:22 PM,gwb_reader_008764,0.00
GoodwillBooks,GB-9786100005548,GWB-885548,Like New Paperback Lot,UPP-805548,1,BK-005548,Books,Michiana E-Com (test),lister_E,UP-900864,7.99,0.00,1.20,,9/10/2025 6:33:29 PM,9/10/2025 6:33:29 PM,9/10/2025 11:54:00 AM,8/3/2025 2:33:29 PM,gwb_reader_008626,0.00
GoodwillBooks,GB-9780500005547,GWB-885547,Pre-owned Textbook,UPP-805547,1,BK-005547,Books,Michiana E-Com (test),lister_B,UP-900863,40.99,0.00,6.15,,9/10/2025 7:05:56 PM,9/10/2025 7:05:56 PM,9/10/2025 11:12:51 AM,8/4/2025 4:05:56 PM,gwb_reader_008475,0.00
GoodwillBooks,GB-9789210005542,GWB-885542,Pre-owned Paperback Lot,UPP-805542,1,BK-005542,Books,Michiana E-Com (test),lister_D,UP-900858,13.99,0.00,2.10,,9/10/2025 7:48:12 PM,9/10/2025 7:48:12 PM,,8/9/2025 2:48:12 PM,gwb_reader_008810,0.00
Mercari,m00000005534,m00000005534,Antique Leather Satchel,UPP-805534,1,HB-005534,Handbags,Michiana E-Com (test),lister_A,UP-900850,20.99,6.99,2.10,,9/10/2025 8:24:02 PM,9/10/2025 8:24:02 PM,9/10/2025 10:38:01 AM,8/17/2025 4:24:02 PM,mercari_009303,0.00
ShopGoodwill,210005454,SGW-7705454,Mid-Century Game Console,UPP-805454,1,EL-005454,Electronics,Michiana E-Com (test),lister_F,UP-900848,45.00,8.81,3.60,,9/10/2025 8:38:42 PM,9/10/2025 8:38:42 PM,9/10/2025 3:39:55 PM,8/23/2025 7:38:42 PM,sgw_bidder_007013,0.00
ShopGoodwill,210005445,SGW-7705445,Antique Snow Globe,UPP-805445,1,CO-005445,Collectibles,Michiana E-Com (test),lister_E,UP-900847,40.00,10.88,3.20,,9/10/2025 9:45:01 PM,9/10/2025 9:45:01 PM,9/10/2025 11:30:16 AM,9/1/2025 3:45:01 PM,sgw_bidder_000843,0.00
GoodwillBooks,GB-9785430005552,GWB-885552,Pre-owned Poetry Collection,UPP-805552,1,BK-005552,Books,Michiana E-Com (test),lister_B,UP-900868,20.99,0.00,3.15,,9/10/2025 10:29:22 PM,9/10/2025 10:29:22 PM,9/10/2025 1:14:02 PM,9/5/2025 9:29:22 PM,gwb_reader_009481,0.00
Facebook Marketplace,FB-0005538,FB-0005538,Retro Wool Coat,UPP-805538,1,CL-005538,Clothing,Michiana E-Com (test),lister_E,UP-900854,14.99,0.00,0.00,,9/10/2025 11:01:16 PM,9/10/2025 11:01:16 PM,,8/13/2025 10:01:16 PM,,0.00
eBay,310000005510,26-05510-02053,Used Wool Coat,UPP-805510,1,CL-005510,Clothing,Michiana E-Com (test),lister_D,UP-900849,24.99,5.27,4.31,,9/10/2025 11:36:04 PM,9/10/2025 11:36:04 PM,,8/4/2025 10:36:04 PM,ebuyer_006001,2.12
GoodwillBooks,GB-9787880005693,GWB-885693,Retro Biography,UPP-805693,1,BK-005693,Books,Michiana E-Com (test),lister_C,UP-900895,9.99,0.00,1.50,,9/11/2025 3:40:58 AM,9/11/2025 3:40:58 AM,9/11/2025 10:13:20 AM,8/7/2025 1:40:58 AM,gwb_reader_009323,0.00
GoodwillBooks,GB-9789220005691,GWB-885691,Vintage Textbook,UPP-805691,1,BK-005691,Books,Michiana E-Com (test),lister_D,UP-900893,10.99,0.00,1.65,,9/11/2025 5:06:17 AM,9/11/2025 5:06:17 AM,,8/9/2025 5:06:17 AM,gwb_reader_008288,0.00
Facebook Marketplace,FB-0005672,FB-0005672,Lot of 2 Crossbody Bag,UPP-805672,1,HB-005672,Handbags,Michiana E-Com (test),lister_A,UP-900874,29.99,0.00,0.00,,9/11/2025 5:18:40 AM,9/11/2025 5:18:40 AM,,8/28/2025 3:18:40 AM,,0.00
Facebook Marketplace,FB-0005668,FB-0005668,Handmade Crossbody Bag,UPP-805668,1,HB-005668,Handbags,Michiana E-Com (test),lister_F,UP-900870,47.99,0.00,0.00,,9/11/2025 5:36:08 AM,9/11/2025 5:36:08 AM,,9/1/2025 12:36:08 AM,,0.00
GoodwillBooks,GB-9788230005684,GWB-885684,Lot of 2 Atlas,UPP-805684,1,BK-005684,Books,Michiana E-Com (test),lister_A,UP-900886,16.99,0.00,2.55,,9/11/2025 5:54:42 AM,9/11/2025 5:54:42 AM,,8/16/2025 5:54:42 AM,gwb_reader_008909,0.00
GoodwillBooks,GB-9781630005679,GWB-885679,Retro Hardcover Novel,UPP-805679,1,BK-005679,Books,Michiana E-Com (test),lister_F,UP-900881,9.99,0.00,1.50,,9/11/2025 6:42:16 AM,9/11/2025 6:42:16 AM,9/11/2025 2:25:47 PM,8/21/2025 4:42:16 AM,gwb_reader_009726,0.00
Mercari,m00000005676,m00000005676,Pre-owned Table Lamp,UPP-805676,1,HM-005676,Home Decor,Michiana E-Com (test),lister_B,UP-900878,13.99,6.99,1.40,,9/11/2025 7:49:09 AM,9/11/2025 7:49:09 AM,,8/24/2025 1:49:09 AM,mercari_009178,0.00
GoodwillBooks,GB-9781290005692,GWB-885692,Classic Blu-ray Set,UPP-805692,1,MD-005692,Media,Michiana E-Com (test),lister_B,UP-900894,7.99,0.00,1.20,,9/11/2025 8:07:37 AM,9/11/2025 8:07:37 AM,,8/8/2025 7:07:37 AM,gwb_reader_008593,0.00
GoodwillBooks,GB-9783340005687,GWB-885687,Retro Paperback Lot,UPP-805687,1,BK-005687,Books,Michiana E-Com (test),lister_F,UP-900889,16.99,0.00,2.55,,9/11/2025 8:16:48 AM,9/11/2025 8:16:48 AM,,8/13/2025 5:16:48 AM,gwb_reader_009270,0.00
GoodwillBooks,GB-9781390005678,GWB-885678,Antique Poetry Collection,UPP-805678,1,BK-005678,Books,Michiana E-Com (test),lister_A,UP-900880,3.99,0.00,0.60,,9/11/2025 8:34:33 AM,9/11/2025 8:34:33 AM,9/11/2025 1:35:53 PM,8/22/2025 7:34:33 AM,gwb_reader_008262,0.00
Facebook Marketplace,FB-0005669,FB-0005669,Classic Side Table,UPP-805669,1,FN-005669,Furniture,Michiana E-Com (test),lister_A,UP-900871,36.99,0.00,0.00,,9/11/2025 9:24:10 AM,9/11/2025 9:24:10 AM,,8/31/2025 3:24:10 AM,,0.00
GoodwillBooks,GB-9782600005688,GWB-885688,Antique Atlas,UPP-805688,1,BK-005688,Books,Michiana E-Com (test),lister_A,UP-900890,6.99,0.00,1.05,,9/11/2025 11:38:39 AM,9/11/2025 11:38:39 AM,,8/12/2025 7:38:39 AM,gwb_reader_008608,0.00
GoodwillBooks,GB-9787530005680,GWB-885680,Retro Cookbook,UPP-805680,1,BK-005680,Books,Michiana E-Com (test),lister_E,UP-900882,5.99,0.00,0.90,,9/11/2025 12:39:49 PM,9/11/2025 12:39:49 PM,9/11/2025 3:10:40 PM,8/20/2025 9:39:49 AM,gwb_reader_008269,0.00
Mercari,m00000005671,m00000005671,Lot of 2 Tote Bag,UPP-805671,1,HB-005671,Handbags,Michiana E-Com (test),lister_D,UP-900873,80.99,6.99,8.10,,9/11/2025 1:19:29 PM,9/11/2025 1:19:29 PM,9/11/2025 11:09:38 AM,8/29/2025 12:19:29 PM,mercari_009453,0.00
GoodwillBooks,GB-9789590005682,GWB-885682,Classic Field Guide,UPP-805682,1,BK-005682,Books,Michiana E-Com (test),lister_E,UP-900884,10.99,0.00,1.65,,9/11/2025 1:34:02 PM,9/11/2025 1:34:02 PM,,8/18/2025 8:34:02 AM,gwb_reader_008137,0.00
Facebook Marketplace,FB-0005675,FB-0005675,Classic Loafers,UPP-805675,1,SH-005675,Shoes,Michiana E-Com (test),lister_C,UP-900877,16.99,0.00,0.00,,9/11/2025 3:07:07 PM,9/11/2025 3:07:07 PM,,8/25/2025 10:07:07 AM,,0.00
Facebook Marketplace,FB-0005670,FB-0005670,Like New Side Table,UPP-805670,1,FN-005670,Furniture,Michiana E-Com (test),lister_B,UP-900872,43.99,0.00,0.00,,9/11/2025 4:15:02 PM,9/11/2025 4:15:02 PM,,8/30/2025 4:15:02 PM,,0.00
Facebook Marketplace,FB-0005677,FB-0005677,Pre-owned Leather Satchel,UPP-805677,1,HB-005677,Handbags,Michiana E-Com (test),lister_C,UP-900879,68.99,0.00,0.00,,9/11/2025 5:39:23 PM,9/11/2025 5:39:23 PM,,8/23/2025 5:39:23 PM,,0.00
GoodwillBooks,GB-9780120005681,GWB-885681,Antique Cookbook,UPP-805681,1,BK-005681,Books,Michiana E-Com (test),lister_A,UP-900883,22.99,0.00,3.45,,9/11/2025 6:40:25 PM,9/11/2025 6:40:25 PM,9/11/2025 2:46:20 PM,8/19/2025 2:40:25 PM,gwb_reader_009296,0.00
GoodwillBooks,GB-9787680005685,GWB-885685,Vintage Cookbook,UPP-805685,1,BK-005685,Books,Michiana E-Com (test),lister_D,UP-900887,8.99,0.00,1.35,,9/11/2025 6:51:49 PM,9/11/2025 6:51:49 PM,9/11/2025 10:35:22 AM,8/15/2025 5:51:49 PM,gwb_reader_008017,0.00
GoodwillBooks,GB-9786320005690,GWB-885690,Antique Paperback Lot,UPP-805690,1,BK-005690,Books,Michiana E-Com (test),lister_D,UP-900892,8.99,0.00,1.35,,9/11/2025 7:53:36 PM,9/11/2025 7:53:36 PM,,8/10/2025 1:53:36 PM,gwb_reader_008802,0.00
GoodwillBooks,GB-9788480005683,GWB-885683,Mid-Century Atlas,UPP-805683,1,BK-005683,Books,Michiana E-Com (test),lister_F,UP-900885,23.99,0.00,3.60,,9/11/2025 9:38:16 PM,9/11/2025 9:38:16 PM,,8/17/2025 3:38:16 PM,gwb_reader_008390,0.00
GoodwillBooks,GB-9781370005686,GWB-885686,Antique Paperback Lot,UPP-805686,1,BK-005686,Books,Michiana E-Com (test),lister_C,UP-900888,22.99,0.00,3.45,,9/11/2025 10:03:35 PM,9/11/2025 10:03:35 PM,,8/14/2025 8:03:35 PM,gwb_reader_008019,0.00
GoodwillBooks,GB-9784600005689,GWB-885689,Lot of 2 Atlas,UPP-805689,1,BK-005689,Books,Michiana E-Com (test),lister_B,UP-900891,31.99,0.00,4.80,,9/11/2025 10:53:25 PM,9/11/2025 10:53:25 PM,,8/11/2025 5:53:25 PM,gwb_reader_008312,0.00
Facebook Marketplace,FB-0005673,FB-0005673,Like New Tote Bag,UPP-805673,1,HB-005673,Handbags,Michiana E-Com (test),lister_D,UP-900875,31.99,0.00,0.00,,9/11/2025 11:32:58 PM,9/11/2025 11:32:58 PM,,8/27/2025 8:32:58 PM,,0.00
Mercari,m00000005674,m00000005674,Antique Side Table,UPP-805674,1,FN-005674,Furniture,Michiana E-Com (test),lister_E,UP-900876,11.99,6.99,1.20,,9/11/2025 11:54:29 PM,9/11/2025 11:54:29 PM,9/11/2025 1:24:26 PM,8/26/2025 7:54:29 PM,mercari_009386,0.00
Mercari,m00000005840,m00000005840,Antique Pyrex Bowl,UPP-805840,1,KT-005840,Kitchen,Michiana E-Com (test),lister_E,UP-900907,22.99,6.99,2.30,,9/12/2025 2:10:47 AM,9/12/2025 2:10:47 AM,,8/9/2025 12:10:47 AM,mercari_009059,0.00
eBay,310000005807,02-05807-89061,Classic Game Console,UPP-805807,1,EL-005807,Electronics,Michiana E-Com (test),lister_C,UP-900897,74.99,6.43,11.09,,9/12/2025 2:55:57 AM,9/12/2025 2:55:57 AM,9/12/2025 9:41:51 AM,8/4/2025 10:55:57 PM,ebuyer_007359,5.70
Facebook Marketplace,FB-0005837,FB-0005837,Retro Tote Bag,UPP-805837,1,HB-005837,Handbags,Michiana E-Com (test),lister_D,UP-900904,25.99,0.00,0.00,,9/12/2025 4:19:38 AM,9/12/2025 4:19:38 AM,,8/11/2025 10:19:38 PM,,0.00
GoodwillBooks,GB-9787960005842,GWB-885842,Like New Poetry Collection,UPP-805842,1,BK-005842,Books,Michiana E-Com (test),lister_F,UP-900909,6.99,0.00,1.05,,9/12/2025 6:35:28 AM,9/12/2025 6:35:28 AM,9/12/2025 1:08:47 PM,8/7/2025 2:35:28 AM,gwb_reader_008400,0.00
GoodwillBooks,GB-9783910005843,GWB-885843,Lot of 2 Atlas,UPP-805843,1,BK-005843,Books,Michiana E-Com (test),lister_E,UP-900910,5.99,0.00,0.90,,9/12/2025 7:50:13 AM,9/12/2025 7:50:13 AM,9/12/2025 4:25:31 PM,8/6/2025 2:50:13 AM,gwb_reader_008500,0.00
GoodwillBooks,GB-9786700005846,GWB-885846,Antique Atlas,UPP-805846,1,BK-005846,Books,Michiana E-Com (test),lister_E,UP-900913,3.99,0.00,0.60,,9/12/2025 8:31:52 AM,9/12/2025 8:31:52 AM,,9/9/2025 7:31:52 AM,gwb_reader_008348,0.00
eBay,310000005828,25-05828-03715,Like New Tote Bag,UPP-805828,1,HB-005828,Handbags,Michiana E-Com (test),lister_D,UP-900899,64.99,0.00,8.91,,9/12/2025 10:02:24 AM,9/12/2025 10:02:24 AM,,8/21/2025 6:02:24 AM,ebuyer_009074,4.55
GoodwillBooks,GB-9782960005847,GWB-885847,Used Biography,UPP-805847,1,BK-005847,Books,Michiana E-Com (test),lister_F,UP-900914,6.99,0.00,1.05,,9/12/2025 10:06:38 AM,9/12/2025 10:06:38 AM,9/12/2025 12:43:38 PM,9/8/2025 8:06:38 AM,gwb_reader_008868,0.00
Mercari,m00000005841,m00000005841,Lot of 2 Hiking Boots,UPP-805841,1,SH-005841,Shoes,Michiana E-Com (test),lister_C,UP-900908,18.99,6.99,1.90,,9/12/2025 10:35:49 AM,9/12/2025 10:35:49 AM,9/12/2025 1:48:08 PM,8/8/2025 7:35:49 AM,mercari_009175,0.00
Mercari,m00000005839,m00000005839,Classic Patio Chair,UPP-805839,1,FN-005839,Furniture,Michiana E-Com (test),lister_D,UP-900906,32.99,6.99,3.30,,9/12/2025 12:55:55 PM,9/12/2025 12:55:55 PM,,8/10/2025 11:55:55 AM,mercari_009391,0.00
Facebook Marketplace,FB-0005836,FB-0005836,Classic Loafers,UPP-805836,1,SH-005836,Shoes,Michiana E-Com (test),lister_E,UP-900903,9.99,0.00,0.00,,9/12/2025 3:42:05 PM,9/12/2025 3:42:05 PM,,8/13/2025 10:42:05 AM,,0.00
GoodwillBooks,GB-9783650005845,GWB-885845,Mid-Century Atlas,UPP-805845,1,BK-005845,Books,Michiana E-Com (test),lister_D,UP-900912,6.99,0.00,1.05,,9/12/2025 5:37:24 PM,9/12/2025 5:37:24 PM,9/12/2025 9:26:37 AM,8/4/2025 5:37:24 PM,gwb_reader_008187,0.00
eBay,310000005818,05-05818-63496,Lot of 2 Flannel Shirt,UPP-805818,1,CL-005818,Clothing,Michiana E-Com (test),lister_A,UP-900898,46.99,0.00,6.53,,9/12/2025 6:34:42 PM,9/12/2025 6:34:42 PM,,8/31/2025 5:34:42 PM,ebuyer_006499,3.29
Facebook Marketplace,FB-0005835,FB-0005835,Mid-Century Silk Blouse,UPP-805835,1,CL-005835,Clothing,Michiana E-Com (test),lister_E,UP-900902,39.99,0.00,0.00,,9/12/2025 6:44:26 PM,9/12/2025 6:44:26 PM,,8/14/2025 2:44:26 PM,,0.00
GoodwillBooks,GB-9781270005844,GWB-885844,Like New Hardcover Novel,UPP-805844,1,BK-005844,Books,Michiana E-Com (test),lister_A,UP-900911,5.99,0.00,0.90,,9/12/2025 7:08:07 PM,9/12/2025 7:08:07 PM,,8/5/2025 1:08:07 PM,gwb_reader_009237,0.00
ShopGoodwill,210005726,SGW-7705726,Classic Cashmere Sweater,UPP-805726,1,CL-005726,Clothing,Michiana E-Com (test),lister_F,UP-900896,34.00,11.11,2.72,,9/12/2025 8:19:35 PM,9/12/2025 8:19:35 PM,9/12/2025 9:15:35 AM,8/12/2025 8:19:35 PM,sgw_bidder_003643,0.00
Facebook Marketplace,FB-0005838,FB-0005838,Classic Side Table,UPP-805838,1,FN-005838,Furniture,Michiana E-Com (test),lister_B,UP-900905,16.99,0.00,0.00,,9/12/2025 8:29:43 PM,9/12/2025 8:29:43 PM,,8/11/2025 8:29:43 PM,,0.00
Mercari,m00000005833,m00000005833,Vintage Patio Chair,UPP-805833,1,FN-005833,Furniture,Michiana E-Com (test),lister_C,UP-900900,61.99,6.99,6.20,,9/12/2025 9:28:00 PM,9/12/2025 9:28:00 PM,9/12/2025 2:55:29 PM,8/16/2025 7:28:00 PM,mercari_009019,0.00
Facebook Marketplace,FB-0005834,FB-0005834,Like New Picture Frame Set,UPP-805834,1,HM-005834,Home Decor,Michiana E-Com (test),lister_E,UP-900901,30.99,0.00,0.00,,9/12/2025 10:05:56 PM,9/12/2025 10:05:56 PM,,8/15/2025 7:05:56 PM,,0.00
GoodwillBooks,GB-9789640005997,GWB-885997,Handmade Atlas,UPP-805997,1,BK-005997,Books,Michiana E-Com (test),lister_D,UP-900936,32.99,0.00,4.95,,9/13/2025 12:42:54 AM,9/13/2025 12:42:54 AM,,9/6/2025 7:42:54 PM,gwb_reader_009878,0.00
GoodwillBooks,GB-9783790005987,GWB-885987,Lot of 2 Hardcover Novel,UPP-805987,1,BK-005987,Books,Michiana E-Com (test),lister_B,UP-900926,20.99,0.00,3.15,,9/13/2025 1:54:58 AM,9/13/2025 1:54:58 AM,9/13/2025 12:27:48 PM,8/10/2025 11:54:58 PM,gwb_reader_008976,0.00
Facebook Marketplace,FB-0005982,FB-0005982,Retro Denim Jacket,UPP-805982,1,CL-005982,Clothing,Michiana E-Com (test),lister_E,UP-900921,8.99,0.00,0.00,,9/13/2025 2:47:09 AM,9/13/2025 2:47:09 AM,,8/15/2025 10:47:09 PM,,0.00
Facebook Marketplace,FB-0005981,FB-0005981,Mid-Century Cashmere Sweater,UPP-805981,1,CL-005981,Clothing,Michiana E-Com (test),lister_B,UP-900920,37.99,0.00,0.00,,9/13/2025 5:23:22 AM,9/13/2025 5:23:22 AM,,8/17/2025 2:23:22 AM,,0.00
GoodwillBooks,GB-9789970005993,GWB-885993,Handmade Cookbook,UPP-805993,1,BK-005993,Books,Michiana E-Com (test),lister_A,UP-900932,25.99,0.00,3.90,,9/13/2025 6:42:04 AM,9/13/2025 6:42:04 AM,9/13/2025 1:25:03 PM,8/5/2025 5:42:04 AM,gwb_reader_008010,0.00
GoodwillBooks,GB-9780230005996,GWB-885996,Antique Poetry Collection,UPP-805996,1,BK-005996,Books,Michiana E-Com (test),lister_F,UP-900935,7.99,0.00,1.20,,9/13/2025 7:46:14 AM,9/13/2025 7:46:14 AM,9/13/2025 3:05:18 PM,9/8/2025 3:46:14 AM,gwb_reader_008000,0.00
GoodwillBooks,GB-9780220005985,GWB-885985,Vintage Atlas,UPP-805985,1,BK-005985,Books,Michiana E-Com (test),lister_B,UP-900924,8.99,0.00,1.35,,9/13/2025 7:49:05 AM,9/13/2025 7:49:05 AM,,8/13/2025 7:49:05 AM,gwb_reader_009328,0.00
GoodwillBooks,GB-9788580005986,GWB-885986,Antique Cookbook,UPP-805986,1,BK-005986,Books,Michiana E-Com (test),lister_F,UP-900925,6.99,0.00,1.05,,9/13/2025 7:52:50 AM,9/13/2025 7:52:50 AM,,8/12/2025 6:52:50 AM,gwb_reader_008696,0.00
GoodwillBooks,GB-9784550005992,GWB-885992,Handmade Cookbook,UPP-805992,1,BK-005992,Books,Michiana E-Com (test),lister_C,UP-900931,14.99,0.00,2.25,,9/13/2025 8:47:08 AM,9/13/2025 8:47:08 AM,9/13/2025 3:47:55 PM,8/6/2025 8:47:08 AM,gwb_reader_008910,0.00
eBay,310000005973,12-05973-67185,Retro Crossbody Bag,UPP-805973,1,HB-005973,Handbags,Michiana E-Com (test),lister_D,UP-900915,37.99,0.00,5.33,,9/13/2025 10:46:58 AM,9/13/2025 10:46:58 AM,9/13/2025 12:33:25 PM,8/25/2025 8:46:58 AM,ebuyer_006881,2.66
GoodwillBooks,GB-9789680005988,GWB-885988,Like New Cookbook,UPP-805988,1,BK-005988,Books,Michiana E-Com (test),lister_F,UP-900927,6.99,0.00,1.05,,9/13/2025 11:01:56 AM,9/13/2025 11:01:56 AM,,8/10/2025 8:01:56 AM,gwb_reader_009840,0.00
Facebook Marketplace,FB-0005980,FB-0005980,Mid-Century Hiking Boots,UPP-805980,1,SH-005980,Shoes,Michiana E-Com (test),lister_F,UP-900919,19.99,0.00,0.00,,9/13/2025 12:15:25 PM,9/13/2025 12:15:25 PM,,8/18/2025 10:15:25 AM,,0.00
Mercari,m00000005983,m00000005983,Used Brass Candlesticks,UPP-805983,1,HM-005983,Home Decor,Michiana E-Com (test),lister_C,UP-900922,18.99,6.99,1.90,,9/13/2025 12:48:09 PM,9/13/2025 12:48:09 PM,9/13/2025 12:56:33 PM,8/15/2025 7:48:09 AM,mercari_009399,0.00
GoodwillBooks,GB-9788580005994,GWB-885994,Retro Cookbook,UPP-805994,1,BK-005994,Books,Michiana E-Com (test),lister_B,UP-900933,19.99,0.00,3.00,,9/13/2025 1:05:44 PM,9/13/2025 1:05:44 PM,9/13/2025 4:57:39 PM,9/10/2025 11:05:44 AM,gwb_reader_008077,0.00
GoodwillBooks,GB-9782920005998,GWB-885998,Pre-owned Textbook,UPP-805998,1,BK-005998,Books,Michiana E-Com (test),lister_F,UP-900937,12.99,0.00,1.95,,9/13/2025 2:22:22 PM,9/13/2025 2:22:22 PM,,9/6/2025 8:22:22 AM,gwb_reader_008008,0.00
Mercari,m00000005978,m00000005978,Retro Clutch,UPP-805978,1,HB-005978,Handbags,Michiana E-Com (test),lister_C,UP-900917,62.99,6.99,6.30,,9/13/2025 2:56:09 PM,9/13/2025 2:56:09 PM,,8/20/2025 2:56:09 PM,mercari_009016,0.00
GoodwillBooks,GB-9783630005989,GWB-885989,Antique Poetry Collection,UPP-805989,1,BK-005989,Books,Michiana E-Com (test),lister_B,UP-900928,6.99,0.00,1.05,,9/13/2025 3:11:30 PM,9/13/2025 3:11:30 PM,9/13/2025 9:00:34 AM,8/9/2025 11:11:30 AM,gwb_reader_009794,0.00
GoodwillBooks,GB-9787820005984,GWB-885984,Mid-Century Atlas,UPP-805984,1,BK-005984,Books,Michiana E-Com (test),lister_E,UP-900923,9.99,0.00,1.50,,9/13/2025 4:57:12 PM,9/13/2025 4:57:12 PM,9/13/2025 11:28:12 AM,8/14/2025 10:57:12 AM,gwb_reader_008166,0.00
GoodwillBooks,GB-9784800005995,GWB-885995,Used Cookbook,UPP-805995,1,BK-005995,Books,Michiana E-Com (test),lister_F,UP-900934,11.99,0.00,1.80,,9/13/2025 7:07:04 PM,9/13/2025 7:07:04 PM,9/13/2025 12:36:55 PM,9/9/2025 4:07:04 PM,gwb_reader_008139,0.00
Facebook Marketplace,FB-0005977,FB-0005977,Vintage Picture Frame Set,UPP-805977,1,HM-005977,Home Decor,Michiana E-Com (test),lister_F,UP-900916,24.99,0.00,0.00,,9/13/2025 8:25:27 PM,9/13/2025 8:25:27 PM,,8/21/2025 2:25:27 PM,,0.00
GoodwillBooks,GB-9786000005990,GWB-885990,Handmade Textbook,UPP-805990,1,BK-005990,Books,Michiana E-Com (test),lister_C,UP-900929,17.99,0.00,2.70,,9/13/2025 9:07:20 PM,9/13/2025 9:07:20 PM,9/13/2025 12:33:26 PM,8/8/2025 4:07:20 PM,gwb_reader_008618,0.00
Mercari,m00000005979,m00000005979,Antique Bookshelf,UPP-805979,1,FN-005979,Furniture,Michiana E-Com (test),lister_A,UP-900918,31.99,6.99,3.20,,9/13/2025 10:28:06 PM,9/13/2025 10:28:06 PM,9/13/2025 10:38:40 AM,8/19/2025 9:28:06 PM,mercari_009345,0.00
GoodwillBooks,GB-9786730005991,GWB-885991,Used Biography,UPP-805991,1,BK-005991,Books,Michiana E-Com (test),lister_B,UP-900930,21.99,0.00,3.30,,9/13/2025 10:42:58 PM,9/13/2025 10:42:58 PM,9/13/2025 12:56:34 PM,8/7/2025 4:42:58 PM,gwb_reader_008455,0.00
GoodwillBooks,GB-9788390006164,GWB-886164,Antique Biography,UPP-806164,1,BK-006164,Books,Michiana E-Com (test),lister_C,UP-900964,9.99,0.00,1.50,,9/14/2025 12:18:12 AM,9/14/2025 12:18:12 AM,9/14/2025 3:03:03 PM,8/19/2025 8:18:12 PM,gwb_reader_009884,0.00
Facebook Marketplace,FB-0006152,FB-0006152,Classic Patio Chair,UPP-806152,1,FN-006152,Furniture,Michiana E-Com (test),lister_A,UP-900952,31.99,0.00,0.00,,9/14/2025 2:01:24 AM,9/14/2025 2:01:24 AM,,8/31/2025 8:01:24 PM,,0.00
Facebook Marketplace,FB-0006140,FB-0006140,Used Table Lamp,UPP-806140,1,HM-006140,Home Decor,Michiana E-Com (test),lister_E,UP-900940,51.99,0.00,0.00,,9/14/2025 3:39:02 AM,9/14/2025 3:39:02 AM,,8/7/2025 2:39:02 AM,,0.00
Facebook Marketplace,FB-0006151,FB-0006151,Antique Bookshelf,UPP-806151,1,FN-006151,Furniture,Michiana E-Com (test),lister_B,UP-900951,23.99,0.00,0.00,,9/14/2025 4:54:00 AM,9/14/2025 4:54:00 AM,,9/1/2025 11:54:00 PM,,0.00
GoodwillBooks,GB-9783050006154,GWB-886154,Classic Atlas,UPP-806154,1,BK-006154,Books,Michiana E-Com (test),lister_E,UP-900954,10.99,0.00,1.65,,9/14/2025 4:55:43 AM,9/14/2025 4:55:43 AM,9/14/2025 3:37:33 PM,8/30/2025 3:55:43 AM,gwb_reader_008249,0.00
GoodwillBooks,GB-9789300006156,GWB-886156,Used Cookbook,UPP-806156,1,BK-006156,Books,Michiana E-Com (test),lister_C,UP-900956,15.99,0.00,2.40,,9/14/2025 7:17:42 AM,9/14/2025 7:17:42 AM,9/14/2025 9:54:39 AM,8/28/2025 4:17:42 AM,gwb_reader_008349,0.00
GoodwillBooks,GB-9781600006163,GWB-886163,Lot of 2 Cookbook,UPP-806163,1,BK-006163,Books,Michiana E-Com (test),lister_A,UP-900963,6.99,0.00,1.05,,9/14/2025 9:32:37 AM,9/14/2025 9:32:37 AM,9/14/2025 10:12:30 AM,8/21/2025 6:32:37 AM,gwb_reader_009943,0.00
GoodwillBooks,GB-9789010006153,GWB-886153,Lot of 2 Field Guide,UPP-806153,1,BK-006153,Books,Michiana E-Com (test),lister_D,UP-900953,6.99,0.00,1.05,,9/14/2025 9:59:45 AM,9/14/2025 9:59:45 AM,9/14/2025 11:09:38 AM,8/31/2025 9:59:45 AM,gwb_reader_008337,0.00
Facebook Marketplace,FB-0006142,FB-0006142,Mid-Century Bookshelf,UPP-806142,1,FN-006142,Furniture,Michiana E-Com (test),lister_C,UP-900942,43.99,0.00,0.00,,9/14/2025 10:43:08 AM,9/14/2025 10:43:08 AM,,9/11/2025 7:43:08 AM,,0.00
GoodwillBooks,GB-9783340006162,GWB-886162,Retro Cookbook,UPP-806162,1,BK-006162,Books,Michiana E-Com (test),lister_D,UP-900962,18.99,0.00,2.85,,9/14/2025 10:54:13 AM,9/14/2025 10:54:13 AM,9/14/2025 11:18:26 AM,8/22/2025 8:54:13 AM,gwb_reader_009014,0.00
GoodwillBooks,GB-9789020006161,GWB-886161,Handmade Textbook,UPP-806161,1,BK-006161,Books,Michiana E-Com (test),lister_A,UP-900961,19.99,0.00,3.00,,9/14/2025 1:35:03 PM,9/14/2025 1:35:03 PM,,8/23/2025 12:35:03 PM,gwb_reader_008453,0.00
Facebook Marketplace,FB-0006143,FB-0006143,Mid-Century Clutch,UPP-806143,1,HB-006143,Handbags,Michiana E-Com (test),lister_A,UP-900943,20.99,0.00,0.00,,9/14/2025 2:21:05 PM,9/14/2025 2:21:05 PM,,9/10/2025 10:21:05 AM,,0.00
Facebook Marketplace,FB-0006146,FB-0006146,Pre-owned Mantel Clock,UPP-806146,1,HM-006146,Home Decor,Michiana E-Com (test),lister_E,UP-900946,29.99,0.00,0.00,,9/14/2025 3:15:41 PM,9/14/2025 3:15:41 PM,,9/7/2025 3:15:41 PM,,0.00
Facebook Marketplace,FB-0006147,FB-0006147,Used Flannel Shirt,UPP-806147,1,CL-006147,Clothing,Michiana E-Com (test),lister_E,UP-900947,24.99,0.00,0.00,,9/14/2025 3:23:11 PM,9/14/2025 3:23:11 PM,,9/6/2025 2:23:11 PM,,0.00
GoodwillBooks,GB-9780280006158,GWB-886158,Vintage Field Guide,UPP-806158,1,BK-006158,Books,Michiana E-Com (test),lister_A,UP-900958,15.99,0.00,2.40,,9/14/2025 3:26:52 PM,9/14/2025 3:26:52 PM,,8/26/2025 10:26:52 AM,gwb_reader_009556,0.00
GoodwillBooks,GB-9780170006160,GWB-886160,Retro Field Guide,UPP-806160,1,BK-006160,Books,Michiana E-Com (test),lister_B,UP-900960,8.99,0.00,1.35,,9/14/2025 3:33:07 PM,9/14/2025 3:33:07 PM,9/14/2025 3:29:51 PM,8/24/2025 3:33:07 PM,gwb_reader_008224,0.00
eBay,310000006117,05-06117-86940,Handmade Flannel Shirt,UPP-806117,1,CL-006117,Clothing,Michiana E-Com (test),lister_B,UP-900939,9.99,0.00,1.62,,9/14/2025 3:34:00 PM,9/14/2025 3:34:00 PM,9/14/2025 12:10:01 PM,8/30/2025 9:34:00 AM,ebuyer_006773,0.70
GoodwillBooks,GB-9780790006155,GWB-886155,Mid-Century Cookbook,UPP-806155,1,BK-006155,Books,Michiana E-Com (test),lister_C,UP-900955,4.99,0.00,0.75,,9/14/2025 4:20:29 PM,9/14/2025 4:20:29 PM,9/14/2025 12:29:40 PM,8/29/2025 2:20:29 PM,gwb_reader_008687,0.00
GoodwillBooks,GB-9783930006157,GWB-886157,Classic CD Lot,UPP-806157,1,MD-006157,Media,Michiana E-Com (test),lister_F,UP-900957,21.99,0.00,3.30,,9/14/2025 4:33:24 PM,9/14/2025 4:33:24 PM,9/14/2025 1:14:57 PM,8/27/2025 12:33:24 PM,gwb_reader_008350,0.00
Facebook Marketplace,FB-0006150,FB-0006150,Retro Silk Blouse,UPP-806150,1,CL-006150,Clothing,Michiana E-Com (test),lister_C,UP-900950,9.99,0.00,0.00,,9/14/2025 6:10:39 PM,9/14/2025 6:10:39 PM,,9/3/2025 2:10:39 PM,,0.00
GoodwillBooks,GB-9789490006159,GWB-886159,Mid-Century Biography,UPP-806159,1,BK-006159,Books,Michiana E-Com (test),lister_D,UP-900959,12.99,0.00,1.95,,9/14/2025 7:03:30 PM,9/14/2025 7:03:30 PM,9/14/2025 3:13:07 PM,8/25/2025 1:03:30 PM,gwb_reader_009709,0.00
Facebook Marketplace,FB-0006148,FB-0006148,Mid-Century Desk Chair,UPP-806148,1,FN-006148,Furniture,Michiana E-Com (test),lister_F,UP-900948,52.99,0.00,0.00,,9/14/2025 9:00:24 PM,9/14/2025 9:00:24 PM,,9/5/2025 7:00:24 PM,,0.00
Facebook Marketplace,FB-0006144,FB-0006144,Mid-Century Silk Blouse,UPP-806144,1,CL-006144,Clothing,Michiana E-Com (test),lister_C,UP-900944,11.99,0.00,0.00,,9/14/2025 9:01:02 PM,9/14/2025 9:01:02 PM,,9/9/2025 4:01:02 PM,,0.00
Facebook Marketplace,FB-0006149,FB-0006149,Pre-owned Picture Frame Set,UPP-806149,1,HM-006149,Home Decor,Michiana E-Com (test),lister_B,UP-900949,5.99,0.00,0.00,,9/14/2025 9:59:48 PM,9/14/2025 9:59:48 PM,,9/4/2025 6:59:48 PM,,0.00
Mercari,m00000006141,m00000006141,Used Clutch,UPP-806141,1,HB-006141,Handbags,Michiana E-Com (test),lister_F,UP-900941,28.99,6.99,2.90,,9/14/2025 10:24:33 PM,9/14/2025 10:24:33 PM,9/14/2025 10:40:33 AM,8/6/2025 8:24:33 PM,mercari_009047,0.00
GoodwillBooks,GB-9788660006165,GWB-886165,Lot of 2 Textbook,UPP-806165,1,BK-006165,Books,Michiana E-Com (test),lister_D,UP-900965,17.99,0.00,2.70,,9/14/2025 10:28:10 PM,9/14/2025 10:28:10 PM,9/14/2025 11:19:54 AM,8/19/2025 5:28:10 PM,gwb_reader_008729,0.00
ShopGoodwill,210006018,SGW-7706018,Classic Game Console,UPP-806018,1,EL-006018,Electronics,Michiana E-Com (test),lister_E,UP-900938,16.00,19.61,1.28,,9/14/2025 10:28:27 PM,9/14/2025 10:28:27 PM,9/14/2025 3:30:47 PM,8/18/2025 5:28:27 PM,sgw_bidder_004934,0.00
Mercari,m00000006145,m00000006145,Lot of 2 Crossbody Bag,UPP-806145,1,HB-006145,Handbags,Michiana E-Com (test),lister_A,UP-900945,15.99,6.99,1.60,,9/14/2025 11:39:52 PM,9/14/2025 11:39:52 PM,,9/8/2025 5:39:52 PM,mercari_009550,0.00
GoodwillBooks,GB-9780110006272,GWB-886272,Used Textbook,UPP-806272,1,BK-006272,Books,Michiana E-Com (test),lister_B,UP-900977,9.99,0.00,1.50,,9/15/2025 12:09:26 AM,9/15/2025 12:09:26 AM,9/15/2025 4:02:18 PM,8/24/2025 12:09:26 AM,gwb_reader_008393,0.00
GoodwillBooks,GB-9786480006287,GWB-886287,Pre-owned Field Guide,UPP-806287,1,BK-006287,Books,Michiana E-Com (test),lister_B,UP-900992,5.99,0.00,0.90,,9/15/2025 12:45:20 AM,9/15/2025 12:45:20 AM,9/15/2025 10:52:36 AM,8/8/2025 11:45:20 PM,gwb_reader_008159,0.00
eBay,310000006258,03-06258-55370,Handmade Sandals,UPP-806258,1,SH-006258,Shoes,Michiana E-Com (test),lister_E,UP-900970,47.99,10.80,8.09,,9/15/2025 1:05:19 AM,9/15/2025 1:05:19 AM,,9/7/2025 1:05:19 AM,ebuyer_006145,4.12
Facebook Marketplace,FB-0006267,FB-0006267,Antique Denim Jacket,UPP-806267,1,CL-006267,Clothing,Michiana E-Com (test),lister_D,UP-900972,17.99,0.00,0.00,,9/15/2025 1:53:01 AM,9/15/2025 1:53:01 AM,,8/28/2025 11:53:01 PM,,0.00
GoodwillBooks,GB-9784720006288,GWB-886288,Retro Blu-ray Set,UPP-806288,1,MD-006288,Media,Michiana E-Com (test),lister_A,UP-900993,3.99,0.00,0.60,,9/15/2025 4:33:58 AM,9/15/2025 4:33:58 AM,,8/8/2025 2:33:58 AM,gwb_reader_008154,0.00
GoodwillBooks,GB-9780010006286,GWB-886286,Used Cookbook,UPP-806286,1,BK-006286,Books,Michiana E-Com (test),lister_C,UP-900991,10.99,0.00,1.65,,9/15/2025 4:46:39 AM,9/15/2025 4:46:39 AM,9/15/2025 12:58:20 PM,8/10/2025 4:46:39 AM,gwb_reader_008544,0.00
GoodwillBooks,GB-9784630006282,GWB-886282,Antique Field Guide,UPP-806282,1,BK-006282,Books,Michiana E-Com (test),lister_B,UP-900987,16.99,0.00,2.55,,9/15/2025 5:43:38 AM,9/15/2025 5:43:38 AM,9/15/2025 11:44:55 AM,8/14/2025 2:43:38 AM,gwb_reader_009044,0.00
eBay,310000006256,24-06256-48846,Handmade Sandals,UPP-806256,1,SH-006256,Shoes,Michiana E-Com (test),lister_D,UP-900969,132.99,0.00,17.92,,9/15/2025 7:44:47 AM,9/15/2025 7:44:47 AM,9/15/2025 12:07:06 PM,9/9/2025 2:44:47 AM,ebuyer_006411,9.31
GoodwillBooks,GB-9784810006275,GWB-886275,Retro Field Guide,UPP-806275,1,BK-006275,Books,Michiana E-Com (test),lister_C,UP-900980,28.99,0.00,4.35,,9/15/2025 8:03:26 AM,9/15/2025 8:03:26 AM,9/15/2025 2:51:33 PM,8/21/2025 5:03:26 AM,gwb_reader_008290,0.00
ShopGoodwill,210006207,SGW-7706207,Pre-owned Film Camera,UPP-806207,1,EL-006207,Electronics,Michiana E-Com (test),lister_B,UP-900967,42.00,14.95,3.36,,9/15/2025 10:14:58 AM,9/15/2025 10:14:58 AM,9/15/2025 11:46:21 AM,8/15/2025 5:14:58 AM,sgw_bidder_007382,0.00
GoodwillBooks,GB-9784540006274,GWB-886274,Lot of 2 Cookbook,UPP-806274,1,BK-006274,Books,Michiana E-Com (test),lister_A,UP-900979,3.99,0.00,0.60,,9/15/2025 11:16:18 AM,9/15/2025 11:16:18 AM,9/15/2025 10:01:36 AM,8/22/2025 9:16:18 AM,gwb_reader_008846,0.00
GoodwillBooks,GB-9789330006273,GWB-886273,Mid-Century Cookbook,UPP-806273,1,BK-006273,Books,Michiana E-Com (test),lister_F,UP-900978,9.99,0.00,1.50,,9/15/2025 11:52:08 AM,9/15/2025 11:52:08 AM,,8/23/2025 10:52:08 AM,gwb_reader_009584,0.00
Mercari,m00000006269,m00000006269,Vintage Brass Candlesticks,UPP-806269,1,HM-006269,Home Decor,Michiana E-Com (test),lister_C,UP-900974,18.99,6.99,1.90,,9/15/2025 12:05:01 PM,9/15/2025 12:05:01 PM,9/15/2025 9:42:32 AM,8/27/2025 8:05:01 AM,mercari_009250,0.00
Facebook Marketplace,FB-0006271,FB-0006271,Classic Rain Jacket,UPP-806271,1,CL-006271,Clothing,Michiana E-Com (test),lister_E,UP-900976,17.99,0.00,0.00,,9/15/2025 12:34:21 PM,9/15/2025 12:34:21 PM,,8/25/2025 6:34:21 AM,,0.00
GoodwillBooks,GB-9783470006278,GWB-886278,Vintage CD Lot,UPP-806278,1,MD-006278,Media,Michiana E-Com (test),lister_A,UP-900983,12.99,0.00,1.95,,9/15/2025 1:06:04 PM,9/15/2025 1:06:04 PM,9/15/2025 12:02:55 PM,8/18/2025 7:06:04 AM,gwb_reader_008912,0.00
Mercari,m00000006270,m00000006270,Pre-owned Wool Coat,UPP-806270,1,CL-006270,Clothing,Michiana E-Com (test),lister_C,UP-900975,11.99,6.99,1.20,,9/15/2025 1:16:34 PM,9/15/2025 1:16:34 PM,,8/26/2025 8:16:34 AM,mercari_009160,0.00
GoodwillBooks,GB-9781130006284,GWB-886284,Mid-Century Biography,UPP-806284,1,BK-006284,Books,Michiana E-Com (test),lister_D,UP-900989,8.99,0.00,1.35,,9/15/2025 2:10:07 PM,9/15/2025 2:10:07 PM,9/15/2025 4:52:31 PM,8/12/2025 9:10:07 AM,gwb_reader_009320,0.00
ShopGoodwill,210006171,SGW-7706171,Retro Coin Lot,UPP-806171,1,CO-006171,Collectibles,Michiana E-Com (test),lister_D,UP-900966,45.00,8.36,3.60,,9/15/2025 2:57:39 PM,9/15/2025 2:57:39 PM,9/15/2025 11:23:53 AM,8/14/2025 10:57:39 AM,sgw_bidder_008281,0.00
GoodwillBooks,GB-9787500006283,GWB-886283,Lot of 2 Textbook,UPP-806283,1,BK-006283,Books,Michiana E-Com (test),lister_C,UP-900988,2.99,0.00,0.45,,9/15/2025 3:14:11 PM,9/15/2025 3:14:11 PM,9/15/2025 3:54:58 PM,8/13/2025 11:14:11 AM,gwb_reader_008051,0.00
GoodwillBooks,GB-9782220006277,GWB-886277,Used Atlas,UPP-806277,1,BK-006277,Books,Michiana E-Com (test),lister_F,UP-900982,8.99,0.00,1.35,,9/15/2025 4:08:36 PM,9/15/2025 4:08:36 PM,,8/19/2025 11:08:36 AM,gwb_reader_008600,0.00
GoodwillBooks,GB-9784780006291,GWB-886291,Lot of 2 Atlas,UPP-806291,1,BK-006291,Books,Michiana E-Com (test),lister_B,UP-900996,4.99,0.00,0.75,,9/15/2025 4:18:43 PM,9/15/2025 4:18:43 PM,9/15/2025 3:26:54 PM,9/11/2025 11:18:43 AM,gwb_reader_008006,0.00
Facebook Marketplace,FB-0006268,FB-0006268,Pre-owned Brass Candlesticks,UPP-806268,1,HM-006268,Home Decor,Michiana E-Com (test),lister_C,UP-900973,8.99,0.00,0.00,,9/15/2025 4:58:24 PM,9/15/2025 4:58:24 PM,,8/28/2025 1:58:24 PM,,0.00
GoodwillBooks,GB-9787460006289,GWB-886289,Pre-owned Cookbook,UPP-806289,1,BK-006289,Books,Michiana E-Com (test),lister_C,UP-900994,5.99,0.00,0.90,,9/15/2025 5:20:37 PM,9/15/2025 5:20:37 PM,,8/7/2025 2:20:37 PM,gwb_reader_008125,0.00
GoodwillBooks,GB-9783850006285,GWB-886285,Like New Paperback Lot,UPP-806285,1,BK-006285,Books,Michiana E-Com (test),lister_F,UP-900990,5.99,0.00,0.90,,9/15/2025 8:15:36 PM,9/15/2025 8:15:36 PM,9/15/2025 10:51:08 AM,8/11/2025 2:15:36 PM,gwb_reader_008676,0.00
GoodwillBooks,GB-9784600006281,GWB-886281,Antique Cookbook,UPP-806281,1,BK-006281,Books,Michiana E-Com (test),lister_F,UP-900986,6.99,0.00,1.05,,9/15/2025 8:20:07 PM,9/15/2025 8:20:07 PM,9/15/2025 9:49:20 AM,8/15/2025 6:20:07 PM,gwb_reader_008499,0.00
GoodwillBooks,GB-9781800006279,GWB-886279,Vintage Atlas,UPP-806279,1,BK-006279,Books,Michiana E-Com (test),lister_A,UP-900984,13.99,0.00,2.10,,9/15/2025 8:23:41 PM,9/15/2025 8:23:41 PM,,8/17/2025 8:23:41 PM,gwb_reader_008563,0.00
Facebook Marketplace,FB-0006266,FB-0006266,Used Crossbody Bag,UPP-806266,1,HB-006266,Handbags,Michiana E-Com (test),lister_B,UP-900971,21.99,0.00,0.00,,9/15/2025 9:20:22 PM,9/15/2025 9:20:22 PM,,8/30/2025 8:20:22 PM,,0.00
GoodwillBooks,GB-9783820006290,GWB-886290,Mid-Century Biography,UPP-806290,1,BK-006290,Books,Michiana E-Com (test),lister_F,UP-900995,10.99,0.00,1.65,,9/15/2025 9:36:18 PM,9/15/2025 9:36:18 PM,9/15/2025 11:15:23 AM,9/12/2025 5:36:18 PM,gwb_reader_009998,0.00
eBay,310000006253,10-06253-67165,Like New Golf Balls,UPP-806253,1,SG-006253,Sporting Goods,Michiana E-Com (test),lister_C,UP-900968,56.99,6.28,8.68,,9/15/2025 9:38:58 PM,9/15/2025 9:38:58 PM,,9/12/2025 7:38:58 PM,ebuyer_006288,4.43
GoodwillBooks,GB-9784470006280,GWB-886280,Antique Audiobook,UPP-806280,1,MD-006280,Media,Michiana E-Com (test),lister_E,UP-900985,18.99,0.00,2.85,,9/15/2025 10:36:19 PM,9/15/2025 10:36:19 PM,9/15/2025 10:43:19 AM,8/16/2025 9:36:19 PM,gwb_reader_009160,0.00
GoodwillBooks,GB-9788030006276,GWB-886276,Handmade Biography,UPP-806276,1,BK-006276,Books,Michiana E-Com (test),lister_E,UP-900981,13.99,0.00,2.10,,9/15/2025 11:09:42 PM,9/15/2025 11:09:42 PM,,8/20/2025 7:09:42 PM,gwb_reader_008002,0.00
GoodwillBooks,GB-9785810006412,GWB-886412,Vintage Atlas,UPP-806412,1,BK-006412,Books,Michiana E-Com (test),lister_E,UP-901019,20.99,0.00,3.15,,9/16/2025 12:58:56 AM,9/16/2025 12:58:56 AM,9/16/2025 4:32:55 PM,9/2/2025 12:58:56 AM,gwb_reader_008154,0.00
GoodwillBooks,GB-9784510006410,GWB-886410,Pre-owned Cookbook,UPP-806410,1,BK-006410,Books,Michiana E-Com (test),lister_E,UP-901017,11.99,0.00,0.00,11.99,9/16/2025 4:55:51 AM,9/16/2025 4:55:51 AM,,9/3/2025 11:55:51 PM,gwb_reader_008102,0.00
GoodwillBooks,GB-9780100006409,GWB-886409,Retro Atlas,UPP-806409,1,BK-006409,Books,Michiana E-Com (test),lister_D,UP-901016,9.99,0.00,1.50,,9/16/2025 5:06:15 AM,9/16/2025 5:06:15 AM,,9/5/2025 1:06:15 AM,gwb_reader_009243,0.00
Facebook Marketplace,FB-0006398,FB-0006398,Handmade Patio Chair,UPP-806398,1,FN-006398,Furniture,Michiana E-Com (test),lister_A,UP-901005,20.99,0.00,0.00,,9/16/2025 5:32:30 AM,9/16/2025 5:32:30 AM,,8/10/2025 5:32:30 AM,,0.00
Mercari,m00000006396,m00000006396,Vintage Silk Blouse,UPP-806396,1,CL-006396,Clothing,Michiana E-Com (test),lister_A,UP-901003,15.99,6.99,1.60,,9/16/2025 6:47:21 AM,9/16/2025 6:47:21 AM,,8/12/2025 1:47:21 AM,mercari_009113,0.00
GoodwillBooks,GB-9786910006414,GWB-886414,Handmade Field Guide,UPP-806414,1,BK-006414,Books,Michiana E-Com (test),lister_D,UP-901021,12.99,0.00,1.95,,9/16/2025 7:01:16 AM,9/16/2025 7:01:16 AM,9/16/2025 11:31:48 AM,8/31/2025 5:01:16 AM,gwb_reader_009412,0.00
Facebook Marketplace,FB-0006397,FB-0006397,Antique Desk Chair,UPP-806397,1,FN-006397,Furniture,Michiana E-Com (test),lister_E,UP-901004,30.99,0.00,0.00,,9/16/2025 7:36:18 AM,9/16/2025 7:36:18 AM,,8/11/2025 1:36:18 AM,,0.00
GoodwillBooks,GB-9789970006404,GWB-886404,Mid-Century Textbook,UPP-806404,1,BK-006404,Books,Michiana E-Com (test),lister_F,UP-901011,27.99,0.00,4.20,,9/16/2025 7:49:48 AM,9/16/2025 7:49:48 AM,9/16/2025 2:26:16 PM,9/10/2025 1:49:48 AM,gwb_reader_008532,0.00
Facebook Marketplace,FB-0006400,FB-0006400,Like New Leather Satchel,UPP-806400,1,HB-006400,Handbags,Michiana E-Com (test),lister_B,UP-901007,18.99,0.00,0.00,,9/16/2025 8:41:02 AM,9/16/2025 8:41:02 AM,,8/8/2025 6:41:02 AM,,0.00
GoodwillBooks,GB-9785750006411,GWB-886411,Mid-Century Hardcover Novel,UPP-806411,1,BK-006411,Books,Michiana E-Com (test),lister_E,UP-901018,15.99,0.00,2.40,,9/16/2025 11:26:42 AM,9/16/2025 11:26:42 AM,9/16/2025 12:19:18 PM,9/3/2025 5:26:42 AM,gwb_reader_009926,0.00
GoodwillBooks,GB-9789920006407,GWB-886407,Like New Atlas,UPP-806407,1,BK-006407,Books,Michiana E-Com (test),lister_C,UP-901014,10.99,0.00,1.65,,9/16/2025 1:05:40 PM,9/16/2025 1:05:40 PM,9/16/2025 12:08:27 PM,9/7/2025 11:05:40 AM,gwb_reader_008297,0.00
GoodwillBooks,GB-9784660006402,GWB-886402,Pre-owned Textbook,UPP-806402,1,BK-006402,Books,Michiana E-Com (test),lister_C,UP-901009,17.99,0.00,2.70,,9/16/2025 1:46:29 PM,9/16/2025 1:46:29 PM,9/16/2025 3:31:59 PM,9/12/2025 9:46:29 AM,gwb_reader_008021,0.00
GoodwillBooks,GB-9785400006401,GWB-886401,Lot of 2 Hardcover Novel,UPP-806401,1,BK-006401,Books,Michiana E-Com (test),lister_D,UP-901008,14.99,0.00,2.25,,9/16/2025 2:34:16 PM,9/16/2025 2:34:16 PM,9/16/2025 4:50:12 PM,9/13/2025 11:34:16 AM,gwb_reader_008260,0.00
eBay,310000006383,15-06383-20450,Vintage Fondue Set,UPP-806383,1,KT-006383,Kitchen,Michiana E-Com (test),lister_C,UP-900998,28.99,6.84,5.05,,9/16/2025 2:51:05 PM,9/16/2025 2:51:05 PM,9/16/2025 3:53:22 PM,8/25/2025 8:51:05 AM,ebuyer_006139,2.51
GoodwillBooks,GB-9786200006406,GWB-886406,Lot of 2 Poetry Collection,UPP-806406,1,BK-006406,Books,Michiana E-Com (test),lister_A,UP-901013,11.99,0.00,1.80,,9/16/2025 4:01:20 PM,9/16/2025 4:01:20 PM,9/16/2025 10:35:22 AM,9/8/2025 3:01:20 PM,gwb_reader_009419,0.00
GoodwillBooks,GB-9783860006405,GWB-886405,Lot of 2 Hardcover Novel,UPP-806405,1,BK-006405,Books,Michiana E-Com (test),lister_B,UP-901012,5.99,0.00,0.90,,9/16/2025 4:14:15 PM,9/16/2025 4:14:15 PM,9/16/2025 11:16:35 AM,9/9/2025 4:14:15 PM,gwb_reader_008778,0.00
eBay,310000006392,05-06392-37327,Pre-owned Stoneware Mugs,UPP-806392,1,KT-006392,Kitchen,Michiana E-Com (test),lister_C,UP-900999,14.99,0.00,2.29,,9/16/2025 4:46:29 PM,9/16/2025 4:46:29 PM,9/16/2025 2:23:04 PM,8/16/2025 3:46:29 PM,ebuyer_006027,1.05
GoodwillBooks,GB-9786690006403,GWB-886403,Mid-Century Poetry Collection,UPP-806403,1,BK-006403,Books,Michiana E-Com (test),lister_C,UP-901010,14.99,0.00,0.00,14.99,9/16/2025 7:24:35 PM,9/16/2025 7:24:35 PM,9/16/2025 10:39:07 AM,9/11/2025 2:24:35 PM,gwb_reader_008223,0.00
Facebook Marketplace,FB-0006394,FB-0006394,Retro Tote Bag,UPP-806394,1,HB-006394,Handbags,Michiana E-Com (test),lister_A,UP-901001,28.99,0.00,0.00,,9/16/2025 7:31:18 PM,9/16/2025 7:31:18 PM,,8/14/2025 4:31:18 PM,,0.00
GoodwillBooks,GB-9786230006413,GWB-886413,Like New CD Lot,UPP-806413,1,MD-006413,Media,Michiana E-Com (test),lister_C,UP-901020,13.99,0.00,2.10,,9/16/2025 7:57:01 PM,9/16/2025 7:57:01 PM,9/16/2025 11:51:40 AM,9/1/2025 6:57:01 PM,gwb_reader_009007,0.00
Facebook Marketplace,FB-0006395,FB-0006395,Used Fondue Set,UPP-806395,1,KT-006395,Kitchen,Michiana E-Com (test),lister_C,UP-901002,48.99,0.00,0.00,,9/16/2025 9:26:52 PM,9/16/2025 9:26:52 PM,,8/13/2025 5:26:52 PM,,0.00
Mercari,m00000006399,m00000006399,Like New Table Lamp,UPP-806399,1,HM-006399,Home Decor,Michiana E-Com (test),lister_F,UP-901006,20.99,6.99,2.10,,9/16/2025 9:42:28 PM,9/16/2025 9:42:28 PM,9/16/2025 2:01:23 PM,8/9/2025 8:42:28 PM,mercari_009168,0.00
GoodwillBooks,GB-9789070006408,GWB-886408,Vintage Biography,UPP-806408,1,BK-006408,Books,Michiana E-Com (test),lister_F,UP-901015,7.99,0.00,1.20,,9/16/2025 9:45:53 PM,9/16/2025 9:45:53 PM,,9/6/2025 6:45:53 PM,gwb_reader_008275,0.00
ShopGoodwill,210006332,SGW-7706332,Vintage Pocket Watch,UPP-806332,1,WT-006332,Watches,Michiana E-Com (test),lister_C,UP-900997,54.00,12.64,4.32,,9/16/2025 11:22:42 PM,9/16/2025 11:22:42 PM,,9/8/2025 7:22:42 PM,sgw_bidder_006289,0.00
Facebook Marketplace,FB-0006393,FB-0006393,Lot of 2 Running Shoes,UPP-806393,1,SH-006393,Shoes,Michiana E-Com (test),lister_B,UP-901000,19.99,0.00,0.00,,9/16/2025 11:37:11 PM,9/16/2025 11:37:11 PM,,8/15/2025 9:37:11 PM,,0.00
GoodwillBooks,GB-9784740006546,GWB-886546,Pre-owned Cookbook,UPP-806546,1,BK-006546,Books,Michiana E-Com (test),lister_C,UP-901037,13.99,0.00,2.10,,9/17/2025 1:35:20 AM,9/17/2025 1:35:20 AM,9/17/2025 3:00:26 PM,8/11/2025 12:35:20 AM,gwb_reader_009492,0.00
ShopGoodwill,210006458,SGW-7706458,Mid-Century Oil Painting,UPP-806458,1,AR-006458,Art,Michiana E-Com (test),lister_E,UP-901024,81.00,8.79,6.48,,9/17/2025 3:00:37 AM,9/17/2025 3:00:37 AM,9/17/2025 11:18:04 AM,8/24/2025 11:00:37 PM,sgw_bidder_001683,0.00
eBay,310000006521,15-06521-16767,Handmade Golf Balls,UPP-806521,1,SG-006521,Sporting Goods,Michiana E-Com (test),lister_B,UP-901026,29.99,12.82,5.97,,9/17/2025 4:16:54 AM,9/17/2025 4:16:54 AM,,9/5/2025 12:16:54 AM,ebuyer_009236,3.00
GoodwillBooks,GB-9782960006550,GWB-886550,Lot of 2 CD Lot,UPP-806550,1,MD-006550,Media,Michiana E-Com (test),lister_B,UP-901041,10.99,0.00,1.65,,9/17/2025 5:24:53 AM,9/17/2025 5:24:53 AM,9/17/2025 11:02:48 AM,9/13/2025 12:24:53 AM,gwb_reader_009702,0.00
ShopGoodwill,210006417,SGW-7706417,Classic Oil Painting,UPP-806417,1,AR-006417,Art,Michiana E-Com (test),lister_E,UP-901022,53.00,6.41,4.24,,9/17/2025 5:59:10 AM,9/17/2025 5:59:10 AM,,8/29/2025 12:59:10 AM,sgw_bidder_001777,0.00
GoodwillBooks,GB-9788670006549,GWB-886549,Like New Field Guide,UPP-806549,1,BK-006549,Books,Michiana E-Com (test),lister_A,UP-901040,12.99,0.00,1.95,,9/17/2025 7:10:04 AM,9/17/2025 7:10:04 AM,9/17/2025 3:52:28 PM,9/14/2025 3:10:04 AM,gwb_reader_008095,0.00
eBay,310000006516,07-06516-31528,Pre-owned Running Shoes,UPP-806516,1,SH-006516,Shoes,Michiana E-Com (test),lister_D,UP-901025,31.99,7.85,5.58,,9/17/2025 10:08:55 AM,9/17/2025 10:08:55 AM,9/17/2025 11:09:45 AM,9/10/2025 4:08:55 AM,ebuyer_007971,2.79
GoodwillBooks,GB-9781600006543,GWB-886543,Pre-owned Hardcover Novel,UPP-806543,1,BK-006543,Books,Michiana E-Com (test),lister_A,UP-901034,4.99,0.00,0.75,,9/17/2025 11:06:21 AM,9/17/2025 11:06:21 AM,9/17/2025 9:23:21 AM,8/14/2025 6:06:21 AM,gwb_reader_009678,0.00
ShopGoodwill,210006452,SGW-7706452,Vintage Charm Bracelet,UPP-806452,1,JW-006452,Jewelry,Michiana E-Com (test),lister_C,UP-901023,22.00,14.44,1.76,,9/17/2025 11:22:25 AM,9/17/2025 11:22:25 AM,9/17/2025 9:20:15 AM,8/31/2025 6:22:25 AM,sgw_bidder_000799,0.00
GoodwillBooks,GB-9788070006541,GWB-886541,Lot of 2 Poetry Collection,UPP-806541,1,BK-006541,Books,Michiana E-Com (test),lister_F,UP-901032,8.99,0.00,1.35,,9/17/2025 11:32:01 AM,9/17/2025 11:32:01 AM,9/17/2025 4:56:24 PM,8/16/2025 8:32:01 AM,gwb_reader_008297,0.00
Facebook Marketplace,FB-0006537,FB-0006537,Like New Table Lamp,UPP-806537,1,HM-006537,Home Decor,Michiana E-Com (test),lister_E,UP-901028,27.99,0.00,0.00,,9/17/2025 12:30:14 PM,9/17/2025 12:30:14 PM,,8/20/2025 6:30:14 AM,,0.00
GoodwillBooks,GB-9782940006542,GWB-886542,Retro Biography,UPP-806542,1,BK-006542,Books,Michiana E-Com (test),lister_C,UP-901033,13.99,0.00,2.10,,9/17/2025 1:16:02 PM,9/17/2025 1:16:02 PM,9/17/2025 1:01:11 PM,8/15/2025 9:16:02 AM,gwb_reader_008018,0.00
Facebook Marketplace,FB-0006536,FB-0006536,Classic Bookshelf,UPP-806536,1,FN-006536,Furniture,Michiana E-Com (test),lister_F,UP-901027,9.99,0.00,0.00,,9/17/2025 4:19:14 PM,9/17/2025 4:19:14 PM,,8/21/2025 11:19:14 AM,,0.00
GoodwillBooks,GB-9784280006545,GWB-886545,Classic Paperback Lot,UPP-806545,1,BK-006545,Books,Michiana E-Com (test),lister_F,UP-901036,7.99,0.00,1.20,,9/17/2025 4:54:01 PM,9/17/2025 4:54:01 PM,9/17/2025 9:39:31 AM,8/12/2025 4:54:01 PM,gwb_reader_008108,0.00
GoodwillBooks,GB-9781300006547,GWB-886547,Like New Textbook,UPP-806547,1,BK-006547,Books,Michiana E-Com (test),lister_B,UP-901038,13.99,0.00,2.10,,9/17/2025 6:03:41 PM,9/17/2025 6:03:41 PM,9/17/2025 9:50:50 AM,8/10/2025 4:03:41 PM,gwb_reader_008264,0.00
GoodwillBooks,GB-9785310006539,GWB-886539,Vintage Hardcover Novel,UPP-806539,1,BK-006539,Books,Michiana E-Com (test),lister_A,UP-901030,6.99,0.00,1.05,,9/17/2025 7:40:32 PM,9/17/2025 7:40:32 PM,,8/18/2025 6:40:32 PM,gwb_reader_009029,0.00
GoodwillBooks,GB-9786240006538,GWB-886538,Lot of 2 Atlas,UPP-806538,1,BK-006538,Books,Michiana E-Com (test),lister_C,UP-901029,4.99,0.00,0.75,,9/17/2025 7:42:16 PM,9/17/2025 7:42:16 PM,,8/19/2025 7:42:16 PM,gwb_reader_008943,0.00
GoodwillBooks,GB-9785110006548,GWB-886548,Classic Field Guide,UPP-806548,1,BK-006548,Books,Michiana E-Com (test),lister_C,UP-901039,8.99,0.00,0.00,8.99,9/17/2025 9:14:52 PM,9/17/2025 9:14:52 PM,9/17/2025 1:47:30 PM,8/9/2025 6:14:52 PM,gwb_reader_008050,0.00
GoodwillBooks,GB-9784690006544,GWB-886544,Classic CD Lot,UPP-806544,1,MD-006544,Media,Michiana E-Com (test),lister_E,UP-901035,15.99,0.00,2.40,,9/17/2025 9:31:13 PM,9/17/2025 9:31:13 PM,9/17/2025 4:01:55 PM,8/13/2025 3:31:13 PM,gwb_reader_008587,0.00
GoodwillBooks,GB-9780760006551,GWB-886551,Retro Blu-ray Set,UPP-806551,1,MD-006551,Media,Michiana E-Com (test),lister_A,UP-901042,12.99,0.00,1.95,,9/17/2025 9:38:38 PM,9/17/2025 9:38:38 PM,,9/12/2025 3:38:38 PM,gwb_reader_008001,0.00
GoodwillBooks,GB-9788280006540,GWB-886540,Antique Hardcover Novel,UPP-806540,1,BK-006540,Books,Michiana E-Com (test),lister_B,UP-901031,4.99,0.00,0.00,4.99,9/17/2025 11:29:19 PM,9/17/2025 11:29:19 PM,,8/17/2025 9:29:19 PM,gwb_reader_009517,0.00
Facebook Marketplace,FB-0006669,FB-0006669,Pre-owned Wool Coat,UPP-806669,1,CL-006669,Clothing,Michiana E-Com (test),lister_C,UP-901046,20.99,0.00,0.00,,9/18/2025 3:24:52 AM,9/18/2025 3:24:52 AM,,9/5/2025 10:24:52 PM,,0.00
GoodwillBooks,GB-9787920006688,GWB-886688,Used Vinyl Record,UPP-806688,1,MD-006688,Media,Michiana E-Com (test),lister_D,UP-901065,7.99,0.00,1.20,,9/18/2025 5:22:01 AM,9/18/2025 5:22:01 AM,,8/18/2025 2:22:01 AM,gwb_reader_008087,0.00
GoodwillBooks,GB-9783580006679,GWB-886679,Handmade Cookbook,UPP-806679,1,BK-006679,Books,Michiana E-Com (test),lister_B,UP-901056,22.99,0.00,3.45,,9/18/2025 5:42:47 AM,9/18/2025 5:42:47 AM,9/18/2025 10:45:27 AM,8/27/2025 4:42:47 AM,gwb_reader_008437,0.00
Facebook Marketplace,FB-0006675,FB-0006675,Like New Rain Jacket,UPP-806675,1,CL-006675,Clothing,Michiana E-Com (test),lister_C,UP-901052,18.99,0.00,0.00,,9/18/2025 6:32:37 AM,9/18/2025 6:32:37 AM,,8/31/2025 2:32:37 AM,,0.00
GoodwillBooks,GB-9785800006691,GWB-886691,Antique Field Guide,UPP-806691,1,BK-006691,Books,Michiana E-Com (test),lister_E,UP-901068,19.99,0.00,3.00,,9/18/2025 7:18:46 AM,9/18/2025 7:18:46 AM,9/18/2025 12:20:45 PM,8/15/2025 1:18:46 AM,gwb_reader_008195,0.00
Facebook Marketplace,FB-0006673,FB-0006673,Like New Leather Boots,UPP-806673,1,SH-006673,Shoes,Michiana E-Com (test),lister_A,UP-901050,18.99,0.00,0.00,,9/18/2025 8:18:12 AM,9/18/2025 8:18:12 AM,,9/2/2025 6:18:12 AM,,0.00
GoodwillBooks,GB-9789500006689,GWB-886689,Antique Biography,UPP-806689,1,BK-006689,Books,Michiana E-Com (test),lister_A,UP-901066,1.99,0.00,0.30,,9/18/2025 9:00:08 AM,9/18/2025 9:00:08 AM,9/18/2025 1:58:25 PM,8/17/2025 5:00:08 AM,gwb_reader_008303,0.00
GoodwillBooks,GB-9789350006686,GWB-886686,Antique Field Guide,UPP-806686,1,BK-006686,Books,Michiana E-Com (test),lister_A,UP-901063,7.99,0.00,1.20,,9/18/2025 9:21:27 AM,9/18/2025 9:21:27 AM,9/18/2025 1:24:01 PM,8/20/2025 8:21:27 AM,gwb_reader_008543,0.00
GoodwillBooks,GB-9784090006680,GWB-886680,Used Field Guide,UPP-806680,1,BK-006680,Books,Michiana E-Com (test),lister_E,UP-901057,11.99,0.00,1.80,,9/18/2025 9:23:45 AM,9/18/2025 9:23:45 AM,,8/26/2025 7:23:45 AM,gwb_reader_009709,0.00
GoodwillBooks,GB-9785460006682,GWB-886682,Handmade Textbook,UPP-806682,1,BK-006682,Books,Michiana E-Com (test),lister_F,UP-901059,12.99,0.00,1.95,,9/18/2025 10:41:12 AM,9/18/2025 10:41:12 AM,9/18/2025 12:28:26 PM,8/24/2025 6:41:12 AM,gwb_reader_008093,0.00
GoodwillBooks,GB-9786920006690,GWB-886690,Pre-owned DVD Box Set,UPP-806690,1,MD-006690,Media,Michiana E-Com (test),lister_E,UP-901067,15.99,0.00,2.40,,9/18/2025 11:03:31 AM,9/18/2025 11:03:31 AM,9/18/2025 12:18:45 PM,8/16/2025 6:03:31 AM,gwb_reader_008658,0.00
Facebook Marketplace,FB-0006668,FB-0006668,Antique Glass Pitcher,UPP-806668,1,KT-006668,Kitchen,Michiana E-Com (test),lister_F,UP-901045,11.99,0.00,0.00,,9/18/2025 12:42:00 PM,9/18/2025 12:42:00 PM,,9/7/2025 8:42:00 AM,,0.00
GoodwillBooks,GB-9786550006685,GWB-886685,Lot of 2 Poetry Collection,UPP-806685,1,BK-006685,Books,Michiana E-Com (test),lister_D,UP-901062,8.99,0.00,1.35,,9/18/2025 1:23:22 PM,9/18/2025 1:23:22 PM,9/18/2025 10:12:13 AM,8/21/2025 1:23:22 PM,gwb_reader_008728,0.00
GoodwillBooks,GB-9784400006678,GWB-886678,Antique Poetry Collection,UPP-806678,1,BK-006678,Books,Michiana E-Com (test),lister_F,UP-901055,23.99,0.00,3.60,,9/18/2025 2:47:27 PM,9/18/2025 2:47:27 PM,9/18/2025 12:48:18 PM,8/28/2025 2:47:27 PM,gwb_reader_008060,0.00
Mercari,m00000006670,m00000006670,Used Denim Jacket,UPP-806670,1,CL-006670,Clothing,Michiana E-Com (test),lister_A,UP-901047,16.99,6.99,1.70,,9/18/2025 3:08:34 PM,9/18/2025 3:08:34 PM,9/18/2025 9:29:14 AM,9/5/2025 9:08:34 AM,mercari_009333,0.00
GoodwillBooks,GB-9780270006687,GWB-886687,Pre-owned Cookbook,UPP-806687,1,BK-006687,Books,Michiana E-Com (test),lister_C,UP-901064,9.99,0.00,1.50,,9/18/2025 3:10:04 PM,9/18/2025 3:10:04 PM,9/18/2025 10:32:39 AM,8/19/2025 1:10:04 PM,gwb_reader_009541,0.00
GoodwillBooks,GB-9788670006683,GWB-886683,Vintage Textbook,UPP-806683,1,BK-006683,Books,Michiana E-Com (test),lister_C,UP-901060,12.99,0.00,1.95,,9/18/2025 3:57:51 PM,9/18/2025 3:57:51 PM,9/18/2025 9:24:33 AM,8/23/2025 10:57:51 AM,gwb_reader_009844,0.00
GoodwillBooks,GB-9787590006681,GWB-886681,Pre-owned Poetry Collection,UPP-806681,1,BK-006681,Books,Michiana E-Com (test),lister_F,UP-901058,20.99,0.00,3.15,,9/18/2025 4:10:32 PM,9/18/2025 4:10:32 PM,9/18/2025 1:45:30 PM,8/25/2025 1:10:32 PM,gwb_reader_009994,0.00
Facebook Marketplace,FB-0006671,FB-0006671,Lot of 2 Flannel Shirt,UPP-806671,1,CL-006671,Clothing,Michiana E-Com (test),lister_D,UP-901048,52.99,0.00,0.00,,9/18/2025 4:39:11 PM,9/18/2025 4:39:11 PM,,9/4/2025 4:39:11 PM,,0.00
GoodwillBooks,GB-9783560006692,GWB-886692,Retro Vinyl Record,UPP-806692,1,MD-006692,Media,Michiana E-Com (test),lister_C,UP-901069,6.99,0.00,0.00,6.99,9/18/2025 5:07:46 PM,9/18/2025 5:07:46 PM,,8/14/2025 5:07:46 PM,gwb_reader_008260,0.00
Facebook Marketplace,FB-0006674,FB-0006674,Vintage Patio Chair,UPP-806674,1,FN-006674,Furniture,Michiana E-Com (test),lister_C,UP-901051,11.99,0.00,0.00,,9/18/2025 5:08:24 PM,9/18/2025 5:08:24 PM,,9/1/2025 2:08:24 PM,,0.00
ShopGoodwill,210006582,SGW-7706582,Vintage Oil Painting,UPP-806582,1,AR-006582,Art,Michiana E-Com (test),lister_D,UP-901043,17.00,8.89,1.36,,9/18/2025 5:14:58 PM,9/18/2025 5:14:58 PM,9/18/2025 1:38:33 PM,8/13/2025 3:14:58 PM,sgw_bidder_003614,0.00
Facebook Marketplace,FB-0006676,FB-0006676,Classic Cast Iron Skillet,UPP-806676,1,KT-006676,Kitchen,Michiana E-Com (test),lister_D,UP-901053,35.99,0.00,0.00,,9/18/2025 9:03:05 PM,9/18/2025 9:03:05 PM,,8/30/2025 4:03:05 PM,,0.00
Facebook Marketplace,FB-0006677,FB-0006677,Vintage Clutch,UPP-806677,1,HB-006677,Handbags,Michiana E-Com (test),lister_B,UP-901054,55.99,0.00,0.00,,9/18/2025 9:21:47 PM,9/18/2025 9:21:47 PM,,8/29/2025 3:21:47 PM,,0.00
Facebook Marketplace,FB-0006672,FB-0006672,Mid-Century Silk Blouse,UPP-806672,1,CL-006672,Clothing,Michiana E-Com (test),lister_F,UP-901049,10.99,0.00,0.00,,9/18/2025 10:02:07 PM,9/18/2025 10:02:07 PM,,9/3/2025 9:02:07 PM,,0.00
Facebook Marketplace,FB-0006667,FB-0006667,Pre-owned Leather Satchel,UPP-806667,1,HB-006667,Handbags,Michiana E-Com (test),lister_D,UP-901044,25.99,0.00,0.00,,9/18/2025 11:14:55 PM,9/18/2025 11:14:55 PM,,9/8/2025 8:14:55 PM,,0.00
GoodwillBooks,GB-9785980006684,GWB-886684,Like New Biography,UPP-806684,1,BK-006684,Books,Michiana E-Com (test),lister_D,UP-901061,3.99,0.00,0.60,,9/18/2025 11:40:57 PM,9/18/2025 11:40:57 PM,,8/22/2025 5:40:57 PM,gwb_reader_008452,0.00
GoodwillBooks,GB-9782990006838,GWB-886838,Lot of 2 Atlas,UPP-806838,1,BK-006838,Books,Michiana E-Com (test),lister_B,UP-901079,30.99,0.00,4.65,,9/19/2025 2:48:30 AM,9/19/2025 2:48:30 AM,9/19/2025 9:53:36 AM,8/16/2025 8:48:30 PM,gwb_reader_008453,0.00
GoodwillBooks,GB-9788330006841,GWB-886841,Like New Poetry Collection,UPP-806841,1,BK-006841,Books,Michiana E-Com (test),lister_D,UP-901082,4.99,0.00,0.75,,9/19/2025 6:33:51 AM,9/19/2025 6:33:51 AM,9/19/2025 12:07:07 PM,8/14/2025 4:33:51 AM,gwb_reader_009500,0.00
eBay,310000006819,24-06819-86529,Pre-owned Silk Blouse,UPP-806819,1,CL-006819,Clothing,Michiana E-Com (test),lister_D,UP-901070,16.99,0.00,2.55,,9/19/2025 6:47:15 AM,9/19/2025 6:47:15 AM,,9/5/2025 5:47:15 AM,ebuyer_006025,1.19
Facebook Marketplace,FB-0006834,FB-0006834,Lot of 2 Picture Frame Set,UPP-806834,1,HM-006834,Home Decor,Michiana E-Com (test),lister_C,UP-901075,28.99,0.00,0.00,,9/19/2025 8:50:10 AM,9/19/2025 8:50:10 AM,,8/21/2025 6:50:10 AM,,0.00
GoodwillBooks,GB-9780680006840,GWB-886840,Vintage Poetry Collection,UPP-806840,1,BK-006840,Books,Michiana E-Com (test),lister_E,UP-901081,12.99,0.00,1.95,,9/19/2025 9:02:23 AM,9/19/2025 9:02:23 AM,9/19/2025 1:49:18 PM,8/15/2025 8:02:23 AM,gwb_reader_008003,0.00
GoodwillBooks,GB-9783280006844,GWB-886844,Like New DVD Box Set,UPP-806844,1,MD-006844,Media,Michiana E-Com (test),lister_F,UP-901085,13.99,0.00,2.10,,9/19/2025 9:52:00 AM,9/19/2025 9:52:00 AM,9/19/2025 10:06:45 AM,8/11/2025 4:52:00 AM,gwb_reader_008726,0.00
GoodwillBooks,GB-9780200006845,GWB-886845,Mid-Century Atlas,UPP-806845,1,BK-006845,Books,Michiana E-Com (test),lister_F,UP-901086,11.99,0.00,1.80,,9/19/2025 10:17:46 AM,9/19/2025 10:17:46 AM,9/19/2025 12:12:40 PM,9/16/2025 4:17:46 AM,gwb_reader_009301,0.00
Facebook Marketplace,FB-0006830,FB-0006830,Like New Picture Frame Set,UPP-806830,1,HM-006830,Home Decor,Michiana E-Com (test),lister_D,UP-901071,11.99,0.00,0.00,,9/19/2025 10:55:41 AM,9/19/2025 10:55:41 AM,,8/25/2025 5:55:41 AM,,0.00
GoodwillBooks,GB-9785590006843,GWB-886843,Classic Poetry Collection,UPP-806843,1,BK-006843,Books,Michiana E-Com (test),lister_C,UP-901084,9.99,0.00,1.50,,9/19/2025 12:09:47 PM,9/19/2025 12:09:47 PM,,8/12/2025 8:09:47 AM,gwb_reader_008022,0.00
GoodwillBooks,GB-9787310006846,GWB-886846,Like New Cookbook,UPP-806846,1,BK-006846,Books,Michiana E-Com (test),lister_C,UP-901087,8.99,0.00,1.35,,9/19/2025 2:57:56 PM,9/19/2025 2:57:56 PM,,9/15/2025 2:57:56 PM,gwb_reader_009429,0.00
GoodwillBooks,GB-9787780006842,GWB-886842,Like New Field Guide,UPP-806842,1,BK-006842,Books,Michiana E-Com (test),lister_B,UP-901083,2.99,0.00,0.45,,9/19/2025 5:01:53 PM,9/19/2025 5:01:53 PM,9/19/2025 11:37:41 AM,8/13/2025 2:01:53 PM,gwb_reader_008206,0.00
Facebook Marketplace,FB-0006833,FB-0006833,Like New Denim Jacket,UPP-806833,1,CL-006833,Clothing,Michiana E-Com (test),lister_F,UP-901074,13.99,0.00,0.00,,9/19/2025 5:56:31 PM,9/19/2025 5:56:31 PM,,8/22/2025 4:56:31 PM,,0.00
Mercari,m00000006832,m00000006832,Pre-owned Bookshelf,UPP-806832,1,FN-006832,Furniture,Michiana E-Com (test),lister_D,UP-901073,11.99,6.99,1.20,,9/19/2025 7:38:09 PM,9/19/2025 7:38:09 PM,9/19/2025 12:15:37 PM,8/23/2025 7:38:09 PM,mercari_009445,0.00
GoodwillBooks,GB-9783340006835,GWB-886835,Mid-Century Hardcover Novel,UPP-806835,1,BK-006835,Books,Michiana E-Com (test),lister_F,UP-901076,6.99,0.00,1.05,,9/19/2025 9:41:07 PM,9/19/2025 9:41:07 PM,9/19/2025 4:10:46 PM,8/20/2025 6:41:07 PM,gwb_reader_008010,0.00
GoodwillBooks,GB-9783000006836,GWB-886836,Retro Paperback Lot,UPP-806836,1,BK-006836,Books,Michiana E-Com (test),lister_C,UP-901077,9.99,0.00,1.50,,9/19/2025 9:50:13 PM,9/19/2025 9:50:13 PM,9/19/2025 10:32:47 AM,8/19/2025 5:50:13 PM,gwb_reader_008521,0.00
GoodwillBooks,GB-9786920006839,GWB-886839,Like New Paperback Lot,UPP-806839,1,BK-006839,Books,Michiana E-Com (test),lister_D,UP-901080,5.99,0.00,0.00,5.99,9/19/2025 9:57:18 PM,9/19/2025 9:57:18 PM,9/19/2025 9:36:48 AM,8/16/2025 9:57:18 PM,gwb_reader_009565,0.00
GoodwillBooks,GB-9783330006837,GWB-886837,Classic Hardcover Novel,UPP-806837,1,BK-006837,Books,Michiana E-Com (test),lister_D,UP-901078,28.99,0.00,4.35,,9/19/2025 10:37:04 PM,9/19/2025 10:37:04 PM,9/19/2025 2:31:30 PM,8/18/2025 5:37:04 PM,gwb_reader_008563,0.00
Facebook Marketplace,FB-0006831,FB-0006831,Vintage Loafers,UPP-806831,1,SH-006831,Shoes,Michiana E-Com (test),lister_E,UP-901072,21.99,0.00,0.00,,9/19/2025 10:58:13 PM,9/19/2025 10:58:13 PM,,8/24/2025 4:58:13 PM,,0.00
Facebook Marketplace,FB-0006984,FB-0006984,Vintage Sandals,UPP-806984,1,SH-006984,Shoes,Michiana E-Com (test),lister_F,UP-901095,23.99,0.00,0.00,,9/20/2025 1:21:56 AM,9/20/2025 1:21:56 AM,,8/19/2025 8:21:56 PM,,0.00
Mercari,m00000006982,m00000006982,Handmade Bookshelf,UPP-806982,1,FN-006982,Furniture,Michiana E-Com (test),lister_E,UP-901093,24.99,6.99,2.50,,9/20/2025 3:57:35 AM,9/20/2025 3:57:35 AM,9/20/2025 9:44:42 AM,8/22/2025 12:57:35 AM,mercari_009191,0.00
GoodwillBooks,GB-9787920006987,GWB-886987,Handmade Poetry Collection,UPP-806987,1,BK-006987,Books,Michiana E-Com (test),lister_C,UP-901098,17.99,0.00,2.70,,9/20/2025 4:45:36 AM,9/20/2025 4:45:36 AM,9/20/2025 1:42:48 PM,8/17/2025 3:45:36 AM,gwb_reader_008616,0.00
ShopGoodwill,210006850,SGW-7706850,Handmade Fishing Reel,UPP-806850,1,SG-006850,Sporting Goods,Michiana E-Com (test),lister_F,UP-901088,33.00,11.52,2.64,,9/20/2025 5:43:50 AM,9/20/2025 5:43:50 AM,9/20/2025 4:14:56 PM,9/12/2025 1:43:50 AM,sgw_bidder_003657,0.00
GoodwillBooks,GB-9781280006994,GWB-886994,Antique Cookbook,UPP-806994,1,BK-006994,Books,Michiana E-Com (test),lister_B,UP-901105,6.99,0.00,1.05,,9/20/2025 9:34:57 AM,9/20/2025 9:34:57 AM,,9/16/2025 8:34:57 AM,gwb_reader_009043,0.00
Facebook Marketplace,FB-0006981,FB-0006981,Like New Cashmere Sweater,UPP-806981,1,CL-006981,Clothing,Michiana E-Com (test),lister_E,UP-901092,32.99,0.00,0.00,,9/20/2025 10:42:44 AM,9/20/2025 10:42:44 AM,,8/23/2025 8:42:44 AM,,0.00
GoodwillBooks,GB-9787780007001,GWB-887001,Retro Biography,UPP-807001,1,BK-007001,Books,Michiana E-Com (test),lister_D,UP-901112,21.99,0.00,3.30,,9/20/2025 11:02:31 AM,9/20/2025 11:02:31 AM,9/20/2025 12:51:31 PM,9/9/2025 10:02:31 AM,gwb_reader_009448,0.00
eBay,310000006958,24-06958-57886,Lot of 2 Pewter Mug,UPP-806958,1,CO-006958,Collectibles,Michiana E-Com (test),lister_F,UP-901089,13.99,5.22,2.85,,9/20/2025 11:43:34 AM,9/20/2025 11:43:34 AM,,9/15/2025 11:43:34 AM,ebuyer_009593,1.35
GoodwillBooks,GB-9782860006989,GWB-886989,Retro Textbook,UPP-806989,1,BK-006989,Books,Michiana E-Com (test),lister_A,UP-901100,7.99,0.00,1.20,,9/20/2025 12:02:31 PM,9/20/2025 12:02:31 PM,,8/15/2025 9:02:31 AM,gwb_reader_008940,0.00
GoodwillBooks,GB-9786160006986,GWB-886986,Handmade Textbook,UPP-806986,1,BK-006986,Books,Michiana E-Com (test),lister_B,UP-901097,42.99,0.00,6.45,,9/20/2025 12:41:26 PM,9/20/2025 12:41:26 PM,9/20/2025 2:58:11 PM,8/18/2025 12:41:26 PM,gwb_reader_009520,0.00
Mercari,m00000006985,m00000006985,Lot of 2 Glass Pitcher,UPP-806985,1,KT-006985,Kitchen,Michiana E-Com (test),lister_F,UP-901096,19.99,6.99,2.00,,9/20/2025 1:43:03 PM,9/20/2025 1:43:03 PM,9/20/2025 2:16:48 PM,8/19/2025 7:43:03 AM,mercari_009336,0.00
Mercari,m00000006980,m00000006980,Classic Ceramic Vase,UPP-806980,1,HM-006980,Home Decor,Michiana E-Com (test),lister_B,UP-901091,34.99,6.99,3.50,,9/20/2025 2:34:32 PM,9/20/2025 2:34:32 PM,9/20/2025 12:10:21 PM,8/24/2025 1:34:32 PM,mercari_009640,0.00
GoodwillBooks,GB-9789880006988,GWB-886988,Like New Hardcover Novel,UPP-806988,1,BK-006988,Books,Michiana E-Com (test),lister_F,UP-901099,25.99,0.00,3.90,,9/20/2025 3:56:49 PM,9/20/2025 3:56:49 PM,,8/16/2025 1:56:49 PM,gwb_reader_009713,0.00
GoodwillBooks,GB-9786280006993,GWB-886993,Classic Atlas,UPP-806993,1,BK-006993,Books,Michiana E-Com (test),lister_D,UP-901104,15.99,0.00,2.40,,9/20/2025 4:10:10 PM,9/20/2025 4:10:10 PM,9/20/2025 11:00:15 AM,9/17/2025 4:10:10 PM,gwb_reader_008014,0.00
GoodwillBooks,GB-9784170006996,GWB-886996,Like New Blu-ray Set,UPP-806996,1,MD-006996,Media,Michiana E-Com (test),lister_F,UP-901107,19.99,0.00,3.00,,9/20/2025 4:34:13 PM,9/20/2025 4:34:13 PM,9/20/2025 10:46:25 AM,9/14/2025 1:34:13 PM,gwb_reader_009694,0.00
Facebook Marketplace,FB-0006983,FB-0006983,Mid-Century Patio Chair,UPP-806983,1,FN-006983,Furniture,Michiana E-Com (test),lister_B,UP-901094,31.99,0.00,0.00,,9/20/2025 7:11:31 PM,9/20/2025 7:11:31 PM,,8/21/2025 3:11:31 PM,,0.00
GoodwillBooks,GB-9789580006990,GWB-886990,Pre-owned Biography,UPP-806990,1,BK-006990,Books,Michiana E-Com (test),lister_F,UP-901101,13.99,0.00,2.10,,9/20/2025 8:17:58 PM,9/20/2025 8:17:58 PM,9/20/2025 10:05:54 AM,8/14/2025 4:17:58 PM,gwb_reader_008388,0.00
Mercari,m00000006979,m00000006979,Classic Rain Jacket,UPP-806979,1,CL-006979,Clothing,Michiana E-Com (test),lister_A,UP-901090,20.99,6.99,2.10,,9/20/2025 8:20:40 PM,9/20/2025 8:20:40 PM,,8/25/2025 8:20:40 PM,mercari_009434,0.00
GoodwillBooks,GB-9780460006997,GWB-886997,Vintage Field Guide,UPP-806997,1,BK-006997,Books,Michiana E-Com (test),lister_E,UP-901108,19.99,0.00,3.00,,9/20/2025 8:37:59 PM,9/20/2025 8:37:59 PM,9/20/2025 2:38:11 PM,9/13/2025 4:37:59 PM,gwb_reader_009567,0.00
GoodwillBooks,GB-9785620006991,GWB-886991,Lot of 2 Textbook,UPP-806991,1,BK-006991,Books,Michiana E-Com (test),lister_F,UP-901102,20.99,0.00,3.15,,9/20/2025 9:10:08 PM,9/20/2025 9:10:08 PM,9/20/2025 11:46:16 AM,8/13/2025 4:10:08 PM,gwb_reader_009773,0.00
GoodwillBooks,GB-9785810006998,GWB-886998,Lot of 2 Textbook,UPP-806998,1,BK-006998,Books,Michiana E-Com (test),lister_C,UP-901109,17.99,0.00,2.70,,9/20/2025 9:47:53 PM,9/20/2025 9:47:53 PM,,9/12/2025 4:47:53 PM,gwb_reader_008290,0.00
GoodwillBooks,GB-9786990006999,GWB-886999,Like New Atlas,UPP-806999,1,BK-006999,Books,Michiana E-Com (test),lister_C,UP-901110,9.99,0.00,1.50,,9/20/2025 9:52:02 PM,9/20/2025 9:52:02 PM,,9/11/2025 3:52:02 PM,gwb_reader_008071,0.00
GoodwillBooks,GB-9788370006992,GWB-886992,Pre-owned Hardcover Novel,UPP-806992,1,BK-006992,Books,Michiana E-Com (test),lister_D,UP-901103,12.99,0.00,1.95,,9/20/2025 10:31:43 PM,9/20/2025 10:31:43 PM,9/20/2025 11:56:27 AM,8/12/2025 4:31:43 PM,gwb_reader_009242,0.00
GoodwillBooks,GB-9786710006995,GWB-886995,Lot of 2 Cookbook,UPP-806995,1,BK-006995,Books,Michiana E-Com (test),lister_F,UP-901106,2.99,0.00,0.45,,9/20/2025 11:08:06 PM,9/20/2025 11:08:06 PM,9/20/2025 12:13:58 PM,9/15/2025 9:08:06 PM,gwb_reader_009940,0.00
GoodwillBooks,GB-9786140007000,GWB-887000,Used Blu-ray Set,UPP-807000,1,MD-007000,Media,Michiana E-Com (test),lister_E,UP-901111,41.99,0.00,6.30,,9/20/2025 11:39:47 PM,9/20/2025 11:39:47 PM,,9/10/2025 11:39:47 PM,gwb_reader_008300,0.00
GoodwillBooks,GB-9781620007177,GWB-887177,Like New Hardcover Novel,UPP-807177,1,BK-007177,Books,Michiana E-Com (test),lister_D,UP-901138,14.99,0.00,2.25,,9/21/2025 12:31:12 AM,9/21/2025 12:31:12 AM,9/21/2025 10:07:05 AM,8/12/2025 10:31:12 PM,gwb_reader_008003,0.00
Facebook Marketplace,FB-0007161,FB-0007161,Classic Leather Satchel,UPP-807161,1,HB-007161,Handbags,Michiana E-Com (test),lister_F,UP-901122,49.99,0.00,0.00,49.99,9/21/2025 1:55:24 AM,9/21/2025 1:55:24 AM,,8/29/2025 1:55:24 AM,,0.00
GoodwillBooks,GB-9785830007167,GWB-887167,Used Cookbook,UPP-807167,1,BK-007167,Books,Michiana E-Com (test),lister_B,UP-901128,37.99,0.00,5.70,,9/21/2025 2:27:02 AM,9/21/2025 2:27:02 AM,9/21/2025 10:45:16 AM,8/22/2025 8:27:02 PM,gwb_reader_009529,0.00
GoodwillBooks,GB-9786710007168,GWB-887168,Like New Paperback Lot,UPP-807168,1,BK-007168,Books,Michiana E-Com (test),lister_D,UP-901129,4.99,0.00,0.75,,9/21/2025 4:34:03 AM,9/21/2025 4:34:03 AM,,8/22/2025 4:34:03 AM,gwb_reader_009213,0.00
Facebook Marketplace,FB-0007156,FB-0007156,Antique Clutch,UPP-807156,1,HB-007156,Handbags,Michiana E-Com (test),lister_B,UP-901117,31.99,0.00,0.00,,9/21/2025 4:51:43 AM,9/21/2025 4:51:43 AM,,9/3/2025 2:51:43 AM,,0.00
ShopGoodwill,210007035,SGW-7707035,Antique Headphones,UPP-807035,1,EL-007035,Electronics,Michiana E-Com (test),lister_A,UP-901113,14.00,9.99,1.12,,9/21/2025 6:35:26 AM,9/21/2025 6:35:26 AM,9/21/2025 10:04:17 AM,9/13/2025 6:35:26 AM,sgw_bidder_002989,0.00
Facebook Marketplace,FB-0007158,FB-0007158,Vintage Loafers,UPP-807158,1,SH-007158,Shoes,Michiana E-Com (test),lister_F,UP-901119,30.99,0.00,0.00,,9/21/2025 6:51:59 AM,9/21/2025 6:51:59 AM,,9/1/2025 2:51:59 AM,,0.00
Mercari,m00000007155,m00000007155,Lot of 2 Side Table,UPP-807155,1,FN-007155,Furniture,Michiana E-Com (test),lister_C,UP-901116,48.99,6.99,4.90,,9/21/2025 8:51:50 AM,9/21/2025 8:51:50 AM,9/21/2025 11:02:24 AM,9/4/2025 7:51:50 AM,mercari_009328,0.00
GoodwillBooks,GB-9788030007169,GWB-887169,Antique Hardcover Novel,UPP-807169,1,BK-007169,Books,Michiana E-Com (test),lister_C,UP-901130,20.99,0.00,3.15,,9/21/2025 9:20:53 AM,9/21/2025 9:20:53 AM,9/21/2025 1:13:27 PM,8/21/2025 8:20:53 AM,gwb_reader_008378,0.00
GoodwillBooks,GB-9786330007171,GWB-887171,Retro Poetry Collection,UPP-807171,1,BK-007171,Books,Michiana E-Com (test),lister_B,UP-901132,4.99,0.00,0.75,,9/21/2025 10:52:56 AM,9/21/2025 10:52:56 AM,9/21/2025 12:58:32 PM,8/19/2025 7:52:56 AM,gwb_reader_008027,0.00
eBay,310000007133,08-07133-30606,Mid-Century Tote Bag,UPP-807133,1,HB-007133,Handbags,Michiana E-Com (test),lister_F,UP-901115,61.99,0.00,8.51,,9/21/2025 12:23:43 PM,9/21/2025 12:23:43 PM,,8/20/2025 12:23:43 PM,ebuyer_008700,4.34
GoodwillBooks,GB-9782800007174,GWB-887174,Mid-Century Poetry Collection,UPP-807174,1,BK-007174,Books,Michiana E-Com (test),lister_F,UP-901135,10.99,0.00,1.65,,9/21/2025 1:46:50 PM,9/21/2025 1:46:50 PM,,8/16/2025 7:46:50 AM,gwb_reader_008025,0.00
GoodwillBooks,GB-9781410007170,GWB-887170,Used Paperback Lot,UPP-807170,1,BK-007170,Books,Michiana E-Com (test),lister_C,UP-901131,9.99,0.00,1.50,,9/21/2025 1:56:35 PM,9/21/2025 1:56:35 PM,9/21/2025 3:43:30 PM,8/20/2025 11:56:35 AM,gwb_reader_008048,0.00
GoodwillBooks,GB-9789610007166,GWB-887166,Pre-owned DVD Box Set,UPP-807166,1,MD-007166,Media,Michiana E-Com (test),lister_D,UP-901127,11.99,0.00,1.80,,9/21/2025 2:12:29 PM,9/21/2025 2:12:29 PM,9/21/2025 1:45:35 PM,8/24/2025 9:12:29 AM,gwb_reader_009762,0.00
Facebook Marketplace,FB-0007159,FB-0007159,Vintage Side Table,UPP-807159,1,FN-007159,Furniture,Michiana E-Com (test),lister_A,UP-901120,22.99,0.00,0.00,,9/21/2025 2:20:10 PM,9/21/2025 2:20:10 PM,,8/31/2025 9:20:10 AM,,0.00
GoodwillBooks,GB-9781240007176,GWB-887176,Used Cookbook,UPP-807176,1,BK-007176,Books,Michiana E-Com (test),lister_C,UP-901137,17.99,0.00,2.70,,9/21/2025 2:29:10 PM,9/21/2025 2:29:10 PM,,8/14/2025 1:29:10 PM,gwb_reader_009989,0.00
GoodwillBooks,GB-9780940007173,GWB-887173,Handmade Paperback Lot,UPP-807173,1,BK-007173,Books,Michiana E-Com (test),lister_F,UP-901134,9.99,0.00,1.50,,9/21/2025 3:06:36 PM,9/21/2025 3:06:36 PM,9/21/2025 2:39:14 PM,8/17/2025 10:06:36 AM,gwb_reader_009686,0.00
GoodwillBooks,GB-9787960007178,GWB-887178,Like New Field Guide,UPP-807178,1,BK-007178,Books,Michiana E-Com (test),lister_B,UP-901139,9.99,0.00,1.50,,9/21/2025 6:01:47 PM,9/21/2025 6:01:47 PM,9/21/2025 1:46:53 PM,9/18/2025 3:01:47 PM,gwb_reader_009821,0.00
Facebook Marketplace,FB-0007157,FB-0007157,Pre-owned Mantel Clock,UPP-807157,1,HM-007157,Home Decor,Michiana E-Com (test),lister_A,UP-901118,13.99,0.00,0.00,,9/21/2025 6:35:31 PM,9/21/2025 6:35:31 PM,,9/2/2025 3:35:31 PM,,0.00
Facebook Marketplace,FB-0007160,FB-0007160,Handmade Tote Bag,UPP-807160,1,HB-007160,Handbags,Michiana E-Com (test),lister_D,UP-901121,41.99,0.00,0.00,,9/21/2025 6:44:35 PM,9/21/2025 6:44:35 PM,,8/30/2025 12:44:35 PM,,0.00
Mercari,m00000007162,m00000007162,Classic Patio Chair,UPP-807162,1,FN-007162,Furniture,Michiana E-Com (test),lister_E,UP-901123,50.99,6.99,5.10,,9/21/2025 7:25:33 PM,9/21/2025 7:25:33 PM,9/21/2025 12:03:44 PM,8/28/2025 6:25:33 PM,mercari_009449,0.00
Facebook Marketplace,FB-0007164,FB-0007164,Handmade Denim Jacket,UPP-807164,1,CL-007164,Clothing,Michiana E-Com (test),lister_B,UP-901125,18.99,0.00,0.00,,9/21/2025 8:50:54 PM,9/21/2025 8:50:54 PM,,8/26/2025 5:50:54 PM,,0.00
Mercari,m00000007163,m00000007163,Classic Mantel Clock,UPP-807163,1,HM-007163,Home Decor,Michiana E-Com (test),lister_B,UP-901124,37.99,6.99,3.80,,9/21/2025 9:13:45 PM,9/21/2025 9:13:45 PM,,8/27/2025 7:13:45 PM,mercari_009012,0.00
GoodwillBooks,GB-9787020007175,GWB-887175,Antique Field Guide,UPP-807175,1,BK-007175,Books,Michiana E-Com (test),lister_A,UP-901136,5.99,0.00,0.90,,9/21/2025 9:54:39 PM,9/21/2025 9:54:39 PM,9/21/2025 2:22:47 PM,8/15/2025 9:54:39 PM,gwb_reader_009965,0.00
ShopGoodwill,210007083,SGW-7707083,Mid-Century Pocket Watch,UPP-807083,1,WT-007083,Watches,Michiana E-Com (test),lister_A,UP-901114,13.00,11.78,1.04,,9/21/2025 10:27:41 PM,9/21/2025 10:27:41 PM,9/21/2025 9:23:06 AM,9/2/2025 4:27:41 PM,sgw_bidder_002178,0.00
GoodwillBooks,GB-9785600007165,GWB-887165,Like New Cookbook,UPP-807165,1,BK-007165,Books,Michiana E-Com (test),lister_F,UP-901126,15.99,0.00,2.40,,9/21/2025 11:17:45 PM,9/21/2025 11:17:45 PM,9/21/2025 11:34:08 AM,8/25/2025 7:17:45 PM,gwb_reader_008846,0.00
GoodwillBooks,GB-9787410007172,GWB-887172,Lot of 2 Textbook,UPP-807172,1,BK-007172,Books,Michiana E-Com (test),lister_A,UP-901133,14.99,0.00,2.25,,9/21/2025 11:33:30 PM,9/21/2025 11:33:30 PM,,8/18/2025 7:33:30 PM,gwb_reader_009601,0.00
GoodwillBooks,GB-9786170007284,GWB-887284,Classic Poetry Collection,UPP-807284,1,BK-007284,Books,Michiana E-Com (test),lister_B,UP-901151,22.99,0.00,3.45,,9/22/2025 1:57:22 AM,9/22/2025 1:57:22 AM,9/22/2025 12:13:49 PM,8/17/2025 9:57:22 PM,gwb_reader_008673,0.00
GoodwillBooks,GB-9788500007282,GWB-887282,Mid-Century Hardcover Novel,UPP-807282,1,BK-007282,Books,Michiana E-Com (test),lister_A,UP-901149,8.99,0.00,1.35,,9/22/2025 2:47:38 AM,9/22/2025 2:47:38 AM,9/22/2025 2:05:26 PM,8/20/2025 12:47:38 AM,gwb_reader_009197,0.00
GoodwillBooks,GB-9781320007283,GWB-887283,Mid-Century Biography,UPP-807283,1,BK-007283,Books,Michiana E-Com (test),lister_C,UP-901150,8.99,0.00,1.35,,9/22/2025 4:59:31 AM,9/22/2025 4:59:31 AM,9/22/2025 12:01:43 PM,8/19/2025 1:59:31 AM,gwb_reader_008147,0.00
Facebook Marketplace,FB-0007277,FB-0007277,Used Crossbody Bag,UPP-807277,1,HB-007277,Handbags,Michiana E-Com (test),lister_F,UP-901144,29.99,0.00,0.00,,9/22/2025 7:04:08 AM,9/22/2025 7:04:08 AM,,8/25/2025 3:04:08 AM,,0.00
GoodwillBooks,GB-9780330007290,GWB-887290,Classic Paperback Lot,UPP-807290,1,BK-007290,Books,Michiana E-Com (test),lister_D,UP-901157,11.99,0.00,1.80,,9/22/2025 7:08:50 AM,9/22/2025 7:08:50 AM,,9/18/2025 4:08:50 AM,gwb_reader_008161,0.00
GoodwillBooks,GB-9789090007279,GWB-887279,Used Field Guide,UPP-807279,1,BK-007279,Books,Michiana E-Com (test),lister_F,UP-901146,4.99,0.00,0.75,,9/22/2025 7:51:38 AM,9/22/2025 7:51:38 AM,9/22/2025 1:23:14 PM,8/23/2025 1:51:38 AM,gwb_reader_008406,0.00
GoodwillBooks,GB-9786310007288,GWB-887288,Antique Vinyl Record,UPP-807288,1,MD-007288,Media,Michiana E-Com (test),lister_C,UP-901155,14.99,0.00,2.25,,9/22/2025 8:32:24 AM,9/22/2025 8:32:24 AM,9/22/2025 2:20:16 PM,8/14/2025 7:32:24 AM,gwb_reader_008311,0.00
GoodwillBooks,GB-9784940007285,GWB-887285,Retro Textbook,UPP-807285,1,BK-007285,Books,Michiana E-Com (test),lister_F,UP-901152,5.99,0.00,0.90,,9/22/2025 10:53:09 AM,9/22/2025 10:53:09 AM,9/22/2025 9:24:50 AM,8/17/2025 5:53:09 AM,gwb_reader_009313,0.00
GoodwillBooks,GB-9784590007281,GWB-887281,Pre-owned Audiobook,UPP-807281,1,MD-007281,Media,Michiana E-Com (test),lister_F,UP-901148,10.99,0.00,1.65,,9/22/2025 1:26:43 PM,9/22/2025 1:26:43 PM,9/22/2025 2:29:14 PM,8/21/2025 12:26:43 PM,gwb_reader_009819,0.00
GoodwillBooks,GB-9784600007280,GWB-887280,Retro Field Guide,UPP-807280,1,BK-007280,Books,Michiana E-Com (test),lister_C,UP-901147,7.99,0.00,1.20,,9/22/2025 2:04:15 PM,9/22/2025 2:04:15 PM,9/22/2025 2:18:35 PM,8/22/2025 2:04:15 PM,gwb_reader_008358,0.00
Facebook Marketplace,FB-0007275,FB-0007275,Vintage Silk Blouse,UPP-807275,1,CL-007275,Clothing,Michiana E-Com (test),lister_E,UP-901142,7.99,0.00,0.00,,9/22/2025 2:24:16 PM,9/22/2025 2:24:16 PM,,8/27/2025 12:24:16 PM,,0.00
Facebook Marketplace,FB-0007276,FB-0007276,Handmade Bookshelf,UPP-807276,1,FN-007276,Furniture,Michiana E-Com (test),lister_D,UP-901143,21.99,0.00,0.00,,9/22/2025 3:22:28 PM,9/22/2025 3:22:28 PM,,8/26/2025 12:22:28 PM,,0.00
Facebook Marketplace,FB-0007278,FB-0007278,Pre-owned Flannel Shirt,UPP-807278,1,CL-007278,Clothing,Michiana E-Com (test),lister_B,UP-901145,13.99,0.00,0.00,,9/22/2025 3:31:20 PM,9/22/2025 3:31:20 PM,,8/24/2025 10:31:20 AM,,0.00
GoodwillBooks,GB-9785770007289,GWB-887289,Pre-owned Paperback Lot,UPP-807289,1,BK-007289,Books,Michiana E-Com (test),lister_E,UP-901156,7.99,0.00,1.20,,9/22/2025 3:44:08 PM,9/22/2025 3:44:08 PM,9/22/2025 9:27:01 AM,9/19/2025 1:44:08 PM,gwb_reader_008023,0.00
GoodwillBooks,GB-9785040007287,GWB-887287,Pre-owned Biography,UPP-807287,1,BK-007287,Books,Michiana E-Com (test),lister_C,UP-901154,26.99,0.00,4.05,,9/22/2025 3:54:58 PM,9/22/2025 3:54:58 PM,9/22/2025 12:36:22 PM,8/15/2025 3:54:58 PM,gwb_reader_008065,0.00
ShopGoodwill,210007223,SGW-7707223,Vintage Art Print,UPP-807223,1,AR-007223,Art,Michiana E-Com (test),lister_A,UP-901140,107.00,11.38,8.56,,9/22/2025 5:13:19 PM,9/22/2025 5:13:19 PM,,9/11/2025 11:13:19 AM,sgw_bidder_000493,0.00
GoodwillBooks,GB-9789560007286,GWB-887286,Lot of 2 Hardcover Novel,UPP-807286,1,BK-007286,Books,Michiana E-Com (test),lister_C,UP-901153,16.99,0.00,2.55,,9/22/2025 7:28:39 PM,9/22/2025 7:28:39 PM,,8/16/2025 1:28:39 PM,gwb_reader_008934,0.00
Mercari,m00000007274,m00000007274,Pre-owned Side Table,UPP-807274,1,FN-007274,Furniture,Michiana E-Com (test),lister_E,UP-901141,54.99,6.99,5.50,,9/22/2025 9:46:19 PM,9/22/2025 9:46:19 PM,9/22/2025 2:49:29 PM,8/28/2025 8:46:19 PM,mercari_009531,0.00
GoodwillBooks,GB-9788630007440,GWB-887440,Antique Field Guide,UPP-807440,1,BK-007440,Books,Michiana E-Com (test),lister_D,UP-901182,23.99,0.00,3.60,,9/23/2025 2:24:11 AM,9/23/2025 2:24:11 AM,9/23/2025 11:26:19 AM,9/16/2025 8:24:11 PM,gwb_reader_009754,0.00
Facebook Marketplace,FB-0007420,FB-0007420,Mid-Century Flannel Shirt,UPP-807420,1,CL-007420,Clothing,Michiana E-Com (test),lister_A,UP-901162,29.99,0.00,0.00,,9/23/2025 4:01:41 AM,9/23/2025 4:01:41 AM,,8/31/2025 4:01:41 AM,,0.00
GoodwillBooks,GB-9781710007434,GWB-887434,Like New Paperback Lot,UPP-807434,1,BK-007434,Books,Michiana E-Com (test),lister_E,UP-901176,14.99,0.00,2.25,,9/23/2025 6:17:34 AM,9/23/2025 6:17:34 AM,,8/17/2025 6:17:34 AM,gwb_reader_009964,0.00
Mercari,m00000007421,m00000007421,Handmade Cashmere Sweater,UPP-807421,1,CL-007421,Clothing,Michiana E-Com (test),lister_B,UP-901163,17.99,6.99,1.80,,9/23/2025 6:41:10 AM,9/23/2025 6:41:10 AM,9/23/2025 1:00:35 PM,8/30/2025 5:41:10 AM,mercari_009608,0.00
Facebook Marketplace,FB-0007424,FB-0007424,Like New Cashmere Sweater,UPP-807424,1,CL-007424,Clothing,Michiana E-Com (test),lister_B,UP-901166,28.99,0.00,0.00,,9/23/2025 6:57:27 AM,9/23/2025 6:57:27 AM,,8/27/2025 2:57:27 AM,,0.00
GoodwillBooks,GB-9785560007430,GWB-887430,Vintage Poetry Collection,UPP-807430,1,BK-007430,Books,Michiana E-Com (test),lister_D,UP-901172,8.99,0.00,1.35,,9/23/2025 7:39:36 AM,9/23/2025 7:39:36 AM,9/23/2025 12:48:20 PM,8/21/2025 4:39:36 AM,gwb_reader_008410,0.00
Facebook Marketplace,FB-0007427,FB-0007427,Like New Rain Jacket,UPP-807427,1,CL-007427,Clothing,Michiana E-Com (test),lister_A,UP-901169,15.99,0.00,0.00,,9/23/2025 8:04:43 AM,9/23/2025 8:04:43 AM,,8/24/2025 8:04:43 AM,,0.00
GoodwillBooks,GB-9786950007435,GWB-887435,Antique Poetry Collection,UPP-807435,1,BK-007435,Books,Michiana E-Com (test),lister_A,UP-901177,19.99,0.00,3.00,,9/23/2025 8:59:18 AM,9/23/2025 8:59:18 AM,9/23/2025 12:40:44 PM,8/16/2025 7:59:18 AM,gwb_reader_008964,0.00
Facebook Marketplace,FB-0007417,FB-0007417,Lot of 2 Tote Bag,UPP-807417,1,HB-007417,Handbags,Michiana E-Com (test),lister_A,UP-901159,54.99,0.00,0.00,,9/23/2025 9:38:31 AM,9/23/2025 9:38:31 AM,,9/3/2025 5:38:31 AM,,0.00
GoodwillBooks,GB-9789340007433,GWB-887433,Vintage Paperback Lot,UPP-807433,1,BK-007433,Books,Michiana E-Com (test),lister_B,UP-901175,16.99,0.00,2.55,,9/23/2025 10:01:14 AM,9/23/2025 10:01:14 AM,9/23/2025 4:11:34 PM,8/18/2025 4:01:14 AM,gwb_reader_008886,0.00
Mercari,m00000007422,m00000007422,Retro Side Table,UPP-807422,1,FN-007422,Furniture,Michiana E-Com (test),lister_B,UP-901164,13.99,6.99,1.40,,9/23/2025 10:18:20 AM,9/23/2025 10:18:20 AM,,8/29/2025 8:18:20 AM,mercari_009664,0.00
GoodwillBooks,GB-9784550007429,GWB-887429,Like New Hardcover Novel,UPP-807429,1,BK-007429,Books,Michiana E-Com (test),lister_E,UP-901171,7.99,0.00,1.20,,9/23/2025 11:28:27 AM,9/23/2025 11:28:27 AM,,8/22/2025 9:28:27 AM,gwb_reader_008426,0.00
GoodwillBooks,GB-9786620007439,GWB-887439,Like New Atlas,UPP-807439,1,BK-007439,Books,Michiana E-Com (test),lister_E,UP-901181,11.99,0.00,1.80,,9/23/2025 12:00:46 PM,9/23/2025 12:00:46 PM,,9/18/2025 7:00:46 AM,gwb_reader_008626,0.00
GoodwillBooks,GB-9780810007444,GWB-887444,Retro Textbook,UPP-807444,1,BK-007444,Books,Michiana E-Com (test),lister_C,UP-901186,26.99,0.00,4.05,,9/23/2025 12:16:35 PM,9/23/2025 12:16:35 PM,9/23/2025 3:10:34 PM,9/13/2025 9:16:35 AM,gwb_reader_008000,0.00
ShopGoodwill,210007292,SGW-7707292,Like New Clutch,UPP-807292,1,HB-007292,Handbags,Michiana E-Com (test),lister_C,UP-901158,24.00,12.09,1.92,,9/23/2025 12:41:27 PM,9/23/2025 12:41:27 PM,9/23/2025 4:26:28 PM,9/17/2025 7:41:27 AM,sgw_bidder_006165,0.00
GoodwillBooks,GB-9787500007441,GWB-887441,Like New Paperback Lot,UPP-807441,1,BK-007441,Books,Michiana E-Com (test),lister_B,UP-901183,13.99,0.00,2.10,,9/23/2025 1:37:57 PM,9/23/2025 1:37:57 PM,,9/16/2025 1:37:57 PM,gwb_reader_009331,0.00
GoodwillBooks,GB-9789350007437,GWB-887437,Lot of 2 Field Guide,UPP-807437,1,BK-007437,Books,Michiana E-Com (test),lister_D,UP-901179,26.99,0.00,4.05,,9/23/2025 1:56:16 PM,9/23/2025 1:56:16 PM,9/23/2025 10:52:23 AM,9/20/2025 10:56:16 AM,gwb_reader_008148,0.00
Facebook Marketplace,FB-0007428,FB-0007428,Retro Pyrex Bowl,UPP-807428,1,KT-007428,Kitchen,Michiana E-Com (test),lister_E,UP-901170,15.99,0.00,0.00,,9/23/2025 2:50:22 PM,9/23/2025 2:50:22 PM,,8/23/2025 1:50:22 PM,,0.00
Facebook Marketplace,FB-0007423,FB-0007423,Used Side Table,UPP-807423,1,FN-007423,Furniture,Michiana E-Com (test),lister_C,UP-901165,26.99,0.00,0.00,,9/23/2025 4:46:42 PM,9/23/2025 4:46:42 PM,,8/28/2025 1:46:42 PM,,0.00
GoodwillBooks,GB-9783350007443,GWB-887443,Classic Paperback Lot,UPP-807443,1,BK-007443,Books,Michiana E-Com (test),lister_C,UP-901185,11.99,0.00,1.80,,9/23/2025 4:59:03 PM,9/23/2025 4:59:03 PM,,9/14/2025 2:59:03 PM,gwb_reader_009557,0.00
Mercari,m00000007419,m00000007419,Retro Ceramic Vase,UPP-807419,1,HM-007419,Home Decor,Michiana E-Com (test),lister_E,UP-901161,27.99,6.99,2.80,,9/23/2025 6:22:14 PM,9/23/2025 6:22:14 PM,,9/1/2025 12:22:14 PM,mercari_009178,0.00
GoodwillBooks,GB-9782820007431,GWB-887431,Pre-owned Hardcover Novel,UPP-807431,1,BK-007431,Books,Michiana E-Com (test),lister_D,UP-901173,9.99,0.00,1.50,,9/23/2025 8:18:23 PM,9/23/2025 8:18:23 PM,9/23/2025 3:59:15 PM,8/20/2025 4:18:23 PM,gwb_reader_009777,0.00
Mercari,m00000007426,m00000007426,Handmade Running Shoes,UPP-807426,1,SH-007426,Shoes,Michiana E-Com (test),lister_E,UP-901168,6.99,6.99,0.70,,9/23/2025 8:37:25 PM,9/23/2025 8:37:25 PM,,8/25/2025 2:37:25 PM,mercari_009577,0.00
GoodwillBooks,GB-9787680007438,GWB-887438,Like New Paperback Lot,UPP-807438,1,BK-007438,Books,Michiana E-Com (test),lister_A,UP-901180,5.99,0.00,0.90,,9/23/2025 9:06:11 PM,9/23/2025 9:06:11 PM,,9/19/2025 5:06:11 PM,gwb_reader_008931,0.00
GoodwillBooks,GB-9785450007442,GWB-887442,Pre-owned DVD Box Set,UPP-807442,1,MD-007442,Media,Michiana E-Com (test),lister_C,UP-901184,15.99,0.00,2.40,,9/23/2025 9:09:35 PM,9/23/2025 9:09:35 PM,9/23/2025 9:23:15 AM,9/15/2025 8:09:35 PM,gwb_reader_008001,0.00
GoodwillBooks,GB-9780520007436,GWB-887436,Lot of 2 Biography,UPP-807436,1,BK-007436,Books,Michiana E-Com (test),lister_C,UP-901178,12.99,0.00,1.95,,9/23/2025 9:51:46 PM,9/23/2025 9:51:46 PM,9/23/2025 9:31:14 AM,8/15/2025 7:51:46 PM,gwb_reader_008313,0.00
Facebook Marketplace,FB-0007418,FB-0007418,Classic Cashmere Sweater,UPP-807418,1,CL-007418,Clothing,Michiana E-Com (test),lister_B,UP-901160,22.99,0.00,0.00,,9/23/2025 10:22:18 PM,9/23/2025 10:22:18 PM,,9/2/2025 5:22:18 PM,,0.00
Facebook Marketplace,FB-0007425,FB-0007425,Pre-owned Side Table,UPP-807425,1,FN-007425,Furniture,Michiana E-Com (test),lister_F,UP-901167,15.99,0.00,0.00,,9/23/2025 11:02:00 PM,9/23/2025 11:02:00 PM,,8/26/2025 6:02:00 PM,,0.00
GoodwillBooks,GB-9782740007432,GWB-887432,Handmade Textbook,UPP-807432,1,BK-007432,Books,Michiana E-Com (test),lister_F,UP-901174,8.99,0.00,1.35,,9/23/2025 11:29:57 PM,9/23/2025 11:29:57 PM,9/23/2025 3:24:01 PM,8/19/2025 6:29:57 PM,gwb_reader_009611,0.00
ShopGoodwill,210007478,SGW-7707478,Like New Tote Bag,UPP-807478,1,HB-007478,Handbags,Michiana E-Com (test),lister_B,UP-901190,17.00,16.09,1.36,,9/24/2025 1:41:22 AM,9/24/2025 1:41:22 AM,9/24/2025 10:37:27 AM,9/16/2025 11:41:22 PM,sgw_bidder_003399,0.00
ShopGoodwill,210007455,SGW-7707455,Used Puzzle 1000pc,UPP-807455,1,TY-007455,Toys,Michiana E-Com (test),lister_D,UP-901187,5.00,8.39,0.40,,9/24/2025 3:41:10 AM,9/24/2025 3:41:10 AM,9/24/2025 10:34:21 AM,9/3/2025 3:41:10 AM,sgw_bidder_001581,0.00
ShopGoodwill,210007494,SGW-7707494,Mid-Century Sterling Ring,UPP-807494,1,JW-007494,Jewelry,Michiana E-Com (test),lister_D,UP-901191,68.00,10.07,5.44,,9/24/2025 3:45:22 AM,9/24/2025 3:45:22 AM,9/24/2025 4:48:13 PM,8/31/2025 11:45:22 PM,sgw_bidder_002333,0.00
GoodwillBooks,GB-9787090007570,GWB-887570,Antique Biography,UPP-807570,1,BK-007570,Books,Michiana E-Com (test),lister_D,UP-901202,9.99,0.00,1.50,,9/24/2025 6:43:00 AM,9/24/2025 6:43:00 AM,9/24/2025 12:23:52 PM,8/30/2025 3:43:00 AM,gwb_reader_009793,0.00
Facebook Marketplace,FB-0007562,FB-0007562,Antique Denim Jacket,UPP-807562,1,CL-007562,Clothing,Michiana E-Com (test),lister_F,UP-901194,35.99,0.00,0.00,,9/24/2025 10:28:09 AM,9/24/2025 10:28:09 AM,,9/7/2025 8:28:09 AM,,0.00
ShopGoodwill,210007473,SGW-7707473,Mid-Century Pewter Mug,UPP-807473,1,CO-007473,Collectibles,Michiana E-Com (test),lister_F,UP-901189,16.00,10.05,1.28,,9/24/2025 10:54:35 AM,9/24/2025 10:54:35 AM,9/24/2025 9:30:26 AM,8/16/2025 6:54:35 AM,sgw_bidder_003715,0.00
GoodwillBooks,GB-9780920007569,GWB-887569,Lot of 2 Field Guide,UPP-807569,1,BK-007569,Books,Michiana E-Com (test),lister_E,UP-901201,8.99,0.00,1.35,,9/24/2025 12:13:44 PM,9/24/2025 12:13:44 PM,9/24/2025 9:11:05 AM,8/31/2025 10:13:44 AM,gwb_reader_008280,0.00
GoodwillBooks,GB-9781030007564,GWB-887564,Retro Paperback Lot,UPP-807564,1,BK-007564,Books,Michiana E-Com (test),lister_C,UP-901196,3.99,0.00,0.60,,9/24/2025 5:26:34 PM,9/24/2025 5:26:34 PM,,9/5/2025 1:26:34 PM,gwb_reader_008215,0.00
Facebook Marketplace,FB-0007561,FB-0007561,Retro Silk Blouse,UPP-807561,1,CL-007561,Clothing,Michiana E-Com (test),lister_C,UP-901193,29.99,0.00,0.00,,9/24/2025 6:03:20 PM,9/24/2025 6:03:20 PM,,9/8/2025 5:03:20 PM,,0.00
ShopGoodwill,210007458,SGW-7707458,Used Turntable,UPP-807458,1,EL-007458,Electronics,Michiana E-Com (test),lister_D,UP-901188,52.00,9.87,4.16,,9/24/2025 6:10:49 PM,9/24/2025 6:10:49 PM,9/24/2025 9:01:43 AM,8/31/2025 3:10:49 PM,sgw_bidder_004752,0.00
GoodwillBooks,GB-9784870007566,GWB-887566,Retro Textbook,UPP-807566,1,BK-007566,Books,Michiana E-Com (test),lister_E,UP-901198,10.99,0.00,1.65,,9/24/2025 7:08:21 PM,9/24/2025 7:08:21 PM,,9/3/2025 1:08:21 PM,gwb_reader_009502,0.00
GoodwillBooks,GB-9788550007567,GWB-887567,Used Cookbook,UPP-807567,1,BK-007567,Books,Michiana E-Com (test),lister_E,UP-901199,6.99,0.00,1.05,,9/24/2025 8:01:47 PM,9/24/2025 8:01:47 PM,9/24/2025 3:58:54 PM,9/2/2025 8:01:47 PM,gwb_reader_009319,0.00
Facebook Marketplace,FB-0007563,FB-0007563,Classic Side Table,UPP-807563,1,FN-007563,Furniture,Michiana E-Com (test),lister_A,UP-901195,22.99,0.00,0.00,,9/24/2025 9:30:50 PM,9/24/2025 9:30:50 PM,,9/6/2025 6:30:50 PM,,0.00
GoodwillBooks,GB-9788560007565,GWB-887565,Handmade Biography,UPP-807565,1,BK-007565,Books,Michiana E-Com (test),lister_A,UP-901197,9.99,0.00,1.50,,9/24/2025 9:32:53 PM,9/24/2025 9:32:53 PM,,9/4/2025 4:32:53 PM,gwb_reader_009509,0.00
GoodwillBooks,GB-9785080007568,GWB-887568,Classic Textbook,UPP-807568,1,BK-007568,Books,Michiana E-Com (test),lister_D,UP-901200,12.99,0.00,1.95,,9/24/2025 10:56:28 PM,9/24/2025 10:56:28 PM,9/24/2025 2:02:56 PM,9/1/2025 9:56:28 PM,gwb_reader_008343,0.00
eBay,310000007555,18-07555-41882,Pre-owned Portable Radio,UPP-807555,1,EL-007555,Electronics,Michiana E-Com (test),lister_C,UP-901192,52.99,0.00,7.32,,9/24/2025 11:36:47 PM,9/24/2025 11:36:47 PM,,9/14/2025 9:36:47 PM,ebuyer_006775,3.71
eBay,310000007686,25-07686-74349,Pre-owned Tote Bag,UPP-807686,1,HB-007686,Handbags,Michiana E-Com (test),lister_C,UP-901207,69.99,6.72,10.46,,9/25/2025 3:40:56 AM,9/25/2025 3:40:56 AM,9/25/2025 9:15:17 AM,8/26/2025 3:40:56 AM,ebuyer_007487,5.37
GoodwillBooks,GB-9784460007699,GWB-887699,Handmade Hardcover Novel,UPP-807699,1,BK-007699,Books,Michiana E-Com (test),lister_A,UP-901216,26.99,0.00,4.05,,9/25/2025 5:17:25 AM,9/25/2025 5:17:25 AM,9/25/2025 9:25:20 AM,9/18/2025 11:17:25 PM,gwb_reader_009389,0.00
GoodwillBooks,GB-9788180007705,GWB-887705,Like New Cookbook,UPP-807705,1,BK-007705,Books,Michiana E-Com (test),lister_B,UP-901222,10.99,0.00,1.65,,9/25/2025 5:20:39 AM,9/25/2025 5:20:39 AM,9/25/2025 2:16:47 PM,9/13/2025 12:20:39 AM,gwb_reader_009478,0.00
Facebook Marketplace,FB-0007694,FB-0007694,Handmade Flannel Shirt,UPP-807694,1,CL-007694,Clothing,Michiana E-Com (test),lister_D,UP-901211,13.99,0.00,0.00,,9/25/2025 7:47:12 AM,9/25/2025 7:47:12 AM,,8/18/2025 6:47:12 AM,,0.00
eBay,310000007671,21-07671-24693,Vintage Leather Boots,UPP-807671,1,SH-007671,Shoes,Michiana E-Com (test),lister_B,UP-901205,40.99,0.00,5.73,,9/25/2025 8:39:07 AM,9/25/2025 8:39:07 AM,9/25/2025 11:48:47 AM,9/10/2025 2:39:07 AM,ebuyer_006512,2.87
GoodwillBooks,GB-9786990007701,GWB-887701,Vintage Hardcover Novel,UPP-807701,1,BK-007701,Books,Michiana E-Com (test),lister_B,UP-901218,22.99,0.00,3.45,,9/25/2025 9:25:58 AM,9/25/2025 9:25:58 AM,9/25/2025 9:37:50 AM,9/17/2025 8:25:58 AM,gwb_reader_008400,0.00
Facebook Marketplace,FB-0007692,FB-0007692,Pre-owned Leather Satchel,UPP-807692,1,HB-007692,Handbags,Michiana E-Com (test),lister_E,UP-901209,19.99,0.00,0.00,,9/25/2025 10:47:30 AM,9/25/2025 10:47:30 AM,,8/20/2025 4:47:30 AM,,0.00
GoodwillBooks,GB-9783650007697,GWB-887697,Pre-owned DVD Box Set,UPP-807697,1,MD-007697,Media,Michiana E-Com (test),lister_A,UP-901214,6.99,0.00,1.05,,9/25/2025 10:48:16 AM,9/25/2025 10:48:16 AM,9/25/2025 9:48:01 AM,9/21/2025 6:48:16 AM,gwb_reader_008205,0.00
GoodwillBooks,GB-9780660007698,GWB-887698,Lot of 2 Paperback Lot,UPP-807698,1,BK-007698,Books,Michiana E-Com (test),lister_C,UP-901215,6.99,0.00,1.05,,9/25/2025 10:53:38 AM,9/25/2025 10:53:38 AM,,9/20/2025 5:53:38 AM,gwb_reader_008920,0.00
GoodwillBooks,GB-9789430007700,GWB-887700,Pre-owned Paperback Lot,UPP-807700,1,BK-007700,Books,Michiana E-Com (test),lister_A,UP-901217,8.99,0.00,1.35,,9/25/2025 11:50:25 AM,9/25/2025 11:50:25 AM,9/25/2025 3:28:58 PM,9/18/2025 11:50:25 AM,gwb_reader_008475,0.00
GoodwillBooks,GB-9785180007704,GWB-887704,Mid-Century Paperback Lot,UPP-807704,1,BK-007704,Books,Michiana E-Com (test),lister_B,UP-901221,8.99,0.00,1.35,,9/25/2025 11:56:04 AM,9/25/2025 11:56:04 AM,9/25/2025 4:00:10 PM,9/14/2025 7:56:04 AM,gwb_reader_009208,0.00
GoodwillBooks,GB-9789260007702,GWB-887702,Mid-Century Cookbook,UPP-807702,1,BK-007702,Books,Michiana E-Com (test),lister_A,UP-901219,7.99,0.00,1.20,,9/25/2025 1:13:55 PM,9/25/2025 1:13:55 PM,9/25/2025 9:45:57 AM,9/16/2025 11:13:55 AM,gwb_reader_008154,0.00
Facebook Marketplace,FB-0007693,FB-0007693,Antique Denim Jacket,UPP-807693,1,CL-007693,Clothing,Michiana E-Com (test),lister_E,UP-901210,14.99,0.00,0.00,,9/25/2025 5:02:12 PM,9/25/2025 5:02:12 PM,,8/19/2025 5:02:12 PM,,0.00
GoodwillBooks,GB-9788640007703,GWB-887703,Vintage Paperback Lot,UPP-807703,1,BK-007703,Books,Michiana E-Com (test),lister_B,UP-901220,21.99,0.00,3.30,,9/25/2025 5:46:18 PM,9/25/2025 5:46:18 PM,,9/15/2025 2:46:18 PM,gwb_reader_009117,0.00
GoodwillBooks,GB-9780190007696,GWB-887696,Used Paperback Lot,UPP-807696,1,BK-007696,Books,Michiana E-Com (test),lister_E,UP-901213,12.99,0.00,1.95,,9/25/2025 6:15:31 PM,9/25/2025 6:15:31 PM,,9/22/2025 3:15:31 PM,gwb_reader_008315,0.00
eBay,310000007677,27-07677-44191,Mid-Century Fishing Reel,UPP-807677,1,SG-007677,Sporting Goods,Michiana E-Com (test),lister_C,UP-901206,79.99,6.97,11.82,,9/25/2025 6:22:57 PM,9/25/2025 6:22:57 PM,,9/4/2025 1:22:57 PM,ebuyer_006598,6.09
Facebook Marketplace,FB-0007691,FB-0007691,Pre-owned Leather Satchel,UPP-807691,1,HB-007691,Handbags,Michiana E-Com (test),lister_A,UP-901208,72.99,0.00,0.00,,9/25/2025 7:56:54 PM,9/25/2025 7:56:54 PM,,8/21/2025 2:56:54 PM,,0.00
ShopGoodwill,210007607,SGW-7707607,Pre-owned Pewter Mug,UPP-807607,1,CO-007607,Collectibles,Michiana E-Com (test),lister_E,UP-901204,22.00,10.45,1.76,,9/25/2025 10:01:30 PM,9/25/2025 10:01:30 PM,9/25/2025 1:02:42 PM,8/31/2025 5:01:30 PM,sgw_bidder_001951,0.00
ShopGoodwill,210007587,SGW-7707587,Pre-owned Clutch,UPP-807587,1,HB-007587,Handbags,Michiana E-Com (test),lister_F,UP-901203,24.00,11.78,1.92,,9/25/2025 11:28:36 PM,9/25/2025 11:28:36 PM,9/25/2025 4:15:07 PM,9/20/2025 5:28:36 PM,sgw_bidder_004306,0.00
GoodwillBooks,GB-9784100007695,GWB-887695,Vintage Cookbook,UPP-807695,1,BK-007695,Books,Michiana E-Com (test),lister_A,UP-901212,19.99,0.00,3.00,,9/25/2025 11:40:50 PM,9/25/2025 11:40:50 PM,9/25/2025 4:09:00 PM,8/17/2025 9:40:50 PM,gwb_reader_009040,0.00
Facebook Marketplace,FB-0007816,FB-0007816,Mid-Century Stoneware Mugs,UPP-807816,1,KT-007816,Kitchen,Michiana E-Com (test),lister_A,UP-901234,6.99,0.00,0.00,,9/26/2025 2:20:10 AM,9/26/2025 2:20:10 AM,,9/13/2025 10:20:10 PM,,0.00
GoodwillBooks,GB-9782530007824,GWB-887824,Vintage Cookbook,UPP-807824,1,BK-007824,Books,Michiana E-Com (test),lister_F,UP-901242,10.99,0.00,1.65,,9/26/2025 3:23:06 AM,9/26/2025 3:23:06 AM,9/26/2025 2:12:06 PM,9/5/2025 10:23:06 PM,gwb_reader_009477,0.00
ShopGoodwill,210007718,SGW-7707718,Mid-Century Pearl Earrings,UPP-807718,1,JW-007718,Jewelry,Michiana E-Com (test),lister_B,UP-901224,47.00,8.29,3.76,,9/26/2025 5:15:44 AM,9/26/2025 5:15:44 AM,9/26/2025 4:04:52 PM,9/1/2025 1:15:44 AM,sgw_bidder_002677,0.00
GoodwillBooks,GB-9788160007827,GWB-887827,Lot of 2 Biography,UPP-807827,1,BK-007827,Books,Michiana E-Com (test),lister_F,UP-901245,16.99,0.00,2.55,,9/26/2025 6:12:42 AM,9/26/2025 6:12:42 AM,9/26/2025 4:49:34 PM,9/3/2025 5:12:42 AM,gwb_reader_008185,0.00
GoodwillBooks,GB-9789900007819,GWB-887819,Handmade Atlas,UPP-807819,1,BK-007819,Books,Michiana E-Com (test),lister_C,UP-901237,24.99,0.00,3.75,,9/26/2025 6:46:51 AM,9/26/2025 6:46:51 AM,9/26/2025 1:44:35 PM,9/11/2025 6:46:51 AM,gwb_reader_009684,0.00
GoodwillBooks,GB-9782950007822,GWB-887822,Used Biography,UPP-807822,1,BK-007822,Books,Michiana E-Com (test),lister_F,UP-901240,3.99,0.00,0.60,,9/26/2025 8:11:30 AM,9/26/2025 8:11:30 AM,9/26/2025 11:08:51 AM,9/8/2025 5:11:30 AM,gwb_reader_008194,0.00
Facebook Marketplace,FB-0007817,FB-0007817,Used Cashmere Sweater,UPP-807817,1,CL-007817,Clothing,Michiana E-Com (test),lister_C,UP-901235,12.99,0.00,0.00,,9/26/2025 9:36:43 AM,9/26/2025 9:36:43 AM,,9/13/2025 4:36:43 AM,,0.00
Facebook Marketplace,FB-0007809,FB-0007809,Vintage Silk Blouse,UPP-807809,1,CL-007809,Clothing,Michiana E-Com (test),lister_B,UP-901227,10.99,0.00,0.00,,9/26/2025 1:32:28 PM,9/26/2025 1:32:28 PM,,9/21/2025 9:32:28 AM,,0.00
Facebook Marketplace,FB-0007815,FB-0007815,Handmade Running Shoes,UPP-807815,1,SH-007815,Shoes,Michiana E-Com (test),lister_D,UP-901233,16.99,0.00,0.00,,9/26/2025 1:33:12 PM,9/26/2025 1:33:12 PM,,9/15/2025 10:33:12 AM,,0.00
GoodwillBooks,GB-9788840007828,GWB-887828,Like New Hardcover Novel,UPP-807828,1,BK-007828,Books,Michiana E-Com (test),lister_B,UP-901246,13.99,0.00,2.10,,9/26/2025 2:45:33 PM,9/26/2025 2:45:33 PM,,9/2/2025 12:45:33 PM,gwb_reader_009998,0.00
Mercari,m00000007810,m00000007810,Used Picture Frame Set,UPP-807810,1,HM-007810,Home Decor,Michiana E-Com (test),lister_F,UP-901228,20.99,6.99,2.10,,9/26/2025 3:09:38 PM,9/26/2025 3:09:38 PM,9/26/2025 1:54:04 PM,9/20/2025 10:09:38 AM,mercari_009466,0.00
Facebook Marketplace,FB-0007813,FB-0007813,Used Leather Boots,UPP-807813,1,SH-007813,Shoes,Michiana E-Com (test),lister_F,UP-901231,13.99,0.00,0.00,,9/26/2025 3:26:22 PM,9/26/2025 3:26:22 PM,,9/17/2025 2:26:22 PM,,0.00
Mercari,m00000007808,m00000007808,Retro Brass Candlesticks,UPP-807808,1,HM-007808,Home Decor,Michiana E-Com (test),lister_E,UP-901226,21.99,6.99,2.20,,9/26/2025 3:34:54 PM,9/26/2025 3:34:54 PM,9/26/2025 4:58:48 PM,9/22/2025 12:34:54 PM,mercari_009137,0.00
GoodwillBooks,GB-9783840007826,GWB-887826,Handmade Atlas,UPP-807826,1,BK-007826,Books,Michiana E-Com (test),lister_A,UP-901244,8.99,0.00,1.35,,9/26/2025 3:42:30 PM,9/26/2025 3:42:30 PM,9/26/2025 1:37:36 PM,9/4/2025 3:42:30 PM,gwb_reader_009919,0.00
Facebook Marketplace,FB-0007812,FB-0007812,Used Leather Satchel,UPP-807812,1,HB-007812,Handbags,Michiana E-Com (test),lister_E,UP-901230,20.99,0.00,0.00,,9/26/2025 4:27:21 PM,9/26/2025 4:27:21 PM,,9/18/2025 4:27:21 PM,,0.00
GoodwillBooks,GB-9780190007829,GWB-887829,Vintage Biography,UPP-807829,1,BK-007829,Books,Michiana E-Com (test),lister_C,UP-901247,18.99,0.00,2.85,,9/26/2025 5:16:05 PM,9/26/2025 5:16:05 PM,9/26/2025 9:59:42 AM,9/1/2025 2:16:05 PM,gwb_reader_008496,0.00
GoodwillBooks,GB-9789090007821,GWB-887821,Handmade Field Guide,UPP-807821,1,BK-007821,Books,Michiana E-Com (test),lister_B,UP-901239,9.99,0.00,1.50,,9/26/2025 6:44:23 PM,9/26/2025 6:44:23 PM,9/26/2025 11:15:52 AM,9/9/2025 4:44:23 PM,gwb_reader_008049,0.00
GoodwillBooks,GB-9788670007823,GWB-887823,Used Paperback Lot,UPP-807823,1,BK-007823,Books,Michiana E-Com (test),lister_A,UP-901241,5.99,0.00,0.90,,9/26/2025 7:30:57 PM,9/26/2025 7:30:57 PM,,9/7/2025 3:30:57 PM,gwb_reader_008457,0.00
GoodwillBooks,GB-9786570007820,GWB-887820,Used Biography,UPP-807820,1,BK-007820,Books,Michiana E-Com (test),lister_C,UP-901238,7.99,0.00,1.20,,9/26/2025 8:15:26 PM,9/26/2025 8:15:26 PM,,9/10/2025 7:15:26 PM,gwb_reader_008113,0.00
Facebook Marketplace,FB-0007814,FB-0007814,Lot of 2 Table Lamp,UPP-807814,1,HM-007814,Home Decor,Michiana E-Com (test),lister_B,UP-901232,19.99,0.00,0.00,,9/26/2025 8:26:04 PM,9/26/2025 8:26:04 PM,,9/16/2025 6:26:04 PM,,0.00
Mercari,m00000007811,m00000007811,Pre-owned Denim Jacket,UPP-807811,1,CL-007811,Clothing,Michiana E-Com (test),lister_C,UP-901229,15.99,6.99,1.60,,9/26/2025 10:11:01 PM,9/26/2025 10:11:01 PM,,9/19/2025 4:11:01 PM,mercari_009578,0.00
ShopGoodwill,210007706,SGW-7707706,Like New Silk Blouse,UPP-807706,1,CL-007706,Clothing,Michiana E-Com (test),lister_B,UP-901223,11.00,6.62,0.88,,9/26/2025 10:19:05 PM,9/26/2025 10:19:05 PM,9/26/2025 4:59:23 PM,9/13/2025 4:19:05 PM,sgw_bidder_006233,0.00
Mercari,m00000007818,m00000007818,Retro Flannel Shirt,UPP-807818,1,CL-007818,Clothing,Michiana E-Com (test),lister_B,UP-901236,31.99,6.99,3.20,,9/26/2025 10:44:03 PM,9/26/2025 10:44:03 PM,,9/12/2025 4:44:03 PM,mercari_009009,0.00
Facebook Marketplace,FB-0007807,FB-0007807,Used Table Lamp,UPP-807807,1,HM-007807,Home Decor,Michiana E-Com (test),lister_A,UP-901225,24.99,0.00,0.00,,9/26/2025 11:48:22 PM,9/26/2025 11:48:22 PM,,9/23/2025 9:48:22 PM,,0.00
GoodwillBooks,GB-9785980007825,GWB-887825,Retro Field Guide,UPP-807825,1,BK-007825,Books,Michiana E-Com (test),lister_D,UP-901243,13.99,0.00,2.10,,9/26/2025 11:57:48 PM,9/26/2025 11:57:48 PM,9/26/2025 3:22:12 PM,9/5/2025 5:57:48 PM,gwb_reader_009829,0.00
Facebook Marketplace,FB-0007975,FB-0007975,Handmade Silk Blouse,UPP-807975,1,CL-007975,Clothing,Michiana E-Com (test),lister_B,UP-901253,10.99,0.00,0.00,,9/27/2025 3:56:37 AM,9/27/2025 3:56:37 AM,,9/4/2025 1:56:37 AM,,0.00
Mercari,m00000007979,m00000007979,Lot of 2 Sandals,UPP-807979,1,SH-007979,Shoes,Michiana E-Com (test),lister_B,UP-901257,31.99,6.99,3.20,,9/27/2025 4:26:06 AM,9/27/2025 4:26:06 AM,,8/30/2025 10:26:06 PM,mercari_009012,0.00
GoodwillBooks,GB-9781710007982,GWB-887982,Used Cookbook,UPP-807982,1,BK-007982,Books,Michiana E-Com (test),lister_C,UP-901260,17.99,0.00,2.70,,9/27/2025 5:31:58 AM,9/27/2025 5:31:58 AM,9/27/2025 1:10:17 PM,8/28/2025 3:31:58 AM,gwb_reader_009607,0.00
GoodwillBooks,GB-9783190007988,GWB-887988,Pre-owned Biography,UPP-807988,1,BK-007988,Books,Michiana E-Com (test),lister_B,UP-901266,22.99,0.00,3.45,,9/27/2025 5:35:00 AM,9/27/2025 5:35:00 AM,,8/22/2025 4:35:00 AM,gwb_reader_009209,0.00
GoodwillBooks,GB-9785640007986,GWB-887986,Vintage Poetry Collection,UPP-807986,1,BK-007986,Books,Michiana E-Com (test),lister_E,UP-901264,12.99,0.00,1.95,,9/27/2025 6:37:54 AM,9/27/2025 6:37:54 AM,9/27/2025 1:11:12 PM,8/24/2025 12:37:54 AM,gwb_reader_009959,0.00
Facebook Marketplace,FB-0007978,FB-0007978,Used Flannel Shirt,UPP-807978,1,CL-007978,Clothing,Michiana E-Com (test),lister_A,UP-901256,30.99,0.00,0.00,,9/27/2025 7:57:47 AM,9/27/2025 7:57:47 AM,,9/1/2025 2:57:47 AM,,0.00
GoodwillBooks,GB-9787820007987,GWB-887987,Vintage Textbook,UPP-807987,1,BK-007987,Books,Michiana E-Com (test),lister_E,UP-901265,8.99,0.00,1.35,,9/27/2025 8:24:05 AM,9/27/2025 8:24:05 AM,,8/23/2025 8:24:05 AM,gwb_reader_009734,0.00
GoodwillBooks,GB-9788320007992,GWB-887992,Retro Paperback Lot,UPP-807992,1,BK-007992,Books,Michiana E-Com (test),lister_A,UP-901270,4.99,0.00,0.75,,9/27/2025 9:50:23 AM,9/27/2025 9:50:23 AM,9/27/2025 11:15:39 AM,9/24/2025 4:50:23 AM,gwb_reader_008424,0.00
GoodwillBooks,GB-9783480007983,GWB-887983,Antique Biography,UPP-807983,1,BK-007983,Books,Michiana E-Com (test),lister_A,UP-901261,6.99,0.00,1.05,,9/27/2025 10:13:41 AM,9/27/2025 10:13:41 AM,,8/27/2025 7:13:41 AM,gwb_reader_008399,0.00
eBay,310000007967,20-07967-34772,Pre-owned Snow Globe,UPP-807967,1,CO-007967,Collectibles,Michiana E-Com (test),lister_D,UP-901249,32.99,7.32,5.64,,9/27/2025 11:23:58 AM,9/27/2025 11:23:58 AM,,9/12/2025 10:23:58 AM,ebuyer_006799,2.82
Mercari,m00000007981,m00000007981,Vintage Fondue Set,UPP-807981,1,KT-007981,Kitchen,Michiana E-Com (test),lister_F,UP-901259,75.99,6.99,7.60,,9/27/2025 1:37:55 PM,9/27/2025 1:37:55 PM,9/27/2025 3:00:35 PM,8/29/2025 12:37:55 PM,mercari_009698,0.00
Facebook Marketplace,FB-0007973,FB-0007973,Retro Ceramic Vase,UPP-807973,1,HM-007973,Home Decor,Michiana E-Com (test),lister_D,UP-901251,26.99,0.00,0.00,,9/27/2025 2:04:47 PM,9/27/2025 2:04:47 PM,,9/6/2025 2:04:47 PM,,0.00
GoodwillBooks,GB-9786210007985,GWB-887985,Classic Textbook,UPP-807985,1,BK-007985,Books,Michiana E-Com (test),lister_C,UP-901263,27.99,0.00,4.20,,9/27/2025 2:30:58 PM,9/27/2025 2:30:58 PM,,8/25/2025 9:30:58 AM,gwb_reader_008408,0.00
Facebook Marketplace,FB-0007980,FB-0007980,Handmade Stoneware Mugs,UPP-807980,1,KT-007980,Kitchen,Michiana E-Com (test),lister_B,UP-901258,12.99,0.00,0.00,,9/27/2025 3:11:38 PM,9/27/2025 3:11:38 PM,,8/30/2025 3:11:38 PM,,0.00
Facebook Marketplace,FB-0007974,FB-0007974,Pre-owned Side Table,UPP-807974,1,FN-007974,Furniture,Michiana E-Com (test),lister_B,UP-901252,23.99,0.00,0.00,,9/27/2025 3:37:54 PM,9/27/2025 3:37:54 PM,,9/5/2025 2:37:54 PM,,0.00
Facebook Marketplace,FB-0007977,FB-0007977,Like New Desk Chair,UPP-807977,1,FN-007977,Furniture,Michiana E-Com (test),lister_A,UP-901255,26.99,0.00,0.00,,9/27/2025 4:03:37 PM,9/27/2025 4:03:37 PM,,9/2/2025 12:03:37 PM,,0.00
GoodwillBooks,GB-9786230007989,GWB-887989,Classic Textbook,UPP-807989,1,BK-007989,Books,Michiana E-Com (test),lister_B,UP-901267,8.99,0.00,1.35,,9/27/2025 4:52:30 PM,9/27/2025 4:52:30 PM,9/27/2025 9:20:06 AM,8/21/2025 2:52:30 PM,gwb_reader_009148,0.00
eBay,310000007953,18-07953-96553,Pre-owned Leather Satchel,UPP-807953,1,HB-007953,Handbags,Michiana E-Com (test),lister_B,UP-901248,25.99,3.90,0.85,29.89,9/27/2025 5:35:53 PM,9/27/2025 5:35:53 PM,9/27/2025 2:40:18 PM,8/20/2025 4:35:53 PM,ebuyer_006353,2.09
GoodwillBooks,GB-9784060007990,GWB-887990,Retro Paperback Lot,UPP-807990,1,BK-007990,Books,Michiana E-Com (test),lister_C,UP-901268,14.99,0.00,2.25,,9/27/2025 8:21:54 PM,9/27/2025 8:21:54 PM,,8/20/2025 5:21:54 PM,gwb_reader_008077,0.00
GoodwillBooks,GB-9784360007984,GWB-887984,Used Atlas,UPP-807984,1,BK-007984,Books,Michiana E-Com (test),lister_F,UP-901262,1.99,0.00,0.30,,9/27/2025 10:10:53 PM,9/27/2025 10:10:53 PM,9/27/2025 10:46:28 AM,8/26/2025 6:10:53 PM,gwb_reader_009032,0.00
Facebook Marketplace,FB-0007972,FB-0007972,Pre-owned Sandals,UPP-807972,1,SH-007972,Shoes,Michiana E-Com (test),lister_E,UP-901250,49.99,0.00,0.00,,9/27/2025 10:29:35 PM,9/27/2025 10:29:35 PM,,9/7/2025 4:29:35 PM,,0.00
Mercari,m00000007976,m00000007976,Used Mantel Clock,UPP-807976,1,HM-007976,Home Decor,Michiana E-Com (test),lister_C,UP-901254,4.99,6.99,0.50,,9/27/2025 11:09:59 PM,9/27/2025 11:09:59 PM,9/27/2025 10:51:08 AM,9/3/2025 8:09:59 PM,mercari_009000,0.00
GoodwillBooks,GB-9780940007991,GWB-887991,Antique Field Guide,UPP-807991,1,BK-007991,Books,Michiana E-Com (test),lister_F,UP-901269,11.99,0.00,0.00,11.99,9/27/2025 11:56:31 PM,9/27/2025 11:56:31 PM,,8/19/2025 7:56:31 PM,gwb_reader_009578,0.00
Facebook Marketplace,FB-0008125,FB-0008125,Retro Cashmere Sweater,UPP-808125,1,CL-008125,Clothing,Michiana E-Com (test),lister_A,UP-901275,20.99,0.00,0.00,,9/28/2025 12:22:39 AM,9/28/2025 12:22:39 AM,,9/2/2025 7:22:39 PM,,0.00
GoodwillBooks,GB-9787850008132,GWB-888132,Retro Paperback Lot,UPP-808132,1,BK-008132,Books,Michiana E-Com (test),lister_E,UP-901282,18.99,0.00,2.85,,9/28/2025 1:55:43 AM,9/28/2025 1:55:43 AM,9/28/2025 1:55:12 PM,8/26/2025 8:55:43 PM,gwb_reader_008563,0.00
GoodwillBooks,GB-9785720008142,GWB-888142,Vintage Field Guide,UPP-808142,1,BK-008142,Books,Michiana E-Com (test),lister_E,UP-901292,6.99,0.00,1.05,,9/28/2025 2:33:33 AM,9/28/2025 2:33:33 AM,9/28/2025 10:59:35 AM,9/23/2025 1:33:33 AM,gwb_reader_008466,0.00
GoodwillBooks,GB-9786520008136,GWB-888136,Vintage Cookbook,UPP-808136,1,BK-008136,Books,Michiana E-Com (test),lister_E,UP-901286,5.99,0.00,0.90,,9/28/2025 4:27:44 AM,9/28/2025 4:27:44 AM,9/28/2025 11:15:16 AM,8/23/2025 2:27:44 AM,gwb_reader_008835,0.00
GoodwillBooks,GB-9789630008139,GWB-888139,Like New Poetry Collection,UPP-808139,1,BK-008139,Books,Michiana E-Com (test),lister_E,UP-901289,10.99,0.00,1.65,,9/28/2025 4:44:04 AM,9/28/2025 4:44:04 AM,9/28/2025 1:27:46 PM,8/19/2025 11:44:04 PM,gwb_reader_008272,0.00
GoodwillBooks,GB-9786490008144,GWB-888144,Handmade Field Guide,UPP-808144,1,BK-008144,Books,Michiana E-Com (test),lister_E,UP-901294,11.99,0.00,1.80,,9/28/2025 5:58:22 AM,9/28/2025 5:58:22 AM,,9/21/2025 2:58:22 AM,gwb_reader_009614,0.00
GoodwillBooks,GB-9785910008137,GWB-888137,Antique Textbook,UPP-808137,1,BK-008137,Books,Michiana E-Com (test),lister_D,UP-901287,6.99,0.00,1.05,,9/28/2025 7:43:15 AM,9/28/2025 7:43:15 AM,,8/22/2025 4:43:15 AM,gwb_reader_008655,0.00
Facebook Marketplace,FB-0008128,FB-0008128,Retro Mantel Clock,UPP-808128,1,HM-008128,Home Decor,Michiana E-Com (test),lister_D,UP-901278,40.99,0.00,0.00,,9/28/2025 8:37:29 AM,9/28/2025 8:37:29 AM,,8/31/2025 7:37:29 AM,,0.00
GoodwillBooks,GB-9788070008135,GWB-888135,Retro Cookbook,UPP-808135,1,BK-008135,Books,Michiana E-Com (test),lister_B,UP-901285,3.99,0.00,0.60,,9/28/2025 10:38:15 AM,9/28/2025 10:38:15 AM,9/28/2025 3:01:17 PM,8/24/2025 9:38:15 AM,gwb_reader_008004,0.00
Facebook Marketplace,FB-0008129,FB-0008129,Mid-Century Mantel Clock,UPP-808129,1,HM-008129,Home Decor,Michiana E-Com (test),lister_B,UP-901279,19.99,0.00,0.00,,9/28/2025 10:41:54 AM,9/28/2025 10:41:54 AM,,8/30/2025 8:41:54 AM,,0.00
Facebook Marketplace,FB-0008124,FB-0008124,Pre-owned Clutch,UPP-808124,1,HB-008124,Handbags,Michiana E-Com (test),lister_B,UP-901274,60.99,0.00,0.00,,9/28/2025 11:01:03 AM,9/28/2025 11:01:03 AM,,9/4/2025 7:01:03 AM,,0.00
GoodwillBooks,GB-9789460008134,GWB-888134,Mid-Century Cookbook,UPP-808134,1,BK-008134,Books,Michiana E-Com (test),lister_B,UP-901284,6.99,0.00,1.05,,9/28/2025 12:31:47 PM,9/28/2025 12:31:47 PM,9/28/2025 11:49:05 AM,8/25/2025 12:31:47 PM,gwb_reader_008751,0.00
GoodwillBooks,GB-9786540008140,GWB-888140,Pre-owned Biography,UPP-808140,1,BK-008140,Books,Michiana E-Com (test),lister_D,UP-901290,24.99,0.00,3.75,,9/28/2025 3:50:56 PM,9/28/2025 3:50:56 PM,,9/25/2025 9:50:56 AM,gwb_reader_008880,0.00
Facebook Marketplace,FB-0008130,FB-0008130,Handmade Crossbody Bag,UPP-808130,1,HB-008130,Handbags,Michiana E-Com (test),lister_D,UP-901280,29.99,0.00,0.00,,9/28/2025 4:23:08 PM,9/28/2025 4:23:08 PM,,8/29/2025 1:23:08 PM,,0.00
Facebook Marketplace,FB-0008127,FB-0008127,Mid-Century Wool Coat,UPP-808127,1,CL-008127,Clothing,Michiana E-Com (test),lister_C,UP-901277,12.99,0.00,0.00,,9/28/2025 5:30:55 PM,9/28/2025 5:30:55 PM,,9/1/2025 5:30:55 PM,,0.00
GoodwillBooks,GB-9780430008141,GWB-888141,Like New Paperback Lot,UPP-808141,1,BK-008141,Books,Michiana E-Com (test),lister_E,UP-901291,5.99,0.00,0.90,,9/28/2025 6:01:50 PM,9/28/2025 6:01:50 PM,9/28/2025 9:12:45 AM,9/24/2025 6:01:50 PM,gwb_reader_008972,0.00
GoodwillBooks,GB-9786420008143,GWB-888143,Mid-Century Paperback Lot,UPP-808143,1,BK-008143,Books,Michiana E-Com (test),lister_E,UP-901293,9.99,0.00,1.50,,9/28/2025 8:13:29 PM,9/28/2025 8:13:29 PM,,9/22/2025 6:13:29 PM,gwb_reader_008199,0.00
GoodwillBooks,GB-9789170008131,GWB-888131,Classic Poetry Collection,UPP-808131,1,BK-008131,Books,Michiana E-Com (test),lister_C,UP-901281,13.99,0.00,2.10,,9/28/2025 8:15:04 PM,9/28/2025 8:15:04 PM,,8/28/2025 4:15:04 PM,gwb_reader_008833,0.00
eBay,310000008120,27-08120-13967,Pre-owned Loafers,UPP-808120,1,SH-008120,Shoes,Michiana E-Com (test),lister_E,UP-901273,28.99,12.10,5.74,,9/28/2025 8:50:07 PM,9/28/2025 8:50:07 PM,9/28/2025 10:53:16 AM,9/8/2025 8:50:07 PM,ebuyer_009392,2.88
GoodwillBooks,GB-9786110008146,GWB-888146,Vintage Paperback Lot,UPP-808146,1,BK-008146,Books,Michiana E-Com (test),lister_C,UP-901296,43.99,0.00,6.60,,9/28/2025 8:59:24 PM,9/28/2025 8:59:24 PM,,9/19/2025 3:59:24 PM,gwb_reader_008265,0.00
ShopGoodwill,210008048,SGW-7708048,Handmade Brooch,UPP-808048,1,JW-008048,Jewelry,Michiana E-Com (test),lister_D,UP-901272,39.00,7.62,3.12,,9/28/2025 9:25:57 PM,9/28/2025 9:25:57 PM,9/28/2025 2:33:42 PM,9/6/2025 4:25:57 PM,sgw_bidder_004031,0.00
ShopGoodwill,210008034,SGW-7708034,Like New Wrist Watch,UPP-808034,1,WT-008034,Watches,Michiana E-Com (test),lister_D,UP-901271,42.00,10.98,3.36,,9/28/2025 9:28:29 PM,9/28/2025 9:28:29 PM,9/28/2025 3:39:00 PM,9/20/2025 4:28:29 PM,sgw_bidder_000020,0.00
GoodwillBooks,GB-9782260008133,GWB-888133,Classic Audiobook,UPP-808133,1,MD-008133,Media,Michiana E-Com (test),lister_C,UP-901283,19.99,0.00,3.00,,9/28/2025 10:07:59 PM,9/28/2025 10:07:59 PM,9/28/2025 2:36:41 PM,8/26/2025 4:07:59 PM,gwb_reader_008053,0.00
GoodwillBooks,GB-9784340008138,GWB-888138,Lot of 2 Audiobook,UPP-808138,1,MD-008138,Media,Michiana E-Com (test),lister_B,UP-901288,5.99,0.00,0.90,,9/28/2025 10:18:13 PM,9/28/2025 10:18:13 PM,9/28/2025 3:36:05 PM,8/21/2025 6:18:13 PM,gwb_reader_008960,0.00
GoodwillBooks,GB-9787940008145,GWB-888145,Pre-owned Biography,UPP-808145,1,BK-008145,Books,Michiana E-Com (test),lister_E,UP-901295,17.99,0.00,2.70,,9/28/2025 11:16:03 PM,9/28/2025 11:16:03 PM,9/28/2025 9:50:04 AM,9/20/2025 7:16:03 PM,gwb_reader_008171,0.00
Facebook Marketplace,FB-0008126,FB-0008126,Like New Patio Chair,UPP-808126,1,FN-008126,Furniture,Michiana E-Com (test),lister_D,UP-901276,52.99,0.00,0.00,,9/28/2025 11:41:47 PM,9/28/2025 11:41:47 PM,,9/2/2025 5:41:47 PM,,0.00
GoodwillBooks,GB-9783020008266,GWB-888266,Classic Atlas,UPP-808266,1,BK-008266,Books,Michiana E-Com (test),lister_F,UP-901305,18.99,0.00,2.85,,9/29/2025 2:35:11 AM,9/29/2025 2:35:11 AM,9/29/2025 9:34:10 AM,9/10/2025 8:35:11 PM,gwb_reader_009089,0.00
GoodwillBooks,GB-9785050008268,GWB-888268,Used Cookbook,UPP-808268,1,BK-008268,Books,Michiana E-Com (test),lister_B,UP-901307,5.99,0.00,0.90,,9/29/2025 3:53:52 AM,9/29/2025 3:53:52 AM,9/29/2025 9:12:38 AM,9/9/2025 2:53:52 AM,gwb_reader_008182,0.00
GoodwillBooks,GB-9784200008272,GWB-888272,Lot of 2 CD Lot,UPP-808272,1,MD-008272,Media,Michiana E-Com (test),lister_C,UP-901311,7.99,0.00,1.20,,9/29/2025 6:11:59 AM,9/29/2025 6:11:59 AM,,9/5/2025 1:11:59 AM,gwb_reader_009070,0.00
GoodwillBooks,GB-9780390008269,GWB-888269,Handmade Poetry Collection,UPP-808269,1,BK-008269,Books,Michiana E-Com (test),lister_E,UP-901308,26.99,0.00,4.05,,9/29/2025 7:23:17 AM,9/29/2025 7:23:17 AM,,9/8/2025 5:23:17 AM,gwb_reader_008783,0.00
Facebook Marketplace,FB-0008260,FB-0008260,Lot of 2 Loafers,UPP-808260,1,SH-008260,Shoes,Michiana E-Com (test),lister_E,UP-901299,15.99,0.00,0.00,,9/29/2025 11:00:55 AM,9/29/2025 11:00:55 AM,,9/17/2025 11:00:55 AM,,0.00
GoodwillBooks,GB-9786320008274,GWB-888274,Classic Cookbook,UPP-808274,1,BK-008274,Books,Michiana E-Com (test),lister_C,UP-901313,11.99,0.00,1.80,,9/29/2025 11:01:38 AM,9/29/2025 11:01:38 AM,9/29/2025 2:53:13 PM,9/3/2025 11:01:38 AM,gwb_reader_008433,0.00
Facebook Marketplace,FB-0008264,FB-0008264,Like New Ceramic Vase,UPP-808264,1,HM-008264,Home Decor,Michiana E-Com (test),lister_D,UP-901303,30.99,0.00,0.00,,9/29/2025 12:18:06 PM,9/29/2025 12:18:06 PM,,9/13/2025 8:18:06 AM,,0.00
Mercari,m00000008262,m00000008262,Classic Running Shoes,UPP-808262,1,SH-008262,Shoes,Michiana E-Com (test),lister_D,UP-901301,41.99,6.99,4.20,,9/29/2025 2:38:28 PM,9/29/2025 2:38:28 PM,9/29/2025 1:27:37 PM,9/15/2025 12:38:28 PM,mercari_009431,0.00
GoodwillBooks,GB-9781880008273,GWB-888273,Retro Field Guide,UPP-808273,1,BK-008273,Books,Michiana E-Com (test),lister_D,UP-901312,36.99,0.00,5.55,,9/29/2025 3:48:36 PM,9/29/2025 3:48:36 PM,9/29/2025 1:10:04 PM,9/4/2025 9:48:36 AM,gwb_reader_009286,0.00
GoodwillBooks,GB-9780400008271,GWB-888271,Vintage Textbook,UPP-808271,1,BK-008271,Books,Michiana E-Com (test),lister_C,UP-901310,2.99,0.00,0.00,2.99,9/29/2025 5:11:48 PM,9/29/2025 5:11:48 PM,,9/6/2025 1:11:48 PM,gwb_reader_008156,0.00
GoodwillBooks,GB-9785950008270,GWB-888270,Used Cookbook,UPP-808270,1,BK-008270,Books,Michiana E-Com (test),lister_C,UP-901309,11.99,0.00,1.80,,9/29/2025 5:49:03 PM,9/29/2025 5:49:03 PM,9/29/2025 3:35:13 PM,9/7/2025 2:49:03 PM,gwb_reader_008394,0.00
GoodwillBooks,GB-9789990008265,GWB-888265,Handmade Biography,UPP-808265,1,BK-008265,Books,Michiana E-Com (test),lister_B,UP-901304,23.99,0.00,3.60,,9/29/2025 7:05:02 PM,9/29/2025 7:05:02 PM,9/29/2025 12:44:33 PM,9/12/2025 2:05:02 PM,gwb_reader_008089,0.00
GoodwillBooks,GB-9780710008267,GWB-888267,Lot of 2 Cookbook,UPP-808267,1,BK-008267,Books,Michiana E-Com (test),lister_A,UP-901306,12.99,0.00,1.95,,9/29/2025 7:07:19 PM,9/29/2025 7:07:19 PM,9/29/2025 12:15:29 PM,9/10/2025 7:07:19 PM,gwb_reader_009486,0.00
Facebook Marketplace,FB-0008261,FB-0008261,Handmade Flannel Shirt,UPP-808261,1,CL-008261,Clothing,Michiana E-Com (test),lister_A,UP-901300,10.99,0.00,0.00,,9/29/2025 7:46:06 PM,9/29/2025 7:46:06 PM,,9/16/2025 6:46:06 PM,,0.00
Facebook Marketplace,FB-0008263,FB-0008263,Like New Table Lamp,UPP-808263,1,HM-008263,Home Decor,Michiana E-Com (test),lister_F,UP-901302,26.99,0.00,0.00,,9/29/2025 8:08:06 PM,9/29/2025 8:08:06 PM,,9/14/2025 5:08:06 PM,,0.00
Facebook Marketplace,FB-0008259,FB-0008259,Handmade Rain Jacket,UPP-808259,1,CL-008259,Clothing,Michiana E-Com (test),lister_D,UP-901298,31.99,0.00,0.00,,9/29/2025 9:40:07 PM,9/29/2025 9:40:07 PM,,9/18/2025 3:40:07 PM,,0.00
eBay,310000008253,10-08253-02725,Retro Leather Boots,UPP-808253,1,SH-008253,Shoes,Michiana E-Com (test),lister_C,UP-901297,43.99,0.00,6.13,,9/29/2025 11:26:20 PM,9/29/2025 11:26:20 PM,9/29/2025 4:49:09 PM,9/24/2025 11:26:20 PM,ebuyer_006712,3.08
Mercari,m00000008376,m00000008376,Classic Bookshelf,UPP-808376,1,FN-008376,Furniture,Michiana E-Com (test),lister_B,UP-901321,14.99,6.99,1.50,,9/30/2025 4:47:22 AM,9/30/2025 4:47:22 AM,,9/13/2025 12:47:22 AM,mercari_009135,0.00
GoodwillBooks,GB-9789120008390,GWB-888390,Retro Cookbook,UPP-808390,1,BK-008390,Books,Michiana E-Com (test),lister_C,UP-901335,13.99,0.00,2.10,,9/30/2025 6:36:17 AM,9/30/2025 6:36:17 AM,9/30/2025 4:46:46 PM,8/30/2025 2:36:17 AM,gwb_reader_008128,0.00
GoodwillBooks,GB-9785250008381,GWB-888381,Antique Atlas,UPP-808381,1,BK-008381,Books,Michiana E-Com (test),lister_A,UP-901326,10.99,0.00,1.65,,9/30/2025 7:31:34 AM,9/30/2025 7:31:34 AM,9/30/2025 3:01:16 PM,9/8/2025 5:31:34 AM,gwb_reader_008066,0.00
GoodwillBooks,GB-9786100008388,GWB-888388,Handmade Hardcover Novel,UPP-808388,1,BK-008388,Books,Michiana E-Com (test),lister_F,UP-901333,11.99,0.00,1.80,,9/30/2025 7:53:22 AM,9/30/2025 7:53:22 AM,9/30/2025 11:01:39 AM,9/1/2025 5:53:22 AM,gwb_reader_008833,0.00
GoodwillBooks,GB-9787760008383,GWB-888383,Classic Paperback Lot,UPP-808383,1,BK-008383,Books,Michiana E-Com (test),lister_B,UP-901328,6.99,0.00,1.05,,9/30/2025 8:08:53 AM,9/30/2025 8:08:53 AM,9/30/2025 11:11:43 AM,9/6/2025 4:08:53 AM,gwb_reader_009164,0.00
GoodwillBooks,GB-9780650008386,GWB-888386,Retro Textbook,UPP-808386,1,BK-008386,Books,Michiana E-Com (test),lister_F,UP-901331,10.99,0.00,1.65,,9/30/2025 8:46:22 AM,9/30/2025 8:46:22 AM,,9/3/2025 8:46:22 AM,gwb_reader_008410,0.00
GoodwillBooks,GB-9789830008382,GWB-888382,Handmade Atlas,UPP-808382,1,BK-008382,Books,Michiana E-Com (test),lister_B,UP-901327,15.99,0.00,2.40,,9/30/2025 8:54:00 AM,9/30/2025 8:54:00 AM,9/30/2025 2:50:59 PM,9/7/2025 5:54:00 AM,gwb_reader_009529,0.00
eBay,310000008358,11-08358-65836,Lot of 2 Leather Satchel,UPP-808358,1,HB-008358,Handbags,Michiana E-Com (test),lister_A,UP-901314,43.99,8.62,7.27,,9/30/2025 9:36:01 AM,9/30/2025 9:36:01 AM,,8/25/2025 9:36:01 AM,ebuyer_006007,3.68
Facebook Marketplace,FB-0008373,FB-0008373,Mid-Century Tote Bag,UPP-808373,1,HB-008373,Handbags,Michiana E-Com (test),lister_E,UP-901318,90.99,0.00,0.00,,9/30/2025 12:33:15 PM,9/30/2025 12:33:15 PM,,9/16/2025 11:33:15 AM,,0.00
eBay,310000008360,16-08360-78923,Antique Turntable,UPP-808360,1,EL-008360,Electronics,Michiana E-Com (test),lister_F,UP-901315,65.99,0.00,9.04,,9/30/2025 12:49:41 PM,9/30/2025 12:49:41 PM,9/30/2025 1:35:39 PM,8/23/2025 10:49:41 AM,ebuyer_006817,4.62
GoodwillBooks,GB-9785070008378,GWB-888378,Mid-Century Atlas,UPP-808378,1,BK-008378,Books,Michiana E-Com (test),lister_B,UP-901323,3.99,0.00,0.60,,9/30/2025 2:34:51 PM,9/30/2025 2:34:51 PM,9/30/2025 10:51:16 AM,9/11/2025 8:34:51 AM,gwb_reader_008257,0.00
GoodwillBooks,GB-9782130008384,GWB-888384,Vintage Field Guide,UPP-808384,1,BK-008384,Books,Michiana E-Com (test),lister_B,UP-901329,10.99,0.00,1.65,,9/30/2025 2:37:45 PM,9/30/2025 2:37:45 PM,9/30/2025 10:57:30 AM,9/5/2025 9:37:45 AM,gwb_reader_008642,0.00
Facebook Marketplace,FB-0008377,FB-0008377,Vintage Hiking Boots,UPP-808377,1,SH-008377,Shoes,Michiana E-Com (test),lister_D,UP-901322,32.99,0.00,0.00,,9/30/2025 2:43:35 PM,9/30/2025 2:43:35 PM,,9/12/2025 9:43:35 AM,,0.00
GoodwillBooks,GB-9787430008387,GWB-888387,Retro Cookbook,UPP-808387,1,BK-008387,Books,Michiana E-Com (test),lister_D,UP-901332,6.99,0.00,1.05,,9/30/2025 2:50:49 PM,9/30/2025 2:50:49 PM,9/30/2025 9:42:16 AM,9/2/2025 1:50:49 PM,gwb_reader_008003,0.00
Mercari,m00000008374,m00000008374,Handmade Sandals,UPP-808374,1,SH-008374,Shoes,Michiana E-Com (test),lister_E,UP-901319,23.99,6.99,2.40,,9/30/2025 4:35:23 PM,9/30/2025 4:35:23 PM,9/30/2025 10:17:15 AM,9/15/2025 2:35:23 PM,mercari_009483,0.00
GoodwillBooks,GB-9782470008380,GWB-888380,Mid-Century Cookbook,UPP-808380,1,BK-008380,Books,Michiana E-Com (test),lister_B,UP-901325,15.99,0.00,2.40,,9/30/2025 6:14:35 PM,9/30/2025 6:14:35 PM,,9/9/2025 5:14:35 PM,gwb_reader_008953,0.00
Mercari,m00000008375,m00000008375,Mid-Century Desk Chair,UPP-808375,1,FN-008375,Furniture,Michiana E-Com (test),lister_E,UP-901320,28.99,6.99,2.90,,9/30/2025 6:35:46 PM,9/30/2025 6:35:46 PM,,9/14/2025 3:35:46 PM,mercari_009001,0.00
Mercari,m00000008372,m00000008372,Mid-Century Table Lamp,UPP-808372,1,HM-008372,Home Decor,Michiana E-Com (test),lister_F,UP-901317,26.99,6.99,2.70,,9/30/2025 6:39:44 PM,9/30/2025 6:39:44 PM,9/30/2025 11:38:36 AM,9/17/2025 6:39:44 PM,mercari_009389,0.00
GoodwillBooks,GB-9786110008389,GWB-888389,Retro Biography,UPP-808389,1,BK-008389,Books,Michiana E-Com (test),lister_C,UP-901334,6.99,0.00,1.05,,9/30/2025 10:50:01 PM,9/30/2025 10:50:01 PM,9/30/2025 4:53:42 PM,8/31/2025 7:50:01 PM,gwb_reader_008144,0.00
GoodwillBooks,GB-9783000008379,GWB-888379,Vintage Biography,UPP-808379,1,BK-008379,Books,Michiana E-Com (test),lister_C,UP-901324,26.99,0.00,4.05,,9/30/2025 10:56:46 PM,9/30/2025 10:56:46 PM,9/30/2025 10:20:40 AM,9/10/2025 10:56:46 PM,gwb_reader_008571,0.00
Mercari,m00000008371,m00000008371,Pre-owned Tote Bag,UPP-808371,1,HB-008371,Handbags,Michiana E-Com (test),lister_E,UP-901316,14.99,6.99,1.50,,9/30/2025 11:16:56 PM,9/30/2025 11:16:56 PM,,9/18/2025 5:16:56 PM,mercari_009002,0.00
GoodwillBooks,GB-9781030008385,GWB-888385,Antique Poetry Collection,UPP-808385,1,BK-008385,Books,Michiana E-Com (test),lister_C,UP-901330,13.99,0.00,0.00,13.99,9/30/2025 11:39:40 PM,9/30/2025 11:39:40 PM,9/30/2025 10:27:37 AM,9/4/2025 5:39:40 PM,gwb_reader_008169,0.00
