,,,,,,,,,,,,,,,,,,,,,,,,,,,,,,,,,,,,,,,,,,,,,,,,,,,,,,,,,,,,,,,,,,,,,,,,,,,,,,,
Sales Record Number,Order Number,Buyer Username,Buyer Name,Buyer Email,Buyer Note,Buyer Address 1,Buyer Address 2,Buyer City,Buyer State,Buyer Zip,Buyer Country,Buyer Tax Identifier Name,Buyer Tax Identifier Value,Ship To Name,Ship To Phone,Ship To Address 1,Ship To Address 2,Ship To City,Ship To State,Ship To Zip,Ship To Country,Item Number,Item Title,Custom Label,Sold Via Promoted Listings,Quantity,Sold For,Shipping And Handling,Item Location,Item Zip Code,Item Country,eBay Collect And Remit Tax Rate,eBay Collect And Remit Tax Type,eBay Reference Name,eBay Reference Value,Tax Status,Seller Collected Tax,eBay Collected Tax,Electronic Waste Recycling Fee,Mattress Recycling Fee,Battery Recycling Fee,White Goods Disposal Tax,Tire Recycling Fee,Additional Fee,eBay Collected Charges,Total Price,eBay Collected Tax Included in Total,Payment Method,Commitment Date,Sale Date,Paid On Date,Ship By Date,Minimum Estimated Delivery Date,Maximum Estimated Delivery Date,Shipped On Date,Feedback Left,Feedback Received,My Item Note,PayPal Transaction ID,Shipping Service,Tracking Number,Transaction ID,Variation Details,Global Shipping Program,Global Shipping Reference ID,Click And Collect,Click And Collect Reference Number,eBay Plus,Authenticity Verification Program,Authenticity Verification Status,Authenticity Verification Outcome Reason,eBay Vault Program,Vault Fulfillment Type,eBay Fulfillment Program,Tax City,Tax State,Tax Zip,Tax Country,eBay International Shipping
,,,,,,,,,,,,,,,,,,,,,,,,,,,,,,,,,,,,,,,,,,,,,,,,,,,,,,,,,,,,,,,,,,,,,,,,,,,,,,,
8300,18-08513-28628,ebuyer_002607,,,,,,,,,,,,,,,,,,,,310000008513,Lot of 2 Flannel Shirt,CL-008513,No,1,$47.99,$6.50,"South Bend, IN",46601,US,7.00%,SalesTax,,,,$0.00,$3.82,,,,,,,,$58.31,Yes,eBay Managed Payments,,Oct-01-25 01:08:06,Oct-01-25 01:08:06,,,,,,,,,GroundAdvantage,,1000008513,,,,,,,,,,,,,,,,,
8301,17-08514-76564,ebuyer_003367,,,,,,,,,,,,,,,,,,,,310000008514,Like New Pewter Mug,CO-008514,No,1,$46.99,$5.65,"South Bend, IN",46601,US,7.00%,SalesTax,,,,$0.00,$3.69,,,,,,,,$56.33,Yes,eBay Managed Payments,,Oct-01-25 02:35:40,Oct-01-25 02:35:40,,,,,,,,,Ground Advantage,,1000008514,,,,,,,,,,,,,,,,,
8307,18-08520-45914,ebuyer_002500,,,,,,,,,,,,,,,,,,,,310000008520,Like New Rain Jacket,CL-008520,No,1,$20.99,$12.33,"South Bend, IN",46601,US,7.00%,SalesTax,,,,$0.00,$2.33,,,,,,,,$35.65,Yes,eBay Managed Payments,,Oct-01-25 04:32:22,Oct-01-25 04:32:22,,,,,,,,,GroundAdvantage,,1000008520,,,,,,,,,,,,,,,,,
8309,07-08522-60412,ebuyer_002722,,,,,,,,,,,,,,,,,,,,310000008522,Pre-owned Camera Lens,EL-008522,No,1,$71.99,$10.69,"South Bend, IN",46601,US,7.00%,SalesTax,,,,$0.00,$5.79,,,,,,,,$88.47,Yes,eBay Managed Payments,,Oct-01-25 06:26:54,Oct-01-25 06:26:54,,,,,,,,,Priority Mail,,1000008522,,,,,,,,,,,,,,,,,
8286,17-08499-07565,ebuyer_002784,,,,,,,,,,,,,,,,,,,,310000008499,Mid-Century Cast Iron Skillet,KT-008499,No,1,$16.99,$6.38,"South Bend, IN",46601,US,7.00%,SalesTax,,,,$0.00,$1.64,,,,,,,,$25.01,Yes,eBay Managed Payments,,Oct-01-25 06:35:41,Oct-01-25 06:35:41,,,,,,,,,FedEx Ground,,1000008499,,,,,,,,,,,,,,,,,
8308,14-08521-90777,ebuyer_003622,,,,,,,,,,,,,,,,,,,,310000008521,Mid-Century Figurine,CO-008521,No,1,$23.99,$0.00,"South Bend, IN",46601,US,7.00%,SalesTax,,,,$0.00,$1.68,,,,,,,,$25.67,Yes,eBay Managed Payments,,Oct-01-25 08:20:58,Oct-01-25 08:20:58,,,,,,,,,GroundAdvantage,,1000008521,,,,,,,,,,,,,,,,,
8304,15-08517-59734,ebuyer_002636,,,,,,,,,,,,,,,,,,,,310000008517,Pre-owned Yoga Mat,SG-008517,No,1,$63.99,$12.57,"South Bend, IN",46601,US,7.00%,SalesTax,,,,$0.00,$5.36,,,,,,,,$81.92,Yes,eBay Managed Payments,,Oct-01-25 09:40:23,Oct-01-25 09:40:23,,,,,,,,,Ground Advantage,,1000008517,,,,,,,,,,,,,,,,,
8296,20-08509-95125,ebuyer_002518,,,,,,,,,,,,,,,,,,,,310000008509,Retro Headphones,EL-008509,No,1,$43.99,$6.26,"South Bend, IN",46601,US,7.00%,SalesTax,,,,$0.00,$3.52,,,,,,,,$53.77,Yes,eBay Managed Payments,,Oct-01-25 09:58:55,Oct-01-25 09:58:55,,,,,,,,,FedEx Express Saver,,1000008509,,,,,,,,,,,,,,,,,
8291,25-08504-53373,ebuyer_002514,,,,,,,,,,,,,,,,,,,,310000008504,Handmade Trading Card Lot,CO-008504,No,1,$53.99,$4.56,"South Bend, IN",46601,US,7.00%,SalesTax,,,,$0.00,$4.10,,,,,,,,$62.65,Yes,eBay Managed Payments,,Oct-01-25 10:25:23,Oct-01-25 10:25:23,,,,,,,,,Ground Advantage,,1000008504,,,,,,,,,,,,,,,,,
8289,20-08502-72197,ebuyer_002649,,,,,,,,,,,,,,,,,,,,310000008502,Retro Loafers,SH-008502,No,1,$56.99,$6.22,"South Bend, IN",46601,US,7.00%,SalesTax,,,,$0.00,$4.43,,,,,,,,$67.64,Yes,eBay Managed Payments,,Oct-01-25 11:07:36,Oct-01-25 11:07:36,,,,,,,,,GroundAdvantage,,1000008502,,,,,,,,,,,,,,,,,
8292,21-08505-50196,ebuyer_003060,,,,,,,,,,,,,,,,,,,,310000008505,Used Crossbody Bag,HB-008505,No,1,$36.99,$12.93,"South Bend, IN",46601,US,7.00%,SalesTax,,,,$0.00,$3.50,,,,,,,,$53.42,Yes,eBay Managed Payments,,Oct-01-25 11:26:21,Oct-01-25 11:26:21,,,,,,,,,Ground Advantage,,1000008505,,,,,,,,,,,,,,,,,
8297,01-08510-62460,ebuyer_002502,,,,,,,,,,,,,,,,,,,,310000008510,Classic Headphones,EL-008510,No,1,$30.99,$5.13,"South Bend, IN",46601,US,7.00%,SalesTax,,,,$0.00,$2.53,,,,,,,,$38.65,Yes,eBay Managed Payments,,Oct-01-25 12:12:27,Oct-01-25 12:12:27,,,,,,,,,FedEx Home Delivery,,1000008510,,,,,,,,,,,,,,,,,
8295,13-08508-49078,ebuyer_003338,,,,,,,,,,,,,,,,,,,,310000008508,Vintage Stoneware Mugs,KT-008508,No,1,$18.99,$6.12,"South Bend, IN",46601,US,7.00%,SalesTax,,,,$0.00,$1.76,,,,,,,,$26.87,Yes,eBay Managed Payments,,Oct-01-25 14:18:38,Oct-01-25 14:18:38,,,,,,,,,Ground Advantage,,1000008508,,,,,,,,,,,,,,,,,
8293,12-08506-01507,ebuyer_003074,,,,,,,,,,,,,,,,,,,,310000008506,Mid-Century Wool Coat,CL-008506,No,1,$31.99,$8.42,"South Bend, IN",46601,US,7.00%,SalesTax,,,,$0.00,$2.83,,,,,,,,$43.24,Yes,eBay Managed Payments,,Oct-01-25 15:01:57,Oct-01-25 15:01:57,,,,,,,,,FedEx Ground,,1000008506,,,,,,,,,,,,,,,,,
8298,06-08511-54743,ebuyer_002584,,,,,,,,,,,,,,,,,,,,310000008511,Classic Golf Balls,SG-008511,No,1,$41.99,$7.56,"South Bend, IN",46601,US,7.00%,SalesTax,,,,$0.00,$3.47,,,,,,,,$53.02,Yes,eBay Managed Payments,,Oct-01-25 15:35:18,Oct-01-25 15:35:18,,,,,,,,,Priority Mail,,1000008511,,,,,,,,,,,,,,,,,
8306,14-08519-89650,ebuyer_002581,,,,,,,,,,,,,,,,,,,,310000008519,Used Fishing Reel,SG-008519,No,1,$29.99,$0.00,"South Bend, IN",46601,US,7.00%,SalesTax,,,,$0.00,$2.10,,,,,,,,$32.09,Yes,eBay Managed Payments,,Oct-01-25 15:50:45,Oct-01-25 15:50:45,,,,,,,,,FedEx Ground,,1000008519,,,,,,,,,,,,,,,,,
8287,20-08500-85566,ebuyer_002510,,,,,,,,,,,,,,,,,,,,310000008500,Pre-owned Trading Card Lot,CO-008500,No,1,$10.99,$0.00,"South Bend, IN",46601,US,7.00%,SalesTax,,,,$0.00,$0.77,,,,,,,,$11.76,Yes,eBay Managed Payments,,Oct-01-25 16:29:47,Oct-01-25 16:29:47,,,,,,,,,FedEx Ground,,1000008500,,,,,,,,,,,,,,,,,
8303,08-08516-53300,ebuyer_003663,,,,,,,,,,,,,,,,,,,,310000008516,Pre-owned Camera Lens,EL-008516,No,1,$28.99,$6.04,"South Bend, IN",46601,US,7.00%,SalesTax,,,,$0.00,$2.45,,,,,,,,$37.48,Yes,eBay Managed Payments,,Oct-01-25 17:12:23,Oct-01-25 17:12:23,,,,,,,,,FedEx Ground,,1000008516,,,,,,,,,,,,,,,,,
8305,15-08518-66204,ebuyer_003347,,,,,,,,,,,,,,,,,,,,310000008518,Classic Crossbody Bag,HB-008518,No,1,$30.99,$8.37,"South Bend, IN",46601,US,7.00%,SalesTax,,,,$0.00,$2.76,,,,,,,,$42.12,Yes,eBay Managed Payments,,Oct-01-25 17:34:53,Oct-01-25 17:34:53,,,,,,,,,GroundAdvantage,,1000008518,,,,,,,,,,,,,,,,,
8294,24-08507-39675,ebuyer_003124,,,,,,,,,,,,,,,,,,,,310000008507,Antique Pewter Mug,CO-008507,No,1,$18.99,$0.00,"South Bend, IN",46601,US,7.00%,SalesTax,,,,$0.00,$1.33,,,,,,,,$20.32,Yes,eBay Managed Payments,,Oct-01-25 18:46:55,Oct-01-25 18:46:55,,,,,,,,,Priority,,1000008507,,,,,,,,,,,,,,,,,
8288,14-08501-01873,ebuyer_002822,,,,,,,,,,,,,,,,,,,,310000008501,Pre-owned Figurine,CO-008501,No,1,$24.99,$6.13,"South Bend, IN",46601,US,7.00%,SalesTax,,,,$0.00,$2.18,,,,,,,,$33.30,Yes,eBay Managed Payments,,Oct-01-25 18:57:48,Oct-01-25 18:57:48,,,,,,,,,Ground Advantage,,1000008501,,,,,,,,,,,,,,,,,
8299,03-08512-75161,ebuyer_002633,,,,,,,,,,,,,,,,,,,,310000008512,Classic Camera Lens,EL-008512,No,1,$42.99,$9.29,"South Bend, IN",46601,US,7.00%,SalesTax,,,,$0.00,$3.66,,,,,,,,$55.94,Yes,eBay Managed Payments,,Oct-01-25 20:29:32,Oct-01-25 20:29:32,,,,,,,,,Ground Advantage,,1000008512,,,,,,,,,,,,,,,,,
8302,17-08515-15224,ebuyer_003265,,,,,,,,,,,,,,,,,,,,310000008515,Antique Clutch,HB-008515,No,1,$25.99,$10.71,"South Bend, IN",46601,US,7.00%,SalesTax,,,,$0.00,$2.57,,,,,,,,$39.27,Yes,eBay Managed Payments,,Oct-01-25 21:38:05,Oct-01-25 21:38:05,,,,,,,,,Priority Mail,,1000008515,,,,,,,,,,,,,,,,,
8310,06-08523-17709,ebuyer_002636,,,,,,,,,,,,,,,,,,,,310000008523,Mid-Century Stoneware Mugs,KT-008523,No,1,$22.99,$0.00,"South Bend, IN",46601,US,7.00%,SalesTax,,,,$0.00,$1.61,,,,,,,,$24.60,Yes,eBay Managed Payments,,Oct-01-25 21:57:30,Oct-01-25 21:57:30,,,,,,,,,FedEx Ground,,1000008523,,,,,,,,,,,,,,,,,
8290,26-08503-18909,ebuyer_003269,,,,,,,,,,,,,,,,,,,,310000008503,Retro Portable Radio,EL-008503,No,1,$36.99,$0.00,"South Bend, IN",46601,US,7.00%,SalesTax,,,,$0.00,$2.59,,,,,,,,$39.58,Yes,eBay Managed Payments,,Oct-01-25 22:57:33,Oct-01-25 22:57:33,,,,,,,,,FedEx 2Day,,1000008503,,,,,,,,,,,,,,,,,
8314,04-08653-45360,ebuyer_002589,,,,,,,,,,,,,,,,,,,,310000008653,Lot of 2 Leather Satchel,HB-008653,No,1,$38.99,$8.58,"South Bend, IN",46601,US,7.00%,SalesTax,,,,$0.00,$3.33,,,,,,,,$50.90,Yes,eBay Managed Payments,,Oct-02-25 04:58:41,Oct-02-25 04:58:41,,,,,,,,,FedEx Ground,,1000008653,,,,,,,,,,,,,,,,,
8328,12-08667-43562,ebuyer_002636,,,,,,,,,,,,,,,,,,,,310000008667,Like New Stoneware Mugs,KT-008667,No,1,$26.99,$16.36,"South Bend, IN",46601,US,7.00%,SalesTax,,,,$0.00,$3.04,,,,,,,,$46.39,Yes,eBay Managed Payments,,Oct-02-25 05:20:07,Oct-02-25 05:20:07,,,,,,,,,GroundAdvantage,,1000008667,,,,,,,,,,,,,,,,,
8325,08-08664-20731,ebuyer_002726,,,,,,,,,,,,,,,,,,,,310000008664,Mid-Century Turntable,EL-008664,No,1,$12.99,$7.82,"South Bend, IN",46601,US,7.00%,SalesTax,,,,$0.00,$1.46,,,,,,,,$22.27,Yes,eBay Managed Payments,,Oct-02-25 06:26:31,Oct-02-25 06:26:31,,,,,,,,,FedEx Home Delivery,,1000008664,,,,,,,,,,,,,,,,,
8332,22-08671-26438,ebuyer_003158,,,,,,,,,,,,,,,,,,,,310000008671,Handmade Tote Bag,HB-008671,No,1,$50.99,$0.00,"South Bend, IN",46601,US,7.00%,SalesTax,,,,$0.00,$3.57,,,,,,,,$54.56,Yes,eBay Managed Payments,,Oct-02-25 07:40:14,Oct-02-25 07:40:14,,,,,,,,,Ground Advantage,,1000008671,,,,,,,,,,,,,,,,,
8330,23-08669-02783,ebuyer_003456,,,,,,,,,,,,,,,,,,,,310000008669,Mid-Century Crossbody Bag,HB-008669,No,1,$43.99,$8.47,"South Bend, IN",46601,US,7.00%,SalesTax,,,,$0.00,$3.67,,,,,,,,$56.13,Yes,eBay Managed Payments,,Oct-02-25 08:01:12,Oct-02-25 08:01:12,,,,,,,,,Ground Advantage,,1000008669,,,,,,,,,,,,,,,,,
8321,16-08660-26543,ebuyer_002649,,,,,,,,,,,,,,,,,,,,310000008660,Classic Coin Lot,CO-008660,No,1,$21.99,$0.00,"South Bend, IN",46601,US,7.00%,SalesTax,,,,$0.00,$1.54,,,,,,,,$23.53,Yes,eBay Managed Payments,,Oct-02-25 08:43:02,Oct-02-25 08:43:02,,,,,,,,,Ground Advantage,,1000008660,,,,,,,,,,,,,,,,,
8326,12-08665-55343,ebuyer_002642,,,,,,,,,,,,,,,,,,,,310000008665,Handmade Trading Card Lot,CO-008665,No,1,$25.99,$0.00,"South Bend, IN",46601,US,7.00%,SalesTax,,,,$0.00,$1.82,,,,,,,,$27.81,Yes,eBay Managed Payments,,Oct-02-25 09:41:40,Oct-02-25 09:41:40,,,,,,,,,GroundAdvantage,,1000008665,,,,,,,,,,,,,,,,,
8324,23-08663-73809,ebuyer_002511,,,,,,,,,,,,,,,,,,,,310000008663,Antique Film Camera,EL-008663,No,1,$80.99,$0.00,"South Bend, IN",46601,US,7.00%,SalesTax,,,,$0.00,$5.67,,,,,,,,$86.66,Yes,eBay Managed Payments,,Oct-02-25 10:44:23,Oct-02-25 10:44:23,,,,,,,,,Priority,,1000008663,,,,,,,,,,,,,,,,,
8317,10-08656-26307,ebuyer_003350,,,,,,,,,,,,,,,,,,,,310000008656,Antique Trading Card Lot,CO-008656,No,1,$34.99,$0.00,"South Bend, IN",46601,US,7.00%,SalesTax,,,,$0.00,$2.45,,,,,,,,$37.44,Yes,eBay Managed Payments,,Oct-02-25 10:47:13,Oct-02-25 10:47:13,,,,,,,,,GroundAdvantage,,1000008656,,,,,,,,,,,,,,,,,
8323,15-08662-61549,ebuyer_003336,,,,,,,,,,,,,,,,,,,,310000008662,Lot of 2 Pewter Mug,CO-008662,No,1,$72.99,$0.00,"South Bend, IN",46601,US,7.00%,SalesTax,,,,$0.00,$5.11,,,,,,,,$78.10,Yes,eBay Managed Payments,,Oct-02-25 10:50:53,Oct-02-25 10:50:53,,,,,,,,,Priority,,1000008662,,,,,,,,,,,,,,,,,
8329,27-08668-33315,ebuyer_002843,,,,,,,,,,,,,,,,,,,,310000008668,Classic Stoneware Mugs,KT-008668,No,1,$41.99,$12.27,"South Bend, IN",46601,US,7.00%,SalesTax,,,,$0.00,$3.80,,,,,,,,$58.06,Yes,eBay Managed Payments,,Oct-02-25 11:44:57,Oct-02-25 11:44:57,,,,,,,,,Ground Advantage,,1000008668,,,,,,,,,,,,,,,,,
8327,02-08666-03435,ebuyer_002997,,,,,,,,,,,,,,,,,,,,310000008666,Like New Golf Balls,SG-008666,No,1,$104.99,$0.00,"South Bend, IN",46601,US,7.00%,SalesTax,,,,$0.00,$7.35,,,,,,,,$112.34,Yes,eBay Managed Payments,,Oct-02-25 12:26:37,Oct-02-25 12:26:37,,,,,,,,,Priority Mail,,1000008666,,,,,,,,,,,,,,,,,
8311,02-08650-30387,ebuyer_002506,,,,,,,,,,,,,,,,,,,,310000008650,Lot of 2 Yoga Mat,SG-008650,No,2,$25.99,$0.00,"South Bend, IN",46601,US,7.00%,SalesTax,,,,$0.00,$3.64,,,,,,,,$55.62,Yes,eBay Managed Payments,,Oct-02-25 16:02:19,Oct-02-25 16:02:19,,,,,,,,,Ground Advantage,,1000008650,,,,,,,,,,,,,,,,,
8315,25-08654-45686,ebuyer_002654,,,,,,,,,,,,,,,,,,,,310000008654,Vintage Hiking Boots,SH-008654,No,1,$20.99,$0.00,"South Bend, IN",46601,US,7.00%,SalesTax,,,,$0.00,$1.47,,,,,,,,$22.46,Yes,eBay Managed Payments,,Oct-02-25 16:30:14,Oct-02-25 16:30:14,,,,,,,,,GroundAdvantage,,1000008654,,,,,,,,,,,,,,,,,
8313,11-08652-83788,ebuyer_003134,,,,,,,,,,,,,,,,,,,,310000008652,Antique Leather Boots,SH-008652,No,1,$37.99,$0.00,"South Bend, IN",46601,US,7.00%,SalesTax,,,,$0.00,$2.66,,,,,,,,$40.65,Yes,eBay Managed Payments,,Oct-02-25 17:34:17,Oct-02-25 17:34:17,,,,,,,,,GroundAdvantage,,1000008652,,,,,,,,,,,,,,,,,
8320,17-08659-03140,ebuyer_002817,,,,,,,,,,,,,,,,,,,,310000008659,Retro Loafers,SH-008659,No,1,$56.99,$0.00,"South Bend, IN",46601,US,7.00%,SalesTax,,,,$0.00,$3.99,,,,,,,,$60.98,Yes,eBay Managed Payments,,Oct-02-25 17:57:14,Oct-02-25 17:57:14,,,,,,,,,FedEx Home Delivery,,1000008659,,,,,,,,,,,,,,,,,
8316,01-08655-25695,ebuyer_002680,,,,,,,,,,,,,,,,,,,,310000008655,Vintage Denim Jacket,CL-008655,No,1,$15.99,$0.00,"South Bend, IN",46601,US,7.00%,SalesTax,,,,$0.00,$1.12,,,,,,,,$17.11,Yes,eBay Managed Payments,,Oct-02-25 19:01:20,Oct-02-25 19:01:20,,,,,,,,,Priority Mail,,1000008655,,,,,,,,,,,,,,,,,
8318,05-08657-28650,ebuyer_002562,,,,,,,,,,,,,,,,,,,,310000008657,Lot of 2 Wool Coat,CL-008657,No,1,$19.99,$0.00,"South Bend, IN",46601,US,7.00%,SalesTax,,,,$0.00,$1.40,,,,,,,,$21.39,Yes,eBay Managed Payments,,Oct-02-25 20:45:50,Oct-02-25 20:45:50,,,,,,,,,Ground Advantage,,1000008657,,,,,,,,,,,,,,,,,
8333,12-08672-46403,ebuyer_002556,,,,,,,,,,,,,,,,,,,,310000008672,Handmade Film Camera,EL-008672,No,1,$155.99,$4.55,"South Bend, IN",46601,US,7.00%,SalesTax,,,,$0.00,$11.24,,,,,,,,$171.78,Yes,eBay Managed Payments,,Oct-02-25 21:19:09,Oct-02-25 21:19:09,,,,,,,,,GroundAdvantage,,1000008672,,,,,,,,,,,,,,,,,
8312,23-08651-50745,ebuyer_002651,,,,,,,,,,,,,,,,,,,,310000008651,Mid-Century Sandals,SH-008651,No,1,$20.99,$9.06,"South Bend, IN",46601,US,7.00%,SalesTax,,,,$0.00,$2.10,,,,,,,,$32.15,Yes,eBay Managed Payments,,Oct-02-25 22:43:15,Oct-02-25 22:43:15,,,,,,,,,Ground Advantage,,1000008651,,,,,,,,,,,,,,,,,
8319,06-08658-81975,ebuyer_003245,,,,,,,,,,,,,,,,,,,,310000008658,Retro Leather Boots,SH-008658,No,1,$43.99,$0.00,"South Bend, IN",46601,US,7.00%,SalesTax,,,,$0.00,$3.08,,,,,,,,$47.07,Yes,eBay Managed Payments,,Oct-02-25 23:14:08,Oct-02-25 23:14:08,,,,,,,,,GroundAdvantage,,1000008658,,,,,,,,,,,,,,,,,
8331,19-08670-72547,ebuyer_003521,,,,,,,,,,,,,,,,,,,,310000008670,Pre-owned Flannel Shirt,CL-008670,No,1,$9.99,$5.73,"South Bend, IN",46601,US,7.00%,SalesTax,,,,$0.00,$1.10,,,,,,,,$16.82,Yes,eBay Managed Payments,,Oct-02-25 23:21:45,Oct-02-25 23:21:45,,,,,,,,,Priority Mail,,1000008670,,,,,,,,,,,,,,,,,
8322,02-08661-39415,ebuyer_003077,,,,,,,,,,,,,,,,,,,,310000008661,Lot of 2 Snow Globe,CO-008661,No,1,$19.99,$0.00,"South Bend, IN",46601,US,7.00%,SalesTax,,,,$0.00,$1.40,,,,,,,,$21.39,Yes,eBay Managed Payments,,Oct-02-25 23:49:28,Oct-02-25 23:49:28,,,,,,,,,Priority Mail,,1000008661,,,,,,,,,,,,,,,,,
8353,14-08833-76550,ebuyer_003278,,,,,,,,,,,,,,,,,,,,310000008833,Pre-owned Tennis Racket,SG-008833,No,1,$13.99,$8.93,"South Bend, IN",46601,US,7.00%,SalesTax,,,,$0.00,$1.61,,,,,,,,$24.53,Yes,eBay Managed Payments,,Oct-03-25 00:20:29,Oct-03-25 00:20:29,,,,,,,,,Ground Advantage,,1000008833,,,,,,,,,,,,,,,,,
8337,08-08817-65729,ebuyer_003467,,,,,,,,,,,,,,,,,,,,310000008817,Pre-owned Silk Blouse,CL-008817,No,1,$31.99,$16.70,"South Bend, IN",46601,US,7.00%,SalesTax,,,,$0.00,$3.41,,,,,,,,$52.10,Yes,eBay Managed Payments,,Oct-03-25 03:00:33,Oct-03-25 03:00:33,,,,,,,,,Ground Advantage,,1000008817,,,,,,,,,,,,,,,,,
8348,02-08828-55865,ebuyer_003157,,,,,,,,,,,,,,,,,,,,310000008828,Mid-Century Tennis Racket,SG-008828,No,1,$72.99,$0.00,"South Bend, IN",46601,US,7.00%,SalesTax,,,,$0.00,$5.11,,,,,,,,$78.10,Yes,eBay Managed Payments,,Oct-03-25 03:28:33,Oct-03-25 03:28:33,,,,,,,,,Ground Advantage,,1000008828,,,,,,,,,,,,,,,,,
8352,21-08832-20552,ebuyer_002910,,,,,,,,,,,,,,,,,,,,310000008832,Retro Camera Lens,EL-008832,No,1,$81.99,$0.00,"South Bend, IN",46601,US,7.00%,SalesTax,,,,$0.00,$5.74,,,,,,,,$87.73,Yes,eBay Managed Payments,,Oct-03-25 03:47:43,Oct-03-25 03:47:43,,,,,,,,,Ground Advantage,,1000008832,,,,,,,,,,,,,,,,,
8339,23-08819-78923,ebuyer_002571,,,,,,,,,,,,,,,,,,,,310000008819,Lot of 2 Portable Radio,EL-008819,No,1,$39.99,$0.00,"South Bend, IN",46601,US,7.00%,SalesTax,,,,$0.00,$2.80,,,,,,,,$42.79,Yes,eBay Managed Payments,,Oct-03-25 04:01:38,Oct-03-25 04:01:38,,,,,,,,,Ground Advantage,,1000008819,,,,,,,,,,,,,,,,,
8345,01-08825-52457,ebuyer_003371,,,,,,,,,,,,,,,,,,,,310000008825,Antique Figurine,CO-008825,No,1,$54.99,$6.47,"South Bend, IN",46601,US,7.00%,SalesTax,,,,$0.00,$4.30,,,,,,,,$65.76,Yes,eBay Managed Payments,,Oct-03-25 06:27:37,Oct-03-25 06:27:37,,,,,,,,,GroundAdvantage,,1000008825,,,,,,,,,,,,,,,,,
8351,25-08831-04597,ebuyer_003095,,,,,,,,,,,,,,,,,,,,310000008831,Like New Pewter Mug,CO-008831,No,1,$37.99,$0.00,"South Bend, IN",46601,US,7.00%,SalesTax,,,,$0.00,$2.66,,,,,,,,$40.65,Yes,eBay Managed Payments,,Oct-03-25 06:37:15,Oct-03-25 06:37:15,,,,,,,,,FedEx Express Saver,,1000008831,,,,,,,,,,,,,,,,,
8340,03-08820-73032,ebuyer_002619,,,,,,,,,,,,,,,,,,,,310000008820,Pre-owned Film Camera,EL-008820,No,1,$73.99,$6.41,"South Bend, IN",46601,US,7.00%,SalesTax,,,,$0.00,$5.63,,,,,,,,$86.03,Yes,eBay Managed Payments,,Oct-03-25 09:05:45,Oct-03-25 09:05:45,,,,,,,,,Priority Mail,,1000008820,,,,,,,,,,,,,,,,,
8336,14-08816-10196,ebuyer_002568,,,,,,,,,,,,,,,,,,,,310000008816,Vintage Trading Card Lot,CO-008816,No,1,$20.99,$0.00,"South Bend, IN",46601,US,7.00%,SalesTax,,,,$0.00,$1.47,,,,,,,,$22.46,Yes,eBay Managed Payments,,Oct-03-25 09:57:30,Oct-03-25 09:57:30,,,,,,,,,Ground Advantage,,1000008816,,,,,,,,,,,,,,,,,
8342,24-08822-64572,ebuyer_002520,,,,,,,,,,,,,,,,,,,,310000008822,Like New Figurine,CO-008822,No,1,$19.99,$0.00,"South Bend, IN",46601,US,7.00%,SalesTax,,,,$0.00,$1.40,,,,,,,,$21.39,Yes,eBay Managed Payments,,Oct-03-25 13:03:15,Oct-03-25 13:03:15,,,,,,,,,Priority,,1000008822,,,,,,,,,,,,,,,,,
8355,05-08835-74263,ebuyer_002694,,,,,,,,,,,,,,,,,,,,310000008835,Mid-Century Wool Coat,CL-008835,No,1,$28.99,$8.83,"South Bend, IN",46601,US,7.00%,SalesTax,,,,$0.00,$2.65,,,,,,,,$40.47,Yes,eBay Managed Payments,,Oct-03-25 13:08:42,Oct-03-25 13:08:42,,,,,,,,,Priority,,1000008835,,,,,,,,,,,,,,,,,
8350,01-08830-28234,ebuyer_002871,,,,,,,,,,,,,,,,,,,,310000008830,Vintage Yoga Mat,SG-008830,No,1,$13.99,$0.00,"South Bend, IN",46601,US,7.00%,SalesTax,,,,$0.00,$0.98,,,,,,,,$14.97,Yes,eBay Managed Payments,,Oct-03-25 13:10:39,Oct-03-25 13:10:39,,,,,,,,,GroundAdvantage,,1000008830,,,,,,,,,,,,,,,,,
8341,22-08821-79458,ebuyer_002500,,,,,,,,,,,,,,,,,,,,310000008821,Used Crossbody Bag,HB-008821,No,1,$99.99,$0.00,"South Bend, IN",46601,US,7.00%,SalesTax,,,,$0.00,$7.00,,,,,,,,$106.99,Yes,eBay Managed Payments,,Oct-03-25 13:18:27,Oct-03-25 13:18:27,,,,,,,,,Ground Advantage,,1000008821,,,,,,,,,,,,,,,,,
8354,22-08834-11166,ebuyer_003638,,,,,,,,,,,,,,,,,,,,310000008834,Used Pyrex Bowl,KT-008834,No,1,$33.99,$9.30,"South Bend, IN",46601,US,7.00%,SalesTax,,,,$0.00,$3.03,,,,,,,,$46.32,Yes,eBay Managed Payments,,Oct-03-25 13:26:37,Oct-03-25 13:26:37,,,,,,,,,Ground Advantage,,1000008834,,,,,,,,,,,,,,,,,
8347,09-08827-90999,ebuyer_002519,,,,,,,,,,,,,,,,,,,,310000008827,Mid-Century Headphones,EL-008827,No,1,$127.99,$8.42,"South Bend, IN",46601,US,7.00%,SalesTax,,,,$0.00,$9.55,,,,,,,,$145.96,Yes,eBay Managed Payments,,Oct-03-25 15:29:05,Oct-03-25 15:29:05,,,,,,,,,GroundAdvantage,,1000008827,,,,,,,,,,,,,,,,,
8335,09-08815-51206,ebuyer_002581,,,,,,,,,,,,,,,,,,,,310000008815,Like New Figurine,CO-008815,No,1,$36.99,$0.00,"South Bend, IN",46601,US,7.00%,SalesTax,,,,$0.00,$2.59,,,,,,,,$39.58,Yes,eBay Managed Payments,,Oct-03-25 16:47:28,Oct-03-25 16:47:28,,,,,,,,,Ground Advantage,,1000008815,,,,,,,,,,,,,,,,,
8343,22-08823-17942,ebuyer_002806,,,,,,,,,,,,,,,,,,,,310000008823,Pre-owned Tennis Racket,SG-008823,No,1,$27.99,$0.00,"South Bend, IN",46601,US,7.00%,SalesTax,,,,$0.00,$1.96,,,,,,,,$29.95,Yes,eBay Managed Payments,,Oct-03-25 17:24:43,Oct-03-25 17:24:43,,,,,,,,,Priority Mail,,1000008823,,,,,,,,,,,,,,,,,
8356,02-08836-52343,ebuyer_003224,,,,,,,,,,,,,,,,,,,,310000008836,Like New Golf Balls,SG-008836,No,1,$27.99,$0.00,"South Bend, IN",46601,US,7.00%,SalesTax,,,,$0.00,$1.96,,,,,,,,$29.95,Yes,eBay Managed Payments,,Oct-03-25 18:51:41,Oct-03-25 18:51:41,,,,,,,,,Priority Mail,,1000008836,,,,,,,,,,,,,,,,,
8349,19-08829-24639,ebuyer_002501,,,,,,,,,,,,,,,,,,,,310000008829,Vintage Trading Card Lot,CO-008829,No,1,$26.99,$0.00,"South Bend, IN",46601,US,7.00%,SalesTax,,,,$0.00,$1.89,,,,,,,,$28.88,Yes,eBay Managed Payments,,Oct-03-25 19:11:19,Oct-03-25 19:11:19,,,,,,,,,FedEx Ground,,1000008829,,,,,,,,,,,,,,,,,
8346,01-08826-24492,ebuyer_002567,,,,,,,,,,,,,,,,,,,,310000008826,Used Fondue Set,KT-008826,No,1,$27.99,$7.31,"South Bend, IN",46601,US,7.00%,SalesTax,,,,$0.00,$2.47,,,,,,,,$37.77,Yes,eBay Managed Payments,,Oct-03-25 19:44:18,Oct-03-25 19:44:18,,,,,,,,,Priority,,1000008826,,,,,,,,,,,,,,,,,
8334,26-08814-03097,ebuyer_003496,,,,,,,,,,,,,,,,,,,,310000008814,Mid-Century Figurine,CO-008814,No,1,$44.99,$0.00,"South Bend, IN",46601,US,7.00%,SalesTax,,,,$0.00,$3.15,,,,,,,,$48.14,Yes,eBay Managed Payments,,Oct-03-25 20:21:50,Oct-03-25 20:21:50,,,,,,,,,Ground Advantage,,1000008814,,,,,,,,,,,,,,,,,
8344,09-08824-34897,ebuyer_002671,,,,,,,,,,,,,,,,,,,,310000008824,Pre-owned Wool Coat,CL-008824,No,1,$24.99,$0.00,"South Bend, IN",46601,US,7.00%,SalesTax,,,,$0.00,$1.75,,,,,,,,$26.74,Yes,eBay Managed Payments,,Oct-03-25 20:41:40,Oct-03-25 20:41:40,,,,,,,,,GroundAdvantage,,1000008824,,,,,,,,,,,,,,,,,
8338,06-08818-86107,ebuyer_002979,,,,,,,,,,,,,,,,,,,,310000008818,Classic Tote Bag,HB-008818,No,1,$24.99,$0.00,"South Bend, IN",46601,US,7.00%,SalesTax,,,,$0.00,$1.75,,,,,,,,$26.74,Yes,eBay Managed Payments,,Oct-03-25 21:05:38,Oct-03-25 21:05:38,,,,,,,,,FedEx Ground,,1000008818,,,,,,,,,,,,,,,,,
8357,10-08984-47727,ebuyer_003149,,,,,,,,,,,,,,,,,,,,310000008984,Retro Flannel Shirt,CL-008984,No,1,$21.99,$10.98,"South Bend, IN",46601,US,7.00%,SalesTax,,,,$0.00,$2.31,,,,,,,,$35.28,Yes,eBay Managed Payments,,Oct-04-25 01:22:49,Oct-04-25 01:22:49,,,,,,,,,FedEx Home Delivery,,1000008984,,,,,,,,,,,,,,,,,
8363,22-08990-48493,ebuyer_003122,,,,,,,,,,,,,,,,,,,,310000008990,Antique Wool Coat,CL-008990,No,1,$18.99,$8.78,"South Bend, IN",46601,US,7.00%,SalesTax,,,,$0.00,$1.94,,,,,,,,$29.71,Yes,eBay Managed Payments,,Oct-04-25 02:40:07,Oct-04-25 02:40:07,,,,,,,,,Priority Mail,,1000008990,,,,,,,,,,,,,,,,,
8366,09-08993-52448,ebuyer_003296,,,,,,,,,,,,,,,,,,,,310000008993,Classic Leather Satchel,HB-008993,No,1,$62.99,$7.31,"South Bend, IN",46601,US,7.00%,SalesTax,,,,$0.00,$4.92,,,,,,,,$75.22,Yes,eBay Managed Payments,,Oct-04-25 03:56:20,Oct-04-25 03:56:20,,,,,,,,,FedEx Ground,,1000008993,,,,,,,,,,,,,,,,,
8364,08-08991-20724,ebuyer_002639,,,,,,,,,,,,,,,,,,,,310000008991,Like New Cast Iron Skillet,KT-008991,No,1,$29.99,$0.00,"South Bend, IN",46601,US,7.00%,SalesTax,,,,$0.00,$2.10,,,,,,,,$32.09,Yes,eBay Managed Payments,,Oct-04-25 04:39:52,Oct-04-25 04:39:52,,,,,,,,,FedEx Home Delivery,,1000008991,,,,,,,,,,,,,,,,,
8370,25-08997-96434,ebuyer_003467,,,,,,,,,,,,,,,,,,,,310000008997,Vintage Loafers,SH-008997,No,1,$38.99,$6.47,"South Bend, IN",46601,US,7.00%,SalesTax,,,,$0.00,$3.18,,,,,,,,$48.64,Yes,eBay Managed Payments,,Oct-04-25 05:30:40,Oct-04-25 05:30:40,,,,,,,,,Ground Advantage,,1000008997,,,,,,,,,,,,,,,,,
8360,14-08987-01329,ebuyer_002980,,,,,,,,,,,,,,,,,,,,310000008987,Vintage Pyrex Bowl,KT-008987,No,1,$41.99,$11.53,"South Bend, IN",46601,US,7.00%,SalesTax,,,,$0.00,$3.75,,,,,,,,$57.27,Yes,eBay Managed Payments,,Oct-04-25 05:58:29,Oct-04-25 05:58:29,,,,,,,,,Ground Advantage,,1000008987,,,,,,,,,,,,,,,,,
8369,27-08996-52469,ebuyer_002501,,,,,,,,,,,,,,,,,,,,310000008996,Retro Headphones,EL-008996,No,1,$23.99,$7.70,"South Bend, IN",46601,US,7.00%,SalesTax,,,,$0.00,$2.22,,,,,,,,$33.91,Yes,eBay Managed Payments,,Oct-04-25 10:27:34,Oct-04-25 10:27:34,,,,,,,,,FedEx Home Delivery,,1000008996,,,,,,,,,,,,,,,,,
8362,27-08989-13087,ebuyer_003692,,,,,,,,,,,,,,,,,,,,310000008989,Lot of 2 Portable Radio,EL-008989,No,1,$56.99,$0.00,"South Bend, IN",46601,US,7.00%,SalesTax,,,,$0.00,$3.99,,,,,,,,$60.98,Yes,eBay Managed Payments,,Oct-04-25 11:14:38,Oct-04-25 11:14:38,,,,,,,,,Ground Advantage,,1000008989,,,,,,,,,,,,,,,,,
8358,22-08985-13033,ebuyer_003297,,,,,,,,,,,,,,,,,,,,310000008985,Vintage Denim Jacket,CL-008985,No,1,$36.99,$5.64,"South Bend, IN",46601,US,7.00%,SalesTax,,,,$0.00,$2.98,,,,,,,,$45.61,Yes,eBay Managed Payments,,Oct-04-25 13:07:39,Oct-04-25 13:07:39,,,,,,,,,FedEx Express Saver,,1000008985,,,,,,,,,,,,,,,,,
8373,06-09000-09821,ebuyer_002899,,,,,,,,,,,,,,,,,,,,310000009000,Antique Fondue Set,KT-009000,No,1,$23.99,$0.00,"South Bend, IN",46601,US,7.00%,SalesTax,,,,$0.00,$1.68,,,,,,,,$25.67,Yes,eBay Managed Payments,,Oct-04-25 13:10:45,Oct-04-25 13:10:45,,,,,,,,,Priority Mail,,1000009000,,,,,,,,,,,,,,,,,
8368,09-08995-22054,ebuyer_002688,,,,,,,,,,,,,,,,,,,,310000008995,Classic Tennis Racket,SG-008995,No,2,$27.99,$9.03,"South Bend, IN",46601,US,7.00%,SalesTax,,,,$0.00,$4.55,,,,,,,,$69.56,Yes,eBay Managed Payments,,Oct-04-25 15:58:11,Oct-04-25 15:58:11,,,,,,,,,GroundAdvantage,,1000008995,,,,,,,,,,,,,,,,,
8365,13-08992-52962,ebuyer_002520,,,,,,,,,,,,,,,,,,,,310000008992,Classic Flannel Shirt,CL-008992,No,1,$18.99,$8.61,"South Bend, IN",46601,US,7.00%,SalesTax,,,,$0.00,$1.93,,,,,,,,$29.53,Yes,eBay Managed Payments,,Oct-04-25 15:58:32,Oct-04-25 15:58:32,,,,,,,,,Ground Advantage,,1000008992,,,,,,,,,,,,,,,,,
8367,02-08994-19863,ebuyer_002537,,,,,,,,,,,,,,,,,,,,310000008994,Mid-Century Camera Lens,EL-008994,No,1,$53.99,$5.61,"South Bend, IN",46601,US,7.00%,SalesTax,,,,$0.00,$4.17,,,,,,,,$63.77,Yes,eBay Managed Payments,,Oct-04-25 16:30:05,Oct-04-25 16:30:05,,,,,,,,,Ground Advantage,,1000008994,,,,,,,,,,,,,,,,,
8371,23-08998-00335,ebuyer_002863,,,,,,,,,,,,,,,,,,,,310000008998,Like New Flannel Shirt,CL-008998,No,1,$16.99,$7.93,"South Bend, IN",46601,US,7.00%,SalesTax,,,,$0.00,$1.75,,,,,,,,$26.67,Yes,eBay Managed Payments,,Oct-04-25 18:01:10,Oct-04-25 18:01:10,,,,,,,,,Ground Advantage,,1000008998,,,,,,,,,,,,,,,,,
8372,18-08999-62859,ebuyer_002851,,,,,,,,,,,,,,,,,,,,310000008999,Handmade Rain Jacket,CL-008999,No,1,$84.99,$7.53,"South Bend, IN",46601,US,7.00%,SalesTax,,,,$0.00,$6.48,,,,,,,,$99.00,Yes,eBay Managed Payments,,Oct-04-25 18:35:12,Oct-04-25 18:35:12,,,,,,,,,Ground Advantage,,1000008999,,,,,,,,,,,,,,,,,
8361,23-08988-79911,ebuyer_002647,,,,,,,,,,,,,,,,,,,,310000008988,Lot of 2 Running Shoes,SH-008988,No,1,$23.99,$7.49,"South Bend, IN",46601,US,7.00%,SalesTax,,,,$0.00,$2.20,,,,,,,,$33.68,Yes,eBay Managed Payments,,Oct-04-25 19:43:22,Oct-04-25 19:43:22,,,,,,,,,Priority Mail,,1000008988,,,,,,,,,,,,,,,,,
8359,01-08986-11718,ebuyer_003444,,,,,,,,,,,,,,,,,,,,310000008986,Handmade Headphones,EL-008986,No,1,$69.99,$5.98,"South Bend, IN",46601,US,7.00%,SalesTax,,,,$0.00,$5.32,,,,,,,,$81.29,Yes,eBay Managed Payments,,Oct-04-25 21:48:05,Oct-04-25 21:48:05,,,,,,,,,FedEx Ground,,1000008986,,,,,,,,,,,,,,,,,
8402,11-09167-09677,ebuyer_002518,,,,,,,,,,,,,,,,,,,,310000009167,Classic Hiking Boots,SH-009167,No,1,$45.99,$6.30,"South Bend, IN",46601,US,7.00%,SalesTax,,,,$0.00,$3.66,,,,,,,,$55.95,Yes,eBay Managed Payments,,Oct-05-25 00:34:20,Oct-05-25 00:34:20,,,,,,,,,Priority,,1000009167,,,,,,,,,,,,,,,,,
8384,26-09149-78109,ebuyer_003465,,,,,,,,,,,,,,,,,,,,310000009149,Antique Loafers,SH-009149,No,1,$91.99,$6.72,"South Bend, IN",46601,US,7.00%,SalesTax,,,,$0.00,$6.91,,,,,,,,$105.62,Yes,eBay Managed Payments,,Oct-05-25 03:15:13,Oct-05-25 03:15:13,,,,,,,,,Priority Mail,,1000009149,,,,,,,,,,,,,,,,,
8401,22-09166-21920,ebuyer_002702,,,,,,,,,,,,,,,,,,,,310000009166,Lot of 2 Fishing Reel,SG-009166,No,1,$50.99,$8.86,"South Bend, IN",46601,US,7.00%,SalesTax,,,,$0.00,$4.19,,,,,,,,$64.04,Yes,eBay Managed Payments,,Oct-05-25 03:54:29,Oct-05-25 03:54:29,,,,,,,,,GroundAdvantage,,1000009166,,,,,,,,,,,,,,,,,
8397,16-09162-73621,ebuyer_003394,,,,,,,,,,,,,,,,,,,,310000009162,Classic Game Console,EL-009162,No,1,$50.99,$8.44,"South Bend, IN",46601,US,7.00%,SalesTax,,,,$0.00,$4.16,,,,,,,,$63.59,Yes,eBay Managed Payments,,Oct-05-25 06:02:17,Oct-05-25 06:02:17,,,,,,,,,Priority,,1000009162,,,,,,,,,,,,,,,,,
8398,12-09163-03954,ebuyer_002517,,,,,,,,,,,,,,,,,,,,310000009163,Vintage Camera Lens,EL-009163,No,1,$26.99,$9.18,"South Bend, IN",46601,US,7.00%,SalesTax,,,,$0.00,$2.53,,,,,,,,$38.70,Yes,eBay Managed Payments,,Oct-05-25 06:34:39,Oct-05-25 06:34:39,,,,,,,,,Ground Advantage,,1000009163,,,,,,,,,,,,,,,,,
8374,06-09139-16084,ebuyer_003220,,,,,,,,,,,,,,,,,,,,310000009139,Retro Figurine,CO-009139,No,1,$27.99,$0.00,"South Bend, IN",46601,US,7.00%,SalesTax,,,,$0.00,$1.96,,,,,,,,$29.95,Yes,eBay Managed Payments,,Oct-05-25 06:38:21,Oct-05-25 06:38:21,,,,,,,,,FedEx Ground,,1000009139,,,,,,,,,,,,,,,,,
8388,03-09153-97609,ebuyer_002760,,,,,,,,,,,,,,,,,,,,310000009153,Used Snow Globe,CO-009153,No,1,$80.99,$9.23,"South Bend, IN",46601,US,7.00%,SalesTax,,,,$0.00,$6.32,,,,,,,,$96.54,Yes,eBay Managed Payments,,Oct-05-25 08:15:59,Oct-05-25 08:15:59,,,,,,,,,FedEx Ground,,1000009153,,,,,,,,,,,,,,,,,
8400,08-09165-85363,ebuyer_003158,,,,,,,,,,,,,,,,,,,,310000009165,Retro Coin Lot,CO-009165,No,1,$36.99,$6.03,"South Bend, IN",46601,US,7.00%,SalesTax,,,,$0.00,$3.01,,,,,,,,$46.03,Yes,eBay Managed Payments,,Oct-05-25 08:28:09,Oct-05-25 08:28:09,,,,,,,,,Ground Advantage,,1000009165,,,,,,,,,,,,,,,,,
8375,04-09140-64431,ebuyer_003651,,,,,,,,,,,,,,,,,,,,310000009140,Lot of 2 Tennis Racket,SG-009140,No,1,$21.99,$5.82,"South Bend, IN",46601,US,7.00%,SalesTax,,,,$0.00,$1.95,,,,,,,,$29.76,Yes,eBay Managed Payments,,Oct-05-25 10:18:41,Oct-05-25 10:18:41,,,,,,,,,GroundAdvantage,,1000009140,,,,,,,,,,,,,,,,,
8396,09-09161-52100,ebuyer_002539,,,,,,,,,,,,,,,,,,,,310000009161,Antique Leather Boots,SH-009161,No,1,$60.99,$0.00,"South Bend, IN",46601,US,7.00%,SalesTax,,,,$0.00,$4.27,,,,,,,,$65.26,Yes,eBay Managed Payments,,Oct-05-25 10:47:58,Oct-05-25 10:47:58,,,,,,,,,FedEx Ground,,1000009161,,,,,,,,,,,,,,,,,
8399,06-09164-91314,ebuyer_002769,,,,,,,,,,,,,,,,,,,,310000009164,Pre-owned Glass Pitcher,KT-009164,No,1,$6.99,$8.22,"South Bend, IN",46601,US,7.00%,SalesTax,,,,$0.00,$1.07,,,,,,,,$16.28,Yes,eBay Managed Payments,,Oct-05-25 10:49:27,Oct-05-25 10:49:27,,,,,,,,,FedEx Ground,,1000009164,,,,,,,,,,,,,,,,,
8378,01-09143-02197,ebuyer_002718,,,,,,,,,,,,,,,,,,,,310000009143,Lot of 2 Denim Jacket,CL-009143,No,1,$26.99,$0.00,"South Bend, IN",46601,US,7.00%,SalesTax,,,,$0.00,$1.89,,,,,,,,$28.88,Yes,eBay Managed Payments,,Oct-05-25 12:02:34,Oct-05-25 12:02:34,,,,,,,,,GroundAdvantage,,1000009143,,,,,,,,,,,,,,,,,
8380,11-09145-01613,ebuyer_003590,,,,,,,,,,,,,,,,,,,,310000009145,Pre-owned Trading Card Lot,CO-009145,No,1,$38.99,$0.00,"South Bend, IN",46601,US,7.00%,SalesTax,,,,$0.00,$2.73,,,,,,,,$41.72,Yes,eBay Managed Payments,,Oct-05-25 12:35:07,Oct-05-25 12:35:07,,,,,,,,,FedEx Home Delivery,,1000009145,,,,,,,,,,,,,,,,,
8377,24-09142-16195,ebuyer_002514,,,,,,,,,,,,,,,,,,,,310000009142,Antique Fondue Set,KT-009142,No,1,$21.99,$11.66,"South Bend, IN",46601,US,7.00%,SalesTax,,,,$0.00,$2.36,,,,,,,,$36.01,Yes,eBay Managed Payments,,Oct-05-25 15:43:18,Oct-05-25 15:43:18,,,,,,,,,FedEx Ground,,1000009142,,,,,,,,,,,,,,,,,
8395,04-09160-20050,ebuyer_002536,,,,,,,,,,,,,,,,,,,,310000009160,Lot of 2 Wool Coat,CL-009160,No,1,$45.99,$6.82,"South Bend, IN",46601,US,7.00%,SalesTax,,,,$0.00,$3.70,,,,,,,,$56.51,Yes,eBay Managed Payments,,Oct-05-25 16:26:48,Oct-05-25 16:26:48,,,,,,,,,Ground Advantage,,1000009160,,,,,,,,,,,,,,,,,
8382,18-09147-37394,ebuyer_003363,,,,,,,,,,,,,,,,,,,,310000009147,Antique Fishing Reel,SG-009147,No,1,$18.99,$0.00,"South Bend, IN",46601,US,7.00%,SalesTax,,,,$0.00,$1.33,,,,,,,,$20.32,Yes,eBay Managed Payments,,Oct-05-25 16:52:36,Oct-05-25 16:52:36,,,,,,,,,FedEx Ground,,1000009147,,,,,,,,,,,,,,,,,
8386,27-09151-19316,ebuyer_002518,,,,,,,,,,,,,,,,,,,,310000009151,Retro Trading Card Lot,CO-009151,No,1,$30.99,$0.00,"South Bend, IN",46601,US,7.00%,SalesTax,,,,$0.00,$2.17,,,,,,,,$33.16,Yes,eBay Managed Payments,,Oct-05-25 17:45:34,Oct-05-25 17:45:34,,,,,,,,,Priority Mail,,1000009151,,,,,,,,,,,,,,,,,
8390,14-09155-75138,ebuyer_002525,,,,,,,,,,,,,,,,,,,,310000009155,Antique Pewter Mug,CO-009155,No,2,$54.99,$0.00,"South Bend, IN",46601,US,7.00%,SalesTax,,,,$0.00,$7.70,,,,,,,,$117.68,Yes,eBay Managed Payments,,Oct-05-25 17:50:10,Oct-05-25 17:50:10,,,,,,,,,Ground Advantage,,1000009155,,,,,,,,,,,,,,,,,
8394,18-09159-12031,ebuyer_002649,,,,,,,,,,,,,,,,,,,,310000009159,Handmade Trading Card Lot,CO-009159,No,1,$43.99,$0.00,"South Bend, IN",46601,US,7.00%,SalesTax,,,,$0.00,$3.08,,,,,,,,$47.07,Yes,eBay Managed Payments,,Oct-05-25 18:36:16,Oct-05-25 18:36:16,,,,,,,,,Ground Advantage,,1000009159,,,,,,,,,,,,,,,,,
8385,06-09150-09637,ebuyer_003394,,,,,,,,,,,,,,,,,,,,310000009150,Classic Tote Bag,HB-009150,No,1,$28.99,$0.00,"South Bend, IN",46601,US,7.00%,SalesTax,,,,$0.00,$2.03,,,,,,,,$31.02,Yes,eBay Managed Payments,,Oct-05-25 19:23:34,Oct-05-25 19:23:34,,,,,,,,,GroundAdvantage,,1000009150,,,,,,,,,,,,,,,,,
8383,18-09148-79858,ebuyer_003129,,,,,,,,,,,,,,,,,,,,310000009148,Lot of 2 Tennis Racket,SG-009148,No,1,$17.99,$8.43,"South Bend, IN",46601,US,7.00%,SalesTax,,,,$0.00,$1.85,,,,,,,,$28.27,Yes,eBay Managed Payments,,Oct-05-25 19:38:55,Oct-05-25 19:38:55,,,,,,,,,GroundAdvantage,,1000009148,,,,,,,,,,,,,,,,,
8379,09-09144-72945,ebuyer_002759,,,,,,,,,,,,,,,,,,,,310000009144,Vintage Game Console,EL-009144,No,1,$77.99,$7.15,"South Bend, IN",46601,US,7.00%,SalesTax,,,,$0.00,$5.96,,,,,,,,$91.10,Yes,eBay Managed Payments,,Oct-05-25 20:48:02,Oct-05-25 20:48:02,,,,,,,,,FedEx Ground,,1000009144,,,,,,,,,,,,,,,,,
8387,05-09152-20192,ebuyer_002597,,,,,,,,,,,,,,,,,,,,310000009152,Like New Figurine,CO-009152,No,1,$29.99,$6.97,"South Bend, IN",46601,US,7.00%,SalesTax,,,,$0.00,$2.59,,,,,,,,$39.55,Yes,eBay Managed Payments,,Oct-05-25 20:56:08,Oct-05-25 20:56:08,,,,,,,,,FedEx Ground,,1000009152,,,,,,,,,,,,,,,,,
8392,10-09157-54612,ebuyer_003340,,,,,,,,,,,,,,,,,,,,310000009157,Vintage Sandals,SH-009157,No,1,$20.99,$6.58,"South Bend, IN",46601,US,7.00%,SalesTax,,,,$0.00,$1.93,,,,,,,,$29.50,Yes,eBay Managed Payments,,Oct-05-25 21:06:44,Oct-05-25 21:06:44,,,,,,,,,GroundAdvantage,,1000009157,,,,,,,,,,,,,,,,,
8391,02-09156-52204,ebuyer_002776,,,,,,,,,,,,,,,,,,,,310000009156,Antique Crossbody Bag,HB-009156,No,1,$29.99,$0.00,"South Bend, IN",46601,US,7.00%,SalesTax,,,,$0.00,$2.10,,,,,,,,$32.09,Yes,eBay Managed Payments,,Oct-05-25 21:14:52,Oct-05-25 21:14:52,,,,,,,,,GroundAdvantage,,1000009156,,,,,,,,,,,,,,,,,
8389,01-09154-58399,ebuyer_002799,,,,,,,,,,,,,,,,,,,,310000009154,Handmade Fondue Set,KT-009154,No,1,$19.99,$6.99,"South Bend, IN",46601,US,7.00%,SalesTax,,,,$0.00,$1.89,,,,,,,,$28.87,Yes,eBay Managed Payments,,Oct-05-25 21:21:22,Oct-05-25 21:21:22,,,,,,,,,Priority,,1000009154,,,,,,,,,,,,,,,,,
8376,06-09141-51407,ebuyer_002888,,,,,,,,,,,,,,,,,,,,310000009141,Like New Clutch,HB-009141,No,1,$16.99,$7.56,"South Bend, IN",46601,US,7.00%,SalesTax,,,,$0.00,$1.72,,,,,,,,$26.27,Yes,eBay Managed Payments,,Oct-05-25 21:28:21,Oct-05-25 21:28:21,,,,,,,,,Priority,,1000009141,,,,,,,,,,,,,,,,,
8381,02-09146-49850,ebuyer_003207,,,,,,,,,,,,,,,,,,,,310000009146,Mid-Century Stoneware Mugs,KT-009146,No,1,$20.99,$13.85,"South Bend, IN",46601,US,7.00%,SalesTax,,,,$0.00,$2.44,,,,,,,,$37.28,Yes,eBay Managed Payments,,Oct-05-25 23:24:52,Oct-05-25 23:24:52,,,,,,,,,Ground Advantage,,1000009146,,,,,,,,,,,,,,,,,
8393,09-09158-70157,ebuyer_003493,,,,,,,,,,,,,,,,,,,,310000009158,Pre-owned Rain Jacket,CL-009158,No,1,$36.99,$7.30,"South Bend, IN",46601,US,7.00%,SalesTax,,,,$0.00,$3.10,,,,,,,,$47.39,Yes,eBay Managed Payments,,Oct-05-25 23:27:11,Oct-05-25 23:27:11,,,,,,,,,Ground Advantage,,1000009158,,,,,,,,,,,,,,,,,
8406,09-09277-52896,ebuyer_002500,,,,,,,,,,,,,,,,,,,,310000009277,Vintage Fishing Reel,SG-009277,No,1,$62.99,$0.00,"South Bend, IN",46601,US,7.00%,SalesTax,,,,$0.00,$4.41,,,,,,,,$67.40,Yes,eBay Managed Payments,,Oct-06-25 01:47:26,Oct-06-25 01:47:26,,,,,,,,,Priority Mail,,1000009277,,,,,,,,,,,,,,,,,
8412,21-09283-59173,ebuyer_003564,,,,,,,,,,,,,,,,,,,,310000009283,Classic Clutch,HB-009283,No,1,$19.99,$4.70,"South Bend, IN",46601,US,7.00%,SalesTax,,,,$0.00,$1.73,,,,,,,,$26.42,Yes,eBay Managed Payments,,Oct-06-25 02:54:16,Oct-06-25 02:54:16,,,,,,,,,FedEx Ground,,1000009283,,,,,,,,,,,,,,,,,
8416,17-09287-31297,ebuyer_003051,,,,,,,,,,,,,,,,,,,,310000009287,Lot of 2 Silk Blouse,CL-009287,No,1,$15.99,$15.61,"South Bend, IN",46601,US,7.00%,SalesTax,,,,$0.00,$2.21,,,,,,,,$33.81,Yes,eBay Managed Payments,,Oct-06-25 04:34:34,Oct-06-25 04:34:34,,,,,,,,,Ground Advantage,,1000009287,,,,,,,,,,,,,,,,,
8405,04-09276-47824,ebuyer_003484,,,,,,,,,,,,,,,,,,,,310000009276,Like New Leather Satchel,HB-009276,No,1,$57.99,$8.18,"South Bend, IN",46601,US,7.00%,SalesTax,,,,$0.00,$4.63,,,,,,,,$70.80,Yes,eBay Managed Payments,,Oct-06-25 05:47:11,Oct-06-25 05:47:11,,,,,,,,,GroundAdvantage,,1000009276,,,,,,,,,,,,,,,,,
8403,26-09274-15786,ebuyer_002721,,,,,,,,,,,,,,,,,,,,310000009274,Lot of 2 Cast Iron Skillet,KT-009274,No,1,$9.99,$5.78,"South Bend, IN",46601,US,7.00%,SalesTax,,,,$0.00,$1.10,,,,,,,,$16.87,Yes,eBay Managed Payments,,Oct-06-25 06:26:32,Oct-06-25 06:26:32,,,,,,,,,GroundAdvantage,,1000009274,,,,,,,,,,,,,,,,,
8418,20-09289-13452,ebuyer_002835,,,,,,,,,,,,,,,,,,,,310000009289,Mid-Century Denim Jacket,CL-009289,No,1,$31.99,$0.00,"South Bend, IN",46601,US,7.00%,SalesTax,,,,$0.00,$2.24,,,,,,,,$34.23,Yes,eBay Managed Payments,,Oct-06-25 07:45:56,Oct-06-25 07:45:56,,,,,,,,,Ground Advantage,,1000009289,,,,,,,,,,,,,,,,,
8415,25-09286-11704,ebuyer_002545,,,,,,,,,,,,,,,,,,,,310000009286,Antique Flannel Shirt,CL-009286,No,1,$19.99,$0.00,"South Bend, IN",46601,US,7.00%,SalesTax,,,,$0.00,$1.40,,,,,,,,$21.39,Yes,eBay Managed Payments,,Oct-06-25 09:13:40,Oct-06-25 09:13:40,,,,,,,,,FedEx Home Delivery,,1000009286,,,,,,,,,,,,,,,,,
8411,06-09282-82060,ebuyer_003631,,,,,,,,,,,,,,,,,,,,310000009282,Antique Game Console,EL-009282,No,1,$32.99,$5.20,"South Bend, IN",46601,US,7.00%,SalesTax,,,,$0.00,$2.67,,,,,,,,$40.86,Yes,eBay Managed Payments,,Oct-06-25 12:53:15,Oct-06-25 12:53:15,,,,,,,,,Ground Advantage,,1000009282,,,,,,,,,,,,,,,,,
8408,10-09279-25041,ebuyer_002503,,,,,,,,,,,,,,,,,,,,310000009279,Antique Clutch,HB-009279,No,1,$30.99,$0.00,"South Bend, IN",46601,US,7.00%,SalesTax,,,,$0.00,$2.17,,,,,,,,$33.16,Yes,eBay Managed Payments,,Oct-06-25 13:17:55,Oct-06-25 13:17:55,,,,,,,,,FedEx Home Delivery,,1000009279,,,,,,,,,,,,,,,,,
8417,08-09288-56027,ebuyer_002789,,,,,,,,,,,,,,,,,,,,310000009288,Classic Clutch,HB-009288,No,1,$30.99,$0.00,"South Bend, IN",46601,US,7.00%,SalesTax,,,,$0.00,$2.17,,,,,,,,$33.16,Yes,eBay Managed Payments,,Oct-06-25 16:06:34,Oct-06-25 16:06:34,,,,,,,,,GroundAdvantage,,1000009288,,,,,,,,,,,,,,,,,
8410,19-09281-16431,ebuyer_002556,,,,,,,,,,,,,,,,,,,,310000009281,Retro Camera Lens,EL-009281,No,1,$41.99,$11.34,"South Bend, IN",46601,US,7.00%,SalesTax,,,,$0.00,$3.73,,,,,,,,$57.06,Yes,eBay Managed Payments,,Oct-06-25 17:18:01,Oct-06-25 17:18:01,,,,,,,,,FedEx Home Delivery,,1000009281,,,,,,,,,,,,,,,,,
8404,19-09275-94406,ebuyer_002518,,,,,,,,,,,,,,,,,,,,310000009275,Handmade Running Shoes,SH-009275,No,1,$11.99,$0.00,"South Bend, IN",46601,US,7.00%,SalesTax,,,,$0.00,$0.84,,,,,,,,$12.83,Yes,eBay Managed Payments,,Oct-06-25 21:19:11,Oct-06-25 21:19:11,,,,,,,,,Ground Advantage,,1000009275,,,,,,,,,,,,,,,,,
8409,23-09280-15800,ebuyer_002518,,,,,,,,,,,,,,,,,,,,310000009280,Mid-Century Turntable,EL-009280,No,1,$35.99,$16.84,"South Bend, IN",46601,US,7.00%,SalesTax,,,,$0.00,$3.70,,,,,,,,$56.53,Yes,eBay Managed Payments,,Oct-06-25 22:19:26,Oct-06-25 22:19:26,,,,,,,,,GroundAdvantage,,1000009280,,,,,,,,,,,,,,,,,
8413,22-09284-18058,ebuyer_002773,,,,,,,,,,,,,,,,,,,,310000009284,Vintage Wool Coat,CL-009284,No,1,$36.99,$0.00,"South Bend, IN",46601,US,7.00%,SalesTax,,,,$0.00,$2.59,,,,,,,,$39.58,Yes,eBay Managed Payments,,Oct-06-25 22:50:26,Oct-06-25 22:50:26,,,,,,,,,Priority Mail,,1000009284,,,,,,,,,,,,,,,,,
8407,02-09278-34501,ebuyer_003371,,,,,,,,,,,,,,,,,,,,310000009278,Retro Flannel Shirt,CL-009278,No,1,$14.99,$5.78,"South Bend, IN",46601,US,7.00%,SalesTax,,,,$0.00,$1.45,,,,,,,,$22.22,Yes,eBay Managed Payments,,Oct-06-25 23:13:07,Oct-06-25 23:13:07,,,,,,,,,Ground Advantage,,1000009278,,,,,,,,,,,,,,,,,
8432,04-09406-22219,ebuyer_003053,,,,,,,,,,,,,,,,,,,,310000009406,Retro Game Console,EL-009406,No,1,$107.99,$12.23,"South Bend, IN",46601,US,7.00%,SalesTax,,,,$0.00,$8.42,,,,,,,,$128.64,Yes,eBay Managed Payments,,Oct-07-25 00:58:05,Oct-07-25 00:58:05,,,,,,,,,GroundAdvantage,,1000009406,,,,,,,,,,,,,,,,,
8445,23-09419-52461,ebuyer_002753,,,,,,,,,,,,,,,,,,,,310000009419,Like New Glass Pitcher,KT-009419,No,1,$8.99,$5.06,"South Bend, IN",46601,US,7.00%,SalesTax,,,,$0.00,$0.98,,,,,,,,$15.03,Yes,eBay Managed Payments,,Oct-07-25 04:16:12,Oct-07-25 04:16:12,,,,,,,,,Ground Advantage,,1000009419,,,,,,,,,,,,,,,,,
8440,13-09414-87090,ebuyer_002938,,,,,,,,,,,,,,,,,,,,310000009414,Retro Wool Coat,CL-009414,No,1,$44.99,$10.00,"South Bend, IN",46601,US,7.00%,SalesTax,,,,$0.00,$3.85,,,,,,,,$58.84,Yes,eBay Managed Payments,,Oct-07-25 05:29:04,Oct-07-25 05:29:04,,,,,,,,,FedEx Home Delivery,,1000009414,,,,,,,,,,,,,,,,,
8442,24-09416-79114,ebuyer_002581,,,,,,,,,,,,,,,,,,,,310000009416,Handmade Turntable,EL-009416,No,1,$20.99,$4.56,"South Bend, IN",46601,US,7.00%,SalesTax,,,,$0.00,$1.79,,,,,,,,$27.34,Yes,eBay Managed Payments,,Oct-07-25 05:38:00,Oct-07-25 05:38:00,,,,,,,,,Priority,,1000009416,,,,,,,,,,,,,,,,,
8425,10-09399-14766,ebuyer_002769,,,,,,,,,,,,,,,,,,,,310000009399,Vintage Stoneware Mugs,KT-009399,No,1,$3.99,$0.00,"South Bend, IN",46601,US,7.00%,SalesTax,,,,$0.00,$0.28,,,,,,,,$4.27,Yes,eBay Managed Payments,,Oct-07-25 06:10:13,Oct-07-25 06:10:13,,,,,,,,,Ground Advantage,,1000009399,,,,,,,,,,,,,,,,,
8443,18-09417-66813,ebuyer_002503,,,,,,,,,,,,,,,,,,,,310000009417,Like New Tennis Racket,SG-009417,No,1,$62.99,$8.46,"South Bend, IN",46601,US,7.00%,SalesTax,,,,$0.00,$5.00,,,,,,,,$76.45,Yes,eBay Managed Payments,,Oct-07-25 06:28:08,Oct-07-25 06:28:08,,,,,,,,,Priority Mail,,1000009417,,,,,,,,,,,,,,,,,
8423,02-09397-58141,ebuyer_002587,,,,,,,,,,,,,,,,,,,,310000009397,Pre-owned Cashmere Sweater,CL-009397,No,1,$30.99,$8.93,"South Bend, IN",46601,US,7.00%,SalesTax,,,,$0.00,$2.80,,,,,,,,$42.72,Yes,eBay Managed Payments,,Oct-07-25 08:05:47,Oct-07-25 08:05:47,,,,,,,,,Priority Mail,,1000009397,,,,,,,,,,,,,,,,,
8428,01-09402-31560,ebuyer_002539,,,,,,,,,,,,,,,,,,,,310000009402,Like New Crossbody Bag,HB-009402,No,1,$36.99,$5.75,"South Bend, IN",46601,US,7.00%,SalesTax,,,,$0.00,$2.99,,,,,,,,$45.73,Yes,eBay Managed Payments,,Oct-07-25 08:35:51,Oct-07-25 08:35:51,,,,,,,,,Ground Advantage,,1000009402,,,,,,,,,,,,,,,,,
8427,27-09401-05548,ebuyer_003272,,,,,,,,,,,,,,,,,,,,310000009401,Antique Running Shoes,SH-009401,No,1,$46.99,$0.00,"South Bend, IN",46601,US,7.00%,SalesTax,,,,$0.00,$3.29,,,,,,,,$50.28,Yes,eBay Managed Payments,,Oct-07-25 10:42:41,Oct-07-25 10:42:41,,,,,,,,,GroundAdvantage,,1000009401,,,,,,,,,,,,,,,,,
8444,11-09418-16254,ebuyer_002711,,,,,,,,,,,,,,,,,,,,310000009418,Antique Cashmere Sweater,CL-009418,No,1,$18.99,$9.21,"South Bend, IN",46601,US,7.00%,SalesTax,,,,$0.00,$1.97,,,,,,,,$30.17,Yes,eBay Managed Payments,,Oct-07-25 13:08:21,Oct-07-25 13:08:21,,,,,,,,,Priority Mail,,1000009418,,,,,,,,,,,,,,,,,
8433,11-09407-74748,ebuyer_003431,,,,,,,,,,,,,,,,,,,,310000009407,Classic Tote Bag,HB-009407,No,1,$33.99,$0.00,"South Bend, IN",46601,US,7.00%,SalesTax,,,,$0.00,$2.38,,,,,,,,$36.37,Yes,eBay Managed Payments,,Oct-07-25 13:12:27,Oct-07-25 13:12:27,,,,,,,,,FedEx Home Delivery,,1000009407,,,,,,,,,,,,,,,,,
8429,26-09403-43195,ebuyer_002731,,,,,,,,,,,,,,,,,,,,310000009403,Pre-owned Sandals,SH-009403,No,1,$39.99,$8.10,"South Bend, IN",46601,US,7.00%,SalesTax,,,,$0.00,$3.37,,,,,,,,$51.46,Yes,eBay Managed Payments,,Oct-07-25 13:58:11,Oct-07-25 13:58:11,,,,,,,,,Ground Advantage,,1000009403,,,,,,,,,,,,,,,,,
8424,08-09398-79765,ebuyer_002850,,,,,,,,,,,,,,,,,,,,310000009398,Handmade Silk Blouse,CL-009398,No,1,$15.99,$4.19,"South Bend, IN",46601,US,7.00%,SalesTax,,,,$0.00,$1.41,,,,,,,,$21.59,Yes,eBay Managed Payments,,Oct-07-25 14:07:45,Oct-07-25 14:07:45,,,,,,,,,GroundAdvantage,,1000009398,,,,,,,,,,,,,,,,,
8426,19-09400-63897,ebuyer_002508,,,,,,,,,,,,,,,,,,,,310000009400,Vintage Cast Iron Skillet,KT-009400,No,1,$33.99,$0.00,"South Bend, IN",46601,US,7.00%,SalesTax,,,,$0.00,$2.38,,,,,,,,$36.37,Yes,eBay Managed Payments,,Oct-07-25 14:26:30,Oct-07-25 14:26:30,,,,,,,,,Ground Advantage,,1000009400,,,,,,,,,,,,,,,,,
8446,08-09420-97469,ebuyer_002917,,,,,,,,,,,,,,,,,,,,310000009420,Mid-Century Leather Boots,SH-009420,No,1,$27.99,$0.00,"South Bend, IN",46601,US,7.00%,SalesTax,,,,$0.00,$1.96,,,,,,,,$29.95,Yes,eBay Managed Payments,,Oct-07-25 15:15:50,Oct-07-25 15:15:50,,,,,,,,,GroundAdvantage,,1000009420,,,,,,,,,,,,,,,,,
8437,11-09411-25086,ebuyer_002979,,,,,,,,,,,,,,,,,,,,310000009411,Used Golf Balls,SG-009411,No,1,$81.99,$0.00,"South Bend, IN",46601,US,7.00%,SalesTax,,,,$0.00,$5.74,,,,,,,,$87.73,Yes,eBay Managed Payments,,Oct-07-25 16:27:12,Oct-07-25 16:27:12,,,,,,,,,Priority Mail,,1000009411,,,,,,,,,,,,,,,,,
8431,13-09405-95972,ebuyer_002813,,,,,,,,,,,,,,,,,,,,310000009405,Pre-owned Stoneware Mugs,KT-009405,No,1,$19.99,$0.00,"South Bend, IN",46601,US,7.00%,SalesTax,,,,$0.00,$1.40,,,,,,,,$21.39,Yes,eBay Managed Payments,,Oct-07-25 16:33:33,Oct-07-25 16:33:33,,,,,,,,,Ground Advantage,,1000009405,,,,,,,,,,,,,,,,,
8419,21-09393-72157,ebuyer_002537,,,,,,,,,,,,,,,,,,,,310000009393,Used Cashmere Sweater,CL-009393,No,1,$40.99,$15.25,"South Bend, IN",46601,US,7.00%,SalesTax,,,,$0.00,$3.94,,,,,,,,$60.18,Yes,eBay Managed Payments,,Oct-07-25 17:29:27,Oct-07-25 17:29:27,,,,,,,,,Ground Advantage,,1000009393,,,,,,,,,,,,,,,,,
8421,23-09395-67333,ebuyer_002740,,,,,,,,,,,,,,,,,,,,310000009395,Handmade Leather Satchel,HB-009395,No,1,$70.99,$6.01,"South Bend, IN",46601,US,7.00%,SalesTax,,,,$0.00,$5.39,,,,,,,,$82.39,Yes,eBay Managed Payments,,Oct-07-25 17:56:35,Oct-07-25 17:56:35,,,,,,,,,Ground Advantage,,1000009395,,,,,,,,,,,,,,,,,
8439,11-09413-82432,ebuyer_002667,,,,,,,,,,,,,,,,,,,,310000009413,Lot of 2 Coin Lot,CO-009413,No,1,$23.99,$0.00,"South Bend, IN",46601,US,7.00%,SalesTax,,,,$0.00,$1.68,,,,,,,,$25.67,Yes,eBay Managed Payments,,Oct-07-25 19:06:55,Oct-07-25 19:06:55,,,,,,,,,FedEx Home Delivery,,1000009413,,,,,,,,,,,,,,,,,
8422,27-09396-57977,ebuyer_002860,,,,,,,,,,,,,,,,,,,,310000009396,Like New Hiking Boots,SH-009396,No,1,$16.99,$6.10,"South Bend, IN",46601,US,7.00%,SalesTax,,,,$0.00,$1.62,,,,,,,,$24.71,Yes,eBay Managed Payments,,Oct-07-25 19:50:02,Oct-07-25 19:50:02,,,,,,,,,Priority,,1000009396,,,,,,,,,,,,,,,,,
8438,05-09412-37679,ebuyer_003104,,,,,,,,,,,,,,,,,,,,310000009412,Pre-owned Rain Jacket,CL-009412,No,1,$42.99,$0.00,"South Bend, IN",46601,US,7.00%,SalesTax,,,,$0.00,$3.01,,,,,,,,$46.00,Yes,eBay Managed Payments,,Oct-07-25 20:20:56,Oct-07-25 20:20:56,,,,,,,,,Ground Advantage,,1000009412,,,,,,,,,,,,,,,,,
8441,18-09415-34168,ebuyer_003042,,,,,,,,,,,,,,,,,,,,310000009415,Pre-owned Flannel Shirt,CL-009415,No,1,$10.99,$0.00,"South Bend, IN",46601,US,7.00%,SalesTax,,,,$0.00,$0.77,,,,,,,,$11.76,Yes,eBay Managed Payments,,Oct-07-25 21:22:48,Oct-07-25 21:22:48,,,,,,,,,Ground Advantage,,1000009415,,,,,,,,,,,,,,,,,
8420,13-09394-78637,ebuyer_003645,,,,,,,,,,,,,,,,,,,,310000009394,Antique Flannel Shirt,CL-009394,No,1,$27.99,$9.27,"South Bend, IN",46601,US,7.00%,SalesTax,,,,$0.00,$2.61,,,,,,,,$39.87,Yes,eBay Managed Payments,,Oct-07-25 21:24:20,Oct-07-25 21:24:20,,,,,,,,,GroundAdvantage,,1000009394,,,,,,,,,,,,,,,,,
8430,11-09404-45383,ebuyer_003197,,,,,,,,,,,,,,,,,,,,310000009404,Mid-Century Game Console,EL-009404,No,1,$112.99,$11.04,"South Bend, IN",46601,US,7.00%,SalesTax,,,,$0.00,$8.68,,,,,,,,$132.71,Yes,eBay Managed Payments,,Oct-07-25 22:29:54,Oct-07-25 22:29:54,,,,,,,,,Priority Mail,,1000009404,,,,,,,,,,,,,,,,,
8434,26-09408-02655,ebuyer_003470,,,,,,,,,,,,,,,,,,,,310000009408,Retro Headphones,EL-009408,No,1,$10.99,$5.03,"South Bend, IN",46601,US,7.00%,SalesTax,,,,$0.00,$1.12,,,,,,,,$17.14,Yes,eBay Managed Payments,,Oct-07-25 22:59:59,Oct-07-25 22:59:59,,,,,,,,,Ground Advantage,,1000009408,,,,,,,,,,,,,,,,,
8435,07-09409-75812,ebuyer_003363,,,,,,,,,,,,,,,,,,,,310000009409,Vintage Coin Lot,CO-009409,No,1,$28.99,$8.04,"South Bend, IN",46601,US,7.00%,SalesTax,,,,$0.00,$2.59,,,,,,,,$39.62,Yes,eBay Managed Payments,,Oct-07-25 23:51:21,Oct-07-25 23:51:21,,,,,,,,,FedEx Ground,,1000009409,,,,,,,,,,,,,,,,,
8436,01-09410-64490,ebuyer_002680,,,,,,,,,,,,,,,,,,,,310000009410,Like New Yoga Mat,SG-009410,No,1,$27.99,$7.72,"South Bend, IN",46601,US,7.00%,SalesTax,,,,$0.00,$2.50,,,,,,,,$38.21,Yes,eBay Managed Payments,,Oct-07-25 23:56:42,Oct-07-25 23:56:42,,,,,,,,,FedEx 2Day,,1000009410,,,,,,,,,,,,,,,,,
8451,07-09554-20787,ebuyer_002592,,,,,,,,,,,,,,,,,,,,310000009554,Handmade Fishing Reel,SG-009554,No,1,$32.99,$8.27,"South Bend, IN",46601,US,7.00%,SalesTax,,,,$0.00,$2.89,,,,,,,,$44.15,Yes,eBay Managed Payments,,Oct-08-25 00:44:58,Oct-08-25 00:44:58,,,,,,,,,FedEx Home Delivery,,1000009554,,,,,,,,,,,,,,,,,
8468,25-09571-50711,ebuyer_002831,,,,,,,,,,,,,,,,,,,,310000009571,Retro Pewter Mug,CO-009571,No,1,$27.99,$6.83,"South Bend, IN",46601,US,7.00%,SalesTax,,,,$0.00,$2.44,,,,,,,,$37.26,Yes,eBay Managed Payments,,Oct-08-25 04:12:55,Oct-08-25 04:12:55,,,,,,,,,FedEx Home Delivery,,1000009571,,,,,,,,,,,,,,,,,
8453,16-09556-45192,ebuyer_002596,,,,,,,,,,,,,,,,,,,,310000009556,Handmade Trading Card Lot,CO-009556,No,1,$15.99,$0.00,"South Bend, IN",46601,US,7.00%,SalesTax,,,,$0.00,$1.12,,,,,,,,$17.11,Yes,eBay Managed Payments,,Oct-08-25 05:05:56,Oct-08-25 05:05:56,,,,,,,,,Ground Advantage,,1000009556,,,,,,,,,,,,,,,,,
8465,10-09568-09529,ebuyer_002853,,,,,,,,,,,,,,,,,,,,310000009568,Handmade Figurine,CO-009568,No,1,$21.99,$13.46,"South Bend, IN",46601,US,7.00%,SalesTax,,,,$0.00,$2.48,,,,,,,,$37.93,Yes,eBay Managed Payments,,Oct-08-25 07:48:39,Oct-08-25 07:48:39,,,,,,,,,FedEx Ground,,1000009568,,,,,,,,,,,,,,,,,
8467,25-09570-65627,ebuyer_002534,,,,,,,,,,,,,,,,,,,,310000009570,Like New Cashmere Sweater,CL-009570,No,1,$37.99,$7.23,"South Bend, IN",46601,US,7.00%,SalesTax,,,,$0.00,$3.17,,,,,,,,$48.39,Yes,eBay Managed Payments,,Oct-08-25 07:55:09,Oct-08-25 07:55:09,,,,,,,,,FedEx Ground,,1000009570,,,,,,,,,,,,,,,,,
8461,09-09564-65515,ebuyer_002516,,,,,,,,,,,,,,,,,,,,310000009564,Classic Silk Blouse,CL-009564,No,1,$10.99,$9.84,"South Bend, IN",46601,US,7.00%,SalesTax,,,,$0.00,$1.46,,,,,,,,$22.29,Yes,eBay Managed Payments,,Oct-08-25 08:04:26,Oct-08-25 08:04:26,,,,,,,,,Ground Advantage,,1000009564,,,,,,,,,,,,,,,,,
8447,23-09550-10341,ebuyer_002945,,,,,,,,,,,,,,,,,,,,310000009550,Retro Silk Blouse,CL-009550,No,1,$20.99,$0.00,"South Bend, IN",46601,US,7.00%,SalesTax,,,,$0.00,$1.47,,,,,,,,$22.46,Yes,eBay Managed Payments,,Oct-08-25 08:17:28,Oct-08-25 08:17:28,,,,,,,,,Ground Advantage,,1000009550,,,,,,,,,,,,,,,,,
8460,21-09563-98259,ebuyer_002526,,,,,,,,,,,,,,,,,,,,310000009563,Classic Hiking Boots,SH-009563,No,1,$36.99,$0.00,"South Bend, IN",46601,US,7.00%,SalesTax,,,,$0.00,$2.59,,,,,,,,$39.58,Yes,eBay Managed Payments,,Oct-08-25 10:50:26,Oct-08-25 10:50:26,,,,,,,,,Priority Mail,,1000009563,,,,,,,,,,,,,,,,,
8464,22-09567-42293,ebuyer_002576,,,,,,,,,,,,,,,,,,,,310000009567,Like New Sandals,SH-009567,No,1,$19.99,$0.00,"South Bend, IN",46601,US,7.00%,SalesTax,,,,$0.00,$1.40,,,,,,,,$21.39,Yes,eBay Managed Payments,,Oct-08-25 12:19:00,Oct-08-25 12:19:00,,,,,,,,,Ground Advantage,,1000009567,,,,,,,,,,,,,,,,,
8452,12-09555-81596,ebuyer_003070,,,,,,,,,,,,,,,,,,,,310000009555,Like New Turntable,EL-009555,No,1,$90.99,$7.93,"South Bend, IN",46601,US,7.00%,SalesTax,,,,$0.00,$6.93,,,,,,,,$105.85,Yes,eBay Managed Payments,,Oct-08-25 12:23:29,Oct-08-25 12:23:29,,,,,,,,,Ground Advantage,,1000009555,,,,,,,,,,,,,,,,,
8448,11-09551-37148,ebuyer_003669,,,,,,,,,,,,,,,,,,,,310000009551,Mid-Century Rain Jacket,CL-009551,No,1,$57.99,$0.00,"South Bend, IN",46601,US,7.00%,SalesTax,,,,$0.00,$4.06,,,,,,,,$62.05,Yes,eBay Managed Payments,,Oct-08-25 14:31:43,Oct-08-25 14:31:43,,,,,,,,,GroundAdvantage,,1000009551,,,,,,,,,,,,,,,,,
8454,12-09557-60763,ebuyer_002515,,,,,,,,,,,,,,,,,,,,310000009557,Vintage Yoga Mat,SG-009557,No,1,$6.99,$0.00,"South Bend, IN",46601,US,7.00%,SalesTax,,,,$0.00,$0.49,,,,,,,,$7.48,Yes,eBay Managed Payments,,Oct-08-25 15:15:14,Oct-08-25 15:15:14,,,,,,,,,Ground Advantage,,1000009557,,,,,,,,,,,,,,,,,
8469,26-09572-81835,ebuyer_003666,,,,,,,,,,,,,,,,,,,,310000009572,Classic Running Shoes,SH-009572,No,1,$24.99,$0.00,"South Bend, IN",46601,US,7.00%,SalesTax,,,,$0.00,$1.75,,,,,,,,$26.74,Yes,eBay Managed Payments,,Oct-08-25 15:16:07,Oct-08-25 15:16:07,,,,,,,,,Priority,,1000009572,,,,,,,,,,,,,,,,,
8463,14-09566-43815,ebuyer_002704,,,,,,,,,,,,,,,,,,,,310000009566,Retro Silk Blouse,CL-009566,No,1,$28.99,$11.18,"South Bend, IN",46601,US,7.00%,SalesTax,,,,$0.00,$2.81,,,,,,,,$42.98,Yes,eBay Managed Payments,,Oct-08-25 16:28:44,Oct-08-25 16:28:44,,,,,,,,,Ground Advantage,,1000009566,,,,,,,,,,,,,,,,,
8450,23-09553-65856,ebuyer_002911,,,,,,,,,,,,,,,,,,,,310000009553,Classic Silk Blouse,CL-009553,No,2,$17.99,$0.00,"South Bend, IN",46601,US,7.00%,SalesTax,,,,$0.00,$2.52,,,,,,,,$38.50,Yes,eBay Managed Payments,,Oct-08-25 17:12:15,Oct-08-25 17:12:15,,,,,,,,,GroundAdvantage,,1000009553,,,,,,,,,,,,,,,,,
8458,21-09561-12983,ebuyer_002812,,,,,,,,,,,,,,,,,,,,310000009561,Vintage Wool Coat,CL-009561,No,1,$72.99,$14.85,"South Bend, IN",46601,US,7.00%,SalesTax,,,,$0.00,$6.15,,,,,,,,$93.99,Yes,eBay Managed Payments,,Oct-08-25 18:53:43,Oct-08-25 18:53:43,,,,,,,,,Ground Advantage,,1000009561,,,,,,,,,,,,,,,,,
8457,21-09560-29018,ebuyer_002501,,,,,,,,,,,,,,,,,,,,310000009560,Mid-Century Tennis Racket,SG-009560,No,1,$29.99,$0.00,"South Bend, IN",46601,US,7.00%,SalesTax,,,,$0.00,$2.10,,,,,,,,$32.09,Yes,eBay Managed Payments,,Oct-08-25 19:39:32,Oct-08-25 19:39:32,,,,,,,,,Priority Mail,,1000009560,,,,,,,,,,,,,,,,,
8456,05-09559-72610,ebuyer_003584,,,,,,,,,,,,,,,,,,,,310000009559,Lot of 2 Cashmere Sweater,CL-009559,No,1,$38.99,$0.00,"South Bend, IN",46601,US,7.00%,SalesTax,,,,$0.00,$2.73,,,,,,,,$41.72,Yes,eBay Managed Payments,,Oct-08-25 20:02:49,Oct-08-25 20:02:49,,,,,,,,,FedEx Home Delivery,,1000009559,,,,,,,,,,,,,,,,,
8455,22-09558-26855,ebuyer_002643,,,,,,,,,,,,,,,,,,,,310000009558,Vintage Golf Balls,SG-009558,No,1,$52.99,$0.00,"South Bend, IN",46601,US,7.00%,SalesTax,,,,$0.00,$3.71,,,,,,,,$56.70,Yes,eBay Managed Payments,,Oct-08-25 20:06:03,Oct-08-25 20:06:03,,,,,,,,,GroundAdvantage,,1000009558,,,,,,,,,,,,,,,,,
8449,23-09552-83662,ebuyer_002825,,,,,,,,,,,,,,,,,,,,310000009552,Handmade Leather Boots,SH-009552,No,1,$31.99,$5.91,"South Bend, IN",46601,US,7.00%,SalesTax,,,,$0.00,$2.65,,,,,,,,$40.55,Yes,eBay Managed Payments,,Oct-08-25 20:12:56,Oct-08-25 20:12:56,,,,,,,,,FedEx 2Day,,1000009552,,,,,,,,,,,,,,,,,
8466,27-09569-77241,ebuyer_003446,,,,,,,,,,,,,,,,,,,,310000009569,Used Coin Lot,CO-009569,No,1,$69.99,$8.57,"South Bend, IN",46601,US,7.00%,SalesTax,,,,$0.00,$5.50,,,,,,,,$84.06,Yes,eBay Managed Payments,,Oct-08-25 20:31:50,Oct-08-25 20:31:50,,,,,,,,,Priority Mail,,1000009569,,,,,,,,,,,,,,,,,
8462,16-09565-29034,ebuyer_002502,,,,,,,,,,,,,,,,,,,,310000009565,Handmade Silk Blouse,CL-009565,No,1,$13.99,$0.00,"South Bend, IN",46601,US,7.00%,SalesTax,,,,$0.00,$0.98,,,,,,,,$14.97,Yes,eBay Managed Payments,,Oct-08-25 20:50:02,Oct-08-25 20:50:02,,,,,,,,,GroundAdvantage,,1000009565,,,,,,,,,,,,,,,,,
8459,24-09562-86417,ebuyer_003063,,,,,,,,,,,,,,,,,,,,310000009562,Handmade Portable Radio,EL-009562,No,1,$10.99,$0.00,"South Bend, IN",46601,US,7.00%,SalesTax,,,,$0.00,$0.77,,,,,,,,$11.76,Yes,eBay Managed Payments,,Oct-08-25 22:21:35,Oct-08-25 22:21:35,,,,,,,,,Priority,,1000009562,,,,,,,,,,,,,,,,,
8470,20-09701-92285,ebuyer_003488,,,,,,,,,,,,,,,,,,,,310000009701,Antique Stoneware Mugs,KT-009701,No,1,$25.99,$0.00,"South Bend, IN",46601,US,7.00%,SalesTax,,,,$0.00,$1.82,,,,,,,,$27.81,Yes,eBay Managed Payments,,Oct-09-25 01:02:44,Oct-09-25 01:02:44,,,,,,,,,GroundAdvantage,,1000009701,,,,,,,,,,,,,,,,,
8475,09-09706-53636,ebuyer_002528,,,,,,,,,,,,,,,,,,,,310000009706,Used Cast Iron Skillet,KT-009706,No,1,$31.99,$5.13,"South Bend, IN",46601,US,7.00%,SalesTax,,,,$0.00,$2.60,,,,,,,,$39.72,Yes,eBay Managed Payments,,Oct-09-25 02:10:52,Oct-09-25 02:10:52,,,,,,,,,GroundAdvantage,,1000009706,,,,,,,,,,,,,,,,,
8496,05-09727-56951,ebuyer_003530,,,,,,,,,,,,,,,,,,,,310000009727,Classic Coin Lot,CO-009727,No,1,$21.99,$9.89,"South Bend, IN",46601,US,7.00%,SalesTax,,,,$0.00,$2.23,,,,,,,,$34.11,Yes,eBay Managed Payments,,Oct-09-25 02:50:26,Oct-09-25 02:50:26,,,,,,,,,Priority Mail,,1000009727,,,,,,,,,,,,,,,,,
8494,14-09725-30170,ebuyer_003272,,,,,,,,,,,,,,,,,,,,310000009725,Classic Clutch,HB-009725,No,1,$157.99,$0.00,"South Bend, IN",46601,US,7.00%,SalesTax,,,,$0.00,$11.06,,,,,,,,$169.05,Yes,eBay Managed Payments,,Oct-09-25 06:28:25,Oct-09-25 06:28:25,,,,,,,,,GroundAdvantage,,1000009725,,,,,,,,,,,,,,,,,
8476,14-09707-58198,ebuyer_002803,,,,,,,,,,,,,,,,,,,,310000009707,Handmade Portable Radio,EL-009707,No,1,$84.99,$9.24,"South Bend, IN",46601,US,7.00%,SalesTax,,,,$0.00,$6.60,,,,,,,,$100.83,Yes,eBay Managed Payments,,Oct-09-25 07:10:22,Oct-09-25 07:10:22,,,,,,,,,GroundAdvantage,,1000009707,,,,,,,,,,,,,,,,,
8471,09-09702-51472,ebuyer_002545,,,,,,,,,,,,,,,,,,,,310000009702,Used Figurine,CO-009702,No,1,$29.99,$0.00,"South Bend, IN",46601,US,7.00%,SalesTax,,,,$0.00,$2.10,,,,,,,,$32.09,Yes,eBay Managed Payments,,Oct-09-25 07:31:31,Oct-09-25 07:31:31,,,,,,,,,Priority Mail,,1000009702,,,,,,,,,,,,,,,,,
8481,27-09712-28541,ebuyer_002517,,,,,,,,,,,,,,,,,,,,310000009712,Used Leather Boots,SH-009712,No,1,$64.99,$0.00,"South Bend, IN",46601,US,7.00%,SalesTax,,,,$0.00,$4.55,,,,,,,,$69.54,Yes,eBay Managed Payments,,Oct-09-25 10:37:08,Oct-09-25 10:37:08,,,,,,,,,FedEx Home Delivery,,1000009712,,,,,,,,,,,,,,,,,
8484,13-09715-64355,ebuyer_002500,,,,,,,,,,,,,,,,,,,,310000009715,Pre-owned Portable Radio,EL-009715,No,1,$203.99,$5.50,"South Bend, IN",46601,US,7.00%,SalesTax,,,,$0.00,$14.67,,,,,,,,$224.16,Yes,eBay Managed Payments,,Oct-09-25 11:15:35,Oct-09-25 11:15:35,,,,,,,,,FedEx Ground,,1000009715,,,,,,,,,,,,,,,,,
8487,25-09718-35387,ebuyer_003616,,,,,,,,,,,,,,,,,,,,310000009718,Antique Leather Boots,SH-009718,No,1,$30.99,$0.00,"South Bend, IN",46601,US,7.00%,SalesTax,,,,$0.00,$2.17,,,,,,,,$33.16,Yes,eBay Managed Payments,,Oct-09-25 13:59:52,Oct-09-25 13:59:52,,,,,,,,,Priority,,1000009718,,,,,,,,,,,,,,,,,
8485,17-09716-11751,ebuyer_003631,,,,,,,,,,,,,,,,,,,,310000009716,Handmade Coin Lot,CO-009716,No,1,$9.99,$6.30,"South Bend, IN",46601,US,7.00%,SalesTax,,,,$0.00,$1.14,,,,,,,,$17.43,Yes,eBay Managed Payments,,Oct-09-25 14:05:12,Oct-09-25 14:05:12,,,,,,,,,Ground Advantage,,1000009716,,,,,,,,,,,,,,,,,
8478,18-09709-62494,ebuyer_003532,,,,,,,,,,,,,,,,,,,,310000009709,Antique Clutch,HB-009709,No,1,$32.99,$7.26,"South Bend, IN",46601,US,7.00%,SalesTax,,,,$0.00,$2.82,,,,,,,,$43.07,Yes,eBay Managed Payments,,Oct-09-25 15:18:12,Oct-09-25 15:18:12,,,,,,,,,FedEx 2Day,,1000009709,,,,,,,,,,,,,,,,,
8482,17-09713-78194,ebuyer_003502,,,,,,,,,,,,,,,,,,,,310000009713,Handmade Pewter Mug,CO-009713,No,1,$45.99,$0.00,"South Bend, IN",46601,US,7.00%,SalesTax,,,,$0.00,$3.22,,,,,,,,$49.21,Yes,eBay Managed Payments,,Oct-09-25 15:22:25,Oct-09-25 15:22:25,,,,,,,,,Priority Mail,,1000009713,,,,,,,,,,,,,,,,,
8488,09-09719-71354,ebuyer_002503,,,,,,,,,,,,,,,,,,,,310000009719,Handmade Stoneware Mugs,KT-009719,No,1,$48.99,$0.00,"South Bend, IN",46601,US,7.00%,SalesTax,,,,$0.00,$3.43,,,,,,,,$52.42,Yes,eBay Managed Payments,,Oct-09-25 16:57:22,Oct-09-25 16:57:22,,,,,,,,,Ground Advantage,,1000009719,,,,,,,,,,,,,,,,,
8490,14-09721-82216,ebuyer_002738,,,,,,,,,,,,,,,,,,,,310000009721,Classic Pewter Mug,CO-009721,No,1,$27.99,$9.22,"South Bend, IN",46601,US,7.00%,SalesTax,,,,$0.00,$2.61,,,,,,,,$39.82,Yes,eBay Managed Payments,,Oct-09-25 18:03:12,Oct-09-25 18:03:12,,,,,,,,,Ground Advantage,,1000009721,,,,,,,,,,,,,,,,,
8480,11-09711-09706,ebuyer_003105,,,,,,,,,,,,,,,,,,,,310000009711,Used Pewter Mug,CO-009711,No,1,$28.99,$11.90,"South Bend, IN",46601,US,7.00%,SalesTax,,,,$0.00,$2.86,,,,,,,,$43.75,Yes,eBay Managed Payments,,Oct-09-25 19:15:07,Oct-09-25 19:15:07,,,,,,,,,FedEx Ground,,1000009711,,,,,,,,,,,,,,,,,
8479,09-09710-71772,ebuyer_003147,,,,,,,,,,,,,,,,,,,,310000009710,Pre-owned Leather Boots,SH-009710,No,1,$57.99,$0.00,"South Bend, IN",46601,US,7.00%,SalesTax,,,,$0.00,$4.06,,,,,,,,$62.05,Yes,eBay Managed Payments,,Oct-09-25 19:34:43,Oct-09-25 19:34:43,,,,,,,,,GroundAdvantage,,1000009710,,,,,,,,,,,,,,,,,
8473,08-09704-03495,ebuyer_003372,,,,,,,,,,,,,,,,,,,,310000009704,Mid-Century Wool Coat,CL-009704,No,1,$19.99,$0.00,"South Bend, IN",46601,US,7.00%,SalesTax,,,,$0.00,$1.40,,,,,,,,$21.39,Yes,eBay Managed Payments,,Oct-09-25 19:55:13,Oct-09-25 19:55:13,,,,,,,,,Ground Advantage,,1000009704,,,,,,,,,,,,,,,,,
8497,05-09728-51805,ebuyer_003140,,,,,,,,,,,,,,,,,,,,310000009728,Like New Figurine,CO-009728,No,1,$48.99,$7.87,"South Bend, IN",46601,US,7.00%,SalesTax,,,,$0.00,$3.98,,,,,,,,$60.84,Yes,eBay Managed Payments,,Oct-09-25 20:18:42,Oct-09-25 20:18:42,,,,,,,,,GroundAdvantage,,1000009728,,,,,,,,,,,,,,,,,
8486,16-09717-09327,ebuyer_002951,,,,,,,,,,,,,,,,,,,,310000009717,Used Pewter Mug,CO-009717,No,1,$50.99,$11.61,"South Bend, IN",46601,US,7.00%,SalesTax,,,,$0.00,$4.38,,,,,,,,$66.98,Yes,eBay Managed Payments,,Oct-09-25 20:34:19,Oct-09-25 20:34:19,,,,,,,,,FedEx Home Delivery,,1000009717,,,,,,,,,,,,,,,,,
8493,07-09724-98830,ebuyer_002938,,,,,,,,,,,,,,,,,,,,310000009724,Pre-owned Hiking Boots,SH-009724,No,1,$24.99,$0.00,"South Bend, IN",46601,US,7.00%,SalesTax,,,,$0.00,$1.75,,,,,,,,$26.74,Yes,eBay Managed Payments,,Oct-09-25 21:35:41,Oct-09-25 21:35:41,,,,,,,,,Ground Advantage,,1000009724,,,,,,,,,,,,,,,,,
8495,19-09726-42175,ebuyer_003055,,,,,,,,,,,,,,,,,,,,310000009726,Classic Cashmere Sweater,CL-009726,No,1,$29.99,$0.00,"South Bend, IN",46601,US,7.00%,SalesTax,,,,$0.00,$2.10,,,,,,,,$32.09,Yes,eBay Managed Payments,,Oct-09-25 21:54:57,Oct-09-25 21:54:57,,,,,,,,,FedEx Ground,,1000009726,,,,,,,,,,,,,,,,,
8474,14-09705-32963,ebuyer_002553,,,,,,,,,,,,,,,,,,,,310000009705,Like New Wool Coat,CL-009705,No,1,$17.99,$0.00,"South Bend, IN",46601,US,7.00%,SalesTax,,,,$0.00,$1.26,,,,,,,,$19.25,Yes,eBay Managed Payments,,Oct-09-25 21:58:47,Oct-09-25 21:58:47,,,,,,,,,Ground Advantage,,1000009705,,,,,,,,,,,,,,,,,
8477,15-09708-67681,ebuyer_002537,,,,,,,,,,,,,,,,,,,,310000009708,Handmade Loafers,SH-009708,No,1,$23.99,$0.00,"South Bend, IN",46601,US,7.00%,SalesTax,,,,$0.00,$1.68,,,,,,,,$25.67,Yes,eBay Managed Payments,,Oct-09-25 23:03:40,Oct-09-25 23:03:40,,,,,,,,,Priority Mail,,1000009708,,,,,,,,,,,,,,,,,
8489,10-09720-18919,ebuyer_003132,,,,,,,,,,,,,,,,,,,,310000009720,Lot of 2 Game Console,EL-009720,No,1,$40.99,$0.00,"South Bend, IN",46601,US,7.00%,SalesTax,,,,$0.00,$2.87,,,,,,,,$43.86,Yes,eBay Managed Payments,,Oct-09-25 23:09:24,Oct-09-25 23:09:24,,,,,,,,,GroundAdvantage,,1000009720,,,,,,,,,,,,,,,,,
8491,16-09722-09952,ebuyer_002877,,,,,,,,,,,,,,,,,,,,310000009722,Used Flannel Shirt,CL-009722,No,1,$58.99,$8.09,"South Bend, IN",46601,US,7.00%,SalesTax,,,,$0.00,$4.70,,,,,,,,$71.78,Yes,eBay Managed Payments,,Oct-09-25 23:14:19,Oct-09-25 23:14:19,,,,,,,,,Ground Advantage,,1000009722,,,,,,,,,,,,,,,,,
8483,19-09714-06346,ebuyer_003466,,,,,,,,,,,,,,,,,,,,310000009714,Classic Loafers,SH-009714,No,1,$49.99,$8.39,"South Bend, IN",46601,US,7.00%,SalesTax,,,,$0.00,$4.09,,,,,,,,$62.47,Yes,eBay Managed Payments,,Oct-09-25 23:22:14,Oct-09-25 23:22:14,,,,,,,,,Priority Mail,,1000009714,,,,,,,,,,,,,,,,,
8492,10-09723-39559,ebuyer_003354,,,,,,,,,,,,,,,,,,,,310000009723,Vintage Leather Boots,SH-009723,No,1,$70.99,$9.77,"South Bend, IN",46601,US,7.00%,SalesTax,,,,$0.00,$5.65,,,,,,,,$86.41,Yes,eBay Managed Payments,,Oct-09-25 23:46:49,Oct-09-25 23:46:49,,,,,,,,,Ground Advantage,,1000009723,,,,,,,,,,,,,,,,,
8510,10-09871-86878,ebuyer_003362,,,,,,,,,,,,,,,,,,,,310000009871,Pre-owned Hiking Boots,SH-009871,No,1,$33.99,$7.22,"South Bend, IN",46601,US,7.00%,SalesTax,,,,$0.00,$2.89,,,,,,,,$44.10,Yes,eBay Managed Payments,,Oct-10-25 07:00:24,Oct-10-25 07:00:24,,,,,,,,,FedEx Ground,,1000009871,,,,,,,,,,,,,,,,,
8514,22-09875-48728,ebuyer_003292,,,,,,,,,,,,,,,,,,,,310000009875,Mid-Century Clutch,HB-009875,No,1,$14.99,$7.17,"South Bend, IN",46601,US,7.00%,SalesTax,,,,$0.00,$1.55,,,,,,,,$23.71,Yes,eBay Managed Payments,,Oct-10-25 09:27:11,Oct-10-25 09:27:11,,,,,,,,,GroundAdvantage,,1000009875,,,,,,,,,,,,,,,,,
8503,02-09864-09445,ebuyer_002504,,,,,,,,,,,,,,,,,,,,310000009864,Classic Turntable,EL-009864,No,1,$116.99,$0.00,"South Bend, IN",46601,US,7.00%,SalesTax,,,,$0.00,$8.19,,,,,,,,$125.18,Yes,eBay Managed Payments,,Oct-10-25 09:53:06,Oct-10-25 09:53:06,,,,,,,,,GroundAdvantage,,1000009864,,,,,,,,,,,,,,,,,
8504,19-09865-26952,ebuyer_002745,,,,,,,,,,,,,,,,,,,,310000009865,Pre-owned Rain Jacket,CL-009865,No,1,$19.99,$0.00,"South Bend, IN",46601,US,7.00%,SalesTax,,,,$0.00,$1.40,,,,,,,,$21.39,Yes,eBay Managed Payments,,Oct-10-25 10:09:48,Oct-10-25 10:09:48,,,,,,,,,Ground Advantage,,1000009865,,,,,,,,,,,,,,,,,
8500,20-09861-25122,ebuyer_002734,,,,,,,,,,,,,,,,,,,,310000009861,Vintage Fondue Set,KT-009861,No,1,$11.99,$6.83,"South Bend, IN",46601,US,7.00%,SalesTax,,,,$0.00,$1.32,,,,,,,,$20.14,Yes,eBay Managed Payments,,Oct-10-25 13:02:08,Oct-10-25 13:02:08,,,,,,,,,FedEx Home Delivery,,1000009861,,,,,,,,,,,,,,,,,
8501,21-09862-51921,ebuyer_003423,,,,,,,,,,,,,,,,,,,,310000009862,Handmade Yoga Mat,SG-009862,No,1,$51.99,$0.00,"South Bend, IN",46601,US,7.00%,SalesTax,,,,$0.00,$3.64,,,,,,,,$55.63,Yes,eBay Managed Payments,,Oct-10-25 13:59:03,Oct-10-25 13:59:03,,,,,,,,,Ground Advantage,,1000009862,,,,,,,,,,,,,,,,,
8511,03-09872-39719,ebuyer_003445,,,,,,,,,,,,,,,,,,,,310000009872,Mid-Century Coin Lot,CO-009872,No,1,$85.99,$0.00,"South Bend, IN",46601,US,7.00%,SalesTax,,,,$0.00,$6.02,,,,,,,,$92.01,Yes,eBay Managed Payments,,Oct-10-25 14:28:25,Oct-10-25 14:28:25,,,,,,,,,Priority Mail,,1000009872,,,,,,,,,,,,,,,,,
8505,17-09866-75219,ebuyer_002696,,,,,,,,,,,,,,,,,,,,310000009866,Retro Camera Lens,EL-009866,No,1,$39.99,$8.57,"South Bend, IN",46601,US,7.00%,SalesTax,,,,$0.00,$3.40,,,,,,,,$51.96,Yes,eBay Managed Payments,,Oct-10-25 18:17:38,Oct-10-25 18:17:38,,,,,,,,,FedEx Ground,,1000009866,,,,,,,,,,,,,,,,,
8512,12-09873-04255,ebuyer_003690,,,,,,,,,,,,,,,,,,,,310000009873,Retro Hiking Boots,SH-009873,No,1,$64.99,$14.07,"South Bend, IN",46601,US,7.00%,SalesTax,,,,$0.00,$5.53,,,,,,,,$84.59,Yes,eBay Managed Payments,,Oct-10-25 18:24:49,Oct-10-25 18:24:49,,,,,,,,,Ground Advantage,,1000009873,,,,,,,,,,,,,,,,,
8509,10-09870-76615,ebuyer_003313,,,,,,,,,,,,,,,,,,,,310000009870,Retro Fondue Set,KT-009870,No,1,$20.99,$6.11,"South Bend, IN",46601,US,7.00%,SalesTax,,,,$0.00,$1.90,,,,,,,,$29.00,Yes,eBay Managed Payments,,Oct-10-25 18:36:53,Oct-10-25 18:36:53,,,,,,,,,Ground Advantage,,1000009870,,,,,,,,,,,,,,,,,
8508,21-09869-13385,ebuyer_002886,,,,,,,,,,,,,,,,,,,,310000009869,Classic Wool Coat,CL-009869,No,2,$28.99,$0.00,"South Bend, IN",46601,US,7.00%,SalesTax,,,,$0.00,$4.06,,,,,,,,$62.04,Yes,eBay Managed Payments,,Oct-10-25 19:23:18,Oct-10-25 19:23:18,,,,,,,,,Ground Advantage,,1000009869,,,,,,,,,,,,,,,,,
8515,07-09876-00116,ebuyer_002540,,,,,,,,,,,,,,,,,,,,310000009876,Antique Snow Globe,CO-009876,No,1,$65.99,$8.10,"South Bend, IN",46601,US,7.00%,SalesTax,,,,$0.00,$5.19,,,,,,,,$79.28,Yes,eBay Managed Payments,,Oct-10-25 19:28:30,Oct-10-25 19:28:30,,,,,,,,,GroundAdvantage,,1000009876,,,,,,,,,,,,,,,,,
8506,01-09867-50941,ebuyer_003218,,,,,,,,,,,,,,,,,,,,310000009867,Classic Pewter Mug,CO-009867,No,1,$81.99,$0.00,"South Bend, IN",46601,US,7.00%,SalesTax,,,,$0.00,$5.74,,,,,,,,$87.73,Yes,eBay Managed Payments,,Oct-10-25 20:26:39,Oct-10-25 20:26:39,,,,,,,,,Ground Advantage,,1000009867,,,,,,,,,,,,,,,,,
8513,21-09874-83529,ebuyer_002538,,,,,,,,,,,,,,,,,,,,310000009874,Classic Wool Coat,CL-009874,No,1,$63.99,$7.25,"South Bend, IN",46601,US,7.00%,SalesTax,,,,$0.00,$4.99,,,,,,,,$76.23,Yes,eBay Managed Payments,,Oct-10-25 21:24:05,Oct-10-25 21:24:05,,,,,,,,,Priority,,1000009874,,,,,,,,,,,,,,,,,
8507,12-09868-14428,ebuyer_003071,,,,,,,,,,,,,,,,,,,,310000009868,Mid-Century Headphones,EL-009868,No,1,$20.99,$7.15,"South Bend, IN",46601,US,7.00%,SalesTax,,,,$0.00,$1.97,,,,,,,,$30.11,Yes,eBay Managed Payments,,Oct-10-25 22:00:28,Oct-10-25 22:00:28,,,,,,,,,Ground Advantage,,1000009868,,,,,,,,,,,,,,,,,
8502,06-09863-35327,ebuyer_002852,,,,,,,,,,,,,,,,,,,,310000009863,Retro Turntable,EL-009863,No,1,$61.99,$8.50,"South Bend, IN",46601,US,7.00%,SalesTax,,,,$0.00,$4.94,,,,,,,,$75.43,Yes,eBay Managed Payments,,Oct-10-25 22:05:48,Oct-10-25 22:05:48,,,,,,,,,Priority Mail,,1000009863,,,,,,,,,,,,,,,,,
8498,18-09859-50189,ebuyer_003587,,,,,,,,,,,,,,,,,,,,310000009859,Classic Trading Card Lot,CO-009859,No,1,$9.99,$0.00,"South Bend, IN",46601,US,7.00%,SalesTax,,,,$0.00,$0.70,,,,,,,,$10.69,Yes,eBay Managed Payments,,Oct-10-25 23:00:02,Oct-10-25 23:00:02,,,,,,,,,Ground Advantage,,1000009859,,,,,,,,,,,,,,,,,
8499,26-09860-80772,ebuyer_003174,,,,,,,,,,,,,,,,,,,,310000009860,Like New Pyrex Bowl,KT-009860,No,2,$22.99,$5.41,"South Bend, IN",46601,US,7.00%,SalesTax,,,,$0.00,$3.60,,,,,,,,$54.99,Yes,eBay Managed Payments,,Oct-10-25 23:17:28,Oct-10-25 23:17:28,,,,,,,,,Ground Advantage,,1000009860,,,,,,,,,,,,,,,,,
8524,10-10008-63571,ebuyer_003489,,,,,,,,,,,,,,,,,,,,310000010008,Mid-Century Cashmere Sweater,CL-010008,No,1,$10.99,$9.12,"South Bend, IN",46601,US,7.00%,SalesTax,,,,$0.00,$1.41,,,,,,,,$21.52,Yes,eBay Managed Payments,,Oct-11-25 03:54:11,Oct-11-25 03:54:11,,,,,,,,,Ground Advantage,,1000010008,,,,,,,,,,,,,,,,,
8543,11-10027-34096,ebuyer_002892,,,,,,,,,,,,,,,,,,,,310000010027,Used Leather Satchel,HB-010027,No,1,$54.99,$7.72,"South Bend, IN",46601,US,7.00%,SalesTax,,,,$0.00,$4.39,,,,,,,,$67.10,Yes,eBay Managed Payments,,Oct-11-25 04:04:46,Oct-11-25 04:04:46,,,,,,,,,Priority Mail,,1000010027,,,,,,,,,,,,,,,,,
8516,11-10000-46228,ebuyer_003330,,,,,,,,,,,,,,,,,,,,310000010000,Like New Stoneware Mugs,KT-010000,No,1,$37.99,$5.05,"South Bend, IN",46601,US,7.00%,SalesTax,,,,$0.00,$3.01,,,,,,,,$46.05,Yes,eBay Managed Payments,,Oct-11-25 04:15:48,Oct-11-25 04:15:48,,,,,,,,,Priority Mail,,1000010000,,,,,,,,,,,,,,,,,
8533,03-10017-09528,ebuyer_003418,,,,,,,,,,,,,,,,,,,,310000010017,Used Loafers,SH-010017,No,1,$21.99,$16.41,"South Bend, IN",46601,US,7.00%,SalesTax,,,,$0.00,$2.69,,,,,,,,$41.09,Yes,eBay Managed Payments,,Oct-11-25 07:39:26,Oct-11-25 07:39:26,,,,,,,,,GroundAdvantage,,1000010017,,,,,,,,,,,,,,,,,
8520,17-10004-59921,ebuyer_002500,,,,,,,,,,,,,,,,,,,,310000010004,Antique Wool Coat,CL-010004,No,1,$33.99,$0.00,"South Bend, IN",46601,US,7.00%,SalesTax,,,,$0.00,$2.38,,,,,,,,$36.37,Yes,eBay Managed Payments,,Oct-11-25 08:36:42,Oct-11-25 08:36:42,,,,,,,,,Ground Advantage,,1000010004,,,,,,,,,,,,,,,,,
8537,01-10021-35959,ebuyer_003342,,,,,,,,,,,,,,,,,,,,310000010021,Vintage Cashmere Sweater,CL-010021,No,1,$14.99,$8.91,"South Bend, IN",46601,US,7.00%,SalesTax,,,,$0.00,$1.67,,,,,,,,$25.57,Yes,eBay Managed Payments,,Oct-11-25 08:39:00,Oct-11-25 08:39:00,,,,,,,,,FedEx Ground,,1000010021,,,,,,,,,,,,,,,,,
8541,21-10025-59060,ebuyer_003572,,,,,,,,,,,,,,,,,,,,310000010025,Like New Tennis Racket,SG-010025,No,1,$36.99,$9.53,"South Bend, IN",46601,US,7.00%,SalesTax,,,,$0.00,$3.26,,,,,,,,$49.78,Yes,eBay Managed Payments,,Oct-11-25 09:01:03,Oct-11-25 09:01:03,,,,,,,,,GroundAdvantage,,1000010025,,,,,,,,,,,,,,,,,
8525,02-10009-64263,ebuyer_002807,,,,,,,,,,,,,,,,,,,,310000010009,Lot of 2 Figurine,CO-010009,No,1,$45.99,$10.86,"South Bend, IN",46601,US,7.00%,SalesTax,,,,$0.00,$3.98,,,,,,,,$60.83,Yes,eBay Managed Payments,,Oct-11-25 09:27:39,Oct-11-25 09:27:39,,,,,,,,,Priority Mail,,1000010009,,,,,,,,,,,,,,,,,
8517,13-10001-71367,ebuyer_003614,,,,,,,,,,,,,,,,,,,,310000010001,Retro Flannel Shirt,CL-010001,No,1,$15.99,$5.94,"South Bend, IN",46601,US,7.00%,SalesTax,,,,$0.00,$1.54,,,,,,,,$23.47,Yes,eBay Managed Payments,,Oct-11-25 10:29:45,Oct-11-25 10:29:45,,,,,,,,,Ground Advantage,,1000010001,,,,,,,,,,,,,,,,,
8536,01-10020-93783,ebuyer_002758,,,,,,,,,,,,,,,,,,,,310000010020,Retro Portable Radio,EL-010020,No,1,$32.99,$0.00,"South Bend, IN",46601,US,7.00%,SalesTax,,,,$0.00,$2.31,,,,,,,,$35.30,Yes,eBay Managed Payments,,Oct-11-25 11:01:52,Oct-11-25 11:01:52,,,,,,,,,Ground Advantage,,1000010020,,,,,,,,,,,,,,,,,
8534,02-10018-16941,ebuyer_003136,,,,,,,,,,,,,,,,,,,,310000010018,Antique Hiking Boots,SH-010018,No,1,$54.99,$7.72,"South Bend, IN",46601,US,7.00%,SalesTax,,,,$0.00,$4.39,,,,,,,,$67.10,Yes,eBay Managed Payments,,Oct-11-25 13:25:11,Oct-11-25 13:25:11,,,,,,,,,GroundAdvantage,,1000010018,,,,,,,,,,,,,,,,,
8519,16-10003-31694,ebuyer_002615,,,,,,,,,,,,,,,,,,,,310000010003,Lot of 2 Camera Lens,EL-010003,No,1,$165.99,$9.85,"South Bend, IN",46601,US,7.00%,SalesTax,,,,$0.00,$12.31,,,,,,,,$188.15,Yes,eBay Managed Payments,,Oct-11-25 13:59:47,Oct-11-25 13:59:47,,,,,,,,,Ground Advantage,,1000010003,,,,,,,,,,,,,,,,,
8530,03-10014-21915,ebuyer_003245,,,,,,,,,,,,,,,,,,,,310000010014,Lot of 2 Running Shoes,SH-010014,No,1,$16.99,$9.24,"South Bend, IN",46601,US,7.00%,SalesTax,,,,$0.00,$1.84,,,,,,,,$28.07,Yes,eBay Managed Payments,,Oct-11-25 15:27:53,Oct-11-25 15:27:53,,,,,,,,,Priority Mail,,1000010014,,,,,,,,,,,,,,,,,
8529,07-10013-85996,ebuyer_003418,,,,,,,,,,,,,,,,,,,,310000010013,Mid-Century Crossbody Bag,HB-010013,No,1,$58.99,$5.30,"South Bend, IN",46601,US,7.00%,SalesTax,,,,$0.00,$4.50,,,,,,,,$68.79,Yes,eBay Managed Payments,,Oct-11-25 15:41:48,Oct-11-25 15:41:48,,,,,,,,,Priority Mail,,1000010013,,,,,,,,,,,,,,,,,
8538,23-10022-49030,ebuyer_003680,,,,,,,,,,,,,,,,,,,,310000010022,Pre-owned Golf Balls,SG-010022,No,1,$9.99,$7.47,"South Bend, IN",46601,US,7.00%,SalesTax,,,,$0.00,$1.22,,,,,,,,$18.68,Yes,eBay Managed Payments,,Oct-11-25 16:48:46,Oct-11-25 16:48:46,,,,,,,,,GroundAdvantage,,1000010022,,,,,,,,,,,,,,,,,
8527,05-10011-17903,ebuyer_002831,,,,,,,,,,,,,,,,,,,,310000010011,Used Denim Jacket,CL-010011,No,1,$16.99,$11.72,"South Bend, IN",46601,US,7.00%,SalesTax,,,,$0.00,$2.01,,,,,,,,$30.72,Yes,eBay Managed Payments,,Oct-11-25 17:41:49,Oct-11-25 17:41:49,,,,,,,,,GroundAdvantage,,1000010011,,,,,,,,,,,,,,,,,
8531,27-10015-11535,ebuyer_002735,,,,,,,,,,,,,,,,,,,,310000010015,Mid-Century Pewter Mug,CO-010015,No,1,$52.99,$0.00,"South Bend, IN",46601,US,7.00%,SalesTax,,,,$0.00,$3.71,,,,,,,,$56.70,Yes,eBay Managed Payments,,Oct-11-25 17:45:36,Oct-11-25 17:45:36,,,,,,,,,GroundAdvantage,,1000010015,,,,,,,,,,,,,,,,,
8522,06-10006-81301,ebuyer_002722,,,,,,,,,,,,,,,,,,,,310000010006,Retro Leather Satchel,HB-010006,No,1,$28.99,$0.00,"South Bend, IN",46601,US,7.00%,SalesTax,,,,$0.00,$2.03,,,,,,,,$31.02,Yes,eBay Managed Payments,,Oct-11-25 19:05:26,Oct-11-25 19:05:26,,,,,,,,,GroundAdvantage,,1000010006,,,,,,,,,,,,,,,,,
8540,16-10024-05374,ebuyer_003357,,,,,,,,,,,,,,,,,,,,310000010024,Antique Denim Jacket,CL-010024,No,1,$32.99,$0.00,"South Bend, IN",46601,US,7.00%,SalesTax,,,,$0.00,$2.31,,,,,,,,$35.30,Yes,eBay Managed Payments,,Oct-11-25 19:08:09,Oct-11-25 19:08:09,,,,,,,,,FedEx Ground,,1000010024,,,,,,,,,,,,,,,,,
8528,06-10012-20764,ebuyer_003088,,,,,,,,,,,,,,,,,,,,310000010012,Mid-Century Turntable,EL-010012,No,1,$35.99,$9.14,"South Bend, IN",46601,US,7.00%,SalesTax,,,,$0.00,$3.16,,,,,,,,$48.29,Yes,eBay Managed Payments,,Oct-11-25 19:58:37,Oct-11-25 19:58:37,,,,,,,,,GroundAdvantage,,1000010012,,,,,,,,,,,,,,,,,
8535,07-10019-23408,ebuyer_002754,,,,,,,,,,,,,,,,,,,,310000010019,Mid-Century Running Shoes,SH-010019,No,1,$45.99,$12.83,"South Bend, IN",46601,US,7.00%,SalesTax,,,,$0.00,$4.12,,,,,,,,$62.94,Yes,eBay Managed Payments,,Oct-11-25 20:44:45,Oct-11-25 20:44:45,,,,,,,,,Ground Advantage,,1000010019,,,,,,,,,,,,,,,,,
8521,22-10005-54640,ebuyer_002788,,,,,,,,,,,,,,,,,,,,310000010005,Vintage Cashmere Sweater,CL-010005,No,1,$76.99,$0.00,"South Bend, IN",46601,US,7.00%,SalesTax,,,,$0.00,$5.39,,,,,,,,$82.38,Yes,eBay Managed Payments,,Oct-11-25 21:01:41,Oct-11-25 21:01:41,,,,,,,,,Priority Mail,,1000010005,,,,,,,,,,,,,,,,,
8523,20-10007-28180,ebuyer_003226,,,,,,,,,,,,,,,,,,,,310000010007,Lot of 2 Stoneware Mugs,KT-010007,No,1,$29.99,$0.00,"South Bend, IN",46601,US,7.00%,SalesTax,,,,$0.00,$2.10,,,,,,,,$32.09,Yes,eBay Managed Payments,,Oct-11-25 21:29:18,Oct-11-25 21:29:18,,,,,,,,,Ground Advantage,,1000010007,,,,,,,,,,,,,,,,,
8539,08-10023-96083,ebuyer_003520,,,,,,,,,,,,,,,,,,,,310000010023,Retro Pewter Mug,CO-010023,No,1,$23.99,$5.00,"South Bend, IN",46601,US,7.00%,SalesTax,,,,$0.00,$2.03,,,,,,,,$31.02,Yes,eBay Managed Payments,,Oct-11-25 21:44:52,Oct-11-25 21:44:52,,,,,,,,,Ground Advantage,,1000010023,,,,,,,,,,,,,,,,,
8518,19-10002-23782,ebuyer_002532,,,,,,,,,,,,,,,,,,,,310000010002,Handmade Clutch,HB-010002,No,1,$92.99,$0.00,"South Bend, IN",46601,US,7.00%,SalesTax,,,,$0.00,$6.51,,,,,,,,$99.50,Yes,eBay Managed Payments,,Oct-11-25 22:16:58,Oct-11-25 22:16:58,,,,,,,,,Ground Advantage,,1000010002,,,,,,,,,,,,,,,,,
8532,15-10016-56513,ebuyer_002743,,,,,,,,,,,,,,,,,,,,310000010016,Antique Trading Card Lot,CO-010016,No,1,$14.99,$0.00,"South Bend, IN",46601,US,7.00%,SalesTax,,,,$0.00,$1.05,,,,,,,,$16.04,Yes,eBay Managed Payments,,Oct-11-25 23:26:22,Oct-11-25 23:26:22,,,,,,,,,Priority Mail,,1000010016,,,,,,,,,,,,,,,,,
8526,06-10010-62426,ebuyer_002975,,,,,,,,,,,,,,,,,,,,310000010010,Classic Leather Satchel,HB-010010,No,1,$69.99,$12.28,"South Bend, IN",46601,US,7.00%,SalesTax,,,,$0.00,$5.76,,,,,,,,$88.03,Yes,eBay Managed Payments,,Oct-11-25 23:42:04,Oct-11-25 23:42:04,,,,,,,,,FedEx Express Saver,,1000010010,,,,,,,,,,,,,,,,,
8542,05-10026-72594,ebuyer_003496,,,,,,,,,,,,,,,,,,,,310000010026,Handmade Figurine,CO-010026,No,1,$48.99,$0.00,"South Bend, IN",46601,US,7.00%,SalesTax,,,,$0.00,$3.43,,,,,,,,$52.42,Yes,eBay Managed Payments,,Oct-11-25 23:53:36,Oct-11-25 23:53:36,,,,,,,,,GroundAdvantage,,1000010026,,,,,,,,,,,,,,,,,
8554,10-10175-43135,ebuyer_002618,,,,,,,,,,,,,,,,,,,,310000010175,Retro Hiking Boots,SH-010175,No,2,$60.99,$0.00,"South Bend, IN",46601,US,7.00%,SalesTax,,,,$0.00,$8.54,,,,,,,,$130.52,Yes,eBay Managed Payments,,Oct-12-25 02:35:21,Oct-12-25 02:35:21,,,,,,,,,Ground Advantage,,1000010175,,,,,,,,,,,,,,,,,
8550,19-10171-82289,ebuyer_003177,,,,,,,,,,,,,,,,,,,,310000010171,Pre-owned Silk Blouse,CL-010171,No,1,$45.99,$0.00,"South Bend, IN",46601,US,7.00%,SalesTax,,,,$0.00,$3.22,,,,,,,,$49.21,Yes,eBay Managed Payments,,Oct-12-25 04:32:06,Oct-12-25 04:32:06,,,,,,,,,Priority Mail,,1000010171,,,,,,,,,,,,,,,,,
8549,20-10170-06427,ebuyer_002759,,,,,,,,,,,,,,,,,,,,310000010170,Mid-Century Cashmere Sweater,CL-010170,No,1,$31.99,$7.53,"South Bend, IN",46601,US,7.00%,SalesTax,,,,$0.00,$2.77,,,,,,,,$42.29,Yes,eBay Managed Payments,,Oct-12-25 05:27:32,Oct-12-25 05:27:32,,,,,,,,,Ground Advantage,,1000010170,,,,,,,,,,,,,,,,,
8552,13-10173-81829,ebuyer_003559,,,,,,,,,,,,,,,,,,,,310000010173,Classic Camera Lens,EL-010173,No,1,$58.99,$0.00,"South Bend, IN",46601,US,7.00%,SalesTax,,,,$0.00,$4.13,,,,,,,,$63.12,Yes,eBay Managed Payments,,Oct-12-25 05:33:46,Oct-12-25 05:33:46,,,,,,,,,Ground Advantage,,1000010173,,,,,,,,,,,,,,,,,
8553,08-10174-07934,ebuyer_002940,,,,,,,,,,,,,,,,,,,,310000010174,Pre-owned Loafers,SH-010174,No,1,$15.99,$10.27,"South Bend, IN",46601,US,7.00%,SalesTax,,,,$0.00,$1.84,,,,,,,,$28.10,Yes,eBay Managed Payments,,Oct-12-25 06:15:52,Oct-12-25 06:15:52,,,,,,,,,Priority,,1000010174,,,,,,,,,,,,,,,,,
8557,27-10178-87996,ebuyer_002725,,,,,,,,,,,,,,,,,,,,310000010178,Retro Crossbody Bag,HB-010178,No,1,$26.99,$5.09,"South Bend, IN",46601,US,7.00%,SalesTax,,,,$0.00,$2.25,,,,,,,,$34.33,Yes,eBay Managed Payments,,Oct-12-25 06:41:33,Oct-12-25 06:41:33,,,,,,,,,Ground Advantage,,1000010178,,,,,,,,,,,,,,,,,
8546,16-10167-03007,ebuyer_002701,,,,,,,,,,,,,,,,,,,,310000010167,Classic Yoga Mat,SG-010167,No,1,$16.99,$11.08,"South Bend, IN",46601,US,7.00%,SalesTax,,,,$0.00,$1.97,,,,,,,,$30.04,Yes,eBay Managed Payments,,Oct-12-25 08:05:53,Oct-12-25 08:05:53,,,,,,,,,Priority Mail,,1000010167,,,,,,,,,,,,,,,,,
8560,17-10181-32597,ebuyer_003574,,,,,,,,,,,,,,,,,,,,310000010181,Mid-Century Silk Blouse,CL-010181,No,1,$51.99,$0.00,"South Bend, IN",46601,US,7.00%,SalesTax,,,,$0.00,$3.64,,,,,,,,$55.63,Yes,eBay Managed Payments,,Oct-12-25 09:03:02,Oct-12-25 09:03:02,,,,,,,,,Priority,,1000010181,,,,,,,,,,,,,,,,,
8555,26-10176-16447,ebuyer_002510,,,,,,,,,,,,,,,,,,,,310000010176,Pre-owned Pewter Mug,CO-010176,No,1,$26.99,$0.00,"South Bend, IN",46601,US,7.00%,SalesTax,,,,$0.00,$1.89,,,,,,,,$28.88,Yes,eBay Managed Payments,,Oct-12-25 09:37:42,Oct-12-25 09:37:42,,,,,,,,,Priority Mail,,1000010176,,,,,,,,,,,,,,,,,
8562,12-10183-92034,ebuyer_002540,,,,,,,,,,,,,,,,,,,,310000010183,Vintage Sandals,SH-010183,No,1,$34.99,$0.00,"South Bend, IN",46601,US,7.00%,SalesTax,,,,$0.00,$2.45,,,,,,,,$37.44,Yes,eBay Managed Payments,,Oct-12-25 10:02:54,Oct-12-25 10:02:54,,,,,,,,,Priority,,1000010183,,,,,,,,,,,,,,,,,
8556,25-10177-21409,ebuyer_002500,,,,,,,,,,,,,,,,,,,,310000010177,Antique Sandals,SH-010177,No,1,$50.99,$10.54,"South Bend, IN",46601,US,7.00%,SalesTax,,,,$0.00,$4.31,,,,,,,,$65.84,Yes,eBay Managed Payments,,Oct-12-25 10:19:04,Oct-12-25 10:19:04,,,,,,,,,Priority,,1000010177,,,,,,,,,,,,,,,,,
8547,08-10168-39104,ebuyer_003196,,,,,,,,,,,,,,,,,,,,310000010168,Lot of 2 Wool Coat,CL-010168,No,1,$47.99,$0.00,"South Bend, IN",46601,US,7.00%,SalesTax,,,,$0.00,$3.36,,,,,,,,$51.35,Yes,eBay Managed Payments,,Oct-12-25 11:40:31,Oct-12-25 11:40:31,,,,,,,,,GroundAdvantage,,1000010168,,,,,,,,,,,,,,,,,
8551,25-10172-06919,ebuyer_003289,,,,,,,,,,,,,,,,,,,,310000010172,Vintage Pewter Mug,CO-010172,No,1,$47.99,$0.00,"South Bend, IN",46601,US,7.00%,SalesTax,,,,$0.00,$3.36,,,,,,,,$51.35,Yes,eBay Managed Payments,,Oct-12-25 13:57:42,Oct-12-25 13:57:42,,,,,,,,,Priority Mail,,1000010172,,,,,,,,,,,,,,,,,
8545,20-10166-24932,ebuyer_002527,,,,,,,,,,,,,,,,,,,,310000010166,Pre-owned Cashmere Sweater,CL-010166,No,1,$19.99,$7.78,"South Bend, IN",46601,US,7.00%,SalesTax,,,,$0.00,$1.94,,,,,,,,$29.71,Yes,eBay Managed Payments,,Oct-12-25 14:06:21,Oct-12-25 14:06:21,,,,,,,,,Priority Mail,,1000010166,,,,,,,,,,,,,,,,,
8544,21-10165-53097,ebuyer_002646,,,,,,,,,,,,,,,,,,,,310000010165,Retro Cast Iron Skillet,KT-010165,No,1,$13.99,$13.21,"South Bend, IN",46601,US,7.00%,SalesTax,,,,$0.00,$1.90,,,,,,,,$29.10,Yes,eBay Managed Payments,,Oct-12-25 16:57:00,Oct-12-25 16:57:00,,,,,,,,,Ground Advantage,,1000010165,,,,,,,,,,,,,,,,,
8558,01-10179-68963,ebuyer_002844,,,,,,,,,,,,,,,,,,,,310000010179,Used Clutch,HB-010179,No,1,$55.99,$0.00,"South Bend, IN",46601,US,7.00%,SalesTax,,,,$0.00,$3.92,,,,,,,,$59.91,Yes,eBay Managed Payments,,Oct-12-25 18:37:16,Oct-12-25 18:37:16,,,,,,,,,GroundAdvantage,,1000010179,,,,,,,,,,,,,,,,,
8561,24-10182-46929,ebuyer_002513,,,,,,,,,,,,,,,,,,,,310000010182,Mid-Century Cast Iron Skillet,KT-010182,No,1,$18.99,$0.00,"South Bend, IN",46601,US,7.00%,SalesTax,,,,$0.00,$1.33,,,,,,,,$20.32,Yes,eBay Managed Payments,,Oct-12-25 21:54:26,Oct-12-25 21:54:26,,,,,,,,,Priority Mail,,1000010182,,,,,,,,,,,,,,,,,
8548,23-10169-49458,ebuyer_002528,,,,,,,,,,,,,,,,,,,,310000010169,Retro Turntable,EL-010169,No,1,$32.99,$0.00,"South Bend, IN",46601,US,7.00%,SalesTax,,,,$0.00,$2.31,,,,,,,,$35.30,Yes,eBay Managed Payments,,Oct-12-25 21:55:19,Oct-12-25 21:55:19,,,,,,,,,Ground Advantage,,1000010169,,,,,,,,,,,,,,,,,
8559,09-10180-81197,ebuyer_003254,,,,,,,,,,,,,,,,,,,,310000010180,Mid-Century Golf Balls,SG-010180,No,1,$11.99,$9.05,"South Bend, IN",46601,US,7.00%,SalesTax,,,,$0.00,$1.47,,,,,,,,$22.51,Yes,eBay Managed Payments,,Oct-12-25 23:52:56,Oct-12-25 23:52:56,,,,,,,,,Ground Advantage,,1000010180,,,,,,,,,,,,,,,,,
8570,21-10314-61061,ebuyer_003609,,,,,,,,,,,,,,,,,,,,310000010314,Antique Hiking Boots,SH-010314,No,1,$52.99,$11.86,"South Bend, IN",46601,US,7.00%,SalesTax,,,,$0.00,$4.54,,,,,,,,$69.39,Yes,eBay Managed Payments,,Oct-13-25 00:47:55,Oct-13-25 00:47:55,,,,,,,,,FedEx Ground,,1000010314,,,,,,,,,,,,,,,,,
8574,08-10318-63283,ebuyer_002669,,,,,,,,,,,,,,,,,,,,310000010318,Antique Game Console,EL-010318,No,1,$32.99,$5.41,"South Bend, IN",46601,US,7.00%,SalesTax,,,,$0.00,$2.69,,,,,,,,$41.09,Yes,eBay Managed Payments,,Oct-13-25 02:57:30,Oct-13-25 02:57:30,,,,,,,,,FedEx Home Delivery,,1000010318,,,,,,,,,,,,,,,,,
8569,07-10313-29409,ebuyer_003485,,,,,,,,,,,,,,,,,,,,310000010313,Vintage Camera Lens,EL-010313,No,1,$60.99,$0.00,"South Bend, IN",46601,US,7.00%,SalesTax,,,,$0.00,$4.27,,,,,,,,$65.26,Yes,eBay Managed Payments,,Oct-13-25 06:14:04,Oct-13-25 06:14:04,,,,,,,,,Ground Advantage,,1000010313,,,,,,,,,,,,,,,,,
8578,08-10322-07059,ebuyer_002895,,,,,,,,,,,,,,,,,,,,310000010322,Used Game Console,EL-010322,No,1,$40.99,$11.68,"South Bend, IN",46601,US,7.00%,SalesTax,,,,$0.00,$3.69,,,,,,,,$56.36,Yes,eBay Managed Payments,,Oct-13-25 06:18:41,Oct-13-25 06:18:41,,,,,,,,,Ground Advantage,,1000010322,,,,,,,,,,,,,,,,,
8580,23-10324-23353,ebuyer_003498,,,,,,,,,,,,,,,,,,,,310000010324,Pre-owned Snow Globe,CO-010324,No,1,$45.99,$0.00,"South Bend, IN",46601,US,7.00%,SalesTax,,,,$0.00,$3.22,,,,,,,,$49.21,Yes,eBay Managed Payments,,Oct-13-25 08:26:03,Oct-13-25 08:26:03,,,,,,,,,FedEx Ground,,1000010324,,,,,,,,,,,,,,,,,
8571,25-10315-37883,ebuyer_003032,,,,,,,,,,,,,,,,,,,,310000010315,Classic Pewter Mug,CO-010315,No,1,$53.99,$0.00,"South Bend, IN",46601,US,7.00%,SalesTax,,,,$0.00,$3.78,,,,,,,,$57.77,Yes,eBay Managed Payments,,Oct-13-25 10:06:12,Oct-13-25 10:06:12,,,,,,,,,Ground Advantage,,1000010315,,,,,,,,,,,,,,,,,
8576,11-10320-91611,ebuyer_003549,,,,,,,,,,,,,,,,,,,,310000010320,Antique Camera Lens,EL-010320,No,1,$73.99,$9.31,"South Bend, IN",46601,US,7.00%,SalesTax,,,,$0.00,$5.83,,,,,,,,$89.13,Yes,eBay Managed Payments,,Oct-13-25 10:59:37,Oct-13-25 10:59:37,,,,,,,,,GroundAdvantage,,1000010320,,,,,,,,,,,,,,,,,
8573,08-10317-61745,ebuyer_002877,,,,,,,,,,,,,,,,,,,,310000010317,Classic Rain Jacket,CL-010317,No,1,$22.99,$7.41,"South Bend, IN",46601,US,7.00%,SalesTax,,,,$0.00,$2.13,,,,,,,,$32.53,Yes,eBay Managed Payments,,Oct-13-25 12:23:44,Oct-13-25 12:23:44,,,,,,,,,Ground Advantage,,1000010317,,,,,,,,,,,,,,,,,
8579,13-10323-45811,ebuyer_002812,,,,,,,,,,,,,,,,,,,,310000010323,Antique Pewter Mug,CO-010323,No,2,$30.99,$9.39,"South Bend, IN",46601,US,7.00%,SalesTax,,,,$0.00,$5.00,,,,,,,,$76.37,Yes,eBay Managed Payments,,Oct-13-25 12:42:42,Oct-13-25 12:42:42,,,,,,,,,FedEx 2Day,,1000010323,,,,,,,,,,,,,,,,,
8577,02-10321-07267,ebuyer_002543,,,,,,,,,,,,,,,,,,,,310000010321,Mid-Century Cast Iron Skillet,KT-010321,No,1,$14.99,$11.84,"South Bend, IN",46601,US,7.00%,SalesTax,,,,$0.00,$1.88,,,,,,,,$28.71,Yes,eBay Managed Payments,,Oct-13-25 13:15:25,Oct-13-25 13:15:25,,,,,,,,,FedEx Ground,,1000010321,,,,,,,,,,,,,,,,,
8575,08-10319-83944,ebuyer_002707,,,,,,,,,,,,,,,,,,,,310000010319,Antique Fishing Reel,SG-010319,No,1,$20.99,$8.28,"South Bend, IN",46601,US,7.00%,SalesTax,,,,$0.00,$2.05,,,,,,,,$31.32,Yes,eBay Managed Payments,,Oct-13-25 16:52:49,Oct-13-25 16:52:49,,,,,,,,,Priority Mail,,1000010319,,,,,,,,,,,,,,,,,
8568,01-10312-06167,ebuyer_002917,,,,,,,,,,,,,,,,,,,,310000010312,Vintage Coin Lot,CO-010312,No,1,$62.99,$0.00,"South Bend, IN",46601,US,7.00%,SalesTax,,,,$0.00,$4.41,,,,,,,,$67.40,Yes,eBay Managed Payments,,Oct-13-25 17:55:11,Oct-13-25 17:55:11,,,,,,,,,Priority Mail,,1000010312,,,,,,,,,,,,,,,,,
8564,26-10308-79078,ebuyer_003314,,,,,,,,,,,,,,,,,,,,310000010308,Mid-Century Pyrex Bowl,KT-010308,No,1,$6.99,$8.84,"South Bend, IN",46601,US,7.00%,SalesTax,,,,$0.00,$1.11,,,,,,,,$16.94,Yes,eBay Managed Payments,,Oct-13-25 18:44:06,Oct-13-25 18:44:06,,,,,,,,,Ground Advantage,,1000010308,,,,,,,,,,,,,,,,,
8565,11-10309-33066,ebuyer_002500,,,,,,,,,,,,,,,,,,,,310000010309,Like New Tennis Racket,SG-010309,No,1,$22.99,$6.11,"South Bend, IN",46601,US,7.00%,SalesTax,,,,$0.00,$2.04,,,,,,,,$31.14,Yes,eBay Managed Payments,,Oct-13-25 19:10:20,Oct-13-25 19:10:20,,,,,,,,,FedEx Home Delivery,,1000010309,,,,,,,,,,,,,,,,,
8581,01-10325-96736,ebuyer_002504,,,,,,,,,,,,,,,,,,,,310000010325,Like New Fondue Set,KT-010325,No,1,$27.99,$0.00,"South Bend, IN",46601,US,7.00%,SalesTax,,,,$0.00,$1.96,,,,,,,,$29.95,Yes,eBay Managed Payments,,Oct-13-25 19:19:18,Oct-13-25 19:19:18,,,,,,,,,Ground Advantage,,1000010325,,,,,,,,,,,,,,,,,
8567,02-10311-83859,ebuyer_003524,,,,,,,,,,,,,,,,,,,,310000010311,Mid-Century Denim Jacket,CL-010311,No,1,$21.99,$5.49,"South Bend, IN",46601,US,7.00%,SalesTax,,,,$0.00,$1.92,,,,,,,,$29.40,Yes,eBay Managed Payments,,Oct-13-25 21:21:14,Oct-13-25 21:21:14,,,,,,,,,Ground Advantage,,1000010311,,,,,,,,,,,,,,,,,
8566,06-10310-26562,ebuyer_003318,,,,,,,,,,,,,,,,,,,,310000010310,Handmade Tote Bag,HB-010310,No,1,$75.99,$6.67,"South Bend, IN",46601,US,7.00%,SalesTax,,,,$0.00,$5.79,,,,,,,,$88.45,Yes,eBay Managed Payments,,Oct-13-25 22:24:44,Oct-13-25 22:24:44,,,,,,,,,FedEx Home Delivery,,1000010310,,,,,,,,,,,,,,,,,
8572,12-10316-74237,ebuyer_003115,,,,,,,,,,,,,,,,,,,,310000010316,Lot of 2 Turntable,EL-010316,No,1,$39.99,$0.00,"South Bend, IN",46601,US,7.00%,SalesTax,,,,$0.00,$2.80,,,,,,,,$42.79,Yes,eBay Managed Payments,,Oct-13-25 23:05:17,Oct-13-25 23:05:17,,,,,,,,,Priority Mail,,1000010316,,,,,,,,,,,,,,,,,
8582,14-10326-60361,ebuyer_002514,,,,,,,,,,,,,,,,,,,,310000010326,Used Cast Iron Skillet,KT-010326,No,1,$21.99,$0.00,"South Bend, IN",46601,US,7.00%,SalesTax,,,,$0.00,$1.54,,,,,,,,$23.53,Yes,eBay Managed Payments,,Oct-13-25 23:25:50,Oct-13-25 23:25:50,,,,,,,,,Ground Advantage,,1000010326,,,,,,,,,,,,,,,,,
8583,13-10430-03607,ebuyer_003142,,,,,,,,,,,,,,,,,,,,310000010430,Pre-owned Clutch,HB-010430,No,1,$38.99,$7.04,"South Bend, IN",46601,US,7.00%,SalesTax,,,,$0.00,$3.22,,,,,,,,$49.25,Yes,eBay Managed Payments,,Oct-14-25 01:46:56,Oct-14-25 01:46:56,,,,,,,,,Priority,,1000010430,,,,,,,,,,,,,,,,,
8591,23-10438-28030,ebuyer_002724,,,,,,,,,,,,,,,,,,,,310000010438,Pre-owned Coin Lot,CO-010438,No,1,$22.99,$6.83,"South Bend, IN",46601,US,7.00%,SalesTax,,,,$0.00,$2.09,,,,,,,,$31.91,Yes,eBay Managed Payments,,Oct-14-25 05:20:06,Oct-14-25 05:20:06,,,,,,,,,Ground Advantage,,1000010438,,,,,,,,,,,,,,,,,
8603,11-10450-33574,ebuyer_002988,,,,,,,,,,,,,,,,,,,,310000010450,Handmade Flannel Shirt,CL-010450,No,1,$34.99,$0.00,"South Bend, IN",46601,US,7.00%,SalesTax,,,,$0.00,$2.45,,,,,,,,$37.44,Yes,eBay Managed Payments,,Oct-14-25 05:51:34,Oct-14-25 05:51:34,,,,,,,,,Ground Advantage,,1000010450,,,,,,,,,,,,,,,,,
8595,20-10442-33144,ebuyer_003296,,,,,,,,,,,,,,,,,,,,310000010442,Retro Cashmere Sweater,CL-010442,No,1,$20.99,$11.40,"South Bend, IN",46601,US,7.00%,SalesTax,,,,$0.00,$2.27,,,,,,,,$34.66,Yes,eBay Managed Payments,,Oct-14-25 05:52:54,Oct-14-25 05:52:54,,,,,,,,,GroundAdvantage,,1000010442,,,,,,,,,,,,,,,,,
8597,09-10444-60858,ebuyer_002933,,,,,,,,,,,,,,,,,,,,310000010444,Classic Cast Iron Skillet,KT-010444,No,1,$25.99,$6.65,"South Bend, IN",46601,US,7.00%,SalesTax,,,,$0.00,$2.29,,,,,,,,$34.93,Yes,eBay Managed Payments,,Oct-14-25 06:06:12,Oct-14-25 06:06:12,,,,,,,,,Ground Advantage,,1000010444,,,,,,,,,,,,,,,,,
8608,21-10455-96227,ebuyer_002626,,,,,,,,,,,,,,,,,,,,310000010455,Mid-Century Fondue Set,KT-010455,No,1,$17.99,$6.73,"South Bend, IN",46601,US,7.00%,SalesTax,,,,$0.00,$1.73,,,,,,,,$26.45,Yes,eBay Managed Payments,,Oct-14-25 08:10:27,Oct-14-25 08:10:27,,,,,,,,,Ground Advantage,,1000010455,,,,,,,,,,,,,,,,,
8584,09-10431-35128,ebuyer_002704,,,,,,,,,,,,,,,,,,,,310000010431,Like New Denim Jacket,CL-010431,No,1,$27.99,$6.44,"South Bend, IN",46601,US,7.00%,SalesTax,,,,$0.00,$2.41,,,,,,,,$36.84,Yes,eBay Managed Payments,,Oct-14-25 09:31:12,Oct-14-25 09:31:12,,,,,,,,,GroundAdvantage,,1000010431,,,,,,,,,,,,,,,,,
8585,10-10432-04020,ebuyer_002502,,,,,,,,,,,,,,,,,,,,310000010432,Used Coin Lot,CO-010432,No,1,$86.99,$6.53,"South Bend, IN",46601,US,7.00%,SalesTax,,,,$0.00,$6.55,,,,,,,,$100.07,Yes,eBay Managed Payments,,Oct-14-25 09:43:48,Oct-14-25 09:43:48,,,,,,,,,Priority Mail,,1000010432,,,,,,,,,,,,,,,,,
8600,03-10447-38345,ebuyer_003148,,,,,,,,,,,,,,,,,,,,310000010447,Retro Snow Globe,CO-010447,No,1,$54.99,$9.22,"South Bend, IN",46601,US,7.00%,SalesTax,,,,$0.00,$4.50,,,,,,,,$68.71,Yes,eBay Managed Payments,,Oct-14-25 10:38:33,Oct-14-25 10:38:33,,,,,,,,,GroundAdvantage,,1000010447,,,,,,,,,,,,,,,,,
8588,08-10435-27500,ebuyer_002504,,,,,,,,,,,,,,,,,,,,310000010435,Handmade Fondue Set,KT-010435,No,1,$13.99,$7.58,"South Bend, IN",46601,US,7.00%,SalesTax,,,,$0.00,$1.51,,,,,,,,$23.08,Yes,eBay Managed Payments,,Oct-14-25 10:50:27,Oct-14-25 10:50:27,,,,,,,,,GroundAdvantage,,1000010435,,,,,,,,,,,,,,,,,
8592,06-10439-79871,ebuyer_002999,,,,,,,,,,,,,,,,,,,,310000010439,Antique Game Console,EL-010439,No,1,$59.99,$5.16,"South Bend, IN",46601,US,7.00%,SalesTax,,,,$0.00,$4.56,,,,,,,,$69.71,Yes,eBay Managed Payments,,Oct-14-25 10:51:12,Oct-14-25 10:51:12,,,,,,,,,Priority Mail,,1000010439,,,,,,,,,,,,,,,,,
8589,20-10436-80218,ebuyer_002501,,,,,,,,,,,,,,,,,,,,310000010436,Mid-Century Sandals,SH-010436,No,1,$12.99,$4.56,"South Bend, IN",46601,US,7.00%,SalesTax,,,,$0.00,$1.23,,,,,,,,$18.78,Yes,eBay Managed Payments,,Oct-14-25 10:56:46,Oct-14-25 10:56:46,,,,,,,,,FedEx Home Delivery,,1000010436,,,,,,,,,,,,,,,,,
8610,02-10457-73393,ebuyer_002810,,,,,,,,,,,,,,,,,,,,310000010457,Pre-owned Cashmere Sweater,CL-010457,No,1,$16.99,$7.00,"South Bend, IN",46601,US,7.00%,SalesTax,,,,$0.00,$1.68,,,,,,,,$25.67,Yes,eBay Managed Payments,,Oct-14-25 10:58:01,Oct-14-25 10:58:01,,,,,,,,,Ground Advantage,,1000010457,,,,,,,,,,,,,,,,,
8599,21-10446-40359,ebuyer_003554,,,,,,,,,,,,,,,,,,,,310000010446,Vintage Running Shoes,SH-010446,No,1,$30.99,$0.00,"South Bend, IN",46601,US,7.00%,SalesTax,,,,$0.00,$2.17,,,,,,,,$33.16,Yes,eBay Managed Payments,,Oct-14-25 13:11:12,Oct-14-25 13:11:12,,,,,,,,,Ground Advantage,,1000010446,,,,,,,,,,,,,,,,,
8587,08-10434-53231,ebuyer_002989,,,,,,,,,,,,,,,,,,,,310000010434,Like New Coin Lot,CO-010434,No,1,$36.99,$0.00,"South Bend, IN",46601,US,7.00%,SalesTax,,,,$0.00,$2.59,,,,,,,,$39.58,Yes,eBay Managed Payments,,Oct-14-25 13:34:47,Oct-14-25 13:34:47,,,,,,,,,FedEx Ground,,1000010434,,,,,,,,,,,,,,,,,
8594,16-10441-74515,ebuyer_002522,,,,,,,,,,,,,,,,,,,,310000010441,Retro Leather Boots,SH-010441,No,1,$28.99,$0.00,"South Bend, IN",46601,US,7.00%,SalesTax,,,,$0.00,$2.03,,,,,,,,$31.02,Yes,eBay Managed Payments,,Oct-14-25 13:49:52,Oct-14-25 13:49:52,,,,,,,,,GroundAdvantage,,1000010441,,,,,,,,,,,,,,,,,
8602,03-10449-96723,ebuyer_002656,,,,,,,,,,,,,,,,,,,,310000010449,Antique Rain Jacket,CL-010449,No,1,$24.99,$7.61,"South Bend, IN",46601,US,7.00%,SalesTax,,,,$0.00,$2.28,,,,,,,,$34.88,Yes,eBay Managed Payments,,Oct-14-25 15:07:00,Oct-14-25 15:07:00,,,,,,,,,FedEx Ground,,1000010449,,,,,,,,,,,,,,,,,
8601,26-10448-85587,ebuyer_003417,,,,,,,,,,,,,,,,,,,,310000010448,Retro Cashmere Sweater,CL-010448,No,1,$11.99,$5.14,"South Bend, IN",46601,US,7.00%,SalesTax,,,,$0.00,$1.20,,,,,,,,$18.33,Yes,eBay Managed Payments,,Oct-14-25 15:19:48,Oct-14-25 15:19:48,,,,,,,,,FedEx Ground,,1000010448,,,,,,,,,,,,,,,,,
8606,14-10453-33367,ebuyer_002511,,,,,,,,,,,,,,,,,,,,310000010453,Pre-owned Golf Balls,SG-010453,No,1,$28.99,$6.18,"South Bend, IN",46601,US,7.00%,SalesTax,,,,$0.00,$2.46,,,,,,,,$37.63,Yes,eBay Managed Payments,,Oct-14-25 16:07:04,Oct-14-25 16:07:04,,,,,,,,,FedEx Ground,,1000010453,,,,,,,,,,,,,,,,,
8590,03-10437-48775,ebuyer_002767,,,,,,,,,,,,,,,,,,,,310000010437,Like New Game Console,EL-010437,No,1,$15.99,$10.20,"South Bend, IN",46601,US,7.00%,SalesTax,,,,$0.00,$1.83,,,,,,,,$28.02,Yes,eBay Managed Payments,,Oct-14-25 16:28:20,Oct-14-25 16:28:20,,,,,,,,,GroundAdvantage,,1000010437,,,,,,,,,,,,,,,,,
8586,24-10433-89054,ebuyer_002627,,,,,,,,,,,,,,,,,,,,310000010433,Used Film Camera,EL-010433,No,1,$24.99,$0.00,"South Bend, IN",46601,US,7.00%,SalesTax,,,,$0.00,$1.75,,,,,,,,$26.74,Yes,eBay Managed Payments,,Oct-14-25 17:36:07,Oct-14-25 17:36:07,,,,,,,,,Ground Advantage,,1000010433,,,,,,,,,,,,,,,,,
8607,15-10454-59866,ebuyer_002995,,,,,,,,,,,,,,,,,,,,310000010454,Classic Tote Bag,HB-010454,No,1,$66.99,$10.37,"South Bend, IN",46601,US,7.00%,SalesTax,,,,$0.00,$5.42,,,,,,,,$82.78,Yes,eBay Managed Payments,,Oct-14-25 17:57:43,Oct-14-25 17:57:43,,,,,,,,,Ground Advantage,,1000010454,,,,,,,,,,,,,,,,,
8604,06-10451-65053,ebuyer_002507,,,,,,,,,,,,,,,,,,,,310000010451,Retro Figurine,CO-010451,No,1,$12.99,$6.63,"South Bend, IN",46601,US,7.00%,SalesTax,,,,$0.00,$1.37,,,,,,,,$20.99,Yes,eBay Managed Payments,,Oct-14-25 18:21:47,Oct-14-25 18:21:47,,,,,,,,,Ground Advantage,,1000010451,,,,,,,,,,,,,,,,,
8596,07-10443-18151,ebuyer_002500,,,,,,,,,,,,,,,,,,,,310000010443,Vintage Flannel Shirt,CL-010443,No,1,$40.99,$5.30,"South Bend, IN",46601,US,7.00%,SalesTax,,,,$0.00,$3.24,,,,,,,,$49.53,Yes,eBay Managed Payments,,Oct-14-25 19:19:33,Oct-14-25 19:19:33,,,,,,,,,GroundAdvantage,,1000010443,,,,,,,,,,,,,,,,,
8593,07-10440-23899,ebuyer_002518,,,,,,,,,,,,,,,,,,,,310000010440,Used Running Shoes,SH-010440,No,1,$137.99,$8.24,"South Bend, IN",46601,US,7.00%,SalesTax,,,,$0.00,$10.24,,,,,,,,$156.47,Yes,eBay Managed Payments,,Oct-14-25 22:16:35,Oct-14-25 22:16:35,,,,,,,,,Priority Mail,,1000010440,,,,,,,,,,,,,,,,,
8605,10-10452-68059,ebuyer_002501,,,,,,,,,,,,,,,,,,,,310000010452,Pre-owned Stoneware Mugs,KT-010452,No,1,$28.99,$8.60,"South Bend, IN",46601,US,7.00%,SalesTax,,,,$0.00,$2.63,,,,,,,,$40.22,Yes,eBay Managed Payments,,Oct-14-25 22:24:17,Oct-14-25 22:24:17,,,,,,,,,Ground Advantage,,1000010452,,,,,,,,,,,,,,,,,
8611,26-10458-37875,ebuyer_002578,,,,,,,,,,,,,,,,,,,,310000010458,Retro Turntable,EL-010458,No,1,$92.99,$0.00,"South Bend, IN",46601,US,7.00%,SalesTax,,,,$0.00,$6.51,,,,,,,,$99.50,Yes,eBay Managed Payments,,Oct-14-25 22:38:36,Oct-14-25 22:38:36,,,,,,,,,FedEx Ground,,1000010458,,,,,,,,,,,,,,,,,
8609,16-10456-54581,ebuyer_002675,,,,,,,,,,,,,,,,,,,,310000010456,Like New Cashmere Sweater,CL-010456,No,1,$68.99,$9.06,"South Bend, IN",46601,US,7.00%,SalesTax,,,,$0.00,$5.46,,,,,,,,$83.51,Yes,eBay Managed Payments,,Oct-14-25 22:48:21,Oct-14-25 22:48:21,,,,,,,,,Priority,,1000010456,,,,,,,,,,,,,,,,,
8598,22-10445-09878,ebuyer_002616,,,,,,,,,,,,,,,,,,,,310000010445,Antique Headphones,EL-010445,No,1,$21.99,$0.00,"South Bend, IN",46601,US,7.00%,SalesTax,,,,$0.00,$1.54,,,,,,,,$23.53,Yes,eBay Managed Payments,,Oct-14-25 23:46:00,Oct-14-25 23:46:00,,,,,,,,,Ground Advantage,,1000010445,,,,,,,,,,,,,,,,,
8634,09-10597-18470,ebuyer_002952,,,,,,,,,,,,,,,,,,,,310000010597,Used Film Camera,EL-010597,No,1,$25.99,$10.15,"South Bend, IN",46601,US,7.00%,SalesTax,,,,$0.00,$2.53,,,,,,,,$38.67,Yes,eBay Managed Payments,,Oct-15-25 00:19:51,Oct-15-25 00:19:51,,,,,,,,,Priority Mail,,1000010597,,,,,,,,,,,,,,,,,
8627,17-10590-16274,ebuyer_003681,,,,,,,,,,,,,,,,,,,,310000010590,Vintage Fondue Set,KT-010590,No,1,$29.99,$9.45,"South Bend, IN",46601,US,7.00%,SalesTax,,,,$0.00,$2.76,,,,,,,,$42.20,Yes,eBay Managed Payments,,Oct-15-25 02:21:36,Oct-15-25 02:21:36,,,,,,,,,Ground Advantage,,1000010590,,,,,,,,,,,,,,,,,
8623,11-10586-80722,ebuyer_003689,,,,,,,,,,,,,,,,,,,,310000010586,Pre-owned Camera Lens,EL-010586,No,1,$54.99,$13.19,"South Bend, IN",46601,US,7.00%,SalesTax,,,,$0.00,$4.77,,,,,,,,$72.95,Yes,eBay Managed Payments,,Oct-15-25 03:01:44,Oct-15-25 03:01:44,,,,,,,,,Ground Advantage,,1000010586,,,,,,,,,,,,,,,,,
8617,01-10580-17022,ebuyer_002744,,,,,,,,,,,,,,,,,,,,310000010580,Lot of 2 Figurine,CO-010580,No,1,$46.99,$11.34,"South Bend, IN",46601,US,7.00%,SalesTax,,,,$0.00,$4.08,,,,,,,,$62.41,Yes,eBay Managed Payments,,Oct-15-25 03:54:51,Oct-15-25 03:54:51,,,,,,,,,Priority,,1000010580,,,,,,,,,,,,,,,,,
8631,14-10594-42401,ebuyer_002805,,,,,,,,,,,,,,,,,,,,310000010594,Classic Leather Satchel,HB-010594,No,1,$28.99,$11.26,"South Bend, IN",46601,US,7.00%,SalesTax,,,,$0.00,$2.82,,,,,,,,$43.07,Yes,eBay Managed Payments,,Oct-15-25 05:55:45,Oct-15-25 05:55:45,,,,,,,,,GroundAdvantage,,1000010594,,,,,,,,,,,,,,,,,
8630,24-10593-65866,ebuyer_003290,,,,,,,,,,,,,,,,,,,,310000010593,Like New Pewter Mug,CO-010593,No,1,$52.99,$10.76,"South Bend, IN",46601,US,7.00%,SalesTax,,,,$0.00,$4.46,,,,,,,,$68.21,Yes,eBay Managed Payments,,Oct-15-25 06:49:11,Oct-15-25 06:49:11,,,,,,,,,Priority,,1000010593,,,,,,,,,,,,,,,,,
8629,01-10592-89354,ebuyer_003032,,,,,,,,,,,,,,,,,,,,310000010592,Handmade Wool Coat,CL-010592,No,1,$25.99,$0.00,"South Bend, IN",46601,US,7.00%,SalesTax,,,,$0.00,$1.82,,,,,,,,$27.81,Yes,eBay Managed Payments,,Oct-15-25 09:10:24,Oct-15-25 09:10:24,,,,,,,,,Ground Advantage,,1000010592,,,,,,,,,,,,,,,,,
8614,19-10577-58416,ebuyer_003649,,,,,,,,,,,,,,,,,,,,310000010577,Like New Game Console,EL-010577,No,1,$47.99,$14.19,"South Bend, IN",46601,US,7.00%,SalesTax,,,,$0.00,$4.35,,,,,,,,$66.53,Yes,eBay Managed Payments,,Oct-15-25 09:28:44,Oct-15-25 09:28:44,,,,,,,,,Priority Mail,,1000010577,,,,,,,,,,,,,,,,,
8622,05-10585-81296,ebuyer_002685,,,,,,,,,,,,,,,,,,,,310000010585,Used Fondue Set,KT-010585,No,1,$45.99,$13.13,"South Bend, IN",46601,US,7.00%,SalesTax,,,,$0.00,$4.14,,,,,,,,$63.26,Yes,eBay Managed Payments,,Oct-15-25 11:33:54,Oct-15-25 11:33:54,,,,,,,,,Ground Advantage,,1000010585,,,,,,,,,,,,,,,,,
8636,10-10599-73033,ebuyer_002845,,,,,,,,,,,,,,,,,,,,310000010599,Like New Running Shoes,SH-010599,No,1,$18.99,$10.93,"South Bend, IN",46601,US,7.00%,SalesTax,,,,$0.00,$2.10,,,,,,,,$32.02,Yes,eBay Managed Payments,,Oct-15-25 11:41:51,Oct-15-25 11:41:51,,,,,,,,,GroundAdvantage,,1000010599,,,,,,,,,,,,,,,,,
8612,25-10575-04649,ebuyer_002768,,,,,,,,,,,,,,,,,,,,310000010575,Lot of 2 Golf Balls,SG-010575,No,1,$53.99,$0.00,"South Bend, IN",46601,US,7.00%,SalesTax,,,,$0.00,$3.78,,,,,,,,$57.77,Yes,eBay Managed Payments,,Oct-15-25 13:17:43,Oct-15-25 13:17:43,,,,,,,,,GroundAdvantage,,1000010575,,,,,,,,,,,,,,,,,
8637,16-10600-09010,ebuyer_002502,,,,,,,,,,,,,,,,,,,,310000010600,Like New Clutch,HB-010600,No,1,$73.99,$8.14,"South Bend, IN",46601,US,7.00%,SalesTax,,,,$0.00,$5.75,,,,,,,,$87.88,Yes,eBay Managed Payments,,Oct-15-25 13:53:28,Oct-15-25 13:53:28,,,,,,,,,FedEx Ground,,1000010600,,,,,,,,,,,,,,,,,
8620,10-10583-59453,ebuyer_003215,,,,,,,,,,,,,,,,,,,,310000010583,Retro Clutch,HB-010583,No,1,$23.99,$10.24,"South Bend, IN",46601,US,7.00%,SalesTax,,,,$0.00,$2.40,,,,,,,,$36.63,Yes,eBay Managed Payments,,Oct-15-25 14:13:36,Oct-15-25 14:13:36,,,,,,,,,Ground Advantage,,1000010583,,,,,,,,,,,,,,,,,
8625,24-10588-44110,ebuyer_002725,,,,,,,,,,,,,,,,,,,,310000010588,Like New Trading Card Lot,CO-010588,No,1,$27.99,$9.36,"South Bend, IN",46601,US,7.00%,SalesTax,,,,$0.00,$2.62,,,,,,,,$39.97,Yes,eBay Managed Payments,,Oct-15-25 15:14:02,Oct-15-25 15:14:02,,,,,,,,,Ground Advantage,,1000010588,,,,,,,,,,,,,,,,,
8615,14-10578-07413,ebuyer_002783,,,,,,,,,,,,,,,,,,,,310000010578,Like New Flannel Shirt,CL-010578,No,1,$28.99,$0.00,"South Bend, IN",46601,US,7.00%,SalesTax,,,,$0.00,$2.03,,,,,,,,$31.02,Yes,eBay Managed Payments,,Oct-15-25 15:48:41,Oct-15-25 15:48:41,,,,,,,,,Ground Advantage,,1000010578,,,,,,,,,,,,,,,,,
8619,06-10582-31786,ebuyer_003020,,,,,,,,,,,,,,,,,,,,310000010582,Classic Fondue Set,KT-010582,No,1,$10.99,$0.00,"South Bend, IN",46601,US,7.00%,SalesTax,,,,$0.00,$0.77,,,,,,,,$11.76,Yes,eBay Managed Payments,,Oct-15-25 16:33:07,Oct-15-25 16:33:07,,,,,,,,,Priority Mail,,1000010582,,,,,,,,,,,,,,,,,
8632,05-10595-82432,ebuyer_002810,,,,,,,,,,,,,,,,,,,,310000010595,Retro Tennis Racket,SG-010595,No,1,$42.99,$4.57,"South Bend, IN",46601,US,7.00%,SalesTax,,,,$0.00,$3.33,,,,,,,,$50.89,Yes,eBay Managed Payments,,Oct-15-25 16:37:24,Oct-15-25 16:37:24,,,,,,,,,FedEx Home Delivery,,1000010595,,,,,,,,,,,,,,,,,
8613,25-10576-45515,ebuyer_002732,,,,,,,,,,,,,,,,,,,,310000010576,Antique Leather Boots,SH-010576,No,1,$21.99,$11.54,"South Bend, IN",46601,US,7.00%,SalesTax,,,,$0.00,$2.35,,,,,,,,$35.88,Yes,eBay Managed Payments,,Oct-15-25 16:39:37,Oct-15-25 16:39:37,,,,,,,,,FedEx Ground,,1000010576,,,,,,,,,,,,,,,,,
8616,12-10579-06869,ebuyer_002598,,,,,,,,,,,,,,,,,,,,310000010579,Pre-owned Portable Radio,EL-010579,No,1,$18.99,$4.80,"South Bend, IN",46601,US,7.00%,SalesTax,,,,$0.00,$1.67,,,,,,,,$25.46,Yes,eBay Managed Payments,,Oct-15-25 17:01:30,Oct-15-25 17:01:30,,,,,,,,,FedEx Ground,,1000010579,,,,,,,,,,,,,,,,,
8635,05-10598-45370,ebuyer_002534,,,,,,,,,,,,,,,,,,,,310000010598,Retro Figurine,CO-010598,No,1,$36.99,$0.00,"South Bend, IN",46601,US,7.00%,SalesTax,,,,$0.00,$2.59,,,,,,,,$39.58,Yes,eBay Managed Payments,,Oct-15-25 17:07:22,Oct-15-25 17:07:22,,,,,,,,,FedEx Ground,,1000010598,,,,,,,,,,,,,,,,,
8618,15-10581-32722,ebuyer_002500,,,,,,,,,,,,,,,,,,,,310000010581,Used Fondue Set,KT-010581,No,1,$21.99,$9.66,"South Bend, IN",46601,US,7.00%,SalesTax,,,,$0.00,$2.22,,,,,,,,$33.87,Yes,eBay Managed Payments,,Oct-15-25 17:31:29,Oct-15-25 17:31:29,,,,,,,,,Ground Advantage,,1000010581,,,,,,,,,,,,,,,,,
8633,27-10596-49153,ebuyer_002774,,,,,,,,,,,,,,,,,,,,310000010596,Classic Leather Boots,SH-010596,No,1,$30.99,$17.21,"South Bend, IN",46601,US,7.00%,SalesTax,,,,$0.00,$3.37,,,,,,,,$51.57,Yes,eBay Managed Payments,,Oct-15-25 20:59:12,Oct-15-25 20:59:12,,,,,,,,,Ground Advantage,,1000010596,,,,,,,,,,,,,,,,,
8626,05-10589-05472,ebuyer_003258,,,,,,,,,,,,,,,,,,,,310000010589,Antique Flannel Shirt,CL-010589,No,1,$8.99,$0.00,"South Bend, IN",46601,US,7.00%,SalesTax,,,,$0.00,$0.63,,,,,,,,$9.62,Yes,eBay Managed Payments,,Oct-15-25 21:07:35,Oct-15-25 21:07:35,,,,,,,,,GroundAdvantage,,1000010589,,,,,,,,,,,,,,,,,
8628,10-10591-35261,ebuyer_002675,,,,,,,,,,,,,,,,,,,,310000010591,Like New Denim Jacket,CL-010591,No,1,$25.99,$11.76,"South Bend, IN",46601,US,7.00%,SalesTax,,,,$0.00,$2.64,,,,,,,,$40.39,Yes,eBay Managed Payments,,Oct-15-25 21:31:07,Oct-15-25 21:31:07,,,,,,,,,Priority Mail,,1000010591,,,,,,,,,,,,,,,,,
8624,02-10587-17656,ebuyer_002500,,,,,,,,,,,,,,,,,,,,310000010587,Retro Game Console,EL-010587,No,1,$68.99,$0.00,"South Bend, IN",46601,US,7.00%,SalesTax,,,,$0.00,$4.83,,,,,,,,$73.82,Yes,eBay Managed Payments,,Oct-15-25 21:52:20,Oct-15-25 21:52:20,,,,,,,,,Ground Advantage,,1000010587,,,,,,,,,,,,,,,,,
8621,04-10584-62837,ebuyer_002598,,,,,,,,,,,,,,,,,,,,310000010584,Classic Headphones,EL-010584,No,1,$31.99,$0.00,"South Bend, IN",46601,US,7.00%,SalesTax,,,,$0.00,$2.24,,,,,,,,$34.23,Yes,eBay Managed Payments,,Oct-15-25 22:24:43,Oct-15-25 22:24:43,,,,,,,,,Ground Advantage,,1000010584,,,,,,,,,,,,,,,,,
8647,18-10741-40479,ebuyer_002746,,,,,,,,,,,,,,,,,,,,310000010741,Mid-Century Wool Coat,CL-010741,No,1,$71.99,$8.49,"South Bend, IN",46601,US,7.00%,SalesTax,,,,$0.00,$5.63,,,,,,,,$86.11,Yes,eBay Managed Payments,,Oct-16-25 03:21:35,Oct-16-25 03:21:35,,,,,,,,,Priority Mail,,1000010741,,,,,,,,,,,,,,,,,
8645,23-10739-75897,ebuyer_002817,,,,,,,,,,,,,,,,,,,,310000010739,Retro Silk Blouse,CL-010739,No,1,$17.99,$0.00,"South Bend, IN",46601,US,7.00%,SalesTax,,,,$0.00,$1.26,,,,,,,,$19.25,Yes,eBay Managed Payments,,Oct-16-25 04:10:27,Oct-16-25 04:10:27,,,,,,,,,GroundAdvantage,,1000010739,,,,,,,,,,,,,,,,,
8646,09-10740-00784,ebuyer_002500,,,,,,,,,,,,,,,,,,,,310000010740,Lot of 2 Sandals,SH-010740,No,1,$53.99,$13.55,"South Bend, IN",46601,US,7.00%,SalesTax,,,,$0.00,$4.73,,,,,,,,$72.27,Yes,eBay Managed Payments,,Oct-16-25 05:58:07,Oct-16-25 05:58:07,,,,,,,,,Priority,,1000010740,,,,,,,,,,,,,,,,,
8639,05-10733-31014,ebuyer_002522,,,,,,,,,,,,,,,,,,,,310000010733,Used Hiking Boots,SH-010733,No,1,$11.99,$4.29,"South Bend, IN",46601,US,7.00%,SalesTax,,,,$0.00,$1.14,,,,,,,,$17.42,Yes,eBay Managed Payments,,Oct-16-25 07:57:28,Oct-16-25 07:57:28,,,,,,,,,Priority Mail,,1000010733,,,,,,,,,,,,,,,,,
8654,22-10748-06807,ebuyer_002500,,,,,,,,,,,,,,,,,,,,310000010748,Classic Rain Jacket,CL-010748,No,1,$63.99,$6.75,"South Bend, IN",46601,US,7.00%,SalesTax,,,,$0.00,$4.95,,,,,,,,$75.69,Yes,eBay Managed Payments,,Oct-16-25 10:18:15,Oct-16-25 10:18:15,,,,,,,,,Ground Advantage,,1000010748,,,,,,,,,,,,,,,,,
8648,08-10742-33636,ebuyer_002821,,,,,,,,,,,,,,,,,,,,310000010742,Classic Running Shoes,SH-010742,No,1,$58.99,$0.00,"South Bend, IN",46601,US,7.00%,SalesTax,,,,$0.00,$4.13,,,,,,,,$63.12,Yes,eBay Managed Payments,,Oct-16-25 10:27:36,Oct-16-25 10:27:36,,,,,,,,,Priority,,1000010742,,,,,,,,,,,,,,,,,
8643,23-10737-40528,ebuyer_003486,,,,,,,,,,,,,,,,,,,,310000010737,Like New Coin Lot,CO-010737,No,1,$23.99,$7.20,"South Bend, IN",46601,US,7.00%,SalesTax,,,,$0.00,$2.18,,,,,,,,$33.37,Yes,eBay Managed Payments,,Oct-16-25 11:31:34,Oct-16-25 11:31:34,,,,,,,,,Priority Mail,,1000010737,,,,,,,,,,,,,,,,,
8650,21-10744-06299,ebuyer_003668,,,,,,,,,,,,,,,,,,,,310000010744,Lot of 2 Cast Iron Skillet,KT-010744,No,1,$32.99,$2.93,"South Bend, IN",46601,US,7.00%,SalesTax,,,,$0.00,$2.52,,,,,,,,$38.44,Yes,eBay Managed Payments,,Oct-16-25 12:52:08,Oct-16-25 12:52:08,,,,,,,,,GroundAdvantage,,1000010744,,,,,,,,,,,,,,,,,
8651,22-10745-71771,ebuyer_003264,,,,,,,,,,,,,,,,,,,,310000010745,Mid-Century Silk Blouse,CL-010745,No,1,$17.99,$7.73,"South Bend, IN",46601,US,7.00%,SalesTax,,,,$0.00,$1.80,,,,,,,,$27.52,Yes,eBay Managed Payments,,Oct-16-25 13:05:00,Oct-16-25 13:05:00,,,,,,,,,Ground Advantage,,1000010745,,,,,,,,,,,,,,,,,
8652,09-10746-59881,ebuyer_003667,,,,,,,,,,,,,,,,,,,,310000010746,Used Crossbody Bag,HB-010746,No,1,$55.99,$6.51,"South Bend, IN",46601,US,7.00%,SalesTax,,,,$0.00,$4.38,,,,,,,,$66.88,Yes,eBay Managed Payments,,Oct-16-25 15:26:25,Oct-16-25 15:26:25,,,,,,,,,Ground Advantage,,1000010746,,,,,,,,,,,,,,,,,
8642,08-10736-86061,ebuyer_003156,,,,,,,,,,,,,,,,,,,,310000010736,Classic Glass Pitcher,KT-010736,No,1,$14.99,$0.00,"South Bend, IN",46601,US,7.00%,SalesTax,,,,$0.00,$1.05,,,,,,,,$16.04,Yes,eBay Managed Payments,,Oct-16-25 15:29:18,Oct-16-25 15:29:18,,,,,,,,,FedEx Ground,,1000010736,,,,,,,,,,,,,,,,,
8649,16-10743-91608,ebuyer_003601,,,,,,,,,,,,,,,,,,,,310000010743,Vintage Camera Lens,EL-010743,No,1,$44.99,$14.55,"South Bend, IN",46601,US,7.00%,SalesTax,,,,$0.00,$4.17,,,,,,,,$63.71,Yes,eBay Managed Payments,,Oct-16-25 17:02:13,Oct-16-25 17:02:13,,,,,,,,,GroundAdvantage,,1000010743,,,,,,,,,,,,,,,,,
8641,08-10735-46633,ebuyer_003013,,,,,,,,,,,,,,,,,,,,310000010735,Lot of 2 Camera Lens,EL-010735,No,1,$34.99,$0.00,"South Bend, IN",46601,US,7.00%,SalesTax,,,,$0.00,$2.45,,,,,,,,$37.44,Yes,eBay Managed Payments,,Oct-16-25 18:26:05,Oct-16-25 18:26:05,,,,,,,,,FedEx Ground,,1000010735,,,,,,,,,,,,,,,,,
8657,12-10751-92156,ebuyer_003198,,,,,,,,,,,,,,,,,,,,310000010751,Vintage Portable Radio,EL-010751,No,1,$38.99,$9.25,"South Bend, IN",46601,US,7.00%,SalesTax,,,,$0.00,$3.38,,,,,,,,$51.62,Yes,eBay Managed Payments,,Oct-16-25 19:27:57,Oct-16-25 19:27:57,,,,,,,,,FedEx Home Delivery,,1000010751,,,,,,,,,,,,,,,,,
8640,06-10734-12921,ebuyer_003596,,,,,,,,,,,,,,,,,,,,310000010734,Antique Wool Coat,CL-010734,No,1,$39.99,$0.00,"South Bend, IN",46601,US,7.00%,SalesTax,,,,$0.00,$2.80,,,,,,,,$42.79,Yes,eBay Managed Payments,,Oct-16-25 20:24:36,Oct-16-25 20:24:36,,,,,,,,,FedEx Ground,,1000010734,,,,,,,,,,,,,,,,,
8644,11-10738-71968,ebuyer_002569,,,,,,,,,,,,,,,,,,,,310000010738,Pre-owned Snow Globe,CO-010738,No,1,$13.99,$0.00,"South Bend, IN",46601,US,7.00%,SalesTax,,,,$0.00,$0.98,,,,,,,,$14.97,Yes,eBay Managed Payments,,Oct-16-25 21:17:23,Oct-16-25 21:17:23,,,,,,,,,Priority,,1000010738,,,,,,,,,,,,,,,,,
8658,13-10752-36926,ebuyer_002755,,,,,,,,,,,,,,,,,,,,310000010752,Lot of 2 Portable Radio,EL-010752,No,1,$101.99,$5.21,"South Bend, IN",46601,US,7.00%,SalesTax,,,,$0.00,$7.50,,,,,,,,$114.70,Yes,eBay Managed Payments,,Oct-16-25 21:42:03,Oct-16-25 21:42:03,,,,,,,,,GroundAdvantage,,1000010752,,,,,,,,,,,,,,,,,
8656,03-10750-28221,ebuyer_002584,,,,,,,,,,,,,,,,,,,,310000010750,Vintage Wool Coat,CL-010750,No,1,$26.99,$7.88,"South Bend, IN",46601,US,7.00%,SalesTax,,,,$0.00,$2.44,,,,,,,,$37.31,Yes,eBay Managed Payments,,Oct-16-25 22:20:06,Oct-16-25 22:20:06,,,,,,,,,FedEx Ground,,1000010750,,,,,,,,,,,,,,,,,
8655,14-10749-12955,ebuyer_003211,,,,,,,,,,,,,,,,,,,,310000010749,Pre-owned Tote Bag,HB-010749,No,1,$23.99,$6.83,"South Bend, IN",46601,US,7.00%,SalesTax,,,,$0.00,$2.16,,,,,,,,$32.98,Yes,eBay Managed Payments,,Oct-16-25 22:25:25,Oct-16-25 22:25:25,,,,,,,,,Ground Advantage,,1000010749,,,,,,,,,,,,,,,,,
8638,25-10732-19787,ebuyer_002531,,,,,,,,,,,,,,,,,,,,310000010732,Lot of 2 Figurine,CO-010732,No,1,$21.99,$7.66,"South Bend, IN",46601,US,7.00%,SalesTax,,,,$0.00,$2.08,,,,,,,,$31.73,Yes,eBay Managed Payments,,Oct-16-25 22:28:44,Oct-16-25 22:28:44,,,,,,,,,FedEx Express Saver,,1000010732,,,,,,,,,,,,,,,,,
8672,27-10890-39222,ebuyer_002508,,,,,,,,,,,,,,,,,,,,310000010890,Mid-Century Glass Pitcher,KT-010890,No,1,$14.99,$8.73,"South Bend, IN",46601,US,7.00%,SalesTax,,,,$0.00,$1.66,,,,,,,,$25.38,Yes,eBay Managed Payments,,Oct-17-25 02:42:00,Oct-17-25 02:42:00,,,,,,,,,Ground Advantage,,1000010890,,,,,,,,,,,,,,,,,
8677,21-10895-16884,ebuyer_002572,,,,,,,,,,,,,,,,,,,,310000010895,Lot of 2 Denim Jacket,CL-010895,No,1,$13.99,$0.00,"South Bend, IN",46601,US,7.00%,SalesTax,,,,$0.00,$0.98,,,,,,,,$14.97,Yes,eBay Managed Payments,,Oct-17-25 04:23:47,Oct-17-25 04:23:47,,,,,,,,,Ground Advantage,,1000010895,,,,,,,,,,,,,,,,,
8669,14-10887-12677,ebuyer_003407,,,,,,,,,,,,,,,,,,,,310000010887,Mid-Century Leather Satchel,HB-010887,No,1,$75.99,$0.00,"South Bend, IN",46601,US,7.00%,SalesTax,,,,$0.00,$5.32,,,,,,,,$81.31,Yes,eBay Managed Payments,,Oct-17-25 04:53:25,Oct-17-25 04:53:25,,,,,,,,,Priority Mail,,1000010887,,,,,,,,,,,,,,,,,
8670,27-10888-59942,ebuyer_002938,,,,,,,,,,,,,,,,,,,,310000010888,Like New Portable Radio,EL-010888,No,1,$60.99,$0.00,"South Bend, IN",46601,US,7.00%,SalesTax,,,,$0.00,$4.27,,,,,,,,$65.26,Yes,eBay Managed Payments,,Oct-17-25 05:48:20,Oct-17-25 05:48:20,,,,,,,,,FedEx Express Saver,,1000010888,,,,,,,,,,,,,,,,,
8671,08-10889-43189,ebuyer_002986,,,,,,,,,,,,,,,,,,,,310000010889,Handmade Film Camera,EL-010889,No,1,$35.99,$8.54,"South Bend, IN",46601,US,7.00%,SalesTax,,,,$0.00,$3.12,,,,,,,,$47.65,Yes,eBay Managed Payments,,Oct-17-25 06:56:40,Oct-17-25 06:56:40,,,,,,,,,GroundAdvantage,,1000010889,,,,,,,,,,,,,,,,,
8674,02-10892-71114,ebuyer_002932,,,,,,,,,,,,,,,,,,,,310000010892,Pre-owned Tote Bag,HB-010892,No,1,$38.99,$0.00,"South Bend, IN",46601,US,7.00%,SalesTax,,,,$0.00,$2.73,,,,,,,,$41.72,Yes,eBay Managed Payments,,Oct-17-25 07:02:15,Oct-17-25 07:02:15,,,,,,,,,Ground Advantage,,1000010892,,,,,,,,,,,,,,,,,
8662,08-10880-64915,ebuyer_002809,,,,,,,,,,,,,,,,,,,,310000010880,Pre-owned Tennis Racket,SG-010880,No,1,$49.99,$9.29,"South Bend, IN",46601,US,7.00%,SalesTax,,,,$0.00,$4.15,,,,,,,,$63.43,Yes,eBay Managed Payments,,Oct-17-25 07:16:31,Oct-17-25 07:16:31,,,,,,,,,GroundAdvantage,,1000010880,,,,,,,,,,,,,,,,,
8663,09-10881-94255,ebuyer_002699,,,,,,,,,,,,,,,,,,,,310000010881,Used Denim Jacket,CL-010881,No,1,$19.99,$11.50,"South Bend, IN",46601,US,7.00%,SalesTax,,,,$0.00,$2.21,,,,,,,,$33.70,Yes,eBay Managed Payments,,Oct-17-25 08:28:20,Oct-17-25 08:28:20,,,,,,,,,Ground Advantage,,1000010881,,,,,,,,,,,,,,,,,
8665,17-10883-92858,ebuyer_003022,,,,,,,,,,,,,,,,,,,,310000010883,Lot of 2 Crossbody Bag,HB-010883,No,1,$64.99,$7.17,"South Bend, IN",46601,US,7.00%,SalesTax,,,,$0.00,$5.05,,,,,,,,$77.21,Yes,eBay Managed Payments,,Oct-17-25 09:13:25,Oct-17-25 09:13:25,,,,,,,,,Ground Advantage,,1000010883,,,,,,,,,,,,,,,,,
8659,21-10877-15845,ebuyer_003068,,,,,,,,,,,,,,,,,,,,310000010877,Antique Pewter Mug,CO-010877,No,1,$25.99,$11.42,"South Bend, IN",46601,US,7.00%,SalesTax,,,,$0.00,$2.62,,,,,,,,$40.03,Yes,eBay Managed Payments,,Oct-17-25 10:09:14,Oct-17-25 10:09:14,,,,,,,,,Ground Advantage,,1000010877,,,,,,,,,,,,,,,,,
8680,16-10898-03710,ebuyer_002520,,,,,,,,,,,,,,,,,,,,310000010898,Classic Film Camera,EL-010898,No,1,$58.99,$13.15,"South Bend, IN",46601,US,7.00%,SalesTax,,,,$0.00,$5.05,,,,,,,,$77.19,Yes,eBay Managed Payments,,Oct-17-25 11:17:01,Oct-17-25 11:17:01,,,,,,,,,Priority,,1000010898,,,,,,,,,,,,,,,,,
8678,27-10896-64628,ebuyer_002968,,,,,,,,,,,,,,,,,,,,310000010896,Lot of 2 Snow Globe,CO-010896,No,1,$41.99,$3.91,"South Bend, IN",46601,US,7.00%,SalesTax,,,,$0.00,$3.21,,,,,,,,$49.11,Yes,eBay Managed Payments,,Oct-17-25 13:17:45,Oct-17-25 13:17:45,,,,,,,,,Priority,,1000010896,,,,,,,,,,,,,,,,,
8668,15-10886-73971,ebuyer_002796,,,,,,,,,,,,,,,,,,,,310000010886,Used Pewter Mug,CO-010886,No,1,$42.99,$8.52,"South Bend, IN",46601,US,7.00%,SalesTax,,,,$0.00,$3.61,,,,,,,,$55.12,Yes,eBay Managed Payments,,Oct-17-25 15:45:21,Oct-17-25 15:45:21,,,,,,,,,Priority Mail,,1000010886,,,,,,,,,,,,,,,,,
8676,23-10894-01228,ebuyer_003621,,,,,,,,,,,,,,,,,,,,310000010894,Handmade Denim Jacket,CL-010894,No,1,$12.99,$0.00,"South Bend, IN",46601,US,7.00%,SalesTax,,,,$0.00,$0.91,,,,,,,,$13.90,Yes,eBay Managed Payments,,Oct-17-25 16:30:33,Oct-17-25 16:30:33,,,,,,,,,Priority,,1000010894,,,,,,,,,,,,,,,,,
8664,01-10882-59175,ebuyer_002893,,,,,,,,,,,,,,,,,,,,310000010882,Antique Golf Balls,SG-010882,No,1,$96.99,$6.71,"South Bend, IN",46601,US,7.00%,SalesTax,,,,$0.00,$7.26,,,,,,,,$110.96,Yes,eBay Managed Payments,,Oct-17-25 18:13:40,Oct-17-25 18:13:40,,,,,,,,,Ground Advantage,,1000010882,,,,,,,,,,,,,,,,,
8679,06-10897-42016,ebuyer_002853,,,,,,,,,,,,,,,,,,,,310000010897,Antique Tennis Racket,SG-010897,No,1,$40.99,$0.00,"South Bend, IN",46601,US,7.00%,SalesTax,,,,$0.00,$2.87,,,,,,,,$43.86,Yes,eBay Managed Payments,,Oct-17-25 19:02:50,Oct-17-25 19:02:50,,,,,,,,,FedEx Ground,,1000010897,,,,,,,,,,,,,,,,,
8666,06-10884-62828,ebuyer_002570,,,,,,,,,,,,,,,,,,,,310000010884,Used Loafers,SH-010884,No,1,$34.99,$4.43,"South Bend, IN",46601,US,7.00%,SalesTax,,,,$0.00,$2.76,,,,,,,,$42.18,Yes,eBay Managed Payments,,Oct-17-25 19:57:25,Oct-17-25 19:57:25,,,,,,,,,Ground Advantage,,1000010884,,,,,,,,,,,,,,,,,
8681,08-10899-11164,ebuyer_002509,,,,,,,,,,,,,,,,,,,,310000010899,Vintage Cashmere Sweater,CL-010899,No,1,$37.99,$0.00,"South Bend, IN",46601,US,7.00%,SalesTax,,,,$0.00,$2.66,,,,,,,,$40.65,Yes,eBay Managed Payments,,Oct-17-25 19:59:59,Oct-17-25 19:59:59,,,,,,,,,GroundAdvantage,,1000010899,,,,,,,,,,,,,,,,,
8673,08-10891-80854,ebuyer_002641,,,,,,,,,,,,,,,,,,,,310000010891,Used Crossbody Bag,HB-010891,No,1,$26.99,$4.30,"South Bend, IN",46601,US,7.00%,SalesTax,,,,$0.00,$2.19,,,,,,,,$33.48,Yes,eBay Managed Payments,,Oct-17-25 20:09:24,Oct-17-25 20:09:24,,,,,,,,,Priority,,1000010891,,,,,,,,,,,,,,,,,
8675,02-10893-06619,ebuyer_002530,,,,,,,,,,,,,,,,,,,,310000010893,Antique Snow Globe,CO-010893,No,1,$33.99,$0.00,"South Bend, IN",46601,US,7.00%,SalesTax,,,,$0.00,$2.38,,,,,,,,$36.37,Yes,eBay Managed Payments,,Oct-17-25 21:27:05,Oct-17-25 21:27:05,,,,,,,,,Ground Advantage,,1000010893,,,,,,,,,,,,,,,,,
8660,23-10878-46859,ebuyer_003353,,,,,,,,,,,,,,,,,,,,310000010878,Retro Wool Coat,CL-010878,No,1,$18.99,$0.00,"South Bend, IN",46601,US,7.00%,SalesTax,,,,$0.00,$1.33,,,,,,,,$20.32,Yes,eBay Managed Payments,,Oct-17-25 21:42:28,Oct-17-25 21:42:28,,,,,,,,,Ground Advantage,,1000010878,,,,,,,,,,,,,,,,,
8667,19-10885-06684,ebuyer_002612,,,,,,,,,,,,,,,,,,,,310000010885,Lot of 2 Rain Jacket,CL-010885,No,1,$14.99,$0.00,"South Bend, IN",46601,US,7.00%,SalesTax,,,,$0.00,$1.05,,,,,,,,$16.04,Yes,eBay Managed Payments,,Oct-17-25 21:49:53,Oct-17-25 21:49:53,,,,,,,,,Ground Advantage,,1000010885,,,,,,,,,,,,,,,,,
8686,17-11015-89619,ebuyer_003021,,,,,,,,,,,,,,,,,,,,310000011015,Mid-Century Turntable,EL-011015,No,1,$46.99,$0.00,"South Bend, IN",46601,US,7.00%,SalesTax,,,,$0.00,$3.29,,,,,,,,$50.28,Yes,eBay Managed Payments,,Oct-18-25 03:53:25,Oct-18-25 03:53:25,,,,,,,,,Priority Mail,,1000011015,,,,,,,,,,,,,,,,,
8688,22-11017-73789,ebuyer_003395,,,,,,,,,,,,,,,,,,,,310000011017,Retro Golf Balls,SG-011017,No,2,$21.99,$0.00,"South Bend, IN",46601,US,7.00%,SalesTax,,,,$0.00,$3.08,,,,,,,,$47.06,Yes,eBay Managed Payments,,Oct-18-25 07:07:49,Oct-18-25 07:07:49,,,,,,,,,Ground Advantage,,1000011017,,,,,,,,,,,,,,,,,
8699,08-11028-15368,ebuyer_002716,,,,,,,,,,,,,,,,,,,,310000011028,Classic Pyrex Bowl,KT-011028,No,1,$34.99,$0.00,"South Bend, IN",46601,US,7.00%,SalesTax,,,,$0.00,$2.45,,,,,,,,$37.44,Yes,eBay Managed Payments,,Oct-18-25 07:39:38,Oct-18-25 07:39:38,,,,,,,,,FedEx Ground,,1000011028,,,,,,,,,,,,,,,,,
8698,05-11027-68583,ebuyer_002637,,,,,,,,,,,,,,,,,,,,310000011027,Mid-Century Fishing Reel,SG-011027,No,1,$21.99,$0.00,"South Bend, IN",46601,US,7.00%,SalesTax,,,,$0.00,$1.54,,,,,,,,$23.53,Yes,eBay Managed Payments,,Oct-18-25 07:42:02,Oct-18-25 07:42:02,,,,,,,,,GroundAdvantage,,1000011027,,,,,,,,,,,,,,,,,
8694,23-11023-86695,ebuyer_002631,,,,,,,,,,,,,,,,,,,,310000011023,Retro Headphones,EL-011023,No,1,$22.99,$0.00,"South Bend, IN",46601,US,7.00%,SalesTax,,,,$0.00,$1.61,,,,,,,,$24.60,Yes,eBay Managed Payments,,Oct-18-25 08:44:21,Oct-18-25 08:44:21,,,,,,,,,Ground Advantage,,1000011023,,,,,,,,,,,,,,,,,
8701,21-11030-56827,ebuyer_002924,,,,,,,,,,,,,,,,,,,,310000011030,Like New Running Shoes,SH-011030,No,2,$29.99,$6.10,"South Bend, IN",46601,US,7.00%,SalesTax,,,,$0.00,$4.63,,,,,,,,$70.71,Yes,eBay Managed Payments,,Oct-18-25 08:49:30,Oct-18-25 08:49:30,,,,,,,,,GroundAdvantage,,1000011030,,,,,,,,,,,,,,,,,
8685,21-11014-54240,ebuyer_002515,,,,,,,,,,,,,,,,,,,,310000011014,Mid-Century Game Console,EL-011014,No,1,$68.99,$0.00,"South Bend, IN",46601,US,7.00%,SalesTax,,,,$0.00,$4.83,,,,,,,,$73.82,Yes,eBay Managed Payments,,Oct-18-25 10:38:47,Oct-18-25 10:38:47,,,,,,,,,Ground Advantage,,1000011014,,,,,,,,,,,,,,,,,
8697,16-11026-75663,ebuyer_002794,,,,,,,,,,,,,,,,,,,,310000011026,Like New Portable Radio,EL-011026,No,2,$29.99,$6.02,"South Bend, IN",46601,US,7.00%,SalesTax,,,,$0.00,$4.62,,,,,,,,$70.62,Yes,eBay Managed Payments,,Oct-18-25 10:55:14,Oct-18-25 10:55:14,,,,,,,,,GroundAdvantage,,1000011026,,,,,,,,,,,,,,,,,
8684,20-11013-72707,ebuyer_002531,,,,,,,,,,,,,,,,,,,,310000011013,Used Portable Radio,EL-011013,No,1,$32.99,$7.14,"South Bend, IN",46601,US,7.00%,SalesTax,,,,$0.00,$2.81,,,,,,,,$42.94,Yes,eBay Managed Payments,,Oct-18-25 11:56:32,Oct-18-25 11:56:32,,,,,,,,,Ground Advantage,,1000011013,,,,,,,,,,,,,,,,,
8690,23-11019-45071,ebuyer_002507,,,,,,,,,,,,,,,,,,,,310000011019,Mid-Century Snow Globe,CO-011019,No,1,$83.99,$0.00,"South Bend, IN",46601,US,7.00%,SalesTax,,,,$0.00,$5.88,,,,,,,,$89.87,Yes,eBay Managed Payments,,Oct-18-25 13:40:23,Oct-18-25 13:40:23,,,,,,,,,GroundAdvantage,,1000011019,,,,,,,,,,,,,,,,,
8683,04-11012-28518,ebuyer_003015,,,,,,,,,,,,,,,,,,,,310000011012,Classic Film Camera,EL-011012,No,1,$79.99,$0.00,"South Bend, IN",46601,US,7.00%,SalesTax,,,,$0.00,$5.60,,,,,,,,$85.59,Yes,eBay Managed Payments,,Oct-18-25 14:16:26,Oct-18-25 14:16:26,,,,,,,,,Ground Advantage,,1000011012,,,,,,,,,,,,,,,,,
8691,06-11020-51367,ebuyer_002667,,,,,,,,,,,,,,,,,,,,310000011020,Pre-owned Flannel Shirt,CL-011020,No,1,$13.99,$7.74,"South Bend, IN",46601,US,7.00%,SalesTax,,,,$0.00,$1.52,,,,,,,,$23.25,Yes,eBay Managed Payments,,Oct-18-25 14:47:33,Oct-18-25 14:47:33,,,,,,,,,Priority,,1000011020,,,,,,,,,,,,,,,,,
8700,15-11029-11761,ebuyer_002766,,,,,,,,,,,,,,,,,,,,310000011029,Lot of 2 Wool Coat,CL-011029,No,1,$47.99,$0.00,"South Bend, IN",46601,US,7.00%,SalesTax,,,,$0.00,$3.36,,,,,,,,$51.35,Yes,eBay Managed Payments,,Oct-18-25 14:52:02,Oct-18-25 14:52:02,,,,,,,,,Ground Advantage,,1000011029,,,,,,,,,,,,,,,,,
8692,04-11021-51657,ebuyer_003408,,,,,,,,,,,,,,,,,,,,310000011021,Antique Headphones,EL-011021,No,1,$126.99,$6.36,"South Bend, IN",46601,US,7.00%,SalesTax,,,,$0.00,$9.34,,,,,,,,$142.69,Yes,eBay Managed Payments,,Oct-18-25 15:45:11,Oct-18-25 15:45:11,,,,,,,,,Ground Advantage,,1000011021,,,,,,,,,,,,,,,,,
8687,22-11016-43239,ebuyer_002531,,,,,,,,,,,,,,,,,,,,310000011016,Vintage Cast Iron Skillet,KT-011016,No,1,$11.99,$0.00,"South Bend, IN",46601,US,7.00%,SalesTax,,,,$0.00,$0.84,,,,,,,,$12.83,Yes,eBay Managed Payments,,Oct-18-25 16:43:56,Oct-18-25 16:43:56,,,,,,,,,Ground Advantage,,1000011016,,,,,,,,,,,,,,,,,
8689,02-11018-65410,ebuyer_003555,,,,,,,,,,,,,,,,,,,,310000011018,Antique Fishing Reel,SG-011018,No,1,$33.99,$6.18,"South Bend, IN",46601,US,7.00%,SalesTax,,,,$0.00,$2.81,,,,,,,,$42.98,Yes,eBay Managed Payments,,Oct-18-25 16:58:30,Oct-18-25 16:58:30,,,,,,,,,GroundAdvantage,,1000011018,,,,,,,,,,,,,,,,,
8693,27-11022-45878,ebuyer_002542,,,,,,,,,,,,,,,,,,,,310000011022,Handmade Cashmere Sweater,CL-011022,No,1,$20.99,$10.42,"South Bend, IN",46601,US,7.00%,SalesTax,,,,$0.00,$2.20,,,,,,,,$33.61,Yes,eBay Managed Payments,,Oct-18-25 17:17:36,Oct-18-25 17:17:36,,,,,,,,,Priority Mail,,1000011022,,,,,,,,,,,,,,,,,
8695,23-11024-66014,ebuyer_002834,,,,,,,,,,,,,,,,,,,,310000011024,Vintage Denim Jacket,CL-011024,No,1,$15.99,$5.90,"South Bend, IN",46601,US,7.00%,SalesTax,,,,$0.00,$1.53,,,,,,,,$23.42,Yes,eBay Managed Payments,,Oct-18-25 17:43:06,Oct-18-25 17:43:06,,,,,,,,,Ground Advantage,,1000011024,,,,,,,,,,,,,,,,,
8696,22-11025-18894,ebuyer_002836,,,,,,,,,,,,,,,,,,,,310000011025,Antique Hiking Boots,SH-011025,No,1,$21.99,$8.53,"South Bend, IN",46601,US,7.00%,SalesTax,,,,$0.00,$2.14,,,,,,,,$32.66,Yes,eBay Managed Payments,,Oct-18-25 22:13:27,Oct-18-25 22:13:27,,,,,,,,,GroundAdvantage,,1000011025,,,,,,,,,,,,,,,,,
8682,17-11011-32176,ebuyer_002565,,,,,,,,,,,,,,,,,,,,310000011011,Antique Yoga Mat,SG-011011,No,1,$26.99,$0.00,"South Bend, IN",46601,US,7.00%,SalesTax,,,,$0.00,$1.89,,,,,,,,$28.88,Yes,eBay Managed Payments,,Oct-18-25 23:10:22,Oct-18-25 23:10:22,,,,,,,,,Priority Mail,,1000011011,,,,,,,,,,,,,,,,,
8711,09-11193-49043,ebuyer_002504,,,,,,,,,,,,,,,,,,,,310000011193,Mid-Century Rain Jacket,CL-011193,No,2,$36.99,$0.00,"South Bend, IN",46601,US,7.00%,SalesTax,,,,$0.00,$5.18,,,,,,,,$79.16,Yes,eBay Managed Payments,,Oct-19-25 02:45:31,Oct-19-25 02:45:31,,,,,,,,,Ground Advantage,,1000011193,,,,,,,,,,,,,,,,,
8728,09-11210-42432,ebuyer_003603,,,,,,,,,,,,,,,,,,,,310000011210,Classic Portable Radio,EL-011210,No,1,$110.99,$0.00,"South Bend, IN",46601,US,7.00%,SalesTax,,,,$0.00,$7.77,,,,,,,,$118.76,Yes,eBay Managed Payments,,Oct-19-25 03:13:42,Oct-19-25 03:13:42,,,,,,,,,FedEx Home Delivery,,1000011210,,,,,,,,,,,,,,,,,
8727,01-11209-72842,ebuyer_003569,,,,,,,,,,,,,,,,,,,,310000011209,Handmade Hiking Boots,SH-011209,No,1,$20.99,$6.21,"South Bend, IN",46601,US,7.00%,SalesTax,,,,$0.00,$1.90,,,,,,,,$29.10,Yes,eBay Managed Payments,,Oct-19-25 03:27:22,Oct-19-25 03:27:22,,,,,,,,,GroundAdvantage,,1000011209,,,,,,,,,,,,,,,,,
8719,26-11201-67181,ebuyer_002501,,,,,,,,,,,,,,,,,,,,310000011201,Pre-owned Silk Blouse,CL-011201,No,1,$23.99,$0.00,"South Bend, IN",46601,US,7.00%,SalesTax,,,,$0.00,$1.68,,,,,,,,$25.67,Yes,eBay Managed Payments,,Oct-19-25 04:04:06,Oct-19-25 04:04:06,,,,,,,,,Priority Mail,,1000011201,,,,,,,,,,,,,,,,,
8720,04-11202-87239,ebuyer_002610,,,,,,,,,,,,,,,,,,,,310000011202,Retro Headphones,EL-011202,No,1,$34.99,$0.00,"South Bend, IN",46601,US,7.00%,SalesTax,,,,$0.00,$2.45,,,,,,,,$37.44,Yes,eBay Managed Payments,,Oct-19-25 04:10:08,Oct-19-25 04:10:08,,,,,,,,,GroundAdvantage,,1000011202,,,,,,,,,,,,,,,,,
8710,11-11192-61437,ebuyer_003213,,,,,,,,,,,,,,,,,,,,310000011192,Antique Snow Globe,CO-011192,No,1,$13.99,$5.97,"South Bend, IN",46601,US,7.00%,SalesTax,,,,$0.00,$1.40,,,,,,,,$21.36,Yes,eBay Managed Payments,,Oct-19-25 05:50:21,Oct-19-25 05:50:21,,,,,,,,,Ground Advantage,,1000011192,,,,,,,,,,,,,,,,,
8723,25-11205-31117,ebuyer_002633,,,,,,,,,,,,,,,,,,,,310000011205,Handmade Crossbody Bag,HB-011205,No,1,$33.99,$4.73,"South Bend, IN",46601,US,7.00%,SalesTax,,,,$0.00,$2.71,,,,,,,,$41.43,Yes,eBay Managed Payments,,Oct-19-25 05:58:49,Oct-19-25 05:58:49,,,,,,,,,FedEx Home Delivery,,1000011205,,,,,,,,,,,,,,,,,
8721,08-11203-38830,ebuyer_002558,,,,,,,,,,,,,,,,,,,,310000011203,Lot of 2 Running Shoes,SH-011203,No,1,$24.99,$11.59,"South Bend, IN",46601,US,7.00%,SalesTax,,,,$0.00,$2.56,,,,,,,,$39.14,Yes,eBay Managed Payments,,Oct-19-25 07:20:48,Oct-19-25 07:20:48,,,,,,,,,Priority Mail,,1000011203,,,,,,,,,,,,,,,,,
8717,10-11199-51074,ebuyer_002547,,,,,,,,,,,,,,,,,,,,310000011199,Vintage Yoga Mat,SG-011199,No,1,$19.99,$0.00,"South Bend, IN",46601,US,7.00%,SalesTax,,,,$0.00,$1.40,,,,,,,,$21.39,Yes,eBay Managed Payments,,Oct-19-25 08:44:48,Oct-19-25 08:44:48,,,,,,,,,Ground Advantage,,1000011199,,,,,,,,,,,,,,,,,
8704,17-11186-71672,ebuyer_002939,,,,,,,,,,,,,,,,,,,,310000011186,Pre-owned Film Camera,EL-011186,No,1,$26.99,$6.90,"South Bend, IN",46601,US,7.00%,SalesTax,,,,$0.00,$2.37,,,,,,,,$36.26,Yes,eBay Managed Payments,,Oct-19-25 09:25:19,Oct-19-25 09:25:19,,,,,,,,,Priority,,1000011186,,,,,,,,,,,,,,,,,
8731,11-11213-80316,ebuyer_002946,,,,,,,,,,,,,,,,,,,,310000011213,Like New Pewter Mug,CO-011213,No,1,$110.99,$4.44,"South Bend, IN",46601,US,7.00%,SalesTax,,,,$0.00,$8.08,,,,,,,,$123.51,Yes,eBay Managed Payments,,Oct-19-25 11:22:28,Oct-19-25 11:22:28,,,,,,,,,FedEx Ground,,1000011213,,,,,,,,,,,,,,,,,
8725,08-11207-64247,ebuyer_003433,,,,,,,,,,,,,,,,,,,,310000011207,Retro Turntable,EL-011207,No,1,$61.99,$11.88,"South Bend, IN",46601,US,7.00%,SalesTax,,,,$0.00,$5.17,,,,,,,,$79.04,Yes,eBay Managed Payments,,Oct-19-25 14:42:00,Oct-19-25 14:42:00,,,,,,,,,GroundAdvantage,,1000011207,,,,,,,,,,,,,,,,,
8703,20-11185-25366,ebuyer_002606,,,,,,,,,,,,,,,,,,,,310000011185,Lot of 2 Flannel Shirt,CL-011185,No,1,$27.99,$0.00,"South Bend, IN",46601,US,7.00%,SalesTax,,,,$0.00,$1.96,,,,,,,,$29.95,Yes,eBay Managed Payments,,Oct-19-25 15:22:31,Oct-19-25 15:22:31,,,,,,,,,Ground Advantage,,1000011185,,,,,,,,,,,,,,,,,
8709,14-11191-48807,ebuyer_003529,,,,,,,,,,,,,,,,,,,,310000011191,Vintage Denim Jacket,CL-011191,No,1,$22.99,$0.00,"South Bend, IN",46601,US,7.00%,SalesTax,,,,$0.00,$1.61,,,,,,,,$24.60,Yes,eBay Managed Payments,,Oct-19-25 15:27:49,Oct-19-25 15:27:49,,,,,,,,,GroundAdvantage,,1000011191,,,,,,,,,,,,,,,,,
8716,12-11198-85440,ebuyer_002920,,,,,,,,,,,,,,,,,,,,310000011198,Like New Hiking Boots,SH-011198,No,1,$31.99,$6.88,"South Bend, IN",46601,US,7.00%,SalesTax,,,,$0.00,$2.72,,,,,,,,$41.59,Yes,eBay Managed Payments,,Oct-19-25 16:10:55,Oct-19-25 16:10:55,,,,,,,,,Ground Advantage,,1000011198,,,,,,,,,,,,,,,,,
8729,15-11211-19875,ebuyer_002581,,,,,,,,,,,,,,,,,,,,310000011211,Classic Leather Boots,SH-011211,No,1,$27.99,$0.00,"South Bend, IN",46601,US,7.00%,SalesTax,,,,$0.00,$1.96,,,,,,,,$29.95,Yes,eBay Managed Payments,,Oct-19-25 16:38:03,Oct-19-25 16:38:03,,,,,,,,,GroundAdvantage,,1000011211,,,,,,,,,,,,,,,,,
8713,16-11195-51497,ebuyer_003466,,,,,,,,,,,,,,,,,,,,310000011195,Pre-owned Game Console,EL-011195,No,1,$72.99,$4.75,"South Bend, IN",46601,US,7.00%,SalesTax,,,,$0.00,$5.44,,,,,,,,$83.18,Yes,eBay Managed Payments,,Oct-19-25 17:09:53,Oct-19-25 17:09:53,,,,,,,,,Priority Mail,,1000011195,,,,,,,,,,,,,,,,,
8715,09-11197-15129,ebuyer_003335,,,,,,,,,,,,,,,,,,,,310000011197,Classic Loafers,SH-011197,No,1,$20.99,$9.24,"South Bend, IN",46601,US,7.00%,SalesTax,,,,$0.00,$2.12,,,,,,,,$32.35,Yes,eBay Managed Payments,,Oct-19-25 17:18:33,Oct-19-25 17:18:33,,,,,,,,,GroundAdvantage,,1000011197,,,,,,,,,,,,,,,,,
8714,23-11196-46872,ebuyer_002533,,,,,,,,,,,,,,,,,,,,310000011196,Handmade Turntable,EL-011196,No,1,$76.99,$0.00,"South Bend, IN",46601,US,7.00%,SalesTax,,,,$0.00,$5.39,,,,,,,,$82.38,Yes,eBay Managed Payments,,Oct-19-25 17:31:01,Oct-19-25 17:31:01,,,,,,,,,GroundAdvantage,,1000011196,,,,,,,,,,,,,,,,,
8730,14-11212-88104,ebuyer_002647,,,,,,,,,,,,,,,,,,,,310000011212,Handmade Wool Coat,CL-011212,No,1,$14.99,$0.00,"South Bend, IN",46601,US,7.00%,SalesTax,,,,$0.00,$1.05,,,,,,,,$16.04,Yes,eBay Managed Payments,,Oct-19-25 18:35:46,Oct-19-25 18:35:46,,,,,,,,,GroundAdvantage,,1000011212,,,,,,,,,,,,,,,,,
8722,19-11204-44360,ebuyer_002518,,,,,,,,,,,,,,,,,,,,310000011204,Handmade Denim Jacket,CL-011204,No,1,$28.99,$5.04,"South Bend, IN",46601,US,7.00%,SalesTax,,,,$0.00,$2.38,,,,,,,,$36.41,Yes,eBay Managed Payments,,Oct-19-25 18:44:12,Oct-19-25 18:44:12,,,,,,,,,Ground Advantage,,1000011204,,,,,,,,,,,,,,,,,
8718,22-11200-31571,ebuyer_002516,,,,,,,,,,,,,,,,,,,,310000011200,Like New Turntable,EL-011200,No,1,$53.99,$7.20,"South Bend, IN",46601,US,7.00%,SalesTax,,,,$0.00,$4.28,,,,,,,,$65.47,Yes,eBay Managed Payments,,Oct-19-25 18:48:51,Oct-19-25 18:48:51,,,,,,,,,FedEx Ground,,1000011200,,,,,,,,,,,,,,,,,
8724,01-11206-26692,ebuyer_002932,,,,,,,,,,,,,,,,,,,,310000011206,Lot of 2 Flannel Shirt,CL-011206,No,1,$31.99,$10.00,"South Bend, IN",46601,US,7.00%,SalesTax,,,,$0.00,$2.94,,,,,,,,$44.93,Yes,eBay Managed Payments,,Oct-19-25 19:42:45,Oct-19-25 19:42:45,,,,,,,,,GroundAdvantage,,1000011206,,,,,,,,,,,,,,,,,
8732,27-11214-39348,ebuyer_003471,,,,,,,,,,,,,,,,,,,,310000011214,Used Game Console,EL-011214,No,1,$49.99,$0.00,"South Bend, IN",46601,US,7.00%,SalesTax,,,,$0.00,$3.50,,,,,,,,$53.49,Yes,eBay Managed Payments,,Oct-19-25 20:45:18,Oct-19-25 20:45:18,,,,,,,,,FedEx Ground,,1000011214,,,,,,,,,,,,,,,,,
8702,19-11184-61592,ebuyer_002849,,,,,,,,,,,,,,,,,,,,310000011184,Handmade Loafers,SH-011184,No,1,$35.99,$13.81,"South Bend, IN",46601,US,7.00%,SalesTax,,,,$0.00,$3.49,,,,,,,,$53.29,Yes,eBay Managed Payments,,Oct-19-25 21:12:17,Oct-19-25 21:12:17,,,,,,,,,FedEx Home Delivery,,1000011184,,,,,,,,,,,,,,,,,
8707,24-11189-77809,ebuyer_002656,,,,,,,,,,,,,,,,,,,,310000011189,Used Loafers,SH-011189,No,1,$57.99,$0.00,"South Bend, IN",46601,US,7.00%,SalesTax,,,,$0.00,$4.06,,,,,,,,$62.05,Yes,eBay Managed Payments,,Oct-19-25 21:51:14,Oct-19-25 21:51:14,,,,,,,,,Ground Advantage,,1000011189,,,,,,,,,,,,,,,,,
8712,02-11194-78070,ebuyer_002554,,,,,,,,,,,,,,,,,,,,310000011194,Handmade Denim Jacket,CL-011194,No,1,$12.99,$0.00,"South Bend, IN",46601,US,7.00%,SalesTax,,,,$0.00,$0.91,,,,,,,,$13.90,Yes,eBay Managed Payments,,Oct-19-25 22:58:06,Oct-19-25 22:58:06,,,,,,,,,GroundAdvantage,,1000011194,,,,,,,,,,,,,,,,,
8706,16-11188-12278,ebuyer_002820,,,,,,,,,,,,,,,,,,,,310000011188,Handmade Stoneware Mugs,KT-011188,No,1,$14.99,$0.00,"South Bend, IN",46601,US,7.00%,SalesTax,,,,$0.00,$1.05,,,,,,,,$16.04,Yes,eBay Managed Payments,,Oct-19-25 23:06:35,Oct-19-25 23:06:35,,,,,,,,,FedEx Ground,,1000011188,,,,,,,,,,,,,,,,,
8708,02-11190-72566,ebuyer_002666,,,,,,,,,,,,,,,,,,,,310000011190,Antique Fishing Reel,SG-011190,No,1,$37.99,$7.96,"South Bend, IN",46601,US,7.00%,SalesTax,,,,$0.00,$3.22,,,,,,,,$49.17,Yes,eBay Managed Payments,,Oct-19-25 23:08:57,Oct-19-25 23:08:57,,,,,,,,,FedEx Ground,,1000011190,,,,,,,,,,,,,,,,,
8705,13-11187-87854,ebuyer_003007,,,,,,,,,,,,,,,,,,,,310000011187,Used Portable Radio,EL-011187,No,2,$117.99,$10.96,"South Bend, IN",46601,US,7.00%,SalesTax,,,,$0.00,$17.29,,,,,,,,$264.23,Yes,eBay Managed Payments,,Oct-19-25 23:25:28,Oct-19-25 23:25:28,,,,,,,,,Ground Advantage,,1000011187,,,,,,,,,,,,,,,,,
8743,18-11341-27414,ebuyer_003059,,,,,,,,,,,,,,,,,,,,310000011341,Retro Leather Satchel,HB-011341,No,1,$29.99,$16.37,"South Bend, IN",46601,US,7.00%,SalesTax,,,,$0.00,$3.25,,,,,,,,$49.61,Yes,eBay Managed Payments,,Oct-20-25 02:34:52,Oct-20-25 02:34:52,,,,,,,,,Ground Advantage,,1000011341,,,,,,,,,,,,,,,,,
8742,05-11340-60249,ebuyer_003334,,,,,,,,,,,,,,,,,,,,310000011340,Pre-owned Hiking Boots,SH-011340,No,1,$32.99,$8.18,"South Bend, IN",46601,US,7.00%,SalesTax,,,,$0.00,$2.88,,,,,,,,$44.05,Yes,eBay Managed Payments,,Oct-20-25 03:33:23,Oct-20-25 03:33:23,,,,,,,,,Ground Advantage,,1000011340,,,,,,,,,,,,,,,,,
8740,27-11338-69923,ebuyer_003408,,,,,,,,,,,,,,,,,,,,310000011338,Mid-Century Pewter Mug,CO-011338,No,1,$34.99,$0.00,"South Bend, IN",46601,US,7.00%,SalesTax,,,,$0.00,$2.45,,,,,,,,$37.44,Yes,eBay Managed Payments,,Oct-20-25 05:18:16,Oct-20-25 05:18:16,,,,,,,,,GroundAdvantage,,1000011338,,,,,,,,,,,,,,,,,
8741,27-11339-92818,ebuyer_002588,,,,,,,,,,,,,,,,,,,,310000011339,Handmade Hiking Boots,SH-011339,No,1,$46.99,$0.00,"South Bend, IN",46601,US,7.00%,SalesTax,,,,$0.00,$3.29,,,,,,,,$50.28,Yes,eBay Managed Payments,,Oct-20-25 06:55:46,Oct-20-25 06:55:46,,,,,,,,,Ground Advantage,,1000011339,,,,,,,,,,,,,,,,,
8733,23-11331-09395,ebuyer_002519,,,,,,,,,,,,,,,,,,,,310000011331,Mid-Century Cashmere Sweater,CL-011331,No,1,$13.99,$0.00,"South Bend, IN",46601,US,7.00%,SalesTax,,,,$0.00,$0.98,,,,,,,,$14.97,Yes,eBay Managed Payments,,Oct-20-25 06:58:02,Oct-20-25 06:58:02,,,,,,,,,Ground Advantage,,1000011331,,,,,,,,,,,,,,,,,
8750,24-11348-11016,ebuyer_002564,,,,,,,,,,,,,,,,,,,,310000011348,Mid-Century Snow Globe,CO-011348,No,1,$29.99,$0.00,"South Bend, IN",46601,US,7.00%,SalesTax,,,,$0.00,$2.10,,,,,,,,$32.09,Yes,eBay Managed Payments,,Oct-20-25 07:30:19,Oct-20-25 07:30:19,,,,,,,,,FedEx Ground,,1000011348,,,,,,,,,,,,,,,,,
8746,09-11344-28683,ebuyer_003532,,,,,,,,,,,,,,,,,,,,310000011344,Antique Hiking Boots,SH-011344,No,1,$30.99,$6.88,"South Bend, IN",46601,US,7.00%,SalesTax,,,,$0.00,$2.65,,,,,,,,$40.52,Yes,eBay Managed Payments,,Oct-20-25 08:22:55,Oct-20-25 08:22:55,,,,,,,,,Ground Advantage,,1000011344,,,,,,,,,,,,,,,,,
8747,02-11345-73258,ebuyer_002563,,,,,,,,,,,,,,,,,,,,310000011345,Lot of 2 Golf Balls,SG-011345,No,1,$32.99,$8.14,"South Bend, IN",46601,US,7.00%,SalesTax,,,,$0.00,$2.88,,,,,,,,$44.01,Yes,eBay Managed Payments,,Oct-20-25 09:00:46,Oct-20-25 09:00:46,,,,,,,,,Ground Advantage,,1000011345,,,,,,,,,,,,,,,,,
8736,04-11334-71931,ebuyer_002768,,,,,,,,,,,,,,,,,,,,310000011334,Handmade Leather Satchel,HB-011334,No,1,$36.99,$8.21,"South Bend, IN",46601,US,7.00%,SalesTax,,,,$0.00,$3.16,,,,,,,,$48.36,Yes,eBay Managed Payments,,Oct-20-25 09:42:02,Oct-20-25 09:42:02,,,,,,,,,GroundAdvantage,,1000011334,,,,,,,,,,,,,,,,,
8739,26-11337-57696,ebuyer_003322,,,,,,,,,,,,,,,,,,,,310000011337,Vintage Coin Lot,CO-011337,No,1,$28.99,$6.00,"South Bend, IN",46601,US,7.00%,SalesTax,,,,$0.00,$2.45,,,,,,,,$37.44,Yes,eBay Managed Payments,,Oct-20-25 13:59:38,Oct-20-25 13:59:38,,,,,,,,,Ground Advantage,,1000011337,,,,,,,,,,,,,,,,,
8735,16-11333-50971,ebuyer_002924,,,,,,,,,,,,,,,,,,,,310000011333,Classic Camera Lens,EL-011333,No,1,$84.99,$5.08,"South Bend, IN",46601,US,7.00%,SalesTax,,,,$0.00,$6.31,,,,,,,,$96.38,Yes,eBay Managed Payments,,Oct-20-25 15:23:28,Oct-20-25 15:23:28,,,,,,,,,GroundAdvantage,,1000011333,,,,,,,,,,,,,,,,,
8744,27-11342-73973,ebuyer_002508,,,,,,,,,,,,,,,,,,,,310000011342,Like New Fondue Set,KT-011342,No,1,$33.99,$5.51,"South Bend, IN",46601,US,7.00%,SalesTax,,,,$0.00,$2.77,,,,,,,,$42.27,Yes,eBay Managed Payments,,Oct-20-25 17:44:54,Oct-20-25 17:44:54,,,,,,,,,Priority,,1000011342,,,,,,,,,,,,,,,,,
8751,06-11349-84757,ebuyer_003014,,,,,,,,,,,,,,,,,,,,310000011349,Mid-Century Headphones,EL-011349,No,1,$38.99,$6.18,"South Bend, IN",46601,US,7.00%,SalesTax,,,,$0.00,$3.16,,,,,,,,$48.33,Yes,eBay Managed Payments,,Oct-20-25 18:33:52,Oct-20-25 18:33:52,,,,,,,,,FedEx Ground,,1000011349,,,,,,,,,,,,,,,,,
8748,17-11346-32885,ebuyer_003027,,,,,,,,,,,,,,,,,,,,310000011346,Pre-owned Pyrex Bowl,KT-011346,No,1,$25.99,$0.00,"South Bend, IN",46601,US,7.00%,SalesTax,,,,$0.00,$1.82,,,,,,,,$27.81,Yes,eBay Managed Payments,,Oct-20-25 18:54:45,Oct-20-25 18:54:45,,,,,,,,,Ground Advantage,,1000011346,,,,,,,,,,,,,,,,,
8738,03-11336-76864,ebuyer_003324,,,,,,,,,,,,,,,,,,,,310000011336,Used Wool Coat,CL-011336,No,1,$81.99,$0.00,"South Bend, IN",46601,US,7.00%,SalesTax,,,,$0.00,$5.74,,,,,,,,$87.73,Yes,eBay Managed Payments,,Oct-20-25 19:36:43,Oct-20-25 19:36:43,,,,,,,,,Ground Advantage,,1000011336,,,,,,,,,,,,,,,,,
8745,19-11343-30925,ebuyer_002505,,,,,,,,,,,,,,,,,,,,310000011343,Handmade Snow Globe,CO-011343,No,1,$20.99,$0.00,"South Bend, IN",46601,US,7.00%,SalesTax,,,,$0.00,$1.47,,,,,,,,$22.46,Yes,eBay Managed Payments,,Oct-20-25 20:01:10,Oct-20-25 20:01:10,,,,,,,,,Priority Mail,,1000011343,,,,,,,,,,,,,,,,,
8749,13-11347-80033,ebuyer_002762,,,,,,,,,,,,,,,,,,,,310000011347,Handmade Snow Globe,CO-011347,No,1,$53.99,$11.53,"South Bend, IN",46601,US,7.00%,SalesTax,,,,$0.00,$4.59,,,,,,,,$70.11,Yes,eBay Managed Payments,,Oct-20-25 21:11:21,Oct-20-25 21:11:21,,,,,,,,,GroundAdvantage,,1000011347,,,,,,,,,,,,,,,,,
8737,16-11335-12158,ebuyer_002609,,,,,,,,,,,,,,,,,,,,310000011335,Vintage Running Shoes,SH-011335,No,1,$18.99,$0.00,"South Bend, IN",46601,US,7.00%,SalesTax,,,,$0.00,$1.33,,,,,,,,$20.32,Yes,eBay Managed Payments,,Oct-20-25 21:44:04,Oct-20-25 21:44:04,,,,,,,,,Ground Advantage,,1000011335,,,,,,,,,,,,,,,,,
8734,01-11332-04897,ebuyer_002535,,,,,,,,,,,,,,,,,,,,310000011332,Vintage Clutch,HB-011332,No,1,$34.99,$9.93,"South Bend, IN",46601,US,7.00%,SalesTax,,,,$0.00,$3.15,,,,,,,,$48.07,Yes,eBay Managed Payments,,Oct-20-25 23:34:49,Oct-20-25 23:34:49,,,,,,,,,GroundAdvantage,,1000011332,,,,,,,,,,,,,,,,,
8768,16-11490-12602,ebuyer_003317,,,,,,,,,,,,,,,,,,,,310000011490,Like New Running Shoes,SH-011490,No,1,$12.99,$6.67,"South Bend, IN",46601,US,7.00%,SalesTax,,,,$0.00,$1.38,,,,,,,,$21.04,Yes,eBay Managed Payments,,Oct-21-25 02:38:03,Oct-21-25 02:38:03,,,,,,,,,Ground Advantage,,1000011490,,,,,,,,,,,,,,,,,
8753,27-11475-75686,ebuyer_002539,,,,,,,,,,,,,,,,,,,,310000011475,Antique Game Console,EL-011475,No,1,$45.99,$6.08,"South Bend, IN",46601,US,7.00%,SalesTax,,,,$0.00,$3.65,,,,,,,,$55.72,Yes,eBay Managed Payments,,Oct-21-25 04:17:15,Oct-21-25 04:17:15,,,,,,,,,GroundAdvantage,,1000011475,,,,,,,,,,,,,,,,,
8757,13-11479-78014,ebuyer_003241,,,,,,,,,,,,,,,,,,,,310000011479,Vintage Rain Jacket,CL-011479,No,1,$61.99,$0.00,"South Bend, IN",46601,US,7.00%,SalesTax,,,,$0.00,$4.34,,,,,,,,$66.33,Yes,eBay Managed Payments,,Oct-21-25 04:29:46,Oct-21-25 04:29:46,,,,,,,,,Priority Mail,,1000011479,,,,,,,,,,,,,,,,,
8759,24-11481-21866,ebuyer_002620,,,,,,,,,,,,,,,,,,,,310000011481,Used Portable Radio,EL-011481,No,1,$69.99,$8.23,"South Bend, IN",46601,US,7.00%,SalesTax,,,,$0.00,$5.48,,,,,,,,$83.70,Yes,eBay Managed Payments,,Oct-21-25 05:18:46,Oct-21-25 05:18:46,,,,,,,,,Priority Mail,,1000011481,,,,,,,,,,,,,,,,,
8770,03-11492-72400,ebuyer_002817,,,,,,,,,,,,,,,,,,,,310000011492,Handmade Silk Blouse,CL-011492,No,1,$19.99,$5.78,"South Bend, IN",46601,US,7.00%,SalesTax,,,,$0.00,$1.80,,,,,,,,$27.57,Yes,eBay Managed Payments,,Oct-21-25 10:15:36,Oct-21-25 10:15:36,,,,,,,,,GroundAdvantage,,1000011492,,,,,,,,,,,,,,,,,
8773,13-11495-05641,ebuyer_002620,,,,,,,,,,,,,,,,,,,,310000011495,Used Wool Coat,CL-011495,No,1,$34.99,$5.49,"South Bend, IN",46601,US,7.00%,SalesTax,,,,$0.00,$2.83,,,,,,,,$43.31,Yes,eBay Managed Payments,,Oct-21-25 10:19:00,Oct-21-25 10:19:00,,,,,,,,,FedEx Ground,,1000011495,,,,,,,,,,,,,,,,,
8763,02-11485-65979,ebuyer_002993,,,,,,,,,,,,,,,,,,,,310000011485,Classic Cashmere Sweater,CL-011485,No,2,$20.99,$0.00,"South Bend, IN",46601,US,7.00%,SalesTax,,,,$0.00,$2.94,,,,,,,,$44.92,Yes,eBay Managed Payments,,Oct-21-25 12:20:53,Oct-21-25 12:20:53,,,,,,,,,Priority Mail,,1000011485,,,,,,,,,,,,,,,,,
8769,02-11491-34442,ebuyer_002692,,,,,,,,,,,,,,,,,,,,310000011491,Pre-owned Wool Coat,CL-011491,No,1,$17.99,$8.71,"South Bend, IN",46601,US,7.00%,SalesTax,,,,$0.00,$1.87,,,,,,,,$28.57,Yes,eBay Managed Payments,,Oct-21-25 15:11:09,Oct-21-25 15:11:09,,,,,,,,,Ground Advantage,,1000011491,,,,,,,,,,,,,,,,,
8754,12-11476-22831,ebuyer_002568,,,,,,,,,,,,,,,,,,,,310000011476,Pre-owned Golf Balls,SG-011476,No,1,$97.99,$10.17,"South Bend, IN",46601,US,7.00%,SalesTax,,,,$0.00,$7.57,,,,,,,,$115.73,Yes,eBay Managed Payments,,Oct-21-25 15:25:40,Oct-21-25 15:25:40,,,,,,,,,GroundAdvantage,,1000011476,,,,,,,,,,,,,,,,,
8755,22-11477-66361,ebuyer_003377,,,,,,,,,,,,,,,,,,,,310000011477,Used Film Camera,EL-011477,No,1,$37.99,$0.00,"South Bend, IN",46601,US,7.00%,SalesTax,,,,$0.00,$2.66,,,,,,,,$40.65,Yes,eBay Managed Payments,,Oct-21-25 16:24:41,Oct-21-25 16:24:41,,,,,,,,,Ground Advantage,,1000011477,,,,,,,,,,,,,,,,,
8758,22-11480-11649,ebuyer_003374,,,,,,,,,,,,,,,,,,,,310000011480,Used Figurine,CO-011480,No,1,$76.99,$7.61,"South Bend, IN",46601,US,7.00%,SalesTax,,,,$0.00,$5.92,,,,,,,,$90.52,Yes,eBay Managed Payments,,Oct-21-25 16:53:57,Oct-21-25 16:53:57,,,,,,,,,Ground Advantage,,1000011480,,,,,,,,,,,,,,,,,
8752,06-11474-17150,ebuyer_003671,,,,,,,,,,,,,,,,,,,,310000011474,Handmade Fishing Reel,SG-011474,No,1,$51.99,$10.09,"South Bend, IN",46601,US,7.00%,SalesTax,,,,$0.00,$4.35,,,,,,,,$66.43,Yes,eBay Managed Payments,,Oct-21-25 17:05:22,Oct-21-25 17:05:22,,,,,,,,,Ground Advantage,,1000011474,,,,,,,,,,,,,,,,,
8771,13-11493-27539,ebuyer_002535,,,,,,,,,,,,,,,,,,,,310000011493,Lot of 2 Golf Balls,SG-011493,No,1,$23.99,$8.54,"South Bend, IN",46601,US,7.00%,SalesTax,,,,$0.00,$2.28,,,,,,,,$34.81,Yes,eBay Managed Payments,,Oct-21-25 17:32:47,Oct-21-25 17:32:47,,,,,,,,,FedEx Home Delivery,,1000011493,,,,,,,,,,,,,,,,,
8766,19-11488-26666,ebuyer_002652,,,,,,,,,,,,,,,,,,,,310000011488,Pre-owned Snow Globe,CO-011488,No,1,$19.99,$7.95,"South Bend, IN",46601,US,7.00%,SalesTax,,,,$0.00,$1.96,,,,,,,,$29.90,Yes,eBay Managed Payments,,Oct-21-25 18:09:37,Oct-21-25 18:09:37,,,,,,,,,FedEx Home Delivery,,1000011488,,,,,,,,,,,,,,,,,
8774,04-11496-31148,ebuyer_002596,,,,,,,,,,,,,,,,,,,,310000011496,Retro Trading Card Lot,CO-011496,No,1,$16.99,$0.00,"South Bend, IN",46601,US,7.00%,SalesTax,,,,$0.00,$1.19,,,,,,,,$18.18,Yes,eBay Managed Payments,,Oct-21-25 18:20:05,Oct-21-25 18:20:05,,,,,,,,,Ground Advantage,,1000011496,,,,,,,,,,,,,,,,,
8767,03-11489-48673,ebuyer_002500,,,,,,,,,,,,,,,,,,,,310000011489,Classic Running Shoes,SH-011489,No,1,$33.99,$9.20,"South Bend, IN",46601,US,7.00%,SalesTax,,,,$0.00,$3.02,,,,,,,,$46.21,Yes,eBay Managed Payments,,Oct-21-25 18:51:58,Oct-21-25 18:51:58,,,,,,,,,Ground Advantage,,1000011489,,,,,,,,,,,,,,,,,
8762,17-11484-19230,ebuyer_003690,,,,,,,,,,,,,,,,,,,,310000011484,Pre-owned Tote Bag,HB-011484,No,1,$46.99,$0.00,"South Bend, IN",46601,US,7.00%,SalesTax,,,,$0.00,$3.29,,,,,,,,$50.28,Yes,eBay Managed Payments,,Oct-21-25 19:37:27,Oct-21-25 19:37:27,,,,,,,,,GroundAdvantage,,1000011484,,,,,,,,,,,,,,,,,
8772,17-11494-60775,ebuyer_003083,,,,,,,,,,,,,,,,,,,,310000011494,Handmade Yoga Mat,SG-011494,No,1,$28.99,$8.15,"South Bend, IN",46601,US,7.00%,SalesTax,,,,$0.00,$2.60,,,,,,,,$39.74,Yes,eBay Managed Payments,,Oct-21-25 20:11:54,Oct-21-25 20:11:54,,,,,,,,,Priority Mail,,1000011494,,,,,,,,,,,,,,,,,
8775,17-11497-31071,ebuyer_002552,,,,,,,,,,,,,,,,,,,,310000011497,Handmade Glass Pitcher,KT-011497,No,1,$40.99,$6.23,"South Bend, IN",46601,US,7.00%,SalesTax,,,,$0.00,$3.31,,,,,,,,$50.53,Yes,eBay Managed Payments,,Oct-21-25 20:34:49,Oct-21-25 20:34:49,,,,,,,,,FedEx Express Saver,,1000011497,,,,,,,,,,,,,,,,,
8764,05-11486-46700,ebuyer_002538,,,,,,,,,,,,,,,,,,,,310000011486,Pre-owned Leather Satchel,HB-011486,No,1,$32.99,$5.57,"South Bend, IN",46601,US,7.00%,SalesTax,,,,$0.00,$2.70,,,,,,,,$41.26,Yes,eBay Managed Payments,,Oct-21-25 21:27:05,Oct-21-25 21:27:05,,,,,,,,,GroundAdvantage,,1000011486,,,,,,,,,,,,,,,,,
8756,14-11478-44995,ebuyer_002554,,,,,,,,,,,,,,,,,,,,310000011478,Handmade Rain Jacket,CL-011478,No,1,$31.99,$6.73,"South Bend, IN",46601,US,7.00%,SalesTax,,,,$0.00,$2.71,,,,,,,,$41.43,Yes,eBay Managed Payments,,Oct-21-25 21:39:53,Oct-21-25 21:39:53,,,,,,,,,FedEx Ground,,1000011478,,,,,,,,,,,,,,,,,
8765,25-11487-28623,ebuyer_002500,,,,,,,,,,,,,,,,,,,,310000011487,Handmade Wool Coat,CL-011487,No,1,$31.99,$5.84,"South Bend, IN",46601,US,7.00%,SalesTax,,,,$0.00,$2.65,,,,,,,,$40.48,Yes,eBay Managed Payments,,Oct-21-25 21:41:51,Oct-21-25 21:41:51,,,,,,,,,Priority Mail,,1000011487,,,,,,,,,,,,,,,,,
8761,08-11483-35273,ebuyer_003035,,,,,,,,,,,,,,,,,,,,310000011483,Mid-Century Wool Coat,CL-011483,No,1,$67.99,$0.00,"South Bend, IN",46601,US,7.00%,SalesTax,,,,$0.00,$4.76,,,,,,,,$72.75,Yes,eBay Managed Payments,,Oct-21-25 22:35:17,Oct-21-25 22:35:17,,,,,,,,,GroundAdvantage,,1000011483,,,,,,,,,,,,,,,,,
8760,14-11482-78188,ebuyer_002553,,,,,,,,,,,,,,,,,,,,310000011482,Retro Portable Radio,EL-011482,No,1,$64.99,$13.80,"South Bend, IN",46601,US,7.00%,SalesTax,,,,$0.00,$5.52,,,,,,,,$84.31,Yes,eBay Managed Payments,,Oct-21-25 23:33:24,Oct-21-25 23:33:24,,,,,,,,,Ground Advantage,,1000011482,,,,,,,,,,,,,,,,,
8800,23-11641-74357,ebuyer_003093,,,,,,,,,,,,,,,,,,,,310000011641,Vintage Camera Lens,EL-011641,No,1,$13.99,$0.00,"South Bend, IN",46601,US,7.00%,SalesTax,,,,$0.00,$0.98,,,,,,,,$14.97,Yes,eBay Managed Payments,,Oct-22-25 01:57:07,Oct-22-25 01:57:07,,,,,,,,,FedEx Ground,,1000011641,,,,,,,,,,,,,,,,,
8792,21-11633-21399,ebuyer_003478,,,,,,,,,,,,,,,,,,,,310000011633,Retro Silk Blouse,CL-011633,No,1,$17.99,$6.38,"South Bend, IN",46601,US,7.00%,SalesTax,,,,$0.00,$1.71,,,,,,,,$26.08,Yes,eBay Managed Payments,,Oct-22-25 02:15:57,Oct-22-25 02:15:57,,,,,,,,,Priority,,1000011633,,,,,,,,,,,,,,,,,
8777,18-11618-77566,ebuyer_002743,,,,,,,,,,,,,,,,,,,,310000011618,Pre-owned Fishing Reel,SG-011618,No,1,$28.99,$7.46,"South Bend, IN",46601,US,7.00%,SalesTax,,,,$0.00,$2.55,,,,,,,,$39.00,Yes,eBay Managed Payments,,Oct-22-25 02:44:32,Oct-22-25 02:44:32,,,,,,,,,Priority,,1000011618,,,,,,,,,,,,,,,,,
8780,26-11621-39147,ebuyer_003647,,,,,,,,,,,,,,,,,,,,310000011621,Mid-Century Hiking Boots,SH-011621,No,1,$30.99,$5.84,"South Bend, IN",46601,US,7.00%,SalesTax,,,,$0.00,$2.58,,,,,,,,$39.41,Yes,eBay Managed Payments,,Oct-22-25 03:09:33,Oct-22-25 03:09:33,,,,,,,,,FedEx Home Delivery,,1000011621,,,,,,,,,,,,,,,,,
8790,23-11631-24016,ebuyer_002538,,,,,,,,,,,,,,,,,,,,310000011631,Used Clutch,HB-011631,No,1,$20.99,$9.79,"South Bend, IN",46601,US,7.00%,SalesTax,,,,$0.00,$2.16,,,,,,,,$32.94,Yes,eBay Managed Payments,,Oct-22-25 05:28:34,Oct-22-25 05:28:34,,,,,,,,,Ground Advantage,,1000011631,,,,,,,,,,,,,,,,,
8797,13-11638-09677,ebuyer_002534,,,,,,,,,,,,,,,,,,,,310000011638,Handmade Yoga Mat,SG-011638,No,1,$35.99,$0.00,"South Bend, IN",46601,US,7.00%,SalesTax,,,,$0.00,$2.52,,,,,,,,$38.51,Yes,eBay Managed Payments,,Oct-22-25 05:40:58,Oct-22-25 05:40:58,,,,,,,,,FedEx Home Delivery,,1000011638,,,,,,,,,,,,,,,,,
8786,01-11627-74486,ebuyer_002593,,,,,,,,,,,,,,,,,,,,310000011627,Retro Turntable,EL-011627,No,1,$44.99,$0.00,"South Bend, IN",46601,US,7.00%,SalesTax,,,,$0.00,$3.15,,,,,,,,$48.14,Yes,eBay Managed Payments,,Oct-22-25 07:11:23,Oct-22-25 07:11:23,,,,,,,,,Ground Advantage,,1000011627,,,,,,,,,,,,,,,,,
8795,24-11636-39590,ebuyer_002750,,,,,,,,,,,,,,,,,,,,310000011636,Like New Game Console,EL-011636,No,1,$45.99,$0.00,"South Bend, IN",46601,US,7.00%,SalesTax,,,,$0.00,$3.22,,,,,,,,$49.21,Yes,eBay Managed Payments,,Oct-22-25 10:18:33,Oct-22-25 10:18:33,,,,,,,,,Priority,,1000011636,,,,,,,,,,,,,,,,,
8784,03-11625-13699,ebuyer_002503,,,,,,,,,,,,,,,,,,,,310000011625,Pre-owned Pyrex Bowl,KT-011625,No,1,$26.99,$0.00,"South Bend, IN",46601,US,7.00%,SalesTax,,,,$0.00,$1.89,,,,,,,,$28.88,Yes,eBay Managed Payments,,Oct-22-25 14:39:00,Oct-22-25 14:39:00,,,,,,,,,GroundAdvantage,,1000011625,,,,,,,,,,,,,,,,,
8776,25-11617-86291,ebuyer_002772,,,,,,,,,,,,,,,,,,,,310000011617,Lot of 2 Golf Balls,SG-011617,No,1,$41.99,$7.60,"South Bend, IN",46601,US,7.00%,SalesTax,,,,$0.00,$3.47,,,,,,,,$53.06,Yes,eBay Managed Payments,,Oct-22-25 14:45:13,Oct-22-25 14:45:13,,,,,,,,,GroundAdvantage,,1000011617,,,,,,,,,,,,,,,,,
8793,01-11634-22610,ebuyer_002957,,,,,,,,,,,,,,,,,,,,310000011634,Used Cast Iron Skillet,KT-011634,No,1,$29.99,$8.44,"South Bend, IN",46601,US,7.00%,SalesTax,,,,$0.00,$2.69,,,,,,,,$41.12,Yes,eBay Managed Payments,,Oct-22-25 16:58:26,Oct-22-25 16:58:26,,,,,,,,,Ground Advantage,,1000011634,,,,,,,,,,,,,,,,,
8799,11-11640-43687,ebuyer_003063,,,,,,,,,,,,,,,,,,,,310000011640,Classic Wool Coat,CL-011640,No,1,$12.99,$10.87,"South Bend, IN",46601,US,7.00%,SalesTax,,,,$0.00,$1.67,,,,,,,,$25.53,Yes,eBay Managed Payments,,Oct-22-25 16:58:38,Oct-22-25 16:58:38,,,,,,,,,GroundAdvantage,,1000011640,,,,,,,,,,,,,,,,,
8779,27-11620-44532,ebuyer_002511,,,,,,,,,,,,,,,,,,,,310000011620,Pre-owned Hiking Boots,SH-011620,No,1,$37.99,$13.22,"South Bend, IN",46601,US,7.00%,SalesTax,,,,$0.00,$3.59,,,,,,,,$54.80,Yes,eBay Managed Payments,,Oct-22-25 17:01:43,Oct-22-25 17:01:43,,,,,,,,,Ground Advantage,,1000011620,,,,,,,,,,,,,,,,,
8791,25-11632-98020,ebuyer_002518,,,,,,,,,,,,,,,,,,,,310000011632,Pre-owned Leather Satchel,HB-011632,No,1,$16.99,$0.00,"South Bend, IN",46601,US,7.00%,SalesTax,,,,$0.00,$1.19,,,,,,,,$18.18,Yes,eBay Managed Payments,,Oct-22-25 17:58:23,Oct-22-25 17:58:23,,,,,,,,,FedEx Ground,,1000011632,,,,,,,,,,,,,,,,,
8778,06-11619-03668,ebuyer_002510,,,,,,,,,,,,,,,,,,,,310000011619,Antique Hiking Boots,SH-011619,No,1,$31.99,$0.00,"South Bend, IN",46601,US,7.00%,SalesTax,,,,$0.00,$2.24,,,,,,,,$34.23,Yes,eBay Managed Payments,,Oct-22-25 18:57:12,Oct-22-25 18:57:12,,,,,,,,,FedEx Ground,,1000011619,,,,,,,,,,,,,,,,,
8798,13-11639-98887,ebuyer_002665,,,,,,,,,,,,,,,,,,,,310000011639,Pre-owned Hiking Boots,SH-011639,No,1,$59.99,$0.00,"South Bend, IN",46601,US,7.00%,SalesTax,,,,$0.00,$4.20,,,,,,,,$64.19,Yes,eBay Managed Payments,,Oct-22-25 19:44:03,Oct-22-25 19:44:03,,,,,,,,,Ground Advantage,,1000011639,,,,,,,,,,,,,,,,,
8783,12-11624-77201,ebuyer_002959,,,,,,,,,,,,,,,,,,,,310000011624,Mid-Century Coin Lot,CO-011624,No,1,$28.99,$7.30,"South Bend, IN",46601,US,7.00%,SalesTax,,,,$0.00,$2.54,,,,,,,,$38.83,Yes,eBay Managed Payments,,Oct-22-25 19:44:22,Oct-22-25 19:44:22,,,,,,,,,Ground Advantage,,1000011624,,,,,,,,,,,,,,,,,
8796,14-11637-79781,ebuyer_002637,,,,,,,,,,,,,,,,,,,,310000011637,Retro Cast Iron Skillet,KT-011637,No,1,$47.99,$8.45,"South Bend, IN",46601,US,7.00%,SalesTax,,,,$0.00,$3.95,,,,,,,,$60.39,Yes,eBay Managed Payments,,Oct-22-25 19:55:13,Oct-22-25 19:55:13,,,,,,,,,FedEx Home Delivery,,1000011637,,,,,,,,,,,,,,,,,
8787,01-11628-34111,ebuyer_003200,,,,,,,,,,,,,,,,,,,,310000011628,Like New Camera Lens,EL-011628,No,1,$27.99,$6.99,"South Bend, IN",46601,US,7.00%,SalesTax,,,,$0.00,$2.45,,,,,,,,$37.43,Yes,eBay Managed Payments,,Oct-22-25 20:53:52,Oct-22-25 20:53:52,,,,,,,,,FedEx Home Delivery,,1000011628,,,,,,,,,,,,,,,,,
8794,04-11635-34224,ebuyer_002504,,,,,,,,,,,,,,,,,,,,310000011635,Vintage Snow Globe,CO-011635,No,1,$34.99,$0.00,"South Bend, IN",46601,US,7.00%,SalesTax,,,,$0.00,$2.45,,,,,,,,$37.44,Yes,eBay Managed Payments,,Oct-22-25 21:19:09,Oct-22-25 21:19:09,,,,,,,,,Priority,,1000011635,,,,,,,,,,,,,,,,,
8789,11-11630-89564,ebuyer_002678,,,,,,,,,,,,,,,,,,,,310000011630,Pre-owned Wool Coat,CL-011630,No,1,$80.99,$0.00,"South Bend, IN",46601,US,7.00%,SalesTax,,,,$0.00,$5.67,,,,,,,,$86.66,Yes,eBay Managed Payments,,Oct-22-25 21:36:19,Oct-22-25 21:36:19,,,,,,,,,Ground Advantage,,1000011630,,,,,,,,,,,,,,,,,
8785,02-11626-77419,ebuyer_003282,,,,,,,,,,,,,,,,,,,,310000011626,Lot of 2 Cashmere Sweater,CL-011626,No,1,$20.99,$0.00,"South Bend, IN",46601,US,7.00%,SalesTax,,,,$0.00,$1.47,,,,,,,,$22.46,Yes,eBay Managed Payments,,Oct-22-25 21:46:17,Oct-22-25 21:46:17,,,,,,,,,GroundAdvantage,,1000011626,,,,,,,,,,,,,,,,,
8788,08-11629-29347,ebuyer_002534,,,,,,,,,,,,,,,,,,,,310000011629,Pre-owned Tote Bag,HB-011629,No,1,$31.99,$0.00,"South Bend, IN",46601,US,7.00%,SalesTax,,,,$0.00,$2.24,,,,,,,,$34.23,Yes,eBay Managed Payments,,Oct-22-25 22:12:25,Oct-22-25 22:12:25,,,,,,,,,GroundAdvantage,,1000011629,,,,,,,,,,,,,,,,,
8782,22-11623-44655,ebuyer_003378,,,,,,,,,,,,,,,,,,,,310000011623,Used Glass Pitcher,KT-011623,No,1,$14.99,$9.85,"South Bend, IN",46601,US,7.00%,SalesTax,,,,$0.00,$1.74,,,,,,,,$26.58,Yes,eBay Managed Payments,,Oct-22-25 22:41:49,Oct-22-25 22:41:49,,,,,,,,,Ground Advantage,,1000011623,,,,,,,,,,,,,,,,,
8781,27-11622-78588,ebuyer_003553,,,,,,,,,,,,,,,,,,,,310000011622,Antique Cast Iron Skillet,KT-011622,No,1,$17.99,$7.64,"South Bend, IN",46601,US,7.00%,SalesTax,,,,$0.00,$1.79,,,,,,,,$27.42,Yes,eBay Managed Payments,,Oct-22-25 23:13:27,Oct-22-25 23:13:27,,,,,,,,,FedEx Ground,,1000011622,,,,,,,,,,,,,,,,,
8832,03-11782-62322,ebuyer_003033,,,,,,,,,,,,,,,,,,,,310000011782,Handmade Hiking Boots,SH-011782,No,1,$55.99,$7.01,"South Bend, IN",46601,US,7.00%,SalesTax,,,,$0.00,$4.41,,,,,,,,$67.41,Yes,eBay Managed Payments,,Oct-23-25 00:47:19,Oct-23-25 00:47:19,,,,,,,,,Ground Advantage,,1000011782,,,,,,,,,,,,,,,,,
8818,12-11768-74318,ebuyer_002500,,,,,,,,,,,,,,,,,,,,310000011768,Like New Golf Balls,SG-011768,No,1,$42.99,$0.00,"South Bend, IN",46601,US,7.00%,SalesTax,,,,$0.00,$3.01,,,,,,,,$46.00,Yes,eBay Managed Payments,,Oct-23-25 02:23:55,Oct-23-25 02:23:55,,,,,,,,,Priority,,1000011768,,,,,,,,,,,,,,,,,
8812,02-11762-03014,ebuyer_002944,,,,,,,,,,,,,,,,,,,,310000011762,Lot of 2 Flannel Shirt,CL-011762,No,1,$14.99,$0.00,"South Bend, IN",46601,US,7.00%,SalesTax,,,,$0.00,$1.05,,,,,,,,$16.04,Yes,eBay Managed Payments,,Oct-23-25 03:43:34,Oct-23-25 03:43:34,,,,,,,,,Priority Mail,,1000011762,,,,,,,,,,,,,,,,,
8813,06-11763-62925,ebuyer_002500,,,,,,,,,,,,,,,,,,,,310000011763,Used Pewter Mug,CO-011763,No,1,$30.99,$0.00,"South Bend, IN",46601,US,7.00%,SalesTax,,,,$0.00,$2.17,,,,,,,,$33.16,Yes,eBay Managed Payments,,Oct-23-25 04:56:02,Oct-23-25 04:56:02,,,,,,,,,Ground Advantage,,1000011763,,,,,,,,,,,,,,,,,
8820,17-11770-29335,ebuyer_002979,,,,,,,,,,,,,,,,,,,,310000011770,Lot of 2 Game Console,EL-011770,No,1,$72.99,$11.76,"South Bend, IN",46601,US,7.00%,SalesTax,,,,$0.00,$5.93,,,,,,,,$90.68,Yes,eBay Managed Payments,,Oct-23-25 05:10:13,Oct-23-25 05:10:13,,,,,,,,,Priority Mail,,1000011770,,,,,,,,,,,,,,,,,
8811,19-11761-20444,ebuyer_002541,,,,,,,,,,,,,,,,,,,,310000011761,Antique Running Shoes,SH-011761,No,1,$20.99,$0.00,"South Bend, IN",46601,US,7.00%,SalesTax,,,,$0.00,$1.47,,,,,,,,$22.46,Yes,eBay Managed Payments,,Oct-23-25 07:48:51,Oct-23-25 07:48:51,,,,,,,,,Priority,,1000011761,,,,,,,,,,,,,,,,,
8804,11-11754-65764,ebuyer_002650,,,,,,,,,,,,,,,,,,,,310000011754,Used Fishing Reel,SG-011754,No,1,$31.99,$0.00,"South Bend, IN",46601,US,7.00%,SalesTax,,,,$0.00,$2.24,,,,,,,,$34.23,Yes,eBay Managed Payments,,Oct-23-25 08:18:11,Oct-23-25 08:18:11,,,,,,,,,Ground Advantage,,1000011754,,,,,,,,,,,,,,,,,
8829,24-11779-15927,ebuyer_002623,,,,,,,,,,,,,,,,,,,,310000011779,Mid-Century Golf Balls,SG-011779,No,1,$14.99,$5.33,"South Bend, IN",46601,US,7.00%,SalesTax,,,,$0.00,$1.42,,,,,,,,$21.74,Yes,eBay Managed Payments,,Oct-23-25 08:22:30,Oct-23-25 08:22:30,,,,,,,,,FedEx Ground,,1000011779,,,,,,,,,,,,,,,,,
8828,14-11778-54499,ebuyer_002501,,,,,,,,,,,,,,,,,,,,310000011778,Lot of 2 Pyrex Bowl,KT-011778,No,1,$22.99,$9.59,"South Bend, IN",46601,US,7.00%,SalesTax,,,,$0.00,$2.28,,,,,,,,$34.86,Yes,eBay Managed Payments,,Oct-23-25 09:51:55,Oct-23-25 09:51:55,,,,,,,,,Priority,,1000011778,,,,,,,,,,,,,,,,,
8819,07-11769-80679,ebuyer_002924,,,,,,,,,,,,,,,,,,,,310000011769,Like New Stoneware Mugs,KT-011769,No,1,$38.99,$7.74,"South Bend, IN",46601,US,7.00%,SalesTax,,,,$0.00,$3.27,,,,,,,,$50.00,Yes,eBay Managed Payments,,Oct-23-25 10:17:16,Oct-23-25 10:17:16,,,,,,,,,Priority Mail,,1000011769,,,,,,,,,,,,,,,,,
8823,24-11773-20120,ebuyer_002500,,,,,,,,,,,,,,,,,,,,310000011773,Like New Fishing Reel,SG-011773,No,1,$37.99,$0.00,"South Bend, IN",46601,US,7.00%,SalesTax,,,,$0.00,$2.66,,,,,,,,$40.65,Yes,eBay Managed Payments,,Oct-23-25 11:24:25,Oct-23-25 11:24:25,,,,,,,,,FedEx 2Day,,1000011773,,,,,,,,,,,,,,,,,
8808,20-11758-91540,ebuyer_003292,,,,,,,,,,,,,,,,,,,,310000011758,Lot of 2 Flannel Shirt,CL-011758,No,2,$52.99,$0.00,"South Bend, IN",46601,US,7.00%,SalesTax,,,,$0.00,$7.42,,,,,,,,$113.40,Yes,eBay Managed Payments,,Oct-23-25 11:39:11,Oct-23-25 11:39:11,,,,,,,,,Ground Advantage,,1000011758,,,,,,,,,,,,,,,,,
8806,13-11756-03050,ebuyer_002837,,,,,,,,,,,,,,,,,,,,310000011756,Like New Pewter Mug,CO-011756,No,1,$64.99,$6.84,"South Bend, IN",46601,US,7.00%,SalesTax,,,,$0.00,$5.03,,,,,,,,$76.86,Yes,eBay Managed Payments,,Oct-23-25 11:49:47,Oct-23-25 11:49:47,,,,,,,,,Ground Advantage,,1000011756,,,,,,,,,,,,,,,,,
8803,16-11753-53492,ebuyer_003203,,,,,,,,,,,,,,,,,,,,310000011753,Antique Silk Blouse,CL-011753,No,1,$47.99,$0.00,"South Bend, IN",46601,US,7.00%,SalesTax,,,,$0.00,$3.36,,,,,,,,$51.35,Yes,eBay Managed Payments,,Oct-23-25 11:53:46,Oct-23-25 11:53:46,,,,,,,,,FedEx Home Delivery,,1000011753,,,,,,,,,,,,,,,,,
8821,07-11771-70116,ebuyer_002506,,,,,,,,,,,,,,,,,,,,310000011771,Vintage Cashmere Sweater,CL-011771,No,1,$11.99,$9.53,"South Bend, IN",46601,US,7.00%,SalesTax,,,,$0.00,$1.51,,,,,,,,$23.03,Yes,eBay Managed Payments,,Oct-23-25 13:15:33,Oct-23-25 13:15:33,,,,,,,,,FedEx Ground,,1000011771,,,,,,,,,,,,,,,,,
8807,13-11757-32654,ebuyer_002937,,,,,,,,,,,,,,,,,,,,310000011757,Lot of 2 Denim Jacket,CL-011757,No,1,$22.99,$10.05,"South Bend, IN",46601,US,7.00%,SalesTax,,,,$0.00,$2.31,,,,,,,,$35.35,Yes,eBay Managed Payments,,Oct-23-25 13:44:10,Oct-23-25 13:44:10,,,,,,,,,GroundAdvantage,,1000011757,,,,,,,,,,,,,,,,,
8810,02-11760-50804,ebuyer_002731,,,,,,,,,,,,,,,,,,,,310000011760,Handmade Cashmere Sweater,CL-011760,No,1,$18.99,$9.45,"South Bend, IN",46601,US,7.00%,SalesTax,,,,$0.00,$1.99,,,,,,,,$30.43,Yes,eBay Managed Payments,,Oct-23-25 14:05:22,Oct-23-25 14:05:22,,,,,,,,,GroundAdvantage,,1000011760,,,,,,,,,,,,,,,,,
8809,21-11759-53239,ebuyer_003634,,,,,,,,,,,,,,,,,,,,310000011759,Lot of 2 Cashmere Sweater,CL-011759,No,1,$19.99,$10.76,"South Bend, IN",46601,US,7.00%,SalesTax,,,,$0.00,$2.15,,,,,,,,$32.90,Yes,eBay Managed Payments,,Oct-23-25 14:16:11,Oct-23-25 14:16:11,,,,,,,,,Ground Advantage,,1000011759,,,,,,,,,,,,,,,,,
8826,24-11776-90646,ebuyer_002505,,,,,,,,,,,,,,,,,,,,310000011776,Mid-Century Film Camera,EL-011776,No,1,$54.99,$0.00,"South Bend, IN",46601,US,7.00%,SalesTax,,,,$0.00,$3.85,,,,,,,,$58.84,Yes,eBay Managed Payments,,Oct-23-25 15:11:17,Oct-23-25 15:11:17,,,,,,,,,Ground Advantage,,1000011776,,,,,,,,,,,,,,,,,
8827,07-11777-37394,ebuyer_003591,,,,,,,,,,,,,,,,,,,,310000011777,Handmade Coin Lot,CO-011777,No,1,$22.99,$8.52,"South Bend, IN",46601,US,7.00%,SalesTax,,,,$0.00,$2.21,,,,,,,,$33.72,Yes,eBay Managed Payments,,Oct-23-25 16:29:56,Oct-23-25 16:29:56,,,,,,,,,Priority Mail,,1000011777,,,,,,,,,,,,,,,,,
8801,12-11751-85480,ebuyer_003381,,,,,,,,,,,,,,,,,,,,310000011751,Used Trading Card Lot,CO-011751,No,1,$10.99,$5.15,"South Bend, IN",46601,US,7.00%,SalesTax,,,,$0.00,$1.13,,,,,,,,$17.27,Yes,eBay Managed Payments,,Oct-23-25 16:54:50,Oct-23-25 16:54:50,,,,,,,,,Ground Advantage,,1000011751,,,,,,,,,,,,,,,,,
8814,13-11764-95490,ebuyer_002501,,,,,,,,,,,,,,,,,,,,310000011764,Retro Trading Card Lot,CO-011764,No,1,$24.99,$9.57,"South Bend, IN",46601,US,7.00%,SalesTax,,,,$0.00,$2.42,,,,,,,,$36.98,Yes,eBay Managed Payments,,Oct-23-25 18:35:41,Oct-23-25 18:35:41,,,,,,,,,Ground Advantage,,1000011764,,,,,,,,,,,,,,,,,
8830,08-11780-06136,ebuyer_002921,,,,,,,,,,,,,,,,,,,,310000011780,Classic Pyrex Bowl,KT-011780,No,1,$17.99,$10.50,"South Bend, IN",46601,US,7.00%,SalesTax,,,,$0.00,$2.00,,,,,,,,$30.49,Yes,eBay Managed Payments,,Oct-23-25 18:47:43,Oct-23-25 18:47:43,,,,,,,,,Ground Advantage,,1000011780,,,,,,,,,,,,,,,,,
8815,24-11765-60504,ebuyer_002585,,,,,,,,,,,,,,,,,,,,310000011765,Retro Denim Jacket,CL-011765,No,1,$35.99,$8.32,"South Bend, IN",46601,US,7.00%,SalesTax,,,,$0.00,$3.10,,,,,,,,$47.41,Yes,eBay Managed Payments,,Oct-23-25 19:20:08,Oct-23-25 19:20:08,,,,,,,,,Ground Advantage,,1000011765,,,,,,,,,,,,,,,,,
8831,18-11781-65825,ebuyer_002690,,,,,,,,,,,,,,,,,,,,310000011781,Handmade Tennis Racket,SG-011781,No,1,$142.99,$4.66,"South Bend, IN",46601,US,7.00%,SalesTax,,,,$0.00,$10.34,,,,,,,,$157.99,Yes,eBay Managed Payments,,Oct-23-25 19:46:10,Oct-23-25 19:46:10,,,,,,,,,FedEx Home Delivery,,1000011781,,,,,,,,,,,,,,,,,
8825,15-11775-53934,ebuyer_002628,,,,,,,,,,,,,,,,,,,,310000011775,Mid-Century Tennis Racket,SG-011775,No,1,$35.99,$0.00,"South Bend, IN",46601,US,7.00%,SalesTax,,,,$0.00,$2.52,,,,,,,,$38.51,Yes,eBay Managed Payments,,Oct-23-25 20:24:02,Oct-23-25 20:24:02,,,,,,,,,GroundAdvantage,,1000011775,,,,,,,,,,,,,,,,,
8824,17-11774-89405,ebuyer_002514,,,,,,,,,,,,,,,,,,,,310000011774,Handmade Camera Lens,EL-011774,No,1,$22.99,$7.37,"South Bend, IN",46601,US,7.00%,SalesTax,,,,$0.00,$2.13,,,,,,,,$32.49,Yes,eBay Managed Payments,,Oct-23-25 21:22:57,Oct-23-25 21:22:57,,,,,,,,,Priority Mail,,1000011774,,,,,,,,,,,,,,,,,
8817,02-11767-61690,ebuyer_002554,,,,,,,,,,,,,,,,,,,,310000011767,Used Fishing Reel,SG-011767,No,1,$22.99,$7.35,"South Bend, IN",46601,US,7.00%,SalesTax,,,,$0.00,$2.12,,,,,,,,$32.46,Yes,eBay Managed Payments,,Oct-23-25 21:30:06,Oct-23-25 21:30:06,,,,,,,,,Priority,,1000011767,,,,,,,,,,,,,,,,,
8816,16-11766-67154,ebuyer_002869,,,,,,,,,,,,,,,,,,,,310000011766,Handmade Silk Blouse,CL-011766,No,1,$35.99,$5.73,"South Bend, IN",46601,US,7.00%,SalesTax,,,,$0.00,$2.92,,,,,,,,$44.64,Yes,eBay Managed Payments,,Oct-23-25 21:53:05,Oct-23-25 21:53:05,,,,,,,,,GroundAdvantage,,1000011766,,,,,,,,,,,,,,,,,
8805,26-11755-95118,ebuyer_002500,,,,,,,,,,,,,,,,,,,,310000011755,Mid-Century Leather Satchel,HB-011755,No,1,$49.99,$16.07,"South Bend, IN",46601,US,7.00%,SalesTax,,,,$0.00,$4.62,,,,,,,,$70.68,Yes,eBay Managed Payments,,Oct-23-25 22:35:59,Oct-23-25 22:35:59,,,,,,,,,GroundAdvantage,,1000011755,,,,,,,,,,,,,,,,,
8822,16-11772-75602,ebuyer_002548,,,,,,,,,,,,,,,,,,,,310000011772,Pre-owned Running Shoes,SH-011772,No,2,$62.99,$9.73,"South Bend, IN",46601,US,7.00%,SalesTax,,,,$0.00,$9.50,,,,,,,,$145.21,Yes,eBay Managed Payments,,Oct-23-25 22:54:54,Oct-23-25 22:54:54,,,,,,,,,Ground Advantage,,1000011772,,,,,,,,,,,,,,,,,
8802,03-11752-10300,ebuyer_002537,,,,,,,,,,,,,,,,,,,,310000011752,Pre-owned Figurine,CO-011752,No,1,$29.99,$6.00,"South Bend, IN",46601,US,7.00%,SalesTax,,,,$0.00,$2.52,,,,,,,,$38.51,Yes,eBay Managed Payments,,Oct-23-25 23:01:11,Oct-23-25 23:01:11,,,,,,,,,Priority Mail,,1000011752,,,,,,,,,,,,,,,,,
8838,19-11903-96252,ebuyer_003287,,,,,,,,,,,,,,,,,,,,310000011903,Handmade Silk Blouse,CL-011903,No,1,$20.99,$5.68,"South Bend, IN",46601,US,7.00%,SalesTax,,,,$0.00,$1.87,,,,,,,,$28.54,Yes,eBay Managed Payments,,Oct-24-25 00:56:02,Oct-24-25 00:56:02,,,,,,,,,Ground Advantage,,1000011903,,,,,,,,,,,,,,,,,
8841,27-11906-50757,ebuyer_002653,,,,,,,,,,,,,,,,,,,,310000011906,Classic Fondue Set,KT-011906,No,1,$28.99,$0.00,"South Bend, IN",46601,US,7.00%,SalesTax,,,,$0.00,$2.03,,,,,,,,$31.02,Yes,eBay Managed Payments,,Oct-24-25 02:33:17,Oct-24-25 02:33:17,,,,,,,,,FedEx Express Saver,,1000011906,,,,,,,,,,,,,,,,,
8848,04-11913-67097,ebuyer_002948,,,,,,,,,,,,,,,,,,,,310000011913,Lot of 2 Camera Lens,EL-011913,No,1,$33.99,$4.20,"South Bend, IN",46601,US,7.00%,SalesTax,,,,$0.00,$2.67,,,,,,,,$40.86,Yes,eBay Managed Payments,,Oct-24-25 02:49:51,Oct-24-25 02:49:51,,,,,,,,,GroundAdvantage,,1000011913,,,,,,,,,,,,,,,,,
8835,26-11900-22456,ebuyer_002913,,,,,,,,,,,,,,,,,,,,310000011900,Mid-Century Leather Boots,SH-011900,No,1,$18.99,$0.00,"South Bend, IN",46601,US,7.00%,SalesTax,,,,$0.00,$1.33,,,,,,,,$20.32,Yes,eBay Managed Payments,,Oct-24-25 03:03:42,Oct-24-25 03:03:42,,,,,,,,,FedEx Express Saver,,1000011900,,,,,,,,,,,,,,,,,
8846,25-11911-19442,ebuyer_003201,,,,,,,,,,,,,,,,,,,,310000011911,Retro Sandals,SH-011911,No,1,$61.99,$13.41,"South Bend, IN",46601,US,7.00%,SalesTax,,,,$0.00,$5.28,,,,,,,,$80.68,Yes,eBay Managed Payments,,Oct-24-25 03:17:36,Oct-24-25 03:17:36,,,,,,,,,Ground Advantage,,1000011911,,,,,,,,,,,,,,,,,
8862,17-11927-05399,ebuyer_002790,,,,,,,,,,,,,,,,,,,,310000011927,Used Clutch,HB-011927,No,1,$22.99,$0.00,"South Bend, IN",46601,US,7.00%,SalesTax,,,,$0.00,$1.61,,,,,,,,$24.60,Yes,eBay Managed Payments,,Oct-24-25 03:25:25,Oct-24-25 03:25:25,,,,,,,,,Ground Advantage,,1000011927,,,,,,,,,,,,,,,,,
8854,15-11919-59725,ebuyer_002513,,,,,,,,,,,,,,,,,,,,310000011919,Handmade Glass Pitcher,KT-011919,No,1,$19.99,$0.00,"South Bend, IN",46601,US,7.00%,SalesTax,,,,$0.00,$1.40,,,,,,,,$21.39,Yes,eBay Managed Payments,,Oct-24-25 03:49:33,Oct-24-25 03:49:33,,,,,,,,,Ground Advantage,,1000011919,,,,,,,,,,,,,,,,,
8833,18-11898-04989,ebuyer_002876,,,,,,,,,,,,,,,,,,,,310000011898,Like New Wool Coat,CL-011898,No,1,$68.99,$5.33,"South Bend, IN",46601,US,7.00%,SalesTax,,,,$0.00,$5.20,,,,,,,,$79.52,Yes,eBay Managed Payments,,Oct-24-25 04:47:51,Oct-24-25 04:47:51,,,,,,,,,Ground Advantage,,1000011898,,,,,,,,,,,,,,,,,
8850,23-11915-73768,ebuyer_003020,,,,,,,,,,,,,,,,,,,,310000011915,Used Portable Radio,EL-011915,No,1,$32.99,$10.96,"South Bend, IN",46601,US,7.00%,SalesTax,,,,$0.00,$3.08,,,,,,,,$47.03,Yes,eBay Managed Payments,,Oct-24-25 07:07:45,Oct-24-25 07:07:45,,,,,,,,,Ground Advantage,,1000011915,,,,,,,,,,,,,,,,,
8859,02-11924-72253,ebuyer_002506,,,,,,,,,,,,,,,,,,,,310000011924,Mid-Century Fondue Set,KT-011924,No,1,$23.99,$0.00,"South Bend, IN",46601,US,7.00%,SalesTax,,,,$0.00,$1.68,,,,,,,,$25.67,Yes,eBay Managed Payments,,Oct-24-25 08:51:36,Oct-24-25 08:51:36,,,,,,,,,GroundAdvantage,,1000011924,,,,,,,,,,,,,,,,,
8851,08-11916-93422,ebuyer_002573,,,,,,,,,,,,,,,,,,,,310000011916,Used Headphones,EL-011916,No,1,$35.99,$9.00,"South Bend, IN",46601,US,7.00%,SalesTax,,,,$0.00,$3.15,,,,,,,,$48.14,Yes,eBay Managed Payments,,Oct-24-25 09:09:02,Oct-24-25 09:09:02,,,,,,,,,Ground Advantage,,1000011916,,,,,,,,,,,,,,,,,
8858,14-11923-28739,ebuyer_002549,,,,,,,,,,,,,,,,,,,,310000011923,Used Wool Coat,CL-011923,No,1,$15.99,$0.00,"South Bend, IN",46601,US,7.00%,SalesTax,,,,$0.00,$1.12,,,,,,,,$17.11,Yes,eBay Managed Payments,,Oct-24-25 09:14:17,Oct-24-25 09:14:17,,,,,,,,,GroundAdvantage,,1000011923,,,,,,,,,,,,,,,,,
8847,23-11912-73324,ebuyer_003461,,,,,,,,,,,,,,,,,,,,310000011912,Retro Headphones,EL-011912,No,1,$37.99,$0.00,"South Bend, IN",46601,US,7.00%,SalesTax,,,,$0.00,$2.66,,,,,,,,$40.65,Yes,eBay Managed Payments,,Oct-24-25 09:53:27,Oct-24-25 09:53:27,,,,,,,,,Ground Advantage,,1000011912,,,,,,,,,,,,,,,,,
8857,08-11922-66421,ebuyer_002685,,,,,,,,,,,,,,,,,,,,310000011922,Mid-Century Golf Balls,SG-011922,No,1,$22.99,$0.00,"South Bend, IN",46601,US,7.00%,SalesTax,,,,$0.00,$1.61,,,,,,,,$24.60,Yes,eBay Managed Payments,,Oct-24-25 11:08:56,Oct-24-25 11:08:56,,,,,,,,,Ground Advantage,,1000011922,,,,,,,,,,,,,,,,,
8856,02-11921-96657,ebuyer_002596,,,,,,,,,,,,,,,,,,,,310000011921,Mid-Century Trading Card Lot,CO-011921,No,1,$59.99,$8.36,"South Bend, IN",46601,US,7.00%,SalesTax,,,,$0.00,$4.79,,,,,,,,$73.14,Yes,eBay Managed Payments,,Oct-24-25 11:13:18,Oct-24-25 11:13:18,,,,,,,,,GroundAdvantage,,1000011921,,,,,,,,,,,,,,,,,
8840,15-11905-10665,ebuyer_003258,,,,,,,,,,,,,,,,,,,,310000011905,Like New Sandals,SH-011905,No,1,$21.99,$10.28,"South Bend, IN",46601,US,7.00%,SalesTax,,,,$0.00,$2.26,,,,,,,,$34.53,Yes,eBay Managed Payments,,Oct-24-25 11:16:47,Oct-24-25 11:16:47,,,,,,,,,GroundAdvantage,,1000011905,,,,,,,,,,,,,,,,,
8861,05-11926-16326,ebuyer_002747,,,,,,,,,,,,,,,,,,,,310000011926,Pre-owned Tennis Racket,SG-011926,No,1,$18.99,$8.41,"South Bend, IN",46601,US,7.00%,SalesTax,,,,$0.00,$1.92,,,,,,,,$29.32,Yes,eBay Managed Payments,,Oct-24-25 11:17:10,Oct-24-25 11:17:10,,,,,,,,,Priority Mail,,1000011926,,,,,,,,,,,,,,,,,
8839,26-11904-00177,ebuyer_002535,,,,,,,,,,,,,,,,,,,,310000011904,Mid-Century Wool Coat,CL-011904,No,1,$50.99,$6.07,"South Bend, IN",46601,US,7.00%,SalesTax,,,,$0.00,$3.99,,,,,,,,$61.05,Yes,eBay Managed Payments,,Oct-24-25 12:15:43,Oct-24-25 12:15:43,,,,,,,,,GroundAdvantage,,1000011904,,,,,,,,,,,,,,,,,
8863,10-11928-91803,ebuyer_002500,,,,,,,,,,,,,,,,,,,,310000011928,Used Flannel Shirt,CL-011928,No,1,$19.99,$6.91,"South Bend, IN",46601,US,7.00%,SalesTax,,,,$0.00,$1.88,,,,,,,,$28.78,Yes,eBay Managed Payments,,Oct-24-25 13:44:51,Oct-24-25 13:44:51,,,,,,,,,GroundAdvantage,,1000011928,,,,,,,,,,,,,,,,,
8860,07-11925-05759,ebuyer_003670,,,,,,,,,,,,,,,,,,,,310000011925,Retro Leather Boots,SH-011925,No,1,$19.99,$0.00,"South Bend, IN",46601,US,7.00%,SalesTax,,,,$0.00,$1.40,,,,,,,,$21.39,Yes,eBay Managed Payments,,Oct-24-25 13:50:27,Oct-24-25 13:50:27,,,,,,,,,GroundAdvantage,,1000011925,,,,,,,,,,,,,,,,,
8837,15-11902-63548,ebuyer_002910,,,,,,,,,,,,,,,,,,,,310000011902,Retro Film Camera,EL-011902,No,1,$28.99,$0.00,"South Bend, IN",46601,US,7.00%,SalesTax,,,,$0.00,$2.03,,,,,,,,$31.02,Yes,eBay Managed Payments,,Oct-24-25 14:15:36,Oct-24-25 14:15:36,,,,,,,,,Priority Mail,,1000011902,,,,,,,,,,,,,,,,,
8852,13-11917-22038,ebuyer_002794,,,,,,,,,,,,,,,,,,,,310000011917,Lot of 2 Running Shoes,SH-011917,No,1,$35.99,$0.00,"South Bend, IN",46601,US,7.00%,SalesTax,,,,$0.00,$2.52,,,,,,,,$38.51,Yes,eBay Managed Payments,,Oct-24-25 14:25:32,Oct-24-25 14:25:32,,,,,,,,,Ground Advantage,,1000011917,,,,,,,,,,,,,,,,,
8853,01-11918-62613,ebuyer_002500,,,,,,,,,,,,,,,,,,,,310000011918,Retro Silk Blouse,CL-011918,No,1,$20.99,$12.60,"South Bend, IN",46601,US,7.00%,SalesTax,,,,$0.00,$2.35,,,,,,,,$35.94,Yes,eBay Managed Payments,,Oct-24-25 16:31:30,Oct-24-25 16:31:30,,,,,,,,,GroundAdvantage,,1000011918,,,,,,,,,,,,,,,,,
8844,17-11909-86966,ebuyer_003469,,,,,,,,,,,,,,,,,,,,310000011909,Like New Figurine,CO-011909,No,1,$63.99,$14.34,"South Bend, IN",46601,US,7.00%,SalesTax,,,,$0.00,$5.48,,,,,,,,$83.81,Yes,eBay Managed Payments,,Oct-24-25 16:38:21,Oct-24-25 16:38:21,,,,,,,,,GroundAdvantage,,1000011909,,,,,,,,,,,,,,,,,
8836,08-11901-49555,ebuyer_002545,,,,,,,,,,,,,,,,,,,,310000011901,Retro Camera Lens,EL-011901,No,1,$37.99,$0.00,"South Bend, IN",46601,US,7.00%,SalesTax,,,,$0.00,$2.66,,,,,,,,$40.65,Yes,eBay Managed Payments,,Oct-24-25 16:57:12,Oct-24-25 16:57:12,,,,,,,,,Ground Advantage,,1000011901,,,,,,,,,,,,,,,,,
8843,10-11908-10319,ebuyer_003535,,,,,,,,,,,,,,,,,,,,310000011908,Mid-Century Leather Satchel,HB-011908,No,2,$79.99,$0.00,"South Bend, IN",46601,US,7.00%,SalesTax,,,,$0.00,$11.20,,,,,,,,$171.18,Yes,eBay Managed Payments,,Oct-24-25 17:43:58,Oct-24-25 17:43:58,,,,,,,,,Ground Advantage,,1000011908,,,,,,,,,,,,,,,,,
8845,10-11910-59029,ebuyer_002694,,,,,,,,,,,,,,,,,,,,310000011910,Used Glass Pitcher,KT-011910,No,1,$16.99,$0.00,"South Bend, IN",46601,US,7.00%,SalesTax,,,,$0.00,$1.19,,,,,,,,$18.18,Yes,eBay Managed Payments,,Oct-24-25 17:57:05,Oct-24-25 17:57:05,,,,,,,,,Priority,,1000011910,,,,,,,,,,,,,,,,,
8855,10-11920-25927,ebuyer_002767,,,,,,,,,,,,,,,,,,,,310000011920,Like New Hiking Boots,SH-011920,No,1,$17.99,$0.00,"South Bend, IN",46601,US,7.00%,SalesTax,,,,$0.00,$1.26,,,,,,,,$19.25,Yes,eBay Managed Payments,,Oct-24-25 19:29:14,Oct-24-25 19:29:14,,,,,,,,,Ground Advantage,,1000011920,,,,,,,,,,,,,,,,,
8849,18-11914-57824,ebuyer_003413,,,,,,,,,,,,,,,,,,,,310000011914,Antique Tennis Racket,SG-011914,No,1,$16.99,$0.00,"South Bend, IN",46601,US,7.00%,SalesTax,,,,$0.00,$1.19,,,,,,,,$18.18,Yes,eBay Managed Payments,,Oct-24-25 20:32:35,Oct-24-25 20:32:35,,,,,,,,,Priority Mail,,1000011914,,,,,,,,,,,,,,,,,
8834,06-11899-31446,ebuyer_002671,,,,,,,,,,,,,,,,,,,,310000011899,Lot of 2 Snow Globe,CO-011899,No,1,$33.99,$0.00,"South Bend, IN",46601,US,7.00%,SalesTax,,,,$0.00,$2.38,,,,,,,,$36.37,Yes,eBay Managed Payments,,Oct-24-25 22:00:31,Oct-24-25 22:00:31,,,,,,,,,Ground Advantage,,1000011899,,,,,,,,,,,,,,,,,
8842,05-11907-57143,ebuyer_003637,,,,,,,,,,,,,,,,,,,,310000011907,Classic Film Camera,EL-011907,No,1,$56.99,$0.00,"South Bend, IN",46601,US,7.00%,SalesTax,,,,$0.00,$3.99,,,,,,,,$60.98,Yes,eBay Managed Payments,,Oct-24-25 23:36:57,Oct-24-25 23:36:57,,,,,,,,,Ground Advantage,,1000011907,,,,,,,,,,,,,,,,,
8867,23-12069-15258,ebuyer_002521,,,,,,,,,,,,,,,,,,,,310000012069,Like New Tote Bag,HB-012069,No,1,$105.99,$5.69,"South Bend, IN",46601,US,7.00%,SalesTax,,,,$0.00,$7.82,,,,,,,,$119.50,Yes,eBay Managed Payments,,Oct-25-25 03:29:23,Oct-25-25 03:29:23,,,,,,,,,Ground Advantage,,1000012069,,,,,,,,,,,,,,,,,
8876,01-12078-10695,ebuyer_002570,,,,,,,,,,,,,,,,,,,,310000012078,Vintage Silk Blouse,CL-012078,No,1,$30.99,$0.00,"South Bend, IN",46601,US,7.00%,SalesTax,,,,$0.00,$2.17,,,,,,,,$33.16,Yes,eBay Managed Payments,,Oct-25-25 04:38:15,Oct-25-25 04:38:15,,,,,,,,,GroundAdvantage,,1000012078,,,,,,,,,,,,,,,,,
8877,08-12079-90187,ebuyer_003271,,,,,,,,,,,,,,,,,,,,310000012079,Handmade Cast Iron Skillet,KT-012079,No,1,$44.99,$0.00,"South Bend, IN",46601,US,7.00%,SalesTax,,,,$0.00,$3.15,,,,,,,,$48.14,Yes,eBay Managed Payments,,Oct-25-25 04:51:51,Oct-25-25 04:51:51,,,,,,,,,Ground Advantage,,1000012079,,,,,,,,,,,,,,,,,
8864,19-12066-00435,ebuyer_003362,,,,,,,,,,,,,,,,,,,,310000012066,Handmade Cast Iron Skillet,KT-012066,No,1,$50.99,$0.00,"South Bend, IN",46601,US,7.00%,SalesTax,,,,$0.00,$3.57,,,,,,,,$54.56,Yes,eBay Managed Payments,,Oct-25-25 05:55:32,Oct-25-25 05:55:32,,,,,,,,,FedEx Ground,,1000012066,,,,,,,,,,,,,,,,,
8884,23-12086-85179,ebuyer_003048,,,,,,,,,,,,,,,,,,,,310000012086,Mid-Century Coin Lot,CO-012086,No,1,$102.99,$7.89,"South Bend, IN",46601,US,7.00%,SalesTax,,,,$0.00,$7.76,,,,,,,,$118.64,Yes,eBay Managed Payments,,Oct-25-25 10:20:35,Oct-25-25 10:20:35,,,,,,,,,GroundAdvantage,,1000012086,,,,,,,,,,,,,,,,,
8885,19-12087-61029,ebuyer_003036,,,,,,,,,,,,,,,,,,,,310000012087,Classic Flannel Shirt,CL-012087,No,1,$14.99,$7.47,"South Bend, IN",46601,US,7.00%,SalesTax,,,,$0.00,$1.57,,,,,,,,$24.03,Yes,eBay Managed Payments,,Oct-25-25 10:39:44,Oct-25-25 10:39:44,,,,,,,,,Ground Advantage,,1000012087,,,,,,,,,,,,,,,,,
8879,09-12081-48975,ebuyer_002538,,,,,,,,,,,,,,,,,,,,310000012081,Vintage Fishing Reel,SG-012081,No,1,$31.99,$5.76,"South Bend, IN",46601,US,7.00%,SalesTax,,,,$0.00,$2.64,,,,,,,,$40.39,Yes,eBay Managed Payments,,Oct-25-25 13:12:05,Oct-25-25 13:12:05,,,,,,,,,FedEx Home Delivery,,1000012081,,,,,,,,,,,,,,,,,
8886,10-12088-37734,ebuyer_003022,,,,,,,,,,,,,,,,,,,,310000012088,Pre-owned Snow Globe,CO-012088,No,1,$33.99,$0.00,"South Bend, IN",46601,US,7.00%,SalesTax,,,,$0.00,$2.38,,,,,,,,$36.37,Yes,eBay Managed Payments,,Oct-25-25 14:45:18,Oct-25-25 14:45:18,,,,,,,,,Ground Advantage,,1000012088,,,,,,,,,,,,,,,,,
8878,22-12080-73517,ebuyer_002829,,,,,,,,,,,,,,,,,,,,310000012080,Mid-Century Leather Boots,SH-012080,No,1,$18.99,$8.10,"South Bend, IN",46601,US,7.00%,SalesTax,,,,$0.00,$1.90,,,,,,,,$28.99,Yes,eBay Managed Payments,,Oct-25-25 15:35:54,Oct-25-25 15:35:54,,,,,,,,,Ground Advantage,,1000012080,,,,,,,,,,,,,,,,,
8870,01-12072-18574,ebuyer_002626,,,,,,,,,,,,,,,,,,,,310000012072,Pre-owned Loafers,SH-012072,No,1,$41.99,$8.76,"South Bend, IN",46601,US,7.00%,SalesTax,,,,$0.00,$3.55,,,,,,,,$54.30,Yes,eBay Managed Payments,,Oct-25-25 16:17:00,Oct-25-25 16:17:00,,,,,,,,,FedEx Home Delivery,,1000012072,,,,,,,,,,,,,,,,,
8869,10-12071-21166,ebuyer_002505,,,,,,,,,,,,,,,,,,,,310000012071,Antique Flannel Shirt,CL-012071,No,1,$20.99,$0.00,"South Bend, IN",46601,US,7.00%,SalesTax,,,,$0.00,$1.47,,,,,,,,$22.46,Yes,eBay Managed Payments,,Oct-25-25 16:44:38,Oct-25-25 16:44:38,,,,,,,,,FedEx Home Delivery,,1000012071,,,,,,,,,,,,,,,,,
8883,20-12085-84020,ebuyer_003303,,,,,,,,,,,,,,,,,,,,310000012085,Handmade Film Camera,EL-012085,No,1,$98.99,$7.05,"South Bend, IN",46601,US,7.00%,SalesTax,,,,$0.00,$7.42,,,,,,,,$113.46,Yes,eBay Managed Payments,,Oct-25-25 17:01:38,Oct-25-25 17:01:38,,,,,,,,,FedEx Ground,,1000012085,,,,,,,,,,,,,,,,,
8881,09-12083-72425,ebuyer_003254,,,,,,,,,,,,,,,,,,,,310000012083,Vintage Fishing Reel,SG-012083,No,1,$14.99,$7.62,"South Bend, IN",46601,US,7.00%,SalesTax,,,,$0.00,$1.58,,,,,,,,$24.19,Yes,eBay Managed Payments,,Oct-25-25 18:03:55,Oct-25-25 18:03:55,,,,,,,,,Ground Advantage,,1000012083,,,,,,,,,,,,,,,,,
8874,03-12076-62492,ebuyer_002869,,,,,,,,,,,,,,,,,,,,310000012076,Vintage Flannel Shirt,CL-012076,No,1,$44.99,$0.00,"South Bend, IN",46601,US,7.00%,SalesTax,,,,$0.00,$3.15,,,,,,,,$48.14,Yes,eBay Managed Payments,,Oct-25-25 18:25:16,Oct-25-25 18:25:16,,,,,,,,,Ground Advantage,,1000012076,,,,,,,,,,,,,,,,,
8873,15-12075-23377,ebuyer_003587,,,,,,,,,,,,,,,,,,,,310000012075,Like New Pewter Mug,CO-012075,No,1,$41.99,$9.08,"South Bend, IN",46601,US,7.00%,SalesTax,,,,$0.00,$3.58,,,,,,,,$54.65,Yes,eBay Managed Payments,,Oct-25-25 19:04:57,Oct-25-25 19:04:57,,,,,,,,,Priority Mail,,1000012075,,,,,,,,,,,,,,,,,
8882,02-12084-43056,ebuyer_003014,,,,,,,,,,,,,,,,,,,,310000012084,Like New Loafers,SH-012084,No,1,$49.99,$6.62,"South Bend, IN",46601,US,7.00%,SalesTax,,,,$0.00,$3.96,,,,,,,,$60.57,Yes,eBay Managed Payments,,Oct-25-25 19:14:04,Oct-25-25 19:14:04,,,,,,,,,Ground Advantage,,1000012084,,,,,,,,,,,,,,,,,
8872,16-12074-00518,ebuyer_003131,,,,,,,,,,,,,,,,,,,,310000012074,Pre-owned Running Shoes,SH-012074,No,1,$31.99,$10.42,"South Bend, IN",46601,US,7.00%,SalesTax,,,,$0.00,$2.97,,,,,,,,$45.38,Yes,eBay Managed Payments,,Oct-25-25 19:34:49,Oct-25-25 19:34:49,,,,,,,,,FedEx Ground,,1000012074,,,,,,,,,,,,,,,,,
8865,07-12067-17504,ebuyer_002602,,,,,,,,,,,,,,,,,,,,310000012067,Classic Leather Satchel,HB-012067,No,1,$67.99,$8.48,"South Bend, IN",46601,US,7.00%,SalesTax,,,,$0.00,$5.35,,,,,,,,$81.82,Yes,eBay Managed Payments,,Oct-25-25 19:39:57,Oct-25-25 19:39:57,,,,,,,,,Ground Advantage,,1000012067,,,,,,,,,,,,,,,,,
8868,04-12070-42186,ebuyer_003001,,,,,,,,,,,,,,,,,,,,310000012070,Mid-Century Sandals,SH-012070,No,1,$43.99,$0.00,"South Bend, IN",46601,US,7.00%,SalesTax,,,,$0.00,$3.08,,,,,,,,$47.07,Yes,eBay Managed Payments,,Oct-25-25 19:56:51,Oct-25-25 19:56:51,,,,,,,,,FedEx Ground,,1000012070,,,,,,,,,,,,,,,,,
8875,09-12077-97252,ebuyer_003070,,,,,,,,,,,,,,,,,,,,310000012077,Used Coin Lot,CO-012077,No,1,$25.99,$0.00,"South Bend, IN",46601,US,7.00%,SalesTax,,,,$0.00,$1.82,,,,,,,,$27.81,Yes,eBay Managed Payments,,Oct-25-25 21:11:12,Oct-25-25 21:11:12,,,,,,,,,Ground Advantage,,1000012077,,,,,,,,,,,,,,,,,
8880,08-12082-54788,ebuyer_002908,,,,,,,,,,,,,,,,,,,,310000012082,Lot of 2 Portable Radio,EL-012082,No,1,$61.99,$0.00,"South Bend, IN",46601,US,7.00%,SalesTax,,,,$0.00,$4.34,,,,,,,,$66.33,Yes,eBay Managed Payments,,Oct-25-25 23:11:33,Oct-25-25 23:11:33,,,,,,,,,FedEx Ground,,1000012082,,,,,,,,,,,,,,,,,
8871,12-12073-93378,ebuyer_003618,,,,,,,,,,,,,,,,,,,,310000012073,Used Fishing Reel,SG-012073,No,1,$82.99,$5.91,"South Bend, IN",46601,US,7.00%,SalesTax,,,,$0.00,$6.22,,,,,,,,$95.12,Yes,eBay Managed Payments,,Oct-25-25 23:35:46,Oct-25-25 23:35:46,,,,,,,,,Ground Advantage,,1000012073,,,,,,,,,,,,,,,,,
8866,22-12068-07422,ebuyer_002501,,,,,,,,,,,,,,,,,,,,310000012068,Lot of 2 Film Camera,EL-012068,No,1,$36.99,$0.00,"South Bend, IN",46601,US,7.00%,SalesTax,,,,$0.00,$2.59,,,,,,,,$39.58,Yes,eBay Managed Payments,,Oct-25-25 23:42:08,Oct-25-25 23:42:08,,,,,,,,,Ground Advantage,,1000012068,,,,,,,,,,,,,,,,,
8912,05-12298-71070,ebuyer_003686,,,,,,,,,,,,,,,,,,,,310000012298,Like New Yoga Mat,SG-012298,No,1,$41.99,$0.00,"South Bend, IN",46601,US,7.00%,SalesTax,,,,$0.00,$2.94,,,,,,,,$44.93,Yes,eBay Managed Payments,,Oct-26-25 00:37:24,Oct-26-25 00:37:24,,,,,,,,,Priority Mail,,1000012298,,,,,,,,,,,,,,,,,
8893,07-12279-69894,ebuyer_002855,,,,,,,,,,,,,,,,,,,,310000012279,Like New Figurine,CO-012279,No,1,$53.99,$15.34,"South Bend, IN",46601,US,7.00%,SalesTax,,,,$0.00,$4.85,,,,,,,,$74.18,Yes,eBay Managed Payments,,Oct-26-25 01:52:23,Oct-26-25 01:52:23,,,,,,,,,Ground Advantage,,1000012279,,,,,,,,,,,,,,,,,
8920,10-12306-22484,ebuyer_003196,,,,,,,,,,,,,,,,,,,,310000012306,Retro Leather Boots,SH-012306,No,1,$21.99,$0.00,"South Bend, IN",46601,US,7.00%,SalesTax,,,,$0.00,$1.54,,,,,,,,$23.53,Yes,eBay Managed Payments,,Oct-26-25 02:06:57,Oct-26-25 02:06:57,,,,,,,,,FedEx Home Delivery,,1000012306,,,,,,,,,,,,,,,,,
8916,11-12302-60691,ebuyer_002547,,,,,,,,,,,,,,,,,,,,310000012302,Antique Golf Balls,SG-012302,No,1,$35.99,$8.13,"South Bend, IN",46601,US,7.00%,SalesTax,,,,$0.00,$3.09,,,,,,,,$47.21,Yes,eBay Managed Payments,,Oct-26-25 02:55:57,Oct-26-25 02:55:57,,,,,,,,,Ground Advantage,,1000012302,,,,,,,,,,,,,,,,,
8887,12-12273-31923,ebuyer_003108,,,,,,,,,,,,,,,,,,,,310000012273,Lot of 2 Trading Card Lot,CO-012273,No,1,$40.99,$0.00,"South Bend, IN",46601,US,7.00%,SalesTax,,,,$0.00,$2.87,,,,,,,,$43.86,Yes,eBay Managed Payments,,Oct-26-25 04:30:03,Oct-26-25 04:30:03,,,,,,,,,Ground Advantage,,1000012273,,,,,,,,,,,,,,,,,
8915,14-12301-90630,ebuyer_003351,,,,,,,,,,,,,,,,,,,,310000012301,Used Game Console,EL-012301,No,1,$17.99,$0.00,"South Bend, IN",46601,US,7.00%,SalesTax,,,,$0.00,$1.26,,,,,,,,$19.25,Yes,eBay Managed Payments,,Oct-26-25 04:33:28,Oct-26-25 04:33:28,,,,,,,,,Priority Mail,,1000012301,,,,,,,,,,,,,,,,,
8907,22-12293-27345,ebuyer_003366,,,,,,,,,,,,,,,,,,,,310000012293,Vintage Camera Lens,EL-012293,No,1,$25.99,$12.03,"South Bend, IN",46601,US,7.00%,SalesTax,,,,$0.00,$2.66,,,,,,,,$40.68,Yes,eBay Managed Payments,,Oct-26-25 04:46:38,Oct-26-25 04:46:38,,,,,,,,,Priority,,1000012293,,,,,,,,,,,,,,,,,
8903,24-12289-51571,ebuyer_002500,,,,,,,,,,,,,,,,,,,,310000012289,Vintage Flannel Shirt,CL-012289,No,1,$56.99,$0.00,"South Bend, IN",46601,US,7.00%,SalesTax,,,,$0.00,$3.99,,,,,,,,$60.98,Yes,eBay Managed Payments,,Oct-26-25 05:14:38,Oct-26-25 05:14:38,,,,,,,,,Ground Advantage,,1000012289,,,,,,,,,,,,,,,,,
8902,13-12288-74235,ebuyer_002660,,,,,,,,,,,,,,,,,,,,310000012288,Antique Pewter Mug,CO-012288,No,2,$103.99,$4.60,"South Bend, IN",46601,US,7.00%,SalesTax,,,,$0.00,$14.88,,,,,,,,$227.46,Yes,eBay Managed Payments,,Oct-26-25 05:26:37,Oct-26-25 05:26:37,,,,,,,,,Ground Advantage,,1000012288,,,,,,,,,,,,,,,,,
8911,25-12297-96170,ebuyer_002502,,,,,,,,,,,,,,,,,,,,310000012297,Antique Stoneware Mugs,KT-012297,No,1,$22.99,$0.00,"South Bend, IN",46601,US,7.00%,SalesTax,,,,$0.00,$1.61,,,,,,,,$24.60,Yes,eBay Managed Payments,,Oct-26-25 06:55:13,Oct-26-25 06:55:13,,,,,,,,,Ground Advantage,,1000012297,,,,,,,,,,,,,,,,,
8899,25-12285-62111,ebuyer_003172,,,,,,,,,,,,,,,,,,,,310000012285,Antique Golf Balls,SG-012285,No,1,$36.99,$6.34,"South Bend, IN",46601,US,7.00%,SalesTax,,,,$0.00,$3.03,,,,,,,,$46.36,Yes,eBay Managed Payments,,Oct-26-25 10:07:06,Oct-26-25 10:07:06,,,,,,,,,Ground Advantage,,1000012285,,,,,,,,,,,,,,,,,
8891,14-12277-59821,ebuyer_002865,,,,,,,,,,,,,,,,,,,,310000012277,Pre-owned Camera Lens,EL-012277,No,1,$32.99,$6.80,"South Bend, IN",46601,US,7.00%,SalesTax,,,,$0.00,$2.79,,,,,,,,$42.58,Yes,eBay Managed Payments,,Oct-26-25 10:36:29,Oct-26-25 10:36:29,,,,,,,,,FedEx Home Delivery,,1000012277,,,,,,,,,,,,,,,,,
8917,17-12303-88336,ebuyer_002914,,,,,,,,,,,,,,,,,,,,310000012303,Like New Wool Coat,CL-012303,No,1,$49.99,$0.00,"South Bend, IN",46601,US,7.00%,SalesTax,,,,$0.00,$3.50,,,,,,,,$53.49,Yes,eBay Managed Payments,,Oct-26-25 10:42:01,Oct-26-25 10:42:01,,,,,,,,,GroundAdvantage,,1000012303,,,,,,,,,,,,,,,,,
8906,09-12292-40427,ebuyer_002928,,,,,,,,,,,,,,,,,,,,310000012292,Retro Silk Blouse,CL-012292,No,1,$37.99,$0.00,"South Bend, IN",46601,US,7.00%,SalesTax,,,,$0.00,$2.66,,,,,,,,$40.65,Yes,eBay Managed Payments,,Oct-26-25 11:03:44,Oct-26-25 11:03:44,,,,,,,,,FedEx Ground,,1000012292,,,,,,,,,,,,,,,,,
8901,20-12287-36179,ebuyer_002572,,,,,,,,,,,,,,,,,,,,310000012287,Lot of 2 Coin Lot,CO-012287,No,1,$9.99,$0.00,"South Bend, IN",46601,US,7.00%,SalesTax,,,,$0.00,$0.70,,,,,,,,$10.69,Yes,eBay Managed Payments,,Oct-26-25 11:37:46,Oct-26-25 11:37:46,,,,,,,,,Priority Mail,,1000012287,,,,,,,,,,,,,,,,,
8919,19-12305-75279,ebuyer_003237,,,,,,,,,,,,,,,,,,,,310000012305,Vintage Denim Jacket,CL-012305,No,1,$27.99,$0.00,"South Bend, IN",46601,US,7.00%,SalesTax,,,,$0.00,$1.96,,,,,,,,$29.95,Yes,eBay Managed Payments,,Oct-26-25 11:58:09,Oct-26-25 11:58:09,,,,,,,,,Ground Advantage,,1000012305,,,,,,,,,,,,,,,,,
8896,07-12282-23577,ebuyer_002857,,,,,,,,,,,,,,,,,,,,310000012282,Classic Loafers,SH-012282,No,1,$49.99,$13.61,"South Bend, IN",46601,US,7.00%,SalesTax,,,,$0.00,$4.45,,,,,,,,$68.05,Yes,eBay Managed Payments,,Oct-26-25 12:25:28,Oct-26-25 12:25:28,,,,,,,,,GroundAdvantage,,1000012282,,,,,,,,,,,,,,,,,
8910,18-12296-91912,ebuyer_003268,,,,,,,,,,,,,,,,,,,,310000012296,Handmade Wool Coat,CL-012296,No,1,$35.99,$0.00,"South Bend, IN",46601,US,7.00%,SalesTax,,,,$0.00,$2.52,,,,,,,,$38.51,Yes,eBay Managed Payments,,Oct-26-25 12:50:59,Oct-26-25 12:50:59,,,,,,,,,Priority Mail,,1000012296,,,,,,,,,,,,,,,,,
8895,01-12281-49284,ebuyer_003346,,,,,,,,,,,,,,,,,,,,310000012281,Classic Leather Boots,SH-012281,No,1,$71.99,$8.43,"South Bend, IN",46601,US,7.00%,SalesTax,,,,$0.00,$5.63,,,,,,,,$86.05,Yes,eBay Managed Payments,,Oct-26-25 13:28:17,Oct-26-25 13:28:17,,,,,,,,,FedEx 2Day,,1000012281,,,,,,,,,,,,,,,,,
8914,24-12300-41422,ebuyer_002595,,,,,,,,,,,,,,,,,,,,310000012300,Pre-owned Tote Bag,HB-012300,No,1,$34.99,$9.82,"South Bend, IN",46601,US,7.00%,SalesTax,,,,$0.00,$3.14,,,,,,,,$47.95,Yes,eBay Managed Payments,,Oct-26-25 14:57:26,Oct-26-25 14:57:26,,,,,,,,,Priority Mail,,1000012300,,,,,,,,,,,,,,,,,
8913,14-12299-56043,ebuyer_003637,,,,,,,,,,,,,,,,,,,,310000012299,Handmade Clutch,HB-012299,No,1,$44.99,$0.00,"South Bend, IN",46601,US,7.00%,SalesTax,,,,$0.00,$3.15,,,,,,,,$48.14,Yes,eBay Managed Payments,,Oct-26-25 15:04:00,Oct-26-25 15:04:00,,,,,,,,,Ground Advantage,,1000012299,,,,,,,,,,,,,,,,,
8904,03-12290-86319,ebuyer_002664,,,,,,,,,,,,,,,,,,,,310000012290,Used Silk Blouse,CL-012290,No,1,$26.99,$0.00,"South Bend, IN",46601,US,7.00%,SalesTax,,,,$0.00,$1.89,,,,,,,,$28.88,Yes,eBay Managed Payments,,Oct-26-25 15:48:13,Oct-26-25 15:48:13,,,,,,,,,GroundAdvantage,,1000012290,,,,,,,,,,,,,,,,,
8908,21-12294-89095,ebuyer_002518,,,,,,,,,,,,,,,,,,,,310000012294,Used Tote Bag,HB-012294,No,1,$41.99,$0.00,"South Bend, IN",46601,US,7.00%,SalesTax,,,,$0.00,$2.94,,,,,,,,$44.93,Yes,eBay Managed Payments,,Oct-26-25 16:08:17,Oct-26-25 16:08:17,,,,,,,,,FedEx Ground,,1000012294,,,,,,,,,,,,,,,,,
8894,21-12280-90237,ebuyer_002711,,,,,,,,,,,,,,,,,,,,310000012280,Used Game Console,EL-012280,No,1,$16.99,$0.00,"South Bend, IN",46601,US,7.00%,SalesTax,,,,$0.00,$1.19,,,,,,,,$18.18,Yes,eBay Managed Payments,,Oct-26-25 17:10:45,Oct-26-25 17:10:45,,,,,,,,,GroundAdvantage,,1000012280,,,,,,,,,,,,,,,,,
8909,20-12295-35831,ebuyer_002523,,,,,,,,,,,,,,,,,,,,310000012295,Mid-Century Clutch,HB-012295,No,1,$29.99,$8.19,"South Bend, IN",46601,US,7.00%,SalesTax,,,,$0.00,$2.67,,,,,,,,$40.85,Yes,eBay Managed Payments,,Oct-26-25 17:35:32,Oct-26-25 17:35:32,,,,,,,,,GroundAdvantage,,1000012295,,,,,,,,,,,,,,,,,
8890,10-12276-86114,ebuyer_002501,,,,,,,,,,,,,,,,,,,,310000012276,Pre-owned Pewter Mug,CO-012276,No,1,$57.99,$0.00,"South Bend, IN",46601,US,7.00%,SalesTax,,,,$0.00,$4.06,,,,,,,,$62.05,Yes,eBay Managed Payments,,Oct-26-25 17:58:13,Oct-26-25 17:58:13,,,,,,,,,Priority Mail,,1000012276,,,,,,,,,,,,,,,,,
8889,14-12275-26047,ebuyer_002942,,,,,,,,,,,,,,,,,,,,310000012275,Vintage Tote Bag,HB-012275,No,1,$55.99,$0.00,"South Bend, IN",46601,US,7.00%,SalesTax,,,,$0.00,$3.92,,,,,,,,$59.91,Yes,eBay Managed Payments,,Oct-26-25 19:11:08,Oct-26-25 19:11:08,,,,,,,,,Priority Mail,,1000012275,,,,,,,,,,,,,,,,,
8905,24-12291-93396,ebuyer_002621,,,,,,,,,,,,,,,,,,,,310000012291,Antique Flannel Shirt,CL-012291,No,1,$20.99,$8.46,"South Bend, IN",46601,US,7.00%,SalesTax,,,,$0.00,$2.06,,,,,,,,$31.51,Yes,eBay Managed Payments,,Oct-26-25 19:13:05,Oct-26-25 19:13:05,,,,,,,,,GroundAdvantage,,1000012291,,,,,,,,,,,,,,,,,
8897,09-12283-87204,ebuyer_003203,,,,,,,,,,,,,,,,,,,,310000012283,Vintage Golf Balls,SG-012283,No,1,$29.99,$7.44,"South Bend, IN",46601,US,7.00%,SalesTax,,,,$0.00,$2.62,,,,,,,,$40.05,Yes,eBay Managed Payments,,Oct-26-25 19:25:42,Oct-26-25 19:25:42,,,,,,,,,Ground Advantage,,1000012283,,,,,,,,,,,,,,,,,
8898,01-12284-94900,ebuyer_002509,,,,,,,,,,,,,,,,,,,,310000012284,Like New Running Shoes,SH-012284,No,1,$53.99,$0.00,"South Bend, IN",46601,US,7.00%,SalesTax,,,,$0.00,$3.78,,,,,,,,$57.77,Yes,eBay Managed Payments,,Oct-26-25 21:37:28,Oct-26-25 21:37:28,,,,,,,,,Priority Mail,,1000012284,,,,,,,,,,,,,,,,,
8900,06-12286-24697,ebuyer_002887,,,,,,,,,,,,,,,,,,,,310000012286,Pre-owned Trading Card Lot,CO-012286,No,1,$34.99,$9.86,"South Bend, IN",46601,US,7.00%,SalesTax,,,,$0.00,$3.14,,,,,,,,$47.99,Yes,eBay Managed Payments,,Oct-26-25 21:42:27,Oct-26-25 21:42:27,,,,,,,,,Ground Advantage,,1000012286,,,,,,,,,,,,,,,,,
8888,06-12274-12861,ebuyer_003139,,,,,,,,,,,,,,,,,,,,310000012274,Pre-owned Flannel Shirt,CL-012274,No,1,$38.99,$6.19,"South Bend, IN",46601,US,7.00%,SalesTax,,,,$0.00,$3.16,,,,,,,,$48.34,Yes,eBay Managed Payments,,Oct-26-25 22:01:12,Oct-26-25 22:01:12,,,,,,,,,Priority Mail,,1000012274,,,,,,,,,,,,,,,,,
8918,18-12304-18278,ebuyer_002500,,,,,,,,,,,,,,,,,,,,310000012304,Vintage Coin Lot,CO-012304,No,1,$39.99,$10.37,"South Bend, IN",46601,US,7.00%,SalesTax,,,,$0.00,$3.53,,,,,,,,$53.89,Yes,eBay Managed Payments,,Oct-26-25 22:23:50,Oct-26-25 22:23:50,,,,,,,,,Priority Mail,,1000012304,,,,,,,,,,,,,,,,,
8892,03-12278-08087,ebuyer_003345,,,,,,,,,,,,,,,,,,,,310000012278,Vintage Leather Boots,SH-012278,No,1,$29.99,$0.00,"South Bend, IN",46601,US,7.00%,SalesTax,,,,$0.00,$2.10,,,,,,,,$32.09,Yes,eBay Managed Payments,,Oct-26-25 22:55:40,Oct-26-25 22:55:40,,,,,,,,,GroundAdvantage,,1000012278,,,,,,,,,,,,,,,,,
8944,11-12453-81375,ebuyer_002519,,,,,,,,,,,,,,,,,,,,310000012453,Pre-owned Golf Balls,SG-012453,No,1,$27.99,$5.81,"South Bend, IN",46601,US,7.00%,SalesTax,,,,$0.00,$2.37,,,,,,,,$36.17,Yes,eBay Managed Payments,,Oct-27-25 02:22:51,Oct-27-25 02:22:51,,,,,,,,,Priority Mail,,1000012453,,,,,,,,,,,,,,,,,
8923,11-12432-79758,ebuyer_002682,,,,,,,,,,,,,,,,,,,,310000012432,Vintage Flannel Shirt,CL-012432,No,1,$22.99,$7.78,"South Bend, IN",46601,US,7.00%,SalesTax,,,,$0.00,$2.15,,,,,,,,$32.92,Yes,eBay Managed Payments,,Oct-27-25 02:59:15,Oct-27-25 02:59:15,,,,,,,,,Priority,,1000012432,,,,,,,,,,,,,,,,,
8937,13-12446-20159,ebuyer_002547,,,,,,,,,,,,,,,,,,,,310000012446,Antique Turntable,EL-012446,No,1,$49.99,$8.71,"South Bend, IN",46601,US,7.00%,SalesTax,,,,$0.00,$4.11,,,,,,,,$62.81,Yes,eBay Managed Payments,,Oct-27-25 03:25:53,Oct-27-25 03:25:53,,,,,,,,,GroundAdvantage,,1000012446,,,,,,,,,,,,,,,,,
8922,18-12431-42386,ebuyer_002500,,,,,,,,,,,,,,,,,,,,310000012431,Vintage Wool Coat,CL-012431,No,1,$10.99,$0.00,"South Bend, IN",46601,US,7.00%,SalesTax,,,,$0.00,$0.77,,,,,,,,$11.76,Yes,eBay Managed Payments,,Oct-27-25 04:24:50,Oct-27-25 04:24:50,,,,,,,,,FedEx Ground,,1000012431,,,,,,,,,,,,,,,,,
8929,02-12438-89584,ebuyer_002520,,,,,,,,,,,,,,,,,,,,310000012438,Classic Clutch,HB-012438,No,1,$65.99,$0.00,"South Bend, IN",46601,US,7.00%,SalesTax,,,,$0.00,$4.62,,,,,,,,$70.61,Yes,eBay Managed Payments,,Oct-27-25 05:39:32,Oct-27-25 05:39:32,,,,,,,,,GroundAdvantage,,1000012438,,,,,,,,,,,,,,,,,
8939,17-12448-52508,ebuyer_003009,,,,,,,,,,,,,,,,,,,,310000012448,Handmade Pewter Mug,CO-012448,No,1,$9.99,$4.57,"South Bend, IN",46601,US,7.00%,SalesTax,,,,$0.00,$1.02,,,,,,,,$15.58,Yes,eBay Managed Payments,,Oct-27-25 06:08:50,Oct-27-25 06:08:50,,,,,,,,,FedEx Ground,,1000012448,,,,,,,,,,,,,,,,,
8941,22-12450-38047,ebuyer_002541,,,,,,,,,,,,,,,,,,,,310000012450,Used Golf Balls,SG-012450,No,1,$17.99,$8.94,"South Bend, IN",46601,US,7.00%,SalesTax,,,,$0.00,$1.89,,,,,,,,$28.82,Yes,eBay Managed Payments,,Oct-27-25 08:28:44,Oct-27-25 08:28:44,,,,,,,,,Ground Advantage,,1000012450,,,,,,,,,,,,,,,,,
8938,12-12447-29841,ebuyer_002514,,,,,,,,,,,,,,,,,,,,310000012447,Like New Pewter Mug,CO-012447,No,1,$34.99,$10.71,"South Bend, IN",46601,US,7.00%,SalesTax,,,,$0.00,$3.20,,,,,,,,$48.90,Yes,eBay Managed Payments,,Oct-27-25 08:32:02,Oct-27-25 08:32:02,,,,,,,,,Ground Advantage,,1000012447,,,,,,,,,,,,,,,,,
8942,07-12451-62775,ebuyer_002599,,,,,,,,,,,,,,,,,,,,310000012451,Handmade Leather Boots,SH-012451,No,1,$43.99,$8.48,"South Bend, IN",46601,US,7.00%,SalesTax,,,,$0.00,$3.67,,,,,,,,$56.14,Yes,eBay Managed Payments,,Oct-27-25 09:10:45,Oct-27-25 09:10:45,,,,,,,,,FedEx Ground,,1000012451,,,,,,,,,,,,,,,,,
8930,12-12439-38448,ebuyer_002523,,,,,,,,,,,,,,,,,,,,310000012439,Handmade Film Camera,EL-012439,No,1,$37.99,$3.96,"South Bend, IN",46601,US,7.00%,SalesTax,,,,$0.00,$2.94,,,,,,,,$44.89,Yes,eBay Managed Payments,,Oct-27-25 10:14:55,Oct-27-25 10:14:55,,,,,,,,,FedEx Home Delivery,,1000012439,,,,,,,,,,,,,,,,,
8936,11-12445-85541,ebuyer_002512,,,,,,,,,,,,,,,,,,,,310000012445,Like New Loafers,SH-012445,No,1,$24.99,$0.00,"South Bend, IN",46601,US,7.00%,SalesTax,,,,$0.00,$1.75,,,,,,,,$26.74,Yes,eBay Managed Payments,,Oct-27-25 10:49:56,Oct-27-25 10:49:56,,,,,,,,,GroundAdvantage,,1000012445,,,,,,,,,,,,,,,,,
8931,11-12440-06119,ebuyer_002566,,,,,,,,,,,,,,,,,,,,310000012440,Handmade Pewter Mug,CO-012440,No,1,$35.99,$5.28,"South Bend, IN",46601,US,7.00%,SalesTax,,,,$0.00,$2.89,,,,,,,,$44.16,Yes,eBay Managed Payments,,Oct-27-25 12:50:56,Oct-27-25 12:50:56,,,,,,,,,Ground Advantage,,1000012440,,,,,,,,,,,,,,,,,
8935,17-12444-30998,ebuyer_002889,,,,,,,,,,,,,,,,,,,,310000012444,Classic Crossbody Bag,HB-012444,No,1,$46.99,$0.00,"South Bend, IN",46601,US,7.00%,SalesTax,,,,$0.00,$3.29,,,,,,,,$50.28,Yes,eBay Managed Payments,,Oct-27-25 13:35:36,Oct-27-25 13:35:36,,,,,,,,,Ground Advantage,,1000012444,,,,,,,,,,,,,,,,,
8926,13-12435-24769,ebuyer_003604,,,,,,,,,,,,,,,,,,,,310000012435,Retro Snow Globe,CO-012435,No,1,$19.99,$0.00,"South Bend, IN",46601,US,7.00%,SalesTax,,,,$0.00,$1.40,,,,,,,,$21.39,Yes,eBay Managed Payments,,Oct-27-25 15:36:44,Oct-27-25 15:36:44,,,,,,,,,FedEx Ground,,1000012435,,,,,,,,,,,,,,,,,
8927,22-12436-78660,ebuyer_003367,,,,,,,,,,,,,,,,,,,,310000012436,Antique Tennis Racket,SG-012436,No,1,$50.99,$0.00,"South Bend, IN",46601,US,7.00%,SalesTax,,,,$0.00,$3.57,,,,,,,,$54.56,Yes,eBay Managed Payments,,Oct-27-25 16:01:46,Oct-27-25 16:01:46,,,,,,,,,GroundAdvantage,,1000012436,,,,,,,,,,,,,,,,,
8925,06-12434-05824,ebuyer_002770,,,,,,,,,,,,,,,,,,,,310000012434,Mid-Century Cashmere Sweater,CL-012434,No,1,$49.99,$4.87,"South Bend, IN",46601,US,7.00%,SalesTax,,,,$0.00,$3.84,,,,,,,,$58.70,Yes,eBay Managed Payments,,Oct-27-25 16:30:25,Oct-27-25 16:30:25,,,,,,,,,FedEx Ground,,1000012434,,,,,,,,,,,,,,,,,
8934,15-12443-18258,ebuyer_002650,,,,,,,,,,,,,,,,,,,,310000012443,Like New Fondue Set,KT-012443,No,1,$18.99,$9.25,"South Bend, IN",46601,US,7.00%,SalesTax,,,,$0.00,$1.98,,,,,,,,$30.22,Yes,eBay Managed Payments,,Oct-27-25 17:10:57,Oct-27-25 17:10:57,,,,,,,,,GroundAdvantage,,1000012443,,,,,,,,,,,,,,,,,
8940,21-12449-70176,ebuyer_003089,,,,,,,,,,,,,,,,,,,,310000012449,Antique Cashmere Sweater,CL-012449,No,1,$46.99,$0.00,"South Bend, IN",46601,US,7.00%,SalesTax,,,,$0.00,$3.29,,,,,,,,$50.28,Yes,eBay Managed Payments,,Oct-27-25 17:44:38,Oct-27-25 17:44:38,,,,,,,,,Ground Advantage,,1000012449,,,,,,,,,,,,,,,,,
8932,04-12441-66185,ebuyer_002554,,,,,,,,,,,,,,,,,,,,310000012441,Handmade Cashmere Sweater,CL-012441,No,1,$36.99,$9.76,"South Bend, IN",46601,US,7.00%,SalesTax,,,,$0.00,$3.27,,,,,,,,$50.02,Yes,eBay Managed Payments,,Oct-27-25 18:10:28,Oct-27-25 18:10:28,,,,,,,,,GroundAdvantage,,1000012441,,,,,,,,,,,,,,,,,
8924,11-12433-54683,ebuyer_002653,,,,,,,,,,,,,,,,,,,,310000012433,Retro Sandals,SH-012433,No,1,$56.99,$5.60,"South Bend, IN",46601,US,7.00%,SalesTax,,,,$0.00,$4.38,,,,,,,,$66.97,Yes,eBay Managed Payments,,Oct-27-25 20:43:34,Oct-27-25 20:43:34,,,,,,,,,FedEx Ground,,1000012433,,,,,,,,,,,,,,,,,
8928,08-12437-73906,ebuyer_002808,,,,,,,,,,,,,,,,,,,,310000012437,Classic Sandals,SH-012437,No,1,$37.99,$7.17,"South Bend, IN",46601,US,7.00%,SalesTax,,,,$0.00,$3.16,,,,,,,,$48.32,Yes,eBay Managed Payments,,Oct-27-25 21:51:47,Oct-27-25 21:51:47,,,,,,,,,FedEx 2Day,,1000012437,,,,,,,,,,,,,,,,,
8933,14-12442-75014,ebuyer_002637,,,,,,,,,,,,,,,,,,,,310000012442,Antique Pyrex Bowl,KT-012442,No,1,$17.99,$6.93,"South Bend, IN",46601,US,7.00%,SalesTax,,,,$0.00,$1.75,,,,,,,,$26.67,Yes,eBay Managed Payments,,Oct-27-25 22:16:03,Oct-27-25 22:16:03,,,,,,,,,GroundAdvantage,,1000012442,,,,,,,,,,,,,,,,,
8943,20-12452-17475,ebuyer_002503,,,,,,,,,,,,,,,,,,,,310000012452,Handmade Clutch,HB-012452,No,1,$33.99,$0.00,"South Bend, IN",46601,US,7.00%,SalesTax,,,,$0.00,$2.38,,,,,,,,$36.37,Yes,eBay Managed Payments,,Oct-27-25 23:18:53,Oct-27-25 23:18:53,,,,,,,,,Ground Advantage,,1000012452,,,,,,,,,,,,,,,,,
8970,15-12592-04940,ebuyer_003326,,,,,,,,,,,,,,,,,,,,310000012592,Classic Rain Jacket,CL-012592,No,1,$33.99,$5.71,"South Bend, IN",46601,US,7.00%,SalesTax,,,,$0.00,$2.78,,,,,,,,$42.48,Yes,eBay Managed Payments,,Oct-28-25 01:07:12,Oct-28-25 01:07:12,,,,,,,,,Ground Advantage,,1000012592,,,,,,,,,,,,,,,,,
8945,27-12567-39953,ebuyer_003072,,,,,,,,,,,,,,,,,,,,310000012567,Like New Cashmere Sweater,CL-012567,No,1,$15.99,$0.00,"South Bend, IN",46601,US,7.00%,SalesTax,,,,$0.00,$1.12,,,,,,,,$17.11,Yes,eBay Managed Payments,,Oct-28-25 04:13:07,Oct-28-25 04:13:07,,,,,,,,,Priority Mail,,1000012567,,,,,,,,,,,,,,,,,
8957,11-12579-26312,ebuyer_002705,,,,,,,,,,,,,,,,,,,,310000012579,Classic Yoga Mat,SG-012579,No,1,$36.99,$0.00,"South Bend, IN",46601,US,7.00%,SalesTax,,,,$0.00,$2.59,,,,,,,,$39.58,Yes,eBay Managed Payments,,Oct-28-25 05:11:41,Oct-28-25 05:11:41,,,,,,,,,Ground Advantage,,1000012579,,,,,,,,,,,,,,,,,
8960,19-12582-37463,ebuyer_002617,,,,,,,,,,,,,,,,,,,,310000012582,Handmade Coin Lot,CO-012582,No,1,$47.99,$0.00,"South Bend, IN",46601,US,7.00%,SalesTax,,,,$0.00,$3.36,,,,,,,,$51.35,Yes,eBay Managed Payments,,Oct-28-25 05:17:21,Oct-28-25 05:17:21,,,,,,,,,GroundAdvantage,,1000012582,,,,,,,,,,,,,,,,,
8962,12-12584-29737,ebuyer_002614,,,,,,,,,,,,,,,,,,,,310000012584,Handmade Coin Lot,CO-012584,No,1,$44.99,$9.65,"South Bend, IN",46601,US,7.00%,SalesTax,,,,$0.00,$3.83,,,,,,,,$58.47,Yes,eBay Managed Payments,,Oct-28-25 09:14:48,Oct-28-25 09:14:48,,,,,,,,,Ground Advantage,,1000012584,,,,,,,,,,,,,,,,,
8969,15-12591-60515,ebuyer_002544,,,,,,,,,,,,,,,,,,,,310000012591,Retro Snow Globe,CO-012591,No,1,$25.99,$0.00,"South Bend, IN",46601,US,7.00%,SalesTax,,,,$0.00,$1.82,,,,,,,,$27.81,Yes,eBay Managed Payments,,Oct-28-25 09:39:06,Oct-28-25 09:39:06,,,,,,,,,Priority Mail,,1000012591,,,,,,,,,,,,,,,,,
8961,24-12583-14358,ebuyer_002541,,,,,,,,,,,,,,,,,,,,310000012583,Pre-owned Cashmere Sweater,CL-012583,No,2,$17.99,$0.00,"South Bend, IN",46601,US,7.00%,SalesTax,,,,$0.00,$2.52,,,,,,,,$38.50,Yes,eBay Managed Payments,,Oct-28-25 10:08:20,Oct-28-25 10:08:20,,,,,,,,,Ground Advantage,,1000012583,,,,,,,,,,,,,,,,,
8959,04-12581-44247,ebuyer_002811,,,,,,,,,,,,,,,,,,,,310000012581,Vintage Pyrex Bowl,KT-012581,No,1,$22.99,$7.02,"South Bend, IN",46601,US,7.00%,SalesTax,,,,$0.00,$2.10,,,,,,,,$32.11,Yes,eBay Managed Payments,,Oct-28-25 10:37:03,Oct-28-25 10:37:03,,,,,,,,,Ground Advantage,,1000012581,,,,,,,,,,,,,,,,,
8971,03-12593-29233,ebuyer_003388,,,,,,,,,,,,,,,,,,,,310000012593,Pre-owned Tennis Racket,SG-012593,No,1,$13.99,$8.41,"South Bend, IN",46601,US,7.00%,SalesTax,,,,$0.00,$1.57,,,,,,,,$23.97,Yes,eBay Managed Payments,,Oct-28-25 11:04:30,Oct-28-25 11:04:30,,,,,,,,,GroundAdvantage,,1000012593,,,,,,,,,,,,,,,,,
8951,27-12573-72589,ebuyer_002894,,,,,,,,,,,,,,,,,,,,310000012573,Handmade Clutch,HB-012573,No,1,$77.99,$8.96,"South Bend, IN",46601,US,7.00%,SalesTax,,,,$0.00,$6.09,,,,,,,,$93.04,Yes,eBay Managed Payments,,Oct-28-25 13:48:58,Oct-28-25 13:48:58,,,,,,,,,Ground Advantage,,1000012573,,,,,,,,,,,,,,,,,
8972,20-12594-86992,ebuyer_003283,,,,,,,,,,,,,,,,,,,,310000012594,Antique Film Camera,EL-012594,No,1,$83.99,$12.46,"South Bend, IN",46601,US,7.00%,SalesTax,,,,$0.00,$6.75,,,,,,,,$103.20,Yes,eBay Managed Payments,,Oct-28-25 14:39:56,Oct-28-25 14:39:56,,,,,,,,,GroundAdvantage,,1000012594,,,,,,,,,,,,,,,,,
8953,13-12575-35902,ebuyer_003670,,,,,,,,,,,,,,,,,,,,310000012575,Lot of 2 Leather Boots,SH-012575,No,1,$22.99,$0.00,"South Bend, IN",46601,US,7.00%,SalesTax,,,,$0.00,$1.61,,,,,,,,$24.60,Yes,eBay Managed Payments,,Oct-28-25 15:02:34,Oct-28-25 15:02:34,,,,,,,,,FedEx Ground,,1000012575,,,,,,,,,,,,,,,,,
8968,15-12590-69265,ebuyer_002771,,,,,,,,,,,,,,,,,,,,310000012590,Vintage Clutch,HB-012590,No,1,$41.99,$8.45,"South Bend, IN",46601,US,7.00%,SalesTax,,,,$0.00,$3.53,,,,,,,,$53.97,Yes,eBay Managed Payments,,Oct-28-25 15:03:35,Oct-28-25 15:03:35,,,,,,,,,Priority Mail,,1000012590,,,,,,,,,,,,,,,,,
8954,22-12576-68183,ebuyer_002669,,,,,,,,,,,,,,,,,,,,310000012576,Lot of 2 Tennis Racket,SG-012576,No,1,$16.99,$7.35,"South Bend, IN",46601,US,7.00%,SalesTax,,,,$0.00,$1.70,,,,,,,,$26.04,Yes,eBay Managed Payments,,Oct-28-25 15:42:27,Oct-28-25 15:42:27,,,,,,,,,GroundAdvantage,,1000012576,,,,,,,,,,,,,,,,,
8949,06-12571-99764,ebuyer_002623,,,,,,,,,,,,,,,,,,,,310000012571,Vintage Wool Coat,CL-012571,No,1,$26.99,$8.05,"South Bend, IN",46601,US,7.00%,SalesTax,,,,$0.00,$2.45,,,,,,,,$37.49,Yes,eBay Managed Payments,,Oct-28-25 15:47:35,Oct-28-25 15:47:35,,,,,,,,,Ground Advantage,,1000012571,,,,,,,,,,,,,,,,,
8958,16-12580-32411,ebuyer_002662,,,,,,,,,,,,,,,,,,,,310000012580,Mid-Century Film Camera,EL-012580,No,1,$24.99,$0.00,"South Bend, IN",46601,US,7.00%,SalesTax,,,,$0.00,$1.75,,,,,,,,$26.74,Yes,eBay Managed Payments,,Oct-28-25 15:50:32,Oct-28-25 15:50:32,,,,,,,,,GroundAdvantage,,1000012580,,,,,,,,,,,,,,,,,
8952,16-12574-87555,ebuyer_003026,,,,,,,,,,,,,,,,,,,,310000012574,Mid-Century Fishing Reel,SG-012574,No,2,$36.99,$0.00,"South Bend, IN",46601,US,7.00%,SalesTax,,,,$0.00,$5.18,,,,,,,,$79.16,Yes,eBay Managed Payments,,Oct-28-25 16:23:14,Oct-28-25 16:23:14,,,,,,,,,FedEx Ground,,1000012574,,,,,,,,,,,,,,,,,
8955,15-12577-43072,ebuyer_003531,,,,,,,,,,,,,,,,,,,,310000012577,Vintage Fishing Reel,SG-012577,No,1,$46.99,$7.71,"South Bend, IN",46601,US,7.00%,SalesTax,,,,$0.00,$3.83,,,,,,,,$58.53,Yes,eBay Managed Payments,,Oct-28-25 17:09:26,Oct-28-25 17:09:26,,,,,,,,,GroundAdvantage,,1000012577,,,,,,,,,,,,,,,,,
8947,07-12569-46939,ebuyer_003568,,,,,,,,,,,,,,,,,,,,310000012569,Handmade Crossbody Bag,HB-012569,No,1,$38.99,$0.00,"South Bend, IN",46601,US,7.00%,SalesTax,,,,$0.00,$2.73,,,,,,,,$41.72,Yes,eBay Managed Payments,,Oct-28-25 17:38:49,Oct-28-25 17:38:49,,,,,,,,,FedEx Ground,,1000012569,,,,,,,,,,,,,,,,,
8966,12-12588-45495,ebuyer_003461,,,,,,,,,,,,,,,,,,,,310000012588,Vintage Hiking Boots,SH-012588,No,1,$35.99,$0.00,"South Bend, IN",46601,US,7.00%,SalesTax,,,,$0.00,$2.52,,,,,,,,$38.51,Yes,eBay Managed Payments,,Oct-28-25 18:39:40,Oct-28-25 18:39:40,,,,,,,,,FedEx Ground,,1000012588,,,,,,,,,,,,,,,,,
8967,05-12589-12171,ebuyer_003179,,,,,,,,,,,,,,,,,,,,310000012589,Classic Hiking Boots,SH-012589,No,1,$131.99,$9.93,"South Bend, IN",46601,US,7.00%,SalesTax,,,,$0.00,$9.94,,,,,,,,$151.86,Yes,eBay Managed Payments,,Oct-28-25 20:13:44,Oct-28-25 20:13:44,,,,,,,,,Ground Advantage,,1000012589,,,,,,,,,,,,,,,,,
8948,02-12570-42513,ebuyer_002506,,,,,,,,,,,,,,,,,,,,310000012570,Like New Turntable,EL-012570,No,1,$21.99,$12.82,"South Bend, IN",46601,US,7.00%,SalesTax,,,,$0.00,$2.44,,,,,,,,$37.25,Yes,eBay Managed Payments,,Oct-28-25 20:49:00,Oct-28-25 20:49:00,,,,,,,,,GroundAdvantage,,1000012570,,,,,,,,,,,,,,,,,
8963,04-12585-45893,ebuyer_003002,,,,,,,,,,,,,,,,,,,,310000012585,Like New Hiking Boots,SH-012585,No,1,$49.99,$0.00,"South Bend, IN",46601,US,7.00%,SalesTax,,,,$0.00,$3.50,,,,,,,,$53.49,Yes,eBay Managed Payments,,Oct-28-25 21:12:57,Oct-28-25 21:12:57,,,,,,,,,FedEx Ground,,1000012585,,,,,,,,,,,,,,,,,
8946,12-12568-92960,ebuyer_002783,,,,,,,,,,,,,,,,,,,,310000012568,Handmade Portable Radio,EL-012568,No,1,$25.99,$10.60,"South Bend, IN",46601,US,7.00%,SalesTax,,,,$0.00,$2.56,,,,,,,,$39.15,Yes,eBay Managed Payments,,Oct-28-25 22:19:20,Oct-28-25 22:19:20,,,,,,,,,GroundAdvantage,,1000012568,,,,,,,,,,,,,,,,,
8964,10-12586-58477,ebuyer_002640,,,,,,,,,,,,,,,,,,,,310000012586,Antique Sandals,SH-012586,No,1,$66.99,$7.83,"South Bend, IN",46601,US,7.00%,SalesTax,,,,$0.00,$5.24,,,,,,,,$80.06,Yes,eBay Managed Payments,,Oct-28-25 22:24:53,Oct-28-25 22:24:53,,,,,,,,,Ground Advantage,,1000012586,,,,,,,,,,,,,,,,,
8956,09-12578-10737,ebuyer_002503,,,,,,,,,,,,,,,,,,,,310000012578,Vintage Sandals,SH-012578,No,1,$62.99,$5.16,"South Bend, IN",46601,US,7.00%,SalesTax,,,,$0.00,$4.77,,,,,,,,$72.92,Yes,eBay Managed Payments,,Oct-28-25 23:20:54,Oct-28-25 23:20:54,,,,,,,,,Priority Mail,,1000012578,,,,,,,,,,,,,,,,,
8950,17-12572-03923,ebuyer_002940,,,,,,,,,,,,,,,,,,,,310000012572,Antique Portable Radio,EL-012572,No,1,$16.99,$0.00,"South Bend, IN",46601,US,7.00%,SalesTax,,,,$0.00,$1.19,,,,,,,,$18.18,Yes,eBay Managed Payments,,Oct-28-25 23:30:54,Oct-28-25 23:30:54,,,,,,,,,Ground Advantage,,1000012572,,,,,,,,,,,,,,,,,
8965,26-12587-84585,ebuyer_002555,,,,,,,,,,,,,,,,,,,,310000012587,Pre-owned Cashmere Sweater,CL-012587,No,1,$26.99,$0.00,"South Bend, IN",46601,US,7.00%,SalesTax,,,,$0.00,$1.89,,,,,,,,$28.88,Yes,eBay Managed Payments,,Oct-28-25 23:50:13,Oct-28-25 23:50:13,,,,,,,,,GroundAdvantage,,1000012587,,,,,,,,,,,,,,,,,
8997,13-12736-77994,ebuyer_003066,,,,,,,,,,,,,,,,,,,,310000012736,Classic Camera Lens,EL-012736,No,1,$45.99,$7.51,"South Bend, IN",46601,US,7.00%,SalesTax,,,,$0.00,$3.75,,,,,,,,$57.25,Yes,eBay Managed Payments,,Oct-29-25 03:56:19,Oct-29-25 03:56:19,,,,,,,,,GroundAdvantage,,1000012736,,,,,,,,,,,,,,,,,
8991,11-12730-49310,ebuyer_002503,,,,,,,,,,,,,,,,,,,,310000012730,Mid-Century Flannel Shirt,CL-012730,No,1,$18.99,$8.01,"South Bend, IN",46601,US,7.00%,SalesTax,,,,$0.00,$1.89,,,,,,,,$28.89,Yes,eBay Managed Payments,,Oct-29-25 04:06:34,Oct-29-25 04:06:34,,,,,,,,,Ground Advantage,,1000012730,,,,,,,,,,,,,,,,,
8979,07-12718-41044,ebuyer_003165,,,,,,,,,,,,,,,,,,,,310000012718,Vintage Yoga Mat,SG-012718,No,1,$24.99,$0.00,"South Bend, IN",46601,US,7.00%,SalesTax,,,,$0.00,$1.75,,,,,,,,$26.74,Yes,eBay Managed Payments,,Oct-29-25 06:03:49,Oct-29-25 06:03:49,,,,,,,,,Priority Mail,,1000012718,,,,,,,,,,,,,,,,,
8974,17-12713-80323,ebuyer_003401,,,,,,,,,,,,,,,,,,,,310000012713,Classic Coin Lot,CO-012713,No,1,$25.99,$0.00,"South Bend, IN",46601,US,7.00%,SalesTax,,,,$0.00,$1.82,,,,,,,,$27.81,Yes,eBay Managed Payments,,Oct-29-25 07:03:30,Oct-29-25 07:03:30,,,,,,,,,GroundAdvantage,,1000012713,,,,,,,,,,,,,,,,,
8992,07-12731-59092,ebuyer_003246,,,,,,,,,,,,,,,,,,,,310000012731,Handmade Leather Boots,SH-012731,No,1,$62.99,$10.64,"South Bend, IN",46601,US,7.00%,SalesTax,,,,$0.00,$5.15,,,,,,,,$78.78,Yes,eBay Managed Payments,,Oct-29-25 11:01:05,Oct-29-25 11:01:05,,,,,,,,,GroundAdvantage,,1000012731,,,,,,,,,,,,,,,,,
8986,13-12725-02107,ebuyer_002724,,,,,,,,,,,,,,,,,,,,310000012725,Retro Fishing Reel,SG-012725,No,1,$42.99,$6.28,"South Bend, IN",46601,US,7.00%,SalesTax,,,,$0.00,$3.45,,,,,,,,$52.72,Yes,eBay Managed Payments,,Oct-29-25 11:58:52,Oct-29-25 11:58:52,,,,,,,,,Ground Advantage,,1000012725,,,,,,,,,,,,,,,,,
8978,08-12717-18939,ebuyer_003450,,,,,,,,,,,,,,,,,,,,310000012717,Like New Cashmere Sweater,CL-012717,No,1,$24.99,$0.00,"South Bend, IN",46601,US,7.00%,SalesTax,,,,$0.00,$1.75,,,,,,,,$26.74,Yes,eBay Managed Payments,,Oct-29-25 13:21:10,Oct-29-25 13:21:10,,,,,,,,,GroundAdvantage,,1000012717,,,,,,,,,,,,,,,,,
8989,16-12728-86431,ebuyer_002538,,,,,,,,,,,,,,,,,,,,310000012728,Classic Trading Card Lot,CO-012728,No,1,$32.99,$6.82,"South Bend, IN",46601,US,7.00%,SalesTax,,,,$0.00,$2.79,,,,,,,,$42.60,Yes,eBay Managed Payments,,Oct-29-25 14:14:40,Oct-29-25 14:14:40,,,,,,,,,Ground Advantage,,1000012728,,,,,,,,,,,,,,,,,
8990,02-12729-85085,ebuyer_003422,,,,,,,,,,,,,,,,,,,,310000012729,Vintage Silk Blouse,CL-012729,No,1,$30.99,$8.83,"South Bend, IN",46601,US,7.00%,SalesTax,,,,$0.00,$2.79,,,,,,,,$42.61,Yes,eBay Managed Payments,,Oct-29-25 14:34:26,Oct-29-25 14:34:26,,,,,,,,,Priority,,1000012729,,,,,,,,,,,,,,,,,
8987,25-12726-44764,ebuyer_003338,,,,,,,,,,,,,,,,,,,,310000012726,Vintage Tennis Racket,SG-012726,No,1,$56.99,$0.00,"South Bend, IN",46601,US,7.00%,SalesTax,,,,$0.00,$3.99,,,,,,,,$60.98,Yes,eBay Managed Payments,,Oct-29-25 14:55:16,Oct-29-25 14:55:16,,,,,,,,,Priority,,1000012726,,,,,,,,,,,,,,,,,
8981,09-12720-47090,ebuyer_002663,,,,,,,,,,,,,,,,,,,,310000012720,Handmade Wool Coat,CL-012720,No,1,$29.99,$0.00,"South Bend, IN",46601,US,7.00%,SalesTax,,,,$0.00,$2.10,,,,,,,,$32.09,Yes,eBay Managed Payments,,Oct-29-25 15:55:12,Oct-29-25 15:55:12,,,,,,,,,GroundAdvantage,,1000012720,,,,,,,,,,,,,,,,,
8996,14-12735-23934,ebuyer_003020,,,,,,,,,,,,,,,,,,,,310000012735,Mid-Century Fishing Reel,SG-012735,No,1,$22.99,$0.00,"South Bend, IN",46601,US,7.00%,SalesTax,,,,$0.00,$1.61,,,,,,,,$24.60,Yes,eBay Managed Payments,,Oct-29-25 15:57:26,Oct-29-25 15:57:26,,,,,,,,,Priority,,1000012735,,,,,,,,,,,,,,,,,
8984,07-12723-00036,ebuyer_003031,,,,,,,,,,,,,,,,,,,,310000012723,Vintage Denim Jacket,CL-012723,No,1,$18.99,$0.00,"South Bend, IN",46601,US,7.00%,SalesTax,,,,$0.00,$1.33,,,,,,,,$20.32,Yes,eBay Managed Payments,,Oct-29-25 17:05:50,Oct-29-25 17:05:50,,,,,,,,,Priority,,1000012723,,,,,,,,,,,,,,,,,
8973,26-12712-27668,ebuyer_003099,,,,,,,,,,,,,,,,,,,,310000012712,Used Silk Blouse,CL-012712,No,1,$31.99,$9.56,"South Bend, IN",46601,US,7.00%,SalesTax,,,,$0.00,$2.91,,,,,,,,$44.46,Yes,eBay Managed Payments,,Oct-29-25 17:06:57,Oct-29-25 17:06:57,,,,,,,,,Ground Advantage,,1000012712,,,,,,,,,,,,,,,,,
8982,05-12721-31217,ebuyer_002626,,,,,,,,,,,,,,,,,,,,310000012721,Handmade Leather Satchel,HB-012721,No,1,$32.99,$0.00,"South Bend, IN",46601,US,7.00%,SalesTax,,,,$0.00,$2.31,,,,,,,,$35.30,Yes,eBay Managed Payments,,Oct-29-25 17:12:37,Oct-29-25 17:12:37,,,,,,,,,Ground Advantage,,1000012721,,,,,,,,,,,,,,,,,
8995,16-12734-87206,ebuyer_002525,,,,,,,,,,,,,,,,,,,,310000012734,Pre-owned Fishing Reel,SG-012734,No,1,$27.99,$0.00,"South Bend, IN",46601,US,7.00%,SalesTax,,,,$0.00,$1.96,,,,,,,,$29.95,Yes,eBay Managed Payments,,Oct-29-25 17:39:07,Oct-29-25 17:39:07,,,,,,,,,Priority Mail,,1000012734,,,,,,,,,,,,,,,,,
8985,22-12724-08292,ebuyer_002632,,,,,,,,,,,,,,,,,,,,310000012724,Antique Stoneware Mugs,KT-012724,No,1,$14.99,$12.78,"South Bend, IN",46601,US,7.00%,SalesTax,,,,$0.00,$1.94,,,,,,,,$29.71,Yes,eBay Managed Payments,,Oct-29-25 18:32:36,Oct-29-25 18:32:36,,,,,,,,,FedEx Home Delivery,,1000012724,,,,,,,,,,,,,,,,,
8988,06-12727-60501,ebuyer_002822,,,,,,,,,,,,,,,,,,,,310000012727,Antique Flannel Shirt,CL-012727,No,1,$32.99,$7.76,"South Bend, IN",46601,US,7.00%,SalesTax,,,,$0.00,$2.85,,,,,,,,$43.60,Yes,eBay Managed Payments,,Oct-29-25 18:41:40,Oct-29-25 18:41:40,,,,,,,,,FedEx Home Delivery,,1000012727,,,,,,,,,,,,,,,,,
8993,04-12732-50046,ebuyer_002521,,,,,,,,,,,,,,,,,,,,310000012732,Like New Loafers,SH-012732,No,2,$45.99,$8.49,"South Bend, IN",46601,US,7.00%,SalesTax,,,,$0.00,$7.03,,,,,,,,$107.50,Yes,eBay Managed Payments,,Oct-29-25 18:51:35,Oct-29-25 18:51:35,,,,,,,,,Priority Mail,,1000012732,,,,,,,,,,,,,,,,,
8975,21-12714-81200,ebuyer_003324,,,,,,,,,,,,,,,,,,,,310000012714,Mid-Century Figurine,CO-012714,No,1,$12.99,$8.55,"South Bend, IN",46601,US,7.00%,SalesTax,,,,$0.00,$1.51,,,,,,,,$23.05,Yes,eBay Managed Payments,,Oct-29-25 19:11:09,Oct-29-25 19:11:09,,,,,,,,,FedEx Ground,,1000012714,,,,,,,,,,,,,,,,,
8977,12-12716-73165,ebuyer_003424,,,,,,,,,,,,,,,,,,,,310000012716,Lot of 2 Crossbody Bag,HB-012716,No,1,$10.99,$6.21,"South Bend, IN",46601,US,7.00%,SalesTax,,,,$0.00,$1.20,,,,,,,,$18.40,Yes,eBay Managed Payments,,Oct-29-25 19:30:43,Oct-29-25 19:30:43,,,,,,,,,Ground Advantage,,1000012716,,,,,,,,,,,,,,,,,
8976,25-12715-66450,ebuyer_003433,,,,,,,,,,,,,,,,,,,,310000012715,Pre-owned Silk Blouse,CL-012715,No,1,$42.99,$8.93,"South Bend, IN",46601,US,7.00%,SalesTax,,,,$0.00,$3.64,,,,,,,,$55.56,Yes,eBay Managed Payments,,Oct-29-25 20:01:28,Oct-29-25 20:01:28,,,,,,,,,FedEx Home Delivery,,1000012715,,,,,,,,,,,,,,,,,
8983,18-12722-89756,ebuyer_002691,,,,,,,,,,,,,,,,,,,,310000012722,Antique Rain Jacket,CL-012722,No,1,$33.99,$7.65,"South Bend, IN",46601,US,7.00%,SalesTax,,,,$0.00,$2.92,,,,,,,,$44.56,Yes,eBay Managed Payments,,Oct-29-25 20:31:36,Oct-29-25 20:31:36,,,,,,,,,Ground Advantage,,1000012722,,,,,,,,,,,,,,,,,
8980,15-12719-97003,ebuyer_003310,,,,,,,,,,,,,,,,,,,,310000012719,Lot of 2 Loafers,SH-012719,No,1,$20.99,$0.00,"South Bend, IN",46601,US,7.00%,SalesTax,,,,$0.00,$1.47,,,,,,,,$22.46,Yes,eBay Managed Payments,,Oct-29-25 20:41:43,Oct-29-25 20:41:43,,,,,,,,,Ground Advantage,,1000012719,,,,,,,,,,,,,,,,,
8994,22-12733-55848,ebuyer_003217,,,,,,,,,,,,,,,,,,,,310000012733,Mid-Century Wool Coat,CL-012733,No,1,$21.99,$0.00,"South Bend, IN",46601,US,7.00%,SalesTax,,,,$0.00,$1.54,,,,,,,,$23.53,Yes,eBay Managed Payments,,Oct-29-25 23:27:24,Oct-29-25 23:27:24,,,,,,,,,Priority,,1000012733,,,,,,,,,,,,,,,,,
9011,03-12874-66766,ebuyer_002607,,,,,,,,,,,,,,,,,,,,310000012874,Used Hiking Boots,SH-012874,No,1,$48.99,$9.51,"South Bend, IN",46601,US,7.00%,SalesTax,,,,$0.00,$4.10,,,,,,,,$62.60,Yes,eBay Managed Payments,,Oct-30-25 00:14:51,Oct-30-25 00:14:51,,,,,,,,,Ground Advantage,,1000012874,,,,,,,,,,,,,,,,,
9026,16-12889-26685,ebuyer_003532,,,,,,,,,,,,,,,,,,,,310000012889,Antique Fishing Reel,SG-012889,No,1,$21.99,$9.44,"South Bend, IN",46601,US,7.00%,SalesTax,,,,$0.00,$2.20,,,,,,,,$33.63,Yes,eBay Managed Payments,,Oct-30-25 00:17:32,Oct-30-25 00:17:32,,,,,,,,,FedEx Ground,,1000012889,,,,,,,,,,,,,,,,,
9021,06-12884-04545,ebuyer_002738,,,,,,,,,,,,,,,,,,,,310000012884,Mid-Century Rain Jacket,CL-012884,No,1,$14.99,$8.61,"South Bend, IN",46601,US,7.00%,SalesTax,,,,$0.00,$1.65,,,,,,,,$25.25,Yes,eBay Managed Payments,,Oct-30-25 00:30:01,Oct-30-25 00:30:01,,,,,,,,,Priority Mail,,1000012884,,,,,,,,,,,,,,,,,
9024,14-12887-10359,ebuyer_002500,,,,,,,,,,,,,,,,,,,,310000012887,Vintage Pewter Mug,CO-012887,No,1,$13.99,$7.90,"South Bend, IN",46601,US,7.00%,SalesTax,,,,$0.00,$1.53,,,,,,,,$23.42,Yes,eBay Managed Payments,,Oct-30-25 00:41:29,Oct-30-25 00:41:29,,,,,,,,,Ground Advantage,,1000012887,,,,,,,,,,,,,,,,,
9014,25-12877-42000,ebuyer_002500,,,,,,,,,,,,,,,,,,,,310000012877,Handmade Coin Lot,CO-012877,No,1,$56.99,$0.00,"South Bend, IN",46601,US,7.00%,SalesTax,,,,$0.00,$3.99,,,,,,,,$60.98,Yes,eBay Managed Payments,,Oct-30-25 02:51:19,Oct-30-25 02:51:19,,,,,,,,,Priority,,1000012877,,,,,,,,,,,,,,,,,
9012,08-12875-80739,ebuyer_002543,,,,,,,,,,,,,,,,,,,,310000012875,Handmade Headphones,EL-012875,No,1,$23.99,$0.00,"South Bend, IN",46601,US,7.00%,SalesTax,,,,$0.00,$1.68,,,,,,,,$25.67,Yes,eBay Managed Payments,,Oct-30-25 03:28:24,Oct-30-25 03:28:24,,,,,,,,,Priority Mail,,1000012875,,,,,,,,,,,,,,,,,
9025,17-12888-04550,ebuyer_002584,,,,,,,,,,,,,,,,,,,,310000012888,Like New Rain Jacket,CL-012888,No,1,$32.99,$6.01,"South Bend, IN",46601,US,7.00%,SalesTax,,,,$0.00,$2.73,,,,,,,,$41.73,Yes,eBay Managed Payments,,Oct-30-25 03:49:39,Oct-30-25 03:49:39,,,,,,,,,Ground Advantage,,1000012888,,,,,,,,,,,,,,,,,
9010,19-12873-19686,ebuyer_003041,,,,,,,,,,,,,,,,,,,,310000012873,Handmade Silk Blouse,CL-012873,No,1,$53.99,$0.00,"South Bend, IN",46601,US,7.00%,SalesTax,,,,$0.00,$3.78,,,,,,,,$57.77,Yes,eBay Managed Payments,,Oct-30-25 05:37:37,Oct-30-25 05:37:37,,,,,,,,,FedEx Ground,,1000012873,,,,,,,,,,,,,,,,,
9013,21-12876-53270,ebuyer_002721,,,,,,,,,,,,,,,,,,,,310000012876,Used Silk Blouse,CL-012876,No,1,$37.99,$9.39,"South Bend, IN",46601,US,7.00%,SalesTax,,,,$0.00,$3.32,,,,,,,,$50.70,Yes,eBay Managed Payments,,Oct-30-25 07:31:50,Oct-30-25 07:31:50,,,,,,,,,GroundAdvantage,,1000012876,,,,,,,,,,,,,,,,,
9005,20-12868-01961,ebuyer_002734,,,,,,,,,,,,,,,,,,,,310000012868,Vintage Figurine,CO-012868,No,1,$50.99,$5.96,"South Bend, IN",46601,US,7.00%,SalesTax,,,,$0.00,$3.99,,,,,,,,$60.94,Yes,eBay Managed Payments,,Oct-30-25 08:43:56,Oct-30-25 08:43:56,,,,,,,,,Ground Advantage,,1000012868,,,,,,,,,,,,,,,,,
9017,16-12880-35493,ebuyer_003191,,,,,,,,,,,,,,,,,,,,310000012880,Used Pyrex Bowl,KT-012880,No,1,$23.99,$6.79,"South Bend, IN",46601,US,7.00%,SalesTax,,,,$0.00,$2.16,,,,,,,,$32.94,Yes,eBay Managed Payments,,Oct-30-25 08:43:58,Oct-30-25 08:43:58,,,,,,,,,FedEx Ground,,1000012880,,,,,,,,,,,,,,,,,
9009,13-12872-50055,ebuyer_002538,,,,,,,,,,,,,,,,,,,,310000012872,Mid-Century Silk Blouse,CL-012872,No,1,$27.99,$7.37,"South Bend, IN",46601,US,7.00%,SalesTax,,,,$0.00,$2.48,,,,,,,,$37.84,Yes,eBay Managed Payments,,Oct-30-25 10:06:55,Oct-30-25 10:06:55,,,,,,,,,Ground Advantage,,1000012872,,,,,,,,,,,,,,,,,
9022,01-12885-73814,ebuyer_002606,,,,,,,,,,,,,,,,,,,,310000012885,Like New Camera Lens,EL-012885,No,1,$22.99,$11.76,"South Bend, IN",46601,US,7.00%,SalesTax,,,,$0.00,$2.43,,,,,,,,$37.18,Yes,eBay Managed Payments,,Oct-30-25 10:10:04,Oct-30-25 10:10:04,,,,,,,,,Priority Mail,,1000012885,,,,,,,,,,,,,,,,,
9016,24-12879-07791,ebuyer_003250,,,,,,,,,,,,,,,,,,,,310000012879,Antique Leather Boots,SH-012879,No,1,$25.99,$0.00,"South Bend, IN",46601,US,7.00%,SalesTax,,,,$0.00,$1.82,,,,,,,,$27.81,Yes,eBay Managed Payments,,Oct-30-25 11:11:56,Oct-30-25 11:11:56,,,,,,,,,Ground Advantage,,1000012879,,,,,,,,,,,,,,,,,
9000,10-12863-27919,ebuyer_003602,,,,,,,,,,,,,,,,,,,,310000012863,Lot of 2 Leather Boots,SH-012863,No,1,$43.99,$3.66,"South Bend, IN",46601,US,7.00%,SalesTax,,,,$0.00,$3.34,,,,,,,,$50.99,Yes,eBay Managed Payments,,Oct-30-25 11:44:47,Oct-30-25 11:44:47,,,,,,,,,GroundAdvantage,,1000012863,,,,,,,,,,,,,,,,,
9015,22-12878-07376,ebuyer_002928,,,,,,,,,,,,,,,,,,,,310000012878,Handmade Figurine,CO-012878,No,1,$16.99,$10.99,"South Bend, IN",46601,US,7.00%,SalesTax,,,,$0.00,$1.96,,,,,,,,$29.94,Yes,eBay Managed Payments,,Oct-30-25 13:11:06,Oct-30-25 13:11:06,,,,,,,,,Priority Mail,,1000012878,,,,,,,,,,,,,,,,,
9019,23-12882-50851,ebuyer_003222,,,,,,,,,,,,,,,,,,,,310000012882,Retro Silk Blouse,CL-012882,No,1,$29.99,$10.45,"South Bend, IN",46601,US,7.00%,SalesTax,,,,$0.00,$2.83,,,,,,,,$43.27,Yes,eBay Managed Payments,,Oct-30-25 14:00:40,Oct-30-25 14:00:40,,,,,,,,,GroundAdvantage,,1000012882,,,,,,,,,,,,,,,,,
9006,06-12869-95957,ebuyer_003199,,,,,,,,,,,,,,,,,,,,310000012869,Lot of 2 Silk Blouse,CL-012869,No,1,$25.99,$0.00,"South Bend, IN",46601,US,7.00%,SalesTax,,,,$0.00,$1.82,,,,,,,,$27.81,Yes,eBay Managed Payments,,Oct-30-25 18:15:57,Oct-30-25 18:15:57,,,,,,,,,Ground Advantage,,1000012869,,,,,,,,,,,,,,,,,
9007,01-12870-09211,ebuyer_003086,,,,,,,,,,,,,,,,,,,,310000012870,Retro Figurine,CO-012870,No,1,$45.99,$7.68,"South Bend, IN",46601,US,7.00%,SalesTax,,,,$0.00,$3.76,,,,,,,,$57.43,Yes,eBay Managed Payments,,Oct-30-25 18:23:02,Oct-30-25 18:23:02,,,,,,,,,Ground Advantage,,1000012870,,,,,,,,,,,,,,,,,
9023,27-12886-18129,ebuyer_003418,,,,,,,,,,,,,,,,,,,,310000012886,Retro Flannel Shirt,CL-012886,No,1,$24.99,$8.84,"South Bend, IN",46601,US,7.00%,SalesTax,,,,$0.00,$2.37,,,,,,,,$36.20,Yes,eBay Managed Payments,,Oct-30-25 18:44:02,Oct-30-25 18:44:02,,,,,,,,,Priority Mail,,1000012886,,,,,,,,,,,,,,,,,
8999,20-12862-44095,ebuyer_003166,,,,,,,,,,,,,,,,,,,,310000012862,Classic Glass Pitcher,KT-012862,No,1,$10.99,$6.88,"South Bend, IN",46601,US,7.00%,SalesTax,,,,$0.00,$1.25,,,,,,,,$19.12,Yes,eBay Managed Payments,,Oct-30-25 19:01:55,Oct-30-25 19:01:55,,,,,,,,,Ground Advantage,,1000012862,,,,,,,,,,,,,,,,,
9020,01-12883-11706,ebuyer_003560,,,,,,,,,,,,,,,,,,,,310000012883,Classic Cashmere Sweater,CL-012883,No,1,$23.99,$0.00,"South Bend, IN",46601,US,7.00%,SalesTax,,,,$0.00,$1.68,,,,,,,,$25.67,Yes,eBay Managed Payments,,Oct-30-25 19:24:03,Oct-30-25 19:24:03,,,,,,,,,Ground Advantage,,1000012883,,,,,,,,,,,,,,,,,
9001,02-12864-64469,ebuyer_002801,,,,,,,,,,,,,,,,,,,,310000012864,Handmade Rain Jacket,CL-012864,No,1,$31.99,$8.25,"South Bend, IN",46601,US,7.00%,SalesTax,,,,$0.00,$2.82,,,,,,,,$43.06,Yes,eBay Managed Payments,,Oct-30-25 20:31:03,Oct-30-25 20:31:03,,,,,,,,,Ground Advantage,,1000012864,,,,,,,,,,,,,,,,,
9002,18-12865-06594,ebuyer_003398,,,,,,,,,,,,,,,,,,,,310000012865,Pre-owned Golf Balls,SG-012865,No,1,$15.99,$0.00,"South Bend, IN",46601,US,7.00%,SalesTax,,,,$0.00,$1.12,,,,,,,,$17.11,Yes,eBay Managed Payments,,Oct-30-25 21:15:50,Oct-30-25 21:15:50,,,,,,,,,GroundAdvantage,,1000012865,,,,,,,,,,,,,,,,,
9003,03-12866-77338,ebuyer_002749,,,,,,,,,,,,,,,,,,,,310000012866,Antique Film Camera,EL-012866,No,1,$209.99,$5.99,"South Bend, IN",46601,US,7.00%,SalesTax,,,,$0.00,$15.12,,,,,,,,$231.10,Yes,eBay Managed Payments,,Oct-30-25 21:23:01,Oct-30-25 21:23:01,,,,,,,,,Priority,,1000012866,,,,,,,,,,,,,,,,,
9018,21-12881-65741,ebuyer_003149,,,,,,,,,,,,,,,,,,,,310000012881,Mid-Century Snow Globe,CO-012881,No,1,$36.99,$0.00,"South Bend, IN",46601,US,7.00%,SalesTax,,,,$0.00,$2.59,,,,,,,,$39.58,Yes,eBay Managed Payments,,Oct-30-25 21:28:20,Oct-30-25 21:28:20,,,,,,,,,FedEx Ground,,1000012881,,,,,,,,,,,,,,,,,
9004,05-12867-44659,ebuyer_002502,,,,,,,,,,,,,,,,,,,,310000012867,Mid-Century Rain Jacket,CL-012867,No,1,$25.99,$0.00,"South Bend, IN",46601,US,7.00%,SalesTax,,,,$0.00,$1.82,,,,,,,,$27.81,Yes,eBay Managed Payments,,Oct-30-25 22:59:51,Oct-30-25 22:59:51,,,,,,,,,FedEx Home Delivery,,1000012867,,,,,,,,,,,,,,,,,
8998,26-12861-75611,ebuyer_002971,,,,,,,,,,,,,,,,,,,,310000012861,Vintage Pewter Mug,CO-012861,No,1,$40.99,$6.82,"South Bend, IN",46601,US,7.00%,SalesTax,,,,$0.00,$3.35,,,,,,,,$51.16,Yes,eBay Managed Payments,,Oct-30-25 23:13:39,Oct-30-25 23:13:39,,,,,,,,,Ground Advantage,,1000012861,,,,,,,,,,,,,,,,,
9040,19-13011-56941,ebuyer_002745,,,,,,,,,,,,,,,,,,,,310000013011,Used Pewter Mug,CO-013011,No,1,$57.99,$12.51,"South Bend, IN",46601,US,7.00%,SalesTax,,,,$0.00,$4.94,,,,,,,,$75.44,Yes,eBay Managed Payments,,Oct-31-25 01:21:31,Oct-31-25 01:21:31,,,,,,,,,Priority Mail,,1000013011,,,,,,,,,,,,,,,,,
9034,15-13005-05174,ebuyer_003671,,,,,,,,,,,,,,,,,,,,310000013005,Vintage Sandals,SH-013005,No,1,$9.99,$0.00,"South Bend, IN",46601,US,7.00%,SalesTax,,,,$0.00,$0.70,,,,,,,,$10.69,Yes,eBay Managed Payments,,Oct-31-25 04:07:27,Oct-31-25 04:07:27,,,,,,,,,GroundAdvantage,,1000013005,,,,,,,,,,,,,,,,,
9036,17-13007-23486,ebuyer_002553,,,,,,,,,,,,,,,,,,,,310000013007,Used Silk Blouse,CL-013007,No,1,$8.99,$9.16,"South Bend, IN",46601,US,7.00%,SalesTax,,,,$0.00,$1.27,,,,,,,,$19.42,Yes,eBay Managed Payments,,Oct-31-25 07:33:57,Oct-31-25 07:33:57,,,,,,,,,Priority Mail,,1000013007,,,,,,,,,,,,,,,,,
9039,06-13010-39969,ebuyer_002690,,,,,,,,,,,,,,,,,,,,310000013010,Pre-owned Running Shoes,SH-013010,No,1,$74.99,$8.05,"South Bend, IN",46601,US,7.00%,SalesTax,,,,$0.00,$5.81,,,,,,,,$88.85,Yes,eBay Managed Payments,,Oct-31-25 07:46:12,Oct-31-25 07:46:12,,,,,,,,,Priority Mail,,1000013010,,,,,,,,,,,,,,,,,
9035,14-13006-20285,ebuyer_002705,,,,,,,,,,,,,,,,,,,,310000013006,Pre-owned Coin Lot,CO-013006,No,1,$17.99,$9.81,"South Bend, IN",46601,US,7.00%,SalesTax,,,,$0.00,$1.95,,,,,,,,$29.75,Yes,eBay Managed Payments,,Oct-31-25 08:05:55,Oct-31-25 08:05:55,,,,,,,,,Priority Mail,,1000013006,,,,,,,,,,,,,,,,,
9029,24-13000-84732,ebuyer_003459,,,,,,,,,,,,,,,,,,,,310000013000,Used Leather Satchel,HB-013000,No,1,$46.99,$0.00,"South Bend, IN",46601,US,7.00%,SalesTax,,,,$0.00,$3.29,,,,,,,,$50.28,Yes,eBay Managed Payments,,Oct-31-25 08:15:40,Oct-31-25 08:15:40,,,,,,,,,Priority Mail,,1000013000,,,,,,,,,,,,,,,,,
9028,16-12999-29736,ebuyer_002818,,,,,,,,,,,,,,,,,,,,310000012999,Handmade Turntable,EL-012999,No,1,$27.99,$9.37,"South Bend, IN",46601,US,7.00%,SalesTax,,,,$0.00,$2.62,,,,,,,,$39.98,Yes,eBay Managed Payments,,Oct-31-25 08:56:37,Oct-31-25 08:56:37,,,,,,,,,Ground Advantage,,1000012999,,,,,,,,,,,,,,,,,
9045,09-13016-10222,ebuyer_002924,,,,,,,,,,,,,,,,,,,,310000013016,Retro Running Shoes,SH-013016,No,1,$35.99,$7.11,"South Bend, IN",46601,US,7.00%,SalesTax,,,,$0.00,$3.02,,,,,,,,$46.12,Yes,eBay Managed Payments,,Oct-31-25 11:53:13,Oct-31-25 11:53:13,,,,,,,,,GroundAdvantage,,1000013016,,,,,,,,,,,,,,,,,
9043,09-13014-27943,ebuyer_003412,,,,,,,,,,,,,,,,,,,,310000013014,Pre-owned Pyrex Bowl,KT-013014,No,1,$14.99,$0.00,"South Bend, IN",46601,US,7.00%,SalesTax,,,,$0.00,$1.05,,,,,,,,$16.04,Yes,eBay Managed Payments,,Oct-31-25 12:36:45,Oct-31-25 12:36:45,,,,,,,,,Ground Advantage,,1000013014,,,,,,,,,,,,,,,,,
9033,08-13004-77048,ebuyer_002545,,,,,,,,,,,,,,,,,,,,310000013004,Like New Sandals,SH-013004,No,1,$9.99,$0.00,"South Bend, IN",46601,US,7.00%,SalesTax,,,,$0.00,$0.70,,,,,,,,$10.69,Yes,eBay Managed Payments,,Oct-31-25 12:48:15,Oct-31-25 12:48:15,,,,,,,,,GroundAdvantage,,1000013004,,,,,,,,,,,,,,,,,
9046,23-13017-60543,ebuyer_002506,,,,,,,,,,,,,,,,,,,,310000013017,Like New Crossbody Bag,HB-013017,No,1,$109.99,$10.38,"South Bend, IN",46601,US,7.00%,SalesTax,,,,$0.00,$8.43,,,,,,,,$128.80,Yes,eBay Managed Payments,,Oct-31-25 13:04:43,Oct-31-25 13:04:43,,,,,,,,,Ground Advantage,,1000013017,,,,,,,,,,,,,,,,,
9032,16-13003-50400,ebuyer_002684,,,,,,,,,,,,,,,,,,,,310000013003,Classic Trading Card Lot,CO-013003,No,1,$41.99,$6.65,"South Bend, IN",46601,US,7.00%,SalesTax,,,,$0.00,$3.41,,,,,,,,$52.05,Yes,eBay Managed Payments,,Oct-31-25 14:03:29,Oct-31-25 14:03:29,,,,,,,,,Ground Advantage,,1000013003,,,,,,,,,,,,,,,,,
9042,09-13013-44116,ebuyer_002685,,,,,,,,,,,,,,,,,,,,310000013013,Pre-owned Snow Globe,CO-013013,No,1,$25.99,$0.00,"South Bend, IN",46601,US,7.00%,SalesTax,,,,$0.00,$1.82,,,,,,,,$27.81,Yes,eBay Managed Payments,,Oct-31-25 15:28:02,Oct-31-25 15:28:02,,,,,,,,,Ground Advantage,,1000013013,,,,,,,,,,,,,,,,,
9041,23-13012-15214,ebuyer_002637,,,,,,,,,,,,,,,,,,,,310000013012,Vintage Rain Jacket,CL-013012,No,1,$8.99,$7.54,"South Bend, IN",46601,US,7.00%,SalesTax,,,,$0.00,$1.16,,,,,,,,$17.69,Yes,eBay Managed Payments,,Oct-31-25 15:56:00,Oct-31-25 15:56:00,,,,,,,,,FedEx Ground,,1000013012,,,,,,,,,,,,,,,,,
9031,05-13002-14491,ebuyer_003368,,,,,,,,,,,,,,,,,,,,310000013002,Pre-owned Leather Boots,SH-013002,No,1,$25.99,$3.84,"South Bend, IN",46601,US,7.00%,SalesTax,,,,$0.00,$2.09,,,,,,,,$31.92,Yes,eBay Managed Payments,,Oct-31-25 16:16:06,Oct-31-25 16:16:06,,,,,,,,,Ground Advantage,,1000013002,,,,,,,,,,,,,,,,,
9030,18-13001-80802,ebuyer_003268,,,,,,,,,,,,,,,,,,,,310000013001,Lot of 2 Snow Globe,CO-013001,No,1,$91.99,$0.00,"South Bend, IN",46601,US,7.00%,SalesTax,,,,$0.00,$6.44,,,,,,,,$98.43,Yes,eBay Managed Payments,,Oct-31-25 16:49:27,Oct-31-25 16:49:27,,,,,,,,,Ground Advantage,,1000013001,,,,,,,,,,,,,,,,,
9037,09-13008-60681,ebuyer_002796,,,,,,,,,,,,,,,,,,,,310000013008,Handmade Wool Coat,CL-013008,No,1,$15.99,$16.59,"South Bend, IN",46601,US,7.00%,SalesTax,,,,$0.00,$2.28,,,,,,,,$34.86,Yes,eBay Managed Payments,,Oct-31-25 18:31:47,Oct-31-25 18:31:47,,,,,,,,,Ground Advantage,,1000013008,,,,,,,,,,,,,,,,,
9027,24-12998-25033,ebuyer_002941,,,,,,,,,,,,,,,,,,,,310000012998,Like New Wool Coat,CL-012998,No,1,$51.99,$8.82,"South Bend, IN",46601,US,7.00%,SalesTax,,,,$0.00,$4.26,,,,,,,,$65.07,Yes,eBay Managed Payments,,Oct-31-25 21:38:30,Oct-31-25 21:38:30,,,,,,,,,Ground Advantage,,1000012998,,,,,,,,,,,,,,,,,
9044,18-13015-19348,ebuyer_002651,,,,,,,,,,,,,,,,,,,,310000013015,Pre-owned Cast Iron Skillet,KT-013015,No,1,$24.99,$6.45,"South Bend, IN",46601,US,7.00%,SalesTax,,,,$0.00,$2.20,,,,,,,,$33.64,Yes,eBay Managed Payments,,Oct-31-25 22:04:31,Oct-31-25 22:04:31,,,,,,,,,Priority Mail,,1000013015,,,,,,,,,,,,,,,,,
9038,26-13009-07145,ebuyer_003126,,,,,,,,,,,,,,,,,,,,310000013009,Vintage Turntable,EL-013009,No,1,$92.99,$0.00,"South Bend, IN",46601,US,7.00%,SalesTax,,,,$0.00,$6.51,,,,,,,,$99.50,Yes,eBay Managed Payments,,Oct-31-25 23:30:50,Oct-31-25 23:30:50,,,,,,,,,Ground Advantage,,1000013009,,,,,,,,,,,,,,,,,
753,record(s) downloaded,from Oct-01-25 to Oct-31-25
Seller ID : goodwill_michiana_test
